{"type":"FeatureCollection", "features": [
{"type":"Feature","geometry":{"type":"Polygon","coordinates":[[[9.4229,54.8232],[9.4132,54.8212],[9.4019,54.8065],[9.4055,54.7953],[9.3588,54.7811],[9.379,54.7532],[9.4379,54.7536],[9.4524,54.752],[9.4618,54.7532],[9.4602,54.761],[9.4747,54.7724],[9.5046,54.7726],[9.5067,54.7912],[9.504,54.811],[9.4919,54.8226],[9.4673,54.8236],[9.4527,54.8075],[9.4343,54.8034],[9.4229,54.8232]]]},"properties":{"AGS":"01001000","GEN":"Flensburg","SN_L":"01"}},
{"type":"Feature","geometry":{"type":"Polygon","coordinates":[[[10.1685,54.4328],[10.1574,54.4292],[10.1464,54.4108],[10.1345,54.4134],[10.1326,54.4037],[10.1396,54.3889],[10.1163,54.3705],[10.0701,54.3711],[10.0614,54.36],[10.0393,54.3605],[10.0339,54.3545],[10.0339,54.3493],[10.0685,54.3484],[10.0706,54.3438],[10.1013,54.3474],[10.1053,54.3367],[10.0857,54.3259],[10.0692,54.3257],[10.0557,54.3338],[10.0497,54.3287],[10.0421,54.3121],[10.0523,54.2974],[10.0695,54.2851],[10.0949,54.287],[10.0837,54.2684],[10.1234,54.2555],[10.1457,54.2528],[10.1539,54.2581],[10.1746,54.2528],[10.2012,54.2664],[10.2092,54.2823],[10.1899,54.2979],[10.1902,54.3148],[10.2093,54.3175],[10.218,54.3213],[10.2045,54.3411],[10.1742,54.3457],[10.1578,54.3396],[10.1414,54.3539],[10.1521,54.3633],[10.1541,54.3689],[10.1668,54.3779],[10.1607,54.3847],[10.1906,54.3896],[10.1927,54.4026],[10.1756,54.4233],[10.1685,54.4328]]]},"properties":{"AGS":"01002000","GEN":"Kiel","SN_L":"01"}},
{"type":"Feature","geometry":{"type":"Polygon","coordinates":[[[10.8825,53.9696],[10.8842,53.9794],[10.8683,53.9918],[10.8409,53.9919],[10.8487,53.9865],[10.8497,53.9802],[10.8321,53.9717],[10.8253,53.9528],[10.8287,53.9456],[10.8018,53.9297],[10.781,53.9284],[10.7751,53.9215],[10.7508,53.9219],[10.7297,53.9155],[10.7064,53.9123],[10.6714,53.9006],[10.6561,53.8941],[10.6534,53.8862],[10.6378,53.8796],[10.6298,53.8903],[10.6051,53.8899],[10.5796,53.8976],[10.5729,53.8937],[10.564,53.8859],[10.5942,53.8722],[10.5912,53.8553],[10.6214,53.8481],[10.5999,53.838],[10.5652,53.8345],[10.5581,53.822],[10.5823,53.8046],[10.5962,53.8131],[10.6055,53.7949],[10.591,53.7911],[10.6017,53.777],[10.6319,53.7692],[10.6392,53.7681],[10.6396,53.7704],[10.6482,53.7728],[10.6515,53.782],[10.6683,53.7864],[10.6949,53.7836],[10.7296,53.8003],[10.7402,53.8055],[10.7223,53.8231],[10.7335,53.8275],[10.75,53.8094],[10.763,53.8112],[10.7616,53.8226],[10.748,53.834],[10.7477,53.8515],[10.7595,53.8583],[10.7728,53.8741],[10.7994,53.8762],[10.8056,53.8804],[10.8073,53.8861],[10.8479,53.8974],[10.8476,53.904],[10.8747,53.9145],[10.8863,53.9248],[10.9118,53.9142],[10.9024,53.9033],[10.911,53.898],[10.9316,53.9007],[10.9567,53.9098],[10.9393,53.9193],[10.8945,53.9254],[10.8977,53.9378],[10.9083,53.945],[10.9037,53.9568],[10.9024,53.9567],[10.8888,53.9586],[10.8825,53.9696]]]},"properties":{"AGS":"01003000","GEN":"Lübeck","SN_L":"01"}},
{"type":"Feature","geometry":{"type":"Polygon","coordinates":[[[10.0162,54.1421],[9.992,54.1499],[9.9803,54.1479],[9.979,54.1366],[9.9622,54.1331],[9.9413,54.1104],[9.9288,54.1027],[9.9351,54.0704],[9.9297,54.0635],[9.9284,54.0527],[9.9549,54.053],[9.9444,54.0218],[9.9679,54.0211],[9.975,54.0274],[10.0016,54.0253],[10.0162,54.0363],[10.0365,54.0378],[10.0429,54.0491],[10.0559,54.0571],[10.0294,54.058],[10.0363,54.0697],[10.0161,54.0799],[10.0231,54.0885],[10.0203,54.1037],[10.0192,54.1175],[10.0349,54.1288],[10.0246,54.1313],[10.0162,54.1421]]]},"properties":{"AGS":"01004000","GEN":"Neumünster","SN_L":"01"}},
{"type":"Feature","geometry":{"type":"Polygon","coordinates":[[[9.2063,53.9189],[9.1954,53.93],[9.1823,53.932],[9.1632,53.9479],[9.1442,53.938],[9.1175,53.9331],[9.1105,53.9389],[9.0835,53.9296],[9.0841,53.9209],[9.0629,53.9092],[9.0459,53.9157],[9.0191,53.9056],[9.0189,53.8995],[9.0199,53.8899],[9.0231,53.8979],[9.0417,53.8991],[9.0931,53.8883],[9.1267,53.8876],[9.1984,53.8894],[9.206,53.9168],[9.2063,53.9189]]]},"properties":{"AGS":"01051011","GEN":"Brunsbüttel","SN_L":"01"}},
{"type":"Feature","geometry":{"type":"Polygon","coordinates":[[[9.1662,54.2184],[9.1303,54.2026],[9.1075,54.2172],[9.0946,54.2092],[9.0705,54.2063],[9.0517,54.2099],[9.0557,54.2005],[9.082,54.1953],[9.0845,54.1747],[9.1052,54.1747],[9.1052,54.1611],[9.1302,54.1651],[9.1447,54.1735],[9.1967,54.1933],[9.2123,54.2034],[9.191,54.2133],[9.1685,54.2184],[9.1662,54.2184]]]},"properties":{"AGS":"01051044","GEN":"Heide","SN_L":"01"}},
{"type":"Feature","geometry":{"type":"Polygon","coordinates":[[[9.2287,53.946],[9.2113,53.9551],[9.1886,53.959],[9.1632,53.9479],[9.1823,53.932],[9.1954,53.93],[9.2063,53.9189],[9.2093,53.9337],[9.2287,53.946]]]},"properties":{"AGS":"01051003","GEN":"Averlak","SN_L":"01"}},
{"type":"Feature","geometry":{"type":"Polygon","coordinates":[[[9.2771,54.015],[9.2618,54.0208],[9.2381,54.0183],[9.2203,54.0125],[9.2054,54.0049],[9.2051,53.9976],[9.242,53.9981],[9.2436,54.0068],[9.2771,54.015]]]},"properties":{"AGS":"01051010","GEN":"Brickeln","SN_L":"01"}},
{"type":"Feature","geometry":{"type":"Polygon","coordinates":[[[9.2051,53.9976],[9.1844,53.9923],[9.2025,53.9852],[9.2241,53.9711],[9.2235,53.9529],[9.2434,53.9531],[9.2631,53.9695],[9.242,53.9981],[9.2051,53.9976]]]},"properties":{"AGS":"01051012","GEN":"Buchholz","SN_L":"01"}},
{"type":"Feature","geometry":{"type":"Polygon","coordinates":[[[9.2989,54.0023],[9.2771,54.015],[9.2436,54.0068],[9.242,53.9981],[9.2631,53.9695],[9.2879,53.9799],[9.2902,53.9853],[9.2984,53.9936],[9.2989,54.0023]]]},"properties":{"AGS":"01051016","GEN":"Burg (Dithmarschen)","SN_L":"01"}},
{"type":"Feature","geometry":{"type":"Polygon","coordinates":[[[9.1595,53.9665],[9.1719,53.9807],[9.167,53.9804],[9.1471,53.9775],[9.1324,53.9665],[9.1099,53.9636],[9.085,53.9495],[9.1039,53.9449],[9.1595,53.9665]]]},"properties":{"AGS":"01051022","GEN":"Dingen","SN_L":"01"}},
{"type":"Feature","geometry":{"type":"Polygon","coordinates":[[[9.1886,53.959],[9.1595,53.9665],[9.1039,53.9449],[9.1105,53.9389],[9.1175,53.9331],[9.1442,53.938],[9.1632,53.9479],[9.1886,53.959]]]},"properties":{"AGS":"01051024","GEN":"Eddelak","SN_L":"01"}},
{"type":"Feature","geometry":{"type":"Polygon","coordinates":[[[9.2895,54.0429],[9.2827,54.0687],[9.2731,54.0759],[9.2552,54.0785],[9.2453,54.0748],[9.2351,54.0618],[9.2408,54.0432],[9.2659,54.0345],[9.2852,54.0385],[9.2895,54.0429]]]},"properties":{"AGS":"01051026","GEN":"Eggstedt","SN_L":"01"}},
{"type":"Feature","geometry":{"type":"Polygon","coordinates":[[[9.2013,54.0324],[9.1611,54.0553],[9.1549,54.0557],[9.1687,54.0434],[9.1575,54.0226],[9.1543,54.0182],[9.1661,54.0104],[9.1765,54.0064],[9.2041,54.018],[9.2013,54.0324]]]},"properties":{"AGS":"01051032","GEN":"Frestedt","SN_L":"01"}},
{"type":"Feature","geometry":{"type":"Polygon","coordinates":[[[9.2771,54.015],[9.2659,54.0345],[9.2408,54.0432],[9.2013,54.0324],[9.2041,54.018],[9.2203,54.0125],[9.2381,54.0183],[9.2618,54.0208],[9.2771,54.015]]]},"properties":{"AGS":"01051037","GEN":"Großenrade","SN_L":"01"}},
{"type":"Feature","geometry":{"type":"Polygon","coordinates":[[[9.2852,54.0385],[9.2659,54.0345],[9.2771,54.015],[9.2989,54.0023],[9.3051,54.0195],[9.3012,54.0311],[9.2852,54.0385]]]},"properties":{"AGS":"01051051","GEN":"Hochdonn","SN_L":"01"}},
{"type":"Feature","geometry":{"type":"Polygon","coordinates":[[[9.2434,53.9531],[9.2235,53.9529],[9.2241,53.9711],[9.2025,53.9852],[9.1844,53.9923],[9.1719,53.9807],[9.1595,53.9665],[9.1886,53.959],[9.2113,53.9551],[9.2287,53.946],[9.2278,53.9417],[9.2434,53.9531]]]},"properties":{"AGS":"01051064","GEN":"Kuden","SN_L":"01"}},
{"type":"Feature","geometry":{"type":"Polygon","coordinates":[[[9.2051,53.9976],[9.2054,54.0049],[9.2203,54.0125],[9.2041,54.018],[9.1765,54.0064],[9.1661,54.0104],[9.1594,54.0049],[9.167,53.9804],[9.1719,53.9807],[9.1844,53.9923],[9.2051,53.9976]]]},"properties":{"AGS":"01051089","GEN":"Quickborn","SN_L":"01"}},
{"type":"Feature","geometry":{"type":"Polygon","coordinates":[[[9.1661,54.0104],[9.1543,54.0182],[9.1196,54.0117],[9.0916,54.0121],[9.0846,53.9969],[9.0927,53.9747],[9.1099,53.9636],[9.1324,53.9665],[9.1471,53.9775],[9.167,53.9804],[9.1594,54.0049],[9.1661,54.0104]]]},"properties":{"AGS":"01051097","GEN":"Sankt Michaelisdonn","SN_L":"01"}},
{"type":"Feature","geometry":{"type":"Polygon","coordinates":[[[9.2408,54.0432],[9.2351,54.0618],[9.2453,54.0748],[9.2152,54.0773],[9.2073,54.068],[9.1888,54.067],[9.1611,54.0553],[9.2013,54.0324],[9.2408,54.0432]]]},"properties":{"AGS":"01051110","GEN":"Süderhastedt","SN_L":"01"}},
{"type":"Feature","geometry":{"type":"Polygon","coordinates":[[[9.0629,53.9471],[9.0454,53.9567],[9.0348,53.9512],[9.002,53.9436],[9.0111,53.924],[9.0639,53.9455],[9.0629,53.9471]]]},"properties":{"AGS":"01051021","GEN":"Diekhusen-Fahrstedt","SN_L":"01"}},
{"type":"Feature","geometry":{"type":"Polygon","coordinates":[[[8.9479,54.0323],[8.9262,54.0288],[8.8818,54.043],[8.8464,54.0386],[8.8364,54.0283],[8.8469,54.0216],[8.8745,53.9895],[8.9007,53.9855],[8.8832,53.9713],[8.9015,53.9569],[8.8998,53.9519],[8.9225,53.9526],[8.9389,53.9579],[8.9385,53.9734],[8.9554,53.9989],[8.9764,53.999],[8.9738,54.0106],[8.9479,54.0323]]]},"properties":{"AGS":"01051034","GEN":"Friedrichskoog","SN_L":"01"}},
{"type":"Feature","geometry":{"type":"Polygon","coordinates":[[[9.0373,53.9866],[8.9944,53.9912],[8.9867,53.981],[8.9882,53.9579],[8.9965,53.956],[8.9996,53.9641],[9.0399,53.9602],[9.0478,53.9641],[9.0505,53.9805],[9.0373,53.9866]]]},"properties":{"AGS":"01051046","GEN":"Helse","SN_L":"01"}},
{"type":"Feature","geometry":{"type":"Polygon","coordinates":[[[8.9734,53.9208],[8.9389,53.9579],[8.9225,53.9526],[8.8998,53.9519],[8.9176,53.9258],[8.943,53.9127],[8.9734,53.9208]]]},"properties":{"AGS":"01051057","GEN":"Kaiser-Wilhelm-Koog","SN_L":"01"}},
{"type":"Feature","geometry":{"type":"Polygon","coordinates":[[[9.0053,54.0249],[8.9746,54.0279],[8.9606,54.0344],[8.9479,54.0323],[8.9738,54.0106],[8.9764,53.999],[8.9554,53.9989],[8.9385,53.9734],[8.9389,53.9579],[8.9734,53.9208],[8.991,53.9184],[8.9765,53.937],[8.985,53.9423],[8.9882,53.9579],[8.9867,53.981],[8.9944,53.9912],[8.9949,54.0031],[9.0053,54.0249]]]},"properties":{"AGS":"01051062","GEN":"Kronprinzenkoog","SN_L":"01"}},
{"type":"Feature","geometry":{"type":"Polygon","coordinates":[[[9.0399,53.9602],[8.9996,53.9641],[8.9965,53.956],[9.0011,53.9455],[9.002,53.9436],[9.0348,53.9512],[9.0454,53.9567],[9.0399,53.9602]]]},"properties":{"AGS":"01051072","GEN":"Marne","SN_L":"01"}},
{"type":"Feature","geometry":{"type":"Polygon","coordinates":[[[8.9965,53.956],[8.9882,53.9579],[8.985,53.9423],[9.0011,53.9455],[8.9965,53.956]]]},"properties":{"AGS":"01051073","GEN":"Marnerdeich","SN_L":"01"}},
{"type":"Feature","geometry":{"type":"Polygon","coordinates":[[[9.002,53.9436],[9.0011,53.9455],[8.985,53.9423],[8.9765,53.937],[8.991,53.9184],[9.0191,53.9056],[9.0459,53.9157],[9.0629,53.9092],[9.0841,53.9209],[9.0835,53.9296],[9.0719,53.9318],[9.0188,53.9124],[9.0111,53.924],[9.002,53.9436]]]},"properties":{"AGS":"01051076","GEN":"Neufeld","SN_L":"01"}},
{"type":"Feature","geometry":{"type":"Polygon","coordinates":[[[8.991,53.9184],[8.9734,53.9208],[8.943,53.9127],[8.9525,53.9031],[8.9775,53.8912],[8.9888,53.8909],[9.0189,53.8995],[9.0191,53.9056],[8.991,53.9184]]]},"properties":{"AGS":"01051077","GEN":"Neufelderkoog","SN_L":"01"}},
{"type":"Feature","geometry":{"type":"Polygon","coordinates":[[[9.085,53.9495],[9.0629,53.9471],[9.0639,53.9455],[9.0719,53.9318],[9.0835,53.9296],[9.1105,53.9389],[9.1039,53.9449],[9.085,53.9495]]]},"properties":{"AGS":"01051090","GEN":"Ramhusen","SN_L":"01"}},
{"type":"Feature","geometry":{"type":"Polygon","coordinates":[[[9.0719,53.9318],[9.0639,53.9455],[9.0111,53.924],[9.0188,53.9124],[9.0719,53.9318]]]},"properties":{"AGS":"01051103","GEN":"Schmedeswurth","SN_L":"01"}},
{"type":"Feature","geometry":{"type":"Polygon","coordinates":[[[9.0435,53.9978],[9.0461,54.0064],[9.0131,54.0112],[9.0053,54.0249],[8.9949,54.0031],[8.9944,53.9912],[9.0373,53.9866],[9.0435,53.9978]]]},"properties":{"AGS":"01051118","GEN":"Trennewurth","SN_L":"01"}},
{"type":"Feature","geometry":{"type":"Polygon","coordinates":[[[9.0846,53.9969],[9.0435,53.9978],[9.0373,53.9866],[9.0505,53.9805],[9.0478,53.9641],[9.0399,53.9602],[9.0454,53.9567],[9.0629,53.9471],[9.085,53.9495],[9.1099,53.9636],[9.0927,53.9747],[9.0846,53.9969]]]},"properties":{"AGS":"01051119","GEN":"Volsemenhusen","SN_L":"01"}},
{"type":"Feature","geometry":{"type":"Polygon","coordinates":[[[9.1923,54.2351],[9.18,54.2443],[9.1666,54.2436],[9.1636,54.241],[9.1722,54.2278],[9.1685,54.2184],[9.191,54.2133],[9.1985,54.2162],[9.1923,54.2351]]]},"properties":{"AGS":"01051005","GEN":"Barkenholm","SN_L":"01"}},
{"type":"Feature","geometry":{"type":"Polygon","coordinates":[[[9.2058,54.3102],[9.2263,54.3115],[9.2226,54.3226],[9.2123,54.3266],[9.1933,54.3158],[9.2058,54.3102]]]},"properties":{"AGS":"01051008","GEN":"Bergewöhrden","SN_L":"01"}},
{"type":"Feature","geometry":{"type":"Polygon","coordinates":[[[9.4043,54.2659],[9.3909,54.2677],[9.3922,54.2521],[9.3744,54.2522],[9.3631,54.2599],[9.3455,54.2527],[9.3366,54.2458],[9.3387,54.238],[9.3611,54.2211],[9.4013,54.2237],[9.4168,54.2326],[9.4332,54.237],[9.4425,54.2466],[9.4331,54.2566],[9.4215,54.2645],[9.4043,54.2659]]]},"properties":{"AGS":"01051019","GEN":"Dellstedt","SN_L":"01"}},
{"type":"Feature","geometry":{"type":"Polygon","coordinates":[[[9.2728,54.3273],[9.2496,54.3404],[9.2292,54.3399],[9.2273,54.3272],[9.2438,54.3187],[9.2337,54.2978],[9.2424,54.2781],[9.2504,54.2779],[9.2583,54.2841],[9.284,54.2888],[9.2607,54.3042],[9.2728,54.3273]]]},"properties":{"AGS":"01051020","GEN":"Delve","SN_L":"01"}},
{"type":"Feature","geometry":{"type":"Polygon","coordinates":[[[9.3455,54.2527],[9.3401,54.277],[9.3303,54.2684],[9.2869,54.259],[9.2886,54.2491],[9.3094,54.2454],[9.3366,54.2458],[9.3455,54.2527]]]},"properties":{"AGS":"01051023","GEN":"Dörpling","SN_L":"01"}},
{"type":"Feature","geometry":{"type":"Polygon","coordinates":[[[9.1471,54.2873],[9.119,54.2904],[9.1109,54.2973],[9.0817,54.2922],[9.0796,54.2799],[9.094,54.2721],[9.1077,54.278],[9.1449,54.2693],[9.1471,54.2628],[9.1603,54.2662],[9.1513,54.2734],[9.1471,54.2873]]]},"properties":{"AGS":"01051030","GEN":"Fedderingen","SN_L":"01"}},
{"type":"Feature","geometry":{"type":"Polygon","coordinates":[[[9.1985,54.2162],[9.191,54.2133],[9.2123,54.2034],[9.1967,54.1933],[9.2199,54.181],[9.2375,54.1786],[9.2437,54.1871],[9.2277,54.2046],[9.2041,54.2159],[9.1985,54.2162]]]},"properties":{"AGS":"01051035","GEN":"Gaushorn","SN_L":"01"}},
{"type":"Feature","geometry":{"type":"Polygon","coordinates":[[[9.2504,54.2779],[9.2424,54.2781],[9.2054,54.2782],[9.201,54.2696],[9.233,54.2558],[9.2504,54.2779]]]},"properties":{"AGS":"01051036","GEN":"Glüsing","SN_L":"01"}},
{"type":"Feature","geometry":{"type":"Polygon","coordinates":[[[9.0173,54.3334],[8.9945,54.3385],[8.9794,54.3243],[8.9829,54.297],[9.009,54.3005],[9.0218,54.3085],[9.0175,54.3205],[9.0173,54.3334]]]},"properties":{"AGS":"01051038","GEN":"Groven","SN_L":"01"}},
{"type":"Feature","geometry":{"type":"Polygon","coordinates":[[[9.009,54.3005],[8.9829,54.297],[8.9675,54.2721],[8.9462,54.2692],[8.9557,54.2624],[8.997,54.2685],[9.0047,54.261],[9.0209,54.2501],[9.0328,54.2485],[9.0451,54.2728],[9.0222,54.2841],[9.009,54.3005]]]},"properties":{"AGS":"01051047","GEN":"Hemme","SN_L":"01"}},
{"type":"Feature","geometry":{"type":"Polygon","coordinates":[[[9.1933,54.3158],[9.1968,54.3279],[9.176,54.3349],[9.1548,54.3185],[9.1471,54.2873],[9.1513,54.2734],[9.1603,54.2662],[9.1952,54.2666],[9.201,54.2696],[9.2054,54.2782],[9.1993,54.2964],[9.2058,54.3102],[9.1933,54.3158]]]},"properties":{"AGS":"01051049","GEN":"Hennstedt","SN_L":"01"}},
{"type":"Feature","geometry":{"type":"Polygon","coordinates":[[[9.2886,54.2491],[9.2797,54.2498],[9.2775,54.2317],[9.2975,54.2358],[9.3094,54.2454],[9.2886,54.2491]]]},"properties":{"AGS":"01051052","GEN":"Hövede","SN_L":"01"}},
{"type":"Feature","geometry":{"type":"Polygon","coordinates":[[[9.2424,54.2781],[9.2337,54.2978],[9.2438,54.3187],[9.2273,54.3272],[9.2226,54.3226],[9.2263,54.3115],[9.2058,54.3102],[9.1993,54.2964],[9.2054,54.2782],[9.2424,54.2781]]]},"properties":{"AGS":"01051053","GEN":"Hollingstedt","SN_L":"01"}},
{"type":"Feature","geometry":{"type":"Polygon","coordinates":[[[8.9462,54.2692],[8.9675,54.2721],[8.9829,54.297],[8.9794,54.3243],[8.9588,54.3155],[8.9403,54.3086],[8.9242,54.2937],[8.9066,54.288],[8.9289,54.2758],[8.9303,54.2661],[8.9356,54.265],[8.9462,54.2692]]]},"properties":{"AGS":"01051058","GEN":"Karolinenkoog","SN_L":"01"}},
{"type":"Feature","geometry":{"type":"Polygon","coordinates":[[[9.1548,54.3185],[9.1429,54.3282],[9.1522,54.3369],[9.1333,54.3398],[9.1246,54.352],[9.1094,54.3378],[9.1185,54.3261],[9.1179,54.2976],[9.1109,54.2973],[9.119,54.2904],[9.1471,54.2873],[9.1548,54.3185]]]},"properties":{"AGS":"01051060","GEN":"Kleve","SN_L":"01"}},
{"type":"Feature","geometry":{"type":"Polygon","coordinates":[[[9.0643,54.3249],[9.0444,54.3256],[9.0175,54.3205],[9.0218,54.3085],[9.0684,54.3114],[9.0658,54.319],[9.0643,54.3249]]]},"properties":{"AGS":"01051061","GEN":"Krempel","SN_L":"01"}},
{"type":"Feature","geometry":{"type":"Polygon","coordinates":[[[9.0638,54.3376],[9.0444,54.3589],[9.0522,54.3665],[9.0389,54.3678],[9.0237,54.3777],[9.0008,54.3758],[8.9832,54.3619],[8.9842,54.3464],[8.9945,54.3385],[9.0173,54.3334],[9.0638,54.3376]]]},"properties":{"AGS":"01051065","GEN":"Lehe","SN_L":"01"}},
{"type":"Feature","geometry":{"type":"Polygon","coordinates":[[[9.233,54.2558],[9.201,54.2696],[9.1952,54.2666],[9.1603,54.2662],[9.1698,54.2542],[9.1627,54.25],[9.1666,54.2436],[9.18,54.2443],[9.1923,54.2351],[9.2091,54.2415],[9.2185,54.2408],[9.233,54.2558]]]},"properties":{"AGS":"01051068","GEN":"Linden","SN_L":"01"}},
{"type":"Feature","geometry":{"type":"Polygon","coordinates":[[[9.0643,54.3249],[9.0638,54.3376],[9.0173,54.3334],[9.0175,54.3205],[9.0444,54.3256],[9.0643,54.3249]]]},"properties":{"AGS":"01051071","GEN":"Lunden","SN_L":"01"}},
{"type":"Feature","geometry":{"type":"Polygon","coordinates":[[[9.1273,54.2596],[9.1084,54.2561],[9.1182,54.2444],[9.1226,54.2437],[9.1636,54.241],[9.1666,54.2436],[9.1627,54.25],[9.1442,54.2502],[9.1273,54.2596]]]},"properties":{"AGS":"01051080","GEN":"Norderheistedt","SN_L":"01"}},
{"type":"Feature","geometry":{"type":"Polygon","coordinates":[[[9.2958,54.2751],[9.2816,54.2856],[9.2783,54.2785],[9.2564,54.2746],[9.2519,54.2595],[9.269,54.2498],[9.2797,54.2498],[9.2886,54.2491],[9.2869,54.259],[9.3303,54.2684],[9.3401,54.277],[9.3415,54.281],[9.3273,54.2825],[9.3076,54.2722],[9.2958,54.2751]]]},"properties":{"AGS":"01051088","GEN":"Pahlen","SN_L":"01"}},
{"type":"Feature","geometry":{"type":"Polygon","coordinates":[[[9.0684,54.3114],[9.0218,54.3085],[9.009,54.3005],[9.0222,54.2841],[9.0451,54.2728],[9.0796,54.2799],[9.0817,54.2922],[9.0684,54.3114]]]},"properties":{"AGS":"01051092","GEN":"Rehm-Flehde-Bargen","SN_L":"01"}},
{"type":"Feature","geometry":{"type":"Polygon","coordinates":[[[9.1246,54.352],[9.1094,54.3561],[9.1,54.3661],[9.0839,54.3643],[9.0522,54.3665],[9.0444,54.3589],[9.0638,54.3376],[9.0643,54.3249],[9.0658,54.319],[9.1094,54.3378],[9.1246,54.352]]]},"properties":{"AGS":"01051096","GEN":"Sankt Annen","SN_L":"01"}},
{"type":"Feature","geometry":{"type":"Polygon","coordinates":[[[9.2797,54.2498],[9.269,54.2498],[9.2519,54.2595],[9.2564,54.2746],[9.2504,54.2779],[9.233,54.2558],[9.2185,54.2408],[9.2091,54.2415],[9.23,54.2255],[9.2586,54.2288],[9.2775,54.2317],[9.2797,54.2498]]]},"properties":{"AGS":"01051100","GEN":"Schalkholz","SN_L":"01"}},
{"type":"Feature","geometry":{"type":"Polygon","coordinates":[[[9.1109,54.2973],[9.1179,54.2976],[9.1185,54.3261],[9.1094,54.3378],[9.0658,54.319],[9.0684,54.3114],[9.0817,54.2922],[9.1109,54.2973]]]},"properties":{"AGS":"01051102","GEN":"Schlichting","SN_L":"01"}},
{"type":"Feature","geometry":{"type":"MultiPolygon","coordinates":[[[[9.23,54.2255],[9.2091,54.2415],[9.1923,54.2351],[9.1985,54.2162],[9.2041,54.2159],[9.2241,54.219],[9.23,54.2255]]],[[[9.3366,54.2458],[9.3094,54.2454],[9.2975,54.2358],[9.2775,54.2317],[9.2586,54.2288],[9.2682,54.2217],[9.2496,54.2084],[9.2613,54.2061],[9.2864,54.1888],[9.2926,54.19],[9.3118,54.2069],[9.3142,54.2221],[9.3238,54.2344],[9.3387,54.238],[9.3366,54.2458]]]]},"properties":{"AGS":"01051114","GEN":"Tellingstedt","SN_L":"01"}},
{"type":"Feature","geometry":{"type":"Polygon","coordinates":[[[9.3935,54.289],[9.3779,54.2882],[9.3626,54.2801],[9.3415,54.281],[9.3401,54.277],[9.3455,54.2527],[9.3631,54.2599],[9.3744,54.2522],[9.3922,54.2521],[9.3909,54.2677],[9.4043,54.2659],[9.404,54.2811],[9.3967,54.2863],[9.3935,54.289]]]},"properties":{"AGS":"01051117","GEN":"Tielenhemme","SN_L":"01"}},
{"type":"Feature","geometry":{"type":"Polygon","coordinates":[[[9.2816,54.2856],[9.284,54.2888],[9.2583,54.2841],[9.2504,54.2779],[9.2564,54.2746],[9.2783,54.2785],[9.2816,54.2856]]]},"properties":{"AGS":"01051120","GEN":"Wallen","SN_L":"01"}},
{"type":"Feature","geometry":{"type":"Polygon","coordinates":[[[9.2496,54.2084],[9.2258,54.2123],[9.2241,54.219],[9.2041,54.2159],[9.2277,54.2046],[9.2437,54.1871],[9.2557,54.1897],[9.2861,54.188],[9.2864,54.1888],[9.2613,54.2061],[9.2496,54.2084]]]},"properties":{"AGS":"01051125","GEN":"Welmbüttel","SN_L":"01"}},
{"type":"Feature","geometry":{"type":"Polygon","coordinates":[[[9.2586,54.2288],[9.23,54.2255],[9.2241,54.219],[9.2258,54.2123],[9.2496,54.2084],[9.2682,54.2217],[9.2586,54.2288]]]},"properties":{"AGS":"01051131","GEN":"Westerborstel","SN_L":"01"}},
{"type":"Feature","geometry":{"type":"Polygon","coordinates":[[[9.1471,54.2628],[9.1449,54.2693],[9.1077,54.278],[9.094,54.2721],[9.0952,54.2704],[9.1084,54.2561],[9.1273,54.2596],[9.1471,54.2628]]]},"properties":{"AGS":"01051133","GEN":"Wiemerstedt","SN_L":"01"}},
{"type":"Feature","geometry":{"type":"Polygon","coordinates":[[[9.4348,54.2263],[9.4168,54.2326],[9.4013,54.2237],[9.3611,54.2211],[9.3719,54.2029],[9.4061,54.2014],[9.4304,54.2068],[9.433,54.2128],[9.442,54.2242],[9.4348,54.2263]]]},"properties":{"AGS":"01051136","GEN":"Wrohm","SN_L":"01"}},
{"type":"Feature","geometry":{"type":"MultiPolygon","coordinates":[[[[9.4348,54.2263],[9.4332,54.237],[9.4168,54.2326],[9.4348,54.2263]]],[[[9.3611,54.2211],[9.3387,54.238],[9.3238,54.2344],[9.3142,54.2221],[9.3118,54.2069],[9.2926,54.19],[9.3121,54.1887],[9.331,54.1887],[9.3719,54.2029],[9.3611,54.2211]]]]},"properties":{"AGS":"01051139","GEN":"Süderdorf","SN_L":"01"}},
{"type":"Feature","geometry":{"type":"MultiPolygon","coordinates":[[[[9.1603,54.2662],[9.1471,54.2628],[9.1273,54.2596],[9.1442,54.2502],[9.1627,54.25],[9.1698,54.2542],[9.1603,54.2662]]],[[[9.1636,54.241],[9.1226,54.2437],[9.1276,54.2323],[9.1554,54.2187],[9.1662,54.2184],[9.1685,54.2184],[9.1722,54.2278],[9.1636,54.241]]]]},"properties":{"AGS":"01051141","GEN":"Süderheistedt","SN_L":"01"}},
{"type":"Feature","geometry":{"type":"Polygon","coordinates":[[[9.1302,54.1651],[9.1052,54.1611],[9.1052,54.1747],[9.0845,54.1747],[9.0818,54.1684],[9.0746,54.1536],[9.0429,54.1455],[9.0545,54.1409],[9.0571,54.1347],[9.0894,54.1314],[9.1275,54.1382],[9.1302,54.1651]]]},"properties":{"AGS":"01051048","GEN":"Hemmingstedt","SN_L":"01"}},
{"type":"Feature","geometry":{"type":"Polygon","coordinates":[[[9.0429,54.1455],[9.0746,54.1536],[9.0818,54.1684],[9.0591,54.1684],[9.0419,54.1567],[9.0429,54.1455]]]},"properties":{"AGS":"01051067","GEN":"Lieth","SN_L":"01"}},
{"type":"Feature","geometry":{"type":"Polygon","coordinates":[[[9.0845,54.1747],[9.082,54.1953],[9.0557,54.2005],[9.0552,54.1816],[9.0591,54.1684],[9.0818,54.1684],[9.0845,54.1747]]]},"properties":{"AGS":"01051069","GEN":"Lohe-Rickelshof","SN_L":"01"}},
{"type":"Feature","geometry":{"type":"Polygon","coordinates":[[[9.0047,54.261],[8.9591,54.2542],[8.9519,54.2344],[8.9698,54.224],[8.997,54.2238],[9.0124,54.2073],[9.0223,54.2052],[9.0521,54.2117],[9.0484,54.2253],[9.0493,54.2364],[9.0328,54.2485],[9.0209,54.2501],[9.0047,54.261]]]},"properties":{"AGS":"01051075","GEN":"Neuenkirchen","SN_L":"01"}},
{"type":"Feature","geometry":{"type":"Polygon","coordinates":[[[9.0517,54.2099],[9.0521,54.2117],[9.0223,54.2052],[9.0124,54.2073],[8.9962,54.2034],[8.9594,54.1872],[8.9507,54.1801],[8.9594,54.1697],[9.0186,54.1827],[9.0345,54.1758],[9.0552,54.1816],[9.0557,54.2005],[9.0517,54.2099]]]},"properties":{"AGS":"01051081","GEN":"Norderwöhrden","SN_L":"01"}},
{"type":"Feature","geometry":{"type":"Polygon","coordinates":[[[9.1967,54.1933],[9.1447,54.1735],[9.1302,54.1651],[9.1275,54.1382],[9.1427,54.1317],[9.1433,54.1253],[9.1572,54.1363],[9.1566,54.1457],[9.1795,54.158],[9.188,54.1537],[9.2098,54.1572],[9.2288,54.1521],[9.2422,54.1771],[9.2375,54.1786],[9.2199,54.181],[9.1967,54.1933]]]},"properties":{"AGS":"01051082","GEN":"Nordhastedt","SN_L":"01"}},
{"type":"Feature","geometry":{"type":"Polygon","coordinates":[[[9.1226,54.2437],[9.1182,54.2444],[9.1261,54.2318],[9.1075,54.2172],[9.1303,54.2026],[9.1662,54.2184],[9.1554,54.2187],[9.1276,54.2323],[9.1226,54.2437]]]},"properties":{"AGS":"01051087","GEN":"Ostrohe","SN_L":"01"}},
{"type":"Feature","geometry":{"type":"Polygon","coordinates":[[[9.094,54.2721],[9.0796,54.2799],[9.0451,54.2728],[9.0328,54.2485],[9.0493,54.2364],[9.073,54.2441],[9.0835,54.2618],[9.0952,54.2704],[9.094,54.2721]]]},"properties":{"AGS":"01051107","GEN":"Stelle-Wittenwurth","SN_L":"01"}},
{"type":"Feature","geometry":{"type":"Polygon","coordinates":[[[9.0552,54.1816],[9.0345,54.1758],[9.0186,54.1827],[8.9594,54.1697],[8.946,54.1651],[8.9644,54.1592],[8.9786,54.14],[8.9805,54.1498],[9.0041,54.1491],[9.012,54.1355],[9.0545,54.1409],[9.0429,54.1455],[9.0419,54.1567],[9.0591,54.1684],[9.0552,54.1816]]]},"properties":{"AGS":"01051113","GEN":"Wöhrden","SN_L":"01"}},
{"type":"Feature","geometry":{"type":"Polygon","coordinates":[[[9.0952,54.2704],[9.0835,54.2618],[9.073,54.2441],[9.0493,54.2364],[9.0484,54.2253],[9.0615,54.2273],[9.0946,54.2092],[9.1075,54.2172],[9.1261,54.2318],[9.1182,54.2444],[9.1084,54.2561],[9.0952,54.2704]]]},"properties":{"AGS":"01051122","GEN":"Weddingstedt","SN_L":"01"}},
{"type":"Feature","geometry":{"type":"Polygon","coordinates":[[[9.0946,54.2092],[9.0615,54.2273],[9.0484,54.2253],[9.0521,54.2117],[9.0517,54.2099],[9.0705,54.2063],[9.0946,54.2092]]]},"properties":{"AGS":"01051130","GEN":"Wesseln","SN_L":"01"}},
{"type":"Feature","geometry":{"type":"Polygon","coordinates":[[[9.3081,54.1457],[9.2838,54.1579],[9.2613,54.1565],[9.2427,54.1447],[9.2538,54.1366],[9.2621,54.1164],[9.2753,54.1106],[9.3128,54.1138],[9.3138,54.1187],[9.312,54.128],[9.3033,54.1361],[9.3081,54.1457]]]},"properties":{"AGS":"01051001","GEN":"Albersdorf","SN_L":"01"}},
{"type":"Feature","geometry":{"type":"Polygon","coordinates":[[[9.2838,54.1579],[9.2726,54.1719],[9.2422,54.1771],[9.2288,54.1521],[9.2291,54.1509],[9.2427,54.1447],[9.2613,54.1565],[9.2838,54.1579]]]},"properties":{"AGS":"01051002","GEN":"Arkebek","SN_L":"01"}},
{"type":"Feature","geometry":{"type":"Polygon","coordinates":[[[9.1937,54.1028],[9.1796,54.1071],[9.1366,54.1113],[9.1142,54.1085],[9.1125,54.1027],[9.1641,54.0814],[9.1864,54.0849],[9.2056,54.0943],[9.1937,54.1028]]]},"properties":{"AGS":"01051004","GEN":"Bargenstedt","SN_L":"01"}},
{"type":"Feature","geometry":{"type":"Polygon","coordinates":[[[8.9778,54.0416],[8.9606,54.0344],[8.9746,54.0279],[9.0053,54.0249],[9.0131,54.0112],[9.0461,54.0064],[9.0435,53.9978],[9.0846,53.9969],[9.0916,54.0121],[9.1196,54.0117],[9.1113,54.0182],[9.0777,54.0269],[9.0338,54.0356],[8.9778,54.0416]]]},"properties":{"AGS":"01051006","GEN":"Barlt","SN_L":"01"}},
{"type":"Feature","geometry":{"type":"Polygon","coordinates":[[[9.2913,54.1738],[9.2726,54.1719],[9.2838,54.1579],[9.3081,54.1457],[9.3301,54.1513],[9.3578,54.1476],[9.3593,54.1482],[9.3908,54.1584],[9.3815,54.1609],[9.355,54.1552],[9.3392,54.1721],[9.3134,54.1726],[9.2913,54.1738]]]},"properties":{"AGS":"01051015","GEN":"Bunsoh","SN_L":"01"}},
{"type":"Feature","geometry":{"type":"Polygon","coordinates":[[[9.0836,54.039],[9.0536,54.0501],[8.9829,54.0501],[8.9778,54.0416],[9.0338,54.0356],[9.0777,54.0269],[9.0836,54.039]]]},"properties":{"AGS":"01051017","GEN":"Busenwurth","SN_L":"01"}},
{"type":"Feature","geometry":{"type":"Polygon","coordinates":[[[9.0884,54.0729],[9.0671,54.0717],[9.0412,54.0766],[9.0197,54.091],[8.9629,54.0931],[8.9535,54.0878],[8.9766,54.0712],[8.9621,54.0657],[8.9856,54.0583],[8.9829,54.0501],[9.0536,54.0501],[9.0836,54.039],[9.0874,54.0404],[9.0942,54.0661],[9.0884,54.0729]]]},"properties":{"AGS":"01051027","GEN":"Elpersbüttel","SN_L":"01"}},
{"type":"Feature","geometry":{"type":"Polygon","coordinates":[[[9.1275,54.1382],[9.0894,54.1314],[9.0571,54.1347],[9.053,54.1259],[9.0391,54.1211],[9.042,54.1072],[9.0625,54.102],[9.1043,54.1173],[9.1049,54.1227],[9.1427,54.1317],[9.1275,54.1382]]]},"properties":{"AGS":"01051028","GEN":"Epenwöhrden","SN_L":"01"}},
{"type":"Feature","geometry":{"type":"Polygon","coordinates":[[[9.0874,54.0404],[9.0836,54.039],[9.0777,54.0269],[9.1113,54.0182],[9.1196,54.0117],[9.1543,54.0182],[9.1575,54.0226],[9.115,54.025],[9.0874,54.0404]]]},"properties":{"AGS":"01051039","GEN":"Gudendorf","SN_L":"01"}},
{"type":"Feature","geometry":{"type":"Polygon","coordinates":[[[9.3121,54.1887],[9.2926,54.19],[9.2864,54.1888],[9.2861,54.188],[9.2913,54.1738],[9.3134,54.1726],[9.3121,54.1887]]]},"properties":{"AGS":"01051054","GEN":"Immenstedt","SN_L":"01"}},
{"type":"Feature","geometry":{"type":"Polygon","coordinates":[[[9.2056,54.0943],[9.1864,54.0849],[9.1641,54.0814],[9.1454,54.0663],[9.1276,54.0638],[9.1262,54.0585],[9.1549,54.0557],[9.1611,54.0553],[9.1888,54.067],[9.2073,54.068],[9.2152,54.0773],[9.2453,54.0748],[9.2552,54.0785],[9.2488,54.0866],[9.225,54.0939],[9.2056,54.0943]]]},"properties":{"AGS":"01051063","GEN":"Krumstedt","SN_L":"01"}},
{"type":"Feature","geometry":{"type":"Polygon","coordinates":[[[9.1366,54.1113],[9.1433,54.1253],[9.1427,54.1317],[9.1049,54.1227],[9.1043,54.1173],[9.0625,54.102],[9.0472,54.0936],[8.9903,54.0938],[8.9652,54.0981],[8.9652,54.1044],[8.9415,54.1069],[8.9535,54.0878],[8.9629,54.0931],[9.0197,54.091],[9.0412,54.0766],[9.0671,54.0717],[9.0884,54.0729],[9.0837,54.0819],[9.1002,54.085],[9.0979,54.1016],[9.1142,54.1085],[9.1366,54.1113]]]},"properties":{"AGS":"01051074","GEN":"Meldorf","SN_L":"01"}},
{"type":"Feature","geometry":{"type":"Polygon","coordinates":[[[9.1142,54.1085],[9.0979,54.1016],[9.1002,54.085],[9.1315,54.0791],[9.1276,54.0638],[9.1454,54.0663],[9.1641,54.0814],[9.1125,54.1027],[9.1142,54.1085]]]},"properties":{"AGS":"01051078","GEN":"Nindorf","SN_L":"01"}},
{"type":"Feature","geometry":{"type":"Polygon","coordinates":[[[9.2288,54.1521],[9.2098,54.1572],[9.188,54.1537],[9.1795,54.158],[9.1566,54.1457],[9.1572,54.1363],[9.1839,54.1348],[9.1986,54.1271],[9.2234,54.1292],[9.2291,54.1509],[9.2288,54.1521]]]},"properties":{"AGS":"01051083","GEN":"Odderade","SN_L":"01"}},
{"type":"Feature","geometry":{"type":"Polygon","coordinates":[[[9.4337,54.1842],[9.4035,54.1807],[9.386,54.1832],[9.3634,54.1789],[9.3442,54.1796],[9.3392,54.1721],[9.355,54.1552],[9.3815,54.1609],[9.3908,54.1584],[9.4277,54.1679],[9.4428,54.1738],[9.4337,54.1842]]]},"properties":{"AGS":"01051085","GEN":"Offenbüttel","SN_L":"01"}},
{"type":"Feature","geometry":{"type":"Polygon","coordinates":[[[9.4304,54.2068],[9.4061,54.2014],[9.3719,54.2029],[9.331,54.1887],[9.3121,54.1887],[9.3134,54.1726],[9.3392,54.1721],[9.3442,54.1796],[9.3634,54.1789],[9.386,54.1832],[9.4035,54.1807],[9.4337,54.1842],[9.4394,54.1993],[9.4304,54.2068]]]},"properties":{"AGS":"01051086","GEN":"Osterrade","SN_L":"01"}},
{"type":"Feature","geometry":{"type":"Polygon","coordinates":[[[9.2234,54.1292],[9.1986,54.1271],[9.1839,54.1348],[9.1572,54.1363],[9.1433,54.1253],[9.1366,54.1113],[9.1796,54.1071],[9.1937,54.1028],[9.205,54.1121],[9.2182,54.1134],[9.2234,54.1292]]]},"properties":{"AGS":"01051098","GEN":"Sarzbüttel","SN_L":"01"}},
{"type":"Feature","geometry":{"type":"Polygon","coordinates":[[[9.3118,54.065],[9.3084,54.088],[9.3168,54.0923],[9.3128,54.1138],[9.2753,54.1106],[9.2791,54.0962],[9.2488,54.0866],[9.2552,54.0785],[9.2731,54.0759],[9.2827,54.0687],[9.2895,54.0429],[9.3045,54.043],[9.3111,54.0634],[9.3118,54.065]]]},"properties":{"AGS":"01051099","GEN":"Schafstedt","SN_L":"01"}},
{"type":"Feature","geometry":{"type":"Polygon","coordinates":[[[9.2861,54.188],[9.2557,54.1897],[9.2437,54.1871],[9.2375,54.1786],[9.2422,54.1771],[9.2726,54.1719],[9.2913,54.1738],[9.2861,54.188]]]},"properties":{"AGS":"01051104","GEN":"Schrum","SN_L":"01"}},
{"type":"Feature","geometry":{"type":"Polygon","coordinates":[[[9.3578,54.1476],[9.3301,54.1513],[9.3081,54.1457],[9.3033,54.1361],[9.312,54.128],[9.3578,54.1476]]]},"properties":{"AGS":"01051126","GEN":"Wennbüttel","SN_L":"01"}},
{"type":"Feature","geometry":{"type":"Polygon","coordinates":[[[9.1262,54.0585],[9.0942,54.0661],[9.0874,54.0404],[9.115,54.025],[9.1575,54.0226],[9.1687,54.0434],[9.1549,54.0557],[9.1262,54.0585]]]},"properties":{"AGS":"01051134","GEN":"Windbergen","SN_L":"01"}},
{"type":"Feature","geometry":{"type":"Polygon","coordinates":[[[9.1002,54.085],[9.0837,54.0819],[9.0884,54.0729],[9.0942,54.0661],[9.1262,54.0585],[9.1276,54.0638],[9.1315,54.0791],[9.1002,54.085]]]},"properties":{"AGS":"01051135","GEN":"Wolmersdorf","SN_L":"01"}},
{"type":"Feature","geometry":{"type":"Polygon","coordinates":[[[9.0545,54.1409],[9.012,54.1355],[9.0041,54.1491],[8.9805,54.1498],[8.9786,54.14],[8.9512,54.1351],[8.9322,54.1238],[8.9415,54.1069],[8.9652,54.1044],[8.9652,54.0981],[8.9903,54.0938],[9.0472,54.0936],[9.0625,54.102],[9.042,54.1072],[9.0391,54.1211],[9.053,54.1259],[9.0571,54.1347],[9.0545,54.1409]]]},"properties":{"AGS":"01051137","GEN":"Nordermeldorf","SN_L":"01"}},
{"type":"Feature","geometry":{"type":"Polygon","coordinates":[[[9.2427,54.1447],[9.2291,54.1509],[9.2234,54.1292],[9.2182,54.1134],[9.205,54.1121],[9.1937,54.1028],[9.2056,54.0943],[9.225,54.0939],[9.2488,54.0866],[9.2791,54.0962],[9.2753,54.1106],[9.2621,54.1164],[9.2538,54.1366],[9.2427,54.1447]]]},"properties":{"AGS":"01051138","GEN":"Tensbüttel-Röst","SN_L":"01"}},
{"type":"Feature","geometry":{"type":"Polygon","coordinates":[[[8.888,54.1472],[8.8751,54.1469],[8.8597,54.155],[8.8326,54.1445],[8.8254,54.147],[8.8369,54.1332],[8.8538,54.1285],[8.8585,54.1193],[8.8578,54.1231],[8.8633,54.1228],[8.8604,54.1195],[8.8863,54.1307],[8.877,54.1386],[8.888,54.1472]]]},"properties":{"AGS":"01051013","GEN":"Büsum","SN_L":"01"}},
{"type":"Feature","geometry":{"type":"Polygon","coordinates":[[[8.9118,54.149],[8.8882,54.1476],[8.888,54.1472],[8.877,54.1386],[8.8863,54.1307],[8.908,54.1351],[8.9118,54.149]]]},"properties":{"AGS":"01051014","GEN":"Büsumer Deichhausen","SN_L":"01"}},
{"type":"Feature","geometry":{"type":"Polygon","coordinates":[[[8.9786,54.14],[8.9644,54.1592],[8.946,54.1651],[8.9294,54.1738],[8.9231,54.1621],[8.9213,54.1579],[8.9215,54.1569],[8.9308,54.1408],[8.9512,54.1351],[8.9786,54.14]]]},"properties":{"AGS":"01051033","GEN":"Friedrichsgabekoog","SN_L":"01"}},
{"type":"Feature","geometry":{"type":"Polygon","coordinates":[[[8.8898,54.1816],[8.8727,54.1935],[8.8593,54.1922],[8.8339,54.1981],[8.8289,54.2057],[8.811,54.1894],[8.8089,54.171],[8.8173,54.1668],[8.8343,54.1617],[8.8625,54.1663],[8.877,54.1637],[8.8829,54.1734],[8.8898,54.1816]]]},"properties":{"AGS":"01051043","GEN":"Hedwigenkoog","SN_L":"01"}},
{"type":"Feature","geometry":{"type":"Polygon","coordinates":[[[8.8466,54.2138],[8.837,54.2159],[8.8289,54.2057],[8.8339,54.1981],[8.8593,54.1922],[8.8727,54.1935],[8.8898,54.1816],[8.8908,54.1856],[8.8874,54.1977],[8.8744,54.2075],[8.8697,54.2112],[8.8466,54.2138]]]},"properties":{"AGS":"01051045","GEN":"Hellschen-Heringsand-Unterschaar","SN_L":"01"}},
{"type":"Feature","geometry":{"type":"Polygon","coordinates":[[[8.8697,54.2112],[8.8957,54.2264],[8.8878,54.2363],[8.859,54.2241],[8.8466,54.2138],[8.8697,54.2112]]]},"properties":{"AGS":"01051050","GEN":"Hillgroven","SN_L":"01"}},
{"type":"Feature","geometry":{"type":"Polygon","coordinates":[[[8.9279,54.2306],[8.9047,54.2323],[8.9037,54.2447],[8.8878,54.2363],[8.8957,54.2264],[8.8697,54.2112],[8.8744,54.2075],[8.9125,54.2115],[8.9279,54.2306]]]},"properties":{"AGS":"01051079","GEN":"Norddeich","SN_L":"01"}},
{"type":"Feature","geometry":{"type":"Polygon","coordinates":[[[8.9225,54.1617],[8.8829,54.1734],[8.882,54.1555],[8.8882,54.1476],[8.9118,54.149],[8.9215,54.1569],[8.9213,54.1579],[8.9225,54.1617]]]},"properties":{"AGS":"01051084","GEN":"Oesterdeichstrich","SN_L":"01"}},
{"type":"Feature","geometry":{"type":"Polygon","coordinates":[[[8.9324,54.1901],[8.9003,54.1892],[8.8908,54.1856],[8.8898,54.1816],[8.8829,54.1734],[8.9225,54.1617],[8.9231,54.1621],[8.9294,54.1738],[8.9324,54.1901]]]},"properties":{"AGS":"01051093","GEN":"Reinsbüttel","SN_L":"01"}},
{"type":"Feature","geometry":{"type":"Polygon","coordinates":[[[8.9303,54.2661],[8.9037,54.2447],[8.9047,54.2323],[8.9279,54.2306],[8.9332,54.2295],[8.9519,54.2344],[8.9591,54.2542],[8.9465,54.2525],[8.9356,54.265],[8.9303,54.2661]]]},"properties":{"AGS":"01051105","GEN":"Schülp","SN_L":"01"}},
{"type":"Feature","geometry":{"type":"Polygon","coordinates":[[[9.0047,54.261],[8.997,54.2685],[8.9557,54.2624],[8.9462,54.2692],[8.9356,54.265],[8.9465,54.2525],[8.9591,54.2542],[9.0047,54.261]]]},"properties":{"AGS":"01051108","GEN":"Strübbel","SN_L":"01"}},
{"type":"Feature","geometry":{"type":"Polygon","coordinates":[[[8.9369,54.1981],[8.9125,54.2115],[8.8744,54.2075],[8.8874,54.1977],[8.8908,54.1856],[8.9003,54.1892],[8.9324,54.1901],[8.9369,54.1981]]]},"properties":{"AGS":"01051109","GEN":"Süderdeich","SN_L":"01"}},
{"type":"Feature","geometry":{"type":"MultiPolygon","coordinates":[[[[8.9213,54.1579],[8.9231,54.1621],[8.9225,54.1617],[8.9213,54.1579]]],[[[8.9512,54.1351],[8.9308,54.1408],[8.9215,54.1569],[8.9118,54.149],[8.908,54.1351],[8.9236,54.1331],[8.9322,54.1238],[8.9512,54.1351]]]]},"properties":{"AGS":"01051121","GEN":"Warwerort","SN_L":"01"}},
{"type":"Feature","geometry":{"type":"Polygon","coordinates":[[[8.9332,54.2295],[8.9279,54.2306],[8.9125,54.2115],[8.9369,54.1981],[8.9482,54.206],[8.9332,54.2295]]]},"properties":{"AGS":"01051127","GEN":"Wesselburen","SN_L":"01"}},
{"type":"Feature","geometry":{"type":"Polygon","coordinates":[[[8.9594,54.1872],[8.9563,54.1952],[8.9369,54.1981],[8.9324,54.1901],[8.9294,54.1738],[8.946,54.1651],[8.9594,54.1697],[8.9507,54.1801],[8.9594,54.1872]]]},"properties":{"AGS":"01051128","GEN":"Wesselburener Deichhausen","SN_L":"01"}},
{"type":"Feature","geometry":{"type":"Polygon","coordinates":[[[8.9303,54.2661],[8.9289,54.2758],[8.9066,54.288],[8.9004,54.2806],[8.9016,54.2643],[8.8801,54.262],[8.8448,54.2656],[8.8357,54.2394],[8.8409,54.2331],[8.837,54.2159],[8.8466,54.2138],[8.859,54.2241],[8.8878,54.2363],[8.9037,54.2447],[8.9303,54.2661]]]},"properties":{"AGS":"01051129","GEN":"Wesselburenerkoog","SN_L":"01"}},
{"type":"Feature","geometry":{"type":"Polygon","coordinates":[[[8.8882,54.1476],[8.882,54.1555],[8.8829,54.1734],[8.877,54.1637],[8.8625,54.1663],[8.8343,54.1617],[8.8173,54.1668],[8.8254,54.147],[8.8326,54.1445],[8.8597,54.155],[8.8751,54.1469],[8.888,54.1472],[8.8882,54.1476]]]},"properties":{"AGS":"01051132","GEN":"Westerdeichstrich","SN_L":"01"}},
{"type":"Feature","geometry":{"type":"Polygon","coordinates":[[[9.0124,54.2073],[8.997,54.2238],[8.9698,54.224],[8.9519,54.2344],[8.9332,54.2295],[8.9482,54.206],[8.9369,54.1981],[8.9563,54.1952],[8.9594,54.1872],[8.9962,54.2034],[9.0124,54.2073]]]},"properties":{"AGS":"01051140","GEN":"Oesterwurth","SN_L":"01"}},
{"type":"Feature","geometry":{"type":"Polygon","coordinates":[[[10.3914,53.4598],[10.3572,53.4602],[10.3384,53.46],[10.326,53.4496],[10.308,53.4332],[10.3308,53.425],[10.3559,53.4261],[10.3781,53.4238],[10.3979,53.4115],[10.4299,53.3982],[10.432,53.4031],[10.4592,53.4047],[10.4664,53.4106],[10.4511,53.4268],[10.4257,53.4388],[10.4044,53.4375],[10.4022,53.455],[10.3914,53.4598]]]},"properties":{"AGS":"01053032","GEN":"Geesthacht","SN_L":"01"}},
{"type":"Feature","geometry":{"type":"Polygon","coordinates":[[[10.5537,53.3897],[10.5211,53.3928],[10.5173,53.371],[10.5264,53.3702],[10.553,53.3689],[10.5675,53.3624],[10.5875,53.3612],[10.5852,53.3817],[10.5689,53.3766],[10.5537,53.3897]]]},"properties":{"AGS":"01053083","GEN":"Lauenburg/Elbe","SN_L":"01"}},
{"type":"Feature","geometry":{"type":"Polygon","coordinates":[[[10.7485,53.6318],[10.7178,53.6431],[10.7098,53.6546],[10.7023,53.6471],[10.6621,53.641],[10.6469,53.6494],[10.6747,53.6254],[10.6665,53.6022],[10.6664,53.5879],[10.7004,53.5903],[10.7126,53.5752],[10.723,53.5754],[10.7217,53.5856],[10.7103,53.5971],[10.7163,53.6031],[10.7132,53.6152],[10.7549,53.6237],[10.7485,53.6318]]]},"properties":{"AGS":"01053090","GEN":"Mölln","SN_L":"01"}},
{"type":"Feature","geometry":{"type":"Polygon","coordinates":[[[10.7774,53.7092],[10.7664,53.72],[10.7654,53.7362],[10.758,53.7475],[10.7566,53.7585],[10.7698,53.775],[10.7668,53.7807],[10.7447,53.7757],[10.7326,53.7594],[10.7369,53.7415],[10.7493,53.7333],[10.7389,53.7205],[10.7343,53.7093],[10.728,53.6941],[10.7274,53.6808],[10.7558,53.6763],[10.7627,53.6805],[10.7922,53.6751],[10.8119,53.6704],[10.8269,53.6804],[10.8088,53.6851],[10.8017,53.7021],[10.7872,53.7039],[10.7774,53.7092]]]},"properties":{"AGS":"01053100","GEN":"Ratzeburg","SN_L":"01"}},
{"type":"Feature","geometry":{"type":"Polygon","coordinates":[[[10.4971,53.5189],[10.4682,53.5166],[10.4474,53.5069],[10.4561,53.486],[10.4868,53.4831],[10.494,53.4852],[10.4973,53.4947],[10.5101,53.503],[10.4971,53.5189]]]},"properties":{"AGS":"01053116","GEN":"Schwarzenbek","SN_L":"01"}},
{"type":"Feature","geometry":{"type":"Polygon","coordinates":[[[10.2832,53.4989],[10.2683,53.509],[10.2436,53.5086],[10.2367,53.4964],[10.2384,53.4833],[10.2493,53.4795],[10.2695,53.4851],[10.2875,53.4964],[10.2832,53.4989]]]},"properties":{"AGS":"01053129","GEN":"Wentorf bei Hamburg","SN_L":"01"}},
{"type":"Feature","geometry":{"type":"Polygon","coordinates":[[[10.6769,53.7231],[10.6647,53.7238],[10.6444,53.715],[10.645,53.7084],[10.6301,53.6947],[10.6391,53.69],[10.6669,53.6857],[10.6811,53.6777],[10.6889,53.6925],[10.6741,53.7065],[10.6769,53.7231]]]},"properties":{"AGS":"01053008","GEN":"Behlendorf","SN_L":"01"}},
{"type":"Feature","geometry":{"type":"Polygon","coordinates":[[[10.6711,53.7527],[10.6458,53.7539],[10.6394,53.7436],[10.6129,53.7364],[10.6198,53.7347],[10.6423,53.7261],[10.6444,53.715],[10.6647,53.7238],[10.6769,53.7231],[10.6811,53.7443],[10.6805,53.7465],[10.6711,53.7527]]]},"properties":{"AGS":"01053009","GEN":"Berkenthin","SN_L":"01"}},
{"type":"Feature","geometry":{"type":"Polygon","coordinates":[[[10.6319,53.7692],[10.6017,53.777],[10.591,53.7911],[10.5538,53.7794],[10.5617,53.7729],[10.5511,53.7629],[10.5518,53.7622],[10.5873,53.7546],[10.5982,53.755],[10.6147,53.7697],[10.6319,53.7692]]]},"properties":{"AGS":"01053011","GEN":"Bliestorf","SN_L":"01"}},
{"type":"Feature","geometry":{"type":"Polygon","coordinates":[[[10.5813,53.7239],[10.5915,53.7292],[10.5829,53.7415],[10.5598,53.728],[10.5813,53.7239]]]},"properties":{"AGS":"01053024","GEN":"Düchelsdorf","SN_L":"01"}},
{"type":"Feature","geometry":{"type":"Polygon","coordinates":[[[10.6444,53.715],[10.6423,53.7261],[10.6198,53.7347],[10.6033,53.7273],[10.598,53.7192],[10.6089,53.7126],[10.645,53.7084],[10.6444,53.715]]]},"properties":{"AGS":"01053034","GEN":"Göldenitz","SN_L":"01"}},
{"type":"Feature","geometry":{"type":"Polygon","coordinates":[[[10.5873,53.7546],[10.5518,53.7622],[10.5409,53.7447],[10.5459,53.7338],[10.5598,53.728],[10.5829,53.7415],[10.5856,53.7491],[10.5873,53.7546]]]},"properties":{"AGS":"01053061","GEN":"Kastorf","SN_L":"01"}},
{"type":"Feature","geometry":{"type":"Polygon","coordinates":[[[10.6949,53.7836],[10.6683,53.7864],[10.6632,53.775],[10.6482,53.7728],[10.6396,53.7704],[10.6392,53.7681],[10.6458,53.7539],[10.6711,53.7527],[10.6828,53.7547],[10.7019,53.771],[10.6949,53.7836]]]},"properties":{"AGS":"01053067","GEN":"Klempau","SN_L":"01"}},
{"type":"Feature","geometry":{"type":"Polygon","coordinates":[[[10.6482,53.7728],[10.6632,53.775],[10.6683,53.7864],[10.6515,53.782],[10.6482,53.7728]]]},"properties":{"AGS":"01053075","GEN":"Krummesse","SN_L":"01"}},
{"type":"Feature","geometry":{"type":"Polygon","coordinates":[[[10.645,53.7084],[10.6089,53.7126],[10.6005,53.6998],[10.6304,53.6916],[10.6301,53.6947],[10.645,53.7084]]]},"properties":{"AGS":"01053094","GEN":"Niendorf bei Berkenthin","SN_L":"01"}},
{"type":"Feature","geometry":{"type":"Polygon","coordinates":[[[10.6319,53.7692],[10.6147,53.7697],[10.5982,53.755],[10.5873,53.7546],[10.5856,53.7491],[10.6129,53.7364],[10.6394,53.7436],[10.6458,53.7539],[10.6392,53.7681],[10.6319,53.7692]]]},"properties":{"AGS":"01053103","GEN":"Rondeshagen","SN_L":"01"}},
{"type":"Feature","geometry":{"type":"Polygon","coordinates":[[[10.6129,53.7364],[10.5856,53.7491],[10.5829,53.7415],[10.5915,53.7292],[10.5813,53.7239],[10.5891,53.7158],[10.598,53.7192],[10.6033,53.7273],[10.6198,53.7347],[10.6129,53.7364]]]},"properties":{"AGS":"01053120","GEN":"Sierksrade","SN_L":"01"}},
{"type":"Feature","geometry":{"type":"Polygon","coordinates":[[[10.6665,53.6022],[10.6747,53.6254],[10.6469,53.6494],[10.6447,53.6266],[10.6399,53.6147],[10.6665,53.6022]]]},"properties":{"AGS":"01053002","GEN":"Alt-Mölln","SN_L":"01"}},
{"type":"Feature","geometry":{"type":"Polygon","coordinates":[[[10.6447,53.6266],[10.5992,53.6296],[10.5916,53.6258],[10.5815,53.6185],[10.5812,53.6112],[10.6399,53.6147],[10.6447,53.6266]]]},"properties":{"AGS":"01053005","GEN":"Bälau","SN_L":"01"}},
{"type":"Feature","geometry":{"type":"Polygon","coordinates":[[[10.5815,53.6185],[10.5594,53.6261],[10.5482,53.6195],[10.5266,53.6133],[10.5261,53.6027],[10.535,53.5959],[10.5538,53.6005],[10.5714,53.5939],[10.5665,53.5989],[10.5812,53.6112],[10.5815,53.6185]]]},"properties":{"AGS":"01053013","GEN":"Borstorf","SN_L":"01"}},
{"type":"Feature","geometry":{"type":"Polygon","coordinates":[[[10.6665,53.6022],[10.6399,53.6147],[10.5812,53.6112],[10.5665,53.5989],[10.5714,53.5939],[10.5722,53.5934],[10.5774,53.5987],[10.602,53.6014],[10.63,53.5848],[10.6664,53.5879],[10.6665,53.6022]]]},"properties":{"AGS":"01053014","GEN":"Breitenfelde","SN_L":"01"}},
{"type":"Feature","geometry":{"type":"Polygon","coordinates":[[[10.723,53.5754],[10.7126,53.5752],[10.7004,53.5903],[10.6664,53.5879],[10.6737,53.5799],[10.6783,53.5625],[10.6812,53.5525],[10.6847,53.5433],[10.7183,53.5463],[10.7123,53.5578],[10.7235,53.5708],[10.723,53.5754]]]},"properties":{"AGS":"01053037","GEN":"Grambek","SN_L":"01"}},
{"type":"Feature","geometry":{"type":"Polygon","coordinates":[[[10.6783,53.5625],[10.6679,53.5655],[10.632,53.5581],[10.6321,53.5536],[10.6291,53.5432],[10.6572,53.5448],[10.6812,53.5525],[10.6783,53.5625]]]},"properties":{"AGS":"01053056","GEN":"Hornbek","SN_L":"01"}},
{"type":"Feature","geometry":{"type":"Polygon","coordinates":[[[10.7507,53.6025],[10.7363,53.6058],[10.7163,53.6031],[10.7103,53.5971],[10.7217,53.5856],[10.723,53.5754],[10.7235,53.5708],[10.7345,53.5653],[10.7605,53.5754],[10.7665,53.5961],[10.7507,53.6025]]]},"properties":{"AGS":"01053084","GEN":"Lehmrade","SN_L":"01"}},
{"type":"Feature","geometry":{"type":"Polygon","coordinates":[[[10.63,53.5848],[10.602,53.6014],[10.5774,53.5987],[10.5722,53.5934],[10.5776,53.5862],[10.5876,53.5751],[10.5983,53.5768],[10.6281,53.5699],[10.63,53.5848]]]},"properties":{"AGS":"01053095","GEN":"Niendorf/Stecknitz","SN_L":"01"}},
{"type":"Feature","geometry":{"type":"Polygon","coordinates":[[[10.5261,53.6027],[10.515,53.6047],[10.5047,53.598],[10.5111,53.5886],[10.5494,53.5752],[10.5776,53.5862],[10.5722,53.5934],[10.5714,53.5939],[10.5538,53.6005],[10.535,53.5959],[10.5261,53.6027]]]},"properties":{"AGS":"01053113","GEN":"Schretstaken","SN_L":"01"}},
{"type":"Feature","geometry":{"type":"Polygon","coordinates":[[[10.5876,53.5751],[10.5776,53.5862],[10.5494,53.5752],[10.5566,53.5654],[10.5673,53.5627],[10.5864,53.5588],[10.5876,53.5751]]]},"properties":{"AGS":"01053125","GEN":"Talkau","SN_L":"01"}},
{"type":"Feature","geometry":{"type":"Polygon","coordinates":[[[10.6783,53.5625],[10.6737,53.5799],[10.6664,53.5879],[10.63,53.5848],[10.6281,53.5699],[10.632,53.5581],[10.6679,53.5655],[10.6783,53.5625]]]},"properties":{"AGS":"01053134","GEN":"Woltersdorf","SN_L":"01"}},
{"type":"Feature","geometry":{"type":"Polygon","coordinates":[[[10.7345,53.5653],[10.7235,53.5708],[10.7123,53.5578],[10.7183,53.5463],[10.7248,53.5346],[10.7153,53.5209],[10.6915,53.5219],[10.6884,53.5192],[10.6977,53.5149],[10.7332,53.5136],[10.7571,53.5173],[10.7511,53.5232],[10.7548,53.5372],[10.7345,53.5653]]]},"properties":{"AGS":"01053010","GEN":"Besenthal","SN_L":"01"}},
{"type":"Feature","geometry":{"type":"Polygon","coordinates":[[[10.6808,53.4576],[10.7029,53.4836],[10.703,53.4918],[10.6784,53.4925],[10.6349,53.4657],[10.6349,53.456],[10.652,53.4615],[10.6808,53.4576]]]},"properties":{"AGS":"01053015","GEN":"Bröthen","SN_L":"01"}},
{"type":"Feature","geometry":{"type":"Polygon","coordinates":[[[10.6017,53.5028],[10.5818,53.5032],[10.5769,53.4909],[10.5954,53.4828],[10.5767,53.4681],[10.6349,53.4657],[10.6784,53.4925],[10.6749,53.4965],[10.6488,53.4923],[10.6273,53.5001],[10.6017,53.5028]]]},"properties":{"AGS":"01053020","GEN":"Büchen","SN_L":"01"}},
{"type":"Feature","geometry":{"type":"Polygon","coordinates":[[[10.6764,53.5172],[10.6552,53.5184],[10.6319,53.5176],[10.6273,53.5001],[10.6488,53.4923],[10.6749,53.4965],[10.6804,53.5017],[10.6764,53.5172]]]},"properties":{"AGS":"01053029","GEN":"Fitzen","SN_L":"01"}},
{"type":"Feature","geometry":{"type":"Polygon","coordinates":[[[10.7183,53.5463],[10.6847,53.5433],[10.6915,53.5219],[10.7153,53.5209],[10.7248,53.5346],[10.7183,53.5463]]]},"properties":{"AGS":"01053035","GEN":"Göttin","SN_L":"01"}},
{"type":"Feature","geometry":{"type":"Polygon","coordinates":[[[10.8037,53.5988],[10.7872,53.6048],[10.7665,53.5961],[10.7605,53.5754],[10.7345,53.5653],[10.7548,53.5372],[10.7511,53.5232],[10.7571,53.5173],[10.7561,53.5118],[10.7848,53.5078],[10.8106,53.5162],[10.8243,53.5137],[10.8155,53.5202],[10.8191,53.5344],[10.8308,53.5445],[10.823,53.5726],[10.8072,53.5748],[10.8037,53.5988]]]},"properties":{"AGS":"01053046","GEN":"Gudow","SN_L":"01"}},
{"type":"Feature","geometry":{"type":"Polygon","coordinates":[[[10.6847,53.5433],[10.6812,53.5525],[10.6572,53.5448],[10.6552,53.5184],[10.6764,53.5172],[10.6884,53.5192],[10.6915,53.5219],[10.6847,53.5433]]]},"properties":{"AGS":"01053048","GEN":"Güster","SN_L":"01"}},
{"type":"Feature","geometry":{"type":"Polygon","coordinates":[[[10.5997,53.5234],[10.5887,53.5218],[10.5644,53.5158],[10.5654,53.5083],[10.5818,53.5032],[10.6017,53.5028],[10.5997,53.5234]]]},"properties":{"AGS":"01053064","GEN":"Klein Pampau","SN_L":"01"}},
{"type":"Feature","geometry":{"type":"Polygon","coordinates":[[[10.7571,53.5173],[10.7332,53.5136],[10.6977,53.5149],[10.6884,53.5192],[10.6764,53.5172],[10.6804,53.5017],[10.6749,53.4965],[10.6784,53.4925],[10.703,53.4918],[10.7029,53.4836],[10.6808,53.4576],[10.693,53.4551],[10.7017,53.4783],[10.7207,53.4761],[10.7522,53.4843],[10.7778,53.4952],[10.7838,53.5064],[10.7848,53.5078],[10.7561,53.5118],[10.7571,53.5173]]]},"properties":{"AGS":"01053080","GEN":"Langenlehsten","SN_L":"01"}},
{"type":"Feature","geometry":{"type":"Polygon","coordinates":[[[10.5644,53.5158],[10.5512,53.5127],[10.5425,53.5068],[10.5182,53.505],[10.5038,53.4948],[10.5149,53.482],[10.5584,53.4852],[10.5769,53.4909],[10.5818,53.5032],[10.5654,53.5083],[10.5644,53.5158]]]},"properties":{"AGS":"01053092","GEN":"Müssen","SN_L":"01"}},
{"type":"Feature","geometry":{"type":"Polygon","coordinates":[[[10.6321,53.5536],[10.5922,53.5547],[10.5802,53.5499],[10.5748,53.5359],[10.5757,53.5249],[10.5887,53.5218],[10.5997,53.5234],[10.6244,53.5237],[10.6319,53.5176],[10.6552,53.5184],[10.6572,53.5448],[10.6291,53.5432],[10.6321,53.5536]]]},"properties":{"AGS":"01053104","GEN":"Roseburg","SN_L":"01"}},
{"type":"Feature","geometry":{"type":"Polygon","coordinates":[[[10.5767,53.4681],[10.5954,53.4828],[10.5769,53.4909],[10.5584,53.4852],[10.5149,53.482],[10.5189,53.4621],[10.5458,53.4608],[10.5581,53.4638],[10.5767,53.4681]]]},"properties":{"AGS":"01053115","GEN":"Schulendorf","SN_L":"01"}},
{"type":"Feature","geometry":{"type":"Polygon","coordinates":[[[10.6017,53.5028],[10.6273,53.5001],[10.6319,53.5176],[10.6244,53.5237],[10.5997,53.5234],[10.6017,53.5028]]]},"properties":{"AGS":"01053119","GEN":"Siebeneichen","SN_L":"01"}},
{"type":"Feature","geometry":{"type":"Polygon","coordinates":[[[10.6281,53.5699],[10.5983,53.5768],[10.5876,53.5751],[10.5864,53.5588],[10.5922,53.5547],[10.6321,53.5536],[10.632,53.5581],[10.6281,53.5699]]]},"properties":{"AGS":"01053126","GEN":"Tramm","SN_L":"01"}},
{"type":"Feature","geometry":{"type":"Polygon","coordinates":[[[10.6349,53.4657],[10.5767,53.4681],[10.5581,53.4638],[10.5727,53.4495],[10.5861,53.4445],[10.5925,53.4455],[10.6,53.4485],[10.6258,53.4434],[10.6349,53.456],[10.6349,53.4657]]]},"properties":{"AGS":"01053132","GEN":"Witzeeze","SN_L":"01"}},
{"type":"Feature","geometry":{"type":"Polygon","coordinates":[[[10.311,53.5113],[10.3365,53.5262],[10.334,53.5326],[10.3072,53.5318],[10.3005,53.5246],[10.311,53.5113]]]},"properties":{"AGS":"01053003","GEN":"Aumühle","SN_L":"01"}},
{"type":"Feature","geometry":{"type":"Polygon","coordinates":[[[10.3058,53.4815],[10.2985,53.4875],[10.2875,53.4964],[10.2695,53.4851],[10.2493,53.4795],[10.2693,53.4641],[10.2899,53.4553],[10.2959,53.4629],[10.2925,53.4767],[10.3058,53.4815]]]},"properties":{"AGS":"01053012","GEN":"Börnsen","SN_L":"01"}},
{"type":"Feature","geometry":{"type":"Polygon","coordinates":[[[10.399,53.5035],[10.3879,53.5013],[10.3597,53.5078],[10.3468,53.5029],[10.3432,53.4912],[10.3526,53.4866],[10.3806,53.4806],[10.3898,53.4829],[10.399,53.5035]]]},"properties":{"AGS":"01053023","GEN":"Dassendorf","SN_L":"01"}},
{"type":"Feature","geometry":{"type":"Polygon","coordinates":[[[10.3058,53.4815],[10.2925,53.4767],[10.2959,53.4629],[10.2899,53.4553],[10.326,53.4496],[10.3384,53.46],[10.3332,53.4696],[10.3058,53.4815]]]},"properties":{"AGS":"01053028","GEN":"Escheburg","SN_L":"01"}},
{"type":"Feature","geometry":{"type":"Polygon","coordinates":[[[10.44,53.4644],[10.4275,53.4674],[10.4211,53.4597],[10.4022,53.455],[10.4044,53.4375],[10.4257,53.4388],[10.4342,53.4505],[10.4478,53.4537],[10.44,53.4644]]]},"properties":{"AGS":"01053050","GEN":"Hamwarde","SN_L":"01"}},
{"type":"Feature","geometry":{"type":"Polygon","coordinates":[[[10.3898,53.4829],[10.3806,53.4806],[10.3526,53.4866],[10.3572,53.4602],[10.3914,53.4598],[10.3927,53.4795],[10.3898,53.4829]]]},"properties":{"AGS":"01053053","GEN":"Hohenhorn","SN_L":"01"}},
{"type":"Feature","geometry":{"type":"Polygon","coordinates":[[[10.3432,53.4912],[10.322,53.4981],[10.3066,53.4954],[10.2985,53.4875],[10.3058,53.4815],[10.3332,53.4696],[10.3384,53.46],[10.3572,53.4602],[10.3526,53.4866],[10.3432,53.4912]]]},"properties":{"AGS":"01053072","GEN":"Kröppelshagen-Fahrendorf","SN_L":"01"}},
{"type":"Feature","geometry":{"type":"Polygon","coordinates":[[[10.4692,53.4469],[10.4478,53.4537],[10.4342,53.4505],[10.4257,53.4388],[10.4511,53.4268],[10.4621,53.4324],[10.4692,53.4469]]]},"properties":{"AGS":"01053131","GEN":"Wiershop","SN_L":"01"}},
{"type":"Feature","geometry":{"type":"Polygon","coordinates":[[[10.3005,53.5246],[10.2779,53.5272],[10.2683,53.509],[10.2832,53.4989],[10.302,53.5031],[10.311,53.5113],[10.3005,53.5246]]]},"properties":{"AGS":"01053133","GEN":"Wohltorf","SN_L":"01"}},
{"type":"Feature","geometry":{"type":"Polygon","coordinates":[[[10.4275,53.4674],[10.435,53.4747],[10.4148,53.4793],[10.3927,53.4795],[10.3914,53.4598],[10.4022,53.455],[10.4211,53.4597],[10.4275,53.4674]]]},"properties":{"AGS":"01053135","GEN":"Worth","SN_L":"01"}},
{"type":"Feature","geometry":{"type":"Polygon","coordinates":[[[10.6018,53.418],[10.5932,53.4239],[10.5925,53.4455],[10.5861,53.4445],[10.5814,53.4297],[10.566,53.4232],[10.5635,53.4072],[10.5859,53.3975],[10.6018,53.418]]]},"properties":{"AGS":"01053006","GEN":"Basedow","SN_L":"01"}},
{"type":"Feature","geometry":{"type":"Polygon","coordinates":[[[10.5859,53.3975],[10.5635,53.4072],[10.5594,53.4064],[10.5537,53.3897],[10.5689,53.3766],[10.5852,53.3817],[10.5859,53.3975]]]},"properties":{"AGS":"01053019","GEN":"Buchhorst","SN_L":"01"}},
{"type":"Feature","geometry":{"type":"Polygon","coordinates":[[[10.6178,53.4162],[10.6258,53.4434],[10.6,53.4485],[10.5925,53.4455],[10.5932,53.4239],[10.6018,53.418],[10.6178,53.4162]]]},"properties":{"AGS":"01053022","GEN":"Dalldorf","SN_L":"01"}},
{"type":"Feature","geometry":{"type":"Polygon","coordinates":[[[10.5287,53.4331],[10.5008,53.4337],[10.4935,53.4119],[10.4993,53.4015],[10.5101,53.4002],[10.514,53.411],[10.5313,53.4276],[10.5287,53.4331]]]},"properties":{"AGS":"01053058","GEN":"Juliusburg","SN_L":"01"}},
{"type":"Feature","geometry":{"type":"Polygon","coordinates":[[[10.5594,53.4064],[10.542,53.4115],[10.5427,53.4216],[10.5313,53.4276],[10.514,53.411],[10.5101,53.4002],[10.5211,53.3928],[10.5537,53.3897],[10.5594,53.4064]]]},"properties":{"AGS":"01053073","GEN":"Krüzen","SN_L":"01"}},
{"type":"Feature","geometry":{"type":"Polygon","coordinates":[[[10.4993,53.4015],[10.4935,53.4119],[10.5008,53.4337],[10.4621,53.4324],[10.4511,53.4268],[10.4664,53.4106],[10.4757,53.3993],[10.4993,53.4015]]]},"properties":{"AGS":"01053074","GEN":"Krukow","SN_L":"01"}},
{"type":"Feature","geometry":{"type":"Polygon","coordinates":[[[10.6178,53.4162],[10.6018,53.418],[10.5859,53.3975],[10.5852,53.3817],[10.5875,53.3612],[10.595,53.3639],[10.5991,53.3778],[10.6156,53.3833],[10.6189,53.4125],[10.6178,53.4162]]]},"properties":{"AGS":"01053082","GEN":"Lanze","SN_L":"01"}},
{"type":"Feature","geometry":{"type":"Polygon","coordinates":[[[10.5861,53.4445],[10.5727,53.4495],[10.5523,53.4412],[10.5424,53.4465],[10.5112,53.4492],[10.5092,53.4435],[10.5287,53.4331],[10.5313,53.4276],[10.5427,53.4216],[10.542,53.4115],[10.5594,53.4064],[10.5635,53.4072],[10.566,53.4232],[10.5814,53.4297],[10.5861,53.4445]]]},"properties":{"AGS":"01053087","GEN":"Lütau","SN_L":"01"}},
{"type":"Feature","geometry":{"type":"Polygon","coordinates":[[[10.4993,53.4015],[10.4757,53.3993],[10.4664,53.4106],[10.4592,53.4047],[10.432,53.4031],[10.4299,53.3982],[10.4692,53.3858],[10.4989,53.3745],[10.5173,53.371],[10.5211,53.3928],[10.5101,53.4002],[10.4993,53.4015]]]},"properties":{"AGS":"01053111","GEN":"Schnakenbek","SN_L":"01"}},
{"type":"Feature","geometry":{"type":"Polygon","coordinates":[[[10.5727,53.4495],[10.5581,53.4638],[10.5458,53.4608],[10.5189,53.4621],[10.5112,53.4492],[10.5424,53.4465],[10.5523,53.4412],[10.5727,53.4495]]]},"properties":{"AGS":"01053128","GEN":"Wangelau","SN_L":"01"}},
{"type":"Feature","geometry":{"type":"Polygon","coordinates":[[[10.6957,53.6931],[10.6889,53.6925],[10.6811,53.6777],[10.7023,53.6694],[10.7158,53.6747],[10.7121,53.6827],[10.6957,53.6931]]]},"properties":{"AGS":"01053001","GEN":"Albsfelde","SN_L":"01"}},
{"type":"Feature","geometry":{"type":"Polygon","coordinates":[[[10.808,53.7377],[10.7962,53.742],[10.7929,53.7435],[10.7797,53.7299],[10.785,53.7179],[10.7774,53.7092],[10.7872,53.7039],[10.7984,53.7203],[10.7978,53.7352],[10.808,53.7377]]]},"properties":{"AGS":"01053004","GEN":"Bäk","SN_L":"01"}},
{"type":"Feature","geometry":{"type":"Polygon","coordinates":[[[10.7507,53.6025],[10.7549,53.6237],[10.7132,53.6152],[10.7163,53.6031],[10.7363,53.6058],[10.7507,53.6025]]]},"properties":{"AGS":"01053016","GEN":"Brunsmark","SN_L":"01"}},
{"type":"Feature","geometry":{"type":"Polygon","coordinates":[[[10.7389,53.7205],[10.7493,53.7333],[10.7369,53.7415],[10.7193,53.7384],[10.7203,53.731],[10.7389,53.7205]]]},"properties":{"AGS":"01053018","GEN":"Buchholz","SN_L":"01"}},
{"type":"Feature","geometry":{"type":"Polygon","coordinates":[[[10.7389,53.7205],[10.7203,53.731],[10.7029,53.7266],[10.7052,53.7214],[10.7343,53.7093],[10.7389,53.7205]]]},"properties":{"AGS":"01053026","GEN":"Einhaus","SN_L":"01"}},
{"type":"Feature","geometry":{"type":"Polygon","coordinates":[[[10.7558,53.6763],[10.7274,53.6808],[10.7158,53.6747],[10.7023,53.6694],[10.7098,53.6546],[10.7178,53.6431],[10.7485,53.6318],[10.7531,53.6411],[10.7395,53.6502],[10.7415,53.6646],[10.7558,53.6763]]]},"properties":{"AGS":"01053030","GEN":"Fredeburg","SN_L":"01"}},
{"type":"Feature","geometry":{"type":"Polygon","coordinates":[[[10.728,53.6941],[10.7111,53.6995],[10.6957,53.6931],[10.7121,53.6827],[10.7158,53.6747],[10.7274,53.6808],[10.728,53.6941]]]},"properties":{"AGS":"01053033","GEN":"Giesensdorf","SN_L":"01"}},
{"type":"Feature","geometry":{"type":"MultiPolygon","coordinates":[[[[10.6805,53.7465],[10.6828,53.7547],[10.6711,53.7527],[10.6805,53.7465]]],[[[10.7001,53.7474],[10.6811,53.7443],[10.6769,53.7231],[10.7052,53.7214],[10.7029,53.7266],[10.7079,53.738],[10.7001,53.7474]]]]},"properties":{"AGS":"01053040","GEN":"Groß Disnack","SN_L":"01"}},
{"type":"Feature","geometry":{"type":"Polygon","coordinates":[[[10.763,53.8112],[10.75,53.8094],[10.7335,53.8275],[10.7223,53.8231],[10.7402,53.8055],[10.7296,53.8003],[10.7443,53.7932],[10.7686,53.7993],[10.763,53.8112]]]},"properties":{"AGS":"01053041","GEN":"Groß Grönau","SN_L":"01"}},
{"type":"Feature","geometry":{"type":"Polygon","coordinates":[[[10.7686,53.7993],[10.7443,53.7932],[10.7296,53.8003],[10.6949,53.7836],[10.7019,53.771],[10.6828,53.7547],[10.6805,53.7465],[10.6811,53.7443],[10.7001,53.7474],[10.7258,53.7525],[10.7326,53.7594],[10.7447,53.7757],[10.7668,53.7807],[10.769,53.7863],[10.7686,53.7993]]]},"properties":{"AGS":"01053043","GEN":"Groß Sarau","SN_L":"01"}},
{"type":"Feature","geometry":{"type":"Polygon","coordinates":[[[10.7343,53.7093],[10.7052,53.7214],[10.7111,53.6995],[10.728,53.6941],[10.7343,53.7093]]]},"properties":{"AGS":"01053051","GEN":"Harmsdorf","SN_L":"01"}},
{"type":"Feature","geometry":{"type":"Polygon","coordinates":[[[10.8361,53.6035],[10.8037,53.5988],[10.8072,53.5748],[10.823,53.5726],[10.8398,53.5754],[10.8435,53.5948],[10.8361,53.6035]]]},"properties":{"AGS":"01053054","GEN":"Hollenbek","SN_L":"01"}},
{"type":"Feature","geometry":{"type":"Polygon","coordinates":[[[10.789,53.6442],[10.7531,53.6411],[10.7485,53.6318],[10.7549,53.6237],[10.7507,53.6025],[10.7665,53.5961],[10.7872,53.6048],[10.7775,53.6056],[10.7756,53.6193],[10.7923,53.6231],[10.7995,53.6306],[10.789,53.6442]]]},"properties":{"AGS":"01053057","GEN":"Horst","SN_L":"01"}},
{"type":"Feature","geometry":{"type":"Polygon","coordinates":[[[10.9253,53.6939],[10.9167,53.6992],[10.8966,53.6913],[10.9027,53.6748],[10.8917,53.665],[10.8743,53.6667],[10.9182,53.6428],[10.9356,53.6371],[10.9296,53.6287],[10.9519,53.6476],[10.9547,53.6586],[10.9389,53.6656],[10.9418,53.6845],[10.9253,53.6939]]]},"properties":{"AGS":"01053062","GEN":"Kittlitz","SN_L":"01"}},
{"type":"Feature","geometry":{"type":"Polygon","coordinates":[[[10.9111,53.5726],[10.8951,53.5763],[10.8903,53.5906],[10.8435,53.5948],[10.8398,53.5754],[10.8501,53.5653],[10.8647,53.5649],[10.8948,53.5724],[10.9111,53.5726]]]},"properties":{"AGS":"01053066","GEN":"Klein Zecher","SN_L":"01"}},
{"type":"Feature","geometry":{"type":"Polygon","coordinates":[[[10.7052,53.7214],[10.6769,53.7231],[10.6741,53.7065],[10.6889,53.6925],[10.6957,53.6931],[10.7111,53.6995],[10.7052,53.7214]]]},"properties":{"AGS":"01053078","GEN":"Kulpin","SN_L":"01"}},
{"type":"Feature","geometry":{"type":"Polygon","coordinates":[[[10.808,53.7377],[10.7978,53.7352],[10.7984,53.7203],[10.7872,53.7039],[10.8017,53.7021],[10.8316,53.7104],[10.8072,53.7256],[10.808,53.7377]]]},"properties":{"AGS":"01053088","GEN":"Mechow","SN_L":"01"}},
{"type":"Feature","geometry":{"type":"Polygon","coordinates":[[[10.9167,53.6992],[10.8864,53.7057],[10.8712,53.7018],[10.8486,53.6843],[10.8626,53.6708],[10.8743,53.6667],[10.8917,53.665],[10.9027,53.6748],[10.8966,53.6913],[10.9167,53.6992]]]},"properties":{"AGS":"01053093","GEN":"Mustin","SN_L":"01"}},
{"type":"Feature","geometry":{"type":"Polygon","coordinates":[[[10.7369,53.7415],[10.7326,53.7594],[10.7258,53.7525],[10.7001,53.7474],[10.7079,53.738],[10.7029,53.7266],[10.7203,53.731],[10.7193,53.7384],[10.7369,53.7415]]]},"properties":{"AGS":"01053098","GEN":"Pogeez","SN_L":"01"}},
{"type":"Feature","geometry":{"type":"Polygon","coordinates":[[[10.7929,53.7435],[10.7704,53.7493],[10.758,53.7475],[10.7654,53.7362],[10.7664,53.72],[10.7774,53.7092],[10.785,53.7179],[10.7797,53.7299],[10.7929,53.7435]]]},"properties":{"AGS":"01053102","GEN":"Römnitz","SN_L":"01"}},
{"type":"Feature","geometry":{"type":"Polygon","coordinates":[[[10.8626,53.6708],[10.8269,53.6804],[10.8119,53.6704],[10.7922,53.6751],[10.7938,53.6576],[10.7995,53.6615],[10.8397,53.6428],[10.855,53.6439],[10.8684,53.637],[10.8847,53.6381],[10.8962,53.6255],[10.9278,53.623],[10.9296,53.6287],[10.9356,53.6371],[10.9182,53.6428],[10.8743,53.6667],[10.8626,53.6708]]]},"properties":{"AGS":"01053107","GEN":"Salem","SN_L":"01"}},
{"type":"Feature","geometry":{"type":"Polygon","coordinates":[[[10.7922,53.6751],[10.7627,53.6805],[10.7558,53.6763],[10.7415,53.6646],[10.7395,53.6502],[10.7531,53.6411],[10.789,53.6442],[10.7938,53.6576],[10.7922,53.6751]]]},"properties":{"AGS":"01053110","GEN":"Schmilau","SN_L":"01"}},
{"type":"Feature","geometry":{"type":"Polygon","coordinates":[[[10.8684,53.637],[10.8378,53.6248],[10.8314,53.618],[10.8361,53.6035],[10.8435,53.5948],[10.8903,53.5906],[10.8951,53.5763],[10.9111,53.5726],[10.9238,53.5842],[10.9182,53.5949],[10.9278,53.623],[10.8962,53.6255],[10.8847,53.6381],[10.8684,53.637]]]},"properties":{"AGS":"01053117","GEN":"Seedorf","SN_L":"01"}},
{"type":"Feature","geometry":{"type":"Polygon","coordinates":[[[10.8684,53.637],[10.855,53.6439],[10.8397,53.6428],[10.7995,53.6615],[10.7938,53.6576],[10.789,53.6442],[10.7995,53.6306],[10.7923,53.6231],[10.7756,53.6193],[10.7775,53.6056],[10.7872,53.6048],[10.8037,53.5988],[10.8361,53.6035],[10.8314,53.618],[10.8378,53.6248],[10.8684,53.637]]]},"properties":{"AGS":"01053123","GEN":"Sterley","SN_L":"01"}},
{"type":"Feature","geometry":{"type":"Polygon","coordinates":[[[10.8433,53.7079],[10.8316,53.7104],[10.8017,53.7021],[10.8088,53.6851],[10.8269,53.6804],[10.8626,53.6708],[10.8486,53.6843],[10.8712,53.7018],[10.8433,53.7079]]]},"properties":{"AGS":"01053136","GEN":"Ziethen","SN_L":"01"}},
{"type":"Feature","geometry":{"type":"Polygon","coordinates":[[[10.5095,53.5886],[10.4984,53.5914],[10.4675,53.5906],[10.4555,53.5911],[10.4568,53.5821],[10.4377,53.5753],[10.4384,53.5725],[10.4394,53.5713],[10.4549,53.573],[10.484,53.5685],[10.4974,53.5558],[10.5086,53.5593],[10.5185,53.5654],[10.5095,53.5886]]]},"properties":{"AGS":"01053007","GEN":"Basthorst","SN_L":"01"}},
{"type":"Feature","geometry":{"type":"Polygon","coordinates":[[[10.4474,53.5069],[10.4267,53.5174],[10.4134,53.5198],[10.4119,53.5029],[10.399,53.5035],[10.3898,53.4829],[10.3927,53.4795],[10.4148,53.4793],[10.435,53.4747],[10.4275,53.4674],[10.44,53.4644],[10.4561,53.486],[10.4474,53.5069]]]},"properties":{"AGS":"01053017","GEN":"Brunstorf","SN_L":"01"}},
{"type":"Feature","geometry":{"type":"Polygon","coordinates":[[[10.4377,53.5753],[10.4568,53.5821],[10.4555,53.5911],[10.4278,53.5899],[10.44,53.5844],[10.4377,53.5753]]]},"properties":{"AGS":"01053021","GEN":"Dahmker","SN_L":"01"}},
{"type":"Feature","geometry":{"type":"Polygon","coordinates":[[[10.5673,53.5627],[10.5566,53.5654],[10.5432,53.5616],[10.5086,53.5593],[10.4974,53.5558],[10.4964,53.5538],[10.4864,53.5454],[10.5037,53.5364],[10.5058,53.5285],[10.5277,53.5287],[10.5349,53.536],[10.5571,53.5354],[10.5585,53.5356],[10.5527,53.5455],[10.5673,53.5627]]]},"properties":{"AGS":"01053027","GEN":"Elmenhorst","SN_L":"01"}},
{"type":"Feature","geometry":{"type":"Polygon","coordinates":[[[10.5494,53.5752],[10.5111,53.5886],[10.5095,53.5886],[10.5185,53.5654],[10.5086,53.5593],[10.5432,53.5616],[10.5566,53.5654],[10.5494,53.5752]]]},"properties":{"AGS":"01053031","GEN":"Fuhlenhagen","SN_L":"01"}},
{"type":"Feature","geometry":{"type":"Polygon","coordinates":[[[10.5067,53.5273],[10.4971,53.5189],[10.5101,53.503],[10.4973,53.4947],[10.494,53.4852],[10.5038,53.4948],[10.5182,53.505],[10.5425,53.5068],[10.5099,53.522],[10.5067,53.5273]]]},"properties":{"AGS":"01053036","GEN":"Grabau","SN_L":"01"}},
{"type":"Feature","geometry":{"type":"Polygon","coordinates":[[[10.5748,53.5359],[10.5585,53.5356],[10.5571,53.5354],[10.5512,53.5127],[10.5644,53.5158],[10.5887,53.5218],[10.5757,53.5249],[10.5748,53.5359]]]},"properties":{"AGS":"01053042","GEN":"Groß Pampau","SN_L":"01"}},
{"type":"Feature","geometry":{"type":"Polygon","coordinates":[[[10.5058,53.5285],[10.5037,53.5364],[10.4864,53.5454],[10.4663,53.5245],[10.4682,53.5166],[10.4971,53.5189],[10.5067,53.5273],[10.5058,53.5285]]]},"properties":{"AGS":"01053045","GEN":"Grove","SN_L":"01"}},
{"type":"Feature","geometry":{"type":"Polygon","coordinates":[[[10.5149,53.482],[10.5038,53.4948],[10.494,53.4852],[10.4868,53.4831],[10.4692,53.4469],[10.4621,53.4324],[10.5008,53.4337],[10.5287,53.4331],[10.5092,53.4435],[10.5112,53.4492],[10.5189,53.4621],[10.5149,53.482]]]},"properties":{"AGS":"01053047","GEN":"Gülzow","SN_L":"01"}},
{"type":"Feature","geometry":{"type":"Polygon","coordinates":[[[10.4704,53.5968],[10.4447,53.6004],[10.4354,53.6055],[10.4182,53.5972],[10.4278,53.5899],[10.4555,53.5911],[10.4675,53.5906],[10.4704,53.5968]]]},"properties":{"AGS":"01053049","GEN":"Hamfelde","SN_L":"01"}},
{"type":"Feature","geometry":{"type":"Polygon","coordinates":[[[10.4964,53.5538],[10.4526,53.5471],[10.4494,53.5314],[10.4663,53.5245],[10.4864,53.5454],[10.4964,53.5538]]]},"properties":{"AGS":"01053052","GEN":"Havekost","SN_L":"01"}},
{"type":"Feature","geometry":{"type":"Polygon","coordinates":[[[10.5748,53.5359],[10.5802,53.5499],[10.5922,53.5547],[10.5864,53.5588],[10.5673,53.5627],[10.5527,53.5455],[10.5585,53.5356],[10.5748,53.5359]]]},"properties":{"AGS":"01053059","GEN":"Kankelau","SN_L":"01"}},
{"type":"Feature","geometry":{"type":"Polygon","coordinates":[[[10.4384,53.5725],[10.4237,53.5774],[10.4029,53.572],[10.3899,53.5609],[10.4024,53.546],[10.4409,53.5551],[10.4394,53.5713],[10.4384,53.5725]]]},"properties":{"AGS":"01053060","GEN":"Kasseburg","SN_L":"01"}},
{"type":"Feature","geometry":{"type":"Polygon","coordinates":[[[10.5266,53.6133],[10.5134,53.617],[10.4945,53.6024],[10.515,53.6047],[10.5261,53.6027],[10.5266,53.6133]]]},"properties":{"AGS":"01053070","GEN":"Köthel","SN_L":"01"}},
{"type":"Feature","geometry":{"type":"Polygon","coordinates":[[[10.4868,53.4831],[10.4561,53.486],[10.44,53.4644],[10.4478,53.4537],[10.4692,53.4469],[10.4868,53.4831]]]},"properties":{"AGS":"01053071","GEN":"Kollow","SN_L":"01"}},
{"type":"Feature","geometry":{"type":"Polygon","coordinates":[[[10.4278,53.5899],[10.4182,53.5972],[10.4002,53.5898],[10.3876,53.578],[10.3694,53.5736],[10.3899,53.5609],[10.4029,53.572],[10.4237,53.5774],[10.4384,53.5725],[10.4377,53.5753],[10.44,53.5844],[10.4278,53.5899]]]},"properties":{"AGS":"01053076","GEN":"Kuddewörde","SN_L":"01"}},
{"type":"Feature","geometry":{"type":"Polygon","coordinates":[[[10.4974,53.5558],[10.484,53.5685],[10.4549,53.573],[10.4394,53.5713],[10.4409,53.5551],[10.4526,53.5471],[10.4964,53.5538],[10.4974,53.5558]]]},"properties":{"AGS":"01053089","GEN":"Möhnsen","SN_L":"01"}},
{"type":"Feature","geometry":{"type":"Polygon","coordinates":[[[10.515,53.6047],[10.4945,53.6024],[10.4809,53.5998],[10.4704,53.5968],[10.4675,53.5906],[10.4984,53.5914],[10.5095,53.5886],[10.5111,53.5886],[10.5047,53.598],[10.515,53.6047]]]},"properties":{"AGS":"01053091","GEN":"Mühlenrade","SN_L":"01"}},
{"type":"Feature","geometry":{"type":"Polygon","coordinates":[[[10.5571,53.5354],[10.5349,53.536],[10.5277,53.5287],[10.5058,53.5285],[10.5067,53.5273],[10.5099,53.522],[10.5425,53.5068],[10.5512,53.5127],[10.5571,53.5354]]]},"properties":{"AGS":"01053106","GEN":"Sahms","SN_L":"01"}},
{"type":"Feature","geometry":{"type":"Polygon","coordinates":[[[10.598,53.7192],[10.5891,53.7158],[10.5463,53.7041],[10.5444,53.7014],[10.5446,53.6965],[10.54,53.6906],[10.5339,53.6768],[10.581,53.6855],[10.5916,53.683],[10.6005,53.6998],[10.6089,53.7126],[10.598,53.7192]]]},"properties":{"AGS":"01053025","GEN":"Duvensee","SN_L":"01"}},
{"type":"Feature","geometry":{"type":"Polygon","coordinates":[[[10.5538,53.7794],[10.5471,53.7823],[10.533,53.7756],[10.5362,53.7647],[10.5511,53.7629],[10.5617,53.7729],[10.5538,53.7794]]]},"properties":{"AGS":"01053038","GEN":"Grinau","SN_L":"01"}},
{"type":"Feature","geometry":{"type":"Polygon","coordinates":[[[10.4759,53.7498],[10.4576,53.7589],[10.4443,53.7537],[10.4474,53.7468],[10.4521,53.7431],[10.4759,53.7498]]]},"properties":{"AGS":"01053039","GEN":"Groß Boden","SN_L":"01"}},
{"type":"Feature","geometry":{"type":"Polygon","coordinates":[[[10.591,53.7911],[10.6055,53.7949],[10.5962,53.8131],[10.5823,53.8046],[10.5618,53.7948],[10.542,53.7923],[10.5471,53.7823],[10.5538,53.7794],[10.591,53.7911]]]},"properties":{"AGS":"01053044","GEN":"Groß Schenkenberg","SN_L":"01"}},
{"type":"Feature","geometry":{"type":"Polygon","coordinates":[[[10.5459,53.7338],[10.5355,53.7316],[10.5313,53.7262],[10.5325,53.7166],[10.5463,53.7041],[10.5891,53.7158],[10.5813,53.7239],[10.5598,53.728],[10.5459,53.7338]]]},"properties":{"AGS":"01053068","GEN":"Klinkrade","SN_L":"01"}},
{"type":"Feature","geometry":{"type":"Polygon","coordinates":[[[10.521,53.658],[10.5034,53.6475],[10.4974,53.6308],[10.4993,53.6285],[10.5134,53.617],[10.5266,53.6133],[10.5482,53.6195],[10.5439,53.6303],[10.5555,53.6477],[10.5544,53.6505],[10.521,53.658]]]},"properties":{"AGS":"01053069","GEN":"Koberg","SN_L":"01"}},
{"type":"Feature","geometry":{"type":"Polygon","coordinates":[[[10.6304,53.6916],[10.6005,53.6998],[10.5916,53.683],[10.6072,53.668],[10.6356,53.671],[10.6304,53.6916]]]},"properties":{"AGS":"01053077","GEN":"Kühsen","SN_L":"01"}},
{"type":"Feature","geometry":{"type":"Polygon","coordinates":[[[10.5313,53.7262],[10.4985,53.7124],[10.5056,53.7064],[10.512,53.692],[10.5209,53.705],[10.5444,53.7014],[10.5463,53.7041],[10.5325,53.7166],[10.5313,53.7262]]]},"properties":{"AGS":"01053079","GEN":"Labenz","SN_L":"01"}},
{"type":"Feature","geometry":{"type":"Polygon","coordinates":[[[10.6811,53.6777],[10.6669,53.6857],[10.6391,53.69],[10.6301,53.6947],[10.6304,53.6916],[10.6356,53.671],[10.6469,53.6494],[10.6621,53.641],[10.7023,53.6471],[10.7098,53.6546],[10.7023,53.6694],[10.6811,53.6777]]]},"properties":{"AGS":"01053081","GEN":"Lankau","SN_L":"01"}},
{"type":"Feature","geometry":{"type":"Polygon","coordinates":[[[10.4601,53.6606],[10.4503,53.6496],[10.4356,53.6459],[10.4456,53.6396],[10.466,53.633],[10.4974,53.6308],[10.5034,53.6475],[10.4984,53.6525],[10.4682,53.6611],[10.4601,53.6606]]]},"properties":{"AGS":"01053085","GEN":"Linau","SN_L":"01"}},
{"type":"Feature","geometry":{"type":"Polygon","coordinates":[[[10.5444,53.7014],[10.5209,53.705],[10.512,53.692],[10.5043,53.6772],[10.532,53.6766],[10.5339,53.6768],[10.54,53.6906],[10.5446,53.6965],[10.5444,53.7014]]]},"properties":{"AGS":"01053086","GEN":"Lüchow","SN_L":"01"}},
{"type":"Feature","geometry":{"type":"Polygon","coordinates":[[[10.581,53.6855],[10.5907,53.6723],[10.5875,53.6645],[10.5544,53.6505],[10.5555,53.6477],[10.5704,53.6519],[10.5797,53.645],[10.5975,53.646],[10.6072,53.668],[10.5916,53.683],[10.581,53.6855]]]},"properties":{"AGS":"01053096","GEN":"Nusse","SN_L":"01"}},
{"type":"Feature","geometry":{"type":"Polygon","coordinates":[[[10.6356,53.671],[10.6072,53.668],[10.5975,53.646],[10.5992,53.6296],[10.6447,53.6266],[10.6469,53.6494],[10.6356,53.671]]]},"properties":{"AGS":"01053097","GEN":"Panten","SN_L":"01"}},
{"type":"Feature","geometry":{"type":"Polygon","coordinates":[[[10.5975,53.646],[10.5797,53.645],[10.5704,53.6519],[10.5555,53.6477],[10.5439,53.6303],[10.5482,53.6195],[10.5594,53.6261],[10.5612,53.6399],[10.5916,53.6258],[10.5992,53.6296],[10.5975,53.646]]]},"properties":{"AGS":"01053099","GEN":"Poggensee","SN_L":"01"}},
{"type":"Feature","geometry":{"type":"Polygon","coordinates":[[[10.581,53.6855],[10.5339,53.6768],[10.532,53.6766],[10.5317,53.6666],[10.521,53.658],[10.5544,53.6505],[10.5875,53.6645],[10.5907,53.6723],[10.581,53.6855]]]},"properties":{"AGS":"01053101","GEN":"Ritzerau","SN_L":"01"}},
{"type":"Feature","geometry":{"type":"Polygon","coordinates":[[[10.512,53.692],[10.5056,53.7064],[10.4833,53.7021],[10.4714,53.6905],[10.4908,53.6769],[10.5043,53.6772],[10.512,53.692]]]},"properties":{"AGS":"01053108","GEN":"Sandesneben","SN_L":"01"}},
{"type":"Feature","geometry":{"type":"Polygon","coordinates":[[[10.4833,53.7021],[10.4828,53.7102],[10.4667,53.7144],[10.4573,53.7283],[10.4458,53.7239],[10.4388,53.6998],[10.4523,53.6856],[10.4714,53.6905],[10.4833,53.7021]]]},"properties":{"AGS":"01053109","GEN":"Schiphorst","SN_L":"01"}},
{"type":"Feature","geometry":{"type":"Polygon","coordinates":[[[10.4388,53.6998],[10.4118,53.7027],[10.4144,53.6927],[10.4034,53.6738],[10.4097,53.6669],[10.4378,53.6513],[10.4356,53.6459],[10.4503,53.6496],[10.4601,53.6606],[10.4481,53.6706],[10.4609,53.6804],[10.4523,53.6856],[10.4388,53.6998]]]},"properties":{"AGS":"01053112","GEN":"Schönberg","SN_L":"01"}},
{"type":"Feature","geometry":{"type":"Polygon","coordinates":[[[10.4953,53.7572],[10.4739,53.7671],[10.4576,53.7589],[10.4759,53.7498],[10.4955,53.7556],[10.4953,53.7572]]]},"properties":{"AGS":"01053114","GEN":"Schürensöhlen","SN_L":"01"}},
{"type":"Feature","geometry":{"type":"Polygon","coordinates":[[[10.5511,53.7629],[10.5362,53.7647],[10.4953,53.7572],[10.4955,53.7556],[10.4934,53.7489],[10.5148,53.7348],[10.5355,53.7316],[10.5459,53.7338],[10.5409,53.7447],[10.5518,53.7622],[10.5511,53.7629]]]},"properties":{"AGS":"01053118","GEN":"Siebenbäumen","SN_L":"01"}},
{"type":"Feature","geometry":{"type":"Polygon","coordinates":[[[10.532,53.6766],[10.5043,53.6772],[10.4908,53.6769],[10.4848,53.6661],[10.4682,53.6611],[10.4984,53.6525],[10.5034,53.6475],[10.521,53.658],[10.5317,53.6666],[10.532,53.6766]]]},"properties":{"AGS":"01053121","GEN":"Sirksfelde","SN_L":"01"}},
{"type":"Feature","geometry":{"type":"Polygon","coordinates":[[[10.4955,53.7556],[10.4759,53.7498],[10.4521,53.7431],[10.4573,53.7283],[10.4667,53.7144],[10.4828,53.7102],[10.4833,53.7021],[10.5056,53.7064],[10.4985,53.7124],[10.5313,53.7262],[10.5355,53.7316],[10.5148,53.7348],[10.4934,53.7489],[10.4955,53.7556]]]},"properties":{"AGS":"01053122","GEN":"Steinhorst","SN_L":"01"}},
{"type":"Feature","geometry":{"type":"Polygon","coordinates":[[[10.4573,53.7283],[10.4521,53.7431],[10.4474,53.7468],[10.4418,53.7408],[10.4209,53.7406],[10.397,53.7379],[10.4241,53.7253],[10.4458,53.7239],[10.4573,53.7283]]]},"properties":{"AGS":"01053124","GEN":"Stubben","SN_L":"01"}},
{"type":"Feature","geometry":{"type":"Polygon","coordinates":[[[10.5916,53.6258],[10.5612,53.6399],[10.5594,53.6261],[10.5815,53.6185],[10.5916,53.6258]]]},"properties":{"AGS":"01053127","GEN":"Walksfelde","SN_L":"01"}},
{"type":"Feature","geometry":{"type":"Polygon","coordinates":[[[10.4908,53.6769],[10.4714,53.6905],[10.4523,53.6856],[10.4609,53.6804],[10.4481,53.6706],[10.4601,53.6606],[10.4682,53.6611],[10.4848,53.6661],[10.4908,53.6769]]]},"properties":{"AGS":"01053130","GEN":"Wentorf (Amt Sandesneben)","SN_L":"01"}},
{"type":"Feature","geometry":{"type":"Polygon","coordinates":[[[10.3694,53.5736],[10.3629,53.5727],[10.3145,53.5544],[10.2923,53.5389],[10.3072,53.5318],[10.334,53.5326],[10.3365,53.5262],[10.311,53.5113],[10.302,53.5031],[10.2832,53.4989],[10.2875,53.4964],[10.2985,53.4875],[10.3066,53.4954],[10.322,53.4981],[10.3432,53.4912],[10.3468,53.5029],[10.3597,53.5078],[10.3879,53.5013],[10.399,53.5035],[10.4119,53.5029],[10.4134,53.5198],[10.4267,53.5174],[10.4474,53.5069],[10.4682,53.5166],[10.4663,53.5245],[10.4494,53.5314],[10.4526,53.5471],[10.4409,53.5551],[10.4024,53.546],[10.3899,53.5609],[10.3694,53.5736]]]},"properties":{"AGS":"01053105","GEN":"Sachsenwald (Forstgutsbez.)","SN_L":"01"}},
{"type":"Feature","geometry":{"type":"Polygon","coordinates":[[[9.1155,54.3847],[9.0954,54.387],[9.07,54.3803],[9.0839,54.3643],[9.1,54.3661],[9.1115,54.3782],[9.1155,54.3847]]]},"properties":{"AGS":"01054033","GEN":"Friedrichstadt","SN_L":"01"}},
{"type":"Feature","geometry":{"type":"Polygon","coordinates":[[[9.0076,54.521],[8.9916,54.5209],[9.0084,54.4967],[9.019,54.4747],[9.0251,54.4722],[9.0281,54.469],[9.0575,54.4652],[9.0846,54.4584],[9.0973,54.4757],[9.0936,54.4816],[9.1017,54.5041],[9.0474,54.5005],[9.0472,54.5057],[9.0409,54.5072],[9.0177,54.5127],[9.0076,54.521]]]},"properties":{"AGS":"01054056","GEN":"Husum","SN_L":"01"}},
{"type":"Feature","geometry":{"type":"Polygon","coordinates":[[[8.8687,54.651],[8.8621,54.6552],[8.8278,54.6498],[8.8461,54.6259],[8.8869,54.6079],[8.893,54.5968],[8.8686,54.5618],[8.8736,54.5554],[8.9553,54.5661],[8.9695,54.5743],[8.9608,54.5873],[8.9519,54.602],[8.9391,54.6141],[8.9056,54.6258],[8.8687,54.651]]]},"properties":{"AGS":"01054108","GEN":"Reußenköge","SN_L":"01"}},
{"type":"Feature","geometry":{"type":"Polygon","coordinates":[[[8.9588,54.3155],[8.9547,54.3341],[8.924,54.3408],[8.9152,54.3179],[8.8828,54.3233],[8.8685,54.3394],[8.8644,54.3394],[8.8563,54.3392],[8.8439,54.3216],[8.8285,54.3019],[8.8213,54.2913],[8.8418,54.2785],[8.8448,54.2656],[8.8801,54.262],[8.9016,54.2643],[8.9004,54.2806],[8.9066,54.288],[8.9242,54.2937],[8.9403,54.3086],[8.9588,54.3155]]]},"properties":{"AGS":"01054138","GEN":"Tönning","SN_L":"01"}},
{"type":"Feature","geometry":{"type":"Polygon","coordinates":[[[8.3617,54.9281],[8.3407,54.9244],[8.3098,54.9307],[8.2979,54.9107],[8.2878,54.8767],[8.2823,54.7957],[8.2944,54.794],[8.3005,54.818],[8.2935,54.8257],[8.2961,54.8424],[8.3081,54.8591],[8.3328,54.8633],[8.3332,54.8728],[8.3643,54.8759],[8.3757,54.8601],[8.4115,54.8473],[8.4259,54.8555],[8.4612,54.8612],[8.4883,54.8746],[8.5139,54.8819],[8.5642,54.8839],[8.564,54.8863],[8.5115,54.8842],[8.4865,54.8767],[8.4349,54.8764],[8.4201,54.8788],[8.3727,54.8969],[8.3621,54.9102],[8.3617,54.9281]]]},"properties":{"AGS":"01054168","GEN":"Sylt","SN_L":"01"}},
{"type":"Feature","geometry":{"type":"Polygon","coordinates":[[[8.8084,54.3454],[8.7857,54.3493],[8.7508,54.3467],[8.749,54.3411],[8.7426,54.3084],[8.7645,54.3041],[8.7847,54.3109],[8.8185,54.3168],[8.8053,54.34],[8.8084,54.3454]],[[8.7995,54.3385],[8.8016,54.3304],[8.7756,54.3262],[8.7736,54.3377],[8.7995,54.3385]]]},"properties":{"AGS":"01054035","GEN":"Kirchspiel Garding","SN_L":"01"}},
{"type":"Feature","geometry":{"type":"Polygon","coordinates":[[[8.7995,54.3385],[8.7736,54.3377],[8.7756,54.3262],[8.8016,54.3304],[8.7995,54.3385]]]},"properties":{"AGS":"01054036","GEN":"Garding","SN_L":"01"}},
{"type":"Feature","geometry":{"type":"Polygon","coordinates":[[[8.7696,54.2917],[8.7645,54.3041],[8.7426,54.3084],[8.7397,54.2937],[8.7687,54.2886],[8.7696,54.2917]]]},"properties":{"AGS":"01054040","GEN":"Grothusenkoog","SN_L":"01"}},
{"type":"Feature","geometry":{"type":"Polygon","coordinates":[[[8.8744,54.3473],[8.8343,54.3431],[8.8084,54.3454],[8.8053,54.34],[8.8185,54.3168],[8.8439,54.3216],[8.8563,54.3392],[8.8644,54.3394],[8.8734,54.3459],[8.8744,54.3473]]]},"properties":{"AGS":"01054063","GEN":"Katharinenheerd","SN_L":"01"}},
{"type":"Feature","geometry":{"type":"Polygon","coordinates":[[[8.924,54.3408],[8.9048,54.3419],[8.8861,54.3519],[8.8744,54.3473],[8.8734,54.3459],[8.8685,54.3394],[8.8828,54.3233],[8.9152,54.3179],[8.924,54.3408]]]},"properties":{"AGS":"01054072","GEN":"Kotzenbüll","SN_L":"01"}},
{"type":"Feature","geometry":{"type":"Polygon","coordinates":[[[8.9163,54.3973],[8.9109,54.4175],[8.8729,54.4053],[8.8774,54.3983],[8.9036,54.3934],[8.9163,54.3973]]]},"properties":{"AGS":"01054090","GEN":"Norderfriedrichskoog","SN_L":"01"}},
{"type":"Feature","geometry":{"type":"Polygon","coordinates":[[[9.0008,54.3758],[8.9687,54.3901],[8.9517,54.4041],[8.9163,54.3973],[8.9036,54.3934],[8.8855,54.3878],[8.8777,54.3742],[8.8776,54.362],[8.8861,54.3519],[8.9048,54.3419],[8.924,54.3408],[8.9547,54.3341],[8.9588,54.3155],[8.9794,54.3243],[8.9945,54.3385],[8.9842,54.3464],[8.9832,54.3619],[9.0008,54.3758]]]},"properties":{"AGS":"01054095","GEN":"Oldenswort","SN_L":"01"}},
{"type":"Feature","geometry":{"type":"Polygon","coordinates":[[[8.7963,54.3768],[8.8087,54.3923],[8.8014,54.4095],[8.7405,54.3999],[8.6989,54.3977],[8.7121,54.3835],[8.7327,54.3756],[8.7496,54.372],[8.7614,54.3772],[8.7963,54.3768]]]},"properties":{"AGS":"01054100","GEN":"Osterhever","SN_L":"01"}},
{"type":"Feature","geometry":{"type":"Polygon","coordinates":[[[8.7963,54.3768],[8.7614,54.3772],[8.7496,54.372],[8.7327,54.3756],[8.7048,54.3764],[8.6896,54.3728],[8.6929,54.368],[8.7049,54.3648],[8.7132,54.3539],[8.7273,54.3547],[8.7467,54.3488],[8.749,54.3411],[8.7508,54.3467],[8.7857,54.3493],[8.7852,54.3639],[8.7963,54.3768]]]},"properties":{"AGS":"01054104","GEN":"Poppenbüll","SN_L":"01"}},
{"type":"Feature","geometry":{"type":"Polygon","coordinates":[[[8.6441,54.3382],[8.6125,54.3445],[8.602,54.341],[8.6032,54.3133],[8.6381,54.2897],[8.6823,54.269],[8.6869,54.2781],[8.7063,54.2884],[8.6671,54.3191],[8.6526,54.3227],[8.655,54.336],[8.6441,54.3382]]]},"properties":{"AGS":"01054113","GEN":"Sankt Peter-Ording","SN_L":"01"}},
{"type":"Feature","geometry":{"type":"Polygon","coordinates":[[[8.749,54.3411],[8.7467,54.3488],[8.7273,54.3547],[8.7132,54.3539],[8.6966,54.3409],[8.6729,54.3408],[8.655,54.336],[8.6526,54.3227],[8.6671,54.3191],[8.7063,54.2884],[8.7397,54.2937],[8.7426,54.3084],[8.749,54.3411]]]},"properties":{"AGS":"01054134","GEN":"Tating","SN_L":"01"}},
{"type":"Feature","geometry":{"type":"Polygon","coordinates":[[[8.8729,54.4053],[8.8569,54.4026],[8.8334,54.4085],[8.8014,54.4095],[8.8087,54.3923],[8.7963,54.3768],[8.7852,54.3639],[8.7857,54.3493],[8.8084,54.3454],[8.8343,54.3431],[8.8744,54.3473],[8.8861,54.3519],[8.8776,54.362],[8.8777,54.3742],[8.8855,54.3878],[8.9036,54.3934],[8.8774,54.3983],[8.8729,54.4053]]]},"properties":{"AGS":"01054135","GEN":"Tetenbüll","SN_L":"01"}},
{"type":"Feature","geometry":{"type":"Polygon","coordinates":[[[8.655,54.336],[8.6729,54.3408],[8.6966,54.3409],[8.7132,54.3539],[8.7049,54.3648],[8.6929,54.368],[8.6877,54.3541],[8.6591,54.347],[8.6528,54.3429],[8.6441,54.3382],[8.655,54.336]]]},"properties":{"AGS":"01054140","GEN":"Tümlauer Koog","SN_L":"01"}},
{"type":"Feature","geometry":{"type":"Polygon","coordinates":[[[8.8213,54.2913],[8.8285,54.3019],[8.8133,54.2954],[8.7938,54.2977],[8.7696,54.2917],[8.7687,54.2886],[8.7917,54.2818],[8.8213,54.2913]]]},"properties":{"AGS":"01054145","GEN":"Vollerwiek","SN_L":"01"}},
{"type":"Feature","geometry":{"type":"MultiPolygon","coordinates":[[[[8.8734,54.3459],[8.8644,54.3394],[8.8685,54.3394],[8.8734,54.3459]]],[[[8.8439,54.3216],[8.8185,54.3168],[8.7847,54.3109],[8.7645,54.3041],[8.7696,54.2917],[8.7938,54.2977],[8.8133,54.2954],[8.8285,54.3019],[8.8439,54.3216]]]]},"properties":{"AGS":"01054148","GEN":"Welt","SN_L":"01"}},
{"type":"Feature","geometry":{"type":"Polygon","coordinates":[[[8.6989,54.3977],[8.6728,54.4005],[8.6495,54.3928],[8.6408,54.3861],[8.6381,54.37],[8.6416,54.3684],[8.6896,54.3728],[8.7048,54.3764],[8.7327,54.3756],[8.7121,54.3835],[8.6989,54.3977]]]},"properties":{"AGS":"01054150","GEN":"Westerhever","SN_L":"01"}},
{"type":"Feature","geometry":{"type":"Polygon","coordinates":[[[8.2944,54.794],[8.2823,54.7957],[8.2805,54.7508],[8.2971,54.746],[8.2945,54.7532],[8.3018,54.773],[8.292,54.786],[8.2944,54.794]]]},"properties":{"AGS":"01054046","GEN":"Hörnum (Sylt)","SN_L":"01"}},
{"type":"Feature","geometry":{"type":"Polygon","coordinates":[[[8.322,54.9497],[8.3467,54.9431],[8.3624,54.9442],[8.3617,54.9578],[8.3531,54.9672],[8.3703,54.9888],[8.3523,54.992],[8.322,54.9497]]]},"properties":{"AGS":"01054061","GEN":"Kampen (Sylt)","SN_L":"01"}},
{"type":"Feature","geometry":{"type":"Polygon","coordinates":[[[8.3703,54.9888],[8.3955,55.0041],[8.439,55.0154],[8.4243,55.0337],[8.3985,55.0363],[8.3992,55.0469],[8.448,55.0498],[8.4203,55.0587],[8.3976,55.0533],[8.3819,55.0357],[8.3523,54.992],[8.3703,54.9888]]]},"properties":{"AGS":"01054078","GEN":"List auf Sylt","SN_L":"01"}},
{"type":"Feature","geometry":{"type":"Polygon","coordinates":[[[8.3624,54.9442],[8.3467,54.9431],[8.322,54.9497],[8.3098,54.9307],[8.3407,54.9244],[8.3617,54.9281],[8.3624,54.9442]]]},"properties":{"AGS":"01054149","GEN":"Wenningstedt-Braderup (Sylt)","SN_L":"01"}},
{"type":"Feature","geometry":{"type":"Polygon","coordinates":[[[9.2474,54.5425],[9.2337,54.5411],[9.2096,54.5479],[9.1988,54.5367],[9.1758,54.5245],[9.1797,54.5184],[9.2041,54.5165],[9.2073,54.5212],[9.2503,54.5236],[9.2474,54.5425]]]},"properties":{"AGS":"01054003","GEN":"Ahrenviöl","SN_L":"01"}},
{"type":"Feature","geometry":{"type":"Polygon","coordinates":[[[9.2903,54.5194],[9.3013,54.5323],[9.2927,54.5365],[9.2559,54.547],[9.2474,54.5425],[9.2503,54.5236],[9.2903,54.5194]]]},"properties":{"AGS":"01054004","GEN":"Ahrenviölfeld","SN_L":"01"}},
{"type":"Feature","geometry":{"type":"Polygon","coordinates":[[[9.2559,54.547],[9.2625,54.5747],[9.2501,54.5785],[9.2068,54.5865],[9.1926,54.5582],[9.2096,54.5479],[9.2337,54.5411],[9.2474,54.5425],[9.2559,54.547]]]},"properties":{"AGS":"01054011","GEN":"Behrendorf","SN_L":"01"}},
{"type":"Feature","geometry":{"type":"Polygon","coordinates":[[[9.3112,54.5532],[9.2921,54.5606],[9.2852,54.5714],[9.2625,54.5747],[9.2559,54.547],[9.2927,54.5365],[9.3112,54.5532]]]},"properties":{"AGS":"01054013","GEN":"Bondelum","SN_L":"01"}},
{"type":"Feature","geometry":{"type":"Polygon","coordinates":[[[9.2109,54.6087],[9.1852,54.6151],[9.1543,54.6103],[9.1447,54.5885],[9.1739,54.5803],[9.2071,54.5872],[9.2228,54.6048],[9.2109,54.6087]]]},"properties":{"AGS":"01054041","GEN":"Haselund","SN_L":"01"}},
{"type":"Feature","geometry":{"type":"Polygon","coordinates":[[[9.2096,54.5479],[9.1926,54.5582],[9.1818,54.5606],[9.1723,54.546],[9.1489,54.5473],[9.1295,54.5538],[9.1406,54.5178],[9.1577,54.5149],[9.1797,54.5184],[9.1758,54.5245],[9.1988,54.5367],[9.2096,54.5479]]]},"properties":{"AGS":"01054057","GEN":"Immenstedt","SN_L":"01"}},
{"type":"Feature","geometry":{"type":"Polygon","coordinates":[[[9.1932,54.6584],[9.1774,54.6541],[9.1453,54.6338],[9.1413,54.626],[9.1293,54.6184],[9.1543,54.6103],[9.1852,54.6151],[9.2109,54.6087],[9.2216,54.6289],[9.2074,54.6313],[9.2226,54.648],[9.1932,54.6584]]]},"properties":{"AGS":"01054079","GEN":"Löwenstedt","SN_L":"01"}},
{"type":"Feature","geometry":{"type":"Polygon","coordinates":[[[9.1543,54.6103],[9.1293,54.6184],[9.1197,54.6205],[9.1032,54.5934],[9.1037,54.5715],[9.1143,54.5719],[9.144,54.5782],[9.1447,54.5885],[9.1543,54.6103]]]},"properties":{"AGS":"01054092","GEN":"Norstedt","SN_L":"01"}},
{"type":"Feature","geometry":{"type":"Polygon","coordinates":[[[9.2864,54.4972],[9.2807,54.5153],[9.2903,54.5194],[9.2503,54.5236],[9.2073,54.5212],[9.2041,54.5165],[9.2188,54.5062],[9.2864,54.4972]]]},"properties":{"AGS":"01054101","GEN":"Oster-Ohrstedt","SN_L":"01"}},
{"type":"Feature","geometry":{"type":"Polygon","coordinates":[[[9.1724,54.4862],[9.157,54.5099],[9.1577,54.5149],[9.1406,54.5178],[9.1049,54.5161],[9.1017,54.5041],[9.0936,54.4816],[9.1143,54.4838],[9.1496,54.4797],[9.1698,54.4857],[9.1724,54.4862]]]},"properties":{"AGS":"01054118","GEN":"Schwesing","SN_L":"01"}},
{"type":"Feature","geometry":{"type":"Polygon","coordinates":[[[9.2664,54.5999],[9.2421,54.6077],[9.2419,54.6146],[9.2216,54.6289],[9.2109,54.6087],[9.2228,54.6048],[9.2071,54.5872],[9.2068,54.5865],[9.2501,54.5785],[9.255,54.5986],[9.2664,54.5999]]]},"properties":{"AGS":"01054123","GEN":"Sollwitt","SN_L":"01"}},
{"type":"Feature","geometry":{"type":"Polygon","coordinates":[[[9.2071,54.5872],[9.1739,54.5803],[9.1447,54.5885],[9.144,54.5782],[9.1143,54.5719],[9.1153,54.5662],[9.0937,54.552],[9.1058,54.5484],[9.1295,54.5538],[9.1489,54.5473],[9.1723,54.546],[9.1818,54.5606],[9.1926,54.5582],[9.2068,54.5865],[9.2071,54.5872]]]},"properties":{"AGS":"01054144","GEN":"Viöl","SN_L":"01"}},
{"type":"Feature","geometry":{"type":"Polygon","coordinates":[[[9.2864,54.4972],[9.2188,54.5062],[9.2041,54.5165],[9.1797,54.5184],[9.1577,54.5149],[9.157,54.5099],[9.1724,54.4862],[9.1864,54.4915],[9.2625,54.4881],[9.3036,54.4775],[9.3119,54.478],[9.2999,54.491],[9.2864,54.4972]]]},"properties":{"AGS":"01054152","GEN":"Wester-Ohrstedt","SN_L":"01"}},
{"type":"Feature","geometry":{"type":"Polygon","coordinates":[[[8.7374,54.6434],[8.7363,54.6439],[8.7198,54.6394],[8.718,54.6403],[8.7191,54.6273],[8.7376,54.6346],[8.7374,54.6434]]]},"properties":{"AGS":"01054039","GEN":"Gröde","SN_L":"01"}},
{"type":"Feature","geometry":{"type":"Polygon","coordinates":[[[8.5182,54.5788],[8.5173,54.5699],[8.5381,54.5648],[8.548,54.557],[8.5737,54.5616],[8.5592,54.5775],[8.5327,54.5752],[8.5182,54.5788]]]},"properties":{"AGS":"01054050","GEN":"Hallig Hooge","SN_L":"01"}},
{"type":"Feature","geometry":{"type":"Polygon","coordinates":[[[8.5353,54.6338],[8.5289,54.6273],[8.5485,54.6203],[8.5846,54.6341],[8.6026,54.633],[8.6468,54.6393],[8.6606,54.6467],[8.6519,54.6576],[8.637,54.6492],[8.6027,54.6419],[8.5388,54.6357],[8.5388,54.6329],[8.5353,54.6338]]]},"properties":{"AGS":"01054074","GEN":"Langeneß","SN_L":"01"}},
{"type":"Feature","geometry":{"type":"Polygon","coordinates":[[[8.7068,54.5487],[8.6925,54.5551],[8.6686,54.5475],[8.6462,54.5464],[8.6299,54.5367],[8.5979,54.5343],[8.5875,54.5278],[8.5922,54.5087],[8.6207,54.49],[8.6381,54.4894],[8.6698,54.4945],[8.6791,54.5],[8.706,54.5376],[8.7068,54.5487]]]},"properties":{"AGS":"01054103","GEN":"Pellworm","SN_L":"01"}},
{"type":"Feature","geometry":{"type":"Polygon","coordinates":[[[8.5176,54.6971],[8.5181,54.7066],[8.5038,54.7445],[8.4847,54.731],[8.4789,54.7218],[8.4842,54.7088],[8.4968,54.6934],[8.516,54.6935],[8.5176,54.6971]]]},"properties":{"AGS":"01054005","GEN":"Alkersum","SN_L":"01"}},
{"type":"Feature","geometry":{"type":"Polygon","coordinates":[[[8.4842,54.7088],[8.4789,54.7218],[8.4597,54.7175],[8.4479,54.7133],[8.4295,54.7063],[8.4291,54.7059],[8.4533,54.6975],[8.4482,54.6928],[8.4509,54.693],[8.4638,54.6943],[8.4715,54.708],[8.4842,54.7088]]]},"properties":{"AGS":"01054015","GEN":"Borgsum","SN_L":"01"}},
{"type":"Feature","geometry":{"type":"Polygon","coordinates":[[[8.4044,54.7301],[8.4245,54.7237],[8.428,54.7302],[8.4369,54.7482],[8.4273,54.7462],[8.4044,54.7301]]]},"properties":{"AGS":"01054025","GEN":"Dunsum","SN_L":"01"}},
{"type":"Feature","geometry":{"type":"Polygon","coordinates":[[[8.5176,54.6971],[8.5352,54.7248],[8.5306,54.7457],[8.5418,54.7554],[8.5342,54.7559],[8.5147,54.7511],[8.5049,54.7518],[8.5038,54.7445],[8.5181,54.7066],[8.5176,54.6971]]]},"properties":{"AGS":"01054083","GEN":"Midlum","SN_L":"01"}},
{"type":"Feature","geometry":{"type":"Polygon","coordinates":[[[8.3794,54.6332],[8.3821,54.6398],[8.362,54.6491],[8.3499,54.6754],[8.3444,54.6693],[8.3044,54.6665],[8.3065,54.6622],[8.3437,54.6312],[8.3794,54.6332]]]},"properties":{"AGS":"01054085","GEN":"Nebel","SN_L":"01"}},
{"type":"Feature","geometry":{"type":"Polygon","coordinates":[[[8.4842,54.7088],[8.4715,54.708],[8.4638,54.6943],[8.4509,54.693],[8.4707,54.6826],[8.4849,54.6803],[8.5258,54.6808],[8.5278,54.6864],[8.5272,54.6934],[8.516,54.6935],[8.4968,54.6934],[8.4842,54.7088]]]},"properties":{"AGS":"01054087","GEN":"Nieblum","SN_L":"01"}},
{"type":"Feature","geometry":{"type":"Polygon","coordinates":[[[8.3044,54.6665],[8.3444,54.6693],[8.3499,54.6754],[8.3359,54.6901],[8.3462,54.7072],[8.327,54.693],[8.3044,54.6665]]]},"properties":{"AGS":"01054089","GEN":"Norddorf auf Amrum","SN_L":"01"}},
{"type":"Feature","geometry":{"type":"Polygon","coordinates":[[[8.5843,54.7302],[8.5817,54.7465],[8.5418,54.7554],[8.5306,54.7457],[8.5352,54.7248],[8.5176,54.6971],[8.516,54.6935],[8.5272,54.6934],[8.5351,54.7131],[8.5557,54.7281],[8.5843,54.7302]]]},"properties":{"AGS":"01054094","GEN":"Oevenum","SN_L":"01"}},
{"type":"Feature","geometry":{"type":"MultiPolygon","coordinates":[[[[8.4479,54.7133],[8.4265,54.7162],[8.4295,54.7063],[8.4479,54.7133]]],[[[8.5049,54.7518],[8.4369,54.7482],[8.428,54.7302],[8.4597,54.7175],[8.4789,54.7218],[8.4847,54.731],[8.5038,54.7445],[8.5049,54.7518]]]]},"properties":{"AGS":"01054098","GEN":"Oldsum","SN_L":"01"}},
{"type":"Feature","geometry":{"type":"Polygon","coordinates":[[[8.4597,54.7175],[8.428,54.7302],[8.4245,54.7237],[8.4265,54.7162],[8.4479,54.7133],[8.4597,54.7175]]]},"properties":{"AGS":"01054129","GEN":"Süderende","SN_L":"01"}},
{"type":"Feature","geometry":{"type":"Polygon","coordinates":[[[8.4245,54.7237],[8.4044,54.7301],[8.395,54.714],[8.4028,54.7002],[8.4268,54.6949],[8.4291,54.7059],[8.4295,54.7063],[8.4265,54.7162],[8.4245,54.7237]]]},"properties":{"AGS":"01054143","GEN":"Utersum","SN_L":"01"}},
{"type":"Feature","geometry":{"type":"Polygon","coordinates":[[[8.4291,54.7059],[8.4268,54.6949],[8.4482,54.6928],[8.4533,54.6975],[8.4291,54.7059]]]},"properties":{"AGS":"01054158","GEN":"Witsum","SN_L":"01"}},
{"type":"Feature","geometry":{"type":"Polygon","coordinates":[[[8.3794,54.6332],[8.3437,54.6312],[8.3611,54.6223],[8.3833,54.6299],[8.3809,54.6322],[8.3794,54.6332]]]},"properties":{"AGS":"01054160","GEN":"Wittdün auf Amrum","SN_L":"01"}},
{"type":"Feature","geometry":{"type":"Polygon","coordinates":[[[8.5843,54.7302],[8.5557,54.7281],[8.5351,54.7131],[8.5272,54.6934],[8.5278,54.6864],[8.5515,54.6959],[8.5741,54.7212],[8.5862,54.7269],[8.5843,54.7302]]]},"properties":{"AGS":"01054163","GEN":"Wrixum","SN_L":"01"}},
{"type":"Feature","geometry":{"type":"Polygon","coordinates":[[[8.5768,54.6962],[8.5857,54.7139],[8.5862,54.7269],[8.5741,54.7212],[8.5515,54.6959],[8.5278,54.6864],[8.5258,54.6808],[8.5665,54.68],[8.5768,54.6925],[8.5768,54.6962]]]},"properties":{"AGS":"01054164","GEN":"Wyk auf Föhr","SN_L":"01"}},
{"type":"Feature","geometry":{"type":"Polygon","coordinates":[[[9.1202,54.7881],[9.0991,54.8151],[9.078,54.8168],[9.0681,54.8122],[9.0234,54.8148],[8.9872,54.797],[8.9791,54.786],[9.0103,54.7754],[9.0353,54.7778],[9.0725,54.7742],[9.0913,54.7842],[9.1076,54.7769],[9.1202,54.7881]]]},"properties":{"AGS":"01054001","GEN":"Achtrup","SN_L":"01"}},
{"type":"Feature","geometry":{"type":"Polygon","coordinates":[[[8.8487,54.8973],[8.837,54.9055],[8.799,54.9046],[8.7763,54.8955],[8.7551,54.8968],[8.7351,54.893],[8.7441,54.8855],[8.7611,54.8809],[8.8042,54.8812],[8.8161,54.8688],[8.8239,54.8788],[8.8399,54.8782],[8.8494,54.888],[8.8487,54.8973]]]},"properties":{"AGS":"01054009","GEN":"Aventoft","SN_L":"01"}},
{"type":"Feature","geometry":{"type":"Polygon","coordinates":[[[8.8725,54.8307],[8.8127,54.8234],[8.8433,54.8062],[8.8696,54.8173],[8.8725,54.8307]]]},"properties":{"AGS":"01054016","GEN":"Bosbüll","SN_L":"01"}},
{"type":"Feature","geometry":{"type":"Polygon","coordinates":[[[8.9448,54.8454],[8.9388,54.8523],[8.8959,54.8584],[8.8954,54.8511],[8.8746,54.8454],[8.8712,54.8364],[8.8725,54.8307],[8.8696,54.8173],[8.8971,54.8235],[8.9131,54.8229],[8.9189,54.8263],[8.9295,54.8304],[8.9326,54.8447],[8.9448,54.8454]]]},"properties":{"AGS":"01054017","GEN":"Braderup","SN_L":"01"}},
{"type":"Feature","geometry":{"type":"Polygon","coordinates":[[[9.106,54.8299],[9.1146,54.8588],[9.1134,54.8735],[9.0786,54.8717],[9.0644,54.8569],[9.0595,54.8431],[9.0706,54.8386],[9.0718,54.8255],[9.0806,54.8203],[9.106,54.8299]]]},"properties":{"AGS":"01054018","GEN":"Bramstedtlund","SN_L":"01"}},
{"type":"Feature","geometry":{"type":"Polygon","coordinates":[[[8.7906,54.7288],[8.7668,54.7249],[8.7621,54.7482],[8.7403,54.7507],[8.7146,54.7385],[8.6942,54.731],[8.7195,54.7257],[8.7411,54.7164],[8.7517,54.6984],[8.7541,54.6819],[8.812,54.6861],[8.8228,54.6918],[8.8474,54.6887],[8.8551,54.6979],[8.8486,54.7106],[8.8406,54.7178],[8.8608,54.7342],[8.8287,54.7157],[8.7906,54.7288]]]},"properties":{"AGS":"01054022","GEN":"Dagebüll","SN_L":"01"}},
{"type":"Feature","geometry":{"type":"Polygon","coordinates":[[[8.973,54.8966],[8.9479,54.9026],[8.892,54.9049],[8.8831,54.9021],[8.8852,54.8955],[8.933,54.8944],[8.9671,54.8744],[8.973,54.8966]]]},"properties":{"AGS":"01054027","GEN":"Ellhöft","SN_L":"01"}},
{"type":"Feature","geometry":{"type":"Polygon","coordinates":[[[8.6419,54.85],[8.6466,54.8779],[8.6294,54.885],[8.6034,54.8857],[8.6127,54.8779],[8.6084,54.8404],[8.6447,54.8186],[8.6474,54.8354],[8.6419,54.85]]]},"properties":{"AGS":"01054034","GEN":"Friedrich-Wilhelm-Lübke-Koog","SN_L":"01"}},
{"type":"Feature","geometry":{"type":"Polygon","coordinates":[[[8.8712,54.8364],[8.8311,54.8348],[8.799,54.8375],[8.8127,54.8234],[8.8725,54.8307],[8.8712,54.8364]]]},"properties":{"AGS":"01054048","GEN":"Holm","SN_L":"01"}},
{"type":"Feature","geometry":{"type":"MultiPolygon","coordinates":[[[[8.88,54.9021],[8.8487,54.8973],[8.8494,54.888],[8.8692,54.8825],[8.88,54.9021]]],[[[8.8399,54.8782],[8.8239,54.8788],[8.8161,54.8688],[8.8013,54.8506],[8.8255,54.8504],[8.8746,54.8454],[8.8954,54.8511],[8.8959,54.8584],[8.8907,54.8671],[8.8399,54.8782]]]]},"properties":{"AGS":"01054055","GEN":"Humptrup","SN_L":"01"}},
{"type":"Feature","geometry":{"type":"Polygon","coordinates":[[[9.0234,54.8148],[9.0252,54.8255],[8.9996,54.8315],[8.9949,54.8411],[8.969,54.8407],[8.951,54.8205],[8.9692,54.8024],[8.9872,54.797],[9.0234,54.8148]]]},"properties":{"AGS":"01054062","GEN":"Karlum","SN_L":"01"}},
{"type":"Feature","geometry":{"type":"Polygon","coordinates":[[[8.6005,54.8872],[8.564,54.8863],[8.5642,54.8839],[8.6034,54.8857],[8.6294,54.885],[8.6466,54.8779],[8.6419,54.85],[8.6769,54.8486],[8.6912,54.8521],[8.6985,54.8755],[8.6485,54.8784],[8.6238,54.8872],[8.6005,54.8872]]]},"properties":{"AGS":"01054065","GEN":"Klanxbüll","SN_L":"01"}},
{"type":"Feature","geometry":{"type":"Polygon","coordinates":[[[8.9131,54.8229],[8.8971,54.8235],[8.8696,54.8173],[8.8433,54.8062],[8.8609,54.7964],[8.8768,54.788],[8.9195,54.7787],[8.9308,54.7775],[8.9427,54.7948],[8.9269,54.7953],[8.9172,54.8041],[8.9131,54.8229]]]},"properties":{"AGS":"01054068","GEN":"Klixbüll","SN_L":"01"}},
{"type":"Feature","geometry":{"type":"Polygon","coordinates":[[[9.0365,54.8758],[8.9949,54.8411],[8.9996,54.8315],[9.0252,54.8255],[9.0234,54.8148],[9.0681,54.8122],[9.078,54.8168],[9.0806,54.8203],[9.0718,54.8255],[9.0706,54.8386],[9.0595,54.8431],[9.0644,54.8569],[9.0786,54.8717],[9.0482,54.8719],[9.0365,54.8758]]]},"properties":{"AGS":"01054073","GEN":"Ladelund","SN_L":"01"}},
{"type":"Feature","geometry":{"type":"Polygon","coordinates":[[[9.0103,54.7754],[8.9791,54.786],[8.9872,54.797],[8.9692,54.8024],[8.9427,54.7948],[8.9308,54.7775],[8.9195,54.7787],[8.9142,54.7637],[8.9255,54.7443],[8.9394,54.7436],[8.9607,54.7408],[9.0073,54.7402],[9.004,54.7544],[9.0156,54.762],[9.0038,54.7684],[9.0103,54.7754]]]},"properties":{"AGS":"01054076","GEN":"Leck","SN_L":"01"}},
{"type":"Feature","geometry":{"type":"Polygon","coordinates":[[[8.9562,54.8448],[8.9448,54.8454],[8.9326,54.8447],[8.9295,54.8304],[8.9189,54.8263],[8.951,54.8205],[8.969,54.8407],[8.9562,54.8448]]]},"properties":{"AGS":"01054077","GEN":"Lexgaard","SN_L":"01"}},
{"type":"Feature","geometry":{"type":"Polygon","coordinates":[[[8.8161,54.8688],[8.8042,54.8812],[8.7611,54.8809],[8.7441,54.8855],[8.7262,54.8853],[8.719,54.8767],[8.6985,54.8755],[8.6912,54.8521],[8.7157,54.839],[8.7275,54.8426],[8.7662,54.8397],[8.7958,54.8398],[8.8013,54.8506],[8.8161,54.8688]]]},"properties":{"AGS":"01054086","GEN":"Neukirchen","SN_L":"01"}},
{"type":"Feature","geometry":{"type":"Polygon","coordinates":[[[8.8109,54.7594],[8.8313,54.7681],[8.8575,54.7846],[8.8609,54.7964],[8.8433,54.8062],[8.8127,54.8234],[8.799,54.8375],[8.7958,54.8398],[8.7662,54.8397],[8.7508,54.8053],[8.7757,54.7919],[8.7959,54.7907],[8.819,54.7818],[8.8011,54.7643],[8.8109,54.7594]]]},"properties":{"AGS":"01054088","GEN":"Niebüll","SN_L":"01"}},
{"type":"Feature","geometry":{"type":"Polygon","coordinates":[[[8.9195,54.7787],[8.8768,54.788],[8.8609,54.7964],[8.8575,54.7846],[8.8313,54.7681],[8.8109,54.7594],[8.811,54.7547],[8.7906,54.7288],[8.8287,54.7157],[8.8608,54.7342],[8.8867,54.7441],[8.8966,54.7559],[8.9142,54.7637],[8.9195,54.7787]]]},"properties":{"AGS":"01054109","GEN":"Risum-Lindholm","SN_L":"01"}},
{"type":"Feature","geometry":{"type":"Polygon","coordinates":[[[8.7351,54.893],[8.728,54.8927],[8.6869,54.9088],[8.638,54.9113],[8.6377,54.8986],[8.6292,54.8917],[8.6005,54.8872],[8.6238,54.8872],[8.6485,54.8784],[8.6985,54.8755],[8.719,54.8767],[8.7262,54.8853],[8.7441,54.8855],[8.7351,54.893]]]},"properties":{"AGS":"01054110","GEN":"Rodenäs","SN_L":"01"}},
{"type":"Feature","geometry":{"type":"Polygon","coordinates":[[[9.1076,54.7769],[9.0913,54.7842],[9.0725,54.7742],[9.0353,54.7778],[9.0103,54.7754],[9.0038,54.7684],[9.0388,54.7658],[9.043,54.755],[9.0783,54.7564],[9.1113,54.7679],[9.1076,54.7769]]]},"properties":{"AGS":"01054124","GEN":"Sprakebüll","SN_L":"01"}},
{"type":"Feature","geometry":{"type":"Polygon","coordinates":[[[9.0783,54.7564],[9.043,54.755],[9.0388,54.7658],[9.0038,54.7684],[9.0156,54.762],[9.004,54.7544],[9.0073,54.7402],[9.0194,54.7392],[9.0221,54.7267],[9.0528,54.7165],[9.0804,54.714],[9.0783,54.7564]]]},"properties":{"AGS":"01054125","GEN":"Stadum","SN_L":"01"}},
{"type":"Feature","geometry":{"type":"Polygon","coordinates":[[[8.9142,54.7637],[8.8966,54.7559],[8.8867,54.7441],[8.8608,54.7342],[8.8406,54.7178],[8.8486,54.7106],[8.8657,54.7131],[8.8772,54.7215],[8.91,54.7239],[8.9289,54.7296],[8.9394,54.7436],[8.9255,54.7443],[8.9142,54.7637]]]},"properties":{"AGS":"01054126","GEN":"Stedesand","SN_L":"01"}},
{"type":"Feature","geometry":{"type":"Polygon","coordinates":[[[8.9671,54.8744],[8.933,54.8944],[8.8852,54.8955],[8.8831,54.9021],[8.88,54.9021],[8.8692,54.8825],[8.8494,54.888],[8.8399,54.8782],[8.8907,54.8671],[8.8959,54.8584],[8.9388,54.8523],[8.9448,54.8454],[8.9562,54.8448],[8.9671,54.8744]]]},"properties":{"AGS":"01054131","GEN":"Süderlügum","SN_L":"01"}},
{"type":"Feature","geometry":{"type":"Polygon","coordinates":[[[8.9189,54.8263],[8.9131,54.8229],[8.9172,54.8041],[8.9269,54.7953],[8.9427,54.7948],[8.9692,54.8024],[8.951,54.8205],[8.9189,54.8263]]]},"properties":{"AGS":"01054136","GEN":"Tinningstedt","SN_L":"01"}},
{"type":"Feature","geometry":{"type":"Polygon","coordinates":[[[8.8746,54.8454],[8.8255,54.8504],[8.8013,54.8506],[8.7958,54.8398],[8.799,54.8375],[8.8311,54.8348],[8.8712,54.8364],[8.8746,54.8454]]]},"properties":{"AGS":"01054142","GEN":"Uphusum","SN_L":"01"}},
{"type":"Feature","geometry":{"type":"Polygon","coordinates":[[[8.9949,54.8411],[9.0365,54.8758],[9.0148,54.8864],[8.973,54.8966],[8.9671,54.8744],[8.9562,54.8448],[8.969,54.8407],[8.9949,54.8411]]]},"properties":{"AGS":"01054154","GEN":"Westre","SN_L":"01"}},
{"type":"Feature","geometry":{"type":"Polygon","coordinates":[[[8.7508,54.8053],[8.7388,54.8101],[8.714,54.7996],[8.6812,54.7905],[8.6923,54.7776],[8.6986,54.7591],[8.7146,54.7385],[8.7403,54.7507],[8.7621,54.7482],[8.7668,54.7249],[8.7906,54.7288],[8.811,54.7547],[8.8109,54.7594],[8.8011,54.7643],[8.819,54.7818],[8.7959,54.7907],[8.7757,54.7919],[8.7508,54.8053]]]},"properties":{"AGS":"01054165","GEN":"Galmsbüll","SN_L":"01"}},
{"type":"Feature","geometry":{"type":"Polygon","coordinates":[[[8.7662,54.8397],[8.7275,54.8426],[8.7157,54.839],[8.6912,54.8521],[8.6769,54.8486],[8.6419,54.85],[8.6474,54.8354],[8.6447,54.8186],[8.6588,54.7957],[8.6812,54.7905],[8.714,54.7996],[8.7388,54.8101],[8.7508,54.8053],[8.7662,54.8397]]]},"properties":{"AGS":"01054166","GEN":"Emmelsbüll-Horsbüll","SN_L":"01"}},
{"type":"Feature","geometry":{"type":"Polygon","coordinates":[[[9.0073,54.7402],[8.9607,54.7408],[8.9394,54.7436],[8.9289,54.7296],[8.9485,54.7273],[8.9664,54.7116],[8.9885,54.7125],[9.0102,54.7078],[9.0278,54.6977],[9.0431,54.6943],[9.0624,54.7008],[9.0805,54.7069],[9.0804,54.714],[9.0528,54.7165],[9.0221,54.7267],[9.0194,54.7392],[9.0073,54.7402]]]},"properties":{"AGS":"01054167","GEN":"Enge-Sande","SN_L":"01"}},
{"type":"Feature","geometry":{"type":"MultiPolygon","coordinates":[[[[9.0447,54.5601],[9.04,54.5651],[9.0387,54.5654],[9.0369,54.5604],[9.0447,54.5601]]],[[[9.0925,54.5521],[9.0555,54.5509],[9.0457,54.5538],[9.043,54.5486],[9.0581,54.5424],[9.0922,54.5269],[9.1004,54.5479],[9.0925,54.5521]]]]},"properties":{"AGS":"01054007","GEN":"Arlewatt","SN_L":"01"}},
{"type":"Feature","geometry":{"type":"Polygon","coordinates":[[[9.1853,54.3562],[9.165,54.3582],[9.1425,54.3652],[9.1469,54.3739],[9.1115,54.3782],[9.1,54.3661],[9.1094,54.3561],[9.1246,54.352],[9.1333,54.3398],[9.1522,54.3369],[9.1429,54.3282],[9.1548,54.3185],[9.176,54.3349],[9.1727,54.3493],[9.1853,54.3562]]]},"properties":{"AGS":"01054023","GEN":"Drage","SN_L":"01"}},
{"type":"Feature","geometry":{"type":"Polygon","coordinates":[[[8.8548,54.5171],[8.8738,54.508],[8.8797,54.4965],[8.8947,54.4953],[8.8964,54.5127],[8.8862,54.52],[8.8645,54.5236],[8.8548,54.5171]]]},"properties":{"AGS":"01054026","GEN":"Elisabeth-Sophien-Koog","SN_L":"01"}},
{"type":"Feature","geometry":{"type":"Polygon","coordinates":[[[9.264,54.3953],[9.2251,54.4016],[9.234,54.3913],[9.2601,54.3835],[9.264,54.3953]]]},"properties":{"AGS":"01054032","GEN":"Fresendelf","SN_L":"01"}},
{"type":"Feature","geometry":{"type":"Polygon","coordinates":[[[9.0494,54.5328],[9.0152,54.5358],[9.0064,54.5335],[9.0076,54.521],[9.0177,54.5127],[9.0409,54.5072],[9.0472,54.5057],[9.0494,54.5328]]]},"properties":{"AGS":"01054042","GEN":"Hattstedt","SN_L":"01"}},
{"type":"Feature","geometry":{"type":"Polygon","coordinates":[[[8.9553,54.5661],[8.8736,54.5554],[8.8779,54.5427],[8.91,54.5436],[8.932,54.5408],[8.9608,54.517],[8.9909,54.5229],[8.9911,54.5348],[9.0064,54.5335],[9.0152,54.5358],[9.0494,54.5328],[9.0581,54.5424],[9.043,54.5486],[9.0369,54.5604],[9.0387,54.5654],[9.0218,54.5661],[8.9961,54.5649],[8.9857,54.5589],[8.9648,54.5605],[8.9553,54.5661]]]},"properties":{"AGS":"01054043","GEN":"Hattstedtermarsch","SN_L":"01"}},
{"type":"Feature","geometry":{"type":"Polygon","coordinates":[[[9.0581,54.5424],[9.0494,54.5328],[9.0472,54.5057],[9.0474,54.5005],[9.1017,54.5041],[9.1049,54.5161],[9.0922,54.5269],[9.0581,54.5424]]]},"properties":{"AGS":"01054052","GEN":"Horstedt","SN_L":"01"}},
{"type":"Feature","geometry":{"type":"Polygon","coordinates":[[[9.234,54.3913],[9.2251,54.4016],[9.208,54.3966],[9.208,54.3859],[9.2302,54.3762],[9.234,54.3913]]]},"properties":{"AGS":"01054054","GEN":"Hude","SN_L":"01"}},
{"type":"Feature","geometry":{"type":"Polygon","coordinates":[[[9.1096,54.409],[9.0825,54.4179],[9.0681,54.4157],[9.0572,54.4272],[9.0634,54.4169],[9.048,54.4106],[9.0305,54.3912],[9.0237,54.3777],[9.0389,54.3678],[9.0522,54.3665],[9.0839,54.3643],[9.07,54.3803],[9.0954,54.387],[9.1155,54.3847],[9.1377,54.3848],[9.1382,54.3961],[9.1119,54.4029],[9.1096,54.409]]]},"properties":{"AGS":"01054070","GEN":"Koldenbüttel","SN_L":"01"}},
{"type":"Feature","geometry":{"type":"Polygon","coordinates":[[[9.1141,54.4476],[9.1301,54.4747],[9.1496,54.4797],[9.1143,54.4838],[9.0936,54.4816],[9.0973,54.4757],[9.0846,54.4584],[9.1141,54.4476]]]},"properties":{"AGS":"01054084","GEN":"Mildstedt","SN_L":"01"}},
{"type":"Feature","geometry":{"type":"Polygon","coordinates":[[[8.9608,54.517],[8.932,54.5408],[8.91,54.5436],[8.8779,54.5427],[8.8645,54.5236],[8.8862,54.52],[8.8964,54.5127],[8.8947,54.4953],[8.8797,54.4965],[8.8738,54.508],[8.8548,54.5171],[8.8373,54.5086],[8.8126,54.5036],[8.8061,54.4959],[8.8181,54.485],[8.8074,54.4699],[8.8418,54.4606],[8.8946,54.4595],[8.9206,54.4695],[8.916,54.4706],[8.9171,54.471],[8.9208,54.4701],[8.9305,54.4911],[8.9469,54.4993],[8.9455,54.5124],[8.9608,54.517]]]},"properties":{"AGS":"01054091","GEN":"Nordstrand","SN_L":"01"}},
{"type":"Feature","geometry":{"type":"Polygon","coordinates":[[[9.192,54.4637],[9.1708,54.465],[9.1507,54.4475],[9.1457,54.4211],[9.1749,54.4217],[9.184,54.4185],[9.1827,54.4442],[9.1948,54.4478],[9.192,54.4637]]]},"properties":{"AGS":"01054096","GEN":"Oldersbek","SN_L":"01"}},
{"type":"Feature","geometry":{"type":"MultiPolygon","coordinates":[[[[9.0369,54.5604],[9.043,54.5486],[9.0457,54.5538],[9.0447,54.5601],[9.0369,54.5604]]],[[[9.1406,54.5178],[9.1295,54.5538],[9.1058,54.5484],[9.0937,54.552],[9.0925,54.5521],[9.1004,54.5479],[9.0922,54.5269],[9.1049,54.5161],[9.1406,54.5178]]]]},"properties":{"AGS":"01054097","GEN":"Olderup","SN_L":"01"}},
{"type":"Feature","geometry":{"type":"Polygon","coordinates":[[[9.3224,54.4605],[9.3032,54.4693],[9.2774,54.4661],[9.2413,54.4713],[9.2272,54.4761],[9.215,54.4678],[9.192,54.4637],[9.1948,54.4478],[9.2245,54.4437],[9.2427,54.448],[9.262,54.4424],[9.2901,54.421],[9.2985,54.43],[9.3111,54.4324],[9.3258,54.4469],[9.3224,54.4605]]]},"properties":{"AGS":"01054099","GEN":"Ostenfeld (Husum)","SN_L":"01"}},
{"type":"Feature","geometry":{"type":"Polygon","coordinates":[[[9.1944,54.4171],[9.184,54.4185],[9.1749,54.4217],[9.1667,54.4094],[9.1454,54.4044],[9.1486,54.3853],[9.1632,54.3891],[9.1837,54.4025],[9.1944,54.4171]]]},"properties":{"AGS":"01054105","GEN":"Ramstedt","SN_L":"01"}},
{"type":"Feature","geometry":{"type":"Polygon","coordinates":[[[9.1398,54.421],[9.1457,54.4211],[9.1507,54.4475],[9.1708,54.465],[9.1698,54.4857],[9.1496,54.4797],[9.1301,54.4747],[9.1141,54.4476],[9.1398,54.421]]]},"properties":{"AGS":"01054106","GEN":"Rantrum","SN_L":"01"}},
{"type":"Feature","geometry":{"type":"MultiPolygon","coordinates":[[[[9.1415,54.4176],[9.1096,54.409],[9.1119,54.4029],[9.1382,54.3961],[9.1377,54.3848],[9.1486,54.3853],[9.1454,54.4044],[9.1415,54.4176]]],[[[9.2757,54.4129],[9.2075,54.4211],[9.1944,54.4171],[9.1837,54.4025],[9.1632,54.3891],[9.1767,54.391],[9.2048,54.3818],[9.208,54.3859],[9.208,54.3966],[9.2251,54.4016],[9.264,54.3953],[9.2757,54.4129]]]]},"properties":{"AGS":"01054116","GEN":"Schwabstedt","SN_L":"01"}},
{"type":"Feature","geometry":{"type":"Polygon","coordinates":[[[9.2048,54.3818],[9.1767,54.391],[9.1632,54.3891],[9.1486,54.3853],[9.1377,54.3848],[9.1155,54.3847],[9.1115,54.3782],[9.1469,54.3739],[9.1425,54.3652],[9.165,54.3582],[9.1853,54.3562],[9.2048,54.3818]]]},"properties":{"AGS":"01054119","GEN":"Seeth","SN_L":"01"}},
{"type":"Feature","geometry":{"type":"Polygon","coordinates":[[[9.0178,54.4737],[9.005,54.4737],[8.9902,54.4601],[8.9636,54.4555],[8.9481,54.4396],[8.9328,54.4338],[8.9578,54.43],[9.0173,54.4282],[9.0086,54.4362],[9.023,54.4447],[9.0178,54.4522],[9.0281,54.469],[9.0251,54.4722],[9.0178,54.4737]]]},"properties":{"AGS":"01054120","GEN":"Simonsberg","SN_L":"01"}},
{"type":"Feature","geometry":{"type":"Polygon","coordinates":[[[9.2601,54.3835],[9.234,54.3913],[9.2302,54.3762],[9.2639,54.3723],[9.2601,54.3835]]]},"properties":{"AGS":"01054130","GEN":"Süderhöft","SN_L":"01"}},
{"type":"Feature","geometry":{"type":"Polygon","coordinates":[[[9.0846,54.4584],[9.0575,54.4652],[9.0281,54.469],[9.0178,54.4522],[9.023,54.4447],[9.0086,54.4362],[9.0173,54.4282],[9.0442,54.4348],[9.0572,54.4272],[9.0681,54.4157],[9.0825,54.4179],[9.1096,54.409],[9.1415,54.4176],[9.1398,54.421],[9.1141,54.4476],[9.0846,54.4584]]]},"properties":{"AGS":"01054132","GEN":"Südermarsch","SN_L":"01"}},
{"type":"Feature","geometry":{"type":"Polygon","coordinates":[[[8.9578,54.43],[8.9328,54.4338],[8.9109,54.4175],[8.9163,54.3973],[8.9517,54.4041],[8.9758,54.4132],[8.9578,54.43]]]},"properties":{"AGS":"01054141","GEN":"Uelvesbüll","SN_L":"01"}},
{"type":"Feature","geometry":{"type":"Polygon","coordinates":[[[9.2901,54.421],[9.262,54.4424],[9.2427,54.448],[9.2245,54.4437],[9.1948,54.4478],[9.1827,54.4442],[9.184,54.4185],[9.1944,54.4171],[9.2075,54.4211],[9.2757,54.4129],[9.2901,54.421]]]},"properties":{"AGS":"01054156","GEN":"Winnert","SN_L":"01"}},
{"type":"Feature","geometry":{"type":"Polygon","coordinates":[[[9.1749,54.4217],[9.1457,54.4211],[9.1398,54.421],[9.1415,54.4176],[9.1454,54.4044],[9.1667,54.4094],[9.1749,54.4217]]]},"properties":{"AGS":"01054157","GEN":"Wisch","SN_L":"01"}},
{"type":"Feature","geometry":{"type":"Polygon","coordinates":[[[9.3119,54.478],[9.3036,54.4775],[9.2625,54.4881],[9.1864,54.4915],[9.1724,54.4862],[9.1698,54.4857],[9.1708,54.465],[9.192,54.4637],[9.215,54.4678],[9.2272,54.4761],[9.2413,54.4713],[9.2774,54.4661],[9.3032,54.4693],[9.3224,54.4605],[9.3132,54.4653],[9.3176,54.4758],[9.3119,54.478]]]},"properties":{"AGS":"01054159","GEN":"Wittbek","SN_L":"01"}},
{"type":"Feature","geometry":{"type":"Polygon","coordinates":[[[9.0572,54.4272],[9.0442,54.4348],[9.0173,54.4282],[8.9578,54.43],[8.9758,54.4132],[8.9517,54.4041],[8.9687,54.3901],[9.0008,54.3758],[9.0237,54.3777],[9.0305,54.3912],[9.048,54.4106],[9.0634,54.4169],[9.0572,54.4272]]]},"properties":{"AGS":"01054161","GEN":"Witzwort","SN_L":"01"}},
{"type":"Feature","geometry":{"type":"Polygon","coordinates":[[[9.0064,54.5335],[8.9911,54.5348],[8.9909,54.5229],[8.9916,54.5209],[9.0076,54.521],[9.0064,54.5335]]]},"properties":{"AGS":"01054162","GEN":"Wobbenbüll","SN_L":"01"}},
{"type":"Feature","geometry":{"type":"Polygon","coordinates":[[[9.1037,54.5715],[9.0604,54.5718],[9.04,54.5651],[9.0447,54.5601],[9.0457,54.5538],[9.0555,54.5509],[9.0925,54.5521],[9.0937,54.552],[9.1153,54.5662],[9.1143,54.5719],[9.1037,54.5715]]]},"properties":{"AGS":"01054002","GEN":"Ahrenshöft","SN_L":"01"}},
{"type":"Feature","geometry":{"type":"Polygon","coordinates":[[[9.0218,54.5661],[9.0298,54.5733],[9.023,54.5882],[9.0295,54.5927],[9.0183,54.6008],[8.9898,54.5724],[8.9961,54.5649],[9.0218,54.5661]]]},"properties":{"AGS":"01054006","GEN":"Almdorf","SN_L":"01"}},
{"type":"Feature","geometry":{"type":"Polygon","coordinates":[[[9.0278,54.6977],[9.0102,54.7078],[8.9885,54.7125],[8.9664,54.7116],[8.9485,54.7273],[8.9289,54.7296],[8.91,54.7239],[8.9053,54.7127],[8.9258,54.7101],[8.9259,54.6978],[8.9774,54.6974],[8.9995,54.6913],[9.0002,54.6758],[9.0141,54.6792],[9.0278,54.6977]]]},"properties":{"AGS":"01054010","GEN":"Bargum","SN_L":"01"}},
{"type":"Feature","geometry":{"type":"Polygon","coordinates":[[[9.1032,54.5934],[9.0398,54.5969],[9.0295,54.5927],[9.023,54.5882],[9.0298,54.5733],[9.0218,54.5661],[9.0387,54.5654],[9.04,54.5651],[9.0604,54.5718],[9.1037,54.5715],[9.1032,54.5934]]]},"properties":{"AGS":"01054012","GEN":"Bohmstedt","SN_L":"01"}},
{"type":"Feature","geometry":{"type":"Polygon","coordinates":[[[9.0311,54.6664],[9.0141,54.6792],[9.0002,54.6758],[8.9833,54.6746],[8.971,54.6591],[8.9539,54.6598],[8.9353,54.6524],[8.909,54.6655],[8.8597,54.6628],[8.8687,54.651],[8.9056,54.6258],[8.9391,54.6141],[8.9727,54.6484],[8.9922,54.6404],[9.0283,54.644],[9.0311,54.6664]]]},"properties":{"AGS":"01054014","GEN":"Bordelum","SN_L":"01"}},
{"type":"Feature","geometry":{"type":"Polygon","coordinates":[[[8.9922,54.6404],[8.9727,54.6484],[8.9391,54.6141],[8.9519,54.602],[8.9813,54.6106],[8.9922,54.6223],[8.9858,54.6314],[8.9922,54.6404]]]},"properties":{"AGS":"01054019","GEN":"Bredstedt","SN_L":"01"}},
{"type":"Feature","geometry":{"type":"Polygon","coordinates":[[[9.0236,54.6162],[9.0173,54.628],[8.9922,54.6223],[8.9813,54.6106],[8.9519,54.602],[8.9608,54.5873],[8.9816,54.5911],[9.0161,54.6022],[9.0236,54.6162]]]},"properties":{"AGS":"01054020","GEN":"Breklum","SN_L":"01"}},
{"type":"Feature","geometry":{"type":"Polygon","coordinates":[[[9.1016,54.6241],[9.0846,54.6263],[9.0688,54.6224],[9.0236,54.6162],[9.0161,54.6022],[9.0183,54.6008],[9.0295,54.5927],[9.0398,54.5969],[9.1032,54.5934],[9.1197,54.6205],[9.1016,54.6241]]]},"properties":{"AGS":"01054024","GEN":"Drelsdorf","SN_L":"01"}},
{"type":"Feature","geometry":{"type":"Polygon","coordinates":[[[9.1776,54.67],[9.1672,54.6865],[9.1717,54.6987],[9.1474,54.6998],[9.1436,54.6927],[9.1245,54.6906],[9.1215,54.6648],[9.1474,54.6688],[9.1776,54.67]]]},"properties":{"AGS":"01054037","GEN":"Goldebek","SN_L":"01"}},
{"type":"Feature","geometry":{"type":"Polygon","coordinates":[[[9.1245,54.6906],[9.0909,54.6936],[9.0674,54.699],[9.0731,54.6693],[9.101,54.6564],[9.1215,54.6648],[9.1245,54.6906]]]},"properties":{"AGS":"01054038","GEN":"Goldelund","SN_L":"01"}},
{"type":"Feature","geometry":{"type":"Polygon","coordinates":[[[9.101,54.6564],[9.0731,54.6693],[9.0311,54.6664],[9.0283,54.644],[9.0337,54.6408],[9.053,54.6344],[9.0789,54.6318],[9.0688,54.6224],[9.0846,54.6263],[9.0966,54.6365],[9.101,54.6564]]]},"properties":{"AGS":"01054045","GEN":"Högel","SN_L":"01"}},
{"type":"Feature","geometry":{"type":"Polygon","coordinates":[[[9.1776,54.67],[9.1474,54.6688],[9.1215,54.6648],[9.101,54.6564],[9.0966,54.6365],[9.0846,54.6263],[9.1016,54.6241],[9.1125,54.6345],[9.1413,54.626],[9.1453,54.6338],[9.1774,54.6541],[9.1932,54.6584],[9.1776,54.67]]]},"properties":{"AGS":"01054059","GEN":"Joldelund","SN_L":"01"}},
{"type":"Feature","geometry":{"type":"Polygon","coordinates":[[[9.1413,54.626],[9.1125,54.6345],[9.1016,54.6241],[9.1197,54.6205],[9.1293,54.6184],[9.1413,54.626]]]},"properties":{"AGS":"01054071","GEN":"Kolkerheide","SN_L":"01"}},
{"type":"Feature","geometry":{"type":"Polygon","coordinates":[[[9.0002,54.6758],[8.9995,54.6913],[8.9774,54.6974],[8.9259,54.6978],[8.9258,54.7101],[8.9053,54.7127],[8.91,54.7239],[8.8772,54.7215],[8.8657,54.7131],[8.8486,54.7106],[8.8551,54.6979],[8.8474,54.6887],[8.8228,54.6918],[8.8434,54.6843],[8.8527,54.664],[8.8621,54.6552],[8.8687,54.651],[8.8597,54.6628],[8.909,54.6655],[8.9353,54.6524],[8.9539,54.6598],[8.971,54.6591],[8.9833,54.6746],[9.0002,54.6758]]]},"properties":{"AGS":"01054075","GEN":"Langenhorn","SN_L":"01"}},
{"type":"Feature","geometry":{"type":"Polygon","coordinates":[[[9.0731,54.6693],[9.0674,54.699],[9.0624,54.7008],[9.0431,54.6943],[9.0278,54.6977],[9.0141,54.6792],[9.0311,54.6664],[9.0731,54.6693]]]},"properties":{"AGS":"01054080","GEN":"Lütjenholm","SN_L":"01"}},
{"type":"Feature","geometry":{"type":"Polygon","coordinates":[[[8.8621,54.6552],[8.8527,54.664],[8.8434,54.6843],[8.8228,54.6918],[8.812,54.6861],[8.7541,54.6819],[8.7818,54.6657],[8.8278,54.6498],[8.8621,54.6552]]]},"properties":{"AGS":"01054093","GEN":"Ockholm","SN_L":"01"}},
{"type":"Feature","geometry":{"type":"Polygon","coordinates":[[[9.0337,54.6408],[9.0283,54.644],[8.9922,54.6404],[8.9858,54.6314],[8.9922,54.6223],[9.0173,54.628],[9.0337,54.6408]]]},"properties":{"AGS":"01054121","GEN":"Sönnebüll","SN_L":"01"}},
{"type":"Feature","geometry":{"type":"Polygon","coordinates":[[[9.0161,54.6022],[8.9816,54.5911],[8.9608,54.5873],[8.9695,54.5743],[8.9553,54.5661],[8.9648,54.5605],[8.9857,54.5589],[8.9961,54.5649],[8.9898,54.5724],[9.0183,54.6008],[9.0161,54.6022]]]},"properties":{"AGS":"01054128","GEN":"Struckum","SN_L":"01"}},
{"type":"Feature","geometry":{"type":"Polygon","coordinates":[[[9.0688,54.6224],[9.0789,54.6318],[9.053,54.6344],[9.0337,54.6408],[9.0173,54.628],[9.0236,54.6162],[9.0688,54.6224]]]},"properties":{"AGS":"01054146","GEN":"Vollstedt","SN_L":"01"}},
{"type":"Feature","geometry":{"type":"Polygon","coordinates":[[[10.5974,54.0712],[10.5746,54.075],[10.5636,54.0682],[10.5576,54.0504],[10.5479,54.0441],[10.5566,54.0311],[10.5392,54.0184],[10.5176,54.0214],[10.5093,54.0278],[10.4887,54.021],[10.4607,53.997],[10.4485,53.9865],[10.4592,53.9894],[10.4901,53.9869],[10.5175,53.9801],[10.5188,53.9578],[10.5444,53.9495],[10.5535,53.9369],[10.576,53.9455],[10.6039,53.9608],[10.6238,53.9659],[10.6509,53.982],[10.6484,54.002],[10.6215,54.0098],[10.6366,54.0249],[10.6095,54.0449],[10.613,54.0539],[10.5974,54.0712]]]},"properties":{"AGS":"01055001","GEN":"Ahrensbök","SN_L":"01"}},
{"type":"Feature","geometry":{"type":"Polygon","coordinates":[[[10.7297,53.9155],[10.7131,53.9336],[10.7058,53.9481],[10.6844,53.9532],[10.6679,53.9443],[10.6609,53.9266],[10.6487,53.9234],[10.6459,53.9077],[10.6693,53.9064],[10.6714,53.9006],[10.7064,53.9123],[10.7297,53.9155]]]},"properties":{"AGS":"01055004","GEN":"Bad Schwartau","SN_L":"01"}},
{"type":"Feature","geometry":{"type":"Polygon","coordinates":[[[10.5916,54.1095],[10.5908,54.1135],[10.546,54.1335],[10.5411,54.1337],[10.53,54.1187],[10.5022,54.1238],[10.4813,54.1186],[10.4803,54.1044],[10.4603,54.1113],[10.4578,54.1176],[10.4347,54.1196],[10.4373,54.1265],[10.4224,54.1162],[10.4274,54.0923],[10.4175,54.0832],[10.4482,54.0674],[10.4542,54.06],[10.4846,54.0584],[10.5052,54.0726],[10.5421,54.0656],[10.5636,54.0682],[10.5746,54.075],[10.5974,54.0712],[10.5909,54.0946],[10.5916,54.1095]]]},"properties":{"AGS":"01055007","GEN":"Bosau","SN_L":"01"}},
{"type":"Feature","geometry":{"type":"Polygon","coordinates":[[[11.0826,54.2465],[11.0737,54.236],[11.0574,54.2318],[11.0498,54.213],[11.0726,54.2071],[11.0785,54.1956],[11.0938,54.1991],[11.0912,54.2186],[11.0826,54.2465]]]},"properties":{"AGS":"01055010","GEN":"Dahme","SN_L":"01"}},
{"type":"Feature","geometry":{"type":"Polygon","coordinates":[[[10.661,54.1875],[10.6252,54.1901],[10.6178,54.1799],[10.5945,54.172],[10.5967,54.1633],[10.5842,54.1567],[10.586,54.1441],[10.5443,54.1442],[10.546,54.1335],[10.5908,54.1135],[10.5916,54.1095],[10.6069,54.1182],[10.6173,54.1146],[10.6568,54.121],[10.6513,54.1392],[10.69,54.1468],[10.6632,54.1532],[10.6673,54.1604],[10.6515,54.1731],[10.661,54.1875]]]},"properties":{"AGS":"01055012","GEN":"Eutin","SN_L":"01"}},
{"type":"Feature","geometry":{"type":"Polygon","coordinates":[[[11.0307,54.2143],[10.9931,54.2069],[10.9536,54.2127],[10.9463,54.2227],[10.9291,54.2042],[10.9419,54.1973],[10.9468,54.1838],[10.9305,54.1763],[10.9139,54.1772],[10.8917,54.1721],[10.902,54.1662],[10.8937,54.1506],[10.9456,54.1366],[10.9432,54.133],[10.9501,54.1373],[11.0474,54.1769],[11.0257,54.1961],[11.0409,54.2084],[11.0307,54.2143]]]},"properties":{"AGS":"01055016","GEN":"Grömitz","SN_L":"01"}},
{"type":"Feature","geometry":{"type":"Polygon","coordinates":[[[11.0826,54.2465],[11.0839,54.2704],[11.0625,54.2681],[11.0141,54.2575],[11.0088,54.2479],[10.9927,54.2397],[11.003,54.2306],[11.0253,54.2242],[11.0307,54.2143],[11.0409,54.2084],[11.0498,54.213],[11.0574,54.2318],[11.0737,54.236],[11.0826,54.2465]]]},"properties":{"AGS":"01055018","GEN":"Grube","SN_L":"01"}},
{"type":"Feature","geometry":{"type":"Polygon","coordinates":[[[10.9764,54.3814],[10.9518,54.3845],[10.9226,54.3778],[10.9378,54.3605],[10.9342,54.349],[10.9715,54.353],[10.9986,54.3508],[11.0017,54.3582],[11.0221,54.3678],[11.0072,54.3728],[10.9986,54.3696],[10.9801,54.376],[10.9862,54.3801],[10.998,54.3752],[11.0188,54.3764],[11.0146,54.3807],[10.9805,54.3818],[10.9764,54.3814]]]},"properties":{"AGS":"01055021","GEN":"Heiligenhafen","SN_L":"01"}},
{"type":"Feature","geometry":{"type":"Polygon","coordinates":[[[11.0785,54.1956],[11.0726,54.2071],[11.0498,54.213],[11.0409,54.2084],[11.0257,54.1961],[11.0474,54.1769],[11.0785,54.1956]]]},"properties":{"AGS":"01055025","GEN":"Kellenhusen (Ostsee)","SN_L":"01"}},
{"type":"Feature","geometry":{"type":"Polygon","coordinates":[[[10.6064,54.2347],[10.5865,54.23],[10.5735,54.2354],[10.5406,54.228],[10.5391,54.2051],[10.526,54.1861],[10.4951,54.1847],[10.4829,54.1773],[10.4944,54.168],[10.5161,54.1399],[10.5411,54.1337],[10.546,54.1335],[10.5443,54.1442],[10.586,54.1441],[10.5842,54.1567],[10.5967,54.1633],[10.5945,54.172],[10.6178,54.1799],[10.6252,54.1901],[10.661,54.1875],[10.6765,54.1913],[10.6695,54.2073],[10.6511,54.2162],[10.6061,54.2252],[10.6064,54.2347]]]},"properties":{"AGS":"01055028","GEN":"Malente","SN_L":"01"}},
{"type":"Feature","geometry":{"type":"Polygon","coordinates":[[[10.8344,54.13],[10.8134,54.1279],[10.7897,54.1013],[10.7878,54.0855],[10.7998,54.0841],[10.8067,54.0918],[10.8005,54.0927],[10.8007,54.0988],[10.8147,54.093],[10.8239,54.089],[10.8775,54.088],[10.8952,54.0983],[10.8728,54.1098],[10.8357,54.1092],[10.8408,54.1164],[10.8344,54.13]]]},"properties":{"AGS":"01055032","GEN":"Neustadt in Holstein","SN_L":"01"}},
{"type":"Feature","geometry":{"type":"Polygon","coordinates":[[[10.931,54.3028],[10.9002,54.3066],[10.8864,54.3286],[10.869,54.335],[10.857,54.3311],[10.8424,54.3389],[10.7992,54.3162],[10.8151,54.3021],[10.8406,54.2941],[10.8405,54.2877],[10.8655,54.272],[10.8479,54.2632],[10.833,54.2629],[10.8564,54.2574],[10.8825,54.2614],[10.8952,54.2691],[10.923,54.2616],[10.9328,54.2665],[10.9174,54.2718],[10.931,54.3028]]]},"properties":{"AGS":"01055033","GEN":"Oldenburg in Holstein","SN_L":"01"}},
{"type":"Feature","geometry":{"type":"Polygon","coordinates":[[[10.7535,54.0063],[10.7452,54.018],[10.7197,54.0117],[10.7072,54.003],[10.6844,53.9961],[10.6891,53.985],[10.6624,53.977],[10.6844,53.9532],[10.7058,53.9481],[10.7131,53.9336],[10.7297,53.9155],[10.7508,53.9219],[10.7751,53.9215],[10.781,53.9284],[10.8018,53.9297],[10.8287,53.9456],[10.8253,53.9528],[10.8321,53.9717],[10.8497,53.9802],[10.8487,53.9865],[10.8175,53.9859],[10.8005,53.9685],[10.7824,53.9579],[10.7627,53.9614],[10.7448,53.9768],[10.7402,53.9938],[10.7535,54.0063]]]},"properties":{"AGS":"01055035","GEN":"Ratekau","SN_L":"01"}},
{"type":"Feature","geometry":{"type":"Polygon","coordinates":[[[10.6844,53.9532],[10.6624,53.977],[10.6509,53.982],[10.6238,53.9659],[10.6039,53.9608],[10.576,53.9455],[10.5535,53.9369],[10.5506,53.9294],[10.5339,53.9188],[10.5453,53.9095],[10.5793,53.9063],[10.5796,53.8976],[10.6051,53.8899],[10.6298,53.8903],[10.6378,53.8796],[10.6534,53.8862],[10.6561,53.8941],[10.6714,53.9006],[10.6693,53.9064],[10.6459,53.9077],[10.6487,53.9234],[10.6609,53.9266],[10.6679,53.9443],[10.6844,53.9532]]]},"properties":{"AGS":"01055040","GEN":"Stockelsdorf","SN_L":"01"}},
{"type":"Feature","geometry":{"type":"Polygon","coordinates":[[[10.7241,54.1277],[10.7111,54.1167],[10.6972,54.1216],[10.7,54.1311],[10.69,54.1468],[10.6513,54.1392],[10.6568,54.121],[10.6173,54.1146],[10.6069,54.1182],[10.5916,54.1095],[10.5909,54.0946],[10.5974,54.0712],[10.613,54.0539],[10.6326,54.0552],[10.6362,54.0473],[10.6673,54.0506],[10.6834,54.0458],[10.7082,54.0614],[10.7214,54.0608],[10.7322,54.0724],[10.7275,54.0854],[10.7123,54.095],[10.7483,54.0969],[10.7608,54.1084],[10.7527,54.1226],[10.7351,54.1207],[10.7241,54.1277]]]},"properties":{"AGS":"01055041","GEN":"Süsel","SN_L":"01"}},
{"type":"Feature","geometry":{"type":"Polygon","coordinates":[[[10.8409,53.9919],[10.8238,53.9948],[10.8039,53.9921],[10.7872,53.9974],[10.7729,54.0092],[10.7535,54.0063],[10.7402,53.9938],[10.7448,53.9768],[10.7627,53.9614],[10.7824,53.9579],[10.8005,53.9685],[10.8175,53.9859],[10.8487,53.9865],[10.8409,53.9919]]]},"properties":{"AGS":"01055042","GEN":"Timmendorfer Strand","SN_L":"01"}},
{"type":"Feature","geometry":{"type":"Polygon","coordinates":[[[10.7214,54.0608],[10.7082,54.0614],[10.6834,54.0458],[10.6673,54.0506],[10.6362,54.0473],[10.6326,54.0552],[10.613,54.0539],[10.6095,54.0449],[10.6366,54.0249],[10.6215,54.0098],[10.6484,54.002],[10.6509,53.982],[10.6624,53.977],[10.6891,53.985],[10.6844,53.9961],[10.7072,54.003],[10.7197,54.0117],[10.7452,54.018],[10.7535,54.0063],[10.7729,54.0092],[10.7602,54.0246],[10.7557,54.0314],[10.7513,54.0389],[10.751,54.045],[10.7554,54.0541],[10.7214,54.0608]]]},"properties":{"AGS":"01055044","GEN":"Scharbeutz","SN_L":"01"}},
{"type":"Feature","geometry":{"type":"Polygon","coordinates":[[[11.2258,54.505],[11.1968,54.5091],[11.1655,54.5225],[11.1353,54.5241],[11.0791,54.5313],[11.0682,54.5361],[11.0442,54.5229],[11.0312,54.5118],[11.0103,54.4826],[11.0043,54.449],[11.0216,54.4378],[11.037,54.4465],[11.0632,54.4528],[11.0968,54.4411],[11.0974,54.4362],[11.0951,54.4095],[11.121,54.4021],[11.173,54.4015],[11.1869,54.4088],[11.1731,54.4196],[11.197,54.4199],[11.196,54.4075],[11.226,54.4122],[11.255,54.4113],[11.2743,54.4064],[11.3127,54.4023],[11.2981,54.4308],[11.2794,54.4459],[11.2758,54.4563],[11.2535,54.4711],[11.2424,54.4935],[11.2334,54.5017],[11.2258,54.505]]]},"properties":{"AGS":"01055046","GEN":"Fehmarn","SN_L":"01"}},
{"type":"Feature","geometry":{"type":"Polygon","coordinates":[[[10.9604,54.3021],[10.9533,54.3078],[10.931,54.3028],[10.9174,54.2718],[10.9328,54.2665],[10.962,54.2636],[10.9783,54.2498],[10.998,54.2526],[11.0166,54.2719],[10.993,54.2899],[10.9644,54.2875],[10.9604,54.3021]]]},"properties":{"AGS":"01055014","GEN":"Göhl","SN_L":"01"}},
{"type":"Feature","geometry":{"type":"Polygon","coordinates":[[[10.9986,54.3508],[10.9715,54.353],[10.9342,54.349],[10.9378,54.3605],[10.9226,54.3778],[10.9097,54.3689],[10.874,54.3592],[10.8424,54.3389],[10.857,54.3311],[10.869,54.335],[10.8864,54.3286],[10.9002,54.3066],[10.931,54.3028],[10.9533,54.3078],[10.9604,54.3021],[10.9732,54.3046],[10.978,54.3141],[10.9705,54.3325],[10.9946,54.3342],[11.0077,54.3432],[10.9986,54.3508]]]},"properties":{"AGS":"01055015","GEN":"Gremersdorf","SN_L":"01"}},
{"type":"Feature","geometry":{"type":"Polygon","coordinates":[[[11.0851,54.355],[11.1259,54.374],[11.1288,54.3899],[11.1094,54.3938],[11.1039,54.3948],[11.091,54.3919],[11.0787,54.3798],[11.0221,54.3678],[11.0017,54.3582],[10.9986,54.3508],[11.0077,54.3432],[11.0345,54.3516],[11.0599,54.3554],[11.0851,54.355]]]},"properties":{"AGS":"01055017","GEN":"Großenbrode","SN_L":"01"}},
{"type":"Feature","geometry":{"type":"Polygon","coordinates":[[[10.978,54.3141],[10.9732,54.3046],[10.9604,54.3021],[10.9644,54.2875],[10.993,54.2899],[11.0166,54.2719],[10.998,54.2526],[11.0088,54.2479],[11.0141,54.2575],[11.0625,54.2681],[11.0839,54.2704],[11.0767,54.3026],[11.0354,54.296],[11.0146,54.3113],[11.0038,54.3094],[10.978,54.3141]]]},"properties":{"AGS":"01055022","GEN":"Heringsdorf","SN_L":"01"}},
{"type":"Feature","geometry":{"type":"Polygon","coordinates":[[[11.0719,54.3422],[11.0599,54.3554],[11.0345,54.3516],[11.0077,54.3432],[10.9946,54.3342],[10.9705,54.3325],[10.978,54.3141],[11.0038,54.3094],[11.0146,54.3113],[11.0354,54.296],[11.0767,54.3026],[11.0719,54.3422]]]},"properties":{"AGS":"01055031","GEN":"Neukirchen","SN_L":"01"}},
{"type":"Feature","geometry":{"type":"Polygon","coordinates":[[[10.833,54.2629],[10.8479,54.2632],[10.8655,54.272],[10.8405,54.2877],[10.8406,54.2941],[10.8151,54.3021],[10.7992,54.3162],[10.7587,54.306],[10.7398,54.3096],[10.7138,54.3051],[10.7175,54.2941],[10.7063,54.2883],[10.7123,54.2745],[10.729,54.2701],[10.7151,54.2587],[10.7168,54.2429],[10.699,54.232],[10.7,54.224],[10.7116,54.2191],[10.7299,54.2296],[10.7531,54.2306],[10.7821,54.2279],[10.794,54.2348],[10.7997,54.2427],[10.8228,54.2531],[10.833,54.2629]]]},"properties":{"AGS":"01055043","GEN":"Wangels","SN_L":"01"}},
{"type":"Feature","geometry":{"type":"Polygon","coordinates":[[[10.9003,54.2077],[10.8871,54.2116],[10.8696,54.2042],[10.8624,54.1901],[10.8519,54.1866],[10.8635,54.1767],[10.8903,54.1739],[10.9,54.1927],[10.9003,54.2077]]]},"properties":{"AGS":"01055006","GEN":"Beschendorf","SN_L":"01"}},
{"type":"Feature","geometry":{"type":"Polygon","coordinates":[[[10.9241,54.2397],[10.923,54.2616],[10.8952,54.2691],[10.8825,54.2614],[10.8953,54.2297],[10.9133,54.231],[10.9241,54.2397]]]},"properties":{"AGS":"01055011","GEN":"Damlos","SN_L":"01"}},
{"type":"Feature","geometry":{"type":"Polygon","coordinates":[[[10.8564,54.2574],[10.833,54.2629],[10.8228,54.2531],[10.7997,54.2427],[10.794,54.2348],[10.8078,54.2192],[10.7817,54.2132],[10.8126,54.1966],[10.8366,54.2136],[10.85,54.2149],[10.8384,54.2314],[10.8474,54.2518],[10.8564,54.2574]]]},"properties":{"AGS":"01055020","GEN":"Harmsdorf","SN_L":"01"}},
{"type":"Feature","geometry":{"type":"Polygon","coordinates":[[[10.9241,54.2397],[10.9133,54.231],[10.9185,54.2214],[10.9105,54.2096],[10.9291,54.2042],[10.9463,54.2227],[10.9447,54.2318],[10.9241,54.2397]]]},"properties":{"AGS":"01055023","GEN":"Kabelhorst","SN_L":"01"}},
{"type":"Feature","geometry":{"type":"Polygon","coordinates":[[[10.8825,54.2614],[10.8564,54.2574],[10.8474,54.2518],[10.8384,54.2314],[10.85,54.2149],[10.8366,54.2136],[10.8126,54.1966],[10.8174,54.1807],[10.8196,54.1866],[10.8519,54.1866],[10.8624,54.1901],[10.8696,54.2042],[10.8871,54.2116],[10.9003,54.2077],[10.9105,54.2096],[10.9185,54.2214],[10.9133,54.231],[10.8953,54.2297],[10.8825,54.2614]]]},"properties":{"AGS":"01055027","GEN":"Lensahn","SN_L":"01"}},
{"type":"Feature","geometry":{"type":"Polygon","coordinates":[[[10.9291,54.2042],[10.9105,54.2096],[10.9003,54.2077],[10.9,54.1927],[10.8903,54.1739],[10.8917,54.1721],[10.9139,54.1772],[10.9305,54.1763],[10.9468,54.1838],[10.9419,54.1973],[10.9291,54.2042]]]},"properties":{"AGS":"01055029","GEN":"Manhagen","SN_L":"01"}},
{"type":"Feature","geometry":{"type":"Polygon","coordinates":[[[10.9328,54.2665],[10.923,54.2616],[10.9241,54.2397],[10.9447,54.2318],[10.9463,54.2227],[10.9536,54.2127],[10.9931,54.2069],[11.0307,54.2143],[11.0253,54.2242],[11.003,54.2306],[10.9927,54.2397],[11.0088,54.2479],[10.998,54.2526],[10.9783,54.2498],[10.962,54.2636],[10.9328,54.2665]]]},"properties":{"AGS":"01055036","GEN":"Riepsdorf","SN_L":"01"}},
{"type":"Feature","geometry":{"type":"Polygon","coordinates":[[[10.8344,54.13],[10.844,54.1562],[10.8314,54.1738],[10.8309,54.1697],[10.7937,54.1554],[10.7893,54.1623],[10.7659,54.1683],[10.7432,54.1637],[10.7395,54.1532],[10.7273,54.1493],[10.7241,54.1277],[10.7351,54.1207],[10.7527,54.1226],[10.7608,54.1084],[10.7747,54.111],[10.7897,54.1013],[10.8134,54.1279],[10.8344,54.13]]]},"properties":{"AGS":"01055002","GEN":"Altenkrempe","SN_L":"01"}},
{"type":"Feature","geometry":{"type":"Polygon","coordinates":[[[10.7659,54.1683],[10.777,54.1807],[10.7497,54.1782],[10.7111,54.1894],[10.7211,54.1979],[10.699,54.202],[10.6765,54.1913],[10.661,54.1875],[10.6515,54.1731],[10.6673,54.1604],[10.6632,54.1532],[10.69,54.1468],[10.7,54.1311],[10.6972,54.1216],[10.7111,54.1167],[10.7241,54.1277],[10.7273,54.1493],[10.7395,54.1532],[10.7432,54.1637],[10.7659,54.1683]]]},"properties":{"AGS":"01055024","GEN":"Kasseedorf","SN_L":"01"}},
{"type":"Feature","geometry":{"type":"Polygon","coordinates":[[[10.8519,54.1866],[10.8196,54.1866],[10.8174,54.1807],[10.8314,54.1738],[10.844,54.1562],[10.8344,54.13],[10.8408,54.1164],[10.8357,54.1092],[10.8728,54.1098],[10.8952,54.0983],[10.9262,54.1184],[10.9432,54.133],[10.9456,54.1366],[10.8937,54.1506],[10.902,54.1662],[10.8917,54.1721],[10.8903,54.1739],[10.8635,54.1767],[10.8519,54.1866]]]},"properties":{"AGS":"01055037","GEN":"Schashagen","SN_L":"01"}},
{"type":"Feature","geometry":{"type":"Polygon","coordinates":[[[10.8126,54.1966],[10.7817,54.2132],[10.8078,54.2192],[10.794,54.2348],[10.7821,54.2279],[10.7531,54.2306],[10.7299,54.2296],[10.7116,54.2191],[10.7163,54.2144],[10.699,54.202],[10.7211,54.1979],[10.7111,54.1894],[10.7497,54.1782],[10.777,54.1807],[10.7659,54.1683],[10.7893,54.1623],[10.7937,54.1554],[10.8309,54.1697],[10.8314,54.1738],[10.8174,54.1807],[10.8126,54.1966]]]},"properties":{"AGS":"01055038","GEN":"Schönwalde am Bungsberg","SN_L":"01"}},
{"type":"Feature","geometry":{"type":"Polygon","coordinates":[[[10.7897,54.1013],[10.7747,54.111],[10.7608,54.1084],[10.7483,54.0969],[10.7123,54.095],[10.7275,54.0854],[10.7322,54.0724],[10.7214,54.0608],[10.7554,54.0541],[10.7919,54.076],[10.7998,54.0841],[10.7878,54.0855],[10.7897,54.1013]]]},"properties":{"AGS":"01055039","GEN":"Sierksdorf","SN_L":"01"}},
{"type":"Feature","geometry":{"type":"MultiPolygon","coordinates":[[[[9.8317,53.8254],[9.8214,53.8259],[9.8209,53.8055],[9.8317,53.8254]]],[[[9.8099,53.8015],[9.78,53.8118],[9.7638,53.8237],[9.7498,53.8197],[9.7405,53.8117],[9.7538,53.7997],[9.7454,53.7932],[9.7345,53.7725],[9.7486,53.7779],[9.7705,53.7704],[9.774,53.7789],[9.8099,53.8015]]]]},"properties":{"AGS":"01056002","GEN":"Barmstedt","SN_L":"01"}},
{"type":"Feature","geometry":{"type":"Polygon","coordinates":[[[9.9355,53.678],[9.8887,53.6956],[9.8781,53.6874],[9.8798,53.6773],[9.902,53.6606],[9.9066,53.6525],[9.9454,53.6529],[9.9355,53.678]]]},"properties":{"AGS":"01056005","GEN":"Bönningstedt","SN_L":"01"}},
{"type":"Feature","geometry":{"type":"Polygon","coordinates":[[[9.6801,53.7752],[9.6487,53.7816],[9.6342,53.7712],[9.6375,53.7604],[9.6215,53.7445],[9.6421,53.7295],[9.6716,53.7288],[9.692,53.7394],[9.7097,53.7355],[9.72,53.7453],[9.6887,53.7523],[9.6811,53.7633],[9.6912,53.7708],[9.6801,53.7752]]]},"properties":{"AGS":"01056015","GEN":"Elmshorn","SN_L":"01"}},
{"type":"Feature","geometry":{"type":"Polygon","coordinates":[[[9.8839,53.6215],[9.8707,53.6306],[9.8292,53.6481],[9.818,53.6342],[9.8026,53.6269],[9.8026,53.613],[9.8514,53.6125],[9.868,53.6093],[9.8839,53.6215]]]},"properties":{"AGS":"01056018","GEN":"Halstenbek","SN_L":"01"}},
{"type":"Feature","geometry":{"type":"Polygon","coordinates":[[[9.9525,53.7141],[9.9222,53.7128],[9.8849,53.7037],[9.8887,53.6956],[9.9355,53.678],[9.9431,53.6874],[9.941,53.6973],[9.9525,53.7141]]]},"properties":{"AGS":"01056021","GEN":"Hasloh","SN_L":"01"}},
{"type":"Feature","geometry":{"type":"Polygon","coordinates":[[[7.8839,54.1889],[7.8771,54.1845],[7.8896,54.1723],[7.8839,54.1889]]]},"properties":{"AGS":"01056025","GEN":"Helgoland","SN_L":"01"}},
{"type":"Feature","geometry":{"type":"Polygon","coordinates":[[[9.8214,53.6754],[9.8082,53.676],[9.7956,53.6843],[9.7796,53.6833],[9.7719,53.663],[9.7662,53.6615],[9.7703,53.6275],[9.7706,53.6162],[9.7949,53.61],[9.8026,53.613],[9.8026,53.6269],[9.818,53.6342],[9.8292,53.6481],[9.8139,53.6528],[9.8123,53.6655],[9.82,53.6742],[9.8214,53.6754]]]},"properties":{"AGS":"01056039","GEN":"Pinneberg","SN_L":"01"}},
{"type":"Feature","geometry":{"type":"Polygon","coordinates":[[[9.9847,53.76],[9.9661,53.768],[9.9406,53.752],[9.8922,53.7523],[9.864,53.7614],[9.8682,53.7521],[9.8353,53.7419],[9.8261,53.7293],[9.8484,53.7077],[9.8578,53.7103],[9.8849,53.7037],[9.9222,53.7128],[9.9525,53.7141],[9.9787,53.7428],[9.9847,53.76]]]},"properties":{"AGS":"01056041","GEN":"Quickborn","SN_L":"01"}},
{"type":"Feature","geometry":{"type":"Polygon","coordinates":[[[9.849,53.6644],[9.8332,53.6648],[9.82,53.6742],[9.8123,53.6655],[9.8139,53.6528],[9.8292,53.6481],[9.8707,53.6306],[9.8839,53.6215],[9.8969,53.6349],[9.8785,53.6443],[9.849,53.6644]]]},"properties":{"AGS":"01056043","GEN":"Rellingen","SN_L":"01"}},
{"type":"Feature","geometry":{"type":"Polygon","coordinates":[[[9.868,53.6093],[9.8514,53.6125],[9.8026,53.613],[9.7949,53.61],[9.7896,53.604],[9.8162,53.5862],[9.8367,53.5875],[9.8581,53.5996],[9.868,53.6093]]]},"properties":{"AGS":"01056044","GEN":"Schenefeld","SN_L":"01"}},
{"type":"Feature","geometry":{"type":"Polygon","coordinates":[[[9.742,53.7239],[9.7145,53.7236],[9.6997,53.7115],[9.7022,53.7002],[9.7002,53.6794],[9.7059,53.6728],[9.719,53.6802],[9.7318,53.673],[9.7459,53.6748],[9.7539,53.6945],[9.7682,53.6955],[9.7809,53.707],[9.759,53.7214],[9.742,53.7239]]]},"properties":{"AGS":"01056048","GEN":"Tornesch","SN_L":"01"}},
{"type":"Feature","geometry":{"type":"Polygon","coordinates":[[[9.7022,53.7002],[9.6868,53.7029],[9.6587,53.6964],[9.6402,53.689],[9.6257,53.6971],[9.6123,53.6939],[9.6425,53.6779],[9.6851,53.6781],[9.6955,53.6707],[9.7059,53.6728],[9.7002,53.6794],[9.7022,53.7002]]]},"properties":{"AGS":"01056049","GEN":"Uetersen","SN_L":"01"}},
{"type":"Feature","geometry":{"type":"MultiPolygon","coordinates":[[[[9.7303,53.558],[9.7163,53.5585],[9.7301,53.5576],[9.7303,53.558]]],[[[9.7344,53.5652],[9.7397,53.5831],[9.7556,53.6025],[9.758,53.6181],[9.7555,53.6193],[9.7218,53.6174],[9.699,53.6107],[9.6603,53.6069],[9.661,53.5945],[9.6457,53.588],[9.6736,53.5717],[9.7344,53.5652]]]]},"properties":{"AGS":"01056050","GEN":"Wedel","SN_L":"01"}},
{"type":"Feature","geometry":{"type":"Polygon","coordinates":[[[9.7097,53.7355],[9.692,53.7394],[9.6716,53.7288],[9.6421,53.7295],[9.6343,53.7237],[9.6326,53.7085],[9.6548,53.709],[9.6629,53.7161],[9.6997,53.7115],[9.7145,53.7236],[9.7097,53.7355]]]},"properties":{"AGS":"01056029","GEN":"Klein Nordende","SN_L":"01"}},
{"type":"Feature","geometry":{"type":"Polygon","coordinates":[[[9.6934,53.829],[9.6718,53.8342],[9.6618,53.8026],[9.6487,53.7816],[9.6801,53.7752],[9.7015,53.7835],[9.7067,53.7954],[9.7154,53.8024],[9.6966,53.8148],[9.697,53.8238],[9.6928,53.8249],[9.6934,53.829]]]},"properties":{"AGS":"01056030","GEN":"Klein Offenseth-Sparrieshoop","SN_L":"01"}},
{"type":"Feature","geometry":{"type":"Polygon","coordinates":[[[9.7287,53.7691],[9.7155,53.766],[9.6912,53.7708],[9.6811,53.7633],[9.6887,53.7523],[9.72,53.7453],[9.7407,53.7515],[9.7291,53.7571],[9.7287,53.7691]]]},"properties":{"AGS":"01056031","GEN":"Kölln-Reisiek","SN_L":"01"}},
{"type":"Feature","geometry":{"type":"Polygon","coordinates":[[[9.6421,53.7295],[9.6215,53.7445],[9.5836,53.722],[9.5697,53.7177],[9.5818,53.7151],[9.5853,53.7011],[9.6011,53.7011],[9.6132,53.7078],[9.6326,53.7085],[9.6343,53.7237],[9.6421,53.7295]]]},"properties":{"AGS":"01056033","GEN":"Seester","SN_L":"01"}},
{"type":"Feature","geometry":{"type":"Polygon","coordinates":[[[9.5836,53.722],[9.6215,53.7445],[9.6375,53.7604],[9.6342,53.7712],[9.5642,53.7515],[9.5836,53.722]]]},"properties":{"AGS":"01056042","GEN":"Raa-Besenbek","SN_L":"01"}},
{"type":"Feature","geometry":{"type":"MultiPolygon","coordinates":[[[[9.5301,53.6752],[9.5161,53.7039],[9.5004,53.7105],[9.4961,53.7097],[9.512,53.6853],[9.5197,53.6743],[9.5207,53.6729],[9.5301,53.6752]]],[[[9.5853,53.7011],[9.5818,53.7151],[9.5697,53.7177],[9.5176,53.7139],[9.5262,53.7067],[9.5485,53.6748],[9.5671,53.6695],[9.584,53.6729],[9.5725,53.6839],[9.5853,53.7011]]]]},"properties":{"AGS":"01056045","GEN":"Seestermühe","SN_L":"01"}},
{"type":"Feature","geometry":{"type":"Polygon","coordinates":[[[9.7657,53.7388],[9.7533,53.7494],[9.7407,53.7515],[9.72,53.7453],[9.7097,53.7355],[9.7145,53.7236],[9.742,53.7239],[9.7522,53.7345],[9.7657,53.7388]]]},"properties":{"AGS":"01056046","GEN":"Seeth-Ekholt","SN_L":"01"}},
{"type":"Feature","geometry":{"type":"Polygon","coordinates":[[[9.7926,53.8605],[9.7636,53.8732],[9.7514,53.893],[9.7281,53.8916],[9.7137,53.8908],[9.7073,53.881],[9.7201,53.869],[9.7298,53.8536],[9.7494,53.845],[9.7926,53.8605]]]},"properties":{"AGS":"01056006","GEN":"Bokel","SN_L":"01"}},
{"type":"Feature","geometry":{"type":"Polygon","coordinates":[[[9.7494,53.845],[9.7298,53.8536],[9.7201,53.869],[9.6999,53.8593],[9.6968,53.8511],[9.6761,53.8472],[9.6744,53.8414],[9.6718,53.8342],[9.6934,53.829],[9.6928,53.8249],[9.697,53.8238],[9.738,53.8344],[9.7433,53.8276],[9.7494,53.845]]]},"properties":{"AGS":"01056010","GEN":"Brande-Hörnerkirchen","SN_L":"01"}},
{"type":"Feature","geometry":{"type":"Polygon","coordinates":[[[9.7201,53.869],[9.7073,53.881],[9.7137,53.8908],[9.693,53.8901],[9.6742,53.8894],[9.6867,53.8801],[9.6921,53.8604],[9.6999,53.8593],[9.7201,53.869]]]},"properties":{"AGS":"01056038","GEN":"Osterhorn","SN_L":"01"}},
{"type":"Feature","geometry":{"type":"Polygon","coordinates":[[[9.6742,53.8894],[9.6702,53.8893],[9.6495,53.8811],[9.6486,53.8738],[9.6565,53.8568],[9.6761,53.8472],[9.6968,53.8511],[9.6999,53.8593],[9.6921,53.8604],[9.6867,53.8801],[9.6742,53.8894]]]},"properties":{"AGS":"01056051","GEN":"Westerhorn","SN_L":"01"}},
{"type":"Feature","geometry":{"type":"Polygon","coordinates":[[[9.7914,53.7601],[9.7719,53.7669],[9.7291,53.7571],[9.7407,53.7515],[9.7533,53.7494],[9.7657,53.7388],[9.7814,53.7394],[9.7914,53.7462],[9.7914,53.7601]]]},"properties":{"AGS":"01056003","GEN":"Bevern","SN_L":"01"}},
{"type":"Feature","geometry":{"type":"Polygon","coordinates":[[[9.9009,53.7645],[9.8956,53.7756],[9.8672,53.7817],[9.8637,53.7789],[9.864,53.7614],[9.8922,53.7523],[9.9009,53.7645]]]},"properties":{"AGS":"01056004","GEN":"Bilsen","SN_L":"01"}},
{"type":"Feature","geometry":{"type":"Polygon","coordinates":[[[9.7454,53.7932],[9.7372,53.7965],[9.7067,53.7954],[9.7015,53.7835],[9.6801,53.7752],[9.6912,53.7708],[9.7155,53.766],[9.7287,53.7691],[9.7345,53.7725],[9.7454,53.7932]]]},"properties":{"AGS":"01056008","GEN":"Bokholt-Hanredder","SN_L":"01"}},
{"type":"Feature","geometry":{"type":"Polygon","coordinates":[[[9.7705,53.7704],[9.7486,53.7779],[9.7345,53.7725],[9.7287,53.7691],[9.7291,53.7571],[9.7719,53.7669],[9.7705,53.7704]]]},"properties":{"AGS":"01056011","GEN":"Bullenkuhlen","SN_L":"01"}},
{"type":"Feature","geometry":{"type":"Polygon","coordinates":[[[9.7914,53.7462],[9.7814,53.7394],[9.7657,53.7388],[9.7522,53.7345],[9.742,53.7239],[9.759,53.7214],[9.7809,53.707],[9.801,53.7237],[9.8197,53.7294],[9.8097,53.7417],[9.7914,53.7462]]]},"properties":{"AGS":"01056014","GEN":"Ellerhoop","SN_L":"01"}},
{"type":"Feature","geometry":{"type":"Polygon","coordinates":[[[9.7433,53.8276],[9.738,53.8344],[9.697,53.8238],[9.6966,53.8148],[9.7154,53.8024],[9.7067,53.7954],[9.7372,53.7965],[9.7454,53.7932],[9.7538,53.7997],[9.7405,53.8117],[9.7498,53.8197],[9.7433,53.8276]]]},"properties":{"AGS":"01056017","GEN":"Groß Offenseth-Aspern","SN_L":"01"}},
{"type":"Feature","geometry":{"type":"Polygon","coordinates":[[[9.8609,53.8227],[9.8498,53.8296],[9.8317,53.8254],[9.8209,53.8055],[9.8099,53.8015],[9.774,53.7789],[9.7705,53.7704],[9.7719,53.7669],[9.7914,53.7601],[9.8186,53.7708],[9.8458,53.7858],[9.8318,53.799],[9.8516,53.819],[9.8609,53.8227]]]},"properties":{"AGS":"01056022","GEN":"Heede","SN_L":"01"}},
{"type":"Feature","geometry":{"type":"Polygon","coordinates":[[[9.864,53.7614],[9.8637,53.7789],[9.8458,53.7858],[9.8186,53.7708],[9.7914,53.7601],[9.7914,53.7462],[9.8097,53.7417],[9.8197,53.7294],[9.8353,53.7419],[9.8682,53.7521],[9.864,53.7614]]]},"properties":{"AGS":"01056026","GEN":"Hemdingen","SN_L":"01"}},
{"type":"Feature","geometry":{"type":"Polygon","coordinates":[[[9.8637,53.8206],[9.8609,53.8227],[9.8516,53.819],[9.8318,53.799],[9.8458,53.7858],[9.8637,53.7789],[9.8672,53.7817],[9.8815,53.798],[9.878,53.8118],[9.8637,53.8206]]]},"properties":{"AGS":"01056034","GEN":"Langeln","SN_L":"01"}},
{"type":"Feature","geometry":{"type":"Polygon","coordinates":[[[9.8214,53.8259],[9.8301,53.8382],[9.8245,53.8458],[9.7926,53.8605],[9.7494,53.845],[9.7433,53.8276],[9.7498,53.8197],[9.7638,53.8237],[9.78,53.8118],[9.8099,53.8015],[9.8209,53.8055],[9.8214,53.8259]]]},"properties":{"AGS":"01056035","GEN":"Lutzhorn","SN_L":"01"}},
{"type":"Feature","geometry":{"type":"Polygon","coordinates":[[[9.8578,53.7103],[9.8484,53.7077],[9.8261,53.7293],[9.8353,53.7419],[9.8197,53.7294],[9.801,53.7237],[9.8065,53.7005],[9.7956,53.6843],[9.8082,53.676],[9.8214,53.6754],[9.8482,53.6949],[9.8578,53.7103]]]},"properties":{"AGS":"01056009","GEN":"Borstel-Hohenraden","SN_L":"01"}},
{"type":"Feature","geometry":{"type":"Polygon","coordinates":[[[9.9066,53.6525],[9.902,53.6606],[9.8798,53.6773],[9.849,53.6644],[9.8785,53.6443],[9.8969,53.6349],[9.9066,53.6525]]]},"properties":{"AGS":"01056013","GEN":"Ellerbek","SN_L":"01"}},
{"type":"Feature","geometry":{"type":"Polygon","coordinates":[[[9.7956,53.6843],[9.8065,53.7005],[9.801,53.7237],[9.7809,53.707],[9.7682,53.6955],[9.7796,53.6833],[9.7956,53.6843]]]},"properties":{"AGS":"01056032","GEN":"Kummerfeld","SN_L":"01"}},
{"type":"Feature","geometry":{"type":"Polygon","coordinates":[[[9.7682,53.6955],[9.7539,53.6945],[9.7459,53.6748],[9.7719,53.663],[9.7796,53.6833],[9.7682,53.6955]]]},"properties":{"AGS":"01056040","GEN":"Prisdorf","SN_L":"01"}},
{"type":"Feature","geometry":{"type":"Polygon","coordinates":[[[9.8849,53.7037],[9.8578,53.7103],[9.8482,53.6949],[9.8214,53.6754],[9.82,53.6742],[9.8332,53.6648],[9.849,53.6644],[9.8798,53.6773],[9.8781,53.6874],[9.8887,53.6956],[9.8849,53.7037]]]},"properties":{"AGS":"01056047","GEN":"Tangstedt","SN_L":"01"}},
{"type":"Feature","geometry":{"type":"Polygon","coordinates":[[[9.7459,53.6748],[9.7318,53.673],[9.719,53.6802],[9.7059,53.6728],[9.6955,53.6707],[9.7008,53.6537],[9.7109,53.6388],[9.7252,53.635],[9.7555,53.6193],[9.758,53.6181],[9.7703,53.6275],[9.7662,53.6615],[9.7719,53.663],[9.7459,53.6748]]]},"properties":{"AGS":"01056001","GEN":"Appen","SN_L":"01"}},
{"type":"Feature","geometry":{"type":"Polygon","coordinates":[[[9.6326,53.7085],[9.6132,53.7078],[9.6011,53.7011],[9.6123,53.6939],[9.6257,53.6971],[9.6402,53.689],[9.6587,53.6964],[9.6548,53.709],[9.6326,53.7085]]]},"properties":{"AGS":"01056016","GEN":"Groß Nordende","SN_L":"01"}},
{"type":"Feature","geometry":{"type":"MultiPolygon","coordinates":[[[[9.5268,53.6644],[9.5301,53.6752],[9.5207,53.6729],[9.5268,53.6644]]],[[[9.584,53.6729],[9.5671,53.6695],[9.5485,53.6748],[9.5512,53.6519],[9.561,53.6406],[9.583,53.651],[9.6085,53.6555],[9.6251,53.6524],[9.6406,53.6557],[9.6413,53.6606],[9.6291,53.6678],[9.617,53.6633],[9.584,53.6729]]]]},"properties":{"AGS":"01056019","GEN":"Haselau","SN_L":"01"}},
{"type":"Feature","geometry":{"type":"Polygon","coordinates":[[[9.6406,53.6557],[9.6251,53.6524],[9.6085,53.6555],[9.583,53.651],[9.561,53.6406],[9.5713,53.6336],[9.5819,53.6239],[9.5994,53.6211],[9.6088,53.6103],[9.6243,53.6199],[9.6352,53.6188],[9.6487,53.639],[9.6406,53.6557]]]},"properties":{"AGS":"01056020","GEN":"Haseldorf","SN_L":"01"}},
{"type":"Feature","geometry":{"type":"Polygon","coordinates":[[[9.6997,53.7115],[9.6629,53.7161],[9.6548,53.709],[9.6587,53.6964],[9.6868,53.7029],[9.7022,53.7002],[9.6997,53.7115]]]},"properties":{"AGS":"01056023","GEN":"Heidgraben","SN_L":"01"}},
{"type":"Feature","geometry":{"type":"Polygon","coordinates":[[[9.7008,53.6537],[9.6413,53.6606],[9.6406,53.6557],[9.6487,53.639],[9.6486,53.6318],[9.6837,53.6389],[9.7109,53.6388],[9.7008,53.6537]]]},"properties":{"AGS":"01056024","GEN":"Heist","SN_L":"01"}},
{"type":"Feature","geometry":{"type":"Polygon","coordinates":[[[9.6603,53.6069],[9.6486,53.6318],[9.6487,53.639],[9.6352,53.6188],[9.6243,53.6199],[9.6088,53.6103],[9.5994,53.6211],[9.5819,53.6239],[9.5713,53.6336],[9.5555,53.6207],[9.5938,53.6064],[9.6146,53.596],[9.6457,53.588],[9.661,53.5945],[9.6603,53.6069]]]},"properties":{"AGS":"01056027","GEN":"Hetlingen","SN_L":"01"}},
{"type":"Feature","geometry":{"type":"Polygon","coordinates":[[[9.7555,53.6193],[9.7252,53.635],[9.7109,53.6388],[9.6837,53.6389],[9.6486,53.6318],[9.6603,53.6069],[9.699,53.6107],[9.7218,53.6174],[9.7555,53.6193]]]},"properties":{"AGS":"01056028","GEN":"Holm","SN_L":"01"}},
{"type":"Feature","geometry":{"type":"Polygon","coordinates":[[[9.6955,53.6707],[9.6851,53.6781],[9.6425,53.6779],[9.6269,53.6734],[9.584,53.6729],[9.617,53.6633],[9.6291,53.6678],[9.6413,53.6606],[9.7008,53.6537],[9.6955,53.6707]]]},"properties":{"AGS":"01056036","GEN":"Moorrege","SN_L":"01"}},
{"type":"Feature","geometry":{"type":"Polygon","coordinates":[[[9.6011,53.7011],[9.5853,53.7011],[9.5725,53.6839],[9.584,53.6729],[9.6269,53.6734],[9.6425,53.6779],[9.6123,53.6939],[9.6011,53.7011]]]},"properties":{"AGS":"01056037","GEN":"Neuendeich","SN_L":"01"}},
{"type":"Feature","geometry":{"type":"Polygon","coordinates":[[[10.3618,54.1525],[10.322,54.1784],[10.3064,54.1688],[10.289,54.1711],[10.2795,54.1583],[10.2903,54.1457],[10.3236,54.1296],[10.3454,54.1184],[10.3769,54.1377],[10.3618,54.1525]]]},"properties":{"AGS":"01057001","GEN":"Ascheberg (Holstein)","SN_L":"01"}},
{"type":"Feature","geometry":{"type":"Polygon","coordinates":[[[10.1061,54.088],[10.0961,54.0958],[10.0782,54.096],[10.0522,54.0941],[10.0231,54.0885],[10.0161,54.0799],[10.0363,54.0697],[10.0294,54.058],[10.0559,54.0571],[10.0878,54.0556],[10.1171,54.0586],[10.0878,54.0801],[10.1061,54.088]]]},"properties":{"AGS":"01057008","GEN":"Bönebüttel","SN_L":"01"}},
{"type":"Feature","geometry":{"type":"Polygon","coordinates":[[[10.5411,54.1337],[10.5161,54.1399],[10.4944,54.168],[10.4723,54.1457],[10.451,54.1475],[10.4373,54.1265],[10.4347,54.1196],[10.4578,54.1176],[10.4603,54.1113],[10.4803,54.1044],[10.4813,54.1186],[10.5022,54.1238],[10.53,54.1187],[10.5411,54.1337]]]},"properties":{"AGS":"01057009","GEN":"Bösdorf","SN_L":"01"}},
{"type":"Feature","geometry":{"type":"Polygon","coordinates":[[[10.3829,54.1726],[10.3742,54.1626],[10.3337,54.1792],[10.3312,54.1774],[10.3762,54.1601],[10.3618,54.1525],[10.3769,54.1377],[10.4092,54.1281],[10.3977,54.0844],[10.4161,54.0826],[10.4175,54.0832],[10.4274,54.0923],[10.4224,54.1162],[10.4373,54.1265],[10.451,54.1475],[10.4723,54.1457],[10.4944,54.168],[10.4829,54.1773],[10.4521,54.1783],[10.4125,54.1663],[10.3947,54.1738],[10.3829,54.1726]]]},"properties":{"AGS":"01057057","GEN":"Plön","SN_L":"01"}},
{"type":"Feature","geometry":{"type":"Polygon","coordinates":[[[10.3124,54.2376],[10.3028,54.2571],[10.2891,54.2582],[10.2735,54.2498],[10.2652,54.2358],[10.2388,54.2281],[10.2332,54.2133],[10.274,54.214],[10.2911,54.2105],[10.288,54.1984],[10.3084,54.2152],[10.2847,54.2207],[10.3003,54.2392],[10.3124,54.2376]]]},"properties":{"AGS":"01057062","GEN":"Preetz","SN_L":"01"}},
{"type":"Feature","geometry":{"type":"Polygon","coordinates":[[[10.2093,54.3175],[10.1902,54.3148],[10.1899,54.2979],[10.2092,54.2823],[10.254,54.2669],[10.2735,54.2498],[10.2891,54.2582],[10.2927,54.2668],[10.2736,54.275],[10.2415,54.299],[10.2093,54.3175]]]},"properties":{"AGS":"01057091","GEN":"Schwentinental","SN_L":"01"}},
{"type":"Feature","geometry":{"type":"Polygon","coordinates":[[[10.6496,54.3353],[10.6393,54.3475],[10.5944,54.365],[10.5764,54.3576],[10.5724,54.3379],[10.5853,54.3272],[10.5786,54.3178],[10.5966,54.3091],[10.6148,54.306],[10.6311,54.3122],[10.6375,54.3281],[10.6496,54.3353]]]},"properties":{"AGS":"01057004","GEN":"Behrensdorf (Ostsee)","SN_L":"01"}},
{"type":"Feature","geometry":{"type":"Polygon","coordinates":[[[10.7138,54.3051],[10.6965,54.3063],[10.6787,54.317],[10.6542,54.3152],[10.6421,54.3053],[10.6204,54.2969],[10.6201,54.2887],[10.6051,54.2816],[10.6129,54.2658],[10.6387,54.2696],[10.641,54.263],[10.6699,54.2567],[10.6731,54.2467],[10.7168,54.2429],[10.7151,54.2587],[10.729,54.2701],[10.7123,54.2745],[10.7063,54.2883],[10.7175,54.2941],[10.7138,54.3051]]]},"properties":{"AGS":"01057007","GEN":"Blekendorf","SN_L":"01"}},
{"type":"Feature","geometry":{"type":"Polygon","coordinates":[[[10.5967,54.2508],[10.5724,54.2472],[10.564,54.2525],[10.541,54.2504],[10.5337,54.244],[10.5406,54.228],[10.5735,54.2354],[10.5865,54.23],[10.6064,54.2347],[10.5967,54.2508]]]},"properties":{"AGS":"01057013","GEN":"Dannau","SN_L":"01"}},
{"type":"Feature","geometry":{"type":"Polygon","coordinates":[[[10.4896,54.3395],[10.4772,54.3447],[10.4644,54.3381],[10.4678,54.3273],[10.4561,54.32],[10.4288,54.3188],[10.4915,54.2934],[10.4955,54.2809],[10.511,54.268],[10.5217,54.257],[10.541,54.2504],[10.564,54.2525],[10.5511,54.2684],[10.5297,54.2735],[10.5206,54.2961],[10.539,54.3029],[10.5517,54.3014],[10.5577,54.3071],[10.5325,54.3298],[10.523,54.3268],[10.4896,54.3395]]]},"properties":{"AGS":"01057021","GEN":"Giekau","SN_L":"01"}},
{"type":"Feature","geometry":{"type":"Polygon","coordinates":[[[10.6051,54.2816],[10.6017,54.2918],[10.5808,54.2828],[10.5678,54.2728],[10.5511,54.2684],[10.564,54.2525],[10.5724,54.2472],[10.5967,54.2508],[10.6175,54.2575],[10.6129,54.2658],[10.6051,54.2816]]]},"properties":{"AGS":"01057026","GEN":"Helmstorf","SN_L":"01"}},
{"type":"Feature","geometry":{"type":"Polygon","coordinates":[[[10.641,54.263],[10.6387,54.2696],[10.6129,54.2658],[10.6175,54.2575],[10.5967,54.2508],[10.6064,54.2347],[10.6061,54.2252],[10.6511,54.2162],[10.6633,54.229],[10.6573,54.2354],[10.6286,54.242],[10.6265,54.2519],[10.641,54.263]]]},"properties":{"AGS":"01057027","GEN":"Högsdorf","SN_L":"01"}},
{"type":"Feature","geometry":{"type":"Polygon","coordinates":[[[10.5395,54.3799],[10.4855,54.3893],[10.4776,54.3735],[10.4949,54.3642],[10.4909,54.3583],[10.4938,54.3559],[10.5156,54.3497],[10.5195,54.3563],[10.5395,54.3799]]]},"properties":{"AGS":"01057029","GEN":"Hohenfelde","SN_L":"01"}},
{"type":"Feature","geometry":{"type":"Polygon","coordinates":[[[10.6787,54.317],[10.6782,54.3214],[10.6496,54.3353],[10.6375,54.3281],[10.6311,54.3122],[10.6148,54.306],[10.6017,54.2918],[10.6051,54.2816],[10.6201,54.2887],[10.6204,54.2969],[10.6421,54.3053],[10.6542,54.3152],[10.6787,54.317]]]},"properties":{"AGS":"01057030","GEN":"Hohwacht (Ostsee)","SN_L":"01"}},
{"type":"Feature","geometry":{"type":"Polygon","coordinates":[[[10.7,54.224],[10.6892,54.2232],[10.6747,54.2323],[10.6633,54.229],[10.6511,54.2162],[10.6695,54.2073],[10.6765,54.1913],[10.699,54.202],[10.7163,54.2144],[10.7116,54.2191],[10.7,54.224]]]},"properties":{"AGS":"01057034","GEN":"Kirchnüchel","SN_L":"01"}},
{"type":"Feature","geometry":{"type":"Polygon","coordinates":[[[10.5517,54.3014],[10.539,54.3029],[10.5206,54.2961],[10.5297,54.2735],[10.5511,54.2684],[10.5678,54.2728],[10.5808,54.2828],[10.5673,54.295],[10.5517,54.3014]]]},"properties":{"AGS":"01057035","GEN":"Klamp","SN_L":"01"}},
{"type":"Feature","geometry":{"type":"Polygon","coordinates":[[[10.7168,54.2429],[10.6731,54.2467],[10.6699,54.2567],[10.641,54.263],[10.6265,54.2519],[10.6286,54.242],[10.6573,54.2354],[10.6633,54.229],[10.6747,54.2323],[10.6892,54.2232],[10.7,54.224],[10.699,54.232],[10.7168,54.2429]]]},"properties":{"AGS":"01057038","GEN":"Kletkamp","SN_L":"01"}},
{"type":"Feature","geometry":{"type":"Polygon","coordinates":[[[10.6148,54.306],[10.5966,54.3091],[10.5858,54.3033],[10.5577,54.3071],[10.5517,54.3014],[10.5673,54.295],[10.5808,54.2828],[10.6017,54.2918],[10.6148,54.306]]]},"properties":{"AGS":"01057048","GEN":"Lütjenburg","SN_L":"01"}},
{"type":"Feature","geometry":{"type":"Polygon","coordinates":[[[10.5944,54.365],[10.5395,54.3799],[10.5195,54.3563],[10.5331,54.3436],[10.5478,54.3368],[10.5325,54.3298],[10.5577,54.3071],[10.5858,54.3033],[10.5966,54.3091],[10.5786,54.3178],[10.5853,54.3272],[10.5724,54.3379],[10.5764,54.3576],[10.5944,54.365]]]},"properties":{"AGS":"01057055","GEN":"Panker","SN_L":"01"}},
{"type":"Feature","geometry":{"type":"Polygon","coordinates":[[[10.4855,54.3893],[10.4449,54.4032],[10.4354,54.3748],[10.4326,54.3603],[10.4711,54.3517],[10.4909,54.3583],[10.4949,54.3642],[10.4776,54.3735],[10.4855,54.3893]]]},"properties":{"AGS":"01057076","GEN":"Schwartbuck","SN_L":"01"}},
{"type":"Feature","geometry":{"type":"Polygon","coordinates":[[[10.5325,54.3298],[10.5478,54.3368],[10.5331,54.3436],[10.5195,54.3563],[10.5156,54.3497],[10.4938,54.3559],[10.4896,54.3395],[10.523,54.3268],[10.5325,54.3298]]]},"properties":{"AGS":"01057082","GEN":"Tröndel","SN_L":"01"}},
{"type":"Feature","geometry":{"type":"Polygon","coordinates":[[[10.3454,54.1184],[10.3236,54.1296],[10.298,54.1233],[10.2921,54.1128],[10.3017,54.1017],[10.3485,54.1069],[10.3454,54.1184]]]},"properties":{"AGS":"01057015","GEN":"Dersau","SN_L":"01"}},
{"type":"Feature","geometry":{"type":"Polygon","coordinates":[[[10.3312,54.1774],[10.322,54.1784],[10.3618,54.1525],[10.3762,54.1601],[10.3312,54.1774]]]},"properties":{"AGS":"01057017","GEN":"Dörnick","SN_L":"01"}},
{"type":"Feature","geometry":{"type":"Polygon","coordinates":[[[10.4921,54.257],[10.471,54.2589],[10.4641,54.2537],[10.4618,54.2422],[10.471,54.2209],[10.4748,54.2126],[10.4602,54.2082],[10.4708,54.1857],[10.4576,54.1815],[10.4521,54.1783],[10.4829,54.1773],[10.4951,54.1847],[10.526,54.1861],[10.5391,54.2051],[10.5262,54.2112],[10.5017,54.2102],[10.507,54.2231],[10.4925,54.2327],[10.4871,54.252],[10.4921,54.257]]]},"properties":{"AGS":"01057022","GEN":"Grebin","SN_L":"01"}},
{"type":"Feature","geometry":{"type":"Polygon","coordinates":[[[10.3236,54.1296],[10.2903,54.1457],[10.2751,54.1419],[10.2484,54.145],[10.2434,54.1401],[10.2694,54.1256],[10.266,54.1125],[10.2921,54.1128],[10.298,54.1233],[10.3236,54.1296]]]},"properties":{"AGS":"01057032","GEN":"Kalübbe","SN_L":"01"}},
{"type":"Feature","geometry":{"type":"Polygon","coordinates":[[[10.471,54.2209],[10.4506,54.2167],[10.4166,54.2292],[10.4057,54.2423],[10.391,54.2083],[10.3986,54.1985],[10.4316,54.1875],[10.4495,54.1875],[10.4576,54.1815],[10.4708,54.1857],[10.4602,54.2082],[10.4748,54.2126],[10.471,54.2209]]]},"properties":{"AGS":"01057045","GEN":"Lebrade","SN_L":"01"}},
{"type":"Feature","geometry":{"type":"Polygon","coordinates":[[[10.4161,54.0826],[10.3977,54.0844],[10.4092,54.1281],[10.3769,54.1377],[10.3454,54.1184],[10.3485,54.1069],[10.3594,54.0941],[10.3575,54.0826],[10.3738,54.0728],[10.419,54.0721],[10.4161,54.0826]]]},"properties":{"AGS":"01057053","GEN":"Nehmten","SN_L":"01"}},
{"type":"Feature","geometry":{"type":"Polygon","coordinates":[[[10.541,54.2504],[10.5217,54.257],[10.511,54.268],[10.4921,54.257],[10.4871,54.252],[10.4925,54.2327],[10.507,54.2231],[10.5017,54.2102],[10.5262,54.2112],[10.5391,54.2051],[10.5406,54.228],[10.5337,54.244],[10.541,54.2504]]]},"properties":{"AGS":"01057065","GEN":"Rantzau","SN_L":"01"}},
{"type":"Feature","geometry":{"type":"Polygon","coordinates":[[[10.3986,54.1985],[10.3701,54.1901],[10.3829,54.1726],[10.3947,54.1738],[10.4125,54.1663],[10.4521,54.1783],[10.4576,54.1815],[10.4495,54.1875],[10.4316,54.1875],[10.3986,54.1985]]]},"properties":{"AGS":"01057067","GEN":"Rathjensdorf","SN_L":"01"}},
{"type":"Feature","geometry":{"type":"Polygon","coordinates":[[[10.3829,54.1726],[10.3701,54.1901],[10.354,54.1886],[10.3337,54.1792],[10.3742,54.1626],[10.3829,54.1726]]]},"properties":{"AGS":"01057089","GEN":"Wittmoldt","SN_L":"01"}},
{"type":"Feature","geometry":{"type":"Polygon","coordinates":[[[10.1855,54.2137],[10.183,54.2194],[10.161,54.2123],[10.1474,54.2085],[10.1536,54.1977],[10.1673,54.1994],[10.1778,54.1849],[10.1843,54.1848],[10.1855,54.2137]]]},"properties":{"AGS":"01057002","GEN":"Barmissen","SN_L":"01"}},
{"type":"Feature","geometry":{"type":"Polygon","coordinates":[[[10.1459,54.2418],[10.1457,54.2528],[10.1234,54.2555],[10.0972,54.2385],[10.1066,54.2366],[10.1223,54.233],[10.1459,54.2418]]]},"properties":{"AGS":"01057010","GEN":"Boksee","SN_L":"01"}},
{"type":"Feature","geometry":{"type":"Polygon","coordinates":[[[10.1374,54.2137],[10.1283,54.2142],[10.128,54.2134],[10.1207,54.1723],[10.1176,54.1602],[10.1305,54.1446],[10.1566,54.1501],[10.1642,54.1579],[10.1663,54.1779],[10.1478,54.1818],[10.1414,54.1909],[10.1441,54.1963],[10.141,54.1998],[10.1374,54.2137]]]},"properties":{"AGS":"01057011","GEN":"Bothkamp","SN_L":"01"}},
{"type":"Feature","geometry":{"type":"Polygon","coordinates":[[[10.183,54.2194],[10.1708,54.2284],[10.1508,54.229],[10.1572,54.2178],[10.161,54.2123],[10.183,54.2194]]]},"properties":{"AGS":"01057023","GEN":"Großbarkau","SN_L":"01"}},
{"type":"Feature","geometry":{"type":"Polygon","coordinates":[[[10.1746,54.2528],[10.1539,54.2581],[10.1457,54.2528],[10.1459,54.2418],[10.1508,54.229],[10.1708,54.2284],[10.183,54.2194],[10.1855,54.2137],[10.2062,54.2206],[10.2094,54.242],[10.2022,54.2474],[10.1746,54.2528]]]},"properties":{"AGS":"01057031","GEN":"Honigsee","SN_L":"01"}},
{"type":"Feature","geometry":{"type":"Polygon","coordinates":[[[10.1572,54.2178],[10.1374,54.2137],[10.141,54.1998],[10.1536,54.1977],[10.1474,54.2085],[10.161,54.2123],[10.1572,54.2178]]]},"properties":{"AGS":"01057033","GEN":"Kirchbarkau","SN_L":"01"}},
{"type":"Feature","geometry":{"type":"Polygon","coordinates":[[[10.1508,54.229],[10.1459,54.2418],[10.1223,54.233],[10.1283,54.2142],[10.1374,54.2137],[10.1572,54.2178],[10.1508,54.229]]]},"properties":{"AGS":"01057037","GEN":"Klein Barkau","SN_L":"01"}},
{"type":"Feature","geometry":{"type":"Polygon","coordinates":[[[10.288,54.1984],[10.2911,54.2105],[10.274,54.214],[10.2332,54.2133],[10.2271,54.212],[10.2323,54.209],[10.2376,54.1878],[10.2453,54.1747],[10.2452,54.1665],[10.2795,54.1583],[10.289,54.1711],[10.2827,54.1755],[10.288,54.1984]]]},"properties":{"AGS":"01057042","GEN":"Kühren","SN_L":"01"}},
{"type":"Feature","geometry":{"type":"Polygon","coordinates":[[[10.3492,54.2643],[10.3439,54.26],[10.3121,54.2673],[10.2927,54.2668],[10.2891,54.2582],[10.3028,54.2571],[10.3124,54.2376],[10.3366,54.2343],[10.3423,54.2238],[10.3556,54.2181],[10.3547,54.2084],[10.3342,54.2059],[10.3524,54.1956],[10.354,54.1886],[10.3701,54.1901],[10.3986,54.1985],[10.391,54.2083],[10.4057,54.2423],[10.4067,54.2444],[10.3929,54.2518],[10.3672,54.2503],[10.3631,54.2619],[10.3492,54.2643]]]},"properties":{"AGS":"01057046","GEN":"Lehmkuhlen","SN_L":"01"}},
{"type":"Feature","geometry":{"type":"Polygon","coordinates":[[[10.2453,54.1747],[10.2376,54.1878],[10.2323,54.209],[10.2136,54.1979],[10.2085,54.185],[10.2021,54.1678],[10.2186,54.1619],[10.2453,54.1747]]]},"properties":{"AGS":"01057047","GEN":"Löptin","SN_L":"01"}},
{"type":"Feature","geometry":{"type":"Polygon","coordinates":[[[10.2021,54.1678],[10.2085,54.185],[10.1843,54.1848],[10.1778,54.1849],[10.1663,54.1779],[10.1642,54.1579],[10.1809,54.1571],[10.2021,54.1678]]]},"properties":{"AGS":"01057054","GEN":"Nettelsee","SN_L":"01"}},
{"type":"Feature","geometry":{"type":"Polygon","coordinates":[[[10.2735,54.2498],[10.254,54.2669],[10.2092,54.2823],[10.2012,54.2664],[10.1746,54.2528],[10.2022,54.2474],[10.2094,54.242],[10.2062,54.2206],[10.2271,54.212],[10.2332,54.2133],[10.2388,54.2281],[10.2652,54.2358],[10.2735,54.2498]]]},"properties":{"AGS":"01057058","GEN":"Pohnsdorf","SN_L":"01"}},
{"type":"Feature","geometry":{"type":"Polygon","coordinates":[[[10.2062,54.2206],[10.1855,54.2137],[10.1843,54.1848],[10.2085,54.185],[10.2136,54.1979],[10.2323,54.209],[10.2271,54.212],[10.2062,54.2206]]]},"properties":{"AGS":"01057059","GEN":"Postfeld","SN_L":"01"}},
{"type":"Feature","geometry":{"type":"Polygon","coordinates":[[[10.3227,54.2931],[10.3065,54.2812],[10.2725,54.2919],[10.2507,54.3035],[10.2415,54.299],[10.2736,54.275],[10.2927,54.2668],[10.3121,54.2673],[10.3439,54.26],[10.3492,54.2643],[10.3641,54.2731],[10.3654,54.2961],[10.3415,54.2907],[10.3308,54.2953],[10.3227,54.2931]]]},"properties":{"AGS":"01057066","GEN":"Rastorf","SN_L":"01"}},
{"type":"Feature","geometry":{"type":"Polygon","coordinates":[[[10.3342,54.2059],[10.3547,54.2084],[10.3556,54.2181],[10.3423,54.2238],[10.3366,54.2343],[10.3124,54.2376],[10.3003,54.2392],[10.2847,54.2207],[10.3084,54.2152],[10.3342,54.2059]]]},"properties":{"AGS":"01057070","GEN":"Schellhorn","SN_L":"01"}},
{"type":"Feature","geometry":{"type":"Polygon","coordinates":[[[10.3342,54.2059],[10.3084,54.2152],[10.288,54.1984],[10.2827,54.1755],[10.289,54.1711],[10.3064,54.1688],[10.322,54.1784],[10.3312,54.1774],[10.3337,54.1792],[10.354,54.1886],[10.3524,54.1956],[10.3342,54.2059]]]},"properties":{"AGS":"01057084","GEN":"Wahlstorf","SN_L":"01"}},
{"type":"Feature","geometry":{"type":"Polygon","coordinates":[[[10.1778,54.1849],[10.1673,54.1994],[10.1536,54.1977],[10.141,54.1998],[10.1441,54.1963],[10.1414,54.1909],[10.1478,54.1818],[10.1663,54.1779],[10.1778,54.1849]]]},"properties":{"AGS":"01057086","GEN":"Warnau","SN_L":"01"}},
{"type":"Feature","geometry":{"type":"Polygon","coordinates":[[[10.3343,54.4043],[10.3201,54.4287],[10.3086,54.4273],[10.3041,54.413],[10.2921,54.3987],[10.3,54.3938],[10.3128,54.3784],[10.3172,54.3796],[10.3187,54.3811],[10.3343,54.4043]]]},"properties":{"AGS":"01057003","GEN":"Barsbek","SN_L":"01"}},
{"type":"Feature","geometry":{"type":"Polygon","coordinates":[[[10.4326,54.3603],[10.4354,54.3748],[10.4156,54.3723],[10.4017,54.3708],[10.4068,54.3527],[10.4185,54.3466],[10.4326,54.3603]]]},"properties":{"AGS":"01057006","GEN":"Bendfeld","SN_L":"01"}},
{"type":"Feature","geometry":{"type":"Polygon","coordinates":[[[10.2528,54.4037],[10.2294,54.3871],[10.2484,54.3796],[10.2621,54.3854],[10.2633,54.3981],[10.2528,54.4037]]]},"properties":{"AGS":"01057012","GEN":"Brodersdorf","SN_L":"01"}},
{"type":"Feature","geometry":{"type":"Polygon","coordinates":[[[10.3545,54.3598],[10.3363,54.3657],[10.3196,54.36],[10.3201,54.3531],[10.337,54.3467],[10.3555,54.3504],[10.3545,54.3598]]]},"properties":{"AGS":"01057018","GEN":"Fahren","SN_L":"01"}},
{"type":"Feature","geometry":{"type":"Polygon","coordinates":[[[10.3617,54.3891],[10.3397,54.3906],[10.3404,54.3824],[10.3187,54.3811],[10.3172,54.3796],[10.3337,54.3762],[10.3363,54.3657],[10.3545,54.3598],[10.3665,54.3707],[10.3614,54.3825],[10.3617,54.3891]]]},"properties":{"AGS":"01057020","GEN":"Fiefbergen","SN_L":"01"}},
{"type":"Feature","geometry":{"type":"Polygon","coordinates":[[[10.3875,54.3612],[10.3953,54.3741],[10.3862,54.3838],[10.3614,54.3825],[10.3665,54.3707],[10.3545,54.3598],[10.3555,54.3504],[10.3849,54.3535],[10.3875,54.3612]]]},"properties":{"AGS":"01057028","GEN":"Höhndorf","SN_L":"01"}},
{"type":"Feature","geometry":{"type":"Polygon","coordinates":[[[10.4909,54.3583],[10.4711,54.3517],[10.4326,54.3603],[10.4185,54.3466],[10.4341,54.332],[10.4288,54.3188],[10.4561,54.32],[10.4678,54.3273],[10.4644,54.3381],[10.4772,54.3447],[10.4896,54.3395],[10.4938,54.3559],[10.4909,54.3583]]]},"properties":{"AGS":"01057039","GEN":"Köhn","SN_L":"01"}},
{"type":"Feature","geometry":{"type":"Polygon","coordinates":[[[10.3673,54.4006],[10.3416,54.4073],[10.3343,54.4043],[10.3187,54.3811],[10.3404,54.3824],[10.3397,54.3906],[10.3617,54.3891],[10.3673,54.4006]]]},"properties":{"AGS":"01057040","GEN":"Krokau","SN_L":"01"}},
{"type":"Feature","geometry":{"type":"Polygon","coordinates":[[[10.4156,54.3723],[10.4025,54.3974],[10.3862,54.3838],[10.3953,54.3741],[10.3875,54.3612],[10.4068,54.3527],[10.4017,54.3708],[10.4156,54.3723]]]},"properties":{"AGS":"01057041","GEN":"Krummbek","SN_L":"01"}},
{"type":"Feature","geometry":{"type":"Polygon","coordinates":[[[10.2294,54.3871],[10.2528,54.4037],[10.241,54.4162],[10.2176,54.4053],[10.2119,54.3969],[10.2103,54.3931],[10.2294,54.3871]]]},"properties":{"AGS":"01057043","GEN":"Laboe","SN_L":"01"}},
{"type":"Feature","geometry":{"type":"Polygon","coordinates":[[[10.2733,54.4012],[10.2633,54.3981],[10.2621,54.3854],[10.2783,54.3803],[10.2812,54.3887],[10.3,54.3938],[10.2921,54.3987],[10.2733,54.4012]]]},"properties":{"AGS":"01057049","GEN":"Lutterbek","SN_L":"01"}},
{"type":"Feature","geometry":{"type":"Polygon","coordinates":[[[10.3172,54.3796],[10.3128,54.3784],[10.3129,54.3699],[10.3053,54.3406],[10.3071,54.3375],[10.3094,54.3369],[10.3201,54.3531],[10.3196,54.36],[10.3363,54.3657],[10.3337,54.3762],[10.3172,54.3796]]]},"properties":{"AGS":"01057056","GEN":"Passade","SN_L":"01"}},
{"type":"Feature","geometry":{"type":"Polygon","coordinates":[[[10.3128,54.3784],[10.3,54.3938],[10.2812,54.3887],[10.2783,54.3803],[10.2878,54.3651],[10.3129,54.3699],[10.3128,54.3784]]]},"properties":{"AGS":"01057060","GEN":"Prasdorf","SN_L":"01"}},
{"type":"Feature","geometry":{"type":"Polygon","coordinates":[[[10.2783,54.3803],[10.2621,54.3854],[10.2484,54.3796],[10.2476,54.355],[10.2423,54.347],[10.2592,54.3432],[10.2653,54.335],[10.2891,54.3535],[10.3053,54.3406],[10.3129,54.3699],[10.2878,54.3651],[10.2783,54.3803]]]},"properties":{"AGS":"01057063","GEN":"Probsteierhagen","SN_L":"01"}},
{"type":"Feature","geometry":{"type":"Polygon","coordinates":[[[10.4212,54.4117],[10.394,54.4247],[10.3585,54.4313],[10.3725,54.4118],[10.3673,54.4006],[10.3617,54.3891],[10.3614,54.3825],[10.3862,54.3838],[10.4025,54.3974],[10.4212,54.4117]]]},"properties":{"AGS":"01057073","GEN":"Schönberg (Holstein)","SN_L":"01"}},
{"type":"Feature","geometry":{"type":"Polygon","coordinates":[[[10.4212,54.4117],[10.4025,54.3974],[10.4156,54.3723],[10.4354,54.3748],[10.4449,54.4032],[10.4212,54.4117]]]},"properties":{"AGS":"01057078","GEN":"Stakendorf","SN_L":"01"}},
{"type":"Feature","geometry":{"type":"Polygon","coordinates":[[[10.2803,54.4184],[10.2757,54.4196],[10.241,54.4162],[10.2528,54.4037],[10.2633,54.3981],[10.2733,54.4012],[10.2832,54.4098],[10.2803,54.4184]]]},"properties":{"AGS":"01057079","GEN":"Stein","SN_L":"01"}},
{"type":"Feature","geometry":{"type":"Polygon","coordinates":[[[10.3454,54.3294],[10.3769,54.3375],[10.3849,54.3535],[10.3555,54.3504],[10.337,54.3467],[10.3201,54.3531],[10.3094,54.3369],[10.3158,54.3411],[10.3454,54.3294]]]},"properties":{"AGS":"01057081","GEN":"Stoltenberg","SN_L":"01"}},
{"type":"Feature","geometry":{"type":"Polygon","coordinates":[[[10.2921,54.3987],[10.3041,54.413],[10.3086,54.4273],[10.3029,54.4334],[10.292,54.4286],[10.2797,54.423],[10.2761,54.4215],[10.2782,54.4201],[10.2883,54.4245],[10.2898,54.4195],[10.2803,54.4184],[10.2832,54.4098],[10.2733,54.4012],[10.2921,54.3987]]]},"properties":{"AGS":"01057087","GEN":"Wendtorf","SN_L":"01"}},
{"type":"Feature","geometry":{"type":"Polygon","coordinates":[[[10.3585,54.4313],[10.3249,54.4358],[10.3029,54.4334],[10.3086,54.4273],[10.3201,54.4287],[10.3343,54.4043],[10.3416,54.4073],[10.3673,54.4006],[10.3725,54.4118],[10.3585,54.4313]]]},"properties":{"AGS":"01057088","GEN":"Wisch","SN_L":"01"}},
{"type":"Feature","geometry":{"type":"Polygon","coordinates":[[[10.3053,54.3406],[10.2891,54.3535],[10.2653,54.335],[10.271,54.3281],[10.2507,54.3035],[10.2725,54.2919],[10.3065,54.2812],[10.3227,54.2931],[10.3299,54.3015],[10.3276,54.3187],[10.3103,54.3231],[10.3071,54.3375],[10.3053,54.3406]]]},"properties":{"AGS":"01057016","GEN":"Dobersdorf","SN_L":"01"}},
{"type":"Feature","geometry":{"type":"Polygon","coordinates":[[[10.511,54.268],[10.4955,54.2809],[10.4915,54.2934],[10.4288,54.3188],[10.4019,54.2995],[10.4222,54.2982],[10.4436,54.2913],[10.441,54.2852],[10.4188,54.2826],[10.4073,54.2759],[10.4255,54.2751],[10.4232,54.2649],[10.4641,54.2537],[10.471,54.2589],[10.4921,54.257],[10.511,54.268]]]},"properties":{"AGS":"01057044","GEN":"Lammershagen","SN_L":"01"}},
{"type":"Feature","geometry":{"type":"Polygon","coordinates":[[[10.4019,54.2995],[10.4288,54.3188],[10.3833,54.3041],[10.3654,54.2961],[10.3641,54.2731],[10.3492,54.2643],[10.3631,54.2619],[10.3672,54.2503],[10.3929,54.2518],[10.4067,54.2444],[10.4232,54.2649],[10.4255,54.2751],[10.4073,54.2759],[10.4019,54.2995]]]},"properties":{"AGS":"01057050","GEN":"Martensrade","SN_L":"01"}},
{"type":"Feature","geometry":{"type":"Polygon","coordinates":[[[10.4641,54.2537],[10.4232,54.2649],[10.4067,54.2444],[10.4057,54.2423],[10.4166,54.2292],[10.4506,54.2167],[10.471,54.2209],[10.4618,54.2422],[10.4641,54.2537]]]},"properties":{"AGS":"01057052","GEN":"Mucheln","SN_L":"01"}},
{"type":"Feature","geometry":{"type":"Polygon","coordinates":[[[10.3454,54.3294],[10.3158,54.3411],[10.3094,54.3369],[10.3071,54.3375],[10.3103,54.3231],[10.3276,54.3187],[10.3299,54.3015],[10.3227,54.2931],[10.3308,54.2953],[10.3536,54.2986],[10.3448,54.3092],[10.3454,54.3294]]]},"properties":{"AGS":"01057072","GEN":"Schlesen","SN_L":"01"}},
{"type":"Feature","geometry":{"type":"Polygon","coordinates":[[[10.4073,54.2759],[10.4188,54.2826],[10.441,54.2852],[10.4436,54.2913],[10.4222,54.2982],[10.4019,54.2995],[10.4073,54.2759]]]},"properties":{"AGS":"01057077","GEN":"Selent","SN_L":"01"}},
{"type":"Feature","geometry":{"type":"Polygon","coordinates":[[[10.4068,54.3527],[10.3875,54.3612],[10.3849,54.3535],[10.3769,54.3375],[10.3454,54.3294],[10.3448,54.3092],[10.3536,54.2986],[10.3308,54.2953],[10.3415,54.2907],[10.3654,54.2961],[10.3833,54.3041],[10.4288,54.3188],[10.4341,54.332],[10.4185,54.3466],[10.4068,54.3527]]]},"properties":{"AGS":"01057090","GEN":"Fargau-Pratjau","SN_L":"01"}},
{"type":"Feature","geometry":{"type":"Polygon","coordinates":[[[10.2484,54.3796],[10.2294,54.3871],[10.2103,54.3931],[10.1958,54.3766],[10.1954,54.3731],[10.196,54.366],[10.1777,54.355],[10.2096,54.3534],[10.2147,54.3475],[10.2423,54.347],[10.2476,54.355],[10.2484,54.3796]]]},"properties":{"AGS":"01057025","GEN":"Heikendorf","SN_L":"01"}},
{"type":"Feature","geometry":{"type":"Polygon","coordinates":[[[10.2147,54.3475],[10.2096,54.3534],[10.1777,54.355],[10.1742,54.3457],[10.2045,54.3411],[10.2147,54.3475]]]},"properties":{"AGS":"01057051","GEN":"Mönkeberg","SN_L":"01"}},
{"type":"Feature","geometry":{"type":"Polygon","coordinates":[[[10.2423,54.347],[10.2147,54.3475],[10.2045,54.3411],[10.218,54.3213],[10.2093,54.3175],[10.2415,54.299],[10.2507,54.3035],[10.271,54.3281],[10.2653,54.335],[10.2592,54.3432],[10.2423,54.347]]]},"properties":{"AGS":"01057074","GEN":"Schönkirchen","SN_L":"01"}},
{"type":"Feature","geometry":{"type":"Polygon","coordinates":[[[10.2434,54.1401],[10.2333,54.1197],[10.2254,54.1155],[10.2183,54.1045],[10.2468,54.0989],[10.2384,54.0892],[10.2561,54.0874],[10.2832,54.1004],[10.3039,54.0992],[10.3017,54.1017],[10.2921,54.1128],[10.266,54.1125],[10.2694,54.1256],[10.2434,54.1401]]]},"properties":{"AGS":"01057005","GEN":"Belau","SN_L":"01"}},
{"type":"Feature","geometry":{"type":"Polygon","coordinates":[[[10.1159,54.1294],[10.0897,54.1319],[10.0718,54.1254],[10.0563,54.1321],[10.0369,54.1321],[10.0349,54.1288],[10.0192,54.1175],[10.0203,54.1037],[10.0722,54.1078],[10.1138,54.1226],[10.1159,54.1294]]]},"properties":{"AGS":"01057024","GEN":"Großharrie","SN_L":"01"}},
{"type":"Feature","geometry":{"type":"Polygon","coordinates":[[[10.1982,54.0738],[10.1708,54.0953],[10.1702,54.1023],[10.1304,54.0838],[10.1061,54.088],[10.0878,54.0801],[10.1171,54.0586],[10.1233,54.0578],[10.1373,54.0599],[10.1541,54.0548],[10.176,54.0593],[10.1977,54.0704],[10.1982,54.0738]]]},"properties":{"AGS":"01057068","GEN":"Rendswühren","SN_L":"01"}},
{"type":"Feature","geometry":{"type":"Polygon","coordinates":[[[10.2183,54.1045],[10.1902,54.1077],[10.1681,54.1049],[10.1702,54.1023],[10.1708,54.0953],[10.1982,54.0738],[10.2204,54.0791],[10.2352,54.0784],[10.2384,54.0892],[10.2468,54.0989],[10.2183,54.1045]]]},"properties":{"AGS":"01057069","GEN":"Ruhwinkel","SN_L":"01"}},
{"type":"Feature","geometry":{"type":"Polygon","coordinates":[[[10.1566,54.1501],[10.1305,54.1446],[10.1138,54.1396],[10.1159,54.1294],[10.1138,54.1226],[10.0722,54.1078],[10.0782,54.096],[10.0961,54.0958],[10.1061,54.088],[10.1304,54.0838],[10.1702,54.1023],[10.1681,54.1049],[10.1597,54.1276],[10.1708,54.1348],[10.1566,54.1501]]]},"properties":{"AGS":"01057071","GEN":"Schillsdorf","SN_L":"01"}},
{"type":"Feature","geometry":{"type":"Polygon","coordinates":[[[10.2795,54.1583],[10.2452,54.1665],[10.2453,54.1747],[10.2186,54.1619],[10.2021,54.1678],[10.1809,54.1571],[10.1916,54.1504],[10.1825,54.132],[10.2254,54.1155],[10.2333,54.1197],[10.2434,54.1401],[10.2484,54.145],[10.2751,54.1419],[10.2903,54.1457],[10.2795,54.1583]]]},"properties":{"AGS":"01057080","GEN":"Stolpe","SN_L":"01"}},
{"type":"Feature","geometry":{"type":"Polygon","coordinates":[[[10.0722,54.1078],[10.0203,54.1037],[10.0231,54.0885],[10.0522,54.0941],[10.0782,54.096],[10.0722,54.1078]]]},"properties":{"AGS":"01057083","GEN":"Tasdorf","SN_L":"01"}},
{"type":"Feature","geometry":{"type":"Polygon","coordinates":[[[10.1642,54.1579],[10.1566,54.1501],[10.1708,54.1348],[10.1597,54.1276],[10.1681,54.1049],[10.1902,54.1077],[10.2183,54.1045],[10.2254,54.1155],[10.1825,54.132],[10.1916,54.1504],[10.1809,54.1571],[10.1642,54.1579]]]},"properties":{"AGS":"01057085","GEN":"Wankendorf","SN_L":"01"}},
{"type":"Feature","geometry":{"type":"Polygon","coordinates":[[[10.1345,54.4134],[10.1031,54.4245],[10.0865,54.4177],[10.0738,54.4038],[10.0856,54.3996],[10.0765,54.3892],[10.0816,54.3813],[10.0701,54.3711],[10.1163,54.3705],[10.1396,54.3889],[10.1326,54.4037],[10.1345,54.4134]]]},"properties":{"AGS":"01058005","GEN":"Altenholz","SN_L":"01"}},
{"type":"Feature","geometry":{"type":"Polygon","coordinates":[[[9.6886,54.327],[9.656,54.3263],[9.6556,54.3171],[9.6678,54.3074],[9.7083,54.3142],[9.7174,54.3253],[9.6886,54.327]]]},"properties":{"AGS":"01058034","GEN":"Büdelsdorf","SN_L":"01"}},
{"type":"Feature","geometry":{"type":"Polygon","coordinates":[[[9.8119,54.4995],[9.8096,54.4938],[9.7758,54.4889],[9.7981,54.4654],[9.8189,54.4491],[9.8357,54.4427],[9.8583,54.4454],[9.8642,54.4485],[9.8438,54.4612],[9.8443,54.4765],[9.8618,54.4727],[9.8758,54.4757],[9.846,54.4916],[9.8155,54.4904],[9.8119,54.4995]]]},"properties":{"AGS":"01058043","GEN":"Eckernförde","SN_L":"01"}},
{"type":"Feature","geometry":{"type":"Polygon","coordinates":[[[10.0557,54.3338],[10.0692,54.3257],[10.0857,54.3259],[10.1053,54.3367],[10.1013,54.3474],[10.0706,54.3438],[10.0557,54.3338]]]},"properties":{"AGS":"01058092","GEN":"Kronshagen","SN_L":"01"}},
{"type":"Feature","geometry":{"type":"Polygon","coordinates":[[[9.6438,54.3335],[9.6253,54.338],[9.6229,54.332],[9.6094,54.325],[9.616,54.3076],[9.6279,54.3044],[9.6193,54.2873],[9.6277,54.2745],[9.6304,54.2726],[9.6485,54.2871],[9.6613,54.2902],[9.6654,54.2756],[9.6913,54.255],[9.6969,54.2561],[9.7005,54.2698],[9.6792,54.2699],[9.6789,54.2862],[9.6675,54.291],[9.7034,54.2994],[9.7083,54.3142],[9.6678,54.3074],[9.6556,54.3171],[9.656,54.3263],[9.6438,54.3335]]]},"properties":{"AGS":"01058135","GEN":"Rendsburg","SN_L":"01"}},
{"type":"Feature","geometry":{"type":"Polygon","coordinates":[[[9.9036,54.1102],[9.8605,54.0977],[9.8518,54.0695],[9.8866,54.0584],[9.9139,54.064],[9.9297,54.0635],[9.9351,54.0704],[9.9288,54.1027],[9.9237,54.1099],[9.9036,54.1102]]]},"properties":{"AGS":"01058169","GEN":"Wasbek","SN_L":"01"}},
{"type":"Feature","geometry":{"type":"Polygon","coordinates":[[[10.0002,54.3168],[9.9679,54.3213],[9.9621,54.3154],[9.9524,54.3099],[9.9517,54.2904],[9.9373,54.2915],[9.9115,54.2831],[9.9637,54.2873],[9.9754,54.2857],[10.0021,54.2951],[10.0125,54.2998],[10.0462,54.296],[10.0305,54.3079],[10.0002,54.3168]]]},"properties":{"AGS":"01058001","GEN":"Achterwehr","SN_L":"01"}},
{"type":"Feature","geometry":{"type":"Polygon","coordinates":[[[9.9102,54.3209],[9.8844,54.3257],[9.8696,54.3324],[9.8494,54.3145],[9.8065,54.3143],[9.8055,54.3107],[9.8247,54.2967],[9.8393,54.2982],[9.8585,54.2965],[9.8815,54.3077],[9.8858,54.3158],[9.9102,54.3209]]]},"properties":{"AGS":"01058028","GEN":"Bredenbek","SN_L":"01"}},
{"type":"Feature","geometry":{"type":"Polygon","coordinates":[[[9.951,54.3254],[9.9384,54.3273],[9.9102,54.3209],[9.8858,54.3158],[9.8815,54.3077],[9.9062,54.3014],[9.9204,54.2923],[9.9115,54.2831],[9.9373,54.2915],[9.9517,54.2904],[9.9524,54.3099],[9.9621,54.3154],[9.951,54.3254]]]},"properties":{"AGS":"01058050","GEN":"Felde","SN_L":"01"}},
{"type":"Feature","geometry":{"type":"Polygon","coordinates":[[[9.8925,54.3527],[9.8743,54.3508],[9.8696,54.3324],[9.8844,54.3257],[9.9102,54.3209],[9.9384,54.3273],[9.951,54.3254],[9.9631,54.3423],[9.9293,54.342],[9.9147,54.346],[9.8925,54.3527]]]},"properties":{"AGS":"01058093","GEN":"Krummwisch","SN_L":"01"}},
{"type":"Feature","geometry":{"type":"Polygon","coordinates":[[[10.0497,54.3287],[10.0404,54.3304],[10.012,54.3241],[10.0002,54.3168],[10.0305,54.3079],[10.0462,54.296],[10.0523,54.2974],[10.0421,54.3121],[10.0497,54.3287]]]},"properties":{"AGS":"01058104","GEN":"Melsdorf","SN_L":"01"}},
{"type":"Feature","geometry":{"type":"MultiPolygon","coordinates":[[[[10.0339,54.3545],[10.0393,54.3605],[10.0266,54.3606],[10.0339,54.3545]]],[[[10.0706,54.3438],[10.0685,54.3484],[10.0339,54.3493],[10.0404,54.3304],[10.0497,54.3287],[10.0557,54.3338],[10.0706,54.3438]]]]},"properties":{"AGS":"01058126","GEN":"Ottendorf","SN_L":"01"}},
{"type":"Feature","geometry":{"type":"Polygon","coordinates":[[[10.0339,54.3545],[10.0266,54.3606],[9.9917,54.3472],[9.9654,54.3425],[9.9631,54.3423],[9.951,54.3254],[9.9621,54.3154],[9.9679,54.3213],[10.0002,54.3168],[10.012,54.3241],[10.0404,54.3304],[10.0339,54.3493],[10.0339,54.3545]]]},"properties":{"AGS":"01058130","GEN":"Quarnbek","SN_L":"01"}},
{"type":"Feature","geometry":{"type":"Polygon","coordinates":[[[9.9115,54.2831],[9.9204,54.2923],[9.9062,54.3014],[9.8815,54.3077],[9.8585,54.2965],[9.8393,54.2982],[9.8297,54.285],[9.8525,54.2723],[9.8796,54.2665],[9.897,54.2581],[9.9013,54.2483],[9.8937,54.239],[9.913,54.2423],[9.959,54.2393],[9.9473,54.2531],[9.9657,54.2577],[9.9652,54.2727],[9.9725,54.2799],[9.9754,54.2857],[9.9637,54.2873],[9.9115,54.2831]]]},"properties":{"AGS":"01058171","GEN":"Westensee","SN_L":"01"}},
{"type":"Feature","geometry":{"type":"Polygon","coordinates":[[[10.1182,54.4518],[10.0898,54.4461],[10.0627,54.4293],[10.0637,54.4276],[10.075,54.4282],[10.0865,54.4177],[10.1031,54.4245],[10.1345,54.4134],[10.1464,54.4108],[10.1574,54.4292],[10.1371,54.4334],[10.1463,54.4486],[10.1255,54.4446],[10.1182,54.4518]]]},"properties":{"AGS":"01058037","GEN":"Dänischenhagen","SN_L":"01"}},
{"type":"Feature","geometry":{"type":"Polygon","coordinates":[[[10.0322,54.4556],[10.0247,54.4632],[10.0263,54.4756],[9.9975,54.4686],[9.971,54.4678],[9.9394,54.463],[9.9321,54.4562],[9.9478,54.4487],[9.9704,54.4454],[9.9965,54.4444],[10.0214,54.4495],[10.0322,54.4556]]]},"properties":{"AGS":"01058116","GEN":"Noer","SN_L":"01"}},
{"type":"Feature","geometry":{"type":"Polygon","coordinates":[[[10.1589,54.4748],[10.134,54.4843],[10.1178,54.4853],[10.0852,54.4807],[10.0263,54.4756],[10.0247,54.4632],[10.0322,54.4556],[10.0461,54.4504],[10.0499,54.4394],[10.0627,54.4293],[10.0898,54.4461],[10.1182,54.4518],[10.1198,54.4672],[10.1456,54.4605],[10.1589,54.4748]]]},"properties":{"AGS":"01058150","GEN":"Schwedeneck","SN_L":"01"}},
{"type":"Feature","geometry":{"type":"Polygon","coordinates":[[[10.1693,54.4328],[10.1927,54.4561],[10.1589,54.4748],[10.1456,54.4605],[10.1198,54.4672],[10.1182,54.4518],[10.1255,54.4446],[10.1463,54.4486],[10.1371,54.4334],[10.1574,54.4292],[10.1685,54.4328],[10.1693,54.4328]]]},"properties":{"AGS":"01058157","GEN":"Strande","SN_L":"01"}},
{"type":"Feature","geometry":{"type":"Polygon","coordinates":[[[10.0865,54.4177],[10.075,54.4282],[10.0637,54.4276],[10.0604,54.421],[10.0254,54.4162],[10.0132,54.4113],[10.0161,54.411],[10.0363,54.3977],[10.0475,54.382],[10.0378,54.3792],[10.0701,54.3711],[10.0816,54.3813],[10.0765,54.3892],[10.0856,54.3996],[10.0738,54.4038],[10.0865,54.4177]]]},"properties":{"AGS":"01058051","GEN":"Felm","SN_L":"01"}},
{"type":"Feature","geometry":{"type":"Polygon","coordinates":[[[10.0132,54.4113],[10.0008,54.4101],[9.9857,54.4258],[9.9686,54.427],[9.9439,54.4187],[9.95,54.4125],[9.9495,54.4109],[9.9616,54.3957],[9.9885,54.3963],[10.0161,54.411],[10.0132,54.4113]]]},"properties":{"AGS":"01058058","GEN":"Gettorf","SN_L":"01"}},
{"type":"Feature","geometry":{"type":"Polygon","coordinates":[[[9.9616,54.3957],[9.9495,54.4109],[9.9252,54.411],[9.9021,54.4041],[9.883,54.3926],[9.8879,54.3712],[9.8721,54.37],[9.8703,54.3597],[9.8925,54.3527],[9.9147,54.346],[9.9383,54.3666],[9.9366,54.3765],[9.9633,54.3906],[9.9616,54.3957]]]},"properties":{"AGS":"01058096","GEN":"Lindau","SN_L":"01"}},
{"type":"Feature","geometry":{"type":"Polygon","coordinates":[[[9.9704,54.4454],[9.9478,54.4487],[9.9293,54.4471],[9.9065,54.438],[9.8948,54.4269],[9.9017,54.4235],[9.9021,54.4041],[9.9252,54.411],[9.9495,54.4109],[9.95,54.4125],[9.9439,54.4187],[9.9686,54.427],[9.9584,54.4327],[9.9704,54.4454]]]},"properties":{"AGS":"01058110","GEN":"Neudorf-Bornstein","SN_L":"01"}},
{"type":"Feature","geometry":{"type":"Polygon","coordinates":[[[10.0378,54.3792],[9.9869,54.3753],[9.9872,54.3593],[9.9726,54.3547],[9.9654,54.3425],[9.9917,54.3472],[10.0266,54.3606],[10.0393,54.3605],[10.0614,54.36],[10.0701,54.3711],[10.0378,54.3792]]]},"properties":{"AGS":"01058112","GEN":"Neuwittenbek","SN_L":"01"}},
{"type":"Feature","geometry":{"type":"Polygon","coordinates":[[[10.0627,54.4293],[10.0499,54.4394],[10.0461,54.4504],[10.0322,54.4556],[10.0214,54.4495],[9.9965,54.4444],[9.9704,54.4454],[9.9584,54.4327],[9.9686,54.427],[9.9857,54.4258],[10.0008,54.4101],[10.0132,54.4113],[10.0254,54.4162],[10.0604,54.421],[10.0637,54.4276],[10.0627,54.4293]]]},"properties":{"AGS":"01058121","GEN":"Osdorf","SN_L":"01"}},
{"type":"Feature","geometry":{"type":"Polygon","coordinates":[[[9.9726,54.3547],[9.9759,54.3677],[9.9441,54.374],[9.9383,54.3666],[9.9147,54.346],[9.9293,54.342],[9.9631,54.3423],[9.9654,54.3425],[9.9726,54.3547]]]},"properties":{"AGS":"01058142","GEN":"Schinkel","SN_L":"01"}},
{"type":"Feature","geometry":{"type":"Polygon","coordinates":[[[10.0378,54.3792],[10.0475,54.382],[10.0363,54.3977],[10.0161,54.411],[9.9885,54.3963],[9.9616,54.3957],[9.9633,54.3906],[9.9366,54.3765],[9.9383,54.3666],[9.9441,54.374],[9.9759,54.3677],[9.9726,54.3547],[9.9872,54.3593],[9.9869,54.3753],[10.0378,54.3792]]]},"properties":{"AGS":"01058165","GEN":"Tüttendorf","SN_L":"01"}},
{"type":"Feature","geometry":{"type":"Polygon","coordinates":[[[9.6782,54.3808],[9.6689,54.3858],[9.666,54.3801],[9.6526,54.3779],[9.6303,54.3738],[9.6317,54.3647],[9.5904,54.3601],[9.5808,54.3541],[9.5562,54.3579],[9.5745,54.3479],[9.5683,54.334],[9.6019,54.3441],[9.6253,54.338],[9.6438,54.3335],[9.6574,54.34],[9.6578,54.3497],[9.6723,54.3517],[9.6756,54.3528],[9.6831,54.3606],[9.6702,54.374],[9.6787,54.3797],[9.6782,54.3808]]]},"properties":{"AGS":"01058003","GEN":"Alt Duvenstedt","SN_L":"01"}},
{"type":"Feature","geometry":{"type":"MultiPolygon","coordinates":[[[[9.5865,54.239],[9.5894,54.2398],[9.5847,54.2413],[9.5865,54.239]]],[[[9.6229,54.332],[9.6019,54.3441],[9.5683,54.334],[9.5613,54.3313],[9.5676,54.329],[9.5572,54.3106],[9.5464,54.3044],[9.543,54.2916],[9.5539,54.2768],[9.5711,54.2804],[9.6193,54.2873],[9.6279,54.3044],[9.616,54.3076],[9.6094,54.325],[9.6229,54.332]]]]},"properties":{"AGS":"01058054","GEN":"Fockbek","SN_L":"01"}},
{"type":"Feature","geometry":{"type":"Polygon","coordinates":[[[9.5894,54.2398],[9.6133,54.2518],[9.6277,54.2745],[9.6193,54.2873],[9.5711,54.2804],[9.5765,54.275],[9.5659,54.2633],[9.5705,54.2455],[9.5847,54.2413],[9.5894,54.2398]]]},"properties":{"AGS":"01058118","GEN":"Nübbel","SN_L":"01"}},
{"type":"Feature","geometry":{"type":"MultiPolygon","coordinates":[[[[9.6253,54.338],[9.6019,54.3441],[9.6229,54.332],[9.6253,54.338]]],[[[9.6723,54.3517],[9.6578,54.3497],[9.6574,54.34],[9.6438,54.3335],[9.656,54.3263],[9.6886,54.327],[9.671,54.3446],[9.6723,54.3517]]]]},"properties":{"AGS":"01058136","GEN":"Rickert","SN_L":"01"}},
{"type":"Feature","geometry":{"type":"Polygon","coordinates":[[[9.4778,54.2694],[9.4696,54.2689],[9.4496,54.2645],[9.4233,54.2662],[9.4215,54.2645],[9.4331,54.2566],[9.4686,54.2525],[9.4818,54.2544],[9.4778,54.2694]]]},"properties":{"AGS":"01058010","GEN":"Bargstall","SN_L":"01"}},
{"type":"Feature","geometry":{"type":"MultiPolygon","coordinates":[[[[9.4661,54.1972],[9.4484,54.1966],[9.4567,54.1962],[9.4653,54.1958],[9.4661,54.1972]]],[[[9.5576,54.2215],[9.5398,54.2239],[9.5289,54.2144],[9.5031,54.2025],[9.4818,54.2054],[9.4675,54.1967],[9.4669,54.1951],[9.4763,54.1945],[9.5041,54.184],[9.5131,54.1834],[9.5251,54.1826],[9.5355,54.1929],[9.5516,54.1935],[9.5794,54.1904],[9.5889,54.2043],[9.5841,54.2096],[9.5576,54.2215]]]]},"properties":{"AGS":"01058029","GEN":"Breiholz","SN_L":"01"}},
{"type":"Feature","geometry":{"type":"Polygon","coordinates":[[[9.4526,54.3208],[9.4353,54.3288],[9.426,54.3409],[9.4084,54.3411],[9.3908,54.324],[9.4011,54.3226],[9.4029,54.307],[9.421,54.3112],[9.4286,54.3185],[9.4526,54.3208]]]},"properties":{"AGS":"01058036","GEN":"Christiansholm","SN_L":"01"}},
{"type":"Feature","geometry":{"type":"Polygon","coordinates":[[[9.5711,54.2804],[9.5539,54.2768],[9.543,54.2916],[9.5199,54.2824],[9.4965,54.281],[9.4778,54.2694],[9.4818,54.2544],[9.4686,54.2525],[9.4331,54.2566],[9.4425,54.2466],[9.4708,54.2511],[9.5276,54.2427],[9.5491,54.2457],[9.5787,54.2351],[9.5828,54.237],[9.5865,54.239],[9.5847,54.2413],[9.5705,54.2455],[9.5659,54.2633],[9.5765,54.275],[9.5711,54.2804]]]},"properties":{"AGS":"01058047","GEN":"Elsdorf-Westermühlen","SN_L":"01"}},
{"type":"Feature","geometry":{"type":"Polygon","coordinates":[[[9.4412,54.2883],[9.3967,54.2863],[9.404,54.2811],[9.4043,54.2659],[9.4215,54.2645],[9.4233,54.2662],[9.4412,54.2883]]]},"properties":{"AGS":"01058055","GEN":"Friedrichsgraben","SN_L":"01"}},
{"type":"Feature","geometry":{"type":"Polygon","coordinates":[[[9.4057,54.3006],[9.412,54.2966],[9.4484,54.2969],[9.4625,54.301],[9.4605,54.3174],[9.4526,54.3208],[9.4286,54.3185],[9.421,54.3112],[9.4029,54.307],[9.4057,54.3006]]]},"properties":{"AGS":"01058056","GEN":"Friedrichsholm","SN_L":"01"}},
{"type":"Feature","geometry":{"type":"Polygon","coordinates":[[[9.5787,54.2351],[9.5491,54.2457],[9.5276,54.2427],[9.4708,54.2511],[9.4425,54.2466],[9.4332,54.237],[9.4348,54.2263],[9.442,54.2242],[9.4619,54.2269],[9.4622,54.2016],[9.437,54.2054],[9.433,54.2128],[9.4304,54.2068],[9.4394,54.1993],[9.4484,54.1966],[9.4661,54.1972],[9.4675,54.1967],[9.4818,54.2054],[9.5031,54.2025],[9.5289,54.2144],[9.5398,54.2239],[9.5576,54.2215],[9.5787,54.2351]]]},"properties":{"AGS":"01058070","GEN":"Hamdorf","SN_L":"01"}},
{"type":"Feature","geometry":{"type":"Polygon","coordinates":[[[9.543,54.2916],[9.5464,54.3044],[9.5572,54.3106],[9.5676,54.329],[9.5613,54.3313],[9.5464,54.3212],[9.5173,54.3221],[9.5024,54.3296],[9.489,54.3211],[9.4761,54.3234],[9.4605,54.3174],[9.4625,54.301],[9.4484,54.2969],[9.412,54.2966],[9.4057,54.3006],[9.3938,54.304],[9.4018,54.2961],[9.3935,54.289],[9.3967,54.2863],[9.4412,54.2883],[9.4737,54.2824],[9.4696,54.2689],[9.4778,54.2694],[9.4965,54.281],[9.5199,54.2824],[9.543,54.2916]]]},"properties":{"AGS":"01058078","GEN":"Hohn","SN_L":"01"}},
{"type":"Feature","geometry":{"type":"Polygon","coordinates":[[[9.4659,54.3382],[9.4398,54.3443],[9.4158,54.3463],[9.4084,54.3411],[9.426,54.3409],[9.4353,54.3288],[9.4526,54.3208],[9.4605,54.3174],[9.4761,54.3234],[9.4817,54.3358],[9.4659,54.3382]]]},"properties":{"AGS":"01058089","GEN":"Königshügel","SN_L":"01"}},
{"type":"Feature","geometry":{"type":"Polygon","coordinates":[[[9.5683,54.334],[9.5745,54.3479],[9.5562,54.3579],[9.5126,54.3505],[9.4947,54.3406],[9.4659,54.3382],[9.4817,54.3358],[9.4761,54.3234],[9.489,54.3211],[9.5024,54.3296],[9.5173,54.3221],[9.5464,54.3212],[9.5613,54.3313],[9.5683,54.334]]]},"properties":{"AGS":"01058097","GEN":"Lohe-Föhrden","SN_L":"01"}},
{"type":"Feature","geometry":{"type":"Polygon","coordinates":[[[9.433,54.2128],[9.437,54.2054],[9.4622,54.2016],[9.4619,54.2269],[9.442,54.2242],[9.433,54.2128]]]},"properties":{"AGS":"01058129","GEN":"Prinzenmoor","SN_L":"01"}},
{"type":"Feature","geometry":{"type":"Polygon","coordinates":[[[9.4696,54.2689],[9.4737,54.2824],[9.4412,54.2883],[9.4233,54.2662],[9.4496,54.2645],[9.4696,54.2689]]]},"properties":{"AGS":"01058154","GEN":"Sophienhamm","SN_L":"01"}},
{"type":"Feature","geometry":{"type":"MultiPolygon","coordinates":[[[[9.5904,54.2071],[9.5841,54.2096],[9.5889,54.2043],[9.5904,54.2071]]],[[[9.6455,54.1542],[9.6423,54.17],[9.6325,54.1795],[9.6083,54.1796],[9.6086,54.167],[9.6269,54.1618],[9.6243,54.1518],[9.6455,54.1542]]]]},"properties":{"AGS":"01058031","GEN":"Brinjahe","SN_L":"01"}},
{"type":"Feature","geometry":{"type":"Polygon","coordinates":[[[9.5794,54.1904],[9.5516,54.1935],[9.5638,54.188],[9.5733,54.1711],[9.5831,54.16],[9.6054,54.161],[9.6086,54.167],[9.6083,54.1796],[9.5794,54.1904]]]},"properties":{"AGS":"01058048","GEN":"Embühren","SN_L":"01"}},
{"type":"Feature","geometry":{"type":"Polygon","coordinates":[[[9.5516,54.1935],[9.5355,54.1929],[9.5251,54.1826],[9.5131,54.1834],[9.5223,54.1576],[9.5355,54.1595],[9.5524,54.1529],[9.5773,54.1506],[9.5684,54.1553],[9.5733,54.1711],[9.5638,54.188],[9.5516,54.1935]]]},"properties":{"AGS":"01058068","GEN":"Haale","SN_L":"01"}},
{"type":"Feature","geometry":{"type":"Polygon","coordinates":[[[9.6458,54.1939],[9.6404,54.2061],[9.6193,54.208],[9.6184,54.2011],[9.5904,54.2071],[9.5889,54.2043],[9.5794,54.1904],[9.6083,54.1796],[9.6325,54.1795],[9.6458,54.1939]]]},"properties":{"AGS":"01058071","GEN":"Hamweddel","SN_L":"01"}},
{"type":"Feature","geometry":{"type":"Polygon","coordinates":[[[9.6147,54.2259],[9.5922,54.2301],[9.5828,54.237],[9.5787,54.2351],[9.5576,54.2215],[9.5841,54.2096],[9.5904,54.2071],[9.6184,54.2011],[9.6193,54.208],[9.6147,54.2259]]]},"properties":{"AGS":"01058075","GEN":"Hörsten","SN_L":"01"}},
{"type":"Feature","geometry":{"type":"Polygon","coordinates":[[[9.6913,54.255],[9.6682,54.259],[9.6494,54.2561],[9.6586,54.248],[9.6232,54.2368],[9.6147,54.2259],[9.6193,54.208],[9.6404,54.2061],[9.6458,54.1939],[9.6692,54.1993],[9.6956,54.1983],[9.7122,54.1885],[9.7281,54.1936],[9.741,54.2248],[9.7535,54.2437],[9.7329,54.2495],[9.7214,54.2522],[9.6969,54.2561],[9.6913,54.255]]]},"properties":{"AGS":"01058086","GEN":"Jevenstedt","SN_L":"01"}},
{"type":"Feature","geometry":{"type":"Polygon","coordinates":[[[9.7122,54.1885],[9.6956,54.1983],[9.6692,54.1993],[9.681,54.1734],[9.6815,54.1633],[9.6632,54.1524],[9.673,54.148],[9.7086,54.1431],[9.7201,54.1465],[9.7229,54.1617],[9.711,54.1773],[9.7122,54.1885]]]},"properties":{"AGS":"01058101","GEN":"Luhnstedt","SN_L":"01"}},
{"type":"Feature","geometry":{"type":"Polygon","coordinates":[[[9.6277,54.2745],[9.6133,54.2518],[9.5894,54.2398],[9.5865,54.239],[9.5828,54.237],[9.5922,54.2301],[9.6147,54.2259],[9.6232,54.2368],[9.6586,54.248],[9.6494,54.2561],[9.6304,54.2726],[9.6277,54.2745]]]},"properties":{"AGS":"01058148","GEN":"Schülp b.Rendsburg","SN_L":"01"}},
{"type":"Feature","geometry":{"type":"Polygon","coordinates":[[[9.673,54.148],[9.6632,54.1524],[9.6815,54.1633],[9.681,54.1734],[9.6692,54.1993],[9.6458,54.1939],[9.6325,54.1795],[9.6423,54.17],[9.6455,54.1542],[9.6616,54.145],[9.673,54.148]]]},"properties":{"AGS":"01058155","GEN":"Stafstedt","SN_L":"01"}},
{"type":"Feature","geometry":{"type":"MultiPolygon","coordinates":[[[[9.7214,54.2522],[9.7329,54.2495],[9.7388,54.2533],[9.7214,54.2522]]],[[[9.6913,54.255],[9.6654,54.2756],[9.6613,54.2902],[9.6485,54.2871],[9.6304,54.2726],[9.6494,54.2561],[9.6682,54.259],[9.6913,54.255]]]]},"properties":{"AGS":"01058172","GEN":"Westerrönfeld","SN_L":"01"}},
{"type":"Feature","geometry":{"type":"Polygon","coordinates":[[[9.8052,54.1849],[9.7974,54.1862],[9.76,54.1778],[9.7597,54.1892],[9.7281,54.1936],[9.7122,54.1885],[9.711,54.1773],[9.7229,54.1617],[9.744,54.1668],[9.7521,54.1617],[9.7429,54.1451],[9.7452,54.1395],[9.7833,54.1387],[9.8104,54.1556],[9.8136,54.1628],[9.8052,54.1849]]]},"properties":{"AGS":"01058011","GEN":"Bargstedt","SN_L":"01"}},
{"type":"Feature","geometry":{"type":"Polygon","coordinates":[[[9.827,54.221],[9.8163,54.2241],[9.7677,54.2467],[9.7535,54.2437],[9.741,54.2248],[9.796,54.1996],[9.8123,54.2049],[9.8263,54.2165],[9.8268,54.219],[9.827,54.221]]]},"properties":{"AGS":"01058021","GEN":"Bokel","SN_L":"01"}},
{"type":"Feature","geometry":{"type":"Polygon","coordinates":[[[9.8935,54.1908],[9.8565,54.1807],[9.8718,54.1673],[9.9219,54.1666],[9.9062,54.1818],[9.8935,54.1908]]]},"properties":{"AGS":"01058023","GEN":"Borgdorf-Seedorf","SN_L":"01"}},
{"type":"Feature","geometry":{"type":"Polygon","coordinates":[[[9.796,54.1996],[9.741,54.2248],[9.7281,54.1936],[9.7597,54.1892],[9.76,54.1778],[9.7974,54.1862],[9.8052,54.1849],[9.8108,54.1898],[9.796,54.1996]]]},"properties":{"AGS":"01058027","GEN":"Brammer","SN_L":"01"}},
{"type":"Feature","geometry":{"type":"Polygon","coordinates":[[[9.958,54.2016],[9.9273,54.2007],[9.9219,54.187],[9.9062,54.1818],[9.9219,54.1666],[9.9284,54.1577],[9.9501,54.1591],[9.9451,54.1661],[9.9596,54.1785],[9.958,54.1963],[9.958,54.2016]]]},"properties":{"AGS":"01058038","GEN":"Dätgen","SN_L":"01"}},
{"type":"Feature","geometry":{"type":"MultiPolygon","coordinates":[[[[9.8276,54.2147],[9.8268,54.219],[9.8263,54.2165],[9.8276,54.2147]]],[[[9.8975,54.1967],[9.8565,54.2077],[9.8548,54.187],[9.8492,54.1827],[9.8565,54.1807],[9.8935,54.1908],[9.8975,54.1967]]]]},"properties":{"AGS":"01058045","GEN":"Eisendorf","SN_L":"01"}},
{"type":"Feature","geometry":{"type":"Polygon","coordinates":[[[9.8263,54.2165],[9.8123,54.2049],[9.796,54.1996],[9.8108,54.1898],[9.8247,54.1835],[9.8492,54.1827],[9.8548,54.187],[9.8565,54.2077],[9.8542,54.2116],[9.834,54.2152],[9.8293,54.2153],[9.8276,54.2147],[9.8263,54.2165]]]},"properties":{"AGS":"01058046","GEN":"Ellerdorf","SN_L":"01"}},
{"type":"Feature","geometry":{"type":"Polygon","coordinates":[[[9.9013,54.2483],[9.897,54.2581],[9.8796,54.2665],[9.8525,54.2723],[9.8297,54.285],[9.7929,54.285],[9.7884,54.2685],[9.7769,54.2669],[9.7724,54.2637],[9.771,54.2611],[9.7622,54.2607],[9.7582,54.2611],[9.7388,54.2533],[9.7329,54.2495],[9.7535,54.2437],[9.7677,54.2467],[9.8163,54.2241],[9.827,54.221],[9.8518,54.2281],[9.8655,54.2477],[9.9013,54.2483]]]},"properties":{"AGS":"01058049","GEN":"Emkendorf","SN_L":"01"}},
{"type":"Feature","geometry":{"type":"Polygon","coordinates":[[[9.8629,54.151],[9.8344,54.1472],[9.8104,54.1556],[9.7833,54.1387],[9.7831,54.1179],[9.7716,54.1088],[9.7879,54.1124],[9.8433,54.1069],[9.8644,54.1226],[9.8566,54.1257],[9.8589,54.1416],[9.8629,54.151]]]},"properties":{"AGS":"01058059","GEN":"Gnutz","SN_L":"01"}},
{"type":"Feature","geometry":{"type":"Polygon","coordinates":[[[9.9013,54.2483],[9.8655,54.2477],[9.8518,54.2281],[9.827,54.221],[9.8268,54.219],[9.8276,54.2147],[9.8293,54.2153],[9.834,54.2152],[9.8542,54.2116],[9.8674,54.217],[9.8909,54.2334],[9.8937,54.239],[9.9013,54.2483]]]},"properties":{"AGS":"01058065","GEN":"Groß Vollstedt","SN_L":"01"}},
{"type":"Feature","geometry":{"type":"Polygon","coordinates":[[[9.9622,54.1331],[9.9195,54.1482],[9.9124,54.1489],[9.9036,54.1102],[9.9237,54.1099],[9.9288,54.1027],[9.9413,54.1104],[9.9622,54.1331]]]},"properties":{"AGS":"01058091","GEN":"Krogaspe","SN_L":"01"}},
{"type":"Feature","geometry":{"type":"Polygon","coordinates":[[[9.959,54.2393],[9.913,54.2423],[9.8937,54.239],[9.8909,54.2334],[9.915,54.2148],[9.8975,54.1967],[9.8935,54.1908],[9.9062,54.1818],[9.9219,54.187],[9.9273,54.2007],[9.958,54.2016],[9.9766,54.2094],[9.9788,54.2242],[9.9754,54.2383],[9.959,54.2393]]]},"properties":{"AGS":"01058094","GEN":"Langwedel","SN_L":"01"}},
{"type":"Feature","geometry":{"type":"Polygon","coordinates":[[[9.8492,54.1827],[9.8247,54.1835],[9.8108,54.1898],[9.8052,54.1849],[9.8136,54.1628],[9.8104,54.1556],[9.8344,54.1472],[9.8629,54.151],[9.8718,54.1673],[9.8565,54.1807],[9.8492,54.1827]]]},"properties":{"AGS":"01058117","GEN":"Nortorf","SN_L":"01"}},
{"type":"Feature","geometry":{"type":"Polygon","coordinates":[[[9.7229,54.1617],[9.7201,54.1465],[9.7298,54.1415],[9.7429,54.1451],[9.7521,54.1617],[9.744,54.1668],[9.7229,54.1617]]]},"properties":{"AGS":"01058120","GEN":"Oldenhütten","SN_L":"01"}},
{"type":"Feature","geometry":{"type":"Polygon","coordinates":[[[9.9219,54.1666],[9.8718,54.1673],[9.8629,54.151],[9.8589,54.1416],[9.8785,54.1468],[9.9124,54.1489],[9.9195,54.1482],[9.9284,54.1577],[9.9219,54.1666]]]},"properties":{"AGS":"01058147","GEN":"Schülp b.Nortorf","SN_L":"01"}},
{"type":"Feature","geometry":{"type":"Polygon","coordinates":[[[9.9124,54.1489],[9.8785,54.1468],[9.8589,54.1416],[9.8566,54.1257],[9.8644,54.1226],[9.8433,54.1069],[9.8605,54.0977],[9.9036,54.1102],[9.9124,54.1489]]]},"properties":{"AGS":"01058163","GEN":"Timmaspe","SN_L":"01"}},
{"type":"Feature","geometry":{"type":"Polygon","coordinates":[[[9.8975,54.1967],[9.915,54.2148],[9.8909,54.2334],[9.8674,54.217],[9.8542,54.2116],[9.8565,54.2077],[9.8975,54.1967]]]},"properties":{"AGS":"01058168","GEN":"Warder","SN_L":"01"}},
{"type":"Feature","geometry":{"type":"Polygon","coordinates":[[[9.8925,54.3527],[9.8703,54.3597],[9.8555,54.3635],[9.8333,54.3597],[9.8238,54.3471],[9.7926,54.3613],[9.762,54.347],[9.7739,54.3329],[9.7694,54.3284],[9.789,54.3286],[9.8082,54.321],[9.8065,54.3143],[9.8494,54.3145],[9.8696,54.3324],[9.8743,54.3508],[9.8925,54.3527]]]},"properties":{"AGS":"01058026","GEN":"Bovenau","SN_L":"01"}},
{"type":"Feature","geometry":{"type":"Polygon","coordinates":[[[9.8393,54.2982],[9.8247,54.2967],[9.8055,54.3107],[9.769,54.305],[9.7796,54.2867],[9.7722,54.2751],[9.7769,54.2669],[9.7884,54.2685],[9.7929,54.285],[9.8297,54.285],[9.8393,54.2982]]]},"properties":{"AGS":"01058073","GEN":"Haßmoor","SN_L":"01"}},
{"type":"Feature","geometry":{"type":"Polygon","coordinates":[[[9.8065,54.3143],[9.8082,54.321],[9.789,54.3286],[9.7694,54.3284],[9.7488,54.3159],[9.7539,54.3116],[9.769,54.305],[9.8055,54.3107],[9.8065,54.3143]]]},"properties":{"AGS":"01058122","GEN":"Ostenfeld (Rendsburg)","SN_L":"01"}},
{"type":"Feature","geometry":{"type":"Polygon","coordinates":[[[9.7034,54.2994],[9.6675,54.291],[9.6789,54.2862],[9.6792,54.2699],[9.7005,54.2698],[9.6969,54.2561],[9.7214,54.2522],[9.7388,54.2533],[9.7582,54.2611],[9.7587,54.2626],[9.7334,54.2794],[9.7237,54.2992],[9.7034,54.2994]]]},"properties":{"AGS":"01058124","GEN":"Osterrönfeld","SN_L":"01"}},
{"type":"Feature","geometry":{"type":"MultiPolygon","coordinates":[[[[9.7622,54.2607],[9.7587,54.2626],[9.7582,54.2611],[9.7622,54.2607]]],[[[9.7694,54.3284],[9.7739,54.3329],[9.762,54.347],[9.7382,54.3418],[9.7197,54.3361],[9.7392,54.319],[9.7488,54.3159],[9.7694,54.3284]]]]},"properties":{"AGS":"01058132","GEN":"Rade b.Rendsburg","SN_L":"01"}},
{"type":"Feature","geometry":{"type":"Polygon","coordinates":[[[9.7488,54.3159],[9.7392,54.319],[9.7197,54.3361],[9.7174,54.3253],[9.7083,54.3142],[9.7034,54.2994],[9.7237,54.2992],[9.7539,54.3116],[9.7488,54.3159]]]},"properties":{"AGS":"01058140","GEN":"Schacht-Audorf","SN_L":"01"}},
{"type":"Feature","geometry":{"type":"Polygon","coordinates":[[[9.769,54.305],[9.7539,54.3116],[9.7237,54.2992],[9.7334,54.2794],[9.7587,54.2626],[9.7622,54.2607],[9.771,54.2611],[9.7724,54.2637],[9.7769,54.2669],[9.7722,54.2751],[9.7796,54.2867],[9.769,54.305]]]},"properties":{"AGS":"01058146","GEN":"Schülldorf","SN_L":"01"}},
{"type":"Feature","geometry":{"type":"Polygon","coordinates":[[[10.128,54.2134],[10.0993,54.2189],[10.0895,54.2135],[10.1013,54.1985],[10.0818,54.1882],[10.0933,54.1773],[10.1207,54.1723],[10.128,54.2134]]]},"properties":{"AGS":"01058016","GEN":"Bissee","SN_L":"01"}},
{"type":"Feature","geometry":{"type":"Polygon","coordinates":[[[10.0482,54.1848],[10.014,54.1896],[9.9987,54.1721],[10.0141,54.1715],[10.0189,54.1561],[10.0162,54.1421],[10.0246,54.1313],[10.0328,54.1567],[10.0492,54.1678],[10.052,54.1825],[10.0554,54.1863],[10.0482,54.1848]]]},"properties":{"AGS":"01058022","GEN":"Bordesholm","SN_L":"01"}},
{"type":"Feature","geometry":{"type":"Polygon","coordinates":[[[10.0895,54.2135],[10.0756,54.2108],[10.0554,54.1863],[10.052,54.1825],[10.0688,54.1685],[10.0933,54.1773],[10.0818,54.1882],[10.1013,54.1985],[10.0895,54.2135]]]},"properties":{"AGS":"01058033","GEN":"Brügge","SN_L":"01"}},
{"type":"Feature","geometry":{"type":"Polygon","coordinates":[[[10.0346,54.2292],[10.0134,54.2237],[9.9992,54.2126],[10.0097,54.2025],[10.0293,54.2035],[10.0355,54.2119],[10.0334,54.2235],[10.0355,54.228],[10.0346,54.2292]]]},"properties":{"AGS":"01058063","GEN":"Grevenkrug","SN_L":"01"}},
{"type":"Feature","geometry":{"type":"Polygon","coordinates":[[[10.1207,54.1723],[10.0933,54.1773],[10.0688,54.1685],[10.0676,54.1607],[10.088,54.1562],[10.0913,54.1488],[10.1138,54.1396],[10.1305,54.1446],[10.1176,54.1602],[10.1207,54.1723]]]},"properties":{"AGS":"01058064","GEN":"Groß Buchwald","SN_L":"01"}},
{"type":"Feature","geometry":{"type":"Polygon","coordinates":[[[10.01,54.1952],[9.9928,54.1892],[9.9831,54.1993],[9.958,54.1963],[9.9596,54.1785],[9.9892,54.1721],[9.9987,54.1721],[10.014,54.1896],[10.01,54.1952]]]},"properties":{"AGS":"01058076","GEN":"Hoffeld","SN_L":"01"}},
{"type":"Feature","geometry":{"type":"Polygon","coordinates":[[[9.9501,54.1591],[9.9284,54.1577],[9.9195,54.1482],[9.9622,54.1331],[9.979,54.1366],[9.9803,54.1479],[9.9779,54.1534],[9.9501,54.1591]]]},"properties":{"AGS":"01058098","GEN":"Loop","SN_L":"01"}},
{"type":"Feature","geometry":{"type":"Polygon","coordinates":[[[10.0162,54.1421],[10.0189,54.1561],[10.0141,54.1715],[9.9987,54.1721],[9.9892,54.1721],[9.992,54.1499],[10.0162,54.1421]]]},"properties":{"AGS":"01058108","GEN":"Mühbrook","SN_L":"01"}},
{"type":"Feature","geometry":{"type":"Polygon","coordinates":[[[10.1138,54.1396],[10.0913,54.1488],[10.088,54.1562],[10.0676,54.1607],[10.0463,54.1526],[10.0369,54.1321],[10.0563,54.1321],[10.0718,54.1254],[10.0897,54.1319],[10.1159,54.1294],[10.1138,54.1396]]]},"properties":{"AGS":"01058109","GEN":"Negenharrie","SN_L":"01"}},
{"type":"Feature","geometry":{"type":"Polygon","coordinates":[[[10.0554,54.1863],[10.0756,54.2108],[10.0659,54.2088],[10.0486,54.1976],[10.0482,54.1848],[10.0554,54.1863]]]},"properties":{"AGS":"01058133","GEN":"Reesdorf","SN_L":"01"}},
{"type":"Feature","geometry":{"type":"Polygon","coordinates":[[[10.0486,54.1976],[10.0355,54.2119],[10.0293,54.2035],[10.0097,54.2025],[10.01,54.1952],[10.014,54.1896],[10.0482,54.1848],[10.0486,54.1976]]]},"properties":{"AGS":"01058143","GEN":"Schmalstede","SN_L":"01"}},
{"type":"Feature","geometry":{"type":"Polygon","coordinates":[[[9.9892,54.1721],[9.9596,54.1785],[9.9451,54.1661],[9.9501,54.1591],[9.9779,54.1534],[9.9803,54.1479],[9.992,54.1499],[9.9892,54.1721]]]},"properties":{"AGS":"01058144","GEN":"Schönbek","SN_L":"01"}},
{"type":"Feature","geometry":{"type":"Polygon","coordinates":[[[9.9992,54.2126],[9.9948,54.2209],[9.9788,54.2242],[9.9766,54.2094],[9.958,54.2016],[9.958,54.1963],[9.9831,54.1993],[9.9928,54.1892],[10.01,54.1952],[10.0097,54.2025],[9.9992,54.2126]]]},"properties":{"AGS":"01058153","GEN":"Sören","SN_L":"01"}},
{"type":"Feature","geometry":{"type":"Polygon","coordinates":[[[10.0688,54.1685],[10.052,54.1825],[10.0492,54.1678],[10.0328,54.1567],[10.0246,54.1313],[10.0349,54.1288],[10.0369,54.1321],[10.0463,54.1526],[10.0676,54.1607],[10.0688,54.1685]]]},"properties":{"AGS":"01058170","GEN":"Wattenbek","SN_L":"01"}},
{"type":"Feature","geometry":{"type":"Polygon","coordinates":[[[9.6807,54.4536],[9.6587,54.4456],[9.6614,54.4315],[9.6702,54.4243],[9.6725,54.4109],[9.7043,54.4147],[9.7159,54.4293],[9.6887,54.4427],[9.6807,54.4536]]]},"properties":{"AGS":"01058008","GEN":"Ascheffel","SN_L":"01"}},
{"type":"Feature","geometry":{"type":"Polygon","coordinates":[[[9.7382,54.3418],[9.7459,54.3543],[9.727,54.3528],[9.7082,54.3486],[9.6756,54.3528],[9.6723,54.3517],[9.671,54.3446],[9.6886,54.327],[9.7174,54.3253],[9.7197,54.3361],[9.7382,54.3418]]]},"properties":{"AGS":"01058024","GEN":"Borgstedt","SN_L":"01"}},
{"type":"Feature","geometry":{"type":"Polygon","coordinates":[[[9.6587,54.4456],[9.6437,54.454],[9.6413,54.4546],[9.6055,54.4423],[9.598,54.4404],[9.5761,54.4329],[9.5928,54.4183],[9.6046,54.4157],[9.6245,54.403],[9.6439,54.4081],[9.657,54.4064],[9.6725,54.4109],[9.6702,54.4243],[9.6614,54.4315],[9.6587,54.4456]]]},"properties":{"AGS":"01058030","GEN":"Brekendorf","SN_L":"01"}},
{"type":"Feature","geometry":{"type":"Polygon","coordinates":[[[9.7926,54.3613],[9.7813,54.3707],[9.7799,54.3832],[9.7444,54.3706],[9.724,54.3808],[9.7038,54.3698],[9.727,54.3528],[9.7459,54.3543],[9.7382,54.3418],[9.762,54.347],[9.7926,54.3613]]]},"properties":{"AGS":"01058035","GEN":"Bünsdorf","SN_L":"01"}},
{"type":"Feature","geometry":{"type":"Polygon","coordinates":[[[9.7525,54.4396],[9.7474,54.4383],[9.7399,54.4326],[9.7159,54.4293],[9.7043,54.4147],[9.7191,54.4096],[9.7278,54.4093],[9.7459,54.4097],[9.7631,54.4304],[9.7554,54.4359],[9.7525,54.4396]]]},"properties":{"AGS":"01058039","GEN":"Damendorf","SN_L":"01"}},
{"type":"Feature","geometry":{"type":"Polygon","coordinates":[[[9.8153,54.4068],[9.8129,54.4133],[9.782,54.4332],[9.7631,54.4304],[9.7459,54.4097],[9.7278,54.4093],[9.7446,54.3974],[9.7222,54.3836],[9.724,54.3808],[9.7444,54.3706],[9.7799,54.3832],[9.7931,54.3848],[9.8153,54.4068]]]},"properties":{"AGS":"01058066","GEN":"Groß Wittensee","SN_L":"01"}},
{"type":"Feature","geometry":{"type":"Polygon","coordinates":[[[9.825,54.4189],[9.8153,54.4068],[9.7931,54.3848],[9.8043,54.3819],[9.8211,54.39],[9.843,54.398],[9.8377,54.411],[9.825,54.4189]]]},"properties":{"AGS":"01058069","GEN":"Haby","SN_L":"01"}},
{"type":"Feature","geometry":{"type":"Polygon","coordinates":[[[9.8948,54.4269],[9.8693,54.4212],[9.8572,54.4274],[9.825,54.4189],[9.8377,54.411],[9.843,54.398],[9.8211,54.39],[9.8289,54.3811],[9.8555,54.3827],[9.8721,54.37],[9.8879,54.3712],[9.883,54.3926],[9.9021,54.4041],[9.9017,54.4235],[9.8948,54.4269]]]},"properties":{"AGS":"01058080","GEN":"Holtsee","SN_L":"01"}},
{"type":"Feature","geometry":{"type":"Polygon","coordinates":[[[9.7222,54.3836],[9.7133,54.3869],[9.7007,54.3935],[9.6782,54.3808],[9.6787,54.3797],[9.6822,54.3736],[9.6834,54.3712],[9.7038,54.3698],[9.724,54.3808],[9.7222,54.3836]]]},"properties":{"AGS":"01058081","GEN":"Holzbunge","SN_L":"01"}},
{"type":"Feature","geometry":{"type":"Polygon","coordinates":[[[9.7221,54.4514],[9.7131,54.4498],[9.69,54.4572],[9.6807,54.4536],[9.6887,54.4427],[9.7159,54.4293],[9.7399,54.4326],[9.7474,54.4383],[9.7221,54.4514]]]},"properties":{"AGS":"01058083","GEN":"Hütten","SN_L":"01"}},
{"type":"Feature","geometry":{"type":"Polygon","coordinates":[[[9.7222,54.3836],[9.7446,54.3974],[9.7278,54.4093],[9.7191,54.4096],[9.7102,54.4064],[9.7133,54.3869],[9.7222,54.3836]]]},"properties":{"AGS":"01058088","GEN":"Klein Wittensee","SN_L":"01"}},
{"type":"Feature","geometry":{"type":"Polygon","coordinates":[[[9.6834,54.3712],[9.6822,54.3736],[9.6787,54.3797],[9.6702,54.374],[9.6831,54.3606],[9.6756,54.3528],[9.7082,54.3486],[9.727,54.3528],[9.7038,54.3698],[9.6834,54.3712]]]},"properties":{"AGS":"01058111","GEN":"Neu Duvenstedt","SN_L":"01"}},
{"type":"Feature","geometry":{"type":"Polygon","coordinates":[[[9.7838,54.435],[9.7794,54.4587],[9.7564,54.4682],[9.7397,54.4635],[9.7356,54.4504],[9.7221,54.4514],[9.7474,54.4383],[9.7525,54.4396],[9.7554,54.4359],[9.7631,54.4304],[9.782,54.4332],[9.7838,54.435]]]},"properties":{"AGS":"01058123","GEN":"Osterby","SN_L":"01"}},
{"type":"Feature","geometry":{"type":"Polygon","coordinates":[[[9.5761,54.4329],[9.5675,54.4335],[9.5562,54.4302],[9.5524,54.4028],[9.5468,54.3999],[9.5652,54.3725],[9.5562,54.3579],[9.5808,54.3541],[9.5904,54.3601],[9.6317,54.3647],[9.6303,54.3738],[9.6526,54.3779],[9.666,54.3801],[9.6689,54.3858],[9.6579,54.3931],[9.657,54.4064],[9.6439,54.4081],[9.6245,54.403],[9.6046,54.4157],[9.5928,54.4183],[9.5761,54.4329]]]},"properties":{"AGS":"01058127","GEN":"Owschlag","SN_L":"01"}},
{"type":"Feature","geometry":{"type":"Polygon","coordinates":[[[9.8721,54.37],[9.8555,54.3827],[9.8289,54.3811],[9.8211,54.39],[9.8043,54.3819],[9.7931,54.3848],[9.7799,54.3832],[9.7813,54.3707],[9.7926,54.3613],[9.8238,54.3471],[9.8333,54.3597],[9.8555,54.3635],[9.8703,54.3597],[9.8721,54.37]]]},"properties":{"AGS":"01058152","GEN":"Sehestedt","SN_L":"01"}},
{"type":"Feature","geometry":{"type":"Polygon","coordinates":[[[9.7191,54.4096],[9.7043,54.4147],[9.6725,54.4109],[9.657,54.4064],[9.6579,54.3931],[9.6689,54.3858],[9.6782,54.3808],[9.7007,54.3935],[9.7133,54.3869],[9.7102,54.4064],[9.7191,54.4096]]]},"properties":{"AGS":"01058175","GEN":"Ahlefeld-Bistensee","SN_L":"01"}},
{"type":"Feature","geometry":{"type":"Polygon","coordinates":[[[9.9478,54.4487],[9.9321,54.4562],[9.9394,54.463],[9.9231,54.4602],[9.9323,54.4609],[9.9245,54.4572],[9.9232,54.4597],[9.9019,54.4509],[9.8642,54.4485],[9.8583,54.4454],[9.8572,54.4274],[9.8693,54.4212],[9.8948,54.4269],[9.9065,54.438],[9.9293,54.4471],[9.9478,54.4487]]]},"properties":{"AGS":"01058004","GEN":"Altenhof","SN_L":"01"}},
{"type":"Feature","geometry":{"type":"Polygon","coordinates":[[[9.9071,54.5107],[9.8785,54.5061],[9.8721,54.5129],[9.8466,54.5095],[9.8371,54.5153],[9.8317,54.5147],[9.8274,54.5032],[9.8119,54.4995],[9.8155,54.4904],[9.846,54.4916],[9.8758,54.4757],[9.9225,54.4901],[9.9192,54.502],[9.9071,54.5107]]]},"properties":{"AGS":"01058012","GEN":"Barkelsby","SN_L":"01"}},
{"type":"Feature","geometry":{"type":"Polygon","coordinates":[[[10.0312,54.6366],[10.0058,54.6442],[9.9709,54.6323],[9.9647,54.6258],[9.9942,54.6281],[9.9988,54.6238],[10.0001,54.6231],[10.0203,54.6158],[10.0281,54.6068],[10.0336,54.6207],[10.0312,54.6366]]]},"properties":{"AGS":"01058032","GEN":"Brodersby","SN_L":"01"}},
{"type":"Feature","geometry":{"type":"Polygon","coordinates":[[[10.0259,54.5956],[10.0043,54.5963],[9.9891,54.5812],[9.9724,54.584],[9.9622,54.5785],[9.9443,54.5596],[9.9571,54.5537],[9.9748,54.5574],[9.9832,54.5653],[10.0161,54.5631],[10.0263,54.5678],[10.0277,54.5815],[10.0256,54.5823],[10.0275,54.5838],[10.0259,54.5956]]]},"properties":{"AGS":"01058040","GEN":"Damp","SN_L":"01"}},
{"type":"Feature","geometry":{"type":"Polygon","coordinates":[[[10.0001,54.6231],[9.9699,54.6202],[9.9495,54.6061],[9.9724,54.584],[9.9891,54.5812],[10.0043,54.5963],[10.0259,54.5956],[10.0281,54.6068],[10.0203,54.6158],[10.0001,54.6231]]]},"properties":{"AGS":"01058042","GEN":"Dörphof","SN_L":"01"}},
{"type":"Feature","geometry":{"type":"Polygon","coordinates":[[[9.7472,54.4903],[9.7085,54.4917],[9.6967,54.4901],[9.673,54.4719],[9.6835,54.4629],[9.6901,54.4635],[9.6915,54.4642],[9.7149,54.4717],[9.7397,54.4635],[9.7564,54.4682],[9.7472,54.4903]]]},"properties":{"AGS":"01058052","GEN":"Fleckeby","SN_L":"01"}},
{"type":"Feature","geometry":{"type":"Polygon","coordinates":[[[9.8317,54.5147],[9.8286,54.5193],[9.7938,54.5142],[9.7732,54.5031],[9.7736,54.4921],[9.7758,54.4889],[9.8096,54.4938],[9.8119,54.4995],[9.8274,54.5032],[9.8317,54.5147]]]},"properties":{"AGS":"01058057","GEN":"Gammelby","SN_L":"01"}},
{"type":"Feature","geometry":{"type":"Polygon","coordinates":[[[9.6967,54.4901],[9.6751,54.4961],[9.6434,54.4815],[9.6365,54.4754],[9.6282,54.4658],[9.6413,54.4546],[9.6437,54.454],[9.6835,54.4629],[9.673,54.4719],[9.6967,54.4901]]]},"properties":{"AGS":"01058067","GEN":"Güby","SN_L":"01"}},
{"type":"Feature","geometry":{"type":"Polygon","coordinates":[[[9.9443,54.5596],[9.942,54.5668],[9.917,54.5619],[9.9045,54.5755],[9.8885,54.5807],[9.8709,54.5766],[9.858,54.5797],[9.8647,54.5638],[9.8809,54.565],[9.8779,54.5489],[9.8933,54.5422],[9.9251,54.5358],[9.9571,54.5537],[9.9443,54.5596]]]},"properties":{"AGS":"01058082","GEN":"Holzdorf","SN_L":"01"}},
{"type":"Feature","geometry":{"type":"Polygon","coordinates":[[[9.7397,54.4635],[9.7149,54.4717],[9.6915,54.4642],[9.6901,54.4635],[9.6835,54.4629],[9.6437,54.454],[9.6587,54.4456],[9.6807,54.4536],[9.69,54.4572],[9.7131,54.4498],[9.7221,54.4514],[9.7356,54.4504],[9.7397,54.4635]]]},"properties":{"AGS":"01058084","GEN":"Hummelfeld","SN_L":"01"}},
{"type":"Feature","geometry":{"type":"Polygon","coordinates":[[[9.9647,54.6258],[9.9485,54.635],[9.9476,54.6295],[9.9699,54.6202],[10.0001,54.6231],[9.9988,54.6238],[9.9942,54.6281],[9.9647,54.6258]]]},"properties":{"AGS":"01058087","GEN":"Karby","SN_L":"01"}},
{"type":"Feature","geometry":{"type":"Polygon","coordinates":[[[9.7938,54.5142],[9.7935,54.5266],[9.7826,54.5408],[9.7713,54.5361],[9.7627,54.5507],[9.7488,54.5465],[9.7425,54.5299],[9.7378,54.525],[9.7008,54.5144],[9.7093,54.5075],[9.7109,54.4936],[9.7085,54.4917],[9.7472,54.4903],[9.7736,54.4921],[9.7732,54.5031],[9.7938,54.5142]]]},"properties":{"AGS":"01058090","GEN":"Kosel","SN_L":"01"}},
{"type":"Feature","geometry":{"type":"Polygon","coordinates":[[[9.9251,54.5358],[9.8933,54.5422],[9.8529,54.5298],[9.8371,54.5153],[9.8466,54.5095],[9.8721,54.5129],[9.8785,54.5061],[9.9071,54.5107],[9.9186,54.5232],[9.9356,54.5266],[9.9251,54.5358]]]},"properties":{"AGS":"01058099","GEN":"Loose","SN_L":"01"}},
{"type":"Feature","geometry":{"type":"Polygon","coordinates":[[[9.8583,54.4454],[9.8357,54.4427],[9.8189,54.4491],[9.818,54.4356],[9.7838,54.435],[9.782,54.4332],[9.8129,54.4133],[9.8153,54.4068],[9.825,54.4189],[9.8572,54.4274],[9.8583,54.4454]]]},"properties":{"AGS":"01058102","GEN":"Goosefeld","SN_L":"01"}},
{"type":"Feature","geometry":{"type":"Polygon","coordinates":[[[9.8308,54.5829],[9.8237,54.5834],[9.8025,54.5666],[9.7627,54.5507],[9.7713,54.5361],[9.7826,54.5408],[9.7935,54.5266],[9.7938,54.5142],[9.8286,54.5193],[9.8317,54.5147],[9.8371,54.5153],[9.8529,54.5298],[9.8933,54.5422],[9.8779,54.5489],[9.8809,54.565],[9.8647,54.5638],[9.858,54.5797],[9.8446,54.5767],[9.8308,54.5829]]]},"properties":{"AGS":"01058137","GEN":"Rieseby","SN_L":"01"}},
{"type":"Feature","geometry":{"type":"Polygon","coordinates":[[[9.9495,54.6061],[9.9319,54.599],[9.9119,54.5969],[9.9045,54.6138],[9.8779,54.5986],[9.8617,54.596],[9.8308,54.5829],[9.8446,54.5767],[9.858,54.5797],[9.8709,54.5766],[9.8885,54.5807],[9.9045,54.5755],[9.917,54.5619],[9.942,54.5668],[9.9443,54.5596],[9.9622,54.5785],[9.9724,54.584],[9.9495,54.6061]]]},"properties":{"AGS":"01058162","GEN":"Thumby","SN_L":"01"}},
{"type":"Feature","geometry":{"type":"Polygon","coordinates":[[[9.9225,54.4901],[9.9647,54.5025],[9.9983,54.5217],[10.016,54.5459],[10.0261,54.5497],[10.0263,54.5678],[10.0161,54.5631],[9.9832,54.5653],[9.9748,54.5574],[9.9571,54.5537],[9.9251,54.5358],[9.9356,54.5266],[9.9186,54.5232],[9.9071,54.5107],[9.9192,54.502],[9.9225,54.4901]]]},"properties":{"AGS":"01058166","GEN":"Waabs","SN_L":"01"}},
{"type":"Feature","geometry":{"type":"Polygon","coordinates":[[[9.7758,54.4889],[9.7736,54.4921],[9.7472,54.4903],[9.7564,54.4682],[9.7794,54.4587],[9.7838,54.435],[9.818,54.4356],[9.8189,54.4491],[9.7981,54.4654],[9.7758,54.4889]]]},"properties":{"AGS":"01058173","GEN":"Windeby","SN_L":"01"}},
{"type":"Feature","geometry":{"type":"Polygon","coordinates":[[[9.9485,54.635],[9.9452,54.6367],[9.943,54.6366],[9.939,54.6257],[9.9045,54.6138],[9.9119,54.5969],[9.9319,54.599],[9.9495,54.6061],[9.9699,54.6202],[9.9476,54.6295],[9.9485,54.635]]]},"properties":{"AGS":"01058174","GEN":"Winnemark","SN_L":"01"}},
{"type":"Feature","geometry":{"type":"Polygon","coordinates":[[[9.8955,54.0103],[9.8972,54.0229],[9.8907,54.0424],[9.8842,54.0463],[9.8631,54.0437],[9.8531,54.0359],[9.8322,54.0291],[9.8172,54.0288],[9.8138,54.0227],[9.8562,54.0195],[9.857,54.0138],[9.8643,54.012],[9.8766,54.0089],[9.8955,54.0103]]]},"properties":{"AGS":"01058007","GEN":"Arpsdorf","SN_L":"01"}},
{"type":"Feature","geometry":{"type":"Polygon","coordinates":[[[9.8433,54.1069],[9.7879,54.1124],[9.7712,54.0991],[9.7466,54.0976],[9.7403,54.0955],[9.7251,54.0871],[9.7058,54.0783],[9.7051,54.073],[9.7435,54.0586],[9.7468,54.0506],[9.7673,54.0533],[9.7832,54.0489],[9.8045,54.0506],[9.818,54.0433],[9.8286,54.0464],[9.8518,54.0695],[9.8605,54.0977],[9.8433,54.1069]]]},"properties":{"AGS":"01058009","GEN":"Aukrug","SN_L":"01"}},
{"type":"Feature","geometry":{"type":"Polygon","coordinates":[[[9.3719,54.1137],[9.3754,54.1341],[9.3593,54.1482],[9.3578,54.1476],[9.312,54.128],[9.3138,54.1187],[9.3398,54.1177],[9.3526,54.0978],[9.3692,54.1046],[9.3719,54.1137]]]},"properties":{"AGS":"01058013","GEN":"Beldorf","SN_L":"01"}},
{"type":"Feature","geometry":{"type":"Polygon","coordinates":[[[9.4004,54.1099],[9.3784,54.1158],[9.3719,54.1137],[9.3692,54.1046],[9.3526,54.0978],[9.3424,54.0931],[9.3373,54.0731],[9.3118,54.065],[9.3111,54.0634],[9.3366,54.064],[9.3488,54.071],[9.3786,54.0638],[9.4167,54.07],[9.416,54.0718],[9.4229,54.0843],[9.4051,54.0874],[9.3952,54.0963],[9.4004,54.1099]]]},"properties":{"AGS":"01058014","GEN":"Bendorf","SN_L":"01"}},
{"type":"Feature","geometry":{"type":"Polygon","coordinates":[[[9.5584,54.1181],[9.5385,54.1265],[9.5446,54.146],[9.5259,54.1554],[9.5139,54.1301],[9.5139,54.1117],[9.5066,54.1043],[9.5171,54.0968],[9.5374,54.0912],[9.5558,54.0926],[9.5646,54.0976],[9.5559,54.1097],[9.5584,54.1181]]]},"properties":{"AGS":"01058015","GEN":"Beringstedt","SN_L":"01"}},
{"type":"Feature","geometry":{"type":"Polygon","coordinates":[[[9.3138,54.1187],[9.3128,54.1138],[9.3168,54.0923],[9.3084,54.088],[9.3118,54.065],[9.3373,54.0731],[9.3424,54.0931],[9.3526,54.0978],[9.3398,54.1177],[9.3138,54.1187]]]},"properties":{"AGS":"01058025","GEN":"Bornholt","SN_L":"01"}},
{"type":"Feature","geometry":{"type":"Polygon","coordinates":[[[9.9297,54.0635],[9.9139,54.064],[9.8866,54.0584],[9.8518,54.0695],[9.8286,54.0464],[9.818,54.0433],[9.8172,54.0288],[9.8322,54.0291],[9.8531,54.0359],[9.8631,54.0437],[9.8842,54.0463],[9.9284,54.0527],[9.9297,54.0635]]]},"properties":{"AGS":"01058044","GEN":"Ehndorf","SN_L":"01"}},
{"type":"Feature","geometry":{"type":"Polygon","coordinates":[[[9.5058,54.1248],[9.4712,54.1225],[9.4545,54.1322],[9.4507,54.1204],[9.438,54.1124],[9.4534,54.0877],[9.4746,54.0909],[9.4784,54.1011],[9.5058,54.1248]]]},"properties":{"AGS":"01058061","GEN":"Gokels","SN_L":"01"}},
{"type":"Feature","geometry":{"type":"MultiPolygon","coordinates":[[[[9.6937,54.0716],[9.7051,54.073],[9.7058,54.0783],[9.6937,54.0716]]],[[[9.6937,54.0716],[9.6749,54.0775],[9.6572,54.0744],[9.662,54.0597],[9.6447,54.0561],[9.6422,54.0478],[9.6574,54.047],[9.6794,54.063],[9.6937,54.0716]]]]},"properties":{"AGS":"01058062","GEN":"Grauel","SN_L":"01"}},
{"type":"Feature","geometry":{"type":"Polygon","coordinates":[[[9.451,54.1528],[9.43,54.1521],[9.4239,54.1596],[9.4119,54.1527],[9.411,54.1429],[9.3983,54.1326],[9.4007,54.1238],[9.3799,54.1209],[9.3803,54.1174],[9.3784,54.1158],[9.4004,54.1099],[9.4102,54.1174],[9.438,54.1124],[9.4507,54.1204],[9.4545,54.1322],[9.4482,54.1401],[9.451,54.1528]]]},"properties":{"AGS":"01058072","GEN":"Hanerau-Hademarschen","SN_L":"01"}},
{"type":"Feature","geometry":{"type":"Polygon","coordinates":[[[9.7429,54.1451],[9.7298,54.1415],[9.7325,54.1288],[9.7573,54.1201],[9.7716,54.1088],[9.7831,54.1179],[9.7833,54.1387],[9.7452,54.1395],[9.7429,54.1451]]]},"properties":{"AGS":"01058074","GEN":"Heinkenborstel","SN_L":"01"}},
{"type":"Feature","geometry":{"type":"Polygon","coordinates":[[[9.6636,54.1083],[9.6185,54.1097],[9.6027,54.1008],[9.6286,54.0955],[9.6323,54.0859],[9.6166,54.0761],[9.6572,54.0744],[9.6749,54.0775],[9.6937,54.0716],[9.7058,54.0783],[9.7251,54.0871],[9.6842,54.0951],[9.6636,54.1083]]]},"properties":{"AGS":"01058077","GEN":"Hohenwestedt","SN_L":"01"}},
{"type":"Feature","geometry":{"type":"Polygon","coordinates":[[[9.6572,54.0744],[9.6166,54.0761],[9.6073,54.068],[9.605,54.0487],[9.6252,54.0486],[9.6422,54.0478],[9.6447,54.0561],[9.662,54.0597],[9.6572,54.0744]]]},"properties":{"AGS":"01058085","GEN":"Jahrsdorf","SN_L":"01"}},
{"type":"Feature","geometry":{"type":"MultiPolygon","coordinates":[[[[9.4597,54.1917],[9.4653,54.1958],[9.4567,54.1962],[9.4597,54.1917]]],[[[9.5131,54.1834],[9.5041,54.184],[9.509,54.1771],[9.4704,54.158],[9.4615,54.177],[9.451,54.1528],[9.4482,54.1401],[9.4545,54.1322],[9.4712,54.1225],[9.5058,54.1248],[9.5139,54.1301],[9.5259,54.1554],[9.5223,54.1576],[9.5131,54.1834]]]]},"properties":{"AGS":"01058100","GEN":"Lütjenwestedt","SN_L":"01"}},
{"type":"Feature","geometry":{"type":"Polygon","coordinates":[[[9.7051,54.073],[9.6937,54.0716],[9.6794,54.063],[9.6802,54.0536],[9.7076,54.0481],[9.7131,54.0425],[9.74,54.0456],[9.7468,54.0506],[9.7435,54.0586],[9.7051,54.073]]]},"properties":{"AGS":"01058103","GEN":"Meezen","SN_L":"01"}},
{"type":"Feature","geometry":{"type":"Polygon","coordinates":[[[9.7716,54.1088],[9.7573,54.1201],[9.7325,54.1288],[9.7159,54.1142],[9.7466,54.0976],[9.7712,54.0991],[9.7879,54.1124],[9.7716,54.1088]]]},"properties":{"AGS":"01058106","GEN":"Mörel","SN_L":"01"}},
{"type":"Feature","geometry":{"type":"Polygon","coordinates":[[[9.6086,54.167],[9.6054,54.161],[9.5831,54.16],[9.5733,54.1711],[9.5684,54.1553],[9.5773,54.1506],[9.5938,54.1445],[9.5934,54.1277],[9.6158,54.1125],[9.6357,54.1299],[9.6436,54.1432],[9.6575,54.1445],[9.6616,54.145],[9.6455,54.1542],[9.6243,54.1518],[9.6269,54.1618],[9.6086,54.167]]]},"properties":{"AGS":"01058113","GEN":"Nienborstel","SN_L":"01"}},
{"type":"Feature","geometry":{"type":"Polygon","coordinates":[[[9.7201,54.1465],[9.7086,54.1431],[9.673,54.148],[9.6616,54.145],[9.6575,54.1445],[9.666,54.141],[9.6697,54.1168],[9.7058,54.112],[9.7159,54.1142],[9.7325,54.1288],[9.7298,54.1415],[9.7201,54.1465]]]},"properties":{"AGS":"01058115","GEN":"Nindorf","SN_L":"01"}},
{"type":"Feature","geometry":{"type":"Polygon","coordinates":[[[9.4484,54.1966],[9.4394,54.1993],[9.4337,54.1842],[9.4428,54.1738],[9.4277,54.1679],[9.4258,54.1647],[9.4237,54.1622],[9.4239,54.1596],[9.43,54.1521],[9.451,54.1528],[9.4615,54.177],[9.4597,54.1917],[9.4567,54.1962],[9.4484,54.1966]]]},"properties":{"AGS":"01058119","GEN":"Oldenbüttel","SN_L":"01"}},
{"type":"Feature","geometry":{"type":"Polygon","coordinates":[[[9.5934,54.1277],[9.5584,54.1181],[9.5559,54.1097],[9.5646,54.0976],[9.5558,54.0926],[9.5596,54.0903],[9.5835,54.0872],[9.6027,54.1008],[9.6185,54.1097],[9.6158,54.1125],[9.5934,54.1277]]]},"properties":{"AGS":"01058125","GEN":"Osterstedt","SN_L":"01"}},
{"type":"Feature","geometry":{"type":"Polygon","coordinates":[[[9.9444,54.0218],[9.9549,54.053],[9.9284,54.0527],[9.8842,54.0463],[9.8907,54.0424],[9.8972,54.0229],[9.8955,54.0103],[9.9004,54.0097],[9.9444,54.0218]]]},"properties":{"AGS":"01058128","GEN":"Padenstedt","SN_L":"01"}},
{"type":"Feature","geometry":{"type":"Polygon","coordinates":[[[9.7466,54.0976],[9.7159,54.1142],[9.7058,54.112],[9.714,54.0944],[9.7403,54.0955],[9.7466,54.0976]]]},"properties":{"AGS":"01058131","GEN":"Rade b.Hohenwestedt","SN_L":"01"}},
{"type":"Feature","geometry":{"type":"Polygon","coordinates":[[[9.6575,54.1445],[9.6436,54.1432],[9.6357,54.1299],[9.6158,54.1125],[9.6185,54.1097],[9.6636,54.1083],[9.6697,54.1168],[9.666,54.141],[9.6575,54.1445]]]},"properties":{"AGS":"01058134","GEN":"Remmels","SN_L":"01"}},
{"type":"Feature","geometry":{"type":"Polygon","coordinates":[[[9.5171,54.0968],[9.5066,54.1043],[9.5139,54.1117],[9.5139,54.1301],[9.5058,54.1248],[9.4784,54.1011],[9.4746,54.0909],[9.4933,54.0852],[9.5171,54.0968]]]},"properties":{"AGS":"01058151","GEN":"Seefeld","SN_L":"01"}},
{"type":"Feature","geometry":{"type":"Polygon","coordinates":[[[9.4258,54.1647],[9.4277,54.1679],[9.3908,54.1584],[9.3593,54.1482],[9.3754,54.1341],[9.3719,54.1137],[9.3784,54.1158],[9.3803,54.1174],[9.3799,54.1209],[9.4007,54.1238],[9.3983,54.1326],[9.411,54.1429],[9.4119,54.1527],[9.4239,54.1596],[9.4237,54.1622],[9.4258,54.1647]]]},"properties":{"AGS":"01058156","GEN":"Steenfeld","SN_L":"01"}},
{"type":"Feature","geometry":{"type":"Polygon","coordinates":[[[9.4763,54.1945],[9.4669,54.1951],[9.4675,54.1967],[9.4661,54.1972],[9.4653,54.1958],[9.4597,54.1917],[9.4615,54.177],[9.4704,54.158],[9.509,54.1771],[9.5041,54.184],[9.4763,54.1945]]]},"properties":{"AGS":"01058158","GEN":"Tackesdorf","SN_L":"01"}},
{"type":"Feature","geometry":{"type":"Polygon","coordinates":[[[9.6697,54.1168],[9.6636,54.1083],[9.6842,54.0951],[9.7251,54.0871],[9.7403,54.0955],[9.714,54.0944],[9.7058,54.112],[9.6697,54.1168]]]},"properties":{"AGS":"01058159","GEN":"Tappendorf","SN_L":"01"}},
{"type":"Feature","geometry":{"type":"Polygon","coordinates":[[[9.438,54.1124],[9.4102,54.1174],[9.4004,54.1099],[9.3952,54.0963],[9.4051,54.0874],[9.4229,54.0843],[9.416,54.0718],[9.4167,54.07],[9.4194,54.0622],[9.439,54.0699],[9.4511,54.0801],[9.4534,54.0877],[9.438,54.1124]]]},"properties":{"AGS":"01058161","GEN":"Thaden","SN_L":"01"}},
{"type":"Feature","geometry":{"type":"Polygon","coordinates":[[[9.5773,54.1506],[9.5524,54.1529],[9.5355,54.1595],[9.5223,54.1576],[9.5259,54.1554],[9.5446,54.146],[9.5385,54.1265],[9.5584,54.1181],[9.5934,54.1277],[9.5938,54.1445],[9.5773,54.1506]]]},"properties":{"AGS":"01058164","GEN":"Todenbüttel","SN_L":"01"}},
{"type":"Feature","geometry":{"type":"Polygon","coordinates":[[[9.6166,54.0761],[9.6323,54.0859],[9.6286,54.0955],[9.6027,54.1008],[9.5835,54.0872],[9.5921,54.0694],[9.6073,54.068],[9.6166,54.0761]]]},"properties":{"AGS":"01058167","GEN":"Wapelfeld","SN_L":"01"}},
{"type":"Feature","geometry":{"type":"Polygon","coordinates":[[[10.0386,54.2358],[10.0003,54.2444],[9.9754,54.2383],[9.9788,54.2242],[9.9948,54.2209],[9.9992,54.2126],[10.0134,54.2237],[10.0346,54.2292],[10.0386,54.2358]]]},"properties":{"AGS":"01058018","GEN":"Blumenthal","SN_L":"01"}},
{"type":"Feature","geometry":{"type":"Polygon","coordinates":[[[10.0968,54.225],[10.0772,54.2324],[10.0672,54.2261],[10.0355,54.228],[10.0334,54.2235],[10.0518,54.222],[10.0659,54.2088],[10.0756,54.2108],[10.0895,54.2135],[10.0993,54.2189],[10.0968,54.225]]]},"properties":{"AGS":"01058019","GEN":"Böhnhusen","SN_L":"01"}},
{"type":"Feature","geometry":{"type":"Polygon","coordinates":[[[10.1234,54.2555],[10.0837,54.2684],[10.0669,54.256],[10.0424,54.2591],[10.0318,54.2473],[10.0386,54.2358],[10.0346,54.2292],[10.0355,54.228],[10.0672,54.2261],[10.0772,54.2324],[10.0968,54.225],[10.1066,54.2366],[10.0972,54.2385],[10.1234,54.2555]]]},"properties":{"AGS":"01058053","GEN":"Flintbek","SN_L":"01"}},
{"type":"Feature","geometry":{"type":"Polygon","coordinates":[[[10.0462,54.296],[10.0125,54.2998],[10.0021,54.2951],[10.0268,54.2855],[10.0273,54.2758],[10.0414,54.2684],[10.0684,54.2808],[10.0695,54.2851],[10.0523,54.2974],[10.0462,54.296]]]},"properties":{"AGS":"01058105","GEN":"Mielkendorf","SN_L":"01"}},
{"type":"Feature","geometry":{"type":"Polygon","coordinates":[[[10.0837,54.2684],[10.0949,54.287],[10.0695,54.2851],[10.0684,54.2808],[10.0414,54.2684],[10.0424,54.2591],[10.0669,54.256],[10.0837,54.2684]]]},"properties":{"AGS":"01058107","GEN":"Molfsee","SN_L":"01"}},
{"type":"Feature","geometry":{"type":"Polygon","coordinates":[[[10.0273,54.2758],[10.0268,54.2855],[10.0021,54.2951],[9.9754,54.2857],[9.9725,54.2799],[9.9808,54.2703],[10.007,54.266],[10.0273,54.2758]]]},"properties":{"AGS":"01058138","GEN":"Rodenbek","SN_L":"01"}},
{"type":"Feature","geometry":{"type":"Polygon","coordinates":[[[10.0414,54.2684],[10.0273,54.2758],[10.007,54.266],[9.998,54.2552],[10.0003,54.2444],[10.0386,54.2358],[10.0318,54.2473],[10.0424,54.2591],[10.0414,54.2684]]]},"properties":{"AGS":"01058139","GEN":"Rumohr","SN_L":"01"}},
{"type":"Feature","geometry":{"type":"Polygon","coordinates":[[[10.007,54.266],[9.9808,54.2703],[9.9725,54.2799],[9.9652,54.2727],[9.9657,54.2577],[9.9473,54.2531],[9.959,54.2393],[9.9754,54.2383],[10.0003,54.2444],[9.998,54.2552],[10.007,54.266]]]},"properties":{"AGS":"01058141","GEN":"Schierensee","SN_L":"01"}},
{"type":"Feature","geometry":{"type":"Polygon","coordinates":[[[10.1283,54.2142],[10.1223,54.233],[10.1066,54.2366],[10.0968,54.225],[10.0993,54.2189],[10.128,54.2134],[10.1283,54.2142]]]},"properties":{"AGS":"01058145","GEN":"Schönhorst","SN_L":"01"}},
{"type":"Feature","geometry":{"type":"Polygon","coordinates":[[[10.0659,54.2088],[10.0518,54.222],[10.0334,54.2235],[10.0355,54.2119],[10.0486,54.1976],[10.0659,54.2088]]]},"properties":{"AGS":"01058160","GEN":"Techelsdorf","SN_L":"01"}},
{"type":"Feature","geometry":{"type":"MultiPolygon","coordinates":[[[[10.0337,54.6723],[10.0365,54.6871],[10.0301,54.6852],[10.0337,54.6723]]],[[[9.9422,54.6738],[9.9396,54.6945],[9.9308,54.6955],[9.9237,54.7013],[9.9076,54.6907],[9.8702,54.6661],[9.8722,54.6611],[9.8898,54.6543],[9.9094,54.6539],[9.9329,54.6461],[9.9422,54.6738]]],[[[10.0352,54.6704],[10.0302,54.664],[9.9973,54.6664],[9.9769,54.6738],[9.9484,54.674],[9.9381,54.6607],[9.938,54.6454],[9.9452,54.6367],[9.9485,54.635],[9.9647,54.6258],[9.9709,54.6323],[10.0058,54.6442],[10.0312,54.6366],[10.0345,54.6576],[10.0335,54.6635],[10.0352,54.6704]]]]},"properties":{"AGS":"01059045","GEN":"Kappeln","SN_L":"01"}},
{"type":"Feature","geometry":{"type":"Polygon","coordinates":[[[9.5908,54.5419],[9.5853,54.546],[9.5437,54.5389],[9.5163,54.5347],[9.5147,54.5253],[9.5123,54.5115],[9.5167,54.5051],[9.5247,54.4932],[9.5373,54.4916],[9.5541,54.504],[9.5497,54.5115],[9.5867,54.5121],[9.6049,54.5206],[9.6052,54.5268],[9.5911,54.5276],[9.5908,54.5419]]]},"properties":{"AGS":"01059075","GEN":"Schleswig","SN_L":"01"}},
{"type":"Feature","geometry":{"type":"Polygon","coordinates":[[[9.6044,54.8308],[9.5899,54.8457],[9.6014,54.8683],[9.5737,54.8637],[9.5638,54.8544],[9.5167,54.8389],[9.4919,54.8226],[9.504,54.811],[9.5139,54.8208],[9.536,54.8244],[9.5684,54.8229],[9.5767,54.8296],[9.6044,54.8308]]]},"properties":{"AGS":"01059113","GEN":"Glücksburg (Ostsee)","SN_L":"01"}},
{"type":"Feature","geometry":{"type":"Polygon","coordinates":[[[9.4204,54.8319],[9.4111,54.8423],[9.3827,54.8392],[9.3725,54.8222],[9.3546,54.8144],[9.3454,54.8022],[9.3588,54.7811],[9.4055,54.7953],[9.4019,54.8065],[9.4132,54.8212],[9.4229,54.8232],[9.4204,54.8319]]]},"properties":{"AGS":"01059120","GEN":"Harrislee","SN_L":"01"}},
{"type":"Feature","geometry":{"type":"Polygon","coordinates":[[[9.3454,54.8022],[9.3293,54.8056],[9.2699,54.8122],[9.2501,54.8097],[9.2468,54.8022],[9.2598,54.7978],[9.2706,54.781],[9.262,54.7667],[9.2455,54.7591],[9.2626,54.7545],[9.2731,54.7593],[9.2776,54.7383],[9.2816,54.7251],[9.2973,54.7257],[9.3029,54.7135],[9.3358,54.7104],[9.3534,54.7122],[9.3685,54.7018],[9.3695,54.7024],[9.3788,54.7106],[9.3744,54.7227],[9.407,54.7291],[9.4327,54.7251],[9.4464,54.7317],[9.4516,54.7514],[9.4524,54.752],[9.4379,54.7536],[9.379,54.7532],[9.3588,54.7811],[9.3454,54.8022]]]},"properties":{"AGS":"01059183","GEN":"Handewitt","SN_L":"01"}},
{"type":"Feature","geometry":{"type":"Polygon","coordinates":[[[9.4,54.6349],[9.3998,54.643],[9.3887,54.645],[9.324,54.6385],[9.3263,54.6248],[9.3215,54.6101],[9.3414,54.6062],[9.3466,54.5985],[9.3671,54.612],[9.3845,54.6187],[9.4,54.6349]]]},"properties":{"AGS":"01059107","GEN":"Eggebek","SN_L":"01"}},
{"type":"Feature","geometry":{"type":"Polygon","coordinates":[[[9.3134,54.651],[9.2579,54.6568],[9.2676,54.6382],[9.2947,54.6156],[9.3184,54.6069],[9.3215,54.6101],[9.3263,54.6248],[9.324,54.6385],[9.3134,54.651]]]},"properties":{"AGS":"01059128","GEN":"Janneby","SN_L":"01"}},
{"type":"Feature","geometry":{"type":"Polygon","coordinates":[[[9.3723,54.6857],[9.3344,54.6701],[9.3331,54.6618],[9.3134,54.651],[9.324,54.6385],[9.3887,54.645],[9.3998,54.643],[9.4008,54.6523],[9.3887,54.6592],[9.3723,54.6857]]]},"properties":{"AGS":"01059131","GEN":"Jerrishoe","SN_L":"01"}},
{"type":"Feature","geometry":{"type":"Polygon","coordinates":[[[9.3184,54.6069],[9.2947,54.6156],[9.2676,54.6382],[9.2579,54.6568],[9.248,54.6474],[9.2226,54.648],[9.2074,54.6313],[9.2216,54.6289],[9.2419,54.6146],[9.2421,54.6077],[9.2664,54.5999],[9.3057,54.6016],[9.3137,54.5912],[9.3184,54.6069]]]},"properties":{"AGS":"01059132","GEN":"Jörl","SN_L":"01"}},
{"type":"Feature","geometry":{"type":"Polygon","coordinates":[[[9.4232,54.6219],[9.4,54.6349],[9.3845,54.6187],[9.3671,54.612],[9.3466,54.5985],[9.3451,54.5861],[9.3664,54.5885],[9.4395,54.6164],[9.4232,54.6219]]]},"properties":{"AGS":"01059138","GEN":"Langstedt","SN_L":"01"}},
{"type":"Feature","geometry":{"type":"Polygon","coordinates":[[[9.3451,54.5861],[9.3466,54.5985],[9.3414,54.6062],[9.3215,54.6101],[9.3184,54.6069],[9.3137,54.5912],[9.3048,54.5814],[9.2852,54.5714],[9.2921,54.5606],[9.3112,54.5532],[9.3316,54.5477],[9.338,54.5521],[9.3236,54.5696],[9.3451,54.5861]]]},"properties":{"AGS":"01059162","GEN":"Sollerup","SN_L":"01"}},
{"type":"Feature","geometry":{"type":"Polygon","coordinates":[[[9.3137,54.5912],[9.3057,54.6016],[9.2664,54.5999],[9.255,54.5986],[9.2501,54.5785],[9.2625,54.5747],[9.2852,54.5714],[9.3048,54.5814],[9.3137,54.5912]]]},"properties":{"AGS":"01059169","GEN":"Süderhackstedt","SN_L":"01"}},
{"type":"Feature","geometry":{"type":"Polygon","coordinates":[[[9.3685,54.7018],[9.3534,54.7122],[9.3358,54.7104],[9.3029,54.7135],[9.3038,54.7001],[9.2884,54.6977],[9.2815,54.6724],[9.2579,54.6568],[9.3134,54.651],[9.3331,54.6618],[9.3344,54.6701],[9.3723,54.6857],[9.3689,54.6953],[9.366,54.6993],[9.3685,54.7018]]]},"properties":{"AGS":"01059174","GEN":"Wanderup","SN_L":"01"}},
{"type":"Feature","geometry":{"type":"Polygon","coordinates":[[[9.6751,54.4961],[9.664,54.5072],[9.6288,54.5121],[9.6334,54.4782],[9.6365,54.4754],[9.6434,54.4815],[9.6751,54.4961]]]},"properties":{"AGS":"01059012","GEN":"Borgwedel","SN_L":"01"}},
{"type":"Feature","geometry":{"type":"Polygon","coordinates":[[[9.5812,54.5019],[9.5541,54.504],[9.5373,54.4916],[9.5297,54.4741],[9.546,54.4732],[9.5712,54.4891],[9.5812,54.5019]]]},"properties":{"AGS":"01059018","GEN":"Busdorf","SN_L":"01"}},
{"type":"Feature","geometry":{"type":"Polygon","coordinates":[[[9.5373,54.4916],[9.5247,54.4932],[9.5167,54.5051],[9.4849,54.4869],[9.4493,54.4754],[9.455,54.4616],[9.437,54.4545],[9.4558,54.4538],[9.4807,54.4575],[9.4893,54.4642],[9.5081,54.4632],[9.5297,54.4741],[9.5373,54.4916]]]},"properties":{"AGS":"01059019","GEN":"Dannewerk","SN_L":"01"}},
{"type":"Feature","geometry":{"type":"Polygon","coordinates":[[[9.6288,54.5121],[9.5919,54.5046],[9.5812,54.5019],[9.5712,54.4891],[9.5999,54.4827],[9.6203,54.4741],[9.6334,54.4782],[9.6288,54.5121]]]},"properties":{"AGS":"01059026","GEN":"Fahrdorf","SN_L":"01"}},
{"type":"Feature","geometry":{"type":"Polygon","coordinates":[[[9.6334,54.4782],[9.6203,54.4741],[9.5917,54.4684],[9.6055,54.4423],[9.6413,54.4546],[9.6282,54.4658],[9.6365,54.4754],[9.6334,54.4782]]]},"properties":{"AGS":"01059032","GEN":"Geltorf","SN_L":"01"}},
{"type":"Feature","geometry":{"type":"Polygon","coordinates":[[[9.546,54.4732],[9.5297,54.4741],[9.5081,54.4632],[9.5185,54.4453],[9.5435,54.4324],[9.5562,54.4302],[9.5675,54.4335],[9.5588,54.4407],[9.5641,54.4601],[9.546,54.4732]]]},"properties":{"AGS":"01059043","GEN":"Jagel","SN_L":"01"}},
{"type":"Feature","geometry":{"type":"Polygon","coordinates":[[[9.598,54.4404],[9.5807,54.4601],[9.5641,54.4601],[9.5588,54.4407],[9.5675,54.4335],[9.5761,54.4329],[9.598,54.4404]]]},"properties":{"AGS":"01059056","GEN":"Lottorf","SN_L":"01"}},
{"type":"Feature","geometry":{"type":"Polygon","coordinates":[[[9.6203,54.4741],[9.5999,54.4827],[9.5712,54.4891],[9.546,54.4732],[9.5641,54.4601],[9.5807,54.4601],[9.598,54.4404],[9.6055,54.4423],[9.5917,54.4684],[9.6203,54.4741]]]},"properties":{"AGS":"01059078","GEN":"Selk","SN_L":"01"}},
{"type":"Feature","geometry":{"type":"Polygon","coordinates":[[[9.5934,54.7405],[9.5668,54.7483],[9.5571,54.7364],[9.5448,54.7334],[9.5478,54.7271],[9.5613,54.7201],[9.5964,54.7152],[9.6044,54.7292],[9.5934,54.7405]]]},"properties":{"AGS":"01059103","GEN":"Ausacker","SN_L":"01"}},
{"type":"Feature","geometry":{"type":"Polygon","coordinates":[[[9.5964,54.7152],[9.5613,54.7201],[9.5478,54.7271],[9.5315,54.7186],[9.495,54.7111],[9.4832,54.7033],[9.4649,54.6976],[9.4703,54.6772],[9.476,54.6758],[9.5057,54.6694],[9.5359,54.6846],[9.5478,54.683],[9.5547,54.7038],[9.5918,54.7112],[9.5964,54.7152]]]},"properties":{"AGS":"01059116","GEN":"Großsolt","SN_L":"01"}},
{"type":"Feature","geometry":{"type":"Polygon","coordinates":[[[9.5593,54.7939],[9.553,54.798],[9.5449,54.7894],[9.5067,54.7912],[9.5046,54.7726],[9.4747,54.7724],[9.4602,54.761],[9.4618,54.7532],[9.4728,54.7483],[9.4946,54.7539],[9.5071,54.7405],[9.527,54.7301],[9.5448,54.7334],[9.5571,54.7364],[9.5668,54.7483],[9.5575,54.7595],[9.5621,54.7774],[9.5525,54.7805],[9.5593,54.7939]]]},"properties":{"AGS":"01059126","GEN":"Hürup","SN_L":"01"}},
{"type":"Feature","geometry":{"type":"Polygon","coordinates":[[[9.6272,54.7523],[9.606,54.7782],[9.6153,54.7822],[9.6086,54.7961],[9.5929,54.7895],[9.5665,54.791],[9.5593,54.7939],[9.5525,54.7805],[9.5621,54.7774],[9.5575,54.7595],[9.5668,54.7483],[9.5934,54.7405],[9.6185,54.7437],[9.6272,54.7523]]]},"properties":{"AGS":"01059127","GEN":"Husby","SN_L":"01"}},
{"type":"Feature","geometry":{"type":"Polygon","coordinates":[[[9.5448,54.7334],[9.527,54.7301],[9.5071,54.7405],[9.4946,54.7539],[9.4728,54.7483],[9.4618,54.7532],[9.4524,54.752],[9.4516,54.7514],[9.4735,54.7316],[9.4855,54.715],[9.4832,54.7033],[9.495,54.7111],[9.5315,54.7186],[9.5478,54.7271],[9.5448,54.7334]]]},"properties":{"AGS":"01059182","GEN":"Freienwill","SN_L":"01"}},
{"type":"Feature","geometry":{"type":"Polygon","coordinates":[[[9.9284,54.6273],[9.9365,54.6337],[9.9318,54.6316],[9.9284,54.6273]]]},"properties":{"AGS":"01059002","GEN":"Arnis","SN_L":"01"}},
{"type":"Feature","geometry":{"type":"Polygon","coordinates":[[[9.9329,54.6461],[9.9094,54.6539],[9.8929,54.6391],[9.9015,54.6257],[9.9284,54.6273],[9.9318,54.6316],[9.9329,54.6461]]]},"properties":{"AGS":"01059034","GEN":"Grödersby","SN_L":"01"}},
{"type":"Feature","geometry":{"type":"Polygon","coordinates":[[[9.8702,54.6661],[9.8599,54.6779],[9.8246,54.6905],[9.8191,54.6897],[9.8181,54.6782],[9.8344,54.6677],[9.8373,54.6565],[9.8489,54.6619],[9.8722,54.6611],[9.8702,54.6661]]]},"properties":{"AGS":"01059067","GEN":"Oersberg","SN_L":"01"}},
{"type":"Feature","geometry":{"type":"Polygon","coordinates":[[[9.9094,54.6539],[9.8898,54.6543],[9.8722,54.6611],[9.8489,54.6619],[9.8373,54.6565],[9.8287,54.6491],[9.8404,54.6422],[9.853,54.6414],[9.8615,54.6297],[9.8752,54.6279],[9.8847,54.6186],[9.9015,54.6257],[9.8929,54.6391],[9.9094,54.6539]]]},"properties":{"AGS":"01059068","GEN":"Rabenkirchen-Faulück","SN_L":"01"}},
{"type":"Feature","geometry":{"type":"Polygon","coordinates":[[[9.7146,54.7941],[9.6734,54.8014],[9.6671,54.8001],[9.6466,54.784],[9.6645,54.7782],[9.6646,54.7597],[9.6913,54.7566],[9.702,54.7671],[9.7146,54.7941]]]},"properties":{"AGS":"01059106","GEN":"Dollerup","SN_L":"01"}},
{"type":"Feature","geometry":{"type":"Polygon","coordinates":[[[9.6466,54.784],[9.6374,54.7934],[9.612,54.797],[9.6086,54.7961],[9.6153,54.7822],[9.606,54.7782],[9.6272,54.7523],[9.6409,54.7577],[9.6646,54.7597],[9.6645,54.7782],[9.6466,54.784]]]},"properties":{"AGS":"01059118","GEN":"Grundhof","SN_L":"01"}},
{"type":"Feature","geometry":{"type":"Polygon","coordinates":[[[9.6656,54.822],[9.6531,54.8209],[9.6336,54.8284],[9.6161,54.8147],[9.612,54.797],[9.6374,54.7934],[9.6466,54.784],[9.6671,54.8001],[9.6614,54.813],[9.6656,54.822]]]},"properties":{"AGS":"01059137","GEN":"Langballig","SN_L":"01"}},
{"type":"Feature","geometry":{"type":"Polygon","coordinates":[[[9.6336,54.8284],[9.6044,54.8308],[9.5767,54.8296],[9.5684,54.8229],[9.5696,54.8144],[9.553,54.798],[9.5593,54.7939],[9.5665,54.791],[9.5871,54.7956],[9.5925,54.8221],[9.6161,54.8147],[9.6336,54.8284]]]},"properties":{"AGS":"01059145","GEN":"Munkbrarup","SN_L":"01"}},
{"type":"Feature","geometry":{"type":"Polygon","coordinates":[[[9.6161,54.8147],[9.5925,54.8221],[9.5871,54.7956],[9.5665,54.791],[9.5929,54.7895],[9.6086,54.7961],[9.612,54.797],[9.6161,54.8147]]]},"properties":{"AGS":"01059157","GEN":"Ringsberg","SN_L":"01"}},
{"type":"Feature","geometry":{"type":"Polygon","coordinates":[[[9.5684,54.8229],[9.536,54.8244],[9.5139,54.8208],[9.504,54.811],[9.5067,54.7912],[9.5449,54.7894],[9.553,54.798],[9.5696,54.8144],[9.5684,54.8229]]]},"properties":{"AGS":"01059176","GEN":"Wees","SN_L":"01"}},
{"type":"Feature","geometry":{"type":"Polygon","coordinates":[[[9.7275,54.8067],[9.7102,54.8089],[9.6656,54.822],[9.6614,54.813],[9.6671,54.8001],[9.6734,54.8014],[9.7146,54.7941],[9.7275,54.8067]]]},"properties":{"AGS":"01059178","GEN":"Westerholz","SN_L":"01"}},
{"type":"Feature","geometry":{"type":"Polygon","coordinates":[[[9.4703,54.6772],[9.4391,54.6781],[9.4283,54.6744],[9.4341,54.6449],[9.4225,54.6365],[9.4232,54.6219],[9.4395,54.6164],[9.4566,54.6103],[9.4709,54.6073],[9.4956,54.6111],[9.5065,54.6153],[9.5108,54.6283],[9.5049,54.6389],[9.4864,54.6538],[9.476,54.6758],[9.4703,54.6772]]]},"properties":{"AGS":"01059159","GEN":"Sieverstedt","SN_L":"01"}},
{"type":"Feature","geometry":{"type":"MultiPolygon","coordinates":[[[[9.366,54.6993],[9.3695,54.7024],[9.3685,54.7018],[9.366,54.6993]]],[[[9.4232,54.6219],[9.4225,54.6365],[9.4341,54.6449],[9.4283,54.6744],[9.3689,54.6953],[9.3723,54.6857],[9.3887,54.6592],[9.4008,54.6523],[9.3998,54.643],[9.4,54.6349],[9.4232,54.6219]]]]},"properties":{"AGS":"01059171","GEN":"Tarp","SN_L":"01"}},
{"type":"Feature","geometry":{"type":"Polygon","coordinates":[[[9.4832,54.7033],[9.4855,54.715],[9.4735,54.7316],[9.4516,54.7514],[9.4464,54.7317],[9.4327,54.7251],[9.407,54.7291],[9.3744,54.7227],[9.3788,54.7106],[9.3695,54.7024],[9.366,54.6993],[9.3689,54.6953],[9.4283,54.6744],[9.4391,54.6781],[9.4703,54.6772],[9.4649,54.6976],[9.4832,54.7033]]]},"properties":{"AGS":"01059184","GEN":"Oeversee","SN_L":"01"}},
{"type":"Feature","geometry":{"type":"Polygon","coordinates":[[[9.6656,54.6765],[9.6458,54.6722],[9.633,54.6631],[9.619,54.635],[9.6221,54.6343],[9.6442,54.64],[9.6561,54.6335],[9.6776,54.6389],[9.6761,54.6481],[9.6624,54.6575],[9.6656,54.6765]]]},"properties":{"AGS":"01059076","GEN":"Schnarup-Thumby","SN_L":"01"}},
{"type":"Feature","geometry":{"type":"Polygon","coordinates":[[[9.6913,54.7566],[9.6646,54.7597],[9.6409,54.7577],[9.6272,54.7523],[9.6185,54.7437],[9.5934,54.7405],[9.6044,54.7292],[9.5964,54.7152],[9.622,54.7088],[9.6365,54.6946],[9.677,54.6893],[9.7176,54.6969],[9.7119,54.7157],[9.7,54.7259],[9.7067,54.7358],[9.7073,54.7456],[9.6913,54.7566]]]},"properties":{"AGS":"01059161","GEN":"Sörup","SN_L":"01"}},
{"type":"Feature","geometry":{"type":"Polygon","coordinates":[[[9.677,54.6893],[9.6365,54.6946],[9.622,54.7088],[9.5964,54.7152],[9.5918,54.7112],[9.5547,54.7038],[9.5478,54.683],[9.5359,54.6846],[9.5299,54.6678],[9.5335,54.6582],[9.5498,54.6498],[9.5487,54.6381],[9.5559,54.6363],[9.5949,54.6514],[9.604,54.6497],[9.6192,54.6596],[9.6268,54.6639],[9.633,54.6631],[9.6458,54.6722],[9.6656,54.6765],[9.677,54.6893]]]},"properties":{"AGS":"01059185","GEN":"Mittelangeln","SN_L":"01"}},
{"type":"Feature","geometry":{"type":"Polygon","coordinates":[[[9.1733,54.8309],[9.1797,54.8338],[9.1876,54.8361],[9.1876,54.8611],[9.1727,54.8662],[9.1616,54.8592],[9.1733,54.8309]]]},"properties":{"AGS":"01059105","GEN":"Böxlund","SN_L":"01"}},
{"type":"Feature","geometry":{"type":"Polygon","coordinates":[[[9.2776,54.7383],[9.2417,54.7393],[9.2304,54.7098],[9.2349,54.6969],[9.2187,54.691],[9.2314,54.6829],[9.2579,54.6568],[9.2815,54.6724],[9.2884,54.6977],[9.3038,54.7001],[9.3029,54.7135],[9.2973,54.7257],[9.2816,54.7251],[9.2776,54.7383]]]},"properties":{"AGS":"01059115","GEN":"Großenwiehe","SN_L":"01"}},
{"type":"Feature","geometry":{"type":"Polygon","coordinates":[[[9.1375,54.7506],[9.1238,54.7695],[9.1113,54.7679],[9.0783,54.7564],[9.0804,54.714],[9.1037,54.7212],[9.1363,54.7203],[9.1375,54.7506]]]},"properties":{"AGS":"01059123","GEN":"Hörup","SN_L":"01"}},
{"type":"Feature","geometry":{"type":"Polygon","coordinates":[[[9.1514,54.8178],[9.1149,54.8212],[9.106,54.8299],[9.0806,54.8203],[9.078,54.8168],[9.0991,54.8151],[9.1202,54.7881],[9.1618,54.7831],[9.1655,54.7876],[9.1488,54.7953],[9.1514,54.8178]]]},"properties":{"AGS":"01059124","GEN":"Holt","SN_L":"01"}},
{"type":"Feature","geometry":{"type":"Polygon","coordinates":[[[9.2059,54.8104],[9.238,54.8126],[9.246,54.8171],[9.2353,54.8353],[9.2401,54.85],[9.1876,54.8611],[9.1876,54.8361],[9.1797,54.8338],[9.1799,54.8273],[9.2059,54.8104]]]},"properties":{"AGS":"01059129","GEN":"Jardelund","SN_L":"01"}},
{"type":"Feature","geometry":{"type":"Polygon","coordinates":[[[9.2059,54.8104],[9.1799,54.8273],[9.1797,54.8338],[9.1733,54.8309],[9.1514,54.8178],[9.1488,54.7953],[9.1655,54.7876],[9.1691,54.7873],[9.1793,54.7963],[9.2059,54.8104]]]},"properties":{"AGS":"01059143","GEN":"Medelby","SN_L":"01"}},
{"type":"Feature","geometry":{"type":"Polygon","coordinates":[[[9.2455,54.7591],[9.2091,54.7662],[9.1968,54.7475],[9.1954,54.7362],[9.2417,54.7393],[9.2776,54.7383],[9.2731,54.7593],[9.2626,54.7545],[9.2455,54.7591]]]},"properties":{"AGS":"01059144","GEN":"Meyn","SN_L":"01"}},
{"type":"Feature","geometry":{"type":"Polygon","coordinates":[[[9.1363,54.7203],[9.1443,54.7167],[9.1742,54.7169],[9.1948,54.7307],[9.1954,54.7362],[9.1968,54.7475],[9.1375,54.7506],[9.1363,54.7203]]]},"properties":{"AGS":"01059149","GEN":"Nordhackstedt","SN_L":"01"}},
{"type":"Feature","geometry":{"type":"Polygon","coordinates":[[[9.2501,54.8097],[9.246,54.8171],[9.238,54.8126],[9.2059,54.8104],[9.1793,54.7963],[9.1691,54.7873],[9.1996,54.7809],[9.2428,54.7875],[9.2468,54.8022],[9.2501,54.8097]]]},"properties":{"AGS":"01059151","GEN":"Osterby","SN_L":"01"}},
{"type":"Feature","geometry":{"type":"Polygon","coordinates":[[[9.1618,54.7831],[9.1202,54.7881],[9.1076,54.7769],[9.1113,54.7679],[9.1238,54.7695],[9.1375,54.7506],[9.1968,54.7475],[9.2091,54.7662],[9.1982,54.7783],[9.1812,54.7776],[9.1618,54.7831]]]},"properties":{"AGS":"01059158","GEN":"Schafflund","SN_L":"01"}},
{"type":"Feature","geometry":{"type":"Polygon","coordinates":[[[9.2455,54.7591],[9.262,54.7667],[9.2706,54.781],[9.2598,54.7978],[9.2468,54.8022],[9.2428,54.7875],[9.1996,54.7809],[9.1691,54.7873],[9.1655,54.7876],[9.1618,54.7831],[9.1812,54.7776],[9.1982,54.7783],[9.2091,54.7662],[9.2455,54.7591]]]},"properties":{"AGS":"01059173","GEN":"Wallsbüll","SN_L":"01"}},
{"type":"Feature","geometry":{"type":"Polygon","coordinates":[[[9.1727,54.8662],[9.136,54.8739],[9.1134,54.8735],[9.1146,54.8588],[9.106,54.8299],[9.1149,54.8212],[9.1514,54.8178],[9.1733,54.8309],[9.1616,54.8592],[9.1727,54.8662]]]},"properties":{"AGS":"01059177","GEN":"Weesby","SN_L":"01"}},
{"type":"Feature","geometry":{"type":"Polygon","coordinates":[[[9.2417,54.7393],[9.1954,54.7362],[9.1948,54.7307],[9.1742,54.7169],[9.1443,54.7167],[9.1363,54.7203],[9.1037,54.7212],[9.0804,54.714],[9.0805,54.7069],[9.0624,54.7008],[9.0674,54.699],[9.0909,54.6936],[9.1245,54.6906],[9.1436,54.6927],[9.1474,54.6998],[9.1717,54.6987],[9.1672,54.6865],[9.1776,54.67],[9.1932,54.6584],[9.2226,54.648],[9.248,54.6474],[9.2579,54.6568],[9.2314,54.6829],[9.2187,54.691],[9.2349,54.6969],[9.2304,54.7098],[9.2417,54.7393]]]},"properties":{"AGS":"01059179","GEN":"Lindewitt","SN_L":"01"}},
{"type":"Feature","geometry":{"type":"Polygon","coordinates":[[[9.7273,54.6636],[9.7011,54.6654],[9.6752,54.6596],[9.6699,54.6587],[9.6624,54.6575],[9.6761,54.6481],[9.6776,54.6389],[9.6561,54.6335],[9.6708,54.6249],[9.688,54.6303],[9.7056,54.6372],[9.7365,54.641],[9.7448,54.6503],[9.7273,54.6636]]]},"properties":{"AGS":"01059006","GEN":"Böel","SN_L":"01"}},
{"type":"Feature","geometry":{"type":"Polygon","coordinates":[[[9.7267,54.6203],[9.6971,54.6237],[9.7005,54.6143],[9.6868,54.6089],[9.6868,54.5925],[9.7172,54.5948],[9.7263,54.6052],[9.7267,54.6203]]]},"properties":{"AGS":"01059055","GEN":"Loit","SN_L":"01"}},
{"type":"Feature","geometry":{"type":"Polygon","coordinates":[[[9.7406,54.6976],[9.7176,54.6969],[9.677,54.6893],[9.6656,54.6765],[9.6624,54.6575],[9.6699,54.6587],[9.6752,54.6596],[9.7011,54.6654],[9.7273,54.6636],[9.7362,54.6739],[9.7418,54.6788],[9.7406,54.6976]]]},"properties":{"AGS":"01059060","GEN":"Mohrkirch","SN_L":"01"}},
{"type":"Feature","geometry":{"type":"Polygon","coordinates":[[[9.778,54.663],[9.7635,54.666],[9.7573,54.651],[9.7448,54.6503],[9.7365,54.641],[9.7541,54.6479],[9.7922,54.6453],[9.778,54.663]]]},"properties":{"AGS":"01059063","GEN":"Norderbrarup","SN_L":"01"}},
{"type":"Feature","geometry":{"type":"Polygon","coordinates":[[[9.7767,54.6221],[9.7578,54.6253],[9.7464,54.6179],[9.7675,54.6069],[9.7698,54.6052],[9.7707,54.6049],[9.7819,54.612],[9.7767,54.6221]]]},"properties":{"AGS":"01059065","GEN":"Nottfeld","SN_L":"01"}},
{"type":"Feature","geometry":{"type":"Polygon","coordinates":[[[9.7472,54.6974],[9.7406,54.6976],[9.7418,54.6788],[9.7362,54.6739],[9.7636,54.6808],[9.7899,54.6821],[9.7984,54.6877],[9.7742,54.6963],[9.7472,54.6974]]]},"properties":{"AGS":"01059070","GEN":"Rügge","SN_L":"01"}},
{"type":"Feature","geometry":{"type":"Polygon","coordinates":[[[9.7899,54.6821],[9.7636,54.6808],[9.7362,54.6739],[9.7273,54.6636],[9.7448,54.6503],[9.7573,54.651],[9.7635,54.666],[9.778,54.663],[9.7906,54.6786],[9.7899,54.6821]]]},"properties":{"AGS":"01059072","GEN":"Saustrup","SN_L":"01"}},
{"type":"Feature","geometry":{"type":"Polygon","coordinates":[[[9.8191,54.6897],[9.7984,54.6877],[9.7899,54.6821],[9.7906,54.6786],[9.8116,54.6687],[9.8137,54.6481],[9.8287,54.6491],[9.8373,54.6565],[9.8344,54.6677],[9.8181,54.6782],[9.8191,54.6897]]]},"properties":{"AGS":"01059074","GEN":"Scheggerott","SN_L":"01"}},
{"type":"Feature","geometry":{"type":"Polygon","coordinates":[[[9.7464,54.6179],[9.7267,54.6203],[9.7263,54.6052],[9.7172,54.5948],[9.7243,54.5872],[9.7606,54.5877],[9.7694,54.6034],[9.7675,54.6069],[9.7464,54.6179]]]},"properties":{"AGS":"01059080","GEN":"Steinfeld","SN_L":"01"}},
{"type":"Feature","geometry":{"type":"Polygon","coordinates":[[[9.7922,54.6453],[9.7541,54.6479],[9.7365,54.641],[9.7056,54.6372],[9.688,54.6303],[9.6971,54.6237],[9.7267,54.6203],[9.7464,54.6179],[9.7578,54.6253],[9.7767,54.6221],[9.8224,54.63],[9.8355,54.6297],[9.8404,54.6422],[9.8287,54.6491],[9.8137,54.6481],[9.7922,54.6453]]]},"properties":{"AGS":"01059083","GEN":"Süderbrarup","SN_L":"01"}},
{"type":"Feature","geometry":{"type":"Polygon","coordinates":[[[9.7979,54.5777],[9.788,54.5918],[9.7707,54.6049],[9.7698,54.6052],[9.7694,54.6034],[9.7606,54.5877],[9.7243,54.5872],[9.718,54.585],[9.7125,54.5655],[9.7384,54.5425],[9.7533,54.5576],[9.7675,54.5643],[9.7723,54.5761],[9.7979,54.5777]]]},"properties":{"AGS":"01059094","GEN":"Ulsnis","SN_L":"01"}},
{"type":"Feature","geometry":{"type":"Polygon","coordinates":[[[9.7906,54.6786],[9.778,54.663],[9.7922,54.6453],[9.8137,54.6481],[9.8116,54.6687],[9.7906,54.6786]]]},"properties":{"AGS":"01059095","GEN":"Wagersrott","SN_L":"01"}},
{"type":"Feature","geometry":{"type":"MultiPolygon","coordinates":[[[[9.7694,54.6034],[9.7698,54.6052],[9.7675,54.6069],[9.7694,54.6034]]],[[[9.8847,54.6186],[9.8752,54.6279],[9.8615,54.6297],[9.853,54.6414],[9.8404,54.6422],[9.8355,54.6297],[9.8224,54.63],[9.7767,54.6221],[9.7819,54.612],[9.7707,54.6049],[9.788,54.5918],[9.7979,54.5777],[9.804,54.5782],[9.819,54.5837],[9.8333,54.5972],[9.8594,54.6022],[9.8767,54.6096],[9.8847,54.6186]]]]},"properties":{"AGS":"01059187","GEN":"Boren","SN_L":"01"}},
{"type":"Feature","geometry":{"type":"Polygon","coordinates":[[[9.606,54.6151],[9.5588,54.6212],[9.5482,54.6157],[9.573,54.5998],[9.5806,54.5952],[9.6219,54.5978],[9.6262,54.6045],[9.6107,54.6038],[9.606,54.6151]]]},"properties":{"AGS":"01059008","GEN":"Böklund","SN_L":"01"}},
{"type":"Feature","geometry":{"type":"Polygon","coordinates":[[[9.5487,54.6381],[9.5498,54.6498],[9.5335,54.6582],[9.5299,54.6678],[9.5359,54.6846],[9.5057,54.6694],[9.476,54.6758],[9.4864,54.6538],[9.5049,54.6389],[9.5155,54.6424],[9.5305,54.6309],[9.5487,54.6381]]]},"properties":{"AGS":"01059037","GEN":"Havetoft","SN_L":"01"}},
{"type":"Feature","geometry":{"type":"Polygon","coordinates":[[[9.5402,54.5818],[9.5038,54.599],[9.4809,54.5968],[9.4814,54.5641],[9.5059,54.5506],[9.5061,54.556],[9.5112,54.5618],[9.5272,54.5644],[9.5402,54.5818]]]},"properties":{"AGS":"01059042","GEN":"Idstedt","SN_L":"01"}},
{"type":"Feature","geometry":{"type":"Polygon","coordinates":[[[9.5487,54.6381],[9.5305,54.6309],[9.5155,54.6424],[9.5049,54.6389],[9.5108,54.6283],[9.5065,54.6153],[9.4956,54.6111],[9.5482,54.6157],[9.5588,54.6212],[9.5559,54.6363],[9.5487,54.6381]]]},"properties":{"AGS":"01059049","GEN":"Klappholz","SN_L":"01"}},
{"type":"Feature","geometry":{"type":"Polygon","coordinates":[[[9.5272,54.5644],[9.5112,54.5618],[9.5119,54.5598],[9.5087,54.5566],[9.5061,54.556],[9.5059,54.5506],[9.5154,54.5443],[9.538,54.5406],[9.5422,54.5531],[9.5281,54.5655],[9.5272,54.5644]]]},"properties":{"AGS":"01059062","GEN":"Neuberend","SN_L":"01"}},
{"type":"Feature","geometry":{"type":"Polygon","coordinates":[[[9.6553,54.565],[9.6251,54.5663],[9.6203,54.5593],[9.6,54.5519],[9.5908,54.5419],[9.5911,54.5276],[9.6052,54.5268],[9.6268,54.5309],[9.6369,54.5202],[9.6708,54.525],[9.6725,54.5252],[9.6871,54.5518],[9.6662,54.5531],[9.6553,54.565]]]},"properties":{"AGS":"01059073","GEN":"Schaalby","SN_L":"01"}},
{"type":"Feature","geometry":{"type":"Polygon","coordinates":[[[9.573,54.5998],[9.5482,54.6157],[9.4956,54.6111],[9.4709,54.6073],[9.4566,54.6103],[9.4582,54.5979],[9.4809,54.5968],[9.5038,54.599],[9.5402,54.5818],[9.5687,54.5926],[9.573,54.5998]]]},"properties":{"AGS":"01059081","GEN":"Stolk","SN_L":"01"}},
{"type":"Feature","geometry":{"type":"MultiPolygon","coordinates":[[[[9.633,54.6631],[9.6268,54.6639],[9.6192,54.6596],[9.604,54.6497],[9.5963,54.642],[9.619,54.635],[9.633,54.6631]]],[[[9.6561,54.6335],[9.6442,54.64],[9.6221,54.6343],[9.6218,54.6238],[9.606,54.6151],[9.6107,54.6038],[9.6262,54.6045],[9.6424,54.6086],[9.6708,54.6249],[9.6561,54.6335]]]]},"properties":{"AGS":"01059082","GEN":"Struxdorf","SN_L":"01"}},
{"type":"Feature","geometry":{"type":"Polygon","coordinates":[[[9.6219,54.5978],[9.5806,54.5952],[9.573,54.5998],[9.5687,54.5926],[9.5402,54.5818],[9.5272,54.5644],[9.5281,54.5655],[9.5332,54.57],[9.5899,54.5781],[9.6112,54.583],[9.6219,54.5978]]]},"properties":{"AGS":"01059084","GEN":"Süderfahrenstedt","SN_L":"01"}},
{"type":"Feature","geometry":{"type":"Polygon","coordinates":[[[9.7172,54.5948],[9.6868,54.5925],[9.6633,54.5711],[9.6553,54.565],[9.6662,54.5531],[9.6871,54.5518],[9.7114,54.5588],[9.7125,54.5655],[9.718,54.585],[9.7243,54.5872],[9.7172,54.5948]]]},"properties":{"AGS":"01059086","GEN":"Taarstedt","SN_L":"01"}},
{"type":"Feature","geometry":{"type":"Polygon","coordinates":[[[9.6424,54.6086],[9.6262,54.6045],[9.6219,54.5978],[9.6112,54.583],[9.6251,54.5663],[9.6553,54.565],[9.6633,54.5711],[9.6516,54.5792],[9.6499,54.6038],[9.6424,54.6086]]]},"properties":{"AGS":"01059090","GEN":"Tolk","SN_L":"01"}},
{"type":"Feature","geometry":{"type":"Polygon","coordinates":[[[9.604,54.6497],[9.5949,54.6514],[9.5559,54.6363],[9.5588,54.6212],[9.606,54.6151],[9.6218,54.6238],[9.6221,54.6343],[9.619,54.635],[9.5963,54.642],[9.604,54.6497]]]},"properties":{"AGS":"01059093","GEN":"Uelsby","SN_L":"01"}},
{"type":"Feature","geometry":{"type":"Polygon","coordinates":[[[9.6971,54.6237],[9.688,54.6303],[9.6708,54.6249],[9.6424,54.6086],[9.6499,54.6038],[9.6516,54.5792],[9.6633,54.5711],[9.6868,54.5925],[9.6868,54.6089],[9.7005,54.6143],[9.6971,54.6237]]]},"properties":{"AGS":"01059097","GEN":"Twedt","SN_L":"01"}},
{"type":"Feature","geometry":{"type":"Polygon","coordinates":[[[9.6112,54.583],[9.5899,54.5781],[9.5332,54.57],[9.5281,54.5655],[9.5422,54.5531],[9.538,54.5406],[9.5437,54.5389],[9.5853,54.546],[9.5908,54.5419],[9.6,54.5519],[9.6203,54.5593],[9.6251,54.5663],[9.6112,54.583]]]},"properties":{"AGS":"01059098","GEN":"Nübel","SN_L":"01"}},
{"type":"Feature","geometry":{"type":"Polygon","coordinates":[[[9.7384,54.5425],[9.7125,54.5655],[9.7114,54.5588],[9.6871,54.5518],[9.6725,54.5252],[9.6972,54.5274],[9.7128,54.5204],[9.7197,54.5306],[9.7349,54.5323],[9.7384,54.5425]]]},"properties":{"AGS":"01059189","GEN":"Brodersby-Goltoft","SN_L":"01"}},
{"type":"Feature","geometry":{"type":"Polygon","coordinates":[[[9.7472,54.6974],[9.7378,54.7133],[9.7119,54.7157],[9.7176,54.6969],[9.7406,54.6976],[9.7472,54.6974]]]},"properties":{"AGS":"01059102","GEN":"Ahneby","SN_L":"01"}},
{"type":"Feature","geometry":{"type":"Polygon","coordinates":[[[9.8402,54.7426],[9.8283,54.7422],[9.8202,54.7307],[9.8054,54.7343],[9.7857,54.731],[9.775,54.7293],[9.7829,54.7119],[9.7742,54.6963],[9.7984,54.6877],[9.8191,54.6897],[9.8246,54.6905],[9.8291,54.7011],[9.8527,54.7083],[9.8352,54.7212],[9.8306,54.7379],[9.8402,54.7426]]]},"properties":{"AGS":"01059109","GEN":"Esgrus","SN_L":"01"}},
{"type":"Feature","geometry":{"type":"Polygon","coordinates":[[[9.9307,54.7646],[9.923,54.7713],[9.9067,54.7688],[9.894,54.7709],[9.8779,54.7577],[9.8774,54.7558],[9.8737,54.7522],[9.8702,54.7411],[9.8716,54.7294],[9.8821,54.7203],[9.8838,54.72],[9.9138,54.7303],[9.9203,54.7191],[9.9426,54.7205],[9.9373,54.7385],[9.9378,54.7515],[9.9307,54.7646]]]},"properties":{"AGS":"01059112","GEN":"Gelting","SN_L":"01"}},
{"type":"Feature","geometry":{"type":"Polygon","coordinates":[[[9.9522,54.7353],[9.9373,54.7385],[9.9426,54.7205],[9.9203,54.7191],[9.9237,54.7013],[9.9308,54.6955],[9.9517,54.7085],[9.9818,54.7009],[9.9896,54.7176],[9.9856,54.7248],[9.9762,54.7249],[9.9715,54.7248],[9.9522,54.7353]]]},"properties":{"AGS":"01059121","GEN":"Hasselberg","SN_L":"01"}},
{"type":"Feature","geometry":{"type":"Polygon","coordinates":[[[9.9781,54.751],[9.9466,54.7525],[9.9427,54.7418],[9.9522,54.7353],[9.9715,54.7248],[9.9762,54.7249],[9.9856,54.7248],[9.9781,54.751]]]},"properties":{"AGS":"01059136","GEN":"Kronsgaard","SN_L":"01"}},
{"type":"Feature","geometry":{"type":"Polygon","coordinates":[[[10.0365,54.6871],[10.0345,54.6905],[9.9896,54.7176],[9.9818,54.7009],[9.9828,54.7006],[10.0019,54.6882],[10.0158,54.693],[10.0301,54.6852],[10.0365,54.6871]]]},"properties":{"AGS":"01059142","GEN":"Maasholm","SN_L":"01"}},
{"type":"Feature","geometry":{"type":"Polygon","coordinates":[[[9.9636,54.7698],[9.9572,54.7799],[9.9061,54.7973],[9.8998,54.7732],[9.9067,54.7688],[9.923,54.7713],[9.9307,54.7646],[9.9448,54.7704],[9.9636,54.7698]]]},"properties":{"AGS":"01059147","GEN":"Nieby","SN_L":"01"}},
{"type":"Feature","geometry":{"type":"Polygon","coordinates":[[[9.8593,54.7544],[9.8328,54.7607],[9.805,54.7541],[9.7947,54.7478],[9.7922,54.7459],[9.7837,54.7417],[9.7857,54.731],[9.8054,54.7343],[9.8202,54.7307],[9.8283,54.7422],[9.8402,54.7426],[9.8702,54.7411],[9.8737,54.7522],[9.8636,54.7536],[9.8593,54.7544]]]},"properties":{"AGS":"01059148","GEN":"Niesgrau","SN_L":"01"}},
{"type":"Feature","geometry":{"type":"Polygon","coordinates":[[[9.9636,54.7698],[9.9448,54.7704],[9.9307,54.7646],[9.9378,54.7515],[9.9373,54.7385],[9.9522,54.7353],[9.9427,54.7418],[9.9466,54.7525],[9.9781,54.751],[9.9636,54.7698]]]},"properties":{"AGS":"01059152","GEN":"Pommerby","SN_L":"01"}},
{"type":"Feature","geometry":{"type":"Polygon","coordinates":[[[9.9818,54.7009],[9.9517,54.7085],[9.9308,54.6955],[9.9396,54.6945],[9.9422,54.6738],[9.9626,54.6788],[9.9828,54.7006],[9.9818,54.7009]]]},"properties":{"AGS":"01059154","GEN":"Rabel","SN_L":"01"}},
{"type":"Feature","geometry":{"type":"Polygon","coordinates":[[[9.9203,54.7191],[9.9138,54.7303],[9.8838,54.72],[9.8854,54.7184],[9.8873,54.7176],[9.9011,54.7086],[9.9076,54.6907],[9.9237,54.7013],[9.9203,54.7191]]]},"properties":{"AGS":"01059155","GEN":"Rabenholz","SN_L":"01"}},
{"type":"Feature","geometry":{"type":"Polygon","coordinates":[[[9.8702,54.7411],[9.8402,54.7426],[9.8306,54.7379],[9.8352,54.7212],[9.8527,54.7083],[9.8616,54.7074],[9.8873,54.7176],[9.8854,54.7184],[9.8821,54.7203],[9.8716,54.7294],[9.8702,54.7411]]]},"properties":{"AGS":"01059163","GEN":"Stangheck","SN_L":"01"}},
{"type":"Feature","geometry":{"type":"Polygon","coordinates":[[[9.8328,54.7607],[9.8017,54.7843],[9.7909,54.798],[9.7686,54.7972],[9.7681,54.7894],[9.7853,54.7692],[9.7718,54.762],[9.7699,54.7443],[9.7837,54.7417],[9.7922,54.7459],[9.7947,54.7478],[9.805,54.7541],[9.8328,54.7607]]]},"properties":{"AGS":"01059164","GEN":"Steinberg","SN_L":"01"}},
{"type":"Feature","geometry":{"type":"Polygon","coordinates":[[[9.7699,54.7443],[9.7567,54.7442],[9.7397,54.7364],[9.7067,54.7358],[9.7,54.7259],[9.7119,54.7157],[9.7378,54.7133],[9.7472,54.6974],[9.7742,54.6963],[9.7829,54.7119],[9.775,54.7293],[9.7857,54.731],[9.7837,54.7417],[9.7699,54.7443]]]},"properties":{"AGS":"01059167","GEN":"Sterup","SN_L":"01"}},
{"type":"Feature","geometry":{"type":"MultiPolygon","coordinates":[[[[9.8838,54.72],[9.8821,54.7203],[9.8854,54.7184],[9.8838,54.72]]],[[[9.9076,54.6907],[9.9011,54.7086],[9.8873,54.7176],[9.8616,54.7074],[9.8527,54.7083],[9.8291,54.7011],[9.8246,54.6905],[9.8599,54.6779],[9.8702,54.6661],[9.9076,54.6907]]]]},"properties":{"AGS":"01059168","GEN":"Stoltebüll","SN_L":"01"}},
{"type":"Feature","geometry":{"type":"Polygon","coordinates":[[[9.7686,54.7972],[9.7275,54.8067],[9.7146,54.7941],[9.702,54.7671],[9.6913,54.7566],[9.7073,54.7456],[9.7067,54.7358],[9.7397,54.7364],[9.7567,54.7442],[9.7699,54.7443],[9.7718,54.762],[9.7853,54.7692],[9.7681,54.7894],[9.7686,54.7972]]]},"properties":{"AGS":"01059186","GEN":"Steinbergkirche","SN_L":"01"}},
{"type":"Feature","geometry":{"type":"Polygon","coordinates":[[[9.4809,54.5968],[9.4582,54.5979],[9.4566,54.6103],[9.4395,54.6164],[9.3664,54.5885],[9.3846,54.5841],[9.4059,54.5676],[9.4273,54.5689],[9.4472,54.5636],[9.4814,54.5641],[9.4809,54.5968]]]},"properties":{"AGS":"01059010","GEN":"Bollingstedt","SN_L":"01"}},
{"type":"Feature","geometry":{"type":"Polygon","coordinates":[[[9.4141,54.5007],[9.3877,54.5007],[9.3778,54.5056],[9.3654,54.4942],[9.377,54.4689],[9.3845,54.4603],[9.3861,54.4603],[9.3909,54.4602],[9.437,54.4545],[9.455,54.4616],[9.4493,54.4754],[9.4245,54.4952],[9.4141,54.5007]]]},"properties":{"AGS":"01059023","GEN":"Ellingstedt","SN_L":"01"}},
{"type":"Feature","geometry":{"type":"Polygon","coordinates":[[[9.3845,54.4603],[9.377,54.4689],[9.3654,54.4942],[9.3289,54.4886],[9.3176,54.4758],[9.3132,54.4653],[9.3224,54.4605],[9.3258,54.4469],[9.3434,54.4421],[9.38,54.4521],[9.3845,54.4603]]]},"properties":{"AGS":"01059039","GEN":"Hollingstedt","SN_L":"01"}},
{"type":"Feature","geometry":{"type":"Polygon","coordinates":[[[9.5167,54.5051],[9.5123,54.5115],[9.4861,54.5008],[9.4331,54.5002],[9.4245,54.4952],[9.4493,54.4754],[9.4849,54.4869],[9.5167,54.5051]]]},"properties":{"AGS":"01059041","GEN":"Hüsby","SN_L":"01"}},
{"type":"Feature","geometry":{"type":"Polygon","coordinates":[[[9.4472,54.5636],[9.4273,54.5689],[9.4059,54.5676],[9.3818,54.5629],[9.3544,54.5474],[9.3721,54.539],[9.3837,54.5433],[9.4055,54.5428],[9.4146,54.5364],[9.4273,54.5411],[9.4542,54.5485],[9.4472,54.5636]]]},"properties":{"AGS":"01059044","GEN":"Jübek","SN_L":"01"}},
{"type":"Feature","geometry":{"type":"MultiPolygon","coordinates":[[[[9.5087,54.5566],[9.5119,54.5598],[9.5112,54.5618],[9.5061,54.556],[9.5087,54.5566]]],[[[9.4814,54.5641],[9.4472,54.5636],[9.4542,54.5485],[9.4273,54.5411],[9.4497,54.5305],[9.508,54.5305],[9.5147,54.5253],[9.5163,54.5347],[9.5437,54.5389],[9.538,54.5406],[9.5154,54.5443],[9.5059,54.5506],[9.4814,54.5641]]]]},"properties":{"AGS":"01059057","GEN":"Lürschau","SN_L":"01"}},
{"type":"Feature","geometry":{"type":"Polygon","coordinates":[[[9.4273,54.5411],[9.4146,54.5364],[9.4063,54.5326],[9.4173,54.5078],[9.4141,54.5007],[9.4245,54.4952],[9.4331,54.5002],[9.4861,54.5008],[9.5123,54.5115],[9.5147,54.5253],[9.508,54.5305],[9.4497,54.5305],[9.4273,54.5411]]]},"properties":{"AGS":"01059077","GEN":"Schuby","SN_L":"01"}},
{"type":"Feature","geometry":{"type":"Polygon","coordinates":[[[9.3664,54.5885],[9.3451,54.5861],[9.3236,54.5696],[9.338,54.5521],[9.3316,54.5477],[9.344,54.5426],[9.352,54.5255],[9.3358,54.5119],[9.3213,54.5059],[9.3283,54.4939],[9.3176,54.4758],[9.3289,54.4886],[9.3654,54.4942],[9.3778,54.5056],[9.3877,54.5007],[9.4141,54.5007],[9.4173,54.5078],[9.4063,54.5326],[9.4146,54.5364],[9.4055,54.5428],[9.3837,54.5433],[9.3721,54.539],[9.3544,54.5474],[9.3818,54.5629],[9.4059,54.5676],[9.3846,54.5841],[9.3664,54.5885]]]},"properties":{"AGS":"01059079","GEN":"Silberstedt","SN_L":"01"}},
{"type":"Feature","geometry":{"type":"Polygon","coordinates":[[[9.3316,54.5477],[9.3112,54.5532],[9.2927,54.5365],[9.3013,54.5323],[9.2903,54.5194],[9.2807,54.5153],[9.2864,54.4972],[9.2999,54.491],[9.3119,54.478],[9.3176,54.4758],[9.3283,54.4939],[9.3213,54.5059],[9.3358,54.5119],[9.352,54.5255],[9.344,54.5426],[9.3316,54.5477]]]},"properties":{"AGS":"01059092","GEN":"Treia","SN_L":"01"}},
{"type":"Feature","geometry":{"type":"Polygon","coordinates":[[[9.4857,54.3832],[9.4666,54.3847],[9.4599,54.3908],[9.4331,54.39],[9.3561,54.3693],[9.3963,54.373],[9.4066,54.3681],[9.4333,54.3688],[9.4896,54.3632],[9.4857,54.3832]]]},"properties":{"AGS":"01059001","GEN":"Alt Bennebek","SN_L":"01"}},
{"type":"Feature","geometry":{"type":"Polygon","coordinates":[[[9.3528,54.3828],[9.3407,54.3832],[9.3276,54.3979],[9.3091,54.3856],[9.2739,54.3888],[9.264,54.3953],[9.2601,54.3835],[9.2639,54.3723],[9.2863,54.3681],[9.3099,54.3464],[9.3148,54.3476],[9.3116,54.3553],[9.3362,54.3602],[9.349,54.3692],[9.3528,54.3828]]]},"properties":{"AGS":"01059005","GEN":"Bergenhusen","SN_L":"01"}},
{"type":"Feature","geometry":{"type":"Polygon","coordinates":[[[9.3528,54.3828],[9.3974,54.4014],[9.443,54.4174],[9.438,54.4201],[9.4083,54.428],[9.3624,54.4186],[9.3452,54.4126],[9.3273,54.408],[9.3276,54.3979],[9.3407,54.3832],[9.3528,54.3828]]]},"properties":{"AGS":"01059009","GEN":"Börm","SN_L":"01"}},
{"type":"Feature","geometry":{"type":"Polygon","coordinates":[[[9.4083,54.428],[9.38,54.4521],[9.3434,54.4421],[9.3258,54.4469],[9.3111,54.4324],[9.2985,54.43],[9.3108,54.4217],[9.3384,54.4205],[9.3452,54.4126],[9.3624,54.4186],[9.4083,54.428]]]},"properties":{"AGS":"01059020","GEN":"Dörpstedt","SN_L":"01"}},
{"type":"Feature","geometry":{"type":"Polygon","coordinates":[[[9.3911,54.3088],[9.3704,54.3189],[9.3759,54.326],[9.3681,54.3353],[9.3148,54.3476],[9.3099,54.3464],[9.2953,54.3422],[9.2728,54.3273],[9.2607,54.3042],[9.284,54.2888],[9.2816,54.2856],[9.2958,54.2751],[9.3041,54.2894],[9.3229,54.2989],[9.359,54.3095],[9.3911,54.3088]]]},"properties":{"AGS":"01059024","GEN":"Erfde","SN_L":"01"}},
{"type":"Feature","geometry":{"type":"Polygon","coordinates":[[[9.3909,54.4602],[9.3861,54.4603],[9.3845,54.4603],[9.38,54.4521],[9.4083,54.428],[9.438,54.4201],[9.465,54.4242],[9.4625,54.4443],[9.4558,54.4538],[9.437,54.4545],[9.3909,54.4602]]]},"properties":{"AGS":"01059035","GEN":"Groß Rheide","SN_L":"01"}},
{"type":"Feature","geometry":{"type":"Polygon","coordinates":[[[9.465,54.4242],[9.438,54.4201],[9.443,54.4174],[9.3974,54.4014],[9.3528,54.3828],[9.349,54.3692],[9.3561,54.3693],[9.4331,54.39],[9.4599,54.3908],[9.4666,54.3847],[9.4857,54.3832],[9.4935,54.3975],[9.4856,54.4235],[9.465,54.4242]]]},"properties":{"AGS":"01059050","GEN":"Klein Bennebek","SN_L":"01"}},
{"type":"Feature","geometry":{"type":"Polygon","coordinates":[[[9.5081,54.4632],[9.4893,54.4642],[9.4807,54.4575],[9.4558,54.4538],[9.4625,54.4443],[9.465,54.4242],[9.4856,54.4235],[9.4979,54.425],[9.5185,54.4453],[9.5081,54.4632]]]},"properties":{"AGS":"01059051","GEN":"Klein Rheide","SN_L":"01"}},
{"type":"Feature","geometry":{"type":"Polygon","coordinates":[[[9.5185,54.4453],[9.4979,54.425],[9.4856,54.4235],[9.4935,54.3975],[9.4857,54.3832],[9.4896,54.3632],[9.5107,54.3699],[9.539,54.3686],[9.5652,54.3725],[9.5468,54.3999],[9.5524,54.4028],[9.5562,54.4302],[9.5435,54.4324],[9.5185,54.4453]]]},"properties":{"AGS":"01059053","GEN":"Kropp","SN_L":"01"}},
{"type":"Feature","geometry":{"type":"Polygon","coordinates":[[[9.4066,54.3681],[9.3963,54.373],[9.3561,54.3693],[9.349,54.3692],[9.3362,54.3602],[9.3116,54.3553],[9.3148,54.3476],[9.3681,54.3353],[9.3759,54.326],[9.3704,54.3189],[9.3911,54.3088],[9.3938,54.304],[9.4057,54.3006],[9.4029,54.307],[9.4011,54.3226],[9.3908,54.324],[9.4084,54.3411],[9.4158,54.3463],[9.4066,54.3681]]]},"properties":{"AGS":"01059058","GEN":"Meggerdorf","SN_L":"01"}},
{"type":"Feature","geometry":{"type":"Polygon","coordinates":[[[9.5562,54.3579],[9.5652,54.3725],[9.539,54.3686],[9.5107,54.3699],[9.4896,54.3632],[9.4333,54.3688],[9.4066,54.3681],[9.4158,54.3463],[9.4398,54.3443],[9.4659,54.3382],[9.4947,54.3406],[9.5126,54.3505],[9.5562,54.3579]]]},"properties":{"AGS":"01059087","GEN":"Tetenhusen","SN_L":"01"}},
{"type":"Feature","geometry":{"type":"Polygon","coordinates":[[[9.3911,54.3088],[9.359,54.3095],[9.3229,54.2989],[9.3041,54.2894],[9.2958,54.2751],[9.3076,54.2722],[9.3273,54.2825],[9.3415,54.281],[9.3626,54.2801],[9.3779,54.2882],[9.3935,54.289],[9.4018,54.2961],[9.3938,54.304],[9.3911,54.3088]]]},"properties":{"AGS":"01059088","GEN":"Tielen","SN_L":"01"}},
{"type":"Feature","geometry":{"type":"Polygon","coordinates":[[[9.2985,54.43],[9.2901,54.421],[9.2757,54.4129],[9.264,54.3953],[9.2739,54.3888],[9.3091,54.3856],[9.3276,54.3979],[9.3273,54.408],[9.3452,54.4126],[9.3384,54.4205],[9.3108,54.4217],[9.2985,54.43]]]},"properties":{"AGS":"01059096","GEN":"Wohlde","SN_L":"01"}},
{"type":"Feature","geometry":{"type":"Polygon","coordinates":[[[9.2302,54.3762],[9.208,54.3859],[9.2048,54.3818],[9.1853,54.3562],[9.1727,54.3493],[9.176,54.3349],[9.1968,54.3279],[9.1933,54.3158],[9.2123,54.3266],[9.2226,54.3226],[9.2273,54.3272],[9.2292,54.3399],[9.2496,54.3404],[9.2728,54.3273],[9.2953,54.3422],[9.3099,54.3464],[9.2863,54.3681],[9.2639,54.3723],[9.2302,54.3762]]]},"properties":{"AGS":"01059188","GEN":"Stapel","SN_L":"01"}},
{"type":"Feature","geometry":{"type":"Polygon","coordinates":[[[9.9522,53.9103],[9.9324,53.915],[9.9217,53.9434],[9.9167,53.9441],[9.9027,53.9327],[9.8779,53.9313],[9.8667,53.9275],[9.8654,53.9116],[9.8553,53.9075],[9.8589,53.8919],[9.8805,53.897],[9.8953,53.8958],[9.9088,53.8876],[9.94,53.8892],[9.9504,53.9025],[9.9522,53.9103]]]},"properties":{"AGS":"01060004","GEN":"Bad Bramstedt","SN_L":"01"}},
{"type":"Feature","geometry":{"type":"Polygon","coordinates":[[[10.3169,53.9668],[10.2866,53.9729],[10.2842,53.9687],[10.2832,53.9368],[10.2707,53.9382],[10.2696,53.9342],[10.2988,53.9196],[10.3252,53.9229],[10.3426,53.921],[10.3734,53.9338],[10.364,53.9424],[10.3457,53.9353],[10.3222,53.944],[10.3419,53.9534],[10.3285,53.9567],[10.3169,53.9668]]]},"properties":{"AGS":"01060005","GEN":"Bad Segeberg","SN_L":"01"}},
{"type":"Feature","geometry":{"type":"Polygon","coordinates":[[[9.9661,53.768],[9.9489,53.7698],[9.9236,53.77],[9.9009,53.7645],[9.8922,53.7523],[9.9406,53.752],[9.9661,53.768]]]},"properties":{"AGS":"01060019","GEN":"Ellerau","SN_L":"01"}},
{"type":"Feature","geometry":{"type":"Polygon","coordinates":[[[10.0945,53.8038],[10.0722,53.794],[10.0629,53.7999],[10.0336,53.8044],[9.9907,53.7986],[9.9788,53.815],[9.9561,53.8151],[9.927,53.8021],[9.9411,53.7954],[9.9603,53.7934],[9.9489,53.7698],[9.9661,53.768],[9.9847,53.76],[9.9948,53.7498],[10.0115,53.7458],[10.0227,53.7495],[10.0375,53.7538],[10.0455,53.7645],[10.0807,53.7967],[10.0945,53.8038]]]},"properties":{"AGS":"01060039","GEN":"Henstedt-Ulzburg","SN_L":"01"}},
{"type":"Feature","geometry":{"type":"Polygon","coordinates":[[[9.9748,53.8583],[9.9575,53.8562],[9.9306,53.8388],[9.9149,53.84],[9.9069,53.8312],[9.8733,53.825],[9.8637,53.8206],[9.878,53.8118],[9.9,53.817],[9.9195,53.8164],[9.927,53.8021],[9.9561,53.8151],[9.9788,53.815],[9.9844,53.8267],[9.9792,53.8364],[9.9778,53.8566],[9.9748,53.8583]]]},"properties":{"AGS":"01060044","GEN":"Kaltenkirchen","SN_L":"01"}},
{"type":"Feature","geometry":{"type":"Polygon","coordinates":[[[10.0227,53.7495],[10.0115,53.7458],[9.9948,53.7498],[9.9847,53.76],[9.9787,53.7428],[9.9525,53.7141],[9.941,53.6973],[9.9431,53.6874],[9.9355,53.678],[9.9454,53.6529],[9.9655,53.6488],[9.9905,53.6509],[9.9904,53.6678],[9.9987,53.6815],[10.0408,53.682],[10.0505,53.6769],[10.0659,53.685],[10.0714,53.697],[10.0696,53.7062],[10.0728,53.7096],[10.0275,53.7257],[10.0227,53.7495]]]},"properties":{"AGS":"01060063","GEN":"Norderstedt","SN_L":"01"}},
{"type":"Feature","geometry":{"type":"Polygon","coordinates":[[[10.2379,53.9615],[10.2356,53.9666],[10.2032,53.974],[10.1667,53.9692],[10.1509,53.9639],[10.1721,53.9492],[10.1849,53.9495],[10.1875,53.9351],[10.2191,53.9376],[10.2383,53.9441],[10.2379,53.9615]]]},"properties":{"AGS":"01060092","GEN":"Wahlstedt","SN_L":"01"}},
{"type":"Feature","geometry":{"type":"Polygon","coordinates":[[[9.8763,53.9834],[9.8355,53.9792],[9.8329,53.9643],[9.8231,53.9594],[9.8515,53.9516],[9.8706,53.9567],[9.8771,53.9711],[9.8916,53.9829],[9.8763,53.9834]]]},"properties":{"AGS":"01060003","GEN":"Armstedt","SN_L":"01"}},
{"type":"Feature","geometry":{"type":"Polygon","coordinates":[[[10.0358,53.9504],[10.0245,53.95],[9.9997,53.9389],[9.9757,53.9373],[9.957,53.9409],[9.9217,53.9434],[9.9324,53.915],[9.9522,53.9103],[10.0028,53.9179],[9.9893,53.9263],[10.0082,53.9351],[10.0358,53.9298],[10.029,53.94],[10.0358,53.9504]]]},"properties":{"AGS":"01060009","GEN":"Bimöhlen","SN_L":"01"}},
{"type":"Feature","geometry":{"type":"Polygon","coordinates":[[[9.8216,53.9612],[9.8192,53.9698],[9.8035,53.9819],[9.7771,53.9806],[9.7769,53.9747],[9.7894,53.9643],[9.8111,53.9569],[9.8216,53.9612]]]},"properties":{"AGS":"01060013","GEN":"Borstel","SN_L":"01"}},
{"type":"Feature","geometry":{"type":"Polygon","coordinates":[[[9.8072,53.9352],[9.7808,53.9381],[9.7737,53.927],[9.7579,53.9291],[9.7601,53.9148],[9.7609,53.9132],[9.7638,53.9098],[9.8017,53.9176],[9.8222,53.9161],[9.824,53.9243],[9.826,53.926],[9.8339,53.9328],[9.8072,53.9352]]]},"properties":{"AGS":"01060021","GEN":"Föhrden-Barl","SN_L":"01"}},
{"type":"Feature","geometry":{"type":"Polygon","coordinates":[[[9.9167,53.9441],[9.9022,53.9449],[9.8706,53.9567],[9.8515,53.9516],[9.8678,53.9401],[9.8779,53.9313],[9.9027,53.9327],[9.9167,53.9441]]]},"properties":{"AGS":"01060023","GEN":"Fuhlendorf","SN_L":"01"}},
{"type":"Feature","geometry":{"type":"Polygon","coordinates":[[[10.0535,53.9743],[10.0297,53.965],[10.0168,53.968],[10.0021,53.9835],[10.0027,53.9952],[9.9719,54.0056],[9.9679,54.0211],[9.9444,54.0218],[9.9004,54.0097],[9.9169,54.0055],[9.9181,53.9874],[9.9386,53.9692],[9.956,53.948],[9.957,53.9409],[9.9757,53.9373],[9.9997,53.9389],[10.0245,53.95],[10.0358,53.9504],[10.0471,53.9514],[10.056,53.9634],[10.0535,53.9743]]]},"properties":{"AGS":"01060027","GEN":"Großenaspe","SN_L":"01"}},
{"type":"Feature","geometry":{"type":"Polygon","coordinates":[[[9.8231,53.9594],[9.8216,53.9612],[9.8111,53.9569],[9.8072,53.9352],[9.8339,53.9328],[9.8678,53.9401],[9.8515,53.9516],[9.8231,53.9594]]]},"properties":{"AGS":"01060031","GEN":"Hagen","SN_L":"01"}},
{"type":"Feature","geometry":{"type":"Polygon","coordinates":[[[9.9181,53.9874],[9.9169,54.0055],[9.9004,54.0097],[9.8955,54.0103],[9.8766,54.0089],[9.8557,53.9949],[9.8553,53.9846],[9.8763,53.9834],[9.8916,53.9829],[9.9181,53.9874]]]},"properties":{"AGS":"01060033","GEN":"Hardebek","SN_L":"01"}},
{"type":"Feature","geometry":{"type":"Polygon","coordinates":[[[9.8763,53.9834],[9.8553,53.9846],[9.8557,53.9949],[9.8766,54.0089],[9.8643,54.012],[9.8346,53.9966],[9.8272,53.9829],[9.8355,53.9792],[9.8763,53.9834]]]},"properties":{"AGS":"01060035","GEN":"Hasenkrug","SN_L":"01"}},
{"type":"Feature","geometry":{"type":"Polygon","coordinates":[[[9.8268,53.8812],[9.8135,53.8798],[9.7987,53.8738],[9.7926,53.8605],[9.8245,53.8458],[9.8301,53.8382],[9.8214,53.8259],[9.8317,53.8254],[9.8498,53.8296],[9.8609,53.8227],[9.8637,53.8206],[9.8733,53.825],[9.8756,53.8308],[9.856,53.8405],[9.862,53.8477],[9.8543,53.8719],[9.8268,53.8812]]]},"properties":{"AGS":"01060037","GEN":"Heidmoor","SN_L":"01"}},
{"type":"Feature","geometry":{"type":"Polygon","coordinates":[[[9.8779,53.9313],[9.8678,53.9401],[9.8339,53.9328],[9.826,53.926],[9.824,53.9243],[9.8222,53.9161],[9.8553,53.9075],[9.8654,53.9116],[9.8667,53.9275],[9.8779,53.9313]]]},"properties":{"AGS":"01060040","GEN":"Hitzhusen","SN_L":"01"}},
{"type":"Feature","geometry":{"type":"Polygon","coordinates":[[[9.7638,53.9098],[9.7609,53.9132],[9.7645,53.907],[9.7514,53.893],[9.7636,53.8732],[9.7926,53.8605],[9.7987,53.8738],[9.8135,53.8798],[9.8057,53.8957],[9.7654,53.9065],[9.7638,53.9098]]]},"properties":{"AGS":"01060056","GEN":"Mönkloh","SN_L":"01"}},
{"type":"Feature","geometry":{"type":"Polygon","coordinates":[[[9.8222,53.9161],[9.8017,53.9176],[9.7638,53.9098],[9.7654,53.9065],[9.8057,53.8957],[9.8135,53.8798],[9.8268,53.8812],[9.8589,53.8919],[9.8553,53.9075],[9.8222,53.9161]]]},"properties":{"AGS":"01060095","GEN":"Weddelbrook","SN_L":"01"}},
{"type":"Feature","geometry":{"type":"Polygon","coordinates":[[[9.957,53.9409],[9.956,53.948],[9.9386,53.9692],[9.9181,53.9874],[9.8916,53.9829],[9.8771,53.9711],[9.8706,53.9567],[9.9022,53.9449],[9.9167,53.9441],[9.9217,53.9434],[9.957,53.9409]]]},"properties":{"AGS":"01060099","GEN":"Wiemersdorf","SN_L":"01"}},
{"type":"Feature","geometry":{"type":"Polygon","coordinates":[[[10.2561,54.0874],[10.2384,54.0892],[10.2352,54.0784],[10.2204,54.0791],[10.1982,54.0738],[10.1977,54.0704],[10.2177,54.0482],[10.2252,54.0343],[10.2441,54.0387],[10.2399,54.0509],[10.2478,54.0608],[10.2692,54.0641],[10.265,54.0813],[10.2561,54.0874]]]},"properties":{"AGS":"01060012","GEN":"Bornhöved","SN_L":"01"}},
{"type":"Feature","geometry":{"type":"Polygon","coordinates":[[[10.3306,54.057],[10.3532,54.0673],[10.3554,54.077],[10.3003,54.0759],[10.2852,54.0593],[10.293,54.0545],[10.3306,54.057]]]},"properties":{"AGS":"01060017","GEN":"Damsdorf","SN_L":"01"}},
{"type":"Feature","geometry":{"type":"Polygon","coordinates":[[[10.1977,54.0704],[10.176,54.0593],[10.1541,54.0548],[10.1373,54.0599],[10.1233,54.0578],[10.1284,54.0481],[10.1489,54.0338],[10.1549,54.0307],[10.1873,54.0314],[10.2017,54.0389],[10.2177,54.0482],[10.1977,54.0704]]]},"properties":{"AGS":"01060026","GEN":"Gönnebek","SN_L":"01"}},
{"type":"Feature","geometry":{"type":"Polygon","coordinates":[[[10.3039,54.0992],[10.2832,54.1004],[10.2561,54.0874],[10.265,54.0813],[10.2692,54.0641],[10.2852,54.0593],[10.3003,54.0759],[10.3039,54.0992]]]},"properties":{"AGS":"01060072","GEN":"Schmalensee","SN_L":"01"}},
{"type":"Feature","geometry":{"type":"Polygon","coordinates":[[[10.3575,54.0826],[10.3594,54.0941],[10.3485,54.1069],[10.3017,54.1017],[10.3039,54.0992],[10.3003,54.0759],[10.3554,54.077],[10.3575,54.0826]]]},"properties":{"AGS":"01060080","GEN":"Stocksee","SN_L":"01"}},
{"type":"Feature","geometry":{"type":"Polygon","coordinates":[[[10.2852,54.0593],[10.2692,54.0641],[10.2478,54.0608],[10.2399,54.0509],[10.2441,54.0387],[10.2565,54.0292],[10.2825,54.026],[10.2912,54.0305],[10.2849,54.0404],[10.293,54.0545],[10.2852,54.0593]]]},"properties":{"AGS":"01060086","GEN":"Tarbek","SN_L":"01"}},
{"type":"Feature","geometry":{"type":"Polygon","coordinates":[[[10.3396,54.0462],[10.3306,54.057],[10.293,54.0545],[10.2849,54.0404],[10.2912,54.0305],[10.3142,54.0245],[10.3396,54.0462]]]},"properties":{"AGS":"01060087","GEN":"Tensfeld","SN_L":"01"}},
{"type":"Feature","geometry":{"type":"Polygon","coordinates":[[[10.2108,54.0297],[10.2252,54.0343],[10.2177,54.0482],[10.2017,54.0389],[10.2108,54.0297]]]},"properties":{"AGS":"01060089","GEN":"Trappenkamp","SN_L":"01"}},
{"type":"Feature","geometry":{"type":"Polygon","coordinates":[[[10.1686,53.8182],[10.1362,53.8109],[10.157,53.7942],[10.1518,53.7879],[10.1778,53.792],[10.1949,53.8027],[10.1686,53.8182]]]},"properties":{"AGS":"01060043","GEN":"Itzstedt","SN_L":"01"}},
{"type":"Feature","geometry":{"type":"Polygon","coordinates":[[[10.1326,53.7714],[10.117,53.7747],[10.1119,53.7678],[10.1085,53.7452],[10.1274,53.7457],[10.1403,53.7557],[10.1466,53.7628],[10.1326,53.7714]]]},"properties":{"AGS":"01060046","GEN":"Kayhude","SN_L":"01"}},
{"type":"Feature","geometry":{"type":"Polygon","coordinates":[[[10.1362,53.8109],[10.1278,53.8204],[10.1139,53.8174],[10.1133,53.8031],[10.117,53.7747],[10.1326,53.7714],[10.1417,53.7772],[10.1518,53.7879],[10.157,53.7942],[10.1362,53.8109]]]},"properties":{"AGS":"01060058","GEN":"Nahe","SN_L":"01"}},
{"type":"Feature","geometry":{"type":"Polygon","coordinates":[[[10.1615,53.8359],[10.1331,53.8408],[10.1226,53.8416],[10.1097,53.8298],[10.1091,53.8209],[10.1139,53.8174],[10.1278,53.8204],[10.1362,53.8109],[10.1686,53.8182],[10.1722,53.8318],[10.1615,53.8359]]]},"properties":{"AGS":"01060065","GEN":"Oering","SN_L":"01"}},
{"type":"Feature","geometry":{"type":"Polygon","coordinates":[[[10.1933,53.8574],[10.1747,53.8705],[10.1567,53.8701],[10.1456,53.8691],[10.1411,53.8444],[10.1339,53.8407],[10.1331,53.8408],[10.1615,53.8359],[10.1837,53.8391],[10.1867,53.8554],[10.1978,53.8541],[10.1933,53.8574]]]},"properties":{"AGS":"01060076","GEN":"Seth","SN_L":"01"}},
{"type":"Feature","geometry":{"type":"Polygon","coordinates":[[[10.1978,53.8541],[10.1867,53.8554],[10.1837,53.8391],[10.1615,53.8359],[10.1722,53.8318],[10.1686,53.8182],[10.1949,53.8027],[10.2295,53.7819],[10.2594,53.7834],[10.2703,53.7882],[10.2488,53.8015],[10.252,53.8173],[10.2409,53.8205],[10.2393,53.827],[10.2183,53.8287],[10.2068,53.8475],[10.1978,53.8541]]]},"properties":{"AGS":"01060085","GEN":"Sülfeld","SN_L":"01"}},
{"type":"Feature","geometry":{"type":"Polygon","coordinates":[[[9.927,53.8021],[9.9195,53.8164],[9.9,53.817],[9.878,53.8118],[9.8815,53.798],[9.8672,53.7817],[9.8956,53.7756],[9.9009,53.7645],[9.9236,53.77],[9.9489,53.7698],[9.9603,53.7934],[9.9411,53.7954],[9.927,53.8021]]]},"properties":{"AGS":"01060002","GEN":"Alveslohe","SN_L":"01"}},
{"type":"Feature","geometry":{"type":"Polygon","coordinates":[[[10.1067,53.9054],[10.0878,53.9053],[10.0739,53.9153],[10.0607,53.9083],[10.0457,53.914],[10.0385,53.9091],[10.0368,53.8875],[10.0597,53.8722],[10.0859,53.8755],[10.1068,53.8903],[10.1067,53.9054]]]},"properties":{"AGS":"01060034","GEN":"Hartenholm","SN_L":"01"}},
{"type":"Feature","geometry":{"type":"Polygon","coordinates":[[[10.0358,53.9298],[10.0082,53.9351],[9.9893,53.9263],[10.0028,53.9179],[9.9522,53.9103],[9.9504,53.9025],[9.987,53.8964],[10.0276,53.8857],[10.0368,53.8875],[10.0385,53.9091],[10.0457,53.914],[10.0349,53.9247],[10.0403,53.9299],[10.0358,53.9298]]]},"properties":{"AGS":"01060036","GEN":"Hasenmoor","SN_L":"01"}},
{"type":"Feature","geometry":{"type":"Polygon","coordinates":[[[9.94,53.8892],[9.9088,53.8876],[9.8953,53.8958],[9.8805,53.897],[9.8589,53.8919],[9.8268,53.8812],[9.8543,53.8719],[9.862,53.8477],[9.8748,53.8557],[9.8921,53.8582],[9.9076,53.8758],[9.932,53.8795],[9.9444,53.8689],[9.94,53.8892]]]},"properties":{"AGS":"01060054","GEN":"Lentföhrden","SN_L":"01"}},
{"type":"Feature","geometry":{"type":"Polygon","coordinates":[[[9.9444,53.8689],[9.932,53.8795],[9.9076,53.8758],[9.8921,53.8582],[9.8748,53.8557],[9.862,53.8477],[9.856,53.8405],[9.8756,53.8308],[9.8733,53.825],[9.9069,53.8312],[9.9149,53.84],[9.9306,53.8388],[9.9575,53.8562],[9.9748,53.8583],[9.9444,53.8689]]]},"properties":{"AGS":"01060064","GEN":"Nützen","SN_L":"01"}},
{"type":"Feature","geometry":{"type":"Polygon","coordinates":[[[10.0276,53.8857],[9.987,53.8964],[9.9504,53.9025],[9.94,53.8892],[9.9444,53.8689],[9.9748,53.8583],[9.9778,53.8566],[10.0003,53.8603],[10.0215,53.8657],[10.0276,53.8857]]]},"properties":{"AGS":"01060073","GEN":"Schmalfeld","SN_L":"01"}},
{"type":"Feature","geometry":{"type":"Polygon","coordinates":[[[10.0799,53.8439],[10.0535,53.8336],[10.0855,53.8331],[10.0799,53.8439]]]},"properties":{"AGS":"01060042","GEN":"Hüttblek","SN_L":"01"}},
{"type":"Feature","geometry":{"type":"Polygon","coordinates":[[[10.0815,53.8489],[10.0526,53.8479],[10.0349,53.8646],[10.0215,53.8657],[10.0003,53.8603],[10.0089,53.8569],[10.0103,53.8559],[10.0138,53.8399],[10.0338,53.8325],[10.0535,53.8336],[10.0799,53.8439],[10.0815,53.8489]]]},"properties":{"AGS":"01060045","GEN":"Kattendorf","SN_L":"01"}},
{"type":"Feature","geometry":{"type":"Polygon","coordinates":[[[10.0855,53.8331],[10.0535,53.8336],[10.0338,53.8325],[10.0235,53.8223],[9.9919,53.8268],[9.9844,53.8267],[9.9788,53.815],[9.9907,53.7986],[10.0336,53.8044],[10.0629,53.7999],[10.0722,53.794],[10.0945,53.8038],[10.1133,53.8031],[10.1139,53.8174],[10.1091,53.8209],[10.0855,53.8331]]]},"properties":{"AGS":"01060047","GEN":"Kisdorf","SN_L":"01"}},
{"type":"Feature","geometry":{"type":"Polygon","coordinates":[[[10.0003,53.8603],[9.9778,53.8566],[9.9792,53.8364],[9.9844,53.8267],[9.9919,53.8268],[10.0118,53.8337],[10.0138,53.8399],[10.0103,53.8559],[10.0089,53.8569],[10.0003,53.8603]]]},"properties":{"AGS":"01060066","GEN":"Oersdorf","SN_L":"01"}},
{"type":"Feature","geometry":{"type":"Polygon","coordinates":[[[10.1339,53.8407],[10.103,53.8539],[10.0981,53.86],[10.0815,53.8489],[10.0799,53.8439],[10.0855,53.8331],[10.1091,53.8209],[10.1097,53.8298],[10.1226,53.8416],[10.1331,53.8408],[10.1339,53.8407]]]},"properties":{"AGS":"01060077","GEN":"Sievershütten","SN_L":"01"}},
{"type":"Feature","geometry":{"type":"Polygon","coordinates":[[[10.0368,53.8875],[10.0276,53.8857],[10.0215,53.8657],[10.0349,53.8646],[10.0526,53.8479],[10.0815,53.8489],[10.0981,53.86],[10.103,53.8708],[10.0859,53.8755],[10.0597,53.8722],[10.0368,53.8875]]]},"properties":{"AGS":"01060082","GEN":"Struvenhütten","SN_L":"01"}},
{"type":"Feature","geometry":{"type":"Polygon","coordinates":[[[10.1456,53.8691],[10.1185,53.8751],[10.103,53.8708],[10.0981,53.86],[10.103,53.8539],[10.1339,53.8407],[10.1411,53.8444],[10.1456,53.8691]]]},"properties":{"AGS":"01060084","GEN":"Stuvenborn","SN_L":"01"}},
{"type":"Feature","geometry":{"type":"Polygon","coordinates":[[[10.1133,53.8031],[10.0945,53.8038],[10.0807,53.7967],[10.0455,53.7645],[10.0943,53.7692],[10.1119,53.7678],[10.117,53.7747],[10.1133,53.8031]]]},"properties":{"AGS":"01060094","GEN":"Wakendorf II","SN_L":"01"}},
{"type":"Feature","geometry":{"type":"Polygon","coordinates":[[[10.0338,53.8325],[10.0138,53.8399],[10.0118,53.8337],[9.9919,53.8268],[10.0235,53.8223],[10.0338,53.8325]]]},"properties":{"AGS":"01060100","GEN":"Winsen","SN_L":"01"}},
{"type":"Feature","geometry":{"type":"Polygon","coordinates":[[[10.2191,53.9376],[10.1875,53.9351],[10.177,53.9263],[10.1514,53.9202],[10.124,53.9277],[10.122,53.9085],[10.1067,53.9054],[10.1068,53.8903],[10.1252,53.8912],[10.1439,53.8994],[10.1731,53.9025],[10.2036,53.9017],[10.2075,53.9118],[10.2033,53.9316],[10.2191,53.9376]]]},"properties":{"AGS":"01060007","GEN":"Bark","SN_L":"01"}},
{"type":"Feature","geometry":{"type":"Polygon","coordinates":[[[10.3261,53.8825],[10.3144,53.8916],[10.2833,53.8898],[10.2751,53.8886],[10.2828,53.8702],[10.3075,53.8723],[10.3186,53.8657],[10.3302,53.8718],[10.3296,53.8727],[10.3257,53.88],[10.3264,53.8818],[10.3261,53.8825]]]},"properties":{"AGS":"01060008","GEN":"Bebensee","SN_L":"01"}},
{"type":"Feature","geometry":{"type":"Polygon","coordinates":[[[10.205,53.881],[10.1918,53.8865],[10.1567,53.8701],[10.1747,53.8705],[10.1933,53.8574],[10.2151,53.8824],[10.205,53.881]]]},"properties":{"AGS":"01060022","GEN":"Fredesdorf","SN_L":"01"}},
{"type":"Feature","geometry":{"type":"Polygon","coordinates":[[[10.2655,53.8493],[10.253,53.8579],[10.2238,53.861],[10.2068,53.8475],[10.2183,53.8287],[10.2393,53.827],[10.2705,53.8413],[10.2727,53.8458],[10.2655,53.8493]]]},"properties":{"AGS":"01060029","GEN":"Groß Niendorf","SN_L":"01"}},
{"type":"Feature","geometry":{"type":"Polygon","coordinates":[[[10.2988,53.9196],[10.2696,53.9342],[10.2413,53.926],[10.2418,53.9234],[10.2708,53.9168],[10.2722,53.9122],[10.3021,53.9079],[10.2988,53.9196]]]},"properties":{"AGS":"01060041","GEN":"Högersdorf","SN_L":"01"}},
{"type":"Feature","geometry":{"type":"Polygon","coordinates":[[[10.2381,53.9113],[10.2075,53.9118],[10.2036,53.9017],[10.205,53.881],[10.2151,53.8824],[10.2426,53.8814],[10.2514,53.8913],[10.2421,53.8971],[10.2381,53.9113]]]},"properties":{"AGS":"01060051","GEN":"Kükels","SN_L":"01"}},
{"type":"Feature","geometry":{"type":"Polygon","coordinates":[[[10.2514,53.8913],[10.2426,53.8814],[10.2151,53.8824],[10.1933,53.8574],[10.1978,53.8541],[10.2068,53.8475],[10.2238,53.861],[10.253,53.8579],[10.2655,53.8493],[10.2693,53.8608],[10.2828,53.8702],[10.2751,53.8886],[10.2514,53.8913]]]},"properties":{"AGS":"01060053","GEN":"Leezen","SN_L":"01"}},
{"type":"Feature","geometry":{"type":"Polygon","coordinates":[[[10.2722,53.9122],[10.2708,53.9168],[10.2418,53.9234],[10.2381,53.9113],[10.2421,53.8971],[10.2514,53.8913],[10.2751,53.8886],[10.2833,53.8898],[10.2722,53.9122]]]},"properties":{"AGS":"01060057","GEN":"Mözen","SN_L":"01"}},
{"type":"Feature","geometry":{"type":"Polygon","coordinates":[[[10.3186,53.8657],[10.3075,53.8723],[10.2828,53.8702],[10.2693,53.8608],[10.2655,53.8493],[10.2727,53.8458],[10.2871,53.8541],[10.311,53.8558],[10.3186,53.8657]]]},"properties":{"AGS":"01060062","GEN":"Neversdorf","SN_L":"01"}},
{"type":"Feature","geometry":{"type":"Polygon","coordinates":[[[10.3021,53.9079],[10.2722,53.9122],[10.2833,53.8898],[10.3144,53.8916],[10.3069,53.9048],[10.3021,53.9079]]]},"properties":{"AGS":"01060074","GEN":"Schwissel","SN_L":"01"}},
{"type":"Feature","geometry":{"type":"Polygon","coordinates":[[[10.2036,53.9017],[10.1731,53.9025],[10.1439,53.8994],[10.1252,53.8912],[10.1068,53.8903],[10.0859,53.8755],[10.103,53.8708],[10.1185,53.8751],[10.1456,53.8691],[10.1567,53.8701],[10.1918,53.8865],[10.205,53.881],[10.2036,53.9017]]]},"properties":{"AGS":"01060088","GEN":"Todesfelde","SN_L":"01"}},
{"type":"Feature","geometry":{"type":"Polygon","coordinates":[[[10.2413,53.926],[10.2383,53.9441],[10.2191,53.9376],[10.2033,53.9316],[10.2075,53.9118],[10.2381,53.9113],[10.2418,53.9234],[10.2413,53.926]]]},"properties":{"AGS":"01060101","GEN":"Wittenborn","SN_L":"01"}},
{"type":"Feature","geometry":{"type":"Polygon","coordinates":[[[10.0162,54.0363],[10.0016,54.0253],[9.975,54.0274],[9.9679,54.0211],[9.9719,54.0056],[10.0027,53.9952],[10.0021,53.9835],[10.0168,53.968],[10.0297,53.965],[10.0535,53.9743],[10.0551,53.9754],[10.0416,53.99],[10.0562,54.0089],[10.0545,54.0197],[10.0162,54.0363]]]},"properties":{"AGS":"01060011","GEN":"Boostedt","SN_L":"01"}},
{"type":"Feature","geometry":{"type":"Polygon","coordinates":[[[10.2825,54.026],[10.2565,54.0292],[10.2441,54.0387],[10.2252,54.0343],[10.2108,54.0297],[10.2153,54.0128],[10.2281,54.0074],[10.2603,54.0015],[10.279,53.9919],[10.287,53.9948],[10.2942,53.9966],[10.2825,54.026]]]},"properties":{"AGS":"01060016","GEN":"Daldorf","SN_L":"01"}},
{"type":"Feature","geometry":{"type":"Polygon","coordinates":[[[10.1171,54.0586],[10.0878,54.0556],[10.0559,54.0571],[10.0429,54.0491],[10.0365,54.0378],[10.0162,54.0363],[10.0545,54.0197],[10.0981,54.0159],[10.1154,54.0042],[10.1235,54.014],[10.1404,54.0168],[10.1489,54.0338],[10.1284,54.0481],[10.1233,54.0578],[10.1171,54.0586]]]},"properties":{"AGS":"01060028","GEN":"Groß Kummerfeld","SN_L":"01"}},
{"type":"Feature","geometry":{"type":"Polygon","coordinates":[[[10.1241,53.986],[10.0861,53.981],[10.0702,53.9739],[10.0551,53.9754],[10.0535,53.9743],[10.056,53.9634],[10.0471,53.9514],[10.0358,53.9504],[10.029,53.94],[10.0358,53.9298],[10.0403,53.9299],[10.0691,53.9499],[10.0926,53.9482],[10.1069,53.9629],[10.1197,53.9626],[10.1402,53.9724],[10.1295,53.9748],[10.1219,53.9758],[10.1241,53.986]]]},"properties":{"AGS":"01060038","GEN":"Heidmühlen","SN_L":"01"}},
{"type":"Feature","geometry":{"type":"Polygon","coordinates":[[[10.1154,54.0042],[10.0981,54.0159],[10.0545,54.0197],[10.0562,54.0089],[10.0416,53.99],[10.0551,53.9754],[10.0702,53.9739],[10.0861,53.981],[10.1241,53.986],[10.1154,54.0042]]]},"properties":{"AGS":"01060052","GEN":"Latendorf","SN_L":"01"}},
{"type":"Feature","geometry":{"type":"Polygon","coordinates":[[[10.2017,54.0389],[10.1873,54.0314],[10.1549,54.0307],[10.1489,54.0338],[10.1404,54.0168],[10.1235,54.014],[10.1154,54.0042],[10.1241,53.986],[10.1219,53.9758],[10.1295,53.9748],[10.1402,53.9724],[10.1667,53.9692],[10.2032,53.974],[10.2197,53.9884],[10.2164,53.9985],[10.2281,54.0074],[10.2153,54.0128],[10.2108,54.0297],[10.2017,54.0389]]]},"properties":{"AGS":"01060068","GEN":"Rickling","SN_L":"01"}},
{"type":"Feature","geometry":{"type":"Polygon","coordinates":[[[10.4169,53.8746],[10.4122,53.8809],[10.3884,53.8872],[10.3772,53.8811],[10.3576,53.8871],[10.3581,53.8756],[10.3954,53.8684],[10.4169,53.8746]]]},"properties":{"AGS":"01060006","GEN":"Bahrenhof","SN_L":"01"}},
{"type":"Feature","geometry":{"type":"Polygon","coordinates":[[[10.3208,53.9954],[10.3394,54.0012],[10.3142,54.0245],[10.2912,54.0305],[10.2825,54.026],[10.2942,53.9966],[10.287,53.9948],[10.3016,53.9858],[10.3208,53.9954]]]},"properties":{"AGS":"01060010","GEN":"Blunk","SN_L":"01"}},
{"type":"Feature","geometry":{"type":"Polygon","coordinates":[[[10.4342,53.8788],[10.3916,53.8941],[10.3703,53.8945],[10.3566,53.8881],[10.3576,53.8871],[10.3772,53.8811],[10.3884,53.8872],[10.4122,53.8809],[10.4169,53.8746],[10.4281,53.8764],[10.4321,53.8774],[10.4327,53.8777],[10.4342,53.8788]]]},"properties":{"AGS":"01060015","GEN":"Bühnsdorf","SN_L":"01"}},
{"type":"Feature","geometry":{"type":"Polygon","coordinates":[[[10.3566,53.8881],[10.3354,53.8857],[10.3261,53.8825],[10.3264,53.8818],[10.3257,53.88],[10.3296,53.8727],[10.3581,53.8756],[10.3576,53.8871],[10.3566,53.8881]]]},"properties":{"AGS":"01060018","GEN":"Dreggers","SN_L":"01"}},
{"type":"Feature","geometry":{"type":"Polygon","coordinates":[[[10.2707,53.9382],[10.2537,53.9623],[10.2379,53.9615],[10.2383,53.9441],[10.2413,53.926],[10.2696,53.9342],[10.2707,53.9382]]]},"properties":{"AGS":"01060020","GEN":"Fahrenkrug","SN_L":"01"}},
{"type":"Feature","geometry":{"type":"Polygon","coordinates":[[[10.4639,53.9254],[10.4302,53.9327],[10.4272,53.9312],[10.421,53.9181],[10.4432,53.9136],[10.4595,53.9059],[10.4692,53.9156],[10.4639,53.9254]]]},"properties":{"AGS":"01060024","GEN":"Geschendorf","SN_L":"01"}},
{"type":"Feature","geometry":{"type":"Polygon","coordinates":[[[10.5636,54.0682],[10.5421,54.0656],[10.5052,54.0726],[10.4846,54.0584],[10.4938,54.0484],[10.5096,54.0423],[10.5093,54.0278],[10.5176,54.0214],[10.5392,54.0184],[10.5566,54.0311],[10.5479,54.0441],[10.5576,54.0504],[10.5636,54.0682]]]},"properties":{"AGS":"01060025","GEN":"Glasau","SN_L":"01"}},
{"type":"Feature","geometry":{"type":"Polygon","coordinates":[[[10.3208,53.9954],[10.3016,53.9858],[10.2866,53.9729],[10.3169,53.9668],[10.3497,53.9733],[10.3508,53.9765],[10.3237,53.9794],[10.3208,53.9954]]]},"properties":{"AGS":"01060030","GEN":"Groß Rönnau","SN_L":"01"}},
{"type":"Feature","geometry":{"type":"Polygon","coordinates":[[[10.3452,53.9073],[10.3513,53.9137],[10.3252,53.9229],[10.2988,53.9196],[10.3021,53.9079],[10.3069,53.9048],[10.3424,53.9067],[10.3452,53.9073]]]},"properties":{"AGS":"01060048","GEN":"Klein Gladebrügge","SN_L":"01"}},
{"type":"Feature","geometry":{"type":"Polygon","coordinates":[[[10.3498,53.9538],[10.3497,53.9733],[10.3169,53.9668],[10.3285,53.9567],[10.3419,53.9534],[10.3498,53.9538]]]},"properties":{"AGS":"01060049","GEN":"Klein Rönnau","SN_L":"01"}},
{"type":"Feature","geometry":{"type":"Polygon","coordinates":[[[10.3906,54.0119],[10.3841,54.0074],[10.3613,54.0099],[10.3394,54.0012],[10.3208,53.9954],[10.3237,53.9794],[10.3508,53.9765],[10.3673,53.9762],[10.3727,53.9847],[10.3902,54.0001],[10.3906,54.0119]]]},"properties":{"AGS":"01060050","GEN":"Krems II","SN_L":"01"}},
{"type":"Feature","geometry":{"type":"Polygon","coordinates":[[[10.287,53.9948],[10.279,53.9919],[10.2603,54.0015],[10.2281,54.0074],[10.2164,53.9985],[10.2197,53.9884],[10.2032,53.974],[10.2356,53.9666],[10.2379,53.9615],[10.2646,53.979],[10.2842,53.9687],[10.2866,53.9729],[10.3016,53.9858],[10.287,53.9948]]]},"properties":{"AGS":"01060059","GEN":"Negernbötel","SN_L":"01"}},
{"type":"Feature","geometry":{"type":"Polygon","coordinates":[[[10.3938,54.0182],[10.3803,54.0323],[10.3396,54.0462],[10.3142,54.0245],[10.3394,54.0012],[10.3613,54.0099],[10.3841,54.0074],[10.3906,54.0119],[10.3938,54.0182]]]},"properties":{"AGS":"01060060","GEN":"Nehms","SN_L":"01"}},
{"type":"Feature","geometry":{"type":"Polygon","coordinates":[[[10.4293,53.8995],[10.4102,53.9038],[10.3956,53.9164],[10.3452,53.9073],[10.3424,53.9067],[10.3488,53.8933],[10.3354,53.8857],[10.3566,53.8881],[10.3703,53.8945],[10.3916,53.8941],[10.4342,53.8788],[10.4445,53.8888],[10.4293,53.8995]]]},"properties":{"AGS":"01060061","GEN":"Neuengörs","SN_L":"01"}},
{"type":"Feature","geometry":{"type":"Polygon","coordinates":[[[10.5535,53.9369],[10.5444,53.9495],[10.5188,53.9578],[10.5175,53.9801],[10.4901,53.9869],[10.4592,53.9894],[10.4485,53.9865],[10.4477,53.9642],[10.4472,53.9496],[10.4753,53.9423],[10.4741,53.9306],[10.4985,53.9251],[10.5108,53.9128],[10.5339,53.9188],[10.5506,53.9294],[10.5535,53.9369]]]},"properties":{"AGS":"01060067","GEN":"Pronstorf","SN_L":"01"}},
{"type":"Feature","geometry":{"type":"Polygon","coordinates":[[[10.4477,53.9642],[10.4407,53.9725],[10.4197,53.977],[10.3962,53.9743],[10.3727,53.9847],[10.3673,53.9762],[10.3508,53.9765],[10.3497,53.9733],[10.3498,53.9538],[10.3701,53.9459],[10.4075,53.9529],[10.4309,53.9445],[10.4472,53.9496],[10.4477,53.9642]]]},"properties":{"AGS":"01060069","GEN":"Rohlstorf","SN_L":"01"}},
{"type":"Feature","geometry":{"type":"Polygon","coordinates":[[[10.2842,53.9687],[10.2646,53.979],[10.2379,53.9615],[10.2537,53.9623],[10.2707,53.9382],[10.2832,53.9368],[10.2842,53.9687]]]},"properties":{"AGS":"01060070","GEN":"Schackendorf","SN_L":"01"}},
{"type":"Feature","geometry":{"type":"Polygon","coordinates":[[[10.4309,53.9445],[10.4075,53.9529],[10.3701,53.9459],[10.364,53.9424],[10.3734,53.9338],[10.3963,53.9387],[10.4051,53.9321],[10.4272,53.9312],[10.4302,53.9327],[10.4309,53.9445]]]},"properties":{"AGS":"01060071","GEN":"Schieren","SN_L":"01"}},
{"type":"Feature","geometry":{"type":"Polygon","coordinates":[[[10.4846,54.0584],[10.4542,54.06],[10.4482,54.0674],[10.4175,54.0832],[10.4161,54.0826],[10.419,54.0721],[10.3738,54.0728],[10.3575,54.0826],[10.3554,54.077],[10.3532,54.0673],[10.3306,54.057],[10.3396,54.0462],[10.3803,54.0323],[10.3938,54.0182],[10.3995,54.0219],[10.4043,54.0281],[10.4439,54.0284],[10.4795,54.018],[10.4887,54.021],[10.5093,54.0278],[10.5096,54.0423],[10.4938,54.0484],[10.4846,54.0584]]]},"properties":{"AGS":"01060075","GEN":"Seedorf","SN_L":"01"}},
{"type":"Feature","geometry":{"type":"Polygon","coordinates":[[[10.3498,53.9538],[10.3419,53.9534],[10.3222,53.944],[10.3457,53.9353],[10.364,53.9424],[10.3701,53.9459],[10.3498,53.9538]]]},"properties":{"AGS":"01060079","GEN":"Stipsdorf","SN_L":"01"}},
{"type":"Feature","geometry":{"type":"Polygon","coordinates":[[[10.5108,53.9128],[10.4985,53.9251],[10.4741,53.9306],[10.4639,53.9254],[10.4692,53.9156],[10.4595,53.9059],[10.4622,53.9011],[10.4806,53.8994],[10.5058,53.9028],[10.5108,53.9128]]]},"properties":{"AGS":"01060081","GEN":"Strukdorf","SN_L":"01"}},
{"type":"Feature","geometry":{"type":"Polygon","coordinates":[[[10.4887,54.021],[10.4795,54.018],[10.4439,54.0284],[10.4043,54.0281],[10.3995,54.0219],[10.4257,54.0203],[10.4398,54.0103],[10.4412,54.0015],[10.4607,53.997],[10.4887,54.021]]]},"properties":{"AGS":"01060090","GEN":"Travenhorst","SN_L":"01"}},
{"type":"Feature","geometry":{"type":"Polygon","coordinates":[[[10.3424,53.9067],[10.3069,53.9048],[10.3144,53.8916],[10.3261,53.8825],[10.3354,53.8857],[10.3488,53.8933],[10.3424,53.9067]]]},"properties":{"AGS":"01060091","GEN":"Traventhal","SN_L":"01"}},
{"type":"Feature","geometry":{"type":"Polygon","coordinates":[[[10.3954,53.8684],[10.3581,53.8756],[10.3296,53.8727],[10.3302,53.8718],[10.3443,53.8693],[10.3432,53.8579],[10.3537,53.8534],[10.3786,53.8647],[10.3953,53.862],[10.3954,53.8684]]]},"properties":{"AGS":"01060093","GEN":"Wakendorf I","SN_L":"01"}},
{"type":"Feature","geometry":{"type":"Polygon","coordinates":[[[10.4272,53.9312],[10.4051,53.9321],[10.3963,53.9387],[10.3734,53.9338],[10.3426,53.921],[10.3252,53.9229],[10.3513,53.9137],[10.3452,53.9073],[10.3956,53.9164],[10.4102,53.9038],[10.4293,53.8995],[10.4622,53.9011],[10.4595,53.9059],[10.4432,53.9136],[10.421,53.9181],[10.4272,53.9312]]]},"properties":{"AGS":"01060096","GEN":"Weede","SN_L":"01"}},
{"type":"Feature","geometry":{"type":"Polygon","coordinates":[[[10.4607,53.997],[10.4412,54.0015],[10.4398,54.0103],[10.4257,54.0203],[10.3995,54.0219],[10.3938,54.0182],[10.3906,54.0119],[10.3902,54.0001],[10.3727,53.9847],[10.3962,53.9743],[10.4197,53.977],[10.4407,53.9725],[10.4477,53.9642],[10.4485,53.9865],[10.4607,53.997]]]},"properties":{"AGS":"01060097","GEN":"Wensin","SN_L":"01"}},
{"type":"Feature","geometry":{"type":"Polygon","coordinates":[[[10.4472,53.9496],[10.4309,53.9445],[10.4302,53.9327],[10.4639,53.9254],[10.4741,53.9306],[10.4753,53.9423],[10.4472,53.9496]]]},"properties":{"AGS":"01060098","GEN":"Westerrade","SN_L":"01"}},
{"type":"Feature","geometry":{"type":"Polygon","coordinates":[[[10.1667,53.9692],[10.1402,53.9724],[10.1197,53.9626],[10.1069,53.9629],[10.0926,53.9482],[10.0691,53.9499],[10.0403,53.9299],[10.0349,53.9247],[10.0457,53.914],[10.0607,53.9083],[10.0739,53.9153],[10.0878,53.9053],[10.1067,53.9054],[10.122,53.9085],[10.124,53.9277],[10.1514,53.9202],[10.177,53.9263],[10.1875,53.9351],[10.1849,53.9495],[10.1721,53.9492],[10.1509,53.9639],[10.1667,53.9692]]]},"properties":{"AGS":"01060014","GEN":"Buchholz (Forstgutsbez.)","SN_L":"01"}},
{"type":"Feature","geometry":{"type":"Polygon","coordinates":[[[9.4412,53.7903],[9.4491,53.7974],[9.4213,53.8103],[9.41,53.8031],[9.3996,53.8126],[9.3989,53.8123],[9.4105,53.7918],[9.4085,53.7854],[9.4227,53.7692],[9.4282,53.7531],[9.4389,53.7465],[9.4345,53.7596],[9.4514,53.7677],[9.4529,53.7788],[9.4412,53.7903]]]},"properties":{"AGS":"01061029","GEN":"Glückstadt","SN_L":"01"}},
{"type":"Feature","geometry":{"type":"Polygon","coordinates":[[[9.5396,53.9583],[9.5179,53.9556],[9.491,53.9643],[9.4805,53.9614],[9.4779,53.9499],[9.4894,53.947],[9.4863,53.9363],[9.4903,53.9183],[9.4745,53.9087],[9.4723,53.9072],[9.4697,53.9058],[9.4755,53.9008],[9.4927,53.9001],[9.5129,53.9066],[9.5263,53.9138],[9.5507,53.9277],[9.5779,53.9483],[9.5686,53.9547],[9.5396,53.9583]]]},"properties":{"AGS":"01061046","GEN":"Itzehoe","SN_L":"01"}},
{"type":"Feature","geometry":{"type":"Polygon","coordinates":[[[9.3859,53.9169],[9.3854,53.9246],[9.369,53.9313],[9.3511,53.9189],[9.3569,53.9146],[9.3813,53.916],[9.3859,53.9169]]]},"properties":{"AGS":"01061113","GEN":"Wilster","SN_L":"01"}},
{"type":"Feature","geometry":{"type":"Polygon","coordinates":[[[9.6848,53.8975],[9.7026,53.9174],[9.7052,53.9257],[9.694,53.936],[9.691,53.9357],[9.6715,53.9151],[9.6848,53.8975]]]},"properties":{"AGS":"01061005","GEN":"Auufer","SN_L":"01"}},
{"type":"Feature","geometry":{"type":"Polygon","coordinates":[[[9.6514,53.939],[9.6342,53.9277],[9.625,53.9264],[9.6382,53.9151],[9.6605,53.9253],[9.6514,53.939]]]},"properties":{"AGS":"01061016","GEN":"Breitenberg","SN_L":"01"}},
{"type":"Feature","geometry":{"type":"MultiPolygon","coordinates":[[[[9.5129,53.9066],[9.4927,53.9001],[9.5037,53.8886],[9.516,53.8921],[9.5129,53.9066]]],[[[9.5751,53.9119],[9.5503,53.9069],[9.5621,53.893],[9.5979,53.8906],[9.6021,53.8822],[9.6269,53.8812],[9.6328,53.8716],[9.6486,53.8738],[9.6495,53.8811],[9.6449,53.8882],[9.6199,53.8874],[9.5952,53.8918],[9.5751,53.9119]]]]},"properties":{"AGS":"01061017","GEN":"Breitenburg","SN_L":"01"}},
{"type":"Feature","geometry":{"type":"Polygon","coordinates":[[[9.6088,53.9306],[9.5811,53.9227],[9.5812,53.9171],[9.5986,53.9164],[9.6204,53.9258],[9.6088,53.9306]]]},"properties":{"AGS":"01061053","GEN":"Kollmoor","SN_L":"01"}},
{"type":"Feature","geometry":{"type":"Polygon","coordinates":[[[9.5986,53.9164],[9.5812,53.9171],[9.5751,53.9119],[9.5952,53.8918],[9.6199,53.8874],[9.6277,53.8898],[9.6109,53.911],[9.5986,53.9164]]]},"properties":{"AGS":"01061058","GEN":"Kronsmoor","SN_L":"01"}},
{"type":"Feature","geometry":{"type":"Polygon","coordinates":[[[9.5621,53.893],[9.5447,53.8872],[9.5444,53.872],[9.5596,53.8692],[9.5746,53.8739],[9.6021,53.8822],[9.5979,53.8906],[9.5621,53.893]]]},"properties":{"AGS":"01061061","GEN":"Lägerdorf","SN_L":"01"}},
{"type":"Feature","geometry":{"type":"Polygon","coordinates":[[[9.6848,53.8975],[9.6715,53.9151],[9.6605,53.9253],[9.6382,53.9151],[9.6702,53.8893],[9.6742,53.8894],[9.693,53.8901],[9.6848,53.8975]]]},"properties":{"AGS":"01061068","GEN":"Moordiek","SN_L":"01"}},
{"type":"Feature","geometry":{"type":"Polygon","coordinates":[[[9.5503,53.9069],[9.5263,53.9138],[9.5129,53.9066],[9.516,53.8921],[9.5344,53.896],[9.5447,53.8872],[9.5621,53.893],[9.5503,53.9069]]]},"properties":{"AGS":"01061072","GEN":"Münsterdorf","SN_L":"01"}},
{"type":"Feature","geometry":{"type":"Polygon","coordinates":[[[9.5996,53.9408],[9.5974,53.9431],[9.5779,53.9483],[9.5507,53.9277],[9.5263,53.9138],[9.5503,53.9069],[9.5751,53.9119],[9.5812,53.9171],[9.5811,53.9227],[9.6088,53.9306],[9.5918,53.9384],[9.5996,53.9408]]]},"properties":{"AGS":"01061079","GEN":"Oelixdorf","SN_L":"01"}},
{"type":"Feature","geometry":{"type":"Polygon","coordinates":[[[9.625,53.9264],[9.6204,53.9258],[9.5986,53.9164],[9.6109,53.911],[9.6277,53.8898],[9.6199,53.8874],[9.6449,53.8882],[9.6495,53.8811],[9.6702,53.8893],[9.6382,53.9151],[9.625,53.9264]]]},"properties":{"AGS":"01061109","GEN":"Westermoor","SN_L":"01"}},
{"type":"Feature","geometry":{"type":"Polygon","coordinates":[[[9.6799,53.9393],[9.6561,53.942],[9.6514,53.939],[9.6605,53.9253],[9.6715,53.9151],[9.691,53.9357],[9.6799,53.9393]]]},"properties":{"AGS":"01061115","GEN":"Wittenbergen","SN_L":"01"}},
{"type":"Feature","geometry":{"type":"Polygon","coordinates":[[[9.6272,53.7774],[9.6022,53.7726],[9.5843,53.7643],[9.5616,53.7761],[9.5455,53.7678],[9.5561,53.7608],[9.5642,53.7515],[9.6342,53.7712],[9.6272,53.7774]]]},"properties":{"AGS":"01061004","GEN":"Altenmoor","SN_L":"01"}},
{"type":"Feature","geometry":{"type":"Polygon","coordinates":[[[9.4612,53.8095],[9.4379,53.8082],[9.4153,53.8161],[9.3996,53.8126],[9.41,53.8031],[9.4213,53.8103],[9.4491,53.7974],[9.4412,53.7903],[9.489,53.7933],[9.4667,53.8082],[9.4612,53.8095]]]},"properties":{"AGS":"01061012","GEN":"Blomesche Wildnis","SN_L":"01"}},
{"type":"Feature","geometry":{"type":"Polygon","coordinates":[[[9.4775,53.8478],[9.4407,53.8469],[9.4037,53.8403],[9.4017,53.8242],[9.3989,53.8123],[9.3996,53.8126],[9.4153,53.8161],[9.4379,53.8082],[9.4612,53.8095],[9.4513,53.8269],[9.4793,53.834],[9.4775,53.8478]]]},"properties":{"AGS":"01061015","GEN":"Borsfleth","SN_L":"01"}},
{"type":"Feature","geometry":{"type":"Polygon","coordinates":[[[9.4572,53.7668],[9.4837,53.7817],[9.491,53.7932],[9.489,53.7933],[9.4412,53.7903],[9.4529,53.7788],[9.4514,53.7677],[9.4572,53.7668]]]},"properties":{"AGS":"01061027","GEN":"Engelbrechtsche Wildnis","SN_L":"01"}},
{"type":"Feature","geometry":{"type":"Polygon","coordinates":[[[9.5455,53.7678],[9.518,53.787],[9.4998,53.7959],[9.491,53.7932],[9.4837,53.7817],[9.4572,53.7668],[9.4688,53.7639],[9.503,53.7652],[9.5509,53.7612],[9.5561,53.7608],[9.5455,53.7678]]]},"properties":{"AGS":"01061037","GEN":"Herzhorn","SN_L":"01"}},
{"type":"Feature","geometry":{"type":"Polygon","coordinates":[[[9.6761,53.8472],[9.6565,53.8568],[9.6486,53.8738],[9.6328,53.8716],[9.6302,53.8624],[9.6047,53.8543],[9.5782,53.8535],[9.5728,53.8475],[9.5825,53.8335],[9.5919,53.8254],[9.631,53.8369],[9.6693,53.8373],[9.6744,53.8414],[9.6761,53.8472]]]},"properties":{"AGS":"01061041","GEN":"Hohenfelde","SN_L":"01"}},
{"type":"Feature","geometry":{"type":"Polygon","coordinates":[[[9.6744,53.8414],[9.6693,53.8373],[9.631,53.8369],[9.5919,53.8254],[9.5888,53.8129],[9.5762,53.8026],[9.5829,53.7922],[9.5983,53.7931],[9.621,53.7876],[9.6272,53.7774],[9.6342,53.7712],[9.6487,53.7816],[9.6618,53.8026],[9.6718,53.8342],[9.6744,53.8414]]]},"properties":{"AGS":"01061044","GEN":"Horst (Holstein)","SN_L":"01"}},
{"type":"Feature","geometry":{"type":"Polygon","coordinates":[[[9.6272,53.7774],[9.621,53.7876],[9.5983,53.7931],[9.5829,53.7922],[9.5632,53.7829],[9.5616,53.7761],[9.5843,53.7643],[9.6022,53.7726],[9.6272,53.7774]]]},"properties":{"AGS":"01061050","GEN":"Kiebitzreihe","SN_L":"01"}},
{"type":"Feature","geometry":{"type":"MultiPolygon","coordinates":[[[[9.5091,53.8196],[9.505,53.8225],[9.5066,53.819],[9.5091,53.8196]]],[[[9.4793,53.834],[9.4513,53.8269],[9.4612,53.8095],[9.4667,53.8082],[9.4984,53.8169],[9.4793,53.834]]]]},"properties":{"AGS":"01061054","GEN":"Krempdorf","SN_L":"01"}},
{"type":"Feature","geometry":{"type":"Polygon","coordinates":[[[9.5561,53.7608],[9.5509,53.7612],[9.5381,53.7416],[9.5242,53.7421],[9.5044,53.7195],[9.5176,53.7139],[9.5697,53.7177],[9.5836,53.722],[9.5642,53.7515],[9.5561,53.7608]]]},"properties":{"AGS":"01061074","GEN":"Neuendorf b.Elmshorn","SN_L":"01"}},
{"type":"Feature","geometry":{"type":"Polygon","coordinates":[[[9.5829,53.7922],[9.5762,53.8026],[9.5888,53.8129],[9.5919,53.8254],[9.5825,53.8335],[9.566,53.82],[9.5455,53.8178],[9.5241,53.8096],[9.5244,53.8023],[9.4998,53.7959],[9.518,53.787],[9.5455,53.7678],[9.5616,53.7761],[9.5632,53.7829],[9.5829,53.7922]]]},"properties":{"AGS":"01061101","GEN":"Sommerland","SN_L":"01"}},
{"type":"Feature","geometry":{"type":"Polygon","coordinates":[[[9.5509,53.7612],[9.503,53.7652],[9.4688,53.7639],[9.4572,53.7668],[9.4514,53.7677],[9.4345,53.7596],[9.4389,53.7465],[9.4591,53.7312],[9.5044,53.7195],[9.5242,53.7421],[9.5381,53.7416],[9.5509,53.7612]]]},"properties":{"AGS":"01061118","GEN":"Kollmar","SN_L":"01"}},
{"type":"Feature","geometry":{"type":"Polygon","coordinates":[[[9.4337,53.9363],[9.4195,53.9422],[9.3948,53.9362],[9.4037,53.9294],[9.4299,53.9322],[9.4337,53.9363]]]},"properties":{"AGS":"01061008","GEN":"Bekdorf","SN_L":"01"}},
{"type":"Feature","geometry":{"type":"Polygon","coordinates":[[[9.4484,53.9212],[9.4656,53.9283],[9.449,53.9394],[9.4337,53.9363],[9.4299,53.9322],[9.4484,53.9212]]]},"properties":{"AGS":"01061010","GEN":"Bekmünde","SN_L":"01"}},
{"type":"Feature","geometry":{"type":"Polygon","coordinates":[[[9.5717,54.0178],[9.5469,54.0206],[9.53,54.0179],[9.5177,54.0246],[9.4964,54.0266],[9.4855,54.0195],[9.4833,54.0111],[9.4915,53.9966],[9.5069,53.9973],[9.5266,54.0051],[9.567,54.0048],[9.5836,54.0035],[9.5849,54.017],[9.5717,54.0178]]]},"properties":{"AGS":"01061024","GEN":"Drage","SN_L":"01"}},
{"type":"Feature","geometry":{"type":"Polygon","coordinates":[[[9.4745,53.9087],[9.4903,53.9183],[9.4863,53.9363],[9.4894,53.947],[9.4779,53.9499],[9.449,53.9394],[9.4656,53.9283],[9.4484,53.9212],[9.44,53.9148],[9.4593,53.9022],[9.4697,53.9058],[9.4723,53.9072],[9.4745,53.9087]]]},"properties":{"AGS":"01061034","GEN":"Heiligenstedten","SN_L":"01"}},
{"type":"Feature","geometry":{"type":"Polygon","coordinates":[[[9.4697,53.9058],[9.4593,53.9022],[9.4698,53.8979],[9.4755,53.9008],[9.4697,53.9058]]]},"properties":{"AGS":"01061035","GEN":"Heiligenstedtenerkamp","SN_L":"01"}},
{"type":"Feature","geometry":{"type":"Polygon","coordinates":[[[9.4593,53.9022],[9.44,53.9148],[9.4118,53.9115],[9.4094,53.9108],[9.4102,53.9035],[9.424,53.9051],[9.4349,53.8919],[9.4306,53.8861],[9.4676,53.8835],[9.4692,53.8845],[9.4698,53.8979],[9.4593,53.9022]]]},"properties":{"AGS":"01061039","GEN":"Hodorf","SN_L":"01"}},
{"type":"Feature","geometry":{"type":"Polygon","coordinates":[[[9.567,54.0048],[9.5266,54.0051],[9.5069,53.9973],[9.4915,53.9966],[9.4986,53.9829],[9.5238,53.972],[9.5473,53.9682],[9.564,53.981],[9.567,54.0048]]]},"properties":{"AGS":"01061040","GEN":"Hohenaspe","SN_L":"01"}},
{"type":"Feature","geometry":{"type":"Polygon","coordinates":[[[9.4328,53.9645],[9.4538,53.9756],[9.4543,53.976],[9.4333,53.985],[9.4054,53.993],[9.4036,53.9781],[9.4328,53.9645]]]},"properties":{"AGS":"01061045","GEN":"Huje","SN_L":"01"}},
{"type":"Feature","geometry":{"type":"Polygon","coordinates":[[[9.4833,54.0111],[9.4662,54.0058],[9.4636,53.9982],[9.4379,53.9924],[9.4333,53.985],[9.4543,53.976],[9.4761,53.9768],[9.4986,53.9829],[9.4915,53.9966],[9.4833,54.0111]]]},"properties":{"AGS":"01061047","GEN":"Kaaks","SN_L":"01"}},
{"type":"Feature","geometry":{"type":"Polygon","coordinates":[[[9.4328,53.9645],[9.4036,53.9781],[9.3823,53.974],[9.3719,53.9692],[9.3592,53.9742],[9.3622,53.9688],[9.3757,53.9681],[9.3971,53.967],[9.413,53.956],[9.4327,53.9543],[9.4328,53.9645]]]},"properties":{"AGS":"01061052","GEN":"Kleve","SN_L":"01"}},
{"type":"Feature","geometry":{"type":"Polygon","coordinates":[[[9.4327,53.9543],[9.413,53.956],[9.4147,53.9469],[9.3919,53.9419],[9.3948,53.9362],[9.4195,53.9422],[9.4327,53.9543]]]},"properties":{"AGS":"01061059","GEN":"Krummendiek","SN_L":"01"}},
{"type":"Feature","geometry":{"type":"Polygon","coordinates":[[[9.639,53.9634],[9.6248,53.9664],[9.6177,53.9567],[9.6342,53.9277],[9.6514,53.939],[9.6561,53.942],[9.639,53.9634]]]},"properties":{"AGS":"01061065","GEN":"Lohbarbek","SN_L":"01"}},
{"type":"Feature","geometry":{"type":"Polygon","coordinates":[[[9.4576,54.0271],[9.4531,54.0251],[9.4402,54.011],[9.4217,54.0114],[9.4129,54.0058],[9.4045,53.9935],[9.4054,53.993],[9.4333,53.985],[9.4379,53.9924],[9.4636,53.9982],[9.4662,54.0058],[9.4558,54.0173],[9.4576,54.0271]]]},"properties":{"AGS":"01061067","GEN":"Mehlbek","SN_L":"01"}},
{"type":"Feature","geometry":{"type":"Polygon","coordinates":[[[9.413,53.956],[9.3971,53.967],[9.3757,53.9681],[9.3747,53.9676],[9.3897,53.9453],[9.3919,53.9419],[9.4147,53.9469],[9.413,53.956]]]},"properties":{"AGS":"01061070","GEN":"Moorhusen","SN_L":"01"}},
{"type":"Feature","geometry":{"type":"Polygon","coordinates":[[[9.4805,53.9614],[9.4538,53.9756],[9.4328,53.9645],[9.4327,53.9543],[9.4195,53.9422],[9.4337,53.9363],[9.449,53.9394],[9.4779,53.9499],[9.4805,53.9614]]]},"properties":{"AGS":"01061082","GEN":"Oldendorf","SN_L":"01"}},
{"type":"Feature","geometry":{"type":"Polygon","coordinates":[[[9.5473,53.9682],[9.5238,53.972],[9.4986,53.9829],[9.4761,53.9768],[9.4543,53.976],[9.4538,53.9756],[9.4805,53.9614],[9.491,53.9643],[9.5179,53.9556],[9.5396,53.9583],[9.545,53.9644],[9.5473,53.9682]]]},"properties":{"AGS":"01061083","GEN":"Ottenbüttel","SN_L":"01"}},
{"type":"Feature","geometry":{"type":"Polygon","coordinates":[[[9.6252,54.0486],[9.605,54.0487],[9.5632,54.0415],[9.5753,54.0285],[9.5717,54.0178],[9.5849,54.017],[9.6273,54.016],[9.6126,54.0387],[9.6252,54.0486]]]},"properties":{"AGS":"01061084","GEN":"Peissen","SN_L":"01"}},
{"type":"Feature","geometry":{"type":"Polygon","coordinates":[[[9.5888,53.9634],[9.5601,53.9674],[9.545,53.9644],[9.5396,53.9583],[9.5686,53.9547],[9.5779,53.9483],[9.5974,53.9431],[9.5888,53.9634]]]},"properties":{"AGS":"01061098","GEN":"Schlotfeld","SN_L":"01"}},
{"type":"Feature","geometry":{"type":"Polygon","coordinates":[[[9.6422,54.0478],[9.6252,54.0486],[9.6126,54.0387],[9.6273,54.016],[9.6432,54.0307],[9.6578,54.0336],[9.6574,54.047],[9.6422,54.0478]]]},"properties":{"AGS":"01061100","GEN":"Silzen","SN_L":"01"}},
{"type":"Feature","geometry":{"type":"Polygon","coordinates":[[[9.602,53.9575],[9.5888,53.9634],[9.5974,53.9431],[9.5996,53.9408],[9.5918,53.9384],[9.6088,53.9306],[9.6204,53.9258],[9.625,53.9264],[9.6342,53.9277],[9.6177,53.9567],[9.6099,53.9555],[9.602,53.9575]]]},"properties":{"AGS":"01061114","GEN":"Winseldorf","SN_L":"01"}},
{"type":"Feature","geometry":{"type":"Polygon","coordinates":[[[9.4306,53.8861],[9.4204,53.8599],[9.4294,53.8568],[9.4407,53.8469],[9.4775,53.8478],[9.4837,53.8482],[9.4812,53.8689],[9.4676,53.8835],[9.4306,53.8861]]]},"properties":{"AGS":"01061006","GEN":"Bahrenfleth","SN_L":"01"}},
{"type":"Feature","geometry":{"type":"Polygon","coordinates":[[[9.5447,53.8872],[9.5344,53.896],[9.516,53.8921],[9.5037,53.8886],[9.4939,53.8769],[9.5048,53.8708],[9.5444,53.872],[9.5447,53.8872]]]},"properties":{"AGS":"01061022","GEN":"Dägeling","SN_L":"01"}},
{"type":"Feature","geometry":{"type":"Polygon","coordinates":[[[9.491,53.7932],[9.4998,53.7959],[9.5244,53.8023],[9.5241,53.8096],[9.5091,53.8196],[9.5066,53.819],[9.4984,53.8169],[9.4667,53.8082],[9.489,53.7933],[9.491,53.7932]]]},"properties":{"AGS":"01061026","GEN":"Elskop","SN_L":"01"}},
{"type":"Feature","geometry":{"type":"Polygon","coordinates":[[[9.5094,53.8229],[9.5364,53.8346],[9.5517,53.8328],[9.5604,53.8444],[9.5601,53.8527],[9.4943,53.8489],[9.4955,53.8321],[9.5094,53.8229]]]},"properties":{"AGS":"01061030","GEN":"Grevenkop","SN_L":"01"}},
{"type":"Feature","geometry":{"type":"Polygon","coordinates":[[[9.4984,53.8169],[9.5066,53.819],[9.505,53.8225],[9.5094,53.8229],[9.4955,53.8321],[9.4943,53.8489],[9.4837,53.8482],[9.4775,53.8478],[9.4793,53.834],[9.4984,53.8169]]]},"properties":{"AGS":"01061055","GEN":"Krempe","SN_L":"01"}},
{"type":"Feature","geometry":{"type":"Polygon","coordinates":[[[9.4927,53.9001],[9.4755,53.9008],[9.4698,53.8979],[9.4692,53.8845],[9.4939,53.8769],[9.5037,53.8886],[9.4927,53.9001]]]},"properties":{"AGS":"01061056","GEN":"Kremperheide","SN_L":"01"}},
{"type":"Feature","geometry":{"type":"Polygon","coordinates":[[[9.4939,53.8769],[9.4692,53.8845],[9.4676,53.8835],[9.4812,53.8689],[9.5048,53.8708],[9.4939,53.8769]]]},"properties":{"AGS":"01061057","GEN":"Krempermoor","SN_L":"01"}},
{"type":"Feature","geometry":{"type":"Polygon","coordinates":[[[9.5746,53.8739],[9.5596,53.8692],[9.5444,53.872],[9.5048,53.8708],[9.4812,53.8689],[9.4837,53.8482],[9.4943,53.8489],[9.5601,53.8527],[9.5604,53.8444],[9.5728,53.8475],[9.5782,53.8535],[9.5746,53.8739]]]},"properties":{"AGS":"01061073","GEN":"Neuenbrook","SN_L":"01"}},
{"type":"Feature","geometry":{"type":"Polygon","coordinates":[[[9.6328,53.8716],[9.6269,53.8812],[9.6021,53.8822],[9.5746,53.8739],[9.5782,53.8535],[9.6047,53.8543],[9.6302,53.8624],[9.6328,53.8716]]]},"properties":{"AGS":"01061092","GEN":"Rethwisch","SN_L":"01"}},
{"type":"Feature","geometry":{"type":"Polygon","coordinates":[[[9.5825,53.8335],[9.5728,53.8475],[9.5604,53.8444],[9.5517,53.8328],[9.5364,53.8346],[9.5094,53.8229],[9.505,53.8225],[9.5091,53.8196],[9.5241,53.8096],[9.5455,53.8178],[9.566,53.82],[9.5825,53.8335]]]},"properties":{"AGS":"01061104","GEN":"Süderau","SN_L":"01"}},
{"type":"Feature","geometry":{"type":"Polygon","coordinates":[[[9.4511,54.0801],[9.439,54.0699],[9.4194,54.0622],[9.4274,54.0548],[9.4604,54.0624],[9.4511,54.0801]]]},"properties":{"AGS":"01061001","GEN":"Aasbüttel","SN_L":"01"}},
{"type":"Feature","geometry":{"type":"Polygon","coordinates":[[[9.4406,54.0389],[9.4316,54.0333],[9.427,54.026],[9.407,54.0221],[9.4054,54.0124],[9.4129,54.0058],[9.4217,54.0114],[9.4402,54.011],[9.4531,54.0251],[9.458,54.0315],[9.4406,54.0389]]]},"properties":{"AGS":"01061003","GEN":"Agethorst","SN_L":"01"}},
{"type":"Feature","geometry":{"type":"Polygon","coordinates":[[[9.3786,54.0638],[9.3488,54.071],[9.3366,54.064],[9.3475,54.0614],[9.3519,54.0451],[9.3812,54.0396],[9.3979,54.0468],[9.3864,54.0498],[9.3786,54.0638]]]},"properties":{"AGS":"01061011","GEN":"Besdorf","SN_L":"01"}},
{"type":"Feature","geometry":{"type":"MultiPolygon","coordinates":[[[[9.3996,54.0459],[9.3979,54.0468],[9.3812,54.0396],[9.3799,54.0376],[9.3867,54.0346],[9.397,54.0376],[9.3996,54.0459]]],[[[9.4386,54.046],[9.4242,54.0509],[9.4075,54.0433],[9.4316,54.0333],[9.4406,54.0389],[9.4386,54.046]]]]},"properties":{"AGS":"01061013","GEN":"Bokelrehm","SN_L":"01"}},
{"type":"Feature","geometry":{"type":"MultiPolygon","coordinates":[[[[9.2986,53.9783],[9.2916,53.9859],[9.2902,53.9853],[9.2879,53.9799],[9.2986,53.9783]]],[[[9.4167,54.07],[9.3786,54.0638],[9.3864,54.0498],[9.3979,54.0468],[9.3996,54.0459],[9.4075,54.0433],[9.4242,54.0509],[9.4274,54.0548],[9.4194,54.0622],[9.4167,54.07]]]]},"properties":{"AGS":"01061014","GEN":"Bokhorst","SN_L":"01"}},
{"type":"Feature","geometry":{"type":"Polygon","coordinates":[[[9.5563,54.0463],[9.5484,54.0532],[9.5476,54.0692],[9.5401,54.0716],[9.533,54.0652],[9.5184,54.0507],[9.5231,54.044],[9.548,54.051],[9.5563,54.0463]]]},"properties":{"AGS":"01061021","GEN":"Christinenthal","SN_L":"01"}},
{"type":"Feature","geometry":{"type":"Polygon","coordinates":[[[9.3867,54.0346],[9.3799,54.0376],[9.3616,54.0339],[9.3273,54.0363],[9.3012,54.0311],[9.3051,54.0195],[9.2989,54.0023],[9.2984,53.9936],[9.3087,54.0056],[9.3295,54.0031],[9.3437,54.0101],[9.3657,54.0289],[9.3867,54.0346]]]},"properties":{"AGS":"01061031","GEN":"Gribbohm","SN_L":"01"}},
{"type":"Feature","geometry":{"type":"Polygon","coordinates":[[[9.4662,54.0278],[9.4638,54.0383],[9.4563,54.0452],[9.4386,54.046],[9.4406,54.0389],[9.458,54.0315],[9.4531,54.0251],[9.4576,54.0271],[9.4662,54.0278]]]},"properties":{"AGS":"01061033","GEN":"Hadenfeld","SN_L":"01"}},
{"type":"Feature","geometry":{"type":"Polygon","coordinates":[[[9.3366,54.064],[9.3111,54.0634],[9.3045,54.043],[9.2895,54.0429],[9.2852,54.0385],[9.3012,54.0311],[9.3273,54.0363],[9.3616,54.0339],[9.3799,54.0376],[9.3812,54.0396],[9.3519,54.0451],[9.3475,54.0614],[9.3366,54.064]]]},"properties":{"AGS":"01061043","GEN":"Holstenniendorf","SN_L":"01"}},
{"type":"Feature","geometry":{"type":"Polygon","coordinates":[[[9.4662,54.0278],[9.4576,54.0271],[9.4558,54.0173],[9.4662,54.0058],[9.4833,54.0111],[9.4855,54.0195],[9.4662,54.0278]]]},"properties":{"AGS":"01061048","GEN":"Kaisborstel","SN_L":"01"}},
{"type":"Feature","geometry":{"type":"Polygon","coordinates":[[[9.5632,54.0415],[9.5563,54.0463],[9.548,54.051],[9.5231,54.044],[9.5059,54.0407],[9.4964,54.0266],[9.5177,54.0246],[9.53,54.0179],[9.5469,54.0206],[9.5717,54.0178],[9.5753,54.0285],[9.5632,54.0415]]]},"properties":{"AGS":"01061066","GEN":"Looft","SN_L":"01"}},
{"type":"Feature","geometry":{"type":"Polygon","coordinates":[[[9.407,54.0221],[9.427,54.026],[9.4316,54.0333],[9.4075,54.0433],[9.3996,54.0459],[9.397,54.0376],[9.407,54.0221]]]},"properties":{"AGS":"01061076","GEN":"Nienbüttel","SN_L":"01"}},
{"type":"Feature","geometry":{"type":"Polygon","coordinates":[[[9.4054,53.993],[9.4045,53.9935],[9.346,53.984],[9.3592,53.9742],[9.3719,53.9692],[9.3823,53.974],[9.4036,53.9781],[9.4054,53.993]]]},"properties":{"AGS":"01061078","GEN":"Nutteln","SN_L":"01"}},
{"type":"Feature","geometry":{"type":"Polygon","coordinates":[[[9.5184,54.0507],[9.533,54.0652],[9.5111,54.072],[9.4923,54.0627],[9.5,54.0531],[9.5184,54.0507]]]},"properties":{"AGS":"01061081","GEN":"Oldenborstel","SN_L":"01"}},
{"type":"Feature","geometry":{"type":"Polygon","coordinates":[[[9.5184,54.0507],[9.5,54.0531],[9.4932,54.0442],[9.4638,54.0383],[9.4662,54.0278],[9.4855,54.0195],[9.4964,54.0266],[9.5059,54.0407],[9.5231,54.044],[9.5184,54.0507]]]},"properties":{"AGS":"01061085","GEN":"Pöschendorf","SN_L":"01"}},
{"type":"Feature","geometry":{"type":"Polygon","coordinates":[[[9.5558,54.0926],[9.5374,54.0912],[9.5171,54.0968],[9.4933,54.0852],[9.4791,54.0695],[9.4923,54.0627],[9.5111,54.072],[9.533,54.0652],[9.5401,54.0716],[9.5596,54.0903],[9.5558,54.0926]]]},"properties":{"AGS":"01061087","GEN":"Puls","SN_L":"01"}},
{"type":"Feature","geometry":{"type":"Polygon","coordinates":[[[9.5835,54.0872],[9.5596,54.0903],[9.5401,54.0716],[9.5476,54.0692],[9.5484,54.0532],[9.5563,54.0463],[9.5632,54.0415],[9.605,54.0487],[9.6073,54.068],[9.5921,54.0694],[9.5835,54.0872]]]},"properties":{"AGS":"01061091","GEN":"Reher","SN_L":"01"}},
{"type":"Feature","geometry":{"type":"Polygon","coordinates":[[[9.4923,54.0627],[9.4791,54.0695],[9.4604,54.0624],[9.4274,54.0548],[9.4242,54.0509],[9.4386,54.046],[9.4563,54.0452],[9.4638,54.0383],[9.4932,54.0442],[9.5,54.0531],[9.4923,54.0627]]]},"properties":{"AGS":"01061097","GEN":"Schenefeld","SN_L":"01"}},
{"type":"Feature","geometry":{"type":"Polygon","coordinates":[[[9.4054,54.0124],[9.374,54.0129],[9.3437,54.0101],[9.3295,54.0031],[9.3087,54.0056],[9.2984,53.9936],[9.2902,53.9853],[9.2916,53.9859],[9.3019,53.9831],[9.3274,53.994],[9.346,53.984],[9.4045,53.9935],[9.4129,54.0058],[9.4054,54.0124]]]},"properties":{"AGS":"01061105","GEN":"Vaale","SN_L":"01"}},
{"type":"Feature","geometry":{"type":"Polygon","coordinates":[[[9.346,53.984],[9.3274,53.994],[9.3019,53.9831],[9.3348,53.9717],[9.3642,53.965],[9.3747,53.9676],[9.3757,53.9681],[9.3622,53.9688],[9.3592,53.9742],[9.346,53.984]]]},"properties":{"AGS":"01061106","GEN":"Vaalermoor","SN_L":"01"}},
{"type":"Feature","geometry":{"type":"Polygon","coordinates":[[[9.407,54.0221],[9.397,54.0376],[9.3867,54.0346],[9.3657,54.0289],[9.3437,54.0101],[9.374,54.0129],[9.4054,54.0124],[9.407,54.0221]]]},"properties":{"AGS":"01061107","GEN":"Wacken","SN_L":"01"}},
{"type":"Feature","geometry":{"type":"Polygon","coordinates":[[[9.4791,54.0695],[9.4933,54.0852],[9.4746,54.0909],[9.4534,54.0877],[9.4511,54.0801],[9.4604,54.0624],[9.4791,54.0695]]]},"properties":{"AGS":"01061108","GEN":"Warringholz","SN_L":"01"}},
{"type":"Feature","geometry":{"type":"Polygon","coordinates":[[[9.2986,53.9783],[9.2879,53.9799],[9.2631,53.9695],[9.2966,53.9625],[9.2986,53.9783]]]},"properties":{"AGS":"01061002","GEN":"Aebtissinwisch","SN_L":"01"}},
{"type":"Feature","geometry":{"type":"Polygon","coordinates":[[[9.4306,53.8861],[9.4349,53.8919],[9.424,53.9051],[9.4102,53.9035],[9.395,53.8997],[9.3891,53.8866],[9.3626,53.8687],[9.3712,53.8652],[9.4068,53.8631],[9.4149,53.8499],[9.4294,53.8568],[9.4204,53.8599],[9.4306,53.8861]]]},"properties":{"AGS":"01061007","GEN":"Beidenfleth","SN_L":"01"}},
{"type":"Feature","geometry":{"type":"Polygon","coordinates":[[[9.3108,53.8929],[9.3058,53.8947],[9.2942,53.8928],[9.2745,53.8764],[9.3272,53.8602],[9.3457,53.8454],[9.3575,53.8721],[9.3363,53.8844],[9.3108,53.8929]]]},"properties":{"AGS":"01061018","GEN":"Brokdorf","SN_L":"01"}},
{"type":"Feature","geometry":{"type":"Polygon","coordinates":[[[9.2301,53.9293],[9.206,53.9168],[9.1984,53.8894],[9.2313,53.8862],[9.2338,53.901],[9.2473,53.9092],[9.2397,53.9248],[9.2301,53.9293]]]},"properties":{"AGS":"01061020","GEN":"Büttel","SN_L":"01"}},
{"type":"Feature","geometry":{"type":"Polygon","coordinates":[[[9.3813,53.916],[9.3569,53.9146],[9.3108,53.8929],[9.3363,53.8844],[9.3575,53.8721],[9.3626,53.8687],[9.3891,53.8866],[9.395,53.8997],[9.3813,53.916]]]},"properties":{"AGS":"01061023","GEN":"Dammfleth","SN_L":"01"}},
{"type":"Feature","geometry":{"type":"Polygon","coordinates":[[[9.2966,53.9625],[9.2631,53.9695],[9.2434,53.9531],[9.2278,53.9417],[9.2398,53.9368],[9.261,53.9308],[9.2755,53.9207],[9.295,53.9344],[9.309,53.9361],[9.2966,53.9625]]]},"properties":{"AGS":"01061025","GEN":"Ecklak","SN_L":"01"}},
{"type":"Feature","geometry":{"type":"Polygon","coordinates":[[[9.2398,53.9368],[9.2278,53.9417],[9.2287,53.946],[9.2093,53.9337],[9.2063,53.9189],[9.206,53.9168],[9.2301,53.9293],[9.2398,53.9368]]]},"properties":{"AGS":"01061060","GEN":"Kudensee","SN_L":"01"}},
{"type":"Feature","geometry":{"type":"Polygon","coordinates":[[[9.3948,53.9362],[9.3919,53.9419],[9.3897,53.9453],[9.3686,53.9327],[9.369,53.9313],[9.3854,53.9246],[9.3859,53.9169],[9.4094,53.9108],[9.4118,53.9115],[9.4037,53.9294],[9.3948,53.9362]]]},"properties":{"AGS":"01061062","GEN":"Landrecht","SN_L":"01"}},
{"type":"Feature","geometry":{"type":"Polygon","coordinates":[[[9.2755,53.9207],[9.261,53.9308],[9.2398,53.9368],[9.2301,53.9293],[9.2397,53.9248],[9.2473,53.9092],[9.2611,53.9111],[9.2671,53.9007],[9.2849,53.9011],[9.2934,53.9074],[9.2755,53.9207]]]},"properties":{"AGS":"01061063","GEN":"Landscheide","SN_L":"01"}},
{"type":"Feature","geometry":{"type":"Polygon","coordinates":[[[9.3686,53.9327],[9.339,53.9434],[9.309,53.9361],[9.295,53.9344],[9.2755,53.9207],[9.2934,53.9074],[9.3058,53.8947],[9.3108,53.8929],[9.3569,53.9146],[9.3511,53.9189],[9.369,53.9313],[9.3686,53.9327]]]},"properties":{"AGS":"01061077","GEN":"Nortorf","SN_L":"01"}},
{"type":"Feature","geometry":{"type":"Polygon","coordinates":[[[9.2934,53.9074],[9.2849,53.9011],[9.2671,53.9007],[9.2611,53.9111],[9.2473,53.9092],[9.2338,53.901],[9.2313,53.8862],[9.2745,53.8764],[9.2942,53.8928],[9.3058,53.8947],[9.2934,53.9074]]]},"properties":{"AGS":"01061095","GEN":"Sankt Margarethen","SN_L":"01"}},
{"type":"Feature","geometry":{"type":"MultiPolygon","coordinates":[[[[9.4094,53.9108],[9.3859,53.9169],[9.3813,53.916],[9.395,53.8997],[9.4102,53.9035],[9.4094,53.9108]]],[[[9.4484,53.9212],[9.4299,53.9322],[9.4037,53.9294],[9.4118,53.9115],[9.44,53.9148],[9.4484,53.9212]]]]},"properties":{"AGS":"01061102","GEN":"Stördorf","SN_L":"01"}},
{"type":"Feature","geometry":{"type":"Polygon","coordinates":[[[9.4294,53.8568],[9.4149,53.8499],[9.4068,53.8631],[9.3712,53.8652],[9.3626,53.8687],[9.3575,53.8721],[9.3457,53.8454],[9.3544,53.8387],[9.4017,53.8242],[9.4037,53.8403],[9.4407,53.8469],[9.4294,53.8568]]]},"properties":{"AGS":"01061110","GEN":"Wewelsfleth","SN_L":"01"}},
{"type":"Feature","geometry":{"type":"Polygon","coordinates":[[[9.3019,53.9831],[9.2916,53.9859],[9.2986,53.9783],[9.2966,53.9625],[9.309,53.9361],[9.339,53.9434],[9.3686,53.9327],[9.3897,53.9453],[9.3747,53.9676],[9.3642,53.965],[9.3348,53.9717],[9.3019,53.9831]]]},"properties":{"AGS":"01061119","GEN":"Neuendorf-Sachsenbande","SN_L":"01"}},
{"type":"Feature","geometry":{"type":"Polygon","coordinates":[[[9.8643,54.012],[9.857,54.0138],[9.847,54.0068],[9.8117,54.004],[9.7909,53.9999],[9.776,53.9889],[9.7594,53.9844],[9.7771,53.9806],[9.8035,53.9819],[9.8192,53.9698],[9.8216,53.9612],[9.8231,53.9594],[9.8329,53.9643],[9.8355,53.9792],[9.8272,53.9829],[9.8346,53.9966],[9.8643,54.012]]]},"properties":{"AGS":"01061019","GEN":"Brokstedt","SN_L":"01"}},
{"type":"Feature","geometry":{"type":"Polygon","coordinates":[[[9.781,54.013],[9.7632,54.0294],[9.7496,54.0289],[9.7379,54.008],[9.7553,53.9944],[9.7524,53.9846],[9.7594,53.9844],[9.776,53.9889],[9.7909,53.9999],[9.781,54.013]]]},"properties":{"AGS":"01061028","GEN":"Fitzbek","SN_L":"01"}},
{"type":"Feature","geometry":{"type":"Polygon","coordinates":[[[9.74,54.0456],[9.7131,54.0425],[9.6894,54.0249],[9.6891,54.022],[9.7073,54.0165],[9.7092,54.0099],[9.7258,54.0094],[9.7379,54.008],[9.7496,54.0289],[9.7632,54.0294],[9.7608,54.032],[9.7441,54.0346],[9.74,54.0456]]]},"properties":{"AGS":"01061036","GEN":"Hennstedt","SN_L":"01"}},
{"type":"Feature","geometry":{"type":"Polygon","coordinates":[[[9.7514,53.893],[9.7645,53.907],[9.7609,53.9132],[9.7601,53.9148],[9.7355,53.9112],[9.7397,53.9038],[9.7281,53.8916],[9.7514,53.893]]]},"properties":{"AGS":"01061038","GEN":"Hingstheide","SN_L":"01"}},
{"type":"Feature","geometry":{"type":"Polygon","coordinates":[[[9.6578,54.0336],[9.6432,54.0307],[9.6273,54.016],[9.5849,54.017],[9.5836,54.0035],[9.567,54.0048],[9.564,53.981],[9.5473,53.9682],[9.545,53.9644],[9.5601,53.9674],[9.5888,53.9634],[9.602,53.9575],[9.6099,53.9555],[9.6177,53.9567],[9.6248,53.9664],[9.639,53.9634],[9.653,53.96],[9.6696,53.9745],[9.668,53.9805],[9.667,53.9948],[9.6748,54.0076],[9.6858,54.01],[9.6891,54.022],[9.6894,54.0249],[9.6578,54.0336]]]},"properties":{"AGS":"01061042","GEN":"Hohenlockstedt","SN_L":"01"}},
{"type":"Feature","geometry":{"type":"Polygon","coordinates":[[[9.7411,53.972],[9.7209,53.9698],[9.6894,53.9725],[9.6772,53.9792],[9.6871,53.9686],[9.6913,53.9494],[9.6799,53.9393],[9.691,53.9357],[9.694,53.936],[9.7177,53.9339],[9.7358,53.9436],[9.7614,53.9405],[9.7673,53.9436],[9.759,53.9635],[9.7619,53.9729],[9.7411,53.972]]]},"properties":{"AGS":"01061049","GEN":"Kellinghusen","SN_L":"01"}},
{"type":"Feature","geometry":{"type":"Polygon","coordinates":[[[9.7092,54.0099],[9.7073,54.0165],[9.6891,54.022],[9.6858,54.01],[9.6748,54.0076],[9.667,53.9948],[9.668,53.9805],[9.6772,53.9792],[9.6749,53.9812],[9.6737,53.9895],[9.695,53.9895],[9.7129,53.9967],[9.7092,54.0099]]]},"properties":{"AGS":"01061064","GEN":"Lockstedt","SN_L":"01"}},
{"type":"Feature","geometry":{"type":"Polygon","coordinates":[[[9.6799,53.9393],[9.6913,53.9494],[9.6871,53.9686],[9.6772,53.9792],[9.668,53.9805],[9.6696,53.9745],[9.653,53.96],[9.639,53.9634],[9.6561,53.942],[9.6799,53.9393]]]},"properties":{"AGS":"01061071","GEN":"Mühlenbarbek","SN_L":"01"}},
{"type":"Feature","geometry":{"type":"MultiPolygon","coordinates":[[[[9.7445,53.9794],[9.7473,53.9811],[9.7443,53.9853],[9.7445,53.9794]]],[[[9.7258,54.0094],[9.7092,54.0099],[9.7129,53.9967],[9.695,53.9895],[9.6737,53.9895],[9.6749,53.9812],[9.6945,53.9848],[9.7203,53.9844],[9.7295,53.9887],[9.7258,54.0094]]]]},"properties":{"AGS":"01061080","GEN":"Oeschebüttel","SN_L":"01"}},
{"type":"Feature","geometry":{"type":"Polygon","coordinates":[[[9.7131,54.0425],[9.7076,54.0481],[9.6802,54.0536],[9.6794,54.063],[9.6574,54.047],[9.6578,54.0336],[9.6894,54.0249],[9.7131,54.0425]]]},"properties":{"AGS":"01061086","GEN":"Poyenberg","SN_L":"01"}},
{"type":"Feature","geometry":{"type":"Polygon","coordinates":[[[9.8111,53.9569],[9.7894,53.9643],[9.7769,53.9747],[9.7619,53.9729],[9.759,53.9635],[9.7673,53.9436],[9.7614,53.9405],[9.7808,53.9381],[9.8072,53.9352],[9.8111,53.9569]]]},"properties":{"AGS":"01061088","GEN":"Quarnstedt","SN_L":"01"}},
{"type":"Feature","geometry":{"type":"Polygon","coordinates":[[[9.7379,54.008],[9.7258,54.0094],[9.7295,53.9887],[9.7443,53.9853],[9.7473,53.9811],[9.7524,53.9846],[9.7553,53.9944],[9.7379,54.008]]]},"properties":{"AGS":"01061089","GEN":"Rade","SN_L":"01"}},
{"type":"Feature","geometry":{"type":"Polygon","coordinates":[[[9.7443,53.9853],[9.7295,53.9887],[9.7203,53.9844],[9.6945,53.9848],[9.6749,53.9812],[9.6772,53.9792],[9.6894,53.9725],[9.7209,53.9698],[9.7411,53.972],[9.7445,53.9794],[9.7443,53.9853]]]},"properties":{"AGS":"01061093","GEN":"Rosdorf","SN_L":"01"}},
{"type":"Feature","geometry":{"type":"Polygon","coordinates":[[[9.818,54.0433],[9.8045,54.0506],[9.7832,54.0489],[9.7608,54.032],[9.7632,54.0294],[9.781,54.013],[9.8056,54.0144],[9.8138,54.0227],[9.8172,54.0288],[9.818,54.0433]]]},"properties":{"AGS":"01061096","GEN":"Sarlhusen","SN_L":"01"}},
{"type":"Feature","geometry":{"type":"Polygon","coordinates":[[[9.7594,53.9844],[9.7524,53.9846],[9.7473,53.9811],[9.7445,53.9794],[9.7411,53.972],[9.7619,53.9729],[9.7769,53.9747],[9.7771,53.9806],[9.7594,53.9844]]]},"properties":{"AGS":"01061103","GEN":"Störkathen","SN_L":"01"}},
{"type":"Feature","geometry":{"type":"Polygon","coordinates":[[[9.7832,54.0489],[9.7673,54.0533],[9.7468,54.0506],[9.74,54.0456],[9.7441,54.0346],[9.7608,54.032],[9.7832,54.0489]]]},"properties":{"AGS":"01061111","GEN":"Wiedenborstel","SN_L":"01"}},
{"type":"Feature","geometry":{"type":"Polygon","coordinates":[[[9.857,54.0138],[9.8562,54.0195],[9.8138,54.0227],[9.8056,54.0144],[9.781,54.013],[9.7909,53.9999],[9.8117,54.004],[9.847,54.0068],[9.857,54.0138]]]},"properties":{"AGS":"01061112","GEN":"Willenscharen","SN_L":"01"}},
{"type":"Feature","geometry":{"type":"Polygon","coordinates":[[[9.7614,53.9405],[9.7358,53.9436],[9.7177,53.9339],[9.694,53.936],[9.7052,53.9257],[9.7316,53.9187],[9.7355,53.9112],[9.7601,53.9148],[9.7579,53.9291],[9.7737,53.927],[9.7808,53.9381],[9.7614,53.9405]]]},"properties":{"AGS":"01061116","GEN":"Wrist","SN_L":"01"}},
{"type":"Feature","geometry":{"type":"Polygon","coordinates":[[[9.7355,53.9112],[9.7316,53.9187],[9.7052,53.9257],[9.7026,53.9174],[9.6848,53.8975],[9.693,53.8901],[9.7137,53.8908],[9.7281,53.8916],[9.7397,53.9038],[9.7355,53.9112]]]},"properties":{"AGS":"01061117","GEN":"Wulfsmoor","SN_L":"01"}},
{"type":"Feature","geometry":{"type":"Polygon","coordinates":[[[10.2975,53.7037],[10.2815,53.7027],[10.2775,53.6926],[10.2399,53.6961],[10.216,53.6785],[10.1921,53.6804],[10.1714,53.6767],[10.1717,53.669],[10.1954,53.655],[10.1986,53.6464],[10.1897,53.6384],[10.2218,53.6337],[10.2317,53.6338],[10.2407,53.6335],[10.2574,53.6396],[10.278,53.6409],[10.256,53.6511],[10.2518,53.6647],[10.2565,53.6728],[10.2836,53.6734],[10.3121,53.6894],[10.3148,53.6972],[10.2975,53.7037]]]},"properties":{"AGS":"01062001","GEN":"Ahrensburg","SN_L":"01"}},
{"type":"Feature","geometry":{"type":"Polygon","coordinates":[[[10.3953,53.862],[10.3786,53.8647],[10.3537,53.8534],[10.3432,53.8579],[10.361,53.8348],[10.3413,53.8281],[10.3444,53.819],[10.298,53.8118],[10.2973,53.7977],[10.3123,53.7846],[10.3348,53.7923],[10.3813,53.7832],[10.3945,53.771],[10.4129,53.7694],[10.4184,53.7691],[10.4302,53.7946],[10.4344,53.8166],[10.4148,53.8292],[10.4206,53.8454],[10.3953,53.862]]]},"properties":{"AGS":"01062004","GEN":"Bad Oldesloe","SN_L":"01"}},
{"type":"Feature","geometry":{"type":"Polygon","coordinates":[[[10.2831,53.7457],[10.2528,53.7475],[10.2214,53.7326],[10.2365,53.7204],[10.2497,53.7136],[10.2674,53.7178],[10.2882,53.71],[10.2993,53.7122],[10.3045,53.7209],[10.2939,53.7379],[10.2831,53.7457]]]},"properties":{"AGS":"01062006","GEN":"Bargteheide","SN_L":"01"}},
{"type":"Feature","geometry":{"type":"Polygon","coordinates":[[[10.2783,53.569],[10.2624,53.5887],[10.2416,53.5956],[10.2364,53.5988],[10.2013,53.584],[10.1653,53.5823],[10.1526,53.5779],[10.1474,53.5663],[10.1571,53.5601],[10.1811,53.5583],[10.2056,53.5555],[10.229,53.5577],[10.272,53.5642],[10.2783,53.569]]]},"properties":{"AGS":"01062009","GEN":"Barsbüttel","SN_L":"01"}},
{"type":"Feature","geometry":{"type":"Polygon","coordinates":[[[10.229,53.5577],[10.2056,53.5555],[10.1811,53.5583],[10.1936,53.5469],[10.1896,53.5328],[10.2106,53.52],[10.2297,53.5205],[10.2352,53.5303],[10.2357,53.5488],[10.229,53.5577]]]},"properties":{"AGS":"01062018","GEN":"Glinde","SN_L":"01"}},
{"type":"Feature","geometry":{"type":"Polygon","coordinates":[[[10.3121,53.6894],[10.2836,53.6734],[10.2565,53.6728],[10.2518,53.6647],[10.256,53.6511],[10.278,53.6409],[10.2966,53.6532],[10.3172,53.6828],[10.3121,53.6894]]]},"properties":{"AGS":"01062023","GEN":"Großhansdorf","SN_L":"01"}},
{"type":"Feature","geometry":{"type":"Polygon","coordinates":[[[10.1811,53.5583],[10.1571,53.5601],[10.1512,53.545],[10.1657,53.5347],[10.1632,53.521],[10.1866,53.5128],[10.2106,53.52],[10.1896,53.5328],[10.1936,53.5469],[10.1811,53.5583]]]},"properties":{"AGS":"01062053","GEN":"Oststeinbek","SN_L":"01"}},
{"type":"Feature","geometry":{"type":"Polygon","coordinates":[[[10.3145,53.5544],[10.3064,53.58],[10.2783,53.569],[10.272,53.5642],[10.229,53.5577],[10.2357,53.5488],[10.2352,53.5303],[10.2297,53.5205],[10.2106,53.52],[10.2186,53.4991],[10.2367,53.4964],[10.2436,53.5086],[10.2683,53.509],[10.2779,53.5272],[10.3005,53.5246],[10.3072,53.5318],[10.2923,53.5389],[10.3145,53.5544]]]},"properties":{"AGS":"01062060","GEN":"Reinbek","SN_L":"01"}},
{"type":"Feature","geometry":{"type":"Polygon","coordinates":[[[10.5167,53.859],[10.5044,53.8514],[10.473,53.8549],[10.4544,53.8566],[10.4488,53.8199],[10.4497,53.8196],[10.4854,53.8158],[10.5111,53.8217],[10.5066,53.8303],[10.5171,53.8368],[10.5306,53.8553],[10.5167,53.859]]]},"properties":{"AGS":"01062061","GEN":"Reinfeld (Holstein)","SN_L":"01"}},
{"type":"Feature","geometry":{"type":"Polygon","coordinates":[[[10.1119,53.7678],[10.0943,53.7692],[10.0455,53.7645],[10.0375,53.7538],[10.0227,53.7495],[10.0275,53.7257],[10.0728,53.7096],[10.0818,53.7204],[10.1172,53.7152],[10.1615,53.7334],[10.1682,53.7382],[10.1705,53.7403],[10.1403,53.7557],[10.1274,53.7457],[10.1085,53.7452],[10.1119,53.7678]]]},"properties":{"AGS":"01062076","GEN":"Tangstedt","SN_L":"01"}},
{"type":"Feature","geometry":{"type":"Polygon","coordinates":[[[10.2323,53.7131],[10.2085,53.7142],[10.1891,53.7025],[10.1778,53.7101],[10.1575,53.705],[10.1595,53.6908],[10.1448,53.6798],[10.156,53.6695],[10.1717,53.669],[10.1714,53.6767],[10.1921,53.6804],[10.216,53.6785],[10.2399,53.6961],[10.2423,53.7047],[10.2425,53.7061],[10.2323,53.7131]]]},"properties":{"AGS":"01062090","GEN":"Ammersbek","SN_L":"01"}},
{"type":"Feature","geometry":{"type":"Polygon","coordinates":[[[10.298,53.8118],[10.2752,53.8249],[10.2409,53.8205],[10.252,53.8173],[10.2488,53.8015],[10.2703,53.7882],[10.2733,53.7932],[10.2973,53.7977],[10.298,53.8118]]]},"properties":{"AGS":"01062019","GEN":"Grabau","SN_L":"01"}},
{"type":"Feature","geometry":{"type":"Polygon","coordinates":[[[10.4494,53.8041],[10.4497,53.8196],[10.4488,53.8199],[10.4344,53.8166],[10.4302,53.7946],[10.4494,53.8041]]]},"properties":{"AGS":"01062046","GEN":"Meddewade","SN_L":"01"}},
{"type":"Feature","geometry":{"type":"Polygon","coordinates":[[[10.3123,53.7846],[10.2973,53.7977],[10.2733,53.7932],[10.2703,53.7882],[10.2594,53.7834],[10.2752,53.7762],[10.2957,53.7824],[10.3123,53.7846]]]},"properties":{"AGS":"01062050","GEN":"Neritz","SN_L":"01"}},
{"type":"Feature","geometry":{"type":"Polygon","coordinates":[[[10.4129,53.7694],[10.3945,53.771],[10.3813,53.7832],[10.3663,53.7764],[10.3655,53.7621],[10.3729,53.7547],[10.386,53.7488],[10.4099,53.7473],[10.4209,53.7406],[10.4418,53.7408],[10.4474,53.7468],[10.4443,53.7537],[10.4184,53.7691],[10.4129,53.7694]]]},"properties":{"AGS":"01062056","GEN":"Pölitz","SN_L":"01"}},
{"type":"Feature","geometry":{"type":"Polygon","coordinates":[[[10.4814,53.7922],[10.4494,53.8041],[10.4302,53.7946],[10.4184,53.7691],[10.4443,53.7537],[10.4576,53.7589],[10.4739,53.7671],[10.4707,53.7814],[10.4814,53.7922]]]},"properties":{"AGS":"01062062","GEN":"Rethwisch","SN_L":"01"}},
{"type":"Feature","geometry":{"type":"Polygon","coordinates":[[[10.3813,53.7832],[10.3348,53.7923],[10.3123,53.7846],[10.2957,53.7824],[10.316,53.761],[10.3453,53.7604],[10.343,53.7532],[10.3607,53.7466],[10.3729,53.7547],[10.3655,53.7621],[10.3663,53.7764],[10.3813,53.7832]]]},"properties":{"AGS":"01062065","GEN":"Rümpel","SN_L":"01"}},
{"type":"Feature","geometry":{"type":"Polygon","coordinates":[[[10.4209,53.7406],[10.4099,53.7473],[10.386,53.7488],[10.3729,53.7547],[10.3607,53.7466],[10.343,53.7532],[10.331,53.7427],[10.3394,53.7349],[10.3471,53.7216],[10.3537,53.7207],[10.397,53.7379],[10.4209,53.7406]]]},"properties":{"AGS":"01062089","GEN":"Lasbek","SN_L":"01"}},
{"type":"Feature","geometry":{"type":"Polygon","coordinates":[[[10.4458,53.7239],[10.4241,53.7253],[10.397,53.7379],[10.3537,53.7207],[10.3746,53.7018],[10.3718,53.6784],[10.4034,53.6738],[10.4144,53.6927],[10.4118,53.7027],[10.4388,53.6998],[10.4458,53.7239]]]},"properties":{"AGS":"01062091","GEN":"Steinburg","SN_L":"01"}},
{"type":"Feature","geometry":{"type":"Polygon","coordinates":[[[10.3302,53.8718],[10.3186,53.8657],[10.311,53.8558],[10.2871,53.8541],[10.2727,53.8458],[10.2705,53.8413],[10.2393,53.827],[10.2409,53.8205],[10.2752,53.8249],[10.298,53.8118],[10.3444,53.819],[10.3413,53.8281],[10.361,53.8348],[10.3432,53.8579],[10.3443,53.8693],[10.3302,53.8718]]]},"properties":{"AGS":"01062092","GEN":"Travenbrück","SN_L":"01"}},
{"type":"Feature","geometry":{"type":"Polygon","coordinates":[[[10.2365,53.7768],[10.2221,53.7722],[10.1988,53.7816],[10.1773,53.7768],[10.1417,53.7772],[10.1326,53.7714],[10.1466,53.7628],[10.1403,53.7557],[10.1705,53.7403],[10.1786,53.7482],[10.1947,53.7487],[10.1995,53.7568],[10.2221,53.7565],[10.23,53.7626],[10.2365,53.7656],[10.2415,53.7689],[10.2365,53.7768]]]},"properties":{"AGS":"01062005","GEN":"Bargfeld-Stegen","SN_L":"01"}},
{"type":"Feature","geometry":{"type":"Polygon","coordinates":[[[10.2993,53.7122],[10.2882,53.71],[10.2674,53.7178],[10.2497,53.7136],[10.2365,53.7204],[10.2323,53.7131],[10.2425,53.7061],[10.2423,53.7047],[10.2399,53.6961],[10.2775,53.6926],[10.2815,53.7027],[10.2975,53.7037],[10.2993,53.7122]]]},"properties":{"AGS":"01062014","GEN":"Delingsdorf","SN_L":"01"}},
{"type":"Feature","geometry":{"type":"Polygon","coordinates":[[[10.2594,53.7834],[10.2295,53.7819],[10.2365,53.7768],[10.2415,53.7689],[10.2528,53.7475],[10.2831,53.7457],[10.2952,53.746],[10.316,53.761],[10.2957,53.7824],[10.2752,53.7762],[10.2594,53.7834]]]},"properties":{"AGS":"01062016","GEN":"Elmenhorst","SN_L":"01"}},
{"type":"Feature","geometry":{"type":"Polygon","coordinates":[[[10.3471,53.7216],[10.3394,53.7349],[10.3221,53.7323],[10.3045,53.7209],[10.2993,53.7122],[10.2975,53.7037],[10.3148,53.6972],[10.3233,53.6991],[10.333,53.7148],[10.3471,53.7216]]]},"properties":{"AGS":"01062027","GEN":"Hammoor","SN_L":"01"}},
{"type":"Feature","geometry":{"type":"Polygon","coordinates":[[[10.2528,53.7475],[10.2415,53.7689],[10.2365,53.7656],[10.23,53.7626],[10.2221,53.7565],[10.1995,53.7568],[10.1947,53.7487],[10.1786,53.7482],[10.1705,53.7403],[10.1682,53.7382],[10.1889,53.7305],[10.1916,53.7229],[10.1778,53.7101],[10.1891,53.7025],[10.2085,53.7142],[10.2323,53.7131],[10.2365,53.7204],[10.2214,53.7326],[10.2528,53.7475]]]},"properties":{"AGS":"01062036","GEN":"Jersbek","SN_L":"01"}},
{"type":"Feature","geometry":{"type":"Polygon","coordinates":[[[10.2295,53.7819],[10.1949,53.8027],[10.1778,53.792],[10.1518,53.7879],[10.1417,53.7772],[10.1773,53.7768],[10.1988,53.7816],[10.2221,53.7722],[10.2365,53.7768],[10.2295,53.7819]]]},"properties":{"AGS":"01062051","GEN":"Nienwohld","SN_L":"01"}},
{"type":"Feature","geometry":{"type":"Polygon","coordinates":[[[10.3471,53.7216],[10.333,53.7148],[10.3233,53.6991],[10.3148,53.6972],[10.3121,53.6894],[10.3172,53.6828],[10.3673,53.6772],[10.3718,53.6784],[10.3746,53.7018],[10.3537,53.7207],[10.3471,53.7216]]]},"properties":{"AGS":"01062078","GEN":"Todendorf","SN_L":"01"}},
{"type":"Feature","geometry":{"type":"Polygon","coordinates":[[[10.343,53.7532],[10.3453,53.7604],[10.316,53.761],[10.2952,53.746],[10.2831,53.7457],[10.2939,53.7379],[10.3045,53.7209],[10.3221,53.7323],[10.3394,53.7349],[10.331,53.7427],[10.343,53.7532]]]},"properties":{"AGS":"01062081","GEN":"Tremsbüttel","SN_L":"01"}},
{"type":"Feature","geometry":{"type":"Polygon","coordinates":[[[10.564,53.8859],[10.5538,53.8731],[10.5627,53.8581],[10.55,53.8525],[10.5601,53.8477],[10.5649,53.8542],[10.5912,53.8553],[10.5942,53.8722],[10.564,53.8859]]]},"properties":{"AGS":"01062003","GEN":"Badendorf","SN_L":"01"}},
{"type":"Feature","geometry":{"type":"Polygon","coordinates":[[[10.5224,53.8107],[10.5111,53.8217],[10.4854,53.8158],[10.4497,53.8196],[10.4494,53.8041],[10.4814,53.7922],[10.5038,53.789],[10.5137,53.7979],[10.5224,53.8107]]]},"properties":{"AGS":"01062008","GEN":"Barnitz","SN_L":"01"}},
{"type":"Feature","geometry":{"type":"Polygon","coordinates":[[[10.5912,53.8553],[10.5649,53.8542],[10.5601,53.8477],[10.5652,53.8345],[10.5999,53.838],[10.6214,53.8481],[10.5912,53.8553]]]},"properties":{"AGS":"01062025","GEN":"Hamberge","SN_L":"01"}},
{"type":"Feature","geometry":{"type":"Polygon","coordinates":[[[10.484,53.868],[10.473,53.8549],[10.5044,53.8514],[10.5167,53.859],[10.4981,53.8594],[10.484,53.868]]]},"properties":{"AGS":"01062031","GEN":"Heidekamp","SN_L":"01"}},
{"type":"Feature","geometry":{"type":"Polygon","coordinates":[[[10.5729,53.8937],[10.5292,53.8982],[10.5094,53.903],[10.5096,53.8906],[10.5258,53.8749],[10.5538,53.8731],[10.564,53.8859],[10.5729,53.8937]]]},"properties":{"AGS":"01062032","GEN":"Heilshoop","SN_L":"01"}},
{"type":"Feature","geometry":{"type":"Polygon","coordinates":[[[10.5823,53.8046],[10.5581,53.822],[10.5377,53.8111],[10.5224,53.8107],[10.5137,53.7979],[10.5363,53.7974],[10.542,53.7923],[10.5618,53.7948],[10.5823,53.8046]]]},"properties":{"AGS":"01062039","GEN":"Klein Wesenberg","SN_L":"01"}},
{"type":"Feature","geometry":{"type":"Polygon","coordinates":[[[10.5796,53.8976],[10.5793,53.9063],[10.5453,53.9095],[10.5339,53.9188],[10.5108,53.9128],[10.5058,53.9028],[10.5094,53.903],[10.5292,53.8982],[10.5729,53.8937],[10.5796,53.8976]]]},"properties":{"AGS":"01062048","GEN":"Mönkhagen","SN_L":"01"}},
{"type":"Feature","geometry":{"type":"Polygon","coordinates":[[[10.5094,53.903],[10.5058,53.9028],[10.4806,53.8994],[10.4622,53.9011],[10.4293,53.8995],[10.4445,53.8888],[10.4342,53.8788],[10.4327,53.8777],[10.4389,53.8688],[10.4556,53.8642],[10.4544,53.8566],[10.473,53.8549],[10.484,53.868],[10.4813,53.8746],[10.4961,53.8871],[10.5096,53.8906],[10.5094,53.903]]]},"properties":{"AGS":"01062059","GEN":"Rehhorst","SN_L":"01"}},
{"type":"Feature","geometry":{"type":"Polygon","coordinates":[[[10.542,53.7923],[10.5363,53.7974],[10.5137,53.7979],[10.5038,53.789],[10.4814,53.7922],[10.4707,53.7814],[10.4739,53.7671],[10.4953,53.7572],[10.5362,53.7647],[10.533,53.7756],[10.5471,53.7823],[10.542,53.7923]]]},"properties":{"AGS":"01062083","GEN":"Westerau","SN_L":"01"}},
{"type":"Feature","geometry":{"type":"Polygon","coordinates":[[[10.5096,53.8906],[10.4961,53.8871],[10.4813,53.8746],[10.484,53.868],[10.4981,53.8594],[10.5167,53.859],[10.5306,53.8553],[10.55,53.8525],[10.5627,53.8581],[10.5538,53.8731],[10.5258,53.8749],[10.5096,53.8906]]]},"properties":{"AGS":"01062087","GEN":"Zarpen","SN_L":"01"}},
{"type":"Feature","geometry":{"type":"Polygon","coordinates":[[[10.4544,53.8566],[10.4556,53.8642],[10.4389,53.8688],[10.4327,53.8777],[10.4321,53.8774],[10.4281,53.8764],[10.4169,53.8746],[10.3954,53.8684],[10.3953,53.862],[10.4206,53.8454],[10.4148,53.8292],[10.4344,53.8166],[10.4488,53.8199],[10.4544,53.8566]]]},"properties":{"AGS":"01062093","GEN":"Feldhorst","SN_L":"01"}},
{"type":"Feature","geometry":{"type":"Polygon","coordinates":[[[10.55,53.8525],[10.5306,53.8553],[10.5171,53.8368],[10.5066,53.8303],[10.5111,53.8217],[10.5224,53.8107],[10.5377,53.8111],[10.5581,53.822],[10.5652,53.8345],[10.5601,53.8477],[10.55,53.8525]]]},"properties":{"AGS":"01062094","GEN":"Wesenberg","SN_L":"01"}},
{"type":"Feature","geometry":{"type":"Polygon","coordinates":[[[10.2317,53.6338],[10.2298,53.613],[10.2364,53.5988],[10.2416,53.5956],[10.2826,53.6138],[10.2476,53.6264],[10.2407,53.6335],[10.2317,53.6338]]]},"properties":{"AGS":"01062011","GEN":"Braak","SN_L":"01"}},
{"type":"Feature","geometry":{"type":"Polygon","coordinates":[[[10.3673,53.6772],[10.3172,53.6828],[10.2966,53.6532],[10.3065,53.6516],[10.3118,53.6335],[10.3493,53.636],[10.3435,53.6588],[10.3614,53.6635],[10.3673,53.6772]]]},"properties":{"AGS":"01062035","GEN":"Hoisdorf","SN_L":"01"}},
{"type":"Feature","geometry":{"type":"Polygon","coordinates":[[[10.3118,53.6335],[10.3065,53.6516],[10.2966,53.6532],[10.278,53.6409],[10.2574,53.6396],[10.2407,53.6335],[10.2476,53.6264],[10.2826,53.6138],[10.306,53.6163],[10.3118,53.6335]]]},"properties":{"AGS":"01062069","GEN":"Siek","SN_L":"01"}},
{"type":"Feature","geometry":{"type":"Polygon","coordinates":[[[10.2317,53.6338],[10.2218,53.6337],[10.2173,53.6261],[10.189,53.613],[10.2013,53.584],[10.2364,53.5988],[10.2298,53.613],[10.2317,53.6338]]]},"properties":{"AGS":"01062071","GEN":"Stapelfeld","SN_L":"01"}},
{"type":"Feature","geometry":{"type":"Polygon","coordinates":[[[10.306,53.6163],[10.2826,53.6138],[10.2416,53.5956],[10.2624,53.5887],[10.2783,53.569],[10.3064,53.58],[10.3075,53.5801],[10.298,53.5899],[10.3204,53.5991],[10.3036,53.6078],[10.306,53.6163]]]},"properties":{"AGS":"01062088","GEN":"Brunsbek","SN_L":"01"}},
{"type":"Feature","geometry":{"type":"Polygon","coordinates":[[[10.4002,53.5898],[10.358,53.6047],[10.3505,53.6021],[10.3458,53.5898],[10.3629,53.5727],[10.3694,53.5736],[10.3876,53.578],[10.4002,53.5898]]]},"properties":{"AGS":"01062020","GEN":"Grande","SN_L":"01"}},
{"type":"Feature","geometry":{"type":"Polygon","coordinates":[[[10.4097,53.6669],[10.39,53.6594],[10.3995,53.6472],[10.3883,53.6402],[10.3876,53.6305],[10.4145,53.6306],[10.4211,53.6365],[10.4456,53.6396],[10.4356,53.6459],[10.4378,53.6513],[10.4097,53.6669]]]},"properties":{"AGS":"01062021","GEN":"Grönwohld","SN_L":"01"}},
{"type":"Feature","geometry":{"type":"Polygon","coordinates":[[[10.3606,53.6294],[10.3493,53.636],[10.3118,53.6335],[10.306,53.6163],[10.3036,53.6078],[10.3204,53.5991],[10.3296,53.5965],[10.3505,53.6021],[10.358,53.6047],[10.364,53.6183],[10.3606,53.6294]]]},"properties":{"AGS":"01062022","GEN":"Großensee","SN_L":"01"}},
{"type":"Feature","geometry":{"type":"Polygon","coordinates":[[[10.4794,53.6014],[10.4653,53.6099],[10.4354,53.6055],[10.4447,53.6004],[10.4704,53.5968],[10.4809,53.5998],[10.4794,53.6014]]]},"properties":{"AGS":"01062026","GEN":"Hamfelde","SN_L":"01"}},
{"type":"Feature","geometry":{"type":"Polygon","coordinates":[[[10.4974,53.6308],[10.466,53.633],[10.471,53.624],[10.4864,53.6201],[10.4875,53.6205],[10.4965,53.6268],[10.4993,53.6285],[10.4974,53.6308]]]},"properties":{"AGS":"01062033","GEN":"Hohenfelde","SN_L":"01"}},
{"type":"Feature","geometry":{"type":"Polygon","coordinates":[[[10.5134,53.617],[10.4993,53.6285],[10.4965,53.6268],[10.4875,53.6205],[10.4864,53.6201],[10.483,53.6146],[10.48,53.6119],[10.4794,53.6014],[10.4809,53.5998],[10.4945,53.6024],[10.5134,53.617]]]},"properties":{"AGS":"01062040","GEN":"Köthel","SN_L":"01"}},
{"type":"Feature","geometry":{"type":"Polygon","coordinates":[[[10.4034,53.6738],[10.3718,53.6784],[10.3673,53.6772],[10.3614,53.6635],[10.3435,53.6588],[10.3493,53.636],[10.3606,53.6294],[10.3876,53.6305],[10.3883,53.6402],[10.3995,53.6472],[10.39,53.6594],[10.4097,53.6669],[10.4034,53.6738]]]},"properties":{"AGS":"01062045","GEN":"Lütjensee","SN_L":"01"}},
{"type":"Feature","geometry":{"type":"Polygon","coordinates":[[[10.3458,53.5898],[10.3505,53.6021],[10.3296,53.5965],[10.3204,53.5991],[10.298,53.5899],[10.3075,53.5801],[10.3351,53.5825],[10.3458,53.5898]]]},"properties":{"AGS":"01062058","GEN":"Rausdorf","SN_L":"01"}},
{"type":"Feature","geometry":{"type":"Polygon","coordinates":[[[10.466,53.633],[10.4456,53.6396],[10.4211,53.6365],[10.4145,53.6306],[10.3876,53.6305],[10.3606,53.6294],[10.364,53.6183],[10.358,53.6047],[10.4002,53.5898],[10.4182,53.5972],[10.4354,53.6055],[10.4653,53.6099],[10.4794,53.6014],[10.48,53.6119],[10.483,53.6146],[10.4864,53.6201],[10.471,53.624],[10.466,53.633]]]},"properties":{"AGS":"01062082","GEN":"Trittau","SN_L":"01"}},
{"type":"Feature","geometry":{"type":"Polygon","coordinates":[[[10.3629,53.5727],[10.3458,53.5898],[10.3351,53.5825],[10.3075,53.5801],[10.3064,53.58],[10.3145,53.5544],[10.3629,53.5727]]]},"properties":{"AGS":"01062086","GEN":"Witzhave","SN_L":"01"}},
{"type":"Feature","geometry":{"type":"Polygon","coordinates":[[[9.4829,54.8371],[9.4374,54.828],[9.4229,54.8232],[9.4343,54.8034],[9.4527,54.8075],[9.4673,54.8236],[9.4919,54.8226],[9.4829,54.8371]]]},"properties":{"AGS":"01001000","GEN":"Flensburg","SN_L":"01"}},
{"type":"Feature","geometry":{"type":"MultiPolygon","coordinates":[[[[10.1685,54.4328],[10.1756,54.4233],[10.1693,54.4328],[10.1685,54.4328]]],[[[10.1541,54.3689],[10.1906,54.3896],[10.1607,54.3847],[10.1668,54.3779],[10.1541,54.3689]]],[[[10.1521,54.3633],[10.1414,54.3539],[10.1578,54.3396],[10.1742,54.3457],[10.1521,54.3633]]]]},"properties":{"AGS":"01002000","GEN":"Kiel","SN_L":"01"}},
{"type":"Feature","geometry":{"type":"Polygon","coordinates":[[[10.8825,53.9696],[10.8888,53.9586],[10.9024,53.9567],[10.8825,53.9696]]]},"properties":{"AGS":"01003000","GEN":"Lübeck","SN_L":"01"}},
{"type":"Feature","geometry":{"type":"Polygon","coordinates":[[[9.1984,53.8894],[9.1267,53.8876],[9.0931,53.8883],[9.0417,53.8991],[9.0231,53.8979],[9.0199,53.8899],[9.0224,53.8795],[9.0524,53.8812],[9.1426,53.8775],[9.1998,53.8801],[9.1984,53.8894]]]},"properties":{"AGS":"01051011","GEN":"Brunsbüttel","SN_L":"01"}},
{"type":"Feature","geometry":{"type":"Polygon","coordinates":[[[8.8604,54.1195],[8.8633,54.1228],[8.8578,54.1231],[8.8585,54.1193],[8.8604,54.1195]]]},"properties":{"AGS":"01051013","GEN":"Büsum","SN_L":"01"}},
{"type":"Feature","geometry":{"type":"Polygon","coordinates":[[[9.0251,54.4722],[9.019,54.4747],[9.0178,54.4737],[9.0251,54.4722]]]},"properties":{"AGS":"01054056","GEN":"Husum","SN_L":"01"}},
{"type":"Feature","geometry":{"type":"Polygon","coordinates":[[[8.6495,54.3928],[8.6378,54.3911],[8.6408,54.3861],[8.6495,54.3928]]]},"properties":{"AGS":"01054150","GEN":"Westerhever","SN_L":"01"}},
{"type":"Feature","geometry":{"type":"Polygon","coordinates":[[[8.2971,54.746],[8.2805,54.7508],[8.2892,54.7412],[8.2971,54.746]]]},"properties":{"AGS":"01054046","GEN":"Hörnum (Sylt)","SN_L":"01"}},
{"type":"Feature","geometry":{"type":"Polygon","coordinates":[[[8.7363,54.6439],[8.718,54.6403],[8.7198,54.6394],[8.7363,54.6439]]]},"properties":{"AGS":"01054039","GEN":"Gröde","SN_L":"01"}},
{"type":"Feature","geometry":{"type":"Polygon","coordinates":[[[8.5353,54.6338],[8.5388,54.6329],[8.5388,54.6357],[8.5353,54.6338]]]},"properties":{"AGS":"01054074","GEN":"Langeneß","SN_L":"01"}},
{"type":"Feature","geometry":{"type":"Polygon","coordinates":[[[8.5342,54.7559],[8.5197,54.7553],[8.5147,54.7511],[8.5342,54.7559]]]},"properties":{"AGS":"01054083","GEN":"Midlum","SN_L":"01"}},
{"type":"Feature","geometry":{"type":"Polygon","coordinates":[[[8.327,54.693],[8.3462,54.7072],[8.3335,54.7003],[8.327,54.693]]]},"properties":{"AGS":"01054089","GEN":"Norddorf auf Amrum","SN_L":"01"}},
{"type":"Feature","geometry":{"type":"Polygon","coordinates":[[[8.3833,54.6299],[8.3842,54.6318],[8.3809,54.6322],[8.3833,54.6299]]]},"properties":{"AGS":"01054160","GEN":"Wittdün auf Amrum","SN_L":"01"}},
{"type":"Feature","geometry":{"type":"Polygon","coordinates":[[[8.5768,54.6925],[8.5794,54.6944],[8.5768,54.6962],[8.5768,54.6925]]]},"properties":{"AGS":"01054164","GEN":"Wyk auf Föhr","SN_L":"01"}},
{"type":"Feature","geometry":{"type":"Polygon","coordinates":[[[8.9208,54.4701],[8.9171,54.471],[8.916,54.4706],[8.9206,54.4695],[8.9208,54.4701]]]},"properties":{"AGS":"01054091","GEN":"Nordstrand","SN_L":"01"}},
{"type":"Feature","geometry":{"type":"Polygon","coordinates":[[[10.9432,54.133],[10.946,54.1317],[10.9501,54.1373],[10.9432,54.133]]]},"properties":{"AGS":"01055016","GEN":"Grömitz","SN_L":"01"}},
{"type":"Feature","geometry":{"type":"Polygon","coordinates":[[[11.0188,54.3764],[10.998,54.3752],[10.9862,54.3801],[10.9801,54.376],[10.9986,54.3696],[11.0072,54.3728],[11.0221,54.3678],[11.0188,54.3764]]]},"properties":{"AGS":"01055021","GEN":"Heiligenhafen","SN_L":"01"}},
{"type":"Feature","geometry":{"type":"Polygon","coordinates":[[[10.8147,54.093],[10.8007,54.0988],[10.8005,54.0927],[10.8067,54.0918],[10.8147,54.093]]]},"properties":{"AGS":"01055032","GEN":"Neustadt in Holstein","SN_L":"01"}},
{"type":"Feature","geometry":{"type":"Polygon","coordinates":[[[10.7602,54.0246],[10.769,54.0271],[10.7638,54.0336],[10.7557,54.0314],[10.7602,54.0246]]]},"properties":{"AGS":"01055044","GEN":"Scharbeutz","SN_L":"01"}},
{"type":"Feature","geometry":{"type":"MultiPolygon","coordinates":[[[[11.0974,54.4362],[11.0968,54.4411],[11.0913,54.4381],[11.0895,54.436],[11.0974,54.4362]]],[[[11.196,54.4075],[11.197,54.4199],[11.1731,54.4196],[11.1869,54.4088],[11.196,54.4075]]]]},"properties":{"AGS":"01055046","GEN":"Fehmarn","SN_L":"01"}},
{"type":"Feature","geometry":{"type":"Polygon","coordinates":[[[11.0851,54.355],[11.0599,54.3554],[11.076,54.3495],[11.0759,54.3421],[11.0851,54.355]]]},"properties":{"AGS":"01055017","GEN":"Großenbrode","SN_L":"01"}},
{"type":"Feature","geometry":{"type":"Polygon","coordinates":[[[11.0759,54.3421],[11.076,54.3495],[11.0599,54.3554],[11.0719,54.3422],[11.0759,54.3421]]]},"properties":{"AGS":"01055031","GEN":"Neukirchen","SN_L":"01"}},
{"type":"Feature","geometry":{"type":"Polygon","coordinates":[[[7.9066,54.1823],[7.9014,54.1874],[7.8839,54.1889],[7.8896,54.1723],[7.9077,54.1689],[7.9066,54.1823]]]},"properties":{"AGS":"01056025","GEN":"Helgoland","SN_L":"01"}},
{"type":"Feature","geometry":{"type":"Polygon","coordinates":[[[9.7344,53.5652],[9.6736,53.5717],[9.6457,53.588],[9.6334,53.5825],[9.6758,53.5647],[9.6916,53.5616],[9.6996,53.56],[9.7163,53.5585],[9.7303,53.558],[9.7344,53.5652]]]},"properties":{"AGS":"01056050","GEN":"Wedel","SN_L":"01"}},
{"type":"Feature","geometry":{"type":"MultiPolygon","coordinates":[[[[9.512,53.6853],[9.4961,53.7097],[9.4859,53.7077],[9.5078,53.6912],[9.512,53.6853]]],[[[9.5176,53.7139],[9.5004,53.7105],[9.5161,53.7039],[9.5301,53.6752],[9.5485,53.6748],[9.5262,53.7067],[9.5176,53.7139]]]]},"properties":{"AGS":"01056045","GEN":"Seestermühe","SN_L":"01"}},
{"type":"Feature","geometry":{"type":"Polygon","coordinates":[[[9.561,53.6406],[9.5512,53.6519],[9.5485,53.6748],[9.5301,53.6752],[9.5268,53.6644],[9.5368,53.6306],[9.5471,53.6349],[9.5541,53.6377],[9.5551,53.6383],[9.5567,53.6388],[9.561,53.6406]]]},"properties":{"AGS":"01056019","GEN":"Haselau","SN_L":"01"}},
{"type":"Feature","geometry":{"type":"Polygon","coordinates":[[[9.5713,53.6336],[9.561,53.6406],[9.5567,53.6388],[9.5551,53.6383],[9.5541,53.6377],[9.5471,53.6349],[9.5368,53.6306],[9.5506,53.616],[9.5917,53.5971],[9.6157,53.5887],[9.6334,53.5825],[9.6457,53.588],[9.6146,53.596],[9.5938,53.6064],[9.5555,53.6207],[9.5713,53.6336]]]},"properties":{"AGS":"01056027","GEN":"Hetlingen","SN_L":"01"}},
{"type":"Feature","geometry":{"type":"Polygon","coordinates":[[[10.2119,54.3969],[10.2176,54.4053],[10.2089,54.4],[10.2119,54.3969]]]},"properties":{"AGS":"01057043","GEN":"Laboe","SN_L":"01"}},
{"type":"Feature","geometry":{"type":"Polygon","coordinates":[[[10.2782,54.4201],[10.2761,54.4215],[10.2757,54.4196],[10.2803,54.4184],[10.2782,54.4201]]]},"properties":{"AGS":"01057079","GEN":"Stein","SN_L":"01"}},
{"type":"Feature","geometry":{"type":"Polygon","coordinates":[[[10.2803,54.4184],[10.2898,54.4195],[10.2883,54.4245],[10.2782,54.4201],[10.2803,54.4184]]]},"properties":{"AGS":"01057087","GEN":"Wendtorf","SN_L":"01"}},
{"type":"Feature","geometry":{"type":"Polygon","coordinates":[[[9.8758,54.4757],[9.8618,54.4727],[9.8443,54.4765],[9.8438,54.4612],[9.8642,54.4485],[9.8554,54.4563],[9.8625,54.4696],[9.8758,54.4757]]]},"properties":{"AGS":"01058043","GEN":"Eckernförde","SN_L":"01"}},
{"type":"Feature","geometry":{"type":"Polygon","coordinates":[[[9.9232,54.4597],[9.9245,54.4572],[9.9323,54.4609],[9.9231,54.4602],[9.9232,54.4597]]]},"properties":{"AGS":"01058004","GEN":"Altenhof","SN_L":"01"}},
{"type":"Feature","geometry":{"type":"Polygon","coordinates":[[[10.0277,54.5815],[10.0275,54.5838],[10.0256,54.5823],[10.0277,54.5815]]]},"properties":{"AGS":"01058040","GEN":"Damp","SN_L":"01"}},
{"type":"Feature","geometry":{"type":"Polygon","coordinates":[[[9.7085,54.4917],[9.7109,54.4936],[9.6929,54.4964],[9.6967,54.4901],[9.7085,54.4917]]]},"properties":{"AGS":"01058052","GEN":"Fleckeby","SN_L":"01"}},
{"type":"Feature","geometry":{"type":"Polygon","coordinates":[[[9.6929,54.4964],[9.6731,54.5153],[9.6751,54.4961],[9.6967,54.4901],[9.6929,54.4964]]]},"properties":{"AGS":"01058067","GEN":"Güby","SN_L":"01"}},
{"type":"Feature","geometry":{"type":"Polygon","coordinates":[[[9.7109,54.4936],[9.7093,54.5075],[9.7008,54.5144],[9.7378,54.525],[9.7425,54.5299],[9.7488,54.5465],[9.7627,54.5507],[9.7554,54.5518],[9.7429,54.5448],[9.7412,54.5403],[9.7334,54.5299],[9.7213,54.53],[9.7141,54.5187],[9.6932,54.5225],[9.6731,54.5153],[9.6929,54.4964],[9.7109,54.4936]]]},"properties":{"AGS":"01058090","GEN":"Kosel","SN_L":"01"}},
{"type":"Feature","geometry":{"type":"Polygon","coordinates":[[[9.827,54.5863],[9.8082,54.5756],[9.7609,54.5573],[9.7554,54.5518],[9.7627,54.5507],[9.8025,54.5666],[9.8237,54.5834],[9.8308,54.5829],[9.827,54.5863]]]},"properties":{"AGS":"01058137","GEN":"Rieseby","SN_L":"01"}},
{"type":"Feature","geometry":{"type":"Polygon","coordinates":[[[9.8308,54.5829],[9.8617,54.596],[9.8779,54.5986],[9.9045,54.6138],[9.8987,54.6177],[9.8924,54.6141],[9.8738,54.6035],[9.8488,54.5963],[9.827,54.5863],[9.8308,54.5829]]]},"properties":{"AGS":"01058162","GEN":"Thumby","SN_L":"01"}},
{"type":"Feature","geometry":{"type":"Polygon","coordinates":[[[9.9045,54.6138],[9.939,54.6257],[9.943,54.6366],[9.9369,54.6372],[9.9392,54.6336],[9.9297,54.6255],[9.9065,54.6203],[9.8987,54.6177],[9.9045,54.6138]]]},"properties":{"AGS":"01058174","GEN":"Winnemark","SN_L":"01"}},
{"type":"Feature","geometry":{"type":"Polygon","coordinates":[[[10.0337,54.6723],[10.0301,54.6852],[9.9824,54.6777],[9.9422,54.6738],[9.9329,54.6461],[9.9369,54.6372],[9.943,54.6366],[9.9452,54.6367],[9.938,54.6454],[9.9381,54.6607],[9.9484,54.674],[9.9769,54.6738],[9.9973,54.6664],[10.0302,54.664],[10.0352,54.6704],[10.0337,54.6723]]]},"properties":{"AGS":"01059045","GEN":"Kappeln","SN_L":"01"}},
{"type":"Feature","geometry":{"type":"Polygon","coordinates":[[[9.6159,54.5161],[9.6052,54.5268],[9.6049,54.5206],[9.5867,54.5121],[9.5497,54.5115],[9.5541,54.504],[9.5812,54.5019],[9.5919,54.5046],[9.602,54.5138],[9.6159,54.5161]]]},"properties":{"AGS":"01059075","GEN":"Schleswig","SN_L":"01"}},
{"type":"Feature","geometry":{"type":"Polygon","coordinates":[[[9.6259,54.8497],[9.6046,54.8546],[9.628,54.8797],[9.5844,54.8861],[9.4976,54.8411],[9.4829,54.8371],[9.4919,54.8226],[9.5167,54.8389],[9.5638,54.8544],[9.5737,54.8637],[9.6014,54.8683],[9.5899,54.8457],[9.6044,54.8308],[9.6259,54.8497]]]},"properties":{"AGS":"01059113","GEN":"Glücksburg (Ostsee)","SN_L":"01"}},
{"type":"Feature","geometry":{"type":"Polygon","coordinates":[[[9.4374,54.828],[9.4204,54.8319],[9.4229,54.8232],[9.4374,54.828]]]},"properties":{"AGS":"01059120","GEN":"Harrislee","SN_L":"01"}},
{"type":"Feature","geometry":{"type":"Polygon","coordinates":[[[9.6751,54.4961],[9.6731,54.5153],[9.629,54.5142],[9.6288,54.5121],[9.664,54.5072],[9.6751,54.4961]]]},"properties":{"AGS":"01059012","GEN":"Borgwedel","SN_L":"01"}},
{"type":"Feature","geometry":{"type":"Polygon","coordinates":[[[9.5919,54.5046],[9.6288,54.5121],[9.629,54.5142],[9.6159,54.5161],[9.602,54.5138],[9.5919,54.5046]]]},"properties":{"AGS":"01059026","GEN":"Fahrdorf","SN_L":"01"}},
{"type":"Feature","geometry":{"type":"Polygon","coordinates":[[[9.9297,54.6255],[9.9392,54.6336],[9.9365,54.6337],[9.9284,54.6273],[9.9297,54.6255]]]},"properties":{"AGS":"01059002","GEN":"Arnis","SN_L":"01"}},
{"type":"Feature","geometry":{"type":"MultiPolygon","coordinates":[[[[9.9392,54.6336],[9.9369,54.6372],[9.9329,54.6461],[9.9318,54.6316],[9.9365,54.6337],[9.9392,54.6336]]],[[[9.9284,54.6273],[9.9015,54.6257],[9.9065,54.6203],[9.9297,54.6255],[9.9284,54.6273]]]]},"properties":{"AGS":"01059034","GEN":"Grödersby","SN_L":"01"}},
{"type":"Feature","geometry":{"type":"Polygon","coordinates":[[[9.8924,54.6141],[9.8987,54.6177],[9.9065,54.6203],[9.9015,54.6257],[9.8847,54.6186],[9.8924,54.6141]]]},"properties":{"AGS":"01059068","GEN":"Rabenkirchen-Faulück","SN_L":"01"}},
{"type":"Feature","geometry":{"type":"Polygon","coordinates":[[[9.6769,54.8379],[9.6503,54.8441],[9.6336,54.8284],[9.6531,54.8209],[9.6656,54.822],[9.6769,54.8379]]]},"properties":{"AGS":"01059137","GEN":"Langballig","SN_L":"01"}},
{"type":"Feature","geometry":{"type":"Polygon","coordinates":[[[9.6503,54.8441],[9.6259,54.8497],[9.6044,54.8308],[9.6336,54.8284],[9.6503,54.8441]]]},"properties":{"AGS":"01059145","GEN":"Munkbrarup","SN_L":"01"}},
{"type":"Feature","geometry":{"type":"Polygon","coordinates":[[[9.7329,54.8249],[9.6769,54.8379],[9.6656,54.822],[9.7102,54.8089],[9.7275,54.8067],[9.7329,54.8249]]]},"properties":{"AGS":"01059178","GEN":"Westerholz","SN_L":"01"}},
{"type":"Feature","geometry":{"type":"Polygon","coordinates":[[[9.7979,54.5777],[9.7723,54.5761],[9.7675,54.5643],[9.7533,54.5576],[9.7384,54.5425],[9.7412,54.5403],[9.7429,54.5448],[9.7554,54.5518],[9.7609,54.5573],[9.8082,54.5756],[9.804,54.5782],[9.7979,54.5777]]]},"properties":{"AGS":"01059094","GEN":"Ulsnis","SN_L":"01"}},
{"type":"Feature","geometry":{"type":"Polygon","coordinates":[[[9.827,54.5863],[9.8488,54.5963],[9.8738,54.6035],[9.8924,54.6141],[9.8847,54.6186],[9.8767,54.6096],[9.8594,54.6022],[9.8333,54.5972],[9.819,54.5837],[9.804,54.5782],[9.8082,54.5756],[9.827,54.5863]]]},"properties":{"AGS":"01059187","GEN":"Boren","SN_L":"01"}},
{"type":"Feature","geometry":{"type":"Polygon","coordinates":[[[9.6708,54.525],[9.6369,54.5202],[9.6268,54.5309],[9.6052,54.5268],[9.6159,54.5161],[9.629,54.5142],[9.6731,54.5153],[9.6708,54.525]]]},"properties":{"AGS":"01059073","GEN":"Schaalby","SN_L":"01"}},
{"type":"Feature","geometry":{"type":"Polygon","coordinates":[[[9.7412,54.5403],[9.7384,54.5425],[9.7349,54.5323],[9.7197,54.5306],[9.7128,54.5204],[9.6972,54.5274],[9.6725,54.5252],[9.6708,54.525],[9.6731,54.5153],[9.6932,54.5225],[9.7141,54.5187],[9.7213,54.53],[9.7334,54.5299],[9.7412,54.5403]]]},"properties":{"AGS":"01059189","GEN":"Brodersby-Goltoft","SN_L":"01"}},
{"type":"Feature","geometry":{"type":"Polygon","coordinates":[[[9.9067,54.7688],[9.8998,54.7732],[9.894,54.7709],[9.9067,54.7688]]]},"properties":{"AGS":"01059112","GEN":"Gelting","SN_L":"01"}},
{"type":"Feature","geometry":{"type":"Polygon","coordinates":[[[10.0301,54.6852],[10.0158,54.693],[10.0019,54.6882],[9.9828,54.7006],[9.9824,54.6777],[10.0301,54.6852]]]},"properties":{"AGS":"01059142","GEN":"Maasholm","SN_L":"01"}},
{"type":"Feature","geometry":{"type":"Polygon","coordinates":[[[9.8636,54.7536],[9.8644,54.7546],[9.8593,54.7544],[9.8636,54.7536]]]},"properties":{"AGS":"01059148","GEN":"Niesgrau","SN_L":"01"}},
{"type":"Feature","geometry":{"type":"Polygon","coordinates":[[[9.9824,54.6777],[9.9828,54.7006],[9.9626,54.6788],[9.9422,54.6738],[9.9824,54.6777]]]},"properties":{"AGS":"01059154","GEN":"Rabel","SN_L":"01"}},
{"type":"Feature","geometry":{"type":"Polygon","coordinates":[[[9.7686,54.7972],[9.7909,54.798],[9.7467,54.8241],[9.7411,54.8234],[9.7686,54.7972]]]},"properties":{"AGS":"01059164","GEN":"Steinberg","SN_L":"01"}},
{"type":"Feature","geometry":{"type":"Polygon","coordinates":[[[9.7329,54.8249],[9.7275,54.8067],[9.7686,54.7972],[9.7411,54.8234],[9.7329,54.8249]]]},"properties":{"AGS":"01059186","GEN":"Steinbergkirche","SN_L":"01"}},
{"type":"Feature","geometry":{"type":"Polygon","coordinates":[[[9.4389,53.7465],[9.4282,53.7531],[9.4227,53.7692],[9.4085,53.7854],[9.4105,53.7918],[9.3989,53.8123],[9.3706,53.8047],[9.377,53.7965],[9.4226,53.7407],[9.4389,53.7465]]]},"properties":{"AGS":"01061029","GEN":"Glückstadt","SN_L":"01"}},
{"type":"Feature","geometry":{"type":"Polygon","coordinates":[[[9.3706,53.8047],[9.3989,53.8123],[9.4017,53.8242],[9.3676,53.8086],[9.3706,53.8047]]]},"properties":{"AGS":"01061015","GEN":"Borsfleth","SN_L":"01"}},
{"type":"Feature","geometry":{"type":"Polygon","coordinates":[[[9.5176,53.7139],[9.5044,53.7195],[9.4859,53.7077],[9.4961,53.7097],[9.5004,53.7105],[9.5176,53.7139]]]},"properties":{"AGS":"01061074","GEN":"Neuendorf b.Elmshorn","SN_L":"01"}},
{"type":"Feature","geometry":{"type":"Polygon","coordinates":[[[9.4859,53.7077],[9.5044,53.7195],[9.4591,53.7312],[9.4389,53.7465],[9.4226,53.7407],[9.4471,53.7246],[9.4859,53.7077]]]},"properties":{"AGS":"01061118","GEN":"Kollmar","SN_L":"01"}},
{"type":"Feature","geometry":{"type":"Polygon","coordinates":[[[9.3312,53.8397],[9.3457,53.8454],[9.3272,53.8602],[9.2745,53.8764],[9.2573,53.8716],[9.2727,53.8677],[9.3195,53.8508],[9.3312,53.8397]]]},"properties":{"AGS":"01061018","GEN":"Brokdorf","SN_L":"01"}},
{"type":"Feature","geometry":{"type":"Polygon","coordinates":[[[9.2313,53.8862],[9.1984,53.8894],[9.1998,53.8801],[9.2306,53.8778],[9.2313,53.8862]]]},"properties":{"AGS":"01061020","GEN":"Büttel","SN_L":"01"}},
{"type":"Feature","geometry":{"type":"Polygon","coordinates":[[[9.2745,53.8764],[9.2313,53.8862],[9.2306,53.8778],[9.2573,53.8716],[9.2745,53.8764]]]},"properties":{"AGS":"01061095","GEN":"Sankt Margarethen","SN_L":"01"}},
{"type":"Feature","geometry":{"type":"Polygon","coordinates":[[[9.3457,53.8454],[9.3312,53.8397],[9.34,53.8317],[9.3676,53.8086],[9.4017,53.8242],[9.3544,53.8387],[9.3457,53.8454]]]},"properties":{"AGS":"01061110","GEN":"Wewelsfleth","SN_L":"01"}}
]}