{"type":"FeatureCollection", "features": [
{"type":"Feature","geometry":{"type":"Polygon","coordinates":[[[6.8052,51.3488],[6.7942,51.3502],[6.7808,51.3426],[6.7528,51.3501],[6.7415,51.35],[6.7149,51.3332],[6.734,51.3175],[6.7257,51.2968],[6.7022,51.2733],[6.7101,51.2628],[6.727,51.2565],[6.7087,51.24],[6.6949,51.2347],[6.6927,51.225],[6.7182,51.2242],[6.7303,51.2086],[6.7301,51.1917],[6.7422,51.1817],[6.7775,51.1854],[6.7941,51.1799],[6.7979,51.172],[6.7929,51.1519],[6.7976,51.1453],[6.8153,51.1442],[6.8363,51.1609],[6.8551,51.16],[6.8491,51.1343],[6.856,51.1262],[6.8926,51.1306],[6.9075,51.1272],[6.9184,51.1302],[6.9235,51.1407],[6.9,51.1516],[6.8955,51.1737],[6.9125,51.1781],[6.9104,51.1873],[6.9223,51.1935],[6.9038,51.2031],[6.9106,51.211],[6.8775,51.2154],[6.8721,51.2218],[6.8736,51.2406],[6.8994,51.2371],[6.9083,51.2421],[6.9312,51.2382],[6.9337,51.2484],[6.9277,51.265],[6.9356,51.276],[6.9174,51.2742],[6.9039,51.2651],[6.8776,51.2682],[6.8514,51.276],[6.8248,51.2757],[6.8022,51.2785],[6.8009,51.3005],[6.8175,51.321],[6.8025,51.3284],[6.8052,51.3488]]]},"properties":{"AGS":"05111000","GEN":"Düsseldorf","SN_L":"05"}},
{"type":"Feature","geometry":{"type":"Polygon","coordinates":[[[6.784,51.5332],[6.7613,51.5329],[6.7197,51.5513],[6.7073,51.5508],[6.6865,51.5602],[6.6769,51.5374],[6.6997,51.5244],[6.6709,51.5116],[6.6378,51.5094],[6.629,51.5036],[6.6387,51.4938],[6.6644,51.4819],[6.6704,51.4591],[6.6779,51.45],[6.6672,51.4384],[6.6631,51.4083],[6.6295,51.4194],[6.6256,51.4111],[6.6402,51.3985],[6.6357,51.393],[6.6371,51.3858],[6.6563,51.3811],[6.6749,51.3698],[6.6578,51.3634],[6.6592,51.3494],[6.7062,51.3367],[6.7149,51.3332],[6.7415,51.35],[6.7528,51.3501],[6.7808,51.3426],[6.7942,51.3502],[6.8052,51.3488],[6.8305,51.3523],[6.8162,51.3688],[6.8157,51.3931],[6.8189,51.4393],[6.81,51.4553],[6.8183,51.4679],[6.8097,51.4744],[6.8216,51.4859],[6.8197,51.5069],[6.789,51.5168],[6.7797,51.5239],[6.784,51.5332]]]},"properties":{"AGS":"05112000","GEN":"Duisburg","SN_L":"05"}},
{"type":"Feature","geometry":{"type":"Polygon","coordinates":[[[7.1042,51.4813],[7.0711,51.485],[7.0503,51.5113],[7.0207,51.5181],[7.0102,51.5327],[6.9987,51.5337],[6.9942,51.5217],[6.9783,51.505],[6.9284,51.498],[6.9124,51.4881],[6.9001,51.4872],[6.8999,51.4713],[6.9172,51.4625],[6.9196,51.4501],[6.9505,51.4487],[6.9587,51.4401],[6.9541,51.4235],[6.9438,51.4146],[6.9411,51.3883],[6.9101,51.378],[6.9037,51.3674],[6.9242,51.3569],[6.9272,51.3474],[6.9493,51.351],[6.9642,51.3477],[6.9773,51.3559],[7.0036,51.3577],[7.021,51.3655],[7.0359,51.3619],[7.0548,51.3633],[7.0801,51.3746],[7.0901,51.3689],[7.1177,51.3803],[7.1184,51.3942],[7.112,51.4006],[7.1344,51.4171],[7.136,51.426],[7.1229,51.4345],[7.1333,51.4418],[7.1096,51.4629],[7.1139,51.4717],[7.1042,51.4813]]]},"properties":{"AGS":"05113000","GEN":"Essen","SN_L":"05"}},
{"type":"Feature","geometry":{"type":"Polygon","coordinates":[[[6.5809,51.3941],[6.559,51.3899],[6.5484,51.3929],[6.537,51.4063],[6.5119,51.3981],[6.4919,51.4018],[6.4816,51.3979],[6.4779,51.3865],[6.4921,51.3623],[6.4869,51.347],[6.5145,51.3349],[6.5119,51.3102],[6.492,51.3005],[6.5001,51.2888],[6.5346,51.2903],[6.5855,51.2868],[6.6217,51.2911],[6.6224,51.3086],[6.6529,51.3095],[6.676,51.321],[6.6994,51.327],[6.7062,51.3367],[6.6592,51.3494],[6.6578,51.3634],[6.6749,51.3698],[6.6563,51.3811],[6.6371,51.3858],[6.6357,51.393],[6.6162,51.3958],[6.5809,51.3941]]]},"properties":{"AGS":"05114000","GEN":"Krefeld","SN_L":"05"}},
{"type":"Feature","geometry":{"type":"Polygon","coordinates":[[[6.5221,51.2257],[6.5019,51.235],[6.4781,51.2358],[6.458,51.2478],[6.4433,51.235],[6.4204,51.221],[6.3709,51.2175],[6.3597,51.229],[6.3305,51.2245],[6.3305,51.2165],[6.3304,51.2062],[6.3158,51.198],[6.3148,51.1792],[6.2911,51.1756],[6.3059,51.1652],[6.3019,51.1525],[6.3195,51.1498],[6.3324,51.1356],[6.3544,51.1266],[6.3484,51.1197],[6.3511,51.1049],[6.3604,51.0955],[6.3866,51.0976],[6.4046,51.0881],[6.4318,51.0865],[6.444,51.0898],[6.4373,51.1051],[6.4637,51.1174],[6.4665,51.1303],[6.4789,51.1452],[6.4927,51.1502],[6.5341,51.1451],[6.5264,51.1714],[6.5162,51.1825],[6.4913,51.1707],[6.4799,51.1763],[6.4936,51.1928],[6.4878,51.2104],[6.4891,51.2276],[6.5221,51.2257]]]},"properties":{"AGS":"05116000","GEN":"Mönchengladbach","SN_L":"05"}},
{"type":"Feature","geometry":{"type":"Polygon","coordinates":[[[6.9037,51.3674],[6.9101,51.378],[6.9411,51.3883],[6.9438,51.4146],[6.9541,51.4235],[6.9587,51.4401],[6.9505,51.4487],[6.9196,51.4501],[6.9172,51.4625],[6.8999,51.4713],[6.8691,51.4577],[6.846,51.4581],[6.8272,51.4489],[6.81,51.4553],[6.8189,51.4393],[6.8157,51.3931],[6.8162,51.3688],[6.8305,51.3523],[6.85,51.3605],[6.9037,51.3674]]]},"properties":{"AGS":"05117000","GEN":"Mülheim an der Ruhr","SN_L":"05"}},
{"type":"Feature","geometry":{"type":"Polygon","coordinates":[[[6.9284,51.498],[6.9096,51.5031],[6.8939,51.5164],[6.8852,51.5362],[6.8686,51.5525],[6.8673,51.5638],[6.8332,51.5796],[6.8166,51.5742],[6.8218,51.5653],[6.805,51.5603],[6.7819,51.5444],[6.784,51.5332],[6.7797,51.5239],[6.789,51.5168],[6.8197,51.5069],[6.8216,51.4859],[6.8097,51.4744],[6.8183,51.4679],[6.81,51.4553],[6.8272,51.4489],[6.846,51.4581],[6.8691,51.4577],[6.8999,51.4713],[6.9001,51.4872],[6.9124,51.4881],[6.9284,51.498]]]},"properties":{"AGS":"05119000","GEN":"Oberhausen","SN_L":"05"}},
{"type":"Feature","geometry":{"type":"Polygon","coordinates":[[[7.2958,51.2054],[7.2897,51.2099],[7.2656,51.209],[7.253,51.2222],[7.2336,51.2254],[7.2036,51.2119],[7.1942,51.2162],[7.1632,51.2089],[7.1521,51.1937],[7.1423,51.1891],[7.1523,51.1749],[7.1361,51.1664],[7.1356,51.1505],[7.1449,51.1433],[7.1664,51.1539],[7.185,51.1559],[7.1976,51.1516],[7.2179,51.1603],[7.2549,51.1568],[7.2682,51.1457],[7.2875,51.144],[7.2972,51.151],[7.2943,51.1623],[7.3054,51.1796],[7.2958,51.2054]]]},"properties":{"AGS":"05120000","GEN":"Remscheid","SN_L":"05"}},
{"type":"Feature","geometry":{"type":"Polygon","coordinates":[[[7.1361,51.1664],[7.114,51.1839],[7.106,51.1966],[7.1074,51.2112],[7.0925,51.2203],[7.0668,51.2173],[7.0469,51.2075],[7.036,51.195],[7.0138,51.1818],[6.9859,51.1721],[6.9824,51.1654],[6.9609,51.164],[6.9511,51.147],[6.9712,51.1493],[6.9961,51.1442],[6.9977,51.118],[7.0231,51.1296],[7.0458,51.1312],[7.0593,51.1242],[7.0774,51.1281],[7.0835,51.1381],[7.111,51.1367],[7.1194,51.1227],[7.1308,51.1182],[7.1563,51.1217],[7.1594,51.1335],[7.1698,51.1391],[7.1664,51.1539],[7.1449,51.1433],[7.1356,51.1505],[7.1361,51.1664]]]},"properties":{"AGS":"05122000","GEN":"Solingen","SN_L":"05"}},
{"type":"Feature","geometry":{"type":"Polygon","coordinates":[[[7.2624,51.3043],[7.2563,51.3169],[7.1903,51.2951],[7.1747,51.3011],[7.1754,51.3098],[7.1673,51.3129],[7.1447,51.3066],[7.1315,51.3072],[7.1041,51.301],[7.0967,51.294],[7.0971,51.2836],[7.0822,51.28],[7.0762,51.2701],[7.058,51.256],[7.0424,51.2547],[7.022,51.2423],[7.0381,51.2356],[7.0449,51.2263],[7.0359,51.2154],[7.0469,51.2075],[7.0668,51.2173],[7.0925,51.2203],[7.1074,51.2112],[7.106,51.1966],[7.114,51.1839],[7.1361,51.1664],[7.1523,51.1749],[7.1423,51.1891],[7.1521,51.1937],[7.1632,51.2089],[7.1942,51.2162],[7.2036,51.2119],[7.2336,51.2254],[7.253,51.2222],[7.2656,51.209],[7.2897,51.2099],[7.2958,51.2054],[7.2955,51.2207],[7.3108,51.2311],[7.3067,51.2389],[7.3007,51.2516],[7.2857,51.2496],[7.2673,51.2614],[7.2752,51.2775],[7.2539,51.2882],[7.2624,51.3043]]]},"properties":{"AGS":"05124000","GEN":"Wuppertal","SN_L":"05"}},
{"type":"Feature","geometry":{"type":"Polygon","coordinates":[[[6.2522,51.7156],[6.2626,51.7252],[6.2618,51.7394],[6.2709,51.7494],[6.2637,51.7725],[6.2459,51.7827],[6.2444,51.7958],[6.236,51.7995],[6.2328,51.8094],[6.2184,51.8113],[6.2012,51.7897],[6.1806,51.7904],[6.1603,51.7662],[6.1243,51.7682],[6.1173,51.7589],[6.1157,51.7418],[6.1563,51.7316],[6.1565,51.7492],[6.1916,51.7421],[6.2156,51.7128],[6.2522,51.7156]]]},"properties":{"AGS":"05154004","GEN":"Bedburg-Hau","SN_L":"05"}},
{"type":"Feature","geometry":{"type":"Polygon","coordinates":[[[6.3895,51.8333],[6.3629,51.8362],[6.3578,51.8473],[6.3468,51.8506],[6.3066,51.8492],[6.2957,51.8683],[6.2712,51.8745],[6.2618,51.8681],[6.2341,51.8701],[6.2154,51.8678],[6.1959,51.8746],[6.1819,51.8859],[6.1858,51.8927],[6.1572,51.9052],[6.1085,51.8942],[6.1374,51.8856],[6.1445,51.8699],[6.1665,51.8614],[6.1664,51.8408],[6.1984,51.8302],[6.2388,51.8278],[6.2608,51.8236],[6.3024,51.8054],[6.3457,51.8153],[6.3895,51.8333]]]},"properties":{"AGS":"05154008","GEN":"Emmerich am Rhein","SN_L":"05"}},
{"type":"Feature","geometry":{"type":"Polygon","coordinates":[[[6.3692,51.5731],[6.3374,51.5612],[6.3165,51.5439],[6.2589,51.5374],[6.2433,51.5473],[6.2157,51.5406],[6.2007,51.5266],[6.2121,51.5134],[6.2128,51.4923],[6.2192,51.484],[6.2466,51.4879],[6.2648,51.4834],[6.2877,51.4689],[6.2988,51.4811],[6.3162,51.4817],[6.3437,51.4883],[6.3618,51.4844],[6.4,51.4823],[6.3914,51.4893],[6.3918,51.5203],[6.3995,51.5245],[6.3789,51.5362],[6.4172,51.5553],[6.4144,51.5651],[6.4021,51.5605],[6.3774,51.5661],[6.3692,51.5731]]]},"properties":{"AGS":"05154012","GEN":"Geldern","SN_L":"05"}},
{"type":"Feature","geometry":{"type":"Polygon","coordinates":[[[6.2156,51.7128],[6.1916,51.7421],[6.1565,51.7492],[6.1563,51.7316],[6.1157,51.7418],[6.1052,51.7445],[6.097,51.7319],[6.0462,51.7448],[6.0322,51.7238],[6.0262,51.7087],[6.0318,51.6923],[6.0298,51.6782],[6.0369,51.6728],[6.088,51.6598],[6.1182,51.6561],[6.1095,51.6468],[6.0943,51.6162],[6.1104,51.6137],[6.1357,51.6363],[6.1566,51.6476],[6.1886,51.6773],[6.2121,51.6753],[6.2294,51.6939],[6.2156,51.7128]]]},"properties":{"AGS":"05154016","GEN":"Goch","SN_L":"05"}},
{"type":"Feature","geometry":{"type":"Polygon","coordinates":[[[6.4304,51.5725],[6.4144,51.5651],[6.4172,51.5553],[6.3789,51.5362],[6.3995,51.5245],[6.3918,51.5203],[6.3914,51.4893],[6.4,51.4823],[6.4202,51.4659],[6.4312,51.4723],[6.4635,51.4774],[6.4751,51.4863],[6.4736,51.4953],[6.455,51.508],[6.449,51.5193],[6.4553,51.5296],[6.469,51.5222],[6.4871,51.5384],[6.4643,51.5511],[6.4987,51.5671],[6.4723,51.5675],[6.4304,51.5725]]]},"properties":{"AGS":"05154020","GEN":"Issum","SN_L":"05"}},
{"type":"Feature","geometry":{"type":"Polygon","coordinates":[[[6.4025,51.7551],[6.3664,51.7535],[6.3425,51.7581],[6.329,51.769],[6.3221,51.7865],[6.3024,51.8054],[6.2608,51.8236],[6.2388,51.8278],[6.2417,51.8222],[6.2362,51.8052],[6.2444,51.7958],[6.2459,51.7827],[6.2637,51.7725],[6.2709,51.7494],[6.2618,51.7394],[6.2626,51.7252],[6.2522,51.7156],[6.2749,51.714],[6.2902,51.7004],[6.3156,51.6904],[6.3432,51.6873],[6.3584,51.6948],[6.355,51.6997],[6.3823,51.7131],[6.3959,51.732],[6.4113,51.7412],[6.4025,51.7551]]]},"properties":{"AGS":"05154024","GEN":"Kalkar","SN_L":"05"}},
{"type":"Feature","geometry":{"type":"Polygon","coordinates":[[[6.4,51.4823],[6.3618,51.4844],[6.3437,51.4883],[6.3162,51.4817],[6.3234,51.462],[6.321,51.4458],[6.3461,51.4406],[6.3722,51.4179],[6.3966,51.4104],[6.4012,51.4136],[6.4618,51.4057],[6.472,51.4194],[6.4714,51.428],[6.4494,51.4328],[6.4526,51.4402],[6.4189,51.4603],[6.4202,51.4659],[6.4,51.4823]]]},"properties":{"AGS":"05154028","GEN":"Kerken","SN_L":"05"}},
{"type":"Feature","geometry":{"type":"Polygon","coordinates":[[[6.2988,51.6429],[6.2796,51.6398],[6.2556,51.6534],[6.2402,51.6394],[6.2552,51.6293],[6.2435,51.6141],[6.2432,51.6019],[6.2112,51.597],[6.1926,51.5864],[6.1897,51.5697],[6.1709,51.5608],[6.157,51.5667],[6.177,51.5387],[6.2007,51.5266],[6.2157,51.5406],[6.2433,51.5473],[6.2589,51.5374],[6.3165,51.5439],[6.3374,51.5612],[6.3692,51.5731],[6.3789,51.5773],[6.3741,51.5892],[6.3473,51.6042],[6.3331,51.5978],[6.3217,51.6036],[6.3343,51.6113],[6.3009,51.6215],[6.2988,51.6429]]]},"properties":{"AGS":"05154032","GEN":"Kevelaer","SN_L":"05"}},
{"type":"Feature","geometry":{"type":"Polygon","coordinates":[[[6.1664,51.8408],[6.1436,51.8461],[6.0934,51.8509],[6.0634,51.8654],[6.0553,51.8526],[6.0368,51.8441],[6.0484,51.8264],[6.0757,51.8261],[6.0883,51.8161],[6.0799,51.7971],[6.0893,51.7948],[6.0694,51.7777],[6.0462,51.7448],[6.097,51.7319],[6.1052,51.7445],[6.1157,51.7418],[6.1173,51.7589],[6.1243,51.7682],[6.1603,51.7662],[6.1806,51.7904],[6.2012,51.7897],[6.2184,51.8113],[6.2328,51.8094],[6.236,51.7995],[6.2444,51.7958],[6.2362,51.8052],[6.2417,51.8222],[6.2388,51.8278],[6.1984,51.8302],[6.1664,51.8408]]]},"properties":{"AGS":"05154036","GEN":"Kleve","SN_L":"05"}},
{"type":"Feature","geometry":{"type":"Polygon","coordinates":[[[6.0368,51.8441],[6.029,51.8451],[6.0026,51.8326],[5.987,51.8306],[5.9629,51.8368],[5.945,51.8237],[5.9558,51.8101],[5.9782,51.7972],[5.9726,51.7895],[5.9877,51.783],[5.9823,51.7737],[5.9905,51.7662],[5.952,51.7491],[5.9591,51.7383],[5.9942,51.7383],[6.0322,51.7238],[6.0462,51.7448],[6.0694,51.7777],[6.0893,51.7948],[6.0799,51.7971],[6.0883,51.8161],[6.0757,51.8261],[6.0484,51.8264],[6.0368,51.8441]]]},"properties":{"AGS":"05154040","GEN":"Kranenburg","SN_L":"05"}},
{"type":"Feature","geometry":{"type":"Polygon","coordinates":[[[6.4078,51.8281],[6.3895,51.8333],[6.3457,51.8153],[6.3024,51.8054],[6.3221,51.7865],[6.329,51.769],[6.3425,51.7581],[6.3664,51.7535],[6.4025,51.7551],[6.417,51.7506],[6.4222,51.7419],[6.4091,51.7248],[6.413,51.7143],[6.4515,51.7062],[6.4606,51.7019],[6.4764,51.7176],[6.4891,51.7204],[6.4843,51.7342],[6.4896,51.7402],[6.4828,51.7527],[6.5288,51.768],[6.5033,51.7878],[6.4902,51.8114],[6.4655,51.8049],[6.4331,51.8028],[6.4078,51.8281]]]},"properties":{"AGS":"05154044","GEN":"Rees","SN_L":"05"}},
{"type":"Feature","geometry":{"type":"Polygon","coordinates":[[[6.4993,51.4767],[6.4751,51.4863],[6.4635,51.4774],[6.4312,51.4723],[6.4202,51.4659],[6.4189,51.4603],[6.4526,51.4402],[6.4494,51.4328],[6.4714,51.428],[6.472,51.4194],[6.4862,51.4161],[6.5088,51.4193],[6.5166,51.425],[6.5214,51.4405],[6.5028,51.4485],[6.5073,51.4681],[6.4993,51.4767]]]},"properties":{"AGS":"05154048","GEN":"Rheurdt","SN_L":"05"}},
{"type":"Feature","geometry":{"type":"Polygon","coordinates":[[[6.3162,51.4817],[6.2988,51.4811],[6.2877,51.4689],[6.2648,51.4834],[6.2466,51.4879],[6.2192,51.484],[6.2234,51.4749],[6.22,51.4553],[6.2052,51.3995],[6.2144,51.3896],[6.2244,51.365],[6.2566,51.3622],[6.2754,51.3565],[6.2674,51.3843],[6.2859,51.3968],[6.2839,51.4114],[6.311,51.424],[6.3092,51.4341],[6.321,51.4458],[6.3234,51.462],[6.3162,51.4817]]]},"properties":{"AGS":"05154052","GEN":"Straelen","SN_L":"05"}},
{"type":"Feature","geometry":{"type":"Polygon","coordinates":[[[6.2522,51.7156],[6.2156,51.7128],[6.2294,51.6939],[6.2121,51.6753],[6.2333,51.668],[6.2556,51.6534],[6.2796,51.6398],[6.2988,51.6429],[6.3211,51.6385],[6.3542,51.6454],[6.3543,51.6604],[6.3654,51.6607],[6.3724,51.6733],[6.378,51.6889],[6.3584,51.6948],[6.3432,51.6873],[6.3156,51.6904],[6.2902,51.7004],[6.2749,51.714],[6.2522,51.7156]]]},"properties":{"AGS":"05154056","GEN":"Uedem","SN_L":"05"}},
{"type":"Feature","geometry":{"type":"Polygon","coordinates":[[[6.3966,51.4104],[6.3722,51.4179],[6.3461,51.4406],[6.321,51.4458],[6.3092,51.4341],[6.311,51.424],[6.2839,51.4114],[6.2859,51.3968],[6.2674,51.3843],[6.2754,51.3565],[6.3041,51.3595],[6.3203,51.3641],[6.3329,51.3775],[6.3589,51.3798],[6.3876,51.3944],[6.3966,51.4104]]]},"properties":{"AGS":"05154060","GEN":"Wachtendonk","SN_L":"05"}},
{"type":"Feature","geometry":{"type":"Polygon","coordinates":[[[6.2121,51.6753],[6.1886,51.6773],[6.1566,51.6476],[6.1357,51.6363],[6.1104,51.6137],[6.0943,51.6162],[6.0912,51.6059],[6.1213,51.5928],[6.1306,51.5811],[6.157,51.5667],[6.1709,51.5608],[6.1897,51.5697],[6.1926,51.5864],[6.2112,51.597],[6.2432,51.6019],[6.2435,51.6141],[6.2552,51.6293],[6.2402,51.6394],[6.2556,51.6534],[6.2333,51.668],[6.2121,51.6753]]]},"properties":{"AGS":"05154064","GEN":"Weeze","SN_L":"05"}},
{"type":"Feature","geometry":{"type":"Polygon","coordinates":[[[6.9312,51.2382],[6.9083,51.2421],[6.8994,51.2371],[6.8736,51.2406],[6.8721,51.2218],[6.8775,51.2154],[6.9106,51.211],[6.9038,51.2031],[6.9223,51.1935],[6.956,51.1986],[6.9875,51.2032],[6.982,51.2182],[6.9646,51.2246],[6.9394,51.2273],[6.9312,51.2382]]]},"properties":{"AGS":"05158004","GEN":"Erkrath","SN_L":"05"}},
{"type":"Feature","geometry":{"type":"Polygon","coordinates":[[[7.0469,51.2075],[7.0359,51.2154],[7.0449,51.2263],[7.0381,51.2356],[7.022,51.2423],[7.0036,51.2424],[7.0037,51.2304],[6.982,51.2182],[6.9875,51.2032],[6.956,51.1986],[6.9778,51.1908],[6.9859,51.1721],[7.0138,51.1818],[7.036,51.195],[7.0469,51.2075]]]},"properties":{"AGS":"05158008","GEN":"Haan","SN_L":"05"}},
{"type":"Feature","geometry":{"type":"Polygon","coordinates":[[[7.0036,51.3577],[6.9773,51.3559],[6.9642,51.3477],[6.9493,51.351],[6.9272,51.3474],[6.9182,51.3399],[6.9398,51.3204],[6.9313,51.3123],[6.9438,51.3001],[6.982,51.3002],[6.9934,51.3238],[7.004,51.3247],[7.0112,51.3298],[7.0015,51.3479],[7.0036,51.3577]]]},"properties":{"AGS":"05158012","GEN":"Heiligenhaus","SN_L":"05"}},
{"type":"Feature","geometry":{"type":"Polygon","coordinates":[[[6.956,51.1986],[6.9223,51.1935],[6.9104,51.1873],[6.9125,51.1781],[6.8955,51.1737],[6.9,51.1516],[6.9235,51.1407],[6.9511,51.147],[6.9609,51.164],[6.9824,51.1654],[6.9859,51.1721],[6.9778,51.1908],[6.956,51.1986]]]},"properties":{"AGS":"05158016","GEN":"Hilden","SN_L":"05"}},
{"type":"Feature","geometry":{"type":"Polygon","coordinates":[[[6.9977,51.118],[6.9961,51.1442],[6.9712,51.1493],[6.9511,51.147],[6.9235,51.1407],[6.9184,51.1302],[6.9075,51.1272],[6.9037,51.1113],[6.9237,51.0994],[6.9263,51.082],[6.9391,51.0723],[6.9741,51.0684],[6.9895,51.075],[6.9906,51.0916],[6.9909,51.1058],[6.9977,51.118]]]},"properties":{"AGS":"05158020","GEN":"Langenfeld (Rhld.)","SN_L":"05"}},
{"type":"Feature","geometry":{"type":"Polygon","coordinates":[[[7.0424,51.2547],[7.0087,51.2822],[7.0061,51.2884],[6.9806,51.2948],[6.9356,51.276],[6.9277,51.265],[6.9337,51.2484],[6.9312,51.2382],[6.9394,51.2273],[6.9646,51.2246],[6.982,51.2182],[7.0037,51.2304],[7.0036,51.2424],[7.022,51.2423],[7.0424,51.2547]]]},"properties":{"AGS":"05158024","GEN":"Mettmann","SN_L":"05"}},
{"type":"Feature","geometry":{"type":"Polygon","coordinates":[[[6.9075,51.1272],[6.8926,51.1306],[6.856,51.1262],[6.8776,51.1147],[6.8836,51.1051],[6.8759,51.0961],[6.8535,51.0843],[6.8599,51.0741],[6.898,51.0649],[6.9193,51.0815],[6.9263,51.082],[6.9237,51.0994],[6.9037,51.1113],[6.9075,51.1272]]]},"properties":{"AGS":"05158026","GEN":"Monheim am Rhein","SN_L":"05"}},
{"type":"Feature","geometry":{"type":"Polygon","coordinates":[[[6.9037,51.3674],[6.85,51.3605],[6.8305,51.3523],[6.8052,51.3488],[6.8025,51.3284],[6.8175,51.321],[6.8009,51.3005],[6.8022,51.2785],[6.8248,51.2757],[6.8514,51.276],[6.8776,51.2682],[6.9039,51.2651],[6.9174,51.2742],[6.9356,51.276],[6.9806,51.2948],[6.982,51.3002],[6.9438,51.3001],[6.9313,51.3123],[6.9398,51.3204],[6.9182,51.3399],[6.9272,51.3474],[6.9242,51.3569],[6.9037,51.3674]]]},"properties":{"AGS":"05158028","GEN":"Ratingen","SN_L":"05"}},
{"type":"Feature","geometry":{"type":"Polygon","coordinates":[[[7.1673,51.3129],[7.1662,51.3256],[7.1454,51.3398],[7.1473,51.3515],[7.1594,51.3651],[7.1376,51.3793],[7.1177,51.3803],[7.0901,51.3689],[7.0801,51.3746],[7.0548,51.3633],[7.0359,51.3619],[7.021,51.3655],[7.0036,51.3577],[7.0015,51.3479],[7.0112,51.3298],[7.004,51.3247],[7.0177,51.3198],[7.0513,51.3226],[7.0448,51.3048],[7.0635,51.3005],[7.0726,51.2937],[7.0967,51.294],[7.1041,51.301],[7.1315,51.3072],[7.1447,51.3066],[7.1673,51.3129]]]},"properties":{"AGS":"05158032","GEN":"Velbert","SN_L":"05"}},
{"type":"Feature","geometry":{"type":"Polygon","coordinates":[[[7.004,51.3247],[6.9934,51.3238],[6.982,51.3002],[6.9806,51.2948],[7.0061,51.2884],[7.0087,51.2822],[7.0424,51.2547],[7.058,51.256],[7.0762,51.2701],[7.0822,51.28],[7.0971,51.2836],[7.0967,51.294],[7.0726,51.2937],[7.0635,51.3005],[7.0448,51.3048],[7.0513,51.3226],[7.0177,51.3198],[7.004,51.3247]]]},"properties":{"AGS":"05158036","GEN":"Wülfrath","SN_L":"05"}},
{"type":"Feature","geometry":{"type":"Polygon","coordinates":[[[6.856,51.1262],[6.8491,51.1343],[6.8551,51.16],[6.8363,51.1609],[6.8153,51.1442],[6.7976,51.1453],[6.7689,51.1454],[6.7718,51.1316],[6.73,51.1172],[6.7148,51.1185],[6.6977,51.1099],[6.6964,51.1012],[6.709,51.0942],[6.7083,51.0765],[6.7413,51.0771],[6.7532,51.0661],[6.7736,51.0644],[6.7874,51.0688],[6.8009,51.0595],[6.8048,51.0484],[6.831,51.0585],[6.823,51.0739],[6.8535,51.0843],[6.8759,51.0961],[6.8836,51.1051],[6.8776,51.1147],[6.856,51.1262]]]},"properties":{"AGS":"05162004","GEN":"Dormagen","SN_L":"05"}},
{"type":"Feature","geometry":{"type":"Polygon","coordinates":[[[6.7148,51.1185],[6.7097,51.1326],[6.6681,51.1315],[6.6356,51.1449],[6.6282,51.1532],[6.6149,51.1511],[6.6069,51.1417],[6.586,51.1515],[6.5781,51.1197],[6.5321,51.0898],[6.5361,51.0781],[6.5266,51.0584],[6.5377,51.0521],[6.5533,51.0558],[6.5613,51.0352],[6.5487,51.0263],[6.5824,51.018],[6.6373,51.0268],[6.6367,51.0399],[6.6269,51.0465],[6.6389,51.061],[6.6586,51.0771],[6.6479,51.0831],[6.6512,51.0951],[6.6829,51.1114],[6.6964,51.1012],[6.6977,51.1099],[6.7148,51.1185]]]},"properties":{"AGS":"05162008","GEN":"Grevenbroich","SN_L":"05"}},
{"type":"Feature","geometry":{"type":"Polygon","coordinates":[[[6.586,51.1515],[6.5697,51.1585],[6.5431,51.1403],[6.5341,51.1451],[6.4927,51.1502],[6.4789,51.1452],[6.4665,51.1303],[6.4637,51.1174],[6.4373,51.1051],[6.444,51.0898],[6.4524,51.0744],[6.4473,51.0625],[6.4772,51.0561],[6.4592,51.0431],[6.4818,51.0366],[6.4918,51.0474],[6.5266,51.0584],[6.5361,51.0781],[6.5321,51.0898],[6.5781,51.1197],[6.586,51.1515]]]},"properties":{"AGS":"05162012","GEN":"Jüchen","SN_L":"05"}},
{"type":"Feature","geometry":{"type":"Polygon","coordinates":[[[6.6767,51.2325],[6.6627,51.2385],[6.6463,51.2608],[6.626,51.2503],[6.6015,51.2425],[6.5678,51.2408],[6.5617,51.23],[6.5692,51.2178],[6.5691,51.2056],[6.5791,51.1906],[6.6007,51.1787],[6.6214,51.1805],[6.6355,51.1837],[6.6336,51.2074],[6.6449,51.2098],[6.6415,51.2298],[6.6767,51.2325]]]},"properties":{"AGS":"05162016","GEN":"Kaarst","SN_L":"05"}},
{"type":"Feature","geometry":{"type":"Polygon","coordinates":[[[6.6214,51.1805],[6.6007,51.1787],[6.5791,51.1906],[6.5691,51.2056],[6.5692,51.2178],[6.5617,51.23],[6.5385,51.2325],[6.5221,51.2257],[6.4891,51.2276],[6.4878,51.2104],[6.4936,51.1928],[6.4799,51.1763],[6.4913,51.1707],[6.5162,51.1825],[6.5264,51.1714],[6.5341,51.1451],[6.5431,51.1403],[6.5697,51.1585],[6.586,51.1515],[6.6069,51.1417],[6.6149,51.1511],[6.626,51.1704],[6.6214,51.1805]]]},"properties":{"AGS":"05162020","GEN":"Korschenbroich","SN_L":"05"}},
{"type":"Feature","geometry":{"type":"Polygon","coordinates":[[[6.6949,51.2347],[6.7087,51.24],[6.727,51.2565],[6.7101,51.2628],[6.7022,51.2733],[6.7257,51.2968],[6.734,51.3175],[6.7149,51.3332],[6.7062,51.3367],[6.6994,51.327],[6.676,51.321],[6.6529,51.3095],[6.6224,51.3086],[6.6217,51.2911],[6.5855,51.2868],[6.5965,51.2616],[6.6106,51.2634],[6.626,51.2503],[6.6463,51.2608],[6.6627,51.2385],[6.6767,51.2325],[6.6949,51.2347]]]},"properties":{"AGS":"05162022","GEN":"Meerbusch","SN_L":"05"}},
{"type":"Feature","geometry":{"type":"Polygon","coordinates":[[[6.7976,51.1453],[6.7929,51.1519],[6.7979,51.172],[6.7941,51.1799],[6.7775,51.1854],[6.7422,51.1817],[6.7301,51.1917],[6.7303,51.2086],[6.7182,51.2242],[6.6927,51.225],[6.6949,51.2347],[6.6767,51.2325],[6.6415,51.2298],[6.6449,51.2098],[6.6336,51.2074],[6.6355,51.1837],[6.6214,51.1805],[6.626,51.1704],[6.6149,51.1511],[6.6282,51.1532],[6.6356,51.1449],[6.6681,51.1315],[6.7097,51.1326],[6.7148,51.1185],[6.73,51.1172],[6.7718,51.1316],[6.7689,51.1454],[6.7976,51.1453]]]},"properties":{"AGS":"05162024","GEN":"Neuss","SN_L":"05"}},
{"type":"Feature","geometry":{"type":"Polygon","coordinates":[[[6.6964,51.1012],[6.6829,51.1114],[6.6512,51.0951],[6.6479,51.0831],[6.6586,51.0771],[6.6389,51.061],[6.6269,51.0465],[6.6367,51.0399],[6.6373,51.0268],[6.6478,51.0212],[6.6734,51.0159],[6.6819,51.0187],[6.7154,51.0151],[6.7434,51.0434],[6.7617,51.0425],[6.7532,51.0661],[6.7413,51.0771],[6.7083,51.0765],[6.709,51.0942],[6.6964,51.1012]]]},"properties":{"AGS":"05162028","GEN":"Rommerskirchen","SN_L":"05"}},
{"type":"Feature","geometry":{"type":"Polygon","coordinates":[[[6.2415,51.2528],[6.2284,51.2708],[6.228,51.2809],[6.1982,51.3024],[6.1734,51.3004],[6.1541,51.3074],[6.1298,51.2866],[6.1245,51.2746],[6.085,51.2474],[6.0727,51.2426],[6.0828,51.2279],[6.118,51.2292],[6.1306,51.2354],[6.1641,51.2368],[6.1853,51.2341],[6.2098,51.2381],[6.234,51.2464],[6.2415,51.2528]]]},"properties":{"AGS":"05166004","GEN":"Brüggen","SN_L":"05"}},
{"type":"Feature","geometry":{"type":"Polygon","coordinates":[[[6.3864,51.3313],[6.3703,51.363],[6.3589,51.3798],[6.3329,51.3775],[6.3203,51.3641],[6.3041,51.3595],[6.314,51.3444],[6.3101,51.3322],[6.3192,51.3116],[6.3355,51.3168],[6.3718,51.3231],[6.3775,51.3045],[6.3874,51.3054],[6.4034,51.3154],[6.3864,51.3313]]]},"properties":{"AGS":"05166008","GEN":"Grefrath","SN_L":"05"}},
{"type":"Feature","geometry":{"type":"Polygon","coordinates":[[[6.537,51.4063],[6.5166,51.425],[6.5088,51.4193],[6.4862,51.4161],[6.472,51.4194],[6.4618,51.4057],[6.4012,51.4136],[6.3966,51.4104],[6.3876,51.3944],[6.3589,51.3798],[6.3703,51.363],[6.3864,51.3313],[6.4095,51.3414],[6.4212,51.3388],[6.4627,51.3414],[6.4869,51.347],[6.4921,51.3623],[6.4779,51.3865],[6.4816,51.3979],[6.4919,51.4018],[6.5119,51.3981],[6.537,51.4063]]]},"properties":{"AGS":"05166012","GEN":"Kempen","SN_L":"05"}},
{"type":"Feature","geometry":{"type":"Polygon","coordinates":[[[6.2754,51.3565],[6.2566,51.3622],[6.2244,51.365],[6.2261,51.3605],[6.1898,51.3393],[6.1686,51.3329],[6.1541,51.3074],[6.1734,51.3004],[6.1982,51.3024],[6.228,51.2809],[6.2284,51.2708],[6.2415,51.2528],[6.2636,51.2682],[6.2682,51.2799],[6.2784,51.2857],[6.3092,51.2787],[6.325,51.279],[6.314,51.2932],[6.3212,51.2978],[6.3192,51.3116],[6.3101,51.3322],[6.314,51.3444],[6.3041,51.3595],[6.2754,51.3565]]]},"properties":{"AGS":"05166016","GEN":"Nettetal","SN_L":"05"}},
{"type":"Feature","geometry":{"type":"Polygon","coordinates":[[[6.2098,51.2381],[6.1853,51.2341],[6.1641,51.2368],[6.1306,51.2354],[6.118,51.2292],[6.0828,51.2279],[6.068,51.2205],[6.0733,51.183],[6.0823,51.1716],[6.11,51.1734],[6.131,51.1841],[6.165,51.1944],[6.1748,51.1845],[6.2097,51.1659],[6.2412,51.1876],[6.2507,51.1899],[6.2285,51.1999],[6.2223,51.2113],[6.2335,51.2149],[6.2098,51.2381]]]},"properties":{"AGS":"05166020","GEN":"Niederkrüchten","SN_L":"05"}},
{"type":"Feature","geometry":{"type":"Polygon","coordinates":[[[6.3305,51.2165],[6.3205,51.2178],[6.3006,51.2293],[6.2701,51.2674],[6.2636,51.2682],[6.2415,51.2528],[6.234,51.2464],[6.2098,51.2381],[6.2335,51.2149],[6.2223,51.2113],[6.2285,51.1999],[6.2507,51.1899],[6.282,51.1754],[6.2911,51.1756],[6.3148,51.1792],[6.3158,51.198],[6.3304,51.2062],[6.3305,51.2165]]]},"properties":{"AGS":"05166024","GEN":"Schwalmtal","SN_L":"05"}},
{"type":"Feature","geometry":{"type":"Polygon","coordinates":[[[6.4869,51.347],[6.4627,51.3414],[6.4212,51.3388],[6.4095,51.3414],[6.3864,51.3313],[6.4034,51.3154],[6.3874,51.3054],[6.4014,51.2997],[6.4255,51.2782],[6.492,51.3005],[6.5119,51.3102],[6.5145,51.3349],[6.4869,51.347]]]},"properties":{"AGS":"05166028","GEN":"Tönisvorst","SN_L":"05"}},
{"type":"Feature","geometry":{"type":"Polygon","coordinates":[[[6.3874,51.3054],[6.3775,51.3045],[6.3718,51.3231],[6.3355,51.3168],[6.3192,51.3116],[6.3212,51.2978],[6.314,51.2932],[6.325,51.279],[6.3092,51.2787],[6.2784,51.2857],[6.2682,51.2799],[6.2636,51.2682],[6.2701,51.2674],[6.3006,51.2293],[6.3205,51.2178],[6.3305,51.2165],[6.3305,51.2245],[6.3597,51.229],[6.3709,51.2175],[6.4204,51.221],[6.4433,51.235],[6.458,51.2478],[6.4116,51.2739],[6.4255,51.2782],[6.4014,51.2997],[6.3874,51.3054]]]},"properties":{"AGS":"05166032","GEN":"Viersen","SN_L":"05"}},
{"type":"Feature","geometry":{"type":"Polygon","coordinates":[[[6.5855,51.2868],[6.5346,51.2903],[6.5001,51.2888],[6.492,51.3005],[6.4255,51.2782],[6.4116,51.2739],[6.458,51.2478],[6.4781,51.2358],[6.5019,51.235],[6.5221,51.2257],[6.5385,51.2325],[6.5617,51.23],[6.5678,51.2408],[6.6015,51.2425],[6.626,51.2503],[6.6106,51.2634],[6.5965,51.2616],[6.5855,51.2868]]]},"properties":{"AGS":"05166036","GEN":"Willich","SN_L":"05"}},
{"type":"Feature","geometry":{"type":"Polygon","coordinates":[[[6.5117,51.6274],[6.5039,51.6227],[6.4769,51.6178],[6.4741,51.6285],[6.4441,51.6282],[6.4209,51.6229],[6.4191,51.5832],[6.4304,51.5725],[6.4723,51.5675],[6.4987,51.5671],[6.5334,51.5547],[6.5369,51.5633],[6.5631,51.5765],[6.5491,51.5878],[6.544,51.6097],[6.555,51.6196],[6.5537,51.6303],[6.5327,51.6318],[6.5117,51.6274]]]},"properties":{"AGS":"05170004","GEN":"Alpen","SN_L":"05"}},
{"type":"Feature","geometry":{"type":"Polygon","coordinates":[[[6.8332,51.5796],[6.8586,51.5897],[6.8626,51.6008],[6.8514,51.6072],[6.7934,51.5992],[6.7772,51.5922],[6.7451,51.5853],[6.7214,51.5886],[6.7117,51.5822],[6.7162,51.5738],[6.6876,51.564],[6.6865,51.5602],[6.7073,51.5508],[6.7197,51.5513],[6.7613,51.5329],[6.784,51.5332],[6.7819,51.5444],[6.805,51.5603],[6.8218,51.5653],[6.8166,51.5742],[6.8332,51.5796]]]},"properties":{"AGS":"05170008","GEN":"Dinslaken","SN_L":"05"}},
{"type":"Feature","geometry":{"type":"Polygon","coordinates":[[[6.5248,51.8102],[6.5112,51.8135],[6.4902,51.8114],[6.5033,51.7878],[6.5288,51.768],[6.4828,51.7527],[6.4896,51.7402],[6.4843,51.7342],[6.4891,51.7204],[6.5284,51.7235],[6.541,51.7121],[6.5771,51.6971],[6.6023,51.6995],[6.626,51.6932],[6.6603,51.7022],[6.6776,51.6917],[6.6998,51.7134],[6.7294,51.7277],[6.7624,51.7365],[6.773,51.7461],[6.7692,51.7661],[6.7557,51.7758],[6.7467,51.7701],[6.7225,51.7684],[6.7,51.7774],[6.6685,51.7771],[6.6487,51.7938],[6.6322,51.7993],[6.6082,51.7944],[6.5867,51.7954],[6.5688,51.7898],[6.5248,51.8102]]]},"properties":{"AGS":"05170012","GEN":"Hamminkeln","SN_L":"05"}},
{"type":"Feature","geometry":{"type":"Polygon","coordinates":[[[6.8677,51.6311],[6.8666,51.6397],[6.8468,51.6441],[6.8432,51.659],[6.8544,51.6674],[6.8284,51.6726],[6.8228,51.6685],[6.7937,51.6662],[6.7772,51.6597],[6.7637,51.6876],[6.7626,51.7014],[6.7186,51.7],[6.7163,51.7077],[6.6998,51.7134],[6.6776,51.6917],[6.6689,51.6845],[6.7065,51.6765],[6.7135,51.6537],[6.6837,51.6369],[6.6893,51.6207],[6.7091,51.613],[6.7214,51.5886],[6.7451,51.5853],[6.7772,51.5922],[6.7934,51.5992],[6.8514,51.6072],[6.8715,51.6222],[6.8677,51.6311]]]},"properties":{"AGS":"05170016","GEN":"Hünxe","SN_L":"05"}},
{"type":"Feature","geometry":{"type":"Polygon","coordinates":[[[6.5334,51.5547],[6.4987,51.5671],[6.4643,51.5511],[6.4871,51.5384],[6.469,51.5222],[6.4553,51.5296],[6.449,51.5193],[6.455,51.508],[6.4736,51.4953],[6.4751,51.4863],[6.4993,51.4767],[6.5131,51.4813],[6.5497,51.4731],[6.5785,51.4803],[6.5715,51.4969],[6.5836,51.5008],[6.5893,51.5221],[6.581,51.5361],[6.5483,51.5284],[6.5385,51.5397],[6.5458,51.5496],[6.5334,51.5547]]]},"properties":{"AGS":"05170020","GEN":"Kamp-Lintfort","SN_L":"05"}},
{"type":"Feature","geometry":{"type":"Polygon","coordinates":[[[6.629,51.5036],[6.6067,51.5229],[6.5893,51.5221],[6.5836,51.5008],[6.5715,51.4969],[6.5785,51.4803],[6.5991,51.4662],[6.594,51.4486],[6.5795,51.4418],[6.5933,51.4284],[6.5768,51.4237],[6.574,51.412],[6.5809,51.3941],[6.6162,51.3958],[6.6357,51.393],[6.6402,51.3985],[6.6256,51.4111],[6.6295,51.4194],[6.6631,51.4083],[6.6672,51.4384],[6.6779,51.45],[6.6704,51.4591],[6.6644,51.4819],[6.6387,51.4938],[6.629,51.5036]]]},"properties":{"AGS":"05170024","GEN":"Moers","SN_L":"05"}},
{"type":"Feature","geometry":{"type":"Polygon","coordinates":[[[6.5785,51.4803],[6.5497,51.4731],[6.5131,51.4813],[6.4993,51.4767],[6.5073,51.4681],[6.5028,51.4485],[6.5214,51.4405],[6.5166,51.425],[6.537,51.4063],[6.5484,51.3929],[6.559,51.3899],[6.5809,51.3941],[6.574,51.412],[6.5768,51.4237],[6.5933,51.4284],[6.5795,51.4418],[6.594,51.4486],[6.5991,51.4662],[6.5785,51.4803]]]},"properties":{"AGS":"05170028","GEN":"Neukirchen-Vluyn","SN_L":"05"}},
{"type":"Feature","geometry":{"type":"Polygon","coordinates":[[[6.5868,51.6193],[6.555,51.6196],[6.544,51.6097],[6.5491,51.5878],[6.5631,51.5765],[6.5369,51.5633],[6.5334,51.5547],[6.5458,51.5496],[6.5385,51.5397],[6.5483,51.5284],[6.581,51.5361],[6.5893,51.5221],[6.6067,51.5229],[6.629,51.5036],[6.6378,51.5094],[6.6709,51.5116],[6.6997,51.5244],[6.6769,51.5374],[6.6865,51.5602],[6.6876,51.564],[6.6824,51.573],[6.667,51.5776],[6.6471,51.5762],[6.6185,51.5669],[6.6033,51.5699],[6.5977,51.5782],[6.5962,51.5995],[6.5868,51.6193]]]},"properties":{"AGS":"05170032","GEN":"Rheinberg","SN_L":"05"}},
{"type":"Feature","geometry":{"type":"Polygon","coordinates":[[[6.9109,51.7461],[6.858,51.7289],[6.8401,51.7357],[6.8271,51.7298],[6.8187,51.7427],[6.773,51.7461],[6.7624,51.7365],[6.7294,51.7277],[6.6998,51.7134],[6.7163,51.7077],[6.7186,51.7],[6.7626,51.7014],[6.7637,51.6876],[6.7772,51.6597],[6.7937,51.6662],[6.8228,51.6685],[6.8284,51.6726],[6.8544,51.6674],[6.8432,51.659],[6.8468,51.6441],[6.8666,51.6397],[6.8677,51.6311],[6.9023,51.6357],[6.8943,51.6557],[6.912,51.6781],[6.9153,51.6985],[6.9372,51.7043],[6.9378,51.7188],[6.9109,51.7461]]]},"properties":{"AGS":"05170036","GEN":"Schermbeck","SN_L":"05"}},
{"type":"Feature","geometry":{"type":"Polygon","coordinates":[[[6.4441,51.6282],[6.4313,51.6304],[6.3833,51.6544],[6.3724,51.6733],[6.3654,51.6607],[6.3543,51.6604],[6.3542,51.6454],[6.3211,51.6385],[6.2988,51.6429],[6.3009,51.6215],[6.3343,51.6113],[6.3217,51.6036],[6.3331,51.5978],[6.3473,51.6042],[6.3741,51.5892],[6.3789,51.5773],[6.3692,51.5731],[6.3774,51.5661],[6.4021,51.5605],[6.4144,51.5651],[6.4304,51.5725],[6.4191,51.5832],[6.4209,51.6229],[6.4441,51.6282]]]},"properties":{"AGS":"05170040","GEN":"Sonsbeck","SN_L":"05"}},
{"type":"Feature","geometry":{"type":"Polygon","coordinates":[[[6.6837,51.6369],[6.6551,51.6348],[6.6272,51.6279],[6.6006,51.635],[6.5868,51.6193],[6.5962,51.5995],[6.5977,51.5782],[6.6033,51.5699],[6.6185,51.5669],[6.6471,51.5762],[6.667,51.5776],[6.6824,51.573],[6.6876,51.564],[6.7162,51.5738],[6.7117,51.5822],[6.7214,51.5886],[6.7091,51.613],[6.6893,51.6207],[6.6837,51.6369]]]},"properties":{"AGS":"05170044","GEN":"Voerde (Niederrhein)","SN_L":"05"}},
{"type":"Feature","geometry":{"type":"Polygon","coordinates":[[[6.6776,51.6917],[6.6603,51.7022],[6.626,51.6932],[6.6023,51.6995],[6.5771,51.6971],[6.541,51.7121],[6.5284,51.7235],[6.4891,51.7204],[6.4764,51.7176],[6.4606,51.7019],[6.4823,51.6663],[6.5097,51.6612],[6.5012,51.6403],[6.5117,51.6274],[6.5327,51.6318],[6.5537,51.6303],[6.555,51.6196],[6.5868,51.6193],[6.6006,51.635],[6.6272,51.6279],[6.6551,51.6348],[6.6837,51.6369],[6.7135,51.6537],[6.7065,51.6765],[6.6689,51.6845],[6.6776,51.6917]]]},"properties":{"AGS":"05170048","GEN":"Wesel","SN_L":"05"}},
{"type":"Feature","geometry":{"type":"Polygon","coordinates":[[[6.4606,51.7019],[6.4515,51.7062],[6.413,51.7143],[6.4091,51.7248],[6.4222,51.7419],[6.417,51.7506],[6.4025,51.7551],[6.4113,51.7412],[6.3959,51.732],[6.3823,51.7131],[6.355,51.6997],[6.3584,51.6948],[6.378,51.6889],[6.3724,51.6733],[6.3833,51.6544],[6.4313,51.6304],[6.4441,51.6282],[6.4741,51.6285],[6.4769,51.6178],[6.5039,51.6227],[6.5117,51.6274],[6.5012,51.6403],[6.5097,51.6612],[6.4823,51.6663],[6.4606,51.7019]]]},"properties":{"AGS":"05170052","GEN":"Xanten","SN_L":"05"}},
{"type":"Feature","geometry":{"type":"Polygon","coordinates":[[[7.207,50.7395],[7.1452,50.7624],[7.1253,50.7744],[7.1068,50.7635],[7.0769,50.7686],[7.066,50.7711],[7.037,50.7552],[7.0357,50.7385],[7.0298,50.7261],[7.0274,50.7026],[7.0443,50.6743],[7.0346,50.6621],[7.0249,50.6651],[7.0269,50.655],[7.064,50.6323],[7.0767,50.6428],[7.1062,50.659],[7.1206,50.6567],[7.128,50.6473],[7.1564,50.6547],[7.1861,50.6502],[7.1952,50.6427],[7.2107,50.6498],[7.1996,50.6618],[7.1754,50.6889],[7.1682,50.7035],[7.1966,50.7131],[7.192,50.7262],[7.207,50.7395]]]},"properties":{"AGS":"05314000","GEN":"Bonn","SN_L":"05"}},
{"type":"Feature","geometry":{"type":"Polygon","coordinates":[[[7.0679,51.0187],[7.0159,51.0174],[6.9853,51.0116],[6.9723,51.0142],[6.9722,51.0253],[6.9577,51.0359],[6.898,51.0649],[6.8599,51.0741],[6.8535,51.0843],[6.823,51.0739],[6.831,51.0585],[6.8048,51.0484],[6.8009,51.0595],[6.7874,51.0688],[6.7736,51.0644],[6.7983,51.037],[6.8203,51.038],[6.8398,51.0289],[6.835,51.0188],[6.845,50.9885],[6.8188,50.9649],[6.824,50.9578],[6.812,50.9483],[6.8153,50.94],[6.8225,50.9277],[6.8374,50.9259],[6.8379,50.9173],[6.8539,50.9056],[6.8794,50.9096],[6.9189,50.8919],[6.913,50.8829],[6.9209,50.8713],[6.9196,50.8544],[6.9312,50.8375],[6.956,50.8352],[6.9809,50.8409],[6.9952,50.8363],[7.0233,50.8393],[7.0271,50.847],[7.051,50.8502],[7.0613,50.8442],[7.0624,50.8296],[7.0906,50.8333],[7.1376,50.858],[7.1613,50.8673],[7.1376,50.883],[7.1395,50.9197],[7.1367,50.9278],[7.1452,50.9448],[7.1113,50.9427],[7.0874,50.9593],[7.1013,50.9679],[7.0956,50.9852],[7.0676,50.99],[7.0765,51.0018],[7.0619,51.0134],[7.0679,51.0187]]]},"properties":{"AGS":"05315000","GEN":"Köln","SN_L":"05"}},
{"type":"Feature","geometry":{"type":"Polygon","coordinates":[[[7.0743,51.097],[7.0394,51.0963],[7.0132,51.0821],[6.9906,51.0916],[6.9895,51.075],[6.9741,51.0684],[6.9391,51.0723],[6.9263,51.082],[6.9193,51.0815],[6.898,51.0649],[6.9577,51.0359],[6.9722,51.0253],[6.9723,51.0142],[6.9853,51.0116],[7.0159,51.0174],[7.0679,51.0187],[7.092,51.0261],[7.1053,51.0544],[7.1156,51.0628],[7.0689,51.0678],[7.0576,51.0775],[7.0743,51.097]]]},"properties":{"AGS":"05316000","GEN":"Leverkusen","SN_L":"05"}},
{"type":"Feature","geometry":{"type":"Polygon","coordinates":[[[6.0577,50.851],[6.0572,50.8556],[6.0189,50.8463],[6.0159,50.8388],[6.0248,50.828],[6.0251,50.8142],[6.0035,50.8013],[5.9855,50.8106],[5.9749,50.798],[5.988,50.7941],[6.0106,50.7801],[6.0278,50.7737],[6.0183,50.7632],[6.0214,50.7531],[6.0405,50.7455],[6.0343,50.7334],[6.0496,50.7261],[6.0732,50.721],[6.1107,50.7229],[6.1232,50.7071],[6.1393,50.6936],[6.1454,50.6813],[6.1648,50.6633],[6.1936,50.6646],[6.1986,50.6843],[6.2169,50.6985],[6.2019,50.7148],[6.2047,50.7203],[6.19,50.7372],[6.1948,50.7537],[6.2042,50.7594],[6.1799,50.7796],[6.1754,50.7897],[6.1906,50.7963],[6.1905,50.804],[6.1898,50.8085],[6.1282,50.8041],[6.1047,50.8076],[6.1051,50.8132],[6.0767,50.8087],[6.0633,50.8267],[6.0577,50.851]]]},"properties":{"AGS":"05334002","GEN":"Aachen","SN_L":"05"}},
{"type":"Feature","geometry":{"type":"Polygon","coordinates":[[[6.2037,50.8942],[6.1857,50.8882],[6.1452,50.8917],[6.1255,50.884],[6.1329,50.8731],[6.1216,50.8595],[6.1265,50.8543],[6.1488,50.8426],[6.1586,50.8507],[6.1757,50.8517],[6.2058,50.845],[6.2302,50.8635],[6.219,50.886],[6.2037,50.8942]]]},"properties":{"AGS":"05334004","GEN":"Alsdorf","SN_L":"05"}},
{"type":"Feature","geometry":{"type":"Polygon","coordinates":[[[6.2296,50.935],[6.2234,50.9417],[6.2026,50.9439],[6.1945,50.9501],[6.1767,50.9465],[6.1554,50.9305],[6.1501,50.9081],[6.1419,50.901],[6.1452,50.8917],[6.1857,50.8882],[6.2037,50.8942],[6.2,50.9022],[6.2286,50.9208],[6.2296,50.935]]]},"properties":{"AGS":"05334008","GEN":"Baesweiler","SN_L":"05"}},
{"type":"Feature","geometry":{"type":"Polygon","coordinates":[[[6.3154,50.8648],[6.3078,50.8822],[6.3,50.884],[6.2531,50.8623],[6.2423,50.8728],[6.2302,50.8635],[6.2058,50.845],[6.1986,50.8327],[6.2092,50.816],[6.1898,50.8085],[6.1905,50.804],[6.207,50.8013],[6.2139,50.7945],[6.2292,50.8007],[6.2339,50.7899],[6.2481,50.79],[6.2596,50.7791],[6.304,50.7875],[6.3226,50.7999],[6.3255,50.8084],[6.3406,50.8172],[6.334,50.8297],[6.34,50.8348],[6.3368,50.844],[6.3161,50.8532],[6.3154,50.8648]]]},"properties":{"AGS":"05334012","GEN":"Eschweiler","SN_L":"05"}},
{"type":"Feature","geometry":{"type":"Polygon","coordinates":[[[6.1419,50.901],[6.1182,50.9021],[6.0869,50.9131],[6.0753,50.891],[6.0882,50.8724],[6.0773,50.8607],[6.074,50.8468],[6.0577,50.851],[6.0633,50.8267],[6.0767,50.8087],[6.1051,50.8132],[6.1085,50.8248],[6.0995,50.8415],[6.1265,50.8543],[6.1216,50.8595],[6.1329,50.8731],[6.1255,50.884],[6.1452,50.8917],[6.1419,50.901]]]},"properties":{"AGS":"05334016","GEN":"Herzogenrath","SN_L":"05"}},
{"type":"Feature","geometry":{"type":"MultiPolygon","coordinates":[[[[6.2379,50.5779],[6.2395,50.5875],[6.2252,50.5905],[6.2031,50.5693],[6.1744,50.5575],[6.178,50.5416],[6.1967,50.5362],[6.209,50.5546],[6.2233,50.5559],[6.2379,50.5779]]],[[[6.3582,50.5299],[6.3421,50.5345],[6.3392,50.547],[6.3143,50.56],[6.284,50.5708],[6.2748,50.5872],[6.283,50.5919],[6.2731,50.6069],[6.2617,50.6116],[6.2475,50.6028],[6.2368,50.5663],[6.2273,50.556],[6.2125,50.5543],[6.197,50.531],[6.2077,50.5234],[6.2102,50.5131],[6.2307,50.4975],[6.2517,50.5035],[6.2699,50.5045],[6.2975,50.4976],[6.3156,50.497],[6.3295,50.5054],[6.3483,50.5076],[6.3697,50.5184],[6.3802,50.5323],[6.3582,50.5299]]]]},"properties":{"AGS":"05334020","GEN":"Monschau","SN_L":"05"}},
{"type":"Feature","geometry":{"type":"MultiPolygon","coordinates":[[[[6.2543,50.6405],[6.2455,50.6398],[6.2315,50.648],[6.2226,50.6401],[6.193,50.6389],[6.2355,50.6259],[6.2518,50.627],[6.2543,50.6405]]],[[[6.2703,50.6849],[6.2727,50.6944],[6.2567,50.7019],[6.2367,50.7053],[6.2169,50.6985],[6.1986,50.6843],[6.1936,50.6646],[6.1971,50.6567],[6.1863,50.642],[6.2107,50.6406],[6.2243,50.6433],[6.2287,50.6498],[6.2356,50.6488],[6.2484,50.6414],[6.2621,50.6439],[6.2448,50.6673],[6.2703,50.6849]]]]},"properties":{"AGS":"05334024","GEN":"Roetgen","SN_L":"05"}},
{"type":"Feature","geometry":{"type":"Polygon","coordinates":[[[6.376,50.6691],[6.3433,50.6553],[6.3246,50.6553],[6.3182,50.6671],[6.2978,50.6692],[6.2845,50.6776],[6.2862,50.6864],[6.2703,50.6849],[6.2448,50.6673],[6.2621,50.6439],[6.274,50.6305],[6.2617,50.6116],[6.2731,50.6069],[6.283,50.5919],[6.2748,50.5872],[6.284,50.5708],[6.3143,50.56],[6.3392,50.547],[6.3421,50.5345],[6.3582,50.5299],[6.3649,50.5423],[6.365,50.5619],[6.3956,50.5843],[6.3909,50.5961],[6.4093,50.5975],[6.4177,50.6019],[6.4169,50.6093],[6.4142,50.6039],[6.387,50.6098],[6.3918,50.6237],[6.4058,50.6278],[6.4105,50.6421],[6.3781,50.6535],[6.376,50.6691]]]},"properties":{"AGS":"05334028","GEN":"Simmerath","SN_L":"05"}},
{"type":"Feature","geometry":{"type":"Polygon","coordinates":[[[6.304,50.7875],[6.2596,50.7791],[6.2481,50.79],[6.2339,50.7899],[6.2292,50.8007],[6.2139,50.7945],[6.207,50.8013],[6.1905,50.804],[6.1906,50.7963],[6.1754,50.7897],[6.1799,50.7796],[6.2042,50.7594],[6.1948,50.7537],[6.19,50.7372],[6.2047,50.7203],[6.2019,50.7148],[6.2169,50.6985],[6.2367,50.7053],[6.2567,50.7019],[6.2727,50.6944],[6.2703,50.6849],[6.2862,50.6864],[6.3129,50.6905],[6.3083,50.7027],[6.3243,50.7265],[6.3275,50.7374],[6.3498,50.7575],[6.3656,50.7587],[6.3555,50.7622],[6.3516,50.7786],[6.3142,50.7719],[6.304,50.7875]]]},"properties":{"AGS":"05334032","GEN":"Stolberg (Rhld.)","SN_L":"05"}},
{"type":"Feature","geometry":{"type":"Polygon","coordinates":[[[6.1265,50.8543],[6.0995,50.8415],[6.1085,50.8248],[6.1051,50.8132],[6.1047,50.8076],[6.1282,50.8041],[6.1898,50.8085],[6.2092,50.816],[6.1986,50.8327],[6.2058,50.845],[6.1757,50.8517],[6.1586,50.8507],[6.1488,50.8426],[6.1265,50.8543]]]},"properties":{"AGS":"05334036","GEN":"Würselen","SN_L":"05"}},
{"type":"Feature","geometry":{"type":"Polygon","coordinates":[[[6.2677,50.9369],[6.262,50.9399],[6.2296,50.935],[6.2286,50.9208],[6.2,50.9022],[6.2037,50.8942],[6.219,50.886],[6.2302,50.8635],[6.2423,50.8728],[6.2531,50.8623],[6.3,50.884],[6.3078,50.8822],[6.3154,50.8648],[6.3314,50.8742],[6.3355,50.8844],[6.307,50.8949],[6.2952,50.9207],[6.2646,50.9248],[6.2677,50.9369]]]},"properties":{"AGS":"05358004","GEN":"Aldenhoven","SN_L":"05"}},
{"type":"Feature","geometry":{"type":"Polygon","coordinates":[[[6.4334,50.8574],[6.4185,50.8557],[6.3902,50.8408],[6.3891,50.8368],[6.3861,50.8288],[6.4191,50.8076],[6.4008,50.7836],[6.4039,50.7735],[6.4098,50.7667],[6.4476,50.7512],[6.4533,50.7436],[6.4854,50.759],[6.5092,50.7598],[6.5278,50.7824],[6.5209,50.7989],[6.5382,50.8054],[6.5291,50.8167],[6.5016,50.8229],[6.5188,50.8394],[6.5072,50.8524],[6.4842,50.8462],[6.4762,50.85],[6.4503,50.8412],[6.4377,50.8473],[6.4334,50.8574]]]},"properties":{"AGS":"05358008","GEN":"Düren","SN_L":"05"}},
{"type":"Feature","geometry":{"type":"Polygon","coordinates":[[[6.5667,50.6563],[6.5388,50.6618],[6.517,50.6526],[6.4771,50.6638],[6.4416,50.6597],[6.4105,50.6421],[6.4058,50.6278],[6.3918,50.6237],[6.387,50.6098],[6.4142,50.6039],[6.4169,50.6093],[6.421,50.6195],[6.4704,50.6113],[6.4913,50.6003],[6.5047,50.6032],[6.5235,50.5982],[6.5446,50.6028],[6.5664,50.6216],[6.5594,50.6262],[6.5769,50.6402],[6.5667,50.6563]]]},"properties":{"AGS":"05358012","GEN":"Heimbach","SN_L":"05"}},
{"type":"Feature","geometry":{"type":"Polygon","coordinates":[[[6.4533,50.7436],[6.4476,50.7512],[6.4098,50.7667],[6.4039,50.7735],[6.3656,50.7587],[6.3498,50.7575],[6.3275,50.7374],[6.3243,50.7265],[6.3083,50.7027],[6.3129,50.6905],[6.2862,50.6864],[6.2845,50.6776],[6.2978,50.6692],[6.3182,50.6671],[6.3246,50.6553],[6.3433,50.6553],[6.376,50.6691],[6.3882,50.6808],[6.4084,50.6875],[6.4175,50.6811],[6.4454,50.681],[6.4535,50.6988],[6.437,50.7073],[6.4239,50.7128],[6.43,50.7226],[6.42,50.7318],[6.4406,50.7358],[6.4533,50.7436]]]},"properties":{"AGS":"05358016","GEN":"Hürtgenwald","SN_L":"05"}},
{"type":"Feature","geometry":{"type":"Polygon","coordinates":[[[6.4137,50.8806],[6.3684,50.8888],[6.3355,50.8844],[6.3314,50.8742],[6.3154,50.8648],[6.3161,50.8532],[6.3368,50.844],[6.34,50.8348],[6.3891,50.8368],[6.3902,50.8408],[6.4185,50.8557],[6.4334,50.8574],[6.429,50.8714],[6.4137,50.8806]]]},"properties":{"AGS":"05358020","GEN":"Inden","SN_L":"05"}},
{"type":"Feature","geometry":{"type":"Polygon","coordinates":[[[6.4549,50.9348],[6.448,50.9595],[6.4319,50.9706],[6.3885,50.967],[6.3746,50.9805],[6.3592,50.9673],[6.321,50.9521],[6.311,50.9575],[6.2708,50.9435],[6.2677,50.9369],[6.2646,50.9248],[6.2952,50.9207],[6.307,50.8949],[6.3355,50.8844],[6.3684,50.8888],[6.4137,50.8806],[6.428,50.8888],[6.4188,50.8955],[6.4358,50.9082],[6.436,50.9277],[6.4549,50.9348]]]},"properties":{"AGS":"05358024","GEN":"Jülich","SN_L":"05"}},
{"type":"Feature","geometry":{"type":"Polygon","coordinates":[[[6.546,50.7662],[6.5386,50.7655],[6.5278,50.7824],[6.5092,50.7598],[6.4854,50.759],[6.4533,50.7436],[6.4406,50.7358],[6.42,50.7318],[6.43,50.7226],[6.4239,50.7128],[6.437,50.7073],[6.4764,50.7121],[6.5162,50.6968],[6.5455,50.6996],[6.5328,50.7042],[6.5177,50.7373],[6.5477,50.7557],[6.546,50.7662]]]},"properties":{"AGS":"05358028","GEN":"Kreuzau","SN_L":"05"}},
{"type":"Feature","geometry":{"type":"Polygon","coordinates":[[[6.3891,50.8368],[6.34,50.8348],[6.334,50.8297],[6.3406,50.8172],[6.3255,50.8084],[6.3226,50.7999],[6.304,50.7875],[6.3142,50.7719],[6.3516,50.7786],[6.3555,50.7622],[6.3656,50.7587],[6.4039,50.7735],[6.4008,50.7836],[6.4191,50.8076],[6.3861,50.8288],[6.3891,50.8368]]]},"properties":{"AGS":"05358032","GEN":"Langerwehe","SN_L":"05"}},
{"type":"Feature","geometry":{"type":"Polygon","coordinates":[[[6.2958,51.0244],[6.2853,51.0234],[6.285,51.0104],[6.2367,50.9886],[6.1961,50.9662],[6.1945,50.9501],[6.2026,50.9439],[6.2234,50.9417],[6.2296,50.935],[6.262,50.9399],[6.2677,50.9369],[6.2708,50.9435],[6.311,50.9575],[6.321,50.9521],[6.3592,50.9673],[6.3367,50.9864],[6.3543,50.9929],[6.3563,51.0165],[6.3223,51.0128],[6.2999,51.0159],[6.2958,51.0244]]]},"properties":{"AGS":"05358036","GEN":"Linnich","SN_L":"05"}},
{"type":"Feature","geometry":{"type":"Polygon","coordinates":[[[6.536,50.8924],[6.5215,50.8757],[6.5205,50.8651],[6.5072,50.8524],[6.5188,50.8394],[6.5016,50.8229],[6.5291,50.8167],[6.5382,50.8054],[6.555,50.8021],[6.5765,50.8212],[6.613,50.8283],[6.6116,50.8385],[6.5977,50.848],[6.5718,50.8468],[6.5531,50.8654],[6.5614,50.878],[6.5527,50.8927],[6.536,50.8924]]]},"properties":{"AGS":"05358040","GEN":"Merzenich","SN_L":"05"}},
{"type":"Feature","geometry":{"type":"Polygon","coordinates":[[[6.5455,50.6996],[6.5162,50.6968],[6.4764,50.7121],[6.437,50.7073],[6.4535,50.6988],[6.4454,50.681],[6.4175,50.6811],[6.4084,50.6875],[6.3882,50.6808],[6.376,50.6691],[6.3781,50.6535],[6.4105,50.6421],[6.4416,50.6597],[6.4771,50.6638],[6.517,50.6526],[6.5388,50.6618],[6.5667,50.6563],[6.5847,50.6694],[6.6011,50.6744],[6.5928,50.6968],[6.5696,50.6936],[6.5455,50.6996]]]},"properties":{"AGS":"05358044","GEN":"Nideggen","SN_L":"05"}},
{"type":"Feature","geometry":{"type":"Polygon","coordinates":[[[6.536,50.8924],[6.5194,50.8958],[6.52,50.9249],[6.5028,50.9309],[6.4944,50.9498],[6.4849,50.9522],[6.4794,50.945],[6.4613,50.9414],[6.4549,50.9348],[6.436,50.9277],[6.4358,50.9082],[6.4188,50.8955],[6.428,50.8888],[6.4137,50.8806],[6.429,50.8714],[6.4334,50.8574],[6.4377,50.8473],[6.4503,50.8412],[6.4762,50.85],[6.4842,50.8462],[6.5072,50.8524],[6.5205,50.8651],[6.5215,50.8757],[6.536,50.8924]]]},"properties":{"AGS":"05358048","GEN":"Niederzier","SN_L":"05"}},
{"type":"Feature","geometry":{"type":"Polygon","coordinates":[[[6.6864,50.836],[6.6768,50.8313],[6.6534,50.8357],[6.6241,50.822],[6.613,50.8283],[6.5765,50.8212],[6.555,50.8021],[6.5382,50.8054],[6.5209,50.7989],[6.5278,50.7824],[6.5386,50.7655],[6.546,50.7662],[6.6034,50.788],[6.6085,50.7816],[6.6411,50.7787],[6.6586,50.7715],[6.6807,50.7702],[6.7126,50.7878],[6.7069,50.8026],[6.7111,50.8111],[6.7066,50.8353],[6.6864,50.836]]]},"properties":{"AGS":"05358052","GEN":"Nörvenich","SN_L":"05"}},
{"type":"Feature","geometry":{"type":"Polygon","coordinates":[[[6.4592,51.0431],[6.4522,51.0454],[6.431,51.0351],[6.399,51.0322],[6.3716,51.034],[6.3563,51.0165],[6.3543,50.9929],[6.3367,50.9864],[6.3592,50.9673],[6.3746,50.9805],[6.3885,50.967],[6.4319,50.9706],[6.448,50.9595],[6.4549,50.9348],[6.4613,50.9414],[6.4794,50.945],[6.4849,50.9522],[6.4833,50.9671],[6.5001,50.9734],[6.4925,50.9838],[6.4736,50.9839],[6.4583,51.0081],[6.4597,51.0231],[6.4818,51.0366],[6.4592,51.0431]]]},"properties":{"AGS":"05358056","GEN":"Titz","SN_L":"05"}},
{"type":"Feature","geometry":{"type":"Polygon","coordinates":[[[6.6807,50.7702],[6.6586,50.7715],[6.6411,50.7787],[6.6085,50.7816],[6.6034,50.788],[6.546,50.7662],[6.5477,50.7557],[6.5177,50.7373],[6.5328,50.7042],[6.5455,50.6996],[6.5696,50.6936],[6.5928,50.6968],[6.5902,50.7086],[6.6038,50.7108],[6.6224,50.7224],[6.6298,50.7321],[6.6738,50.7153],[6.7007,50.7315],[6.6938,50.7538],[6.6807,50.7702]]]},"properties":{"AGS":"05358060","GEN":"Vettweiß","SN_L":"05"}},
{"type":"Feature","geometry":{"type":"Polygon","coordinates":[[[6.6373,51.0268],[6.5824,51.018],[6.5487,51.0263],[6.5613,51.0352],[6.5533,51.0558],[6.5377,51.0521],[6.5266,51.0584],[6.4918,51.0474],[6.4818,51.0366],[6.4597,51.0231],[6.4583,51.0081],[6.4736,50.9839],[6.4925,50.9838],[6.5001,50.9734],[6.5469,50.9762],[6.561,50.9692],[6.5732,50.9709],[6.6128,50.9951],[6.6299,50.995],[6.6368,50.988],[6.657,50.992],[6.6478,51.0212],[6.6373,51.0268]]]},"properties":{"AGS":"05362004","GEN":"Bedburg","SN_L":"05"}},
{"type":"Feature","geometry":{"type":"Polygon","coordinates":[[[6.7154,51.0151],[6.6819,51.0187],[6.6734,51.0159],[6.6478,51.0212],[6.657,50.992],[6.6368,50.988],[6.6299,50.995],[6.6128,50.9951],[6.5732,50.9709],[6.561,50.9692],[6.5818,50.9536],[6.6037,50.9467],[6.6548,50.916],[6.6776,50.9243],[6.7314,50.9262],[6.7395,50.9466],[6.7399,50.9551],[6.7679,50.9672],[6.7549,50.9794],[6.7518,50.9919],[6.7598,50.9987],[6.7466,51.0063],[6.7252,50.9985],[6.7114,51.0069],[6.7154,51.0151]]]},"properties":{"AGS":"05362008","GEN":"Bergheim","SN_L":"05"}},
{"type":"Feature","geometry":{"type":"Polygon","coordinates":[[[6.9312,50.8375],[6.9196,50.8544],[6.9158,50.8508],[6.875,50.8437],[6.867,50.8449],[6.8422,50.8369],[6.8452,50.7976],[6.852,50.7886],[6.8639,50.7848],[6.8703,50.7907],[6.9087,50.8015],[6.9421,50.804],[6.9312,50.8375]]]},"properties":{"AGS":"05362012","GEN":"Brühl","SN_L":"05"}},
{"type":"Feature","geometry":{"type":"Polygon","coordinates":[[[6.561,50.9692],[6.5469,50.9762],[6.5001,50.9734],[6.4833,50.9671],[6.4849,50.9522],[6.4944,50.9498],[6.5028,50.9309],[6.52,50.9249],[6.5194,50.8958],[6.536,50.8924],[6.5527,50.8927],[6.5951,50.9053],[6.6215,50.9027],[6.6293,50.8924],[6.6481,50.9018],[6.6548,50.916],[6.6037,50.9467],[6.5818,50.9536],[6.561,50.9692]]]},"properties":{"AGS":"05362016","GEN":"Elsdorf","SN_L":"05"}},
{"type":"Feature","geometry":{"type":"Polygon","coordinates":[[[6.804,50.855],[6.7797,50.8391],[6.7634,50.8401],[6.7339,50.8559],[6.7103,50.8542],[6.6899,50.8475],[6.6864,50.836],[6.7066,50.8353],[6.7111,50.8111],[6.7069,50.8026],[6.7126,50.7878],[6.6807,50.7702],[6.6938,50.7538],[6.716,50.7535],[6.7241,50.7459],[6.7096,50.7353],[6.7276,50.73],[6.7552,50.7274],[6.776,50.7178],[6.7871,50.7329],[6.8035,50.7472],[6.8181,50.7656],[6.8382,50.7672],[6.8377,50.7803],[6.852,50.7886],[6.8452,50.7976],[6.8422,50.8369],[6.8276,50.8433],[6.8182,50.8553],[6.804,50.855]]]},"properties":{"AGS":"05362020","GEN":"Erftstadt","SN_L":"05"}},
{"type":"Feature","geometry":{"type":"Polygon","coordinates":[[[6.8153,50.94],[6.793,50.9395],[6.7712,50.949],[6.7395,50.9466],[6.7314,50.9262],[6.7525,50.922],[6.7322,50.9038],[6.7433,50.8881],[6.7557,50.8816],[6.7796,50.8778],[6.7924,50.884],[6.8237,50.8908],[6.8539,50.9056],[6.8379,50.9173],[6.8374,50.9259],[6.8225,50.9277],[6.8153,50.94]]]},"properties":{"AGS":"05362024","GEN":"Frechen","SN_L":"05"}},
{"type":"Feature","geometry":{"type":"Polygon","coordinates":[[[6.9196,50.8544],[6.9209,50.8713],[6.913,50.8829],[6.9189,50.8919],[6.8794,50.9096],[6.8539,50.9056],[6.8237,50.8908],[6.7924,50.884],[6.7796,50.8778],[6.7797,50.8657],[6.802,50.8655],[6.804,50.855],[6.8182,50.8553],[6.8276,50.8433],[6.8422,50.8369],[6.867,50.8449],[6.875,50.8437],[6.9158,50.8508],[6.9196,50.8544]]]},"properties":{"AGS":"05362028","GEN":"Hürth","SN_L":"05"}},
{"type":"Feature","geometry":{"type":"Polygon","coordinates":[[[6.7314,50.9262],[6.6776,50.9243],[6.6548,50.916],[6.6481,50.9018],[6.6293,50.8924],[6.6215,50.9027],[6.5951,50.9053],[6.5527,50.8927],[6.5614,50.878],[6.5531,50.8654],[6.5718,50.8468],[6.5977,50.848],[6.6116,50.8385],[6.613,50.8283],[6.6241,50.822],[6.6534,50.8357],[6.6768,50.8313],[6.6864,50.836],[6.6899,50.8475],[6.7103,50.8542],[6.7339,50.8559],[6.7634,50.8401],[6.7797,50.8391],[6.804,50.855],[6.802,50.8655],[6.7797,50.8657],[6.7796,50.8778],[6.7557,50.8816],[6.7433,50.8881],[6.7322,50.9038],[6.7525,50.922],[6.7314,50.9262]]]},"properties":{"AGS":"05362032","GEN":"Kerpen","SN_L":"05"}},
{"type":"Feature","geometry":{"type":"Polygon","coordinates":[[[6.7736,51.0644],[6.7532,51.0661],[6.7617,51.0425],[6.7434,51.0434],[6.7154,51.0151],[6.7114,51.0069],[6.7252,50.9985],[6.7466,51.0063],[6.7598,50.9987],[6.7518,50.9919],[6.7549,50.9794],[6.7679,50.9672],[6.7399,50.9551],[6.7395,50.9466],[6.7712,50.949],[6.793,50.9395],[6.8153,50.94],[6.812,50.9483],[6.824,50.9578],[6.8188,50.9649],[6.845,50.9885],[6.835,51.0188],[6.8398,51.0289],[6.8203,51.038],[6.7983,51.037],[6.7736,51.0644]]]},"properties":{"AGS":"05362036","GEN":"Pulheim","SN_L":"05"}},
{"type":"Feature","geometry":{"type":"Polygon","coordinates":[[[6.9809,50.8409],[6.956,50.8352],[6.9312,50.8375],[6.9421,50.804],[6.9662,50.7995],[6.9828,50.8008],[6.9898,50.7923],[7.0064,50.7978],[7.0302,50.8007],[7.025,50.8183],[6.9947,50.8252],[6.9802,50.8329],[6.9809,50.8409]]]},"properties":{"AGS":"05362040","GEN":"Wesseling","SN_L":"05"}},
{"type":"Feature","geometry":{"type":"Polygon","coordinates":[[[6.9215,50.5653],[6.8944,50.5614],[6.8717,50.5702],[6.8548,50.5636],[6.8322,50.5665],[6.8185,50.5618],[6.8121,50.5752],[6.8136,50.5873],[6.8221,50.5955],[6.8088,50.6064],[6.795,50.6095],[6.7699,50.6028],[6.7573,50.592],[6.7319,50.5776],[6.6911,50.5394],[6.7174,50.5257],[6.7383,50.5258],[6.7544,50.5088],[6.7517,50.4901],[6.7683,50.4843],[6.8009,50.4913],[6.8121,50.4722],[6.8365,50.4655],[6.855,50.4542],[6.8667,50.4563],[6.873,50.4623],[6.9015,50.4691],[6.9056,50.485],[6.8979,50.4923],[6.9071,50.5026],[6.889,50.5083],[6.8861,50.5293],[6.9165,50.528],[6.9314,50.5356],[6.922,50.5543],[6.9279,50.5586],[6.9215,50.5653]]]},"properties":{"AGS":"05366004","GEN":"Bad Münstereifel","SN_L":"05"}},
{"type":"Feature","geometry":{"type":"Polygon","coordinates":[[[6.7432,50.4677],[6.7205,50.4638],[6.7053,50.4571],[6.6972,50.4699],[6.6851,50.4643],[6.6565,50.4619],[6.647,50.4649],[6.6091,50.4597],[6.587,50.4531],[6.5876,50.4434],[6.5873,50.4245],[6.6068,50.4159],[6.6006,50.3934],[6.5888,50.3839],[6.6254,50.3749],[6.6222,50.3537],[6.6379,50.3453],[6.6575,50.357],[6.656,50.3674],[6.6674,50.372],[6.6868,50.3584],[6.6992,50.3361],[6.706,50.3428],[6.7324,50.3525],[6.7535,50.3541],[6.7709,50.3612],[6.7954,50.3605],[6.8007,50.3618],[6.8027,50.3693],[6.7854,50.3755],[6.7705,50.3977],[6.7793,50.405],[6.7851,50.4206],[6.772,50.4244],[6.7712,50.4361],[6.7578,50.4341],[6.7437,50.4409],[6.7646,50.4508],[6.7662,50.4579],[6.7432,50.4677]]]},"properties":{"AGS":"05366008","GEN":"Blankenheim","SN_L":"05"}},
{"type":"Feature","geometry":{"type":"Polygon","coordinates":[[[6.5809,50.4433],[6.5522,50.4406],[6.5227,50.441],[6.4988,50.4305],[6.4882,50.43],[6.4479,50.4133],[6.4358,50.4157],[6.42,50.4086],[6.4268,50.3939],[6.413,50.3895],[6.4217,50.3806],[6.4209,50.3689],[6.4486,50.3713],[6.4612,50.359],[6.4587,50.344],[6.4496,50.3384],[6.4644,50.3423],[6.4847,50.3386],[6.5048,50.3524],[6.5331,50.3694],[6.559,50.3694],[6.5819,50.3775],[6.5888,50.3839],[6.6006,50.3934],[6.6068,50.4159],[6.5873,50.4245],[6.5876,50.4434],[6.5809,50.4433]]]},"properties":{"AGS":"05366012","GEN":"Dahlem","SN_L":"05"}},
{"type":"Feature","geometry":{"type":"Polygon","coordinates":[[[6.7633,50.6941],[6.7325,50.7007],[6.7094,50.6832],[6.7223,50.6755],[6.7328,50.677],[6.7123,50.6434],[6.7185,50.6272],[6.7351,50.6141],[6.7695,50.6156],[6.7699,50.6028],[6.795,50.6095],[6.8088,50.6064],[6.8221,50.5955],[6.8136,50.5873],[6.8121,50.5752],[6.8185,50.5618],[6.8322,50.5665],[6.8548,50.5636],[6.8717,50.5702],[6.8944,50.5614],[6.9215,50.5653],[6.9139,50.5714],[6.8909,50.5745],[6.8913,50.5874],[6.8849,50.6003],[6.9082,50.6126],[6.9155,50.6268],[6.8985,50.6357],[6.8731,50.6386],[6.8633,50.6515],[6.8668,50.6697],[6.8755,50.6746],[6.8709,50.6893],[6.8556,50.6965],[6.8411,50.703],[6.811,50.7014],[6.7945,50.6893],[6.7633,50.6941]]]},"properties":{"AGS":"05366016","GEN":"Euskirchen","SN_L":"05"}},
{"type":"Feature","geometry":{"type":"Polygon","coordinates":[[[6.4987,50.5068],[6.4745,50.5008],[6.4493,50.4994],[6.4341,50.5069],[6.4109,50.5045],[6.3981,50.5132],[6.3734,50.5111],[6.3687,50.5038],[6.3483,50.5076],[6.3295,50.5054],[6.3156,50.497],[6.3313,50.4927],[6.3409,50.4825],[6.3405,50.4622],[6.3629,50.4539],[6.3718,50.4556],[6.3776,50.4394],[6.3667,50.4192],[6.37,50.4098],[6.3569,50.3911],[6.3422,50.38],[6.3606,50.3715],[6.3763,50.3552],[6.3975,50.3462],[6.4079,50.3351],[6.405,50.3233],[6.4253,50.323],[6.4241,50.3338],[6.415,50.3327],[6.4043,50.3509],[6.3895,50.3726],[6.3949,50.386],[6.413,50.3895],[6.4268,50.3939],[6.42,50.4086],[6.4358,50.4157],[6.4479,50.4133],[6.4882,50.43],[6.4988,50.4305],[6.5227,50.441],[6.5522,50.4406],[6.5809,50.4433],[6.5489,50.4599],[6.5143,50.4593],[6.4981,50.4685],[6.5163,50.48],[6.5013,50.4842],[6.4942,50.4923],[6.4987,50.5068]]]},"properties":{"AGS":"05366020","GEN":"Hellenthal","SN_L":"05"}},
{"type":"Feature","geometry":{"type":"Polygon","coordinates":[[[6.6118,50.5264],[6.6026,50.5436],[6.6069,50.5615],[6.5849,50.5749],[6.55,50.5562],[6.5473,50.5637],[6.5193,50.5544],[6.5219,50.5369],[6.509,50.5253],[6.5105,50.5156],[6.4987,50.5068],[6.4942,50.4923],[6.5013,50.4842],[6.5163,50.48],[6.4981,50.4685],[6.5143,50.4593],[6.5489,50.4599],[6.5767,50.4964],[6.6135,50.5141],[6.6118,50.5264]]]},"properties":{"AGS":"05366024","GEN":"Kall","SN_L":"05"}},
{"type":"Feature","geometry":{"type":"Polygon","coordinates":[[[6.7123,50.6434],[6.6848,50.6461],[6.6681,50.6306],[6.6578,50.6366],[6.6375,50.6332],[6.6177,50.651],[6.5936,50.6412],[6.5769,50.6402],[6.5594,50.6262],[6.5664,50.6216],[6.5446,50.6028],[6.552,50.5833],[6.5358,50.5751],[6.5473,50.5637],[6.55,50.5562],[6.5849,50.5749],[6.6069,50.5615],[6.6026,50.5436],[6.6118,50.5264],[6.6367,50.5307],[6.6431,50.5219],[6.6594,50.5241],[6.6705,50.5365],[6.6911,50.5394],[6.7319,50.5776],[6.7573,50.592],[6.7699,50.6028],[6.7695,50.6156],[6.7351,50.6141],[6.7185,50.6272],[6.7123,50.6434]]]},"properties":{"AGS":"05366028","GEN":"Mechernich","SN_L":"05"}},
{"type":"Feature","geometry":{"type":"Polygon","coordinates":[[[6.6911,50.5394],[6.6705,50.5365],[6.6594,50.5241],[6.6431,50.5219],[6.6367,50.5307],[6.6118,50.5264],[6.6135,50.5141],[6.5767,50.4964],[6.5489,50.4599],[6.5809,50.4433],[6.5876,50.4434],[6.587,50.4531],[6.6091,50.4597],[6.647,50.4649],[6.6565,50.4619],[6.6851,50.4643],[6.6972,50.4699],[6.7053,50.4571],[6.7205,50.4638],[6.7432,50.4677],[6.7591,50.4746],[6.7683,50.4843],[6.7517,50.4901],[6.7544,50.5088],[6.7383,50.5258],[6.7174,50.5257],[6.6911,50.5394]]]},"properties":{"AGS":"05366032","GEN":"Nettersheim","SN_L":"05"}},
{"type":"Feature","geometry":{"type":"Polygon","coordinates":[[[6.5446,50.6028],[6.5235,50.5982],[6.5047,50.6032],[6.4913,50.6003],[6.4704,50.6113],[6.421,50.6195],[6.4169,50.6093],[6.4177,50.6019],[6.4093,50.5975],[6.3909,50.5961],[6.3956,50.5843],[6.365,50.5619],[6.3649,50.5423],[6.3582,50.5299],[6.3802,50.5323],[6.3697,50.5184],[6.3483,50.5076],[6.3687,50.5038],[6.3734,50.5111],[6.3981,50.5132],[6.4109,50.5045],[6.4341,50.5069],[6.4493,50.4994],[6.4745,50.5008],[6.4987,50.5068],[6.5105,50.5156],[6.509,50.5253],[6.5219,50.5369],[6.5193,50.5544],[6.5473,50.5637],[6.5358,50.5751],[6.552,50.5833],[6.5446,50.6028]]]},"properties":{"AGS":"05366036","GEN":"Schleiden","SN_L":"05"}},
{"type":"Feature","geometry":{"type":"Polygon","coordinates":[[[6.9158,50.7341],[6.9022,50.7503],[6.8821,50.746],[6.8672,50.7615],[6.8639,50.7848],[6.852,50.7886],[6.8377,50.7803],[6.8382,50.7672],[6.8181,50.7656],[6.8035,50.7472],[6.7871,50.7329],[6.776,50.7178],[6.7633,50.6941],[6.7945,50.6893],[6.811,50.7014],[6.8411,50.703],[6.8556,50.6965],[6.8628,50.7074],[6.8826,50.7112],[6.9158,50.7341]]]},"properties":{"AGS":"05366040","GEN":"Weilerswist","SN_L":"05"}},
{"type":"Feature","geometry":{"type":"Polygon","coordinates":[[[6.776,50.7178],[6.7552,50.7274],[6.7276,50.73],[6.7096,50.7353],[6.7241,50.7459],[6.716,50.7535],[6.6938,50.7538],[6.7007,50.7315],[6.6738,50.7153],[6.6298,50.7321],[6.6224,50.7224],[6.6038,50.7108],[6.5902,50.7086],[6.5928,50.6968],[6.6011,50.6744],[6.5847,50.6694],[6.5667,50.6563],[6.5769,50.6402],[6.5936,50.6412],[6.6177,50.651],[6.6375,50.6332],[6.6578,50.6366],[6.6681,50.6306],[6.6848,50.6461],[6.7123,50.6434],[6.7328,50.677],[6.7223,50.6755],[6.7094,50.6832],[6.7325,50.7007],[6.7633,50.6941],[6.776,50.7178]]]},"properties":{"AGS":"05366044","GEN":"Zülpich","SN_L":"05"}},
{"type":"Feature","geometry":{"type":"Polygon","coordinates":[[[6.3511,51.1049],[6.3237,51.1054],[6.3135,51.101],[6.2965,51.1123],[6.2795,51.1105],[6.2616,51.1171],[6.2313,51.1076],[6.2003,51.1065],[6.2058,51.0911],[6.2203,51.0856],[6.2353,51.0898],[6.2417,51.0791],[6.235,51.0686],[6.2605,51.068],[6.2767,51.0477],[6.297,51.0487],[6.3012,51.0281],[6.2958,51.0244],[6.2999,51.0159],[6.3223,51.0128],[6.3563,51.0165],[6.3716,51.034],[6.399,51.0322],[6.431,51.0351],[6.4522,51.0454],[6.4592,51.0431],[6.4772,51.0561],[6.4473,51.0625],[6.4524,51.0744],[6.444,51.0898],[6.4318,51.0865],[6.4046,51.0881],[6.3866,51.0976],[6.3604,51.0955],[6.3511,51.1049]]]},"properties":{"AGS":"05370004","GEN":"Erkelenz","SN_L":"05"}},
{"type":"Feature","geometry":{"type":"Polygon","coordinates":[[[6.0414,51.0325],[6.0167,51.0408],[5.9833,51.041],[5.9639,51.0243],[5.9527,51.008],[5.9658,51.0009],[5.9678,50.9896],[5.9572,50.985],[5.9682,50.9795],[6.0174,50.9834],[6.0269,50.9816],[6.0156,50.9627],[6.0053,50.9568],[6.0151,50.9478],[6.0348,50.9582],[6.0594,50.9864],[6.081,50.9973],[6.0577,51.0246],[6.0414,51.0325]]]},"properties":{"AGS":"05370008","GEN":"Gangelt","SN_L":"05"}},
{"type":"Feature","geometry":{"type":"Polygon","coordinates":[[[6.2367,50.9886],[6.21,51.0174],[6.1929,51.0087],[6.1757,51.0074],[6.1153,51.0127],[6.1044,50.9982],[6.081,50.9973],[6.0594,50.9864],[6.0348,50.9582],[6.0151,50.9478],[6.0404,50.9347],[6.0605,50.9315],[6.0769,50.9456],[6.1131,50.9494],[6.1262,50.9379],[6.1419,50.9394],[6.1554,50.9305],[6.1767,50.9465],[6.1945,50.9501],[6.1961,50.9662],[6.2367,50.9886]]]},"properties":{"AGS":"05370012","GEN":"Geilenkirchen","SN_L":"05"}},
{"type":"Feature","geometry":{"type":"Polygon","coordinates":[[[6.1545,51.0761],[6.1459,51.0846],[6.1246,51.0895],[6.117,51.0968],[6.1021,51.0982],[6.0804,51.1222],[6.0624,51.1168],[6.0519,51.1062],[6.0613,51.0982],[6.0392,51.0791],[6.054,51.0673],[6.0548,51.0582],[6.0414,51.0325],[6.0577,51.0246],[6.081,50.9973],[6.1044,50.9982],[6.1153,51.0127],[6.1757,51.0074],[6.1929,51.0087],[6.21,51.0174],[6.2103,51.0238],[6.1833,51.0432],[6.1532,51.0687],[6.1545,51.0761]]]},"properties":{"AGS":"05370016","GEN":"Heinsberg","SN_L":"05"}},
{"type":"Feature","geometry":{"type":"Polygon","coordinates":[[[6.2058,51.0911],[6.1545,51.0761],[6.1532,51.0687],[6.1833,51.0432],[6.2103,51.0238],[6.21,51.0174],[6.2367,50.9886],[6.285,51.0104],[6.2853,51.0234],[6.2958,51.0244],[6.3012,51.0281],[6.297,51.0487],[6.2767,51.0477],[6.2605,51.068],[6.235,51.0686],[6.2417,51.0791],[6.2353,51.0898],[6.2203,51.0856],[6.2058,51.0911]]]},"properties":{"AGS":"05370020","GEN":"Hückelhoven","SN_L":"05"}},
{"type":"Feature","geometry":{"type":"Polygon","coordinates":[[[5.9686,51.048],[5.9578,51.0355],[5.9381,51.0351],[5.9132,51.0667],[5.8868,51.0521],[5.8663,51.0512],[5.878,51.0375],[5.8792,51.0176],[5.9055,51.0022],[5.9047,50.9745],[5.9336,50.9853],[5.9572,50.985],[5.9678,50.9896],[5.9658,51.0009],[5.9527,51.008],[5.9639,51.0243],[5.9833,51.041],[5.9686,51.048]]]},"properties":{"AGS":"05370024","GEN":"Selfkant","SN_L":"05"}},
{"type":"Feature","geometry":{"type":"Polygon","coordinates":[[[6.1554,50.9305],[6.1419,50.9394],[6.1262,50.9379],[6.1131,50.9494],[6.0769,50.9456],[6.0605,50.9315],[6.0404,50.9347],[6.0151,50.9478],[6.0182,50.9344],[6.093,50.9185],[6.0869,50.9131],[6.1182,50.9021],[6.1419,50.901],[6.1501,50.9081],[6.1554,50.9305]]]},"properties":{"AGS":"05370028","GEN":"Übach-Palenberg","SN_L":"05"}},
{"type":"Feature","geometry":{"type":"Polygon","coordinates":[[[6.0414,51.0325],[6.0548,51.0582],[6.054,51.0673],[6.0392,51.0791],[6.0613,51.0982],[6.0519,51.1062],[6.0359,51.0962],[6.0099,51.091],[5.9978,51.0843],[5.9709,51.0616],[5.9686,51.048],[5.9833,51.041],[6.0167,51.0408],[6.0414,51.0325]]]},"properties":{"AGS":"05370032","GEN":"Waldfeucht","SN_L":"05"}},
{"type":"Feature","geometry":{"type":"Polygon","coordinates":[[[6.1546,51.1481],[6.126,51.1451],[6.1212,51.1409],[6.0919,51.135],[6.0804,51.1222],[6.1021,51.0982],[6.117,51.0968],[6.1246,51.0895],[6.1459,51.0846],[6.1545,51.0761],[6.2058,51.0911],[6.2003,51.1065],[6.1942,51.1152],[6.1801,51.1206],[6.187,51.1407],[6.1578,51.1406],[6.1546,51.1481]]]},"properties":{"AGS":"05370036","GEN":"Wassenberg","SN_L":"05"}},
{"type":"Feature","geometry":{"type":"Polygon","coordinates":[[[6.2911,51.1756],[6.282,51.1754],[6.2507,51.1899],[6.2412,51.1876],[6.2097,51.1659],[6.1748,51.1845],[6.1388,51.1733],[6.1754,51.1585],[6.1546,51.1481],[6.1578,51.1406],[6.187,51.1407],[6.1801,51.1206],[6.1942,51.1152],[6.2003,51.1065],[6.2313,51.1076],[6.2616,51.1171],[6.2795,51.1105],[6.2965,51.1123],[6.3135,51.101],[6.3237,51.1054],[6.3511,51.1049],[6.3484,51.1197],[6.3544,51.1266],[6.3324,51.1356],[6.3195,51.1498],[6.3019,51.1525],[6.3059,51.1652],[6.2911,51.1756]]]},"properties":{"AGS":"05370040","GEN":"Wegberg","SN_L":"05"}},
{"type":"Feature","geometry":{"type":"Polygon","coordinates":[[[7.7019,51.0627],[7.6772,51.0587],[7.6527,51.0424],[7.6375,51.0412],[7.6175,51.0218],[7.6422,51.0032],[7.6787,51.0001],[7.6814,51.0058],[7.7244,51.0097],[7.7356,51.0238],[7.7309,51.0391],[7.7019,51.0627]]]},"properties":{"AGS":"05374004","GEN":"Bergneustadt","SN_L":"05"}},
{"type":"Feature","geometry":{"type":"Polygon","coordinates":[[[7.4932,50.9822],[7.4992,50.9951],[7.5142,51.0017],[7.4872,51.0231],[7.4624,51.0246],[7.4403,51.0219],[7.4292,51.0115],[7.3879,51.0052],[7.3845,50.9966],[7.3463,50.9888],[7.3259,50.9778],[7.3313,50.977],[7.3553,50.951],[7.3872,50.9589],[7.3985,50.9498],[7.4281,50.9478],[7.4406,50.9569],[7.4649,50.9641],[7.4681,50.9719],[7.4932,50.9822]]]},"properties":{"AGS":"05374008","GEN":"Engelskirchen","SN_L":"05"}},
{"type":"Feature","geometry":{"type":"Polygon","coordinates":[[[7.7154,51.0728],[7.6869,51.0832],[7.6264,51.0685],[7.6099,51.0776],[7.614,51.0637],[7.5943,51.052],[7.5629,51.0557],[7.529,51.0515],[7.5121,51.053],[7.498,51.047],[7.4629,51.0491],[7.4499,51.0364],[7.4352,51.0302],[7.4403,51.0219],[7.4624,51.0246],[7.4872,51.0231],[7.5142,51.0017],[7.4992,50.9951],[7.4932,50.9822],[7.5197,50.9747],[7.5541,50.9787],[7.56,50.9853],[7.5829,50.994],[7.5946,50.9943],[7.6343,51.0036],[7.6422,51.0032],[7.6175,51.0218],[7.6375,51.0412],[7.6527,51.0424],[7.6772,51.0587],[7.7019,51.0627],[7.7154,51.0728]]]},"properties":{"AGS":"05374012","GEN":"Gummersbach","SN_L":"05"}},
{"type":"Feature","geometry":{"type":"Polygon","coordinates":[[[7.3812,51.1701],[7.3767,51.1939],[7.3552,51.1915],[7.3452,51.1826],[7.315,51.1767],[7.3054,51.1796],[7.2943,51.1623],[7.2972,51.151],[7.2875,51.144],[7.2682,51.1457],[7.2799,51.1092],[7.2984,51.1046],[7.3283,51.1054],[7.3353,51.1202],[7.3471,51.1316],[7.3674,51.1256],[7.3867,51.1558],[7.3812,51.1701]]]},"properties":{"AGS":"05374016","GEN":"Hückeswagen","SN_L":"05"}},
{"type":"Feature","geometry":{"type":"Polygon","coordinates":[[[7.4547,51.0705],[7.4356,51.0706],[7.4243,51.0644],[7.3985,51.079],[7.3628,51.0598],[7.3599,51.0539],[7.3299,51.0485],[7.3097,51.0267],[7.2914,51.0322],[7.2809,51.0269],[7.2827,51.0063],[7.2741,50.9976],[7.2526,50.9866],[7.2841,50.9712],[7.288,50.9768],[7.3259,50.9778],[7.3463,50.9888],[7.3845,50.9966],[7.3879,51.0052],[7.4292,51.0115],[7.4403,51.0219],[7.4352,51.0302],[7.4499,51.0364],[7.4629,51.0491],[7.4519,51.0568],[7.4547,51.0705]]]},"properties":{"AGS":"05374020","GEN":"Lindlar","SN_L":"05"}},
{"type":"Feature","geometry":{"type":"Polygon","coordinates":[[[7.6022,51.1005],[7.5825,51.1053],[7.5168,51.1007],[7.4962,51.1061],[7.4801,51.0937],[7.4812,51.0825],[7.4547,51.0705],[7.4519,51.0568],[7.4629,51.0491],[7.498,51.047],[7.5121,51.053],[7.529,51.0515],[7.5629,51.0557],[7.5943,51.052],[7.614,51.0637],[7.6099,51.0776],[7.5994,51.0875],[7.6022,51.1005]]]},"properties":{"AGS":"05374024","GEN":"Marienheide","SN_L":"05"}},
{"type":"Feature","geometry":{"type":"Polygon","coordinates":[[[7.7358,50.9157],[7.7277,50.9173],[7.7058,50.9083],[7.6952,50.9139],[7.6771,50.9027],[7.6867,50.8943],[7.6684,50.878],[7.6595,50.8605],[7.6637,50.8562],[7.6475,50.8429],[7.6474,50.8349],[7.661,50.8204],[7.6692,50.8186],[7.6994,50.825],[7.7065,50.8306],[7.7293,50.8505],[7.7622,50.8451],[7.764,50.8575],[7.7483,50.8672],[7.7588,50.8798],[7.753,50.8884],[7.7604,50.9004],[7.7469,50.9124],[7.7358,50.9157]]]},"properties":{"AGS":"05374028","GEN":"Morsbach","SN_L":"05"}},
{"type":"Feature","geometry":{"type":"Polygon","coordinates":[[[7.6102,50.9323],[7.5866,50.9391],[7.5678,50.94],[7.5426,50.9339],[7.5122,50.9306],[7.4898,50.941],[7.4718,50.9385],[7.4614,50.9315],[7.479,50.9106],[7.468,50.898],[7.4622,50.8787],[7.4909,50.8742],[7.5126,50.854],[7.541,50.8596],[7.5554,50.8589],[7.5644,50.8719],[7.5831,50.8801],[7.5887,50.8924],[7.6151,50.9002],[7.6064,50.9128],[7.6207,50.9288],[7.6102,50.9323]]]},"properties":{"AGS":"05374032","GEN":"Nümbrecht","SN_L":"05"}},
{"type":"Feature","geometry":{"type":"Polygon","coordinates":[[[7.3642,51.2455],[7.3529,51.2388],[7.339,51.2396],[7.3327,51.2503],[7.3067,51.2389],[7.3108,51.2311],[7.2955,51.2207],[7.2958,51.2054],[7.3054,51.1796],[7.315,51.1767],[7.3452,51.1826],[7.3552,51.1915],[7.3767,51.1939],[7.3812,51.1701],[7.4049,51.1872],[7.424,51.186],[7.419,51.2008],[7.4333,51.2144],[7.4305,51.224],[7.3954,51.2321],[7.4026,51.2378],[7.3898,51.2466],[7.3642,51.2455]]]},"properties":{"AGS":"05374036","GEN":"Radevormwald","SN_L":"05"}},
{"type":"Feature","geometry":{"type":"Polygon","coordinates":[[[7.7244,51.0097],[7.6814,51.0058],[7.6787,51.0001],[7.6422,51.0032],[7.6343,51.0036],[7.5946,50.9943],[7.5892,50.9809],[7.6035,50.9574],[7.6102,50.9323],[7.6207,50.9288],[7.64,50.9164],[7.6429,50.9066],[7.6771,50.9027],[7.6952,50.9139],[7.7058,50.9083],[7.7277,50.9173],[7.7358,50.9157],[7.7573,50.9202],[7.7762,50.929],[7.7859,50.9399],[7.7921,50.9514],[7.7843,50.9615],[7.7803,50.98],[7.7489,50.9778],[7.7257,50.9981],[7.7244,51.0097]]]},"properties":{"AGS":"05374040","GEN":"Reichshof","SN_L":"05"}},
{"type":"Feature","geometry":{"type":"Polygon","coordinates":[[[7.6771,50.9027],[7.6429,50.9066],[7.64,50.9164],[7.6207,50.9288],[7.6064,50.9128],[7.6151,50.9002],[7.5887,50.8924],[7.5831,50.8801],[7.5644,50.8719],[7.5554,50.8589],[7.541,50.8596],[7.5126,50.854],[7.5292,50.8421],[7.5289,50.8334],[7.5484,50.8307],[7.5735,50.8425],[7.5824,50.8339],[7.5995,50.8277],[7.61,50.8314],[7.6354,50.8273],[7.6474,50.8349],[7.6475,50.8429],[7.6637,50.8562],[7.6595,50.8605],[7.6684,50.878],[7.6867,50.8943],[7.6771,50.9027]]]},"properties":{"AGS":"05374044","GEN":"Waldbröl","SN_L":"05"}},
{"type":"Feature","geometry":{"type":"Polygon","coordinates":[[[7.5946,50.9943],[7.5829,50.994],[7.56,50.9853],[7.5541,50.9787],[7.5197,50.9747],[7.4932,50.9822],[7.4681,50.9719],[7.4649,50.9641],[7.4406,50.9569],[7.4281,50.9478],[7.4394,50.9466],[7.4614,50.9315],[7.4718,50.9385],[7.4898,50.941],[7.5122,50.9306],[7.5426,50.9339],[7.5678,50.94],[7.5866,50.9391],[7.6102,50.9323],[7.6035,50.9574],[7.5892,50.9809],[7.5946,50.9943]]]},"properties":{"AGS":"05374048","GEN":"Wiehl","SN_L":"05"}},
{"type":"Feature","geometry":{"type":"Polygon","coordinates":[[[7.424,51.186],[7.4049,51.1872],[7.3812,51.1701],[7.3867,51.1558],[7.3674,51.1256],[7.3471,51.1316],[7.3353,51.1202],[7.3283,51.1054],[7.2984,51.1046],[7.2806,51.0868],[7.2938,51.0794],[7.2999,51.0691],[7.3221,51.0744],[7.3347,51.0681],[7.3238,51.0524],[7.3299,51.0485],[7.3599,51.0539],[7.3628,51.0598],[7.3985,51.079],[7.4243,51.0644],[7.4356,51.0706],[7.4547,51.0705],[7.4812,51.0825],[7.4801,51.0937],[7.4962,51.1061],[7.5045,51.1177],[7.5024,51.1304],[7.4948,51.1273],[7.4741,51.1446],[7.4698,51.1551],[7.4381,51.1684],[7.4368,51.1801],[7.424,51.186]]]},"properties":{"AGS":"05374052","GEN":"Wipperfürth","SN_L":"05"}},
{"type":"Feature","geometry":{"type":"Polygon","coordinates":[[[7.092,51.0261],[7.0679,51.0187],[7.0619,51.0134],[7.0765,51.0018],[7.0676,50.99],[7.0956,50.9852],[7.1013,50.9679],[7.0874,50.9593],[7.1113,50.9427],[7.1452,50.9448],[7.1367,50.9278],[7.1395,50.9197],[7.1675,50.9346],[7.1757,50.9319],[7.1936,50.9433],[7.2365,50.9635],[7.2474,50.9754],[7.2502,50.9879],[7.2005,51.0046],[7.1989,51.0184],[7.1911,51.0126],[7.1446,51.0166],[7.1201,51.0105],[7.1055,51.0108],[7.103,51.0218],[7.092,51.0261]]]},"properties":{"AGS":"05378004","GEN":"Bergisch Gladbach","SN_L":"05"}},
{"type":"Feature","geometry":{"type":"Polygon","coordinates":[[[7.1387,51.0662],[7.1636,51.085],[7.1582,51.1003],[7.1659,51.1058],[7.159,51.1187],[7.1396,51.1072],[7.1184,51.1068],[7.0743,51.097],[7.0576,51.0775],[7.0689,51.0678],[7.1156,51.0628],[7.1387,51.0662]]]},"properties":{"AGS":"05378008","GEN":"Burscheid","SN_L":"05"}},
{"type":"Feature","geometry":{"type":"Polygon","coordinates":[[[7.3299,51.0485],[7.3238,51.0524],[7.3347,51.0681],[7.3221,51.0744],[7.2999,51.0691],[7.2938,51.0794],[7.2806,51.0868],[7.2582,51.0779],[7.229,51.0715],[7.2135,51.072],[7.195,51.0657],[7.2096,51.0514],[7.1918,51.0458],[7.1862,51.0306],[7.1989,51.0184],[7.2005,51.0046],[7.2502,50.9879],[7.2526,50.9866],[7.2741,50.9976],[7.2827,51.0063],[7.2809,51.0269],[7.2914,51.0322],[7.3097,51.0267],[7.3299,51.0485]]]},"properties":{"AGS":"05378012","GEN":"Kürten","SN_L":"05"}},
{"type":"Feature","geometry":{"type":"Polygon","coordinates":[[[7.1563,51.1217],[7.1308,51.1182],[7.1194,51.1227],[7.111,51.1367],[7.0835,51.1381],[7.0774,51.1281],[7.0593,51.1242],[7.0458,51.1312],[7.0231,51.1296],[6.9977,51.118],[6.9909,51.1058],[6.9906,51.0916],[7.0132,51.0821],[7.0394,51.0963],[7.0743,51.097],[7.1184,51.1068],[7.1396,51.1072],[7.159,51.1187],[7.1563,51.1217]]]},"properties":{"AGS":"05378016","GEN":"Leichlingen (Rhld.)","SN_L":"05"}},
{"type":"Feature","geometry":{"type":"Polygon","coordinates":[[[7.195,51.0657],[7.178,51.0669],[7.1652,51.0743],[7.1387,51.0662],[7.1156,51.0628],[7.1053,51.0544],[7.092,51.0261],[7.103,51.0218],[7.1055,51.0108],[7.1201,51.0105],[7.1446,51.0166],[7.1911,51.0126],[7.1989,51.0184],[7.1862,51.0306],[7.1918,51.0458],[7.2096,51.0514],[7.195,51.0657]]]},"properties":{"AGS":"05378020","GEN":"Odenthal","SN_L":"05"}},
{"type":"Feature","geometry":{"type":"Polygon","coordinates":[[[7.2526,50.9866],[7.2502,50.9879],[7.2474,50.9754],[7.2365,50.9635],[7.1936,50.9433],[7.2181,50.9288],[7.2353,50.9326],[7.249,50.9282],[7.2751,50.911],[7.3017,50.9069],[7.3034,50.9073],[7.3195,50.9153],[7.3458,50.9122],[7.3682,50.9358],[7.3858,50.9343],[7.3985,50.9498],[7.3872,50.9589],[7.3553,50.951],[7.3313,50.977],[7.3259,50.9778],[7.288,50.9768],[7.2841,50.9712],[7.2526,50.9866]]]},"properties":{"AGS":"05378024","GEN":"Overath","SN_L":"05"}},
{"type":"Feature","geometry":{"type":"Polygon","coordinates":[[[7.1936,50.9433],[7.1757,50.9319],[7.1675,50.9346],[7.1395,50.9197],[7.1376,50.883],[7.1613,50.8673],[7.191,50.8733],[7.1984,50.8753],[7.2093,50.8922],[7.2283,50.9003],[7.2377,50.9189],[7.249,50.9282],[7.2353,50.9326],[7.2181,50.9288],[7.1936,50.9433]]]},"properties":{"AGS":"05378028","GEN":"Rösrath","SN_L":"05"}},
{"type":"Feature","geometry":{"type":"Polygon","coordinates":[[[7.2682,51.1457],[7.2549,51.1568],[7.2179,51.1603],[7.1976,51.1516],[7.185,51.1559],[7.1664,51.1539],[7.1698,51.1391],[7.1594,51.1335],[7.1563,51.1217],[7.159,51.1187],[7.1659,51.1058],[7.1582,51.1003],[7.1636,51.085],[7.1387,51.0662],[7.1652,51.0743],[7.178,51.0669],[7.195,51.0657],[7.2135,51.072],[7.229,51.0715],[7.2582,51.0779],[7.2806,51.0868],[7.2984,51.1046],[7.2799,51.1092],[7.2682,51.1457]]]},"properties":{"AGS":"05378032","GEN":"Wermelskirchen","SN_L":"05"}},
{"type":"Feature","geometry":{"type":"Polygon","coordinates":[[[7.037,50.7552],[7.0299,50.7566],[7.0052,50.744],[6.9861,50.7392],[6.9788,50.7288],[6.961,50.719],[6.9683,50.6961],[6.9778,50.6975],[6.9923,50.687],[6.9967,50.6733],[7.0189,50.6665],[7.0249,50.6651],[7.0346,50.6621],[7.0443,50.6743],[7.0274,50.7026],[7.0298,50.7261],[7.0357,50.7385],[7.037,50.7552]]]},"properties":{"AGS":"05382004","GEN":"Alfter","SN_L":"05"}},
{"type":"Feature","geometry":{"type":"Polygon","coordinates":[[[7.3629,50.6712],[7.3209,50.6777],[7.3029,50.6869],[7.2889,50.6745],[7.2698,50.6768],[7.2479,50.6708],[7.2244,50.6722],[7.1996,50.6618],[7.2107,50.6498],[7.2129,50.6235],[7.2402,50.6282],[7.2565,50.6246],[7.2973,50.6318],[7.3147,50.6374],[7.359,50.6495],[7.3558,50.6652],[7.3629,50.6712]]]},"properties":{"AGS":"05382008","GEN":"Bad Honnef","SN_L":"05"}},
{"type":"Feature","geometry":{"type":"Polygon","coordinates":[[[7.0302,50.8007],[7.0064,50.7978],[6.9898,50.7923],[6.9828,50.8008],[6.9662,50.7995],[6.9421,50.804],[6.9087,50.8015],[6.8703,50.7907],[6.8639,50.7848],[6.8672,50.7615],[6.8821,50.746],[6.9022,50.7503],[6.9158,50.7341],[6.961,50.719],[6.9788,50.7288],[6.9861,50.7392],[7.0052,50.744],[7.0299,50.7566],[7.037,50.7552],[7.066,50.7711],[7.0359,50.7855],[7.0302,50.8007]]]},"properties":{"AGS":"05382012","GEN":"Bornheim","SN_L":"05"}},
{"type":"Feature","geometry":{"type":"Polygon","coordinates":[[[7.4737,50.8176],[7.4407,50.8132],[7.392,50.7991],[7.38,50.7854],[7.3818,50.7778],[7.3889,50.7632],[7.4117,50.7616],[7.4245,50.7346],[7.4278,50.7201],[7.4392,50.7111],[7.445,50.7161],[7.4783,50.7182],[7.4798,50.7183],[7.5019,50.73],[7.5162,50.7291],[7.5346,50.7403],[7.5048,50.7575],[7.4974,50.774],[7.4837,50.7857],[7.4869,50.793],[7.4728,50.8044],[7.4737,50.8176]]]},"properties":{"AGS":"05382016","GEN":"Eitorf","SN_L":"05"}},
{"type":"Feature","geometry":{"type":"Polygon","coordinates":[[[7.338,50.8081],[7.317,50.8131],[7.2975,50.8128],[7.2802,50.8022],[7.2807,50.792],[7.2577,50.797],[7.2425,50.7906],[7.2453,50.7838],[7.2378,50.7478],[7.2427,50.7413],[7.2623,50.7346],[7.2824,50.7337],[7.3196,50.7123],[7.3328,50.7006],[7.3571,50.6979],[7.3709,50.7152],[7.3973,50.7143],[7.4071,50.7182],[7.4234,50.71],[7.4392,50.7111],[7.4278,50.7201],[7.4245,50.7346],[7.4117,50.7616],[7.3889,50.7632],[7.3818,50.7778],[7.3691,50.7797],[7.3714,50.7932],[7.3635,50.8034],[7.3465,50.7994],[7.338,50.8081]]]},"properties":{"AGS":"05382020","GEN":"Hennef (Sieg)","SN_L":"05"}},
{"type":"Feature","geometry":{"type":"Polygon","coordinates":[[[7.3571,50.6979],[7.3328,50.7006],[7.3196,50.7123],[7.2824,50.7337],[7.2623,50.7346],[7.2427,50.7413],[7.2378,50.7478],[7.207,50.7395],[7.192,50.7262],[7.1966,50.7131],[7.1682,50.7035],[7.1754,50.6889],[7.1996,50.6618],[7.2244,50.6722],[7.2479,50.6708],[7.2698,50.6768],[7.2889,50.6745],[7.3029,50.6869],[7.3209,50.6777],[7.3629,50.6712],[7.3693,50.6725],[7.3721,50.6821],[7.3571,50.6979]]]},"properties":{"AGS":"05382024","GEN":"Königswinter","SN_L":"05"}},
{"type":"Feature","geometry":{"type":"Polygon","coordinates":[[[7.3017,50.9069],[7.2751,50.911],[7.249,50.9282],[7.2377,50.9189],[7.2283,50.9003],[7.2093,50.8922],[7.1984,50.8753],[7.191,50.8733],[7.213,50.8554],[7.191,50.8273],[7.1948,50.8236],[7.2213,50.8136],[7.2488,50.8131],[7.2831,50.8281],[7.2893,50.8439],[7.2994,50.8553],[7.2756,50.8634],[7.2813,50.875],[7.3063,50.8862],[7.3017,50.9069]]]},"properties":{"AGS":"05382028","GEN":"Lohmar","SN_L":"05"}},
{"type":"Feature","geometry":{"type":"Polygon","coordinates":[[[7.064,50.6323],[7.0269,50.655],[7.0249,50.6651],[7.0189,50.6665],[6.9928,50.6495],[7.0141,50.6421],[6.9872,50.6301],[7.0081,50.6112],[6.9909,50.5948],[6.9563,50.577],[6.9836,50.5657],[6.9981,50.565],[7.0468,50.6019],[7.0379,50.6054],[7.0425,50.6167],[7.0642,50.6244],[7.064,50.6323]]]},"properties":{"AGS":"05382032","GEN":"Meckenheim","SN_L":"05"}},
{"type":"Feature","geometry":{"type":"Polygon","coordinates":[[[7.4281,50.9478],[7.3985,50.9498],[7.3858,50.9343],[7.3682,50.9358],[7.3458,50.9122],[7.3195,50.9153],[7.3034,50.9073],[7.3313,50.9044],[7.344,50.8952],[7.3424,50.8841],[7.3616,50.8755],[7.3785,50.8608],[7.4028,50.8544],[7.4064,50.8453],[7.4381,50.8496],[7.4473,50.8676],[7.4622,50.8787],[7.468,50.898],[7.479,50.9106],[7.4614,50.9315],[7.4394,50.9466],[7.4281,50.9478]]]},"properties":{"AGS":"05382036","GEN":"Much","SN_L":"05"}},
{"type":"Feature","geometry":{"type":"Polygon","coordinates":[[[7.3034,50.9073],[7.3017,50.9069],[7.3063,50.8862],[7.2813,50.875],[7.2756,50.8634],[7.2994,50.8553],[7.2893,50.8439],[7.2831,50.8281],[7.3082,50.8184],[7.2975,50.8128],[7.317,50.8131],[7.338,50.8081],[7.3555,50.8158],[7.3753,50.8415],[7.3911,50.8477],[7.4064,50.8453],[7.4028,50.8544],[7.3785,50.8608],[7.3616,50.8755],[7.3424,50.8841],[7.344,50.8952],[7.3313,50.9044],[7.3034,50.9073]]]},"properties":{"AGS":"05382040","GEN":"Neunkirchen-Seelscheid","SN_L":"05"}},
{"type":"Feature","geometry":{"type":"Polygon","coordinates":[[[7.0906,50.8333],[7.0624,50.8296],[7.0613,50.8442],[7.051,50.8502],[7.0271,50.847],[7.0233,50.8393],[6.9952,50.8363],[6.9809,50.8409],[6.9802,50.8329],[6.9947,50.8252],[7.025,50.8183],[7.0302,50.8007],[7.0359,50.7855],[7.066,50.7711],[7.0769,50.7686],[7.0782,50.7853],[7.0891,50.79],[7.0851,50.799],[7.0944,50.8047],[7.085,50.8172],[7.1007,50.82],[7.0906,50.8333]]]},"properties":{"AGS":"05382044","GEN":"Niederkassel","SN_L":"05"}},
{"type":"Feature","geometry":{"type":"Polygon","coordinates":[[[7.0189,50.6665],[6.9967,50.6733],[6.976,50.6545],[6.9647,50.6601],[6.9356,50.6559],[6.9112,50.6617],[6.8988,50.6504],[6.8985,50.6357],[6.9155,50.6268],[6.9082,50.6126],[6.8849,50.6003],[6.8913,50.5874],[6.8909,50.5745],[6.9139,50.5714],[6.9215,50.5653],[6.9279,50.5586],[6.9514,50.5634],[6.9721,50.5559],[6.9836,50.5657],[6.9563,50.577],[6.9909,50.5948],[7.0081,50.6112],[6.9872,50.6301],[7.0141,50.6421],[6.9928,50.6495],[7.0189,50.6665]]]},"properties":{"AGS":"05382048","GEN":"Rheinbach","SN_L":"05"}},
{"type":"Feature","geometry":{"type":"Polygon","coordinates":[[[7.4622,50.8787],[7.4473,50.8676],[7.4381,50.8496],[7.4064,50.8453],[7.3911,50.8477],[7.3753,50.8415],[7.3555,50.8158],[7.338,50.8081],[7.3465,50.7994],[7.3635,50.8034],[7.3714,50.7932],[7.3691,50.7797],[7.3818,50.7778],[7.38,50.7854],[7.392,50.7991],[7.4407,50.8132],[7.4737,50.8176],[7.5105,50.83],[7.5289,50.8334],[7.5292,50.8421],[7.5126,50.854],[7.4909,50.8742],[7.4622,50.8787]]]},"properties":{"AGS":"05382052","GEN":"Ruppichteroth","SN_L":"05"}},
{"type":"Feature","geometry":{"type":"Polygon","coordinates":[[[7.2425,50.7906],[7.233,50.7922],[7.2175,50.7804],[7.1922,50.7904],[7.175,50.8005],[7.1497,50.7965],[7.1253,50.7744],[7.1452,50.7624],[7.207,50.7395],[7.2378,50.7478],[7.2453,50.7838],[7.2425,50.7906]]]},"properties":{"AGS":"05382056","GEN":"Sankt Augustin","SN_L":"05"}},
{"type":"Feature","geometry":{"type":"Polygon","coordinates":[[[7.2975,50.8128],[7.3082,50.8184],[7.2831,50.8281],[7.2488,50.8131],[7.2213,50.8136],[7.1948,50.8236],[7.175,50.8005],[7.1922,50.7904],[7.2175,50.7804],[7.233,50.7922],[7.2425,50.7906],[7.2577,50.797],[7.2807,50.792],[7.2802,50.8022],[7.2975,50.8128]]]},"properties":{"AGS":"05382060","GEN":"Siegburg","SN_L":"05"}},
{"type":"Feature","geometry":{"type":"Polygon","coordinates":[[[6.961,50.719],[6.9158,50.7341],[6.8826,50.7112],[6.8628,50.7074],[6.8556,50.6965],[6.8709,50.6893],[6.8755,50.6746],[6.8668,50.6697],[6.8633,50.6515],[6.8731,50.6386],[6.8985,50.6357],[6.8988,50.6504],[6.9112,50.6617],[6.9356,50.6559],[6.9647,50.6601],[6.976,50.6545],[6.9967,50.6733],[6.9923,50.687],[6.9778,50.6975],[6.9683,50.6961],[6.961,50.719]]]},"properties":{"AGS":"05382064","GEN":"Swisttal","SN_L":"05"}},
{"type":"Feature","geometry":{"type":"Polygon","coordinates":[[[7.191,50.8733],[7.1613,50.8673],[7.1376,50.858],[7.0906,50.8333],[7.1007,50.82],[7.085,50.8172],[7.0944,50.8047],[7.0851,50.799],[7.0891,50.79],[7.0782,50.7853],[7.0769,50.7686],[7.1068,50.7635],[7.1253,50.7744],[7.1497,50.7965],[7.175,50.8005],[7.1948,50.8236],[7.191,50.8273],[7.213,50.8554],[7.191,50.8733]]]},"properties":{"AGS":"05382068","GEN":"Troisdorf","SN_L":"05"}},
{"type":"Feature","geometry":{"type":"Polygon","coordinates":[[[7.1952,50.6427],[7.1861,50.6502],[7.1564,50.6547],[7.128,50.6473],[7.1206,50.6567],[7.1062,50.659],[7.0767,50.6428],[7.064,50.6323],[7.0642,50.6244],[7.0425,50.6167],[7.0379,50.6054],[7.0468,50.6019],[7.0663,50.6007],[7.069,50.5927],[7.0908,50.5859],[7.1047,50.5924],[7.1194,50.6123],[7.1312,50.6037],[7.1479,50.6003],[7.1547,50.6147],[7.1898,50.6239],[7.1952,50.6427]]]},"properties":{"AGS":"05382072","GEN":"Wachtberg","SN_L":"05"}},
{"type":"Feature","geometry":{"type":"Polygon","coordinates":[[[7.6474,50.8349],[7.6354,50.8273],[7.61,50.8314],[7.5995,50.8277],[7.5824,50.8339],[7.5735,50.8425],[7.5484,50.8307],[7.5289,50.8334],[7.5105,50.83],[7.4737,50.8176],[7.4728,50.8044],[7.4869,50.793],[7.4837,50.7857],[7.4974,50.774],[7.5048,50.7575],[7.5346,50.7403],[7.5584,50.743],[7.5893,50.7403],[7.5931,50.7464],[7.5915,50.7558],[7.601,50.7663],[7.6141,50.7681],[7.6578,50.7699],[7.6595,50.7707],[7.66,50.7856],[7.6778,50.7817],[7.681,50.7936],[7.6822,50.7954],[7.661,50.8204],[7.6474,50.8349]]]},"properties":{"AGS":"05382076","GEN":"Windeck","SN_L":"05"}},
{"type":"Feature","geometry":{"type":"Polygon","coordinates":[[[6.9827,51.6233],[6.9573,51.6368],[6.9478,51.6346],[6.9308,51.6446],[6.9023,51.6357],[6.8677,51.6311],[6.8715,51.6222],[6.8514,51.6072],[6.8626,51.6008],[6.8586,51.5897],[6.8332,51.5796],[6.8673,51.5638],[6.8686,51.5525],[6.8852,51.5362],[6.8939,51.5164],[6.9096,51.5031],[6.9284,51.498],[6.9783,51.505],[6.9942,51.5217],[6.9987,51.5337],[6.9804,51.5458],[6.9595,51.548],[6.9199,51.564],[6.9318,51.5767],[6.9295,51.5846],[6.9492,51.5902],[6.9804,51.6066],[6.9827,51.6233]]]},"properties":{"AGS":"05512000","GEN":"Bottrop","SN_L":"05"}},
{"type":"Feature","geometry":{"type":"Polygon","coordinates":[[[7.0324,51.6308],[7.0188,51.6259],[6.9877,51.6228],[6.9967,51.6206],[6.993,51.5976],[7.0131,51.5869],[7.0112,51.5752],[7.0199,51.5527],[7.0288,51.5451],[7.0102,51.5327],[7.0207,51.5181],[7.0503,51.5113],[7.0711,51.485],[7.1042,51.4813],[7.1375,51.4906],[7.1394,51.5055],[7.1445,51.5131],[7.1243,51.5468],[7.1451,51.5522],[7.1386,51.5721],[7.1058,51.5941],[7.0751,51.5889],[7.0773,51.6053],[7.0673,51.6151],[7.0325,51.625],[7.0324,51.6308]]]},"properties":{"AGS":"05513000","GEN":"Gelsenkirchen","SN_L":"05"}},
{"type":"Feature","geometry":{"type":"Polygon","coordinates":[[[7.7041,52.0344],[7.6908,52.0327],[7.6681,52.0477],[7.6533,52.0516],[7.6297,52.0438],[7.6166,52.0545],[7.5988,52.0602],[7.5545,52.0419],[7.5319,52.0326],[7.5351,52.0205],[7.5133,52.0089],[7.5124,51.9997],[7.5212,51.9781],[7.4976,51.9681],[7.4777,51.955],[7.4753,51.9397],[7.4828,51.9416],[7.5102,51.9359],[7.5057,51.9136],[7.5144,51.8956],[7.5353,51.9011],[7.5351,51.8883],[7.5471,51.8711],[7.5559,51.8682],[7.578,51.8468],[7.6006,51.8436],[7.6132,51.8406],[7.6177,51.8569],[7.6307,51.854],[7.647,51.8608],[7.6373,51.8675],[7.6487,51.8765],[7.6803,51.877],[7.6953,51.8714],[7.7069,51.8812],[7.6909,51.8922],[7.6899,51.9013],[7.7039,51.9063],[7.7425,51.8979],[7.7583,51.8978],[7.7739,51.9203],[7.7686,51.9303],[7.7585,51.9419],[7.745,51.9481],[7.7449,51.9654],[7.7344,51.9683],[7.7338,51.98],[7.7486,51.9969],[7.7323,52.0064],[7.7364,52.0122],[7.7127,52.0344],[7.7041,52.0344]]]},"properties":{"AGS":"05515000","GEN":"Münster","SN_L":"05"}},
{"type":"Feature","geometry":{"type":"Polygon","coordinates":[[[7.0273,52.1359],[7.0162,52.1395],[6.9916,52.1605],[6.9666,52.1633],[6.9489,52.1804],[6.9121,52.1772],[6.882,52.1559],[6.8728,52.1322],[6.867,52.128],[6.8948,52.1117],[6.8988,52.0993],[6.8757,52.0851],[6.8977,52.0716],[6.9109,52.0446],[6.9265,52.0464],[6.9534,52.0258],[6.9686,52.0293],[6.9918,52.0253],[7.0391,52.0212],[7.046,52.0537],[7.0631,52.0693],[7.0671,52.08],[7.0319,52.0925],[7.0183,52.1018],[7.0146,52.112],[7.0311,52.1268],[7.0273,52.1359]]]},"properties":{"AGS":"05554004","GEN":"Ahaus","SN_L":"05"}},
{"type":"Feature","geometry":{"type":"Polygon","coordinates":[[[6.7211,51.8965],[6.6923,51.9146],[6.6745,51.9159],[6.6376,51.9044],[6.5856,51.8939],[6.5561,51.8818],[6.5524,51.8862],[6.5008,51.8625],[6.4726,51.8538],[6.494,51.8463],[6.5088,51.8456],[6.5248,51.8102],[6.5688,51.7898],[6.5867,51.7954],[6.6082,51.7944],[6.6322,51.7993],[6.6487,51.7938],[6.6449,51.8139],[6.6597,51.8301],[6.669,51.8498],[6.6628,51.8629],[6.668,51.8737],[6.7085,51.8846],[6.7211,51.8965]]]},"properties":{"AGS":"05554008","GEN":"Bocholt","SN_L":"05"}},
{"type":"Feature","geometry":{"type":"Polygon","coordinates":[[[6.8795,51.9301],[6.8516,51.9302],[6.8475,51.9236],[6.7948,51.9106],[6.7541,51.9123],[6.7432,51.9054],[6.7498,51.8845],[6.7657,51.8731],[6.7603,51.8499],[6.7356,51.8408],[6.7412,51.8135],[6.7496,51.8042],[6.7479,51.7935],[6.758,51.7891],[6.7838,51.7952],[6.7986,51.8027],[6.8381,51.7994],[6.8497,51.7957],[6.8763,51.7759],[6.8956,51.7745],[6.917,51.7776],[6.9199,51.7777],[6.9205,51.8053],[6.91,51.8071],[6.9021,51.826],[6.89,51.8375],[6.913,51.8509],[6.8992,51.8641],[6.902,51.8788],[6.8899,51.8886],[6.9092,51.9089],[6.8912,51.9183],[6.8795,51.9301]]]},"properties":{"AGS":"05554012","GEN":"Borken","SN_L":"05"}},
{"type":"Feature","geometry":{"type":"Polygon","coordinates":[[[7.0901,51.9742],[7.0765,51.983],[7.0564,51.9891],[7.054,52.0039],[7.0489,52.005],[7.0462,51.9979],[6.9769,51.981],[6.9309,51.9653],[6.9279,51.939],[6.9749,51.9405],[6.9962,51.9353],[7.0021,51.9093],[7.01,51.9073],[7.0201,51.8836],[7.0473,51.8869],[7.0557,51.8883],[7.0595,51.9011],[7.0682,51.9051],[7.0804,51.9254],[7.0783,51.9467],[7.0863,51.953],[7.0901,51.9742]]]},"properties":{"AGS":"05554016","GEN":"Gescher","SN_L":"05"}},
{"type":"Feature","geometry":{"type":"Polygon","coordinates":[[[7.0993,52.1969],[7.0966,52.2085],[7.0991,52.2431],[7.0659,52.2413],[7.061,52.2348],[7.0192,52.225],[7.0035,52.2285],[6.985,52.225],[6.9742,52.2052],[6.9489,52.1804],[6.9666,52.1633],[6.9916,52.1605],[7.0162,52.1395],[7.0273,52.1359],[7.0564,52.1368],[7.0728,52.1611],[7.0995,52.1718],[7.0993,52.1969]]]},"properties":{"AGS":"05554020","GEN":"Gronau (Westf.)","SN_L":"05"}},
{"type":"Feature","geometry":{"type":"Polygon","coordinates":[[[7.1505,52.1659],[7.0993,52.1969],[7.0995,52.1718],[7.0728,52.1611],[7.0564,52.1368],[7.0273,52.1359],[7.0311,52.1268],[7.0146,52.112],[7.0183,52.1018],[7.0319,52.0925],[7.0671,52.08],[7.1022,52.0893],[7.1093,52.0968],[7.1454,52.1066],[7.1605,52.1139],[7.1759,52.1287],[7.1514,52.1365],[7.1353,52.1548],[7.1505,52.1659]]]},"properties":{"AGS":"05554024","GEN":"Heek","SN_L":"05"}},
{"type":"Feature","geometry":{"type":"Polygon","coordinates":[[[7.0217,51.867],[6.988,51.8701],[6.9675,51.8568],[6.9528,51.8569],[6.913,51.8509],[6.89,51.8375],[6.9021,51.826],[6.91,51.8071],[6.9205,51.8053],[6.9199,51.7777],[6.9557,51.7718],[6.9726,51.7965],[6.9803,51.7993],[7.0047,51.8327],[7.0109,51.8554],[7.0217,51.867]]]},"properties":{"AGS":"05554028","GEN":"Heiden","SN_L":"05"}},
{"type":"Feature","geometry":{"type":"Polygon","coordinates":[[[6.4726,51.8538],[6.4511,51.8653],[6.4286,51.8651],[6.3921,51.874],[6.3881,51.862],[6.4092,51.8523],[6.4024,51.8433],[6.4078,51.8281],[6.4331,51.8028],[6.4655,51.8049],[6.4902,51.8114],[6.5112,51.8135],[6.5248,51.8102],[6.5088,51.8456],[6.494,51.8463],[6.4726,51.8538]]]},"properties":{"AGS":"05554032","GEN":"Isselburg","SN_L":"05"}},
{"type":"Feature","geometry":{"type":"Polygon","coordinates":[[[7.1022,52.0893],[7.0671,52.08],[7.0631,52.0693],[7.046,52.0537],[7.0391,52.0212],[7.0489,52.005],[7.054,52.0039],[7.0695,52.0117],[7.0977,52.0063],[7.1231,52.014],[7.1434,52.0347],[7.1518,52.0338],[7.1688,52.0466],[7.1814,52.0475],[7.1755,52.0583],[7.1431,52.0734],[7.1222,52.0724],[7.1022,52.0893]]]},"properties":{"AGS":"05554036","GEN":"Legden","SN_L":"05"}},
{"type":"Feature","geometry":{"type":"Polygon","coordinates":[[[6.917,51.7776],[6.8956,51.7745],[6.8763,51.7759],[6.8497,51.7957],[6.8381,51.7994],[6.7986,51.8027],[6.7838,51.7952],[6.758,51.7891],[6.7557,51.7758],[6.7692,51.7661],[6.773,51.7461],[6.8187,51.7427],[6.8271,51.7298],[6.8401,51.7357],[6.858,51.7289],[6.9109,51.7461],[6.9097,51.7551],[6.917,51.7776]]]},"properties":{"AGS":"05554040","GEN":"Raesfeld","SN_L":"05"}},
{"type":"Feature","geometry":{"type":"Polygon","coordinates":[[[7.1002,51.8461],[7.0828,51.8552],[7.0773,51.8708],[7.0557,51.8883],[7.0473,51.8869],[7.0417,51.8706],[7.0217,51.867],[7.0109,51.8554],[7.0047,51.8327],[6.9803,51.7993],[7.0201,51.8],[7.024,51.7896],[7.0605,51.7769],[7.0756,51.7774],[7.1129,51.7876],[7.1338,51.8039],[7.1725,51.8215],[7.1251,51.8318],[7.1002,51.8461]]]},"properties":{"AGS":"05554044","GEN":"Reken","SN_L":"05"}},
{"type":"Feature","geometry":{"type":"Polygon","coordinates":[[[6.7432,51.9054],[6.7211,51.8965],[6.7085,51.8846],[6.668,51.8737],[6.6628,51.8629],[6.669,51.8498],[6.6597,51.8301],[6.6449,51.8139],[6.6487,51.7938],[6.6685,51.7771],[6.7,51.7774],[6.7225,51.7684],[6.7467,51.7701],[6.7557,51.7758],[6.758,51.7891],[6.7479,51.7935],[6.7496,51.8042],[6.7412,51.8135],[6.7356,51.8408],[6.7603,51.8499],[6.7657,51.8731],[6.7498,51.8845],[6.7432,51.9054]]]},"properties":{"AGS":"05554048","GEN":"Rhede","SN_L":"05"}},
{"type":"Feature","geometry":{"type":"Polygon","coordinates":[[[7.2511,52.1196],[7.2162,52.116],[7.1759,52.1287],[7.1605,52.1139],[7.1454,52.1066],[7.1093,52.0968],[7.1022,52.0893],[7.1222,52.0724],[7.1431,52.0734],[7.1755,52.0583],[7.1814,52.0475],[7.2453,52.0433],[7.2498,52.0513],[7.2677,52.0584],[7.2745,52.0712],[7.2603,52.0821],[7.2698,52.0911],[7.2647,52.1036],[7.2511,52.1196]]]},"properties":{"AGS":"05554052","GEN":"Schöppingen","SN_L":"05"}},
{"type":"Feature","geometry":{"type":"Polygon","coordinates":[[[7.0391,52.0212],[6.9918,52.0253],[6.9686,52.0293],[6.9534,52.0258],[6.9265,52.0464],[6.9109,52.0446],[6.8808,52.0312],[6.8678,52.0208],[6.8671,52.0116],[6.8456,51.9961],[6.83,51.9942],[6.8409,51.9823],[6.8682,51.9695],[6.9086,51.962],[6.9309,51.9653],[6.9769,51.981],[7.0462,51.9979],[7.0489,52.005],[7.0391,52.0212]]]},"properties":{"AGS":"05554056","GEN":"Stadtlohn","SN_L":"05"}},
{"type":"Feature","geometry":{"type":"Polygon","coordinates":[[[6.9309,51.9653],[6.9086,51.962],[6.8682,51.9695],[6.8409,51.9823],[6.83,51.9942],[6.8266,51.9935],[6.8324,51.9703],[6.8285,51.9641],[6.7986,51.9588],[6.794,51.9351],[6.77,51.9162],[6.7541,51.9123],[6.7948,51.9106],[6.8475,51.9236],[6.8516,51.9302],[6.8795,51.9301],[6.9148,51.9421],[6.9279,51.939],[6.9309,51.9653]]]},"properties":{"AGS":"05554060","GEN":"Südlohn","SN_L":"05"}},
{"type":"Feature","geometry":{"type":"Polygon","coordinates":[[[6.9279,51.939],[6.9148,51.9421],[6.8795,51.9301],[6.8912,51.9183],[6.9092,51.9089],[6.8899,51.8886],[6.902,51.8788],[6.8992,51.8641],[6.913,51.8509],[6.9528,51.8569],[6.9675,51.8568],[6.988,51.8701],[7.0217,51.867],[7.0417,51.8706],[7.0473,51.8869],[7.0201,51.8836],[7.01,51.9073],[7.0021,51.9093],[6.9962,51.9353],[6.9749,51.9405],[6.9279,51.939]]]},"properties":{"AGS":"05554064","GEN":"Velen","SN_L":"05"}},
{"type":"Feature","geometry":{"type":"Polygon","coordinates":[[[6.9109,52.0446],[6.8977,52.0716],[6.8757,52.0851],[6.8988,52.0993],[6.8948,52.1117],[6.867,52.128],[6.8554,52.1204],[6.8213,52.1182],[6.7606,52.1187],[6.7576,52.0994],[6.7445,52.0931],[6.7512,52.0855],[6.7356,52.0747],[6.7143,52.0729],[6.6968,52.0673],[6.6879,52.0524],[6.6877,52.0399],[6.7147,52.0399],[6.7526,52.0286],[6.8115,51.9981],[6.8266,51.9935],[6.83,51.9942],[6.8456,51.9961],[6.8671,52.0116],[6.8678,52.0208],[6.8808,52.0312],[6.9109,52.0446]]]},"properties":{"AGS":"05554068","GEN":"Vreden","SN_L":"05"}},
{"type":"Feature","geometry":{"type":"Polygon","coordinates":[[[7.6132,51.8406],[7.6006,51.8436],[7.5676,51.8298],[7.5824,51.8148],[7.564,51.8014],[7.5696,51.786],[7.5533,51.7758],[7.5726,51.7574],[7.5868,51.7544],[7.6121,51.7374],[7.6278,51.7234],[7.6266,51.7137],[7.6546,51.7132],[7.6681,51.7229],[7.6872,51.7289],[7.7019,51.7124],[7.7192,51.7186],[7.7358,51.7374],[7.7283,51.7511],[7.7126,51.75],[7.7137,51.7616],[7.6938,51.7863],[7.684,51.7851],[7.6873,51.8042],[7.6798,51.8052],[7.6628,51.8246],[7.6416,51.8246],[7.6132,51.8406]]]},"properties":{"AGS":"05558004","GEN":"Ascheberg","SN_L":"05"}},
{"type":"Feature","geometry":{"type":"Polygon","coordinates":[[[7.4064,52.0404],[7.3929,52.037],[7.3815,52.0271],[7.3699,52.0273],[7.3556,52.0378],[7.3343,52.0395],[7.3095,52.0149],[7.3113,52.0025],[7.3023,51.9995],[7.2816,52.0079],[7.2375,52.0115],[7.2286,51.9936],[7.2139,51.9879],[7.2289,51.973],[7.2117,51.9617],[7.2346,51.9405],[7.2556,51.9374],[7.2834,51.9473],[7.3112,51.9538],[7.3214,51.9435],[7.3416,51.957],[7.3392,51.9649],[7.3656,51.9706],[7.3776,51.9821],[7.3732,51.9939],[7.393,51.9973],[7.4276,52.0094],[7.4344,52.0204],[7.4221,52.0352],[7.4064,52.0404]]]},"properties":{"AGS":"05558008","GEN":"Billerbeck","SN_L":"05"}},
{"type":"Feature","geometry":{"type":"Polygon","coordinates":[[[7.2139,51.9879],[7.1906,51.9771],[7.1721,51.9793],[7.1453,51.9755],[7.0901,51.9742],[7.0863,51.953],[7.0783,51.9467],[7.0804,51.9254],[7.0682,51.9051],[7.0595,51.9011],[7.0557,51.8883],[7.0773,51.8708],[7.0828,51.8552],[7.1002,51.8461],[7.109,51.8539],[7.1335,51.8559],[7.1941,51.8662],[7.2447,51.8932],[7.2267,51.9094],[7.2394,51.9117],[7.2618,51.9264],[7.2556,51.9374],[7.2346,51.9405],[7.2117,51.9617],[7.2289,51.973],[7.2139,51.9879]]]},"properties":{"AGS":"05558012","GEN":"Coesfeld","SN_L":"05"}},
{"type":"Feature","geometry":{"type":"Polygon","coordinates":[[[7.4255,51.8771],[7.4054,51.8857],[7.3929,51.8787],[7.3742,51.8901],[7.3562,51.8959],[7.3112,51.8883],[7.304,51.9025],[7.2791,51.9014],[7.2618,51.9264],[7.2394,51.9117],[7.2267,51.9094],[7.2447,51.8932],[7.1941,51.8662],[7.1335,51.8559],[7.109,51.8539],[7.1002,51.8461],[7.1251,51.8318],[7.1725,51.8215],[7.1896,51.8219],[7.2613,51.7988],[7.2623,51.783],[7.2717,51.7792],[7.2823,51.7854],[7.3404,51.7918],[7.3514,51.7974],[7.4186,51.8178],[7.4333,51.8315],[7.422,51.8383],[7.4261,51.858],[7.4255,51.8771]]]},"properties":{"AGS":"05558016","GEN":"Dülmen","SN_L":"05"}},
{"type":"Feature","geometry":{"type":"Polygon","coordinates":[[[7.5124,51.9997],[7.475,51.9949],[7.4587,52.0048],[7.4336,52.0014],[7.4276,52.0094],[7.393,51.9973],[7.3732,51.9939],[7.3776,51.9821],[7.3656,51.9706],[7.3752,51.965],[7.4095,51.9546],[7.4402,51.9318],[7.4459,51.9357],[7.4753,51.9397],[7.4777,51.955],[7.4976,51.9681],[7.5212,51.9781],[7.5124,51.9997]]]},"properties":{"AGS":"05558020","GEN":"Havixbeck","SN_L":"05"}},
{"type":"Feature","geometry":{"type":"Polygon","coordinates":[[[7.5342,51.7719],[7.5342,51.7844],[7.5269,51.8095],[7.5031,51.8224],[7.4673,51.8223],[7.4333,51.8315],[7.4186,51.8178],[7.3514,51.7974],[7.3404,51.7918],[7.2823,51.7854],[7.2717,51.7792],[7.2589,51.7733],[7.2747,51.7599],[7.2802,51.7492],[7.3102,51.7463],[7.3211,51.737],[7.3507,51.7384],[7.3687,51.7429],[7.3744,51.7337],[7.391,51.7391],[7.3993,51.7273],[7.4126,51.7308],[7.4339,51.7215],[7.4728,51.7352],[7.4811,51.7244],[7.4887,51.7327],[7.511,51.7441],[7.5132,51.7569],[7.5342,51.7719]]]},"properties":{"AGS":"05558024","GEN":"Lüdinghausen","SN_L":"05"}},
{"type":"Feature","geometry":{"type":"Polygon","coordinates":[[[7.6266,51.7137],[7.6278,51.7234],[7.6121,51.7374],[7.5868,51.7544],[7.5726,51.7574],[7.5533,51.7758],[7.5342,51.7719],[7.5132,51.7569],[7.511,51.7441],[7.4887,51.7327],[7.4811,51.7244],[7.5174,51.7214],[7.5181,51.7074],[7.5454,51.6858],[7.5678,51.6983],[7.5882,51.7004],[7.6137,51.7115],[7.6266,51.7137]]]},"properties":{"AGS":"05558028","GEN":"Nordkirchen","SN_L":"05"}},
{"type":"Feature","geometry":{"type":"Polygon","coordinates":[[[7.4402,51.9318],[7.4095,51.9546],[7.3752,51.965],[7.3656,51.9706],[7.3392,51.9649],[7.3416,51.957],[7.3214,51.9435],[7.3112,51.9538],[7.2834,51.9473],[7.2556,51.9374],[7.2618,51.9264],[7.2791,51.9014],[7.304,51.9025],[7.3112,51.8883],[7.3562,51.8959],[7.3742,51.8901],[7.3929,51.8787],[7.4054,51.8857],[7.4255,51.8771],[7.4502,51.893],[7.4623,51.8966],[7.4309,51.9246],[7.4402,51.9318]]]},"properties":{"AGS":"05558032","GEN":"Nottuln","SN_L":"05"}},
{"type":"Feature","geometry":{"type":"Polygon","coordinates":[[[7.4339,51.7215],[7.4126,51.7308],[7.3993,51.7273],[7.391,51.7391],[7.3744,51.7337],[7.3687,51.7429],[7.3507,51.7384],[7.3211,51.737],[7.2995,51.7126],[7.3091,51.7032],[7.3265,51.7019],[7.3404,51.6884],[7.3592,51.6805],[7.3801,51.6781],[7.3916,51.6694],[7.4096,51.6646],[7.4113,51.6711],[7.4347,51.6683],[7.4464,51.6746],[7.4517,51.6898],[7.4378,51.704],[7.4212,51.7096],[7.4339,51.7215]]]},"properties":{"AGS":"05558036","GEN":"Olfen","SN_L":"05"}},
{"type":"Feature","geometry":{"type":"Polygon","coordinates":[[[7.2921,52.0578],[7.2677,52.0584],[7.2498,52.0513],[7.2453,52.0433],[7.1814,52.0475],[7.1688,52.0466],[7.1518,52.0338],[7.1434,52.0347],[7.1231,52.014],[7.0977,52.0063],[7.0695,52.0117],[7.054,52.0039],[7.0564,51.9891],[7.0765,51.983],[7.0901,51.9742],[7.1453,51.9755],[7.1721,51.9793],[7.1906,51.9771],[7.2139,51.9879],[7.2286,51.9936],[7.2375,52.0115],[7.2816,52.0079],[7.3023,51.9995],[7.3113,52.0025],[7.3095,52.0149],[7.3343,52.0395],[7.3265,52.0383],[7.2907,52.0506],[7.2921,52.0578]]]},"properties":{"AGS":"05558040","GEN":"Rosendahl","SN_L":"05"}},
{"type":"Feature","geometry":{"type":"Polygon","coordinates":[[[7.6006,51.8436],[7.578,51.8468],[7.5559,51.8682],[7.5471,51.8711],[7.5351,51.8883],[7.5353,51.9011],[7.5144,51.8956],[7.5057,51.9136],[7.5102,51.9359],[7.4828,51.9416],[7.4753,51.9397],[7.4459,51.9357],[7.4402,51.9318],[7.4309,51.9246],[7.4623,51.8966],[7.4502,51.893],[7.4255,51.8771],[7.4261,51.858],[7.422,51.8383],[7.4333,51.8315],[7.4673,51.8223],[7.5031,51.8224],[7.5269,51.8095],[7.5342,51.7844],[7.5342,51.7719],[7.5533,51.7758],[7.5696,51.786],[7.564,51.8014],[7.5824,51.8148],[7.5676,51.8298],[7.6006,51.8436]]]},"properties":{"AGS":"05558044","GEN":"Senden","SN_L":"05"}},
{"type":"Feature","geometry":{"type":"Polygon","coordinates":[[[7.3207,51.6164],[7.2968,51.6271],[7.2854,51.6203],[7.2813,51.6086],[7.2948,51.5951],[7.2828,51.5868],[7.2561,51.582],[7.2417,51.5734],[7.2497,51.5647],[7.2635,51.5626],[7.2963,51.5418],[7.294,51.532],[7.3146,51.5223],[7.3358,51.5207],[7.3638,51.5298],[7.3489,51.5443],[7.3542,51.5516],[7.3519,51.5669],[7.3385,51.5765],[7.3537,51.5834],[7.37,51.5822],[7.3717,51.5908],[7.3423,51.6096],[7.3207,51.6164]]]},"properties":{"AGS":"05562004","GEN":"Castrop-Rauxel","SN_L":"05"}},
{"type":"Feature","geometry":{"type":"Polygon","coordinates":[[[7.2995,51.7126],[7.2807,51.7108],[7.2564,51.6993],[7.2463,51.7027],[7.24,51.6903],[7.2564,51.6803],[7.273,51.6604],[7.2974,51.6487],[7.2866,51.6287],[7.2722,51.6242],[7.2854,51.6203],[7.2968,51.6271],[7.3207,51.6164],[7.3365,51.6278],[7.3535,51.6233],[7.3684,51.6479],[7.3872,51.6513],[7.4102,51.6461],[7.4221,51.6563],[7.4177,51.6622],[7.4096,51.6646],[7.3916,51.6694],[7.3801,51.6781],[7.3592,51.6805],[7.3404,51.6884],[7.3265,51.7019],[7.3091,51.7032],[7.2995,51.7126]]]},"properties":{"AGS":"05562008","GEN":"Datteln","SN_L":"05"}},
{"type":"Feature","geometry":{"type":"Polygon","coordinates":[[[7.0756,51.7774],[7.0605,51.7769],[7.024,51.7896],[7.0201,51.8],[6.9803,51.7993],[6.9726,51.7965],[6.9557,51.7718],[6.9199,51.7777],[6.917,51.7776],[6.9097,51.7551],[6.9109,51.7461],[6.9378,51.7188],[6.9372,51.7043],[6.9153,51.6985],[6.912,51.6781],[6.8943,51.6557],[6.9023,51.6357],[6.9308,51.6446],[6.9478,51.6346],[6.9573,51.6368],[6.9827,51.6233],[6.9877,51.6228],[7.0188,51.6259],[7.0324,51.6308],[7.0362,51.6497],[7.0216,51.6697],[7.0312,51.6723],[7.0529,51.691],[7.0518,51.6954],[7.0474,51.6999],[7.0782,51.7135],[7.0749,51.7203],[7.0804,51.7362],[7.0807,51.7555],[7.0882,51.7651],[7.0756,51.7774]]]},"properties":{"AGS":"05562012","GEN":"Dorsten","SN_L":"05"}},
{"type":"Feature","geometry":{"type":"Polygon","coordinates":[[[7.0102,51.5327],[7.0288,51.5451],[7.0199,51.5527],[7.0112,51.5752],[7.0131,51.5869],[6.993,51.5976],[6.9967,51.6206],[6.9877,51.6228],[6.9827,51.6233],[6.9804,51.6066],[6.9492,51.5902],[6.9295,51.5846],[6.9318,51.5767],[6.9199,51.564],[6.9595,51.548],[6.9804,51.5458],[6.9987,51.5337],[7.0102,51.5327]]]},"properties":{"AGS":"05562014","GEN":"Gladbeck","SN_L":"05"}},
{"type":"Feature","geometry":{"type":"Polygon","coordinates":[[[7.2717,51.7792],[7.2623,51.783],[7.2613,51.7988],[7.1896,51.8219],[7.1725,51.8215],[7.1338,51.8039],[7.1129,51.7876],[7.0756,51.7774],[7.0882,51.7651],[7.0807,51.7555],[7.0804,51.7362],[7.0749,51.7203],[7.0782,51.7135],[7.0474,51.6999],[7.0518,51.6954],[7.0913,51.7065],[7.1138,51.705],[7.119,51.7145],[7.1349,51.7194],[7.1589,51.7121],[7.1548,51.7046],[7.1885,51.6969],[7.1992,51.6982],[7.228,51.6973],[7.2463,51.7027],[7.2564,51.6993],[7.2807,51.7108],[7.2995,51.7126],[7.3211,51.737],[7.3102,51.7463],[7.2802,51.7492],[7.2747,51.7599],[7.2589,51.7733],[7.2717,51.7792]]]},"properties":{"AGS":"05562016","GEN":"Haltern am See","SN_L":"05"}},
{"type":"Feature","geometry":{"type":"Polygon","coordinates":[[[7.1796,51.5527],[7.1605,51.6063],[7.1568,51.6258],[7.1344,51.6334],[7.0755,51.6225],[7.0673,51.6151],[7.0773,51.6053],[7.0751,51.5889],[7.1058,51.5941],[7.1386,51.5721],[7.1451,51.5522],[7.1796,51.5527]]]},"properties":{"AGS":"05562020","GEN":"Herten","SN_L":"05"}},
{"type":"Feature","geometry":{"type":"Polygon","coordinates":[[[7.1992,51.6982],[7.1885,51.6969],[7.1548,51.7046],[7.1589,51.7121],[7.1349,51.7194],[7.119,51.7145],[7.1138,51.705],[7.0913,51.7065],[7.0518,51.6954],[7.0529,51.691],[7.0312,51.6723],[7.0216,51.6697],[7.0362,51.6497],[7.0324,51.6308],[7.0325,51.625],[7.0673,51.6151],[7.0755,51.6225],[7.1344,51.6334],[7.1457,51.643],[7.1695,51.6488],[7.1976,51.6507],[7.2005,51.6727],[7.1903,51.6931],[7.1992,51.6982]]]},"properties":{"AGS":"05562024","GEN":"Marl","SN_L":"05"}},
{"type":"Feature","geometry":{"type":"Polygon","coordinates":[[[7.2722,51.6242],[7.2866,51.6287],[7.2974,51.6487],[7.273,51.6604],[7.2564,51.6803],[7.24,51.6903],[7.2463,51.7027],[7.228,51.6973],[7.1992,51.6982],[7.1903,51.6931],[7.2005,51.6727],[7.1976,51.6507],[7.2072,51.6498],[7.2418,51.6279],[7.2722,51.6242]]]},"properties":{"AGS":"05562028","GEN":"Oer-Erkenschwick","SN_L":"05"}},
{"type":"Feature","geometry":{"type":"Polygon","coordinates":[[[7.1976,51.6507],[7.1695,51.6488],[7.1457,51.643],[7.1344,51.6334],[7.1568,51.6258],[7.1605,51.6063],[7.1796,51.5527],[7.2245,51.5638],[7.2417,51.5734],[7.2561,51.582],[7.2828,51.5868],[7.2948,51.5951],[7.2813,51.6086],[7.2854,51.6203],[7.2722,51.6242],[7.2418,51.6279],[7.2072,51.6498],[7.1976,51.6507]]]},"properties":{"AGS":"05562032","GEN":"Recklinghausen","SN_L":"05"}},
{"type":"Feature","geometry":{"type":"Polygon","coordinates":[[[7.4573,51.6409],[7.4407,51.661],[7.4177,51.6622],[7.4221,51.6563],[7.4102,51.6461],[7.3872,51.6513],[7.3684,51.6479],[7.3535,51.6233],[7.3365,51.6278],[7.3207,51.6164],[7.3423,51.6096],[7.3717,51.5908],[7.3963,51.5873],[7.4179,51.5995],[7.4561,51.6119],[7.4652,51.6302],[7.4573,51.6409]]]},"properties":{"AGS":"05562036","GEN":"Waltrop","SN_L":"05"}},
{"type":"Feature","geometry":{"type":"Polygon","coordinates":[[[7.5328,52.0772],[7.506,52.0656],[7.4883,52.0694],[7.4516,52.063],[7.4317,52.0697],[7.4271,52.0894],[7.4179,52.0818],[7.4133,52.0573],[7.4041,52.0527],[7.4064,52.0404],[7.4221,52.0352],[7.4344,52.0204],[7.4276,52.0094],[7.4336,52.0014],[7.4587,52.0048],[7.475,51.9949],[7.5124,51.9997],[7.5133,52.0089],[7.5351,52.0205],[7.5319,52.0326],[7.5545,52.0419],[7.5328,52.0772]]]},"properties":{"AGS":"05566004","GEN":"Altenberge","SN_L":"05"}},
{"type":"Feature","geometry":{"type":"Polygon","coordinates":[[[7.5944,52.2245],[7.5866,52.2296],[7.563,52.226],[7.5431,52.2162],[7.5263,52.2194],[7.5219,52.2107],[7.5075,52.2037],[7.4692,52.1916],[7.4412,52.1935],[7.4325,52.1802],[7.4436,52.1736],[7.4539,52.1572],[7.4554,52.143],[7.4799,52.1404],[7.5116,52.1288],[7.5239,52.1313],[7.5596,52.1516],[7.5657,52.1446],[7.5874,52.1513],[7.607,52.1487],[7.6287,52.1518],[7.6214,52.1605],[7.5957,52.1696],[7.565,52.1723],[7.5573,52.1911],[7.5619,52.2037],[7.573,52.206],[7.5944,52.2245]]]},"properties":{"AGS":"05566008","GEN":"Emsdetten","SN_L":"05"}},
{"type":"Feature","geometry":{"type":"Polygon","coordinates":[[[7.6287,52.1518],[7.607,52.1487],[7.5874,52.1513],[7.5657,52.1446],[7.5596,52.1516],[7.5239,52.1313],[7.5399,52.1157],[7.5429,52.1062],[7.5355,52.0961],[7.55,52.0918],[7.5328,52.0772],[7.5545,52.0419],[7.5988,52.0602],[7.6166,52.0545],[7.6297,52.0438],[7.6533,52.0516],[7.6681,52.0477],[7.6908,52.0327],[7.7041,52.0344],[7.7265,52.0511],[7.7248,52.0626],[7.7531,52.0921],[7.7557,52.0983],[7.7385,52.1005],[7.7147,52.1134],[7.7098,52.1368],[7.6838,52.1373],[7.6714,52.1428],[7.6455,52.1428],[7.6287,52.1518]]]},"properties":{"AGS":"05566012","GEN":"Greven","SN_L":"05"}},
{"type":"Feature","geometry":{"type":"Polygon","coordinates":[[[7.6036,52.3415],[7.5703,52.3398],[7.5496,52.343],[7.539,52.359],[7.5431,52.368],[7.5348,52.3703],[7.5053,52.3611],[7.4639,52.3425],[7.477,52.3349],[7.4825,52.3235],[7.5101,52.3135],[7.5156,52.3182],[7.5366,52.3025],[7.5595,52.2794],[7.553,52.2593],[7.5796,52.2533],[7.5866,52.2296],[7.5944,52.2245],[7.6033,52.2189],[7.6534,52.2065],[7.6795,52.248],[7.681,52.2544],[7.6513,52.2718],[7.6468,52.2851],[7.6291,52.3012],[7.6141,52.3215],[7.6036,52.3415]]]},"properties":{"AGS":"05566016","GEN":"Hörstel","SN_L":"05"}},
{"type":"Feature","geometry":{"type":"Polygon","coordinates":[[[7.609,52.474],[7.5917,52.4649],[7.5643,52.4323],[7.6027,52.421],[7.6012,52.4139],[7.5828,52.4037],[7.5704,52.3786],[7.5542,52.3688],[7.5431,52.368],[7.539,52.359],[7.5496,52.343],[7.5703,52.3398],[7.6036,52.3415],[7.6256,52.3461],[7.6671,52.3689],[7.6717,52.3957],[7.6933,52.3955],[7.7138,52.401],[7.7023,52.4344],[7.6847,52.4559],[7.6674,52.4561],[7.609,52.474]]]},"properties":{"AGS":"05566020","GEN":"Hopsten","SN_L":"05"}},
{"type":"Feature","geometry":{"type":"Polygon","coordinates":[[[7.3541,52.0862],[7.3547,52.0919],[7.3343,52.1173],[7.3117,52.125],[7.2958,52.1386],[7.2719,52.1435],[7.2671,52.1369],[7.2418,52.1378],[7.2511,52.1196],[7.2647,52.1036],[7.2698,52.0911],[7.2603,52.0821],[7.2745,52.0712],[7.2677,52.0584],[7.2921,52.0578],[7.3186,52.0609],[7.3333,52.0735],[7.3521,52.0786],[7.3541,52.0862]]]},"properties":{"AGS":"05566024","GEN":"Horstmar","SN_L":"05"}},
{"type":"Feature","geometry":{"type":"Polygon","coordinates":[[[7.7298,52.3359],[7.6844,52.3232],[7.6775,52.3329],[7.6636,52.3315],[7.6256,52.3461],[7.6036,52.3415],[7.6141,52.3215],[7.6291,52.3012],[7.6468,52.2851],[7.6513,52.2718],[7.681,52.2544],[7.6795,52.248],[7.6534,52.2065],[7.6856,52.198],[7.7091,52.2163],[7.7273,52.2372],[7.7533,52.2442],[7.7695,52.2445],[7.7866,52.2392],[7.8007,52.2532],[7.8429,52.2623],[7.826,52.2743],[7.8077,52.2776],[7.762,52.2872],[7.7447,52.2993],[7.7341,52.3176],[7.7396,52.3247],[7.7298,52.3359]]]},"properties":{"AGS":"05566028","GEN":"Ibbenbüren","SN_L":"05"}},
{"type":"Feature","geometry":{"type":"Polygon","coordinates":[[[7.7227,52.178],[7.7005,52.1763],[7.7125,52.1544],[7.7098,52.1368],[7.7147,52.1134],[7.7385,52.1005],[7.7557,52.0983],[7.7955,52.1041],[7.8165,52.0938],[7.8499,52.0946],[7.8373,52.104],[7.8439,52.1161],[7.8143,52.1271],[7.7996,52.1375],[7.7814,52.1393],[7.7848,52.148],[7.7578,52.1707],[7.7227,52.178]]]},"properties":{"AGS":"05566032","GEN":"Ladbergen","SN_L":"05"}},
{"type":"Feature","geometry":{"type":"Polygon","coordinates":[[[7.4179,52.0818],[7.3931,52.0897],[7.3809,52.0855],[7.3541,52.0862],[7.3521,52.0786],[7.3333,52.0735],[7.3186,52.0609],[7.2921,52.0578],[7.2907,52.0506],[7.3265,52.0383],[7.3343,52.0395],[7.3556,52.0378],[7.3699,52.0273],[7.3815,52.0271],[7.3929,52.037],[7.4064,52.0404],[7.4041,52.0527],[7.4133,52.0573],[7.4179,52.0818]]]},"properties":{"AGS":"05566036","GEN":"Laer","SN_L":"05"}},
{"type":"Feature","geometry":{"type":"Polygon","coordinates":[[[7.903,52.1989],[7.8892,52.2018],[7.8532,52.2188],[7.8272,52.218],[7.8251,52.2083],[7.7811,52.2173],[7.7687,52.2139],[7.7599,52.201],[7.7227,52.178],[7.7578,52.1707],[7.7848,52.148],[7.7814,52.1393],[7.7996,52.1375],[7.8143,52.1271],[7.8439,52.1161],[7.8482,52.1235],[7.8669,52.1216],[7.8826,52.1413],[7.904,52.1551],[7.9287,52.1808],[7.9081,52.1899],[7.903,52.1989]]]},"properties":{"AGS":"05566040","GEN":"Lengerich","SN_L":"05"}},
{"type":"Feature","geometry":{"type":"Polygon","coordinates":[[[8.017,52.1721],[8.0075,52.176],[7.9743,52.1711],[7.9576,52.1769],[7.9388,52.1761],[7.9287,52.1808],[7.904,52.1551],[7.8826,52.1413],[7.8669,52.1216],[7.8482,52.1235],[7.8439,52.1161],[7.8373,52.104],[7.8499,52.0946],[7.865,52.0869],[7.8852,52.0833],[7.9161,52.0961],[7.9581,52.1052],[7.9718,52.116],[8.0078,52.1153],[8.002,52.16],[8.0206,52.1591],[8.017,52.1721]]]},"properties":{"AGS":"05566044","GEN":"Lienen","SN_L":"05"}},
{"type":"Feature","geometry":{"type":"Polygon","coordinates":[[[7.9367,52.365],[7.9217,52.3656],[7.9091,52.3267],[7.91,52.2999],[7.9175,52.2887],[7.8958,52.2767],[7.8963,52.2648],[7.8835,52.2537],[7.8884,52.2457],[7.9033,52.2456],[7.9265,52.2342],[7.9256,52.2628],[7.9443,52.265],[7.9565,52.2725],[7.9322,52.288],[7.934,52.3026],[7.9496,52.3059],[7.9872,52.3036],[7.9646,52.3249],[7.9486,52.3351],[7.9478,52.3501],[7.9367,52.365]]]},"properties":{"AGS":"05566048","GEN":"Lotte","SN_L":"05"}},
{"type":"Feature","geometry":{"type":"Polygon","coordinates":[[[7.2611,52.1647],[7.2465,52.1664],[7.2301,52.1816],[7.2112,52.1762],[7.1906,52.1635],[7.1505,52.1659],[7.1353,52.1548],[7.1514,52.1365],[7.1759,52.1287],[7.2162,52.116],[7.2511,52.1196],[7.2418,52.1378],[7.2671,52.1369],[7.2719,52.1435],[7.2611,52.1647]]]},"properties":{"AGS":"05566052","GEN":"Metelen","SN_L":"05"}},
{"type":"Feature","geometry":{"type":"Polygon","coordinates":[[[7.8077,52.2776],[7.8129,52.2843],[7.8056,52.3014],[7.8172,52.3134],[7.8125,52.3443],[7.7944,52.3525],[7.8,52.3643],[7.8135,52.371],[7.7834,52.3796],[7.7646,52.3595],[7.7518,52.3411],[7.7298,52.3359],[7.7396,52.3247],[7.7341,52.3176],[7.7447,52.2993],[7.762,52.2872],[7.8077,52.2776]]]},"properties":{"AGS":"05566056","GEN":"Mettingen","SN_L":"05"}},
{"type":"Feature","geometry":{"type":"Polygon","coordinates":[[[7.4412,52.1935],[7.4228,52.2035],[7.4094,52.2362],[7.4097,52.2527],[7.4024,52.2643],[7.3854,52.264],[7.3656,52.2935],[7.3456,52.2827],[7.3295,52.2813],[7.3303,52.2621],[7.3251,52.2356],[7.3437,52.2266],[7.3623,52.2008],[7.3848,52.1907],[7.4139,52.1942],[7.4325,52.1802],[7.4412,52.1935]]]},"properties":{"AGS":"05566060","GEN":"Neuenkirchen","SN_L":"05"}},
{"type":"Feature","geometry":{"type":"Polygon","coordinates":[[[7.5239,52.1313],[7.5116,52.1288],[7.4799,52.1404],[7.4554,52.143],[7.4535,52.1304],[7.4387,52.1231],[7.4427,52.1089],[7.4271,52.0894],[7.4317,52.0697],[7.4516,52.063],[7.4883,52.0694],[7.506,52.0656],[7.5328,52.0772],[7.55,52.0918],[7.5355,52.0961],[7.5429,52.1062],[7.5399,52.1157],[7.5239,52.1313]]]},"properties":{"AGS":"05566064","GEN":"Nordwalde","SN_L":"05"}},
{"type":"Feature","geometry":{"type":"Polygon","coordinates":[[[7.2964,52.1872],[7.281,52.2123],[7.2461,52.2162],[7.2164,52.2533],[7.2183,52.2643],[7.2111,52.2644],[7.2078,52.2645],[7.1532,52.2665],[7.1212,52.2611],[7.0991,52.2431],[7.0966,52.2085],[7.0993,52.1969],[7.1505,52.1659],[7.1906,52.1635],[7.2112,52.1762],[7.2301,52.1816],[7.2465,52.1664],[7.2611,52.1647],[7.2856,52.1843],[7.2964,52.1872]]]},"properties":{"AGS":"05566068","GEN":"Ochtrup","SN_L":"05"}},
{"type":"Feature","geometry":{"type":"Polygon","coordinates":[[[7.7484,52.3919],[7.7138,52.401],[7.6933,52.3955],[7.6717,52.3957],[7.6671,52.3689],[7.6256,52.3461],[7.6636,52.3315],[7.6775,52.3329],[7.6844,52.3232],[7.7298,52.3359],[7.7518,52.3411],[7.7646,52.3595],[7.7834,52.3796],[7.7484,52.3919]]]},"properties":{"AGS":"05566072","GEN":"Recke","SN_L":"05"}},
{"type":"Feature","geometry":{"type":"Polygon","coordinates":[[[7.5866,52.2296],[7.5796,52.2533],[7.553,52.2593],[7.5595,52.2794],[7.5366,52.3025],[7.5156,52.3182],[7.5101,52.3135],[7.4825,52.3235],[7.477,52.3349],[7.4639,52.3425],[7.4378,52.3334],[7.4272,52.314],[7.3865,52.3093],[7.3656,52.2935],[7.3854,52.264],[7.4024,52.2643],[7.4097,52.2527],[7.4094,52.2362],[7.4228,52.2035],[7.4412,52.1935],[7.4692,52.1916],[7.5075,52.2037],[7.5219,52.2107],[7.5263,52.2194],[7.5431,52.2162],[7.563,52.226],[7.5866,52.2296]]]},"properties":{"AGS":"05566076","GEN":"Rheine","SN_L":"05"}},
{"type":"Feature","geometry":{"type":"Polygon","coordinates":[[[7.6534,52.2065],[7.6033,52.2189],[7.5944,52.2245],[7.573,52.206],[7.5619,52.2037],[7.5573,52.1911],[7.565,52.1723],[7.5957,52.1696],[7.6214,52.1605],[7.6287,52.1518],[7.6455,52.1428],[7.6714,52.1428],[7.6838,52.1373],[7.7098,52.1368],[7.7125,52.1544],[7.7005,52.1763],[7.6856,52.198],[7.6534,52.2065]]]},"properties":{"AGS":"05566080","GEN":"Saerbeck","SN_L":"05"}},
{"type":"Feature","geometry":{"type":"Polygon","coordinates":[[[7.3848,52.1907],[7.356,52.1886],[7.318,52.1899],[7.2964,52.1872],[7.2856,52.1843],[7.2611,52.1647],[7.2719,52.1435],[7.2958,52.1386],[7.3117,52.125],[7.3343,52.1173],[7.3547,52.0919],[7.3541,52.0862],[7.3809,52.0855],[7.3931,52.0897],[7.4179,52.0818],[7.4271,52.0894],[7.4427,52.1089],[7.4387,52.1231],[7.4535,52.1304],[7.4554,52.143],[7.4539,52.1572],[7.4436,52.1736],[7.4325,52.1802],[7.4139,52.1942],[7.3848,52.1907]]]},"properties":{"AGS":"05566084","GEN":"Steinfurt","SN_L":"05"}},
{"type":"Feature","geometry":{"type":"Polygon","coordinates":[[[7.8835,52.2537],[7.8702,52.2495],[7.8429,52.2623],[7.8007,52.2532],[7.7866,52.2392],[7.7695,52.2445],[7.7533,52.2442],[7.7273,52.2372],[7.7091,52.2163],[7.6856,52.198],[7.7005,52.1763],[7.7227,52.178],[7.7599,52.201],[7.7687,52.2139],[7.7811,52.2173],[7.8251,52.2083],[7.8272,52.218],[7.8532,52.2188],[7.8892,52.2018],[7.903,52.1989],[7.9146,52.2229],[7.9216,52.2225],[7.9265,52.2342],[7.9033,52.2456],[7.8884,52.2457],[7.8835,52.2537]]]},"properties":{"AGS":"05566088","GEN":"Tecklenburg","SN_L":"05"}},
{"type":"Feature","geometry":{"type":"Polygon","coordinates":[[[7.9217,52.3656],[7.8918,52.3805],[7.8705,52.3775],[7.843,52.369],[7.8135,52.371],[7.8,52.3643],[7.7944,52.3525],[7.8125,52.3443],[7.8172,52.3134],[7.8056,52.3014],[7.8129,52.2843],[7.8077,52.2776],[7.826,52.2743],[7.8429,52.2623],[7.8702,52.2495],[7.8835,52.2537],[7.8963,52.2648],[7.8958,52.2767],[7.9175,52.2887],[7.91,52.2999],[7.9091,52.3267],[7.9217,52.3656]]]},"properties":{"AGS":"05566092","GEN":"Westerkappeln","SN_L":"05"}},
{"type":"Feature","geometry":{"type":"Polygon","coordinates":[[[7.3848,52.1907],[7.3623,52.2008],[7.3437,52.2266],[7.3251,52.2356],[7.3303,52.2621],[7.3295,52.2813],[7.3175,52.2803],[7.2979,52.264],[7.2183,52.2643],[7.2164,52.2533],[7.2461,52.2162],[7.281,52.2123],[7.2964,52.1872],[7.318,52.1899],[7.356,52.1886],[7.3848,52.1907]]]},"properties":{"AGS":"05566096","GEN":"Wettringen","SN_L":"05"}},
{"type":"Feature","geometry":{"type":"Polygon","coordinates":[[[7.9874,51.8049],[7.95,51.8224],[7.9198,51.8249],[7.9003,51.8312],[7.8894,51.8286],[7.8831,51.8113],[7.8857,51.8024],[7.8358,51.8039],[7.7995,51.8097],[7.7936,51.8139],[7.7882,51.8067],[7.8077,51.7992],[7.7928,51.7933],[7.7951,51.7793],[7.8036,51.7777],[7.8174,51.7512],[7.813,51.7398],[7.8336,51.7412],[7.8364,51.73],[7.8883,51.7178],[7.8896,51.7048],[7.9119,51.7061],[7.9445,51.7006],[7.9575,51.7035],[7.9574,51.7133],[7.9767,51.7224],[7.9588,51.729],[7.9529,51.7402],[7.9587,51.756],[7.9764,51.7612],[7.9739,51.7806],[7.9913,51.7974],[7.9874,51.8049]]]},"properties":{"AGS":"05570004","GEN":"Ahlen","SN_L":"05"}},
{"type":"Feature","geometry":{"type":"Polygon","coordinates":[[[8.0945,51.8149],[8.0605,51.8095],[8.0488,51.8174],[8.0263,51.817],[7.9906,51.809],[7.9874,51.8049],[7.9913,51.7974],[7.9739,51.7806],[7.9764,51.7612],[7.9587,51.756],[7.9529,51.7402],[7.9588,51.729],[7.9767,51.7224],[7.998,51.7177],[8.0107,51.7102],[8.0287,51.717],[8.0519,51.7169],[8.0725,51.7081],[8.1005,51.7031],[8.1122,51.717],[8.1227,51.7172],[8.1166,51.7278],[8.1315,51.7354],[8.1216,51.7412],[8.1281,51.7576],[8.1374,51.7624],[8.1172,51.7708],[8.1078,51.7876],[8.1126,51.794],[8.0945,51.8149]]]},"properties":{"AGS":"05570008","GEN":"Beckum","SN_L":"05"}},
{"type":"Feature","geometry":{"type":"Polygon","coordinates":[[[8.113,51.956],[8.1006,51.9569],[8.0796,51.9376],[8.0784,51.9182],[8.0696,51.9106],[8.0846,51.9042],[8.1125,51.907],[8.1254,51.8932],[8.1505,51.8986],[8.1672,51.9071],[8.1736,51.9197],[8.1695,51.9263],[8.1301,51.9504],[8.113,51.956]]]},"properties":{"AGS":"05570012","GEN":"Beelen","SN_L":"05"}},
{"type":"Feature","geometry":{"type":"Polygon","coordinates":[[[7.6953,51.8714],[7.6803,51.877],[7.6487,51.8765],[7.6373,51.8675],[7.647,51.8608],[7.6307,51.854],[7.6177,51.8569],[7.6132,51.8406],[7.6416,51.8246],[7.6628,51.8246],[7.6798,51.8052],[7.6873,51.8042],[7.684,51.7851],[7.6938,51.7863],[7.7137,51.7616],[7.7126,51.75],[7.7283,51.7511],[7.7358,51.7374],[7.7522,51.7385],[7.7664,51.7268],[7.813,51.7398],[7.8174,51.7512],[7.8036,51.7777],[7.7951,51.7793],[7.7928,51.7933],[7.8077,51.7992],[7.7882,51.8067],[7.7936,51.8139],[7.7789,51.8326],[7.7221,51.8297],[7.7226,51.8377],[7.7022,51.8444],[7.6934,51.8543],[7.6953,51.8714]]]},"properties":{"AGS":"05570016","GEN":"Drensteinfurt","SN_L":"05"}},
{"type":"Feature","geometry":{"type":"Polygon","coordinates":[[[8.0696,51.9106],[8.0511,51.9196],[8.0261,51.923],[8.0083,51.9113],[8.0115,51.9065],[8.0016,51.8904],[7.9784,51.8864],[7.967,51.8629],[7.9281,51.8527],[7.9053,51.8602],[7.8791,51.8575],[7.88,51.839],[7.8894,51.8286],[7.9003,51.8312],[7.9198,51.8249],[7.95,51.8224],[7.9874,51.8049],[7.9906,51.809],[8.0263,51.817],[8.0488,51.8174],[8.0605,51.8095],[8.0945,51.8149],[8.0839,51.8263],[8.0836,51.8393],[8.1026,51.8414],[8.1401,51.8541],[8.1317,51.8704],[8.1254,51.8932],[8.1125,51.907],[8.0846,51.9042],[8.0696,51.9106]]]},"properties":{"AGS":"05570020","GEN":"Ennigerloh","SN_L":"05"}},
{"type":"Feature","geometry":{"type":"Polygon","coordinates":[[[7.8575,51.8756],[7.8661,51.8788],[7.8829,51.8985],[7.9126,51.9133],[7.9184,51.9313],[7.9076,51.9389],[7.9023,51.9587],[7.8785,51.9685],[7.8563,51.9607],[7.8532,51.9432],[7.8075,51.9505],[7.7884,51.9344],[7.7686,51.9303],[7.7739,51.9203],[7.7583,51.8978],[7.7843,51.8919],[7.799,51.882],[7.8184,51.8858],[7.821,51.8775],[7.8383,51.8737],[7.8575,51.8756]]]},"properties":{"AGS":"05570024","GEN":"Everswinkel","SN_L":"05"}},
{"type":"Feature","geometry":{"type":"Polygon","coordinates":[[[8.2199,51.8431],[8.1985,51.8626],[8.1812,51.8667],[8.1756,51.8827],[8.1505,51.8986],[8.1254,51.8932],[8.1317,51.8704],[8.1401,51.8541],[8.1026,51.8414],[8.0836,51.8393],[8.0839,51.8263],[8.0945,51.8149],[8.1126,51.794],[8.1078,51.7876],[8.1172,51.7708],[8.1374,51.7624],[8.1512,51.7635],[8.1782,51.7595],[8.2045,51.7658],[8.22,51.7782],[8.2528,51.7761],[8.2594,51.7907],[8.2575,51.8029],[8.2403,51.8094],[8.2346,51.8217],[8.2037,51.825],[8.2052,51.8353],[8.2199,51.8431]]]},"properties":{"AGS":"05570028","GEN":"Oelde","SN_L":"05"}},
{"type":"Feature","geometry":{"type":"Polygon","coordinates":[[[7.8499,52.0946],[7.8165,52.0938],[7.7955,52.1041],[7.7557,52.0983],[7.7531,52.0921],[7.7248,52.0626],[7.754,52.063],[7.7807,52.0519],[7.8004,52.0483],[7.7898,52.0323],[7.8059,52.0039],[7.877,52.0019],[7.9002,52.026],[7.9169,52.0516],[7.9149,52.0602],[7.8852,52.0833],[7.865,52.0869],[7.8499,52.0946]]]},"properties":{"AGS":"05570032","GEN":"Ostbevern","SN_L":"05"}},
{"type":"Feature","geometry":{"type":"Polygon","coordinates":[[[8.0579,52.0673],[8.0359,52.0639],[7.9937,52.0496],[7.9811,52.0355],[8.0042,52.0145],[7.983,52.0035],[7.9847,51.9874],[7.9919,51.9801],[8.0271,51.9618],[8.0899,51.9624],[8.1006,51.9569],[8.113,51.956],[8.1143,51.9718],[8.1073,51.9928],[8.111,52.0012],[8.0912,51.9972],[8.0755,52.0109],[8.0964,52.0571],[8.0924,52.0634],[8.0579,52.0673]]]},"properties":{"AGS":"05570036","GEN":"Sassenberg","SN_L":"05"}},
{"type":"Feature","geometry":{"type":"Polygon","coordinates":[[[7.7583,51.8978],[7.7425,51.8979],[7.7039,51.9063],[7.6899,51.9013],[7.6909,51.8922],[7.7069,51.8812],[7.6953,51.8714],[7.6934,51.8543],[7.7022,51.8444],[7.7226,51.8377],[7.7221,51.8297],[7.7789,51.8326],[7.7936,51.8139],[7.7995,51.8097],[7.8358,51.8039],[7.8857,51.8024],[7.8831,51.8113],[7.8894,51.8286],[7.88,51.839],[7.8791,51.8575],[7.8575,51.8756],[7.8383,51.8737],[7.821,51.8775],[7.8184,51.8858],[7.799,51.882],[7.7843,51.8919],[7.7583,51.8978]]]},"properties":{"AGS":"05570040","GEN":"Sendenhorst","SN_L":"05"}},
{"type":"Feature","geometry":{"type":"Polygon","coordinates":[[[7.877,52.0019],[7.8059,52.0039],[7.7898,52.0323],[7.8004,52.0483],[7.7807,52.0519],[7.754,52.063],[7.7248,52.0626],[7.7265,52.0511],[7.7041,52.0344],[7.7127,52.0344],[7.7364,52.0122],[7.7323,52.0064],[7.7486,51.9969],[7.7338,51.98],[7.7344,51.9683],[7.7449,51.9654],[7.745,51.9481],[7.7585,51.9419],[7.7686,51.9303],[7.7884,51.9344],[7.8075,51.9505],[7.8532,51.9432],[7.8563,51.9607],[7.8785,51.9685],[7.8674,51.9736],[7.8765,51.9911],[7.877,52.0019]]]},"properties":{"AGS":"05570044","GEN":"Telgte","SN_L":"05"}},
{"type":"Feature","geometry":{"type":"Polygon","coordinates":[[[8.2528,51.7761],[8.22,51.7782],[8.2045,51.7658],[8.1782,51.7595],[8.1512,51.7635],[8.1374,51.7624],[8.1281,51.7576],[8.1216,51.7412],[8.1315,51.7354],[8.1166,51.7278],[8.1227,51.7172],[8.149,51.7133],[8.1652,51.7075],[8.1841,51.6938],[8.2117,51.6967],[8.1996,51.6833],[8.2047,51.6706],[8.1948,51.6615],[8.2193,51.6581],[8.2258,51.662],[8.2659,51.6636],[8.2954,51.6769],[8.2959,51.695],[8.3115,51.7196],[8.3201,51.7257],[8.3104,51.7342],[8.3017,51.7541],[8.2754,51.7712],[8.2528,51.7761]]]},"properties":{"AGS":"05570048","GEN":"Wadersloh","SN_L":"05"}},
{"type":"Feature","geometry":{"type":"Polygon","coordinates":[[[7.9811,52.0355],[7.9169,52.0516],[7.9002,52.026],[7.877,52.0019],[7.8765,51.9911],[7.8674,51.9736],[7.8785,51.9685],[7.9023,51.9587],[7.9076,51.9389],[7.9184,51.9313],[7.9126,51.9133],[7.8829,51.8985],[7.8661,51.8788],[7.8575,51.8756],[7.8791,51.8575],[7.9053,51.8602],[7.9281,51.8527],[7.967,51.8629],[7.9784,51.8864],[8.0016,51.8904],[8.0115,51.9065],[8.0083,51.9113],[8.0261,51.923],[8.0511,51.9196],[8.0696,51.9106],[8.0784,51.9182],[8.0796,51.9376],[8.1006,51.9569],[8.0899,51.9624],[8.0271,51.9618],[7.9919,51.9801],[7.9847,51.9874],[7.983,52.0035],[8.0042,52.0145],[7.9811,52.0355]]]},"properties":{"AGS":"05570052","GEN":"Warendorf","SN_L":"05"}},
{"type":"Feature","geometry":{"type":"Polygon","coordinates":[[[8.5135,52.1143],[8.5013,52.1074],[8.4853,52.1079],[8.4715,52.1007],[8.4724,52.0906],[8.4577,52.0866],[8.4588,52.0773],[8.4461,52.0631],[8.4493,52.0486],[8.4205,52.0438],[8.434,52.0287],[8.4572,52.0207],[8.4565,52.0007],[8.4217,51.9737],[8.3997,51.9693],[8.3806,51.9734],[8.397,51.9566],[8.4168,51.959],[8.4279,51.9461],[8.4663,51.9502],[8.4904,51.9425],[8.506,51.915],[8.5325,51.926],[8.5571,51.919],[8.5799,51.9205],[8.6063,51.9274],[8.6253,51.9362],[8.6296,51.9451],[8.6481,51.9602],[8.6432,51.9706],[8.654,51.978],[8.6486,51.9924],[8.662,52.0134],[8.6415,52.0255],[8.661,52.044],[8.6635,52.0537],[8.6543,52.0601],[8.6464,52.0591],[8.6168,52.0679],[8.62,52.0774],[8.6013,52.0893],[8.5797,52.0756],[8.5705,52.0765],[8.5635,52.0913],[8.5706,52.1037],[8.5585,52.108],[8.5303,52.1083],[8.5135,52.1143]]]},"properties":{"AGS":"05711000","GEN":"Bielefeld","SN_L":"05"}},
{"type":"Feature","geometry":{"type":"Polygon","coordinates":[[[8.3689,52.1148],[8.3428,52.1237],[8.3239,52.1259],[8.3112,52.1183],[8.2924,52.1252],[8.2832,52.1337],[8.2667,52.1323],[8.2625,52.1204],[8.2459,52.1214],[8.2089,52.0968],[8.2014,52.0882],[8.2221,52.0857],[8.2499,52.0731],[8.25,52.0563],[8.2602,52.045],[8.2999,52.0626],[8.3134,52.0745],[8.3522,52.0945],[8.3667,52.1009],[8.3689,52.1148]]]},"properties":{"AGS":"05754004","GEN":"Borgholzhausen","SN_L":"05"}},
{"type":"Feature","geometry":{"type":"Polygon","coordinates":[[[8.3806,51.9734],[8.3534,51.9748],[8.3259,51.9664],[8.3137,51.9677],[8.3288,51.9507],[8.332,51.9407],[8.3185,51.9269],[8.2983,51.9309],[8.2858,51.9253],[8.311,51.9134],[8.3147,51.8958],[8.3316,51.8745],[8.3491,51.8818],[8.3639,51.864],[8.3814,51.8565],[8.397,51.857],[8.4166,51.862],[8.4477,51.8756],[8.4563,51.8832],[8.4562,51.9054],[8.4928,51.9091],[8.506,51.915],[8.4904,51.9425],[8.4663,51.9502],[8.4279,51.9461],[8.4168,51.959],[8.397,51.9566],[8.3806,51.9734]]]},"properties":{"AGS":"05754008","GEN":"Gütersloh","SN_L":"05"}},
{"type":"Feature","geometry":{"type":"Polygon","coordinates":[[[8.3522,52.0945],[8.3134,52.0745],[8.2999,52.0626],[8.2602,52.045],[8.2439,52.0108],[8.2662,52.0005],[8.2882,51.9948],[8.3235,52.0132],[8.3468,52.0183],[8.3642,52.0144],[8.3815,52.02],[8.4094,52.0352],[8.4187,52.0449],[8.3939,52.0651],[8.3862,52.0784],[8.3522,52.0945]]]},"properties":{"AGS":"05754012","GEN":"Halle (Westf.)","SN_L":"05"}},
{"type":"Feature","geometry":{"type":"Polygon","coordinates":[[[8.2439,52.0108],[8.2011,52.0048],[8.1745,52.0044],[8.1521,52.01],[8.1377,52.0092],[8.111,52.0012],[8.1073,51.9928],[8.1143,51.9718],[8.113,51.956],[8.1301,51.9504],[8.1695,51.9263],[8.1793,51.9398],[8.1948,51.9496],[8.2087,51.9493],[8.2401,51.9366],[8.2707,51.9358],[8.2983,51.9309],[8.3185,51.9269],[8.332,51.9407],[8.3288,51.9507],[8.3137,51.9677],[8.2882,51.9948],[8.2662,52.0005],[8.2439,52.0108]]]},"properties":{"AGS":"05754016","GEN":"Harsewinkel","SN_L":"05"}},
{"type":"Feature","geometry":{"type":"Polygon","coordinates":[[[8.2983,51.9309],[8.2707,51.9358],[8.2401,51.9366],[8.2087,51.9493],[8.1948,51.9496],[8.1793,51.9398],[8.1695,51.9263],[8.1736,51.9197],[8.1672,51.9071],[8.1505,51.8986],[8.1756,51.8827],[8.1812,51.8667],[8.1985,51.8626],[8.2199,51.8431],[8.2481,51.8465],[8.2423,51.8572],[8.2701,51.8759],[8.3079,51.8858],[8.3147,51.8958],[8.311,51.9134],[8.2858,51.9253],[8.2983,51.9309]]]},"properties":{"AGS":"05754020","GEN":"Herzebrock-Clarholz","SN_L":"05"}},
{"type":"Feature","geometry":{"type":"Polygon","coordinates":[[[8.3339,51.8049],[8.3101,51.7998],[8.3033,51.7917],[8.2594,51.7907],[8.2528,51.7761],[8.2754,51.7712],[8.3017,51.7541],[8.3104,51.7342],[8.3201,51.7257],[8.3496,51.7234],[8.3447,51.7314],[8.3619,51.7433],[8.3681,51.7557],[8.3578,51.7635],[8.3623,51.7881],[8.3397,51.794],[8.3339,51.8049]]]},"properties":{"AGS":"05754024","GEN":"Langenberg","SN_L":"05"}},
{"type":"Feature","geometry":{"type":"Polygon","coordinates":[[[8.397,51.857],[8.3814,51.8565],[8.3639,51.864],[8.3491,51.8818],[8.3316,51.8745],[8.3147,51.8958],[8.3079,51.8858],[8.2701,51.8759],[8.2423,51.8572],[8.2481,51.8465],[8.2199,51.8431],[8.2052,51.8353],[8.2037,51.825],[8.2346,51.8217],[8.2403,51.8094],[8.2575,51.8029],[8.2594,51.7907],[8.3033,51.7917],[8.3101,51.7998],[8.3339,51.8049],[8.3552,51.8112],[8.3773,51.812],[8.3745,51.8205],[8.4018,51.8411],[8.397,51.857]]]},"properties":{"AGS":"05754028","GEN":"Rheda-Wiedenbrück","SN_L":"05"}},
{"type":"Feature","geometry":{"type":"Polygon","coordinates":[[[8.5338,51.8314],[8.492,51.834],[8.488,51.8455],[8.4653,51.8672],[8.4477,51.8756],[8.4166,51.862],[8.397,51.857],[8.4018,51.8411],[8.3745,51.8205],[8.3773,51.812],[8.3552,51.8112],[8.3339,51.8049],[8.3397,51.794],[8.3623,51.7881],[8.3578,51.7635],[8.3681,51.7557],[8.3619,51.7433],[8.3447,51.7314],[8.3496,51.7234],[8.3666,51.7184],[8.4031,51.7194],[8.4095,51.7481],[8.4169,51.7588],[8.4683,51.7918],[8.4977,51.7982],[8.5214,51.8096],[8.5338,51.8314]]]},"properties":{"AGS":"05754032","GEN":"Rietberg","SN_L":"05"}},
{"type":"Feature","geometry":{"type":"Polygon","coordinates":[[[8.6838,51.9158],[8.6434,51.9212],[8.6253,51.9296],[8.6063,51.9274],[8.5799,51.9205],[8.5571,51.919],[8.5721,51.9064],[8.5667,51.8992],[8.5765,51.8856],[8.596,51.8805],[8.5889,51.8682],[8.6013,51.854],[8.6278,51.8624],[8.6373,51.8771],[8.6529,51.8661],[8.6623,51.8522],[8.6908,51.856],[8.718,51.8546],[8.7484,51.8587],[8.7466,51.8601],[8.7205,51.8909],[8.6838,51.9158]]]},"properties":{"AGS":"05754036","GEN":"Schloß Holte-Stukenbrock","SN_L":"05"}},
{"type":"Feature","geometry":{"type":"Polygon","coordinates":[[[8.3806,51.9734],[8.3997,51.9693],[8.4217,51.9737],[8.4565,52.0007],[8.4572,52.0207],[8.434,52.0287],[8.4205,52.0438],[8.4187,52.0449],[8.4094,52.0352],[8.3815,52.02],[8.3642,52.0144],[8.3468,52.0183],[8.3235,52.0132],[8.2882,51.9948],[8.3137,51.9677],[8.3259,51.9664],[8.3534,51.9748],[8.3806,51.9734]]]},"properties":{"AGS":"05754040","GEN":"Steinhagen","SN_L":"05"}},
{"type":"Feature","geometry":{"type":"Polygon","coordinates":[[[8.5571,51.919],[8.5325,51.926],[8.506,51.915],[8.4928,51.9091],[8.4562,51.9054],[8.4563,51.8832],[8.4477,51.8756],[8.4653,51.8672],[8.488,51.8455],[8.492,51.834],[8.5338,51.8314],[8.5712,51.8434],[8.6013,51.854],[8.5889,51.8682],[8.596,51.8805],[8.5765,51.8856],[8.5667,51.8992],[8.5721,51.9064],[8.5571,51.919]]]},"properties":{"AGS":"05754044","GEN":"Verl","SN_L":"05"}},
{"type":"Feature","geometry":{"type":"Polygon","coordinates":[[[8.2602,52.045],[8.25,52.0563],[8.2499,52.0731],[8.2221,52.0857],[8.2014,52.0882],[8.1951,52.0741],[8.1752,52.0734],[8.1619,52.0754],[8.1327,52.0721],[8.0964,52.0571],[8.0755,52.0109],[8.0912,51.9972],[8.111,52.0012],[8.1377,52.0092],[8.1521,52.01],[8.1745,52.0044],[8.2011,52.0048],[8.2439,52.0108],[8.2602,52.045]]]},"properties":{"AGS":"05754048","GEN":"Versmold","SN_L":"05"}},
{"type":"Feature","geometry":{"type":"Polygon","coordinates":[[[8.4106,52.1151],[8.3951,52.1088],[8.3689,52.1148],[8.3667,52.1009],[8.3522,52.0945],[8.3862,52.0784],[8.3939,52.0651],[8.4187,52.0449],[8.4205,52.0438],[8.4493,52.0486],[8.4461,52.0631],[8.4588,52.0773],[8.4577,52.0866],[8.4724,52.0906],[8.4715,52.1007],[8.4546,52.1089],[8.4271,52.1045],[8.4106,52.1151]]]},"properties":{"AGS":"05754052","GEN":"Werther (Westf.)","SN_L":"05"}},
{"type":"Feature","geometry":{"type":"Polygon","coordinates":[[[8.5874,52.2553],[8.5561,52.2583],[8.5631,52.2426],[8.5491,52.24],[8.5266,52.2245],[8.5061,52.2177],[8.4723,52.1933],[8.517,52.1851],[8.532,52.1859],[8.5381,52.1677],[8.556,52.1707],[8.5692,52.1648],[8.5913,52.1711],[8.6029,52.1713],[8.6163,52.1808],[8.6227,52.1873],[8.619,52.2037],[8.6345,52.2192],[8.6153,52.2244],[8.6114,52.2364],[8.5936,52.2358],[8.5874,52.2553]]]},"properties":{"AGS":"05758004","GEN":"Bünde","SN_L":"05"}},
{"type":"Feature","geometry":{"type":"Polygon","coordinates":[[[8.5913,52.1711],[8.5692,52.1648],[8.556,52.1707],[8.5381,52.1677],[8.5363,52.164],[8.4991,52.1586],[8.498,52.1462],[8.5061,52.1219],[8.5135,52.1143],[8.5303,52.1083],[8.5585,52.108],[8.5897,52.1199],[8.6101,52.1243],[8.6161,52.1344],[8.5954,52.1445],[8.6005,52.1641],[8.5913,52.1711]]]},"properties":{"AGS":"05758008","GEN":"Enger","SN_L":"05"}},
{"type":"Feature","geometry":{"type":"Polygon","coordinates":[[[8.7438,52.1505],[8.7401,52.1564],[8.6987,52.1675],[8.6716,52.1683],[8.6773,52.1489],[8.6722,52.1352],[8.6161,52.1344],[8.6101,52.1243],[8.5897,52.1199],[8.5585,52.108],[8.5706,52.1037],[8.5635,52.0913],[8.5705,52.0765],[8.5797,52.0756],[8.6013,52.0893],[8.62,52.0774],[8.6168,52.0679],[8.6464,52.0591],[8.6543,52.0601],[8.6592,52.073],[8.6759,52.0877],[8.7003,52.0947],[8.7161,52.0903],[8.7336,52.1135],[8.742,52.1308],[8.7545,52.1368],[8.7438,52.1505]]]},"properties":{"AGS":"05758012","GEN":"Herford","SN_L":"05"}},
{"type":"Feature","geometry":{"type":"Polygon","coordinates":[[[8.6654,52.174],[8.6434,52.1738],[8.6369,52.1807],[8.6163,52.1808],[8.6029,52.1713],[8.5913,52.1711],[8.6005,52.1641],[8.5954,52.1445],[8.6161,52.1344],[8.6722,52.1352],[8.6773,52.1489],[8.6716,52.1683],[8.6654,52.174]]]},"properties":{"AGS":"05758016","GEN":"Hiddenhausen","SN_L":"05"}},
{"type":"Feature","geometry":{"type":"Polygon","coordinates":[[[8.6839,52.2322],[8.679,52.2397],[8.6383,52.2594],[8.5874,52.2553],[8.5936,52.2358],[8.6114,52.2364],[8.6153,52.2244],[8.6345,52.2192],[8.619,52.2037],[8.6227,52.1873],[8.6163,52.1808],[8.6369,52.1807],[8.6434,52.1738],[8.6654,52.174],[8.6636,52.2091],[8.6839,52.2322]]]},"properties":{"AGS":"05758020","GEN":"Kirchlengern","SN_L":"05"}},
{"type":"Feature","geometry":{"type":"Polygon","coordinates":[[[8.7225,52.2465],[8.698,52.2488],[8.6839,52.2322],[8.6636,52.2091],[8.6654,52.174],[8.6716,52.1683],[8.6987,52.1675],[8.7401,52.1564],[8.7438,52.1505],[8.7701,52.1679],[8.789,52.197],[8.7576,52.215],[8.7519,52.2328],[8.7225,52.2465]]]},"properties":{"AGS":"05758024","GEN":"Löhne","SN_L":"05"}},
{"type":"Feature","geometry":{"type":"Polygon","coordinates":[[[8.554,52.2603],[8.5225,52.2643],[8.4857,52.2645],[8.4662,52.2676],[8.4588,52.2582],[8.4681,52.2471],[8.4598,52.2428],[8.4614,52.2298],[8.4525,52.2249],[8.4487,52.2103],[8.4563,52.1981],[8.4723,52.1933],[8.5061,52.2177],[8.5266,52.2245],[8.5491,52.24],[8.5631,52.2426],[8.5561,52.2583],[8.554,52.2603]]]},"properties":{"AGS":"05758028","GEN":"Rödinghausen","SN_L":"05"}},
{"type":"Feature","geometry":{"type":"Polygon","coordinates":[[[8.5381,52.1677],[8.532,52.1859],[8.517,52.1851],[8.4931,52.1668],[8.4695,52.1558],[8.4535,52.1554],[8.4152,52.1394],[8.4052,52.1311],[8.4106,52.1151],[8.4271,52.1045],[8.4546,52.1089],[8.4715,52.1007],[8.4853,52.1079],[8.5013,52.1074],[8.5135,52.1143],[8.5061,52.1219],[8.498,52.1462],[8.4991,52.1586],[8.5363,52.164],[8.5381,52.1677]]]},"properties":{"AGS":"05758032","GEN":"Spenge","SN_L":"05"}},
{"type":"Feature","geometry":{"type":"Polygon","coordinates":[[[8.9271,52.1844],[8.9008,52.1962],[8.8632,52.1936],[8.8443,52.1863],[8.8399,52.1743],[8.782,52.1625],[8.7701,52.1679],[8.7438,52.1505],[8.7545,52.1368],[8.742,52.1308],[8.7336,52.1135],[8.7468,52.1208],[8.7619,52.1151],[8.8102,52.1174],[8.8442,52.103],[8.8642,52.1027],[8.8916,52.1119],[8.901,52.128],[8.8925,52.1333],[8.9031,52.1447],[8.895,52.1521],[8.9088,52.1705],[8.9271,52.1844]]]},"properties":{"AGS":"05758036","GEN":"Vlotho","SN_L":"05"}},
{"type":"Feature","geometry":{"type":"Polygon","coordinates":[[[9.0053,51.794],[8.9837,51.7961],[8.9644,51.7834],[8.9704,51.7719],[8.9846,51.7623],[8.9998,51.7586],[8.9877,51.7489],[8.9838,51.7363],[8.9986,51.7046],[8.9753,51.6975],[8.9833,51.6919],[8.9729,51.6765],[8.9884,51.6481],[9.0312,51.6609],[9.0667,51.6583],[9.0682,51.6492],[9.0833,51.644],[9.093,51.6489],[9.0906,51.659],[9.0994,51.6702],[9.0945,51.6797],[9.0805,51.6782],[9.0652,51.6837],[9.0804,51.7032],[9.1095,51.7102],[9.0999,51.7324],[9.1015,51.7403],[9.1152,51.7489],[9.0948,51.7567],[9.0904,51.7775],[9.0701,51.7974],[9.0451,51.7872],[9.0589,51.7804],[9.0246,51.7743],[9.0053,51.794]]]},"properties":{"AGS":"05762004","GEN":"Bad Driburg","SN_L":"05"}},
{"type":"Feature","geometry":{"type":"Polygon","coordinates":[[[9.3789,51.7381],[9.3738,51.7307],[9.3497,51.7208],[9.3189,51.7355],[9.3081,51.725],[9.3267,51.7086],[9.3178,51.7005],[9.296,51.6982],[9.2837,51.681],[9.2594,51.6736],[9.2383,51.6632],[9.2836,51.6284],[9.2989,51.6248],[9.3204,51.6114],[9.337,51.612],[9.3719,51.6256],[9.3985,51.6246],[9.4267,51.6308],[9.4449,51.6442],[9.4405,51.6504],[9.4173,51.6473],[9.3863,51.646],[9.3747,51.6498],[9.379,51.6654],[9.3951,51.6729],[9.3879,51.6907],[9.4006,51.6987],[9.3974,51.708],[9.3876,51.7227],[9.3944,51.732],[9.3789,51.7381]]]},"properties":{"AGS":"05762008","GEN":"Beverungen","SN_L":"05"}},
{"type":"Feature","geometry":{"type":"Polygon","coordinates":[[[9.2383,51.6632],[9.2235,51.6541],[9.2243,51.6454],[9.2079,51.6418],[9.2091,51.6342],[9.1926,51.6305],[9.2006,51.5964],[9.1935,51.5785],[9.2055,51.5629],[9.1526,51.564],[9.1351,51.562],[9.1262,51.5527],[9.1461,51.5421],[9.1596,51.5411],[9.1994,51.5264],[9.2328,51.5194],[9.24,51.509],[9.2681,51.5059],[9.2823,51.5144],[9.3015,51.5145],[9.3159,51.523],[9.31,51.5309],[9.3205,51.553],[9.3356,51.56],[9.3543,51.5817],[9.3706,51.5941],[9.3563,51.5977],[9.337,51.612],[9.3204,51.6114],[9.2989,51.6248],[9.2836,51.6284],[9.2383,51.6632]]]},"properties":{"AGS":"05762012","GEN":"Borgentreich","SN_L":"05"}},
{"type":"Feature","geometry":{"type":"Polygon","coordinates":[[[9.2603,51.7825],[9.2394,51.7798],[9.2216,51.7924],[9.1993,51.7974],[9.1771,51.7922],[9.1669,51.7825],[9.1526,51.7674],[9.1264,51.7571],[9.0948,51.7567],[9.1152,51.7489],[9.1015,51.7403],[9.0999,51.7324],[9.1095,51.7102],[9.0804,51.7032],[9.0652,51.6837],[9.0805,51.6782],[9.0945,51.6797],[9.0994,51.6702],[9.0906,51.659],[9.093,51.6489],[9.0833,51.644],[9.126,51.6349],[9.1519,51.6368],[9.1615,51.6442],[9.1926,51.6305],[9.2091,51.6342],[9.2079,51.6418],[9.2243,51.6454],[9.2235,51.6541],[9.2383,51.6632],[9.2594,51.6736],[9.2498,51.6797],[9.2592,51.6963],[9.2696,51.705],[9.2564,51.7144],[9.2766,51.7279],[9.2811,51.748],[9.2644,51.7569],[9.2507,51.7751],[9.2603,51.7825]]]},"properties":{"AGS":"05762016","GEN":"Brakel","SN_L":"05"}},
{"type":"Feature","geometry":{"type":"Polygon","coordinates":[[[9.4596,51.8628],[9.4374,51.8562],[9.4066,51.8556],[9.3929,51.8604],[9.3593,51.864],[9.3347,51.8536],[9.3233,51.8551],[9.3035,51.85],[9.306,51.8392],[9.2925,51.8335],[9.2839,51.8192],[9.2899,51.8085],[9.2695,51.7975],[9.2603,51.7825],[9.2507,51.7751],[9.2644,51.7569],[9.2811,51.748],[9.2766,51.7279],[9.2564,51.7144],[9.2696,51.705],[9.2592,51.6963],[9.2498,51.6797],[9.2594,51.6736],[9.2837,51.681],[9.296,51.6982],[9.3178,51.7005],[9.3267,51.7086],[9.3081,51.725],[9.3189,51.7355],[9.3497,51.7208],[9.3738,51.7307],[9.3789,51.7381],[9.3754,51.7436],[9.3843,51.7579],[9.4027,51.7594],[9.4083,51.7679],[9.4144,51.7739],[9.4366,51.7893],[9.4408,51.8035],[9.4281,51.8143],[9.4405,51.8249],[9.4331,51.8399],[9.4603,51.8547],[9.4596,51.8628]]]},"properties":{"AGS":"05762020","GEN":"Höxter","SN_L":"05"}},
{"type":"Feature","geometry":{"type":"Polygon","coordinates":[[[9.3035,51.85],[9.2827,51.8568],[9.2735,51.8649],[9.235,51.8659],[9.2194,51.8631],[9.2217,51.8532],[9.1883,51.857],[9.1903,51.8451],[9.1564,51.8039],[9.1669,51.7825],[9.1771,51.7922],[9.1993,51.7974],[9.2216,51.7924],[9.2394,51.7798],[9.2603,51.7825],[9.2695,51.7975],[9.2899,51.8085],[9.2839,51.8192],[9.2925,51.8335],[9.306,51.8392],[9.3035,51.85]]]},"properties":{"AGS":"05762024","GEN":"Marienmünster","SN_L":"05"}},
{"type":"Feature","geometry":{"type":"Polygon","coordinates":[[[9.177,51.8595],[9.1506,51.8474],[9.1429,51.84],[9.1206,51.8493],[9.1037,51.8486],[9.0996,51.8411],[9.0623,51.8262],[9.0386,51.8211],[9.031,51.825],[9.0028,51.815],[9.0081,51.8076],[8.9917,51.8017],[9.0053,51.794],[9.0246,51.7743],[9.0589,51.7804],[9.0451,51.7872],[9.0701,51.7974],[9.0904,51.7775],[9.0948,51.7567],[9.1264,51.7571],[9.1526,51.7674],[9.1669,51.7825],[9.1564,51.8039],[9.1903,51.8451],[9.1883,51.857],[9.177,51.8595]]]},"properties":{"AGS":"05762028","GEN":"Nieheim","SN_L":"05"}},
{"type":"Feature","geometry":{"type":"Polygon","coordinates":[[[9.177,51.8595],[9.1607,51.8633],[9.1546,51.8746],[9.1314,51.8737],[9.1351,51.9082],[9.1239,51.9104],[9.1011,51.8929],[9.09,51.8895],[9.0583,51.8743],[9.042,51.8724],[9.0253,51.88],[9.0114,51.8771],[9.0175,51.8639],[8.9964,51.8443],[8.9734,51.8366],[8.953,51.8366],[8.9499,51.8188],[8.9593,51.7897],[8.9644,51.7834],[8.9837,51.7961],[9.0053,51.794],[8.9917,51.8017],[9.0081,51.8076],[9.0028,51.815],[9.031,51.825],[9.0386,51.8211],[9.0623,51.8262],[9.0996,51.8411],[9.1037,51.8486],[9.1206,51.8493],[9.1429,51.84],[9.1506,51.8474],[9.177,51.8595]]]},"properties":{"AGS":"05762032","GEN":"Steinheim","SN_L":"05"}},
{"type":"Feature","geometry":{"type":"Polygon","coordinates":[[[9.1262,51.5527],[9.0996,51.5453],[9.0683,51.558],[9.0743,51.5724],[9.049,51.5738],[9.0386,51.5695],[9.0172,51.5751],[8.9667,51.5643],[8.9588,51.5525],[8.9429,51.5499],[8.9358,51.5404],[8.9054,51.5315],[8.9109,51.5228],[8.9387,51.5137],[8.9465,51.5076],[8.9708,51.5067],[9.0176,51.5182],[9.0341,51.504],[9.0765,51.5035],[9.0923,51.4944],[9.0793,51.4633],[9.0864,51.4491],[9.1026,51.4432],[9.1357,51.4502],[9.1554,51.4427],[9.1744,51.4629],[9.1851,51.4663],[9.2165,51.4596],[9.2185,51.4719],[9.2166,51.4812],[9.2421,51.4977],[9.2621,51.4987],[9.2681,51.5059],[9.24,51.509],[9.2328,51.5194],[9.1994,51.5264],[9.1596,51.5411],[9.1461,51.5421],[9.1262,51.5527]]]},"properties":{"AGS":"05762036","GEN":"Warburg","SN_L":"05"}},
{"type":"Feature","geometry":{"type":"Polygon","coordinates":[[[9.0833,51.644],[9.0682,51.6492],[9.0667,51.6583],[9.0312,51.6609],[8.9884,51.6481],[8.978,51.6203],[8.9895,51.6021],[9.0133,51.5965],[9.0172,51.5751],[9.0386,51.5695],[9.049,51.5738],[9.0743,51.5724],[9.0683,51.558],[9.0996,51.5453],[9.1262,51.5527],[9.1351,51.562],[9.1526,51.564],[9.2055,51.5629],[9.1935,51.5785],[9.2006,51.5964],[9.1926,51.6305],[9.1615,51.6442],[9.1519,51.6368],[9.126,51.6349],[9.0833,51.644]]]},"properties":{"AGS":"05762040","GEN":"Willebadessen","SN_L":"05"}},
{"type":"Feature","geometry":{"type":"Polygon","coordinates":[[[8.7647,51.9265],[8.7601,51.9215],[8.7104,51.9354],[8.6926,51.9274],[8.6838,51.9158],[8.7205,51.8909],[8.7466,51.8601],[8.7462,51.867],[8.7803,51.8776],[8.8106,51.8826],[8.8228,51.8796],[8.8173,51.8892],[8.8184,51.907],[8.794,51.9135],[8.789,51.9227],[8.7647,51.9265]]]},"properties":{"AGS":"05766004","GEN":"Augustdorf","SN_L":"05"}},
{"type":"Feature","geometry":{"type":"Polygon","coordinates":[[[8.8442,52.103],[8.8102,52.1174],[8.7619,52.1151],[8.7468,52.1208],[8.7336,52.1135],[8.7161,52.0903],[8.7003,52.0947],[8.6759,52.0877],[8.6592,52.073],[8.6543,52.0601],[8.6635,52.0537],[8.661,52.044],[8.6811,52.0446],[8.6931,52.0399],[8.7282,52.039],[8.7326,52.0294],[8.7438,52.0211],[8.7678,52.0276],[8.7911,52.0245],[8.8068,52.0315],[8.8248,52.0463],[8.8423,52.0465],[8.856,52.0611],[8.8404,52.064],[8.827,52.0741],[8.8476,52.0825],[8.8442,52.103]]]},"properties":{"AGS":"05766008","GEN":"Bad Salzuflen","SN_L":"05"}},
{"type":"Feature","geometry":{"type":"Polygon","coordinates":[[[9.1761,52.0429],[9.1071,52.0506],[9.102,52.0415],[9.0873,52.0382],[9.1072,52.021],[9.094,52.0062],[9.0717,51.9979],[9.0554,52.0031],[9.0388,52.0003],[9.0521,51.9768],[9.0647,51.9725],[9.078,51.9771],[9.0864,51.9699],[9.1286,51.9741],[9.1458,51.9683],[9.1747,51.9833],[9.1968,51.9969],[9.1793,52.0027],[9.1974,52.0117],[9.189,52.0263],[9.1769,52.0337],[9.1761,52.0429]]]},"properties":{"AGS":"05766012","GEN":"Barntrup","SN_L":"05"}},
{"type":"Feature","geometry":{"type":"Polygon","coordinates":[[[9.0388,52.0003],[9.0102,52.0021],[8.997,52.0114],[8.9835,52.004],[8.9617,51.9809],[8.9728,51.9731],[8.9793,51.9392],[8.985,51.9259],[9.0069,51.923],[9.0007,51.9153],[9.0144,51.906],[9.0476,51.9047],[9.0878,51.9105],[9.1119,51.9161],[9.1217,51.9254],[9.1236,51.9412],[9.1578,51.9449],[9.1752,51.9531],[9.1878,51.9514],[9.1955,51.9634],[9.1747,51.9833],[9.1458,51.9683],[9.1286,51.9741],[9.0864,51.9699],[9.078,51.9771],[9.0647,51.9725],[9.0521,51.9768],[9.0388,52.0003]]]},"properties":{"AGS":"05766016","GEN":"Blomberg","SN_L":"05"}},
{"type":"Feature","geometry":{"type":"Polygon","coordinates":[[[8.9617,51.9809],[8.9338,51.9778],[8.9206,51.9867],[8.9072,51.986],[8.8869,51.9973],[8.8725,51.9981],[8.8628,51.9909],[8.875,51.9756],[8.8465,51.9746],[8.8434,51.9659],[8.8213,51.9707],[8.8036,51.9586],[8.7809,51.9503],[8.7647,51.9265],[8.789,51.9227],[8.794,51.9135],[8.8184,51.907],[8.8173,51.8892],[8.8228,51.8796],[8.8468,51.8638],[8.8688,51.8589],[8.8771,51.8623],[8.8878,51.869],[8.8836,51.88],[8.9009,51.8956],[8.9292,51.903],[8.9483,51.8952],[8.9658,51.915],[8.978,51.9138],[8.985,51.9259],[8.9793,51.9392],[8.9728,51.9731],[8.9617,51.9809]]]},"properties":{"AGS":"05766020","GEN":"Detmold","SN_L":"05"}},
{"type":"Feature","geometry":{"type":"Polygon","coordinates":[[[9.0326,52.0746],[9.0212,52.0674],[8.9807,52.0664],[8.9676,52.0602],[8.9721,52.0497],[8.9653,52.041],[8.9807,52.0336],[8.997,52.0114],[9.0102,52.0021],[9.0388,52.0003],[9.0554,52.0031],[9.0717,51.9979],[9.094,52.0062],[9.1072,52.021],[9.0873,52.0382],[9.0726,52.048],[9.0565,52.0446],[9.0458,52.0543],[9.0426,52.0735],[9.0326,52.0746]]]},"properties":{"AGS":"05766024","GEN":"Dörentrup","SN_L":"05"}},
{"type":"Feature","geometry":{"type":"Polygon","coordinates":[[[9.1556,52.0978],[9.1359,52.1058],[9.1558,52.1143],[9.1568,52.1251],[9.1447,52.1349],[9.1161,52.1384],[9.107,52.1324],[9.0534,52.1482],[9.0399,52.1386],[9.0198,52.1255],[9.0246,52.1019],[9.0346,52.0898],[9.0326,52.0746],[9.0426,52.0735],[9.0458,52.0543],[9.0565,52.0446],[9.0726,52.048],[9.0873,52.0382],[9.102,52.0415],[9.1071,52.0506],[9.1761,52.0429],[9.1744,52.0604],[9.1904,52.0696],[9.1761,52.0861],[9.1547,52.0918],[9.1556,52.0978]]]},"properties":{"AGS":"05766028","GEN":"Extertal","SN_L":"05"}},
{"type":"Feature","geometry":{"type":"Polygon","coordinates":[[[9.0878,51.9105],[9.0476,51.9047],[9.0144,51.906],[9.0007,51.9153],[9.0069,51.923],[8.985,51.9259],[8.978,51.9138],[8.9658,51.915],[8.9483,51.8952],[8.9292,51.903],[8.9009,51.8956],[8.8836,51.88],[8.8878,51.869],[8.8771,51.8623],[8.8868,51.8486],[8.9022,51.8534],[8.9143,51.8423],[8.9088,51.8198],[8.9183,51.8128],[8.919,51.8028],[8.9402,51.7937],[8.9593,51.7897],[8.9499,51.8188],[8.953,51.8366],[8.9734,51.8366],[8.9964,51.8443],[9.0175,51.8639],[9.0114,51.8771],[9.0253,51.88],[9.042,51.8724],[9.0583,51.8743],[9.09,51.8895],[9.0838,51.9],[9.0878,51.9105]]]},"properties":{"AGS":"05766032","GEN":"Horn-Bad Meinberg","SN_L":"05"}},
{"type":"Feature","geometry":{"type":"Polygon","coordinates":[[[9.0399,52.1386],[9.0178,52.1324],[9.0124,52.1779],[8.9858,52.1946],[8.9909,52.1853],[8.9592,52.1813],[8.9271,52.1844],[8.9088,52.1705],[8.895,52.1521],[8.9031,52.1447],[8.8925,52.1333],[8.901,52.128],[8.8916,52.1119],[8.8642,52.1027],[8.8763,52.0925],[8.896,52.0845],[8.9089,52.0689],[8.9465,52.0666],[8.9676,52.0602],[8.9807,52.0664],[9.0212,52.0674],[9.0326,52.0746],[9.0346,52.0898],[9.0246,52.1019],[9.0198,52.1255],[9.0399,52.1386]]]},"properties":{"AGS":"05766036","GEN":"Kalletal","SN_L":"05"}},
{"type":"Feature","geometry":{"type":"Polygon","coordinates":[[[8.8628,51.9909],[8.8403,52.0034],[8.8357,52.0141],[8.8164,52.02],[8.8068,52.0315],[8.7911,52.0245],[8.7678,52.0276],[8.7438,52.0211],[8.7326,52.0294],[8.7307,52.0145],[8.7155,51.999],[8.728,51.9938],[8.7215,51.9802],[8.7308,51.9576],[8.7154,51.9544],[8.7104,51.9354],[8.7601,51.9215],[8.7647,51.9265],[8.7809,51.9503],[8.8036,51.9586],[8.8213,51.9707],[8.8434,51.9659],[8.8465,51.9746],[8.875,51.9756],[8.8628,51.9909]]]},"properties":{"AGS":"05766040","GEN":"Lage","SN_L":"05"}},
{"type":"Feature","geometry":{"type":"Polygon","coordinates":[[[8.8642,52.1027],[8.8442,52.103],[8.8476,52.0825],[8.827,52.0741],[8.8404,52.064],[8.856,52.0611],[8.8423,52.0465],[8.8248,52.0463],[8.8068,52.0315],[8.8164,52.02],[8.8357,52.0141],[8.8403,52.0034],[8.8628,51.9909],[8.8725,51.9981],[8.8869,51.9973],[8.9072,51.986],[8.9206,51.9867],[8.9338,51.9778],[8.9617,51.9809],[8.9835,52.004],[8.997,52.0114],[8.9807,52.0336],[8.9653,52.041],[8.9721,52.0497],[8.9676,52.0602],[8.9465,52.0666],[8.9089,52.0689],[8.896,52.0845],[8.8763,52.0925],[8.8642,52.1027]]]},"properties":{"AGS":"05766044","GEN":"Lemgo","SN_L":"05"}},
{"type":"Feature","geometry":{"type":"Polygon","coordinates":[[[8.7326,52.0294],[8.7282,52.039],[8.6931,52.0399],[8.6811,52.0446],[8.661,52.044],[8.6415,52.0255],[8.662,52.0134],[8.6486,51.9924],[8.654,51.978],[8.6432,51.9706],[8.6686,51.9678],[8.689,51.9814],[8.7044,51.977],[8.7215,51.9802],[8.728,51.9938],[8.7155,51.999],[8.7307,52.0145],[8.7326,52.0294]]]},"properties":{"AGS":"05766048","GEN":"Leopoldshöhe","SN_L":"05"}},
{"type":"Feature","geometry":{"type":"Polygon","coordinates":[[[9.3089,51.923],[9.2956,51.92],[9.2721,51.9323],[9.2786,51.9401],[9.2684,51.9468],[9.2776,51.9619],[9.2744,51.9736],[9.2617,51.9768],[9.2169,51.9736],[9.2066,51.9626],[9.1955,51.9634],[9.1878,51.9514],[9.207,51.9328],[9.1932,51.9265],[9.1971,51.9117],[9.2091,51.9027],[9.2086,51.895],[9.2305,51.8942],[9.2274,51.8809],[9.235,51.8659],[9.2735,51.8649],[9.2827,51.8568],[9.3035,51.85],[9.3233,51.8551],[9.3358,51.8561],[9.3452,51.8892],[9.3408,51.908],[9.3322,51.917],[9.3089,51.923]]]},"properties":{"AGS":"05766052","GEN":"Lügde","SN_L":"05"}},
{"type":"Feature","geometry":{"type":"Polygon","coordinates":[[[8.7215,51.9802],[8.7044,51.977],[8.689,51.9814],[8.6686,51.9678],[8.6432,51.9706],[8.6481,51.9602],[8.6296,51.9451],[8.6253,51.9362],[8.6063,51.9274],[8.6253,51.9296],[8.6434,51.9212],[8.6838,51.9158],[8.6926,51.9274],[8.7104,51.9354],[8.7154,51.9544],[8.7308,51.9576],[8.7215,51.9802]]]},"properties":{"AGS":"05766056","GEN":"Oerlinghausen","SN_L":"05"}},
{"type":"Feature","geometry":{"type":"Polygon","coordinates":[[[9.1878,51.9514],[9.1752,51.9531],[9.1578,51.9449],[9.1236,51.9412],[9.1217,51.9254],[9.1119,51.9161],[9.0878,51.9105],[9.0838,51.9],[9.09,51.8895],[9.1011,51.8929],[9.1239,51.9104],[9.1351,51.9082],[9.1314,51.8737],[9.1546,51.8746],[9.1607,51.8633],[9.177,51.8595],[9.1883,51.857],[9.2217,51.8532],[9.2194,51.8631],[9.235,51.8659],[9.2274,51.8809],[9.2305,51.8942],[9.2086,51.895],[9.2091,51.9027],[9.1971,51.9117],[9.1932,51.9265],[9.207,51.9328],[9.1878,51.9514]]]},"properties":{"AGS":"05766060","GEN":"Schieder-Schwalenberg","SN_L":"05"}},
{"type":"Feature","geometry":{"type":"Polygon","coordinates":[[[8.8228,51.8796],[8.8106,51.8826],[8.7803,51.8776],[8.7462,51.867],[8.7466,51.8601],[8.7484,51.8587],[8.7625,51.8463],[8.7654,51.8331],[8.7684,51.8165],[8.7903,51.798],[8.8613,51.7992],[8.8913,51.8037],[8.9183,51.8128],[8.9088,51.8198],[8.9143,51.8423],[8.9022,51.8534],[8.8868,51.8486],[8.8771,51.8623],[8.8688,51.8589],[8.8468,51.8638],[8.8228,51.8796]]]},"properties":{"AGS":"05766064","GEN":"Schlangen","SN_L":"05"}},
{"type":"Feature","geometry":{"type":"Polygon","coordinates":[[[8.7445,52.2763],[8.7387,52.2604],[8.7225,52.2465],[8.7519,52.2328],[8.7576,52.215],[8.789,52.197],[8.7701,52.1679],[8.782,52.1625],[8.8399,52.1743],[8.8443,52.1863],[8.8632,52.1936],[8.8522,52.2102],[8.8301,52.2191],[8.8417,52.2334],[8.8562,52.2343],[8.8717,52.2491],[8.7921,52.2629],[8.7445,52.2763]]]},"properties":{"AGS":"05770004","GEN":"Bad Oeynhausen","SN_L":"05"}},
{"type":"Feature","geometry":{"type":"Polygon","coordinates":[[[8.7075,52.3954],[8.6639,52.4026],[8.6476,52.4021],[8.638,52.4146],[8.618,52.4161],[8.5879,52.4126],[8.5883,52.3959],[8.5511,52.3929],[8.5498,52.3866],[8.5209,52.3773],[8.5172,52.3619],[8.5229,52.3557],[8.5583,52.3526],[8.5594,52.3435],[8.6228,52.3341],[8.6775,52.3357],[8.698,52.333],[8.694,52.3584],[8.7211,52.3685],[8.723,52.3832],[8.7152,52.3926],[8.7075,52.3954]]]},"properties":{"AGS":"05770008","GEN":"Espelkamp","SN_L":"05"}},
{"type":"Feature","geometry":{"type":"Polygon","coordinates":[[[8.7746,52.3956],[8.7461,52.3879],[8.7249,52.4009],[8.7152,52.3926],[8.723,52.3832],[8.7211,52.3685],[8.694,52.3584],[8.698,52.333],[8.7069,52.3157],[8.7285,52.3141],[8.7207,52.2966],[8.7114,52.2888],[8.7445,52.2763],[8.7921,52.2629],[8.8152,52.2791],[8.8208,52.3004],[8.8349,52.3074],[8.8623,52.3411],[8.8232,52.349],[8.8077,52.369],[8.8053,52.3824],[8.7882,52.3817],[8.7746,52.3956]]]},"properties":{"AGS":"05770012","GEN":"Hille","SN_L":"05"}},
{"type":"Feature","geometry":{"type":"Polygon","coordinates":[[[8.7114,52.2888],[8.672,52.2977],[8.6559,52.2972],[8.6357,52.291],[8.6261,52.2823],[8.5918,52.2707],[8.5692,52.2662],[8.554,52.2603],[8.5561,52.2583],[8.5874,52.2553],[8.6383,52.2594],[8.679,52.2397],[8.6839,52.2322],[8.698,52.2488],[8.7225,52.2465],[8.7387,52.2604],[8.7445,52.2763],[8.7114,52.2888]]]},"properties":{"AGS":"05770016","GEN":"Hüllhorst","SN_L":"05"}},
{"type":"Feature","geometry":{"type":"Polygon","coordinates":[[[8.5594,52.3435],[8.5474,52.3363],[8.5466,52.3249],[8.5331,52.3203],[8.5542,52.2937],[8.5627,52.2914],[8.5692,52.2662],[8.5918,52.2707],[8.6261,52.2823],[8.6357,52.291],[8.6559,52.2972],[8.672,52.2977],[8.7114,52.2888],[8.7207,52.2966],[8.7285,52.3141],[8.7069,52.3157],[8.698,52.333],[8.6775,52.3357],[8.6228,52.3341],[8.5594,52.3435]]]},"properties":{"AGS":"05770020","GEN":"Lübbecke","SN_L":"05"}},
{"type":"Feature","geometry":{"type":"Polygon","coordinates":[[[8.9983,52.3258],[8.9773,52.3274],[8.9647,52.3212],[8.928,52.3269],[8.9392,52.3377],[8.9408,52.349],[8.9317,52.3555],[8.8911,52.3642],[8.8713,52.3649],[8.8742,52.3529],[8.8623,52.3411],[8.8349,52.3074],[8.8208,52.3004],[8.8152,52.2791],[8.7921,52.2629],[8.8717,52.2491],[8.8864,52.2467],[8.8947,52.2655],[8.9635,52.2611],[8.9728,52.2655],[8.9635,52.279],[8.9881,52.2876],[8.991,52.3148],[8.9983,52.3258]]]},"properties":{"AGS":"05770024","GEN":"Minden","SN_L":"05"}},
{"type":"Feature","geometry":{"type":"Polygon","coordinates":[[[9.0952,52.4981],[9.0658,52.4962],[9.0523,52.5001],[9.0383,52.4799],[9.0265,52.48],[9.0121,52.4573],[8.9989,52.4576],[8.9895,52.4518],[8.9807,52.4284],[8.9622,52.425],[8.958,52.4162],[8.9325,52.4012],[8.9216,52.4028],[8.9031,52.4046],[8.8892,52.396],[8.8584,52.3937],[8.8551,52.3892],[8.7895,52.3984],[8.7746,52.3956],[8.7882,52.3817],[8.8053,52.3824],[8.8077,52.369],[8.8232,52.349],[8.8623,52.3411],[8.8742,52.3529],[8.8713,52.3649],[8.8911,52.3642],[8.9317,52.3555],[8.9408,52.349],[8.9392,52.3377],[8.928,52.3269],[8.9647,52.3212],[8.9773,52.3274],[8.9983,52.3258],[9.0077,52.3257],[9.0253,52.337],[9.0274,52.3456],[9.0579,52.3396],[9.0749,52.3503],[9.0979,52.3714],[9.0952,52.385],[9.1174,52.3971],[9.1253,52.412],[9.112,52.4208],[9.1105,52.4354],[9.0945,52.4428],[9.1029,52.4569],[9.1256,52.4683],[9.1356,52.4775],[9.132,52.484],[9.1124,52.4858],[9.0952,52.4981]]]},"properties":{"AGS":"05770028","GEN":"Petershagen","SN_L":"05"}},
{"type":"Feature","geometry":{"type":"Polygon","coordinates":[[[8.9728,52.2655],[8.9635,52.2611],[8.8947,52.2655],[8.8864,52.2467],[8.8717,52.2491],[8.8562,52.2343],[8.8417,52.2334],[8.8301,52.2191],[8.8522,52.2102],[8.8632,52.1936],[8.9008,52.1962],[8.9271,52.1844],[8.9592,52.1813],[8.9909,52.1853],[8.9858,52.1946],[8.9917,52.1963],[9.0211,52.1838],[9.0403,52.1847],[9.0485,52.1957],[9.0459,52.2108],[9.0341,52.2176],[9.0621,52.2232],[9.0753,52.2341],[9.058,52.2375],[9.033,52.2495],[9.0065,52.2528],[9.0042,52.2575],[8.9728,52.2655]]]},"properties":{"AGS":"05770032","GEN":"Porta Westfalica","SN_L":"05"}},
{"type":"Feature","geometry":{"type":"Polygon","coordinates":[[[8.5229,52.3557],[8.4985,52.3523],[8.4885,52.3596],[8.4515,52.3669],[8.4394,52.3627],[8.4535,52.3306],[8.4693,52.3134],[8.4588,52.2945],[8.4646,52.2763],[8.4662,52.2676],[8.4857,52.2645],[8.5225,52.2643],[8.554,52.2603],[8.5692,52.2662],[8.5627,52.2914],[8.5542,52.2937],[8.5331,52.3203],[8.5466,52.3249],[8.5474,52.3363],[8.5594,52.3435],[8.5583,52.3526],[8.5229,52.3557]]]},"properties":{"AGS":"05770036","GEN":"Preußisch Oldendorf","SN_L":"05"}},
{"type":"Feature","geometry":{"type":"Polygon","coordinates":[[[8.703,52.5004],[8.6987,52.5088],[8.6715,52.5174],[8.6526,52.5314],[8.5573,52.5001],[8.5681,52.4808],[8.5547,52.4682],[8.5594,52.4629],[8.5322,52.4492],[8.5189,52.4321],[8.5367,52.407],[8.5511,52.3929],[8.5883,52.3959],[8.5879,52.4126],[8.618,52.4161],[8.638,52.4146],[8.6476,52.4021],[8.6639,52.4026],[8.7075,52.3954],[8.7109,52.4082],[8.7048,52.4173],[8.7166,52.4321],[8.7053,52.4393],[8.7047,52.4554],[8.7103,52.4603],[8.7089,52.4775],[8.6985,52.4867],[8.703,52.5004]]]},"properties":{"AGS":"05770040","GEN":"Rahden","SN_L":"05"}},
{"type":"Feature","geometry":{"type":"Polygon","coordinates":[[[8.5573,52.5001],[8.5057,52.5129],[8.4816,52.497],[8.4603,52.4903],[8.4543,52.461],[8.4288,52.448],[8.4148,52.446],[8.3941,52.4495],[8.3691,52.4447],[8.3479,52.4523],[8.3261,52.4517],[8.3114,52.459],[8.2972,52.4565],[8.3062,52.4446],[8.304,52.4343],[8.322,52.4262],[8.3136,52.406],[8.3594,52.3909],[8.3913,52.3837],[8.401,52.3774],[8.4394,52.3627],[8.4515,52.3669],[8.4885,52.3596],[8.4985,52.3523],[8.5229,52.3557],[8.5172,52.3619],[8.5209,52.3773],[8.5498,52.3866],[8.5511,52.3929],[8.5367,52.407],[8.5189,52.4321],[8.5322,52.4492],[8.5594,52.4629],[8.5547,52.4682],[8.5681,52.4808],[8.5573,52.5001]]]},"properties":{"AGS":"05770044","GEN":"Stemwede","SN_L":"05"}},
{"type":"Feature","geometry":{"type":"Polygon","coordinates":[[[8.919,51.8028],[8.9011,51.7969],[8.8895,51.7872],[8.9097,51.7687],[8.8978,51.7645],[8.8934,51.7519],[8.8838,51.7458],[8.9,51.7369],[8.8906,51.7234],[8.8754,51.7209],[8.8829,51.7095],[8.877,51.6935],[8.8903,51.6897],[8.9066,51.7002],[8.9242,51.6892],[8.9523,51.6893],[8.9592,51.6804],[8.9729,51.6765],[8.9833,51.6919],[8.9753,51.6975],[8.9986,51.7046],[8.9838,51.7363],[8.9877,51.7489],[8.9998,51.7586],[8.9846,51.7623],[8.9704,51.7719],[8.9644,51.7834],[8.9593,51.7897],[8.9402,51.7937],[8.919,51.8028]]]},"properties":{"AGS":"05774004","GEN":"Altenbeken","SN_L":"05"}},
{"type":"Feature","geometry":{"type":"Polygon","coordinates":[[[8.9183,51.8128],[8.8913,51.8037],[8.8613,51.7992],[8.7903,51.798],[8.7684,51.8165],[8.7654,51.8331],[8.7561,51.8263],[8.7239,51.8208],[8.7396,51.8008],[8.7412,51.7917],[8.759,51.7898],[8.7715,51.7714],[8.7909,51.773],[8.8045,51.7622],[8.8297,51.7551],[8.8741,51.7565],[8.8978,51.7645],[8.9097,51.7687],[8.8895,51.7872],[8.9011,51.7969],[8.919,51.8028],[8.9183,51.8128]]]},"properties":{"AGS":"05774008","GEN":"Bad Lippspringe","SN_L":"05"}},
{"type":"Feature","geometry":{"type":"Polygon","coordinates":[[[8.8568,51.674],[8.8294,51.6828],[8.8228,51.6907],[8.8073,51.6949],[8.7962,51.6805],[8.7828,51.684],[8.7696,51.6794],[8.7467,51.6821],[8.7158,51.6818],[8.669,51.6584],[8.7134,51.6307],[8.7237,51.6156],[8.7378,51.6077],[8.7545,51.6137],[8.7627,51.6099],[8.8038,51.6196],[8.8182,51.6288],[8.8481,51.6377],[8.8487,51.6495],[8.8575,51.6563],[8.8568,51.674]]]},"properties":{"AGS":"05774012","GEN":"Borchen","SN_L":"05"}},
{"type":"Feature","geometry":{"type":"Polygon","coordinates":[[[8.7028,51.6092],[8.6806,51.6068],[8.6662,51.619],[8.6217,51.6301],[8.5833,51.6227],[8.5376,51.6006],[8.511,51.5941],[8.5075,51.5867],[8.4771,51.576],[8.4762,51.5692],[8.4776,51.5479],[8.4923,51.5301],[8.5098,51.5246],[8.5203,51.4903],[8.5479,51.4678],[8.5739,51.4684],[8.5881,51.4804],[8.6042,51.4839],[8.6249,51.4788],[8.6254,51.4888],[8.6365,51.4957],[8.6305,51.5135],[8.6554,51.5361],[8.6452,51.5561],[8.6686,51.5681],[8.675,51.5754],[8.691,51.5783],[8.7131,51.5999],[8.7028,51.6092]]]},"properties":{"AGS":"05774016","GEN":"Büren","SN_L":"05"}},
{"type":"Feature","geometry":{"type":"Polygon","coordinates":[[[8.6784,51.7924],[8.6599,51.7965],[8.6455,51.8091],[8.6161,51.818],[8.6099,51.8112],[8.5711,51.8175],[8.5712,51.8434],[8.5338,51.8314],[8.5214,51.8096],[8.4977,51.7982],[8.4683,51.7918],[8.4169,51.7588],[8.4095,51.7481],[8.4031,51.7194],[8.4415,51.7172],[8.4681,51.7211],[8.4914,51.7238],[8.5059,51.71],[8.529,51.7145],[8.5609,51.7082],[8.5824,51.7232],[8.5981,51.7299],[8.6282,51.7255],[8.6423,51.7269],[8.6412,51.7523],[8.6369,51.7615],[8.6424,51.7766],[8.6784,51.7924]]]},"properties":{"AGS":"05774020","GEN":"Delbrück","SN_L":"05"}},
{"type":"Feature","geometry":{"type":"Polygon","coordinates":[[[8.7484,51.8587],[8.718,51.8546],[8.6908,51.856],[8.6623,51.8522],[8.6529,51.8661],[8.6373,51.8771],[8.6278,51.8624],[8.6013,51.854],[8.5712,51.8434],[8.5711,51.8175],[8.6099,51.8112],[8.6161,51.818],[8.6455,51.8091],[8.6599,51.7965],[8.6784,51.7924],[8.699,51.7972],[8.7396,51.8008],[8.7239,51.8208],[8.7561,51.8263],[8.7654,51.8331],[8.7625,51.8463],[8.7484,51.8587]]]},"properties":{"AGS":"05774024","GEN":"Hövelhof","SN_L":"05"}},
{"type":"Feature","geometry":{"type":"Polygon","coordinates":[[[8.9729,51.6765],[8.9592,51.6804],[8.9523,51.6893],[8.9242,51.6892],[8.9066,51.7002],[8.8903,51.6897],[8.8764,51.6796],[8.8568,51.674],[8.8575,51.6563],[8.8487,51.6495],[8.8481,51.6377],[8.8182,51.6288],[8.8038,51.6196],[8.7627,51.6099],[8.7545,51.6137],[8.7378,51.6077],[8.7656,51.58],[8.7774,51.5779],[8.7868,51.5659],[8.8442,51.5465],[8.886,51.5483],[8.8972,51.5305],[8.9054,51.5315],[8.9358,51.5404],[8.9429,51.5499],[8.9588,51.5525],[8.9667,51.5643],[9.0172,51.5751],[9.0133,51.5965],[8.9895,51.6021],[8.978,51.6203],[8.9884,51.6481],[8.9729,51.6765]]]},"properties":{"AGS":"05774028","GEN":"Lichtenau","SN_L":"05"}},
{"type":"Feature","geometry":{"type":"Polygon","coordinates":[[[8.7396,51.8008],[8.699,51.7972],[8.6784,51.7924],[8.6424,51.7766],[8.6369,51.7615],[8.6412,51.7523],[8.6423,51.7269],[8.6578,51.7136],[8.663,51.6963],[8.6557,51.6839],[8.6626,51.6738],[8.654,51.6551],[8.669,51.6584],[8.7158,51.6818],[8.7467,51.6821],[8.7696,51.6794],[8.7828,51.684],[8.7962,51.6805],[8.8073,51.6949],[8.8228,51.6907],[8.8294,51.6828],[8.8568,51.674],[8.8764,51.6796],[8.8903,51.6897],[8.877,51.6935],[8.8829,51.7095],[8.8754,51.7209],[8.8906,51.7234],[8.9,51.7369],[8.8838,51.7458],[8.8934,51.7519],[8.8978,51.7645],[8.8741,51.7565],[8.8297,51.7551],[8.8045,51.7622],[8.7909,51.773],[8.7715,51.7714],[8.759,51.7898],[8.7412,51.7917],[8.7396,51.8008]]]},"properties":{"AGS":"05774032","GEN":"Paderborn","SN_L":"05"}},
{"type":"Feature","geometry":{"type":"Polygon","coordinates":[[[8.6423,51.7269],[8.6282,51.7255],[8.5981,51.7299],[8.5824,51.7232],[8.5609,51.7082],[8.529,51.7145],[8.5059,51.71],[8.4914,51.7238],[8.4681,51.7211],[8.476,51.7145],[8.4744,51.6987],[8.4786,51.6866],[8.5116,51.6794],[8.53,51.6694],[8.5489,51.6699],[8.5683,51.6584],[8.5833,51.6227],[8.6217,51.6301],[8.6662,51.619],[8.6806,51.6068],[8.7028,51.6092],[8.7237,51.6156],[8.7134,51.6307],[8.669,51.6584],[8.654,51.6551],[8.6626,51.6738],[8.6557,51.6839],[8.663,51.6963],[8.6578,51.7136],[8.6423,51.7269]]]},"properties":{"AGS":"05774036","GEN":"Salzkotten","SN_L":"05"}},
{"type":"Feature","geometry":{"type":"Polygon","coordinates":[[[8.7378,51.6077],[8.7237,51.6156],[8.7028,51.6092],[8.7131,51.5999],[8.691,51.5783],[8.675,51.5754],[8.6686,51.5681],[8.6452,51.5561],[8.6554,51.5361],[8.6305,51.5135],[8.6365,51.4957],[8.6254,51.4888],[8.6249,51.4788],[8.6521,51.4812],[8.664,51.4736],[8.6803,51.4719],[8.7209,51.4591],[8.7522,51.4654],[8.7573,51.4539],[8.7677,51.4474],[8.7887,51.4566],[8.8077,51.4791],[8.8368,51.5006],[8.8212,51.5177],[8.8072,51.5267],[8.8146,51.5395],[8.8452,51.5369],[8.8442,51.5465],[8.7868,51.5659],[8.7774,51.5779],[8.7656,51.58],[8.7378,51.6077]]]},"properties":{"AGS":"05774040","GEN":"Bad Wünnenberg","SN_L":"05"}},
{"type":"Feature","geometry":{"type":"Polygon","coordinates":[[[7.3146,51.5223],[7.294,51.532],[7.2738,51.524],[7.256,51.5273],[7.2277,51.5174],[7.1973,51.5206],[7.1925,51.5093],[7.1693,51.5043],[7.1394,51.5055],[7.1375,51.4906],[7.1042,51.4813],[7.1139,51.4717],[7.1096,51.4629],[7.1333,51.4418],[7.1229,51.4345],[7.136,51.426],[7.1547,51.4143],[7.1808,51.42],[7.2059,51.4183],[7.2218,51.4121],[7.2526,51.4133],[7.2898,51.4439],[7.2967,51.4569],[7.342,51.4558],[7.349,51.466],[7.3482,51.4827],[7.3371,51.4972],[7.3219,51.4896],[7.3173,51.5058],[7.3033,51.5144],[7.3146,51.5223]]]},"properties":{"AGS":"05911000","GEN":"Bochum","SN_L":"05"}},
{"type":"Feature","geometry":{"type":"Polygon","coordinates":[[[7.5905,51.5832],[7.5717,51.5855],[7.5285,51.5767],[7.5025,51.5813],[7.4899,51.5927],[7.4465,51.5812],[7.4205,51.5867],[7.4179,51.5995],[7.3963,51.5873],[7.3717,51.5908],[7.37,51.5822],[7.3537,51.5834],[7.3385,51.5765],[7.3519,51.5669],[7.3542,51.5516],[7.3489,51.5443],[7.3638,51.5298],[7.3358,51.5207],[7.3146,51.5223],[7.3033,51.5144],[7.3173,51.5058],[7.3219,51.4896],[7.3371,51.4972],[7.3482,51.4827],[7.3713,51.4826],[7.389,51.4739],[7.3886,51.4634],[7.4149,51.4504],[7.4236,51.4329],[7.4594,51.4373],[7.4653,51.4161],[7.5085,51.4179],[7.5117,51.4323],[7.5325,51.4383],[7.5361,51.4483],[7.5507,51.4558],[7.5426,51.4627],[7.5712,51.475],[7.5945,51.4692],[7.6045,51.4762],[7.5966,51.5092],[7.632,51.5203],[7.6379,51.5276],[7.6322,51.5487],[7.608,51.5486],[7.6062,51.5685],[7.5905,51.5832]]]},"properties":{"AGS":"05913000","GEN":"Dortmund","SN_L":"05"}},
{"type":"Feature","geometry":{"type":"Polygon","coordinates":[[[7.5085,51.4179],[7.4653,51.4161],[7.4511,51.3994],[7.4353,51.3904],[7.4146,51.4013],[7.4063,51.3975],[7.4078,51.3823],[7.3916,51.3657],[7.3954,51.3604],[7.3763,51.3467],[7.3952,51.3267],[7.3986,51.3317],[7.4235,51.3286],[7.424,51.3198],[7.4055,51.3081],[7.4186,51.2943],[7.4324,51.2898],[7.4279,51.3008],[7.4392,51.315],[7.4623,51.3186],[7.4889,51.3132],[7.5039,51.3159],[7.5073,51.3058],[7.4814,51.2803],[7.5086,51.2721],[7.5173,51.2649],[7.5489,51.2696],[7.5656,51.2813],[7.5689,51.2908],[7.5832,51.2959],[7.5767,51.3301],[7.5929,51.339],[7.5938,51.3512],[7.5848,51.3778],[7.5878,51.3904],[7.5758,51.3967],[7.549,51.3987],[7.5336,51.3953],[7.5325,51.4069],[7.5085,51.4179]]]},"properties":{"AGS":"05914000","GEN":"Hagen","SN_L":"05"}},
{"type":"Feature","geometry":{"type":"Polygon","coordinates":[[[7.9445,51.7006],[7.9119,51.7061],[7.8896,51.7048],[7.8883,51.7178],[7.8364,51.73],[7.8336,51.7412],[7.813,51.7398],[7.7664,51.7268],[7.7522,51.7385],[7.7358,51.7374],[7.7192,51.7186],[7.7019,51.7124],[7.701,51.6951],[7.7273,51.6777],[7.6756,51.6592],[7.6815,51.65],[7.688,51.6137],[7.7156,51.613],[7.7216,51.6225],[7.7426,51.6255],[7.7873,51.6165],[7.8111,51.621],[7.8166,51.6083],[7.8109,51.6028],[7.8146,51.5893],[7.8244,51.5781],[7.8272,51.5786],[7.8598,51.5915],[7.9057,51.5959],[7.9104,51.5939],[7.9158,51.602],[7.9113,51.6137],[7.9444,51.6382],[7.9543,51.6609],[7.9535,51.6724],[7.9975,51.6742],[7.9761,51.6899],[7.9445,51.7006]]]},"properties":{"AGS":"05915000","GEN":"Hamm","SN_L":"05"}},
{"type":"Feature","geometry":{"type":"Polygon","coordinates":[[[7.294,51.532],[7.2963,51.5418],[7.2635,51.5626],[7.2497,51.5647],[7.2417,51.5734],[7.2245,51.5638],[7.1796,51.5527],[7.1451,51.5522],[7.1243,51.5468],[7.1445,51.5131],[7.1394,51.5055],[7.1693,51.5043],[7.1925,51.5093],[7.1973,51.5206],[7.2277,51.5174],[7.256,51.5273],[7.2738,51.524],[7.294,51.532]]]},"properties":{"AGS":"05916000","GEN":"Herne","SN_L":"05"}},
{"type":"Feature","geometry":{"type":"Polygon","coordinates":[[[7.5173,51.2649],[7.5086,51.2721],[7.4814,51.2803],[7.5073,51.3058],[7.5039,51.3159],[7.4889,51.3132],[7.4623,51.3186],[7.4392,51.315],[7.4279,51.3008],[7.4324,51.2898],[7.3971,51.2725],[7.4239,51.2607],[7.4122,51.2499],[7.3971,51.2494],[7.3876,51.2562],[7.3719,51.2532],[7.3642,51.2455],[7.3898,51.2466],[7.4026,51.2378],[7.3954,51.2321],[7.4305,51.224],[7.4333,51.2144],[7.4511,51.23],[7.4636,51.2274],[7.4942,51.2398],[7.5173,51.2649]]]},"properties":{"AGS":"05954004","GEN":"Breckerfeld","SN_L":"05"}},
{"type":"Feature","geometry":{"type":"Polygon","coordinates":[[[7.4324,51.2898],[7.4186,51.2943],[7.4055,51.3081],[7.424,51.3198],[7.4235,51.3286],[7.3986,51.3317],[7.3952,51.3267],[7.3543,51.3181],[7.3409,51.3036],[7.3225,51.3094],[7.309,51.3076],[7.316,51.2925],[7.3191,51.2725],[7.3037,51.2649],[7.3007,51.2516],[7.3067,51.2389],[7.3327,51.2503],[7.339,51.2396],[7.3529,51.2388],[7.3642,51.2455],[7.3719,51.2532],[7.3876,51.2562],[7.3971,51.2494],[7.4122,51.2499],[7.4239,51.2607],[7.3971,51.2725],[7.4324,51.2898]]]},"properties":{"AGS":"05954008","GEN":"Ennepetal","SN_L":"05"}},
{"type":"Feature","geometry":{"type":"Polygon","coordinates":[[[7.3763,51.3467],[7.3527,51.3477],[7.3459,51.3588],[7.3306,51.3664],[7.3116,51.3603],[7.3148,51.3491],[7.3023,51.3446],[7.3161,51.3318],[7.3004,51.3265],[7.2989,51.3136],[7.309,51.3076],[7.3225,51.3094],[7.3409,51.3036],[7.3543,51.3181],[7.3952,51.3267],[7.3763,51.3467]]]},"properties":{"AGS":"05954012","GEN":"Gevelsberg","SN_L":"05"}},
{"type":"Feature","geometry":{"type":"Polygon","coordinates":[[[7.2526,51.4133],[7.2218,51.4121],[7.2059,51.4183],[7.1808,51.42],[7.1547,51.4143],[7.136,51.426],[7.1344,51.4171],[7.112,51.4006],[7.1184,51.3942],[7.1177,51.3803],[7.1376,51.3793],[7.1594,51.3651],[7.1473,51.3515],[7.1454,51.3398],[7.1662,51.3256],[7.1673,51.3129],[7.1754,51.3098],[7.2046,51.3203],[7.2065,51.3309],[7.2273,51.3401],[7.2322,51.3599],[7.219,51.3701],[7.2556,51.3832],[7.2468,51.401],[7.2526,51.4133]]]},"properties":{"AGS":"05954016","GEN":"Hattingen","SN_L":"05"}},
{"type":"Feature","geometry":{"type":"Polygon","coordinates":[[[7.4653,51.4161],[7.4594,51.4373],[7.4236,51.4329],[7.4143,51.4274],[7.388,51.4219],[7.3851,51.4153],[7.3547,51.4044],[7.3597,51.3977],[7.3845,51.3895],[7.387,51.3962],[7.4063,51.3975],[7.4146,51.4013],[7.4353,51.3904],[7.4511,51.3994],[7.4653,51.4161]]]},"properties":{"AGS":"05954020","GEN":"Herdecke","SN_L":"05"}},
{"type":"Feature","geometry":{"type":"Polygon","coordinates":[[[7.2989,51.3136],[7.2941,51.3172],[7.2686,51.3037],[7.2624,51.3043],[7.2539,51.2882],[7.2752,51.2775],[7.2673,51.2614],[7.2857,51.2496],[7.3007,51.2516],[7.3037,51.2649],[7.3191,51.2725],[7.316,51.2925],[7.309,51.3076],[7.2989,51.3136]]]},"properties":{"AGS":"05954024","GEN":"Schwelm","SN_L":"05"}},
{"type":"Feature","geometry":{"type":"Polygon","coordinates":[[[7.2978,51.3767],[7.2758,51.37],[7.2556,51.3832],[7.219,51.3701],[7.2322,51.3599],[7.2273,51.3401],[7.2065,51.3309],[7.2046,51.3203],[7.1754,51.3098],[7.1747,51.3011],[7.1903,51.2951],[7.2563,51.3169],[7.2624,51.3043],[7.2686,51.3037],[7.2941,51.3172],[7.2989,51.3136],[7.3004,51.3265],[7.3161,51.3318],[7.3023,51.3446],[7.3148,51.3491],[7.3116,51.3603],[7.2997,51.3663],[7.2978,51.3767]]]},"properties":{"AGS":"05954028","GEN":"Sprockhövel","SN_L":"05"}},
{"type":"Feature","geometry":{"type":"Polygon","coordinates":[[[7.3597,51.3977],[7.3463,51.4075],[7.3325,51.4093],[7.3179,51.4005],[7.3087,51.3794],[7.2978,51.3767],[7.2997,51.3663],[7.3116,51.3603],[7.3306,51.3664],[7.3459,51.3588],[7.3527,51.3477],[7.3763,51.3467],[7.3954,51.3604],[7.3916,51.3657],[7.4078,51.3823],[7.4063,51.3975],[7.387,51.3962],[7.3845,51.3895],[7.3597,51.3977]]]},"properties":{"AGS":"05954032","GEN":"Wetter (Ruhr)","SN_L":"05"}},
{"type":"Feature","geometry":{"type":"Polygon","coordinates":[[[7.4236,51.4329],[7.4149,51.4504],[7.3886,51.4634],[7.389,51.4739],[7.3713,51.4826],[7.3482,51.4827],[7.349,51.466],[7.342,51.4558],[7.2967,51.4569],[7.2898,51.4439],[7.2526,51.4133],[7.2468,51.401],[7.2556,51.3832],[7.2758,51.37],[7.2978,51.3767],[7.3087,51.3794],[7.3179,51.4005],[7.3325,51.4093],[7.3463,51.4075],[7.3597,51.3977],[7.3547,51.4044],[7.3851,51.4153],[7.388,51.4219],[7.4143,51.4274],[7.4236,51.4329]]]},"properties":{"AGS":"05954036","GEN":"Witten","SN_L":"05"}},
{"type":"Feature","geometry":{"type":"Polygon","coordinates":[[[7.9182,51.4827],[7.9082,51.4902],[7.8774,51.4743],[7.8638,51.4588],[7.8758,51.4508],[7.8902,51.4292],[7.8956,51.4139],[7.8891,51.4033],[7.8935,51.3925],[7.9077,51.373],[7.9324,51.3822],[7.954,51.3839],[7.9573,51.3915],[7.9758,51.3938],[8.0124,51.391],[8.0073,51.3698],[8.0476,51.3547],[8.0889,51.3554],[8.1109,51.3616],[8.1244,51.367],[8.1516,51.3917],[8.1748,51.3925],[8.1802,51.4023],[8.2086,51.4107],[8.2019,51.4222],[8.1772,51.4276],[8.1576,51.442],[8.1264,51.4407],[8.1195,51.4491],[8.0786,51.4468],[8.0507,51.4476],[8.0191,51.46],[8.0117,51.4682],[7.9622,51.4717],[7.9524,51.466],[7.9188,51.4769],[7.9182,51.4827]]]},"properties":{"AGS":"05958004","GEN":"Arnsberg","SN_L":"05"}},
{"type":"Feature","geometry":{"type":"Polygon","coordinates":[[[8.4184,51.4061],[8.3921,51.4082],[8.3657,51.3962],[8.3731,51.3729],[8.3574,51.3643],[8.3508,51.3537],[8.3526,51.3424],[8.3705,51.3169],[8.3685,51.3019],[8.3735,51.2881],[8.3761,51.2833],[8.403,51.2809],[8.4045,51.2625],[8.4302,51.266],[8.4303,51.2815],[8.4225,51.2891],[8.4439,51.302],[8.4408,51.328],[8.4252,51.3279],[8.4164,51.3432],[8.418,51.3548],[8.4469,51.3585],[8.4406,51.3811],[8.4184,51.4061]]]},"properties":{"AGS":"05958008","GEN":"Bestwig","SN_L":"05"}},
{"type":"Feature","geometry":{"type":"Polygon","coordinates":[[[8.6249,51.4788],[8.6042,51.4839],[8.5881,51.4804],[8.5739,51.4684],[8.5479,51.4678],[8.4912,51.4451],[8.4695,51.4344],[8.4687,51.4209],[8.4887,51.3709],[8.5216,51.3723],[8.5298,51.3585],[8.5273,51.3505],[8.5568,51.3499],[8.5669,51.3356],[8.5623,51.3185],[8.5677,51.3119],[8.5705,51.2893],[8.5926,51.3039],[8.605,51.3237],[8.6211,51.3365],[8.6378,51.3436],[8.6543,51.3404],[8.6666,51.3557],[8.6835,51.3622],[8.6797,51.3731],[8.7005,51.3774],[8.7017,51.392],[8.7158,51.4007],[8.7074,51.4078],[8.7311,51.4214],[8.7355,51.4407],[8.7573,51.4539],[8.7522,51.4654],[8.7209,51.4591],[8.6803,51.4719],[8.664,51.4736],[8.6521,51.4812],[8.6249,51.4788]]]},"properties":{"AGS":"05958012","GEN":"Brilon","SN_L":"05"}},
{"type":"Feature","geometry":{"type":"Polygon","coordinates":[[[8.2963,51.276],[8.2614,51.2908],[8.2456,51.2785],[8.2394,51.2878],[8.2232,51.2922],[8.2219,51.3015],[8.2088,51.307],[8.1794,51.3029],[8.1515,51.3126],[8.1424,51.2792],[8.1106,51.266],[8.1036,51.2663],[8.0855,51.2616],[8.0737,51.2648],[8.0658,51.2467],[8.0797,51.2403],[8.1142,51.2409],[8.1208,51.2292],[8.0999,51.2142],[8.1123,51.1955],[8.126,51.1909],[8.1514,51.1733],[8.1681,51.1855],[8.1875,51.1921],[8.2013,51.2038],[8.1938,51.2111],[8.1966,51.2224],[8.213,51.2259],[8.2315,51.2391],[8.2649,51.2429],[8.2767,51.2602],[8.2693,51.2654],[8.2963,51.276]]]},"properties":{"AGS":"05958016","GEN":"Eslohe (Sauerland)","SN_L":"05"}},
{"type":"Feature","geometry":{"type":"Polygon","coordinates":[[[8.6922,51.1328],[8.6668,51.1383],[8.6673,51.1544],[8.6319,51.1658],[8.6117,51.1659],[8.5937,51.1765],[8.5679,51.1694],[8.5851,51.1626],[8.5854,51.1429],[8.5636,51.1435],[8.5581,51.1359],[8.5411,51.1327],[8.5282,51.1242],[8.5072,51.1271],[8.5061,51.1286],[8.5071,51.1336],[8.497,51.1371],[8.5048,51.1286],[8.5067,51.1261],[8.5099,51.1259],[8.5219,51.1223],[8.5284,51.1155],[8.5456,51.1138],[8.5491,51.1019],[8.6015,51.102],[8.6485,51.095],[8.6726,51.1013],[8.6922,51.1092],[8.7069,51.1078],[8.7203,51.1143],[8.7017,51.1166],[8.6922,51.1328]]]},"properties":{"AGS":"05958020","GEN":"Hallenberg","SN_L":"05"}},
{"type":"Feature","geometry":{"type":"Polygon","coordinates":[[[8.9054,51.5315],[8.8972,51.5305],[8.886,51.5483],[8.8442,51.5465],[8.8452,51.5369],[8.8146,51.5395],[8.8072,51.5267],[8.8212,51.5177],[8.8368,51.5006],[8.8077,51.4791],[8.7887,51.4566],[8.7677,51.4474],[8.7573,51.4539],[8.7355,51.4407],[8.7311,51.4214],[8.7074,51.4078],[8.7158,51.4007],[8.7017,51.392],[8.7005,51.3774],[8.7277,51.3722],[8.7603,51.3783],[8.7705,51.3848],[8.804,51.3908],[8.8185,51.3887],[8.854,51.3771],[8.8896,51.3927],[8.9159,51.3928],[8.9372,51.3893],[8.9481,51.4282],[8.9188,51.4303],[8.9218,51.4461],[8.9066,51.4654],[8.8941,51.4712],[8.8904,51.4819],[8.9133,51.4916],[8.9708,51.5067],[8.9465,51.5076],[8.9387,51.5137],[8.9109,51.5228],[8.9054,51.5315]]]},"properties":{"AGS":"05958024","GEN":"Marsberg","SN_L":"05"}},
{"type":"Feature","geometry":{"type":"Polygon","coordinates":[[[8.7334,51.2641],[8.722,51.2737],[8.6855,51.2738],[8.6775,51.2677],[8.6283,51.2605],[8.6115,51.2471],[8.5973,51.2472],[8.597,51.2331],[8.5871,51.2181],[8.5993,51.2087],[8.592,51.1937],[8.6056,51.1909],[8.6032,51.1787],[8.5937,51.1765],[8.6117,51.1659],[8.6319,51.1658],[8.6673,51.1544],[8.6668,51.1383],[8.6922,51.1328],[8.7177,51.1515],[8.7484,51.1686],[8.7505,51.1992],[8.7682,51.2089],[8.7417,51.2184],[8.7276,51.2501],[8.7334,51.2641]]]},"properties":{"AGS":"05958028","GEN":"Medebach","SN_L":"05"}},
{"type":"Feature","geometry":{"type":"Polygon","coordinates":[[[8.3657,51.3962],[8.2985,51.3885],[8.2761,51.4068],[8.2606,51.403],[8.2361,51.4029],[8.2086,51.4107],[8.1802,51.4023],[8.1748,51.3925],[8.1516,51.3917],[8.1244,51.367],[8.1109,51.3616],[8.1263,51.3505],[8.1273,51.3393],[8.1031,51.3303],[8.123,51.3197],[8.1193,51.3066],[8.0964,51.2965],[8.1067,51.2801],[8.1036,51.2663],[8.1106,51.266],[8.1424,51.2792],[8.1515,51.3126],[8.1794,51.3029],[8.2088,51.307],[8.2219,51.3015],[8.2232,51.2922],[8.2394,51.2878],[8.2456,51.2785],[8.2614,51.2908],[8.2963,51.276],[8.3129,51.2731],[8.3225,51.26],[8.3435,51.2545],[8.3617,51.266],[8.3735,51.2881],[8.3685,51.3019],[8.3705,51.3169],[8.3526,51.3424],[8.3508,51.3537],[8.3574,51.3643],[8.3731,51.3729],[8.3657,51.3962]]]},"properties":{"AGS":"05958032","GEN":"Meschede","SN_L":"05"}},
{"type":"Feature","geometry":{"type":"Polygon","coordinates":[[[8.5705,51.2893],[8.5677,51.3119],[8.5623,51.3185],[8.5669,51.3356],[8.5568,51.3499],[8.5273,51.3505],[8.5298,51.3585],[8.5216,51.3723],[8.4887,51.3709],[8.4687,51.4209],[8.4695,51.4344],[8.4535,51.4223],[8.443,51.4205],[8.4184,51.4061],[8.4406,51.3811],[8.4469,51.3585],[8.418,51.3548],[8.4164,51.3432],[8.4252,51.3279],[8.4408,51.328],[8.4439,51.302],[8.4225,51.2891],[8.4303,51.2815],[8.4302,51.266],[8.4405,51.2641],[8.4758,51.2661],[8.4864,51.2631],[8.5424,51.2771],[8.5678,51.2703],[8.5563,51.2775],[8.5705,51.2893]]]},"properties":{"AGS":"05958036","GEN":"Olsberg","SN_L":"05"}},
{"type":"Feature","geometry":{"type":"Polygon","coordinates":[[[8.3735,51.2881],[8.3617,51.266],[8.3435,51.2545],[8.3225,51.26],[8.3129,51.2731],[8.2963,51.276],[8.2693,51.2654],[8.2767,51.2602],[8.2649,51.2429],[8.2315,51.2391],[8.213,51.2259],[8.1966,51.2224],[8.1938,51.2111],[8.2013,51.2038],[8.1875,51.1921],[8.1681,51.1855],[8.1514,51.1733],[8.1476,51.1589],[8.1363,51.1534],[8.131,51.1429],[8.1518,51.1421],[8.1676,51.1473],[8.1884,51.1443],[8.1991,51.1254],[8.2203,51.1229],[8.225,51.1152],[8.2416,51.1121],[8.2388,51.1043],[8.2519,51.0996],[8.2809,51.1029],[8.3051,51.1008],[8.3403,51.0925],[8.3801,51.1113],[8.3959,51.1278],[8.4377,51.1425],[8.4564,51.151],[8.4699,51.1628],[8.4729,51.1865],[8.4532,51.1827],[8.4323,51.2115],[8.4267,51.2276],[8.4391,51.2313],[8.4432,51.2469],[8.4333,51.2473],[8.4302,51.266],[8.4045,51.2625],[8.403,51.2809],[8.3761,51.2833],[8.3735,51.2881]]]},"properties":{"AGS":"05958040","GEN":"Schmallenberg","SN_L":"05"}},
{"type":"Feature","geometry":{"type":"Polygon","coordinates":[[[8.1109,51.3616],[8.0889,51.3554],[8.0476,51.3547],[8.0073,51.3698],[8.0124,51.391],[7.9758,51.3938],[7.9573,51.3915],[7.954,51.3839],[7.9324,51.3822],[7.9077,51.373],[7.9066,51.3496],[7.9315,51.334],[7.9304,51.325],[7.9155,51.3035],[7.9134,51.2922],[7.9155,51.2821],[7.9059,51.2735],[7.9223,51.2598],[7.9186,51.25],[7.9398,51.234],[7.9405,51.2397],[7.9693,51.2413],[7.993,51.2362],[8.0073,51.238],[8.0187,51.2466],[8.04,51.2375],[8.0525,51.2474],[8.0658,51.2467],[8.0737,51.2648],[8.0855,51.2616],[8.1036,51.2663],[8.1067,51.2801],[8.0964,51.2965],[8.1193,51.3066],[8.123,51.3197],[8.1031,51.3303],[8.1273,51.3393],[8.1263,51.3505],[8.1109,51.3616]]]},"properties":{"AGS":"05958044","GEN":"Sundern (Sauerland)","SN_L":"05"}},
{"type":"Feature","geometry":{"type":"Polygon","coordinates":[[[8.5678,51.2703],[8.5424,51.2771],[8.4864,51.2631],[8.4758,51.2661],[8.4405,51.2641],[8.4302,51.266],[8.4333,51.2473],[8.4432,51.2469],[8.4391,51.2313],[8.4267,51.2276],[8.4323,51.2115],[8.4532,51.1827],[8.4729,51.1865],[8.4699,51.1628],[8.4564,51.151],[8.4377,51.1425],[8.4447,51.1362],[8.4859,51.1495],[8.497,51.1371],[8.5071,51.1336],[8.5061,51.1286],[8.5072,51.1271],[8.5282,51.1242],[8.5411,51.1327],[8.5581,51.1359],[8.5636,51.1435],[8.5854,51.1429],[8.5851,51.1626],[8.5679,51.1694],[8.5937,51.1765],[8.6032,51.1787],[8.6056,51.1909],[8.592,51.1937],[8.5993,51.2087],[8.5871,51.2181],[8.597,51.2331],[8.5973,51.2472],[8.585,51.2546],[8.5782,51.2675],[8.5678,51.2703]]]},"properties":{"AGS":"05958048","GEN":"Winterberg","SN_L":"05"}},
{"type":"Feature","geometry":{"type":"Polygon","coordinates":[[[7.7208,51.3172],[7.7007,51.3034],[7.6877,51.305],[7.6845,51.3154],[7.6564,51.3169],[7.6433,51.3087],[7.6446,51.2987],[7.6331,51.2755],[7.6305,51.2707],[7.6489,51.2614],[7.6533,51.2422],[7.6846,51.2396],[7.6965,51.2451],[7.6958,51.2618],[7.7047,51.2645],[7.7089,51.2841],[7.7304,51.2867],[7.7637,51.2915],[7.7672,51.301],[7.7597,51.3166],[7.7444,51.3133],[7.7208,51.3172]]]},"properties":{"AGS":"05962004","GEN":"Altena","SN_L":"05"}},
{"type":"Feature","geometry":{"type":"Polygon","coordinates":[[[7.8935,51.3925],[7.8715,51.397],[7.846,51.3891],[7.8539,51.3797],[7.8271,51.3521],[7.7987,51.3441],[7.797,51.3319],[7.7764,51.3267],[7.7735,51.3182],[7.7739,51.3095],[7.7999,51.3059],[7.8194,51.2951],[7.8305,51.2988],[7.8653,51.3011],[7.8754,51.2928],[7.8976,51.2896],[7.9134,51.2922],[7.9155,51.3035],[7.9304,51.325],[7.9315,51.334],[7.9066,51.3496],[7.9077,51.373],[7.8935,51.3925]]]},"properties":{"AGS":"05962008","GEN":"Balve","SN_L":"05"}},
{"type":"Feature","geometry":{"type":"Polygon","coordinates":[[[7.5588,51.2205],[7.5493,51.2281],[7.5068,51.2226],[7.4942,51.2398],[7.4636,51.2274],[7.4511,51.23],[7.4333,51.2144],[7.419,51.2008],[7.424,51.186],[7.4368,51.1801],[7.4381,51.1684],[7.4698,51.1551],[7.4741,51.1446],[7.4948,51.1273],[7.5024,51.1304],[7.522,51.1443],[7.5416,51.1628],[7.5463,51.1756],[7.5789,51.1893],[7.5714,51.1987],[7.5578,51.2001],[7.5535,51.2167],[7.5588,51.2205]]]},"properties":{"AGS":"05962012","GEN":"Halver","SN_L":"05"}},
{"type":"Feature","geometry":{"type":"Polygon","coordinates":[[[7.846,51.3891],[7.838,51.3966],[7.8118,51.4],[7.8037,51.4081],[7.7802,51.4141],[7.7568,51.4164],[7.737,51.4116],[7.7225,51.3965],[7.7429,51.3926],[7.738,51.3833],[7.7413,51.3707],[7.726,51.3693],[7.7279,51.3517],[7.7203,51.3312],[7.7208,51.3172],[7.7444,51.3133],[7.7597,51.3166],[7.7735,51.3182],[7.7764,51.3267],[7.797,51.3319],[7.7987,51.3441],[7.8271,51.3521],[7.8539,51.3797],[7.846,51.3891]]]},"properties":{"AGS":"05962016","GEN":"Hemer","SN_L":"05"}},
{"type":"Feature","geometry":{"type":"Polygon","coordinates":[[[7.807,51.1524],[7.7986,51.1784],[7.8131,51.1902],[7.7967,51.1965],[7.7965,51.2068],[7.7771,51.2194],[7.7702,51.23],[7.7368,51.2199],[7.7366,51.226],[7.7147,51.2276],[7.712,51.2033],[7.6998,51.1864],[7.6978,51.1646],[7.6914,51.1564],[7.7067,51.1558],[7.7152,51.1399],[7.7544,51.1471],[7.779,51.1428],[7.7959,51.1471],[7.807,51.1524]]]},"properties":{"AGS":"05962020","GEN":"Herscheid","SN_L":"05"}},
{"type":"Feature","geometry":{"type":"Polygon","coordinates":[[[7.737,51.4116],[7.7296,51.4211],[7.7252,51.4398],[7.7048,51.4405],[7.6916,51.4471],[7.7004,51.4551],[7.696,51.4736],[7.6727,51.4673],[7.6568,51.466],[7.6302,51.4514],[7.6139,51.4471],[7.6291,51.4229],[7.6173,51.4199],[7.6319,51.4066],[7.6211,51.3925],[7.5972,51.3961],[7.5878,51.3904],[7.5848,51.3778],[7.5938,51.3512],[7.5929,51.339],[7.6159,51.333],[7.6404,51.3415],[7.6574,51.332],[7.6564,51.3169],[7.6845,51.3154],[7.6877,51.305],[7.7007,51.3034],[7.7208,51.3172],[7.7203,51.3312],[7.7279,51.3517],[7.726,51.3693],[7.7413,51.3707],[7.738,51.3833],[7.7429,51.3926],[7.7225,51.3965],[7.737,51.4116]]]},"properties":{"AGS":"05962024","GEN":"Iserlohn","SN_L":"05"}},
{"type":"Feature","geometry":{"type":"Polygon","coordinates":[[[7.6702,51.1559],[7.6458,51.1753],[7.6216,51.1751],[7.6125,51.1817],[7.5993,51.178],[7.5789,51.1893],[7.5463,51.1756],[7.5416,51.1628],[7.522,51.1443],[7.5024,51.1304],[7.5045,51.1177],[7.4962,51.1061],[7.5168,51.1007],[7.5825,51.1053],[7.6022,51.1005],[7.6026,51.1119],[7.6157,51.1208],[7.6367,51.1222],[7.6426,51.1396],[7.6702,51.1559]]]},"properties":{"AGS":"05962028","GEN":"Kierspe","SN_L":"05"}},
{"type":"Feature","geometry":{"type":"Polygon","coordinates":[[[7.6965,51.2451],[7.6846,51.2396],[7.6533,51.2422],[7.6489,51.2614],[7.6305,51.2707],[7.603,51.255],[7.565,51.2385],[7.5588,51.2205],[7.5535,51.2167],[7.5578,51.2001],[7.5714,51.1987],[7.5789,51.1893],[7.5993,51.178],[7.6125,51.1817],[7.6216,51.1751],[7.6458,51.1753],[7.6702,51.1559],[7.6914,51.1564],[7.6978,51.1646],[7.6998,51.1864],[7.712,51.2033],[7.7147,51.2276],[7.7208,51.2376],[7.7145,51.2447],[7.6965,51.2451]]]},"properties":{"AGS":"05962032","GEN":"Lüdenscheid","SN_L":"05"}},
{"type":"Feature","geometry":{"type":"Polygon","coordinates":[[[7.6914,51.1564],[7.6702,51.1559],[7.6426,51.1396],[7.6367,51.1222],[7.6157,51.1208],[7.6026,51.1119],[7.6022,51.1005],[7.5994,51.0875],[7.6099,51.0776],[7.6264,51.0685],[7.6869,51.0832],[7.7154,51.0728],[7.7493,51.0721],[7.7858,51.0789],[7.8106,51.0718],[7.8185,51.0747],[7.8266,51.1068],[7.8189,51.109],[7.8366,51.1287],[7.8248,51.1304],[7.8073,51.1441],[7.7959,51.1471],[7.779,51.1428],[7.7544,51.1471],[7.7152,51.1399],[7.7067,51.1558],[7.6914,51.1564]]]},"properties":{"AGS":"05962036","GEN":"Meinerzhagen","SN_L":"05"}},
{"type":"Feature","geometry":{"type":"Polygon","coordinates":[[[7.8376,51.4785],[7.7645,51.4681],[7.7473,51.4716],[7.696,51.4736],[7.7004,51.4551],[7.6916,51.4471],[7.7048,51.4405],[7.7252,51.4398],[7.7296,51.4211],[7.737,51.4116],[7.7568,51.4164],[7.7802,51.4141],[7.8037,51.4081],[7.8118,51.4],[7.838,51.3966],[7.846,51.3891],[7.8715,51.397],[7.8935,51.3925],[7.8891,51.4033],[7.8956,51.4139],[7.8902,51.4292],[7.8758,51.4508],[7.8638,51.4588],[7.853,51.4626],[7.8376,51.4785]]]},"properties":{"AGS":"05962040","GEN":"Menden (Sauerland)","SN_L":"05"}},
{"type":"Feature","geometry":{"type":"Polygon","coordinates":[[[7.6564,51.3169],[7.6574,51.332],[7.6404,51.3415],[7.6159,51.333],[7.5929,51.339],[7.5767,51.3301],[7.5832,51.2959],[7.5919,51.2848],[7.6071,51.2869],[7.6331,51.2755],[7.6446,51.2987],[7.6433,51.3087],[7.6564,51.3169]]]},"properties":{"AGS":"05962044","GEN":"Nachrodt-Wiblingwerde","SN_L":"05"}},
{"type":"Feature","geometry":{"type":"Polygon","coordinates":[[[7.9134,51.2922],[7.8976,51.2896],[7.8754,51.2928],[7.8653,51.3011],[7.8305,51.2988],[7.8194,51.2951],[7.7999,51.3059],[7.7739,51.3095],[7.7735,51.3182],[7.7597,51.3166],[7.7672,51.301],[7.7637,51.2915],[7.7304,51.2867],[7.7397,51.2677],[7.7515,51.2633],[7.7795,51.2702],[7.7831,51.2658],[7.813,51.2593],[7.8185,51.2559],[7.847,51.2567],[7.865,51.2454],[7.8809,51.2523],[7.8989,51.2544],[7.9186,51.25],[7.9223,51.2598],[7.9059,51.2735],[7.9155,51.2821],[7.9134,51.2922]]]},"properties":{"AGS":"05962048","GEN":"Neuenrade","SN_L":"05"}},
{"type":"Feature","geometry":{"type":"Polygon","coordinates":[[[7.9186,51.25],[7.8989,51.2544],[7.8809,51.2523],[7.865,51.2454],[7.847,51.2567],[7.8185,51.2559],[7.813,51.2593],[7.7702,51.23],[7.7771,51.2194],[7.7965,51.2068],[7.7967,51.1965],[7.8131,51.1902],[7.7986,51.1784],[7.807,51.1524],[7.8306,51.1632],[7.8595,51.1602],[7.8653,51.1665],[7.9001,51.1662],[7.9016,51.177],[7.9141,51.1826],[7.936,51.174],[7.9413,51.1879],[7.928,51.2097],[7.9468,51.2196],[7.9498,51.2292],[7.9398,51.234],[7.9186,51.25]]]},"properties":{"AGS":"05962052","GEN":"Plettenberg","SN_L":"05"}},
{"type":"Feature","geometry":{"type":"Polygon","coordinates":[[[7.5832,51.2959],[7.5689,51.2908],[7.5656,51.2813],[7.5489,51.2696],[7.5173,51.2649],[7.4942,51.2398],[7.5068,51.2226],[7.5493,51.2281],[7.5588,51.2205],[7.565,51.2385],[7.603,51.255],[7.6305,51.2707],[7.6331,51.2755],[7.6071,51.2869],[7.5919,51.2848],[7.5832,51.2959]]]},"properties":{"AGS":"05962056","GEN":"Schalksmühle","SN_L":"05"}},
{"type":"Feature","geometry":{"type":"Polygon","coordinates":[[[7.7304,51.2867],[7.7089,51.2841],[7.7047,51.2645],[7.6958,51.2618],[7.6965,51.2451],[7.7145,51.2447],[7.7208,51.2376],[7.7147,51.2276],[7.7366,51.226],[7.7368,51.2199],[7.7702,51.23],[7.813,51.2593],[7.7831,51.2658],[7.7795,51.2702],[7.7515,51.2633],[7.7397,51.2677],[7.7304,51.2867]]]},"properties":{"AGS":"05962060","GEN":"Werdohl","SN_L":"05"}},
{"type":"Feature","geometry":{"type":"Polygon","coordinates":[[[7.9001,51.1662],[7.8653,51.1665],[7.8595,51.1602],[7.8306,51.1632],[7.807,51.1524],[7.7959,51.1471],[7.8073,51.1441],[7.8248,51.1304],[7.8366,51.1287],[7.8189,51.109],[7.8266,51.1068],[7.8185,51.0747],[7.8246,51.0728],[7.8371,51.0792],[7.869,51.0784],[7.8899,51.0735],[7.9234,51.0866],[7.9431,51.0891],[7.9589,51.0866],[7.9729,51.0896],[7.9877,51.1098],[8.0036,51.1453],[7.9938,51.1528],[7.9776,51.1558],[7.9512,51.1304],[7.9319,51.1425],[7.9291,51.1539],[7.9114,51.1661],[7.9001,51.1662]]]},"properties":{"AGS":"05966004","GEN":"Attendorn","SN_L":"05"}},
{"type":"Feature","geometry":{"type":"Polygon","coordinates":[[[7.8185,51.0747],[7.8106,51.0718],[7.7858,51.0789],[7.7493,51.0721],[7.7154,51.0728],[7.7019,51.0627],[7.7309,51.0391],[7.7356,51.0238],[7.7244,51.0097],[7.7257,50.9981],[7.7489,50.9778],[7.7803,50.98],[7.8037,50.9894],[7.8141,51.0005],[7.8257,51.0043],[7.8219,51.0184],[7.8126,51.0248],[7.8229,51.0361],[7.8277,51.061],[7.8246,51.0728],[7.8185,51.0747]]]},"properties":{"AGS":"05966008","GEN":"Drolshagen","SN_L":"05"}},
{"type":"Feature","geometry":{"type":"Polygon","coordinates":[[[8.0658,51.2467],[8.0525,51.2474],[8.04,51.2375],[8.0187,51.2466],[8.0073,51.238],[7.993,51.2362],[7.9693,51.2413],[7.9405,51.2397],[7.9398,51.234],[7.9498,51.2292],[7.9468,51.2196],[7.928,51.2097],[7.9413,51.1879],[7.936,51.174],[7.9141,51.1826],[7.9016,51.177],[7.9001,51.1662],[7.9114,51.1661],[7.9291,51.1539],[7.9319,51.1425],[7.9512,51.1304],[7.9776,51.1558],[7.9938,51.1528],[7.9916,51.1605],[8.0415,51.1769],[8.0836,51.1797],[8.1123,51.1955],[8.0999,51.2142],[8.1208,51.2292],[8.1142,51.2409],[8.0797,51.2403],[8.0658,51.2467]]]},"properties":{"AGS":"05966012","GEN":"Finnentrop","SN_L":"05"}},
{"type":"Feature","geometry":{"type":"Polygon","coordinates":[[[8.2235,51.093],[8.2139,51.0905],[8.2008,51.1008],[8.196,51.1145],[8.1785,51.1086],[8.1486,51.1075],[8.1303,51.1035],[8.1174,51.106],[8.0917,51.1005],[8.0704,51.0921],[8.062,51.083],[8.0474,51.0817],[8.0102,51.0699],[7.9821,51.0566],[7.9704,51.0573],[7.9481,51.0537],[7.9338,51.0334],[7.9515,51.028],[7.9797,51.0338],[8.0023,51.0325],[8.0225,51.0425],[8.0212,51.0238],[8.036,51.0112],[8.044,51.005],[8.0737,51.0111],[8.0809,51.0232],[8.1299,51.0233],[8.1331,51.0172],[8.1595,51.0125],[8.1749,51.0198],[8.1881,51.0202],[8.2136,51.0214],[8.2289,51.0473],[8.2411,51.0518],[8.2459,51.0664],[8.232,51.0693],[8.2235,51.093]]]},"properties":{"AGS":"05966016","GEN":"Kirchhundem","SN_L":"05"}},
{"type":"Feature","geometry":{"type":"Polygon","coordinates":[[[8.1123,51.1955],[8.0836,51.1797],[8.0415,51.1769],[7.9916,51.1605],[7.9938,51.1528],[8.0036,51.1453],[7.9877,51.1098],[7.9729,51.0896],[7.9589,51.0866],[7.9704,51.0573],[7.9821,51.0566],[8.0102,51.0699],[8.0474,51.0817],[8.062,51.083],[8.0704,51.0921],[8.0917,51.1005],[8.1174,51.106],[8.1303,51.1035],[8.1486,51.1075],[8.1785,51.1086],[8.196,51.1145],[8.2008,51.1008],[8.2139,51.0905],[8.2235,51.093],[8.2388,51.1043],[8.2416,51.1121],[8.225,51.1152],[8.2203,51.1229],[8.1991,51.1254],[8.1884,51.1443],[8.1676,51.1473],[8.1518,51.1421],[8.131,51.1429],[8.1363,51.1534],[8.1476,51.1589],[8.1514,51.1733],[8.126,51.1909],[8.1123,51.1955]]]},"properties":{"AGS":"05966020","GEN":"Lennestadt","SN_L":"05"}},
{"type":"Feature","geometry":{"type":"Polygon","coordinates":[[[7.9589,51.0866],[7.9431,51.0891],[7.9234,51.0866],[7.8899,51.0735],[7.869,51.0784],[7.8371,51.0792],[7.8246,51.0728],[7.8277,51.061],[7.8229,51.0361],[7.8126,51.0248],[7.8219,51.0184],[7.8257,51.0043],[7.8141,51.0005],[7.8037,50.9894],[7.8613,50.9966],[7.8956,50.9967],[7.9115,51.0016],[7.9332,50.9939],[7.9342,51.0035],[7.9515,51.028],[7.9338,51.0334],[7.9481,51.0537],[7.9704,51.0573],[7.9589,51.0866]]]},"properties":{"AGS":"05966024","GEN":"Olpe","SN_L":"05"}},
{"type":"Feature","geometry":{"type":"Polygon","coordinates":[[[7.9332,50.9939],[7.9115,51.0016],[7.8956,50.9967],[7.8613,50.9966],[7.8037,50.9894],[7.7803,50.98],[7.7843,50.9615],[7.7921,50.9514],[7.7859,50.9399],[7.8088,50.9388],[7.8282,50.929],[7.8515,50.9258],[7.9123,50.9257],[7.9247,50.9355],[7.9218,50.9377],[7.9277,50.9493],[7.9226,50.9585],[7.9385,50.967],[7.9421,50.9857],[7.9332,50.9939]]]},"properties":{"AGS":"05966028","GEN":"Wenden","SN_L":"05"}},
{"type":"Feature","geometry":{"type":"Polygon","coordinates":[[[8.497,51.1371],[8.4859,51.1495],[8.4447,51.1362],[8.4377,51.1425],[8.3959,51.1278],[8.3801,51.1113],[8.3403,51.0925],[8.3051,51.1008],[8.2809,51.1029],[8.2519,51.0996],[8.2388,51.1043],[8.2235,51.093],[8.232,51.0693],[8.2459,51.0664],[8.2411,51.0518],[8.2495,51.044],[8.2727,51.0363],[8.3018,51.0362],[8.303,51.0197],[8.3147,51.0172],[8.3174,51.0062],[8.337,51.003],[8.3465,50.9847],[8.3292,50.9766],[8.3458,50.9774],[8.3862,50.965],[8.3886,50.9727],[8.4033,50.9791],[8.409,50.968],[8.422,50.9641],[8.4324,50.9706],[8.4506,50.9663],[8.4659,50.9682],[8.4779,50.969],[8.4734,50.975],[8.4958,50.9881],[8.5014,50.9985],[8.5308,51.0138],[8.5346,51.0242],[8.5166,51.0432],[8.5276,51.0629],[8.5195,51.07],[8.5017,51.0795],[8.5491,51.1019],[8.5456,51.1138],[8.5284,51.1155],[8.5219,51.1223],[8.5099,51.1259],[8.5067,51.1261],[8.5048,51.1286],[8.497,51.1371]]]},"properties":{"AGS":"05970004","GEN":"Bad Berleburg","SN_L":"05"}},
{"type":"Feature","geometry":{"type":"Polygon","coordinates":[[[8.1292,50.7891],[8.1162,50.7929],[8.0971,50.7894],[8.0792,50.7946],[8.0758,50.7784],[8.0677,50.7729],[8.0451,50.7712],[8.0272,50.7635],[8.026,50.7545],[8.0103,50.7455],[8.0276,50.7334],[8.0403,50.7257],[8.043,50.7117],[8.0397,50.6974],[8.0597,50.695],[8.0825,50.7029],[8.0992,50.7036],[8.1258,50.6858],[8.1313,50.6969],[8.1426,50.6954],[8.1509,50.7133],[8.1668,50.7357],[8.1518,50.7599],[8.1356,50.7672],[8.1292,50.7891]]]},"properties":{"AGS":"05970008","GEN":"Burbach","SN_L":"05"}},
{"type":"Feature","geometry":{"type":"Polygon","coordinates":[[[8.3292,50.9766],[8.3465,50.9847],[8.337,51.003],[8.3174,51.0062],[8.3147,51.0172],[8.303,51.0197],[8.3018,51.0362],[8.2727,51.0363],[8.2495,51.044],[8.2411,51.0518],[8.2289,51.0473],[8.2136,51.0214],[8.1881,51.0202],[8.1955,51.0086],[8.2121,51.0027],[8.2182,50.9805],[8.2141,50.973],[8.2175,50.9569],[8.2115,50.9458],[8.2396,50.9297],[8.2503,50.9404],[8.2658,50.9476],[8.2692,50.9618],[8.2935,50.983],[8.3204,50.9858],[8.3292,50.9766]]]},"properties":{"AGS":"05970012","GEN":"Erndtebrück","SN_L":"05"}},
{"type":"Feature","geometry":{"type":"Polygon","coordinates":[[[7.9257,50.8448],[7.9393,50.8569],[7.9323,50.8675],[7.9411,50.8881],[7.9561,50.8964],[7.9584,50.9139],[7.9385,50.9307],[7.9247,50.9355],[7.9123,50.9257],[7.8515,50.9258],[7.8332,50.9073],[7.8267,50.8908],[7.8293,50.8824],[7.8508,50.8777],[7.8825,50.8749],[7.9059,50.8481],[7.9156,50.8452],[7.9257,50.8448]]]},"properties":{"AGS":"05970016","GEN":"Freudenberg","SN_L":"05"}},
{"type":"Feature","geometry":{"type":"Polygon","coordinates":[[[8.1881,51.0202],[8.1749,51.0198],[8.1595,51.0125],[8.1331,51.0172],[8.1299,51.0233],[8.0809,51.0232],[8.0737,51.0111],[8.044,51.005],[8.036,51.0112],[8.0236,51.0065],[8.0111,50.993],[8.0313,50.9801],[8.0524,50.9745],[8.053,50.967],[8.0706,50.9649],[8.0964,50.9722],[8.0998,50.9591],[8.1244,50.9469],[8.1478,50.9549],[8.1423,50.967],[8.1552,50.9717],[8.1825,50.9483],[8.2115,50.9458],[8.2175,50.9569],[8.2141,50.973],[8.2182,50.9805],[8.2121,51.0027],[8.1955,51.0086],[8.1881,51.0202]]]},"properties":{"AGS":"05970020","GEN":"Hilchenbach","SN_L":"05"}},
{"type":"Feature","geometry":{"type":"Polygon","coordinates":[[[8.036,51.0112],[8.0212,51.0238],[8.0225,51.0425],[8.0023,51.0325],[7.9797,51.0338],[7.9515,51.028],[7.9342,51.0035],[7.9332,50.9939],[7.9421,50.9857],[7.9385,50.967],[7.9226,50.9585],[7.9277,50.9493],[7.9218,50.9377],[7.9515,50.9384],[7.9752,50.9458],[7.9929,50.9432],[8.0005,50.9328],[8.0187,50.9256],[8.0224,50.9508],[8.0423,50.9498],[8.0552,50.9616],[8.0706,50.9649],[8.053,50.967],[8.0524,50.9745],[8.0313,50.9801],[8.0111,50.993],[8.0236,51.0065],[8.036,51.0112]]]},"properties":{"AGS":"05970024","GEN":"Kreuztal","SN_L":"05"}},
{"type":"Feature","geometry":{"type":"Polygon","coordinates":[[[8.3292,50.9766],[8.3204,50.9858],[8.2935,50.983],[8.2692,50.9618],[8.2658,50.9476],[8.2503,50.9404],[8.2396,50.9297],[8.2404,50.9229],[8.2611,50.9139],[8.2758,50.8984],[8.2843,50.8823],[8.3055,50.8611],[8.3367,50.8657],[8.3555,50.862],[8.3692,50.8646],[8.3719,50.8743],[8.3856,50.8758],[8.388,50.8919],[8.419,50.9092],[8.4334,50.9182],[8.4587,50.9211],[8.4493,50.9411],[8.4623,50.9497],[8.4659,50.9682],[8.4506,50.9663],[8.4324,50.9706],[8.422,50.9641],[8.409,50.968],[8.4033,50.9791],[8.3886,50.9727],[8.3862,50.965],[8.3458,50.9774],[8.3292,50.9766]]]},"properties":{"AGS":"05970028","GEN":"Bad Laasphe","SN_L":"05"}},
{"type":"Feature","geometry":{"type":"Polygon","coordinates":[[[8.2115,50.9458],[8.1825,50.9483],[8.1552,50.9717],[8.1423,50.967],[8.1478,50.9549],[8.1244,50.9469],[8.0998,50.9591],[8.0964,50.9722],[8.0706,50.9649],[8.0552,50.9616],[8.0423,50.9498],[8.0563,50.9288],[8.0453,50.9186],[8.0319,50.9182],[8.0569,50.8979],[8.1072,50.8977],[8.1279,50.8774],[8.149,50.8654],[8.156,50.8557],[8.1688,50.8559],[8.2014,50.8455],[8.1984,50.8339],[8.2313,50.8506],[8.2331,50.8553],[8.2697,50.8819],[8.2843,50.8823],[8.2758,50.8984],[8.2611,50.9139],[8.2404,50.9229],[8.2396,50.9297],[8.2115,50.9458]]]},"properties":{"AGS":"05970032","GEN":"Netphen","SN_L":"05"}},
{"type":"Feature","geometry":{"type":"Polygon","coordinates":[[[8.0471,50.8156],[8.0222,50.8201],[7.9928,50.8119],[7.9732,50.8144],[7.9673,50.7982],[7.9689,50.7739],[7.984,50.761],[8.0002,50.7551],[8.0103,50.7455],[8.026,50.7545],[8.0272,50.7635],[8.0451,50.7712],[8.0677,50.7729],[8.0758,50.7784],[8.0792,50.7946],[8.0491,50.8003],[8.0471,50.8156]]]},"properties":{"AGS":"05970036","GEN":"Neunkirchen","SN_L":"05"}},
{"type":"Feature","geometry":{"type":"Polygon","coordinates":[[[8.0423,50.9498],[8.0224,50.9508],[8.0187,50.9256],[8.0005,50.9328],[7.9929,50.9432],[7.9752,50.9458],[7.9515,50.9384],[7.9218,50.9377],[7.9247,50.9355],[7.9385,50.9307],[7.9584,50.9139],[7.9561,50.8964],[7.9411,50.8881],[7.9323,50.8675],[7.9393,50.8569],[7.9257,50.8448],[7.9383,50.8484],[7.967,50.844],[7.9766,50.8249],[7.972,50.8147],[7.9732,50.8144],[7.9928,50.8119],[8.0222,50.8201],[8.0471,50.8156],[8.0534,50.8298],[8.046,50.8503],[8.0609,50.86],[8.0827,50.8622],[8.1012,50.8722],[8.1238,50.8725],[8.1279,50.8774],[8.1072,50.8977],[8.0569,50.8979],[8.0319,50.9182],[8.0453,50.9186],[8.0563,50.9288],[8.0423,50.9498]]]},"properties":{"AGS":"05970040","GEN":"Siegen","SN_L":"05"}},
{"type":"Feature","geometry":{"type":"Polygon","coordinates":[[[8.1279,50.8774],[8.1238,50.8725],[8.1012,50.8722],[8.0827,50.8622],[8.0609,50.86],[8.046,50.8503],[8.0534,50.8298],[8.0471,50.8156],[8.0491,50.8003],[8.0792,50.7946],[8.0971,50.7894],[8.1162,50.7929],[8.1292,50.7891],[8.1658,50.8035],[8.1889,50.8292],[8.1984,50.8339],[8.2014,50.8455],[8.1688,50.8559],[8.156,50.8557],[8.149,50.8654],[8.1279,50.8774]]]},"properties":{"AGS":"05970044","GEN":"Wilnsdorf","SN_L":"05"}},
{"type":"Feature","geometry":{"type":"Polygon","coordinates":[[[8.3827,51.5816],[8.3648,51.593],[8.3575,51.5862],[8.3316,51.5871],[8.2932,51.5785],[8.2762,51.5846],[8.2668,51.5792],[8.2476,51.5813],[8.2348,51.5713],[8.2247,51.5522],[8.2415,51.5471],[8.2457,51.5305],[8.2372,51.5231],[8.2418,51.5127],[8.2834,51.5166],[8.3,51.5229],[8.3046,51.5101],[8.3189,51.5071],[8.3504,51.5111],[8.3841,51.515],[8.3799,51.5301],[8.3621,51.5397],[8.3588,51.5488],[8.3856,51.5738],[8.3827,51.5816]]]},"properties":{"AGS":"05974004","GEN":"Anröchte","SN_L":"05"}},
{"type":"Feature","geometry":{"type":"Polygon","coordinates":[[[8.2173,51.6261],[8.2108,51.6419],[8.1882,51.6463],[8.185,51.6394],[8.1519,51.6357],[8.1453,51.6164],[8.1379,51.6141],[8.1412,51.6054],[8.1237,51.5982],[8.1417,51.5909],[8.1556,51.5694],[8.1486,51.5594],[8.161,51.5543],[8.1464,51.5458],[8.1764,51.5308],[8.1964,51.5331],[8.2062,51.5274],[8.2354,51.5223],[8.2372,51.5231],[8.2457,51.5305],[8.2415,51.5471],[8.2247,51.5522],[8.2348,51.5713],[8.2225,51.583],[8.205,51.5915],[8.2013,51.6065],[8.2173,51.6261]]]},"properties":{"AGS":"05974008","GEN":"Bad Sassendorf","SN_L":"05"}},
{"type":"Feature","geometry":{"type":"Polygon","coordinates":[[[8.0276,51.5262],[8.0178,51.538],[7.9833,51.5331],[7.964,51.5334],[7.962,51.526],[7.9416,51.5268],[7.9261,51.5207],[7.8944,51.5176],[7.886,51.5095],[7.9093,51.5053],[7.9185,51.4986],[7.9182,51.4827],[7.9188,51.4769],[7.9524,51.466],[7.9622,51.4717],[8.0117,51.4682],[8.0205,51.4783],[8.0152,51.4882],[8.0347,51.5048],[8.0227,51.521],[8.0276,51.5262]]]},"properties":{"AGS":"05974012","GEN":"Ense","SN_L":"05"}},
{"type":"Feature","geometry":{"type":"Polygon","coordinates":[[[8.4128,51.6319],[8.393,51.6322],[8.3726,51.6424],[8.3333,51.6451],[8.3193,51.6416],[8.2631,51.6406],[8.254,51.6457],[8.2258,51.6249],[8.2173,51.6261],[8.2013,51.6065],[8.205,51.5915],[8.2225,51.583],[8.2348,51.5713],[8.2476,51.5813],[8.2668,51.5792],[8.2762,51.5846],[8.2932,51.5785],[8.3316,51.5871],[8.3575,51.5862],[8.3648,51.593],[8.3827,51.5816],[8.3955,51.5951],[8.4088,51.594],[8.4314,51.599],[8.4128,51.6319]]]},"properties":{"AGS":"05974016","GEN":"Erwitte","SN_L":"05"}},
{"type":"Feature","geometry":{"type":"Polygon","coordinates":[[[8.5833,51.6227],[8.5683,51.6584],[8.5489,51.6699],[8.53,51.6694],[8.5116,51.6794],[8.4786,51.6866],[8.4596,51.6885],[8.4457,51.685],[8.4359,51.669],[8.4203,51.6677],[8.4184,51.6469],[8.4128,51.6319],[8.4314,51.599],[8.4575,51.5897],[8.4565,51.5831],[8.4762,51.5692],[8.4771,51.576],[8.5075,51.5867],[8.511,51.5941],[8.5376,51.6006],[8.5833,51.6227]]]},"properties":{"AGS":"05974020","GEN":"Geseke","SN_L":"05"}},
{"type":"Feature","geometry":{"type":"Polygon","coordinates":[[[7.9767,51.7224],[7.9574,51.7133],[7.9575,51.7035],[7.9445,51.7006],[7.9761,51.6899],[7.9975,51.6742],[8.0067,51.6564],[8.0226,51.6392],[8.0413,51.6347],[8.067,51.6373],[8.0869,51.6239],[8.1141,51.6275],[8.1379,51.6141],[8.1453,51.6164],[8.1519,51.6357],[8.185,51.6394],[8.1882,51.6463],[8.1948,51.6615],[8.2047,51.6706],[8.1996,51.6833],[8.2117,51.6967],[8.1841,51.6938],[8.1652,51.7075],[8.149,51.7133],[8.1227,51.7172],[8.1122,51.717],[8.1005,51.7031],[8.0725,51.7081],[8.0519,51.7169],[8.0287,51.717],[8.0107,51.7102],[7.998,51.7177],[7.9767,51.7224]]]},"properties":{"AGS":"05974024","GEN":"Lippetal","SN_L":"05"}},
{"type":"Feature","geometry":{"type":"Polygon","coordinates":[[[8.3496,51.7234],[8.3201,51.7257],[8.3115,51.7196],[8.2959,51.695],[8.2954,51.6769],[8.2659,51.6636],[8.2258,51.662],[8.2193,51.6581],[8.1948,51.6615],[8.1882,51.6463],[8.2108,51.6419],[8.2173,51.6261],[8.2258,51.6249],[8.254,51.6457],[8.2631,51.6406],[8.3193,51.6416],[8.3333,51.6451],[8.3726,51.6424],[8.393,51.6322],[8.4128,51.6319],[8.4184,51.6469],[8.4203,51.6677],[8.4359,51.669],[8.4457,51.685],[8.4596,51.6885],[8.4786,51.6866],[8.4744,51.6987],[8.476,51.7145],[8.4681,51.7211],[8.4415,51.7172],[8.4031,51.7194],[8.3666,51.7184],[8.3496,51.7234]]]},"properties":{"AGS":"05974028","GEN":"Lippstadt","SN_L":"05"}},
{"type":"Feature","geometry":{"type":"Polygon","coordinates":[[[8.1764,51.5308],[8.1519,51.525],[8.1227,51.5283],[8.0956,51.5248],[8.0759,51.5287],[8.0537,51.5215],[8.0276,51.5262],[8.0227,51.521],[8.0347,51.5048],[8.0152,51.4882],[8.0205,51.4783],[8.0117,51.4682],[8.0191,51.46],[8.0507,51.4476],[8.0786,51.4468],[8.1195,51.4491],[8.1264,51.4407],[8.1576,51.442],[8.1772,51.4276],[8.2019,51.4222],[8.2061,51.4462],[8.2078,51.4837],[8.2169,51.5035],[8.2099,51.5147],[8.2307,51.5144],[8.2354,51.5223],[8.2062,51.5274],[8.1964,51.5331],[8.1764,51.5308]]]},"properties":{"AGS":"05974032","GEN":"Möhnesee","SN_L":"05"}},
{"type":"Feature","geometry":{"type":"Polygon","coordinates":[[[8.4762,51.5692],[8.4565,51.5831],[8.4575,51.5897],[8.4314,51.599],[8.4088,51.594],[8.3955,51.5951],[8.3827,51.5816],[8.3856,51.5738],[8.3588,51.5488],[8.3621,51.5397],[8.3799,51.5301],[8.3841,51.515],[8.3504,51.5111],[8.3539,51.4931],[8.3656,51.4823],[8.3873,51.4752],[8.4022,51.4556],[8.3954,51.4387],[8.4046,51.435],[8.4082,51.4175],[8.3921,51.4082],[8.4184,51.4061],[8.443,51.4205],[8.4535,51.4223],[8.4695,51.4344],[8.4912,51.4451],[8.5479,51.4678],[8.5203,51.4903],[8.5098,51.5246],[8.4923,51.5301],[8.4776,51.5479],[8.4762,51.5692]]]},"properties":{"AGS":"05974036","GEN":"Rüthen","SN_L":"05"}},
{"type":"Feature","geometry":{"type":"Polygon","coordinates":[[[8.1379,51.6141],[8.1141,51.6275],[8.0869,51.6239],[8.0695,51.602],[8.0488,51.5939],[8.0478,51.5745],[8.0178,51.5648],[7.9984,51.5633],[7.9856,51.548],[7.9833,51.5331],[8.0178,51.538],[8.0276,51.5262],[8.0537,51.5215],[8.0759,51.5287],[8.0956,51.5248],[8.1227,51.5283],[8.1519,51.525],[8.1764,51.5308],[8.1464,51.5458],[8.161,51.5543],[8.1486,51.5594],[8.1556,51.5694],[8.1417,51.5909],[8.1237,51.5982],[8.1412,51.6054],[8.1379,51.6141]]]},"properties":{"AGS":"05974040","GEN":"Soest","SN_L":"05"}},
{"type":"Feature","geometry":{"type":"Polygon","coordinates":[[[8.3504,51.5111],[8.3189,51.5071],[8.3046,51.5101],[8.3,51.5229],[8.2834,51.5166],[8.2418,51.5127],[8.2372,51.5231],[8.2354,51.5223],[8.2307,51.5144],[8.2099,51.5147],[8.2169,51.5035],[8.2078,51.4837],[8.2061,51.4462],[8.2019,51.4222],[8.2086,51.4107],[8.2361,51.4029],[8.2606,51.403],[8.2761,51.4068],[8.2985,51.3885],[8.3657,51.3962],[8.3921,51.4082],[8.4082,51.4175],[8.4046,51.435],[8.3954,51.4387],[8.4022,51.4556],[8.3873,51.4752],[8.3656,51.4823],[8.3539,51.4931],[8.3504,51.5111]]]},"properties":{"AGS":"05974044","GEN":"Warstein","SN_L":"05"}},
{"type":"Feature","geometry":{"type":"Polygon","coordinates":[[[7.9975,51.6742],[7.9535,51.6724],[7.9543,51.6609],[7.9444,51.6382],[7.9113,51.6137],[7.9158,51.602],[7.9104,51.5939],[7.9187,51.5816],[7.9338,51.5927],[7.9456,51.5842],[7.9765,51.5879],[7.9792,51.5746],[7.9984,51.5633],[8.0178,51.5648],[8.0478,51.5745],[8.0488,51.5939],[8.0695,51.602],[8.0869,51.6239],[8.067,51.6373],[8.0413,51.6347],[8.0226,51.6392],[8.0067,51.6564],[7.9975,51.6742]]]},"properties":{"AGS":"05974048","GEN":"Welver","SN_L":"05"}},
{"type":"Feature","geometry":{"type":"Polygon","coordinates":[[[7.9104,51.5939],[7.9057,51.5959],[7.8598,51.5915],[7.8272,51.5786],[7.8428,51.5527],[7.8325,51.5341],[7.8404,51.5287],[7.8646,51.5285],[7.886,51.5095],[7.8944,51.5176],[7.9261,51.5207],[7.9416,51.5268],[7.962,51.526],[7.964,51.5334],[7.9833,51.5331],[7.9856,51.548],[7.9984,51.5633],[7.9792,51.5746],[7.9765,51.5879],[7.9456,51.5842],[7.9338,51.5927],[7.9187,51.5816],[7.9104,51.5939]]]},"properties":{"AGS":"05974052","GEN":"Werl","SN_L":"05"}},
{"type":"Feature","geometry":{"type":"Polygon","coordinates":[[[7.886,51.5095],[7.8646,51.5285],[7.8404,51.5287],[7.8338,51.517],[7.8303,51.5054],[7.8496,51.481],[7.8376,51.4785],[7.853,51.4626],[7.8638,51.4588],[7.8774,51.4743],[7.9082,51.4902],[7.9182,51.4827],[7.9185,51.4986],[7.9093,51.5053],[7.886,51.5095]]]},"properties":{"AGS":"05974056","GEN":"Wickede (Ruhr)","SN_L":"05"}},
{"type":"Feature","geometry":{"type":"Polygon","coordinates":[[[7.6756,51.6592],[7.6506,51.6584],[7.6443,51.6498],[7.6266,51.6455],[7.612,51.6482],[7.6022,51.6382],[7.5785,51.6373],[7.5685,51.6298],[7.5761,51.6249],[7.5608,51.6069],[7.5798,51.6028],[7.5925,51.5947],[7.6274,51.5876],[7.6327,51.5971],[7.6459,51.6028],[7.6745,51.605],[7.688,51.6137],[7.6815,51.65],[7.6756,51.6592]]]},"properties":{"AGS":"05978004","GEN":"Bergkamen","SN_L":"05"}},
{"type":"Feature","geometry":{"type":"Polygon","coordinates":[[[7.8244,51.5781],[7.8146,51.5893],[7.8109,51.6028],[7.8166,51.6083],[7.8111,51.621],[7.7873,51.6165],[7.7426,51.6255],[7.7216,51.6225],[7.7156,51.613],[7.7196,51.5927],[7.7338,51.5852],[7.7498,51.587],[7.7395,51.5653],[7.7815,51.5646],[7.787,51.5612],[7.8103,51.5743],[7.8244,51.5781]]]},"properties":{"AGS":"05978008","GEN":"Bönen","SN_L":"05"}},
{"type":"Feature","geometry":{"type":"Polygon","coordinates":[[[7.8338,51.517],[7.7978,51.5124],[7.7937,51.5266],[7.7597,51.5287],[7.7305,51.509],[7.7069,51.5116],[7.6961,51.4962],[7.6686,51.4927],[7.6586,51.478],[7.6727,51.4673],[7.696,51.4736],[7.7473,51.4716],[7.7645,51.4681],[7.8376,51.4785],[7.8496,51.481],[7.8303,51.5054],[7.8338,51.517]]]},"properties":{"AGS":"05978012","GEN":"Fröndenberg/Ruhr","SN_L":"05"}},
{"type":"Feature","geometry":{"type":"Polygon","coordinates":[[[7.6686,51.4927],[7.6637,51.4917],[7.632,51.5203],[7.5966,51.5092],[7.6045,51.4762],[7.6052,51.471],[7.6323,51.4635],[7.6302,51.4514],[7.6568,51.466],[7.6727,51.4673],[7.6586,51.478],[7.6686,51.4927]]]},"properties":{"AGS":"05978016","GEN":"Holzwickede","SN_L":"05"}},
{"type":"Feature","geometry":{"type":"Polygon","coordinates":[[[7.7156,51.613],[7.688,51.6137],[7.6745,51.605],[7.6459,51.6028],[7.6327,51.5971],[7.6274,51.5876],[7.5925,51.5947],[7.5905,51.5832],[7.6062,51.5685],[7.608,51.5486],[7.6322,51.5487],[7.6357,51.5635],[7.6647,51.571],[7.6931,51.567],[7.7121,51.5712],[7.7395,51.5653],[7.7498,51.587],[7.7338,51.5852],[7.7196,51.5927],[7.7156,51.613]]]},"properties":{"AGS":"05978020","GEN":"Kamen","SN_L":"05"}},
{"type":"Feature","geometry":{"type":"Polygon","coordinates":[[[7.5463,51.6447],[7.5276,51.6434],[7.5076,51.649],[7.4968,51.6467],[7.4764,51.6516],[7.4573,51.6409],[7.4652,51.6302],[7.4561,51.6119],[7.4179,51.5995],[7.4205,51.5867],[7.4465,51.5812],[7.4899,51.5927],[7.5025,51.5813],[7.5285,51.5767],[7.5717,51.5855],[7.5905,51.5832],[7.5925,51.5947],[7.5798,51.6028],[7.5608,51.6069],[7.5761,51.6249],[7.5685,51.6298],[7.5584,51.6312],[7.5463,51.6447]]]},"properties":{"AGS":"05978024","GEN":"Lünen","SN_L":"05"}},
{"type":"Feature","geometry":{"type":"Polygon","coordinates":[[[7.6302,51.4514],[7.6323,51.4635],[7.6052,51.471],[7.6045,51.4762],[7.5945,51.4692],[7.5712,51.475],[7.5426,51.4627],[7.5507,51.4558],[7.5361,51.4483],[7.5325,51.4383],[7.5117,51.4323],[7.5085,51.4179],[7.5325,51.4069],[7.5336,51.3953],[7.549,51.3987],[7.5758,51.3967],[7.5878,51.3904],[7.5972,51.3961],[7.6211,51.3925],[7.6319,51.4066],[7.6173,51.4199],[7.6291,51.4229],[7.6139,51.4471],[7.6302,51.4514]]]},"properties":{"AGS":"05978028","GEN":"Schwerte","SN_L":"05"}},
{"type":"Feature","geometry":{"type":"Polygon","coordinates":[[[7.4811,51.7244],[7.4728,51.7352],[7.4339,51.7215],[7.4212,51.7096],[7.4378,51.704],[7.4517,51.6898],[7.4464,51.6746],[7.4347,51.6683],[7.4113,51.6711],[7.4096,51.6646],[7.4177,51.6622],[7.4407,51.661],[7.4573,51.6409],[7.4764,51.6516],[7.4968,51.6467],[7.5076,51.649],[7.5276,51.6434],[7.5463,51.6447],[7.5454,51.6858],[7.5181,51.7074],[7.5174,51.7214],[7.4811,51.7244]]]},"properties":{"AGS":"05978032","GEN":"Selm","SN_L":"05"}},
{"type":"Feature","geometry":{"type":"Polygon","coordinates":[[[7.8272,51.5786],[7.8244,51.5781],[7.8103,51.5743],[7.787,51.5612],[7.7815,51.5646],[7.7395,51.5653],[7.7121,51.5712],[7.6931,51.567],[7.6647,51.571],[7.6357,51.5635],[7.6322,51.5487],[7.6379,51.5276],[7.632,51.5203],[7.6637,51.4917],[7.6686,51.4927],[7.6961,51.4962],[7.7069,51.5116],[7.7305,51.509],[7.7597,51.5287],[7.7937,51.5266],[7.7978,51.5124],[7.8338,51.517],[7.8404,51.5287],[7.8325,51.5341],[7.8428,51.5527],[7.8272,51.5786]]]},"properties":{"AGS":"05978036","GEN":"Unna","SN_L":"05"}},
{"type":"Feature","geometry":{"type":"Polygon","coordinates":[[[7.7019,51.7124],[7.6872,51.7289],[7.6681,51.7229],[7.6546,51.7132],[7.6266,51.7137],[7.6137,51.7115],[7.5882,51.7004],[7.5678,51.6983],[7.5454,51.6858],[7.5463,51.6447],[7.5584,51.6312],[7.5685,51.6298],[7.5785,51.6373],[7.6022,51.6382],[7.612,51.6482],[7.6266,51.6455],[7.6443,51.6498],[7.6506,51.6584],[7.6756,51.6592],[7.7273,51.6777],[7.701,51.6951],[7.7019,51.7124]]]},"properties":{"AGS":"05978040","GEN":"Werne","SN_L":"05"}}
]}