{"type":"FeatureCollection", "features": [
{"type":"Feature","geometry":{"type":"Polygon","coordinates":[[[8.7442,49.8983],[8.7489,49.9006],[8.7405,49.9275],[8.7298,49.933],[8.7357,49.9443],[8.7257,49.9542],[8.7037,49.9507],[8.6745,49.9515],[8.666,49.946],[8.6271,49.9422],[8.6251,49.9184],[8.631,49.9103],[8.6296,49.896],[8.5993,49.8821],[8.5958,49.8635],[8.5899,49.8563],[8.56,49.8481],[8.5653,49.831],[8.5956,49.838],[8.6115,49.8346],[8.6224,49.8107],[8.6497,49.7961],[8.657,49.7976],[8.6778,49.8086],[8.6722,49.8224],[8.6741,49.8362],[8.6908,49.8449],[8.7169,49.8613],[8.727,49.8631],[8.7271,49.8839],[8.7402,49.8922],[8.7442,49.8983]]]},"properties":{"AGS":"06411000","GEN":"Darmstadt","SN_L":"06"}},
{"type":"Feature","geometry":{"type":"Polygon","coordinates":[[[8.7114,50.2263],[8.7015,50.2171],[8.6818,50.2126],[8.6689,50.217],[8.661,50.2088],[8.6386,50.2014],[8.6087,50.1759],[8.5887,50.1684],[8.5902,50.1595],[8.6008,50.1573],[8.5912,50.1406],[8.5624,50.1298],[8.559,50.1282],[8.5305,50.1159],[8.5188,50.1212],[8.4961,50.1059],[8.476,50.1088],[8.4757,50.1013],[8.4735,50.0985],[8.489,50.0864],[8.5207,50.0617],[8.5227,50.0763],[8.5389,50.0796],[8.553,50.0666],[8.5593,50.0489],[8.5411,50.0441],[8.5159,50.0327],[8.5162,50.026],[8.5188,50.0206],[8.5487,50.0247],[8.5696,50.0255],[8.5762,50.0156],[8.5913,50.0177],[8.5972,50.0424],[8.6081,50.0435],[8.6239,50.0545],[8.6421,50.0534],[8.7178,50.0624],[8.7346,50.0862],[8.7489,50.0943],[8.7419,50.104],[8.7448,50.1151],[8.775,50.1088],[8.7812,50.113],[8.7707,50.1261],[8.7806,50.1367],[8.7836,50.1584],[8.8005,50.1713],[8.7899,50.176],[8.7787,50.1802],[8.7387,50.1626],[8.7227,50.1638],[8.7092,50.176],[8.7056,50.1919],[8.7318,50.2065],[8.7311,50.2177],[8.7114,50.2263]]]},"properties":{"AGS":"06412000","GEN":"Frankfurt am Main","SN_L":"06"}},
{"type":"Feature","geometry":{"type":"Polygon","coordinates":[[[8.8404,50.0796],[8.8433,50.0869],[8.8233,50.0916],[8.8139,50.1065],[8.818,50.1335],[8.7806,50.1367],[8.7707,50.1261],[8.7812,50.113],[8.775,50.1088],[8.7448,50.1151],[8.7419,50.104],[8.7489,50.0943],[8.7346,50.0862],[8.7178,50.0624],[8.7493,50.0631],[8.7514,50.0537],[8.7581,50.0473],[8.7794,50.0528],[8.7902,50.0695],[8.8259,50.0705],[8.8404,50.0796]]]},"properties":{"AGS":"06413000","GEN":"Offenbach am Main","SN_L":"06"}},
{"type":"Feature","geometry":{"type":"Polygon","coordinates":[[[8.3273,50.1457],[8.304,50.1515],[8.2833,50.1473],[8.2763,50.1516],[8.2421,50.1482],[8.2386,50.1411],[8.2096,50.132],[8.1853,50.1211],[8.16,50.1244],[8.132,50.1034],[8.1123,50.0937],[8.1304,50.0923],[8.1323,50.0814],[8.1115,50.0785],[8.135,50.0683],[8.1597,50.0531],[8.1751,50.0343],[8.19,50.0353],[8.2295,50.0314],[8.2446,50.0276],[8.2724,50.0103],[8.2882,49.9951],[8.3154,50.0017],[8.3306,50.0005],[8.3323,50.0264],[8.3802,50.0464],[8.373,50.0515],[8.355,50.062],[8.3749,50.0675],[8.3859,50.0822],[8.3755,50.1026],[8.3627,50.0982],[8.3443,50.1194],[8.3501,50.1286],[8.3369,50.1282],[8.3169,50.1396],[8.3273,50.1457]]]},"properties":{"AGS":"06414000","GEN":"Wiesbaden","SN_L":"06"}},
{"type":"Feature","geometry":{"type":"Polygon","coordinates":[[[8.8044,49.5229],[8.8068,49.5339],[8.785,49.5739],[8.7737,49.5518],[8.7707,49.5348],[8.7721,49.518],[8.7918,49.5143],[8.8044,49.5229]]]},"properties":{"AGS":"06431001","GEN":"Abtsteinach","SN_L":"06"}},
{"type":"Feature","geometry":{"type":"Polygon","coordinates":[[[8.6417,49.7271],[8.6202,49.7305],[8.6229,49.7177],[8.5924,49.7219],[8.573,49.7113],[8.5604,49.7196],[8.5728,49.7253],[8.5593,49.7288],[8.5465,49.7171],[8.557,49.706],[8.5564,49.6927],[8.5699,49.6825],[8.5716,49.6728],[8.5946,49.6533],[8.6127,49.6598],[8.6551,49.6697],[8.669,49.6683],[8.7132,49.6813],[8.7018,49.6977],[8.6819,49.693],[8.6557,49.7013],[8.6736,49.7252],[8.6618,49.7288],[8.6417,49.7271]]]},"properties":{"AGS":"06431002","GEN":"Bensheim","SN_L":"06"}},
{"type":"Feature","geometry":{"type":"Polygon","coordinates":[[[8.5006,49.7023],[8.4784,49.6992],[8.4378,49.7026],[8.4255,49.7168],[8.3883,49.7093],[8.3634,49.6986],[8.3565,49.678],[8.3662,49.6628],[8.39,49.665],[8.4197,49.6766],[8.4378,49.6749],[8.4794,49.6645],[8.4933,49.6798],[8.5116,49.6746],[8.5006,49.7023]]]},"properties":{"AGS":"06431003","GEN":"Biblis","SN_L":"06"}},
{"type":"Feature","geometry":{"type":"Polygon","coordinates":[[[8.7737,49.5518],[8.7665,49.5601],[8.749,49.5601],[8.7517,49.5731],[8.728,49.5859],[8.7175,49.5863],[8.7095,49.5997],[8.698,49.5998],[8.683,49.587],[8.6843,49.5702],[8.6911,49.5561],[8.7058,49.548],[8.7245,49.5476],[8.7647,49.5392],[8.7707,49.5348],[8.7737,49.5518]]]},"properties":{"AGS":"06431004","GEN":"Birkenau","SN_L":"06"}},
{"type":"Feature","geometry":{"type":"Polygon","coordinates":[[[8.4794,49.6645],[8.4378,49.6749],[8.4364,49.6538],[8.4226,49.641],[8.428,49.6281],[8.4628,49.6134],[8.5086,49.6188],[8.5223,49.6222],[8.5141,49.6416],[8.5068,49.6676],[8.4931,49.6599],[8.4794,49.6645]]]},"properties":{"AGS":"06431005","GEN":"Bürstadt","SN_L":"06"}},
{"type":"Feature","geometry":{"type":"Polygon","coordinates":[[[8.5699,49.6825],[8.5564,49.6927],[8.557,49.706],[8.5465,49.7171],[8.5414,49.7171],[8.5006,49.7023],[8.5116,49.6746],[8.4933,49.6798],[8.4794,49.6645],[8.4931,49.6599],[8.5068,49.6676],[8.5141,49.6416],[8.539,49.6464],[8.5406,49.6563],[8.5529,49.6689],[8.5628,49.6699],[8.5699,49.6825]]]},"properties":{"AGS":"06431006","GEN":"Einhausen","SN_L":"06"}},
{"type":"Feature","geometry":{"type":"Polygon","coordinates":[[[8.8713,49.6593],[8.835,49.6634],[8.8315,49.6732],[8.7946,49.6848],[8.7809,49.6726],[8.7318,49.6777],[8.7233,49.6808],[8.7212,49.6806],[8.724,49.6689],[8.7444,49.6573],[8.746,49.6479],[8.7337,49.636],[8.7971,49.6228],[8.8068,49.6267],[8.8087,49.6357],[8.8264,49.6481],[8.8437,49.6466],[8.8699,49.6491],[8.8713,49.6593]]]},"properties":{"AGS":"06431007","GEN":"Fürth","SN_L":"06"}},
{"type":"Feature","geometry":{"type":"Polygon","coordinates":[[[8.7058,49.548],[8.7101,49.5322],[8.7246,49.5259],[8.7509,49.5218],[8.7665,49.5147],[8.7721,49.518],[8.7707,49.5348],[8.7647,49.5392],[8.7245,49.5476],[8.7058,49.548]]]},"properties":{"AGS":"06431008","GEN":"Gorxheimertal","SN_L":"06"}},
{"type":"Feature","geometry":{"type":"Polygon","coordinates":[[[8.8699,49.6491],[8.8437,49.6466],[8.8264,49.6481],[8.8087,49.6357],[8.8068,49.6267],[8.8067,49.6069],[8.8332,49.6023],[8.8528,49.602],[8.8716,49.6073],[8.8762,49.6143],[8.8847,49.622],[8.8779,49.6355],[8.8642,49.6421],[8.8699,49.6491]]]},"properties":{"AGS":"06431009","GEN":"Grasellenbach","SN_L":"06"}},
{"type":"Feature","geometry":{"type":"Polygon","coordinates":[[[8.5414,49.7171],[8.5255,49.7249],[8.4948,49.7229],[8.4714,49.7292],[8.458,49.7262],[8.4484,49.7337],[8.4464,49.7308],[8.4255,49.7168],[8.4378,49.7026],[8.4784,49.6992],[8.5006,49.7023],[8.5414,49.7171]]]},"properties":{"AGS":"06431010","GEN":"Groß-Rohrheim","SN_L":"06"}},
{"type":"Feature","geometry":{"type":"MultiPolygon","coordinates":[[[[8.6906,49.6074],[8.6938,49.6194],[8.673,49.6133],[8.6821,49.6035],[8.6906,49.6074]]],[[[8.724,49.6689],[8.7212,49.6806],[8.7132,49.6813],[8.669,49.6683],[8.6551,49.6697],[8.6127,49.6598],[8.5946,49.6533],[8.5978,49.6111],[8.6794,49.6257],[8.6923,49.6237],[8.7074,49.6294],[8.7261,49.6347],[8.7311,49.6562],[8.724,49.6689]]]]},"properties":{"AGS":"06431011","GEN":"Heppenheim (Bergstraße)","SN_L":"06"}},
{"type":"Feature","geometry":{"type":"Polygon","coordinates":[[[8.9256,49.4429],[8.9283,49.4495],[8.9503,49.455],[8.9319,49.4706],[8.9113,49.4851],[8.8994,49.4845],[8.8765,49.4667],[8.8519,49.4836],[8.8263,49.4695],[8.8239,49.4626],[8.8324,49.4549],[8.8497,49.4551],[8.854,49.4474],[8.8725,49.4396],[8.8885,49.4251],[8.8945,49.4249],[8.9092,49.4379],[8.9256,49.4429]]]},"properties":{"AGS":"06431012","GEN":"Hirschhorn (Neckar)","SN_L":"06"}},
{"type":"Feature","geometry":{"type":"Polygon","coordinates":[[[8.4378,49.6749],[8.4197,49.6766],[8.39,49.665],[8.3662,49.6628],[8.3808,49.6293],[8.3929,49.6153],[8.4105,49.6034],[8.4148,49.5951],[8.4224,49.5834],[8.4405,49.5894],[8.4643,49.5895],[8.495,49.573],[8.5136,49.5869],[8.5549,49.5859],[8.5941,49.5928],[8.5893,49.6045],[8.5685,49.6164],[8.5735,49.6337],[8.5418,49.6227],[8.5223,49.6222],[8.5086,49.6188],[8.4628,49.6134],[8.428,49.6281],[8.4226,49.641],[8.4364,49.6538],[8.4378,49.6749]]]},"properties":{"AGS":"06431013","GEN":"Lampertheim","SN_L":"06"}},
{"type":"Feature","geometry":{"type":"Polygon","coordinates":[[[8.7745,49.7254],[8.749,49.7225],[8.7341,49.7255],[8.7234,49.7403],[8.7091,49.7431],[8.703,49.7542],[8.683,49.7464],[8.6862,49.7305],[8.6736,49.7252],[8.6557,49.7013],[8.6819,49.693],[8.7018,49.6977],[8.7132,49.6813],[8.7212,49.6806],[8.7233,49.6808],[8.7303,49.6956],[8.7508,49.7105],[8.7699,49.7169],[8.7745,49.7254]]]},"properties":{"AGS":"06431014","GEN":"Lautertal (Odenwald)","SN_L":"06"}},
{"type":"Feature","geometry":{"type":"Polygon","coordinates":[[[8.7975,49.7313],[8.7973,49.7383],[8.7904,49.736],[8.7745,49.7254],[8.7699,49.7169],[8.7508,49.7105],[8.7303,49.6956],[8.7233,49.6808],[8.7318,49.6777],[8.7809,49.6726],[8.7946,49.6848],[8.8007,49.709],[8.7863,49.7251],[8.7975,49.7313]]]},"properties":{"AGS":"06431015","GEN":"Lindenfels","SN_L":"06"}},
{"type":"Feature","geometry":{"type":"Polygon","coordinates":[[[8.5946,49.6533],[8.5716,49.6728],[8.5699,49.6825],[8.5628,49.6699],[8.5529,49.6689],[8.5406,49.6563],[8.539,49.6464],[8.5141,49.6416],[8.5223,49.6222],[8.5418,49.6227],[8.5735,49.6337],[8.5685,49.6164],[8.5893,49.6045],[8.5948,49.6068],[8.5978,49.6111],[8.5946,49.6533]]]},"properties":{"AGS":"06431016","GEN":"Lorsch","SN_L":"06"}},
{"type":"Feature","geometry":{"type":"Polygon","coordinates":[[[8.7857,49.5851],[8.7738,49.593],[8.7562,49.5974],[8.7556,49.6082],[8.7419,49.6145],[8.741,49.6229],[8.7074,49.6294],[8.6923,49.6237],[8.6938,49.6194],[8.6906,49.6074],[8.698,49.5998],[8.7095,49.5997],[8.7175,49.5863],[8.728,49.5859],[8.7517,49.5731],[8.749,49.5601],[8.7665,49.5601],[8.7737,49.5518],[8.785,49.5739],[8.7857,49.5851]]]},"properties":{"AGS":"06431017","GEN":"Mörlenbach","SN_L":"06"}},
{"type":"Feature","geometry":{"type":"Polygon","coordinates":[[[8.854,49.4474],[8.8497,49.4551],[8.8324,49.4549],[8.8305,49.4232],[8.8066,49.4192],[8.8015,49.4109],[8.804,49.4039],[8.8224,49.3956],[8.8319,49.4082],[8.8473,49.3959],[8.8546,49.3966],[8.8733,49.4128],[8.8826,49.4161],[8.8945,49.4249],[8.8885,49.4251],[8.8698,49.4197],[8.8559,49.4309],[8.854,49.4474]]]},"properties":{"AGS":"06431018","GEN":"Neckarsteinach","SN_L":"06"}},
{"type":"Feature","geometry":{"type":"Polygon","coordinates":[[[8.8068,49.6267],[8.7971,49.6228],[8.7337,49.636],[8.746,49.6479],[8.7444,49.6573],[8.724,49.6689],[8.7311,49.6562],[8.7261,49.6347],[8.7074,49.6294],[8.741,49.6229],[8.7419,49.6145],[8.7556,49.6082],[8.7562,49.5974],[8.7738,49.593],[8.7857,49.5851],[8.8075,49.5959],[8.8067,49.6069],[8.8068,49.6267]]]},"properties":{"AGS":"06431019","GEN":"Rimbach","SN_L":"06"}},
{"type":"Feature","geometry":{"type":"Polygon","coordinates":[[[8.6166,49.5414],[8.6213,49.545],[8.6112,49.5634],[8.6032,49.5933],[8.5941,49.5928],[8.5549,49.5859],[8.5136,49.5869],[8.495,49.573],[8.5263,49.548],[8.5416,49.5286],[8.5669,49.5191],[8.5814,49.5198],[8.6166,49.5414]]]},"properties":{"AGS":"06431020","GEN":"Viernheim","SN_L":"06"}},
{"type":"Feature","geometry":{"type":"Polygon","coordinates":[[[8.8996,49.5037],[8.9109,49.5231],[8.8917,49.532],[8.8888,49.5525],[8.8809,49.5697],[8.8874,49.5772],[8.8789,49.6043],[8.8884,49.6092],[8.8762,49.6143],[8.8716,49.6073],[8.8528,49.602],[8.8332,49.6023],[8.8067,49.6069],[8.8075,49.5959],[8.7857,49.5851],[8.785,49.5739],[8.8068,49.5339],[8.8044,49.5229],[8.8187,49.5212],[8.8213,49.502],[8.8339,49.4907],[8.8485,49.5022],[8.8568,49.5012],[8.886,49.5058],[8.8996,49.5037]]]},"properties":{"AGS":"06431021","GEN":"Wald-Michelbach","SN_L":"06"}},
{"type":"Feature","geometry":{"type":"Polygon","coordinates":[[[8.6202,49.7305],[8.5963,49.7345],[8.5728,49.7253],[8.5604,49.7196],[8.573,49.7113],[8.5924,49.7219],[8.6229,49.7177],[8.6202,49.7305]]]},"properties":{"AGS":"06431022","GEN":"Zwingenberg","SN_L":"06"}},
{"type":"Feature","geometry":{"type":"Polygon","coordinates":[[[8.8885,49.4251],[8.8725,49.4396],[8.854,49.4474],[8.8559,49.4309],[8.8698,49.4197],[8.8885,49.4251]]]},"properties":{"AGS":"06431200","GEN":"Michelbuch","SN_L":"06"}},
{"type":"Feature","geometry":{"type":"Polygon","coordinates":[[[8.6203,49.7465],[8.5898,49.7503],[8.5867,49.7587],[8.5624,49.7667],[8.5547,49.7604],[8.5593,49.7288],[8.5728,49.7253],[8.5963,49.7345],[8.6202,49.7305],[8.6417,49.7271],[8.6464,49.7343],[8.6203,49.7465]]]},"properties":{"AGS":"06432001","GEN":"Alsbach-Hähnlein","SN_L":"06"}},
{"type":"Feature","geometry":{"type":"Polygon","coordinates":[[[9.0161,49.9913],[9.0002,49.9958],[8.9708,49.9961],[8.9444,50.0018],[8.9294,49.9868],[8.8997,49.9662],[8.8649,49.9635],[8.8866,49.9402],[8.8749,49.9358],[8.8862,49.9276],[8.9008,49.929],[8.9147,49.9136],[8.9273,49.9106],[8.9572,49.9195],[8.9758,49.9246],[8.9746,49.9383],[9.0066,49.9504],[9.0215,49.9499],[9.0264,49.9551],[9.0161,49.9913]]]},"properties":{"AGS":"06432002","GEN":"Babenhausen","SN_L":"06"}},
{"type":"Feature","geometry":{"type":"Polygon","coordinates":[[[8.6173,49.772],[8.6015,49.7693],[8.5702,49.7749],[8.5608,49.7698],[8.5624,49.7667],[8.5867,49.7587],[8.5898,49.7503],[8.6203,49.7465],[8.625,49.7625],[8.6173,49.772]]]},"properties":{"AGS":"06432003","GEN":"Bickenbach","SN_L":"06"}},
{"type":"Feature","geometry":{"type":"Polygon","coordinates":[[[8.8715,49.9065],[8.8427,49.9215],[8.8421,49.9258],[8.7972,49.9223],[8.7706,49.9148],[8.7634,49.9025],[8.803,49.8933],[8.8161,49.8857],[8.8399,49.8842],[8.8597,49.8926],[8.8715,49.9065]]]},"properties":{"AGS":"06432004","GEN":"Dieburg","SN_L":"06"}},
{"type":"Feature","geometry":{"type":"Polygon","coordinates":[[[8.8649,49.9635],[8.8519,49.9591],[8.8313,49.9502],[8.8171,49.95],[8.7809,49.9592],[8.7553,49.9492],[8.7969,49.9403],[8.8529,49.9404],[8.8663,49.9436],[8.8749,49.9358],[8.8866,49.9402],[8.8649,49.9635]]]},"properties":{"AGS":"06432005","GEN":"Eppertshausen","SN_L":"06"}},
{"type":"Feature","geometry":{"type":"Polygon","coordinates":[[[8.6201,49.9655],[8.6026,49.965],[8.6049,49.9544],[8.6271,49.9422],[8.666,49.946],[8.6745,49.9515],[8.6587,49.9521],[8.6201,49.9655]]]},"properties":{"AGS":"06432006","GEN":"Erzhausen","SN_L":"06"}},
{"type":"Feature","geometry":{"type":"Polygon","coordinates":[[[8.8383,49.761],[8.8321,49.7763],[8.8074,49.7779],[8.7969,49.7653],[8.7794,49.7665],[8.7756,49.7536],[8.7904,49.736],[8.7973,49.7383],[8.8136,49.7408],[8.8383,49.761]]]},"properties":{"AGS":"06432007","GEN":"Fischbachtal","SN_L":"06"}},
{"type":"Feature","geometry":{"type":"Polygon","coordinates":[[[8.5993,49.8821],[8.5647,49.8825],[8.5225,49.8727],[8.5212,49.8717],[8.536,49.8384],[8.5478,49.8255],[8.5653,49.831],[8.56,49.8481],[8.5899,49.8563],[8.5958,49.8635],[8.5993,49.8821]]]},"properties":{"AGS":"06432008","GEN":"Griesheim","SN_L":"06"}},
{"type":"Feature","geometry":{"type":"Polygon","coordinates":[[[8.8652,49.7963],[8.8436,49.8067],[8.8237,49.81],[8.8013,49.8041],[8.7953,49.7953],[8.7736,49.7864],[8.7826,49.7779],[8.7794,49.7665],[8.7969,49.7653],[8.8074,49.7779],[8.8321,49.7763],[8.8383,49.761],[8.8429,49.7644],[8.8416,49.7692],[8.8546,49.79],[8.8652,49.7963]]]},"properties":{"AGS":"06432009","GEN":"Groß-Bieberau","SN_L":"06"}},
{"type":"Feature","geometry":{"type":"Polygon","coordinates":[[[9.034,49.8621],[9.0145,49.8723],[9.0064,49.8696],[8.993,49.8809],[9.0031,49.8854],[8.9627,49.906],[8.9572,49.9195],[8.9273,49.9106],[8.9147,49.9136],[8.882,49.9114],[8.8715,49.9065],[8.8597,49.8926],[8.8399,49.8842],[8.8495,49.881],[8.8654,49.8645],[8.8798,49.8696],[8.9043,49.8468],[8.9314,49.8404],[8.9333,49.8203],[8.9648,49.8118],[8.9739,49.8196],[8.9908,49.8202],[9.0126,49.835],[9.004,49.8562],[9.0287,49.8557],[9.0361,49.8465],[9.0437,49.8555],[9.034,49.8621]]]},"properties":{"AGS":"06432010","GEN":"Groß-Umstadt","SN_L":"06"}},
{"type":"Feature","geometry":{"type":"Polygon","coordinates":[[[8.8399,49.8842],[8.8161,49.8857],[8.803,49.8933],[8.7634,49.9025],[8.7442,49.8983],[8.7402,49.8922],[8.7964,49.8789],[8.805,49.8678],[8.7948,49.856],[8.8146,49.8479],[8.8487,49.8561],[8.8654,49.8645],[8.8495,49.881],[8.8399,49.8842]]]},"properties":{"AGS":"06432011","GEN":"Groß-Zimmern","SN_L":"06"}},
{"type":"Feature","geometry":{"type":"Polygon","coordinates":[[[8.7553,49.9492],[8.7458,49.9601],[8.7257,49.9542],[8.7357,49.9443],[8.7298,49.933],[8.7405,49.9275],[8.7489,49.9006],[8.7442,49.8983],[8.7634,49.9025],[8.7706,49.9148],[8.7839,49.9382],[8.7969,49.9403],[8.7553,49.9492]]]},"properties":{"AGS":"06432012","GEN":"Messel","SN_L":"06"}},
{"type":"Feature","geometry":{"type":"Polygon","coordinates":[[[8.7736,49.7864],[8.7515,49.7774],[8.7242,49.7754],[8.7147,49.783],[8.7037,49.7815],[8.7,49.7726],[8.703,49.7542],[8.7091,49.7431],[8.7234,49.7403],[8.7341,49.7255],[8.749,49.7225],[8.7745,49.7254],[8.7904,49.736],[8.7756,49.7536],[8.7794,49.7665],[8.7826,49.7779],[8.7736,49.7864]]]},"properties":{"AGS":"06432013","GEN":"Modautal","SN_L":"06"}},
{"type":"Feature","geometry":{"type":"Polygon","coordinates":[[[8.7147,49.783],[8.7137,49.7984],[8.7195,49.8065],[8.7127,49.8165],[8.7198,49.8236],[8.7122,49.8329],[8.7203,49.8465],[8.6908,49.8449],[8.6741,49.8362],[8.6722,49.8224],[8.6778,49.8086],[8.657,49.7976],[8.6671,49.7871],[8.6641,49.776],[8.6756,49.7726],[8.7037,49.7815],[8.7147,49.783]]]},"properties":{"AGS":"06432014","GEN":"Mühltal","SN_L":"06"}},
{"type":"Feature","geometry":{"type":"Polygon","coordinates":[[[8.8749,49.9358],[8.8663,49.9436],[8.8529,49.9404],[8.7969,49.9403],[8.7839,49.9382],[8.7706,49.9148],[8.7972,49.9223],[8.8421,49.9258],[8.8427,49.9215],[8.8715,49.9065],[8.882,49.9114],[8.9147,49.9136],[8.9008,49.929],[8.8862,49.9276],[8.8749,49.9358]]]},"properties":{"AGS":"06432015","GEN":"Münster (Hessen)","SN_L":"06"}},
{"type":"Feature","geometry":{"type":"Polygon","coordinates":[[[8.7804,49.8499],[8.7506,49.8467],[8.7297,49.8526],[8.727,49.8631],[8.7169,49.8613],[8.6908,49.8449],[8.7203,49.8465],[8.7122,49.8329],[8.7198,49.8236],[8.7127,49.8165],[8.7195,49.8065],[8.7137,49.7984],[8.7147,49.783],[8.7242,49.7754],[8.7515,49.7774],[8.7736,49.7864],[8.7953,49.7953],[8.8013,49.8041],[8.7878,49.8205],[8.7804,49.8499]]]},"properties":{"AGS":"06432016","GEN":"Ober-Ramstadt","SN_L":"06"}},
{"type":"Feature","geometry":{"type":"Polygon","coordinates":[[[8.9648,49.8118],[8.9333,49.8203],[8.9314,49.8404],[8.9043,49.8468],[8.8798,49.8696],[8.8654,49.8645],[8.8487,49.8561],[8.8536,49.8394],[8.8651,49.8369],[8.8592,49.8064],[8.8697,49.7981],[8.8745,49.7884],[8.8945,49.7917],[8.9157,49.7872],[8.9264,49.7993],[8.9697,49.798],[8.9648,49.8118]]]},"properties":{"AGS":"06432017","GEN":"Otzberg","SN_L":"06"}},
{"type":"Feature","geometry":{"type":"Polygon","coordinates":[[[8.6497,49.7961],[8.6224,49.8107],[8.6115,49.8346],[8.5956,49.838],[8.5653,49.831],[8.5478,49.8255],[8.5481,49.8009],[8.5366,49.7957],[8.5374,49.785],[8.5608,49.7698],[8.5702,49.7749],[8.6015,49.7693],[8.6173,49.772],[8.6456,49.7863],[8.6497,49.7961]]]},"properties":{"AGS":"06432018","GEN":"Pfungstadt","SN_L":"06"}},
{"type":"Feature","geometry":{"type":"Polygon","coordinates":[[[8.8487,49.8561],[8.8146,49.8479],[8.7948,49.856],[8.7804,49.8499],[8.7878,49.8205],[8.8013,49.8041],[8.8237,49.81],[8.8436,49.8067],[8.8652,49.7963],[8.8697,49.7981],[8.8592,49.8064],[8.8651,49.8369],[8.8536,49.8394],[8.8487,49.8561]]]},"properties":{"AGS":"06432019","GEN":"Reinheim","SN_L":"06"}},
{"type":"Feature","geometry":{"type":"Polygon","coordinates":[[[8.7402,49.8922],[8.7271,49.8839],[8.727,49.8631],[8.7297,49.8526],[8.7506,49.8467],[8.7804,49.8499],[8.7948,49.856],[8.805,49.8678],[8.7964,49.8789],[8.7402,49.8922]]]},"properties":{"AGS":"06432020","GEN":"Roßdorf","SN_L":"06"}},
{"type":"Feature","geometry":{"type":"Polygon","coordinates":[[[9.0215,49.9499],[9.0066,49.9504],[8.9746,49.9383],[8.9758,49.9246],[8.9572,49.9195],[8.9627,49.906],[9.0031,49.8854],[8.993,49.8809],[9.0064,49.8696],[9.0145,49.8723],[9.034,49.8621],[9.0501,49.8663],[9.0372,49.8793],[9.0319,49.9094],[9.0323,49.9247],[9.0215,49.9499]]]},"properties":{"AGS":"06432021","GEN":"Schaafheim","SN_L":"06"}},
{"type":"Feature","geometry":{"type":"Polygon","coordinates":[[[8.657,49.7976],[8.6497,49.7961],[8.6456,49.7863],[8.6173,49.772],[8.625,49.7625],[8.6203,49.7465],[8.6464,49.7343],[8.6417,49.7271],[8.6618,49.7288],[8.6736,49.7252],[8.6862,49.7305],[8.683,49.7464],[8.703,49.7542],[8.7,49.7726],[8.7037,49.7815],[8.6756,49.7726],[8.6641,49.776],[8.6671,49.7871],[8.657,49.7976]]]},"properties":{"AGS":"06432022","GEN":"Seeheim-Jugenheim","SN_L":"06"}},
{"type":"Feature","geometry":{"type":"Polygon","coordinates":[[[8.6271,49.9422],[8.6049,49.9544],[8.5827,49.9557],[8.5788,49.9435],[8.5661,49.9429],[8.5709,49.9225],[8.5503,49.9207],[8.5509,49.9058],[8.5598,49.8997],[8.5647,49.8825],[8.5993,49.8821],[8.6296,49.896],[8.631,49.9103],[8.6251,49.9184],[8.6271,49.9422]]]},"properties":{"AGS":"06432023","GEN":"Weiterstadt","SN_L":"06"}},
{"type":"Feature","geometry":{"type":"Polygon","coordinates":[[[8.5043,49.7943],[8.4845,49.7934],[8.4548,49.8026],[8.4292,49.7949],[8.4131,49.7839],[8.4176,49.7725],[8.4431,49.7657],[8.4735,49.7685],[8.4975,49.7786],[8.5045,49.7857],[8.5043,49.7943]]]},"properties":{"AGS":"06433001","GEN":"Biebesheim am Rhein","SN_L":"06"}},
{"type":"Feature","geometry":{"type":"Polygon","coordinates":[[[8.3746,49.9711],[8.3919,49.9775],[8.3614,50.0018],[8.3415,49.9996],[8.334,49.9825],[8.341,49.9767],[8.3746,49.9711]]]},"properties":{"AGS":"06433002","GEN":"Bischofsheim","SN_L":"06"}},
{"type":"Feature","geometry":{"type":"Polygon","coordinates":[[[8.5788,49.9435],[8.5741,49.9504],[8.5505,49.9492],[8.5289,49.9436],[8.5207,49.9312],[8.4995,49.9221],[8.4976,49.9096],[8.5042,49.885],[8.5225,49.8727],[8.5647,49.8825],[8.5598,49.8997],[8.5509,49.9058],[8.5503,49.9207],[8.5709,49.9225],[8.5661,49.9429],[8.5788,49.9435]]]},"properties":{"AGS":"06433003","GEN":"Büttelborn","SN_L":"06"}},
{"type":"Feature","geometry":{"type":"Polygon","coordinates":[[[8.5608,49.7698],[8.5374,49.785],[8.5274,49.7894],[8.5045,49.7857],[8.4975,49.7786],[8.4735,49.7685],[8.4774,49.7572],[8.4484,49.7337],[8.458,49.7262],[8.4714,49.7292],[8.4948,49.7229],[8.5255,49.7249],[8.5414,49.7171],[8.5465,49.7171],[8.5593,49.7288],[8.5547,49.7604],[8.5624,49.7667],[8.5608,49.7698]]]},"properties":{"AGS":"06433004","GEN":"Gernsheim","SN_L":"06"}},
{"type":"Feature","geometry":{"type":"Polygon","coordinates":[[[8.3415,49.9996],[8.3306,50.0005],[8.3154,50.0017],[8.2882,49.9951],[8.3223,49.9736],[8.3422,49.949],[8.343,49.9405],[8.3463,49.9336],[8.3563,49.9578],[8.3626,49.9681],[8.3746,49.9711],[8.341,49.9767],[8.334,49.9825],[8.3415,49.9996]]]},"properties":{"AGS":"06433005","GEN":"Ginsheim-Gustavsburg","SN_L":"06"}},
{"type":"Feature","geometry":{"type":"Polygon","coordinates":[[[8.5505,49.9492],[8.5491,49.9626],[8.5279,49.9623],[8.5057,49.9613],[8.4868,49.9562],[8.4717,49.9465],[8.4597,49.9296],[8.4418,49.9302],[8.4459,49.9202],[8.4249,49.9108],[8.4191,49.89],[8.4067,49.8777],[8.4182,49.8823],[8.4303,49.8705],[8.4727,49.8631],[8.4894,49.8656],[8.4956,49.873],[8.5212,49.8717],[8.5225,49.8727],[8.5042,49.885],[8.4976,49.9096],[8.4995,49.9221],[8.5207,49.9312],[8.5289,49.9436],[8.5505,49.9492]]]},"properties":{"AGS":"06433006","GEN":"Groß-Gerau","SN_L":"06"}},
{"type":"Feature","geometry":{"type":"Polygon","coordinates":[[[8.5162,50.026],[8.5159,50.0327],[8.5411,50.0441],[8.5593,50.0489],[8.553,50.0666],[8.5389,50.0796],[8.5227,50.0763],[8.5207,50.0617],[8.5061,50.0517],[8.4812,50.0431],[8.4703,50.0336],[8.4762,50.0371],[8.4961,50.0286],[8.5162,50.026]]]},"properties":{"AGS":"06433007","GEN":"Kelsterbach","SN_L":"06"}},
{"type":"Feature","geometry":{"type":"Polygon","coordinates":[[[8.5913,50.0177],[8.5762,50.0156],[8.5696,50.0255],[8.5487,50.0247],[8.5487,50.003],[8.5323,49.995],[8.51,49.9982],[8.5156,49.9857],[8.505,49.9762],[8.5279,49.9623],[8.5491,49.9626],[8.5505,49.9492],[8.5741,49.9504],[8.5788,49.9435],[8.5827,49.9557],[8.6049,49.9544],[8.6026,49.965],[8.6201,49.9655],[8.6284,49.9759],[8.6078,49.9963],[8.6039,50.0119],[8.6013,50.016],[8.5913,50.0177]]]},"properties":{"AGS":"06433008","GEN":"Mörfelden-Walldorf","SN_L":"06"}},
{"type":"Feature","geometry":{"type":"Polygon","coordinates":[[[8.5279,49.9623],[8.505,49.9762],[8.4741,49.9653],[8.4671,49.9588],[8.4288,49.9478],[8.4226,49.9389],[8.4418,49.9302],[8.4597,49.9296],[8.4717,49.9465],[8.4868,49.9562],[8.5057,49.9613],[8.5279,49.9623]]]},"properties":{"AGS":"06433009","GEN":"Nauheim","SN_L":"06"}},
{"type":"Feature","geometry":{"type":"Polygon","coordinates":[[[8.5162,50.026],[8.4961,50.0286],[8.4762,50.0371],[8.4703,50.0336],[8.4531,50.019],[8.4253,50.0076],[8.4505,50.0014],[8.4662,50.0012],[8.4988,50.0068],[8.4965,50.0193],[8.5188,50.0206],[8.5162,50.026]]]},"properties":{"AGS":"06433010","GEN":"Raunheim","SN_L":"06"}},
{"type":"Feature","geometry":{"type":"Polygon","coordinates":[[[8.5212,49.8717],[8.4956,49.873],[8.4894,49.8656],[8.4727,49.8631],[8.4303,49.8705],[8.4182,49.8823],[8.4067,49.8777],[8.3921,49.8647],[8.3764,49.8609],[8.3843,49.8545],[8.3782,49.8325],[8.3778,49.8275],[8.3846,49.8173],[8.4045,49.8116],[8.4425,49.8288],[8.4602,49.8277],[8.4852,49.815],[8.4873,49.8018],[8.5043,49.7943],[8.5045,49.7857],[8.5274,49.7894],[8.5374,49.785],[8.5366,49.7957],[8.5481,49.8009],[8.5478,49.8255],[8.536,49.8384],[8.5212,49.8717]]]},"properties":{"AGS":"06433011","GEN":"Riedstadt","SN_L":"06"}},
{"type":"Feature","geometry":{"type":"Polygon","coordinates":[[[8.505,49.9762],[8.5156,49.9857],[8.51,49.9982],[8.5323,49.995],[8.5487,50.003],[8.5487,50.0247],[8.5188,50.0206],[8.4965,50.0193],[8.4988,50.0068],[8.4662,50.0012],[8.4505,50.0014],[8.4253,50.0076],[8.4074,49.9969],[8.3971,49.9971],[8.3614,50.0018],[8.3919,49.9775],[8.3746,49.9711],[8.3626,49.9681],[8.3563,49.9578],[8.3831,49.9454],[8.3929,49.9524],[8.4163,49.9499],[8.4226,49.9389],[8.4288,49.9478],[8.4671,49.9588],[8.4741,49.9653],[8.505,49.9762]]]},"properties":{"AGS":"06433012","GEN":"Rüsselsheim am Main","SN_L":"06"}},
{"type":"Feature","geometry":{"type":"Polygon","coordinates":[[[8.5043,49.7943],[8.4873,49.8018],[8.4852,49.815],[8.4602,49.8277],[8.4425,49.8288],[8.4045,49.8116],[8.3846,49.8173],[8.4001,49.8037],[8.4131,49.7839],[8.4292,49.7949],[8.4548,49.8026],[8.4845,49.7934],[8.5043,49.7943]]]},"properties":{"AGS":"06433013","GEN":"Stockstadt am Rhein","SN_L":"06"}},
{"type":"Feature","geometry":{"type":"Polygon","coordinates":[[[8.4226,49.9389],[8.4163,49.9499],[8.3929,49.9524],[8.3831,49.9454],[8.3563,49.9578],[8.3463,49.9336],[8.3478,49.9302],[8.3534,49.92],[8.349,49.9022],[8.3426,49.8886],[8.3465,49.8748],[8.3591,49.8642],[8.3764,49.8609],[8.3921,49.8647],[8.4067,49.8777],[8.4191,49.89],[8.4249,49.9108],[8.4459,49.9202],[8.4418,49.9302],[8.4226,49.9389]]]},"properties":{"AGS":"06433014","GEN":"Trebur","SN_L":"06"}},
{"type":"Feature","geometry":{"type":"Polygon","coordinates":[[[8.6842,50.2382],[8.6721,50.2415],[8.658,50.2315],[8.639,50.2363],[8.611,50.2564],[8.5712,50.2671],[8.5686,50.2744],[8.5219,50.2568],[8.4961,50.2452],[8.5001,50.2366],[8.5329,50.2267],[8.5427,50.2312],[8.5918,50.2299],[8.5881,50.2233],[8.6086,50.2082],[8.6386,50.2014],[8.661,50.2088],[8.6689,50.217],[8.6818,50.2126],[8.7015,50.2171],[8.7114,50.2263],[8.6883,50.2367],[8.6842,50.2382]]]},"properties":{"AGS":"06434001","GEN":"Bad Homburg v.d.Höhe","SN_L":"06"}},
{"type":"Feature","geometry":{"type":"Polygon","coordinates":[[[8.6842,50.2382],[8.6902,50.2532],[8.6607,50.2677],[8.6577,50.281],[8.5923,50.2904],[8.5809,50.278],[8.5686,50.2744],[8.5712,50.2671],[8.611,50.2564],[8.639,50.2363],[8.658,50.2315],[8.6721,50.2415],[8.6842,50.2382]]]},"properties":{"AGS":"06434002","GEN":"Friedrichsdorf","SN_L":"06"}},
{"type":"Feature","geometry":{"type":"Polygon","coordinates":[[[8.4516,50.2274],[8.428,50.2299],[8.411,50.2509],[8.4108,50.2589],[8.4065,50.251],[8.3784,50.2433],[8.3907,50.2396],[8.4073,50.2229],[8.3603,50.2149],[8.354,50.2015],[8.3667,50.2023],[8.3677,50.1905],[8.3873,50.1843],[8.4046,50.1812],[8.4227,50.188],[8.4121,50.1967],[8.4339,50.2043],[8.4516,50.2274]]]},"properties":{"AGS":"06434003","GEN":"Glashütten","SN_L":"06"}},
{"type":"Feature","geometry":{"type":"Polygon","coordinates":[[[8.5141,50.3994],[8.4959,50.3958],[8.4742,50.407],[8.4672,50.415],[8.4582,50.415],[8.4089,50.4006],[8.392,50.4046],[8.3899,50.3872],[8.396,50.3745],[8.4182,50.3671],[8.4148,50.359],[8.4449,50.3568],[8.4651,50.3457],[8.5016,50.3593],[8.5047,50.3757],[8.5148,50.385],[8.5157,50.3982],[8.5141,50.3994]]]},"properties":{"AGS":"06434004","GEN":"Grävenwiesbach","SN_L":"06"}},
{"type":"Feature","geometry":{"type":"Polygon","coordinates":[[[8.5148,50.1686],[8.4967,50.1753],[8.4901,50.197],[8.4752,50.2052],[8.4795,50.2164],[8.481,50.2242],[8.4591,50.23],[8.4516,50.2274],[8.4339,50.2043],[8.4121,50.1967],[8.4227,50.188],[8.4536,50.1635],[8.4756,50.1728],[8.4868,50.1657],[8.5101,50.1599],[8.5148,50.1686]]]},"properties":{"AGS":"06434005","GEN":"Königstein im Taunus","SN_L":"06"}},
{"type":"Feature","geometry":{"type":"Polygon","coordinates":[[[8.5476,50.1878],[8.5402,50.1952],[8.4881,50.2184],[8.4795,50.2164],[8.4752,50.2052],[8.4901,50.197],[8.4967,50.1753],[8.5148,50.1686],[8.5366,50.1646],[8.5448,50.1747],[8.5606,50.1666],[8.5644,50.1751],[8.5574,50.1859],[8.5566,50.1876],[8.5476,50.1878]]]},"properties":{"AGS":"06434006","GEN":"Kronberg im Taunus","SN_L":"06"}},
{"type":"Feature","geometry":{"type":"Polygon","coordinates":[[[8.5561,50.3177],[8.5487,50.3251],[8.5293,50.3226],[8.4971,50.329],[8.4827,50.3364],[8.4692,50.308],[8.4797,50.292],[8.4716,50.2811],[8.4832,50.2584],[8.4961,50.2452],[8.5219,50.2568],[8.5374,50.2661],[8.5313,50.2851],[8.5393,50.2898],[8.5312,50.3081],[8.5561,50.3177]]]},"properties":{"AGS":"06434007","GEN":"Neu-Anspach","SN_L":"06"}},
{"type":"Feature","geometry":{"type":"Polygon","coordinates":[[[8.6386,50.2014],[8.6086,50.2082],[8.5881,50.2233],[8.5918,50.2299],[8.5427,50.2312],[8.5329,50.2267],[8.5001,50.2366],[8.4961,50.2452],[8.4534,50.2372],[8.4591,50.23],[8.481,50.2242],[8.4795,50.2164],[8.4881,50.2184],[8.5402,50.1952],[8.5476,50.1878],[8.5566,50.1876],[8.5574,50.1859],[8.5887,50.1684],[8.6087,50.1759],[8.6386,50.2014]]]},"properties":{"AGS":"06434008","GEN":"Oberursel (Taunus)","SN_L":"06"}},
{"type":"Feature","geometry":{"type":"Polygon","coordinates":[[[8.4961,50.2452],[8.4832,50.2584],[8.4716,50.2811],[8.4797,50.292],[8.4692,50.308],[8.4439,50.3045],[8.4295,50.3019],[8.4227,50.292],[8.4279,50.2808],[8.3954,50.2747],[8.4085,50.2685],[8.4108,50.2589],[8.411,50.2509],[8.428,50.2299],[8.4516,50.2274],[8.4591,50.23],[8.4534,50.2372],[8.4961,50.2452]]]},"properties":{"AGS":"06434009","GEN":"Schmitten im Taunus","SN_L":"06"}},
{"type":"Feature","geometry":{"type":"Polygon","coordinates":[[[8.5887,50.1684],[8.5574,50.1859],[8.5644,50.1751],[8.5606,50.1666],[8.5714,50.1555],[8.5902,50.1595],[8.5887,50.1684]]]},"properties":{"AGS":"06434010","GEN":"Steinbach (Taunus)","SN_L":"06"}},
{"type":"Feature","geometry":{"type":"Polygon","coordinates":[[[8.61,50.3727],[8.5998,50.369],[8.5615,50.3758],[8.5451,50.3695],[8.5352,50.3921],[8.5157,50.3982],[8.5148,50.385],[8.5047,50.3757],[8.5016,50.3593],[8.4651,50.3457],[8.4531,50.3323],[8.4439,50.3045],[8.4692,50.308],[8.4827,50.3364],[8.4971,50.329],[8.5293,50.3226],[8.5487,50.3251],[8.5561,50.3177],[8.5805,50.3232],[8.5833,50.3344],[8.6097,50.3388],[8.6049,50.3545],[8.61,50.3727]]]},"properties":{"AGS":"06434011","GEN":"Usingen","SN_L":"06"}},
{"type":"Feature","geometry":{"type":"Polygon","coordinates":[[[8.65,50.3243],[8.6357,50.3313],[8.6198,50.3508],[8.6049,50.3545],[8.6097,50.3388],[8.5833,50.3344],[8.5805,50.3232],[8.5561,50.3177],[8.5312,50.3081],[8.5393,50.2898],[8.5313,50.2851],[8.5374,50.2661],[8.5219,50.2568],[8.5686,50.2744],[8.5809,50.278],[8.5923,50.2904],[8.6161,50.2966],[8.6395,50.3163],[8.65,50.3243]]]},"properties":{"AGS":"06434012","GEN":"Wehrheim","SN_L":"06"}},
{"type":"Feature","geometry":{"type":"Polygon","coordinates":[[[8.4651,50.3457],[8.4449,50.3568],[8.4148,50.359],[8.4182,50.3671],[8.396,50.3745],[8.3899,50.3872],[8.3615,50.3798],[8.3462,50.3658],[8.3444,50.3563],[8.3314,50.3452],[8.3152,50.3404],[8.3263,50.3292],[8.3416,50.3286],[8.362,50.3086],[8.3424,50.3065],[8.3546,50.2942],[8.3715,50.2958],[8.3954,50.2747],[8.4279,50.2808],[8.4227,50.292],[8.4295,50.3019],[8.4439,50.3045],[8.4531,50.3323],[8.4651,50.3457]]]},"properties":{"AGS":"06434013","GEN":"Weilrod","SN_L":"06"}},
{"type":"Feature","geometry":{"type":"Polygon","coordinates":[[[9.419,50.1942],[9.4293,50.2234],[9.4046,50.24],[9.3776,50.2396],[9.3583,50.2425],[9.3514,50.2427],[9.3079,50.2435],[9.2958,50.2383],[9.3011,50.2227],[9.3194,50.2207],[9.3299,50.2111],[9.3331,50.1942],[9.3566,50.1863],[9.3699,50.1746],[9.382,50.1847],[9.4037,50.1762],[9.4243,50.1865],[9.419,50.1942]]]},"properties":{"AGS":"06435001","GEN":"Bad Orb","SN_L":"06"}},
{"type":"Feature","geometry":{"type":"MultiPolygon","coordinates":[[[[9.5015,50.248],[9.4891,50.2564],[9.4775,50.2552],[9.4691,50.2373],[9.4856,50.2142],[9.5021,50.2123],[9.5019,50.2214],[9.5012,50.2224],[9.4948,50.2267],[9.5012,50.2435],[9.5015,50.248]]],[[[9.414,50.2944],[9.3968,50.3157],[9.4076,50.3257],[9.4052,50.3448],[9.3857,50.3458],[9.3788,50.3549],[9.3527,50.3436],[9.3327,50.3316],[9.3479,50.3095],[9.3328,50.3046],[9.3309,50.2898],[9.3366,50.2767],[9.3514,50.2427],[9.3583,50.2425],[9.3673,50.2589],[9.3942,50.2627],[9.3972,50.2771],[9.4201,50.2811],[9.414,50.2944]]]]},"properties":{"AGS":"06435002","GEN":"Bad Soden-Salmünster","SN_L":"06"}},
{"type":"Feature","geometry":{"type":"Polygon","coordinates":[[[9.2958,50.2383],[9.2761,50.2295],[9.2574,50.2309],[9.2525,50.2259],[9.2544,50.2063],[9.2429,50.1919],[9.2575,50.1821],[9.2693,50.1802],[9.2477,50.1578],[9.2578,50.1497],[9.2604,50.1385],[9.2739,50.1427],[9.3076,50.1334],[9.3212,50.1393],[9.3416,50.1313],[9.3756,50.1297],[9.4015,50.1331],[9.4052,50.1404],[9.3907,50.1646],[9.3699,50.1746],[9.3566,50.1863],[9.3331,50.1942],[9.3299,50.2111],[9.3194,50.2207],[9.3011,50.2227],[9.2958,50.2383]]]},"properties":{"AGS":"06435003","GEN":"Biebergemünd","SN_L":"06"}},
{"type":"Feature","geometry":{"type":"Polygon","coordinates":[[[9.3657,50.3892],[9.34,50.4008],[9.3485,50.4069],[9.357,50.427],[9.3538,50.4361],[9.336,50.4519],[9.3167,50.4542],[9.2975,50.4634],[9.2867,50.4373],[9.2904,50.4218],[9.2663,50.4108],[9.2517,50.3749],[9.2728,50.3717],[9.2588,50.3561],[9.254,50.343],[9.2694,50.3328],[9.3136,50.322],[9.3327,50.3316],[9.3527,50.3436],[9.3788,50.3549],[9.3688,50.3727],[9.3657,50.3892]]]},"properties":{"AGS":"06435004","GEN":"Birstein","SN_L":"06"}},
{"type":"Feature","geometry":{"type":"Polygon","coordinates":[[[9.2694,50.3328],[9.2406,50.3299],[9.2458,50.3225],[9.2448,50.3018],[9.2572,50.2933],[9.2827,50.295],[9.286,50.2832],[9.2962,50.2809],[9.3118,50.2868],[9.3194,50.2735],[9.3366,50.2767],[9.3309,50.2898],[9.3328,50.3046],[9.3479,50.3095],[9.3327,50.3316],[9.3136,50.322],[9.2694,50.3328]]]},"properties":{"AGS":"06435005","GEN":"Brachttal","SN_L":"06"}},
{"type":"Feature","geometry":{"type":"Polygon","coordinates":[[[8.9421,50.2202],[8.9007,50.2155],[8.8877,50.2061],[8.8842,50.1953],[8.9107,50.1893],[8.9003,50.1497],[8.9194,50.1563],[8.9558,50.1591],[8.9547,50.1735],[8.9595,50.1884],[8.9805,50.1871],[8.948,50.2098],[8.9538,50.2123],[8.9421,50.2202]]]},"properties":{"AGS":"06435006","GEN":"Bruchköbel","SN_L":"06"}},
{"type":"Feature","geometry":{"type":"Polygon","coordinates":[[[8.9805,50.1871],[8.9595,50.1884],[8.9547,50.1735],[8.9558,50.1591],[8.9554,50.1489],[8.972,50.1354],[8.9779,50.1461],[9.0015,50.1445],[9.0194,50.1588],[9.0062,50.1822],[8.9805,50.1871]]]},"properties":{"AGS":"06435007","GEN":"Erlensee","SN_L":"06"}},
{"type":"Feature","geometry":{"type":"Polygon","coordinates":[[[9.5282,50.1681],[9.5051,50.1693],[9.4961,50.162],[9.515,50.1575],[9.5079,50.1472],[9.4771,50.147],[9.4769,50.1396],[9.4499,50.1277],[9.4286,50.1326],[9.4203,50.1427],[9.4052,50.1404],[9.4015,50.1331],[9.3756,50.1297],[9.3945,50.0975],[9.405,50.0877],[9.4202,50.0848],[9.4219,50.0854],[9.4623,50.0911],[9.4634,50.0912],[9.5127,50.0994],[9.5192,50.1058],[9.5076,50.1456],[9.5218,50.15],[9.5312,50.1608],[9.5282,50.1681]]]},"properties":{"AGS":"06435008","GEN":"Flörsbachtal","SN_L":"06"}},
{"type":"Feature","geometry":{"type":"Polygon","coordinates":[[[9.2111,50.1447],[9.1956,50.1435],[9.1593,50.1595],[9.1578,50.1629],[9.1456,50.1574],[9.1081,50.1517],[9.0736,50.1426],[9.0713,50.1194],[9.0893,50.1168],[9.0982,50.1264],[9.1215,50.1261],[9.145,50.1141],[9.1564,50.112],[9.1464,50.095],[9.1625,50.0982],[9.1746,50.1195],[9.1917,50.1283],[9.194,50.1386],[9.2111,50.1447]]]},"properties":{"AGS":"06435009","GEN":"Freigericht","SN_L":"06"}},
{"type":"Feature","geometry":{"type":"Polygon","coordinates":[[[9.2429,50.1919],[9.2544,50.2063],[9.2525,50.2259],[9.2574,50.2309],[9.2561,50.2392],[9.2387,50.2492],[9.2176,50.2349],[9.1879,50.2314],[9.1827,50.2261],[9.1625,50.2232],[9.1506,50.216],[9.1435,50.1953],[9.1127,50.1881],[9.134,50.174],[9.1593,50.1637],[9.1887,50.1739],[9.1909,50.1882],[9.1838,50.1946],[9.2079,50.1997],[9.2113,50.1923],[9.2429,50.1919]]]},"properties":{"AGS":"06435010","GEN":"Gelnhausen","SN_L":"06"}},
{"type":"Feature","geometry":{"type":"Polygon","coordinates":[[[8.9906,50.0671],[8.9993,50.0694],[8.9974,50.0916],[9.0043,50.097],[8.9806,50.0962],[8.9691,50.0899],[8.9437,50.0905],[8.9547,50.0791],[8.9854,50.0763],[8.9906,50.0671]]]},"properties":{"AGS":"06435011","GEN":"Großkrotzenburg","SN_L":"06"}},
{"type":"Feature","geometry":{"type":"Polygon","coordinates":[[[9.2387,50.2492],[9.2479,50.2669],[9.2613,50.2776],[9.2525,50.2882],[9.2268,50.2807],[9.2177,50.2694],[9.1928,50.2799],[9.1831,50.2826],[9.1598,50.2645],[9.1638,50.2551],[9.15,50.2477],[9.1211,50.251],[9.0925,50.2447],[9.0693,50.2436],[9.0739,50.2309],[9.0735,50.2108],[9.0715,50.2072],[9.085,50.1847],[9.0905,50.1822],[9.1127,50.1881],[9.1435,50.1953],[9.1506,50.216],[9.1625,50.2232],[9.1827,50.2261],[9.1879,50.2314],[9.2176,50.2349],[9.2387,50.2492]]]},"properties":{"AGS":"06435012","GEN":"Gründau","SN_L":"06"}},
{"type":"Feature","geometry":{"type":"Polygon","coordinates":[[[9,50.249],[8.974,50.2437],[8.9571,50.2474],[8.9448,50.2403],[8.9421,50.2202],[8.9538,50.2123],[8.9692,50.2148],[9,50.211],[9.0174,50.2166],[9.0325,50.2268],[9.0258,50.2321],[9,50.249]]]},"properties":{"AGS":"06435013","GEN":"Hammersbach","SN_L":"06"}},
{"type":"Feature","geometry":{"type":"Polygon","coordinates":[[[8.9558,50.1591],[8.9194,50.1563],[8.9003,50.1497],[8.9107,50.1893],[8.8842,50.1953],[8.8616,50.1824],[8.8736,50.1764],[8.8825,50.1575],[8.8611,50.15],[8.874,50.1406],[8.8801,50.1252],[8.8841,50.1138],[8.8742,50.0952],[8.8849,50.08],[8.9089,50.0753],[8.9135,50.0855],[8.9348,50.0861],[8.9437,50.0905],[8.9691,50.0899],[8.9806,50.0962],[9.0043,50.097],[9.0183,50.1116],[9.0301,50.1127],[9.0213,50.1198],[9.0232,50.1314],[9.0114,50.1435],[9.0015,50.1445],[8.9779,50.1461],[8.972,50.1354],[8.9554,50.1489],[8.9558,50.1591]]]},"properties":{"AGS":"06435014","GEN":"Hanau","SN_L":"06"}},
{"type":"Feature","geometry":{"type":"Polygon","coordinates":[[[9.1593,50.1637],[9.134,50.174],[9.1127,50.1881],[9.0905,50.1822],[9.0698,50.1739],[9.0573,50.1514],[9.0736,50.1426],[9.1081,50.1517],[9.1456,50.1574],[9.1578,50.1629],[9.1593,50.1637]]]},"properties":{"AGS":"06435015","GEN":"Hasselroth","SN_L":"06"}},
{"type":"Feature","geometry":{"type":"Polygon","coordinates":[[[9.4856,50.2142],[9.463,50.2135],[9.4555,50.1967],[9.4649,50.1863],[9.4578,50.181],[9.4299,50.1927],[9.419,50.1942],[9.4243,50.1865],[9.4037,50.1762],[9.382,50.1847],[9.3699,50.1746],[9.3907,50.1646],[9.4052,50.1404],[9.4203,50.1427],[9.4286,50.1326],[9.4499,50.1277],[9.4769,50.1396],[9.4771,50.147],[9.5079,50.1472],[9.515,50.1575],[9.4961,50.162],[9.5051,50.1693],[9.4981,50.1755],[9.5015,50.193],[9.5141,50.1946],[9.5156,50.1953],[9.5162,50.1996],[9.5021,50.2123],[9.4856,50.2142]]]},"properties":{"AGS":"06435016","GEN":"Jossgrund","SN_L":"06"}},
{"type":"Feature","geometry":{"type":"Polygon","coordinates":[[[9.0735,50.2108],[9.0489,50.2115],[9.0348,50.2028],[9.0127,50.2089],[9.0163,50.1881],[9.0062,50.1822],[9.0194,50.1588],[9.0365,50.1601],[9.0424,50.1522],[9.0573,50.1514],[9.0698,50.1739],[9.0905,50.1822],[9.085,50.1847],[9.0715,50.2072],[9.0735,50.2108]]]},"properties":{"AGS":"06435017","GEN":"Langenselbold","SN_L":"06"}},
{"type":"Feature","geometry":{"type":"Polygon","coordinates":[[[9.2429,50.1919],[9.2113,50.1923],[9.2079,50.1997],[9.1838,50.1946],[9.1909,50.1882],[9.1887,50.1739],[9.1593,50.1637],[9.1578,50.1629],[9.1593,50.1595],[9.1956,50.1435],[9.2111,50.1447],[9.2147,50.1467],[9.2219,50.1494],[9.2604,50.1385],[9.2578,50.1497],[9.2477,50.1578],[9.2693,50.1802],[9.2575,50.1821],[9.2429,50.1919]]]},"properties":{"AGS":"06435018","GEN":"Linsengericht","SN_L":"06"}},
{"type":"Feature","geometry":{"type":"Polygon","coordinates":[[[8.8616,50.1824],[8.842,50.1845],[8.8326,50.1777],[8.8252,50.1735],[8.8005,50.1713],[8.7836,50.1584],[8.7806,50.1367],[8.818,50.1335],[8.8596,50.1262],[8.8801,50.1252],[8.874,50.1406],[8.8611,50.15],[8.8825,50.1575],[8.8736,50.1764],[8.8616,50.1824]]]},"properties":{"AGS":"06435019","GEN":"Maintal","SN_L":"06"}},
{"type":"Feature","geometry":{"type":"Polygon","coordinates":[[[9.0127,50.2089],[9.0174,50.2166],[9,50.211],[8.9692,50.2148],[8.9538,50.2123],[8.948,50.2098],[8.9805,50.1871],[9.0062,50.1822],[9.0163,50.1881],[9.0127,50.2089]]]},"properties":{"AGS":"06435020","GEN":"Neuberg","SN_L":"06"}},
{"type":"Feature","geometry":{"type":"Polygon","coordinates":[[[8.9008,50.2759],[8.8862,50.2725],[8.8677,50.2811],[8.8465,50.2747],[8.8556,50.2509],[8.8287,50.235],[8.8602,50.2242],[8.8609,50.2125],[8.8877,50.2061],[8.9007,50.2155],[8.9421,50.2202],[8.9448,50.2403],[8.9571,50.2474],[8.9627,50.2532],[8.9433,50.266],[8.9267,50.2634],[8.9114,50.2766],[8.9008,50.2759]]]},"properties":{"AGS":"06435021","GEN":"Nidderau","SN_L":"06"}},
{"type":"Feature","geometry":{"type":"Polygon","coordinates":[[[8.8138,50.1963],[8.7895,50.1947],[8.7899,50.176],[8.8005,50.1713],[8.8252,50.1735],[8.8326,50.1777],[8.8138,50.1963]]]},"properties":{"AGS":"06435022","GEN":"Niederdorfelden","SN_L":"06"}},
{"type":"Feature","geometry":{"type":"Polygon","coordinates":[[[9.0573,50.1514],[9.0424,50.1522],[9.0365,50.1601],[9.0194,50.1588],[9.0015,50.1445],[9.0114,50.1435],[9.0232,50.1314],[9.0213,50.1198],[9.0301,50.1127],[9.037,50.1144],[9.0713,50.1194],[9.0736,50.1426],[9.0573,50.1514]]]},"properties":{"AGS":"06435023","GEN":"Rodenbach","SN_L":"06"}},
{"type":"Feature","geometry":{"type":"Polygon","coordinates":[[[9.0693,50.2436],[9.0397,50.2481],[9.0258,50.2321],[9.0325,50.2268],[9.0174,50.2166],[9.0127,50.2089],[9.0348,50.2028],[9.0489,50.2115],[9.0735,50.2108],[9.0739,50.2309],[9.0693,50.2436]]]},"properties":{"AGS":"06435024","GEN":"Ronneburg","SN_L":"06"}},
{"type":"Feature","geometry":{"type":"Polygon","coordinates":[[[9.6206,50.392],[9.6129,50.3937],[9.5557,50.3816],[9.5331,50.3944],[9.5204,50.3977],[9.4941,50.4113],[9.4706,50.4012],[9.4675,50.3936],[9.4481,50.3847],[9.4647,50.3588],[9.4732,50.3525],[9.4775,50.3364],[9.4916,50.3211],[9.5168,50.3134],[9.5358,50.2987],[9.5538,50.2925],[9.5649,50.3073],[9.5736,50.3104],[9.5807,50.3304],[9.6052,50.3246],[9.6363,50.3259],[9.6492,50.3496],[9.6696,50.3535],[9.6826,50.3702],[9.632,50.3825],[9.6206,50.392]]]},"properties":{"AGS":"06435025","GEN":"Schlüchtern","SN_L":"06"}},
{"type":"Feature","geometry":{"type":"Polygon","coordinates":[[[8.8287,50.235],[8.8102,50.2373],[8.8221,50.2055],[8.8138,50.1963],[8.8326,50.1777],[8.842,50.1845],[8.8616,50.1824],[8.8842,50.1953],[8.8877,50.2061],[8.8609,50.2125],[8.8602,50.2242],[8.8287,50.235]]]},"properties":{"AGS":"06435026","GEN":"Schöneck","SN_L":"06"}},
{"type":"Feature","geometry":{"type":"Polygon","coordinates":[[[9.7329,50.3561],[9.7225,50.3601],[9.6907,50.3608],[9.6826,50.3702],[9.6696,50.3535],[9.6492,50.3496],[9.6363,50.3259],[9.6052,50.3246],[9.5807,50.3304],[9.5736,50.3104],[9.5649,50.3073],[9.5538,50.2925],[9.5587,50.2807],[9.5763,50.2774],[9.5814,50.2693],[9.5971,50.2651],[9.5991,50.2454],[9.5815,50.2414],[9.5733,50.2321],[9.5742,50.2323],[9.5751,50.2324],[9.6204,50.2275],[9.6232,50.229],[9.6358,50.2352],[9.6565,50.2324],[9.6682,50.2394],[9.639,50.2484],[9.643,50.2556],[9.6521,50.2687],[9.6732,50.2744],[9.6923,50.278],[9.7034,50.2808],[9.7132,50.2917],[9.7277,50.2951],[9.7475,50.3135],[9.748,50.3254],[9.743,50.3464],[9.7329,50.3561]]]},"properties":{"AGS":"06435027","GEN":"Sinntal","SN_L":"06"}},
{"type":"Feature","geometry":{"type":"MultiPolygon","coordinates":[[[[9.5015,50.248],[9.527,50.2499],[9.5414,50.2646],[9.512,50.2656],[9.4891,50.2564],[9.5015,50.248]]],[[[9.4791,50.4407],[9.4446,50.4284],[9.4343,50.4071],[9.4121,50.4044],[9.3973,50.3899],[9.3657,50.3892],[9.3688,50.3727],[9.3788,50.3549],[9.3857,50.3458],[9.4052,50.3448],[9.4076,50.3257],[9.3968,50.3157],[9.414,50.2944],[9.4335,50.2854],[9.4494,50.284],[9.4517,50.2732],[9.4778,50.2697],[9.4909,50.278],[9.4912,50.2891],[9.5006,50.2954],[9.5194,50.2909],[9.5358,50.2987],[9.5168,50.3134],[9.4916,50.3211],[9.4775,50.3364],[9.4732,50.3525],[9.4647,50.3588],[9.4481,50.3847],[9.4675,50.3936],[9.4706,50.4012],[9.4941,50.4113],[9.4886,50.4125],[9.4815,50.4395],[9.4791,50.4407]]]]},"properties":{"AGS":"06435028","GEN":"Steinau an der Straße","SN_L":"06"}},
{"type":"Feature","geometry":{"type":"Polygon","coordinates":[[[9.2406,50.3299],[9.228,50.333],[9.2056,50.3186],[9.2164,50.3086],[9.2061,50.2914],[9.1928,50.2799],[9.2177,50.2694],[9.2268,50.2807],[9.2525,50.2882],[9.2613,50.2776],[9.2479,50.2669],[9.2387,50.2492],[9.2561,50.2392],[9.2574,50.2309],[9.2761,50.2295],[9.2958,50.2383],[9.3079,50.2435],[9.3514,50.2427],[9.3366,50.2767],[9.3194,50.2735],[9.3118,50.2868],[9.2962,50.2809],[9.286,50.2832],[9.2827,50.295],[9.2572,50.2933],[9.2448,50.3018],[9.2458,50.3225],[9.2406,50.3299]]]},"properties":{"AGS":"06435029","GEN":"Wächtersbach","SN_L":"06"}},
{"type":"Feature","geometry":{"type":"MultiPolygon","coordinates":[[[[9.6204,50.2275],[9.5751,50.2324],[9.5804,50.2236],[9.5962,50.2227],[9.6204,50.2275]]],[[[9.5538,50.2925],[9.5358,50.2987],[9.5194,50.2909],[9.5006,50.2954],[9.4912,50.2891],[9.4909,50.278],[9.4778,50.2697],[9.4517,50.2732],[9.4494,50.284],[9.4335,50.2854],[9.414,50.2944],[9.4201,50.2811],[9.3972,50.2771],[9.3942,50.2627],[9.3673,50.2589],[9.3583,50.2425],[9.3776,50.2396],[9.4046,50.24],[9.4293,50.2234],[9.419,50.1942],[9.4299,50.1927],[9.4578,50.181],[9.4649,50.1863],[9.4555,50.1967],[9.463,50.2135],[9.4856,50.2142],[9.4691,50.2373],[9.4775,50.2552],[9.4891,50.2564],[9.512,50.2656],[9.5414,50.2646],[9.527,50.2499],[9.5015,50.248],[9.5012,50.2435],[9.5183,50.2335],[9.5335,50.2345],[9.542,50.2243],[9.5724,50.232],[9.5733,50.2321],[9.5815,50.2414],[9.5991,50.2454],[9.5971,50.2651],[9.5814,50.2693],[9.5763,50.2774],[9.5587,50.2807],[9.5538,50.2925]]]]},"properties":{"AGS":"06435200","GEN":"Gutsbezirk Spessart","SN_L":"06"}},
{"type":"Feature","geometry":{"type":"Polygon","coordinates":[[[8.5101,50.1599],[8.4868,50.1657],[8.4756,50.1728],[8.4536,50.1635],[8.4649,50.152],[8.489,50.1361],[8.503,50.1296],[8.5126,50.1322],[8.5177,50.1506],[8.5101,50.1599]]]},"properties":{"AGS":"06436001","GEN":"Bad Soden am Taunus","SN_L":"06"}},
{"type":"Feature","geometry":{"type":"Polygon","coordinates":[[[8.3873,50.1843],[8.3677,50.1905],[8.3667,50.2023],[8.354,50.2015],[8.3527,50.191],[8.3371,50.1916],[8.352,50.1891],[8.3446,50.1763],[8.3609,50.1694],[8.3273,50.1457],[8.3169,50.1396],[8.3369,50.1282],[8.3501,50.1286],[8.3726,50.1308],[8.3749,50.1375],[8.4078,50.1331],[8.4128,50.1414],[8.4027,50.1543],[8.3881,50.1594],[8.3764,50.1698],[8.3873,50.1843]]]},"properties":{"AGS":"06436002","GEN":"Eppstein","SN_L":"06"}},
{"type":"Feature","geometry":{"type":"Polygon","coordinates":[[[8.5606,50.1666],[8.5448,50.1747],[8.5366,50.1646],[8.5381,50.1557],[8.5624,50.1298],[8.5912,50.1406],[8.6008,50.1573],[8.5902,50.1595],[8.5714,50.1555],[8.5606,50.1666]]]},"properties":{"AGS":"06436003","GEN":"Eschborn","SN_L":"06"}},
{"type":"Feature","geometry":{"type":"Polygon","coordinates":[[[8.4501,50.0593],[8.435,50.0572],[8.4129,50.0457],[8.3745,50.0245],[8.3914,50.0111],[8.3971,49.9971],[8.4074,49.9969],[8.4253,50.0076],[8.4531,50.019],[8.4467,50.0244],[8.4524,50.0404],[8.4653,50.0482],[8.4501,50.0593]]]},"properties":{"AGS":"06436004","GEN":"Flörsheim am Main","SN_L":"06"}},
{"type":"Feature","geometry":{"type":"Polygon","coordinates":[[[8.489,50.0864],[8.4897,50.0811],[8.4568,50.0599],[8.4518,50.0606],[8.4501,50.0593],[8.4653,50.0482],[8.4524,50.0404],[8.4467,50.0244],[8.4531,50.019],[8.4703,50.0336],[8.4812,50.0431],[8.5061,50.0517],[8.5207,50.0617],[8.489,50.0864]]]},"properties":{"AGS":"06436005","GEN":"Hattersheim am Main","SN_L":"06"}},
{"type":"Feature","geometry":{"type":"Polygon","coordinates":[[[8.4129,50.0457],[8.3969,50.0571],[8.3846,50.0599],[8.373,50.0515],[8.3802,50.0464],[8.3323,50.0264],[8.3306,50.0005],[8.3415,49.9996],[8.3614,50.0018],[8.3971,49.9971],[8.3914,50.0111],[8.3745,50.0245],[8.4129,50.0457]]]},"properties":{"AGS":"06436006","GEN":"Hochheim am Main","SN_L":"06"}},
{"type":"Feature","geometry":{"type":"Polygon","coordinates":[[[8.4078,50.1331],[8.3749,50.1375],[8.3726,50.1308],[8.3501,50.1286],[8.3443,50.1194],[8.3627,50.0982],[8.3755,50.1026],[8.3859,50.0822],[8.3749,50.0675],[8.355,50.062],[8.373,50.0515],[8.3846,50.0599],[8.3969,50.0571],[8.4129,50.0457],[8.435,50.0572],[8.4501,50.0593],[8.4518,50.0606],[8.4469,50.0751],[8.4735,50.0985],[8.4757,50.1013],[8.4678,50.1131],[8.4522,50.122],[8.4167,50.1342],[8.4078,50.1331]]]},"properties":{"AGS":"06436007","GEN":"Hofheim am Taunus","SN_L":"06"}},
{"type":"Feature","geometry":{"type":"Polygon","coordinates":[[[8.4536,50.1635],[8.4227,50.188],[8.4046,50.1812],[8.3873,50.1843],[8.3764,50.1698],[8.3881,50.1594],[8.4027,50.1543],[8.4128,50.1414],[8.4078,50.1331],[8.4167,50.1342],[8.4522,50.122],[8.4678,50.1131],[8.4757,50.1013],[8.476,50.1088],[8.475,50.1263],[8.489,50.1361],[8.4649,50.152],[8.4536,50.1635]]]},"properties":{"AGS":"06436008","GEN":"Kelkheim (Taunus)","SN_L":"06"}},
{"type":"Feature","geometry":{"type":"Polygon","coordinates":[[[8.4518,50.0606],[8.4568,50.0599],[8.4897,50.0811],[8.489,50.0864],[8.4735,50.0985],[8.4469,50.0751],[8.4518,50.0606]]]},"properties":{"AGS":"06436009","GEN":"Kriftel","SN_L":"06"}},
{"type":"Feature","geometry":{"type":"Polygon","coordinates":[[[8.503,50.1296],[8.489,50.1361],[8.475,50.1263],[8.476,50.1088],[8.4961,50.1059],[8.5188,50.1212],[8.503,50.1296]]]},"properties":{"AGS":"06436010","GEN":"Liederbach am Taunus","SN_L":"06"}},
{"type":"Feature","geometry":{"type":"Polygon","coordinates":[[[8.5366,50.1646],[8.5148,50.1686],[8.5101,50.1599],[8.5177,50.1506],[8.5369,50.1368],[8.5452,50.1394],[8.559,50.1282],[8.5624,50.1298],[8.5381,50.1557],[8.5366,50.1646]]]},"properties":{"AGS":"06436011","GEN":"Schwalbach am Taunus","SN_L":"06"}},
{"type":"Feature","geometry":{"type":"Polygon","coordinates":[[[8.559,50.1282],[8.5452,50.1394],[8.5369,50.1368],[8.5177,50.1506],[8.5126,50.1322],[8.503,50.1296],[8.5188,50.1212],[8.5305,50.1159],[8.559,50.1282]]]},"properties":{"AGS":"06436012","GEN":"Sulzbach (Taunus)","SN_L":"06"}},
{"type":"Feature","geometry":{"type":"Polygon","coordinates":[[[9.021,49.7736],[8.9832,49.7625],[8.9631,49.7595],[8.9454,49.773],[8.9229,49.7814],[8.9184,49.7714],[8.9262,49.7541],[8.9532,49.7541],[8.9662,49.745],[8.9806,49.7448],[8.9903,49.7353],[8.9885,49.7252],[8.9726,49.7174],[8.9792,49.7032],[8.9965,49.7032],[9.0221,49.7089],[9.0286,49.7192],[9.0424,49.7187],[9.0588,49.7061],[9.0745,49.7155],[9.0711,49.7316],[9.0813,49.7411],[9.0687,49.7414],[9.0517,49.7616],[9.021,49.7736]]]},"properties":{"AGS":"06437001","GEN":"Bad König","SN_L":"06"}},
{"type":"Feature","geometry":{"type":"Polygon","coordinates":[[[8.9157,49.7872],[8.8945,49.7917],[8.8745,49.7884],[8.8697,49.7981],[8.8652,49.7963],[8.8546,49.79],[8.8416,49.7692],[8.8429,49.7644],[8.8629,49.762],[8.8749,49.7668],[8.8731,49.7448],[8.8864,49.7448],[8.9031,49.7377],[8.9032,49.7429],[8.9262,49.7541],[8.9184,49.7714],[8.9229,49.7814],[8.9157,49.7872]]]},"properties":{"AGS":"06437003","GEN":"Brensbach","SN_L":"06"}},
{"type":"Feature","geometry":{"type":"Polygon","coordinates":[[[9.0361,49.8465],[9.0287,49.8557],[9.004,49.8562],[9.0126,49.835],[8.9908,49.8202],[9.0189,49.8037],[9.0109,49.7982],[9.0527,49.7954],[9.0873,49.7987],[9.077,49.8182],[9.0867,49.8264],[9.081,49.8383],[9.0847,49.8475],[9.064,49.8318],[9.0414,49.8401],[9.0361,49.8465]]]},"properties":{"AGS":"06437004","GEN":"Breuberg","SN_L":"06"}},
{"type":"Feature","geometry":{"type":"Polygon","coordinates":[[[8.9726,49.7174],[8.9885,49.7252],[8.9903,49.7353],[8.9806,49.7448],[8.9662,49.745],[8.9532,49.7541],[8.9262,49.7541],[8.9032,49.7429],[8.9031,49.7377],[8.9149,49.7348],[8.9153,49.7246],[8.9288,49.7117],[8.9191,49.7061],[8.9483,49.7171],[8.9726,49.7174]]]},"properties":{"AGS":"06437005","GEN":"Brombachtal","SN_L":"06"}},
{"type":"Feature","geometry":{"type":"Polygon","coordinates":[[[9.0659,49.6197],[9.0565,49.6338],[9.0588,49.6522],[9.0732,49.6646],[9.06,49.6728],[9.0165,49.6633],[9.0005,49.67],[8.9447,49.6738],[8.9375,49.6673],[8.9511,49.6511],[8.9494,49.6341],[8.9566,49.6152],[8.9664,49.6097],[8.9899,49.6071],[9.0061,49.6016],[9.0261,49.6066],[9.0451,49.6004],[9.0534,49.5858],[9.0715,49.5933],[9.0664,49.6024],[9.0659,49.6197]]]},"properties":{"AGS":"06437006","GEN":"Erbach","SN_L":"06"}},
{"type":"Feature","geometry":{"type":"Polygon","coordinates":[[[8.8731,49.7448],[8.8749,49.7668],[8.8629,49.762],[8.8429,49.7644],[8.8383,49.761],[8.8136,49.7408],[8.7973,49.7383],[8.7975,49.7313],[8.8143,49.725],[8.832,49.7319],[8.8658,49.7284],[8.8731,49.7448]]]},"properties":{"AGS":"06437007","GEN":"Fränkisch-Crumbach","SN_L":"06"}},
{"type":"Feature","geometry":{"type":"Polygon","coordinates":[[[8.9908,49.8202],[8.9739,49.8196],[8.9648,49.8118],[8.9697,49.798],[8.9264,49.7993],[8.9157,49.7872],[8.9229,49.7814],[8.9454,49.773],[8.9631,49.7595],[8.9832,49.7625],[9.021,49.7736],[9.0252,49.783],[9.0043,49.7941],[9.0109,49.7982],[9.0189,49.8037],[8.9908,49.8202]]]},"properties":{"AGS":"06437009","GEN":"Höchst i.Odw.","SN_L":"06"}},
{"type":"Feature","geometry":{"type":"Polygon","coordinates":[[[9.0873,49.7987],[9.0527,49.7954],[9.0109,49.7982],[9.0043,49.7941],[9.0252,49.783],[9.021,49.7736],[9.0517,49.7616],[9.0687,49.7414],[9.0813,49.7411],[9.0915,49.7391],[9.1178,49.745],[9.1319,49.7536],[9.1278,49.7552],[9.1069,49.7587],[9.1134,49.7737],[9.1345,49.7833],[9.1289,49.7958],[9.1081,49.798],[9.0873,49.7987]]]},"properties":{"AGS":"06437010","GEN":"Lützelbach","SN_L":"06"}},
{"type":"Feature","geometry":{"type":"Polygon","coordinates":[[[9.1319,49.7536],[9.1178,49.745],[9.0915,49.7391],[9.0813,49.7411],[9.0711,49.7316],[9.0745,49.7155],[9.0588,49.7061],[9.0424,49.7187],[9.0286,49.7192],[9.0221,49.7089],[8.9965,49.7032],[8.9792,49.7032],[8.9726,49.7174],[8.9483,49.7171],[8.9191,49.7061],[8.9204,49.7015],[8.9335,49.6914],[8.9447,49.6738],[9.0005,49.67],[9.0165,49.6633],[9.06,49.6728],[9.0732,49.6646],[9.0588,49.6522],[9.0565,49.6338],[9.0659,49.6197],[9.102,49.6422],[9.1034,49.6604],[9.0889,49.669],[9.0881,49.6896],[9.1051,49.6969],[9.1261,49.7],[9.1272,49.7066],[9.1392,49.7269],[9.1419,49.7321],[9.1508,49.7429],[9.1319,49.7536]]]},"properties":{"AGS":"06437011","GEN":"Michelstadt","SN_L":"06"}},
{"type":"Feature","geometry":{"type":"Polygon","coordinates":[[[8.9664,49.6097],[8.9566,49.6152],[8.9494,49.6341],[8.9511,49.6511],[8.9375,49.6673],[8.9447,49.6738],[8.9335,49.6914],[8.9204,49.7015],[8.8964,49.7045],[8.9005,49.6793],[8.8924,49.6662],[8.8713,49.6593],[8.8699,49.6491],[8.8642,49.6421],[8.8779,49.6355],[8.8847,49.622],[8.8762,49.6143],[8.8884,49.6092],[8.901,49.6008],[8.9326,49.6009],[8.9589,49.6036],[8.9664,49.6097]]]},"properties":{"AGS":"06437012","GEN":"Mossautal","SN_L":"06"}},
{"type":"Feature","geometry":{"type":"Polygon","coordinates":[[[8.8731,49.7448],[8.8658,49.7284],[8.832,49.7319],[8.8143,49.725],[8.7975,49.7313],[8.7863,49.7251],[8.8007,49.709],[8.7946,49.6848],[8.8315,49.6732],[8.835,49.6634],[8.8713,49.6593],[8.8924,49.6662],[8.9005,49.6793],[8.8964,49.7045],[8.9204,49.7015],[8.9191,49.7061],[8.9288,49.7117],[8.9153,49.7246],[8.9149,49.7348],[8.9031,49.7377],[8.8864,49.7448],[8.8731,49.7448]]]},"properties":{"AGS":"06437013","GEN":"Reichelsheim (Odenwald)","SN_L":"06"}},
{"type":"Feature","geometry":{"type":"Polygon","coordinates":[[[8.9664,49.6097],[8.9589,49.6036],[8.9326,49.6009],[8.901,49.6008],[8.8884,49.6092],[8.8789,49.6043],[8.8874,49.5772],[8.8809,49.5697],[8.8888,49.5525],[8.8917,49.532],[8.9109,49.5231],[8.8996,49.5037],[8.8994,49.4845],[8.9113,49.4851],[8.9319,49.4706],[8.9435,49.4858],[8.9635,49.5015],[8.9876,49.5057],[9.0122,49.5027],[9.016,49.4978],[9.0408,49.4991],[9.0494,49.5183],[9.065,49.5296],[9.0839,49.5263],[9.0996,49.5262],[9.1076,49.5099],[9.1265,49.5216],[9.115,49.5339],[9.0932,49.5419],[9.0882,49.5487],[9.0826,49.5618],[9.0989,49.5606],[9.103,49.5775],[9.083,49.602],[9.0664,49.6024],[9.0715,49.5933],[9.0534,49.5858],[9.0451,49.6004],[9.0261,49.6066],[9.0061,49.6016],[8.9899,49.6071],[8.9664,49.6097]]]},"properties":{"AGS":"06437016","GEN":"Oberzent","SN_L":"06"}},
{"type":"Feature","geometry":{"type":"Polygon","coordinates":[[[8.8189,50.0273],[8.7991,50.0295],[8.7967,50.0365],[8.7786,50.0394],[8.7681,50.0345],[8.7471,50.0222],[8.7553,50.0145],[8.7557,49.9895],[8.7611,49.9845],[8.7742,49.9825],[8.7984,49.9886],[8.8109,50.0066],[8.8266,50.009],[8.8189,50.0273]]]},"properties":{"AGS":"06438001","GEN":"Dietzenbach","SN_L":"06"}},
{"type":"Feature","geometry":{"type":"Polygon","coordinates":[[[8.7514,50.0537],[8.7205,50.0516],[8.71,50.0403],[8.6801,50.0401],[8.6636,50.0327],[8.6354,50.0301],[8.6396,50.0209],[8.6684,50.0056],[8.6912,49.9982],[8.6951,49.9899],[8.7102,49.988],[8.7187,49.9618],[8.7257,49.9542],[8.7458,49.9601],[8.7596,49.9599],[8.7611,49.9845],[8.7557,49.9895],[8.7553,50.0145],[8.7471,50.0222],[8.7681,50.0345],[8.7581,50.0473],[8.7514,50.0537]]]},"properties":{"AGS":"06438002","GEN":"Dreieich","SN_L":"06"}},
{"type":"Feature","geometry":{"type":"Polygon","coordinates":[[[8.7037,49.9507],[8.6978,49.9669],[8.6786,49.9749],[8.6347,49.9771],[8.6215,49.992],[8.6102,50.0132],[8.6039,50.0119],[8.6078,49.9963],[8.6284,49.9759],[8.6201,49.9655],[8.6587,49.9521],[8.6745,49.9515],[8.7037,49.9507]]]},"properties":{"AGS":"06438003","GEN":"Egelsbach","SN_L":"06"}},
{"type":"Feature","geometry":{"type":"Polygon","coordinates":[[[8.9437,50.0905],[8.9348,50.0861],[8.9135,50.0855],[8.9089,50.0753],[8.9053,50.0661],[8.9113,50.0456],[8.9221,50.0592],[8.9457,50.0556],[8.9661,50.0597],[8.9813,50.0559],[8.9878,50.0633],[8.9906,50.0671],[8.9854,50.0763],[8.9547,50.0791],[8.9437,50.0905]]]},"properties":{"AGS":"06438004","GEN":"Hainburg","SN_L":"06"}},
{"type":"Feature","geometry":{"type":"Polygon","coordinates":[[[8.8259,50.0705],[8.7902,50.0695],[8.7794,50.0528],[8.7581,50.0473],[8.7681,50.0345],[8.7786,50.0394],[8.7967,50.0365],[8.7991,50.0295],[8.8189,50.0273],[8.8488,50.0393],[8.8627,50.0493],[8.8576,50.0551],[8.8414,50.0511],[8.825,50.0562],[8.8259,50.0705]]]},"properties":{"AGS":"06438005","GEN":"Heusenstamm","SN_L":"06"}},
{"type":"Feature","geometry":{"type":"Polygon","coordinates":[[[8.6354,50.0301],[8.6137,50.0294],[8.6013,50.016],[8.6039,50.0119],[8.6102,50.0132],[8.6215,49.992],[8.6347,49.9771],[8.6786,49.9749],[8.6978,49.9669],[8.7037,49.9507],[8.7257,49.9542],[8.7187,49.9618],[8.7102,49.988],[8.6951,49.9899],[8.6912,49.9982],[8.6684,50.0056],[8.6396,50.0209],[8.6354,50.0301]]]},"properties":{"AGS":"06438006","GEN":"Langen (Hessen)","SN_L":"06"}},
{"type":"Feature","geometry":{"type":"Polygon","coordinates":[[[9.0398,50.0104],[9.0301,50.0266],[9.0313,50.0396],[9.023,50.0436],[9.0162,50.025],[8.9851,50.0243],[8.9686,50.0207],[8.9708,49.9961],[9.0002,49.9958],[9.0161,49.9913],[9.0461,49.99],[9.0355,50.0018],[9.0398,50.0104]]]},"properties":{"AGS":"06438007","GEN":"Mainhausen","SN_L":"06"}},
{"type":"Feature","geometry":{"type":"Polygon","coordinates":[[[8.8801,50.1252],[8.8596,50.1262],[8.818,50.1335],[8.8139,50.1065],[8.8233,50.0916],[8.8433,50.0869],[8.8404,50.0796],[8.8526,50.0888],[8.8742,50.0952],[8.8841,50.1138],[8.8801,50.1252]]]},"properties":{"AGS":"06438008","GEN":"Mühlheim am Main","SN_L":"06"}},
{"type":"Feature","geometry":{"type":"Polygon","coordinates":[[[8.7514,50.0537],[8.7493,50.0631],[8.7178,50.0624],[8.6421,50.0534],[8.6239,50.0545],[8.6081,50.0435],[8.5972,50.0424],[8.5913,50.0177],[8.6013,50.016],[8.6137,50.0294],[8.6354,50.0301],[8.6636,50.0327],[8.6801,50.0401],[8.71,50.0403],[8.7205,50.0516],[8.7514,50.0537]]]},"properties":{"AGS":"06438009","GEN":"Neu-Isenburg","SN_L":"06"}},
{"type":"Feature","geometry":{"type":"Polygon","coordinates":[[[8.8742,50.0952],[8.8526,50.0888],[8.8404,50.0796],[8.8259,50.0705],[8.825,50.0562],[8.8414,50.0511],[8.8576,50.0551],[8.8603,50.0639],[8.8751,50.0681],[8.9053,50.0661],[8.9089,50.0753],[8.8849,50.08],[8.8742,50.0952]]]},"properties":{"AGS":"06438010","GEN":"Obertshausen","SN_L":"06"}},
{"type":"Feature","geometry":{"type":"Polygon","coordinates":[[[8.9053,50.0661],[8.8751,50.0681],[8.8603,50.0639],[8.8576,50.0551],[8.8627,50.0493],[8.8488,50.0393],[8.8189,50.0273],[8.8266,50.009],[8.847,49.9828],[8.8519,49.9591],[8.8649,49.9635],[8.8997,49.9662],[8.9294,49.9868],[8.9444,50.0018],[8.9325,50.0203],[8.9211,50.0289],[8.9113,50.0456],[8.9053,50.0661]]]},"properties":{"AGS":"06438011","GEN":"Rodgau","SN_L":"06"}},
{"type":"Feature","geometry":{"type":"Polygon","coordinates":[[[8.8266,50.009],[8.8109,50.0066],[8.7984,49.9886],[8.7742,49.9825],[8.7611,49.9845],[8.7596,49.9599],[8.7458,49.9601],[8.7553,49.9492],[8.7809,49.9592],[8.8171,49.95],[8.8313,49.9502],[8.8519,49.9591],[8.847,49.9828],[8.8266,50.009]]]},"properties":{"AGS":"06438012","GEN":"Rödermark","SN_L":"06"}},
{"type":"Feature","geometry":{"type":"Polygon","coordinates":[[[8.9813,50.0559],[8.9661,50.0597],[8.9457,50.0556],[8.9221,50.0592],[8.9113,50.0456],[8.9211,50.0289],[8.9325,50.0203],[8.9444,50.0018],[8.9708,49.9961],[8.9686,50.0207],[8.9851,50.0243],[9.0162,50.025],[9.023,50.0436],[9.0134,50.0456],[8.9888,50.0416],[8.9759,50.0488],[8.9813,50.0559]]]},"properties":{"AGS":"06438013","GEN":"Seligenstadt","SN_L":"06"}},
{"type":"Feature","geometry":{"type":"Polygon","coordinates":[[[8.1431,50.2805],[8.1219,50.2772],[8.1111,50.2707],[8.1068,50.2609],[8.0747,50.2672],[8.0593,50.2734],[8.0425,50.2724],[8.0321,50.2638],[8.0217,50.2583],[8.0379,50.2491],[8.0574,50.2353],[8.0381,50.2269],[8.0354,50.2157],[8.034,50.2057],[8.0674,50.2198],[8.0732,50.226],[8.0974,50.2345],[8.1196,50.2456],[8.139,50.2434],[8.156,50.2477],[8.1361,50.2627],[8.1431,50.2805]]]},"properties":{"AGS":"06439001","GEN":"Aarbergen","SN_L":"06"}},
{"type":"Feature","geometry":{"type":"Polygon","coordinates":[[[8.1003,50.1383],[8.092,50.1411],[8.0868,50.1544],[8.0979,50.1667],[8.0645,50.1729],[8.0374,50.1685],[8.0351,50.1554],[8.0169,50.1459],[8.0199,50.1307],[7.9904,50.121],[7.9646,50.1182],[7.9602,50.1129],[7.9685,50.1149],[8.0095,50.102],[8.0264,50.0945],[8.0466,50.1095],[8.081,50.1238],[8.0919,50.122],[8.1021,50.1328],[8.1003,50.1383]]]},"properties":{"AGS":"06439002","GEN":"Bad Schwalbach","SN_L":"06"}},
{"type":"Feature","geometry":{"type":"Polygon","coordinates":[[[8.1115,50.0785],[8.1021,50.0762],[8.0755,50.0951],[8.0594,50.0877],[8.0807,50.0768],[8.0722,50.0661],[8.0873,50.0469],[8.1103,50.034],[8.0924,50.0279],[8.0536,50.0511],[8.0441,50.0607],[8.0446,50.081],[8.0156,50.0778],[8.0062,50.066],[8.0153,50.0538],[8.0304,50.054],[8.0432,50.0328],[8.0543,50.0051],[8.0796,50.0069],[8.1114,50.0189],[8.1381,50.0255],[8.1582,50.0299],[8.1272,50.0415],[8.1424,50.0504],[8.1291,50.0585],[8.135,50.0683],[8.1115,50.0785]]]},"properties":{"AGS":"06439003","GEN":"Eltville am Rhein","SN_L":"06"}},
{"type":"Feature","geometry":{"type":"Polygon","coordinates":[[[7.9132,50.0972],[7.9034,50.0883],[7.8834,50.0865],[7.8907,50.0702],[7.9179,50.0563],[7.9158,50.0288],[7.9246,50.0036],[7.9424,49.9929],[7.9469,49.975],[7.9764,49.9804],[7.9853,49.9835],[7.9837,49.9974],[7.992,50.0032],[7.9709,50.0143],[7.964,50.0405],[7.9132,50.0972]]]},"properties":{"AGS":"06439004","GEN":"Geisenheim","SN_L":"06"}},
{"type":"Feature","geometry":{"type":"Polygon","coordinates":[[[7.9992,50.2304],[7.9902,50.2387],[7.9846,50.2269],[7.9531,50.2204],[7.9516,50.2143],[7.9208,50.208],[7.9078,50.2008],[7.9125,50.1955],[7.8831,50.1804],[7.884,50.1696],[7.8989,50.1596],[7.9027,50.1585],[7.9116,50.1523],[7.9138,50.1511],[7.9173,50.1492],[7.9329,50.1439],[7.9229,50.135],[7.9247,50.1155],[7.9301,50.1037],[7.9562,50.1118],[7.9602,50.1129],[7.9646,50.1182],[7.9904,50.121],[8.0199,50.1307],[8.0169,50.1459],[8.0351,50.1554],[8.0374,50.1685],[8.0193,50.1829],[8.035,50.1949],[8.034,50.2057],[8.0354,50.2157],[8.0161,50.2172],[8.0055,50.2291],[7.9992,50.2304]]]},"properties":{"AGS":"06439005","GEN":"Heidenrod","SN_L":"06"}},
{"type":"Feature","geometry":{"type":"Polygon","coordinates":[[[8.139,50.2434],[8.1196,50.2456],[8.0974,50.2345],[8.0732,50.226],[8.0674,50.2198],[8.034,50.2057],[8.035,50.1949],[8.0193,50.1829],[8.0374,50.1685],[8.0645,50.1729],[8.0979,50.1667],[8.0868,50.1544],[8.092,50.1411],[8.1003,50.1383],[8.1227,50.1476],[8.1179,50.1562],[8.145,50.1778],[8.1669,50.1854],[8.1678,50.1963],[8.1589,50.2029],[8.1601,50.2169],[8.1452,50.2196],[8.1385,50.2305],[8.139,50.2434]]]},"properties":{"AGS":"06439006","GEN":"Hohenstein","SN_L":"06"}},
{"type":"Feature","geometry":{"type":"Polygon","coordinates":[[[8.2532,50.2661],[8.2213,50.2916],[8.1986,50.2886],[8.1656,50.2777],[8.1431,50.2805],[8.1361,50.2627],[8.156,50.2477],[8.139,50.2434],[8.1385,50.2305],[8.1452,50.2196],[8.1601,50.2169],[8.1865,50.221],[8.1926,50.2149],[8.1764,50.2033],[8.1892,50.1895],[8.2041,50.1934],[8.205,50.2092],[8.2191,50.2128],[8.2273,50.235],[8.2125,50.2397],[8.2178,50.2481],[8.2309,50.25],[8.2532,50.2661]]]},"properties":{"AGS":"06439007","GEN":"Hünstetten","SN_L":"06"}},
{"type":"Feature","geometry":{"type":"Polygon","coordinates":[[[8.3136,50.2714],[8.2899,50.2785],[8.2532,50.2661],[8.2309,50.25],[8.2178,50.2481],[8.2125,50.2397],[8.2273,50.235],[8.2191,50.2128],[8.205,50.2092],[8.2041,50.1934],[8.2272,50.1914],[8.2373,50.1722],[8.2733,50.1896],[8.2957,50.1961],[8.3158,50.1827],[8.3371,50.1916],[8.3527,50.191],[8.354,50.2015],[8.3603,50.2149],[8.4073,50.2229],[8.3907,50.2396],[8.3784,50.2433],[8.3662,50.2433],[8.3488,50.2325],[8.3429,50.2389],[8.3046,50.2217],[8.2945,50.2357],[8.3028,50.2594],[8.3136,50.2714]]]},"properties":{"AGS":"06439008","GEN":"Idstein","SN_L":"06"}},
{"type":"Feature","geometry":{"type":"Polygon","coordinates":[[[8.0446,50.081],[8.0441,50.0607],[8.0536,50.0511],[8.0924,50.0279],[8.1103,50.034],[8.0873,50.0469],[8.0722,50.0661],[8.0807,50.0768],[8.0594,50.0877],[8.0446,50.081]]]},"properties":{"AGS":"06439009","GEN":"Kiedrich","SN_L":"06"}},
{"type":"Feature","geometry":{"type":"Polygon","coordinates":[[[7.8684,50.1209],[7.854,50.1283],[7.8449,50.1235],[7.8352,50.11],[7.8301,50.0932],[7.8316,50.0818],[7.8035,50.0846],[7.7962,50.0766],[7.774,50.0665],[7.7734,50.0569],[7.7847,50.0484],[7.8087,50.0365],[7.8301,50.0216],[7.8484,50.015],[7.8582,50.0063],[7.8638,50.0149],[7.8408,50.0269],[7.8415,50.0363],[7.8735,50.0447],[7.8552,50.0624],[7.8665,50.0752],[7.8834,50.0865],[7.9034,50.0883],[7.9132,50.0972],[7.9237,50.1028],[7.9007,50.1223],[7.8847,50.1144],[7.8684,50.1209]]]},"properties":{"AGS":"06439010","GEN":"Lorch","SN_L":"06"}},
{"type":"Feature","geometry":{"type":"Polygon","coordinates":[[[8.3371,50.1916],[8.3158,50.1827],[8.2957,50.1961],[8.2733,50.1896],[8.2373,50.1722],[8.2275,50.1636],[8.2421,50.1482],[8.2763,50.1516],[8.2833,50.1473],[8.304,50.1515],[8.3273,50.1457],[8.3609,50.1694],[8.3446,50.1763],[8.352,50.1891],[8.3371,50.1916]]]},"properties":{"AGS":"06439011","GEN":"Niedernhausen","SN_L":"06"}},
{"type":"Feature","geometry":{"type":"Polygon","coordinates":[[[8.0062,50.066],[7.9921,50.0715],[8.0011,50.0806],[7.9694,50.0879],[7.9659,50.1082],[7.9562,50.1118],[7.9301,50.1037],[7.9237,50.1028],[7.9132,50.0972],[7.964,50.0405],[7.9709,50.0143],[7.992,50.0032],[7.9837,49.9974],[7.9853,49.9835],[8.0364,50.0023],[8.0543,50.0051],[8.0432,50.0328],[8.0304,50.054],[8.0153,50.0538],[8.0062,50.066]]]},"properties":{"AGS":"06439012","GEN":"Oestrich-Winkel","SN_L":"06"}},
{"type":"Feature","geometry":{"type":"Polygon","coordinates":[[[7.9469,49.975],[7.9424,49.9929],[7.9246,50.0036],[7.9158,50.0288],[7.9179,50.0563],[7.8907,50.0702],[7.8834,50.0865],[7.8665,50.0752],[7.8552,50.0624],[7.8735,50.0447],[7.8415,50.0363],[7.8408,50.0269],[7.8638,50.0149],[7.8582,50.0063],[7.8644,49.9827],[7.868,49.9787],[7.8873,49.9718],[7.9469,49.975]]]},"properties":{"AGS":"06439013","GEN":"Rüdesheim am Rhein","SN_L":"06"}},
{"type":"Feature","geometry":{"type":"Polygon","coordinates":[[[8.1123,50.0937],[8.1047,50.1051],[8.1114,50.1317],[8.1021,50.1328],[8.0919,50.122],[8.081,50.1238],[8.0466,50.1095],[8.0264,50.0945],[8.0095,50.102],[7.9685,50.1149],[7.9602,50.1129],[7.9562,50.1118],[7.9659,50.1082],[7.9694,50.0879],[8.0011,50.0806],[7.9921,50.0715],[8.0062,50.066],[8.0156,50.0778],[8.0446,50.081],[8.0594,50.0877],[8.0755,50.0951],[8.1021,50.0762],[8.1115,50.0785],[8.1323,50.0814],[8.1304,50.0923],[8.1123,50.0937]]]},"properties":{"AGS":"06439014","GEN":"Schlangenbad","SN_L":"06"}},
{"type":"Feature","geometry":{"type":"Polygon","coordinates":[[[8.2041,50.1934],[8.1892,50.1895],[8.1764,50.2033],[8.1926,50.2149],[8.1865,50.221],[8.1601,50.2169],[8.1589,50.2029],[8.1678,50.1963],[8.1669,50.1854],[8.145,50.1778],[8.1179,50.1562],[8.1227,50.1476],[8.1003,50.1383],[8.1021,50.1328],[8.1114,50.1317],[8.1047,50.1051],[8.1123,50.0937],[8.132,50.1034],[8.16,50.1244],[8.1853,50.1211],[8.2096,50.132],[8.2386,50.1411],[8.2421,50.1482],[8.2275,50.1636],[8.2373,50.1722],[8.2272,50.1914],[8.2041,50.1934]]]},"properties":{"AGS":"06439015","GEN":"Taunusstein","SN_L":"06"}},
{"type":"Feature","geometry":{"type":"Polygon","coordinates":[[[8.3954,50.2747],[8.3715,50.2958],[8.3546,50.2942],[8.3454,50.284],[8.3284,50.2839],[8.3136,50.2714],[8.3028,50.2594],[8.2945,50.2357],[8.3046,50.2217],[8.3429,50.2389],[8.3488,50.2325],[8.3662,50.2433],[8.3784,50.2433],[8.4065,50.251],[8.4108,50.2589],[8.4085,50.2685],[8.3954,50.2747]]]},"properties":{"AGS":"06439016","GEN":"Waldems","SN_L":"06"}},
{"type":"Feature","geometry":{"type":"Polygon","coordinates":[[[8.1751,50.0343],[8.1597,50.0531],[8.135,50.0683],[8.1291,50.0585],[8.1424,50.0504],[8.1272,50.0415],[8.1582,50.0299],[8.1751,50.0343]]]},"properties":{"AGS":"06439017","GEN":"Walluf","SN_L":"06"}},
{"type":"Feature","geometry":{"type":"Polygon","coordinates":[[[9.007,50.302],[8.9897,50.3108],[8.9684,50.3154],[8.9525,50.314],[8.9219,50.2992],[8.9097,50.3046],[8.901,50.2896],[8.9008,50.2759],[8.9114,50.2766],[8.9267,50.2634],[8.9433,50.266],[8.9627,50.2532],[8.9667,50.2627],[8.9888,50.2797],[9.0074,50.2855],[9.007,50.302]]]},"properties":{"AGS":"06440001","GEN":"Altenstadt","SN_L":"06"}},
{"type":"Feature","geometry":{"type":"Polygon","coordinates":[[[8.7678,50.4077],[8.7402,50.4073],[8.7193,50.4029],[8.7112,50.3871],[8.714,50.3488],[8.7536,50.3459],[8.7686,50.3421],[8.7786,50.3561],[8.7945,50.3638],[8.777,50.3975],[8.7678,50.4077]]]},"properties":{"AGS":"06440002","GEN":"Bad Nauheim","SN_L":"06"}},
{"type":"Feature","geometry":{"type":"Polygon","coordinates":[[[8.7895,50.1947],[8.7828,50.2056],[8.7657,50.2206],[8.7483,50.2231],[8.7311,50.2177],[8.7318,50.2065],[8.7056,50.1919],[8.7092,50.176],[8.7227,50.1638],[8.7387,50.1626],[8.7787,50.1802],[8.7899,50.176],[8.7895,50.1947]]]},"properties":{"AGS":"06440003","GEN":"Bad Vilbel","SN_L":"06"}},
{"type":"Feature","geometry":{"type":"Polygon","coordinates":[[[9.228,50.333],[9.1948,50.3439],[9.1636,50.3398],[9.1457,50.3338],[9.1094,50.343],[9.0922,50.3331],[9.0753,50.3342],[9.0565,50.3166],[9.0374,50.316],[9.0075,50.3078],[9.007,50.302],[9.0074,50.2855],[9.0168,50.2801],[9.019,50.2618],[9,50.249],[9.0258,50.2321],[9.0397,50.2481],[9.0693,50.2436],[9.0925,50.2447],[9.1211,50.251],[9.15,50.2477],[9.1638,50.2551],[9.1598,50.2645],[9.1831,50.2826],[9.1928,50.2799],[9.2061,50.2914],[9.2164,50.3086],[9.2056,50.3186],[9.228,50.333]]]},"properties":{"AGS":"06440004","GEN":"Büdingen","SN_L":"06"}},
{"type":"Feature","geometry":{"type":"Polygon","coordinates":[[[8.6854,50.4831],[8.649,50.4833],[8.6323,50.4767],[8.6267,50.4647],[8.6126,50.4658],[8.6023,50.4577],[8.5745,50.4454],[8.6022,50.4315],[8.5972,50.4179],[8.5775,50.415],[8.539,50.4167],[8.5141,50.3994],[8.5157,50.3982],[8.5352,50.3921],[8.5451,50.3695],[8.5615,50.3758],[8.5998,50.369],[8.61,50.3727],[8.6399,50.3756],[8.657,50.3744],[8.6864,50.3961],[8.7167,50.4074],[8.709,50.4291],[8.7371,50.4425],[8.7219,50.4521],[8.6667,50.4592],[8.6854,50.4831]]]},"properties":{"AGS":"06440005","GEN":"Butzbach","SN_L":"06"}},
{"type":"Feature","geometry":{"type":"Polygon","coordinates":[[[8.9458,50.3867],[8.9523,50.3937],[8.95,50.4069],[8.9573,50.4158],[8.9241,50.411],[8.9196,50.4196],[8.9004,50.4199],[8.9007,50.4104],[8.8546,50.4099],[8.8409,50.4041],[8.844,50.3853],[8.8389,50.3774],[8.8474,50.3705],[8.8744,50.3703],[8.8948,50.356],[8.9228,50.372],[8.9349,50.3725],[8.9458,50.3867]]]},"properties":{"AGS":"06440006","GEN":"Echzell","SN_L":"06"}},
{"type":"Feature","geometry":{"type":"Polygon","coordinates":[[[8.9252,50.3456],[8.8908,50.3534],[8.8848,50.3329],[8.8561,50.3355],[8.8428,50.3289],[8.8186,50.3302],[8.8171,50.3229],[8.8348,50.3142],[8.8735,50.3027],[8.901,50.2896],[8.9097,50.3046],[8.9219,50.2992],[8.9525,50.314],[8.9684,50.3154],[8.982,50.3318],[8.9612,50.3306],[8.9553,50.3411],[8.9386,50.3469],[8.9252,50.3456]]]},"properties":{"AGS":"06440007","GEN":"Florstadt","SN_L":"06"}},
{"type":"Feature","geometry":{"type":"Polygon","coordinates":[[[8.7994,50.3659],[8.7945,50.3638],[8.7786,50.3561],[8.7686,50.3421],[8.7536,50.3459],[8.714,50.3488],[8.65,50.3243],[8.6395,50.3163],[8.666,50.3182],[8.7411,50.3064],[8.7638,50.3083],[8.7699,50.294],[8.7879,50.2898],[8.8003,50.2959],[8.8059,50.3134],[8.8171,50.3229],[8.8186,50.3302],[8.818,50.3529],[8.802,50.3574],[8.7994,50.3659]]]},"properties":{"AGS":"06440008","GEN":"Friedberg (Hessen)","SN_L":"06"}},
{"type":"Feature","geometry":{"type":"Polygon","coordinates":[[[9.2867,50.4373],[9.2655,50.4448],[9.252,50.4624],[9.2277,50.4592],[9.1903,50.4438],[9.1725,50.445],[9.1517,50.4345],[9.1437,50.4247],[9.1337,50.4041],[9.1586,50.4104],[9.1738,50.3926],[9.1552,50.391],[9.1645,50.3667],[9.1859,50.3673],[9.1952,50.3621],[9.2198,50.3667],[9.2309,50.3726],[9.2517,50.3749],[9.2663,50.4108],[9.2904,50.4218],[9.2867,50.4373]]]},"properties":{"AGS":"06440009","GEN":"Gedern","SN_L":"06"}},
{"type":"Feature","geometry":{"type":"Polygon","coordinates":[[[9.0374,50.316],[9.0361,50.3255],[9.0161,50.3381],[9.0073,50.3344],[8.9874,50.3421],[8.982,50.3318],[8.9684,50.3154],[8.9897,50.3108],[9.007,50.302],[9.0075,50.3078],[9.0374,50.316]]]},"properties":{"AGS":"06440010","GEN":"Glauburg","SN_L":"06"}},
{"type":"Feature","geometry":{"type":"Polygon","coordinates":[[[9.1437,50.4247],[9.1473,50.4357],[9.1043,50.4361],[9.0944,50.4273],[9.1263,50.4245],[9.1173,50.4085],[9.119,50.398],[9.1107,50.3893],[9.117,50.3794],[9.1552,50.391],[9.1738,50.3926],[9.1586,50.4104],[9.1337,50.4041],[9.1437,50.4247]]]},"properties":{"AGS":"06440011","GEN":"Hirzenhain","SN_L":"06"}},
{"type":"Feature","geometry":{"type":"Polygon","coordinates":[[[8.8102,50.2373],[8.8172,50.2422],[8.8269,50.2616],[8.792,50.2638],[8.782,50.2679],[8.767,50.2559],[8.757,50.2635],[8.7437,50.2632],[8.7331,50.2507],[8.7055,50.2559],[8.6883,50.2367],[8.7114,50.2263],[8.7311,50.2177],[8.7483,50.2231],[8.7657,50.2206],[8.7828,50.2056],[8.7895,50.1947],[8.8138,50.1963],[8.8221,50.2055],[8.8102,50.2373]]]},"properties":{"AGS":"06440012","GEN":"Karben","SN_L":"06"}},
{"type":"Feature","geometry":{"type":"Polygon","coordinates":[[[9.2517,50.3749],[9.2309,50.3726],[9.2198,50.3667],[9.1952,50.3621],[9.1859,50.3673],[9.1645,50.3667],[9.1454,50.3469],[9.1335,50.3431],[9.1094,50.343],[9.1457,50.3338],[9.1636,50.3398],[9.1948,50.3439],[9.228,50.333],[9.2406,50.3299],[9.2694,50.3328],[9.254,50.343],[9.2588,50.3561],[9.2728,50.3717],[9.2517,50.3749]]]},"properties":{"AGS":"06440013","GEN":"Kefenrod","SN_L":"06"}},
{"type":"Feature","geometry":{"type":"Polygon","coordinates":[[[9,50.249],[9.019,50.2618],[9.0168,50.2801],[9.0074,50.2855],[8.9888,50.2797],[8.9667,50.2627],[8.9627,50.2532],[8.9571,50.2474],[8.974,50.2437],[9,50.249]]]},"properties":{"AGS":"06440014","GEN":"Limeshain","SN_L":"06"}},
{"type":"Feature","geometry":{"type":"Polygon","coordinates":[[[8.7396,50.4785],[8.7121,50.4747],[8.6874,50.4856],[8.6854,50.4831],[8.6667,50.4592],[8.7219,50.4521],[8.7371,50.4425],[8.7636,50.4348],[8.7867,50.4331],[8.7992,50.4424],[8.7952,50.4524],[8.8058,50.4582],[8.7824,50.4786],[8.7682,50.4706],[8.7556,50.4708],[8.7396,50.4785]]]},"properties":{"AGS":"06440015","GEN":"Münzenberg","SN_L":"06"}},
{"type":"Feature","geometry":{"type":"Polygon","coordinates":[[[9.1043,50.4361],[9.0944,50.4574],[9.0703,50.4563],[9.0587,50.4712],[9.061,50.4843],[9.0772,50.4954],[9.0577,50.5],[9.0424,50.498],[9.0059,50.4895],[9.0023,50.4949],[8.9832,50.4889],[8.9875,50.4795],[8.9802,50.4708],[8.9889,50.4641],[8.9878,50.4539],[8.9638,50.4498],[8.9635,50.4404],[8.947,50.4328],[8.9071,50.4381],[8.9004,50.4271],[8.9004,50.4199],[8.9196,50.4196],[8.9241,50.411],[8.9573,50.4158],[8.95,50.4069],[8.9523,50.3937],[8.9458,50.3867],[8.9798,50.3788],[9.0055,50.3882],[9.0251,50.3782],[9.0442,50.3887],[9.0603,50.3869],[9.0881,50.385],[9.119,50.398],[9.1173,50.4085],[9.1263,50.4245],[9.0944,50.4273],[9.1043,50.4361]]]},"properties":{"AGS":"06440016","GEN":"Nidda","SN_L":"06"}},
{"type":"Feature","geometry":{"type":"Polygon","coordinates":[[[8.901,50.2896],[8.8735,50.3027],[8.8348,50.3142],[8.8171,50.3229],[8.8059,50.3134],[8.8003,50.2959],[8.7879,50.2898],[8.778,50.2804],[8.782,50.2679],[8.792,50.2638],[8.8269,50.2616],[8.8172,50.2422],[8.8102,50.2373],[8.8287,50.235],[8.8556,50.2509],[8.8465,50.2747],[8.8677,50.2811],[8.8862,50.2725],[8.9008,50.2759],[8.901,50.2896]]]},"properties":{"AGS":"06440017","GEN":"Niddatal","SN_L":"06"}},
{"type":"Feature","geometry":{"type":"Polygon","coordinates":[[[8.714,50.3488],[8.7112,50.3871],[8.7193,50.4029],[8.7167,50.4074],[8.6864,50.3961],[8.657,50.3744],[8.6399,50.3756],[8.61,50.3727],[8.6049,50.3545],[8.6198,50.3508],[8.6357,50.3313],[8.65,50.3243],[8.714,50.3488]]]},"properties":{"AGS":"06440018","GEN":"Ober-Mörlen","SN_L":"06"}},
{"type":"Feature","geometry":{"type":"Polygon","coordinates":[[[9.1552,50.391],[9.117,50.3794],[9.1107,50.3893],[9.119,50.398],[9.0881,50.385],[9.0603,50.3869],[9.0517,50.3772],[9.0522,50.3649],[9.0242,50.3601],[9.0023,50.3531],[8.9874,50.3421],[9.0073,50.3344],[9.0161,50.3381],[9.0361,50.3255],[9.0374,50.316],[9.0565,50.3166],[9.0753,50.3342],[9.0922,50.3331],[9.1094,50.343],[9.1335,50.3431],[9.1454,50.3469],[9.1645,50.3667],[9.1552,50.391]]]},"properties":{"AGS":"06440019","GEN":"Ortenberg","SN_L":"06"}},
{"type":"Feature","geometry":{"type":"Polygon","coordinates":[[[9.0603,50.3869],[9.0442,50.3887],[9.0251,50.3782],[9.0055,50.3882],[8.9798,50.3788],[8.9458,50.3867],[8.9349,50.3725],[8.9252,50.3456],[8.9386,50.3469],[8.9553,50.3411],[8.9612,50.3306],[8.982,50.3318],[8.9874,50.3421],[9.0023,50.3531],[9.0242,50.3601],[9.0522,50.3649],[9.0517,50.3772],[9.0603,50.3869]]]},"properties":{"AGS":"06440020","GEN":"Ranstadt","SN_L":"06"}},
{"type":"Feature","geometry":{"type":"Polygon","coordinates":[[[8.9349,50.3725],[8.9228,50.372],[8.8948,50.356],[8.8744,50.3703],[8.8474,50.3705],[8.8389,50.3774],[8.7994,50.3659],[8.802,50.3574],[8.818,50.3529],[8.8186,50.3302],[8.8428,50.3289],[8.8561,50.3355],[8.8848,50.3329],[8.8908,50.3534],[8.9252,50.3456],[8.9349,50.3725]]]},"properties":{"AGS":"06440021","GEN":"Reichelsheim (Wetterau)","SN_L":"06"}},
{"type":"Feature","geometry":{"type":"Polygon","coordinates":[[[8.7371,50.4425],[8.709,50.4291],[8.7167,50.4074],[8.7193,50.4029],[8.7402,50.4073],[8.7678,50.4077],[8.7912,50.4207],[8.7867,50.4331],[8.7636,50.4348],[8.7371,50.4425]]]},"properties":{"AGS":"06440022","GEN":"Rockenberg","SN_L":"06"}},
{"type":"Feature","geometry":{"type":"Polygon","coordinates":[[[8.7411,50.3064],[8.666,50.3182],[8.6395,50.3163],[8.6161,50.2966],[8.5923,50.2904],[8.6577,50.281],[8.6607,50.2677],[8.6902,50.2532],[8.6842,50.2382],[8.6883,50.2367],[8.7055,50.2559],[8.7331,50.2507],[8.7437,50.2632],[8.7296,50.2844],[8.7411,50.3064]]]},"properties":{"AGS":"06440023","GEN":"Rosbach v.d.Höhe","SN_L":"06"}},
{"type":"Feature","geometry":{"type":"Polygon","coordinates":[[[8.9004,50.4271],[8.8872,50.4277],[8.8623,50.4466],[8.8528,50.4321],[8.8114,50.436],[8.7992,50.4424],[8.7867,50.4331],[8.7912,50.4207],[8.7678,50.4077],[8.777,50.3975],[8.7945,50.3638],[8.7994,50.3659],[8.8389,50.3774],[8.844,50.3853],[8.8409,50.4041],[8.8546,50.4099],[8.9007,50.4104],[8.9004,50.4199],[8.9004,50.4271]]]},"properties":{"AGS":"06440024","GEN":"Wölfersheim","SN_L":"06"}},
{"type":"Feature","geometry":{"type":"Polygon","coordinates":[[[8.7879,50.2898],[8.7699,50.294],[8.7638,50.3083],[8.7411,50.3064],[8.7296,50.2844],[8.7437,50.2632],[8.757,50.2635],[8.767,50.2559],[8.782,50.2679],[8.778,50.2804],[8.7879,50.2898]]]},"properties":{"AGS":"06440025","GEN":"Wöllstadt","SN_L":"06"}},
{"type":"Feature","geometry":{"type":"Polygon","coordinates":[[[8.8646,50.6959],[8.8565,50.7038],[8.8405,50.7078],[8.8042,50.7008],[8.7806,50.6884],[8.8027,50.6683],[8.8089,50.6471],[8.8279,50.6483],[8.8435,50.667],[8.8366,50.6756],[8.8549,50.6848],[8.8646,50.6959]]]},"properties":{"AGS":"06531001","GEN":"Allendorf (Lumda)","SN_L":"06"}},
{"type":"Feature","geometry":{"type":"Polygon","coordinates":[[[8.619,50.6738],[8.5996,50.6768],[8.5732,50.6993],[8.5676,50.6931],[8.5525,50.684],[8.5481,50.6642],[8.5273,50.6506],[8.5191,50.6303],[8.5356,50.6206],[8.5471,50.6199],[8.565,50.6163],[8.5851,50.6051],[8.6272,50.6044],[8.6236,50.6221],[8.6065,50.6461],[8.5979,50.653],[8.619,50.6738]]]},"properties":{"AGS":"06531002","GEN":"Biebertal","SN_L":"06"}},
{"type":"Feature","geometry":{"type":"Polygon","coordinates":[[[8.8279,50.6483],[8.8089,50.6471],[8.7985,50.6467],[8.7721,50.635],[8.7592,50.6411],[8.737,50.6401],[8.7332,50.6332],[8.7358,50.6057],[8.7632,50.6086],[8.7622,50.5933],[8.7842,50.5885],[8.7885,50.5702],[8.8047,50.573],[8.8146,50.5882],[8.8056,50.5926],[8.8322,50.618],[8.8616,50.6314],[8.8367,50.6372],[8.8279,50.6483]]]},"properties":{"AGS":"06531003","GEN":"Buseck","SN_L":"06"}},
{"type":"Feature","geometry":{"type":"Polygon","coordinates":[[[8.8047,50.573],[8.7885,50.5702],[8.7842,50.5885],[8.7622,50.5933],[8.7444,50.5815],[8.7511,50.57],[8.7424,50.5565],[8.7682,50.545],[8.7645,50.537],[8.7864,50.5323],[8.8239,50.5578],[8.8047,50.573]]]},"properties":{"AGS":"06531004","GEN":"Fernwald","SN_L":"06"}},
{"type":"Feature","geometry":{"type":"Polygon","coordinates":[[[8.7283,50.6338],[8.6885,50.6351],[8.6857,50.6203],[8.6781,50.6133],[8.6371,50.5951],[8.6435,50.5768],[8.6178,50.5668],[8.6007,50.5499],[8.5767,50.5399],[8.5565,50.5358],[8.5899,50.5271],[8.6161,50.5254],[8.6449,50.5533],[8.6757,50.5643],[8.692,50.5452],[8.7043,50.544],[8.7304,50.5449],[8.7424,50.5565],[8.7511,50.57],[8.7444,50.5815],[8.7622,50.5933],[8.7632,50.6086],[8.7358,50.6057],[8.7332,50.6332],[8.7283,50.6338]]]},"properties":{"AGS":"06531005","GEN":"Gießen","SN_L":"06"}},
{"type":"Feature","geometry":{"type":"Polygon","coordinates":[[[8.9551,50.6903],[8.9468,50.6782],[8.9268,50.6689],[8.9346,50.6616],[8.9243,50.6524],[8.9093,50.6489],[8.8972,50.6343],[8.8882,50.6383],[8.868,50.6317],[8.9009,50.6078],[8.9055,50.5911],[8.8497,50.581],[8.8927,50.5679],[8.9069,50.5704],[8.9248,50.5618],[8.9482,50.5634],[8.9762,50.5812],[9.0074,50.5688],[8.993,50.5598],[9.0147,50.5555],[9.0246,50.5599],[9.0234,50.5734],[9.0695,50.5749],[9.0592,50.5944],[9.0401,50.6016],[9.0025,50.602],[9.0098,50.6115],[9.0059,50.6242],[8.962,50.6322],[8.9582,50.6413],[8.9438,50.6485],[8.9716,50.6609],[8.9712,50.6777],[8.9551,50.6903]]]},"properties":{"AGS":"06531006","GEN":"Grünberg","SN_L":"06"}},
{"type":"Feature","geometry":{"type":"Polygon","coordinates":[[[8.6272,50.6044],[8.5851,50.6051],[8.6078,50.5813],[8.6057,50.5714],[8.6178,50.5668],[8.6435,50.5768],[8.6371,50.5951],[8.6272,50.6044]]]},"properties":{"AGS":"06531007","GEN":"Heuchelheim a.d.Lahn","SN_L":"06"}},
{"type":"Feature","geometry":{"type":"Polygon","coordinates":[[[9.0023,50.4949],[8.9911,50.5037],[8.9677,50.5032],[8.9378,50.5113],[8.9164,50.5256],[8.8902,50.5232],[8.8953,50.5033],[8.8564,50.4819],[8.8594,50.473],[8.8241,50.4685],[8.8058,50.4582],[8.7952,50.4524],[8.7992,50.4424],[8.8114,50.436],[8.8528,50.4321],[8.8623,50.4466],[8.8872,50.4277],[8.9004,50.4271],[8.9071,50.4381],[8.947,50.4328],[8.9635,50.4404],[8.9638,50.4498],[8.9878,50.4539],[8.9889,50.4641],[8.9802,50.4708],[8.9875,50.4795],[8.9832,50.4889],[9.0023,50.4949]]]},"properties":{"AGS":"06531008","GEN":"Hungen","SN_L":"06"}},
{"type":"Feature","geometry":{"type":"Polygon","coordinates":[[[8.7029,50.5048],[8.6784,50.5042],[8.6642,50.5156],[8.6508,50.5151],[8.6319,50.4998],[8.596,50.5022],[8.5735,50.4926],[8.5477,50.469],[8.5449,50.4685],[8.5295,50.4667],[8.5449,50.434],[8.5579,50.4223],[8.5775,50.415],[8.5972,50.4179],[8.6022,50.4315],[8.5745,50.4454],[8.6023,50.4577],[8.6126,50.4658],[8.6267,50.4647],[8.6323,50.4767],[8.649,50.4833],[8.6854,50.4831],[8.6874,50.4856],[8.7029,50.5048]]]},"properties":{"AGS":"06531009","GEN":"Langgöns","SN_L":"06"}},
{"type":"Feature","geometry":{"type":"Polygon","coordinates":[[[9.0695,50.5749],[9.0234,50.5734],[9.0246,50.5599],[9.0147,50.5555],[8.993,50.5598],[9.0074,50.5688],[8.9762,50.5812],[8.9482,50.5634],[8.9248,50.5618],[8.9081,50.5508],[8.9268,50.5428],[8.9132,50.5313],[8.9164,50.5256],[8.9378,50.5113],[8.9677,50.5032],[8.9911,50.5037],[9.0023,50.4949],[9.0059,50.4895],[9.0424,50.498],[9.0748,50.5172],[9.0937,50.517],[9.1139,50.5397],[9.1302,50.5491],[9.1341,50.5539],[9.119,50.5648],[9.105,50.5675],[9.0774,50.5663],[9.0695,50.5749]]]},"properties":{"AGS":"06531010","GEN":"Laubach","SN_L":"06"}},
{"type":"Feature","geometry":{"type":"Polygon","coordinates":[[[8.8239,50.5578],[8.7864,50.5323],[8.7725,50.5238],[8.7682,50.495],[8.7445,50.4929],[8.7396,50.4785],[8.7556,50.4708],[8.7682,50.4706],[8.7824,50.4786],[8.8058,50.4582],[8.8241,50.4685],[8.8594,50.473],[8.8564,50.4819],[8.8953,50.5033],[8.8902,50.5232],[8.9164,50.5256],[8.9132,50.5313],[8.9268,50.5428],[8.9081,50.5508],[8.8807,50.5477],[8.8599,50.5548],[8.8461,50.5515],[8.8239,50.5578]]]},"properties":{"AGS":"06531011","GEN":"Lich","SN_L":"06"}},
{"type":"Feature","geometry":{"type":"Polygon","coordinates":[[[8.7043,50.544],[8.692,50.5452],[8.6757,50.5643],[8.6449,50.5533],[8.6161,50.5254],[8.6475,50.5204],[8.6508,50.5151],[8.6642,50.5156],[8.6784,50.5042],[8.7029,50.5048],[8.6947,50.5362],[8.7043,50.544]]]},"properties":{"AGS":"06531012","GEN":"Linden","SN_L":"06"}},
{"type":"Feature","geometry":{"type":"Polygon","coordinates":[[[8.7311,50.6815],[8.7051,50.6835],[8.6741,50.6922],[8.6702,50.6993],[8.6503,50.7034],[8.6486,50.6991],[8.6612,50.693],[8.6688,50.6799],[8.6574,50.6695],[8.6887,50.6587],[8.6885,50.6351],[8.7283,50.6338],[8.7292,50.6493],[8.7221,50.6524],[8.7311,50.6815]]]},"properties":{"AGS":"06531013","GEN":"Lollar","SN_L":"06"}},
{"type":"Feature","geometry":{"type":"Polygon","coordinates":[[[8.7864,50.5323],[8.7645,50.537],[8.7682,50.545],[8.7424,50.5565],[8.7304,50.5449],[8.7043,50.544],[8.6947,50.5362],[8.7029,50.5048],[8.6874,50.4856],[8.7121,50.4747],[8.7396,50.4785],[8.7445,50.4929],[8.7682,50.495],[8.7725,50.5238],[8.7864,50.5323]]]},"properties":{"AGS":"06531014","GEN":"Pohlheim","SN_L":"06"}},
{"type":"Feature","geometry":{"type":"Polygon","coordinates":[[[8.9551,50.6903],[8.9392,50.7058],[8.9184,50.7056],[8.9152,50.6961],[8.8969,50.6886],[8.8646,50.6959],[8.8549,50.6848],[8.8366,50.6756],[8.8435,50.667],[8.8279,50.6483],[8.8367,50.6372],[8.8616,50.6314],[8.868,50.6317],[8.8882,50.6383],[8.8972,50.6343],[8.9093,50.6489],[8.9243,50.6524],[8.9346,50.6616],[8.9268,50.6689],[8.9468,50.6782],[8.9551,50.6903]]]},"properties":{"AGS":"06531015","GEN":"Rabenau","SN_L":"06"}},
{"type":"Feature","geometry":{"type":"Polygon","coordinates":[[[8.9248,50.5618],[8.9069,50.5704],[8.8927,50.5679],[8.8497,50.581],[8.9055,50.5911],[8.9009,50.6078],[8.868,50.6317],[8.8616,50.6314],[8.8322,50.618],[8.8056,50.5926],[8.8146,50.5882],[8.8047,50.573],[8.8239,50.5578],[8.8461,50.5515],[8.8599,50.5548],[8.8807,50.5477],[8.9081,50.5508],[8.9248,50.5618]]]},"properties":{"AGS":"06531016","GEN":"Reiskirchen","SN_L":"06"}},
{"type":"Feature","geometry":{"type":"Polygon","coordinates":[[[8.7806,50.6884],[8.7661,50.6965],[8.7311,50.6815],[8.7221,50.6524],[8.7292,50.6493],[8.7283,50.6338],[8.7332,50.6332],[8.737,50.6401],[8.7592,50.6411],[8.7721,50.635],[8.7985,50.6467],[8.8089,50.6471],[8.8027,50.6683],[8.7806,50.6884]]]},"properties":{"AGS":"06531017","GEN":"Staufenberg","SN_L":"06"}},
{"type":"Feature","geometry":{"type":"Polygon","coordinates":[[[8.6885,50.6351],[8.6887,50.6587],[8.6574,50.6695],[8.6688,50.6799],[8.6612,50.693],[8.6486,50.6991],[8.6263,50.6859],[8.619,50.6738],[8.5979,50.653],[8.6065,50.6461],[8.6236,50.6221],[8.6272,50.6044],[8.6371,50.5951],[8.6781,50.6133],[8.6857,50.6203],[8.6885,50.6351]]]},"properties":{"AGS":"06531018","GEN":"Wettenberg","SN_L":"06"}},
{"type":"Feature","geometry":{"type":"Polygon","coordinates":[[[8.4409,50.6659],[8.4216,50.6627],[8.4324,50.6537],[8.4344,50.6282],[8.3941,50.6171],[8.4014,50.6035],[8.3957,50.5969],[8.4035,50.5852],[8.3897,50.5809],[8.4105,50.5734],[8.4311,50.5744],[8.4378,50.5794],[8.4566,50.5753],[8.47,50.5766],[8.4798,50.585],[8.4846,50.6151],[8.4772,50.6161],[8.4773,50.6334],[8.4749,50.6546],[8.4544,50.6663],[8.4409,50.6659]]]},"properties":{"AGS":"06532001","GEN":"Aßlar","SN_L":"06"}},
{"type":"Feature","geometry":{"type":"Polygon","coordinates":[[[8.5105,50.737],[8.4984,50.738],[8.4721,50.7249],[8.455,50.722],[8.4438,50.7317],[8.4463,50.7439],[8.4305,50.7241],[8.4358,50.7132],[8.4372,50.7001],[8.4575,50.6958],[8.498,50.7002],[8.5046,50.6879],[8.5498,50.6931],[8.5676,50.6931],[8.5732,50.6993],[8.5516,50.7076],[8.5404,50.7242],[8.5477,50.7368],[8.53,50.7299],[8.5105,50.737]]]},"properties":{"AGS":"06532002","GEN":"Bischoffen","SN_L":"06"}},
{"type":"Feature","geometry":{"type":"Polygon","coordinates":[[[8.3769,50.537],[8.3502,50.5315],[8.3419,50.5416],[8.3276,50.542],[8.3123,50.5184],[8.3234,50.5148],[8.3342,50.5104],[8.3572,50.5093],[8.3575,50.494],[8.3719,50.4751],[8.393,50.4569],[8.4146,50.4564],[8.4256,50.4717],[8.4365,50.4664],[8.4447,50.4675],[8.4435,50.4776],[8.451,50.4942],[8.4337,50.5164],[8.4162,50.5085],[8.4032,50.522],[8.3769,50.537]]]},"properties":{"AGS":"06532003","GEN":"Braunfels","SN_L":"06"}},
{"type":"Feature","geometry":{"type":"Polygon","coordinates":[[[8.2554,50.7082],[8.2364,50.7077],[8.2072,50.7122],[8.1732,50.6959],[8.1426,50.6954],[8.1313,50.6969],[8.1258,50.6858],[8.1203,50.6777],[8.1427,50.6664],[8.1574,50.6676],[8.1685,50.6553],[8.1935,50.6543],[8.1924,50.6744],[8.2247,50.6815],[8.2343,50.6805],[8.2494,50.6891],[8.2455,50.7051],[8.2554,50.7082]]]},"properties":{"AGS":"06532004","GEN":"Breitscheid","SN_L":"06"}},
{"type":"Feature","geometry":{"type":"Polygon","coordinates":[[[8.3555,50.862],[8.3367,50.8657],[8.3055,50.8611],[8.2843,50.8823],[8.2697,50.8819],[8.2331,50.8553],[8.2313,50.8506],[8.2639,50.8325],[8.273,50.8328],[8.2996,50.8143],[8.3431,50.826],[8.3557,50.8546],[8.3555,50.862]]]},"properties":{"AGS":"06532005","GEN":"Dietzhölztal","SN_L":"06"}},
{"type":"Feature","geometry":{"type":"Polygon","coordinates":[[[8.2921,50.8041],[8.2366,50.7731],[8.2629,50.7545],[8.2605,50.7386],[8.206,50.7257],[8.2072,50.7122],[8.2364,50.7077],[8.2554,50.7082],[8.2852,50.7055],[8.3095,50.7075],[8.3236,50.7181],[8.3496,50.7245],[8.3691,50.7193],[8.3924,50.7456],[8.3816,50.7602],[8.3919,50.7684],[8.3877,50.7761],[8.365,50.7906],[8.3461,50.7908],[8.3322,50.7795],[8.3204,50.7788],[8.2921,50.8041]]]},"properties":{"AGS":"06532006","GEN":"Dillenburg","SN_L":"06"}},
{"type":"Feature","geometry":{"type":"Polygon","coordinates":[[[8.1935,50.6543],[8.1685,50.6553],[8.1574,50.6676],[8.1427,50.6664],[8.1203,50.6777],[8.1126,50.6756],[8.1127,50.6541],[8.1156,50.6519],[8.121,50.6481],[8.1403,50.6317],[8.1377,50.6182],[8.128,50.6077],[8.1516,50.5994],[8.1622,50.5985],[8.2064,50.607],[8.209,50.6182],[8.2239,50.6276],[8.2565,50.6318],[8.239,50.6368],[8.2337,50.6589],[8.209,50.6532],[8.1935,50.6543]]]},"properties":{"AGS":"06532007","GEN":"Driedorf","SN_L":"06"}},
{"type":"Feature","geometry":{"type":"Polygon","coordinates":[[[8.4216,50.6627],[8.4133,50.6657],[8.3762,50.6575],[8.3747,50.6541],[8.3785,50.6433],[8.3611,50.6373],[8.3375,50.6379],[8.3278,50.6228],[8.3109,50.607],[8.3185,50.5911],[8.353,50.5924],[8.3626,50.5832],[8.378,50.5816],[8.3897,50.5809],[8.4035,50.5852],[8.3957,50.5969],[8.4014,50.6035],[8.3941,50.6171],[8.4344,50.6282],[8.4324,50.6537],[8.4216,50.6627]]]},"properties":{"AGS":"06532008","GEN":"Ehringshausen","SN_L":"06"}},
{"type":"Feature","geometry":{"type":"Polygon","coordinates":[[[8.4037,50.8418],[8.3843,50.8538],[8.3557,50.8546],[8.3431,50.826],[8.2996,50.8143],[8.2921,50.8041],[8.3204,50.7788],[8.3322,50.7795],[8.3461,50.7908],[8.365,50.7906],[8.3877,50.7761],[8.4236,50.776],[8.4317,50.7916],[8.4003,50.7933],[8.396,50.8139],[8.3954,50.8317],[8.4037,50.8418]]]},"properties":{"AGS":"06532009","GEN":"Eschenburg","SN_L":"06"}},
{"type":"Feature","geometry":{"type":"Polygon","coordinates":[[[8.2565,50.6318],[8.2239,50.6276],[8.209,50.6182],[8.2064,50.607],[8.1622,50.5985],[8.1516,50.5994],[8.1643,50.5769],[8.1866,50.5734],[8.2064,50.5637],[8.2136,50.5762],[8.2275,50.5857],[8.2383,50.5783],[8.258,50.5742],[8.262,50.5605],[8.2873,50.5534],[8.3127,50.5665],[8.3223,50.5773],[8.34,50.576],[8.3626,50.5832],[8.353,50.5924],[8.3185,50.5911],[8.3109,50.607],[8.3278,50.6228],[8.3017,50.6298],[8.2711,50.628],[8.2565,50.6318]]]},"properties":{"AGS":"06532010","GEN":"Greifenstein","SN_L":"06"}},
{"type":"Feature","geometry":{"type":"Polygon","coordinates":[[[8.2996,50.8143],[8.273,50.8328],[8.2639,50.8325],[8.2313,50.8506],[8.1984,50.8339],[8.1889,50.8292],[8.1658,50.8035],[8.1292,50.7891],[8.1356,50.7672],[8.1518,50.7599],[8.1668,50.7357],[8.1509,50.7133],[8.1426,50.6954],[8.1732,50.6959],[8.2072,50.7122],[8.206,50.7257],[8.2605,50.7386],[8.2629,50.7545],[8.2366,50.7731],[8.2921,50.8041],[8.2996,50.8143]]]},"properties":{"AGS":"06532011","GEN":"Haiger","SN_L":"06"}},
{"type":"Feature","geometry":{"type":"Polygon","coordinates":[[[8.3691,50.7193],[8.3496,50.7245],[8.3236,50.7181],[8.3095,50.7075],[8.2852,50.7055],[8.2554,50.7082],[8.2455,50.7051],[8.2494,50.6891],[8.2343,50.6805],[8.2247,50.6815],[8.1924,50.6744],[8.1935,50.6543],[8.209,50.6532],[8.2337,50.6589],[8.239,50.6368],[8.2565,50.6318],[8.2711,50.628],[8.2797,50.6433],[8.306,50.6551],[8.3312,50.6615],[8.3408,50.6713],[8.3332,50.679],[8.3637,50.6958],[8.3757,50.7183],[8.3691,50.7193]]]},"properties":{"AGS":"06532012","GEN":"Herborn","SN_L":"06"}},
{"type":"Feature","geometry":{"type":"Polygon","coordinates":[[[8.5676,50.6931],[8.5498,50.6931],[8.5046,50.6879],[8.498,50.7002],[8.4575,50.6958],[8.4372,50.7001],[8.4295,50.6744],[8.4409,50.6659],[8.4544,50.6663],[8.4749,50.6546],[8.4773,50.6334],[8.5191,50.6303],[8.5273,50.6506],[8.5481,50.6642],[8.5525,50.684],[8.5676,50.6931]]]},"properties":{"AGS":"06532013","GEN":"Hohenahr","SN_L":"06"}},
{"type":"Feature","geometry":{"type":"Polygon","coordinates":[[[8.5565,50.5358],[8.5368,50.5335],[8.4979,50.5105],[8.4894,50.5102],[8.4967,50.4951],[8.5218,50.4957],[8.5477,50.469],[8.5735,50.4926],[8.596,50.5022],[8.6319,50.4998],[8.6508,50.5151],[8.6475,50.5204],[8.6161,50.5254],[8.5899,50.5271],[8.5565,50.5358]]]},"properties":{"AGS":"06532014","GEN":"Hüttenberg","SN_L":"06"}},
{"type":"Feature","geometry":{"type":"Polygon","coordinates":[[[8.5851,50.6051],[8.565,50.6163],[8.5471,50.6199],[8.5347,50.6096],[8.5335,50.5909],[8.5488,50.5736],[8.556,50.5562],[8.571,50.5606],[8.5775,50.5708],[8.6057,50.5714],[8.6078,50.5813],[8.5851,50.6051]]]},"properties":{"AGS":"06532015","GEN":"Lahnau","SN_L":"06"}},
{"type":"Feature","geometry":{"type":"Polygon","coordinates":[[[8.378,50.5816],[8.3626,50.5832],[8.34,50.576],[8.3223,50.5773],[8.3127,50.5665],[8.2873,50.5534],[8.262,50.5605],[8.2823,50.5352],[8.3085,50.5263],[8.3123,50.5184],[8.3276,50.542],[8.3419,50.5416],[8.3502,50.5315],[8.3769,50.537],[8.3824,50.5414],[8.3664,50.5709],[8.378,50.5816]]]},"properties":{"AGS":"06532016","GEN":"Leun","SN_L":"06"}},
{"type":"Feature","geometry":{"type":"Polygon","coordinates":[[[8.4358,50.7132],[8.4045,50.719],[8.3757,50.7183],[8.3637,50.6958],[8.3332,50.679],[8.3408,50.6713],[8.3526,50.664],[8.36,50.6492],[8.3747,50.6541],[8.3762,50.6575],[8.4133,50.6657],[8.4216,50.6627],[8.4409,50.6659],[8.4295,50.6744],[8.4372,50.7001],[8.4358,50.7132]]]},"properties":{"AGS":"06532017","GEN":"Mittenaar","SN_L":"06"}},
{"type":"Feature","geometry":{"type":"Polygon","coordinates":[[[8.4894,50.5102],[8.4665,50.5296],[8.4487,50.5292],[8.4337,50.5164],[8.451,50.4942],[8.4435,50.4776],[8.4447,50.4675],[8.4753,50.4558],[8.507,50.4618],[8.5326,50.4696],[8.5449,50.4685],[8.5477,50.469],[8.5218,50.4957],[8.4967,50.4951],[8.4894,50.5102]]]},"properties":{"AGS":"06532018","GEN":"Schöffengrund","SN_L":"06"}},
{"type":"Feature","geometry":{"type":"Polygon","coordinates":[[[8.4463,50.7439],[8.4339,50.7615],[8.4593,50.7852],[8.4488,50.7964],[8.4317,50.7916],[8.4236,50.776],[8.3877,50.7761],[8.3919,50.7684],[8.3816,50.7602],[8.3924,50.7456],[8.3691,50.7193],[8.3757,50.7183],[8.4045,50.719],[8.4358,50.7132],[8.4305,50.7241],[8.4463,50.7439]]]},"properties":{"AGS":"06532019","GEN":"Siegbach","SN_L":"06"}},
{"type":"Feature","geometry":{"type":"Polygon","coordinates":[[[8.3408,50.6713],[8.3312,50.6615],[8.306,50.6551],[8.2797,50.6433],[8.2711,50.628],[8.3017,50.6298],[8.3278,50.6228],[8.3375,50.6379],[8.3611,50.6373],[8.3785,50.6433],[8.3747,50.6541],[8.36,50.6492],[8.3526,50.664],[8.3408,50.6713]]]},"properties":{"AGS":"06532020","GEN":"Sinn","SN_L":"06"}},
{"type":"Feature","geometry":{"type":"Polygon","coordinates":[[[8.4566,50.5753],[8.4378,50.5794],[8.4311,50.5744],[8.4105,50.5734],[8.3897,50.5809],[8.378,50.5816],[8.3664,50.5709],[8.3824,50.5414],[8.3769,50.537],[8.4032,50.522],[8.4162,50.5085],[8.4337,50.5164],[8.4487,50.5292],[8.448,50.5516],[8.4602,50.5566],[8.4566,50.5753]]]},"properties":{"AGS":"06532021","GEN":"Solms","SN_L":"06"}},
{"type":"Feature","geometry":{"type":"Polygon","coordinates":[[[8.5449,50.4685],[8.5326,50.4696],[8.507,50.4618],[8.4753,50.4558],[8.4447,50.4675],[8.4365,50.4664],[8.4233,50.4522],[8.4327,50.4345],[8.4661,50.4202],[8.4672,50.415],[8.4742,50.407],[8.4959,50.3958],[8.5141,50.3994],[8.539,50.4167],[8.5775,50.415],[8.5579,50.4223],[8.5449,50.434],[8.5295,50.4667],[8.5449,50.4685]]]},"properties":{"AGS":"06532022","GEN":"Waldsolms","SN_L":"06"}},
{"type":"Feature","geometry":{"type":"Polygon","coordinates":[[[8.4773,50.6334],[8.4772,50.6161],[8.4846,50.6151],[8.4798,50.585],[8.47,50.5766],[8.4566,50.5753],[8.4602,50.5566],[8.448,50.5516],[8.4487,50.5292],[8.4665,50.5296],[8.4894,50.5102],[8.4979,50.5105],[8.5368,50.5335],[8.5565,50.5358],[8.5767,50.5399],[8.6007,50.5499],[8.6178,50.5668],[8.6057,50.5714],[8.5775,50.5708],[8.571,50.5606],[8.556,50.5562],[8.5488,50.5736],[8.5335,50.5909],[8.5347,50.6096],[8.5471,50.6199],[8.5356,50.6206],[8.5191,50.6303],[8.4773,50.6334]]]},"properties":{"AGS":"06532023","GEN":"Wetzlar","SN_L":"06"}},
{"type":"Feature","geometry":{"type":"Polygon","coordinates":[[[8.181,50.481],[8.1742,50.4943],[8.1595,50.4995],[8.1392,50.4927],[8.1281,50.4841],[8.109,50.46],[8.1015,50.445],[8.111,50.4393],[8.1217,50.431],[8.1357,50.4284],[8.1576,50.4414],[8.2035,50.4446],[8.214,50.4552],[8.2033,50.4604],[8.1834,50.4572],[8.1715,50.4733],[8.181,50.481]]]},"properties":{"AGS":"06533001","GEN":"Beselich","SN_L":"06"}},
{"type":"Feature","geometry":{"type":"Polygon","coordinates":[[[8.2574,50.3591],[8.2243,50.3578],[8.2107,50.3669],[8.1556,50.3872],[8.1406,50.3736],[8.1145,50.3576],[8.1192,50.354],[8.147,50.3551],[8.1493,50.3392],[8.1666,50.3357],[8.1829,50.3441],[8.198,50.3398],[8.2055,50.346],[8.2574,50.3591]]]},"properties":{"AGS":"06533002","GEN":"Brechen","SN_L":"06"}},
{"type":"Feature","geometry":{"type":"Polygon","coordinates":[[[8.3152,50.3404],[8.2912,50.3318],[8.2687,50.3281],[8.2402,50.3309],[8.2181,50.322],[8.2331,50.3017],[8.2213,50.2916],[8.2532,50.2661],[8.2899,50.2785],[8.3136,50.2714],[8.3284,50.2839],[8.3454,50.284],[8.3546,50.2942],[8.3424,50.3065],[8.362,50.3086],[8.3416,50.3286],[8.3263,50.3292],[8.3152,50.3404]]]},"properties":{"AGS":"06533003","GEN":"Bad Camberg","SN_L":"06"}},
{"type":"Feature","geometry":{"type":"Polygon","coordinates":[[[8.069,50.5459],[8.0416,50.557],[8.034,50.5519],[8.0238,50.5421],[8.0091,50.5295],[7.9963,50.5245],[7.9957,50.5195],[7.9908,50.5147],[7.9829,50.5115],[7.99,50.4986],[7.9789,50.4954],[7.9792,50.4846],[7.9877,50.4727],[7.9951,50.4694],[8.0089,50.4722],[8.0439,50.4876],[8.0464,50.5083],[8.044,50.5251],[8.0656,50.5251],[8.071,50.532],[8.0705,50.538],[8.069,50.5459]]]},"properties":{"AGS":"06533004","GEN":"Dornburg","SN_L":"06"}},
{"type":"Feature","geometry":{"type":"Polygon","coordinates":[[[8.0816,50.4845],[8.0768,50.4983],[8.0788,50.5162],[8.071,50.532],[8.0656,50.5251],[8.044,50.5251],[8.0464,50.5083],[8.0439,50.4876],[8.0798,50.4809],[8.0816,50.4845]]]},"properties":{"AGS":"06533005","GEN":"Elbtal","SN_L":"06"}},
{"type":"Feature","geometry":{"type":"Polygon","coordinates":[[[8.0498,50.4236],[8.0121,50.4281],[8.001,50.4453],[7.9894,50.4429],[7.9751,50.4359],[7.9846,50.4316],[7.9812,50.418],[7.9662,50.4152],[7.9716,50.4062],[7.9896,50.401],[8.014,50.4009],[8.0238,50.4008],[8.0507,50.4052],[8.0498,50.4236]]]},"properties":{"AGS":"06533006","GEN":"Elz","SN_L":"06"}},
{"type":"Feature","geometry":{"type":"Polygon","coordinates":[[[8.1015,50.445],[8.109,50.46],[8.1281,50.4841],[8.1392,50.4927],[8.1097,50.4826],[8.0816,50.4845],[8.0798,50.4809],[8.0439,50.4876],[8.0089,50.4722],[7.9951,50.4694],[8.0105,50.4606],[8.001,50.4453],[8.0121,50.4281],[8.0498,50.4236],[8.0631,50.4371],[8.0815,50.4458],[8.1015,50.445]]]},"properties":{"AGS":"06533007","GEN":"Hadamar","SN_L":"06"}},
{"type":"Feature","geometry":{"type":"Polygon","coordinates":[[[8.1145,50.3576],[8.0878,50.3602],[8.07,50.3581],[8.0704,50.3558],[8.0772,50.3404],[8.0714,50.3326],[8.0863,50.33],[8.1072,50.3216],[8.1039,50.308],[8.1206,50.2959],[8.1219,50.2772],[8.1431,50.2805],[8.1656,50.2777],[8.1986,50.2886],[8.2213,50.2916],[8.2331,50.3017],[8.2181,50.322],[8.198,50.3398],[8.1829,50.3441],[8.1666,50.3357],[8.1493,50.3392],[8.147,50.3551],[8.1192,50.354],[8.1145,50.3576]]]},"properties":{"AGS":"06533008","GEN":"Hünfelden","SN_L":"06"}},
{"type":"Feature","geometry":{"type":"MultiPolygon","coordinates":[[[[8.014,50.4009],[7.9896,50.401],[7.9896,50.3982],[8.014,50.4009]]],[[[8.1015,50.445],[8.0815,50.4458],[8.0631,50.4371],[8.0498,50.4236],[8.0507,50.4052],[8.0238,50.4008],[8.0205,50.3886],[8.0146,50.3845],[8.0379,50.3825],[8.0639,50.3688],[8.07,50.3581],[8.0878,50.3602],[8.1145,50.3576],[8.1406,50.3736],[8.1556,50.3872],[8.1552,50.3889],[8.13,50.3858],[8.1098,50.3923],[8.1161,50.4051],[8.0854,50.4149],[8.0967,50.4352],[8.111,50.4393],[8.1015,50.445]]]]},"properties":{"AGS":"06533009","GEN":"Limburg a.d.Lahn","SN_L":"06"}},
{"type":"Feature","geometry":{"type":"Polygon","coordinates":[[[8.262,50.5605],[8.258,50.5742],[8.2383,50.5783],[8.2275,50.5857],[8.2136,50.5762],[8.2064,50.5637],[8.2205,50.5595],[8.2391,50.5432],[8.2226,50.5329],[8.2186,50.5178],[8.2291,50.5086],[8.2698,50.505],[8.2887,50.5136],[8.2935,50.5056],[8.3234,50.5148],[8.3123,50.5184],[8.3085,50.5263],[8.2823,50.5352],[8.262,50.5605]]]},"properties":{"AGS":"06533010","GEN":"Löhnberg","SN_L":"06"}},
{"type":"Feature","geometry":{"type":"Polygon","coordinates":[[[8.2064,50.5637],[8.1866,50.5734],[8.1643,50.5769],[8.1516,50.5994],[8.1471,50.5821],[8.1319,50.557],[8.1218,50.5488],[8.1209,50.5397],[8.146,50.5189],[8.1598,50.5295],[8.1661,50.5443],[8.1832,50.5353],[8.2226,50.5329],[8.2391,50.5432],[8.2205,50.5595],[8.2064,50.5637]]]},"properties":{"AGS":"06533011","GEN":"Mengerskirchen","SN_L":"06"}},
{"type":"Feature","geometry":{"type":"Polygon","coordinates":[[[8.2226,50.5329],[8.1832,50.5353],[8.1661,50.5443],[8.1598,50.5295],[8.1595,50.4995],[8.1742,50.4943],[8.181,50.481],[8.2025,50.4891],[8.2291,50.5086],[8.2186,50.5178],[8.2226,50.5329]]]},"properties":{"AGS":"06533012","GEN":"Merenberg","SN_L":"06"}},
{"type":"Feature","geometry":{"type":"Polygon","coordinates":[[[8.2392,50.4507],[8.2248,50.462],[8.214,50.4552],[8.2035,50.4446],[8.1576,50.4414],[8.1357,50.4284],[8.1217,50.431],[8.111,50.4393],[8.0967,50.4352],[8.0854,50.4149],[8.1161,50.4051],[8.1098,50.3923],[8.13,50.3858],[8.1552,50.3889],[8.1678,50.3975],[8.1834,50.3945],[8.1973,50.4044],[8.2173,50.4101],[8.2165,50.4231],[8.2298,50.441],[8.2392,50.4507]]]},"properties":{"AGS":"06533013","GEN":"Runkel","SN_L":"06"}},
{"type":"Feature","geometry":{"type":"Polygon","coordinates":[[[8.2981,50.3835],[8.2538,50.381],[8.2478,50.373],[8.2574,50.3591],[8.2055,50.346],[8.198,50.3398],[8.2181,50.322],[8.2402,50.3309],[8.2687,50.3281],[8.2912,50.3318],[8.3152,50.3404],[8.3314,50.3452],[8.3444,50.3563],[8.3462,50.3658],[8.3615,50.3798],[8.3312,50.3759],[8.3176,50.3708],[8.2979,50.3706],[8.2981,50.3835]]]},"properties":{"AGS":"06533014","GEN":"Selters (Taunus)","SN_L":"06"}},
{"type":"Feature","geometry":{"type":"Polygon","coordinates":[[[8.2911,50.3917],[8.2688,50.4087],[8.2666,50.4231],[8.2525,50.4289],[8.2494,50.437],[8.2298,50.441],[8.2165,50.4231],[8.2173,50.4101],[8.1973,50.4044],[8.1834,50.3945],[8.1678,50.3975],[8.1552,50.3889],[8.1556,50.3872],[8.2107,50.3669],[8.2243,50.3578],[8.2574,50.3591],[8.2478,50.373],[8.2538,50.381],[8.2981,50.3835],[8.2911,50.3917]]]},"properties":{"AGS":"06533015","GEN":"Villmar","SN_L":"06"}},
{"type":"Feature","geometry":{"type":"Polygon","coordinates":[[[8.1598,50.5295],[8.146,50.5189],[8.1209,50.5397],[8.1054,50.5341],[8.0705,50.538],[8.071,50.532],[8.0788,50.5162],[8.0768,50.4983],[8.0816,50.4845],[8.1097,50.4826],[8.1392,50.4927],[8.1595,50.4995],[8.1598,50.5295]]]},"properties":{"AGS":"06533016","GEN":"Waldbrunn (Westerwald)","SN_L":"06"}},
{"type":"Feature","geometry":{"type":"Polygon","coordinates":[[[8.3234,50.5148],[8.2935,50.5056],[8.2887,50.5136],[8.2698,50.505],[8.2291,50.5086],[8.2025,50.4891],[8.181,50.481],[8.1715,50.4733],[8.1834,50.4572],[8.2033,50.4604],[8.214,50.4552],[8.2248,50.462],[8.2392,50.4507],[8.2669,50.4639],[8.3006,50.465],[8.3343,50.4806],[8.3458,50.4767],[8.3719,50.4751],[8.3575,50.494],[8.3572,50.5093],[8.3342,50.5104],[8.3234,50.5148]]]},"properties":{"AGS":"06533017","GEN":"Weilburg","SN_L":"06"}},
{"type":"Feature","geometry":{"type":"Polygon","coordinates":[[[8.3719,50.4751],[8.3458,50.4767],[8.3097,50.4493],[8.3259,50.4404],[8.3326,50.4275],[8.3272,50.411],[8.315,50.3997],[8.2911,50.3917],[8.2981,50.3835],[8.2979,50.3706],[8.3176,50.3708],[8.3312,50.3759],[8.3615,50.3798],[8.3899,50.3872],[8.392,50.4046],[8.4089,50.4006],[8.4582,50.415],[8.4672,50.415],[8.4661,50.4202],[8.4327,50.4345],[8.4233,50.4522],[8.4365,50.4664],[8.4256,50.4717],[8.4146,50.4564],[8.393,50.4569],[8.3719,50.4751]]]},"properties":{"AGS":"06533018","GEN":"Weilmünster","SN_L":"06"}},
{"type":"Feature","geometry":{"type":"Polygon","coordinates":[[[8.3458,50.4767],[8.3343,50.4806],[8.3006,50.465],[8.2669,50.4639],[8.2392,50.4507],[8.2298,50.441],[8.2494,50.437],[8.2525,50.4289],[8.2666,50.4231],[8.2688,50.4087],[8.2911,50.3917],[8.315,50.3997],[8.3272,50.411],[8.3326,50.4275],[8.3259,50.4404],[8.3097,50.4493],[8.3458,50.4767]]]},"properties":{"AGS":"06533019","GEN":"Weinbach","SN_L":"06"}},
{"type":"Feature","geometry":{"type":"Polygon","coordinates":[[[8.955,50.7514],[8.9502,50.7636],[8.9523,50.7764],[8.9636,50.7783],[8.9754,50.7886],[8.9796,50.8019],[8.9754,50.8209],[8.9621,50.8113],[8.934,50.8039],[8.9217,50.8112],[8.9037,50.8061],[8.8938,50.7882],[8.8689,50.7838],[8.8636,50.7757],[8.8919,50.7647],[8.8978,50.7569],[8.8942,50.734],[8.9113,50.725],[8.923,50.7258],[8.946,50.7399],[8.955,50.7514]]]},"properties":{"AGS":"06534001","GEN":"Amöneburg","SN_L":"06"}},
{"type":"Feature","geometry":{"type":"Polygon","coordinates":[[[8.4488,50.7964],[8.4675,50.8053],[8.4646,50.8229],[8.4708,50.83],[8.449,50.8363],[8.4392,50.8289],[8.4096,50.8166],[8.396,50.8139],[8.4003,50.7933],[8.4317,50.7916],[8.4488,50.7964]]]},"properties":{"AGS":"06534002","GEN":"Angelburg","SN_L":"06"}},
{"type":"Feature","geometry":{"type":"Polygon","coordinates":[[[8.5115,50.7986],[8.4975,50.8155],[8.4758,50.8046],[8.4675,50.8053],[8.4488,50.7964],[8.4593,50.7852],[8.4339,50.7615],[8.4463,50.7439],[8.4438,50.7317],[8.455,50.722],[8.4721,50.7249],[8.4984,50.738],[8.5105,50.737],[8.5219,50.7629],[8.5096,50.7672],[8.5115,50.7986]]]},"properties":{"AGS":"06534003","GEN":"Bad Endbach","SN_L":"06"}},
{"type":"Feature","geometry":{"type":"Polygon","coordinates":[[[8.6021,50.9513],[8.5808,50.9486],[8.562,50.9562],[8.5353,50.9539],[8.5119,50.9564],[8.4779,50.969],[8.4659,50.9682],[8.4623,50.9497],[8.4493,50.9411],[8.4587,50.9211],[8.4334,50.9182],[8.419,50.9092],[8.462,50.8979],[8.475,50.9054],[8.4983,50.8971],[8.496,50.8852],[8.5066,50.8783],[8.5245,50.8758],[8.5477,50.878],[8.5569,50.8645],[8.5734,50.8692],[8.582,50.8932],[8.5947,50.9009],[8.5912,50.9069],[8.6256,50.9199],[8.6244,50.9286],[8.6348,50.9338],[8.6174,50.9466],[8.6021,50.9513]]]},"properties":{"AGS":"06534004","GEN":"Biedenkopf","SN_L":"06"}},
{"type":"Feature","geometry":{"type":"Polygon","coordinates":[[[8.5066,50.8783],[8.496,50.8852],[8.4983,50.8971],[8.475,50.9054],[8.462,50.8979],[8.419,50.9092],[8.388,50.8919],[8.3856,50.8758],[8.3719,50.8743],[8.3692,50.8646],[8.3555,50.862],[8.3557,50.8546],[8.3843,50.8538],[8.4037,50.8418],[8.41,50.8403],[8.4305,50.8532],[8.4494,50.8551],[8.4584,50.8642],[8.486,50.8579],[8.4911,50.8694],[8.5066,50.8783]]]},"properties":{"AGS":"06534005","GEN":"Breidenbach","SN_L":"06"}},
{"type":"Feature","geometry":{"type":"Polygon","coordinates":[[[8.8702,50.8933],[8.8752,50.9018],[8.852,50.9149],[8.82,50.8942],[8.8085,50.8977],[8.7924,50.8833],[8.8023,50.8644],[8.7939,50.8615],[8.783,50.8675],[8.7461,50.8555],[8.7669,50.8517],[8.7718,50.8438],[8.7891,50.8461],[8.802,50.858],[8.8139,50.8485],[8.8374,50.8443],[8.8328,50.8589],[8.8382,50.8718],[8.861,50.8825],[8.8702,50.8933]]]},"properties":{"AGS":"06534006","GEN":"Cölbe","SN_L":"06"}},
{"type":"Feature","geometry":{"type":"Polygon","coordinates":[[[8.6175,50.8831],[8.6101,50.8947],[8.5947,50.9009],[8.582,50.8932],[8.5734,50.8692],[8.5569,50.8645],[8.5477,50.878],[8.5245,50.8758],[8.5066,50.8783],[8.4911,50.8694],[8.486,50.8579],[8.4807,50.85],[8.4942,50.8426],[8.5011,50.8258],[8.4975,50.8155],[8.5115,50.7986],[8.5296,50.7984],[8.55,50.8068],[8.5751,50.8096],[8.5891,50.8232],[8.6302,50.827],[8.6329,50.8365],[8.6147,50.8456],[8.6299,50.8591],[8.6189,50.8719],[8.6175,50.8831]]]},"properties":{"AGS":"06534007","GEN":"Dautphetal","SN_L":"06"}},
{"type":"Feature","geometry":{"type":"Polygon","coordinates":[[[8.8581,50.787],[8.8403,50.7736],[8.8393,50.7592],[8.8264,50.7609],[8.8083,50.77],[8.7921,50.7615],[8.7992,50.7477],[8.7924,50.7421],[8.7723,50.7398],[8.7483,50.7219],[8.7651,50.7157],[8.7661,50.6965],[8.7806,50.6884],[8.8042,50.7008],[8.8405,50.7078],[8.8565,50.7038],[8.8646,50.6959],[8.8969,50.6886],[8.9152,50.6961],[8.9184,50.7056],[8.9045,50.7196],[8.9113,50.725],[8.8942,50.734],[8.8978,50.7569],[8.8919,50.7647],[8.8636,50.7757],[8.8689,50.7838],[8.8581,50.787]]]},"properties":{"AGS":"06534008","GEN":"Ebsdorfergrund","SN_L":"06"}},
{"type":"Feature","geometry":{"type":"Polygon","coordinates":[[[8.7483,50.7219],[8.7322,50.7169],[8.7146,50.7182],[8.7041,50.7241],[8.682,50.721],[8.6671,50.7233],[8.651,50.7149],[8.6503,50.7034],[8.6702,50.6993],[8.6741,50.6922],[8.7051,50.6835],[8.7311,50.6815],[8.7661,50.6965],[8.7651,50.7157],[8.7483,50.7219]]]},"properties":{"AGS":"06534009","GEN":"Fronhausen","SN_L":"06"}},
{"type":"Feature","geometry":{"type":"Polygon","coordinates":[[[8.6428,50.8119],[8.6302,50.827],[8.5891,50.8232],[8.5751,50.8096],[8.55,50.8068],[8.5296,50.7984],[8.5115,50.7986],[8.5096,50.7672],[8.5219,50.7629],[8.5105,50.737],[8.53,50.7299],[8.5477,50.7368],[8.5885,50.7355],[8.5973,50.7453],[8.6197,50.7561],[8.65,50.763],[8.6508,50.7782],[8.6358,50.8031],[8.6428,50.8119]]]},"properties":{"AGS":"06534010","GEN":"Gladenbach","SN_L":"06"}},
{"type":"Feature","geometry":{"type":"Polygon","coordinates":[[[8.9805,50.8865],[8.9676,50.8768],[8.9589,50.8824],[8.9393,50.8741],[8.9369,50.8639],[8.8943,50.8622],[8.8788,50.8895],[8.8702,50.8933],[8.861,50.8825],[8.8382,50.8718],[8.8328,50.8589],[8.8374,50.8443],[8.8297,50.8285],[8.8424,50.8164],[8.8338,50.813],[8.8375,50.7983],[8.8486,50.7987],[8.8581,50.787],[8.8689,50.7838],[8.8938,50.7882],[8.9037,50.8061],[8.9217,50.8112],[8.934,50.8039],[8.9621,50.8113],[8.9754,50.8209],[8.9911,50.8449],[9.0068,50.8509],[8.9958,50.8626],[9.0017,50.868],[8.9944,50.8814],[8.9805,50.8865]]]},"properties":{"AGS":"06534011","GEN":"Kirchhain","SN_L":"06"}},
{"type":"Feature","geometry":{"type":"Polygon","coordinates":[[[8.7939,50.8615],[8.7888,50.8728],[8.7665,50.8781],[8.6876,50.886],[8.6518,50.8699],[8.6175,50.8831],[8.6189,50.8719],[8.6299,50.8591],[8.6147,50.8456],[8.6329,50.8365],[8.6456,50.832],[8.6822,50.8347],[8.6854,50.8462],[8.7034,50.8564],[8.724,50.8585],[8.7285,50.8508],[8.7461,50.8555],[8.783,50.8675],[8.7939,50.8615]]]},"properties":{"AGS":"06534012","GEN":"Lahntal","SN_L":"06"}},
{"type":"Feature","geometry":{"type":"Polygon","coordinates":[[[8.6671,50.7233],[8.6674,50.7376],[8.649,50.74],[8.6626,50.7619],[8.65,50.763],[8.6197,50.7561],[8.5973,50.7453],[8.5885,50.7355],[8.5477,50.7368],[8.5404,50.7242],[8.5516,50.7076],[8.5732,50.6993],[8.5996,50.6768],[8.619,50.6738],[8.6263,50.6859],[8.6486,50.6991],[8.6503,50.7034],[8.651,50.7149],[8.6671,50.7233]]]},"properties":{"AGS":"06534013","GEN":"Lohra","SN_L":"06"}},
{"type":"Feature","geometry":{"type":"Polygon","coordinates":[[[8.7461,50.8555],[8.7285,50.8508],[8.724,50.8585],[8.7034,50.8564],[8.6854,50.8462],[8.6822,50.8347],[8.6456,50.832],[8.6329,50.8365],[8.6302,50.827],[8.6428,50.8119],[8.6699,50.8006],[8.6709,50.782],[8.6826,50.7737],[8.7026,50.772],[8.7254,50.7756],[8.7418,50.7726],[8.7508,50.7632],[8.7456,50.7432],[8.7723,50.7398],[8.7924,50.7421],[8.7992,50.7477],[8.7921,50.7615],[8.8083,50.77],[8.8264,50.7609],[8.8393,50.7592],[8.8403,50.7736],[8.8581,50.787],[8.8486,50.7987],[8.8375,50.7983],[8.8338,50.813],[8.8424,50.8164],[8.8297,50.8285],[8.8374,50.8443],[8.8139,50.8485],[8.802,50.858],[8.7891,50.8461],[8.7718,50.8438],[8.7669,50.8517],[8.7461,50.8555]]]},"properties":{"AGS":"06534014","GEN":"Marburg","SN_L":"06"}},
{"type":"Feature","geometry":{"type":"Polygon","coordinates":[[[8.7061,50.9938],[8.6895,50.99],[8.6731,50.9967],[8.6604,50.9836],[8.6563,50.9716],[8.6363,50.9614],[8.6021,50.9513],[8.6174,50.9466],[8.6348,50.9338],[8.6244,50.9286],[8.6672,50.9301],[8.6765,50.924],[8.7044,50.9274],[8.7183,50.939],[8.7272,50.9635],[8.7318,50.9646],[8.7329,50.9753],[8.7068,50.9832],[8.7061,50.9938]]]},"properties":{"AGS":"06534015","GEN":"Münchhausen","SN_L":"06"}},
{"type":"Feature","geometry":{"type":"Polygon","coordinates":[[[9.11,50.919],[9.0904,50.9131],[9.0459,50.9206],[9.0399,50.9088],[9.0271,50.9028],[9.0335,50.8932],[9.0541,50.8962],[9.0608,50.8797],[9.0403,50.8737],[9.044,50.858],[9.0588,50.8573],[9.0704,50.8348],[9.0841,50.8309],[9.0945,50.8181],[9.1035,50.828],[9.1458,50.8329],[9.1489,50.8366],[9.1516,50.8473],[9.1418,50.8619],[9.1303,50.8682],[9.1225,50.8804],[9.1093,50.8866],[9.1304,50.8995],[9.11,50.919]]]},"properties":{"AGS":"06534016","GEN":"Neustadt (Hessen)","SN_L":"06"}},
{"type":"Feature","geometry":{"type":"Polygon","coordinates":[[[8.8969,50.9536],[8.8776,50.958],[8.8582,50.9581],[8.8496,50.9643],[8.8304,50.9581],[8.81,50.9572],[8.8251,50.9337],[8.8132,50.9216],[8.8085,50.8977],[8.82,50.8942],[8.852,50.9149],[8.8752,50.9018],[8.8702,50.8933],[8.8788,50.8895],[8.8943,50.8622],[8.9369,50.8639],[8.9393,50.8741],[8.9589,50.8824],[8.9676,50.8768],[8.9805,50.8865],[8.9708,50.8924],[8.9751,50.9023],[8.9972,50.9099],[9.0203,50.907],[9.0119,50.9105],[9.0103,50.926],[8.9749,50.9309],[8.9618,50.9258],[8.9589,50.9084],[8.9493,50.9001],[8.9215,50.903],[8.9061,50.9178],[8.8933,50.9166],[8.8793,50.924],[8.8807,50.9409],[8.8969,50.9536]]]},"properties":{"AGS":"06534017","GEN":"Rauschenberg","SN_L":"06"}},
{"type":"Feature","geometry":{"type":"Polygon","coordinates":[[[9.0203,50.907],[8.9972,50.9099],[8.9751,50.9023],[8.9708,50.8924],[8.9805,50.8865],[8.9944,50.8814],[9.0017,50.868],[8.9958,50.8626],[9.0068,50.8509],[8.9911,50.8449],[8.9754,50.8209],[8.9796,50.8019],[8.9754,50.7886],[8.9636,50.7783],[8.9523,50.7764],[8.9502,50.7636],[8.955,50.7514],[8.9764,50.7624],[8.9948,50.7626],[9.0153,50.7711],[9.0156,50.786],[9.0236,50.7944],[9.0573,50.798],[9.0699,50.8067],[9.0928,50.8074],[9.0945,50.8181],[9.0841,50.8309],[9.0704,50.8348],[9.0588,50.8573],[9.044,50.858],[9.0403,50.8737],[9.0608,50.8797],[9.0541,50.8962],[9.0335,50.8932],[9.0271,50.9028],[9.0203,50.907]]]},"properties":{"AGS":"06534018","GEN":"Stadtallendorf","SN_L":"06"}},
{"type":"Feature","geometry":{"type":"Polygon","coordinates":[[[8.486,50.8579],[8.4584,50.8642],[8.4494,50.8551],[8.4305,50.8532],[8.41,50.8403],[8.4037,50.8418],[8.3954,50.8317],[8.396,50.8139],[8.4096,50.8166],[8.4392,50.8289],[8.449,50.8363],[8.4708,50.83],[8.4646,50.8229],[8.4675,50.8053],[8.4758,50.8046],[8.4975,50.8155],[8.5011,50.8258],[8.4942,50.8426],[8.4807,50.85],[8.486,50.8579]]]},"properties":{"AGS":"06534019","GEN":"Steffenberg","SN_L":"06"}},
{"type":"Feature","geometry":{"type":"Polygon","coordinates":[[[8.7723,50.7398],[8.7456,50.7432],[8.7508,50.7632],[8.7418,50.7726],[8.7254,50.7756],[8.7026,50.772],[8.6826,50.7737],[8.6709,50.782],[8.6699,50.8006],[8.6428,50.8119],[8.6358,50.8031],[8.6508,50.7782],[8.65,50.763],[8.6626,50.7619],[8.649,50.74],[8.6674,50.7376],[8.6671,50.7233],[8.682,50.721],[8.7041,50.7241],[8.7146,50.7182],[8.7322,50.7169],[8.7483,50.7219],[8.7723,50.7398]]]},"properties":{"AGS":"06534020","GEN":"Weimar (Lahn)","SN_L":"06"}},
{"type":"Feature","geometry":{"type":"Polygon","coordinates":[[[8.81,50.9572],[8.7833,50.9569],[8.766,50.9786],[8.7318,50.9646],[8.7272,50.9635],[8.7183,50.939],[8.7044,50.9274],[8.6765,50.924],[8.6672,50.9301],[8.6244,50.9286],[8.6256,50.9199],[8.5912,50.9069],[8.5947,50.9009],[8.6101,50.8947],[8.6175,50.8831],[8.6518,50.8699],[8.6876,50.886],[8.7665,50.8781],[8.7888,50.8728],[8.7939,50.8615],[8.8023,50.8644],[8.7924,50.8833],[8.8085,50.8977],[8.8132,50.9216],[8.8251,50.9337],[8.81,50.9572]]]},"properties":{"AGS":"06534021","GEN":"Wetter (Hessen)","SN_L":"06"}},
{"type":"Feature","geometry":{"type":"Polygon","coordinates":[[[8.9746,50.9383],[8.9674,50.9456],[8.9482,50.9517],[8.9396,50.9654],[8.9172,50.971],[8.9172,50.9602],[8.8969,50.9536],[8.8807,50.9409],[8.8793,50.924],[8.8933,50.9166],[8.9061,50.9178],[8.9215,50.903],[8.9493,50.9001],[8.9589,50.9084],[8.9618,50.9258],[8.9749,50.9309],[8.9746,50.9383]]]},"properties":{"AGS":"06534022","GEN":"Wohratal","SN_L":"06"}},
{"type":"Feature","geometry":{"type":"Polygon","coordinates":[[[9.3164,50.8097],[9.2687,50.8005],[9.2637,50.8156],[9.2367,50.8198],[9.2328,50.8266],[9.2096,50.8223],[9.1995,50.8103],[9.2127,50.8073],[9.2259,50.7885],[9.241,50.7772],[9.2075,50.7687],[9.1816,50.7677],[9.1711,50.7596],[9.1765,50.7426],[9.22,50.7435],[9.2266,50.7407],[9.242,50.7013],[9.264,50.6997],[9.2626,50.7149],[9.2782,50.7129],[9.3102,50.7164],[9.3263,50.7239],[9.3372,50.737],[9.3551,50.7377],[9.3825,50.7367],[9.3933,50.7451],[9.4039,50.7429],[9.4184,50.7657],[9.433,50.7695],[9.4545,50.7635],[9.4344,50.7732],[9.4428,50.7853],[9.4411,50.7956],[9.4225,50.7886],[9.4111,50.7907],[9.391,50.7728],[9.3782,50.7769],[9.3637,50.7999],[9.3368,50.7965],[9.3172,50.8007],[9.3164,50.8097]]]},"properties":{"AGS":"06535001","GEN":"Alsfeld","SN_L":"06"}},
{"type":"Feature","geometry":{"type":"Polygon","coordinates":[[[9.2096,50.8223],[9.1838,50.8315],[9.1489,50.8366],[9.1458,50.8329],[9.1614,50.8173],[9.1887,50.8116],[9.1662,50.7961],[9.1674,50.7839],[9.1584,50.7703],[9.1711,50.7596],[9.1816,50.7677],[9.2075,50.7687],[9.241,50.7772],[9.2259,50.7885],[9.2127,50.8073],[9.1995,50.8103],[9.2096,50.8223]]]},"properties":{"AGS":"06535002","GEN":"Antrifttal","SN_L":"06"}},
{"type":"Feature","geometry":{"type":"Polygon","coordinates":[[[9.2365,50.6587],[9.2276,50.659],[9.2102,50.6714],[9.1899,50.6714],[9.1679,50.6772],[9.1419,50.6745],[9.1262,50.6719],[9.1169,50.6583],[9.1137,50.6427],[9.1057,50.6385],[9.1186,50.6332],[9.132,50.6385],[9.1438,50.6209],[9.1654,50.6191],[9.1761,50.6015],[9.187,50.5936],[9.2074,50.5904],[9.2162,50.5956],[9.2129,50.6087],[9.2291,50.6166],[9.2435,50.6164],[9.2364,50.6306],[9.2439,50.6451],[9.2365,50.6587]]]},"properties":{"AGS":"06535003","GEN":"Feldatal","SN_L":"06"}},
{"type":"Feature","geometry":{"type":"Polygon","coordinates":[[[9.4275,50.4787],[9.405,50.4702],[9.3845,50.49],[9.3732,50.482],[9.3718,50.4684],[9.3597,50.4634],[9.3401,50.4666],[9.336,50.4519],[9.3538,50.4361],[9.357,50.427],[9.3485,50.4069],[9.34,50.4008],[9.3657,50.3892],[9.3973,50.3899],[9.4121,50.4044],[9.4343,50.4071],[9.4446,50.4284],[9.4791,50.4407],[9.4696,50.4528],[9.4544,50.4628],[9.4599,50.477],[9.4382,50.4745],[9.4275,50.4787]]]},"properties":{"AGS":"06535004","GEN":"Freiensteinau","SN_L":"06"}},
{"type":"Feature","geometry":{"type":"Polygon","coordinates":[[[9.1479,50.7145],[9.1215,50.7177],[9.1257,50.7244],[9.0988,50.7282],[9.0845,50.7156],[9.0348,50.7094],[9.0438,50.7009],[9.0224,50.6804],[9.0072,50.6756],[9.0301,50.6708],[9.0417,50.6627],[9.0537,50.6657],[9.0736,50.6464],[9.099,50.643],[9.1057,50.6385],[9.1137,50.6427],[9.1169,50.6583],[9.1262,50.6719],[9.1419,50.6745],[9.1479,50.7145]]]},"properties":{"AGS":"06535005","GEN":"Gemünden (Felda)","SN_L":"06"}},
{"type":"Feature","geometry":{"type":"Polygon","coordinates":[[[9.4545,50.7635],[9.433,50.7695],[9.4184,50.7657],[9.4039,50.7429],[9.3933,50.7451],[9.3825,50.7367],[9.3551,50.7377],[9.3533,50.7327],[9.3776,50.7097],[9.3801,50.7007],[9.4279,50.7038],[9.4484,50.6974],[9.4515,50.6912],[9.4785,50.7072],[9.4843,50.7179],[9.4963,50.7153],[9.5063,50.7346],[9.4954,50.741],[9.4943,50.7539],[9.472,50.7657],[9.4545,50.7635]]]},"properties":{"AGS":"06535006","GEN":"Grebenau","SN_L":"06"}},
{"type":"Feature","geometry":{"type":"Polygon","coordinates":[[[9.4542,50.5305],[9.4402,50.5338],[9.433,50.5258],[9.406,50.5144],[9.388,50.5241],[9.3529,50.5322],[9.3436,50.5412],[9.3319,50.5408],[9.3217,50.5307],[9.271,50.5216],[9.2565,50.5077],[9.2591,50.4927],[9.252,50.4624],[9.2655,50.4448],[9.2867,50.4373],[9.2975,50.4634],[9.3167,50.4542],[9.336,50.4519],[9.3401,50.4666],[9.3597,50.4634],[9.3718,50.4684],[9.3732,50.482],[9.3845,50.49],[9.405,50.4702],[9.4275,50.4787],[9.4366,50.4984],[9.4487,50.5052],[9.4472,50.5215],[9.4542,50.5305]]]},"properties":{"AGS":"06535007","GEN":"Grebenhain","SN_L":"06"}},
{"type":"Feature","geometry":{"type":"Polygon","coordinates":[[[9.4336,50.578],[9.4068,50.5816],[9.3986,50.5896],[9.3818,50.5942],[9.3615,50.5872],[9.3442,50.59],[9.3519,50.5813],[9.3369,50.5712],[9.3104,50.5731],[9.298,50.5596],[9.2892,50.5599],[9.2695,50.5413],[9.2425,50.535],[9.2468,50.527],[9.2662,50.5272],[9.271,50.5216],[9.3217,50.5307],[9.3319,50.5408],[9.3436,50.5412],[9.3529,50.5322],[9.388,50.5241],[9.406,50.5144],[9.433,50.5258],[9.4402,50.5338],[9.4542,50.5305],[9.4635,50.5498],[9.4882,50.5568],[9.4979,50.5682],[9.4792,50.5751],[9.4441,50.5811],[9.4336,50.578]]]},"properties":{"AGS":"06535008","GEN":"Herbstein","SN_L":"06"}},
{"type":"Feature","geometry":{"type":"Polygon","coordinates":[[[9.0988,50.7282],[9.1057,50.7502],[9.0867,50.7549],[9.0888,50.768],[9.0701,50.7685],[9.0545,50.7637],[9.0473,50.7705],[9.0153,50.7711],[8.9948,50.7626],[8.9764,50.7624],[8.955,50.7514],[8.946,50.7399],[8.923,50.7258],[8.9113,50.725],[8.9045,50.7196],[8.9184,50.7056],[8.9392,50.7058],[8.9551,50.6903],[8.9712,50.6777],[8.975,50.6842],[9.0063,50.6865],[9.0072,50.6756],[9.0224,50.6804],[9.0438,50.7009],[9.0348,50.7094],[9.0845,50.7156],[9.0988,50.7282]]]},"properties":{"AGS":"06535009","GEN":"Homberg (Ohm)","SN_L":"06"}},
{"type":"Feature","geometry":{"type":"Polygon","coordinates":[[[9.1711,50.7596],[9.1584,50.7703],[9.1674,50.7839],[9.1662,50.7961],[9.1887,50.8116],[9.1614,50.8173],[9.1458,50.8329],[9.1035,50.828],[9.0945,50.8181],[9.0928,50.8074],[9.0699,50.8067],[9.0573,50.798],[9.0236,50.7944],[9.0156,50.786],[9.0153,50.7711],[9.0473,50.7705],[9.0545,50.7637],[9.0701,50.7685],[9.0888,50.768],[9.0867,50.7549],[9.1057,50.7502],[9.0988,50.7282],[9.1257,50.7244],[9.1215,50.7177],[9.1479,50.7145],[9.1765,50.7426],[9.1711,50.7596]]]},"properties":{"AGS":"06535010","GEN":"Kirtorf","SN_L":"06"}},
{"type":"Feature","geometry":{"type":"Polygon","coordinates":[[[9.4515,50.6912],[9.4484,50.6974],[9.4279,50.7038],[9.3801,50.7007],[9.3687,50.6982],[9.3472,50.6815],[9.3113,50.6689],[9.2898,50.6479],[9.2854,50.6352],[9.3056,50.6233],[9.3239,50.6173],[9.323,50.604],[9.3313,50.5939],[9.3442,50.59],[9.3615,50.5872],[9.3818,50.5942],[9.3986,50.5896],[9.4068,50.5816],[9.4336,50.578],[9.441,50.5952],[9.4169,50.6087],[9.4236,50.6282],[9.4196,50.6343],[9.4266,50.6475],[9.4226,50.6566],[9.4289,50.6658],[9.4548,50.6715],[9.4476,50.6859],[9.4515,50.6912]]]},"properties":{"AGS":"06535011","GEN":"Lauterbach (Hessen)","SN_L":"06"}},
{"type":"Feature","geometry":{"type":"Polygon","coordinates":[[[9.2854,50.6352],[9.2743,50.629],[9.2573,50.6352],[9.2439,50.6451],[9.2364,50.6306],[9.2435,50.6164],[9.258,50.6005],[9.2335,50.586],[9.2335,50.5772],[9.2519,50.5738],[9.2467,50.5625],[9.2323,50.5491],[9.2425,50.535],[9.2695,50.5413],[9.2892,50.5599],[9.298,50.5596],[9.3104,50.5731],[9.3369,50.5712],[9.3519,50.5813],[9.3442,50.59],[9.3313,50.5939],[9.323,50.604],[9.3239,50.6173],[9.3056,50.6233],[9.2854,50.6352]]]},"properties":{"AGS":"06535012","GEN":"Lautertal (Vogelsberg)","SN_L":"06"}},
{"type":"Feature","geometry":{"type":"Polygon","coordinates":[[[9.0072,50.6756],[9.0063,50.6865],[8.975,50.6842],[8.9712,50.6777],[8.9716,50.6609],[8.9438,50.6485],[8.9582,50.6413],[8.962,50.6322],[9.0059,50.6242],[9.0098,50.6115],[9.0025,50.602],[9.0401,50.6016],[9.0592,50.5944],[9.0695,50.5749],[9.0774,50.5663],[9.105,50.5675],[9.1149,50.5887],[9.1255,50.5972],[9.1438,50.6209],[9.132,50.6385],[9.1186,50.6332],[9.1057,50.6385],[9.099,50.643],[9.0736,50.6464],[9.0537,50.6657],[9.0417,50.6627],[9.0301,50.6708],[9.0072,50.6756]]]},"properties":{"AGS":"06535013","GEN":"Mücke","SN_L":"06"}},
{"type":"Feature","geometry":{"type":"Polygon","coordinates":[[[9.264,50.6997],[9.242,50.7013],[9.2266,50.7407],[9.22,50.7435],[9.1765,50.7426],[9.1479,50.7145],[9.1419,50.6745],[9.1679,50.6772],[9.1899,50.6714],[9.2102,50.6714],[9.2276,50.659],[9.2365,50.6587],[9.2402,50.6674],[9.2649,50.6779],[9.2713,50.6911],[9.264,50.6997]]]},"properties":{"AGS":"06535014","GEN":"Romrod","SN_L":"06"}},
{"type":"Feature","geometry":{"type":"Polygon","coordinates":[[[9.6046,50.7574],[9.5718,50.7661],[9.56,50.763],[9.5444,50.7568],[9.5219,50.7392],[9.5063,50.7346],[9.4963,50.7153],[9.4843,50.7179],[9.4785,50.7072],[9.4515,50.6912],[9.4476,50.6859],[9.4548,50.6715],[9.4661,50.6606],[9.4794,50.6635],[9.506,50.6364],[9.5396,50.6406],[9.5503,50.6307],[9.5511,50.624],[9.5794,50.6104],[9.6071,50.6056],[9.6122,50.6147],[9.6417,50.6278],[9.6231,50.6411],[9.6201,50.6506],[9.65,50.6809],[9.6265,50.6847],[9.607,50.7207],[9.6115,50.7355],[9.6046,50.7574]]]},"properties":{"AGS":"06535015","GEN":"Schlitz","SN_L":"06"}},
{"type":"Feature","geometry":{"type":"Polygon","coordinates":[[[9.2425,50.535],[9.223,50.5379],[9.1945,50.536],[9.1302,50.5491],[9.1139,50.5397],[9.0937,50.517],[9.0748,50.5172],[9.0424,50.498],[9.0577,50.5],[9.0772,50.4954],[9.061,50.4843],[9.0587,50.4712],[9.0703,50.4563],[9.0944,50.4574],[9.1043,50.4361],[9.1473,50.4357],[9.1437,50.4247],[9.1517,50.4345],[9.1725,50.445],[9.1903,50.4438],[9.2277,50.4592],[9.252,50.4624],[9.2591,50.4927],[9.2565,50.5077],[9.271,50.5216],[9.2662,50.5272],[9.2468,50.527],[9.2425,50.535]]]},"properties":{"AGS":"06535016","GEN":"Schotten","SN_L":"06"}},
{"type":"Feature","geometry":{"type":"Polygon","coordinates":[[[9.3551,50.7377],[9.3372,50.737],[9.3263,50.7239],[9.3102,50.7164],[9.2782,50.7129],[9.2626,50.7149],[9.264,50.6997],[9.2713,50.6911],[9.2649,50.6779],[9.2402,50.6674],[9.2365,50.6587],[9.2439,50.6451],[9.2573,50.6352],[9.2743,50.629],[9.2854,50.6352],[9.2898,50.6479],[9.3113,50.6689],[9.3472,50.6815],[9.3687,50.6982],[9.3801,50.7007],[9.3776,50.7097],[9.3533,50.7327],[9.3551,50.7377]]]},"properties":{"AGS":"06535017","GEN":"Schwalmtal","SN_L":"06"}},
{"type":"Feature","geometry":{"type":"Polygon","coordinates":[[[9.2435,50.6164],[9.2291,50.6166],[9.2129,50.6087],[9.2162,50.5956],[9.2074,50.5904],[9.187,50.5936],[9.1761,50.6015],[9.1654,50.6191],[9.1438,50.6209],[9.1255,50.5972],[9.1149,50.5887],[9.105,50.5675],[9.119,50.5648],[9.1341,50.5539],[9.1302,50.5491],[9.1945,50.536],[9.223,50.5379],[9.2425,50.535],[9.2323,50.5491],[9.2467,50.5625],[9.2519,50.5738],[9.2335,50.5772],[9.2335,50.586],[9.258,50.6005],[9.2435,50.6164]]]},"properties":{"AGS":"06535018","GEN":"Ulrichstein","SN_L":"06"}},
{"type":"Feature","geometry":{"type":"Polygon","coordinates":[[[9.4661,50.6606],[9.4548,50.6715],[9.4289,50.6658],[9.4226,50.6566],[9.4266,50.6475],[9.4196,50.6343],[9.4236,50.6282],[9.4169,50.6087],[9.441,50.5952],[9.4336,50.578],[9.4441,50.5811],[9.4792,50.5751],[9.4816,50.591],[9.5005,50.611],[9.4731,50.6285],[9.4809,50.6538],[9.4661,50.6606]]]},"properties":{"AGS":"06535019","GEN":"Wartenberg","SN_L":"06"}},
{"type":"Feature","geometry":{"type":"Polygon","coordinates":[[[9.44,51.3496],[9.4225,51.3542],[9.37,51.3487],[9.3807,51.3284],[9.3775,51.3175],[9.3557,51.3129],[9.3515,51.3072],[9.3626,51.2928],[9.378,51.2825],[9.3974,51.2814],[9.4255,51.2705],[9.4828,51.2619],[9.4984,51.276],[9.5163,51.2723],[9.5236,51.2833],[9.5516,51.2908],[9.5585,51.2952],[9.556,51.3109],[9.5307,51.3182],[9.5478,51.3283],[9.5658,51.3281],[9.568,51.34],[9.5573,51.3514],[9.545,51.3492],[9.5393,51.3374],[9.5165,51.3412],[9.4978,51.352],[9.4859,51.3465],[9.4593,51.3438],[9.44,51.3496]]]},"properties":{"AGS":"06611000","GEN":"Kassel","SN_L":"06"}},
{"type":"Feature","geometry":{"type":"Polygon","coordinates":[[[9.5503,50.6307],[9.5396,50.6406],[9.506,50.6364],[9.4794,50.6635],[9.4661,50.6606],[9.4809,50.6538],[9.4731,50.6285],[9.5005,50.611],[9.5192,50.6152],[9.5503,50.6307]]]},"properties":{"AGS":"06631001","GEN":"Bad Salzschlirf","SN_L":"06"}},
{"type":"Feature","geometry":{"type":"Polygon","coordinates":[[[9.7259,50.7523],[9.7094,50.7389],[9.6794,50.7284],[9.6692,50.7189],[9.6535,50.7207],[9.6359,50.7284],[9.6197,50.7406],[9.6115,50.7355],[9.607,50.7207],[9.6265,50.6847],[9.65,50.6809],[9.6749,50.6778],[9.6936,50.6717],[9.733,50.6756],[9.7438,50.6873],[9.7633,50.6955],[9.7547,50.7019],[9.7585,50.7189],[9.7707,50.7247],[9.7559,50.7421],[9.7259,50.7523]]]},"properties":{"AGS":"06631002","GEN":"Burghaun","SN_L":"06"}},
{"type":"Feature","geometry":{"type":"Polygon","coordinates":[[[9.8779,50.529],[9.8735,50.5393],[9.8317,50.547],[9.828,50.5522],[9.7833,50.5679],[9.7837,50.551],[9.775,50.5439],[9.7647,50.532],[9.7744,50.5115],[9.7982,50.5104],[9.8121,50.5148],[9.8316,50.504],[9.8476,50.5103],[9.8507,50.5243],[9.8779,50.529]]]},"properties":{"AGS":"06631003","GEN":"Dipperz","SN_L":"06"}},
{"type":"Feature","geometry":{"type":"Polygon","coordinates":[[[9.8221,50.4979],[9.8033,50.4985],[9.7639,50.494],[9.7917,50.4744],[9.7714,50.4702],[9.7434,50.4496],[9.7562,50.4453],[9.7483,50.4204],[9.754,50.4175],[9.7621,50.4259],[9.7778,50.4193],[9.7894,50.4251],[9.8068,50.4221],[9.8113,50.4171],[9.8138,50.4381],[9.8041,50.4454],[9.8011,50.4584],[9.8098,50.4642],[9.8325,50.4599],[9.8448,50.4679],[9.8544,50.4756],[9.8387,50.4908],[9.8221,50.4979]]]},"properties":{"AGS":"06631004","GEN":"Ebersburg","SN_L":"06"}},
{"type":"Feature","geometry":{"type":"Polygon","coordinates":[[[10.0425,50.534],[10.0267,50.5469],[10.0068,50.5493],[9.9981,50.537],[9.9937,50.5198],[9.9762,50.5323],[9.9634,50.5288],[9.9481,50.5167],[9.9411,50.5028],[9.9598,50.4998],[9.9678,50.4884],[9.9921,50.4693],[9.9975,50.461],[10.0183,50.4665],[10.0303,50.4801],[10.0412,50.4952],[10.039,50.5021],[10.0413,50.5165],[10.0425,50.534]]]},"properties":{"AGS":"06631005","GEN":"Ehrenberg (Rhön)","SN_L":"06"}},
{"type":"Feature","geometry":{"type":"Polygon","coordinates":[[[9.7639,50.494],[9.7464,50.5024],[9.7055,50.5111],[9.6884,50.5103],[9.6769,50.503],[9.6567,50.4997],[9.6481,50.4914],[9.6542,50.4726],[9.6711,50.4747],[9.6838,50.4693],[9.6994,50.4527],[9.6839,50.4438],[9.7046,50.4132],[9.7406,50.4248],[9.7483,50.4204],[9.7562,50.4453],[9.7434,50.4496],[9.7714,50.4702],[9.7917,50.4744],[9.7639,50.494]]]},"properties":{"AGS":"06631006","GEN":"Eichenzell","SN_L":"06"}},
{"type":"Feature","geometry":{"type":"Polygon","coordinates":[[[9.7729,50.808],[9.7602,50.7967],[9.7403,50.7945],[9.7307,50.7898],[9.7088,50.7682],[9.7259,50.7523],[9.7559,50.7421],[9.7707,50.7247],[9.809,50.7385],[9.831,50.7261],[9.8475,50.7265],[9.8549,50.7179],[9.8752,50.729],[9.8825,50.7452],[9.9026,50.7443],[9.9259,50.7513],[9.931,50.7569],[9.9262,50.7674],[9.9079,50.7755],[9.8868,50.7782],[9.888,50.7908],[9.8809,50.796],[9.8425,50.7904],[9.8065,50.7965],[9.7729,50.808]]]},"properties":{"AGS":"06631007","GEN":"Eiterfeld","SN_L":"06"}},
{"type":"Feature","geometry":{"type":"Polygon","coordinates":[[[9.6111,50.4275],[9.6032,50.4335],[9.5726,50.4405],[9.5462,50.4384],[9.5173,50.4476],[9.5093,50.4573],[9.4964,50.4562],[9.4815,50.4395],[9.4886,50.4125],[9.4941,50.4113],[9.5204,50.3977],[9.5331,50.3944],[9.5557,50.3816],[9.6129,50.3937],[9.6206,50.392],[9.6239,50.4012],[9.6112,50.4159],[9.6111,50.4275]]]},"properties":{"AGS":"06631008","GEN":"Flieden","SN_L":"06"}},
{"type":"Feature","geometry":{"type":"Polygon","coordinates":[[[9.6972,50.6223],[9.6841,50.6289],[9.6417,50.6278],[9.6122,50.6147],[9.6071,50.6056],[9.6077,50.571],[9.5996,50.5633],[9.5737,50.5585],[9.5658,50.5501],[9.5805,50.5412],[9.5694,50.5329],[9.6097,50.5265],[9.5942,50.5175],[9.6097,50.5127],[9.6238,50.5027],[9.6464,50.5056],[9.6567,50.4997],[9.6769,50.503],[9.6884,50.5103],[9.7055,50.5111],[9.7141,50.5208],[9.7002,50.5389],[9.722,50.5522],[9.7039,50.5534],[9.6978,50.5675],[9.7082,50.5749],[9.7041,50.5823],[9.7149,50.5984],[9.6972,50.6223]]]},"properties":{"AGS":"06631009","GEN":"Fulda","SN_L":"06"}},
{"type":"Feature","geometry":{"type":"Polygon","coordinates":[[[9.9411,50.5028],[9.9329,50.4958],[9.9315,50.4806],[9.8997,50.4762],[9.8648,50.4622],[9.8448,50.4679],[9.8325,50.4599],[9.8098,50.4642],[9.8011,50.4584],[9.8041,50.4454],[9.8138,50.4381],[9.8113,50.4171],[9.808,50.4124],[9.8384,50.4055],[9.86,50.3975],[9.8733,50.409],[9.8831,50.3989],[9.901,50.4038],[9.9357,50.4196],[9.9578,50.4232],[9.9668,50.4345],[9.9884,50.4457],[9.9975,50.461],[9.9921,50.4693],[9.9678,50.4884],[9.9598,50.4998],[9.9411,50.5028]]]},"properties":{"AGS":"06631010","GEN":"Gersfeld (Rhön)","SN_L":"06"}},
{"type":"Feature","geometry":{"type":"Polygon","coordinates":[[[9.5503,50.6307],[9.5192,50.6152],[9.5005,50.611],[9.4816,50.591],[9.4792,50.5751],[9.4979,50.5682],[9.4882,50.5568],[9.5152,50.5406],[9.5245,50.5295],[9.5565,50.5169],[9.5755,50.5135],[9.5942,50.5175],[9.6097,50.5265],[9.5694,50.5329],[9.5805,50.5412],[9.5658,50.5501],[9.5737,50.5585],[9.5996,50.5633],[9.6077,50.571],[9.6071,50.6056],[9.5794,50.6104],[9.5511,50.624],[9.5503,50.6307]]]},"properties":{"AGS":"06631011","GEN":"Großenlüder","SN_L":"06"}},
{"type":"Feature","geometry":{"type":"Polygon","coordinates":[[[10.0474,50.6008],[10.019,50.6037],[9.9817,50.6014],[9.9855,50.5804],[9.9695,50.5772],[9.9592,50.6003],[9.9389,50.5975],[9.935,50.5795],[9.924,50.584],[9.9174,50.5677],[9.8987,50.5626],[9.8943,50.554],[9.9192,50.5411],[9.9069,50.5257],[9.915,50.518],[9.9481,50.5167],[9.9634,50.5288],[9.9762,50.5323],[9.9937,50.5198],[9.9981,50.537],[10.0068,50.5493],[10.0267,50.5469],[10.0425,50.534],[10.0483,50.5406],[10.0618,50.5567],[10.0505,50.5632],[10.0451,50.5752],[10.0488,50.5986],[10.0474,50.6008]]]},"properties":{"AGS":"06631012","GEN":"Hilders","SN_L":"06"}},
{"type":"Feature","geometry":{"type":"Polygon","coordinates":[[[9.9269,50.6298],[9.9145,50.6217],[9.9216,50.6153],[9.8675,50.6146],[9.8443,50.6205],[9.8288,50.6109],[9.8116,50.6184],[9.7993,50.6142],[9.7779,50.5967],[9.7681,50.6001],[9.7669,50.5773],[9.7833,50.5679],[9.828,50.5522],[9.8317,50.547],[9.8735,50.5393],[9.8779,50.529],[9.8904,50.5307],[9.9069,50.5257],[9.9192,50.5411],[9.8943,50.554],[9.8987,50.5626],[9.9174,50.5677],[9.924,50.584],[9.935,50.5795],[9.9389,50.5975],[9.9592,50.6003],[9.9607,50.6295],[9.9459,50.6268],[9.9269,50.6298]]]},"properties":{"AGS":"06631013","GEN":"Hofbieber","SN_L":"06"}},
{"type":"Feature","geometry":{"type":"Polygon","coordinates":[[[9.5755,50.5135],[9.5565,50.5169],[9.5245,50.5295],[9.5152,50.5406],[9.4882,50.5568],[9.4635,50.5498],[9.4542,50.5305],[9.4472,50.5215],[9.4487,50.5052],[9.4366,50.4984],[9.4275,50.4787],[9.4382,50.4745],[9.4599,50.477],[9.4805,50.4765],[9.505,50.483],[9.528,50.4775],[9.535,50.5069],[9.5496,50.5038],[9.5755,50.5135]]]},"properties":{"AGS":"06631014","GEN":"Hosenfeld","SN_L":"06"}},
{"type":"Feature","geometry":{"type":"Polygon","coordinates":[[[9.8549,50.7179],[9.8475,50.7265],[9.831,50.7261],[9.809,50.7385],[9.7707,50.7247],[9.7585,50.7189],[9.7547,50.7019],[9.7633,50.6955],[9.7438,50.6873],[9.733,50.6756],[9.6936,50.6717],[9.6749,50.6778],[9.65,50.6809],[9.6201,50.6506],[9.6231,50.6411],[9.6417,50.6278],[9.6841,50.6289],[9.6972,50.6223],[9.7079,50.6292],[9.7329,50.6319],[9.7326,50.6225],[9.746,50.6084],[9.7681,50.6001],[9.7779,50.5967],[9.7993,50.6142],[9.8116,50.6184],[9.7927,50.6309],[9.8078,50.6457],[9.8247,50.6529],[9.8407,50.6669],[9.8312,50.6741],[9.8393,50.6982],[9.851,50.7082],[9.8549,50.7179]]]},"properties":{"AGS":"06631015","GEN":"Hünfeld","SN_L":"06"}},
{"type":"Feature","geometry":{"type":"Polygon","coordinates":[[[9.6839,50.4438],[9.6642,50.448],[9.657,50.4641],[9.6359,50.4533],[9.621,50.4331],[9.6111,50.4275],[9.6112,50.4159],[9.6239,50.4012],[9.6206,50.392],[9.632,50.3825],[9.6826,50.3702],[9.6907,50.3608],[9.7225,50.3601],[9.7329,50.3561],[9.7433,50.3622],[9.7593,50.4024],[9.754,50.4175],[9.7483,50.4204],[9.7406,50.4248],[9.7046,50.4132],[9.6839,50.4438]]]},"properties":{"AGS":"06631016","GEN":"Kalbach","SN_L":"06"}},
{"type":"Feature","geometry":{"type":"Polygon","coordinates":[[[9.775,50.5439],[9.7597,50.5492],[9.7403,50.5469],[9.722,50.5522],[9.7002,50.5389],[9.7141,50.5208],[9.7055,50.5111],[9.7464,50.5024],[9.7639,50.494],[9.8033,50.4985],[9.8221,50.4979],[9.8316,50.504],[9.8121,50.5148],[9.7982,50.5104],[9.7744,50.5115],[9.7647,50.532],[9.775,50.5439]]]},"properties":{"AGS":"06631017","GEN":"Künzell","SN_L":"06"}},
{"type":"Feature","geometry":{"type":"Polygon","coordinates":[[[9.5942,50.5175],[9.5755,50.5135],[9.5496,50.5038],[9.535,50.5069],[9.528,50.4775],[9.505,50.483],[9.4805,50.4765],[9.4599,50.477],[9.4544,50.4628],[9.4696,50.4528],[9.4791,50.4407],[9.4815,50.4395],[9.4964,50.4562],[9.5093,50.4573],[9.5173,50.4476],[9.5462,50.4384],[9.5726,50.4405],[9.6032,50.4335],[9.6111,50.4275],[9.621,50.4331],[9.6359,50.4533],[9.657,50.4641],[9.6642,50.448],[9.6839,50.4438],[9.6994,50.4527],[9.6838,50.4693],[9.6711,50.4747],[9.6542,50.4726],[9.6481,50.4914],[9.6567,50.4997],[9.6464,50.5056],[9.6238,50.5027],[9.6097,50.5127],[9.5942,50.5175]]]},"properties":{"AGS":"06631018","GEN":"Neuhof","SN_L":"06"}},
{"type":"Feature","geometry":{"type":"Polygon","coordinates":[[[9.8816,50.6722],[9.8684,50.6863],[9.8762,50.6986],[9.851,50.7082],[9.8393,50.6982],[9.8312,50.6741],[9.8407,50.6669],[9.8247,50.6529],[9.8078,50.6457],[9.7927,50.6309],[9.8116,50.6184],[9.8288,50.6109],[9.8443,50.6205],[9.8675,50.6146],[9.9216,50.6153],[9.9145,50.6217],[9.9269,50.6298],[9.9061,50.6404],[9.8861,50.6339],[9.877,50.6417],[9.8846,50.6551],[9.8816,50.6722]]]},"properties":{"AGS":"06631019","GEN":"Nüsttal","SN_L":"06"}},
{"type":"Feature","geometry":{"type":"Polygon","coordinates":[[[9.7681,50.6001],[9.746,50.6084],[9.7326,50.6225],[9.7329,50.6319],[9.7079,50.6292],[9.6972,50.6223],[9.7149,50.5984],[9.7041,50.5823],[9.7082,50.5749],[9.6978,50.5675],[9.7039,50.5534],[9.722,50.5522],[9.7403,50.5469],[9.7597,50.5492],[9.775,50.5439],[9.7837,50.551],[9.7833,50.5679],[9.7669,50.5773],[9.7681,50.6001]]]},"properties":{"AGS":"06631020","GEN":"Petersberg","SN_L":"06"}},
{"type":"Feature","geometry":{"type":"Polygon","coordinates":[[[9.9069,50.5257],[9.8904,50.5307],[9.8779,50.529],[9.8507,50.5243],[9.8476,50.5103],[9.8316,50.504],[9.8221,50.4979],[9.8387,50.4908],[9.8544,50.4756],[9.8448,50.4679],[9.8648,50.4622],[9.8997,50.4762],[9.9315,50.4806],[9.9329,50.4958],[9.9411,50.5028],[9.9481,50.5167],[9.915,50.518],[9.9069,50.5257]]]},"properties":{"AGS":"06631021","GEN":"Poppenhausen (Wasserkuppe)","SN_L":"06"}},
{"type":"Feature","geometry":{"type":"Polygon","coordinates":[[[9.9414,50.7418],[9.9396,50.7559],[9.931,50.7569],[9.9259,50.7513],[9.9026,50.7443],[9.8825,50.7452],[9.8752,50.729],[9.8549,50.7179],[9.851,50.7082],[9.8762,50.6986],[9.8684,50.6863],[9.8816,50.6722],[9.8947,50.6837],[9.9062,50.6842],[9.9203,50.6978],[9.9118,50.7087],[9.9352,50.7241],[9.9414,50.7418]]]},"properties":{"AGS":"06631022","GEN":"Rasdorf","SN_L":"06"}},
{"type":"Feature","geometry":{"type":"Polygon","coordinates":[[[10.0563,50.6681],[10.0489,50.6739],[10.0199,50.6731],[10.002,50.6766],[9.9736,50.6659],[9.9491,50.6641],[9.9497,50.6559],[9.9689,50.6413],[9.9607,50.6295],[9.9592,50.6003],[9.9695,50.5772],[9.9855,50.5804],[9.9817,50.6014],[10.019,50.6037],[10.0474,50.6008],[10.0372,50.6129],[10.0575,50.6261],[10.081,50.62],[10.083,50.6337],[10.0674,50.6572],[10.0572,50.6662],[10.0563,50.6681]]]},"properties":{"AGS":"06631023","GEN":"Tann (Rhön)","SN_L":"06"}},
{"type":"Feature","geometry":{"type":"Polygon","coordinates":[[[9.7533,51.0721],[9.7439,51.0695],[9.7162,51.0797],[9.6923,51.076],[9.6698,51.0601],[9.641,51.0566],[9.64,51.0409],[9.6256,51.0321],[9.6001,51.0237],[9.5717,51.0289],[9.5731,51.0138],[9.5849,50.9927],[9.5954,50.986],[9.619,50.9894],[9.6496,50.9815],[9.6738,50.9948],[9.6846,50.9957],[9.6803,51.0097],[9.6859,51.0188],[9.7002,51.0204],[9.714,51.0336],[9.7201,51.0498],[9.7535,51.0594],[9.7533,51.0721]]]},"properties":{"AGS":"06632001","GEN":"Alheim","SN_L":"06"}},
{"type":"Feature","geometry":{"type":"Polygon","coordinates":[[[9.8292,50.8939],[9.8002,50.8947],[9.7905,50.8889],[9.7712,50.8879],[9.7592,50.8784],[9.7477,50.8811],[9.7144,50.9011],[9.6942,50.9096],[9.6829,50.9077],[9.6674,50.8919],[9.65,50.8984],[9.6563,50.8897],[9.6467,50.8806],[9.6268,50.8726],[9.6157,50.8656],[9.6129,50.8516],[9.6252,50.8423],[9.6375,50.8373],[9.6308,50.8199],[9.6472,50.8187],[9.6637,50.8237],[9.6781,50.8205],[9.6927,50.8255],[9.7101,50.8486],[9.7333,50.8477],[9.7579,50.8592],[9.7847,50.863],[9.8076,50.8589],[9.8151,50.8803],[9.8087,50.8866],[9.8292,50.8939]]]},"properties":{"AGS":"06632002","GEN":"Bad Hersfeld","SN_L":"06"}},
{"type":"Feature","geometry":{"type":"Polygon","coordinates":[[[9.8759,51.0283],[9.845,51.0294],[9.8038,51.0416],[9.8044,51.0279],[9.795,51.0256],[9.797,50.9944],[9.764,50.9779],[9.7626,50.9723],[9.7305,50.967],[9.704,50.9581],[9.7097,50.9484],[9.7269,50.9379],[9.7201,50.9271],[9.7359,50.9223],[9.7517,50.9289],[9.7735,50.9289],[9.8014,50.9413],[9.8344,50.9162],[9.8292,50.9377],[9.8407,50.945],[9.8349,50.9589],[9.8583,50.9659],[9.8758,50.9643],[9.9041,50.9779],[9.8937,50.9924],[9.918,50.9925],[9.9062,51.0115],[9.8865,51.0181],[9.8759,51.0283]]]},"properties":{"AGS":"06632003","GEN":"Bebra","SN_L":"06"}},
{"type":"Feature","geometry":{"type":"Polygon","coordinates":[[[9.5106,50.8093],[9.5032,50.815],[9.4767,50.8094],[9.4558,50.7981],[9.4411,50.7956],[9.4428,50.7853],[9.4344,50.7732],[9.4545,50.7635],[9.472,50.7657],[9.4943,50.7539],[9.4954,50.741],[9.5063,50.7346],[9.5219,50.7392],[9.5444,50.7568],[9.56,50.763],[9.5535,50.7831],[9.5211,50.797],[9.5106,50.8093]]]},"properties":{"AGS":"06632004","GEN":"Breitenbach a.Herzberg","SN_L":"06"}},
{"type":"Feature","geometry":{"type":"Polygon","coordinates":[[[9.8869,51.0462],[9.8715,51.0497],[9.8479,51.0686],[9.8268,51.0723],[9.8218,51.0823],[9.796,51.0812],[9.7899,51.0635],[9.8038,51.0416],[9.845,51.0294],[9.8759,51.0283],[9.8695,51.0347],[9.8869,51.0462]]]},"properties":{"AGS":"06632005","GEN":"Cornberg","SN_L":"06"}},
{"type":"Feature","geometry":{"type":"Polygon","coordinates":[[[9.8978,50.8686],[9.8951,50.8867],[9.9172,50.8976],[9.9174,50.9069],[9.9274,50.9193],[9.9198,50.9225],[9.8971,50.9151],[9.8682,50.8982],[9.8434,50.8978],[9.8375,50.903],[9.8292,50.8939],[9.8087,50.8866],[9.8151,50.8803],[9.8076,50.8589],[9.8278,50.8558],[9.8286,50.8461],[9.8593,50.8433],[9.8738,50.8487],[9.9013,50.8521],[9.9048,50.8607],[9.8978,50.8686]]]},"properties":{"AGS":"06632006","GEN":"Friedewald","SN_L":"06"}},
{"type":"Feature","geometry":{"type":"Polygon","coordinates":[[[9.7333,50.8477],[9.7101,50.8486],[9.6927,50.8255],[9.708,50.8089],[9.7307,50.8112],[9.7403,50.7945],[9.7602,50.7967],[9.7729,50.808],[9.7724,50.8138],[9.7476,50.814],[9.7438,50.8255],[9.7532,50.8443],[9.7333,50.8477]]]},"properties":{"AGS":"06632007","GEN":"Hauneck","SN_L":"06"}},
{"type":"Feature","geometry":{"type":"Polygon","coordinates":[[[9.7403,50.7945],[9.7307,50.8112],[9.708,50.8089],[9.679,50.7945],[9.6644,50.796],[9.6372,50.7798],[9.6207,50.7775],[9.6173,50.7667],[9.6046,50.7574],[9.6115,50.7355],[9.6197,50.7406],[9.6359,50.7284],[9.6535,50.7207],[9.6692,50.7189],[9.6794,50.7284],[9.7094,50.7389],[9.7259,50.7523],[9.7088,50.7682],[9.7307,50.7898],[9.7403,50.7945]]]},"properties":{"AGS":"06632008","GEN":"Haunetal","SN_L":"06"}},
{"type":"Feature","geometry":{"type":"Polygon","coordinates":[[[10.056,50.8798],[10.0584,50.8902],[10.0342,50.9103],[10.0037,50.9216],[9.9782,50.9053],[9.9683,50.9115],[9.9858,50.9246],[9.9722,50.9318],[9.9518,50.927],[9.94,50.9279],[9.9274,50.9193],[9.9174,50.9069],[9.9172,50.8976],[9.8951,50.8867],[9.8978,50.8686],[9.9503,50.8609],[9.9686,50.8677],[9.9807,50.8525],[9.9993,50.854],[10.0006,50.8628],[10.0219,50.8645],[10.056,50.8798]]]},"properties":{"AGS":"06632009","GEN":"Heringen (Werra)","SN_L":"06"}},
{"type":"Feature","geometry":{"type":"Polygon","coordinates":[[[9.9702,50.8299],[9.9523,50.8467],[9.9391,50.8426],[9.9048,50.8607],[9.9013,50.8521],[9.9074,50.8337],[9.8914,50.8258],[9.8954,50.8013],[9.888,50.7908],[9.8868,50.7782],[9.9079,50.7755],[9.9262,50.7674],[9.9284,50.7766],[9.9506,50.7721],[9.9541,50.7794],[9.9441,50.7942],[9.9567,50.8096],[9.9523,50.8214],[9.9702,50.8299]]]},"properties":{"AGS":"06632010","GEN":"Hohenroda","SN_L":"06"}},
{"type":"Feature","geometry":{"type":"Polygon","coordinates":[[[9.6268,50.8726],[9.5874,50.8735],[9.556,50.8873],[9.5471,50.8836],[9.5272,50.8902],[9.5015,50.8806],[9.4966,50.8776],[9.5108,50.8471],[9.519,50.8398],[9.5086,50.833],[9.5032,50.815],[9.5106,50.8093],[9.531,50.8105],[9.5508,50.8275],[9.5651,50.8325],[9.5936,50.8276],[9.6081,50.839],[9.6252,50.8423],[9.6129,50.8516],[9.6157,50.8656],[9.6268,50.8726]]]},"properties":{"AGS":"06632011","GEN":"Kirchheim","SN_L":"06"}},
{"type":"Feature","geometry":{"type":"Polygon","coordinates":[[[9.704,50.9581],[9.6753,50.9521],[9.676,50.9628],[9.6559,50.9763],[9.6743,50.9897],[9.6738,50.9948],[9.6496,50.9815],[9.619,50.9894],[9.5954,50.986],[9.5849,50.9927],[9.5653,50.9915],[9.546,50.9708],[9.5662,50.954],[9.5796,50.9517],[9.6003,50.9263],[9.6241,50.9192],[9.6232,50.9102],[9.6401,50.9084],[9.65,50.8984],[9.6674,50.8919],[9.6829,50.9077],[9.6942,50.9096],[9.7144,50.9011],[9.7477,50.8811],[9.7592,50.8784],[9.7712,50.8879],[9.7905,50.8889],[9.8002,50.8947],[9.8292,50.8939],[9.8375,50.903],[9.8344,50.9162],[9.8014,50.9413],[9.7735,50.9289],[9.7517,50.9289],[9.7359,50.9223],[9.7201,50.9271],[9.7269,50.9379],[9.7097,50.9484],[9.704,50.9581]]]},"properties":{"AGS":"06632012","GEN":"Ludwigsau","SN_L":"06"}},
{"type":"Feature","geometry":{"type":"Polygon","coordinates":[[[9.9903,50.9954],[9.9872,51.011],[9.9984,51.0273],[9.9666,51.0385],[9.954,51.0473],[9.9346,51.0523],[9.9108,51.0464],[9.8869,51.0462],[9.8695,51.0347],[9.8759,51.0283],[9.8865,51.0181],[9.9062,51.0115],[9.918,50.9925],[9.8937,50.9924],[9.9041,50.9779],[9.9273,50.9777],[9.9317,50.9671],[9.9412,50.9631],[9.9681,50.9696],[9.9728,50.9569],[9.9906,50.9758],[9.9903,50.9954]]]},"properties":{"AGS":"06632013","GEN":"Nentershausen","SN_L":"06"}},
{"type":"Feature","geometry":{"type":"Polygon","coordinates":[[[9.65,50.8984],[9.6401,50.9084],[9.6232,50.9102],[9.6241,50.9192],[9.6003,50.9263],[9.5796,50.9517],[9.5662,50.954],[9.5639,50.9452],[9.533,50.9445],[9.5052,50.9323],[9.5101,50.9202],[9.4922,50.9097],[9.4821,50.8966],[9.4915,50.8886],[9.5015,50.8806],[9.5272,50.8902],[9.5471,50.8836],[9.556,50.8873],[9.5874,50.8735],[9.6268,50.8726],[9.6467,50.8806],[9.6563,50.8897],[9.65,50.8984]]]},"properties":{"AGS":"06632014","GEN":"Neuenstein","SN_L":"06"}},
{"type":"Feature","geometry":{"type":"Polygon","coordinates":[[[9.6927,50.8255],[9.6781,50.8205],[9.6637,50.8237],[9.6472,50.8187],[9.6308,50.8199],[9.6375,50.8373],[9.6252,50.8423],[9.6081,50.839],[9.5936,50.8276],[9.5651,50.8325],[9.5508,50.8275],[9.531,50.8105],[9.5106,50.8093],[9.5211,50.797],[9.5535,50.7831],[9.56,50.763],[9.5718,50.7661],[9.6046,50.7574],[9.6173,50.7667],[9.6207,50.7775],[9.6372,50.7798],[9.6644,50.796],[9.679,50.7945],[9.708,50.8089],[9.6927,50.8255]]]},"properties":{"AGS":"06632015","GEN":"Niederaula","SN_L":"06"}},
{"type":"Feature","geometry":{"type":"Polygon","coordinates":[[[10.0219,50.8645],[10.0006,50.8628],[9.9993,50.854],[9.9807,50.8525],[9.9686,50.8677],[9.9503,50.8609],[9.8978,50.8686],[9.9048,50.8607],[9.9391,50.8426],[9.9523,50.8467],[9.9702,50.8299],[9.9946,50.8258],[10.0108,50.835],[10.0231,50.8316],[10.0345,50.8427],[10.0187,50.8586],[10.0219,50.8645]]]},"properties":{"AGS":"06632016","GEN":"Philippsthal (Werra)","SN_L":"06"}},
{"type":"Feature","geometry":{"type":"Polygon","coordinates":[[[9.9317,50.9671],[9.9273,50.9777],[9.9041,50.9779],[9.8758,50.9643],[9.8583,50.9659],[9.8349,50.9589],[9.8407,50.945],[9.8292,50.9377],[9.8344,50.9162],[9.8375,50.903],[9.8434,50.8978],[9.8682,50.8982],[9.8971,50.9151],[9.9089,50.9241],[9.9045,50.9383],[9.9142,50.9556],[9.9317,50.9671]]]},"properties":{"AGS":"06632017","GEN":"Ronshausen","SN_L":"06"}},
{"type":"Feature","geometry":{"type":"Polygon","coordinates":[[[9.7775,51.0832],[9.7533,51.0721],[9.7535,51.0594],[9.7201,51.0498],[9.714,51.0336],[9.7002,51.0204],[9.6859,51.0188],[9.6803,51.0097],[9.6846,50.9957],[9.6738,50.9948],[9.6743,50.9897],[9.6559,50.9763],[9.676,50.9628],[9.6753,50.9521],[9.704,50.9581],[9.7305,50.967],[9.7626,50.9723],[9.764,50.9779],[9.797,50.9944],[9.795,51.0256],[9.8044,51.0279],[9.8038,51.0416],[9.7899,51.0635],[9.796,51.0812],[9.7775,51.0832]]]},"properties":{"AGS":"06632018","GEN":"Rotenburg a.d.Fulda","SN_L":"06"}},
{"type":"Feature","geometry":{"type":"Polygon","coordinates":[[[9.8076,50.8589],[9.7847,50.863],[9.7579,50.8592],[9.7333,50.8477],[9.7532,50.8443],[9.7438,50.8255],[9.7476,50.814],[9.7724,50.8138],[9.7729,50.808],[9.8065,50.7965],[9.8425,50.7904],[9.8809,50.796],[9.888,50.7908],[9.8954,50.8013],[9.8914,50.8258],[9.9074,50.8337],[9.9013,50.8521],[9.8738,50.8487],[9.8593,50.8433],[9.8286,50.8461],[9.8278,50.8558],[9.8076,50.8589]]]},"properties":{"AGS":"06632019","GEN":"Schenklengsfeld","SN_L":"06"}},
{"type":"Feature","geometry":{"type":"Polygon","coordinates":[[[10.0216,50.9929],[9.9903,50.9954],[9.9906,50.9758],[9.9728,50.9569],[9.9681,50.9696],[9.9412,50.9631],[9.9317,50.9671],[9.9142,50.9556],[9.9045,50.9383],[9.9089,50.9241],[9.8971,50.9151],[9.9198,50.9225],[9.9274,50.9193],[9.94,50.9279],[9.9518,50.927],[9.9501,50.9423],[9.991,50.9436],[10.0294,50.9381],[10.0536,50.9398],[10.0639,50.9454],[10.0479,50.9461],[10.0409,50.9675],[10.0243,50.9762],[10.0216,50.9929]]]},"properties":{"AGS":"06632020","GEN":"Wildeck","SN_L":"06"}},
{"type":"Feature","geometry":{"type":"Polygon","coordinates":[[[9.4311,51.3797],[9.4144,51.3784],[9.377,51.3806],[9.366,51.3699],[9.352,51.3676],[9.3518,51.3599],[9.37,51.3487],[9.4225,51.3542],[9.44,51.3496],[9.4428,51.3692],[9.4311,51.3797]]]},"properties":{"AGS":"06633001","GEN":"Ahnatal","SN_L":"06"}},
{"type":"Feature","geometry":{"type":"Polygon","coordinates":[[[9.4916,51.6381],[9.4986,51.6523],[9.4921,51.6574],[9.4655,51.6531],[9.4533,51.6457],[9.4405,51.6504],[9.4449,51.6442],[9.4267,51.6308],[9.3985,51.6246],[9.406,51.6141],[9.438,51.6114],[9.4475,51.6141],[9.4668,51.6145],[9.4789,51.6256],[9.4642,51.649],[9.4833,51.6532],[9.4951,51.6486],[9.4916,51.6381]]]},"properties":{"AGS":"06633002","GEN":"Bad Karlshafen","SN_L":"06"}},
{"type":"Feature","geometry":{"type":"Polygon","coordinates":[[[9.4828,51.2619],[9.4255,51.2705],[9.3974,51.2814],[9.3966,51.2707],[9.3816,51.2635],[9.3371,51.2709],[9.3268,51.2576],[9.3538,51.2515],[9.3641,51.2339],[9.3992,51.2324],[9.4102,51.2202],[9.4521,51.2283],[9.4606,51.2217],[9.4738,51.2251],[9.4785,51.2318],[9.4612,51.2445],[9.4828,51.2619]]]},"properties":{"AGS":"06633003","GEN":"Baunatal","SN_L":"06"}},
{"type":"Feature","geometry":{"type":"Polygon","coordinates":[[[9.2771,51.4494],[9.2772,51.4582],[9.2185,51.4719],[9.2165,51.4596],[9.1851,51.4663],[9.1744,51.4629],[9.1554,51.4427],[9.1616,51.42],[9.1405,51.4127],[9.1635,51.3995],[9.1826,51.4047],[9.2138,51.408],[9.2124,51.4373],[9.2311,51.431],[9.2469,51.4366],[9.2744,51.4346],[9.2771,51.4494]]]},"properties":{"AGS":"06633004","GEN":"Breuna","SN_L":"06"}},
{"type":"Feature","geometry":{"type":"Polygon","coordinates":[[[9.3313,51.4527],[9.2771,51.4494],[9.2744,51.4346],[9.2792,51.4277],[9.3032,51.4256],[9.3094,51.4103],[9.3218,51.4097],[9.3277,51.3779],[9.3415,51.3663],[9.352,51.3676],[9.366,51.3699],[9.377,51.3806],[9.4144,51.3784],[9.4311,51.3797],[9.4458,51.3994],[9.4276,51.4021],[9.4223,51.421],[9.3999,51.4232],[9.3832,51.4176],[9.3577,51.418],[9.3625,51.4347],[9.3481,51.4469],[9.3313,51.4527]]]},"properties":{"AGS":"06633005","GEN":"Calden","SN_L":"06"}},
{"type":"Feature","geometry":{"type":"Polygon","coordinates":[[[9.2554,51.2858],[9.2488,51.2884],[9.211,51.2871],[9.2172,51.2798],[9.2086,51.2635],[9.2125,51.2513],[9.2267,51.2455],[9.2416,51.2312],[9.2424,51.2139],[9.2265,51.1971],[9.2655,51.1978],[9.2736,51.2229],[9.273,51.2397],[9.2846,51.2541],[9.3081,51.2483],[9.303,51.2634],[9.2842,51.2698],[9.2711,51.2841],[9.2554,51.2858]]]},"properties":{"AGS":"06633006","GEN":"Bad Emstal","SN_L":"06"}},
{"type":"Feature","geometry":{"type":"Polygon","coordinates":[[[9.5031,51.4091],[9.465,51.41],[9.4458,51.3994],[9.4311,51.3797],[9.4568,51.3773],[9.4854,51.3783],[9.4968,51.3851],[9.5031,51.4091]]]},"properties":{"AGS":"06633007","GEN":"Espenau","SN_L":"06"}},
{"type":"Feature","geometry":{"type":"Polygon","coordinates":[[[9.5151,51.256],[9.5163,51.2723],[9.4984,51.276],[9.4828,51.2619],[9.4612,51.2445],[9.4785,51.2318],[9.4738,51.2251],[9.4827,51.2126],[9.5087,51.2156],[9.5162,51.2223],[9.5001,51.2415],[9.5151,51.256]]]},"properties":{"AGS":"06633008","GEN":"Fuldabrück","SN_L":"06"}},
{"type":"Feature","geometry":{"type":"Polygon","coordinates":[[[9.6042,51.4031],[9.5861,51.4093],[9.5682,51.4074],[9.5494,51.4111],[9.5499,51.4038],[9.5263,51.4],[9.5031,51.4091],[9.4968,51.3851],[9.4854,51.3783],[9.5005,51.3658],[9.4978,51.352],[9.5165,51.3412],[9.5393,51.3374],[9.545,51.3492],[9.5573,51.3514],[9.5484,51.359],[9.5501,51.3619],[9.5698,51.3626],[9.5771,51.37],[9.5593,51.3788],[9.5717,51.3903],[9.5781,51.4009],[9.6042,51.4031]]]},"properties":{"AGS":"06633009","GEN":"Fuldatal","SN_L":"06"}},
{"type":"Feature","geometry":{"type":"Polygon","coordinates":[[[9.5017,51.4616],[9.4995,51.4704],[9.478,51.4893],[9.4818,51.4823],[9.4434,51.4739],[9.4161,51.479],[9.4066,51.4763],[9.3856,51.4595],[9.3542,51.4568],[9.3313,51.4527],[9.3481,51.4469],[9.3625,51.4347],[9.3577,51.418],[9.3832,51.4176],[9.3999,51.4232],[9.4223,51.421],[9.4276,51.4021],[9.4458,51.3994],[9.465,51.41],[9.4448,51.4344],[9.4444,51.4427],[9.4979,51.4675],[9.5017,51.4616]]]},"properties":{"AGS":"06633010","GEN":"Grebenstein","SN_L":"06"}},
{"type":"Feature","geometry":{"type":"Polygon","coordinates":[[[9.37,51.3487],[9.3518,51.3599],[9.3514,51.3528],[9.3287,51.3533],[9.3154,51.3459],[9.2868,51.343],[9.2857,51.3402],[9.2985,51.3072],[9.2957,51.3017],[9.3036,51.3093],[9.3311,51.3019],[9.3515,51.3072],[9.3557,51.3129],[9.3775,51.3175],[9.3807,51.3284],[9.37,51.3487]]]},"properties":{"AGS":"06633011","GEN":"Habichtswald","SN_L":"06"}},
{"type":"Feature","geometry":{"type":"Polygon","coordinates":[[[9.7538,51.2681],[9.755,51.2626],[9.6947,51.2613],[9.6704,51.272],[9.6567,51.2639],[9.6552,51.2527],[9.6282,51.2463],[9.6434,51.2332],[9.6404,51.2116],[9.6502,51.2096],[9.6681,51.217],[9.6873,51.2445],[9.7322,51.2413],[9.754,51.2503],[9.7595,51.2606],[9.7582,51.2644],[9.7538,51.2681]]]},"properties":{"AGS":"06633012","GEN":"Helsa","SN_L":"06"}},
{"type":"Feature","geometry":{"type":"MultiPolygon","coordinates":[[[[9.5365,51.5569],[9.5295,51.555],[9.5179,51.5544],[9.5168,51.5533],[9.5283,51.545],[9.53,51.5328],[9.5502,51.5415],[9.5365,51.5569]]],[[[9.4259,51.5532],[9.4045,51.5545],[9.3955,51.5449],[9.3734,51.534],[9.3493,51.5274],[9.3256,51.5121],[9.3319,51.4949],[9.3258,51.4878],[9.3334,51.4733],[9.3481,51.4731],[9.3542,51.4568],[9.3856,51.4595],[9.4066,51.4763],[9.4161,51.479],[9.4434,51.4739],[9.4818,51.4823],[9.478,51.4893],[9.485,51.5032],[9.4947,51.5014],[9.498,51.5211],[9.514,51.5264],[9.5015,51.5425],[9.4865,51.5428],[9.4833,51.5453],[9.4572,51.5256],[9.4641,51.5193],[9.4469,51.51],[9.4306,51.5169],[9.4462,51.531],[9.4396,51.5442],[9.4259,51.5532]]]]},"properties":{"AGS":"06633013","GEN":"Hofgeismar","SN_L":"06"}},
{"type":"Feature","geometry":{"type":"Polygon","coordinates":[[[9.5017,51.4616],[9.4979,51.4675],[9.4444,51.4427],[9.4448,51.4344],[9.465,51.41],[9.5031,51.4091],[9.5263,51.4],[9.5499,51.4038],[9.5494,51.4111],[9.5479,51.4278],[9.5181,51.4331],[9.5017,51.4616]]]},"properties":{"AGS":"06633014","GEN":"Immenhausen","SN_L":"06"}},
{"type":"Feature","geometry":{"type":"Polygon","coordinates":[[[9.6341,51.3045],[9.6033,51.3014],[9.5878,51.2934],[9.5585,51.2952],[9.5516,51.2908],[9.588,51.2762],[9.5977,51.2644],[9.6084,51.2637],[9.6151,51.25],[9.6282,51.2463],[9.6552,51.2527],[9.6567,51.2639],[9.6704,51.272],[9.6452,51.2789],[9.6521,51.3046],[9.6341,51.3045]]]},"properties":{"AGS":"06633015","GEN":"Kaufungen","SN_L":"06"}},
{"type":"Feature","geometry":{"type":"Polygon","coordinates":[[[9.3493,51.5274],[9.3306,51.5392],[9.3205,51.553],[9.31,51.5309],[9.3159,51.523],[9.3015,51.5145],[9.2823,51.5144],[9.2681,51.5059],[9.2621,51.4987],[9.2421,51.4977],[9.2166,51.4812],[9.2185,51.4719],[9.2772,51.4582],[9.2771,51.4494],[9.3313,51.4527],[9.3542,51.4568],[9.3481,51.4731],[9.3334,51.4733],[9.3258,51.4878],[9.3319,51.4949],[9.3256,51.5121],[9.3493,51.5274]]]},"properties":{"AGS":"06633016","GEN":"Liebenau","SN_L":"06"}},
{"type":"Feature","geometry":{"type":"Polygon","coordinates":[[[9.5977,51.2644],[9.588,51.2762],[9.5516,51.2908],[9.5236,51.2833],[9.5163,51.2723],[9.5151,51.256],[9.5378,51.2571],[9.5522,51.2447],[9.5653,51.2475],[9.5737,51.2594],[9.5977,51.2644]]]},"properties":{"AGS":"06633017","GEN":"Lohfelden","SN_L":"06"}},
{"type":"Feature","geometry":{"type":"Polygon","coordinates":[[[9.211,51.2871],[9.1845,51.2867],[9.154,51.2793],[9.1494,51.2632],[9.1323,51.2487],[9.1192,51.2453],[9.1293,51.2441],[9.1288,51.2196],[9.1525,51.2075],[9.1742,51.1899],[9.1768,51.1745],[9.1895,51.1704],[9.2288,51.1787],[9.2265,51.1971],[9.2424,51.2139],[9.2416,51.2312],[9.2267,51.2455],[9.2125,51.2513],[9.2086,51.2635],[9.2172,51.2798],[9.211,51.2871]]]},"properties":{"AGS":"06633018","GEN":"Naumburg","SN_L":"06"}},
{"type":"Feature","geometry":{"type":"Polygon","coordinates":[[[9.7323,51.2952],[9.7087,51.3038],[9.6789,51.311],[9.6387,51.3149],[9.6341,51.3045],[9.6521,51.3046],[9.6918,51.3063],[9.7323,51.2952]]]},"properties":{"AGS":"06633019","GEN":"Nieste","SN_L":"06"}},
{"type":"Feature","geometry":{"type":"Polygon","coordinates":[[[9.6387,51.3149],[9.6334,51.3259],[9.6068,51.3258],[9.5817,51.3422],[9.568,51.34],[9.5658,51.3281],[9.5478,51.3283],[9.5307,51.3182],[9.556,51.3109],[9.5585,51.2952],[9.5878,51.2934],[9.6033,51.3014],[9.6341,51.3045],[9.6387,51.3149]]]},"properties":{"AGS":"06633020","GEN":"Niestetal","SN_L":"06"}},
{"type":"Feature","geometry":{"type":"Polygon","coordinates":[[[9.6372,51.4627],[9.6399,51.4732],[9.6259,51.4767],[9.6097,51.4911],[9.5961,51.5094],[9.5863,51.5163],[9.6147,51.5257],[9.6221,51.5414],[9.6143,51.5477],[9.6085,51.5311],[9.5936,51.5302],[9.5801,51.5189],[9.5781,51.5059],[9.5969,51.4749],[9.6141,51.4691],[9.6128,51.4613],[9.6372,51.4627]]]},"properties":{"AGS":"06633022","GEN":"Reinhardshagen","SN_L":"06"}},
{"type":"Feature","geometry":{"type":"Polygon","coordinates":[[[9.3515,51.3072],[9.3311,51.3019],[9.3036,51.3093],[9.2957,51.3017],[9.271,51.2891],[9.2504,51.2927],[9.2554,51.2858],[9.2711,51.2841],[9.2842,51.2698],[9.303,51.2634],[9.3081,51.2483],[9.3291,51.2529],[9.3296,51.2542],[9.3268,51.2576],[9.3371,51.2709],[9.3816,51.2635],[9.3966,51.2707],[9.3974,51.2814],[9.378,51.2825],[9.3626,51.2928],[9.3515,51.3072]]]},"properties":{"AGS":"06633023","GEN":"Schauenburg","SN_L":"06"}},
{"type":"Feature","geometry":{"type":"Polygon","coordinates":[[[9.6282,51.2463],[9.6151,51.25],[9.6084,51.2637],[9.5977,51.2644],[9.5737,51.2594],[9.5653,51.2475],[9.5522,51.2447],[9.5378,51.2571],[9.5151,51.256],[9.5001,51.2415],[9.5162,51.2223],[9.531,51.2118],[9.5446,51.2156],[9.5632,51.2085],[9.5575,51.1977],[9.5636,51.1889],[9.5769,51.1863],[9.5836,51.1771],[9.5979,51.1741],[9.636,51.1831],[9.625,51.1928],[9.6404,51.2116],[9.6434,51.2332],[9.6282,51.2463]]]},"properties":{"AGS":"06633024","GEN":"Söhrewald","SN_L":"06"}},
{"type":"Feature","geometry":{"type":"Polygon","coordinates":[[[9.3985,51.6246],[9.3719,51.6256],[9.337,51.612],[9.3563,51.5977],[9.3706,51.5941],[9.3543,51.5817],[9.3356,51.56],[9.3205,51.553],[9.3306,51.5392],[9.3493,51.5274],[9.3734,51.534],[9.3955,51.5449],[9.4045,51.5545],[9.4259,51.5532],[9.4237,51.5592],[9.4628,51.5584],[9.4754,51.5772],[9.4673,51.5833],[9.4424,51.5817],[9.4231,51.5936],[9.4382,51.5961],[9.4395,51.593],[9.4457,51.5932],[9.4564,51.588],[9.4736,51.5886],[9.4833,51.5753],[9.4796,51.5521],[9.4833,51.5453],[9.4865,51.5428],[9.4807,51.5534],[9.4868,51.5671],[9.5168,51.5533],[9.5179,51.5544],[9.5295,51.555],[9.5365,51.5569],[9.535,51.5653],[9.5209,51.5678],[9.5128,51.5837],[9.4922,51.5934],[9.4552,51.5888],[9.4457,51.5939],[9.4385,51.5957],[9.4503,51.6051],[9.4475,51.6141],[9.438,51.6114],[9.406,51.6141],[9.3985,51.6246]]]},"properties":{"AGS":"06633025","GEN":"Trendelburg","SN_L":"06"}},
{"type":"Feature","geometry":{"type":"Polygon","coordinates":[[[9.4854,51.3783],[9.4568,51.3773],[9.4311,51.3797],[9.4428,51.3692],[9.44,51.3496],[9.4593,51.3438],[9.4859,51.3465],[9.4978,51.352],[9.5005,51.3658],[9.4854,51.3783]]]},"properties":{"AGS":"06633026","GEN":"Vellmar","SN_L":"06"}},
{"type":"Feature","geometry":{"type":"Polygon","coordinates":[[[9.2138,51.408],[9.1826,51.4047],[9.1635,51.3995],[9.1657,51.3828],[9.1744,51.3714],[9.1437,51.3645],[9.1431,51.3722],[9.1157,51.3641],[9.1017,51.3644],[9.1087,51.3504],[9.129,51.3447],[9.1252,51.3381],[9.102,51.3322],[9.1124,51.3198],[9.105,51.3036],[9.1158,51.2812],[9.1267,51.2768],[9.0938,51.2676],[9.0995,51.2507],[9.1192,51.2453],[9.1323,51.2487],[9.1494,51.2632],[9.154,51.2793],[9.1845,51.2867],[9.211,51.2871],[9.2488,51.2884],[9.2554,51.2858],[9.2504,51.2927],[9.2483,51.3073],[9.2345,51.313],[9.2573,51.3245],[9.2615,51.3393],[9.2857,51.3402],[9.2868,51.343],[9.2516,51.3472],[9.2461,51.3585],[9.2191,51.3626],[9.2057,51.372],[9.2079,51.3943],[9.2138,51.408]]]},"properties":{"AGS":"06633028","GEN":"Wolfhagen","SN_L":"06"}},
{"type":"Feature","geometry":{"type":"MultiPolygon","coordinates":[[[[9.2857,51.3402],[9.2615,51.3393],[9.2573,51.3245],[9.2345,51.313],[9.2483,51.3073],[9.2504,51.2927],[9.271,51.2891],[9.2957,51.3017],[9.2985,51.3072],[9.2857,51.3402]]],[[[9.2744,51.4346],[9.2469,51.4366],[9.2311,51.431],[9.2124,51.4373],[9.2138,51.408],[9.2079,51.3943],[9.2057,51.372],[9.2191,51.3626],[9.2461,51.3585],[9.2516,51.3472],[9.2868,51.343],[9.3154,51.3459],[9.3287,51.3533],[9.3514,51.3528],[9.3518,51.3599],[9.352,51.3676],[9.3415,51.3663],[9.3277,51.3779],[9.3218,51.4097],[9.3094,51.4103],[9.3032,51.4256],[9.2792,51.4277],[9.2744,51.4346]]]]},"properties":{"AGS":"06633029","GEN":"Zierenberg","SN_L":"06"}},
{"type":"Feature","geometry":{"type":"Polygon","coordinates":[[[9.5924,51.6285],[9.5652,51.6254],[9.5455,51.64],[9.5229,51.6262],[9.4965,51.631],[9.5266,51.6232],[9.5429,51.6244],[9.5355,51.6008],[9.5564,51.591],[9.5804,51.5864],[9.5852,51.5669],[9.6111,51.5536],[9.6224,51.5487],[9.6478,51.5525],[9.6364,51.5589],[9.6252,51.5737],[9.634,51.5845],[9.6724,51.5684],[9.684,51.5665],[9.6853,51.582],[9.6611,51.593],[9.6495,51.6063],[9.6378,51.6088],[9.6366,51.6234],[9.6143,51.6315],[9.5924,51.6285]]]},"properties":{"AGS":"06633030","GEN":"Wesertal","SN_L":"06"}},
{"type":"Feature","geometry":{"type":"MultiPolygon","coordinates":[[[[9.4833,51.5453],[9.4796,51.5521],[9.4833,51.5753],[9.4736,51.5886],[9.4564,51.588],[9.4457,51.5932],[9.4395,51.593],[9.4382,51.5961],[9.4231,51.5936],[9.4424,51.5817],[9.4673,51.5833],[9.4754,51.5772],[9.4628,51.5584],[9.4237,51.5592],[9.4259,51.5532],[9.4396,51.5442],[9.4462,51.531],[9.4306,51.5169],[9.4469,51.51],[9.4641,51.5193],[9.4572,51.5256],[9.4833,51.5453]]],[[[9.6111,51.5536],[9.5852,51.5669],[9.5804,51.5864],[9.5564,51.591],[9.5355,51.6008],[9.5429,51.6244],[9.5266,51.6232],[9.4965,51.631],[9.4916,51.6381],[9.4951,51.6486],[9.4833,51.6532],[9.4642,51.649],[9.4789,51.6256],[9.4668,51.6145],[9.4475,51.6141],[9.4503,51.6051],[9.4385,51.5957],[9.4457,51.5939],[9.4552,51.5888],[9.4922,51.5934],[9.5128,51.5837],[9.5209,51.5678],[9.535,51.5653],[9.5365,51.5569],[9.5502,51.5415],[9.53,51.5328],[9.5283,51.545],[9.5168,51.5533],[9.4868,51.5671],[9.4807,51.5534],[9.4865,51.5428],[9.5015,51.5425],[9.514,51.5264],[9.498,51.5211],[9.4947,51.5014],[9.485,51.5032],[9.478,51.4893],[9.4995,51.4704],[9.5017,51.4616],[9.5181,51.4331],[9.5479,51.4278],[9.5494,51.4111],[9.5682,51.4074],[9.5861,51.4093],[9.6042,51.4031],[9.6227,51.4062],[9.6436,51.4183],[9.6343,51.4261],[9.6276,51.4442],[9.6372,51.4627],[9.6128,51.4613],[9.6141,51.4691],[9.5969,51.4749],[9.5781,51.5059],[9.5801,51.5189],[9.5936,51.5302],[9.6085,51.5311],[9.6143,51.5477],[9.6111,51.5536]]]]},"properties":{"AGS":"06633200","GEN":"Gutsbezirk Reinhardswald","SN_L":"06"}},
{"type":"Feature","geometry":{"type":"Polygon","coordinates":[[[9.3612,51.0629],[9.3559,51.074],[9.3382,51.0707],[9.3237,51.0773],[9.2975,51.0792],[9.2887,51.0924],[9.2677,51.1018],[9.2516,51.0912],[9.2287,51.0905],[9.2096,51.0841],[9.1955,51.0783],[9.1934,51.0685],[9.2151,51.0427],[9.2333,51.0398],[9.2402,51.0204],[9.2853,50.9877],[9.2988,50.9874],[9.3045,51.0009],[9.3189,51.0156],[9.3352,51.0141],[9.3404,51.034],[9.3293,51.0476],[9.3627,51.0533],[9.3612,51.0629]]]},"properties":{"AGS":"06634001","GEN":"Borken (Hessen)","SN_L":"06"}},
{"type":"Feature","geometry":{"type":"Polygon","coordinates":[[[9.3268,51.2576],[9.3296,51.2542],[9.353,51.2316],[9.3497,51.2245],[9.3612,51.2071],[9.3736,51.2019],[9.4148,51.2048],[9.4198,51.1913],[9.429,51.1882],[9.4536,51.1945],[9.4537,51.2094],[9.4606,51.2217],[9.4521,51.2283],[9.4102,51.2202],[9.3992,51.2324],[9.3641,51.2339],[9.3538,51.2515],[9.3268,51.2576]]]},"properties":{"AGS":"06634002","GEN":"Edermünde","SN_L":"06"}},
{"type":"Feature","geometry":{"type":"Polygon","coordinates":[[[9.4536,51.1945],[9.429,51.1882],[9.4062,51.1601],[9.3962,51.1639],[9.3747,51.1529],[9.3628,51.1425],[9.3654,51.1342],[9.3882,51.112],[9.4058,51.1107],[9.4109,51.0874],[9.4273,51.0745],[9.4294,51.08],[9.4518,51.0963],[9.4914,51.0931],[9.5069,51.1046],[9.5118,51.1224],[9.5027,51.129],[9.5179,51.1369],[9.5322,51.1583],[9.5084,51.1577],[9.4844,51.1741],[9.4594,51.1789],[9.4536,51.1945]]]},"properties":{"AGS":"06634003","GEN":"Felsberg","SN_L":"06"}},
{"type":"Feature","geometry":{"type":"Polygon","coordinates":[[[9.3352,51.0141],[9.3189,51.0156],[9.3045,51.0009],[9.2988,50.9874],[9.2853,50.9877],[9.2802,50.9817],[9.2521,50.9715],[9.2616,50.9673],[9.2505,50.9556],[9.254,50.9461],[9.2945,50.919],[9.2899,50.9116],[9.3026,50.9024],[9.3064,50.8963],[9.3327,50.9067],[9.3412,50.9189],[9.3514,50.9229],[9.3723,50.92],[9.3936,50.9248],[9.4126,50.9349],[9.4162,50.9598],[9.4119,50.975],[9.3744,50.9709],[9.3643,50.9832],[9.3538,50.982],[9.3468,50.9931],[9.3491,51.0094],[9.3352,51.0141]]]},"properties":{"AGS":"06634004","GEN":"Frielendorf","SN_L":"06"}},
{"type":"Feature","geometry":{"type":"Polygon","coordinates":[[[9.2655,51.1978],[9.2265,51.1971],[9.2288,51.1787],[9.1895,51.1704],[9.1949,51.1561],[9.1906,51.1492],[9.2053,51.1339],[9.2214,51.1282],[9.1898,51.097],[9.2096,51.0841],[9.2287,51.0905],[9.2516,51.0912],[9.2677,51.1018],[9.2941,51.1104],[9.2987,51.122],[9.3304,51.1142],[9.3428,51.1143],[9.3473,51.1319],[9.3654,51.1342],[9.3628,51.1425],[9.3282,51.1433],[9.3293,51.1595],[9.3099,51.1649],[9.3018,51.186],[9.2655,51.1978]]]},"properties":{"AGS":"06634005","GEN":"Fritzlar","SN_L":"06"}},
{"type":"Feature","geometry":{"type":"Polygon","coordinates":[[[9.1254,50.951],[9.1157,50.9576],[9.1126,50.9705],[9.0908,50.9746],[9.0642,50.991],[9.0556,51.0002],[9.0355,50.9897],[9.0222,50.985],[9.0093,50.9721],[9.0338,50.9545],[9.0258,50.9372],[9.0077,50.94],[8.9746,50.9383],[8.9749,50.9309],[9.0103,50.926],[9.0119,50.9105],[9.0203,50.907],[9.0271,50.9028],[9.0399,50.9088],[9.0459,50.9206],[9.0904,50.9131],[9.11,50.919],[9.1535,50.9271],[9.1254,50.951]]]},"properties":{"AGS":"06634006","GEN":"Gilserberg","SN_L":"06"}},
{"type":"Feature","geometry":{"type":"Polygon","coordinates":[[[9.429,51.1882],[9.4198,51.1913],[9.4148,51.2048],[9.3736,51.2019],[9.3612,51.2071],[9.3497,51.2245],[9.353,51.2316],[9.3296,51.2542],[9.3291,51.2529],[9.3304,51.2376],[9.342,51.2306],[9.3533,51.207],[9.3411,51.1943],[9.3048,51.1937],[9.3018,51.186],[9.3099,51.1649],[9.3293,51.1595],[9.3282,51.1433],[9.3628,51.1425],[9.3747,51.1529],[9.3962,51.1639],[9.4062,51.1601],[9.429,51.1882]]]},"properties":{"AGS":"06634007","GEN":"Gudensberg","SN_L":"06"}},
{"type":"Feature","geometry":{"type":"Polygon","coordinates":[[[9.5162,51.2223],[9.5087,51.2156],[9.4827,51.2126],[9.4738,51.2251],[9.4606,51.2217],[9.4537,51.2094],[9.4536,51.1945],[9.4594,51.1789],[9.4844,51.1741],[9.4982,51.1915],[9.5195,51.193],[9.5267,51.182],[9.5389,51.176],[9.5471,51.1898],[9.5636,51.1889],[9.5575,51.1977],[9.5632,51.2085],[9.5446,51.2156],[9.531,51.2118],[9.5162,51.2223]]]},"properties":{"AGS":"06634008","GEN":"Guxhagen","SN_L":"06"}},
{"type":"Feature","geometry":{"type":"Polygon","coordinates":[[[9.4826,51.0518],[9.4691,51.0684],[9.4521,51.0642],[9.4294,51.08],[9.4273,51.0745],[9.4329,51.0639],[9.4159,51.0594],[9.392,51.0627],[9.373,51.0598],[9.3612,51.0629],[9.3627,51.0533],[9.3293,51.0476],[9.3404,51.034],[9.3352,51.0141],[9.3491,51.0094],[9.3468,50.9931],[9.3538,50.982],[9.3643,50.9832],[9.3744,50.9709],[9.4119,50.975],[9.4162,50.9598],[9.4126,50.9349],[9.4177,50.9287],[9.4419,50.9303],[9.457,50.9425],[9.468,50.9381],[9.482,50.9555],[9.4474,50.9807],[9.4446,50.9947],[9.4701,51.0207],[9.4793,51.0222],[9.4842,51.0354],[9.4673,51.0407],[9.4826,51.0518]]]},"properties":{"AGS":"06634009","GEN":"Homberg (Efze)","SN_L":"06"}},
{"type":"Feature","geometry":{"type":"Polygon","coordinates":[[[9.1804,51.0192],[9.1664,51.0224],[9.1311,51.0211],[9.1094,51.0294],[9.0959,51.0235],[9.0878,51.0212],[9.0729,51.005],[9.0556,51.0002],[9.0642,50.991],[9.0908,50.9746],[9.1126,50.9705],[9.1157,50.9576],[9.1254,50.951],[9.1402,50.9574],[9.16,50.9535],[9.1797,50.958],[9.187,50.9858],[9.1762,50.9948],[9.1804,51.0192]]]},"properties":{"AGS":"06634010","GEN":"Jesberg","SN_L":"06"}},
{"type":"Feature","geometry":{"type":"Polygon","coordinates":[[[9.5717,51.0289],[9.5632,51.0424],[9.5672,51.0476],[9.5501,51.0638],[9.5415,51.0659],[9.5357,51.0756],[9.5176,51.0614],[9.4826,51.0518],[9.4673,51.0407],[9.4842,51.0354],[9.4793,51.0222],[9.4701,51.0207],[9.4446,50.9947],[9.4474,50.9807],[9.482,50.9555],[9.468,50.9381],[9.457,50.9425],[9.4419,50.9303],[9.462,50.9253],[9.4834,50.9292],[9.4922,50.9097],[9.5101,50.9202],[9.5052,50.9323],[9.533,50.9445],[9.5639,50.9452],[9.5662,50.954],[9.546,50.9708],[9.5653,50.9915],[9.5849,50.9927],[9.5731,51.0138],[9.5717,51.0289]]]},"properties":{"AGS":"06634011","GEN":"Knüllwald","SN_L":"06"}},
{"type":"Feature","geometry":{"type":"Polygon","coordinates":[[[9.5636,51.1889],[9.5471,51.1898],[9.5389,51.176],[9.5267,51.182],[9.5195,51.193],[9.4982,51.1915],[9.4844,51.1741],[9.5084,51.1577],[9.5322,51.1583],[9.5361,51.1679],[9.5557,51.1636],[9.5784,51.1659],[9.5979,51.1741],[9.5836,51.1771],[9.5769,51.1863],[9.5636,51.1889]]]},"properties":{"AGS":"06634012","GEN":"Körle","SN_L":"06"}},
{"type":"Feature","geometry":{"type":"Polygon","coordinates":[[[9.5787,51.0892],[9.5217,51.1081],[9.5069,51.1046],[9.4914,51.0931],[9.4518,51.0963],[9.4294,51.08],[9.4521,51.0642],[9.4691,51.0684],[9.4826,51.0518],[9.5176,51.0614],[9.5357,51.0756],[9.5415,51.0659],[9.5598,51.0776],[9.5736,51.0796],[9.5787,51.0892]]]},"properties":{"AGS":"06634013","GEN":"Malsfeld","SN_L":"06"}},
{"type":"Feature","geometry":{"type":"Polygon","coordinates":[[[9.6934,51.1733],[9.6853,51.1851],[9.636,51.1831],[9.5979,51.1741],[9.5784,51.1659],[9.5557,51.1636],[9.5361,51.1679],[9.5322,51.1583],[9.5179,51.1369],[9.5027,51.129],[9.5118,51.1224],[9.5069,51.1046],[9.5217,51.1081],[9.5787,51.0892],[9.6039,51.0937],[9.584,51.1084],[9.5849,51.1196],[9.6048,51.1245],[9.6255,51.1398],[9.6249,51.1454],[9.6511,51.1598],[9.663,51.1593],[9.6705,51.1684],[9.6934,51.1733]]]},"properties":{"AGS":"06634014","GEN":"Melsungen","SN_L":"06"}},
{"type":"Feature","geometry":{"type":"Polygon","coordinates":[[[9.6923,51.076],[9.6351,51.0965],[9.6039,51.0937],[9.5787,51.0892],[9.5736,51.0796],[9.5598,51.0776],[9.5415,51.0659],[9.5501,51.0638],[9.5672,51.0476],[9.5632,51.0424],[9.5717,51.0289],[9.6001,51.0237],[9.6256,51.0321],[9.64,51.0409],[9.641,51.0566],[9.6698,51.0601],[9.6923,51.076]]]},"properties":{"AGS":"06634015","GEN":"Morschen","SN_L":"06"}},
{"type":"Feature","geometry":{"type":"Polygon","coordinates":[[[9.2853,50.9877],[9.2402,51.0204],[9.2333,51.0398],[9.2151,51.0427],[9.2095,51.0305],[9.1804,51.0192],[9.1762,50.9948],[9.187,50.9858],[9.1797,50.958],[9.1903,50.9555],[9.2179,50.9717],[9.2427,50.9749],[9.2521,50.9715],[9.2802,50.9817],[9.2853,50.9877]]]},"properties":{"AGS":"06634016","GEN":"Neuental","SN_L":"06"}},
{"type":"Feature","geometry":{"type":"Polygon","coordinates":[[[9.3936,50.9248],[9.3723,50.92],[9.3514,50.9229],[9.3412,50.9189],[9.3327,50.9067],[9.3064,50.8963],[9.2952,50.8938],[9.2774,50.8713],[9.3117,50.8631],[9.3216,50.8537],[9.3361,50.8512],[9.3229,50.8377],[9.3261,50.8277],[9.3379,50.8368],[9.3522,50.8372],[9.3856,50.8256],[9.4017,50.8271],[9.3967,50.8387],[9.4042,50.8475],[9.4193,50.8543],[9.4055,50.8644],[9.425,50.8824],[9.4157,50.9004],[9.3985,50.9125],[9.3936,50.9248]]]},"properties":{"AGS":"06634017","GEN":"Neukirchen","SN_L":"06"}},
{"type":"Feature","geometry":{"type":"Polygon","coordinates":[[[9.3081,51.2483],[9.2846,51.2541],[9.273,51.2397],[9.2736,51.2229],[9.2655,51.1978],[9.3018,51.186],[9.3048,51.1937],[9.3411,51.1943],[9.3533,51.207],[9.342,51.2306],[9.3304,51.2376],[9.3291,51.2529],[9.3081,51.2483]]]},"properties":{"AGS":"06634018","GEN":"Niedenstein","SN_L":"06"}},
{"type":"Feature","geometry":{"type":"Polygon","coordinates":[[[9.4915,50.8886],[9.4741,50.8813],[9.4488,50.8938],[9.4363,50.8799],[9.425,50.8824],[9.4055,50.8644],[9.4193,50.8543],[9.4042,50.8475],[9.4331,50.8424],[9.4308,50.8358],[9.4767,50.8094],[9.5032,50.815],[9.5086,50.833],[9.519,50.8398],[9.5108,50.8471],[9.4966,50.8776],[9.5015,50.8806],[9.4915,50.8886]]]},"properties":{"AGS":"06634019","GEN":"Oberaula","SN_L":"06"}},
{"type":"Feature","geometry":{"type":"Polygon","coordinates":[[[9.4767,50.8094],[9.4308,50.8358],[9.4331,50.8424],[9.4042,50.8475],[9.3967,50.8387],[9.4017,50.8271],[9.3856,50.8256],[9.3522,50.8372],[9.3379,50.8368],[9.3261,50.8277],[9.3148,50.8212],[9.3164,50.8097],[9.3172,50.8007],[9.3368,50.7965],[9.3637,50.7999],[9.3782,50.7769],[9.391,50.7728],[9.4111,50.7907],[9.4225,50.7886],[9.4411,50.7956],[9.4558,50.7981],[9.4767,50.8094]]]},"properties":{"AGS":"06634020","GEN":"Ottrau","SN_L":"06"}},
{"type":"Feature","geometry":{"type":"Polygon","coordinates":[[[9.2774,50.8713],[9.2606,50.8683],[9.2525,50.8537],[9.2551,50.8461],[9.2302,50.8314],[9.2328,50.8266],[9.2367,50.8198],[9.2637,50.8156],[9.2687,50.8005],[9.3164,50.8097],[9.3148,50.8212],[9.3261,50.8277],[9.3229,50.8377],[9.3361,50.8512],[9.3216,50.8537],[9.3117,50.8631],[9.2774,50.8713]]]},"properties":{"AGS":"06634021","GEN":"Schrecksbach","SN_L":"06"}},
{"type":"Feature","geometry":{"type":"Polygon","coordinates":[[[9.2521,50.9715],[9.2427,50.9749],[9.2179,50.9717],[9.1903,50.9555],[9.1797,50.958],[9.16,50.9535],[9.1402,50.9574],[9.1254,50.951],[9.1535,50.9271],[9.11,50.919],[9.1304,50.8995],[9.1093,50.8866],[9.1225,50.8804],[9.1303,50.8682],[9.1418,50.8619],[9.1602,50.8759],[9.159,50.8815],[9.197,50.8958],[9.2196,50.8899],[9.2397,50.8963],[9.2554,50.8965],[9.2649,50.9054],[9.2913,50.8995],[9.3026,50.9024],[9.2899,50.9116],[9.2945,50.919],[9.254,50.9461],[9.2505,50.9556],[9.2616,50.9673],[9.2521,50.9715]]]},"properties":{"AGS":"06634022","GEN":"Schwalmstadt","SN_L":"06"}},
{"type":"Feature","geometry":{"type":"Polygon","coordinates":[[[9.4126,50.9349],[9.3936,50.9248],[9.3985,50.9125],[9.4157,50.9004],[9.425,50.8824],[9.4363,50.8799],[9.4488,50.8938],[9.4741,50.8813],[9.4915,50.8886],[9.4821,50.8966],[9.4922,50.9097],[9.4834,50.9292],[9.462,50.9253],[9.4419,50.9303],[9.4177,50.9287],[9.4126,50.9349]]]},"properties":{"AGS":"06634023","GEN":"Schwarzenborn","SN_L":"06"}},
{"type":"Feature","geometry":{"type":"Polygon","coordinates":[[[9.6934,51.1733],[9.6705,51.1684],[9.663,51.1593],[9.6511,51.1598],[9.6249,51.1454],[9.6255,51.1398],[9.6048,51.1245],[9.5849,51.1196],[9.584,51.1084],[9.6039,51.0937],[9.6351,51.0965],[9.6923,51.076],[9.7162,51.0797],[9.7439,51.0695],[9.7533,51.0721],[9.7775,51.0832],[9.7749,51.1044],[9.7799,51.1231],[9.7733,51.1463],[9.7512,51.1447],[9.7294,51.1471],[9.6931,51.1669],[9.6934,51.1733]]]},"properties":{"AGS":"06634024","GEN":"Spangenberg","SN_L":"06"}},
{"type":"Feature","geometry":{"type":"Polygon","coordinates":[[[9.3654,51.1342],[9.3473,51.1319],[9.3428,51.1143],[9.3304,51.1142],[9.2987,51.122],[9.2941,51.1104],[9.2677,51.1018],[9.2887,51.0924],[9.2975,51.0792],[9.3237,51.0773],[9.3382,51.0707],[9.3559,51.074],[9.3612,51.0629],[9.373,51.0598],[9.392,51.0627],[9.4159,51.0594],[9.4329,51.0639],[9.4273,51.0745],[9.4109,51.0874],[9.4058,51.1107],[9.3882,51.112],[9.3654,51.1342]]]},"properties":{"AGS":"06634025","GEN":"Wabern","SN_L":"06"}},
{"type":"Feature","geometry":{"type":"Polygon","coordinates":[[[9.3026,50.9024],[9.2913,50.8995],[9.2649,50.9054],[9.2554,50.8965],[9.2397,50.8963],[9.2196,50.8899],[9.197,50.8958],[9.159,50.8815],[9.1602,50.8759],[9.1418,50.8619],[9.1516,50.8473],[9.1489,50.8366],[9.1838,50.8315],[9.2096,50.8223],[9.2328,50.8266],[9.2302,50.8314],[9.2551,50.8461],[9.2525,50.8537],[9.2606,50.8683],[9.2774,50.8713],[9.2952,50.8938],[9.3064,50.8963],[9.3026,50.9024]]]},"properties":{"AGS":"06634026","GEN":"Willingshausen","SN_L":"06"}},
{"type":"Feature","geometry":{"type":"Polygon","coordinates":[[[9.2096,51.0841],[9.1898,51.097],[9.1702,51.0915],[9.1675,51.0776],[9.1408,51.0547],[9.0968,51.0458],[9.1031,51.0311],[9.0959,51.0282],[9.0959,51.0235],[9.1094,51.0294],[9.1311,51.0211],[9.1664,51.0224],[9.1804,51.0192],[9.2095,51.0305],[9.2151,51.0427],[9.1934,51.0685],[9.1955,51.0783],[9.2096,51.0841]]]},"properties":{"AGS":"06634027","GEN":"Bad Zwesten","SN_L":"06"}},
{"type":"Feature","geometry":{"type":"Polygon","coordinates":[[[8.6726,51.1013],[8.6485,51.095],[8.6015,51.102],[8.5491,51.1019],[8.5017,51.0795],[8.5195,51.07],[8.533,51.0772],[8.5814,51.0665],[8.5944,51.0474],[8.6199,51.0454],[8.6432,51.0229],[8.6556,51.0155],[8.6824,51.0178],[8.7132,51.0035],[8.7133,51.0162],[8.7215,51.0294],[8.7324,51.0339],[8.7404,51.044],[8.73,51.0487],[8.7112,51.0483],[8.6832,51.0571],[8.6608,51.0762],[8.6689,51.0847],[8.6726,51.1013]]]},"properties":{"AGS":"06635001","GEN":"Allendorf (Eder)","SN_L":"06"}},
{"type":"Feature","geometry":{"type":"Polygon","coordinates":[[[9.0368,51.4355],[9.0271,51.4438],[8.9895,51.4433],[8.9783,51.4339],[8.965,51.4445],[8.9218,51.4461],[8.9188,51.4303],[8.9481,51.4282],[8.9372,51.3893],[8.9361,51.3835],[8.9386,51.3647],[8.9853,51.3424],[9.0091,51.3414],[9.0158,51.3344],[9.0349,51.3334],[9.0356,51.3199],[9.0489,51.314],[9.0561,51.3054],[9.0743,51.3061],[9.0769,51.2941],[9.0938,51.2676],[9.1267,51.2768],[9.1158,51.2812],[9.105,51.3036],[9.1124,51.3198],[9.102,51.3322],[9.1252,51.3381],[9.129,51.3447],[9.1087,51.3504],[9.1017,51.3644],[9.094,51.3693],[9.0826,51.3925],[9.0682,51.3981],[9.0582,51.3944],[9.0299,51.3948],[9.03,51.4134],[9.0372,51.4149],[9.0368,51.4355]]]},"properties":{"AGS":"06635002","GEN":"Bad Arolsen","SN_L":"06"}},
{"type":"Feature","geometry":{"type":"Polygon","coordinates":[[[9.2053,51.1339],[9.1865,51.1375],[9.1383,51.1351],[9.1066,51.1447],[9.0819,51.138],[9.0419,51.1209],[9.0289,51.1213],[9.0169,51.1112],[8.9998,51.1136],[8.9972,51.1206],[8.9658,51.1245],[8.9655,51.1098],[8.9782,51.0941],[8.9941,51.0851],[9.0092,51.084],[9.0321,51.0677],[9.0512,51.0414],[9.0744,51.0362],[9.0875,51.0388],[9.0959,51.0282],[9.1031,51.0311],[9.0968,51.0458],[9.1408,51.0547],[9.1675,51.0776],[9.1702,51.0915],[9.1898,51.097],[9.2214,51.1282],[9.2053,51.1339]]]},"properties":{"AGS":"06635003","GEN":"Bad Wildungen","SN_L":"06"}},
{"type":"Feature","geometry":{"type":"Polygon","coordinates":[[[8.7132,51.0035],[8.6824,51.0178],[8.6556,51.0155],[8.6432,51.0229],[8.6199,51.0454],[8.5944,51.0474],[8.5814,51.0665],[8.533,51.0772],[8.5195,51.07],[8.5276,51.0629],[8.5166,51.0432],[8.5346,51.0242],[8.5721,51.025],[8.5823,51.0203],[8.6136,51.0162],[8.6097,51.0049],[8.6229,50.9793],[8.5976,50.9753],[8.6021,50.9513],[8.6363,50.9614],[8.6563,50.9716],[8.6604,50.9836],[8.6731,50.9967],[8.6895,50.99],[8.7061,50.9938],[8.7132,51.0035]]]},"properties":{"AGS":"06635004","GEN":"Battenberg (Eder)","SN_L":"06"}},
{"type":"Feature","geometry":{"type":"Polygon","coordinates":[[[8.8744,51.0261],[8.8664,51.0209],[8.8319,51.0219],[8.8357,51.0376],[8.8092,51.0392],[8.7864,51.0346],[8.7768,51.0277],[8.7592,51.026],[8.7324,51.0339],[8.7215,51.0294],[8.7133,51.0162],[8.7132,51.0035],[8.7061,50.9938],[8.7068,50.9832],[8.7329,50.9753],[8.7482,50.9888],[8.7699,50.999],[8.822,51.0011],[8.8471,51.0143],[8.87,51.0113],[8.8717,51.0123],[8.8744,51.0261]]]},"properties":{"AGS":"06635006","GEN":"Burgwald","SN_L":"06"}},
{"type":"Feature","geometry":{"type":"Polygon","coordinates":[[[8.9372,51.3893],[8.9159,51.3928],[8.8896,51.3927],[8.854,51.3771],[8.8185,51.3887],[8.804,51.3908],[8.7705,51.3848],[8.7603,51.3783],[8.7277,51.3722],[8.7005,51.3774],[8.6797,51.3731],[8.6835,51.3622],[8.6666,51.3557],[8.6543,51.3404],[8.6602,51.3245],[8.6738,51.3149],[8.7037,51.3198],[8.7251,51.3022],[8.7455,51.3029],[8.7514,51.2947],[8.7665,51.2928],[8.7706,51.3078],[8.7795,51.3112],[8.814,51.3118],[8.8226,51.3077],[8.8443,51.3139],[8.8529,51.3253],[8.8797,51.3332],[8.8639,51.3437],[8.8822,51.3504],[8.8834,51.3622],[8.9157,51.3732],[8.9361,51.3835],[8.9372,51.3893]]]},"properties":{"AGS":"06635007","GEN":"Diemelsee","SN_L":"06"}},
{"type":"Feature","geometry":{"type":"Polygon","coordinates":[[[9.0793,51.4633],[9.0923,51.4944],[9.0765,51.5035],[9.0341,51.504],[9.0176,51.5182],[8.9708,51.5067],[8.9133,51.4916],[8.8904,51.4819],[8.8941,51.4712],[8.9066,51.4654],[8.9218,51.4461],[8.965,51.4445],[8.9783,51.4339],[8.9895,51.4433],[9.0271,51.4438],[9.0368,51.4355],[9.0667,51.4451],[9.0615,51.4633],[9.0793,51.4633]]]},"properties":{"AGS":"06635008","GEN":"Diemelstadt","SN_L":"06"}},
{"type":"Feature","geometry":{"type":"Polygon","coordinates":[[[9.1288,51.2196],[9.1167,51.2158],[9.1057,51.2032],[9.0677,51.198],[9.0498,51.2013],[8.9833,51.1864],[8.9613,51.1721],[8.9777,51.1661],[8.9606,51.1514],[8.9658,51.1245],[8.9972,51.1206],[8.9998,51.1136],[9.0169,51.1112],[9.0289,51.1213],[9.0419,51.1209],[9.0819,51.138],[9.1066,51.1447],[9.1383,51.1351],[9.1865,51.1375],[9.2053,51.1339],[9.1906,51.1492],[9.1949,51.1561],[9.1895,51.1704],[9.1768,51.1745],[9.1742,51.1899],[9.1525,51.2075],[9.1288,51.2196]]]},"properties":{"AGS":"06635009","GEN":"Edertal","SN_L":"06"}},
{"type":"Feature","geometry":{"type":"Polygon","coordinates":[[[8.9658,51.1245],[8.9606,51.1514],[8.9317,51.1497],[8.9284,51.1431],[8.9018,51.14],[8.9064,51.1124],[8.8939,51.1071],[8.8789,51.116],[8.8567,51.1117],[8.8389,51.0943],[8.8639,51.0881],[8.8731,51.0821],[8.8803,51.0569],[8.9006,51.0598],[8.9251,51.058],[8.9283,51.0709],[8.9491,51.0736],[8.971,51.0815],[8.9941,51.0851],[8.9782,51.0941],[8.9655,51.1098],[8.9658,51.1245]]]},"properties":{"AGS":"06635010","GEN":"Frankenau","SN_L":"06"}},
{"type":"Feature","geometry":{"type":"Polygon","coordinates":[[[8.814,51.1227],[8.7921,51.1054],[8.7665,51.1193],[8.7479,51.1246],[8.7275,51.1216],[8.7203,51.1143],[8.7069,51.1078],[8.6922,51.1092],[8.6726,51.1013],[8.6689,51.0847],[8.6608,51.0762],[8.6832,51.0571],[8.7112,51.0483],[8.73,51.0487],[8.7404,51.044],[8.7324,51.0339],[8.7592,51.026],[8.7768,51.0277],[8.7864,51.0346],[8.8092,51.0392],[8.8357,51.0376],[8.8319,51.0219],[8.8664,51.0209],[8.8744,51.0261],[8.8705,51.0363],[8.8795,51.0443],[8.9175,51.0434],[8.9251,51.058],[8.9006,51.0598],[8.8803,51.0569],[8.8731,51.0821],[8.8639,51.0881],[8.8389,51.0943],[8.8567,51.1117],[8.8577,51.1165],[8.8295,51.1233],[8.814,51.1227]]]},"properties":{"AGS":"06635011","GEN":"Frankenberg (Eder)","SN_L":"06"}},
{"type":"Feature","geometry":{"type":"Polygon","coordinates":[[[9.0355,50.9897],[9.0233,51.0022],[8.9956,50.9936],[8.9874,51.0105],[8.9708,51.0113],[8.9577,51.0174],[8.9178,51.0124],[8.9029,51.0152],[8.8894,51.0075],[8.8717,51.0123],[8.87,51.0113],[8.891,50.9858],[8.9172,50.971],[8.9396,50.9654],[8.9482,50.9517],[8.9674,50.9456],[8.9746,50.9383],[9.0077,50.94],[9.0258,50.9372],[9.0338,50.9545],[9.0093,50.9721],[9.0222,50.985],[9.0355,50.9897]]]},"properties":{"AGS":"06635012","GEN":"Gemünden (Wohra)","SN_L":"06"}},
{"type":"Feature","geometry":{"type":"Polygon","coordinates":[[[9.0959,51.0282],[9.0875,51.0388],[9.0744,51.0362],[9.0512,51.0414],[9.0321,51.0677],[9.0092,51.084],[8.9941,51.0851],[8.971,51.0815],[8.9491,51.0736],[8.9283,51.0709],[8.9251,51.058],[8.9175,51.0434],[8.8795,51.0443],[8.8705,51.0363],[8.8744,51.0261],[8.8717,51.0123],[8.8894,51.0075],[8.9029,51.0152],[8.9178,51.0124],[8.9577,51.0174],[8.9708,51.0113],[8.9874,51.0105],[8.9956,50.9936],[9.0233,51.0022],[9.0355,50.9897],[9.0556,51.0002],[9.0729,51.005],[9.0878,51.0212],[9.0959,51.0235],[9.0959,51.0282]]]},"properties":{"AGS":"06635013","GEN":"Haina (Kloster)","SN_L":"06"}},
{"type":"Feature","geometry":{"type":"Polygon","coordinates":[[[8.6021,50.9513],[8.5976,50.9753],[8.6229,50.9793],[8.6097,51.0049],[8.6136,51.0162],[8.5823,51.0203],[8.5721,51.025],[8.5346,51.0242],[8.5308,51.0138],[8.5014,50.9985],[8.4958,50.9881],[8.4734,50.975],[8.4779,50.969],[8.5119,50.9564],[8.5353,50.9539],[8.562,50.9562],[8.5808,50.9486],[8.6021,50.9513]]]},"properties":{"AGS":"06635014","GEN":"Hatzfeld (Eder)","SN_L":"06"}},
{"type":"Feature","geometry":{"type":"Polygon","coordinates":[[[8.951,51.2873],[8.9308,51.2956],[8.9131,51.2917],[8.8893,51.2998],[8.8721,51.3094],[8.8929,51.3246],[8.8797,51.3332],[8.8529,51.3253],[8.8443,51.3139],[8.8226,51.3077],[8.814,51.3118],[8.7795,51.3112],[8.7706,51.3078],[8.7665,51.2928],[8.7704,51.2758],[8.7334,51.2641],[8.7276,51.2501],[8.7417,51.2184],[8.7682,51.2089],[8.7647,51.2168],[8.773,51.2262],[8.8016,51.2342],[8.8134,51.2256],[8.8395,51.2211],[8.8612,51.2219],[8.8732,51.2181],[8.8822,51.2295],[8.8727,51.2458],[8.898,51.2469],[8.8993,51.2386],[8.9183,51.2397],[8.9292,51.2326],[8.9535,51.234],[8.9653,51.2466],[8.9596,51.2625],[8.9424,51.27],[8.951,51.2873]]]},"properties":{"AGS":"06635015","GEN":"Korbach","SN_L":"06"}},
{"type":"Feature","geometry":{"type":"Polygon","coordinates":[[[8.8732,51.2181],[8.8612,51.2219],[8.8395,51.2211],[8.8134,51.2256],[8.8016,51.2342],[8.773,51.2262],[8.7647,51.2168],[8.7682,51.2089],[8.7505,51.1992],[8.7484,51.1686],[8.7177,51.1515],[8.6922,51.1328],[8.7017,51.1166],[8.7203,51.1143],[8.7275,51.1216],[8.7479,51.1246],[8.7665,51.1193],[8.7921,51.1054],[8.814,51.1227],[8.8225,51.1432],[8.836,51.1515],[8.8537,51.169],[8.8499,51.1751],[8.8664,51.1844],[8.8782,51.2054],[8.8732,51.2181]]]},"properties":{"AGS":"06635016","GEN":"Lichtenfels","SN_L":"06"}},
{"type":"Feature","geometry":{"type":"Polygon","coordinates":[[[8.87,51.0113],[8.8471,51.0143],[8.822,51.0011],[8.7699,50.999],[8.7482,50.9888],[8.7329,50.9753],[8.7318,50.9646],[8.766,50.9786],[8.7833,50.9569],[8.81,50.9572],[8.8304,50.9581],[8.8496,50.9643],[8.8582,50.9581],[8.8776,50.958],[8.8969,50.9536],[8.9172,50.9602],[8.9172,50.971],[8.891,50.9858],[8.87,51.0113]]]},"properties":{"AGS":"06635017","GEN":"Rosenthal","SN_L":"06"}},
{"type":"Feature","geometry":{"type":"Polygon","coordinates":[[[8.9361,51.3835],[8.9157,51.3732],[8.8834,51.3622],[8.8822,51.3504],[8.8639,51.3437],[8.8797,51.3332],[8.8929,51.3246],[8.8721,51.3094],[8.8893,51.2998],[8.9131,51.2917],[8.9308,51.2956],[8.951,51.2873],[8.9634,51.2854],[8.9737,51.2976],[8.9917,51.3018],[9.0061,51.2993],[9.0401,51.3049],[9.0489,51.314],[9.0356,51.3199],[9.0349,51.3334],[9.0158,51.3344],[9.0091,51.3414],[8.9853,51.3424],[8.9386,51.3647],[8.9361,51.3835]]]},"properties":{"AGS":"06635018","GEN":"Twistetal","SN_L":"06"}},
{"type":"Feature","geometry":{"type":"Polygon","coordinates":[[[8.9535,51.234],[8.9292,51.2326],[8.9183,51.2397],[8.8993,51.2386],[8.898,51.2469],[8.8727,51.2458],[8.8822,51.2295],[8.8732,51.2181],[8.8782,51.2054],[8.8664,51.1844],[8.8499,51.1751],[8.8537,51.169],[8.836,51.1515],[8.8225,51.1432],[8.814,51.1227],[8.8295,51.1233],[8.8577,51.1165],[8.8567,51.1117],[8.8789,51.116],[8.8939,51.1071],[8.9064,51.1124],[8.9018,51.14],[8.9284,51.1431],[8.9317,51.1497],[8.9606,51.1514],[8.9777,51.1661],[8.9613,51.1721],[8.9818,51.1928],[8.9915,51.1922],[8.9922,51.2132],[8.9691,51.2195],[8.9535,51.234]]]},"properties":{"AGS":"06635019","GEN":"Vöhl","SN_L":"06"}},
{"type":"Feature","geometry":{"type":"Polygon","coordinates":[[[9.1554,51.4427],[9.1357,51.4502],[9.1026,51.4432],[9.0864,51.4491],[9.0793,51.4633],[9.0615,51.4633],[9.0667,51.4451],[9.0368,51.4355],[9.0372,51.4149],[9.03,51.4134],[9.0299,51.3948],[9.0582,51.3944],[9.0682,51.3981],[9.0826,51.3925],[9.094,51.3693],[9.1017,51.3644],[9.1157,51.3641],[9.1431,51.3722],[9.1437,51.3645],[9.1744,51.3714],[9.1657,51.3828],[9.1635,51.3995],[9.1405,51.4127],[9.1616,51.42],[9.1554,51.4427]]]},"properties":{"AGS":"06635020","GEN":"Volkmarsen","SN_L":"06"}},
{"type":"Feature","geometry":{"type":"Polygon","coordinates":[[[9.0938,51.2676],[9.0769,51.2941],[9.0743,51.3061],[9.0561,51.3054],[9.0489,51.314],[9.0401,51.3049],[9.0061,51.2993],[8.9917,51.3018],[8.9737,51.2976],[8.9634,51.2854],[8.951,51.2873],[8.9424,51.27],[8.9596,51.2625],[8.9653,51.2466],[8.9535,51.234],[8.9691,51.2195],[8.9922,51.2132],[8.9915,51.1922],[8.9818,51.1928],[8.9613,51.1721],[8.9833,51.1864],[9.0498,51.2013],[9.0677,51.198],[9.1057,51.2032],[9.1167,51.2158],[9.1288,51.2196],[9.1293,51.2441],[9.1192,51.2453],[9.0995,51.2507],[9.0938,51.2676]]]},"properties":{"AGS":"06635021","GEN":"Waldeck","SN_L":"06"}},
{"type":"Feature","geometry":{"type":"Polygon","coordinates":[[[8.6543,51.3404],[8.6378,51.3436],[8.6211,51.3365],[8.605,51.3237],[8.5926,51.3039],[8.5705,51.2893],[8.5563,51.2775],[8.5678,51.2703],[8.5782,51.2675],[8.585,51.2546],[8.5973,51.2472],[8.6115,51.2471],[8.6283,51.2605],[8.6775,51.2677],[8.6855,51.2738],[8.722,51.2737],[8.7334,51.2641],[8.7704,51.2758],[8.7665,51.2928],[8.7514,51.2947],[8.7455,51.3029],[8.7251,51.3022],[8.7037,51.3198],[8.6738,51.3149],[8.6602,51.3245],[8.6543,51.3404]]]},"properties":{"AGS":"06635022","GEN":"Willingen (Upland)","SN_L":"06"}},
{"type":"Feature","geometry":{"type":"Polygon","coordinates":[[[9.9597,51.3049],[9.9393,51.308],[9.9469,51.3208],[9.9248,51.3136],[9.897,51.3117],[9.8933,51.2955],[9.8722,51.2863],[9.8696,51.2701],[9.8603,51.2646],[9.8561,51.2341],[9.8754,51.229],[9.8795,51.2477],[9.8965,51.2561],[9.9223,51.2526],[9.9361,51.2461],[9.9517,51.2508],[9.968,51.2402],[9.9829,51.2409],[10.0077,51.2344],[10.017,51.2366],[10.0251,51.2501],[10.047,51.2534],[10.0466,51.2645],[10.0588,51.2702],[10.0573,51.2774],[10.0043,51.287],[9.9806,51.2841],[9.9597,51.3049]]]},"properties":{"AGS":"06636001","GEN":"Bad Sooden-Allendorf","SN_L":"06"}},
{"type":"Feature","geometry":{"type":"Polygon","coordinates":[[[9.968,51.2402],[9.9517,51.2508],[9.9361,51.2461],[9.9223,51.2526],[9.8965,51.2561],[9.8795,51.2477],[9.8754,51.229],[9.8561,51.2341],[9.8521,51.2308],[9.8571,51.2255],[9.8833,51.22],[9.9176,51.2285],[9.9315,51.2232],[9.9626,51.2255],[9.9786,51.2352],[9.968,51.2402]]]},"properties":{"AGS":"06636002","GEN":"Berkatal","SN_L":"06"}},
{"type":"Feature","geometry":{"type":"Polygon","coordinates":[[[10.0077,51.2344],[9.9829,51.2409],[9.968,51.2402],[9.9786,51.2352],[9.9626,51.2255],[9.9835,51.2268],[9.9772,51.2109],[9.9894,51.2024],[9.9672,51.1925],[9.9518,51.1784],[9.9756,51.1652],[10.0089,51.169],[10.0144,51.1578],[10.0342,51.1528],[10.0512,51.153],[10.055,51.1452],[10.0725,51.1402],[10.0885,51.1302],[10.1183,51.1396],[10.1257,51.1463],[10.1302,51.1584],[10.1117,51.1696],[10.1081,51.185],[10.0773,51.1901],[10.0666,51.1972],[10.0177,51.2094],[9.9984,51.2162],[10.0077,51.2344]]]},"properties":{"AGS":"06636003","GEN":"Eschwege","SN_L":"06"}},
{"type":"Feature","geometry":{"type":"Polygon","coordinates":[[[9.8289,51.2743],[9.8156,51.2587],[9.7924,51.2633],[9.7895,51.2691],[9.7595,51.2606],[9.754,51.2503],[9.7322,51.2413],[9.7697,51.2156],[9.7802,51.2265],[9.7928,51.2289],[9.8147,51.2185],[9.8521,51.2308],[9.8561,51.2341],[9.8603,51.2646],[9.8414,51.2737],[9.8289,51.2743]]]},"properties":{"AGS":"06636004","GEN":"Großalmerode","SN_L":"06"}},
{"type":"Feature","geometry":{"type":"Polygon","coordinates":[[[10.1465,51.0551],[10.1376,51.055],[10.1019,51.0653],[10.0989,51.0578],[10.0516,51.05],[10.0593,51.0385],[10.044,51.0288],[10.0324,51.011],[10.0571,51.0128],[10.0844,51.0097],[10.1035,51.0045],[10.1208,51.0117],[10.1331,51.0048],[10.132,50.9968],[10.1497,50.994],[10.1823,50.9985],[10.1908,50.9991],[10.2022,51.012],[10.2152,51.0264],[10.1847,51.049],[10.1465,51.0551]]]},"properties":{"AGS":"06636005","GEN":"Herleshausen","SN_L":"06"}},
{"type":"Feature","geometry":{"type":"Polygon","coordinates":[[[9.7322,51.2413],[9.6873,51.2445],[9.6681,51.217],[9.6502,51.2096],[9.6404,51.2116],[9.625,51.1928],[9.636,51.1831],[9.6853,51.1851],[9.6934,51.1733],[9.6931,51.1669],[9.7294,51.1471],[9.7512,51.1447],[9.7733,51.1463],[9.7864,51.1458],[9.8085,51.1563],[9.8244,51.1792],[9.8444,51.1885],[9.8554,51.1975],[9.8505,51.218],[9.8571,51.2255],[9.8521,51.2308],[9.8147,51.2185],[9.7928,51.2289],[9.7802,51.2265],[9.7697,51.2156],[9.7322,51.2413]]]},"properties":{"AGS":"06636006","GEN":"Hessisch Lichtenau","SN_L":"06"}},
{"type":"Feature","geometry":{"type":"Polygon","coordinates":[[[10.0703,51.2439],[10.0633,51.2521],[10.047,51.2534],[10.0251,51.2501],[10.017,51.2366],[10.0077,51.2344],[9.9984,51.2162],[10.0177,51.2094],[10.0666,51.1972],[10.0773,51.1901],[10.1081,51.185],[10.136,51.1885],[10.1416,51.203],[10.1498,51.2062],[10.1419,51.2187],[10.1219,51.2169],[10.1132,51.2152],[10.1111,51.2195],[10.105,51.2219],[10.0963,51.2206],[10.0913,51.2262],[10.0671,51.2278],[10.079,51.2428],[10.0703,51.2439]]]},"properties":{"AGS":"06636007","GEN":"Meinhard","SN_L":"06"}},
{"type":"Feature","geometry":{"type":"Polygon","coordinates":[[[9.9518,51.1784],[9.9672,51.1925],[9.9894,51.2024],[9.9772,51.2109],[9.9835,51.2268],[9.9626,51.2255],[9.9315,51.2232],[9.9176,51.2285],[9.8833,51.22],[9.8571,51.2255],[9.8505,51.218],[9.8554,51.1975],[9.8444,51.1885],[9.8551,51.1827],[9.8832,51.1825],[9.9118,51.1694],[9.9292,51.1785],[9.9518,51.1784]]]},"properties":{"AGS":"06636008","GEN":"Meißner","SN_L":"06"}},
{"type":"Feature","geometry":{"type":"Polygon","coordinates":[[[9.9283,51.3753],[9.9311,51.3927],[9.9129,51.4086],[9.906,51.4211],[9.8732,51.4109],[9.8533,51.4148],[9.8505,51.4014],[9.8601,51.3937],[9.8559,51.3861],[9.8684,51.3742],[9.8846,51.3615],[9.9085,51.348],[9.9255,51.3538],[9.9259,51.3593],[9.9283,51.3753]]]},"properties":{"AGS":"06636009","GEN":"Neu-Eichenberg","SN_L":"06"}},
{"type":"Feature","geometry":{"type":"Polygon","coordinates":[[[10.074,51.1193],[10.0602,51.1165],[10.0592,51.1309],[10.0343,51.1299],[10.017,51.125],[9.9999,51.1315],[9.9854,51.1226],[10.0208,51.0996],[10.005,51.0849],[10.035,51.0504],[10.0516,51.05],[10.0989,51.0578],[10.1019,51.0653],[10.1376,51.055],[10.1465,51.0551],[10.1515,51.0694],[10.1481,51.0837],[10.1571,51.0963],[10.1241,51.106],[10.1281,51.1177],[10.1023,51.1183],[10.0928,51.1113],[10.074,51.1193]]]},"properties":{"AGS":"06636010","GEN":"Ringgau","SN_L":"06"}},
{"type":"Feature","geometry":{"type":"Polygon","coordinates":[[[10.0516,51.05],[10.035,51.0504],[10.005,51.0849],[10.0208,51.0996],[9.9854,51.1226],[9.9433,51.118],[9.9126,51.1116],[9.9073,51.1008],[9.8642,51.1095],[9.8495,51.0962],[9.8369,51.0942],[9.8218,51.0823],[9.8268,51.0723],[9.8479,51.0686],[9.8715,51.0497],[9.8869,51.0462],[9.9108,51.0464],[9.9346,51.0523],[9.954,51.0473],[9.9666,51.0385],[9.9984,51.0273],[9.9872,51.011],[9.9903,50.9954],[10.0216,50.9929],[10.0324,51.011],[10.044,51.0288],[10.0593,51.0385],[10.0516,51.05]]]},"properties":{"AGS":"06636011","GEN":"Sontra","SN_L":"06"}},
{"type":"Feature","geometry":{"type":"Polygon","coordinates":[[[9.9118,51.1694],[9.8832,51.1825],[9.8551,51.1827],[9.8444,51.1885],[9.8244,51.1792],[9.8085,51.1563],[9.7864,51.1458],[9.7733,51.1463],[9.7799,51.1231],[9.7749,51.1044],[9.7775,51.0832],[9.796,51.0812],[9.8218,51.0823],[9.8369,51.0942],[9.8495,51.0962],[9.8642,51.1095],[9.9073,51.1008],[9.9126,51.1116],[9.9433,51.118],[9.9615,51.1335],[9.9545,51.1529],[9.9296,51.1586],[9.9118,51.1694]]]},"properties":{"AGS":"06636012","GEN":"Waldkappel","SN_L":"06"}},
{"type":"Feature","geometry":{"type":"Polygon","coordinates":[[[10.2069,51.1906],[10.1775,51.2096],[10.1641,51.212],[10.1498,51.2062],[10.1416,51.203],[10.136,51.1885],[10.1081,51.185],[10.1117,51.1696],[10.1302,51.1584],[10.1257,51.1463],[10.1466,51.1446],[10.1681,51.153],[10.1852,51.1325],[10.1792,51.1276],[10.2,51.113],[10.2062,51.1221],[10.2044,51.1367],[10.21,51.1441],[10.2073,51.1649],[10.227,51.1734],[10.236,51.1848],[10.2069,51.1906]]]},"properties":{"AGS":"06636013","GEN":"Wanfried","SN_L":"06"}},
{"type":"Feature","geometry":{"type":"Polygon","coordinates":[[[9.9518,51.1784],[9.9292,51.1785],[9.9118,51.1694],[9.9296,51.1586],[9.9545,51.1529],[9.9615,51.1335],[9.9433,51.118],[9.9854,51.1226],[9.9999,51.1315],[10.017,51.125],[10.0343,51.1299],[10.0592,51.1309],[10.0602,51.1165],[10.074,51.1193],[10.0885,51.1302],[10.0725,51.1402],[10.055,51.1452],[10.0512,51.153],[10.0342,51.1528],[10.0144,51.1578],[10.0089,51.169],[9.9756,51.1652],[9.9518,51.1784]]]},"properties":{"AGS":"06636014","GEN":"Wehretal","SN_L":"06"}},
{"type":"Feature","geometry":{"type":"Polygon","coordinates":[[[10.1183,51.1396],[10.0885,51.1302],[10.074,51.1193],[10.0928,51.1113],[10.1023,51.1183],[10.1281,51.1177],[10.1241,51.106],[10.1571,51.0963],[10.1755,51.1069],[10.1746,51.1169],[10.1538,51.1185],[10.134,51.133],[10.1183,51.1396]]]},"properties":{"AGS":"06636015","GEN":"Weißenborn","SN_L":"06"}},
{"type":"Feature","geometry":{"type":"Polygon","coordinates":[[[9.812,51.4107],[9.8035,51.4104],[9.7928,51.4014],[9.7902,51.3892],[9.7659,51.386],[9.7385,51.3692],[9.726,51.3708],[9.705,51.3658],[9.7055,51.3573],[9.7129,51.3551],[9.7454,51.319],[9.7683,51.3325],[9.7711,51.3182],[9.7882,51.3199],[9.7934,51.3092],[9.8198,51.3103],[9.8103,51.2967],[9.8063,51.2816],[9.8289,51.2743],[9.8414,51.2737],[9.8603,51.2646],[9.8696,51.2701],[9.8722,51.2863],[9.8933,51.2955],[9.897,51.3117],[9.9248,51.3136],[9.9469,51.3208],[9.9476,51.3264],[9.9299,51.34],[9.9255,51.3538],[9.9085,51.348],[9.8846,51.3615],[9.8684,51.3742],[9.8532,51.3722],[9.8401,51.3836],[9.8406,51.4026],[9.812,51.4107]]]},"properties":{"AGS":"06636016","GEN":"Witzenhausen","SN_L":"06"}},
{"type":"Feature","geometry":{"type":"Polygon","coordinates":[[[9.8289,51.2743],[9.8063,51.2816],[9.8103,51.2967],[9.8198,51.3103],[9.7934,51.3092],[9.7882,51.3199],[9.7711,51.3182],[9.7682,51.3067],[9.7323,51.2952],[9.6918,51.3063],[9.6521,51.3046],[9.6452,51.2789],[9.6704,51.272],[9.6947,51.2613],[9.755,51.2626],[9.7538,51.2681],[9.7582,51.2644],[9.7595,51.2606],[9.7895,51.2691],[9.7924,51.2633],[9.8156,51.2587],[9.8289,51.2743]]]},"properties":{"AGS":"06636200","GEN":"Gutsbezirk Kaufunger Wald","SN_L":"06"}}
]}