{"type":"FeatureCollection", "features": [
{"type":"Feature","geometry":{"type":"Polygon","coordinates":[[[9.2252,48.866],[9.2059,48.8614],[9.2075,48.8528],[9.1882,48.8486],[9.1654,48.8513],[9.1536,48.8612],[9.1337,48.8575],[9.1426,48.8453],[9.1381,48.8281],[9.1152,48.8229],[9.091,48.8369],[9.077,48.814],[9.084,48.7971],[9.075,48.7871],[9.0882,48.782],[9.083,48.7688],[9.068,48.7566],[9.0594,48.7466],[9.0455,48.7468],[9.0561,48.7331],[9.0838,48.715],[9.1047,48.7091],[9.1394,48.7082],[9.1708,48.7041],[9.2022,48.6902],[9.2452,48.6946],[9.2132,48.7262],[9.2143,48.7314],[9.2566,48.7413],[9.2698,48.7556],[9.2761,48.7701],[9.2882,48.7689],[9.3022,48.7759],[9.3136,48.7745],[9.3152,48.779],[9.2994,48.7786],[9.2952,48.7891],[9.263,48.7926],[9.2547,48.8002],[9.2531,48.8198],[9.2434,48.8229],[9.2442,48.847],[9.2336,48.8494],[9.2252,48.866]]]},"properties":{"AGS":"08111000","GEN":"Stuttgart","SN_L":"08"}},
{"type":"Feature","geometry":{"type":"Polygon","coordinates":[[[9.1034,48.6979],[9.0873,48.7006],[9.077,48.696],[9.0506,48.7034],[9.0273,48.7008],[9.0112,48.693],[8.9881,48.6879],[8.9686,48.6989],[8.9501,48.6984],[8.9441,48.6828],[8.9322,48.6751],[8.9385,48.6715],[8.9657,48.6717],[8.982,48.6634],[8.9839,48.6549],[9.0217,48.6642],[9.0366,48.6635],[9.0622,48.6727],[9.0853,48.6752],[9.0876,48.6835],[9.1122,48.6913],[9.1034,48.6979]]]},"properties":{"AGS":"08115003","GEN":"Böblingen","SN_L":"08"}},
{"type":"Feature","geometry":{"type":"Polygon","coordinates":[[[9.0424,48.8093],[9.0431,48.8211],[9.0241,48.8294],[9.0056,48.8272],[8.9954,48.8324],[8.9682,48.8289],[8.9625,48.8234],[8.9576,48.7898],[8.9745,48.7727],[8.9696,48.7629],[8.9831,48.755],[9.0068,48.7581],[9.0364,48.7472],[9.0455,48.7468],[9.0594,48.7466],[9.068,48.7566],[9.0514,48.7635],[9.0434,48.7893],[9.0302,48.7994],[9.0424,48.8093]]]},"properties":{"AGS":"08115028","GEN":"Leonberg","SN_L":"08"}},
{"type":"Feature","geometry":{"type":"Polygon","coordinates":[[[8.9696,48.7629],[8.949,48.7596],[8.9291,48.7351],[8.932,48.7299],[8.9372,48.7283],[8.9915,48.7312],[9.019,48.7364],[9.0364,48.7472],[9.0068,48.7581],[8.9831,48.755],[8.9696,48.7629]]]},"properties":{"AGS":"08115029","GEN":"Magstadt","SN_L":"08"}},
{"type":"Feature","geometry":{"type":"Polygon","coordinates":[[[8.9576,48.7898],[8.9202,48.7995],[8.9009,48.8018],[8.8961,48.7983],[8.8827,48.7865],[8.8855,48.7625],[8.9057,48.7614],[8.9091,48.7388],[8.9291,48.7351],[8.949,48.7596],[8.9696,48.7629],[8.9745,48.7727],[8.9576,48.7898]]]},"properties":{"AGS":"08115041","GEN":"Renningen","SN_L":"08"}},
{"type":"Feature","geometry":{"type":"Polygon","coordinates":[[[8.9576,48.7898],[8.9625,48.8234],[8.9682,48.8289],[8.9659,48.8298],[8.9298,48.8274],[8.9149,48.8174],[8.9008,48.8194],[8.8928,48.8131],[8.9009,48.8018],[8.9202,48.7995],[8.9576,48.7898]]]},"properties":{"AGS":"08115042","GEN":"Rutesheim","SN_L":"08"}},
{"type":"Feature","geometry":{"type":"Polygon","coordinates":[[[9.1022,48.6508],[9.1063,48.6647],[9.0886,48.6739],[9.0853,48.6752],[9.0622,48.6727],[9.0366,48.6635],[9.0217,48.6642],[9.0486,48.6418],[9.07,48.648],[9.0878,48.6437],[9.0934,48.6475],[9.1022,48.6508]]]},"properties":{"AGS":"08115044","GEN":"Schönaich","SN_L":"08"}},
{"type":"Feature","geometry":{"type":"Polygon","coordinates":[[[9.0364,48.7472],[9.019,48.7364],[8.9915,48.7312],[8.9372,48.7283],[8.9323,48.7073],[8.9235,48.6979],[8.9065,48.6965],[8.9101,48.6854],[8.9266,48.6848],[8.9263,48.6754],[8.9322,48.6751],[8.9441,48.6828],[8.9501,48.6984],[8.9686,48.6989],[8.9881,48.6879],[9.0112,48.693],[9.0273,48.7008],[9.0506,48.7034],[9.077,48.696],[9.0873,48.7006],[9.1034,48.6979],[9.1047,48.7091],[9.0838,48.715],[9.0561,48.7331],[9.0455,48.7468],[9.0364,48.7472]]]},"properties":{"AGS":"08115045","GEN":"Sindelfingen","SN_L":"08"}},
{"type":"Feature","geometry":{"type":"Polygon","coordinates":[[[8.9291,48.7351],[8.9091,48.7388],[8.9057,48.7614],[8.8855,48.7625],[8.8827,48.7865],[8.8961,48.7983],[8.8869,48.8024],[8.8678,48.7924],[8.8475,48.7926],[8.8424,48.7994],[8.831,48.7972],[8.8164,48.7866],[8.8042,48.7778],[8.8193,48.7634],[8.8342,48.7552],[8.8292,48.7365],[8.8545,48.7346],[8.8778,48.7236],[8.9006,48.7174],[8.9071,48.7232],[8.932,48.7299],[8.9291,48.7351]]]},"properties":{"AGS":"08115050","GEN":"Weil der Stadt","SN_L":"08"}},
{"type":"Feature","geometry":{"type":"MultiPolygon","coordinates":[[[[9.1022,48.6508],[9.0934,48.6475],[9.1041,48.6473],[9.1022,48.6508]]],[[[9.0878,48.6437],[9.07,48.648],[9.0486,48.6418],[9.0288,48.6299],[9.0296,48.6127],[9.0223,48.6074],[9.0237,48.5994],[9.0431,48.5882],[9.0521,48.5932],[9.0792,48.5888],[9.0779,48.598],[9.0896,48.6031],[9.0966,48.6219],[9.1009,48.6246],[9.0878,48.6437]]]]},"properties":{"AGS":"08115051","GEN":"Weil im Schönbuch","SN_L":"08"}},
{"type":"Feature","geometry":{"type":"Polygon","coordinates":[[[8.9581,48.8548],[8.9288,48.8666],[8.9023,48.8604],[8.8948,48.8469],[8.873,48.8362],[8.8847,48.8299],[8.894,48.821],[8.9008,48.8194],[8.9149,48.8174],[8.9298,48.8274],[8.9659,48.8298],[8.9569,48.8411],[8.9581,48.8548]]]},"properties":{"AGS":"08115052","GEN":"Weissach","SN_L":"08"}},
{"type":"Feature","geometry":{"type":"Polygon","coordinates":[[[8.9065,48.6965],[8.8999,48.7092],[8.8621,48.7003],[8.8472,48.6854],[8.8364,48.6831],[8.8195,48.6695],[8.8187,48.6645],[8.8451,48.6609],[8.8531,48.6622],[8.8802,48.6557],[8.9003,48.6573],[8.9166,48.6642],[8.9263,48.6754],[8.9266,48.6848],[8.9101,48.6854],[8.9065,48.6965]]]},"properties":{"AGS":"08115001","GEN":"Aidlingen","SN_L":"08"}},
{"type":"Feature","geometry":{"type":"Polygon","coordinates":[[[8.932,48.7299],[8.9071,48.7232],[8.9006,48.7174],[8.8778,48.7236],[8.8645,48.7191],[8.8553,48.7069],[8.8621,48.7003],[8.8999,48.7092],[8.9065,48.6965],[8.9235,48.6979],[8.9323,48.7073],[8.9372,48.7283],[8.932,48.7299]]]},"properties":{"AGS":"08115054","GEN":"Grafenau","SN_L":"08"}},
{"type":"Feature","geometry":{"type":"Polygon","coordinates":[[[8.9263,48.6754],[8.9166,48.6642],[8.9003,48.6573],[8.9159,48.6463],[8.9467,48.6397],[8.9666,48.6407],[8.9826,48.6458],[8.9845,48.6478],[8.9839,48.6549],[8.982,48.6634],[8.9657,48.6717],[8.9385,48.6715],[8.9322,48.6751],[8.9263,48.6754]]]},"properties":{"AGS":"08115013","GEN":"Ehningen","SN_L":"08"}},
{"type":"Feature","geometry":{"type":"Polygon","coordinates":[[[8.9003,48.6573],[8.8802,48.6557],[8.8531,48.6622],[8.8451,48.6609],[8.852,48.649],[8.8489,48.639],[8.8672,48.627],[8.8771,48.6331],[8.9215,48.6356],[8.9144,48.6227],[8.9297,48.6143],[8.9464,48.6202],[8.9482,48.6292],[8.9666,48.6407],[8.9467,48.6397],[8.9159,48.6463],[8.9003,48.6573]]]},"properties":{"AGS":"08115015","GEN":"Gärtringen","SN_L":"08"}},
{"type":"Feature","geometry":{"type":"Polygon","coordinates":[[[8.8451,48.6609],[8.8187,48.6645],[8.7987,48.6586],[8.7956,48.6351],[8.8092,48.634],[8.8264,48.6395],[8.8489,48.639],[8.852,48.649],[8.8451,48.6609]]]},"properties":{"AGS":"08115010","GEN":"Deckenpfronn","SN_L":"08"}},
{"type":"Feature","geometry":{"type":"Polygon","coordinates":[[[8.8489,48.639],[8.8264,48.6395],[8.8092,48.634],[8.7956,48.6351],[8.801,48.6112],[8.7949,48.5943],[8.7989,48.586],[8.8124,48.5847],[8.8219,48.5746],[8.8446,48.5729],[8.8567,48.5642],[8.8884,48.5608],[8.9113,48.5722],[8.9322,48.5644],[8.9452,48.5675],[8.9357,48.5774],[8.9492,48.5871],[8.9789,48.5899],[8.9827,48.6017],[8.9758,48.5951],[8.9501,48.6084],[8.9192,48.6073],[8.8992,48.6063],[8.8687,48.6163],[8.8672,48.627],[8.8489,48.639]]]},"properties":{"AGS":"08115021","GEN":"Herrenberg","SN_L":"08"}},
{"type":"Feature","geometry":{"type":"Polygon","coordinates":[[[8.9297,48.6143],[8.9144,48.6227],[8.9215,48.6356],[8.8771,48.6331],[8.8672,48.627],[8.8687,48.6163],[8.8992,48.6063],[8.9192,48.6073],[8.9297,48.6143]]]},"properties":{"AGS":"08115037","GEN":"Nufringen","SN_L":"08"}},
{"type":"Feature","geometry":{"type":"Polygon","coordinates":[[[8.9845,48.6478],[8.9826,48.6458],[8.9787,48.6402],[8.984,48.61],[8.9827,48.6017],[8.9789,48.5899],[8.994,48.5844],[9.004,48.588],[9.0348,48.5769],[9.0431,48.5882],[9.0237,48.5994],[9.0223,48.6074],[9.0152,48.6139],[9.0085,48.6321],[8.9845,48.6478]]]},"properties":{"AGS":"08115002","GEN":"Altdorf","SN_L":"08"}},
{"type":"Feature","geometry":{"type":"Polygon","coordinates":[[[8.9827,48.6017],[8.984,48.61],[8.9787,48.6402],[8.9826,48.6458],[8.9666,48.6407],[8.9482,48.6292],[8.9464,48.6202],[8.9297,48.6143],[8.9192,48.6073],[8.9501,48.6084],[8.9758,48.5951],[8.9827,48.6017]]]},"properties":{"AGS":"08115022","GEN":"Hildrizhausen","SN_L":"08"}},
{"type":"Feature","geometry":{"type":"Polygon","coordinates":[[[9.0486,48.6418],[9.0217,48.6642],[8.9839,48.6549],[8.9845,48.6478],[9.0085,48.6321],[9.0152,48.6139],[9.0223,48.6074],[9.0296,48.6127],[9.0288,48.6299],[9.0486,48.6418]]]},"properties":{"AGS":"08115024","GEN":"Holzgerlingen","SN_L":"08"}},
{"type":"Feature","geometry":{"type":"Polygon","coordinates":[[[8.8509,48.5372],[8.8072,48.5399],[8.8052,48.5329],[8.7874,48.5297],[8.7848,48.5209],[8.7964,48.5103],[8.8356,48.5032],[8.8391,48.499],[8.8467,48.5001],[8.8449,48.5091],[8.8577,48.514],[8.8609,48.5274],[8.8509,48.5372]]]},"properties":{"AGS":"08115004","GEN":"Bondorf","SN_L":"08"}},
{"type":"Feature","geometry":{"type":"Polygon","coordinates":[[[8.8884,48.5608],[8.8567,48.5642],[8.8446,48.5729],[8.8219,48.5746],[8.8235,48.5648],[8.8003,48.5645],[8.7918,48.559],[8.7956,48.5483],[8.8072,48.5399],[8.8509,48.5372],[8.8834,48.5408],[8.8884,48.5608]]]},"properties":{"AGS":"08115016","GEN":"Gäufelden","SN_L":"08"}},
{"type":"Feature","geometry":{"type":"Polygon","coordinates":[[[8.7956,48.5483],[8.7733,48.5499],[8.7595,48.5257],[8.7689,48.5218],[8.7848,48.5209],[8.7874,48.5297],[8.8052,48.5329],[8.8072,48.5399],[8.7956,48.5483]]]},"properties":{"AGS":"08115034","GEN":"Mötzingen","SN_L":"08"}},
{"type":"Feature","geometry":{"type":"Polygon","coordinates":[[[8.7949,48.5943],[8.7592,48.6038],[8.7465,48.5962],[8.7554,48.583],[8.7582,48.556],[8.7733,48.5499],[8.7956,48.5483],[8.7918,48.559],[8.8003,48.5645],[8.8235,48.5648],[8.8219,48.5746],[8.8124,48.5847],[8.7989,48.586],[8.7949,48.5943]]]},"properties":{"AGS":"08115053","GEN":"Jettingen","SN_L":"08"}},
{"type":"Feature","geometry":{"type":"Polygon","coordinates":[[[9.1574,48.6517],[9.1461,48.6645],[9.1239,48.6728],[9.0932,48.678],[9.0886,48.6739],[9.1063,48.6647],[9.1022,48.6508],[9.1041,48.6473],[9.1391,48.658],[9.1574,48.6517]]]},"properties":{"AGS":"08115046","GEN":"Steinenbronn","SN_L":"08"}},
{"type":"Feature","geometry":{"type":"Polygon","coordinates":[[[9.1574,48.6517],[9.1391,48.658],[9.1041,48.6473],[9.0934,48.6475],[9.0878,48.6437],[9.1009,48.6246],[9.0966,48.6219],[9.1078,48.6228],[9.1104,48.6053],[9.1292,48.6013],[9.1512,48.6041],[9.1439,48.6179],[9.1678,48.6255],[9.1742,48.6334],[9.1625,48.6459],[9.1574,48.6517]]]},"properties":{"AGS":"08115048","GEN":"Waldenbuch","SN_L":"08"}},
{"type":"Feature","geometry":{"type":"Polygon","coordinates":[[[9.371,48.7042],[9.3591,48.7131],[9.3428,48.7066],[9.3122,48.71],[9.3,48.6997],[9.2874,48.6984],[9.2899,48.6885],[9.3052,48.6788],[9.3093,48.6704],[9.3156,48.6728],[9.3295,48.6788],[9.3349,48.6928],[9.3511,48.7018],[9.371,48.7042]]]},"properties":{"AGS":"08116015","GEN":"Denkendorf","SN_L":"08"}},
{"type":"Feature","geometry":{"type":"Polygon","coordinates":[[[9.3136,48.7745],[9.3022,48.7759],[9.2882,48.7689],[9.2761,48.7701],[9.2698,48.7556],[9.2566,48.7413],[9.2623,48.7364],[9.2997,48.7213],[9.3122,48.71],[9.3428,48.7066],[9.3591,48.7131],[9.3659,48.7191],[9.3693,48.7295],[9.3916,48.7358],[9.3941,48.7262],[9.4165,48.7426],[9.4124,48.7474],[9.3958,48.7439],[9.3689,48.7496],[9.345,48.7674],[9.3356,48.7656],[9.3136,48.7745]]]},"properties":{"AGS":"08116019","GEN":"Esslingen am Neckar","SN_L":"08"}},
{"type":"Feature","geometry":{"type":"Polygon","coordinates":[[[9.2874,48.6984],[9.2707,48.6994],[9.2452,48.6946],[9.2548,48.6738],[9.2706,48.6644],[9.2878,48.6665],[9.3168,48.6601],[9.3093,48.6704],[9.3052,48.6788],[9.2899,48.6885],[9.2874,48.6984]]]},"properties":{"AGS":"08116047","GEN":"Neuhausen auf den Fildern","SN_L":"08"}},
{"type":"Feature","geometry":{"type":"Polygon","coordinates":[[[9.4476,48.7001],[9.436,48.6988],[9.4085,48.7075],[9.3965,48.7007],[9.3902,48.6889],[9.413,48.6813],[9.4218,48.6723],[9.4346,48.6685],[9.4508,48.6846],[9.4431,48.692],[9.4476,48.7001]]]},"properties":{"AGS":"08116072","GEN":"Wernau (Neckar)","SN_L":"08"}},
{"type":"Feature","geometry":{"type":"Polygon","coordinates":[[[9.345,48.7674],[9.3689,48.7496],[9.3958,48.7439],[9.4124,48.7474],[9.4168,48.7575],[9.4075,48.779],[9.3908,48.7882],[9.3827,48.7817],[9.3865,48.7704],[9.3636,48.7703],[9.3544,48.7741],[9.345,48.7674]]]},"properties":{"AGS":"08116076","GEN":"Aichwald","SN_L":"08"}},
{"type":"Feature","geometry":{"type":"Polygon","coordinates":[[[9.2452,48.6946],[9.2022,48.6902],[9.1883,48.6777],[9.1812,48.6645],[9.1602,48.6542],[9.1625,48.6459],[9.1742,48.6334],[9.1925,48.6336],[9.2102,48.6276],[9.2244,48.6291],[9.226,48.6374],[9.2508,48.6394],[9.2626,48.6511],[9.2706,48.6644],[9.2548,48.6738],[9.2452,48.6946]]]},"properties":{"AGS":"08116077","GEN":"Filderstadt","SN_L":"08"}},
{"type":"Feature","geometry":{"type":"Polygon","coordinates":[[[9.2022,48.6902],[9.1708,48.7041],[9.1394,48.7082],[9.1047,48.7091],[9.1034,48.6979],[9.1122,48.6913],[9.0876,48.6835],[9.0853,48.6752],[9.0886,48.6739],[9.0932,48.678],[9.1239,48.6728],[9.1461,48.6645],[9.1574,48.6517],[9.1625,48.6459],[9.1602,48.6542],[9.1812,48.6645],[9.1883,48.6777],[9.2022,48.6902]]]},"properties":{"AGS":"08116078","GEN":"Leinfelden-Echterdingen","SN_L":"08"}},
{"type":"Feature","geometry":{"type":"Polygon","coordinates":[[[9.2566,48.7413],[9.2143,48.7314],[9.2132,48.7262],[9.2452,48.6946],[9.2707,48.6994],[9.2874,48.6984],[9.3,48.6997],[9.3122,48.71],[9.2997,48.7213],[9.2623,48.7364],[9.2566,48.7413]]]},"properties":{"AGS":"08116080","GEN":"Ostfildern","SN_L":"08"}},
{"type":"Feature","geometry":{"type":"Polygon","coordinates":[[[9.2855,48.6422],[9.2626,48.6511],[9.2508,48.6394],[9.226,48.6374],[9.2244,48.6291],[9.2102,48.6276],[9.1925,48.6336],[9.1742,48.6334],[9.1678,48.6255],[9.1439,48.6179],[9.1512,48.6041],[9.1797,48.6046],[9.1935,48.608],[9.2125,48.622],[9.22,48.6134],[9.2388,48.6136],[9.2561,48.6229],[9.2805,48.6232],[9.2928,48.6355],[9.2855,48.6422]]]},"properties":{"AGS":"08116081","GEN":"Aichtal","SN_L":"08"}},
{"type":"Feature","geometry":{"type":"Polygon","coordinates":[[[9.4797,48.6103],[9.4736,48.6286],[9.4459,48.6319],[9.4294,48.6191],[9.4168,48.6173],[9.4109,48.6077],[9.4119,48.5941],[9.4263,48.5938],[9.4473,48.6001],[9.4742,48.599],[9.4797,48.6103]]]},"properties":{"AGS":"08116016","GEN":"Dettingen unter Teck","SN_L":"08"}},
{"type":"Feature","geometry":{"type":"Polygon","coordinates":[[[9.4346,48.6685],[9.4218,48.6723],[9.4214,48.6661],[9.3996,48.6575],[9.4038,48.6506],[9.394,48.6479],[9.3919,48.6459],[9.3949,48.6436],[9.3951,48.6343],[9.3982,48.6269],[9.4168,48.6173],[9.4294,48.6191],[9.4459,48.6319],[9.4736,48.6286],[9.4797,48.6103],[9.5111,48.6094],[9.4997,48.6252],[9.5087,48.6317],[9.5149,48.6423],[9.5079,48.6537],[9.5235,48.6581],[9.5142,48.6572],[9.4911,48.6689],[9.4414,48.662],[9.4346,48.6685]]]},"properties":{"AGS":"08116033","GEN":"Kirchheim unter Teck","SN_L":"08"}},
{"type":"Feature","geometry":{"type":"Polygon","coordinates":[[[9.4929,48.6787],[9.4881,48.6871],[9.4744,48.6824],[9.4508,48.6846],[9.4346,48.6685],[9.4414,48.662],[9.4911,48.6689],[9.4929,48.6787]]]},"properties":{"AGS":"08116048","GEN":"Notzingen","SN_L":"08"}},
{"type":"Feature","geometry":{"type":"Polygon","coordinates":[[[9.4514,48.5464],[9.4363,48.562],[9.4426,48.5697],[9.426,48.5682],[9.4081,48.5567],[9.4087,48.5381],[9.4186,48.5363],[9.4514,48.5464]]]},"properties":{"AGS":"08116018","GEN":"Erkenbrechtsweiler","SN_L":"08"}},
{"type":"Feature","geometry":{"type":"Polygon","coordinates":[[[9.4742,48.599],[9.4473,48.6001],[9.4263,48.5938],[9.4119,48.5941],[9.4179,48.5918],[9.426,48.5682],[9.4426,48.5697],[9.4595,48.583],[9.4742,48.5825],[9.4742,48.599]]]},"properties":{"AGS":"08116054","GEN":"Owen","SN_L":"08"}},
{"type":"Feature","geometry":{"type":"Polygon","coordinates":[[[9.4742,48.5825],[9.4595,48.583],[9.4426,48.5697],[9.4363,48.562],[9.4514,48.5464],[9.4825,48.5353],[9.4666,48.516],[9.4733,48.5136],[9.4795,48.5183],[9.5018,48.5127],[9.5107,48.5229],[9.5246,48.5158],[9.5658,48.5383],[9.5825,48.5391],[9.5607,48.5521],[9.5335,48.5604],[9.5136,48.563],[9.4889,48.5724],[9.4742,48.5825]]]},"properties":{"AGS":"08116079","GEN":"Lenningen","SN_L":"08"}},
{"type":"Feature","geometry":{"type":"Polygon","coordinates":[[[9.2856,48.5994],[9.2629,48.5983],[9.2643,48.5834],[9.2821,48.5823],[9.2901,48.5885],[9.2911,48.5893],[9.2885,48.5973],[9.2856,48.5994]]]},"properties":{"AGS":"08116005","GEN":"Altdorf","SN_L":"08"}},
{"type":"Feature","geometry":{"type":"Polygon","coordinates":[[[9.233,48.5968],[9.2066,48.5976],[9.1977,48.5883],[9.2071,48.5817],[9.223,48.5863],[9.233,48.5968]]]},"properties":{"AGS":"08116006","GEN":"Altenriet","SN_L":"08"}},
{"type":"Feature","geometry":{"type":"Polygon","coordinates":[[[9.3021,48.5777],[9.2911,48.5893],[9.2901,48.5885],[9.2821,48.5823],[9.2643,48.5834],[9.2501,48.5737],[9.2545,48.5683],[9.2898,48.5654],[9.3021,48.5777]]]},"properties":{"AGS":"08116008","GEN":"Bempflingen","SN_L":"08"}},
{"type":"Feature","geometry":{"type":"Polygon","coordinates":[[[9.2856,48.5994],[9.2841,48.6084],[9.2949,48.62],[9.2805,48.6232],[9.2561,48.6229],[9.2388,48.6136],[9.2364,48.5976],[9.2629,48.5983],[9.2856,48.5994]]]},"properties":{"AGS":"08116041","GEN":"Neckartailfingen","SN_L":"08"}},
{"type":"Feature","geometry":{"type":"Polygon","coordinates":[[[9.2629,48.5983],[9.2364,48.5976],[9.233,48.5968],[9.223,48.5863],[9.2071,48.5817],[9.2072,48.5728],[9.2252,48.5664],[9.2374,48.5784],[9.2501,48.5737],[9.2643,48.5834],[9.2629,48.5983]]]},"properties":{"AGS":"08116042","GEN":"Neckartenzlingen","SN_L":"08"}},
{"type":"Feature","geometry":{"type":"Polygon","coordinates":[[[9.2388,48.6136],[9.22,48.6134],[9.2125,48.622],[9.1935,48.608],[9.1797,48.6046],[9.1883,48.5976],[9.2066,48.5976],[9.233,48.5968],[9.2364,48.5976],[9.2388,48.6136]]]},"properties":{"AGS":"08116063","GEN":"Schlaitdorf","SN_L":"08"}},
{"type":"Feature","geometry":{"type":"Polygon","coordinates":[[[9.4119,48.5941],[9.4109,48.6077],[9.4007,48.5971],[9.3906,48.5808],[9.3724,48.5722],[9.3994,48.556],[9.4081,48.5567],[9.426,48.5682],[9.4179,48.5918],[9.4119,48.5941]]]},"properties":{"AGS":"08116011","GEN":"Beuren","SN_L":"08"}},
{"type":"Feature","geometry":{"type":"Polygon","coordinates":[[[9.3374,48.5706],[9.3216,48.5708],[9.3142,48.5617],[9.3185,48.554],[9.3394,48.5503],[9.3516,48.5653],[9.3374,48.5706]]]},"properties":{"AGS":"08116036","GEN":"Kohlberg","SN_L":"08"}},
{"type":"Feature","geometry":{"type":"Polygon","coordinates":[[[9.3724,48.5722],[9.342,48.5776],[9.3374,48.5706],[9.3516,48.5653],[9.3394,48.5503],[9.3185,48.554],[9.3268,48.5407],[9.3436,48.5462],[9.3786,48.5347],[9.393,48.531],[9.4087,48.5381],[9.4081,48.5567],[9.3994,48.556],[9.3724,48.5722]]]},"properties":{"AGS":"08116046","GEN":"Neuffen","SN_L":"08"}},
{"type":"Feature","geometry":{"type":"Polygon","coordinates":[[[9.4007,48.5971],[9.3822,48.5926],[9.3649,48.6038],[9.3517,48.594],[9.322,48.5794],[9.3178,48.5781],[9.3216,48.5708],[9.3374,48.5706],[9.342,48.5776],[9.3724,48.5722],[9.3906,48.5808],[9.4007,48.5971]]]},"properties":{"AGS":"08116020","GEN":"Frickenhausen","SN_L":"08"}},
{"type":"Feature","geometry":{"type":"Polygon","coordinates":[[[9.322,48.5794],[9.3218,48.5951],[9.3106,48.5991],[9.2885,48.5973],[9.2911,48.5893],[9.3021,48.5777],[9.3178,48.5781],[9.322,48.5794]]]},"properties":{"AGS":"08116022","GEN":"Großbettlingen","SN_L":"08"}},
{"type":"Feature","geometry":{"type":"Polygon","coordinates":[[[9.3185,48.6549],[9.3102,48.6451],[9.2855,48.6422],[9.2928,48.6355],[9.2805,48.6232],[9.2949,48.62],[9.2841,48.6084],[9.2856,48.5994],[9.2885,48.5973],[9.3106,48.5991],[9.3218,48.5951],[9.322,48.5794],[9.3517,48.594],[9.3649,48.6038],[9.3822,48.5926],[9.4007,48.5971],[9.4109,48.6077],[9.4168,48.6173],[9.3982,48.6269],[9.3951,48.6343],[9.3771,48.6332],[9.3538,48.6475],[9.3185,48.6549]]]},"properties":{"AGS":"08116049","GEN":"Nürtingen","SN_L":"08"}},
{"type":"Feature","geometry":{"type":"Polygon","coordinates":[[[9.394,48.6479],[9.3963,48.6518],[9.3636,48.6604],[9.3538,48.6475],[9.3771,48.6332],[9.3951,48.6343],[9.3949,48.6436],[9.3919,48.6459],[9.394,48.6479]]]},"properties":{"AGS":"08116050","GEN":"Oberboihingen","SN_L":"08"}},
{"type":"Feature","geometry":{"type":"Polygon","coordinates":[[[9.3578,48.6719],[9.3325,48.6691],[9.3156,48.6728],[9.3093,48.6704],[9.3168,48.6601],[9.3185,48.6549],[9.3538,48.6475],[9.3636,48.6604],[9.3578,48.6719]]]},"properties":{"AGS":"08116068","GEN":"Unterensingen","SN_L":"08"}},
{"type":"Feature","geometry":{"type":"Polygon","coordinates":[[[9.3168,48.6601],[9.2878,48.6665],[9.2706,48.6644],[9.2626,48.6511],[9.2855,48.6422],[9.3102,48.6451],[9.3185,48.6549],[9.3168,48.6601]]]},"properties":{"AGS":"08116073","GEN":"Wolfschlugen","SN_L":"08"}},
{"type":"Feature","geometry":{"type":"Polygon","coordinates":[[[9.3941,48.7262],[9.3916,48.7358],[9.3693,48.7295],[9.3659,48.7191],[9.3886,48.7186],[9.3941,48.7262]]]},"properties":{"AGS":"08116004","GEN":"Altbach","SN_L":"08"}},
{"type":"Feature","geometry":{"type":"Polygon","coordinates":[[[9.3886,48.7186],[9.3659,48.7191],[9.3591,48.7131],[9.371,48.7042],[9.3965,48.7007],[9.4085,48.7075],[9.3886,48.7186]]]},"properties":{"AGS":"08116014","GEN":"Deizisau","SN_L":"08"}},
{"type":"Feature","geometry":{"type":"Polygon","coordinates":[[[9.4382,48.7257],[9.4265,48.7294],[9.4165,48.7426],[9.3941,48.7262],[9.3886,48.7186],[9.4085,48.7075],[9.436,48.6988],[9.4476,48.7001],[9.4486,48.7009],[9.4382,48.7257]]]},"properties":{"AGS":"08116056","GEN":"Plochingen","SN_L":"08"}},
{"type":"Feature","geometry":{"type":"Polygon","coordinates":[[[9.4687,48.7732],[9.4452,48.7775],[9.4358,48.7755],[9.4168,48.7575],[9.4124,48.7474],[9.4165,48.7426],[9.4265,48.7294],[9.4382,48.7257],[9.4521,48.722],[9.4655,48.7286],[9.4655,48.7533],[9.4775,48.7654],[9.4687,48.7732]]]},"properties":{"AGS":"08116007","GEN":"Baltmannsweiler","SN_L":"08"}},
{"type":"Feature","geometry":{"type":"Polygon","coordinates":[[[9.4881,48.6871],[9.4917,48.7031],[9.4847,48.7062],[9.4486,48.7009],[9.4476,48.7001],[9.4431,48.692],[9.4508,48.6846],[9.4744,48.6824],[9.4881,48.6871]]]},"properties":{"AGS":"08116027","GEN":"Hochdorf","SN_L":"08"}},
{"type":"Feature","geometry":{"type":"Polygon","coordinates":[[[9.4927,48.7673],[9.4687,48.7732],[9.4775,48.7654],[9.4655,48.7533],[9.4655,48.7286],[9.4869,48.7249],[9.5092,48.7488],[9.5031,48.7539],[9.4927,48.7673]]]},"properties":{"AGS":"08116037","GEN":"Lichtenwald","SN_L":"08"}},
{"type":"Feature","geometry":{"type":"Polygon","coordinates":[[[9.4655,48.7286],[9.4521,48.722],[9.4382,48.7257],[9.4486,48.7009],[9.4847,48.7062],[9.4938,48.7123],[9.4869,48.7249],[9.4655,48.7286]]]},"properties":{"AGS":"08116058","GEN":"Reichenbach an der Fils","SN_L":"08"}},
{"type":"Feature","geometry":{"type":"Polygon","coordinates":[[[9.5111,48.6094],[9.4797,48.6103],[9.4742,48.599],[9.4742,48.5825],[9.4889,48.5724],[9.5136,48.563],[9.5335,48.5604],[9.5433,48.5695],[9.5331,48.5769],[9.5111,48.6094]]]},"properties":{"AGS":"08116012","GEN":"Bissingen an der Teck","SN_L":"08"}},
{"type":"Feature","geometry":{"type":"Polygon","coordinates":[[[9.556,48.6406],[9.5508,48.6467],[9.5395,48.6405],[9.5149,48.6423],[9.5087,48.6317],[9.5348,48.6336],[9.556,48.6406]]]},"properties":{"AGS":"08116029","GEN":"Holzmaden","SN_L":"08"}},
{"type":"Feature","geometry":{"type":"Polygon","coordinates":[[[9.5954,48.5861],[9.5928,48.5978],[9.5782,48.5901],[9.5518,48.5917],[9.5331,48.5769],[9.5433,48.5695],[9.5335,48.5604],[9.5607,48.5521],[9.5671,48.5614],[9.5895,48.5715],[9.5954,48.5861]]]},"properties":{"AGS":"08116043","GEN":"Neidlingen","SN_L":"08"}},
{"type":"Feature","geometry":{"type":"Polygon","coordinates":[[[9.5404,48.6603],[9.5235,48.6581],[9.5079,48.6537],[9.5149,48.6423],[9.5395,48.6405],[9.5508,48.6467],[9.5544,48.6559],[9.5404,48.6603]]]},"properties":{"AGS":"08116053","GEN":"Ohmden","SN_L":"08"}},
{"type":"Feature","geometry":{"type":"Polygon","coordinates":[[[9.593,48.6165],[9.5778,48.6251],[9.5348,48.6336],[9.5087,48.6317],[9.4997,48.6252],[9.5111,48.6094],[9.5331,48.5769],[9.5518,48.5917],[9.5782,48.5901],[9.5928,48.5978],[9.5879,48.6047],[9.593,48.6165]]]},"properties":{"AGS":"08116070","GEN":"Weilheim an der Teck","SN_L":"08"}},
{"type":"Feature","geometry":{"type":"Polygon","coordinates":[[[9.371,48.7042],[9.3511,48.7018],[9.3349,48.6928],[9.3295,48.6788],[9.3156,48.6728],[9.3325,48.6691],[9.3578,48.6719],[9.3699,48.6745],[9.3801,48.6895],[9.3902,48.6889],[9.3965,48.7007],[9.371,48.7042]]]},"properties":{"AGS":"08116035","GEN":"Köngen","SN_L":"08"}},
{"type":"Feature","geometry":{"type":"Polygon","coordinates":[[[9.4218,48.6723],[9.413,48.6813],[9.3902,48.6889],[9.3801,48.6895],[9.3699,48.6745],[9.3578,48.6719],[9.3636,48.6604],[9.3963,48.6518],[9.394,48.6479],[9.4038,48.6506],[9.3996,48.6575],[9.4214,48.6661],[9.4218,48.6723]]]},"properties":{"AGS":"08116071","GEN":"Wendlingen am Neckar","SN_L":"08"}},
{"type":"Feature","geometry":{"type":"Polygon","coordinates":[[[9.9878,48.7273],[9.9701,48.7252],[9.9585,48.7301],[9.9332,48.73],[9.921,48.716],[9.9276,48.7025],[9.8934,48.6996],[9.8696,48.7047],[9.861,48.6947],[9.8635,48.6834],[9.8584,48.6724],[9.8752,48.6577],[9.8874,48.6591],[9.8976,48.6463],[9.9206,48.6403],[9.9318,48.6674],[9.9444,48.6627],[9.9567,48.6672],[9.9708,48.6773],[9.9642,48.6948],[9.9729,48.7033],[9.9925,48.7054],[9.9945,48.7145],[9.9878,48.7273]]]},"properties":{"AGS":"08117010","GEN":"Böhmenkirch","SN_L":"08"}},
{"type":"Feature","geometry":{"type":"Polygon","coordinates":[[[9.729,48.5631],[9.7308,48.5692],[9.7208,48.5853],[9.7018,48.5892],[9.6892,48.6177],[9.6981,48.6249],[9.6909,48.6338],[9.6867,48.6375],[9.6764,48.6277],[9.6617,48.6296],[9.6538,48.6264],[9.6584,48.6149],[9.6773,48.5952],[9.6691,48.5858],[9.6589,48.5618],[9.6787,48.5655],[9.7026,48.55],[9.7217,48.5529],[9.7212,48.5578],[9.729,48.5631]]]},"properties":{"AGS":"08117006","GEN":"Bad Ditzenbach","SN_L":"08"}},
{"type":"Feature","geometry":{"type":"Polygon","coordinates":[[[9.75,48.5967],[9.7429,48.5992],[9.7458,48.623],[9.733,48.6336],[9.717,48.6393],[9.6909,48.6338],[9.6981,48.6249],[9.6892,48.6177],[9.7018,48.5892],[9.7208,48.5853],[9.7308,48.5692],[9.729,48.5631],[9.7301,48.5635],[9.7387,48.5664],[9.7428,48.5895],[9.75,48.5967]]]},"properties":{"AGS":"08117014","GEN":"Deggingen","SN_L":"08"}},
{"type":"Feature","geometry":{"type":"Polygon","coordinates":[[[9.5732,48.7039],[9.5363,48.7285],[9.5351,48.7353],[9.5092,48.7488],[9.4869,48.7249],[9.4938,48.7123],[9.4847,48.7062],[9.4917,48.7031],[9.4881,48.6871],[9.4929,48.6787],[9.5068,48.6859],[9.5368,48.6929],[9.5732,48.7039]]]},"properties":{"AGS":"08117018","GEN":"Ebersbach an der Fils","SN_L":"08"}},
{"type":"Feature","geometry":{"type":"Polygon","coordinates":[[[9.5504,48.6755],[9.5368,48.6929],[9.5068,48.6859],[9.4929,48.6787],[9.4911,48.6689],[9.5142,48.6572],[9.5235,48.6581],[9.5404,48.6603],[9.5504,48.6755]]]},"properties":{"AGS":"08117044","GEN":"Schlierbach","SN_L":"08"}},
{"type":"Feature","geometry":{"type":"Polygon","coordinates":[[[9.7528,48.7156],[9.7286,48.7279],[9.7083,48.7242],[9.695,48.7066],[9.6816,48.703],[9.6825,48.6912],[9.6966,48.6911],[9.6983,48.6773],[9.7127,48.675],[9.7269,48.6854],[9.7334,48.7003],[9.747,48.7046],[9.7528,48.7156]]]},"properties":{"AGS":"08117019","GEN":"Eislingen/Fils","SN_L":"08"}},
{"type":"Feature","geometry":{"type":"Polygon","coordinates":[[[9.7894,48.7373],[9.7528,48.7517],[9.7248,48.7398],[9.7286,48.7279],[9.7528,48.7156],[9.7604,48.71],[9.7735,48.7257],[9.7777,48.7335],[9.7855,48.7345],[9.7894,48.7373]]]},"properties":{"AGS":"08117037","GEN":"Ottenbach","SN_L":"08"}},
{"type":"Feature","geometry":{"type":"Polygon","coordinates":[[[9.7789,48.6893],[9.7747,48.7074],[9.7604,48.71],[9.7528,48.7156],[9.747,48.7046],[9.7334,48.7003],[9.7269,48.6854],[9.7494,48.6854],[9.7789,48.6893]]]},"properties":{"AGS":"08117042","GEN":"Salach","SN_L":"08"}},
{"type":"Feature","geometry":{"type":"Polygon","coordinates":[[[9.7412,48.6517],[9.7266,48.6548],[9.7332,48.6509],[9.717,48.6393],[9.733,48.6336],[9.7458,48.623],[9.7429,48.5992],[9.75,48.5967],[9.762,48.5955],[9.7728,48.5867],[9.787,48.591],[9.8044,48.5885],[9.8154,48.6059],[9.8023,48.6186],[9.7801,48.6218],[9.7783,48.6336],[9.7619,48.6404],[9.7412,48.6517]]]},"properties":{"AGS":"08117007","GEN":"Bad Überkingen","SN_L":"08"}},
{"type":"Feature","geometry":{"type":"Polygon","coordinates":[[[9.9206,48.6403],[9.8976,48.6463],[9.8874,48.6591],[9.8752,48.6577],[9.8584,48.6724],[9.8369,48.6684],[9.8268,48.6442],[9.8182,48.639],[9.8044,48.629],[9.8023,48.6186],[9.8154,48.6059],[9.8044,48.5885],[9.787,48.591],[9.7728,48.5867],[9.762,48.5955],[9.75,48.5967],[9.7428,48.5895],[9.7387,48.5664],[9.7301,48.5635],[9.8007,48.5573],[9.8174,48.5594],[9.8361,48.575],[9.8686,48.5907],[9.8991,48.6151],[9.9241,48.6299],[9.9441,48.6318],[9.9206,48.6403]]]},"properties":{"AGS":"08117024","GEN":"Geislingen an der Steige","SN_L":"08"}},
{"type":"Feature","geometry":{"type":"Polygon","coordinates":[[[9.8182,48.639],[9.8077,48.6549],[9.786,48.6457],[9.7619,48.6404],[9.7783,48.6336],[9.7801,48.6218],[9.8023,48.6186],[9.8044,48.629],[9.8182,48.639]]]},"properties":{"AGS":"08117033","GEN":"Kuchen","SN_L":"08"}},
{"type":"Feature","geometry":{"type":"Polygon","coordinates":[[[9.7528,48.7517],[9.7474,48.7697],[9.7296,48.7684],[9.7141,48.7722],[9.7089,48.7531],[9.6849,48.7406],[9.6709,48.7489],[9.6697,48.7397],[9.6368,48.7197],[9.6269,48.7196],[9.6038,48.7182],[9.6129,48.7084],[9.5961,48.6983],[9.5967,48.6847],[9.591,48.6729],[9.5916,48.6591],[9.6018,48.6559],[9.62,48.66],[9.6273,48.6553],[9.6336,48.6586],[9.6252,48.6719],[9.637,48.6812],[9.6629,48.685],[9.6724,48.6804],[9.6858,48.6619],[9.7161,48.6702],[9.7127,48.675],[9.6983,48.6773],[9.6966,48.6911],[9.6825,48.6912],[9.6816,48.703],[9.695,48.7066],[9.7083,48.7242],[9.7286,48.7279],[9.7248,48.7398],[9.7528,48.7517]]]},"properties":{"AGS":"08117026","GEN":"Göppingen","SN_L":"08"}},
{"type":"Feature","geometry":{"type":"Polygon","coordinates":[[[9.7161,48.6702],[9.6858,48.6619],[9.6879,48.6425],[9.6867,48.6375],[9.6909,48.6338],[9.717,48.6393],[9.7332,48.6509],[9.7266,48.6548],[9.7161,48.6702]]]},"properties":{"AGS":"08117043","GEN":"Schlat","SN_L":"08"}},
{"type":"Feature","geometry":{"type":"Polygon","coordinates":[[[9.716,48.777],[9.6824,48.777],[9.6579,48.7704],[9.6587,48.7607],[9.6729,48.7581],[9.6709,48.7489],[9.6849,48.7406],[9.7089,48.7531],[9.7141,48.7722],[9.716,48.777]]]},"properties":{"AGS":"08117053","GEN":"Wäschenbeuren","SN_L":"08"}},
{"type":"Feature","geometry":{"type":"Polygon","coordinates":[[[9.58,48.7501],[9.5708,48.7503],[9.5682,48.7443],[9.5855,48.7287],[9.6038,48.7182],[9.6269,48.7196],[9.6221,48.7448],[9.6214,48.7453],[9.595,48.7438],[9.58,48.7501]]]},"properties":{"AGS":"08117055","GEN":"Wangen","SN_L":"08"}},
{"type":"Feature","geometry":{"type":"Polygon","coordinates":[[[9.792,48.7318],[9.7855,48.7345],[9.7777,48.7335],[9.7786,48.7283],[9.7753,48.7258],[9.7735,48.7257],[9.7604,48.71],[9.7747,48.7074],[9.7789,48.6893],[9.7838,48.6686],[9.7982,48.6686],[9.8077,48.6549],[9.8182,48.639],[9.8268,48.6442],[9.8369,48.6684],[9.8584,48.6724],[9.8635,48.6834],[9.861,48.6947],[9.845,48.7009],[9.8333,48.7281],[9.7919,48.7203],[9.7925,48.7294],[9.792,48.7318]]]},"properties":{"AGS":"08117015","GEN":"Donzdorf","SN_L":"08"}},
{"type":"Feature","geometry":{"type":"Polygon","coordinates":[[[9.7838,48.6686],[9.7597,48.6723],[9.7543,48.6578],[9.7412,48.6517],[9.7619,48.6404],[9.786,48.6457],[9.8077,48.6549],[9.7982,48.6686],[9.7838,48.6686]]]},"properties":{"AGS":"08117025","GEN":"Gingen an der Fils","SN_L":"08"}},
{"type":"Feature","geometry":{"type":"Polygon","coordinates":[[[9.7789,48.6893],[9.7494,48.6854],[9.7269,48.6854],[9.7127,48.675],[9.7161,48.6702],[9.7266,48.6548],[9.7412,48.6517],[9.7543,48.6578],[9.7597,48.6723],[9.7838,48.6686],[9.7789,48.6893]]]},"properties":{"AGS":"08117049","GEN":"Süßen","SN_L":"08"}},
{"type":"Feature","geometry":{"type":"Polygon","coordinates":[[[9.9332,48.73],[9.9321,48.741],[9.9096,48.7439],[9.9105,48.7533],[9.9046,48.7471],[9.8826,48.7512],[9.8828,48.7378],[9.8973,48.7319],[9.9029,48.716],[9.886,48.7147],[9.8602,48.7257],[9.8501,48.7264],[9.8333,48.7281],[9.845,48.7009],[9.861,48.6947],[9.8696,48.7047],[9.8934,48.6996],[9.9276,48.7025],[9.921,48.716],[9.9332,48.73]]]},"properties":{"AGS":"08117061","GEN":"Lauterstein","SN_L":"08"}},
{"type":"Feature","geometry":{"type":"Polygon","coordinates":[[[9.7217,48.5529],[9.7026,48.55],[9.6787,48.5655],[9.6589,48.5618],[9.6484,48.5539],[9.6506,48.5526],[9.6756,48.5542],[9.6957,48.5412],[9.7199,48.5452],[9.7217,48.5529]]]},"properties":{"AGS":"08117016","GEN":"Drackenstein","SN_L":"08"}},
{"type":"Feature","geometry":{"type":"Polygon","coordinates":[[[9.6538,48.6264],[9.6489,48.623],[9.6301,48.6241],[9.5955,48.6194],[9.593,48.6165],[9.5879,48.6047],[9.5928,48.5978],[9.5954,48.5861],[9.6229,48.5834],[9.6311,48.5786],[9.6585,48.583],[9.6624,48.5922],[9.6773,48.5952],[9.6584,48.6149],[9.6538,48.6264]]]},"properties":{"AGS":"08117028","GEN":"Gruibingen","SN_L":"08"}},
{"type":"Feature","geometry":{"type":"Polygon","coordinates":[[[9.6957,48.5412],[9.6756,48.5542],[9.6506,48.5526],[9.6326,48.537],[9.6592,48.5195],[9.6821,48.5246],[9.6948,48.5365],[9.6957,48.5412]]]},"properties":{"AGS":"08117031","GEN":"Hohenstadt","SN_L":"08"}},
{"type":"Feature","geometry":{"type":"Polygon","coordinates":[[[9.6773,48.5952],[9.6624,48.5922],[9.6585,48.583],[9.6311,48.5786],[9.6389,48.5731],[9.6402,48.5605],[9.6484,48.5539],[9.6589,48.5618],[9.6691,48.5858],[9.6773,48.5952]]]},"properties":{"AGS":"08117035","GEN":"Mühlhausen im Täle","SN_L":"08"}},
{"type":"Feature","geometry":{"type":"Polygon","coordinates":[[[9.5954,48.5861],[9.5895,48.5715],[9.5671,48.5614],[9.5607,48.5521],[9.5825,48.5391],[9.5852,48.5367],[9.6112,48.5415],[9.6326,48.537],[9.6506,48.5526],[9.6484,48.5539],[9.6402,48.5605],[9.6389,48.5731],[9.6311,48.5786],[9.6229,48.5834],[9.5954,48.5861]]]},"properties":{"AGS":"08117058","GEN":"Wiesensteig","SN_L":"08"}},
{"type":"Feature","geometry":{"type":"Polygon","coordinates":[[[9.6145,48.7693],[9.5884,48.7811],[9.574,48.7802],[9.5711,48.7717],[9.5853,48.7603],[9.58,48.7501],[9.595,48.7438],[9.6214,48.7453],[9.6145,48.7693]]]},"properties":{"AGS":"08117001","GEN":"Adelberg","SN_L":"08"}},
{"type":"Feature","geometry":{"type":"Polygon","coordinates":[[[9.6709,48.7489],[9.6729,48.7581],[9.6587,48.7607],[9.6488,48.7434],[9.6697,48.7397],[9.6709,48.7489]]]},"properties":{"AGS":"08117009","GEN":"Birenbach","SN_L":"08"}},
{"type":"Feature","geometry":{"type":"Polygon","coordinates":[[[9.6579,48.7704],[9.6266,48.7744],[9.6145,48.7693],[9.6214,48.7453],[9.6221,48.7448],[9.6488,48.7434],[9.6587,48.7607],[9.6579,48.7704]]]},"properties":{"AGS":"08117011","GEN":"Börtlingen","SN_L":"08"}},
{"type":"Feature","geometry":{"type":"Polygon","coordinates":[[[9.6488,48.7434],[9.6221,48.7448],[9.6269,48.7196],[9.6368,48.7197],[9.6697,48.7397],[9.6488,48.7434]]]},"properties":{"AGS":"08117038","GEN":"Rechberghausen","SN_L":"08"}},
{"type":"Feature","geometry":{"type":"Polygon","coordinates":[[[9.5793,48.6306],[9.5672,48.6412],[9.556,48.6406],[9.5348,48.6336],[9.5778,48.6251],[9.593,48.6165],[9.5955,48.6194],[9.5793,48.6306]]]},"properties":{"AGS":"08117002","GEN":"Aichelberg","SN_L":"08"}},
{"type":"Feature","geometry":{"type":"Polygon","coordinates":[[[9.6273,48.6553],[9.62,48.66],[9.6018,48.6559],[9.5916,48.6484],[9.5793,48.6306],[9.5955,48.6194],[9.6301,48.6241],[9.6213,48.6477],[9.6273,48.6553]]]},"properties":{"AGS":"08117012","GEN":"Bad Boll","SN_L":"08"}},
{"type":"Feature","geometry":{"type":"Polygon","coordinates":[[[9.6336,48.6586],[9.6273,48.6553],[9.6213,48.6477],[9.6301,48.6241],[9.6489,48.623],[9.6435,48.6535],[9.6336,48.6586]]]},"properties":{"AGS":"08117017","GEN":"Dürnau","SN_L":"08"}},
{"type":"Feature","geometry":{"type":"Polygon","coordinates":[[[9.6617,48.6296],[9.6548,48.6537],[9.6435,48.6535],[9.6489,48.623],[9.6538,48.6264],[9.6617,48.6296]]]},"properties":{"AGS":"08117023","GEN":"Gammelshausen","SN_L":"08"}},
{"type":"Feature","geometry":{"type":"Polygon","coordinates":[[[9.591,48.6729],[9.579,48.6796],[9.5504,48.6755],[9.5404,48.6603],[9.5544,48.6559],[9.5916,48.6591],[9.591,48.6729]]]},"properties":{"AGS":"08117029","GEN":"Hattenhofen","SN_L":"08"}},
{"type":"Feature","geometry":{"type":"Polygon","coordinates":[[[9.5916,48.6591],[9.5544,48.6559],[9.5508,48.6467],[9.556,48.6406],[9.5672,48.6412],[9.5793,48.6306],[9.5916,48.6484],[9.6018,48.6559],[9.5916,48.6591]]]},"properties":{"AGS":"08117060","GEN":"Zell unter Aichelberg","SN_L":"08"}},
{"type":"Feature","geometry":{"type":"Polygon","coordinates":[[[9.579,48.6796],[9.5732,48.7039],[9.5368,48.6929],[9.5504,48.6755],[9.579,48.6796]]]},"properties":{"AGS":"08117003","GEN":"Albershausen","SN_L":"08"}},
{"type":"Feature","geometry":{"type":"Polygon","coordinates":[[[9.5708,48.7503],[9.5476,48.7405],[9.5342,48.7571],[9.518,48.7607],[9.5031,48.7539],[9.5092,48.7488],[9.5351,48.7353],[9.5363,48.7285],[9.5732,48.7039],[9.579,48.6796],[9.591,48.6729],[9.5967,48.6847],[9.5961,48.6983],[9.6129,48.7084],[9.6038,48.7182],[9.5855,48.7287],[9.5682,48.7443],[9.5708,48.7503]]]},"properties":{"AGS":"08117051","GEN":"Uhingen","SN_L":"08"}},
{"type":"Feature","geometry":{"type":"Polygon","coordinates":[[[9.6858,48.6619],[9.6724,48.6804],[9.6638,48.6498],[9.6879,48.6425],[9.6858,48.6619]]]},"properties":{"AGS":"08117020","GEN":"Eschenbach","SN_L":"08"}},
{"type":"Feature","geometry":{"type":"Polygon","coordinates":[[[9.6724,48.6804],[9.6629,48.685],[9.637,48.6812],[9.6252,48.6719],[9.6336,48.6586],[9.6435,48.6535],[9.6548,48.6537],[9.6617,48.6296],[9.6764,48.6277],[9.6867,48.6375],[9.6879,48.6425],[9.6638,48.6498],[9.6724,48.6804]]]},"properties":{"AGS":"08117030","GEN":"Heiningen","SN_L":"08"}},
{"type":"Feature","geometry":{"type":"Polygon","coordinates":[[[9.1518,48.8913],[9.1571,48.9181],[9.1389,48.9207],[9.1266,48.9089],[9.1251,48.8982],[9.1518,48.8913]]]},"properties":{"AGS":"08118003","GEN":"Asperg","SN_L":"08"}},
{"type":"Feature","geometry":{"type":"Polygon","coordinates":[[[9.0496,48.8537],[9.0182,48.8567],[9.0011,48.8529],[8.9853,48.8643],[8.9631,48.8617],[8.9581,48.8548],[8.9569,48.8411],[8.9659,48.8298],[8.9682,48.8289],[8.9954,48.8324],[9.0056,48.8272],[9.0241,48.8294],[9.0431,48.8211],[9.0424,48.8093],[9.0667,48.8171],[9.077,48.814],[9.091,48.8369],[9.0816,48.8417],[9.0545,48.8434],[9.0496,48.8537]]]},"properties":{"AGS":"08118011","GEN":"Ditzingen","SN_L":"08"}},
{"type":"Feature","geometry":{"type":"Polygon","coordinates":[[[9.077,48.814],[9.0667,48.8171],[9.0424,48.8093],[9.0302,48.7994],[9.0434,48.7893],[9.0514,48.7635],[9.068,48.7566],[9.083,48.7688],[9.0882,48.782],[9.075,48.7871],[9.084,48.7971],[9.077,48.814]]]},"properties":{"AGS":"08118019","GEN":"Gerlingen","SN_L":"08"}},
{"type":"Feature","geometry":{"type":"Polygon","coordinates":[[[9.2949,49.0319],[9.2887,49.0426],[9.2709,49.0378],[9.2557,49.0276],[9.236,49.0203],[9.2408,49.0192],[9.2457,48.9954],[9.2575,48.9956],[9.2847,48.986],[9.3094,48.9844],[9.3253,48.9972],[9.339,49.0024],[9.3267,49.0127],[9.3138,49.0127],[9.2949,49.0319]]]},"properties":{"AGS":"08118021","GEN":"Großbottwar","SN_L":"08"}},
{"type":"Feature","geometry":{"type":"Polygon","coordinates":[[[9.2221,48.8775],[9.1735,48.8837],[9.1653,48.874],[9.1523,48.8735],[9.1536,48.8612],[9.1654,48.8513],[9.1882,48.8486],[9.2075,48.8528],[9.2059,48.8614],[9.2252,48.866],[9.2221,48.8775]]]},"properties":{"AGS":"08118046","GEN":"Kornwestheim","SN_L":"08"}},
{"type":"Feature","geometry":{"type":"Polygon","coordinates":[[[9.2871,48.9185],[9.2687,48.9194],[9.2513,48.9297],[9.2338,48.9291],[9.2255,48.93],[9.1853,48.9152],[9.1721,48.9231],[9.1548,48.9246],[9.1389,48.9207],[9.1571,48.9181],[9.1518,48.8913],[9.1523,48.8735],[9.1653,48.874],[9.1735,48.8837],[9.2221,48.8775],[9.2558,48.8885],[9.2585,48.8961],[9.28,48.8981],[9.3035,48.91],[9.3125,48.9134],[9.3077,48.9211],[9.2871,48.9185]]]},"properties":{"AGS":"08118048","GEN":"Ludwigsburg","SN_L":"08"}},
{"type":"Feature","geometry":{"type":"Polygon","coordinates":[[[9.0682,48.9434],[9.0472,48.9422],[9.0479,48.9382],[9.0195,48.9194],[9.0325,48.9136],[9.0364,48.9024],[9.0214,48.8987],[9.0308,48.8907],[9.0611,48.8907],[9.0914,48.8872],[9.1067,48.8892],[9.1251,48.8982],[9.1266,48.9089],[9.0906,48.9161],[9.0885,48.9258],[9.0742,48.9275],[9.0682,48.9434]]]},"properties":{"AGS":"08118050","GEN":"Markgröningen","SN_L":"08"}},
{"type":"Feature","geometry":{"type":"Polygon","coordinates":[[[9.1518,48.8913],[9.1251,48.8982],[9.1067,48.8892],[9.1228,48.8761],[9.1211,48.8683],[9.1337,48.8575],[9.1536,48.8612],[9.1523,48.8735],[9.1518,48.8913]]]},"properties":{"AGS":"08118051","GEN":"Möglingen","SN_L":"08"}},
{"type":"Feature","geometry":{"type":"MultiPolygon","coordinates":[[[[9.415,49.058],[9.3972,49.0595],[9.3851,49.0494],[9.3995,49.044],[9.4162,49.0474],[9.415,49.058]]],[[[9.3994,49.0382],[9.3553,49.0369],[9.3424,49.0419],[9.3136,49.034],[9.2949,49.0319],[9.3138,49.0127],[9.3267,49.0127],[9.339,49.0024],[9.3611,49.0156],[9.3841,49.0195],[9.3878,49.0318],[9.3994,49.0382]]]]},"properties":{"AGS":"08118060","GEN":"Oberstenfeld","SN_L":"08"}},
{"type":"Feature","geometry":{"type":"Polygon","coordinates":[[[8.9345,49.0403],[8.9116,49.0394],[8.8933,49.0442],[8.876,49.0352],[8.9047,49.0213],[8.9325,49.0118],[8.9554,49.0115],[8.9845,49.0046],[9.0101,48.9803],[9.0263,48.9821],[9.0381,48.9704],[9.0411,48.949],[9.0472,48.9422],[9.0682,48.9434],[9.0945,48.9504],[9.0825,48.9727],[9.0896,48.9802],[9.0586,49.0047],[9.0364,49.0049],[9.0296,49.0153],[9.0175,49.0232],[9.0075,49.0216],[8.9875,49.0285],[8.9893,49.0377],[8.9713,49.0415],[8.942,49.0375],[8.9345,49.0403]]]},"properties":{"AGS":"08118076","GEN":"Sachsenheim","SN_L":"08"}},
{"type":"Feature","geometry":{"type":"Polygon","coordinates":[[[9.1211,48.8683],[9.1055,48.8691],[9.0816,48.8602],[9.0539,48.8583],[9.0496,48.8537],[9.0545,48.8434],[9.0816,48.8417],[9.091,48.8369],[9.1152,48.8229],[9.1381,48.8281],[9.1426,48.8453],[9.1337,48.8575],[9.1211,48.8683]]]},"properties":{"AGS":"08118080","GEN":"Korntal-Münchingen","SN_L":"08"}},
{"type":"Feature","geometry":{"type":"Polygon","coordinates":[[[9.313,48.9004],[9.3035,48.91],[9.28,48.8981],[9.2585,48.8961],[9.2558,48.8885],[9.2221,48.8775],[9.2252,48.866],[9.2336,48.8494],[9.2442,48.847],[9.2596,48.8628],[9.2757,48.8601],[9.2952,48.8639],[9.3012,48.8765],[9.2974,48.8854],[9.313,48.9004]]]},"properties":{"AGS":"08118081","GEN":"Remseck am Neckar","SN_L":"08"}},
{"type":"Feature","geometry":{"type":"MultiPolygon","coordinates":[[[[9.2346,49.0226],[9.2235,49.0314],[9.2137,49.0286],[9.1858,49.0305],[9.1887,49.016],[9.1935,49.0112],[9.2148,49.0109],[9.2346,49.0226]]],[[[9.1694,49.0078],[9.1481,49.0056],[9.1297,49.0004],[9.1182,48.9831],[9.1451,48.9825],[9.1602,48.9756],[9.1774,48.9776],[9.1881,48.9862],[9.1702,48.9905],[9.1752,48.9991],[9.1694,49.0078]]]]},"properties":{"AGS":"08118007","GEN":"Besigheim","SN_L":"08"}},
{"type":"Feature","geometry":{"type":"Polygon","coordinates":[[[9.0732,49.0079],[9.0574,49.0164],[9.0296,49.0153],[9.0364,49.0049],[9.0586,49.0047],[9.0732,49.0079]]]},"properties":{"AGS":"08118016","GEN":"Freudental","SN_L":"08"}},
{"type":"Feature","geometry":{"type":"Polygon","coordinates":[[[9.1661,49.0408],[9.1532,49.0388],[9.1518,49.0262],[9.1598,49.0155],[9.1481,49.0056],[9.1694,49.0078],[9.1887,49.016],[9.1858,49.0305],[9.1661,49.0408]]]},"properties":{"AGS":"08118018","GEN":"Gemmrigheim","SN_L":"08"}},
{"type":"Feature","geometry":{"type":"Polygon","coordinates":[[[9.1887,49.016],[9.1694,49.0078],[9.1752,48.9991],[9.1702,48.9905],[9.1881,48.9862],[9.201,48.9939],[9.1919,49.0023],[9.1935,49.0112],[9.1887,49.016]]]},"properties":{"AGS":"08118028","GEN":"Hessigheim","SN_L":"08"}},
{"type":"Feature","geometry":{"type":"Polygon","coordinates":[[[9.1089,49.0097],[9.0732,49.0079],[9.0586,49.0047],[9.0896,48.9802],[9.1182,48.9831],[9.1297,49.0004],[9.1166,49.008],[9.1089,49.0097]]]},"properties":{"AGS":"08118047","GEN":"Löchgau","SN_L":"08"}},
{"type":"Feature","geometry":{"type":"Polygon","coordinates":[[[9.2457,48.9954],[9.2408,49.0192],[9.236,49.0203],[9.2346,49.0226],[9.2148,49.0109],[9.1935,49.0112],[9.1919,49.0023],[9.201,48.9939],[9.2151,48.9779],[9.22,48.9932],[9.2457,48.9954]]]},"properties":{"AGS":"08118053","GEN":"Mundelsheim","SN_L":"08"}},
{"type":"Feature","geometry":{"type":"Polygon","coordinates":[[[9.1481,49.0056],[9.1598,49.0155],[9.1518,49.0262],[9.1324,49.026],[9.1166,49.008],[9.1297,49.0004],[9.1481,49.0056]]]},"properties":{"AGS":"08118074","GEN":"Walheim","SN_L":"08"}},
{"type":"Feature","geometry":{"type":"Polygon","coordinates":[[[9.1581,48.9346],[9.1534,48.937],[9.1411,48.9404],[9.1109,48.9259],[9.0885,48.9258],[9.0906,48.9161],[9.1266,48.9089],[9.1389,48.9207],[9.1548,48.9246],[9.1584,48.9305],[9.1581,48.9346]]]},"properties":{"AGS":"08118071","GEN":"Tamm","SN_L":"08"}},
{"type":"Feature","geometry":{"type":"Polygon","coordinates":[[[9.201,48.9939],[9.1881,48.9862],[9.1774,48.9776],[9.1602,48.9756],[9.1666,48.9617],[9.1513,48.948],[9.1847,48.9452],[9.1882,48.9561],[9.2145,48.9772],[9.2151,48.9779],[9.201,48.9939]]]},"properties":{"AGS":"08118077","GEN":"Ingersheim","SN_L":"08"}},
{"type":"Feature","geometry":{"type":"Polygon","coordinates":[[[9.1602,48.9756],[9.1451,48.9825],[9.1182,48.9831],[9.0896,48.9802],[9.0825,48.9727],[9.0945,48.9504],[9.0682,48.9434],[9.0742,48.9275],[9.0885,48.9258],[9.1109,48.9259],[9.1411,48.9404],[9.1534,48.937],[9.1513,48.948],[9.1666,48.9617],[9.1602,48.9756]]]},"properties":{"AGS":"08118079","GEN":"Bietigheim-Bissingen","SN_L":"08"}},
{"type":"Feature","geometry":{"type":"Polygon","coordinates":[[[9.1324,49.026],[9.124,49.0545],[9.1016,49.0617],[9.1066,49.0516],[9.0659,49.0454],[9.058,49.0382],[9.0602,49.0255],[9.0429,49.0244],[9.0252,49.0289],[9.0175,49.0232],[9.0296,49.0153],[9.0574,49.0164],[9.1108,49.0321],[9.1089,49.0097],[9.1166,49.008],[9.1324,49.026]]]},"properties":{"AGS":"08118010","GEN":"Bönnigheim","SN_L":"08"}},
{"type":"Feature","geometry":{"type":"Polygon","coordinates":[[[9.1089,49.0097],[9.1108,49.0321],[9.0574,49.0164],[9.0732,49.0079],[9.1089,49.0097]]]},"properties":{"AGS":"08118015","GEN":"Erligheim","SN_L":"08"}},
{"type":"Feature","geometry":{"type":"Polygon","coordinates":[[[9.1749,49.0516],[9.153,49.0573],[9.1359,49.0553],[9.1159,49.0627],[9.1016,49.0617],[9.124,49.0545],[9.1324,49.026],[9.1518,49.0262],[9.1532,49.0388],[9.1661,49.0408],[9.1749,49.0516]]]},"properties":{"AGS":"08118040","GEN":"Kirchheim am Neckar","SN_L":"08"}},
{"type":"Feature","geometry":{"type":"MultiPolygon","coordinates":[[[[9.3571,48.9858],[9.3519,48.9891],[9.3392,48.9814],[9.3418,48.9687],[9.3431,48.9684],[9.3571,48.9858]]],[[[9.2145,48.9772],[9.1882,48.9561],[9.1847,48.9452],[9.1974,48.942],[9.2216,48.9504],[9.2358,48.9529],[9.2313,48.9734],[9.2145,48.9772]]]]},"properties":{"AGS":"08118063","GEN":"Pleidelsheim","SN_L":"08"}},
{"type":"Feature","geometry":{"type":"Polygon","coordinates":[[[9.2255,48.93],[9.2216,48.9504],[9.1974,48.942],[9.1847,48.9452],[9.1513,48.948],[9.1534,48.937],[9.1581,48.9346],[9.1584,48.9305],[9.1548,48.9246],[9.1721,48.9231],[9.1853,48.9152],[9.2255,48.93]]]},"properties":{"AGS":"08118078","GEN":"Freiberg am Neckar","SN_L":"08"}},
{"type":"Feature","geometry":{"type":"Polygon","coordinates":[[[9.3148,48.9349],[9.3077,48.9211],[9.3125,48.9134],[9.3308,48.907],[9.343,48.9054],[9.3748,48.9094],[9.3766,48.9166],[9.3504,48.9341],[9.3148,48.9349]]]},"properties":{"AGS":"08118001","GEN":"Affalterbach","SN_L":"08"}},
{"type":"Feature","geometry":{"type":"Polygon","coordinates":[[[9.2338,48.9291],[9.2503,48.9338],[9.2491,48.9507],[9.2358,48.9529],[9.2216,48.9504],[9.2255,48.93],[9.2338,48.9291]]]},"properties":{"AGS":"08118006","GEN":"Benningen am Neckar","SN_L":"08"}},
{"type":"Feature","geometry":{"type":"MultiPolygon","coordinates":[[[[9.3519,48.9659],[9.3584,48.9848],[9.3571,48.9858],[9.3431,48.9684],[9.347,48.9654],[9.3519,48.9659]]],[[[9.3003,48.9507],[9.2855,48.9536],[9.2769,48.9513],[9.2846,48.9346],[9.2871,48.9185],[9.3077,48.9211],[9.3148,48.9349],[9.3065,48.9509],[9.3003,48.9507]]]]},"properties":{"AGS":"08118014","GEN":"Erdmannhausen","SN_L":"08"}},
{"type":"Feature","geometry":{"type":"MultiPolygon","coordinates":[[[[9.3125,48.9134],[9.3035,48.91],[9.313,48.9004],[9.3308,48.907],[9.3125,48.9134]]],[[[9.3599,48.9665],[9.3715,48.9714],[9.3584,48.9848],[9.3519,48.9659],[9.3599,48.9665]]],[[[9.3418,48.9687],[9.3248,48.9756],[9.316,48.9724],[9.3003,48.9507],[9.3065,48.9509],[9.3308,48.9511],[9.347,48.9654],[9.3431,48.9684],[9.3418,48.9687]]],[[[9.2855,48.9536],[9.2703,48.9552],[9.2491,48.9507],[9.2503,48.9338],[9.2338,48.9291],[9.2513,48.9297],[9.2687,48.9194],[9.2871,48.9185],[9.2846,48.9346],[9.2769,48.9513],[9.2855,48.9536]]]]},"properties":{"AGS":"08118049","GEN":"Marbach am Neckar","SN_L":"08"}},
{"type":"Feature","geometry":{"type":"Polygon","coordinates":[[[9.0539,48.8583],[9.0612,48.8675],[9.0533,48.876],[9.029,48.8827],[9.0122,48.8808],[8.9904,48.872],[8.9853,48.8643],[9.0011,48.8529],[9.0182,48.8567],[9.0496,48.8537],[9.0539,48.8583]]]},"properties":{"AGS":"08118027","GEN":"Hemmingen","SN_L":"08"}},
{"type":"Feature","geometry":{"type":"Polygon","coordinates":[[[9.1067,48.8892],[9.0914,48.8872],[9.0611,48.8907],[9.0308,48.8907],[9.029,48.8827],[9.0533,48.876],[9.0612,48.8675],[9.0539,48.8583],[9.0816,48.8602],[9.1055,48.8691],[9.1211,48.8683],[9.1228,48.8761],[9.1067,48.8892]]]},"properties":{"AGS":"08118067","GEN":"Schwieberdingen","SN_L":"08"}},
{"type":"Feature","geometry":{"type":"MultiPolygon","coordinates":[[[[9.3094,48.9844],[9.3247,48.9854],[9.3341,48.9945],[9.3253,48.9972],[9.3094,48.9844]]],[[[9.2703,48.9552],[9.266,48.9702],[9.2537,48.9782],[9.2313,48.9734],[9.2358,48.9529],[9.2491,48.9507],[9.2703,48.9552]]]]},"properties":{"AGS":"08118054","GEN":"Murr","SN_L":"08"}},
{"type":"Feature","geometry":{"type":"Polygon","coordinates":[[[9.3094,48.9844],[9.2847,48.986],[9.2575,48.9956],[9.2457,48.9954],[9.22,48.9932],[9.2151,48.9779],[9.2145,48.9772],[9.2313,48.9734],[9.2537,48.9782],[9.266,48.9702],[9.2703,48.9552],[9.2855,48.9536],[9.3003,48.9507],[9.316,48.9724],[9.3248,48.9756],[9.3418,48.9687],[9.3392,48.9814],[9.3519,48.9891],[9.3341,48.9945],[9.3247,48.9854],[9.3094,48.9844]]]},"properties":{"AGS":"08118070","GEN":"Steinheim an der Murr","SN_L":"08"}},
{"type":"Feature","geometry":{"type":"Polygon","coordinates":[[[9.0214,48.8987],[8.9883,48.8927],[8.98,48.8831],[8.9586,48.89],[8.9605,48.903],[8.9268,48.9028],[8.9153,48.9123],[8.9133,48.9038],[8.9175,48.8834],[8.9288,48.8666],[8.9581,48.8548],[8.9631,48.8617],[8.9853,48.8643],[8.9904,48.872],[9.0122,48.8808],[9.029,48.8827],[9.0308,48.8907],[9.0214,48.8987]]]},"properties":{"AGS":"08118012","GEN":"Eberdingen","SN_L":"08"}},
{"type":"Feature","geometry":{"type":"Polygon","coordinates":[[[9.0411,48.949],[9.0024,48.9468],[9.0029,48.9284],[9.0195,48.9194],[9.0479,48.9382],[9.0472,48.9422],[9.0411,48.949]]]},"properties":{"AGS":"08118059","GEN":"Oberriexingen","SN_L":"08"}},
{"type":"Feature","geometry":{"type":"Polygon","coordinates":[[[9.0411,48.949],[9.0381,48.9704],[9.0263,48.9821],[9.0101,48.9803],[8.9884,48.9653],[8.9958,48.9473],[9.0024,48.9468],[9.0411,48.949]]]},"properties":{"AGS":"08118068","GEN":"Sersheim","SN_L":"08"}},
{"type":"Feature","geometry":{"type":"Polygon","coordinates":[[[9.0101,48.9803],[8.9845,49.0046],[8.9554,49.0115],[8.9325,49.0118],[8.9047,49.0213],[8.9301,48.9956],[8.9203,48.9823],[8.9453,48.9618],[8.9482,48.9419],[8.9318,48.9388],[8.906,48.9442],[8.9024,48.9356],[8.9153,48.9123],[8.9268,48.9028],[8.9605,48.903],[8.9586,48.89],[8.98,48.8831],[8.9883,48.8927],[9.0214,48.8987],[9.0364,48.9024],[9.0325,48.9136],[9.0195,48.9194],[9.0029,48.9284],[9.0024,48.9468],[8.9958,48.9473],[8.9884,48.9653],[9.0101,48.9803]]]},"properties":{"AGS":"08118073","GEN":"Vaihingen an der Enz","SN_L":"08"}},
{"type":"Feature","geometry":{"type":"Polygon","coordinates":[[[9.7413,48.9019],[9.7171,48.9153],[9.7006,48.9138],[9.6849,48.9084],[9.6829,48.9013],[9.6865,48.8997],[9.6957,48.8933],[9.6726,48.8922],[9.6607,48.8847],[9.6577,48.8726],[9.6434,48.8692],[9.648,48.8535],[9.6399,48.8485],[9.6324,48.8431],[9.6312,48.8414],[9.6428,48.8361],[9.639,48.8226],[9.6399,48.8222],[9.6402,48.8202],[9.655,48.8176],[9.6708,48.8232],[9.7105,48.8283],[9.7226,48.8152],[9.7528,48.8234],[9.7587,48.8287],[9.7693,48.8369],[9.7599,48.8534],[9.7645,48.8548],[9.7514,48.863],[9.7472,48.8929],[9.7413,48.9019]]]},"properties":{"AGS":"08119001","GEN":"Alfdorf","SN_L":"08"}},
{"type":"Feature","geometry":{"type":"Polygon","coordinates":[[[9.2757,48.8601],[9.2596,48.8628],[9.2442,48.847],[9.2434,48.8229],[9.2531,48.8198],[9.2547,48.8002],[9.263,48.7926],[9.2952,48.7891],[9.2994,48.7786],[9.3152,48.779],[9.3062,48.7853],[9.3038,48.8081],[9.3069,48.8142],[9.2883,48.8151],[9.2875,48.8383],[9.2944,48.8502],[9.2757,48.8601]]]},"properties":{"AGS":"08119020","GEN":"Fellbach","SN_L":"08"}},
{"type":"Feature","geometry":{"type":"Polygon","coordinates":[[[9.3696,48.8619],[9.3569,48.8604],[9.346,48.8546],[9.3436,48.8438],[9.3635,48.8326],[9.3653,48.8243],[9.3963,48.8348],[9.3835,48.8329],[9.3759,48.8441],[9.3949,48.8483],[9.3727,48.8536],[9.3696,48.8619]]]},"properties":{"AGS":"08119041","GEN":"Korb","SN_L":"08"}},
{"type":"Feature","geometry":{"type":"Polygon","coordinates":[[[9.607,49.0184],[9.5894,49.0263],[9.5659,49.0207],[9.5548,49.0129],[9.5524,48.9926],[9.5454,48.9814],[9.5245,48.9816],[9.5241,48.9719],[9.5367,48.9696],[9.5452,48.9558],[9.5614,48.9584],[9.5834,48.9474],[9.5962,48.9335],[9.6342,48.9464],[9.6551,48.9381],[9.6735,48.9399],[9.6879,48.9526],[9.6933,48.964],[9.6716,48.974],[9.6637,48.9862],[9.6707,48.9921],[9.6403,48.9971],[9.6356,49.004],[9.6003,49.0041],[9.607,49.0184]]]},"properties":{"AGS":"08119044","GEN":"Murrhardt","SN_L":"08"}},
{"type":"Feature","geometry":{"type":"Polygon","coordinates":[[[9.5874,48.9067],[9.5557,48.9136],[9.5409,48.903],[9.5158,48.9038],[9.4943,48.8982],[9.4781,48.8927],[9.4992,48.8894],[9.4929,48.8738],[9.4796,48.8644],[9.514,48.8529],[9.5175,48.853],[9.5234,48.8506],[9.5369,48.8487],[9.5675,48.8542],[9.5726,48.867],[9.5581,48.8717],[9.5696,48.8806],[9.5971,48.8858],[9.5953,48.8863],[9.6016,48.8937],[9.5895,48.8972],[9.5874,48.9067]]]},"properties":{"AGS":"08119061","GEN":"Rudersberg","SN_L":"08"}},
{"type":"Feature","geometry":{"type":"MultiPolygon","coordinates":[[[[9.3949,48.8483],[9.3759,48.8441],[9.3835,48.8329],[9.3963,48.8348],[9.4132,48.8357],[9.4212,48.8453],[9.3949,48.8483]]],[[[9.3535,48.8915],[9.343,48.9054],[9.3308,48.907],[9.313,48.9004],[9.2974,48.8854],[9.3012,48.8765],[9.2952,48.8639],[9.2757,48.8601],[9.2944,48.8502],[9.2875,48.8383],[9.2883,48.8151],[9.3069,48.8142],[9.3208,48.8164],[9.3359,48.8108],[9.3659,48.8193],[9.3653,48.8243],[9.3635,48.8326],[9.3436,48.8438],[9.346,48.8546],[9.3569,48.8604],[9.3352,48.8632],[9.3228,48.8798],[9.3535,48.8915]]]]},"properties":{"AGS":"08119079","GEN":"Waiblingen","SN_L":"08"}},
{"type":"Feature","geometry":{"type":"Polygon","coordinates":[[[9.4781,48.8927],[9.4569,48.8924],[9.4505,48.8924],[9.4625,48.8767],[9.4555,48.8641],[9.4379,48.8562],[9.426,48.8451],[9.4266,48.8434],[9.4398,48.8326],[9.4546,48.8216],[9.4741,48.8246],[9.4852,48.8343],[9.5098,48.8431],[9.514,48.8529],[9.4796,48.8644],[9.4929,48.8738],[9.4992,48.8894],[9.4781,48.8927]]]},"properties":{"AGS":"08119089","GEN":"Berglen","SN_L":"08"}},
{"type":"Feature","geometry":{"type":"Polygon","coordinates":[[[9.4398,48.8326],[9.4266,48.8434],[9.426,48.8451],[9.4212,48.8453],[9.4132,48.8357],[9.4041,48.826],[9.4046,48.8119],[9.4372,48.7897],[9.449,48.8059],[9.4719,48.8099],[9.4782,48.8221],[9.4741,48.8246],[9.4546,48.8216],[9.4398,48.8326]]]},"properties":{"AGS":"08119090","GEN":"Remshalden","SN_L":"08"}},
{"type":"Feature","geometry":{"type":"Polygon","coordinates":[[[9.4372,48.7897],[9.4046,48.8119],[9.4041,48.826],[9.4132,48.8357],[9.3963,48.8348],[9.3653,48.8243],[9.3659,48.8193],[9.3359,48.8108],[9.3521,48.7993],[9.3544,48.7741],[9.3636,48.7703],[9.3865,48.7704],[9.3827,48.7817],[9.3908,48.7882],[9.4075,48.779],[9.4168,48.7575],[9.4358,48.7755],[9.4372,48.7897]]]},"properties":{"AGS":"08119091","GEN":"Weinstadt","SN_L":"08"}},
{"type":"Feature","geometry":{"type":"Polygon","coordinates":[[[9.3359,48.8108],[9.3208,48.8164],[9.3069,48.8142],[9.3038,48.8081],[9.3062,48.7853],[9.3152,48.779],[9.3136,48.7745],[9.3356,48.7656],[9.345,48.7674],[9.3544,48.7741],[9.3521,48.7993],[9.3359,48.8108]]]},"properties":{"AGS":"08119093","GEN":"Kernen im Remstal","SN_L":"08"}},
{"type":"Feature","geometry":{"type":"Polygon","coordinates":[[[9.4943,48.8982],[9.489,48.9099],[9.4705,48.9212],[9.4571,48.9191],[9.4493,48.9045],[9.4417,48.9013],[9.4501,48.8987],[9.4569,48.8924],[9.4781,48.8927],[9.4943,48.8982]]]},"properties":{"AGS":"08119003","GEN":"Allmersbach im Tal","SN_L":"08"}},
{"type":"Feature","geometry":{"type":"Polygon","coordinates":[[[9.5962,48.9335],[9.5834,48.9474],[9.5614,48.9584],[9.5452,48.9558],[9.5366,48.9416],[9.5639,48.9194],[9.5423,48.9198],[9.5357,48.9102],[9.5158,48.9038],[9.5409,48.903],[9.5557,48.9136],[9.5874,48.9067],[9.5962,48.9335]]]},"properties":{"AGS":"08119004","GEN":"Althütte","SN_L":"08"}},
{"type":"Feature","geometry":{"type":"Polygon","coordinates":[[[9.5241,48.9719],[9.5087,48.9729],[9.4925,48.9606],[9.4815,48.9434],[9.4944,48.9318],[9.5092,48.9251],[9.5423,48.9198],[9.5639,48.9194],[9.5366,48.9416],[9.5452,48.9558],[9.5367,48.9696],[9.5241,48.9719]]]},"properties":{"AGS":"08119006","GEN":"Auenwald","SN_L":"08"}},
{"type":"Feature","geometry":{"type":"Polygon","coordinates":[[[9.4975,48.9734],[9.4807,48.9684],[9.4554,48.9662],[9.4509,48.9782],[9.4275,48.9934],[9.42,48.9783],[9.426,48.9671],[9.4139,48.9543],[9.3821,48.9565],[9.3779,48.9395],[9.3887,48.9413],[9.4181,48.9253],[9.4104,48.9109],[9.4344,48.9021],[9.4391,48.9023],[9.4417,48.9013],[9.4493,48.9045],[9.4571,48.9191],[9.4705,48.9212],[9.4616,48.9291],[9.4624,48.9391],[9.4815,48.9434],[9.4925,48.9606],[9.5087,48.9729],[9.4975,48.9734]]]},"properties":{"AGS":"08119008","GEN":"Backnang","SN_L":"08"}},
{"type":"Feature","geometry":{"type":"Polygon","coordinates":[[[9.4104,48.9109],[9.4181,48.9253],[9.3887,48.9413],[9.3779,48.9395],[9.3504,48.9341],[9.3766,48.9166],[9.3901,48.9191],[9.4104,48.9109]]]},"properties":{"AGS":"08119018","GEN":"Burgstetten","SN_L":"08"}},
{"type":"Feature","geometry":{"type":"Polygon","coordinates":[[[9.3821,48.9565],[9.3599,48.9665],[9.3519,48.9659],[9.347,48.9654],[9.3308,48.9511],[9.3065,48.9509],[9.3148,48.9349],[9.3504,48.9341],[9.3779,48.9395],[9.3821,48.9565]]]},"properties":{"AGS":"08119038","GEN":"Kirchberg an der Murr","SN_L":"08"}},
{"type":"Feature","geometry":{"type":"Polygon","coordinates":[[[9.4586,49.0219],[9.4473,49.0247],[9.418,49.0202],[9.4285,49.0014],[9.4275,48.9934],[9.4509,48.9782],[9.4554,48.9662],[9.4807,48.9684],[9.4975,48.9734],[9.4972,48.9843],[9.4809,49.0039],[9.4593,49.0114],[9.4586,49.0219]]]},"properties":{"AGS":"08119053","GEN":"Oppenweiler","SN_L":"08"}},
{"type":"Feature","geometry":{"type":"Polygon","coordinates":[[[9.4815,48.9434],[9.4624,48.9391],[9.4616,48.9291],[9.4705,48.9212],[9.489,48.9099],[9.4943,48.8982],[9.5158,48.9038],[9.5357,48.9102],[9.5423,48.9198],[9.5092,48.9251],[9.4944,48.9318],[9.4815,48.9434]]]},"properties":{"AGS":"08119083","GEN":"Weissach im Tal","SN_L":"08"}},
{"type":"Feature","geometry":{"type":"Polygon","coordinates":[[[9.418,49.0202],[9.4064,49.0247],[9.3841,49.0195],[9.3611,49.0156],[9.339,49.0024],[9.3253,48.9972],[9.3341,48.9945],[9.3519,48.9891],[9.3571,48.9858],[9.3584,48.9848],[9.3715,48.9714],[9.3599,48.9665],[9.3821,48.9565],[9.4139,48.9543],[9.426,48.9671],[9.42,48.9783],[9.4275,48.9934],[9.4285,49.0014],[9.418,49.0202]]]},"properties":{"AGS":"08119087","GEN":"Aspach","SN_L":"08"}},
{"type":"Feature","geometry":{"type":"MultiPolygon","coordinates":[[[[9.6312,48.8414],[9.5993,48.8518],[9.5968,48.8349],[9.6128,48.8351],[9.6228,48.8207],[9.639,48.8226],[9.6428,48.8361],[9.6312,48.8414]]],[[[9.6266,48.7744],[9.62,48.7882],[9.6432,48.7962],[9.648,48.8115],[9.6402,48.8202],[9.6399,48.8222],[9.5962,48.8061],[9.5586,48.7972],[9.5563,48.7842],[9.574,48.7802],[9.5884,48.7811],[9.6145,48.7693],[9.6266,48.7744]]]]},"properties":{"AGS":"08119055","GEN":"Plüderhausen","SN_L":"08"}},
{"type":"Feature","geometry":{"type":"Polygon","coordinates":[[[9.5993,48.8518],[9.5792,48.8512],[9.5593,48.8428],[9.5637,48.8242],[9.5499,48.8186],[9.5586,48.7972],[9.5962,48.8061],[9.6399,48.8222],[9.639,48.8226],[9.6228,48.8207],[9.6128,48.8351],[9.5968,48.8349],[9.5993,48.8518]]]},"properties":{"AGS":"08119076","GEN":"Urbach","SN_L":"08"}},
{"type":"Feature","geometry":{"type":"Polygon","coordinates":[[[9.5593,48.8428],[9.5675,48.8542],[9.5369,48.8487],[9.5234,48.8506],[9.5175,48.853],[9.514,48.8529],[9.5098,48.8431],[9.4852,48.8343],[9.4741,48.8246],[9.4782,48.8221],[9.5049,48.8033],[9.4913,48.8023],[9.4888,48.7837],[9.4992,48.7774],[9.4927,48.7673],[9.5031,48.7539],[9.518,48.7607],[9.5342,48.7571],[9.5476,48.7405],[9.5708,48.7503],[9.58,48.7501],[9.5853,48.7603],[9.5711,48.7717],[9.574,48.7802],[9.5563,48.7842],[9.5586,48.7972],[9.5499,48.8186],[9.5637,48.8242],[9.5593,48.8428]]]},"properties":{"AGS":"08119067","GEN":"Schorndorf","SN_L":"08"}},
{"type":"Feature","geometry":{"type":"Polygon","coordinates":[[[9.4927,48.7673],[9.4992,48.7774],[9.4888,48.7837],[9.4913,48.8023],[9.5049,48.8033],[9.4782,48.8221],[9.4719,48.8099],[9.449,48.8059],[9.4372,48.7897],[9.4358,48.7755],[9.4452,48.7775],[9.4687,48.7732],[9.4927,48.7673]]]},"properties":{"AGS":"08119086","GEN":"Winterbach","SN_L":"08"}},
{"type":"Feature","geometry":{"type":"Polygon","coordinates":[[[9.612,49.0517],[9.5961,49.0564],[9.568,49.0534],[9.5335,49.0586],[9.5009,49.079],[9.4957,49.0757],[9.4973,49.057],[9.4921,49.047],[9.4958,49.0358],[9.5123,49.042],[9.5485,49.04],[9.5548,49.0129],[9.5659,49.0207],[9.5894,49.0263],[9.607,49.0184],[9.6136,49.0251],[9.5958,49.0458],[9.612,49.0517]]]},"properties":{"AGS":"08119024","GEN":"Großerlach","SN_L":"08"}},
{"type":"Feature","geometry":{"type":"Polygon","coordinates":[[[9.4957,49.0757],[9.4665,49.0716],[9.4551,49.0737],[9.4162,49.0474],[9.3995,49.044],[9.3994,49.0382],[9.3878,49.0318],[9.3841,49.0195],[9.4064,49.0247],[9.418,49.0202],[9.4473,49.0247],[9.4586,49.0219],[9.4666,49.0363],[9.4921,49.047],[9.4973,49.057],[9.4957,49.0757]]]},"properties":{"AGS":"08119069","GEN":"Spiegelberg","SN_L":"08"}},
{"type":"Feature","geometry":{"type":"Polygon","coordinates":[[[9.5548,49.0129],[9.5485,49.04],[9.5123,49.042],[9.4958,49.0358],[9.4921,49.047],[9.4666,49.0363],[9.4586,49.0219],[9.4593,49.0114],[9.4809,49.0039],[9.4972,48.9843],[9.4975,48.9734],[9.5087,48.9729],[9.5241,48.9719],[9.5245,48.9816],[9.5454,48.9814],[9.5524,48.9926],[9.5548,49.0129]]]},"properties":{"AGS":"08119075","GEN":"Sulzbach an der Murr","SN_L":"08"}},
{"type":"Feature","geometry":{"type":"Polygon","coordinates":[[[9.6735,48.9399],[9.6551,48.9381],[9.6342,48.9464],[9.5962,48.9335],[9.5874,48.9067],[9.5895,48.8972],[9.6016,48.8937],[9.6122,48.8945],[9.6117,48.9218],[9.6407,48.917],[9.6408,48.9055],[9.67,48.8991],[9.6829,48.9013],[9.6849,48.9084],[9.7006,48.9138],[9.7005,48.9287],[9.6862,48.9263],[9.6735,48.9399]]]},"properties":{"AGS":"08119037","GEN":"Kaisersbach","SN_L":"08"}},
{"type":"Feature","geometry":{"type":"Polygon","coordinates":[[[9.6829,48.9013],[9.67,48.8991],[9.6408,48.9055],[9.6407,48.917],[9.6117,48.9218],[9.6122,48.8945],[9.6016,48.8937],[9.5953,48.8863],[9.5971,48.8858],[9.5696,48.8806],[9.5581,48.8717],[9.5726,48.867],[9.5675,48.8542],[9.5593,48.8428],[9.5792,48.8512],[9.5993,48.8518],[9.6312,48.8414],[9.6324,48.8431],[9.6399,48.8485],[9.648,48.8535],[9.6434,48.8692],[9.6577,48.8726],[9.6607,48.8847],[9.6726,48.8922],[9.6957,48.8933],[9.6865,48.8997],[9.6829,48.9013]]]},"properties":{"AGS":"08119084","GEN":"Welzheim","SN_L":"08"}},
{"type":"Feature","geometry":{"type":"MultiPolygon","coordinates":[[[[9.4569,48.8924],[9.4501,48.8987],[9.4505,48.8924],[9.4569,48.8924]]],[[[9.4104,48.9109],[9.3901,48.9191],[9.3766,48.9166],[9.3748,48.9094],[9.343,48.9054],[9.3535,48.8915],[9.3623,48.8854],[9.3869,48.8816],[9.4129,48.8885],[9.4219,48.9006],[9.4344,48.9021],[9.4104,48.9109]]]]},"properties":{"AGS":"08119042","GEN":"Leutenbach","SN_L":"08"}},
{"type":"Feature","geometry":{"type":"Polygon","coordinates":[[[9.3535,48.8915],[9.3228,48.8798],[9.3352,48.8632],[9.3569,48.8604],[9.3696,48.8619],[9.3813,48.8684],[9.3752,48.8816],[9.3623,48.8854],[9.3535,48.8915]]]},"properties":{"AGS":"08119068","GEN":"Schwaikheim","SN_L":"08"}},
{"type":"Feature","geometry":{"type":"Polygon","coordinates":[[[9.4391,48.9023],[9.4344,48.9021],[9.4219,48.9006],[9.4129,48.8885],[9.3869,48.8816],[9.3623,48.8854],[9.3752,48.8816],[9.3813,48.8684],[9.3696,48.8619],[9.3727,48.8536],[9.3949,48.8483],[9.4212,48.8453],[9.426,48.8451],[9.4379,48.8562],[9.4555,48.8641],[9.4625,48.8767],[9.4505,48.8924],[9.4501,48.8987],[9.4417,48.9013],[9.4391,48.9023]]]},"properties":{"AGS":"08119085","GEN":"Winnenden","SN_L":"08"}},
{"type":"Feature","geometry":{"type":"Polygon","coordinates":[[[9.1597,49.2065],[9.1143,49.2105],[9.1059,49.196],[9.08,49.199],[9.0445,49.1974],[9.0755,49.1835],[9.0912,49.1702],[9.129,49.1705],[9.1344,49.1599],[9.156,49.1408],[9.1316,49.1255],[9.1502,49.1105],[9.1496,49.1057],[9.1614,49.093],[9.1748,49.0944],[9.1906,49.1035],[9.2018,49.1123],[9.2174,49.1074],[9.2567,49.1043],[9.269,49.1113],[9.2996,49.1165],[9.2764,49.1214],[9.2783,49.1373],[9.2723,49.1443],[9.2552,49.1499],[9.2592,49.1595],[9.2384,49.1643],[9.236,49.1697],[9.2209,49.1706],[9.2128,49.1878],[9.1697,49.1928],[9.1597,49.2065]]]},"properties":{"AGS":"08121000","GEN":"Heilbronn","SN_L":"08"}},
{"type":"Feature","geometry":{"type":"Polygon","coordinates":[[[9.1575,49.2432],[9.1362,49.2514],[9.1211,49.2468],[9.121,49.2364],[9.1094,49.2338],[9.1168,49.2162],[9.1143,49.2105],[9.1597,49.2065],[9.1713,49.2159],[9.2037,49.2183],[9.193,49.2307],[9.181,49.2349],[9.1689,49.2308],[9.1575,49.2432]]]},"properties":{"AGS":"08125007","GEN":"Bad Wimpfen","SN_L":"08"}},
{"type":"Feature","geometry":{"type":"Polygon","coordinates":[[[9.1871,49.3258],[9.1734,49.3235],[9.1625,49.3286],[9.1549,49.3099],[9.1587,49.3018],[9.1431,49.2928],[9.1513,49.2857],[9.1507,49.274],[9.1578,49.2598],[9.1847,49.2647],[9.2033,49.2619],[9.2268,49.2754],[9.2422,49.2914],[9.2419,49.2973],[9.2308,49.31],[9.2208,49.3077],[9.2058,49.324],[9.1871,49.3258]]]},"properties":{"AGS":"08125039","GEN":"Gundelsheim","SN_L":"08"}},
{"type":"Feature","geometry":{"type":"Polygon","coordinates":[[[9.1316,49.1255],[9.156,49.1408],[9.1344,49.1599],[9.129,49.1705],[9.0912,49.1702],[9.0787,49.1621],[9.0725,49.1516],[9.0835,49.1344],[9.0745,49.1197],[9.0892,49.1246],[9.1316,49.1255]]]},"properties":{"AGS":"08125058","GEN":"Leingarten","SN_L":"08"}},
{"type":"Feature","geometry":{"type":"Polygon","coordinates":[[[9.2875,49.3299],[9.2691,49.3303],[9.2619,49.3062],[9.2419,49.2973],[9.2422,49.2914],[9.2268,49.2754],[9.2419,49.2658],[9.2632,49.2695],[9.2826,49.277],[9.3026,49.2793],[9.3421,49.278],[9.3465,49.2742],[9.3583,49.2774],[9.3292,49.2819],[9.3153,49.2963],[9.3175,49.3141],[9.3287,49.316],[9.3205,49.3285],[9.3062,49.3248],[9.2875,49.3299]]]},"properties":{"AGS":"08125068","GEN":"Neudenau","SN_L":"08"}},
{"type":"Feature","geometry":{"type":"Polygon","coordinates":[[[9.5275,49.1086],[9.5082,49.1336],[9.4918,49.1398],[9.4827,49.1301],[9.4898,49.1139],[9.4787,49.109],[9.4588,49.1128],[9.4572,49.1054],[9.4407,49.0954],[9.4236,49.0931],[9.416,49.0764],[9.4262,49.0701],[9.426,49.0645],[9.415,49.058],[9.4162,49.0474],[9.4551,49.0737],[9.4665,49.0716],[9.4957,49.0757],[9.5009,49.079],[9.4981,49.0924],[9.5026,49.103],[9.5275,49.1086]]]},"properties":{"AGS":"08125107","GEN":"Wüstenrot","SN_L":"08"}},
{"type":"Feature","geometry":{"type":"Polygon","coordinates":[[[9.2268,49.2754],[9.2033,49.2619],[9.1847,49.2647],[9.1772,49.2522],[9.1876,49.2431],[9.181,49.2349],[9.193,49.2307],[9.2037,49.2183],[9.2164,49.2081],[9.2414,49.2083],[9.2515,49.2158],[9.2478,49.2315],[9.2278,49.2408],[9.2335,49.2539],[9.2485,49.2621],[9.2678,49.2638],[9.2632,49.2695],[9.2419,49.2658],[9.2268,49.2754]]]},"properties":{"AGS":"08125005","GEN":"Bad Friedrichshall","SN_L":"08"}},
{"type":"Feature","geometry":{"type":"Polygon","coordinates":[[[9.2678,49.2638],[9.2485,49.2621],[9.2335,49.2539],[9.2278,49.2408],[9.2478,49.2315],[9.2515,49.2158],[9.2682,49.2075],[9.3124,49.22],[9.2996,49.2303],[9.2855,49.2599],[9.2678,49.2638]]]},"properties":{"AGS":"08125078","GEN":"Oedheim","SN_L":"08"}},
{"type":"Feature","geometry":{"type":"Polygon","coordinates":[[[9.181,49.2349],[9.1876,49.2431],[9.1772,49.2522],[9.1847,49.2647],[9.1578,49.2598],[9.1575,49.2432],[9.1689,49.2308],[9.181,49.2349]]]},"properties":{"AGS":"08125079","GEN":"Offenau","SN_L":"08"}},
{"type":"Feature","geometry":{"type":"Polygon","coordinates":[[[9.0491,49.2929],[9.0214,49.2962],[9.0418,49.2825],[9.0317,49.2694],[9.0153,49.2616],[8.9976,49.2652],[9.0042,49.2414],[8.9891,49.2406],[8.9842,49.2322],[8.9593,49.2201],[9.0165,49.2225],[9.0269,49.1983],[9.0419,49.1974],[9.0445,49.1974],[9.08,49.199],[9.1059,49.196],[9.1143,49.2105],[9.1168,49.2162],[9.1094,49.2338],[9.121,49.2364],[9.1211,49.2468],[9.1362,49.2514],[9.1575,49.2432],[9.1578,49.2598],[9.1507,49.274],[9.1151,49.2724],[9.0962,49.2573],[9.0719,49.2599],[9.0603,49.2679],[9.0687,49.279],[9.0502,49.2865],[9.0491,49.2929]]]},"properties":{"AGS":"08125006","GEN":"Bad Rappenau","SN_L":"08"}},
{"type":"Feature","geometry":{"type":"Polygon","coordinates":[[[9.0269,49.1983],[9.0165,49.2225],[8.9593,49.2201],[8.9573,49.2131],[8.9648,49.1943],[8.9596,49.1856],[8.965,49.1729],[8.9769,49.1786],[9.0031,49.1795],[9.0098,49.1799],[9.0269,49.1983]]]},"properties":{"AGS":"08125049","GEN":"Kirchardt","SN_L":"08"}},
{"type":"Feature","geometry":{"type":"Polygon","coordinates":[[[9.1144,49.2779],[9.0687,49.279],[9.0603,49.2679],[9.0719,49.2599],[9.0962,49.2573],[9.1151,49.2724],[9.1144,49.2779]]]},"properties":{"AGS":"08125087","GEN":"Siegelsbach","SN_L":"08"}},
{"type":"Feature","geometry":{"type":"Polygon","coordinates":[[[9.0744,49.1139],[9.0325,49.1167],[9.028,49.1103],[8.9982,49.0966],[8.9905,49.0911],[9.0035,49.0814],[9.0392,49.0811],[9.0458,49.0683],[9.0447,49.0463],[9.0659,49.0454],[9.1066,49.0516],[9.1016,49.0617],[9.1159,49.0627],[9.126,49.07],[9.1227,49.091],[9.1176,49.0976],[9.1012,49.1047],[9.08,49.1034],[9.0744,49.1139]]]},"properties":{"AGS":"08125013","GEN":"Brackenheim","SN_L":"08"}},
{"type":"Feature","geometry":{"type":"Polygon","coordinates":[[[9.0458,49.0683],[9.0156,49.0644],[9.0147,49.0564],[9.0019,49.0367],[8.9893,49.0377],[8.9875,49.0285],[9.0075,49.0216],[9.0175,49.0232],[9.0252,49.0289],[9.0429,49.0244],[9.0602,49.0255],[9.058,49.0382],[9.0659,49.0454],[9.0447,49.0463],[9.0458,49.0683]]]},"properties":{"AGS":"08125017","GEN":"Cleebronn","SN_L":"08"}},
{"type":"Feature","geometry":{"type":"Polygon","coordinates":[[[8.8935,49.1858],[8.8635,49.1744],[8.8284,49.1928],[8.8182,49.1945],[8.8253,49.1907],[8.8177,49.1578],[8.8279,49.1615],[8.8356,49.1485],[8.8264,49.1266],[8.8285,49.1255],[8.8745,49.1289],[8.8875,49.1173],[8.8915,49.0827],[8.9295,49.0829],[8.9485,49.0752],[8.9522,49.0805],[8.9736,49.0793],[8.9905,49.0911],[8.9982,49.0966],[8.9667,49.1076],[8.9618,49.1278],[8.9484,49.1283],[8.9514,49.1394],[8.9362,49.1509],[8.9387,49.161],[8.9758,49.1689],[9.0031,49.1795],[8.9769,49.1786],[8.965,49.1729],[8.9596,49.1856],[8.9388,49.1834],[8.9312,49.1784],[8.8935,49.1858]]]},"properties":{"AGS":"08125026","GEN":"Eppingen","SN_L":"08"}},
{"type":"Feature","geometry":{"type":"Polygon","coordinates":[[[9.0098,49.1799],[9.0031,49.1795],[8.9758,49.1689],[8.9387,49.161],[8.9362,49.1509],[8.9514,49.1394],[8.9484,49.1283],[8.9618,49.1278],[8.9817,49.1409],[9.0139,49.1456],[9.0166,49.1646],[9.0098,49.1799]]]},"properties":{"AGS":"08125034","GEN":"Gemmingen","SN_L":"08"}},
{"type":"Feature","geometry":{"type":"Polygon","coordinates":[[[8.9573,49.2131],[8.8865,49.2025],[8.8935,49.1858],[8.9312,49.1784],[8.9388,49.1834],[8.9596,49.1856],[8.9648,49.1943],[8.9573,49.2131]]]},"properties":{"AGS":"08125047","GEN":"Ittlingen","SN_L":"08"}},
{"type":"Feature","geometry":{"type":"Polygon","coordinates":[[[9.2567,49.1043],[9.2174,49.1074],[9.2018,49.1123],[9.1906,49.1035],[9.213,49.0913],[9.2438,49.0883],[9.2594,49.0923],[9.2567,49.1043]]]},"properties":{"AGS":"08125030","GEN":"Flein","SN_L":"08"}},
{"type":"Feature","geometry":{"type":"Polygon","coordinates":[[[9.1906,49.1035],[9.1748,49.0944],[9.1614,49.093],[9.1784,49.086],[9.1837,49.0716],[9.2024,49.0712],[9.2168,49.0711],[9.2488,49.0847],[9.2438,49.0883],[9.213,49.0913],[9.1906,49.1035]]]},"properties":{"AGS":"08125094","GEN":"Talheim","SN_L":"08"}},
{"type":"Feature","geometry":{"type":"MultiPolygon","coordinates":[[[[9.3637,49.0727],[9.375,49.0777],[9.3677,49.0792],[9.3643,49.0794],[9.3576,49.0754],[9.34,49.0756],[9.3403,49.0681],[9.3637,49.0727]]],[[[9.1614,49.093],[9.1496,49.1057],[9.1457,49.1014],[9.1176,49.0976],[9.1227,49.091],[9.126,49.07],[9.1159,49.0627],[9.1359,49.0553],[9.153,49.0573],[9.1749,49.0516],[9.1837,49.0573],[9.2087,49.0621],[9.2024,49.0712],[9.1837,49.0716],[9.1784,49.086],[9.1614,49.093]]]]},"properties":{"AGS":"08125056","GEN":"Lauffen am Neckar","SN_L":"08"}},
{"type":"Feature","geometry":{"type":"Polygon","coordinates":[[[9.2087,49.0621],[9.1837,49.0573],[9.1749,49.0516],[9.1661,49.0408],[9.1858,49.0305],[9.2137,49.0286],[9.2235,49.0314],[9.2346,49.0226],[9.236,49.0203],[9.2557,49.0276],[9.254,49.0361],[9.2291,49.0402],[9.2113,49.0496],[9.2087,49.0621]]]},"properties":{"AGS":"08125066","GEN":"Neckarwestheim","SN_L":"08"}},
{"type":"Feature","geometry":{"type":"Polygon","coordinates":[[[9.1316,49.1255],[9.0892,49.1246],[9.0745,49.1197],[9.0744,49.1139],[9.08,49.1034],[9.1012,49.1047],[9.1176,49.0976],[9.1457,49.1014],[9.1496,49.1057],[9.1502,49.1105],[9.1316,49.1255]]]},"properties":{"AGS":"08125074","GEN":"Nordheim","SN_L":"08"}},
{"type":"Feature","geometry":{"type":"Polygon","coordinates":[[[9.4655,49.3372],[9.4496,49.3359],[9.4344,49.3118],[9.4381,49.2984],[9.4302,49.2952],[9.4394,49.2897],[9.4637,49.2896],[9.4794,49.3004],[9.4897,49.2978],[9.5146,49.3037],[9.5191,49.3119],[9.4783,49.3184],[9.4655,49.3372]]]},"properties":{"AGS":"08125048","GEN":"Jagsthausen","SN_L":"08"}},
{"type":"Feature","geometry":{"type":"Polygon","coordinates":[[[9.4157,49.3591],[9.3989,49.3664],[9.3754,49.3633],[9.3746,49.3576],[9.353,49.347],[9.3213,49.3441],[9.3153,49.3571],[9.2947,49.3475],[9.2875,49.3299],[9.3062,49.3248],[9.3205,49.3285],[9.3287,49.316],[9.3175,49.3141],[9.3153,49.2963],[9.3292,49.2819],[9.3583,49.2774],[9.3815,49.2974],[9.3937,49.2988],[9.3887,49.31],[9.3982,49.326],[9.397,49.3408],[9.4176,49.3477],[9.4157,49.3591]]]},"properties":{"AGS":"08125063","GEN":"Möckmühl","SN_L":"08"}},
{"type":"Feature","geometry":{"type":"Polygon","coordinates":[[[9.3754,49.3633],[9.3605,49.3665],[9.3387,49.3847],[9.3284,49.3875],[9.3175,49.3842],[9.309,49.3716],[9.3153,49.3571],[9.3213,49.3441],[9.353,49.347],[9.3746,49.3576],[9.3754,49.3633]]]},"properties":{"AGS":"08125084","GEN":"Roigheim","SN_L":"08"}},
{"type":"Feature","geometry":{"type":"Polygon","coordinates":[[[9.4655,49.3372],[9.4646,49.355],[9.4435,49.3643],[9.4269,49.3571],[9.4157,49.3591],[9.4176,49.3477],[9.397,49.3408],[9.3982,49.326],[9.3887,49.31],[9.3937,49.2988],[9.4174,49.2952],[9.4242,49.2959],[9.4302,49.2952],[9.4381,49.2984],[9.4344,49.3118],[9.4496,49.3359],[9.4655,49.3372]]]},"properties":{"AGS":"08125103","GEN":"Widdern","SN_L":"08"}},
{"type":"Feature","geometry":{"type":"Polygon","coordinates":[[[9.2592,49.1595],[9.2741,49.159],[9.2877,49.165],[9.2811,49.1761],[9.2932,49.191],[9.2941,49.1979],[9.2792,49.2024],[9.2635,49.1984],[9.2575,49.187],[9.2365,49.1811],[9.236,49.1697],[9.2384,49.1643],[9.2592,49.1595]]]},"properties":{"AGS":"08125027","GEN":"Erlenbach","SN_L":"08"}},
{"type":"Feature","geometry":{"type":"Polygon","coordinates":[[[9.3077,49.1996],[9.3176,49.2117],[9.3124,49.22],[9.2682,49.2075],[9.2515,49.2158],[9.2414,49.2083],[9.2164,49.2081],[9.2107,49.2033],[9.1873,49.2037],[9.1713,49.2159],[9.1597,49.2065],[9.1697,49.1928],[9.2128,49.1878],[9.2209,49.1706],[9.236,49.1697],[9.2365,49.1811],[9.2575,49.187],[9.2635,49.1984],[9.2792,49.2024],[9.2941,49.1979],[9.3077,49.1996]]]},"properties":{"AGS":"08125065","GEN":"Neckarsulm","SN_L":"08"}},
{"type":"Feature","geometry":{"type":"Polygon","coordinates":[[[9.2164,49.2081],[9.2037,49.2183],[9.1713,49.2159],[9.1873,49.2037],[9.2107,49.2033],[9.2164,49.2081]]]},"properties":{"AGS":"08125096","GEN":"Untereisesheim","SN_L":"08"}},
{"type":"Feature","geometry":{"type":"Polygon","coordinates":[[[9.3465,49.2742],[9.3421,49.278],[9.3026,49.2793],[9.2826,49.277],[9.2632,49.2695],[9.2678,49.2638],[9.2855,49.2599],[9.2996,49.2303],[9.3124,49.22],[9.3176,49.2117],[9.3077,49.1996],[9.3316,49.1969],[9.3522,49.1875],[9.3572,49.204],[9.3669,49.2188],[9.3689,49.233],[9.3457,49.2401],[9.351,49.2606],[9.3465,49.2742]]]},"properties":{"AGS":"08125069","GEN":"Neuenstadt am Kocher","SN_L":"08"}},
{"type":"Feature","geometry":{"type":"Polygon","coordinates":[[[9.3937,49.2988],[9.3815,49.2974],[9.3583,49.2774],[9.3465,49.2742],[9.351,49.2606],[9.3457,49.2401],[9.3689,49.233],[9.3833,49.2378],[9.4203,49.235],[9.4143,49.246],[9.4265,49.2549],[9.4251,49.2686],[9.4355,49.2819],[9.4443,49.2834],[9.4394,49.2897],[9.4302,49.2952],[9.4242,49.2959],[9.4174,49.2952],[9.3937,49.2988]]]},"properties":{"AGS":"08125111","GEN":"Hardthausen am Kocher","SN_L":"08"}},
{"type":"Feature","geometry":{"type":"Polygon","coordinates":[[[9.4203,49.235],[9.3833,49.2378],[9.3689,49.233],[9.3669,49.2188],[9.3572,49.204],[9.3522,49.1875],[9.3644,49.1837],[9.383,49.1972],[9.4116,49.1937],[9.4257,49.1999],[9.4385,49.213],[9.4479,49.2186],[9.4406,49.2273],[9.4258,49.2277],[9.4203,49.235]]]},"properties":{"AGS":"08125113","GEN":"Langenbrettach","SN_L":"08"}},
{"type":"Feature","geometry":{"type":"Polygon","coordinates":[[[9.0458,49.0683],[9.0392,49.0811],[9.0035,49.0814],[8.9905,49.0911],[8.9736,49.0793],[8.9822,49.0678],[8.9785,49.0456],[8.9713,49.0415],[8.9893,49.0377],[9.0019,49.0367],[9.0147,49.0564],[9.0156,49.0644],[9.0458,49.0683]]]},"properties":{"AGS":"08125038","GEN":"Güglingen","SN_L":"08"}},
{"type":"Feature","geometry":{"type":"Polygon","coordinates":[[[8.9736,49.0793],[8.9522,49.0805],[8.9485,49.0752],[8.9395,49.063],[8.9345,49.0403],[8.942,49.0375],[8.9713,49.0415],[8.9785,49.0456],[8.9822,49.0678],[8.9736,49.0793]]]},"properties":{"AGS":"08125081","GEN":"Pfaffenhofen","SN_L":"08"}},
{"type":"Feature","geometry":{"type":"Polygon","coordinates":[[[8.9485,49.0752],[8.9295,49.0829],[8.8915,49.0827],[8.8791,49.08],[8.872,49.0786],[8.8778,49.0585],[8.8715,49.0501],[8.876,49.0352],[8.8933,49.0442],[8.9116,49.0394],[8.9345,49.0403],[8.9395,49.063],[8.9485,49.0752]]]},"properties":{"AGS":"08125108","GEN":"Zaberfeld","SN_L":"08"}},
{"type":"Feature","geometry":{"type":"MultiPolygon","coordinates":[[[[9.426,49.0645],[9.4014,49.0685],[9.3972,49.0595],[9.415,49.058],[9.426,49.0645]]],[[[9.4332,49.1034],[9.4113,49.103],[9.4045,49.1103],[9.379,49.1203],[9.354,49.1182],[9.3396,49.1121],[9.3367,49.1067],[9.3586,49.0979],[9.3677,49.0792],[9.375,49.0777],[9.4262,49.0701],[9.416,49.0764],[9.4236,49.0931],[9.4407,49.0954],[9.4332,49.1034]]]]},"properties":{"AGS":"08125059","GEN":"Löwenstein","SN_L":"08"}},
{"type":"Feature","geometry":{"type":"Polygon","coordinates":[[[9.3663,49.1588],[9.3555,49.1544],[9.3377,49.1571],[9.3325,49.1487],[9.3394,49.1379],[9.3426,49.1298],[9.3343,49.1199],[9.3396,49.1121],[9.354,49.1182],[9.379,49.1203],[9.4045,49.1103],[9.4113,49.103],[9.4332,49.1034],[9.4386,49.1153],[9.4352,49.1272],[9.4214,49.1258],[9.4224,49.1384],[9.4374,49.1433],[9.4318,49.1512],[9.4094,49.1461],[9.3847,49.15],[9.3755,49.1584],[9.3663,49.1588]]]},"properties":{"AGS":"08125110","GEN":"Obersulm","SN_L":"08"}},
{"type":"Feature","geometry":{"type":"Polygon","coordinates":[[[9.34,49.0756],[9.3137,49.0772],[9.293,49.0868],[9.2805,49.0784],[9.2746,49.0615],[9.2985,49.0602],[9.3192,49.0652],[9.34,49.0674],[9.3484,49.0634],[9.3637,49.0727],[9.3403,49.0681],[9.34,49.0756]]]},"properties":{"AGS":"08125001","GEN":"Abstatt","SN_L":"08"}},
{"type":"Feature","geometry":{"type":"Polygon","coordinates":[[[9.4262,49.0701],[9.375,49.0777],[9.3637,49.0727],[9.3484,49.0634],[9.34,49.0674],[9.3192,49.0652],[9.3191,49.058],[9.2951,49.051],[9.2887,49.0426],[9.2949,49.0319],[9.3136,49.034],[9.3424,49.0419],[9.3553,49.0369],[9.3994,49.0382],[9.3995,49.044],[9.3851,49.0494],[9.3972,49.0595],[9.4014,49.0685],[9.426,49.0645],[9.4262,49.0701]]]},"properties":{"AGS":"08125008","GEN":"Beilstein","SN_L":"08"}},
{"type":"Feature","geometry":{"type":"Polygon","coordinates":[[[9.2805,49.0784],[9.2499,49.0775],[9.2488,49.0847],[9.2168,49.0711],[9.2024,49.0712],[9.2087,49.0621],[9.2113,49.0496],[9.2291,49.0402],[9.254,49.0361],[9.2557,49.0276],[9.2709,49.0378],[9.2887,49.0426],[9.2951,49.051],[9.3191,49.058],[9.3192,49.0652],[9.2985,49.0602],[9.2746,49.0615],[9.2805,49.0784]]]},"properties":{"AGS":"08125046","GEN":"Ilsfeld","SN_L":"08"}},
{"type":"Feature","geometry":{"type":"Polygon","coordinates":[[[9.3367,49.1067],[9.3242,49.1125],[9.2996,49.1165],[9.269,49.1113],[9.2567,49.1043],[9.2594,49.0923],[9.2438,49.0883],[9.2488,49.0847],[9.2499,49.0775],[9.2805,49.0784],[9.293,49.0868],[9.3137,49.0772],[9.34,49.0756],[9.3576,49.0754],[9.3643,49.0794],[9.3677,49.0792],[9.3586,49.0979],[9.3367,49.1067]]]},"properties":{"AGS":"08125098","GEN":"Untergruppenbach","SN_L":"08"}},
{"type":"Feature","geometry":{"type":"Polygon","coordinates":[[[9.0166,49.1646],[9.0482,49.1684],[9.0574,49.176],[9.0558,49.1848],[9.0419,49.1974],[9.0269,49.1983],[9.0098,49.1799],[9.0166,49.1646]]]},"properties":{"AGS":"08125061","GEN":"Massenbachhausen","SN_L":"08"}},
{"type":"Feature","geometry":{"type":"Polygon","coordinates":[[[9.0912,49.1702],[9.0755,49.1835],[9.0445,49.1974],[9.0419,49.1974],[9.0558,49.1848],[9.0574,49.176],[9.0482,49.1684],[9.0166,49.1646],[9.0139,49.1456],[8.9817,49.1409],[8.9618,49.1278],[8.9667,49.1076],[8.9982,49.0966],[9.028,49.1103],[9.0325,49.1167],[9.0744,49.1139],[9.0745,49.1197],[9.0835,49.1344],[9.0725,49.1516],[9.0787,49.1621],[9.0912,49.1702]]]},"properties":{"AGS":"08125086","GEN":"Schwaigern","SN_L":"08"}},
{"type":"Feature","geometry":{"type":"Polygon","coordinates":[[[9.3435,49.1705],[9.3589,49.1752],[9.3644,49.1837],[9.3522,49.1875],[9.3316,49.1969],[9.3077,49.1996],[9.2941,49.1979],[9.2932,49.191],[9.3073,49.1784],[9.3086,49.1648],[9.3435,49.1705]]]},"properties":{"AGS":"08125021","GEN":"Eberstadt","SN_L":"08"}},
{"type":"Feature","geometry":{"type":"MultiPolygon","coordinates":[[[[9.3755,49.1584],[9.3713,49.166],[9.3663,49.1588],[9.3755,49.1584]]],[[[9.3377,49.1571],[9.3063,49.153],[9.3084,49.1246],[9.3188,49.1351],[9.3394,49.1379],[9.3325,49.1487],[9.3377,49.1571]]]]},"properties":{"AGS":"08125024","GEN":"Ellhofen","SN_L":"08"}},
{"type":"Feature","geometry":{"type":"Polygon","coordinates":[[[9.3396,49.1121],[9.3343,49.1199],[9.3426,49.1298],[9.3394,49.1379],[9.3188,49.1351],[9.3084,49.1246],[9.2996,49.1165],[9.3242,49.1125],[9.3367,49.1067],[9.3396,49.1121]]]},"properties":{"AGS":"08125057","GEN":"Lehrensteinsfeld","SN_L":"08"}},
{"type":"Feature","geometry":{"type":"Polygon","coordinates":[[[9.3435,49.1705],[9.3086,49.1648],[9.3073,49.1784],[9.2932,49.191],[9.2811,49.1761],[9.2877,49.165],[9.2741,49.159],[9.2592,49.1595],[9.2552,49.1499],[9.2723,49.1443],[9.2783,49.1373],[9.2764,49.1214],[9.2996,49.1165],[9.3084,49.1246],[9.3063,49.153],[9.3377,49.1571],[9.3555,49.1544],[9.3663,49.1588],[9.3713,49.166],[9.3435,49.1705]]]},"properties":{"AGS":"08125102","GEN":"Weinsberg","SN_L":"08"}},
{"type":"Feature","geometry":{"type":"Polygon","coordinates":[[[9.4584,49.1788],[9.4556,49.1999],[9.4385,49.213],[9.4257,49.1999],[9.4116,49.1937],[9.383,49.1972],[9.3644,49.1837],[9.3589,49.1752],[9.3435,49.1705],[9.3713,49.166],[9.3755,49.1584],[9.3847,49.15],[9.4094,49.1461],[9.4318,49.1512],[9.4374,49.1433],[9.4224,49.1384],[9.4214,49.1258],[9.4352,49.1272],[9.4386,49.1153],[9.4332,49.1034],[9.4407,49.0954],[9.4572,49.1054],[9.4588,49.1128],[9.4787,49.109],[9.4898,49.1139],[9.4827,49.1301],[9.4918,49.1398],[9.5082,49.1336],[9.5275,49.1086],[9.5321,49.1211],[9.5182,49.128],[9.5159,49.1411],[9.4869,49.1537],[9.4584,49.1788]]]},"properties":{"AGS":"08126011","GEN":"Bretzfeld","SN_L":"08"}},
{"type":"Feature","geometry":{"type":"Polygon","coordinates":[[[9.5731,49.377],[9.5201,49.381],[9.513,49.3754],[9.4755,49.3852],[9.4647,49.3969],[9.4463,49.3907],[9.4508,49.3766],[9.4435,49.3643],[9.4646,49.355],[9.4655,49.3372],[9.4783,49.3184],[9.5191,49.3119],[9.5146,49.3037],[9.5563,49.3107],[9.5625,49.3029],[9.5789,49.3048],[9.5792,49.3102],[9.5672,49.3102],[9.5601,49.3203],[9.5801,49.3269],[9.6109,49.3344],[9.6255,49.3375],[9.6243,49.3497],[9.6395,49.3568],[9.6273,49.3682],[9.5998,49.3616],[9.587,49.3777],[9.5731,49.377]]]},"properties":{"AGS":"08126072","GEN":"Schöntal","SN_L":"08"}},
{"type":"Feature","geometry":{"type":"Polygon","coordinates":[[[9.7577,49.2456],[9.7362,49.2477],[9.7279,49.26],[9.7121,49.2628],[9.7079,49.246],[9.6866,49.2475],[9.6533,49.2428],[9.6411,49.2482],[9.6306,49.2424],[9.6241,49.2242],[9.6547,49.2191],[9.6575,49.2128],[9.6675,49.203],[9.6613,49.1742],[9.6743,49.1619],[9.69,49.167],[9.6968,49.1899],[9.709,49.1965],[9.745,49.1952],[9.7508,49.2078],[9.7454,49.2222],[9.765,49.2246],[9.7638,49.2429],[9.7577,49.2456]]]},"properties":{"AGS":"08126047","GEN":"Kupferzell","SN_L":"08"}},
{"type":"Feature","geometry":{"type":"Polygon","coordinates":[[[9.6411,49.2482],[9.6423,49.2629],[9.6217,49.2628],[9.6083,49.2585],[9.5907,49.2615],[9.5894,49.2538],[9.5556,49.2328],[9.5504,49.2373],[9.5371,49.2333],[9.5644,49.2158],[9.5467,49.1986],[9.5572,49.1816],[9.5781,49.1755],[9.6057,49.174],[9.5981,49.1811],[9.622,49.1885],[9.6419,49.2044],[9.6575,49.2128],[9.6547,49.2191],[9.6241,49.2242],[9.6306,49.2424],[9.6411,49.2482]]]},"properties":{"AGS":"08126058","GEN":"Neuenstein","SN_L":"08"}},
{"type":"Feature","geometry":{"type":"Polygon","coordinates":[[[9.6743,49.1619],[9.6613,49.1742],[9.6675,49.203],[9.6575,49.2128],[9.6419,49.2044],[9.622,49.1885],[9.5981,49.1811],[9.6057,49.174],[9.6128,49.162],[9.6021,49.1546],[9.606,49.1523],[9.6115,49.1365],[9.6307,49.1389],[9.6438,49.1356],[9.6678,49.1426],[9.6743,49.1619]]]},"properties":{"AGS":"08126085","GEN":"Waldenburg","SN_L":"08"}},
{"type":"Feature","geometry":{"type":"Polygon","coordinates":[[[9.7062,49.4165],[9.6823,49.4085],[9.6876,49.3917],[9.67,49.3737],[9.7015,49.3655],[9.7076,49.3573],[9.704,49.3441],[9.7377,49.338],[9.7458,49.3426],[9.7668,49.342],[9.7708,49.3534],[9.758,49.3656],[9.7307,49.3691],[9.7375,49.3837],[9.7481,49.3943],[9.7407,49.3991],[9.7122,49.3988],[9.7129,49.4123],[9.7062,49.4165]]]},"properties":{"AGS":"08126020","GEN":"Dörzbach","SN_L":"08"}},
{"type":"Feature","geometry":{"type":"Polygon","coordinates":[[[9.6423,49.4297],[9.619,49.4301],[9.6038,49.4266],[9.571,49.417],[9.5889,49.3933],[9.5751,49.3849],[9.5731,49.377],[9.587,49.3777],[9.5998,49.3616],[9.6273,49.3682],[9.6395,49.3568],[9.6588,49.3464],[9.6739,49.3502],[9.704,49.3441],[9.7076,49.3573],[9.7015,49.3655],[9.67,49.3737],[9.6876,49.3917],[9.6823,49.4085],[9.6717,49.4148],[9.6381,49.4134],[9.6423,49.4297]]]},"properties":{"AGS":"08126045","GEN":"Krautheim","SN_L":"08"}},
{"type":"Feature","geometry":{"type":"Polygon","coordinates":[[[9.8319,49.3917],[9.8113,49.3885],[9.7924,49.4076],[9.7746,49.3936],[9.7481,49.3943],[9.7375,49.3837],[9.7307,49.3691],[9.758,49.3656],[9.7708,49.3534],[9.7668,49.342],[9.7458,49.3426],[9.7377,49.338],[9.7561,49.3315],[9.7504,49.3189],[9.7619,49.3094],[9.7823,49.3033],[9.7872,49.293],[9.8255,49.2931],[9.8344,49.2847],[9.8523,49.2874],[9.8596,49.3048],[9.8468,49.3218],[9.8583,49.3304],[9.847,49.3422],[9.8535,49.3518],[9.8556,49.3684],[9.8319,49.3917]]]},"properties":{"AGS":"08126056","GEN":"Mulfingen","SN_L":"08"}},
{"type":"Feature","geometry":{"type":"Polygon","coordinates":[[[9.704,49.3441],[9.6739,49.3502],[9.6588,49.3464],[9.6395,49.3568],[9.6243,49.3497],[9.6255,49.3375],[9.6109,49.3344],[9.6254,49.328],[9.6212,49.3094],[9.6365,49.2897],[9.6492,49.2828],[9.6751,49.2806],[9.6657,49.3099],[9.6777,49.3173],[9.7047,49.3198],[9.7145,49.3125],[9.7163,49.3022],[9.7619,49.3094],[9.7504,49.3189],[9.7561,49.3315],[9.7377,49.338],[9.704,49.3441]]]},"properties":{"AGS":"08126039","GEN":"Ingelfingen","SN_L":"08"}},
{"type":"Feature","geometry":{"type":"Polygon","coordinates":[[[9.7619,49.3094],[9.7163,49.3022],[9.7145,49.3125],[9.7047,49.3198],[9.6777,49.3173],[9.6657,49.3099],[9.6751,49.2806],[9.6492,49.2828],[9.6416,49.2781],[9.6423,49.2629],[9.6411,49.2482],[9.6533,49.2428],[9.6866,49.2475],[9.7079,49.246],[9.7121,49.2628],[9.7279,49.26],[9.7362,49.2477],[9.7577,49.2456],[9.7711,49.2446],[9.7805,49.2534],[9.8151,49.2587],[9.827,49.265],[9.8257,49.2765],[9.8344,49.2847],[9.8255,49.2931],[9.7872,49.293],[9.7823,49.3033],[9.7619,49.3094]]]},"properties":{"AGS":"08126046","GEN":"Künzelsau","SN_L":"08"}},
{"type":"Feature","geometry":{"type":"MultiPolygon","coordinates":[[[[9.5792,49.3102],[9.5801,49.3269],[9.5601,49.3203],[9.5672,49.3102],[9.5792,49.3102]]],[[[9.5789,49.3048],[9.5625,49.3029],[9.5563,49.3107],[9.5146,49.3037],[9.4897,49.2978],[9.4794,49.3004],[9.4637,49.2896],[9.4394,49.2897],[9.4443,49.2834],[9.4495,49.2678],[9.4571,49.276],[9.4848,49.2725],[9.5388,49.2795],[9.5529,49.2736],[9.5538,49.2507],[9.5504,49.2373],[9.5556,49.2328],[9.5894,49.2538],[9.5907,49.2615],[9.5749,49.2815],[9.587,49.2861],[9.5789,49.3048]]]]},"properties":{"AGS":"08126028","GEN":"Forchtenberg","SN_L":"08"}},
{"type":"Feature","geometry":{"type":"Polygon","coordinates":[[[9.6492,49.2828],[9.6365,49.2897],[9.6212,49.3094],[9.6032,49.2938],[9.587,49.2861],[9.5749,49.2815],[9.5907,49.2615],[9.6083,49.2585],[9.6217,49.2628],[9.6423,49.2629],[9.6416,49.2781],[9.6492,49.2828]]]},"properties":{"AGS":"08126060","GEN":"Niedernhall","SN_L":"08"}},
{"type":"Feature","geometry":{"type":"Polygon","coordinates":[[[9.6212,49.3094],[9.6254,49.328],[9.6109,49.3344],[9.5801,49.3269],[9.5792,49.3102],[9.5789,49.3048],[9.587,49.2861],[9.6032,49.2938],[9.6212,49.3094]]]},"properties":{"AGS":"08126086","GEN":"Weißbach","SN_L":"08"}},
{"type":"Feature","geometry":{"type":"Polygon","coordinates":[[[9.4495,49.2678],[9.4443,49.2834],[9.4355,49.2819],[9.4251,49.2686],[9.4265,49.2549],[9.4143,49.246],[9.4203,49.235],[9.4258,49.2277],[9.4406,49.2273],[9.4479,49.2186],[9.4385,49.213],[9.4556,49.1999],[9.4584,49.1788],[9.48,49.1876],[9.5201,49.1823],[9.5264,49.193],[9.5434,49.1794],[9.5396,49.17],[9.5551,49.1555],[9.5711,49.1505],[9.5833,49.1549],[9.6021,49.1546],[9.6128,49.162],[9.6057,49.174],[9.5781,49.1755],[9.5572,49.1816],[9.5467,49.1986],[9.5644,49.2158],[9.5371,49.2333],[9.5192,49.2384],[9.5062,49.2329],[9.4999,49.2209],[9.4625,49.2347],[9.4776,49.2424],[9.4783,49.2555],[9.466,49.256],[9.4495,49.2678]]]},"properties":{"AGS":"08126066","GEN":"Öhringen","SN_L":"08"}},
{"type":"Feature","geometry":{"type":"Polygon","coordinates":[[[9.6021,49.1546],[9.5833,49.1549],[9.5711,49.1505],[9.5551,49.1555],[9.5396,49.17],[9.5434,49.1794],[9.5264,49.193],[9.5201,49.1823],[9.48,49.1876],[9.4584,49.1788],[9.4869,49.1537],[9.5159,49.1411],[9.5182,49.128],[9.5321,49.1211],[9.5464,49.1326],[9.5642,49.1315],[9.5925,49.1081],[9.6087,49.1055],[9.6109,49.1188],[9.589,49.1234],[9.5796,49.1333],[9.6012,49.1414],[9.606,49.1523],[9.6021,49.1546]]]},"properties":{"AGS":"08126069","GEN":"Pfedelbach","SN_L":"08"}},
{"type":"Feature","geometry":{"type":"Polygon","coordinates":[[[9.5504,49.2373],[9.5538,49.2507],[9.5529,49.2736],[9.5388,49.2795],[9.4848,49.2725],[9.4571,49.276],[9.4495,49.2678],[9.466,49.256],[9.4783,49.2555],[9.4776,49.2424],[9.4625,49.2347],[9.4999,49.2209],[9.5062,49.2329],[9.5192,49.2384],[9.5371,49.2333],[9.5504,49.2373]]]},"properties":{"AGS":"08126094","GEN":"Zweiflingen","SN_L":"08"}},
{"type":"Feature","geometry":{"type":"Polygon","coordinates":[[[10.108,49.3325],[10.094,49.3275],[10.0669,49.3267],[10.0664,49.3174],[10.0489,49.3115],[10.0361,49.32],[10.0073,49.3093],[9.9908,49.3218],[9.9645,49.313],[9.9474,49.3247],[9.9353,49.3246],[9.9278,49.3361],[9.9078,49.3315],[9.8993,49.3363],[9.8689,49.3359],[9.847,49.3422],[9.8583,49.3304],[9.8468,49.3218],[9.8596,49.3048],[9.8523,49.2874],[9.876,49.2842],[9.8857,49.2764],[9.9121,49.2762],[9.9157,49.2817],[9.9364,49.2872],[9.9534,49.2845],[9.9573,49.2718],[9.9692,49.2735],[9.9874,49.2634],[9.9998,49.2762],[10.015,49.2676],[10.0419,49.2674],[10.0483,49.2893],[10.064,49.2884],[10.0756,49.3001],[10.0957,49.3042],[10.1051,49.3172],[10.1237,49.3249],[10.108,49.3325]]]},"properties":{"AGS":"08127008","GEN":"Blaufelden","SN_L":"08"}},
{"type":"Feature","geometry":{"type":"Polygon","coordinates":[[[9.6087,49.1055],[9.5925,49.1081],[9.5642,49.1315],[9.5464,49.1326],[9.5321,49.1211],[9.5275,49.1086],[9.5026,49.103],[9.4981,49.0924],[9.5009,49.079],[9.5335,49.0586],[9.568,49.0534],[9.5961,49.0564],[9.612,49.0517],[9.6164,49.055],[9.6138,49.0607],[9.6364,49.0673],[9.6511,49.0789],[9.6513,49.0869],[9.6373,49.0874],[9.6087,49.1055]]]},"properties":{"AGS":"08127052","GEN":"Mainhardt","SN_L":"08"}},
{"type":"Feature","geometry":{"type":"Polygon","coordinates":[[[10.112,49.3849],[10.106,49.3952],[10.0793,49.3944],[10.053,49.3889],[10.0322,49.3813],[10.04,49.3693],[10.0091,49.3703],[9.9734,49.3757],[9.9591,49.3595],[9.9442,49.36],[9.9336,49.3539],[9.924,49.3734],[9.9001,49.3672],[9.8781,49.3744],[9.8556,49.3684],[9.8535,49.3518],[9.847,49.3422],[9.8689,49.3359],[9.8993,49.3363],[9.9078,49.3315],[9.9278,49.3361],[9.9353,49.3246],[9.9474,49.3247],[9.9645,49.313],[9.9908,49.3218],[10.0073,49.3093],[10.0361,49.32],[10.0489,49.3115],[10.0664,49.3174],[10.0669,49.3267],[10.094,49.3275],[10.108,49.3325],[10.1039,49.347],[10.1174,49.369],[10.1073,49.3788],[10.112,49.3849]]]},"properties":{"AGS":"08127075","GEN":"Schrozberg","SN_L":"08"}},
{"type":"Feature","geometry":{"type":"Polygon","coordinates":[[[9.8151,49.2587],[9.7805,49.2534],[9.7711,49.2446],[9.7577,49.2456],[9.7638,49.2429],[9.765,49.2246],[9.7454,49.2222],[9.7508,49.2078],[9.745,49.1952],[9.7376,49.1865],[9.7592,49.1797],[9.7889,49.1602],[9.7806,49.1507],[9.7826,49.1445],[9.8064,49.1456],[9.8091,49.1563],[9.8046,49.1647],[9.8237,49.1799],[9.8221,49.1952],[9.8406,49.2176],[9.8187,49.2414],[9.8151,49.2587]]]},"properties":{"AGS":"08127009","GEN":"Braunsbach","SN_L":"08"}},
{"type":"Feature","geometry":{"type":"Polygon","coordinates":[[[9.745,49.1952],[9.709,49.1965],[9.6968,49.1899],[9.69,49.167],[9.6891,49.1626],[9.7113,49.1521],[9.708,49.1453],[9.7251,49.1346],[9.735,49.146],[9.7597,49.155],[9.7806,49.1507],[9.7889,49.1602],[9.7592,49.1797],[9.7376,49.1865],[9.745,49.1952]]]},"properties":{"AGS":"08127086","GEN":"Untermünkheim","SN_L":"08"}},
{"type":"Feature","geometry":{"type":"Polygon","coordinates":[[[10.0192,49.1792],[10.0018,49.1783],[9.9586,49.1679],[9.9664,49.1632],[9.9642,49.1495],[9.951,49.1389],[9.9548,49.1237],[9.9817,49.1205],[9.9914,49.1109],[10.0349,49.0948],[10.0482,49.0791],[10.0922,49.0832],[10.1229,49.1021],[10.161,49.0936],[10.1677,49.0984],[10.1647,49.1065],[10.1499,49.1099],[10.1478,49.1463],[10.1164,49.1577],[10.0883,49.1637],[10.068,49.1523],[10.0527,49.1589],[10.0454,49.1686],[10.0251,49.1832],[10.0192,49.1792]]]},"properties":{"AGS":"08127014","GEN":"Crailsheim","SN_L":"08"}},
{"type":"Feature","geometry":{"type":"Polygon","coordinates":[[[10.1268,49.2073],[10.1039,49.2019],[10.1035,49.2104],[10.0773,49.2132],[10.0618,49.2044],[10.0396,49.2074],[10.0108,49.1927],[10.0192,49.1792],[10.0251,49.1832],[10.0454,49.1686],[10.0527,49.1589],[10.068,49.1523],[10.0883,49.1637],[10.1164,49.1577],[10.1334,49.1558],[10.1597,49.1659],[10.171,49.1783],[10.1568,49.1927],[10.1424,49.1954],[10.1268,49.2073]]]},"properties":{"AGS":"08127073","GEN":"Satteldorf","SN_L":"08"}},
{"type":"Feature","geometry":{"type":"Polygon","coordinates":[[[10.0922,49.0832],[10.0482,49.0791],[10.0349,49.0948],[9.9914,49.1109],[9.9817,49.1205],[9.9548,49.1237],[9.9273,49.0971],[9.9224,49.078],[9.9468,49.0531],[9.9754,49.0409],[9.9914,49.0411],[9.9973,49.0337],[10.0173,49.0441],[10.048,49.0412],[10.0727,49.0463],[10.0696,49.0624],[10.0922,49.0832]]]},"properties":{"AGS":"08127103","GEN":"Frankenhardt","SN_L":"08"}},
{"type":"Feature","geometry":{"type":"MultiPolygon","coordinates":[[[[10.1725,49.0994],[10.1647,49.1065],[10.1677,49.0984],[10.1725,49.0994]]],[[[10.161,49.0936],[10.1229,49.1021],[10.0922,49.0832],[10.0696,49.0624],[10.0727,49.0463],[10.1149,49.0365],[10.1212,49.0464],[10.135,49.0437],[10.1674,49.0587],[10.1705,49.0687],[10.161,49.0936]]]]},"properties":{"AGS":"08127104","GEN":"Stimpfach","SN_L":"08"}},
{"type":"Feature","geometry":{"type":"Polygon","coordinates":[[[10.2311,49.1571],[10.2184,49.1635],[10.2046,49.1555],[10.1927,49.1676],[10.171,49.1783],[10.1597,49.1659],[10.1334,49.1558],[10.1164,49.1577],[10.1478,49.1463],[10.1499,49.1099],[10.1647,49.1065],[10.1725,49.0994],[10.205,49.0981],[10.2266,49.111],[10.2303,49.119],[10.2569,49.1291],[10.248,49.1493],[10.2311,49.1571]]]},"properties":{"AGS":"08127101","GEN":"Kreßberg","SN_L":"08"}},
{"type":"Feature","geometry":{"type":"Polygon","coordinates":[[[10.205,49.0981],[10.1725,49.0994],[10.1677,49.0984],[10.161,49.0936],[10.1705,49.0687],[10.1674,49.0587],[10.183,49.0596],[10.192,49.0433],[10.2096,49.0416],[10.2213,49.048],[10.2313,49.0464],[10.2398,49.0568],[10.2568,49.0595],[10.2582,49.0702],[10.2455,49.0743],[10.2491,49.0916],[10.2291,49.0898],[10.2228,49.0979],[10.205,49.0981]]]},"properties":{"AGS":"08127102","GEN":"Fichtenau","SN_L":"08"}},
{"type":"Feature","geometry":{"type":"Polygon","coordinates":[[[9.9874,49.2634],[9.9692,49.2735],[9.9573,49.2718],[9.9534,49.2845],[9.9364,49.2872],[9.9157,49.2817],[9.9121,49.2762],[9.8919,49.2545],[9.8777,49.2545],[9.866,49.2435],[9.8593,49.219],[9.8815,49.2077],[9.8815,49.1924],[9.8851,49.193],[9.8989,49.1999],[9.9003,49.2182],[9.9156,49.2311],[9.9334,49.2155],[9.9546,49.2288],[9.9427,49.228],[9.937,49.2391],[9.9578,49.2427],[9.9604,49.2582],[9.9836,49.259],[9.9874,49.2634]]]},"properties":{"AGS":"08127032","GEN":"Gerabronn","SN_L":"08"}},
{"type":"Feature","geometry":{"type":"Polygon","coordinates":[[[9.9121,49.2762],[9.8857,49.2764],[9.876,49.2842],[9.8523,49.2874],[9.8344,49.2847],[9.8257,49.2765],[9.827,49.265],[9.8151,49.2587],[9.8187,49.2414],[9.8406,49.2176],[9.8593,49.219],[9.866,49.2435],[9.8777,49.2545],[9.8919,49.2545],[9.9121,49.2762]]]},"properties":{"AGS":"08127047","GEN":"Langenburg","SN_L":"08"}},
{"type":"Feature","geometry":{"type":"MultiPolygon","coordinates":[[[[9.8593,49.219],[9.8406,49.2176],[9.8221,49.1952],[9.8237,49.1799],[9.8815,49.1924],[9.8815,49.2077],[9.8593,49.219]]],[[[9.9334,49.2155],[9.9156,49.2311],[9.9003,49.2182],[9.8989,49.1999],[9.8851,49.193],[9.8964,49.1793],[9.8849,49.1698],[9.8759,49.146],[9.856,49.1316],[9.859,49.117],[9.8685,49.1119],[9.8845,49.1141],[9.879,49.1242],[9.897,49.1372],[9.951,49.1389],[9.9642,49.1495],[9.9664,49.1632],[9.9586,49.1679],[9.9415,49.1827],[9.9255,49.1843],[9.917,49.2021],[9.9334,49.2155]]]]},"properties":{"AGS":"08127043","GEN":"Ilshofen","SN_L":"08"}},
{"type":"Feature","geometry":{"type":"Polygon","coordinates":[[[9.951,49.1389],[9.897,49.1372],[9.879,49.1242],[9.8845,49.1141],[9.8685,49.1119],[9.8736,49.0893],[9.8399,49.0768],[9.8513,49.0751],[9.8916,49.0791],[9.906,49.0753],[9.9224,49.078],[9.9273,49.0971],[9.9548,49.1237],[9.951,49.1389]]]},"properties":{"AGS":"08127089","GEN":"Vellberg","SN_L":"08"}},
{"type":"Feature","geometry":{"type":"Polygon","coordinates":[[[9.8851,49.193],[9.8815,49.1924],[9.8237,49.1799],[9.8046,49.1647],[9.8091,49.1563],[9.8367,49.1437],[9.856,49.1316],[9.8759,49.146],[9.8849,49.1698],[9.8964,49.1793],[9.8851,49.193]]]},"properties":{"AGS":"08127099","GEN":"Wolpertshausen","SN_L":"08"}},
{"type":"Feature","geometry":{"type":"Polygon","coordinates":[[[9.7282,48.9714],[9.7516,48.9788],[9.7576,48.9907],[9.747,49.0026],[9.7284,49.0121],[9.7094,49.0092],[9.6997,48.9975],[9.6707,48.9921],[9.6637,48.9862],[9.6716,48.974],[9.6933,48.964],[9.7046,48.9576],[9.7282,48.9714]]]},"properties":{"AGS":"08127023","GEN":"Fichtenberg","SN_L":"08"}},
{"type":"Feature","geometry":{"type":"Polygon","coordinates":[[[9.819,48.9971],[9.827,49.0052],[9.8211,49.015],[9.8231,49.0293],[9.807,49.0335],[9.7987,49.0494],[9.7578,49.0455],[9.7336,49.0452],[9.709,49.0298],[9.7024,49.0185],[9.7094,49.0092],[9.7284,49.0121],[9.747,49.0026],[9.7576,48.9907],[9.7516,48.9788],[9.7282,48.9714],[9.7488,48.9567],[9.7795,48.952],[9.7971,48.9558],[9.829,48.9761],[9.8286,48.9869],[9.819,48.9971]]]},"properties":{"AGS":"08127025","GEN":"Gaildorf","SN_L":"08"}},
{"type":"Feature","geometry":{"type":"Polygon","coordinates":[[[9.646,49.0459],[9.6164,49.055],[9.612,49.0517],[9.5958,49.0458],[9.6136,49.0251],[9.607,49.0184],[9.6003,49.0041],[9.6356,49.004],[9.6403,48.9971],[9.6707,48.9921],[9.6997,48.9975],[9.7094,49.0092],[9.7024,49.0185],[9.709,49.0298],[9.6957,49.0328],[9.6939,49.0417],[9.646,49.0459]]]},"properties":{"AGS":"08127062","GEN":"Oberrot","SN_L":"08"}},
{"type":"Feature","geometry":{"type":"Polygon","coordinates":[[[9.8477,49.0004],[9.819,48.9971],[9.8286,48.9869],[9.829,48.9761],[9.7971,48.9558],[9.7989,48.9435],[9.8364,48.9385],[9.8449,48.9347],[9.8349,48.9179],[9.8707,48.9182],[9.8787,48.9189],[9.9008,48.9431],[9.8941,48.952],[9.9142,48.9672],[9.8977,48.9787],[9.8839,48.9783],[9.8654,48.9859],[9.8477,49.0004]]]},"properties":{"AGS":"08127079","GEN":"Sulzbach-Laufen","SN_L":"08"}},
{"type":"Feature","geometry":{"type":"Polygon","coordinates":[[[9.9468,49.0531],[9.9199,49.0469],[9.9036,49.0521],[9.8804,49.0416],[9.8888,49.0292],[9.8943,49.0234],[9.8897,49.021],[9.9053,49.0091],[9.9342,49.0094],[9.935,49.0236],[9.9466,49.0273],[9.9742,49.0187],[9.9838,49.0313],[9.9754,49.0409],[9.9468,49.0531]]]},"properties":{"AGS":"08127012","GEN":"Bühlertann","SN_L":"08"}},
{"type":"Feature","geometry":{"type":"Polygon","coordinates":[[[9.9742,49.0187],[9.9466,49.0273],[9.935,49.0236],[9.9342,49.0094],[9.9053,49.0091],[9.8897,49.021],[9.8716,49.0127],[9.8518,49.0107],[9.8477,49.0004],[9.8654,48.9859],[9.8839,48.9783],[9.8977,48.9787],[9.9142,48.9672],[9.9315,48.9584],[9.9457,48.9626],[9.943,48.9734],[9.9802,48.981],[10.0145,48.9818],[10.0011,48.991],[9.9934,49.0038],[9.9915,49.0188],[9.9742,49.0187]]]},"properties":{"AGS":"08127013","GEN":"Bühlerzell","SN_L":"08"}},
{"type":"Feature","geometry":{"type":"Polygon","coordinates":[[[9.8399,49.0768],[9.8179,49.0804],[9.8022,49.0692],[9.7945,49.0559],[9.7987,49.0494],[9.807,49.0335],[9.8231,49.0293],[9.8211,49.015],[9.827,49.0052],[9.819,48.9971],[9.8477,49.0004],[9.8518,49.0107],[9.8716,49.0127],[9.8897,49.021],[9.8943,49.0234],[9.8888,49.0292],[9.8804,49.0416],[9.9036,49.0521],[9.9199,49.0469],[9.9468,49.0531],[9.9224,49.078],[9.906,49.0753],[9.8916,49.0791],[9.8513,49.0751],[9.8399,49.0768]]]},"properties":{"AGS":"08127063","GEN":"Obersontheim","SN_L":"08"}},
{"type":"Feature","geometry":{"type":"Polygon","coordinates":[[[10.0321,49.2171],[10.0194,49.2231],[10.0188,49.2327],[10.0032,49.234],[9.9934,49.2286],[9.9546,49.2288],[9.9334,49.2155],[9.917,49.2021],[9.9255,49.1843],[9.9415,49.1827],[9.9586,49.1679],[10.0018,49.1783],[10.0192,49.1792],[10.0108,49.1927],[10.0396,49.2074],[10.0321,49.2171]]]},"properties":{"AGS":"08127046","GEN":"Kirchberg an der Jagst","SN_L":"08"}},
{"type":"Feature","geometry":{"type":"Polygon","coordinates":[[[10.1327,49.3277],[10.1237,49.3249],[10.1051,49.3172],[10.0957,49.3042],[10.0756,49.3001],[10.064,49.2884],[10.0483,49.2893],[10.0419,49.2674],[10.015,49.2676],[9.9998,49.2762],[9.9874,49.2634],[9.9836,49.259],[9.9604,49.2582],[9.9578,49.2427],[9.937,49.2391],[9.9427,49.228],[9.9546,49.2288],[9.9934,49.2286],[10.0032,49.234],[10.0188,49.2327],[10.0194,49.2231],[10.0321,49.2171],[10.0466,49.2397],[10.0568,49.2485],[10.0851,49.2417],[10.1198,49.2474],[10.1315,49.251],[10.1266,49.2624],[10.1474,49.2685],[10.1566,49.2808],[10.1383,49.2915],[10.1317,49.3051],[10.1452,49.3165],[10.1327,49.3277]]]},"properties":{"AGS":"08127071","GEN":"Rot am See","SN_L":"08"}},
{"type":"Feature","geometry":{"type":"Polygon","coordinates":[[[10.1198,49.2474],[10.0851,49.2417],[10.0568,49.2485],[10.0466,49.2397],[10.0321,49.2171],[10.0396,49.2074],[10.0618,49.2044],[10.0773,49.2132],[10.1035,49.2104],[10.1039,49.2019],[10.1268,49.2073],[10.135,49.21],[10.1198,49.2474]]]},"properties":{"AGS":"08127091","GEN":"Wallhausen","SN_L":"08"}},
{"type":"Feature","geometry":{"type":"Polygon","coordinates":[[[9.8022,49.0692],[9.7877,49.069],[9.7783,49.09],[9.769,49.0955],[9.7455,49.092],[9.7342,49.0821],[9.7457,49.0572],[9.7578,49.0455],[9.7987,49.0494],[9.7945,49.0559],[9.8022,49.0692]]]},"properties":{"AGS":"08127056","GEN":"Michelbach an der Bilz","SN_L":"08"}},
{"type":"Feature","geometry":{"type":"Polygon","coordinates":[[[9.6678,49.1426],[9.6438,49.1356],[9.6307,49.1389],[9.6115,49.1365],[9.606,49.1523],[9.6012,49.1414],[9.5796,49.1333],[9.589,49.1234],[9.6109,49.1188],[9.6087,49.1055],[9.6373,49.0874],[9.6513,49.0869],[9.6686,49.0853],[9.6928,49.092],[9.698,49.1028],[9.6888,49.1169],[9.6929,49.1273],[9.6678,49.1426]]]},"properties":{"AGS":"08127059","GEN":"Michelfeld","SN_L":"08"}},
{"type":"Feature","geometry":{"type":"Polygon","coordinates":[[[9.7806,49.1507],[9.7597,49.155],[9.735,49.146],[9.7251,49.1346],[9.708,49.1453],[9.7113,49.1521],[9.6891,49.1626],[9.69,49.167],[9.6743,49.1619],[9.6678,49.1426],[9.6929,49.1273],[9.6888,49.1169],[9.698,49.1028],[9.6928,49.092],[9.6686,49.0853],[9.6513,49.0869],[9.6511,49.0789],[9.6364,49.0673],[9.6138,49.0607],[9.6164,49.055],[9.646,49.0459],[9.6574,49.0621],[9.6731,49.0689],[9.7086,49.0768],[9.7005,49.0836],[9.7011,49.0962],[9.7192,49.0982],[9.7455,49.092],[9.769,49.0955],[9.7783,49.09],[9.7877,49.069],[9.8022,49.0692],[9.8179,49.0804],[9.8399,49.0768],[9.8736,49.0893],[9.8685,49.1119],[9.859,49.117],[9.856,49.1316],[9.8367,49.1437],[9.8091,49.1563],[9.8064,49.1456],[9.7826,49.1445],[9.7806,49.1507]]]},"properties":{"AGS":"08127076","GEN":"Schwäbisch Hall","SN_L":"08"}},
{"type":"Feature","geometry":{"type":"Polygon","coordinates":[[[9.7455,49.092],[9.7192,49.0982],[9.7011,49.0962],[9.7005,49.0836],[9.7086,49.0768],[9.6731,49.0689],[9.6574,49.0621],[9.646,49.0459],[9.6939,49.0417],[9.6957,49.0328],[9.709,49.0298],[9.7336,49.0452],[9.7578,49.0455],[9.7457,49.0572],[9.7342,49.0821],[9.7455,49.092]]]},"properties":{"AGS":"08127100","GEN":"Rosengarten","SN_L":"08"}},
{"type":"Feature","geometry":{"type":"Polygon","coordinates":[[[10.0837,49.5436],[10.0614,49.5451],[10.0614,49.5375],[10.0448,49.5249],[10.0572,49.5193],[10.0524,49.5107],[10.0335,49.5037],[10.022,49.4886],[10.0101,49.4832],[9.992,49.4864],[9.9735,49.4819],[9.971,49.4784],[10.0023,49.4552],[9.9919,49.4396],[9.9928,49.4329],[10.0214,49.4332],[10.038,49.417],[10.0152,49.4011],[10.0204,49.3954],[10.0431,49.397],[10.053,49.3889],[10.0793,49.3944],[10.106,49.3952],[10.112,49.3849],[10.1266,49.3879],[10.1449,49.3844],[10.1612,49.3904],[10.1522,49.401],[10.1517,49.4123],[10.1394,49.4239],[10.1337,49.4371],[10.1188,49.4439],[10.0947,49.4479],[10.097,49.4559],[10.1223,49.4639],[10.1183,49.4732],[10.1012,49.4856],[10.1013,49.494],[10.1213,49.511],[10.1057,49.5151],[10.0841,49.5118],[10.0786,49.5273],[10.0875,49.5376],[10.0837,49.5436]]]},"properties":{"AGS":"08128020","GEN":"Creglingen","SN_L":"08"}},
{"type":"Feature","geometry":{"type":"Polygon","coordinates":[[[9.4079,49.7215],[9.4163,49.7368],[9.4016,49.7532],[9.4196,49.7614],[9.4069,49.7688],[9.3784,49.771],[9.3775,49.7777],[9.36,49.7721],[9.3433,49.7682],[9.318,49.7689],[9.3156,49.7573],[9.3238,49.7457],[9.3177,49.7404],[9.2957,49.7405],[9.323,49.7311],[9.3518,49.7324],[9.3494,49.7215],[9.3574,49.7043],[9.3825,49.7075],[9.3814,49.7252],[9.4,49.7288],[9.4079,49.7215]]]},"properties":{"AGS":"08128039","GEN":"Freudenberg","SN_L":"08"}},
{"type":"Feature","geometry":{"type":"Polygon","coordinates":[[[9.5497,49.6975],[9.5316,49.6927],[9.5348,49.7096],[9.5244,49.7089],[9.5146,49.6991],[9.4969,49.6962],[9.4803,49.7002],[9.4681,49.7085],[9.4309,49.7024],[9.4203,49.7066],[9.4201,49.6902],[9.4064,49.6796],[9.3979,49.6707],[9.4109,49.6635],[9.4288,49.6578],[9.4516,49.656],[9.4503,49.6495],[9.4766,49.6424],[9.4877,49.6445],[9.526,49.6354],[9.539,49.6398],[9.5381,49.6473],[9.5578,49.6477],[9.572,49.6412],[9.5854,49.6419],[9.6043,49.6522],[9.6086,49.6625],[9.6015,49.674],[9.5697,49.7011],[9.5497,49.6975]]]},"properties":{"AGS":"08128064","GEN":"Külsheim","SN_L":"08"}},
{"type":"Feature","geometry":{"type":"Polygon","coordinates":[[[9.857,49.4559],[9.8426,49.4476],[9.8472,49.4237],[9.8589,49.407],[9.8319,49.3917],[9.8556,49.3684],[9.8781,49.3744],[9.9001,49.3672],[9.924,49.3734],[9.9336,49.3539],[9.9442,49.36],[9.9591,49.3595],[9.9734,49.3757],[10.0091,49.3703],[10.04,49.3693],[10.0322,49.3813],[10.053,49.3889],[10.0431,49.397],[10.0204,49.3954],[10.0152,49.4011],[10.038,49.417],[10.0214,49.4332],[9.9928,49.4329],[9.9919,49.4396],[9.986,49.4313],[9.9587,49.4434],[9.9291,49.4326],[9.9045,49.4389],[9.8828,49.4308],[9.8717,49.4426],[9.8737,49.4519],[9.857,49.4559]]]},"properties":{"AGS":"08128082","GEN":"Niederstetten","SN_L":"08"}},
{"type":"Feature","geometry":{"type":"Polygon","coordinates":[[[9.9208,49.5538],[9.9106,49.5513],[9.8911,49.5558],[9.8702,49.5507],[9.8607,49.5305],[9.8669,49.4914],[9.8535,49.4863],[9.8525,49.4679],[9.857,49.4559],[9.8737,49.4519],[9.8717,49.4426],[9.8828,49.4308],[9.9045,49.4389],[9.9291,49.4326],[9.9587,49.4434],[9.986,49.4313],[9.9919,49.4396],[10.0023,49.4552],[9.971,49.4784],[9.9735,49.4819],[9.9757,49.4852],[9.959,49.4839],[9.9546,49.4807],[9.9266,49.4848],[9.9137,49.4933],[9.9235,49.5099],[9.9244,49.5382],[9.9208,49.5538]]]},"properties":{"AGS":"08128126","GEN":"Weikersheim","SN_L":"08"}},
{"type":"Feature","geometry":{"type":"Polygon","coordinates":[[[9.6519,49.7664],[9.6451,49.7774],[9.6487,49.7915],[9.6197,49.7832],[9.5811,49.778],[9.5594,49.779],[9.5584,49.7651],[9.5689,49.7506],[9.5551,49.7475],[9.5524,49.7604],[9.5376,49.7676],[9.5214,49.7612],[9.51,49.771],[9.5072,49.7866],[9.4782,49.7864],[9.4715,49.7797],[9.4596,49.7698],[9.4463,49.773],[9.433,49.7884],[9.4203,49.7885],[9.4063,49.778],[9.3915,49.7701],[9.3775,49.7777],[9.3784,49.771],[9.4069,49.7688],[9.4196,49.7614],[9.4016,49.7532],[9.4163,49.7368],[9.4079,49.7215],[9.4203,49.7066],[9.4309,49.7024],[9.4681,49.7085],[9.4803,49.7002],[9.4969,49.6962],[9.5146,49.6991],[9.5244,49.7089],[9.5348,49.7096],[9.5316,49.6927],[9.5497,49.6975],[9.569,49.7057],[9.5898,49.7088],[9.6202,49.708],[9.6334,49.7173],[9.6431,49.7499],[9.638,49.7539],[9.6519,49.7664]]]},"properties":{"AGS":"08128131","GEN":"Wertheim","SN_L":"08"}},
{"type":"Feature","geometry":{"type":"Polygon","coordinates":[[[9.7999,49.5834],[9.7802,49.5857],[9.767,49.5768],[9.7501,49.5722],[9.7439,49.5983],[9.7152,49.597],[9.686,49.5875],[9.6404,49.5763],[9.6111,49.5618],[9.5993,49.5683],[9.5777,49.5656],[9.5717,49.5517],[9.5817,49.5425],[9.6124,49.5416],[9.6211,49.5447],[9.6421,49.5403],[9.6686,49.5475],[9.6802,49.5419],[9.6912,49.5217],[9.7043,49.5081],[9.7239,49.5087],[9.7315,49.5209],[9.7594,49.5209],[9.7861,49.5265],[9.8006,49.5247],[9.8246,49.5482],[9.8115,49.5557],[9.8195,49.5611],[9.8182,49.5676],[9.8,49.5765],[9.7999,49.5834]]]},"properties":{"AGS":"08128139","GEN":"Lauda-Königshofen","SN_L":"08"}},
{"type":"Feature","geometry":{"type":"Polygon","coordinates":[[[9.6997,49.4528],[9.6658,49.4433],[9.6423,49.4297],[9.6381,49.4134],[9.6717,49.4148],[9.6823,49.4085],[9.7062,49.4165],[9.7144,49.4296],[9.6997,49.4528]]]},"properties":{"AGS":"08128006","GEN":"Assamstadt","SN_L":"08"}},
{"type":"Feature","geometry":{"type":"Polygon","coordinates":[[[9.8006,49.5247],[9.7861,49.5265],[9.7594,49.5209],[9.7315,49.5209],[9.7239,49.5087],[9.7043,49.5081],[9.6936,49.4995],[9.7052,49.4625],[9.6997,49.4528],[9.7144,49.4296],[9.7062,49.4165],[9.7129,49.4123],[9.7122,49.3988],[9.7407,49.3991],[9.7481,49.3943],[9.7746,49.3936],[9.7924,49.4076],[9.8113,49.3885],[9.8319,49.3917],[9.8589,49.407],[9.8472,49.4237],[9.8426,49.4476],[9.857,49.4559],[9.8525,49.4679],[9.8535,49.4863],[9.8193,49.4821],[9.8009,49.4888],[9.7951,49.5038],[9.8031,49.5115],[9.8006,49.5247]]]},"properties":{"AGS":"08128007","GEN":"Bad Mergentheim","SN_L":"08"}},
{"type":"Feature","geometry":{"type":"MultiPolygon","coordinates":[[[[9.8406,49.5745],[9.8263,49.5752],[9.8276,49.5643],[9.8406,49.5745]]],[[[9.9136,49.5811],[9.8988,49.5883],[9.8757,49.5786],[9.8646,49.5679],[9.8666,49.5575],[9.8522,49.5454],[9.8406,49.5507],[9.8115,49.5557],[9.8246,49.5482],[9.8006,49.5247],[9.8031,49.5115],[9.7951,49.5038],[9.8009,49.4888],[9.8193,49.4821],[9.8535,49.4863],[9.8669,49.4914],[9.8607,49.5305],[9.8702,49.5507],[9.8911,49.5558],[9.9106,49.5513],[9.9208,49.5538],[9.9208,49.5633],[9.8991,49.5611],[9.9136,49.5811]]]]},"properties":{"AGS":"08128058","GEN":"Igersheim","SN_L":"08"}},
{"type":"Feature","geometry":{"type":"Polygon","coordinates":[[[9.7043,49.5081],[9.6912,49.5217],[9.6802,49.5419],[9.6686,49.5475],[9.6421,49.5403],[9.6211,49.5447],[9.6124,49.5416],[9.5817,49.5425],[9.5722,49.5182],[9.5599,49.5022],[9.5615,49.4911],[9.5712,49.4801],[9.5929,49.4675],[9.5943,49.4492],[9.5897,49.4396],[9.6038,49.4266],[9.619,49.4301],[9.6423,49.4297],[9.6658,49.4433],[9.6997,49.4528],[9.7052,49.4625],[9.6936,49.4995],[9.7043,49.5081]]]},"properties":{"AGS":"08128014","GEN":"Boxberg","SN_L":"08"}},
{"type":"Feature","geometry":{"type":"Polygon","coordinates":[[[9.5717,49.5517],[9.5584,49.5456],[9.5426,49.5474],[9.5372,49.5559],[9.5163,49.5557],[9.5235,49.5361],[9.5444,49.5303],[9.5243,49.5115],[9.5058,49.5014],[9.495,49.5025],[9.4916,49.4879],[9.5129,49.48],[9.5065,49.4585],[9.5103,49.4393],[9.5416,49.4492],[9.5897,49.4396],[9.5943,49.4492],[9.5929,49.4675],[9.5712,49.4801],[9.5615,49.4911],[9.5599,49.5022],[9.5722,49.5182],[9.5817,49.5425],[9.5717,49.5517]]]},"properties":{"AGS":"08128138","GEN":"Ahorn","SN_L":"08"}},
{"type":"Feature","geometry":{"type":"Polygon","coordinates":[[[9.8124,49.651],[9.7947,49.6486],[9.7708,49.6619],[9.7493,49.6465],[9.7257,49.6373],[9.7226,49.6237],[9.7101,49.6167],[9.7152,49.597],[9.7439,49.5983],[9.7501,49.5722],[9.767,49.5768],[9.7802,49.5857],[9.7999,49.5834],[9.8147,49.5982],[9.7996,49.6076],[9.7979,49.6206],[9.8124,49.651]]]},"properties":{"AGS":"08128047","GEN":"Grünsfeld","SN_L":"08"}},
{"type":"Feature","geometry":{"type":"Polygon","coordinates":[[[9.8648,49.6254],[9.8549,49.6415],[9.8301,49.6517],[9.8275,49.6613],[9.8124,49.651],[9.7979,49.6206],[9.7996,49.6076],[9.8147,49.5982],[9.7999,49.5834],[9.8,49.5765],[9.8182,49.5676],[9.8195,49.5611],[9.8276,49.5643],[9.8263,49.5752],[9.8406,49.5745],[9.8485,49.5777],[9.841,49.5913],[9.8459,49.5979],[9.8704,49.6089],[9.8648,49.6254]]]},"properties":{"AGS":"08128137","GEN":"Wittighausen","SN_L":"08"}},
{"type":"Feature","geometry":{"type":"Polygon","coordinates":[[[9.8214,49.7097],[9.7965,49.7207],[9.7977,49.7311],[9.7868,49.7218],[9.7685,49.719],[9.753,49.7101],[9.7454,49.6919],[9.7306,49.6884],[9.6965,49.6606],[9.691,49.6508],[9.7024,49.6423],[9.7257,49.6373],[9.7493,49.6465],[9.7708,49.6619],[9.7947,49.6486],[9.8124,49.651],[9.8275,49.6613],[9.8254,49.6733],[9.8383,49.6815],[9.8363,49.6842],[9.8318,49.7038],[9.8214,49.7097]]]},"properties":{"AGS":"08128045","GEN":"Großrinderfeld","SN_L":"08"}},
{"type":"Feature","geometry":{"type":"Polygon","coordinates":[[[9.5854,49.6419],[9.572,49.6412],[9.5578,49.6477],[9.5381,49.6473],[9.539,49.6398],[9.5516,49.6216],[9.5372,49.6157],[9.5402,49.6026],[9.53,49.5971],[9.5116,49.6022],[9.4994,49.5874],[9.5037,49.5724],[9.5163,49.5557],[9.5372,49.5559],[9.5426,49.5474],[9.5584,49.5456],[9.5717,49.5517],[9.5777,49.5656],[9.5993,49.5683],[9.615,49.5818],[9.6119,49.5932],[9.6285,49.6094],[9.6198,49.6275],[9.5854,49.6419]]]},"properties":{"AGS":"08128061","GEN":"Königheim","SN_L":"08"}},
{"type":"Feature","geometry":{"type":"Polygon","coordinates":[[[9.6965,49.6606],[9.686,49.6616],[9.6536,49.6565],[9.6374,49.6627],[9.6362,49.6705],[9.6162,49.6759],[9.6015,49.674],[9.6086,49.6625],[9.6043,49.6522],[9.5854,49.6419],[9.6198,49.6275],[9.6285,49.6094],[9.6119,49.5932],[9.615,49.5818],[9.5993,49.5683],[9.6111,49.5618],[9.6404,49.5763],[9.686,49.5875],[9.7152,49.597],[9.7101,49.6167],[9.7226,49.6237],[9.7257,49.6373],[9.7024,49.6423],[9.691,49.6508],[9.6965,49.6606]]]},"properties":{"AGS":"08128115","GEN":"Tauberbischofsheim","SN_L":"08"}},
{"type":"Feature","geometry":{"type":"Polygon","coordinates":[[[9.7306,49.6884],[9.7193,49.7019],[9.7111,49.727],[9.6959,49.7192],[9.6772,49.7162],[9.6741,49.6967],[9.6505,49.6881],[9.6325,49.6932],[9.6254,49.7037],[9.6334,49.7173],[9.6202,49.708],[9.5898,49.7088],[9.569,49.7057],[9.5497,49.6975],[9.5697,49.7011],[9.6015,49.674],[9.6162,49.6759],[9.6362,49.6705],[9.6374,49.6627],[9.6536,49.6565],[9.686,49.6616],[9.6965,49.6606],[9.7306,49.6884]]]},"properties":{"AGS":"08128128","GEN":"Werbach","SN_L":"08"}},
{"type":"Feature","geometry":{"type":"Polygon","coordinates":[[[10.4237,48.7442],[10.4048,48.7405],[10.3979,48.7472],[10.3637,48.7343],[10.336,48.7321],[10.3274,48.7224],[10.3307,48.7021],[10.3193,48.6889],[10.3303,48.6907],[10.3474,48.6791],[10.3515,48.6587],[10.3612,48.6532],[10.3669,48.6623],[10.3894,48.6672],[10.3917,48.6856],[10.4089,48.6988],[10.4371,48.6948],[10.4106,48.661],[10.4492,48.6652],[10.465,48.6705],[10.4812,48.6821],[10.4873,48.6967],[10.4834,48.7081],[10.4681,48.7166],[10.4643,48.7351],[10.4434,48.7294],[10.4387,48.7375],[10.4237,48.7442]]]},"properties":{"AGS":"08135010","GEN":"Dischingen","SN_L":"08"}},
{"type":"Feature","geometry":{"type":"Polygon","coordinates":[[[9.9567,48.6672],[9.9444,48.6627],[9.9318,48.6674],[9.9206,48.6403],[9.9441,48.6318],[9.9709,48.612],[9.9613,48.6036],[9.9727,48.5946],[9.9884,48.5971],[9.9929,48.6054],[10.0408,48.6044],[10.0574,48.5863],[10.0966,48.5784],[10.1031,48.5721],[10.1101,48.5698],[10.13,48.5779],[10.1442,48.5723],[10.1515,48.5812],[10.1686,48.583],[10.1801,48.5918],[10.1759,48.5969],[10.1422,48.6138],[10.1153,48.6159],[10.0919,48.6087],[10.0776,48.6194],[10.0947,48.6229],[10.0937,48.6361],[10.0829,48.6482],[10.0555,48.653],[10.0525,48.6581],[10.023,48.6589],[10.0043,48.6489],[9.9692,48.656],[9.9567,48.6672]]]},"properties":{"AGS":"08135015","GEN":"Gerstetten","SN_L":"08"}},
{"type":"Feature","geometry":{"type":"MultiPolygon","coordinates":[[[[10.1835,48.5786],[10.1686,48.583],[10.1515,48.5812],[10.1442,48.5723],[10.13,48.5779],[10.1101,48.5698],[10.1216,48.5589],[10.1442,48.5546],[10.1547,48.5516],[10.1715,48.5493],[10.187,48.5581],[10.1835,48.5786]]],[[[10.1801,48.5918],[10.1929,48.597],[10.2052,48.6089],[10.2155,48.6266],[10.2081,48.6322],[10.2187,48.6419],[10.2115,48.6485],[10.2191,48.6575],[10.1984,48.6613],[10.1615,48.6479],[10.1542,48.6429],[10.1171,48.6552],[10.112,48.65],[10.104,48.6441],[10.0829,48.6482],[10.0937,48.6361],[10.0947,48.6229],[10.0776,48.6194],[10.0919,48.6087],[10.1153,48.6159],[10.1422,48.6138],[10.1759,48.5969],[10.1801,48.5918]]]]},"properties":{"AGS":"08135020","GEN":"Herbrechtingen","SN_L":"08"}},
{"type":"Feature","geometry":{"type":"Polygon","coordinates":[[[10.1754,48.7485],[10.1637,48.7557],[10.1603,48.7662],[10.1498,48.7723],[10.1481,48.7866],[10.1355,48.7758],[10.1329,48.7656],[10.1116,48.7591],[10.0826,48.759],[10.0709,48.7472],[10.0456,48.7477],[10.0302,48.7414],[10.0246,48.7278],[10.0445,48.7237],[10.0531,48.7096],[10.074,48.7151],[10.1104,48.7039],[10.1238,48.7244],[10.1473,48.7262],[10.1633,48.7443],[10.1754,48.7485]]]},"properties":{"AGS":"08135025","GEN":"Königsbronn","SN_L":"08"}},
{"type":"Feature","geometry":{"type":"Polygon","coordinates":[[[10.0456,48.7477],[10.0467,48.7576],[10.0296,48.7661],[10.0169,48.7623],[10.0102,48.7521],[10.0183,48.7364],[10.0029,48.7371],[9.9878,48.7273],[9.9945,48.7145],[9.9925,48.7054],[9.9729,48.7033],[9.9642,48.6948],[9.9708,48.6773],[9.9567,48.6672],[9.9692,48.656],[10.0043,48.6489],[10.023,48.6589],[10.0525,48.6581],[10.0555,48.653],[10.0829,48.6482],[10.104,48.6441],[10.112,48.65],[10.1078,48.6556],[10.114,48.6781],[10.1097,48.6826],[10.1167,48.7011],[10.1104,48.7039],[10.074,48.7151],[10.0531,48.7096],[10.0445,48.7237],[10.0246,48.7278],[10.0302,48.7414],[10.0456,48.7477]]]},"properties":{"AGS":"08135032","GEN":"Steinheim am Albuch","SN_L":"08"}},
{"type":"Feature","geometry":{"type":"Polygon","coordinates":[[[10.2595,48.6549],[10.2288,48.6631],[10.1984,48.6613],[10.2191,48.6575],[10.2115,48.6485],[10.2187,48.6419],[10.2081,48.6322],[10.2155,48.6266],[10.2052,48.6089],[10.1929,48.597],[10.1801,48.5918],[10.1686,48.583],[10.1835,48.5786],[10.2125,48.583],[10.2284,48.5771],[10.2301,48.5694],[10.2448,48.5815],[10.2318,48.5966],[10.2577,48.6141],[10.2939,48.6123],[10.2971,48.6038],[10.3189,48.604],[10.3231,48.6091],[10.2978,48.6242],[10.2965,48.6336],[10.28,48.6405],[10.2805,48.6468],[10.2595,48.6549]]]},"properties":{"AGS":"08135016","GEN":"Giengen an der Brenz","SN_L":"08"}},
{"type":"Feature","geometry":{"type":"Polygon","coordinates":[[[10.2971,48.6038],[10.2939,48.6123],[10.2577,48.6141],[10.2318,48.5966],[10.2448,48.5815],[10.2694,48.5854],[10.3063,48.5818],[10.2931,48.5898],[10.2971,48.6038]]]},"properties":{"AGS":"08135021","GEN":"Hermaringen","SN_L":"08"}},
{"type":"Feature","geometry":{"type":"Polygon","coordinates":[[[10.2788,48.755],[10.2512,48.7626],[10.2497,48.7709],[10.2275,48.7746],[10.209,48.7814],[10.1796,48.7769],[10.1754,48.7485],[10.1633,48.7443],[10.1473,48.7262],[10.1238,48.7244],[10.1104,48.7039],[10.1167,48.7011],[10.1097,48.6826],[10.114,48.6781],[10.1078,48.6556],[10.112,48.65],[10.1171,48.6552],[10.1542,48.6429],[10.1615,48.6479],[10.1984,48.6613],[10.2288,48.6631],[10.2595,48.6549],[10.2544,48.6641],[10.2624,48.6725],[10.2562,48.6798],[10.2408,48.6877],[10.2079,48.6855],[10.2197,48.719],[10.2278,48.7281],[10.2464,48.7227],[10.2569,48.7271],[10.2636,48.7493],[10.2788,48.755]]]},"properties":{"AGS":"08135019","GEN":"Heidenheim an der Brenz","SN_L":"08"}},
{"type":"Feature","geometry":{"type":"Polygon","coordinates":[[[10.336,48.7321],[10.2922,48.747],[10.2788,48.755],[10.2636,48.7493],[10.2569,48.7271],[10.2464,48.7227],[10.2278,48.7281],[10.2197,48.719],[10.2079,48.6855],[10.2408,48.6877],[10.2562,48.6798],[10.271,48.6852],[10.2687,48.7035],[10.2825,48.701],[10.2924,48.6926],[10.3193,48.6889],[10.3307,48.7021],[10.3274,48.7224],[10.336,48.7321]]]},"properties":{"AGS":"08135026","GEN":"Nattheim","SN_L":"08"}},
{"type":"Feature","geometry":{"type":"Polygon","coordinates":[[[10.2301,48.5694],[10.2284,48.5771],[10.2125,48.583],[10.1835,48.5786],[10.187,48.5581],[10.1914,48.541],[10.2101,48.536],[10.2133,48.5171],[10.2308,48.5105],[10.2652,48.5192],[10.2686,48.5231],[10.255,48.5457],[10.2443,48.5558],[10.2399,48.5683],[10.2301,48.5694]]]},"properties":{"AGS":"08135027","GEN":"Niederstotzingen","SN_L":"08"}},
{"type":"Feature","geometry":{"type":"Polygon","coordinates":[[[10.3063,48.5818],[10.2694,48.5854],[10.2448,48.5815],[10.2301,48.5694],[10.2399,48.5683],[10.2443,48.5558],[10.255,48.5457],[10.2686,48.5231],[10.2652,48.5192],[10.2782,48.5161],[10.2963,48.5169],[10.312,48.5229],[10.3032,48.5298],[10.3008,48.5451],[10.3076,48.5508],[10.3143,48.5556],[10.3063,48.5818]]]},"properties":{"AGS":"08135031","GEN":"Sontheim an der Brenz","SN_L":"08"}},
{"type":"Feature","geometry":{"type":"Polygon","coordinates":[[[10.0172,48.9418],[9.9807,48.9427],[9.9657,48.9545],[9.9492,48.9488],[9.9314,48.9528],[9.9212,48.9427],[9.9008,48.9431],[9.8787,48.9189],[9.8707,48.9182],[9.8686,48.9051],[9.8841,48.9022],[9.9041,48.9052],[9.9012,48.9171],[9.9163,48.9173],[9.9335,48.9114],[9.9203,48.9027],[9.9189,48.8911],[9.9381,48.8806],[9.9557,48.8794],[9.9644,48.8722],[9.9606,48.8593],[9.9729,48.8581],[9.9775,48.8713],[9.9908,48.8727],[10.0026,48.8866],[10.0369,48.883],[10.0406,48.8945],[10.0395,48.8997],[10.0399,48.9005],[10.029,48.9047],[10.0185,48.9093],[10.0239,48.9287],[10.0172,48.9418]]]},"properties":{"AGS":"08136002","GEN":"Abtsgmünd","SN_L":"08"}},
{"type":"Feature","geometry":{"type":"Polygon","coordinates":[[[9.7971,48.9558],[9.7795,48.952],[9.7488,48.9567],[9.7282,48.9714],[9.7046,48.9576],[9.6933,48.964],[9.6879,48.9526],[9.6735,48.9399],[9.6862,48.9263],[9.7005,48.9287],[9.7006,48.9138],[9.7171,48.9153],[9.7413,48.9019],[9.7641,48.9041],[9.7918,48.9131],[9.8015,48.9036],[9.8349,48.9179],[9.8449,48.9347],[9.8364,48.9385],[9.7989,48.9435],[9.7971,48.9558]]]},"properties":{"AGS":"08136027","GEN":"Gschwend","SN_L":"08"}},
{"type":"Feature","geometry":{"type":"Polygon","coordinates":[[[9.7226,48.8152],[9.7105,48.8283],[9.6708,48.8232],[9.655,48.8176],[9.6402,48.8202],[9.648,48.8115],[9.6432,48.7962],[9.62,48.7882],[9.6266,48.7744],[9.6579,48.7704],[9.6824,48.777],[9.716,48.777],[9.7293,48.7991],[9.7226,48.8152]]]},"properties":{"AGS":"08136042","GEN":"Lorch","SN_L":"08"}},
{"type":"Feature","geometry":{"type":"Polygon","coordinates":[[[10.387,48.8199],[10.3468,48.8215],[10.3323,48.8158],[10.3134,48.8176],[10.2847,48.8264],[10.2675,48.8234],[10.2633,48.8162],[10.2417,48.8107],[10.2189,48.8191],[10.2131,48.8071],[10.209,48.7814],[10.2275,48.7746],[10.2497,48.7709],[10.2512,48.7626],[10.2788,48.755],[10.2922,48.747],[10.336,48.7321],[10.3637,48.7343],[10.3979,48.7472],[10.4048,48.7405],[10.4237,48.7442],[10.4282,48.7559],[10.4168,48.7651],[10.43,48.7787],[10.4203,48.7964],[10.441,48.8064],[10.4463,48.8107],[10.4214,48.8075],[10.3939,48.8125],[10.387,48.8199]]]},"properties":{"AGS":"08136045","GEN":"Neresheim","SN_L":"08"}},
{"type":"Feature","geometry":{"type":"Polygon","coordinates":[[[10.1481,48.7866],[10.119,48.7965],[10.0968,48.808],[10.076,48.8044],[10.0779,48.7973],[10.0762,48.789],[10.0599,48.784],[10.0634,48.7668],[10.0826,48.759],[10.1116,48.7591],[10.1329,48.7656],[10.1355,48.7758],[10.1481,48.7866]]]},"properties":{"AGS":"08136050","GEN":"Oberkochen","SN_L":"08"}},
{"type":"Feature","geometry":{"type":"Polygon","coordinates":[[[10.0779,48.7973],[10.0608,48.801],[10.0618,48.8144],[10.0545,48.8266],[10.0333,48.8332],[10.0235,48.8426],[9.9853,48.8444],[9.981,48.8366],[9.9868,48.8183],[9.9959,48.8083],[9.9631,48.7759],[9.9649,48.7622],[9.9794,48.7568],[10.003,48.7586],[10.0097,48.75],[10.0029,48.7371],[10.0183,48.7364],[10.0102,48.7521],[10.0169,48.7623],[10.0296,48.7661],[10.0467,48.7576],[10.0456,48.7477],[10.0709,48.7472],[10.0826,48.759],[10.0634,48.7668],[10.0599,48.784],[10.0762,48.789],[10.0779,48.7973]]]},"properties":{"AGS":"08136021","GEN":"Essingen","SN_L":"08"}},
{"type":"Feature","geometry":{"type":"MultiPolygon","coordinates":[[[[10.0477,48.8968],[10.0395,48.8997],[10.0406,48.8945],[10.0477,48.8968]]],[[[10.1152,48.9201],[10.0952,48.9289],[10.0845,48.9224],[10.0597,48.8989],[10.0683,48.8806],[10.0918,48.8758],[10.1261,48.8937],[10.1152,48.9201]]]]},"properties":{"AGS":"08136033","GEN":"Hüttlingen","SN_L":"08"}},
{"type":"Feature","geometry":{"type":"Polygon","coordinates":[[[10.0597,48.8989],[10.0477,48.8968],[10.0406,48.8945],[10.0369,48.883],[10.0026,48.8866],[9.9908,48.8727],[9.9775,48.8713],[9.9729,48.8581],[9.9853,48.8444],[10.0235,48.8426],[10.0333,48.8332],[10.0545,48.8266],[10.0618,48.8144],[10.0608,48.801],[10.0779,48.7973],[10.076,48.8044],[10.0968,48.808],[10.119,48.7965],[10.1481,48.7866],[10.1498,48.7723],[10.1603,48.7662],[10.1637,48.7557],[10.1754,48.7485],[10.1796,48.7769],[10.209,48.7814],[10.2131,48.8071],[10.2189,48.8191],[10.2417,48.8107],[10.2633,48.8162],[10.2675,48.8234],[10.2777,48.8323],[10.2673,48.8405],[10.2397,48.8372],[10.2146,48.8385],[10.2004,48.8451],[10.2058,48.8625],[10.1927,48.8624],[10.1799,48.8541],[10.1639,48.8543],[10.154,48.8612],[10.1556,48.8775],[10.1398,48.8888],[10.1261,48.8937],[10.0918,48.8758],[10.0683,48.8806],[10.0597,48.8989]]]},"properties":{"AGS":"08136088","GEN":"Aalen","SN_L":"08"}},
{"type":"Feature","geometry":{"type":"Polygon","coordinates":[[[10.3873,48.8974],[10.3587,48.918],[10.3325,48.9109],[10.3041,48.9112],[10.2871,48.9168],[10.294,48.9041],[10.3006,48.8942],[10.3235,48.8881],[10.3115,48.8693],[10.2979,48.8684],[10.2673,48.8405],[10.2777,48.8323],[10.2675,48.8234],[10.2847,48.8264],[10.3134,48.8176],[10.3323,48.8158],[10.3468,48.8215],[10.387,48.8199],[10.4263,48.8369],[10.4292,48.8449],[10.4144,48.8595],[10.4085,48.8613],[10.3846,48.8516],[10.3622,48.8807],[10.3873,48.8974]]]},"properties":{"AGS":"08136010","GEN":"Bopfingen","SN_L":"08"}},
{"type":"Feature","geometry":{"type":"Polygon","coordinates":[[[10.447,48.8773],[10.4502,48.8931],[10.4241,48.9029],[10.4248,48.9077],[10.3873,48.8974],[10.3622,48.8807],[10.3846,48.8516],[10.4085,48.8613],[10.4144,48.8595],[10.4257,48.8776],[10.4386,48.8831],[10.447,48.8773]]]},"properties":{"AGS":"08136037","GEN":"Kirchheim am Ries","SN_L":"08"}},
{"type":"Feature","geometry":{"type":"MultiPolygon","coordinates":[[[[10.447,48.8773],[10.4386,48.8831],[10.4257,48.8776],[10.4144,48.8595],[10.4292,48.8449],[10.4528,48.8519],[10.4484,48.8611],[10.4526,48.8735],[10.447,48.8773]]],[[[10.4463,48.8107],[10.448,48.8319],[10.4263,48.8369],[10.387,48.8199],[10.3939,48.8125],[10.4214,48.8075],[10.4463,48.8107]]]]},"properties":{"AGS":"08136087","GEN":"Riesbürg","SN_L":"08"}},
{"type":"Feature","geometry":{"type":"Polygon","coordinates":[[[10.0155,48.9694],[10.0145,48.9818],[9.9802,48.981],[9.943,48.9734],[9.9457,48.9626],[9.9315,48.9584],[9.9142,48.9672],[9.8941,48.952],[9.9008,48.9431],[9.9212,48.9427],[9.9314,48.9528],[9.9492,48.9488],[9.9657,48.9545],[9.9807,48.9427],[10.0172,48.9418],[10.0205,48.9512],[10.0043,48.9659],[10.0155,48.9694]]]},"properties":{"AGS":"08136003","GEN":"Adelmannsfelden","SN_L":"08"}},
{"type":"Feature","geometry":{"type":"Polygon","coordinates":[[[10.2703,49.0081],[10.2487,49.0168],[10.2465,49.0385],[10.2213,49.048],[10.2096,49.0416],[10.192,49.0433],[10.1722,49.0344],[10.1754,49.0203],[10.1933,49.0239],[10.1982,49.0105],[10.1898,48.9875],[10.2108,48.9871],[10.2224,48.982],[10.2549,48.9875],[10.2551,48.9987],[10.2703,49.0081]]]},"properties":{"AGS":"08136018","GEN":"Ellenberg","SN_L":"08"}},
{"type":"Feature","geometry":{"type":"Polygon","coordinates":[[[10.2549,48.9875],[10.2224,48.982],[10.2108,48.9871],[10.1898,48.9875],[10.1982,49.0105],[10.1933,49.0239],[10.1754,49.0203],[10.1649,49.0107],[10.1315,49.0067],[10.1106,49.0077],[10.1002,49.0002],[10.0675,48.9931],[10.0518,48.9723],[10.068,48.9509],[10.0786,48.9442],[10.113,48.9403],[10.1244,48.9477],[10.1491,48.9438],[10.1716,48.9439],[10.1792,48.9321],[10.2028,48.911],[10.2183,48.9042],[10.2467,48.908],[10.2777,48.9288],[10.2799,48.9456],[10.3034,48.9505],[10.3037,48.9665],[10.3005,48.97],[10.2995,48.9808],[10.2869,48.9882],[10.2631,48.9823],[10.2549,48.9875]]]},"properties":{"AGS":"08136019","GEN":"Ellwangen (Jagst)","SN_L":"08"}},
{"type":"Feature","geometry":{"type":"Polygon","coordinates":[[[10.192,49.0433],[10.183,49.0596],[10.1674,49.0587],[10.135,49.0437],[10.1212,49.0464],[10.1149,49.0365],[10.0727,49.0463],[10.048,49.0412],[10.049,49.0327],[10.067,49.0222],[10.0667,49.0134],[10.1002,49.0002],[10.1106,49.0077],[10.1315,49.0067],[10.1649,49.0107],[10.1754,49.0203],[10.1722,49.0344],[10.192,49.0433]]]},"properties":{"AGS":"08136035","GEN":"Jagstzell","SN_L":"08"}},
{"type":"Feature","geometry":{"type":"Polygon","coordinates":[[[10.0518,48.9723],[10.0376,48.9784],[10.0287,48.9682],[10.0155,48.9694],[10.0043,48.9659],[10.0205,48.9512],[10.0172,48.9418],[10.0239,48.9287],[10.0185,48.9093],[10.029,48.9047],[10.0399,48.9005],[10.0395,48.8997],[10.0477,48.8968],[10.0597,48.8989],[10.0845,48.9224],[10.0952,48.9289],[10.1152,48.9201],[10.1215,48.9355],[10.113,48.9403],[10.0786,48.9442],[10.068,48.9509],[10.0518,48.9723]]]},"properties":{"AGS":"08136046","GEN":"Neuler","SN_L":"08"}},
{"type":"Feature","geometry":{"type":"Polygon","coordinates":[[[10.048,49.0412],[10.0173,49.0441],[9.9973,49.0337],[9.9914,49.0411],[9.9754,49.0409],[9.9838,49.0313],[9.9742,49.0187],[9.9915,49.0188],[9.9934,49.0038],[10.0011,48.991],[10.0145,48.9818],[10.0155,48.9694],[10.0287,48.9682],[10.0376,48.9784],[10.0518,48.9723],[10.0675,48.9931],[10.1002,49.0002],[10.0667,49.0134],[10.067,49.0222],[10.049,49.0327],[10.048,49.0412]]]},"properties":{"AGS":"08136060","GEN":"Rosenberg","SN_L":"08"}},
{"type":"Feature","geometry":{"type":"Polygon","coordinates":[[[10.2568,49.0595],[10.2398,49.0568],[10.2313,49.0464],[10.2213,49.048],[10.2465,49.0385],[10.2487,49.0168],[10.2703,49.0081],[10.2898,49.0185],[10.3163,49.0207],[10.3205,49.0257],[10.3166,49.0285],[10.2848,49.0366],[10.2517,49.0496],[10.2568,49.0595]]]},"properties":{"AGS":"08136084","GEN":"Wört","SN_L":"08"}},
{"type":"Feature","geometry":{"type":"Polygon","coordinates":[[[10.2028,48.911],[10.1792,48.9321],[10.1716,48.9439],[10.1491,48.9438],[10.1244,48.9477],[10.113,48.9403],[10.1215,48.9355],[10.1152,48.9201],[10.1261,48.8937],[10.1398,48.8888],[10.1421,48.8945],[10.1635,48.9068],[10.1964,48.9044],[10.2028,48.911]]]},"properties":{"AGS":"08136089","GEN":"Rainau","SN_L":"08"}},
{"type":"Feature","geometry":{"type":"Polygon","coordinates":[[[10.294,48.9041],[10.2814,48.9054],[10.2691,48.8867],[10.2468,48.8892],[10.2159,48.9016],[10.2202,48.8869],[10.231,48.8836],[10.2058,48.8625],[10.2004,48.8451],[10.2146,48.8385],[10.2397,48.8372],[10.2673,48.8405],[10.2979,48.8684],[10.3115,48.8693],[10.3235,48.8881],[10.3006,48.8942],[10.294,48.9041]]]},"properties":{"AGS":"08136038","GEN":"Lauchheim","SN_L":"08"}},
{"type":"Feature","geometry":{"type":"Polygon","coordinates":[[[10.2777,48.9288],[10.2467,48.908],[10.2183,48.9042],[10.2028,48.911],[10.1964,48.9044],[10.1635,48.9068],[10.1421,48.8945],[10.1398,48.8888],[10.1556,48.8775],[10.154,48.8612],[10.1639,48.8543],[10.1799,48.8541],[10.1927,48.8624],[10.2058,48.8625],[10.231,48.8836],[10.2202,48.8869],[10.2159,48.9016],[10.2468,48.8892],[10.2691,48.8867],[10.2814,48.9054],[10.294,48.9041],[10.2871,48.9168],[10.2777,48.9288]]]},"properties":{"AGS":"08136082","GEN":"Westhausen","SN_L":"08"}},
{"type":"Feature","geometry":{"type":"Polygon","coordinates":[[[9.8707,48.9182],[9.8349,48.9179],[9.8015,48.9036],[9.8273,48.9044],[9.8284,48.8877],[9.8342,48.8814],[9.8525,48.8803],[9.8633,48.8693],[9.8951,48.8776],[9.8962,48.8875],[9.8956,48.8967],[9.8841,48.9022],[9.8686,48.9051],[9.8707,48.9182]]]},"properties":{"AGS":"08136020","GEN":"Eschach","SN_L":"08"}},
{"type":"Feature","geometry":{"type":"Polygon","coordinates":[[[9.8951,48.8776],[9.8633,48.8693],[9.8675,48.8564],[9.8864,48.8451],[9.9013,48.8409],[9.9218,48.8444],[9.9287,48.8589],[9.9071,48.8626],[9.8951,48.8776]]]},"properties":{"AGS":"08136024","GEN":"Göggingen","SN_L":"08"}},
{"type":"Feature","geometry":{"type":"Polygon","coordinates":[[[9.8598,48.8495],[9.8449,48.8421],[9.8709,48.8195],[9.8941,48.8217],[9.9059,48.8311],[9.9169,48.832],[9.9255,48.8419],[9.9218,48.8444],[9.9013,48.8409],[9.8864,48.8451],[9.8598,48.8495]]]},"properties":{"AGS":"08136034","GEN":"Iggingen","SN_L":"08"}},
{"type":"Feature","geometry":{"type":"Polygon","coordinates":[[[9.8675,48.8564],[9.8598,48.8495],[9.8864,48.8451],[9.8675,48.8564]]]},"properties":{"AGS":"08136040","GEN":"Leinzell","SN_L":"08"}},
{"type":"Feature","geometry":{"type":"Polygon","coordinates":[[[9.9189,48.8911],[9.9203,48.9027],[9.9335,48.9114],[9.9163,48.9173],[9.9012,48.9171],[9.9041,48.9052],[9.8841,48.9022],[9.8956,48.8967],[9.8962,48.8875],[9.9189,48.8911]]]},"properties":{"AGS":"08136049","GEN":"Obergröningen","SN_L":"08"}},
{"type":"Feature","geometry":{"type":"Polygon","coordinates":[[[9.9189,48.8911],[9.8962,48.8875],[9.8951,48.8776],[9.9071,48.8626],[9.9287,48.8589],[9.9419,48.8623],[9.9606,48.8593],[9.9644,48.8722],[9.9557,48.8794],[9.9381,48.8806],[9.9189,48.8911]]]},"properties":{"AGS":"08136062","GEN":"Schechingen","SN_L":"08"}},
{"type":"Feature","geometry":{"type":"Polygon","coordinates":[[[10.0029,48.7371],[10.0097,48.75],[10.003,48.7586],[9.9794,48.7568],[9.9649,48.7622],[9.9569,48.7541],[9.9436,48.758],[9.9141,48.7608],[9.9105,48.7533],[9.9096,48.7439],[9.9321,48.741],[9.9332,48.73],[9.9585,48.7301],[9.9701,48.7252],[9.9878,48.7273],[10.0029,48.7371]]]},"properties":{"AGS":"08136007","GEN":"Bartholomä","SN_L":"08"}},
{"type":"Feature","geometry":{"type":"Polygon","coordinates":[[[9.9255,48.8419],[9.9169,48.832],[9.9059,48.8311],[9.8941,48.8217],[9.8946,48.8032],[9.9207,48.8002],[9.9426,48.8031],[9.9492,48.8097],[9.9363,48.8227],[9.937,48.834],[9.9255,48.8419]]]},"properties":{"AGS":"08136009","GEN":"Böbingen an der Rems","SN_L":"08"}},
{"type":"Feature","geometry":{"type":"Polygon","coordinates":[[[9.9868,48.8183],[9.9553,48.8068],[9.9492,48.8097],[9.9426,48.8031],[9.9207,48.8002],[9.8946,48.8032],[9.9104,48.7792],[9.9077,48.7692],[9.9436,48.758],[9.9569,48.7541],[9.9649,48.7622],[9.9631,48.7759],[9.9959,48.8083],[9.9868,48.8183]]]},"properties":{"AGS":"08136028","GEN":"Heubach","SN_L":"08"}},
{"type":"Feature","geometry":{"type":"Polygon","coordinates":[[[9.9606,48.8593],[9.9419,48.8623],[9.9287,48.8589],[9.9218,48.8444],[9.9255,48.8419],[9.937,48.834],[9.9603,48.8436],[9.981,48.8366],[9.9853,48.8444],[9.9729,48.8581],[9.9606,48.8593]]]},"properties":{"AGS":"08136029","GEN":"Heuchlingen","SN_L":"08"}},
{"type":"Feature","geometry":{"type":"Polygon","coordinates":[[[9.981,48.8366],[9.9603,48.8436],[9.937,48.834],[9.9363,48.8227],[9.9492,48.8097],[9.9553,48.8068],[9.9868,48.8183],[9.981,48.8366]]]},"properties":{"AGS":"08136043","GEN":"Mögglingen","SN_L":"08"}},
{"type":"Feature","geometry":{"type":"MultiPolygon","coordinates":[[[[9.7786,48.7283],[9.7777,48.7335],[9.7735,48.7257],[9.7753,48.7258],[9.7786,48.7283]]],[[[9.8449,48.8421],[9.8172,48.8434],[9.8059,48.8433],[9.8118,48.8168],[9.7885,48.8173],[9.7825,48.8277],[9.7587,48.8287],[9.7528,48.8234],[9.7226,48.8152],[9.7293,48.7991],[9.716,48.777],[9.7141,48.7722],[9.7296,48.7684],[9.7474,48.7697],[9.7528,48.7517],[9.7894,48.7373],[9.792,48.7318],[9.7925,48.7294],[9.8091,48.7438],[9.8026,48.751],[9.8131,48.7736],[9.8114,48.7838],[9.8519,48.7673],[9.8507,48.7517],[9.8599,48.7458],[9.8501,48.7264],[9.8602,48.7257],[9.886,48.7147],[9.9029,48.716],[9.8973,48.7319],[9.8828,48.7378],[9.8826,48.7512],[9.9046,48.7471],[9.9105,48.7533],[9.9141,48.7608],[9.9436,48.758],[9.9077,48.7692],[9.9104,48.7792],[9.8946,48.8032],[9.8941,48.8217],[9.8709,48.8195],[9.8449,48.8421]]]]},"properties":{"AGS":"08136065","GEN":"Schwäbisch Gmünd","SN_L":"08"}},
{"type":"Feature","geometry":{"type":"MultiPolygon","coordinates":[[[[9.792,48.7318],[9.7894,48.7373],[9.7855,48.7345],[9.792,48.7318]]],[[[9.8501,48.7264],[9.8599,48.7458],[9.8507,48.7517],[9.8519,48.7673],[9.8114,48.7838],[9.8131,48.7736],[9.8026,48.751],[9.8091,48.7438],[9.7925,48.7294],[9.7919,48.7203],[9.8333,48.7281],[9.8501,48.7264]]]]},"properties":{"AGS":"08136079","GEN":"Waldstetten","SN_L":"08"}},
{"type":"Feature","geometry":{"type":"Polygon","coordinates":[[[9.7997,48.8732],[9.7682,48.8692],[9.7645,48.8548],[9.7599,48.8534],[9.7864,48.8436],[9.8059,48.8433],[9.8172,48.8434],[9.8172,48.8544],[9.8052,48.8689],[9.7997,48.8732]]]},"properties":{"AGS":"08136015","GEN":"Durlangen","SN_L":"08"}},
{"type":"Feature","geometry":{"type":"Polygon","coordinates":[[[9.8059,48.8433],[9.7864,48.8436],[9.7599,48.8534],[9.7693,48.8369],[9.7587,48.8287],[9.7825,48.8277],[9.7885,48.8173],[9.8118,48.8168],[9.8059,48.8433]]]},"properties":{"AGS":"08136044","GEN":"Mutlangen","SN_L":"08"}},
{"type":"Feature","geometry":{"type":"Polygon","coordinates":[[[9.8015,48.9036],[9.7918,48.9131],[9.7641,48.9041],[9.7997,48.8732],[9.8052,48.8689],[9.8342,48.8714],[9.8525,48.8803],[9.8342,48.8814],[9.8284,48.8877],[9.8273,48.9044],[9.8015,48.9036]]]},"properties":{"AGS":"08136061","GEN":"Ruppertshofen","SN_L":"08"}},
{"type":"Feature","geometry":{"type":"Polygon","coordinates":[[[9.7641,48.9041],[9.7413,48.9019],[9.7472,48.8929],[9.7514,48.863],[9.7645,48.8548],[9.7682,48.8692],[9.7997,48.8732],[9.7641,48.9041]]]},"properties":{"AGS":"08136066","GEN":"Spraitbach","SN_L":"08"}},
{"type":"Feature","geometry":{"type":"Polygon","coordinates":[[[9.8633,48.8693],[9.8525,48.8803],[9.8342,48.8714],[9.8052,48.8689],[9.8172,48.8544],[9.8172,48.8434],[9.8449,48.8421],[9.8598,48.8495],[9.8675,48.8564],[9.8633,48.8693]]]},"properties":{"AGS":"08136070","GEN":"Täferrot","SN_L":"08"}},
{"type":"Feature","geometry":{"type":"Polygon","coordinates":[[[10.3728,49.0032],[10.3522,49.006],[10.3454,49.0166],[10.3503,49.0284],[10.3296,49.0296],[10.3205,49.0257],[10.3163,49.0207],[10.2898,49.0185],[10.2703,49.0081],[10.2551,48.9987],[10.2549,48.9875],[10.2631,48.9823],[10.2869,48.9882],[10.2995,48.9808],[10.3005,48.97],[10.3357,48.9767],[10.3354,48.9962],[10.3728,48.9859],[10.3818,48.9885],[10.3728,49.0032]]]},"properties":{"AGS":"08136068","GEN":"Stödtlen","SN_L":"08"}},
{"type":"Feature","geometry":{"type":"Polygon","coordinates":[[[10.3818,48.9885],[10.3728,48.9859],[10.3354,48.9962],[10.3357,48.9767],[10.3005,48.97],[10.3037,48.9665],[10.32,48.9606],[10.3311,48.9667],[10.3512,48.9638],[10.403,48.9696],[10.4098,48.9774],[10.4013,48.9862],[10.3818,48.9885]]]},"properties":{"AGS":"08136071","GEN":"Tannhausen","SN_L":"08"}},
{"type":"Feature","geometry":{"type":"Polygon","coordinates":[[[10.403,48.9696],[10.3512,48.9638],[10.3311,48.9667],[10.32,48.9606],[10.3037,48.9665],[10.3034,48.9505],[10.2799,48.9456],[10.2777,48.9288],[10.2871,48.9168],[10.3041,48.9112],[10.3325,48.9109],[10.3587,48.918],[10.3873,48.8974],[10.4248,48.9077],[10.4438,48.9085],[10.4539,48.915],[10.4571,48.9205],[10.4383,48.9326],[10.4441,48.9451],[10.4347,48.9444],[10.4195,48.9592],[10.4037,48.9668],[10.403,48.9696]]]},"properties":{"AGS":"08136075","GEN":"Unterschneidheim","SN_L":"08"}},
{"type":"Feature","geometry":{"type":"Polygon","coordinates":[[[8.2373,48.8137],[8.2122,48.831],[8.1947,48.8344],[8.1786,48.8424],[8.1591,48.8465],[8.1665,48.8352],[8.1859,48.8388],[8.1924,48.8349],[8.1696,48.8204],[8.1638,48.8014],[8.1465,48.79],[8.1548,48.786],[8.1744,48.7837],[8.1853,48.7697],[8.2008,48.762],[8.2022,48.7526],[8.1818,48.7477],[8.1766,48.7412],[8.1584,48.7439],[8.1428,48.7407],[8.1354,48.7278],[8.1469,48.7154],[8.1606,48.7175],[8.1778,48.7116],[8.1928,48.7161],[8.2095,48.7014],[8.2297,48.6904],[8.2295,48.6808],[8.2326,48.6766],[8.2348,48.6707],[8.2343,48.6693],[8.2564,48.669],[8.2753,48.6686],[8.2988,48.6855],[8.2965,48.6934],[8.3135,48.7001],[8.3204,48.7082],[8.3205,48.7102],[8.3206,48.7301],[8.2809,48.7674],[8.288,48.7735],[8.2877,48.7912],[8.2553,48.7983],[8.25,48.8088],[8.2373,48.8137]]]},"properties":{"AGS":"08211000","GEN":"Baden-Baden","SN_L":"08"}},
{"type":"Feature","geometry":{"type":"Polygon","coordinates":[[[8.4356,49.0916],[8.4238,49.0915],[8.4115,49.0814],[8.4088,49.0626],[8.3934,49.0688],[8.3581,49.0711],[8.34,49.0802],[8.3164,49.0605],[8.3041,49.0407],[8.3002,49.0217],[8.2915,49.0036],[8.2876,48.9984],[8.2773,48.9899],[8.2995,48.9909],[8.3118,48.9841],[8.3305,48.9894],[8.3648,48.9755],[8.3782,48.9752],[8.3889,48.9633],[8.4119,48.9601],[8.4394,48.971],[8.4516,48.9633],[8.4441,48.9548],[8.4467,48.9443],[8.4622,48.9408],[8.4869,48.9412],[8.5089,48.9424],[8.526,48.9525],[8.5389,48.9536],[8.5429,48.9599],[8.5095,48.9673],[8.5025,48.9959],[8.5115,48.9988],[8.5209,49.0142],[8.5199,49.031],[8.4909,49.0515],[8.4859,49.0583],[8.4755,49.0417],[8.4495,49.0502],[8.4273,49.0717],[8.4356,49.0916]]]},"properties":{"AGS":"08212000","GEN":"Karlsruhe","SN_L":"08"}},
{"type":"Feature","geometry":{"type":"Polygon","coordinates":[[[8.4467,48.9443],[8.4441,48.9548],[8.4516,48.9633],[8.4394,48.971],[8.4119,48.9601],[8.3889,48.9633],[8.3782,48.9752],[8.3648,48.9755],[8.3572,48.9677],[8.3703,48.9495],[8.3546,48.9349],[8.3501,48.9272],[8.3473,48.9109],[8.3811,48.9036],[8.3901,48.888],[8.4149,48.8778],[8.4486,48.8896],[8.4518,48.9024],[8.4562,48.9167],[8.4467,48.9443]]]},"properties":{"AGS":"08215017","GEN":"Ettlingen","SN_L":"08"}},
{"type":"Feature","geometry":{"type":"Polygon","coordinates":[[[8.4149,48.8778],[8.3901,48.888],[8.3811,48.9036],[8.3473,48.9109],[8.3501,48.9272],[8.3481,48.9235],[8.3151,48.9225],[8.2953,48.9129],[8.2964,48.8936],[8.2883,48.8864],[8.3004,48.8791],[8.3055,48.8627],[8.3549,48.8442],[8.3612,48.8517],[8.3765,48.8554],[8.3896,48.8497],[8.4049,48.8588],[8.4149,48.8778]]]},"properties":{"AGS":"08215046","GEN":"Malsch","SN_L":"08"}},
{"type":"Feature","geometry":{"type":"Polygon","coordinates":[[[8.4486,48.8896],[8.4149,48.8778],[8.4049,48.8588],[8.412,48.8532],[8.4166,48.8354],[8.4347,48.8193],[8.4581,48.8226],[8.4807,48.8185],[8.4936,48.8202],[8.4766,48.8307],[8.4754,48.8402],[8.5019,48.8584],[8.4689,48.8803],[8.4509,48.8821],[8.4486,48.8896]]]},"properties":{"AGS":"08215047","GEN":"Marxzell","SN_L":"08"}},
{"type":"Feature","geometry":{"type":"Polygon","coordinates":[[[8.7361,49.23],[8.7255,49.2374],[8.6908,49.2294],[8.6851,49.1997],[8.7094,49.1943],[8.7177,49.1808],[8.7045,49.1714],[8.7171,49.1729],[8.7242,49.1625],[8.7475,49.153],[8.775,49.1615],[8.792,49.1536],[8.8177,49.1578],[8.8253,49.1907],[8.8182,49.1945],[8.7841,49.198],[8.753,49.2064],[8.7465,49.2239],[8.7361,49.23]]]},"properties":{"AGS":"08215064","GEN":"Östringen","SN_L":"08"}},
{"type":"Feature","geometry":{"type":"Polygon","coordinates":[[[8.5865,49.2037],[8.5819,49.1965],[8.5739,49.1838],[8.6072,49.1741],[8.616,49.1491],[8.641,49.1399],[8.6525,49.1554],[8.675,49.1683],[8.7045,49.1714],[8.7177,49.1808],[8.7094,49.1943],[8.6851,49.1997],[8.6687,49.1943],[8.6314,49.1941],[8.5865,49.2037]]]},"properties":{"AGS":"08215084","GEN":"Ubstadt-Weiher","SN_L":"08"}},
{"type":"Feature","geometry":{"type":"Polygon","coordinates":[[[8.6061,49.0608],[8.5929,49.06],[8.5946,49.0505],[8.5539,49.037],[8.5434,49.0282],[8.5577,49.0089],[8.5961,48.9972],[8.5876,48.9879],[8.5891,48.987],[8.6017,48.9855],[8.6253,48.9935],[8.6478,48.9902],[8.6476,49.0024],[8.6607,49.0076],[8.6433,49.0084],[8.6351,49.0256],[8.6396,49.0311],[8.6257,49.0355],[8.6188,49.0495],[8.6061,49.0608]]]},"properties":{"AGS":"08215089","GEN":"Walzbachtal","SN_L":"08"}},
{"type":"Feature","geometry":{"type":"Polygon","coordinates":[[[8.5929,49.06],[8.5356,49.0755],[8.5265,49.0887],[8.509,49.074],[8.4868,49.0762],[8.4859,49.0583],[8.4909,49.0515],[8.5199,49.031],[8.5434,49.0282],[8.5539,49.037],[8.5946,49.0505],[8.5929,49.06]]]},"properties":{"AGS":"08215090","GEN":"Weingarten (Baden)","SN_L":"08"}},
{"type":"Feature","geometry":{"type":"Polygon","coordinates":[[[8.5398,48.9534],[8.5389,48.9536],[8.526,48.9525],[8.5089,48.9424],[8.4869,48.9412],[8.487,48.9289],[8.4955,48.9219],[8.4775,48.9035],[8.4518,48.9024],[8.4486,48.8896],[8.4509,48.8821],[8.4689,48.8803],[8.5019,48.8584],[8.5172,48.8656],[8.5258,48.8787],[8.5191,48.8838],[8.5181,48.8996],[8.5339,48.9035],[8.5527,48.9201],[8.5541,48.9278],[8.5364,48.9441],[8.5398,48.9534]]]},"properties":{"AGS":"08215096","GEN":"Karlsbad","SN_L":"08"}},
{"type":"Feature","geometry":{"type":"Polygon","coordinates":[[[8.8177,49.1578],[8.792,49.1536],[8.775,49.1615],[8.7475,49.153],[8.7242,49.1625],[8.7171,49.1729],[8.7045,49.1714],[8.675,49.1683],[8.6525,49.1554],[8.641,49.1399],[8.6471,49.1244],[8.6775,49.119],[8.6896,49.1028],[8.6864,49.0937],[8.6998,49.0946],[8.727,49.0881],[8.7501,49.0983],[8.785,49.1097],[8.8054,49.1236],[8.8264,49.1266],[8.8356,49.1485],[8.8279,49.1615],[8.8177,49.1578]]]},"properties":{"AGS":"08215097","GEN":"Kraichtal","SN_L":"08"}},
{"type":"Feature","geometry":{"type":"Polygon","coordinates":[[[8.5434,49.0282],[8.5199,49.031],[8.5209,49.0142],[8.5115,48.9988],[8.5025,48.9959],[8.5095,48.9673],[8.5429,48.9599],[8.5389,48.9536],[8.5398,48.9534],[8.5491,48.9532],[8.5697,48.9774],[8.5769,48.9897],[8.5876,48.9879],[8.5961,48.9972],[8.5577,49.0089],[8.5434,49.0282]]]},"properties":{"AGS":"08215101","GEN":"Pfinztal","SN_L":"08"}},
{"type":"Feature","geometry":{"type":"Polygon","coordinates":[[[8.4405,49.1028],[8.4277,49.107],[8.4165,49.0972],[8.3924,49.1147],[8.3783,49.1176],[8.3674,49.1295],[8.3596,49.1013],[8.3505,49.0889],[8.34,49.0802],[8.3581,49.0711],[8.3934,49.0688],[8.4088,49.0626],[8.4115,49.0814],[8.4238,49.0915],[8.4356,49.0916],[8.4405,49.1028]]]},"properties":{"AGS":"08215102","GEN":"Eggenstein-Leopoldshafen","SN_L":"08"}},
{"type":"Feature","geometry":{"type":"Polygon","coordinates":[[[8.4401,49.1333],[8.3902,49.1559],[8.371,49.1573],[8.3711,49.1452],[8.3674,49.1295],[8.3783,49.1176],[8.3924,49.1147],[8.4165,49.0972],[8.4277,49.107],[8.4405,49.1028],[8.4524,49.1304],[8.4401,49.1333]]]},"properties":{"AGS":"08215105","GEN":"Linkenheim-Hochstetten","SN_L":"08"}},
{"type":"Feature","geometry":{"type":"Polygon","coordinates":[[[8.5985,49.2467],[8.5704,49.255],[8.5615,49.266],[8.5481,49.2697],[8.5434,49.2626],[8.5335,49.2498],[8.5075,49.2567],[8.4777,49.2446],[8.4833,49.2378],[8.4837,49.2213],[8.5002,49.2105],[8.5079,49.1898],[8.5175,49.1914],[8.5322,49.1924],[8.5482,49.2147],[8.5744,49.2084],[8.5831,49.2212],[8.5985,49.2467]]]},"properties":{"AGS":"08215106","GEN":"Waghäusel","SN_L":"08"}},
{"type":"Feature","geometry":{"type":"Polygon","coordinates":[[[8.3648,48.9755],[8.3305,48.9894],[8.3118,48.9841],[8.2995,48.9909],[8.2773,48.9899],[8.2613,48.9809],[8.259,48.9595],[8.2722,48.9533],[8.3108,48.9493],[8.3546,48.9349],[8.3703,48.9495],[8.3572,48.9677],[8.3648,48.9755]]]},"properties":{"AGS":"08215108","GEN":"Rheinstetten","SN_L":"08"}},
{"type":"Feature","geometry":{"type":"Polygon","coordinates":[[[8.5178,49.1155],[8.5185,49.13],[8.5124,49.1399],[8.4954,49.1305],[8.4766,49.1254],[8.4524,49.1304],[8.4405,49.1028],[8.4356,49.0916],[8.4273,49.0717],[8.4495,49.0502],[8.4755,49.0417],[8.4859,49.0583],[8.4868,49.0762],[8.509,49.074],[8.5265,49.0887],[8.5152,49.1029],[8.5178,49.1155]]]},"properties":{"AGS":"08215109","GEN":"Stutensee","SN_L":"08"}},
{"type":"Feature","geometry":{"type":"Polygon","coordinates":[[[8.4869,48.9412],[8.4622,48.9408],[8.4467,48.9443],[8.4562,48.9167],[8.4518,48.9024],[8.4775,48.9035],[8.4955,48.9219],[8.487,48.9289],[8.4869,48.9412]]]},"properties":{"AGS":"08215110","GEN":"Waldbronn","SN_L":"08"}},
{"type":"Feature","geometry":{"type":"Polygon","coordinates":[[[8.5831,49.2212],[8.6171,49.2118],[8.6376,49.2093],[8.6407,49.2305],[8.6144,49.2411],[8.5985,49.2467],[8.5831,49.2212]]]},"properties":{"AGS":"08215039","GEN":"Kronau","SN_L":"08"}},
{"type":"Feature","geometry":{"type":"Polygon","coordinates":[[[8.647,49.2404],[8.6264,49.2435],[8.6144,49.2411],[8.6407,49.2305],[8.6376,49.2093],[8.6171,49.2118],[8.5831,49.2212],[8.5744,49.2084],[8.5865,49.2037],[8.6314,49.1941],[8.6687,49.1943],[8.6851,49.1997],[8.6908,49.2294],[8.6867,49.2293],[8.6593,49.2334],[8.647,49.2404]]]},"properties":{"AGS":"08215100","GEN":"Bad Schönborn","SN_L":"08"}},
{"type":"Feature","geometry":{"type":"Polygon","coordinates":[[[8.7606,49.046],[8.7611,49.0559],[8.7469,49.0646],[8.7623,49.0733],[8.7501,49.0983],[8.727,49.0881],[8.6998,49.0946],[8.6864,49.0937],[8.6563,49.0793],[8.6718,49.0618],[8.6674,49.0463],[8.6464,49.0419],[8.6396,49.0311],[8.6351,49.0256],[8.6433,49.0084],[8.6607,49.0076],[8.6707,48.994],[8.6984,48.9961],[8.7126,48.9886],[8.7346,48.9947],[8.7329,48.9987],[8.7391,49.0018],[8.7298,49.0162],[8.7326,49.0273],[8.7606,49.046]]]},"properties":{"AGS":"08215007","GEN":"Bretten","SN_L":"08"}},
{"type":"Feature","geometry":{"type":"Polygon","coordinates":[[[8.6396,49.0311],[8.6464,49.0419],[8.6674,49.0463],[8.6718,49.0618],[8.6563,49.0793],[8.6335,49.0691],[8.6061,49.0608],[8.6188,49.0495],[8.6257,49.0355],[8.6396,49.0311]]]},"properties":{"AGS":"08215025","GEN":"Gondelsheim","SN_L":"08"}},
{"type":"Feature","geometry":{"type":"MultiPolygon","coordinates":[[[[8.5608,49.1569],[8.5736,49.1765],[8.5739,49.1838],[8.5819,49.1965],[8.5691,49.2003],[8.5602,49.1866],[8.5575,49.1713],[8.5421,49.1764],[8.5175,49.1914],[8.5079,49.1898],[8.5219,49.175],[8.5133,49.161],[8.5334,49.1555],[8.5415,49.1596],[8.5608,49.1569]]],[[[8.616,49.1491],[8.6053,49.1498],[8.5854,49.1399],[8.5756,49.1482],[8.5691,49.1392],[8.5515,49.1374],[8.5432,49.1244],[8.5178,49.1155],[8.5152,49.1029],[8.5265,49.0887],[8.5356,49.0755],[8.5929,49.06],[8.6061,49.0608],[8.6335,49.0691],[8.6563,49.0793],[8.6864,49.0937],[8.6896,49.1028],[8.6775,49.119],[8.6471,49.1244],[8.641,49.1399],[8.616,49.1491]]]]},"properties":{"AGS":"08215009","GEN":"Bruchsal","SN_L":"08"}},
{"type":"Feature","geometry":{"type":"Polygon","coordinates":[[[8.616,49.1491],[8.6072,49.1741],[8.5739,49.1838],[8.5736,49.1765],[8.5608,49.1569],[8.5756,49.1482],[8.5854,49.1399],[8.6053,49.1498],[8.616,49.1491]]]},"properties":{"AGS":"08215021","GEN":"Forst","SN_L":"08"}},
{"type":"Feature","geometry":{"type":"Polygon","coordinates":[[[8.5744,49.2084],[8.5482,49.2147],[8.5322,49.1924],[8.5175,49.1914],[8.5421,49.1764],[8.5575,49.1713],[8.5602,49.1866],[8.5691,49.2003],[8.5819,49.1965],[8.5865,49.2037],[8.5744,49.2084]]]},"properties":{"AGS":"08215029","GEN":"Hambrücken","SN_L":"08"}},
{"type":"Feature","geometry":{"type":"Polygon","coordinates":[[[8.5608,49.1569],[8.5415,49.1596],[8.5334,49.1555],[8.5133,49.161],[8.5047,49.1473],[8.5124,49.1399],[8.5185,49.13],[8.5178,49.1155],[8.5432,49.1244],[8.5515,49.1374],[8.5691,49.1392],[8.5756,49.1482],[8.5608,49.1569]]]},"properties":{"AGS":"08215103","GEN":"Karlsdorf-Neuthard","SN_L":"08"}},
{"type":"Feature","geometry":{"type":"Polygon","coordinates":[[[8.5133,49.161],[8.5219,49.175],[8.5079,49.1898],[8.476,49.1832],[8.4524,49.1632],[8.4423,49.1667],[8.4323,49.143],[8.4401,49.1333],[8.4524,49.1304],[8.4766,49.1254],[8.4954,49.1305],[8.5124,49.1399],[8.5047,49.1473],[8.5133,49.161]]]},"properties":{"AGS":"08215099","GEN":"Graben-Neudorf","SN_L":"08"}},
{"type":"Feature","geometry":{"type":"Polygon","coordinates":[[[8.476,49.1832],[8.4379,49.199],[8.4184,49.1966],[8.4126,49.1895],[8.3812,49.1857],[8.3774,49.1806],[8.3676,49.1642],[8.371,49.1573],[8.3902,49.1559],[8.4401,49.1333],[8.4323,49.143],[8.4423,49.1667],[8.4524,49.1632],[8.476,49.1832]]]},"properties":{"AGS":"08215111","GEN":"Dettenheim","SN_L":"08"}},
{"type":"Feature","geometry":{"type":"Polygon","coordinates":[[[8.8791,49.08],[8.8575,49.091],[8.8359,49.0946],[8.8157,49.0865],[8.8217,49.0696],[8.8356,49.0622],[8.8668,49.0617],[8.8778,49.0585],[8.872,49.0786],[8.8791,49.08]]]},"properties":{"AGS":"08215040","GEN":"Kürnbach","SN_L":"08"}},
{"type":"Feature","geometry":{"type":"Polygon","coordinates":[[[8.8157,49.0865],[8.7939,49.0986],[8.785,49.1097],[8.7501,49.0983],[8.7623,49.0733],[8.7469,49.0646],[8.7611,49.0559],[8.7606,49.046],[8.7967,49.0454],[8.8126,49.0335],[8.8345,49.0377],[8.8356,49.0622],[8.8217,49.0696],[8.8157,49.0865]]]},"properties":{"AGS":"08215059","GEN":"Oberderdingen","SN_L":"08"}},
{"type":"Feature","geometry":{"type":"Polygon","coordinates":[[[8.4777,49.2446],[8.4654,49.2645],[8.4455,49.2669],[8.4131,49.2498],[8.3975,49.242],[8.3858,49.2266],[8.4032,49.2247],[8.3985,49.2077],[8.385,49.1983],[8.3812,49.1857],[8.4126,49.1895],[8.4184,49.1966],[8.4379,49.199],[8.476,49.1832],[8.5079,49.1898],[8.5002,49.2105],[8.4837,49.2213],[8.4833,49.2378],[8.4777,49.2446]]]},"properties":{"AGS":"08215066","GEN":"Philippsburg","SN_L":"08"}},
{"type":"Feature","geometry":{"type":"Polygon","coordinates":[[[8.525,49.2685],[8.5166,49.2781],[8.4873,49.29],[8.467,49.283],[8.4455,49.2669],[8.4654,49.2645],[8.4777,49.2446],[8.5075,49.2567],[8.5335,49.2498],[8.5434,49.2626],[8.525,49.2685]]]},"properties":{"AGS":"08215107","GEN":"Oberhausen-Rheinhausen","SN_L":"08"}},
{"type":"Feature","geometry":{"type":"Polygon","coordinates":[[[8.8915,49.0827],[8.8875,49.1173],[8.8745,49.1289],[8.8285,49.1255],[8.8295,49.0995],[8.8359,49.0946],[8.8575,49.091],[8.8791,49.08],[8.8915,49.0827]]]},"properties":{"AGS":"08215082","GEN":"Sulzfeld","SN_L":"08"}},
{"type":"Feature","geometry":{"type":"Polygon","coordinates":[[[8.8285,49.1255],[8.8264,49.1266],[8.8054,49.1236],[8.785,49.1097],[8.7939,49.0986],[8.8157,49.0865],[8.8359,49.0946],[8.8295,49.0995],[8.8285,49.1255]]]},"properties":{"AGS":"08215094","GEN":"Zaisenhausen","SN_L":"08"}},
{"type":"Feature","geometry":{"type":"MultiPolygon","coordinates":[[[[8.2456,48.6365],[8.2414,48.6461],[8.2308,48.6444],[8.2456,48.6365]]],[[[8.2295,48.6808],[8.2055,48.6916],[8.1983,48.7042],[8.186,48.7099],[8.1757,48.7016],[8.1653,48.6836],[8.1693,48.6687],[8.1838,48.6675],[8.1928,48.6551],[8.225,48.6599],[8.202,48.6688],[8.215,48.6768],[8.2326,48.6766],[8.2295,48.6808]]]]},"properties":{"AGS":"08216008","GEN":"Bühlertal","SN_L":"08"}},
{"type":"Feature","geometry":{"type":"Polygon","coordinates":[[[8.4064,48.7034],[8.3851,48.7084],[8.3724,48.7198],[8.3615,48.7099],[8.3204,48.7082],[8.3135,48.7001],[8.2965,48.6934],[8.2988,48.6855],[8.2753,48.6686],[8.2564,48.669],[8.2401,48.6566],[8.2414,48.6461],[8.2456,48.6365],[8.2555,48.6259],[8.2419,48.6234],[8.2329,48.6111],[8.222,48.6032],[8.2441,48.5984],[8.2589,48.5897],[8.2915,48.5867],[8.3188,48.5886],[8.3583,48.6009],[8.3493,48.6083],[8.3828,48.6197],[8.3859,48.6321],[8.4093,48.6395],[8.4171,48.6463],[8.4354,48.6511],[8.4307,48.6602],[8.4199,48.6642],[8.4106,48.6827],[8.4064,48.7034]]]},"properties":{"AGS":"08216013","GEN":"Forbach","SN_L":"08"}},
{"type":"Feature","geometry":{"type":"Polygon","coordinates":[[[8.4049,48.8588],[8.3896,48.8497],[8.3765,48.8554],[8.3612,48.8517],[8.3549,48.8442],[8.3055,48.8627],[8.2936,48.8495],[8.285,48.8477],[8.3039,48.8402],[8.2855,48.8287],[8.2954,48.8214],[8.2999,48.8081],[8.2877,48.7912],[8.288,48.7735],[8.3177,48.7707],[8.3345,48.78],[8.3462,48.776],[8.3801,48.7868],[8.3905,48.8039],[8.4085,48.8089],[8.4042,48.8223],[8.3794,48.8309],[8.3817,48.8335],[8.4039,48.8305],[8.4166,48.8354],[8.412,48.8532],[8.4049,48.8588]]]},"properties":{"AGS":"08216015","GEN":"Gaggenau","SN_L":"08"}},
{"type":"Feature","geometry":{"type":"Polygon","coordinates":[[[8.285,48.8477],[8.2695,48.8522],[8.2652,48.8332],[8.2855,48.8287],[8.3039,48.8402],[8.285,48.8477]]]},"properties":{"AGS":"08216006","GEN":"Bischweier","SN_L":"08"}},
{"type":"Feature","geometry":{"type":"Polygon","coordinates":[[[8.2855,48.8287],[8.2652,48.8332],[8.2695,48.8522],[8.2658,48.8566],[8.2581,48.8461],[8.238,48.8497],[8.2343,48.8379],[8.2461,48.8333],[8.2496,48.8235],[8.2373,48.8137],[8.25,48.8088],[8.2553,48.7983],[8.2877,48.7912],[8.2999,48.8081],[8.2954,48.8214],[8.2855,48.8287]]]},"properties":{"AGS":"08216024","GEN":"Kuppenheim","SN_L":"08"}},
{"type":"Feature","geometry":{"type":"Polygon","coordinates":[[[8.1428,48.7407],[8.1381,48.7524],[8.1272,48.7552],[8.1213,48.757],[8.1048,48.7446],[8.0827,48.7398],[8.0729,48.7292],[8.0455,48.7251],[8.0357,48.7196],[8.0422,48.7042],[8.0397,48.6979],[8.0389,48.6959],[8.0429,48.6953],[8.0572,48.7065],[8.067,48.7125],[8.076,48.7067],[8.0787,48.691],[8.089,48.6868],[8.1022,48.6925],[8.1438,48.6665],[8.1396,48.6569],[8.1567,48.6492],[8.1618,48.6403],[8.1806,48.64],[8.1997,48.6284],[8.2026,48.63],[8.2287,48.6311],[8.2139,48.6328],[8.2186,48.6429],[8.2308,48.6444],[8.2414,48.6461],[8.2401,48.6566],[8.2564,48.669],[8.2343,48.6693],[8.2348,48.6707],[8.2326,48.6766],[8.215,48.6768],[8.202,48.6688],[8.225,48.6599],[8.1928,48.6551],[8.1838,48.6675],[8.1693,48.6687],[8.1653,48.6836],[8.1757,48.7016],[8.186,48.7099],[8.1983,48.7042],[8.2055,48.6916],[8.2295,48.6808],[8.2297,48.6904],[8.2095,48.7014],[8.1928,48.7161],[8.1778,48.7116],[8.1606,48.7175],[8.1469,48.7154],[8.1354,48.7278],[8.1428,48.7407]]]},"properties":{"AGS":"08216007","GEN":"Bühl","SN_L":"08"}},
{"type":"Feature","geometry":{"type":"MultiPolygon","coordinates":[[[[8.2308,48.6444],[8.2186,48.6429],[8.2139,48.6328],[8.2287,48.6311],[8.2419,48.6234],[8.2555,48.6259],[8.2456,48.6365],[8.2308,48.6444]]],[[[8.1396,48.6569],[8.1438,48.6665],[8.1022,48.6925],[8.089,48.6868],[8.0787,48.691],[8.076,48.7067],[8.067,48.7125],[8.0631,48.7058],[8.0429,48.6953],[8.0389,48.6959],[8.0314,48.6894],[8.0301,48.6825],[8.0629,48.6717],[8.0732,48.6719],[8.1036,48.6549],[8.1144,48.6502],[8.1396,48.6569]]]]},"properties":{"AGS":"08216041","GEN":"Ottersweier","SN_L":"08"}},
{"type":"Feature","geometry":{"type":"Polygon","coordinates":[[[8.2722,48.9533],[8.259,48.9595],[8.2613,48.9809],[8.2326,48.9666],[8.2029,48.9598],[8.1874,48.9454],[8.2295,48.9385],[8.2494,48.9433],[8.2722,48.9533]]]},"properties":{"AGS":"08216002","GEN":"Au am Rhein","SN_L":"08"}},
{"type":"Feature","geometry":{"type":"Polygon","coordinates":[[[8.2953,48.9129],[8.2832,48.9085],[8.2375,48.9253],[8.2288,48.9161],[8.2252,48.9052],[8.238,48.9015],[8.2702,48.8843],[8.2716,48.8808],[8.2883,48.8864],[8.2964,48.8936],[8.2953,48.9129]]]},"properties":{"AGS":"08216005","GEN":"Bietigheim","SN_L":"08"}},
{"type":"Feature","geometry":{"type":"Polygon","coordinates":[[[8.3546,48.9349],[8.3108,48.9493],[8.2722,48.9533],[8.2494,48.9433],[8.2295,48.9385],[8.2375,48.9253],[8.2832,48.9085],[8.2953,48.9129],[8.3151,48.9225],[8.3481,48.9235],[8.3501,48.9272],[8.3546,48.9349]]]},"properties":{"AGS":"08216009","GEN":"Durmersheim","SN_L":"08"}},
{"type":"Feature","geometry":{"type":"Polygon","coordinates":[[[8.2295,48.9385],[8.1874,48.9454],[8.1695,48.9255],[8.1833,48.9231],[8.2019,48.9265],[8.2288,48.9161],[8.2375,48.9253],[8.2295,48.9385]]]},"properties":{"AGS":"08216012","GEN":"Elchesheim-Illingen","SN_L":"08"}},
{"type":"Feature","geometry":{"type":"Polygon","coordinates":[[[8.4217,48.7437],[8.4034,48.7587],[8.3871,48.7602],[8.3718,48.7776],[8.3801,48.7868],[8.3462,48.776],[8.3345,48.78],[8.3177,48.7707],[8.288,48.7735],[8.2809,48.7674],[8.3206,48.7301],[8.3205,48.7102],[8.3232,48.7173],[8.3486,48.7343],[8.3787,48.7279],[8.3806,48.7224],[8.4064,48.7034],[8.4106,48.6827],[8.4199,48.6642],[8.4307,48.6602],[8.4454,48.6661],[8.4475,48.6868],[8.4588,48.6975],[8.4583,48.7171],[8.4718,48.7197],[8.4846,48.7567],[8.4652,48.7643],[8.4429,48.7571],[8.4217,48.7437]]]},"properties":{"AGS":"08216017","GEN":"Gernsbach","SN_L":"08"}},
{"type":"Feature","geometry":{"type":"Polygon","coordinates":[[[8.4217,48.7437],[8.4209,48.7544],[8.4335,48.7703],[8.4157,48.7928],[8.3905,48.8039],[8.3801,48.7868],[8.3718,48.7776],[8.3871,48.7602],[8.4034,48.7587],[8.4217,48.7437]]]},"properties":{"AGS":"08216029","GEN":"Loffenau","SN_L":"08"}},
{"type":"Feature","geometry":{"type":"Polygon","coordinates":[[[8.4064,48.7034],[8.3806,48.7224],[8.3787,48.7279],[8.3486,48.7343],[8.3232,48.7173],[8.3205,48.7102],[8.3204,48.7082],[8.3615,48.7099],[8.3724,48.7198],[8.3851,48.7084],[8.4064,48.7034]]]},"properties":{"AGS":"08216059","GEN":"Weisenbach","SN_L":"08"}},
{"type":"Feature","geometry":{"type":"Polygon","coordinates":[[[8.1591,48.8465],[8.1418,48.8306],[8.1157,48.8526],[8.1059,48.8266],[8.1465,48.79],[8.1638,48.8014],[8.1696,48.8204],[8.1924,48.8349],[8.1859,48.8388],[8.1665,48.8352],[8.1591,48.8465]]]},"properties":{"AGS":"08216023","GEN":"Iffezheim","SN_L":"08"}},
{"type":"Feature","geometry":{"type":"Polygon","coordinates":[[[8.3055,48.8627],[8.3004,48.8791],[8.2883,48.8864],[8.2716,48.8808],[8.2511,48.8657],[8.2658,48.8566],[8.2695,48.8522],[8.285,48.8477],[8.2936,48.8495],[8.3055,48.8627]]]},"properties":{"AGS":"08216033","GEN":"Muggensturm","SN_L":"08"}},
{"type":"Feature","geometry":{"type":"Polygon","coordinates":[[[8.2252,48.9052],[8.2072,48.8963],[8.2103,48.8872],[8.2225,48.8868],[8.236,48.8701],[8.2467,48.8655],[8.2511,48.8657],[8.2716,48.8808],[8.2702,48.8843],[8.238,48.9015],[8.2252,48.9052]]]},"properties":{"AGS":"08216039","GEN":"Ötigheim","SN_L":"08"}},
{"type":"Feature","geometry":{"type":"Polygon","coordinates":[[[8.2103,48.8872],[8.1948,48.8898],[8.1662,48.9107],[8.1639,48.92],[8.1466,48.9023],[8.1276,48.8761],[8.1157,48.8526],[8.1418,48.8306],[8.1591,48.8465],[8.1786,48.8424],[8.1947,48.8344],[8.2122,48.831],[8.2373,48.8137],[8.2496,48.8235],[8.2461,48.8333],[8.2343,48.8379],[8.238,48.8497],[8.2581,48.8461],[8.2658,48.8566],[8.2511,48.8657],[8.2467,48.8655],[8.236,48.8701],[8.2225,48.8868],[8.2103,48.8872]]]},"properties":{"AGS":"08216043","GEN":"Rastatt","SN_L":"08"}},
{"type":"Feature","geometry":{"type":"Polygon","coordinates":[[[8.2288,48.9161],[8.2019,48.9265],[8.1833,48.9231],[8.1695,48.9255],[8.1639,48.92],[8.1662,48.9107],[8.1948,48.8898],[8.2103,48.8872],[8.2072,48.8963],[8.2252,48.9052],[8.2288,48.9161]]]},"properties":{"AGS":"08216052","GEN":"Steinmauern","SN_L":"08"}},
{"type":"Feature","geometry":{"type":"Polygon","coordinates":[[[8.0357,48.7196],[8.0304,48.7346],[8.0093,48.7417],[8.0024,48.7391],[7.9768,48.7478],[7.9689,48.7537],[7.967,48.7263],[7.9596,48.7186],[7.9701,48.717],[7.9914,48.7052],[7.9772,48.698],[7.9819,48.6872],[8.0203,48.6866],[8.0233,48.6916],[8.0248,48.6929],[8.0314,48.6894],[8.0389,48.6959],[8.0397,48.6979],[8.0422,48.7042],[8.0357,48.7196]]]},"properties":{"AGS":"08216028","GEN":"Lichtenau","SN_L":"08"}},
{"type":"Feature","geometry":{"type":"MultiPolygon","coordinates":[[[[8.0189,48.6806],[8.0301,48.6825],[8.0314,48.6894],[8.0248,48.6929],[8.0233,48.6916],[8.0203,48.6866],[8.0189,48.6806]]],[[[8.1063,48.7762],[8.0907,48.7877],[8.0841,48.7998],[8.0589,48.7889],[8.0416,48.7908],[8.0258,48.7822],[8.0236,48.7697],[8.0078,48.7592],[7.9804,48.7609],[7.9689,48.7537],[7.9768,48.7478],[8.0024,48.7391],[8.0093,48.7417],[8.0304,48.7346],[8.0357,48.7196],[8.0455,48.7251],[8.0729,48.7292],[8.0827,48.7398],[8.0753,48.7497],[8.0878,48.757],[8.0932,48.7688],[8.1063,48.7762]]]]},"properties":{"AGS":"08216063","GEN":"Rheinmünster","SN_L":"08"}},
{"type":"Feature","geometry":{"type":"Polygon","coordinates":[[[8.1548,48.786],[8.1465,48.79],[8.1059,48.8266],[8.1012,48.8159],[8.0841,48.7998],[8.0907,48.7877],[8.1063,48.7762],[8.1096,48.7732],[8.1203,48.7709],[8.1548,48.786]]]},"properties":{"AGS":"08216022","GEN":"Hügelsheim","SN_L":"08"}},
{"type":"Feature","geometry":{"type":"Polygon","coordinates":[[[8.1428,48.7407],[8.1584,48.7439],[8.1766,48.7412],[8.1818,48.7477],[8.2022,48.7526],[8.2008,48.762],[8.1853,48.7697],[8.1744,48.7837],[8.1548,48.786],[8.1203,48.7709],[8.1096,48.7732],[8.1063,48.7762],[8.0932,48.7688],[8.0878,48.757],[8.0753,48.7497],[8.0827,48.7398],[8.1048,48.7446],[8.1213,48.757],[8.1272,48.7552],[8.1381,48.7524],[8.1428,48.7407]]]},"properties":{"AGS":"08216049","GEN":"Sinzheim","SN_L":"08"}},
{"type":"Feature","geometry":{"type":"Polygon","coordinates":[[[8.7529,49.4593],[8.7416,49.4575],[8.7446,49.4502],[8.7095,49.4478],[8.6463,49.4371],[8.6286,49.443],[8.6102,49.4247],[8.5922,49.4294],[8.5829,49.4265],[8.5735,49.4158],[8.5831,49.4109],[8.6116,49.4054],[8.6314,49.4141],[8.6363,49.3924],[8.6176,49.3794],[8.6073,49.377],[8.6078,49.365],[8.634,49.3524],[8.6403,49.3699],[8.6567,49.3624],[8.662,49.3543],[8.6764,49.3602],[8.7079,49.357],[8.7258,49.3604],[8.7256,49.3701],[8.7484,49.3735],[8.755,49.3774],[8.7736,49.3897],[8.7779,49.4024],[8.7932,49.4105],[8.787,49.4326],[8.7665,49.4374],[8.7679,49.4543],[8.7529,49.4593]]]},"properties":{"AGS":"08221000","GEN":"Heidelberg","SN_L":"08"}},
{"type":"Feature","geometry":{"type":"Polygon","coordinates":[[[8.495,49.573],[8.4643,49.5895],[8.4405,49.5894],[8.4224,49.5834],[8.4227,49.5742],[8.4146,49.562],[8.4231,49.5418],[8.4453,49.4895],[8.4629,49.4729],[8.4473,49.461],[8.4427,49.4502],[8.4555,49.4438],[8.4725,49.4435],[8.4989,49.4427],[8.508,49.4311],[8.4973,49.4113],[8.5034,49.411],[8.5388,49.412],[8.5451,49.4174],[8.5697,49.4165],[8.5735,49.4158],[8.5829,49.4265],[8.5876,49.4336],[8.5773,49.4436],[8.5851,49.4604],[8.5699,49.4631],[8.5615,49.4723],[8.5466,49.4774],[8.5559,49.4907],[8.5747,49.4937],[8.5877,49.5018],[8.5814,49.5198],[8.5669,49.5191],[8.5416,49.5286],[8.5263,49.548],[8.495,49.573]]]},"properties":{"AGS":"08222000","GEN":"Mannheim","SN_L":"08"}},
{"type":"Feature","geometry":{"type":"Polygon","coordinates":[[[9.4287,49.4992],[9.4119,49.5169],[9.4124,49.5358],[9.397,49.5513],[9.364,49.5497],[9.3482,49.564],[9.3229,49.5813],[9.3036,49.5901],[9.2994,49.5746],[9.2833,49.5707],[9.259,49.5933],[9.2387,49.5813],[9.2428,49.5747],[9.262,49.5709],[9.2737,49.5641],[9.253,49.5528],[9.2649,49.5306],[9.2566,49.5165],[9.2325,49.514],[9.2325,49.4978],[9.2246,49.4903],[9.2422,49.4813],[9.2562,49.4622],[9.2733,49.4571],[9.2977,49.4569],[9.3128,49.4518],[9.3409,49.4611],[9.3498,49.4676],[9.3855,49.4702],[9.3858,49.4802],[9.4265,49.4858],[9.4287,49.4992]]]},"properties":{"AGS":"08225014","GEN":"Buchen (Odenwald)","SN_L":"08"}},
{"type":"Feature","geometry":{"type":"Polygon","coordinates":[[[9.2325,49.4978],[9.2325,49.514],[9.2566,49.5165],[9.2649,49.5306],[9.253,49.5528],[9.2737,49.5641],[9.262,49.5709],[9.2428,49.5747],[9.2387,49.5813],[9.2329,49.581],[9.2244,49.5792],[9.2137,49.5765],[9.1589,49.5796],[9.1205,49.5736],[9.103,49.5775],[9.0989,49.5606],[9.0882,49.5487],[9.0932,49.5419],[9.115,49.5339],[9.1265,49.5216],[9.1076,49.5099],[9.0996,49.5262],[9.0839,49.5263],[9.0702,49.5087],[9.0862,49.5001],[9.1119,49.4886],[9.1436,49.4917],[9.1539,49.4879],[9.1749,49.49],[9.212,49.5011],[9.2325,49.4978]]]},"properties":{"AGS":"08225060","GEN":"Mudau","SN_L":"08"}},
{"type":"Feature","geometry":{"type":"Polygon","coordinates":[[[9.539,49.6398],[9.526,49.6354],[9.4877,49.6445],[9.4766,49.6424],[9.4503,49.6495],[9.4516,49.656],[9.4288,49.6578],[9.4109,49.6635],[9.4195,49.6589],[9.4077,49.6467],[9.3836,49.6428],[9.398,49.6318],[9.4026,49.6198],[9.4242,49.617],[9.4431,49.6106],[9.4538,49.598],[9.4488,49.5839],[9.4557,49.5749],[9.4677,49.5731],[9.4667,49.5529],[9.4529,49.5482],[9.471,49.5367],[9.4939,49.5148],[9.4876,49.5083],[9.495,49.5025],[9.5058,49.5014],[9.5243,49.5115],[9.5444,49.5303],[9.5235,49.5361],[9.5163,49.5557],[9.5037,49.5724],[9.4994,49.5874],[9.5116,49.6022],[9.53,49.5971],[9.5402,49.6026],[9.5372,49.6157],[9.5516,49.6216],[9.539,49.6398]]]},"properties":{"AGS":"08225032","GEN":"Hardheim","SN_L":"08"}},
{"type":"Feature","geometry":{"type":"Polygon","coordinates":[[[9.4026,49.6198],[9.3851,49.6149],[9.378,49.6007],[9.3988,49.5962],[9.4152,49.5731],[9.4051,49.5579],[9.4107,49.5489],[9.4434,49.546],[9.4529,49.5482],[9.4667,49.5529],[9.4677,49.5731],[9.4557,49.5749],[9.4488,49.5839],[9.4538,49.598],[9.4431,49.6106],[9.4242,49.617],[9.4026,49.6198]]]},"properties":{"AGS":"08225039","GEN":"Höpfingen","SN_L":"08"}},
{"type":"Feature","geometry":{"type":"Polygon","coordinates":[[[9.3836,49.6428],[9.3681,49.655],[9.3369,49.6443],[9.3105,49.654],[9.3041,49.6549],[9.2993,49.6486],[9.2898,49.6429],[9.2875,49.6385],[9.2783,49.6376],[9.2744,49.6251],[9.285,49.6148],[9.268,49.6089],[9.259,49.5933],[9.2833,49.5707],[9.2994,49.5746],[9.3036,49.5901],[9.3229,49.5813],[9.3482,49.564],[9.364,49.5497],[9.397,49.5513],[9.4124,49.5358],[9.4119,49.5169],[9.4287,49.4992],[9.4775,49.5105],[9.4876,49.5083],[9.4939,49.5148],[9.471,49.5367],[9.4529,49.5482],[9.4434,49.546],[9.4107,49.5489],[9.4051,49.5579],[9.4152,49.5731],[9.3988,49.5962],[9.378,49.6007],[9.3851,49.6149],[9.4026,49.6198],[9.398,49.6318],[9.3836,49.6428]]]},"properties":{"AGS":"08225109","GEN":"Walldürn","SN_L":"08"}},
{"type":"Feature","geometry":{"type":"Polygon","coordinates":[[[9.0994,49.3303],[9.0831,49.3367],[9.0741,49.3236],[9.0785,49.318],[9.1057,49.3101],[9.1056,49.2829],[9.1144,49.2779],[9.1151,49.2724],[9.1507,49.274],[9.1513,49.2857],[9.1431,49.2928],[9.1587,49.3018],[9.1549,49.3099],[9.1143,49.3211],[9.0994,49.3303]]]},"properties":{"AGS":"08225033","GEN":"Haßmersheim","SN_L":"08"}},
{"type":"Feature","geometry":{"type":"Polygon","coordinates":[[[9.1144,49.2779],[9.1056,49.2829],[9.1057,49.3101],[9.0785,49.318],[9.0741,49.3236],[9.0508,49.3219],[9.0427,49.3157],[9.0565,49.3055],[9.0491,49.2929],[9.0502,49.2865],[9.0687,49.279],[9.1144,49.2779]]]},"properties":{"AGS":"08225042","GEN":"Hüffenhardt","SN_L":"08"}},
{"type":"Feature","geometry":{"type":"Polygon","coordinates":[[[8.9996,49.3764],[8.9895,49.3664],[8.9773,49.3653],[8.9652,49.3872],[8.95,49.3952],[8.938,49.3881],[8.9428,49.372],[8.9524,49.3708],[8.9701,49.351],[8.9657,49.3472],[8.9785,49.3399],[8.9902,49.3427],[9.0118,49.3355],[9.0193,49.3459],[9.0357,49.3526],[9.0431,49.3712],[9.0334,49.3775],[8.9996,49.3764]]]},"properties":{"AGS":"08225002","GEN":"Aglasterhausen","SN_L":"08"}},
{"type":"Feature","geometry":{"type":"Polygon","coordinates":[[[9.011,49.4143],[8.9906,49.4239],[8.9845,49.4171],[8.9894,49.4004],[8.9997,49.3888],[8.9996,49.3764],[9.0334,49.3775],[9.0431,49.3712],[9.0449,49.3742],[9.0388,49.3799],[9.044,49.3929],[9.0683,49.3947],[9.0592,49.4036],[9.0427,49.4049],[9.0167,49.4089],[9.011,49.4143]]]},"properties":{"AGS":"08225068","GEN":"Neunkirchen","SN_L":"08"}},
{"type":"Feature","geometry":{"type":"Polygon","coordinates":[[[8.9996,49.3764],[8.9997,49.3888],[8.9894,49.4004],[8.978,49.3942],[8.9642,49.3979],[8.95,49.3952],[8.9652,49.3872],[8.9773,49.3653],[8.9895,49.3664],[8.9996,49.3764]]]},"properties":{"AGS":"08225116","GEN":"Schwarzach","SN_L":"08"}},
{"type":"Feature","geometry":{"type":"Polygon","coordinates":[[[9.1834,49.4458],[9.1593,49.4689],[9.1363,49.4605],[9.1515,49.4505],[9.1513,49.4435],[9.13,49.4252],[9.1444,49.4224],[9.1524,49.4138],[9.1837,49.4183],[9.1944,49.4368],[9.1834,49.4458]]]},"properties":{"AGS":"08225024","GEN":"Fahrenbach","SN_L":"08"}},
{"type":"Feature","geometry":{"type":"Polygon","coordinates":[[[9.2325,49.4978],[9.212,49.5011],[9.1749,49.49],[9.1539,49.4879],[9.1436,49.4917],[9.1119,49.4886],[9.1091,49.4784],[9.1204,49.4753],[9.1303,49.4609],[9.1363,49.4605],[9.1593,49.4689],[9.1834,49.4458],[9.2141,49.4454],[9.2239,49.4425],[9.2308,49.4309],[9.2575,49.4363],[9.2578,49.4368],[9.2626,49.4542],[9.2562,49.4622],[9.2422,49.4813],[9.2246,49.4903],[9.2325,49.4978]]]},"properties":{"AGS":"08225052","GEN":"Limbach","SN_L":"08"}},
{"type":"Feature","geometry":{"type":"Polygon","coordinates":[[[9.1303,49.4609],[9.1204,49.4558],[9.1262,49.441],[9.1189,49.4323],[9.0973,49.4207],[9.0876,49.3982],[9.1012,49.3845],[9.1001,49.3754],[9.0877,49.3673],[9.103,49.3593],[9.0994,49.3303],[9.1143,49.3211],[9.1387,49.3312],[9.1675,49.3394],[9.1789,49.3375],[9.1978,49.3423],[9.1908,49.3538],[9.178,49.3567],[9.1645,49.3693],[9.1585,49.3856],[9.1589,49.4047],[9.1788,49.4024],[9.1837,49.4183],[9.1524,49.4138],[9.1444,49.4224],[9.13,49.4252],[9.1513,49.4435],[9.1515,49.4505],[9.1363,49.4605],[9.1303,49.4609]]]},"properties":{"AGS":"08225058","GEN":"Mosbach","SN_L":"08"}},
{"type":"Feature","geometry":{"type":"Polygon","coordinates":[[[9.1789,49.3375],[9.1675,49.3394],[9.1387,49.3312],[9.1143,49.3211],[9.1549,49.3099],[9.1625,49.3286],[9.1734,49.3235],[9.1871,49.3258],[9.1789,49.3375]]]},"properties":{"AGS":"08225067","GEN":"Neckarzimmern","SN_L":"08"}},
{"type":"Feature","geometry":{"type":"Polygon","coordinates":[[[9.0877,49.3673],[9.0589,49.364],[9.0555,49.3728],[9.0449,49.3742],[9.0431,49.3712],[9.0357,49.3526],[9.0193,49.3459],[9.0118,49.3355],[9.0339,49.3202],[9.0508,49.3219],[9.0741,49.3236],[9.0831,49.3367],[9.0994,49.3303],[9.103,49.3593],[9.0877,49.3673]]]},"properties":{"AGS":"08225074","GEN":"Obrigheim","SN_L":"08"}},
{"type":"Feature","geometry":{"type":"Polygon","coordinates":[[[9.2575,49.4363],[9.2308,49.4309],[9.2239,49.4425],[9.2141,49.4454],[9.1834,49.4458],[9.1944,49.4368],[9.1837,49.4183],[9.1788,49.4024],[9.1589,49.4047],[9.1585,49.3856],[9.1645,49.3693],[9.178,49.3567],[9.1908,49.3538],[9.2261,49.3656],[9.2372,49.3771],[9.2342,49.3844],[9.2516,49.4069],[9.2575,49.4363]]]},"properties":{"AGS":"08225117","GEN":"Elztal","SN_L":"08"}},
{"type":"Feature","geometry":{"type":"Polygon","coordinates":[[[9.1012,49.3845],[9.0741,49.3833],[9.0555,49.3728],[9.0589,49.364],[9.0877,49.3673],[9.1001,49.3754],[9.1012,49.3845]]]},"properties":{"AGS":"08225010","GEN":"Binau","SN_L":"08"}},
{"type":"Feature","geometry":{"type":"Polygon","coordinates":[[[9.0973,49.4207],[9.0702,49.4226],[9.0514,49.4151],[9.0427,49.4049],[9.0592,49.4036],[9.0683,49.3947],[9.044,49.3929],[9.0388,49.3799],[9.0449,49.3742],[9.0555,49.3728],[9.0741,49.3833],[9.1012,49.3845],[9.0876,49.3982],[9.0973,49.4207]]]},"properties":{"AGS":"08225064","GEN":"Neckargerach","SN_L":"08"}},
{"type":"Feature","geometry":{"type":"Polygon","coordinates":[[[9.0514,49.4151],[9.0413,49.4281],[9.0223,49.4232],[9.011,49.4143],[9.0167,49.4089],[9.0427,49.4049],[9.0514,49.4151]]]},"properties":{"AGS":"08225113","GEN":"Zwingenberg","SN_L":"08"}},
{"type":"Feature","geometry":{"type":"Polygon","coordinates":[[[9.1119,49.4886],[9.0862,49.5001],[9.0433,49.4751],[9.0247,49.4715],[9.0485,49.4454],[9.0193,49.4264],[9.0223,49.4232],[9.0413,49.4281],[9.0514,49.4151],[9.0702,49.4226],[9.0973,49.4207],[9.1189,49.4323],[9.1262,49.441],[9.1204,49.4558],[9.1303,49.4609],[9.1204,49.4753],[9.1091,49.4784],[9.1119,49.4886]]]},"properties":{"AGS":"08225118","GEN":"Waldbrunn","SN_L":"08"}},
{"type":"Feature","geometry":{"type":"Polygon","coordinates":[[[9.4779,49.4234],[9.4728,49.4313],[9.4429,49.4513],[9.4359,49.4623],[9.4409,49.4728],[9.4265,49.4858],[9.3858,49.4802],[9.3855,49.4702],[9.3498,49.4676],[9.3409,49.4611],[9.3444,49.4495],[9.3629,49.4379],[9.3885,49.4366],[9.3902,49.4197],[9.4063,49.4231],[9.4167,49.4129],[9.4273,49.4133],[9.4376,49.4017],[9.4477,49.405],[9.4724,49.4159],[9.4779,49.4234]]]},"properties":{"AGS":"08225075","GEN":"Osterburken","SN_L":"08"}},
{"type":"Feature","geometry":{"type":"Polygon","coordinates":[[[9.495,49.5025],[9.4876,49.5083],[9.4775,49.5105],[9.4287,49.4992],[9.4265,49.4858],[9.4409,49.4728],[9.4359,49.4623],[9.4429,49.4513],[9.4728,49.4313],[9.4779,49.4234],[9.5103,49.4393],[9.5065,49.4585],[9.5129,49.48],[9.4916,49.4879],[9.495,49.5025]]]},"properties":{"AGS":"08225082","GEN":"Rosenberg","SN_L":"08"}},
{"type":"Feature","geometry":{"type":"Polygon","coordinates":[[[9.5897,49.4396],[9.5416,49.4492],[9.5103,49.4393],[9.4779,49.4234],[9.4724,49.4159],[9.4477,49.405],[9.4647,49.3969],[9.4755,49.3852],[9.513,49.3754],[9.5201,49.381],[9.5731,49.377],[9.5751,49.3849],[9.5889,49.3933],[9.571,49.417],[9.6038,49.4266],[9.5897,49.4396]]]},"properties":{"AGS":"08225114","GEN":"Ravenstein","SN_L":"08"}},
{"type":"Feature","geometry":{"type":"Polygon","coordinates":[[[9.309,49.3716],[9.2686,49.379],[9.2372,49.3771],[9.2261,49.3656],[9.1908,49.3538],[9.1978,49.3423],[9.1789,49.3375],[9.1871,49.3258],[9.2058,49.324],[9.2208,49.3077],[9.2308,49.31],[9.2419,49.2973],[9.2619,49.3062],[9.2691,49.3303],[9.2875,49.3299],[9.2947,49.3475],[9.3153,49.3571],[9.309,49.3716]]]},"properties":{"AGS":"08225009","GEN":"Billigheim","SN_L":"08"}},
{"type":"Feature","geometry":{"type":"Polygon","coordinates":[[[9.3445,49.409],[9.3022,49.4338],[9.2578,49.4368],[9.2575,49.4363],[9.2516,49.4069],[9.2342,49.3844],[9.2372,49.3771],[9.2686,49.379],[9.309,49.3716],[9.3175,49.3842],[9.3284,49.3875],[9.3445,49.409]]]},"properties":{"AGS":"08225115","GEN":"Schefflenz","SN_L":"08"}},
{"type":"Feature","geometry":{"type":"Polygon","coordinates":[[[9.4477,49.405],[9.4376,49.4017],[9.4273,49.4133],[9.4167,49.4129],[9.4063,49.4231],[9.3902,49.4197],[9.3494,49.417],[9.3445,49.409],[9.3284,49.3875],[9.3387,49.3847],[9.3605,49.3665],[9.3754,49.3633],[9.3989,49.3664],[9.4157,49.3591],[9.4269,49.3571],[9.4435,49.3643],[9.4508,49.3766],[9.4463,49.3907],[9.4647,49.3969],[9.4477,49.405]]]},"properties":{"AGS":"08225001","GEN":"Adelsheim","SN_L":"08"}},
{"type":"Feature","geometry":{"type":"Polygon","coordinates":[[[9.3409,49.4611],[9.3128,49.4518],[9.2977,49.4569],[9.2733,49.4571],[9.2562,49.4622],[9.2626,49.4542],[9.2578,49.4368],[9.3022,49.4338],[9.3445,49.409],[9.3494,49.417],[9.3902,49.4197],[9.3885,49.4366],[9.3629,49.4379],[9.3444,49.4495],[9.3409,49.4611]]]},"properties":{"AGS":"08225091","GEN":"Seckach","SN_L":"08"}},
{"type":"Feature","geometry":{"type":"Polygon","coordinates":[[[8.5388,49.412],[8.5034,49.411],[8.4967,49.4095],[8.4965,49.4081],[8.4962,49.4066],[8.5013,49.4028],[8.5188,49.4041],[8.5313,49.3956],[8.5215,49.3883],[8.5098,49.3929],[8.4962,49.4021],[8.4654,49.3873],[8.4635,49.378],[8.4782,49.3751],[8.5004,49.389],[8.5396,49.386],[8.5414,49.3947],[8.5388,49.412]]]},"properties":{"AGS":"08226009","GEN":"Brühl","SN_L":"08"}},
{"type":"Feature","geometry":{"type":"Polygon","coordinates":[[[8.7416,49.4575],[8.7163,49.455],[8.7004,49.4667],[8.6807,49.4635],[8.663,49.4554],[8.6475,49.4623],[8.643,49.4547],[8.6202,49.4448],[8.6286,49.443],[8.6463,49.4371],[8.7095,49.4478],[8.7446,49.4502],[8.7416,49.4575]]]},"properties":{"AGS":"08226012","GEN":"Dossenheim","SN_L":"08"}},
{"type":"Feature","geometry":{"type":"Polygon","coordinates":[[[8.6176,49.3794],[8.6363,49.3924],[8.6314,49.4141],[8.6116,49.4054],[8.6176,49.3794]]]},"properties":{"AGS":"08226018","GEN":"Eppelheim","SN_L":"08"}},
{"type":"Feature","geometry":{"type":"Polygon","coordinates":[[[8.6406,49.5259],[8.6329,49.527],[8.6249,49.5416],[8.6166,49.5414],[8.5814,49.5198],[8.5877,49.5018],[8.5747,49.4937],[8.5766,49.4932],[8.6007,49.4996],[8.6261,49.5004],[8.6415,49.5169],[8.6406,49.5259]]]},"properties":{"AGS":"08226028","GEN":"Heddesheim","SN_L":"08"}},
{"type":"Feature","geometry":{"type":"Polygon","coordinates":[[[8.5766,49.4932],[8.5747,49.4937],[8.5559,49.4907],[8.5466,49.4774],[8.5615,49.4723],[8.5699,49.4631],[8.5851,49.4604],[8.5781,49.4777],[8.5766,49.4932]]]},"properties":{"AGS":"08226036","GEN":"Ilvesheim","SN_L":"08"}},
{"type":"Feature","geometry":{"type":"Polygon","coordinates":[[[8.5369,49.3442],[8.5326,49.3547],[8.5554,49.3725],[8.5577,49.3897],[8.5414,49.3947],[8.5396,49.386],[8.5004,49.389],[8.5009,49.3764],[8.4921,49.3572],[8.5061,49.3556],[8.5144,49.3418],[8.5369,49.3442]]]},"properties":{"AGS":"08226037","GEN":"Ketsch","SN_L":"08"}},
{"type":"Feature","geometry":{"type":"Polygon","coordinates":[[[8.6365,49.4905],[8.6261,49.5004],[8.6007,49.4996],[8.5766,49.4932],[8.5781,49.4777],[8.6033,49.469],[8.6141,49.4485],[8.6202,49.4448],[8.643,49.4547],[8.6475,49.4623],[8.6365,49.4905]]]},"properties":{"AGS":"08226038","GEN":"Ladenburg","SN_L":"08"}},
{"type":"Feature","geometry":{"type":"MultiPolygon","coordinates":[[[[8.6227,49.3293],[8.605,49.3406],[8.6014,49.3374],[8.604,49.3293],[8.6098,49.3193],[8.6227,49.3293]]],[[[8.7258,49.3604],[8.7079,49.357],[8.6764,49.3602],[8.662,49.3543],[8.6674,49.3418],[8.6631,49.3314],[8.6654,49.3136],[8.6684,49.3126],[8.6797,49.3349],[8.703,49.338],[8.7367,49.3305],[8.7716,49.3295],[8.7697,49.3339],[8.7453,49.3579],[8.7258,49.3604]]]]},"properties":{"AGS":"08226041","GEN":"Leimen","SN_L":"08"}},
{"type":"Feature","geometry":{"type":"Polygon","coordinates":[[[8.7367,49.3305],[8.703,49.338],[8.6797,49.3349],[8.6684,49.3126],[8.6683,49.3086],[8.6832,49.3065],[8.7165,49.3093],[8.7365,49.3193],[8.7367,49.3305]]]},"properties":{"AGS":"08226060","GEN":"Nußloch","SN_L":"08"}},
{"type":"Feature","geometry":{"type":"Polygon","coordinates":[[[8.5918,49.3812],[8.5743,49.377],[8.5624,49.3691],[8.5639,49.3614],[8.5803,49.3578],[8.5745,49.3418],[8.6014,49.3374],[8.605,49.3406],[8.634,49.3524],[8.6078,49.365],[8.6073,49.377],[8.5918,49.3812]]]},"properties":{"AGS":"08226062","GEN":"Oftersheim","SN_L":"08"}},
{"type":"Feature","geometry":{"type":"Polygon","coordinates":[[[8.6116,49.4054],[8.5831,49.4109],[8.5735,49.4158],[8.5697,49.4165],[8.5798,49.39],[8.5918,49.3812],[8.6073,49.377],[8.6176,49.3794],[8.6116,49.4054]]]},"properties":{"AGS":"08226063","GEN":"Plankstadt","SN_L":"08"}},
{"type":"Feature","geometry":{"type":"Polygon","coordinates":[[[8.662,49.3543],[8.6567,49.3624],[8.6403,49.3699],[8.634,49.3524],[8.605,49.3406],[8.6227,49.3293],[8.6271,49.3252],[8.6654,49.3136],[8.6631,49.3314],[8.6674,49.3418],[8.662,49.3543]]]},"properties":{"AGS":"08226076","GEN":"Sandhausen","SN_L":"08"}},
{"type":"Feature","geometry":{"type":"Polygon","coordinates":[[[8.7491,49.4955],[8.7258,49.4997],[8.7133,49.4946],[8.6824,49.4879],[8.6623,49.4951],[8.6365,49.4905],[8.6475,49.4623],[8.663,49.4554],[8.6807,49.4635],[8.7004,49.4667],[8.7163,49.455],[8.7416,49.4575],[8.7529,49.4593],[8.747,49.4749],[8.764,49.4797],[8.7705,49.4795],[8.7491,49.4955]]]},"properties":{"AGS":"08226082","GEN":"Schriesheim","SN_L":"08"}},
{"type":"Feature","geometry":{"type":"MultiPolygon","coordinates":[[[[8.5098,49.3929],[8.5215,49.3883],[8.5313,49.3956],[8.5188,49.4041],[8.5013,49.4028],[8.5098,49.3929]]],[[[8.5697,49.4165],[8.5451,49.4174],[8.5388,49.412],[8.5414,49.3947],[8.5577,49.3897],[8.5554,49.3725],[8.5326,49.3547],[8.5369,49.3442],[8.567,49.3378],[8.5745,49.3418],[8.5803,49.3578],[8.5639,49.3614],[8.5624,49.3691],[8.5743,49.377],[8.5918,49.3812],[8.5798,49.39],[8.5697,49.4165]]]]},"properties":{"AGS":"08226084","GEN":"Schwetzingen","SN_L":"08"}},
{"type":"Feature","geometry":{"type":"Polygon","coordinates":[[[8.6227,49.3293],[8.6098,49.3193],[8.598,49.3059],[8.5998,49.2909],[8.6329,49.2783],[8.6478,49.2774],[8.6643,49.2925],[8.6683,49.3086],[8.6684,49.3126],[8.6654,49.3136],[8.6271,49.3252],[8.6227,49.3293]]]},"properties":{"AGS":"08226095","GEN":"Walldorf","SN_L":"08"}},
{"type":"Feature","geometry":{"type":"MultiPolygon","coordinates":[[[[8.7812,49.4721],[8.7705,49.4795],[8.764,49.4797],[8.763,49.4706],[8.7812,49.4721]]],[[[8.683,49.587],[8.6693,49.5823],[8.6297,49.5825],[8.6255,49.5912],[8.6032,49.5933],[8.6112,49.5634],[8.6213,49.545],[8.6166,49.5414],[8.6249,49.5416],[8.6329,49.527],[8.6406,49.5259],[8.6561,49.5169],[8.6761,49.5146],[8.6908,49.4993],[8.7133,49.4946],[8.7258,49.4997],[8.7491,49.4955],[8.7665,49.5147],[8.7509,49.5218],[8.7246,49.5259],[8.7101,49.5322],[8.7058,49.548],[8.6911,49.5561],[8.6843,49.5702],[8.683,49.587]]]]},"properties":{"AGS":"08226096","GEN":"Weinheim","SN_L":"08"}},
{"type":"Feature","geometry":{"type":"Polygon","coordinates":[[[8.6478,49.2774],[8.6329,49.2783],[8.5998,49.2909],[8.5732,49.285],[8.5615,49.266],[8.5704,49.255],[8.5985,49.2467],[8.6144,49.2411],[8.6264,49.2435],[8.647,49.2404],[8.6524,49.261],[8.6562,49.2656],[8.6478,49.2774]]]},"properties":{"AGS":"08226103","GEN":"St. Leon-Rot","SN_L":"08"}},
{"type":"Feature","geometry":{"type":"MultiPolygon","coordinates":[[[[8.5034,49.411],[8.4973,49.4113],[8.4967,49.4095],[8.5034,49.411]]],[[[8.5098,49.3929],[8.5013,49.4028],[8.4962,49.4066],[8.496,49.4043],[8.4962,49.4021],[8.5098,49.3929]]],[[[8.5829,49.4265],[8.5922,49.4294],[8.6102,49.4247],[8.6286,49.443],[8.6202,49.4448],[8.6141,49.4485],[8.6033,49.469],[8.5781,49.4777],[8.5851,49.4604],[8.5773,49.4436],[8.5876,49.4336],[8.5829,49.4265]]]]},"properties":{"AGS":"08226105","GEN":"Edingen-Neckarhausen","SN_L":"08"}},
{"type":"Feature","geometry":{"type":"Polygon","coordinates":[[[8.7133,49.4946],[8.6908,49.4993],[8.6761,49.5146],[8.6561,49.5169],[8.6406,49.5259],[8.6415,49.5169],[8.6261,49.5004],[8.6365,49.4905],[8.6623,49.4951],[8.6824,49.4879],[8.7133,49.4946]]]},"properties":{"AGS":"08226107","GEN":"Hirschberg an der Bergstraße","SN_L":"08"}},
{"type":"Feature","geometry":{"type":"MultiPolygon","coordinates":[[[[9.0989,49.5606],[9.0826,49.5618],[9.0882,49.5487],[9.0989,49.5606]]],[[[8.8996,49.5037],[8.886,49.5058],[8.8568,49.5012],[8.8519,49.4836],[8.8765,49.4667],[8.8994,49.4845],[8.8996,49.5037]]],[[[9.0839,49.5263],[9.065,49.5296],[9.0494,49.5183],[9.0408,49.4991],[9.016,49.4978],[9.0122,49.5027],[8.9876,49.5057],[8.9635,49.5015],[8.9435,49.4858],[8.9319,49.4706],[8.9503,49.455],[8.9283,49.4495],[8.9256,49.4429],[8.9316,49.449],[8.9512,49.4508],[8.9577,49.4352],[8.9661,49.4343],[8.9845,49.4171],[8.9906,49.4239],[9.011,49.4143],[9.0223,49.4232],[9.0193,49.4264],[9.0485,49.4454],[9.0247,49.4715],[9.0433,49.4751],[9.0862,49.5001],[9.0702,49.5087],[9.0839,49.5263]]]]},"properties":{"AGS":"08226013","GEN":"Eberbach","SN_L":"08"}},
{"type":"Feature","geometry":{"type":"Polygon","coordinates":[[[8.9845,49.4171],[8.9661,49.4343],[8.9577,49.4352],[8.9512,49.4508],[8.9316,49.449],[8.9256,49.4429],[8.9092,49.4379],[8.8945,49.4249],[8.8826,49.4161],[8.8915,49.4041],[8.9067,49.408],[8.9041,49.3924],[8.923,49.3848],[8.938,49.3881],[8.95,49.3952],[8.9642,49.3979],[8.978,49.3942],[8.9894,49.4004],[8.9845,49.4171]]]},"properties":{"AGS":"08226081","GEN":"Schönbrunn","SN_L":"08"}},
{"type":"Feature","geometry":{"type":"Polygon","coordinates":[[[8.8618,49.3357],[8.8436,49.3262],[8.8364,49.3151],[8.8507,49.3127],[8.8548,49.2985],[8.8693,49.304],[8.8798,49.3112],[8.8817,49.3304],[8.8815,49.3308],[8.8618,49.3357]]]},"properties":{"AGS":"08226020","GEN":"Eschelbronn","SN_L":"08"}},
{"type":"Feature","geometry":{"type":"Polygon","coordinates":[[[8.8313,49.3515],[8.8164,49.3464],[8.8031,49.3503],[8.7902,49.3471],[8.7697,49.3339],[8.7716,49.3295],[8.7801,49.3233],[8.8018,49.3292],[8.8122,49.3411],[8.8313,49.3515]]]},"properties":{"AGS":"08226048","GEN":"Mauer","SN_L":"08"}},
{"type":"Feature","geometry":{"type":"Polygon","coordinates":[[[8.8657,49.3436],[8.8409,49.3523],[8.8313,49.3515],[8.8122,49.3411],[8.8018,49.3292],[8.7801,49.3233],[8.7783,49.3153],[8.7994,49.3052],[8.8364,49.3151],[8.8436,49.3262],[8.8618,49.3357],[8.8657,49.3436]]]},"properties":{"AGS":"08226049","GEN":"Meckesheim","SN_L":"08"}},
{"type":"Feature","geometry":{"type":"Polygon","coordinates":[[[8.9106,49.3638],[8.8813,49.369],[8.8657,49.3436],[8.8618,49.3357],[8.8815,49.3308],[8.8896,49.3346],[8.9123,49.3593],[8.9106,49.3638]]]},"properties":{"AGS":"08226086","GEN":"Spechbach","SN_L":"08"}},
{"type":"Feature","geometry":{"type":"Polygon","coordinates":[[[8.923,49.3848],[8.9041,49.3924],[8.9067,49.408],[8.8915,49.4041],[8.8806,49.3859],[8.8561,49.3751],[8.8599,49.3562],[8.8409,49.3523],[8.8657,49.3436],[8.8813,49.369],[8.9106,49.3638],[8.9143,49.3797],[8.923,49.3848]]]},"properties":{"AGS":"08226104","GEN":"Lobbach","SN_L":"08"}},
{"type":"Feature","geometry":{"type":"Polygon","coordinates":[[[8.6821,49.6035],[8.6356,49.5995],[8.5948,49.6068],[8.5893,49.6045],[8.5941,49.5928],[8.6032,49.5933],[8.6255,49.5912],[8.6297,49.5825],[8.6693,49.5823],[8.683,49.587],[8.698,49.5998],[8.6906,49.6074],[8.6821,49.6035]]]},"properties":{"AGS":"08226031","GEN":"Hemsbach","SN_L":"08"}},
{"type":"Feature","geometry":{"type":"Polygon","coordinates":[[[8.6923,49.6237],[8.6794,49.6257],[8.5978,49.6111],[8.5948,49.6068],[8.6356,49.5995],[8.6821,49.6035],[8.673,49.6133],[8.6938,49.6194],[8.6923,49.6237]]]},"properties":{"AGS":"08226040","GEN":"Laudenbach","SN_L":"08"}},
{"type":"Feature","geometry":{"type":"Polygon","coordinates":[[[8.517,49.3075],[8.4974,49.3128],[8.4794,49.3268],[8.4555,49.3321],[8.4505,49.3217],[8.4586,49.3129],[8.4781,49.3083],[8.4872,49.3017],[8.4873,49.29],[8.5166,49.2781],[8.525,49.2685],[8.5434,49.2626],[8.5481,49.2697],[8.5441,49.29],[8.5278,49.2919],[8.5228,49.2829],[8.5094,49.2857],[8.517,49.3075]]]},"properties":{"AGS":"08226003","GEN":"Altlußheim","SN_L":"08"}},
{"type":"Feature","geometry":{"type":"Polygon","coordinates":[[[8.5369,49.3442],[8.5144,49.3418],[8.5061,49.3556],[8.4921,49.3572],[8.4709,49.3407],[8.4555,49.3321],[8.4794,49.3268],[8.4974,49.3128],[8.517,49.3075],[8.5293,49.3085],[8.5443,49.3035],[8.5729,49.3041],[8.5772,49.3176],[8.604,49.3293],[8.6014,49.3374],[8.5745,49.3418],[8.567,49.3378],[8.5369,49.3442]]]},"properties":{"AGS":"08226032","GEN":"Hockenheim","SN_L":"08"}},
{"type":"Feature","geometry":{"type":"Polygon","coordinates":[[[8.5293,49.3085],[8.517,49.3075],[8.5094,49.2857],[8.5228,49.2829],[8.5278,49.2919],[8.5441,49.29],[8.5355,49.2922],[8.5293,49.3085]]]},"properties":{"AGS":"08226059","GEN":"Neulußheim","SN_L":"08"}},
{"type":"Feature","geometry":{"type":"Polygon","coordinates":[[[8.5998,49.2909],[8.598,49.3059],[8.6098,49.3193],[8.604,49.3293],[8.5772,49.3176],[8.5729,49.3041],[8.5443,49.3035],[8.5293,49.3085],[8.5355,49.2922],[8.5441,49.29],[8.5481,49.2697],[8.5615,49.266],[8.5732,49.285],[8.5998,49.2909]]]},"properties":{"AGS":"08226068","GEN":"Reilingen","SN_L":"08"}},
{"type":"Feature","geometry":{"type":"Polygon","coordinates":[[[8.8031,49.3503],[8.7985,49.3552],[8.7993,49.3738],[8.7713,49.3682],[8.755,49.3774],[8.7484,49.3735],[8.7575,49.3638],[8.7453,49.3579],[8.7697,49.3339],[8.7902,49.3471],[8.8031,49.3503]]]},"properties":{"AGS":"08226006","GEN":"Bammental","SN_L":"08"}},
{"type":"Feature","geometry":{"type":"Polygon","coordinates":[[[8.7484,49.3735],[8.7256,49.3701],[8.7258,49.3604],[8.7453,49.3579],[8.7575,49.3638],[8.7484,49.3735]]]},"properties":{"AGS":"08226022","GEN":"Gaiberg","SN_L":"08"}},
{"type":"Feature","geometry":{"type":"Polygon","coordinates":[[[8.8561,49.3751],[8.8806,49.3859],[8.8915,49.4041],[8.8826,49.4161],[8.8733,49.4128],[8.8546,49.3966],[8.8473,49.3959],[8.8319,49.4082],[8.8224,49.3956],[8.804,49.4039],[8.8015,49.4109],[8.7932,49.4105],[8.7779,49.4024],[8.7736,49.3897],[8.755,49.3774],[8.7713,49.3682],[8.7993,49.3738],[8.8227,49.3795],[8.8289,49.3711],[8.8561,49.3751]]]},"properties":{"AGS":"08226056","GEN":"Neckargemünd","SN_L":"08"}},
{"type":"Feature","geometry":{"type":"Polygon","coordinates":[[[8.8561,49.3751],[8.8289,49.3711],[8.8227,49.3795],[8.7993,49.3738],[8.7985,49.3552],[8.8031,49.3503],[8.8164,49.3464],[8.8313,49.3515],[8.8409,49.3523],[8.8599,49.3562],[8.8561,49.3751]]]},"properties":{"AGS":"08226097","GEN":"Wiesenbach","SN_L":"08"}},
{"type":"Feature","geometry":{"type":"Polygon","coordinates":[[[8.7011,49.2529],[8.6701,49.2516],[8.6524,49.261],[8.647,49.2404],[8.6593,49.2334],[8.6867,49.2293],[8.69,49.2482],[8.7011,49.2529]]]},"properties":{"AGS":"08226046","GEN":"Malsch","SN_L":"08"}},
{"type":"Feature","geometry":{"type":"Polygon","coordinates":[[[8.7699,49.2606],[8.76,49.2706],[8.7442,49.2633],[8.7244,49.2655],[8.726,49.2589],[8.7011,49.2529],[8.69,49.2482],[8.6867,49.2293],[8.6908,49.2294],[8.7255,49.2374],[8.7361,49.23],[8.7384,49.238],[8.7665,49.2481],[8.7699,49.2606]]]},"properties":{"AGS":"08226054","GEN":"Mühlhausen","SN_L":"08"}},
{"type":"Feature","geometry":{"type":"Polygon","coordinates":[[[8.7177,49.2794],[8.6712,49.2706],[8.6562,49.2656],[8.6524,49.261],[8.6701,49.2516],[8.7011,49.2529],[8.726,49.2589],[8.7244,49.2655],[8.7177,49.2794]]]},"properties":{"AGS":"08226065","GEN":"Rauenberg","SN_L":"08"}},
{"type":"Feature","geometry":{"type":"Polygon","coordinates":[[[8.8568,49.5012],[8.8485,49.5022],[8.8339,49.4907],[8.8213,49.502],[8.811,49.4751],[8.8239,49.4626],[8.8263,49.4695],[8.8519,49.4836],[8.8568,49.5012]]]},"properties":{"AGS":"08226027","GEN":"Heddesbach","SN_L":"08"}},
{"type":"Feature","geometry":{"type":"Polygon","coordinates":[[[8.8213,49.502],[8.8187,49.5212],[8.8044,49.5229],[8.7918,49.5143],[8.7721,49.518],[8.7665,49.5147],[8.7491,49.4955],[8.7705,49.4795],[8.7812,49.4721],[8.7887,49.4698],[8.811,49.4751],[8.8213,49.502]]]},"properties":{"AGS":"08226029","GEN":"Heiligkreuzsteinach","SN_L":"08"}},
{"type":"Feature","geometry":{"type":"Polygon","coordinates":[[[8.8239,49.4626],[8.811,49.4751],[8.7887,49.4698],[8.7858,49.4567],[8.7679,49.4543],[8.7665,49.4374],[8.787,49.4326],[8.7932,49.4105],[8.8015,49.4109],[8.8066,49.4192],[8.8305,49.4232],[8.8324,49.4549],[8.8239,49.4626]]]},"properties":{"AGS":"08226080","GEN":"Schönau","SN_L":"08"}},
{"type":"Feature","geometry":{"type":"Polygon","coordinates":[[[8.764,49.4797],[8.747,49.4749],[8.7529,49.4593],[8.7679,49.4543],[8.7858,49.4567],[8.7887,49.4698],[8.7812,49.4721],[8.763,49.4706],[8.764,49.4797]]]},"properties":{"AGS":"08226099","GEN":"Wilhelmsfeld","SN_L":"08"}},
{"type":"Feature","geometry":{"type":"Polygon","coordinates":[[[8.9426,49.2755],[8.9139,49.2713],[8.8795,49.2784],[8.8652,49.2759],[8.8485,49.2948],[8.8425,49.2893],[8.8221,49.2885],[8.8038,49.2806],[8.8026,49.2693],[8.7886,49.2597],[8.7699,49.2606],[8.7665,49.2481],[8.7824,49.2387],[8.805,49.2417],[8.8145,49.231],[8.7885,49.213],[8.7841,49.198],[8.8182,49.1945],[8.8284,49.1928],[8.8635,49.1744],[8.8935,49.1858],[8.8865,49.2025],[8.9573,49.2131],[8.9593,49.2201],[8.9842,49.2322],[8.9891,49.2406],[9.0042,49.2414],[8.9976,49.2652],[8.9776,49.2658],[8.9737,49.2719],[8.9426,49.2755]]]},"properties":{"AGS":"08226085","GEN":"Sinsheim","SN_L":"08"}},
{"type":"Feature","geometry":{"type":"Polygon","coordinates":[[[8.8548,49.2985],[8.8507,49.3127],[8.8364,49.3151],[8.7994,49.3052],[8.7876,49.2947],[8.8038,49.2806],[8.8221,49.2885],[8.8425,49.2893],[8.8485,49.2948],[8.8548,49.2985]]]},"properties":{"AGS":"08226101","GEN":"Zuzenhausen","SN_L":"08"}},
{"type":"Feature","geometry":{"type":"Polygon","coordinates":[[[8.7841,49.198],[8.7885,49.213],[8.8145,49.231],[8.805,49.2417],[8.7824,49.2387],[8.7665,49.2481],[8.7384,49.238],[8.7361,49.23],[8.7465,49.2239],[8.753,49.2064],[8.7841,49.198]]]},"properties":{"AGS":"08226102","GEN":"Angelbachtal","SN_L":"08"}},
{"type":"Feature","geometry":{"type":"Polygon","coordinates":[[[8.9525,49.3442],[8.9355,49.3476],[8.9228,49.3612],[8.9143,49.3797],[8.9106,49.3638],[8.9123,49.3593],[8.8896,49.3346],[8.8815,49.3308],[8.8817,49.3304],[8.9332,49.3247],[8.9445,49.327],[8.9525,49.3442]]]},"properties":{"AGS":"08226017","GEN":"Epfenbach","SN_L":"08"}},
{"type":"Feature","geometry":{"type":"Polygon","coordinates":[[[9.0214,49.2962],[8.9989,49.2926],[8.9718,49.3149],[8.9533,49.3134],[8.938,49.293],[8.9426,49.2755],[8.9737,49.2719],[8.9776,49.2658],[8.9976,49.2652],[9.0153,49.2616],[9.0317,49.2694],[9.0418,49.2825],[9.0214,49.2962]]]},"properties":{"AGS":"08226055","GEN":"Neckarbischofsheim","SN_L":"08"}},
{"type":"Feature","geometry":{"type":"Polygon","coordinates":[[[8.9332,49.3247],[8.8817,49.3304],[8.8798,49.3112],[8.8693,49.304],[8.8869,49.3045],[8.9143,49.3176],[8.9315,49.3226],[8.9332,49.3247]]]},"properties":{"AGS":"08226058","GEN":"Neidenstein","SN_L":"08"}},
{"type":"Feature","geometry":{"type":"Polygon","coordinates":[[[8.938,49.3881],[8.923,49.3848],[8.9143,49.3797],[8.9228,49.3612],[8.9355,49.3476],[8.9525,49.3442],[8.9657,49.3472],[8.9701,49.351],[8.9524,49.3708],[8.9428,49.372],[8.938,49.3881]]]},"properties":{"AGS":"08226066","GEN":"Reichartshausen","SN_L":"08"}},
{"type":"Feature","geometry":{"type":"Polygon","coordinates":[[[8.9426,49.2755],[8.938,49.293],[8.9533,49.3134],[8.9315,49.3226],[8.9143,49.3176],[8.8869,49.3045],[8.8693,49.304],[8.8548,49.2985],[8.8485,49.2948],[8.8652,49.2759],[8.8795,49.2784],[8.9139,49.2713],[8.9426,49.2755]]]},"properties":{"AGS":"08226091","GEN":"Waibstadt","SN_L":"08"}},
{"type":"Feature","geometry":{"type":"Polygon","coordinates":[[[9.0118,49.3355],[8.9902,49.3427],[8.9785,49.3399],[8.9657,49.3472],[8.9525,49.3442],[8.9445,49.327],[8.9332,49.3247],[8.9315,49.3226],[8.9533,49.3134],[8.9718,49.3149],[8.9989,49.2926],[9.0214,49.2962],[9.0491,49.2929],[9.0565,49.3055],[9.0427,49.3157],[9.0508,49.3219],[9.0339,49.3202],[9.0118,49.3355]]]},"properties":{"AGS":"08226106","GEN":"Helmstadt-Bargen","SN_L":"08"}},
{"type":"Feature","geometry":{"type":"Polygon","coordinates":[[[8.7994,49.3052],[8.7783,49.3153],[8.7596,49.2932],[8.7322,49.2942],[8.7177,49.2794],[8.7244,49.2655],[8.7442,49.2633],[8.76,49.2706],[8.7699,49.2606],[8.7886,49.2597],[8.8026,49.2693],[8.8038,49.2806],[8.7876,49.2947],[8.7994,49.3052]]]},"properties":{"AGS":"08226010","GEN":"Dielheim","SN_L":"08"}},
{"type":"Feature","geometry":{"type":"Polygon","coordinates":[[[8.7716,49.3295],[8.7367,49.3305],[8.7365,49.3193],[8.7165,49.3093],[8.6832,49.3065],[8.6683,49.3086],[8.6643,49.2925],[8.6478,49.2774],[8.6562,49.2656],[8.6712,49.2706],[8.7177,49.2794],[8.7322,49.2942],[8.7596,49.2932],[8.7783,49.3153],[8.7801,49.3233],[8.7716,49.3295]]]},"properties":{"AGS":"08226098","GEN":"Wiesloch","SN_L":"08"}},
{"type":"Feature","geometry":{"type":"Polygon","coordinates":[[[8.7556,48.9245],[8.7252,48.9296],[8.719,48.9227],[8.7006,48.9246],[8.6644,48.9095],[8.6477,48.9202],[8.6289,48.9083],[8.633,48.8993],[8.6433,48.8923],[8.6471,48.867],[8.6386,48.8565],[8.6257,48.8535],[8.6343,48.8454],[8.6589,48.835],[8.6743,48.8403],[8.691,48.8353],[8.6979,48.8373],[8.7166,48.8303],[8.7241,48.8199],[8.7421,48.8227],[8.7499,48.8301],[8.7694,48.8346],[8.7767,48.8505],[8.8069,48.8587],[8.8086,48.8625],[8.795,48.8669],[8.7932,48.8877],[8.7573,48.8995],[8.7631,48.9085],[8.7556,48.9245]]]},"properties":{"AGS":"08231000","GEN":"Pforzheim","SN_L":"08"}},
{"type":"Feature","geometry":{"type":"Polygon","coordinates":[[[8.6534,48.8122],[8.618,48.8285],[8.5965,48.8076],[8.6031,48.8007],[8.589,48.7873],[8.6071,48.7684],[8.6244,48.772],[8.6374,48.7681],[8.6671,48.7712],[8.6721,48.7766],[8.6914,48.7789],[8.6915,48.7859],[8.7105,48.7948],[8.7245,48.7953],[8.7034,48.8209],[8.6902,48.8057],[8.6594,48.8033],[8.6534,48.8122]]]},"properties":{"AGS":"08235065","GEN":"Schömberg","SN_L":"08"}},
{"type":"Feature","geometry":{"type":"Polygon","coordinates":[[[8.8195,48.6695],[8.8089,48.6776],[8.7899,48.6731],[8.7665,48.6731],[8.7659,48.6643],[8.7433,48.6481],[8.7242,48.657],[8.6986,48.6505],[8.6497,48.6456],[8.6436,48.6344],[8.6517,48.6301],[8.6744,48.6303],[8.7011,48.6224],[8.7093,48.6075],[8.7301,48.6025],[8.7465,48.5962],[8.7592,48.6038],[8.7949,48.5943],[8.801,48.6112],[8.7956,48.6351],[8.7987,48.6586],[8.8187,48.6645],[8.8195,48.6695]]]},"properties":{"AGS":"08235080","GEN":"Wildberg","SN_L":"08"}},
{"type":"Feature","geometry":{"type":"Polygon","coordinates":[[[8.6203,48.634],[8.6159,48.6268],[8.592,48.6136],[8.5683,48.6409],[8.5544,48.6528],[8.5501,48.6374],[8.5552,48.6228],[8.5683,48.6137],[8.5643,48.6077],[8.5449,48.6093],[8.5596,48.5934],[8.5421,48.5864],[8.5625,48.5691],[8.5761,48.5615],[8.5594,48.5497],[8.5867,48.5447],[8.6023,48.5499],[8.5981,48.5707],[8.601,48.5772],[8.6353,48.5813],[8.6347,48.5706],[8.6432,48.5636],[8.6725,48.5598],[8.6701,48.5759],[8.6538,48.5851],[8.6538,48.5965],[8.6354,48.5957],[8.6309,48.6048],[8.6596,48.6196],[8.6517,48.6301],[8.6436,48.6344],[8.6203,48.634]]]},"properties":{"AGS":"08235006","GEN":"Altensteig","SN_L":"08"}},
{"type":"Feature","geometry":{"type":"Polygon","coordinates":[[[8.6432,48.5636],[8.6347,48.5706],[8.6353,48.5813],[8.601,48.5772],[8.5981,48.5707],[8.6023,48.5499],[8.6189,48.5421],[8.6432,48.5636]]]},"properties":{"AGS":"08235022","GEN":"Egenhausen","SN_L":"08"}},
{"type":"Feature","geometry":{"type":"Polygon","coordinates":[[[8.5445,48.6621],[8.5124,48.6505],[8.4965,48.659],[8.4828,48.6518],[8.4492,48.6272],[8.4545,48.6166],[8.4921,48.6042],[8.5011,48.5941],[8.5352,48.5875],[8.5421,48.5864],[8.5596,48.5934],[8.5449,48.6093],[8.5643,48.6077],[8.5683,48.6137],[8.5552,48.6228],[8.5501,48.6374],[8.5544,48.6528],[8.5445,48.6621]]]},"properties":{"AGS":"08235066","GEN":"Simmersfeld","SN_L":"08"}},
{"type":"Feature","geometry":{"type":"Polygon","coordinates":[[[8.7835,48.7548],[8.7813,48.7474],[8.7596,48.7475],[8.7557,48.7582],[8.742,48.7532],[8.7432,48.7408],[8.7558,48.7236],[8.7713,48.716],[8.8046,48.7058],[8.8243,48.715],[8.8218,48.7362],[8.799,48.7388],[8.7953,48.752],[8.7835,48.7548]]]},"properties":{"AGS":"08235007","GEN":"Althengstett","SN_L":"08"}},
{"type":"Feature","geometry":{"type":"Polygon","coordinates":[[[8.8553,48.7069],[8.8352,48.7087],[8.8243,48.715],[8.8046,48.7058],[8.7973,48.68],[8.7899,48.6731],[8.8089,48.6776],[8.8195,48.6695],[8.8364,48.6831],[8.8472,48.6854],[8.8621,48.7003],[8.8553,48.7069]]]},"properties":{"AGS":"08235029","GEN":"Gechingen","SN_L":"08"}},
{"type":"Feature","geometry":{"type":"Polygon","coordinates":[[[8.8778,48.7236],[8.8545,48.7346],[8.8292,48.7365],[8.8218,48.7362],[8.8243,48.715],[8.8352,48.7087],[8.8553,48.7069],[8.8645,48.7191],[8.8778,48.7236]]]},"properties":{"AGS":"08235057","GEN":"Ostelsheim","SN_L":"08"}},
{"type":"Feature","geometry":{"type":"MultiPolygon","coordinates":[[[[8.7835,48.7548],[8.7557,48.7582],[8.7596,48.7475],[8.7813,48.7474],[8.7835,48.7548]]],[[[8.8292,48.7365],[8.8342,48.7552],[8.8193,48.7634],[8.7953,48.752],[8.799,48.7388],[8.8218,48.7362],[8.8292,48.7365]]]]},"properties":{"AGS":"08235067","GEN":"Simmozheim","SN_L":"08"}},
{"type":"Feature","geometry":{"type":"Polygon","coordinates":[[[8.5052,48.8139],[8.5052,48.8066],[8.4687,48.8082],[8.4606,48.7918],[8.4774,48.7749],[8.4652,48.7643],[8.4846,48.7567],[8.4971,48.7737],[8.53,48.7849],[8.5168,48.7974],[8.5251,48.8102],[8.5052,48.8139]]]},"properties":{"AGS":"08235018","GEN":"Dobel","SN_L":"08"}},
{"type":"Feature","geometry":{"type":"Polygon","coordinates":[[[8.4166,48.8354],[8.4039,48.8305],[8.3817,48.8335],[8.3794,48.8309],[8.4042,48.8223],[8.4085,48.8089],[8.3905,48.8039],[8.4157,48.7928],[8.4335,48.7703],[8.4209,48.7544],[8.4217,48.7437],[8.4429,48.7571],[8.4652,48.7643],[8.4774,48.7749],[8.4606,48.7918],[8.4687,48.8082],[8.5052,48.8066],[8.5052,48.8139],[8.4936,48.8202],[8.4807,48.8185],[8.4581,48.8226],[8.4347,48.8193],[8.4166,48.8354]]]},"properties":{"AGS":"08235033","GEN":"Bad Herrenalb","SN_L":"08"}},
{"type":"Feature","geometry":{"type":"Polygon","coordinates":[[[8.8042,48.7778],[8.7821,48.7743],[8.76,48.7827],[8.7559,48.7913],[8.7406,48.8033],[8.729,48.798],[8.7245,48.7953],[8.7105,48.7948],[8.6915,48.7859],[8.6914,48.7789],[8.6721,48.7766],[8.6671,48.7712],[8.6374,48.7681],[8.6743,48.7635],[8.6867,48.7549],[8.6969,48.7587],[8.7308,48.7619],[8.742,48.7532],[8.7557,48.7582],[8.7835,48.7548],[8.7953,48.752],[8.8193,48.7634],[8.8042,48.7778]]]},"properties":{"AGS":"08235008","GEN":"Bad Liebenzell","SN_L":"08"}},
{"type":"Feature","geometry":{"type":"Polygon","coordinates":[[[8.729,48.798],[8.716,48.8164],[8.713,48.8294],[8.6979,48.8373],[8.691,48.8353],[8.6973,48.8299],[8.6958,48.8166],[8.6777,48.8168],[8.6534,48.8122],[8.6594,48.8033],[8.6902,48.8057],[8.7034,48.8209],[8.7245,48.7953],[8.729,48.798]]]},"properties":{"AGS":"08235073","GEN":"Unterreichenbach","SN_L":"08"}},
{"type":"Feature","geometry":{"type":"Polygon","coordinates":[[[8.7256,48.677],[8.7104,48.6782],[8.694,48.688],[8.6696,48.6844],[8.6624,48.6719],[8.6556,48.6581],[8.6367,48.652],[8.6234,48.6538],[8.6026,48.6491],[8.6057,48.6388],[8.6203,48.634],[8.6436,48.6344],[8.6497,48.6456],[8.6986,48.6505],[8.7242,48.657],[8.7256,48.677]]]},"properties":{"AGS":"08235047","GEN":"Neubulach","SN_L":"08"}},
{"type":"Feature","geometry":{"type":"Polygon","coordinates":[[[8.6104,48.7109],[8.5797,48.7214],[8.5712,48.7287],[8.561,48.718],[8.5611,48.6976],[8.5658,48.6874],[8.5621,48.6742],[8.5445,48.6621],[8.5544,48.6528],[8.5683,48.6409],[8.592,48.6136],[8.6159,48.6268],[8.6203,48.634],[8.6057,48.6388],[8.6026,48.6491],[8.6234,48.6538],[8.6367,48.652],[8.6556,48.6581],[8.6624,48.6719],[8.6313,48.6885],[8.6169,48.6901],[8.6104,48.7109]]]},"properties":{"AGS":"08235050","GEN":"Neuweiler","SN_L":"08"}},
{"type":"Feature","geometry":{"type":"Polygon","coordinates":[[[8.7256,48.677],[8.7333,48.6882],[8.7305,48.6955],[8.7061,48.7049],[8.697,48.6998],[8.675,48.7055],[8.675,48.7191],[8.6582,48.7265],[8.6302,48.7078],[8.6104,48.7109],[8.6169,48.6901],[8.6313,48.6885],[8.6624,48.6719],[8.6696,48.6844],[8.694,48.688],[8.7104,48.6782],[8.7256,48.677]]]},"properties":{"AGS":"08235084","GEN":"Bad Teinach-Zavelstein","SN_L":"08"}},
{"type":"Feature","geometry":{"type":"Polygon","coordinates":[[[8.6374,48.7681],[8.6244,48.772],[8.6227,48.7619],[8.6052,48.756],[8.574,48.7347],[8.5712,48.7287],[8.5797,48.7214],[8.6104,48.7109],[8.6302,48.7078],[8.6582,48.7265],[8.6902,48.7352],[8.6867,48.7549],[8.6743,48.7635],[8.6374,48.7681]]]},"properties":{"AGS":"08235055","GEN":"Oberreichenbach","SN_L":"08"}},
{"type":"Feature","geometry":{"type":"Polygon","coordinates":[[[8.742,48.7532],[8.7308,48.7619],[8.6969,48.7587],[8.6867,48.7549],[8.6902,48.7352],[8.6582,48.7265],[8.675,48.7191],[8.675,48.7055],[8.697,48.6998],[8.7061,48.7049],[8.7305,48.6955],[8.7333,48.6882],[8.7256,48.677],[8.7242,48.657],[8.7433,48.6481],[8.7659,48.6643],[8.7665,48.6731],[8.7899,48.6731],[8.7973,48.68],[8.8046,48.7058],[8.7713,48.716],[8.7558,48.7236],[8.7432,48.7408],[8.742,48.7532]]]},"properties":{"AGS":"08235085","GEN":"Calw","SN_L":"08"}},
{"type":"Feature","geometry":{"type":"Polygon","coordinates":[[[8.7301,48.6025],[8.7093,48.6075],[8.7011,48.6224],[8.6744,48.6303],[8.6517,48.6301],[8.6596,48.6196],[8.6309,48.6048],[8.6354,48.5957],[8.6538,48.5965],[8.6538,48.5851],[8.6701,48.5759],[8.6968,48.5777],[8.7001,48.596],[8.7153,48.5957],[8.7301,48.6025]]]},"properties":{"AGS":"08235020","GEN":"Ebhausen","SN_L":"08"}},
{"type":"Feature","geometry":{"type":"Polygon","coordinates":[[[8.6725,48.5598],[8.6432,48.5636],[8.6189,48.5421],[8.6191,48.5318],[8.6044,48.5251],[8.6004,48.5097],[8.6056,48.5049],[8.636,48.5004],[8.674,48.5102],[8.6864,48.5423],[8.6719,48.5469],[8.6769,48.5582],[8.6725,48.5598]]]},"properties":{"AGS":"08235032","GEN":"Haiterbach","SN_L":"08"}},
{"type":"Feature","geometry":{"type":"Polygon","coordinates":[[[8.7465,48.5962],[8.7301,48.6025],[8.7153,48.5957],[8.7001,48.596],[8.6968,48.5777],[8.7033,48.5678],[8.6929,48.5583],[8.6769,48.5582],[8.6719,48.5469],[8.6864,48.5423],[8.674,48.5102],[8.6933,48.4841],[8.7156,48.488],[8.7341,48.4871],[8.7395,48.5044],[8.7557,48.5041],[8.7689,48.5218],[8.7595,48.5257],[8.7733,48.5499],[8.7582,48.556],[8.7554,48.583],[8.7465,48.5962]]]},"properties":{"AGS":"08235046","GEN":"Nagold","SN_L":"08"}},
{"type":"Feature","geometry":{"type":"Polygon","coordinates":[[[8.6968,48.5777],[8.6701,48.5759],[8.6725,48.5598],[8.6769,48.5582],[8.6929,48.5583],[8.7033,48.5678],[8.6968,48.5777]]]},"properties":{"AGS":"08235060","GEN":"Rohrdorf","SN_L":"08"}},
{"type":"Feature","geometry":{"type":"Polygon","coordinates":[[[8.4475,48.6868],[8.4454,48.6661],[8.4307,48.6602],[8.4354,48.6511],[8.4171,48.6463],[8.4093,48.6395],[8.4228,48.636],[8.4337,48.6266],[8.4545,48.6166],[8.4492,48.6272],[8.4828,48.6518],[8.4965,48.659],[8.4759,48.6682],[8.4856,48.6809],[8.4475,48.6868]]]},"properties":{"AGS":"08235025","GEN":"Enzklösterle","SN_L":"08"}},
{"type":"Feature","geometry":{"type":"Polygon","coordinates":[[[8.5965,48.8076],[8.5858,48.8169],[8.5584,48.8092],[8.5509,48.7913],[8.589,48.7873],[8.6031,48.8007],[8.5965,48.8076]]]},"properties":{"AGS":"08235035","GEN":"Höfen an der Enz","SN_L":"08"}},
{"type":"Feature","geometry":{"type":"Polygon","coordinates":[[[8.589,48.7873],[8.5509,48.7913],[8.53,48.7849],[8.4971,48.7737],[8.4846,48.7567],[8.4718,48.7197],[8.4583,48.7171],[8.4588,48.6975],[8.4475,48.6868],[8.4856,48.6809],[8.4759,48.6682],[8.4965,48.659],[8.5124,48.6505],[8.5445,48.6621],[8.5621,48.6742],[8.5658,48.6874],[8.5611,48.6976],[8.561,48.718],[8.5712,48.7287],[8.574,48.7347],[8.6052,48.756],[8.6227,48.7619],[8.6244,48.772],[8.6071,48.7684],[8.589,48.7873]]]},"properties":{"AGS":"08235079","GEN":"Bad Wildbad","SN_L":"08"}},
{"type":"Feature","geometry":{"type":"Polygon","coordinates":[[[8.6257,48.8535],[8.6386,48.8565],[8.6471,48.867],[8.6433,48.8923],[8.633,48.8993],[8.6295,48.8855],[8.6139,48.8753],[8.5791,48.8923],[8.5691,48.8737],[8.565,48.8655],[8.5848,48.8535],[8.6136,48.8518],[8.6188,48.8437],[8.6257,48.8535]]]},"properties":{"AGS":"08236004","GEN":"Birkenfeld","SN_L":"08"}},
{"type":"Feature","geometry":{"type":"Polygon","coordinates":[[[8.906,48.9442],[8.9318,48.9388],[8.9482,48.9419],[8.9453,48.9618],[8.9203,48.9823],[8.9301,48.9956],[8.9047,49.0213],[8.8966,49.0164],[8.8695,49.0108],[8.8818,49.0016],[8.8806,48.9982],[8.8713,48.9807],[8.8777,48.9704],[8.892,48.9659],[8.8954,48.9503],[8.906,48.9442]]]},"properties":{"AGS":"08236028","GEN":"Illingen","SN_L":"08"}},
{"type":"Feature","geometry":{"type":"Polygon","coordinates":[[[8.7006,48.9246],[8.6987,48.937],[8.6777,48.9303],[8.6614,48.937],[8.6483,48.9275],[8.6477,48.9202],[8.6644,48.9095],[8.7006,48.9246]]]},"properties":{"AGS":"08236030","GEN":"Ispringen","SN_L":"08"}},
{"type":"Feature","geometry":{"type":"Polygon","coordinates":[[[8.8345,49.0377],[8.8126,49.0335],[8.7967,49.0454],[8.7606,49.046],[8.7326,49.0273],[8.7298,49.0162],[8.7391,49.0018],[8.7329,48.9987],[8.7436,48.9929],[8.7613,48.9981],[8.7774,49.0094],[8.8032,49.0105],[8.8246,49.0207],[8.8391,49.0222],[8.8345,49.0377]]]},"properties":{"AGS":"08236033","GEN":"Knittlingen","SN_L":"08"}},
{"type":"Feature","geometry":{"type":"Polygon","coordinates":[[[8.8231,48.9213],[8.8131,48.9296],[8.7849,48.9274],[8.763,48.9219],[8.7556,48.9245],[8.7631,48.9085],[8.7573,48.8995],[8.7932,48.8877],[8.8047,48.8848],[8.8227,48.8886],[8.8433,48.9065],[8.8383,48.9169],[8.8231,48.9213]]]},"properties":{"AGS":"08236046","GEN":"Niefern-Öschelbronn","SN_L":"08"}},
{"type":"Feature","geometry":{"type":"Polygon","coordinates":[[[8.6103,48.9177],[8.591,48.9138],[8.5631,48.9148],[8.5527,48.9201],[8.5339,48.9035],[8.5181,48.8996],[8.5191,48.8838],[8.5258,48.8787],[8.5691,48.8737],[8.5791,48.8923],[8.6139,48.8753],[8.6295,48.8855],[8.633,48.8993],[8.6289,48.9083],[8.6103,48.9177]]]},"properties":{"AGS":"08236070","GEN":"Keltern","SN_L":"08"}},
{"type":"Feature","geometry":{"type":"Polygon","coordinates":[[[8.5876,48.9879],[8.5769,48.9897],[8.5697,48.9774],[8.5491,48.9532],[8.5398,48.9534],[8.5364,48.9441],[8.5541,48.9278],[8.5527,48.9201],[8.5631,48.9148],[8.591,48.9138],[8.6103,48.9177],[8.5973,48.9379],[8.6001,48.946],[8.5746,48.9743],[8.5891,48.987],[8.5876,48.9879]]]},"properties":{"AGS":"08236071","GEN":"Remchingen","SN_L":"08"}},
{"type":"Feature","geometry":{"type":"Polygon","coordinates":[[[8.5691,48.8737],[8.5258,48.8787],[8.5172,48.8656],[8.5019,48.8584],[8.4754,48.8402],[8.4766,48.8307],[8.4936,48.8202],[8.5052,48.8139],[8.5251,48.8102],[8.5634,48.8343],[8.5588,48.8582],[8.565,48.8655],[8.5691,48.8737]]]},"properties":{"AGS":"08236072","GEN":"Straubenhardt","SN_L":"08"}},
{"type":"Feature","geometry":{"type":"Polygon","coordinates":[[[8.7841,48.8434],[8.7984,48.8295],[8.8222,48.8294],[8.8382,48.8165],[8.8599,48.8371],[8.8375,48.8454],[8.7841,48.8434]]]},"properties":{"AGS":"08236019","GEN":"Friolzheim","SN_L":"08"}},
{"type":"Feature","geometry":{"type":"Polygon","coordinates":[[[8.873,48.8362],[8.8599,48.8371],[8.8382,48.8165],[8.8424,48.7994],[8.8475,48.7926],[8.8678,48.7924],[8.8869,48.8024],[8.8961,48.7983],[8.9009,48.8018],[8.8928,48.8131],[8.9008,48.8194],[8.894,48.821],[8.8847,48.8299],[8.873,48.8362]]]},"properties":{"AGS":"08236025","GEN":"Heimsheim","SN_L":"08"}},
{"type":"Feature","geometry":{"type":"Polygon","coordinates":[[[8.9023,48.8604],[8.8904,48.8744],[8.8689,48.8804],[8.8448,48.8731],[8.8371,48.867],[8.8416,48.861],[8.8382,48.8613],[8.8375,48.8454],[8.8599,48.8371],[8.873,48.8362],[8.8948,48.8469],[8.9023,48.8604]]]},"properties":{"AGS":"08236039","GEN":"Mönsheim","SN_L":"08"}},
{"type":"Feature","geometry":{"type":"Polygon","coordinates":[[[8.9133,48.9038],[8.8832,48.8971],[8.8768,48.9066],[8.8566,48.9102],[8.8408,48.9184],[8.8231,48.9213],[8.8383,48.9169],[8.8433,48.9065],[8.8227,48.8886],[8.8239,48.8798],[8.8448,48.8731],[8.8689,48.8804],[8.8904,48.8744],[8.9023,48.8604],[8.9288,48.8666],[8.9175,48.8834],[8.9133,48.9038]]]},"properties":{"AGS":"08236065","GEN":"Wiernsheim","SN_L":"08"}},
{"type":"Feature","geometry":{"type":"Polygon","coordinates":[[[8.8416,48.861],[8.8371,48.867],[8.8086,48.8625],[8.8069,48.8587],[8.7767,48.8505],[8.7841,48.8434],[8.8375,48.8454],[8.8382,48.8613],[8.8416,48.861]]]},"properties":{"AGS":"08236067","GEN":"Wimsheim","SN_L":"08"}},
{"type":"Feature","geometry":{"type":"Polygon","coordinates":[[[8.8227,48.8886],[8.8047,48.8848],[8.7932,48.8877],[8.795,48.8669],[8.8086,48.8625],[8.8371,48.867],[8.8448,48.8731],[8.8239,48.8798],[8.8227,48.8886]]]},"properties":{"AGS":"08236068","GEN":"Wurmberg","SN_L":"08"}},
{"type":"Feature","geometry":{"type":"Polygon","coordinates":[[[8.6842,48.9551],[8.6485,48.9526],[8.6487,48.9458],[8.6614,48.937],[8.6777,48.9303],[8.6987,48.937],[8.7047,48.9504],[8.6842,48.9551]]]},"properties":{"AGS":"08236011","GEN":"Eisingen","SN_L":"08"}},
{"type":"Feature","geometry":{"type":"Polygon","coordinates":[[[8.6487,48.9458],[8.6117,48.9521],[8.6001,48.946],[8.5973,48.9379],[8.6103,48.9177],[8.6289,48.9083],[8.6477,48.9202],[8.6483,48.9275],[8.6614,48.937],[8.6487,48.9458]]]},"properties":{"AGS":"08236074","GEN":"Kämpfelbach","SN_L":"08"}},
{"type":"Feature","geometry":{"type":"Polygon","coordinates":[[[8.6707,48.994],[8.6607,49.0076],[8.6476,49.0024],[8.6478,48.9902],[8.6253,48.9935],[8.6017,48.9855],[8.5891,48.987],[8.5746,48.9743],[8.6001,48.946],[8.6117,48.9521],[8.6487,48.9458],[8.6485,48.9526],[8.6842,48.9551],[8.6959,48.9685],[8.6686,48.9853],[8.6707,48.994]]]},"properties":{"AGS":"08236076","GEN":"Königsbach-Stein","SN_L":"08"}},
{"type":"Feature","geometry":{"type":"Polygon","coordinates":[[[8.8818,49.0016],[8.8661,49.0039],[8.8525,49.0219],[8.8391,49.0222],[8.8246,49.0207],[8.8032,49.0105],[8.7774,49.0094],[8.7613,48.9981],[8.7806,48.99],[8.7803,48.9789],[8.7987,48.981],[8.8244,48.9714],[8.8388,48.9827],[8.843,48.997],[8.8644,48.9951],[8.8806,48.9982],[8.8818,49.0016]]]},"properties":{"AGS":"08236038","GEN":"Maulbronn","SN_L":"08"}},
{"type":"Feature","geometry":{"type":"Polygon","coordinates":[[[8.8778,49.0585],[8.8668,49.0617],[8.8356,49.0622],[8.8345,49.0377],[8.8391,49.0222],[8.8525,49.0219],[8.8661,49.0039],[8.8818,49.0016],[8.8695,49.0108],[8.8966,49.0164],[8.9047,49.0213],[8.876,49.0352],[8.8715,49.0501],[8.8778,49.0585]]]},"properties":{"AGS":"08236061","GEN":"Sternenfels","SN_L":"08"}},
{"type":"Feature","geometry":{"type":"Polygon","coordinates":[[[8.906,48.9442],[8.8954,48.9503],[8.892,48.9659],[8.8777,48.9704],[8.8713,48.9807],[8.8806,48.9982],[8.8644,48.9951],[8.843,48.997],[8.8388,48.9827],[8.8244,48.9714],[8.8361,48.9693],[8.8357,48.9547],[8.8258,48.9511],[8.7792,48.949],[8.7722,48.94],[8.7849,48.9274],[8.8131,48.9296],[8.8231,48.9213],[8.8408,48.9184],[8.8566,48.9102],[8.8768,48.9066],[8.8832,48.8971],[8.9133,48.9038],[8.9153,48.9123],[8.9024,48.9356],[8.906,48.9442]]]},"properties":{"AGS":"08236040","GEN":"Mühlacker","SN_L":"08"}},
{"type":"Feature","geometry":{"type":"Polygon","coordinates":[[[8.8244,48.9714],[8.7987,48.981],[8.7803,48.9789],[8.7678,48.976],[8.7706,48.9501],[8.7792,48.949],[8.8258,48.9511],[8.8357,48.9547],[8.8361,48.9693],[8.8244,48.9714]]]},"properties":{"AGS":"08236050","GEN":"Ötisheim","SN_L":"08"}},
{"type":"Feature","geometry":{"type":"Polygon","coordinates":[[[8.6257,48.8535],[8.6188,48.8437],[8.618,48.8285],[8.6534,48.8122],[8.6777,48.8168],[8.6958,48.8166],[8.6973,48.8299],[8.691,48.8353],[8.6743,48.8403],[8.6589,48.835],[8.6343,48.8454],[8.6257,48.8535]]]},"properties":{"AGS":"08236013","GEN":"Engelsbrand","SN_L":"08"}},
{"type":"Feature","geometry":{"type":"Polygon","coordinates":[[[8.6188,48.8437],[8.6136,48.8518],[8.5848,48.8535],[8.565,48.8655],[8.5588,48.8582],[8.5634,48.8343],[8.5251,48.8102],[8.5168,48.7974],[8.53,48.7849],[8.5509,48.7913],[8.5584,48.8092],[8.5858,48.8169],[8.5965,48.8076],[8.618,48.8285],[8.6188,48.8437]]]},"properties":{"AGS":"08236043","GEN":"Neuenbürg","SN_L":"08"}},
{"type":"Feature","geometry":{"type":"Polygon","coordinates":[[[8.7722,48.94],[8.758,48.9398],[8.7426,48.9501],[8.725,48.9463],[8.7252,48.9296],[8.7556,48.9245],[8.763,48.9219],[8.7849,48.9274],[8.7722,48.94]]]},"properties":{"AGS":"08236031","GEN":"Kieselbronn","SN_L":"08"}},
{"type":"Feature","geometry":{"type":"Polygon","coordinates":[[[8.7346,48.9947],[8.7126,48.9886],[8.6984,48.9961],[8.6707,48.994],[8.6686,48.9853],[8.6959,48.9685],[8.6842,48.9551],[8.7047,48.9504],[8.6987,48.937],[8.7006,48.9246],[8.719,48.9227],[8.7252,48.9296],[8.725,48.9463],[8.7259,48.956],[8.7385,48.9638],[8.7539,48.9651],[8.7396,48.9777],[8.7346,48.9947]]]},"properties":{"AGS":"08236073","GEN":"Neulingen","SN_L":"08"}},
{"type":"Feature","geometry":{"type":"Polygon","coordinates":[[[8.7613,48.9981],[8.7436,48.9929],[8.7329,48.9987],[8.7346,48.9947],[8.7396,48.9777],[8.7539,48.9651],[8.7385,48.9638],[8.7259,48.956],[8.725,48.9463],[8.7426,48.9501],[8.758,48.9398],[8.7722,48.94],[8.7792,48.949],[8.7706,48.9501],[8.7678,48.976],[8.7803,48.9789],[8.7806,48.99],[8.7613,48.9981]]]},"properties":{"AGS":"08236075","GEN":"Ölbronn-Dürrn","SN_L":"08"}},
{"type":"Feature","geometry":{"type":"Polygon","coordinates":[[[8.7694,48.8346],[8.7499,48.8301],[8.7421,48.8227],[8.7241,48.8199],[8.7166,48.8303],[8.6979,48.8373],[8.713,48.8294],[8.716,48.8164],[8.729,48.798],[8.7406,48.8033],[8.7559,48.7913],[8.76,48.7827],[8.7821,48.7743],[8.8042,48.7778],[8.8164,48.7866],[8.8009,48.7948],[8.8086,48.8064],[8.7981,48.8183],[8.7861,48.8201],[8.7866,48.8307],[8.7694,48.8346]]]},"properties":{"AGS":"08236044","GEN":"Neuhausen","SN_L":"08"}},
{"type":"Feature","geometry":{"type":"Polygon","coordinates":[[[8.7841,48.8434],[8.7767,48.8505],[8.7694,48.8346],[8.7866,48.8307],[8.7861,48.8201],[8.7981,48.8183],[8.8086,48.8064],[8.8009,48.7948],[8.8164,48.7866],[8.831,48.7972],[8.8424,48.7994],[8.8382,48.8165],[8.8222,48.8294],[8.7984,48.8295],[8.7841,48.8434]]]},"properties":{"AGS":"08236062","GEN":"Tiefenbronn","SN_L":"08"}},
{"type":"Feature","geometry":{"type":"Polygon","coordinates":[[[8.4704,48.3469],[8.4437,48.3437],[8.4211,48.3512],[8.4175,48.3667],[8.4261,48.3869],[8.3972,48.3813],[8.3747,48.3901],[8.3679,48.4028],[8.3705,48.42],[8.3794,48.4363],[8.3627,48.4201],[8.3591,48.4342],[8.3434,48.425],[8.3485,48.4165],[8.3427,48.4015],[8.332,48.4014],[8.3286,48.387],[8.3578,48.3793],[8.3559,48.3675],[8.3598,48.3384],[8.3836,48.3272],[8.4036,48.3219],[8.431,48.3222],[8.4382,48.3045],[8.4447,48.3011],[8.4586,48.3127],[8.4941,48.3144],[8.5006,48.3273],[8.4874,48.3324],[8.4704,48.3469]]]},"properties":{"AGS":"08237002","GEN":"Alpirsbach","SN_L":"08"}},
{"type":"Feature","geometry":{"type":"Polygon","coordinates":[[[8.428,48.5608],[8.421,48.5651],[8.4156,48.5844],[8.4085,48.5934],[8.4076,48.6079],[8.3958,48.6212],[8.3828,48.6197],[8.3493,48.6083],[8.3583,48.6009],[8.3188,48.5886],[8.2915,48.5867],[8.2589,48.5897],[8.2441,48.5984],[8.222,48.6032],[8.2075,48.6018],[8.2192,48.5958],[8.2208,48.5863],[8.2358,48.5802],[8.2351,48.5717],[8.2221,48.5597],[8.2127,48.5583],[8.2159,48.5523],[8.2134,48.5218],[8.2283,48.4978],[8.2414,48.4922],[8.2667,48.4906],[8.2734,48.4805],[8.3084,48.4784],[8.329,48.4809],[8.3443,48.4758],[8.3584,48.4819],[8.3835,48.4748],[8.3912,48.4836],[8.4245,48.5006],[8.4153,48.5145],[8.429,48.5225],[8.4265,48.5451],[8.4181,48.5534],[8.428,48.5608]]]},"properties":{"AGS":"08237004","GEN":"Baiersbronn","SN_L":"08"}},
{"type":"Feature","geometry":{"type":"Polygon","coordinates":[[[8.4571,48.4386],[8.4343,48.44],[8.4229,48.4363],[8.4057,48.4397],[8.399,48.4332],[8.3794,48.4363],[8.3705,48.42],[8.3679,48.4028],[8.3747,48.3901],[8.3972,48.3813],[8.4261,48.3869],[8.4175,48.3667],[8.4211,48.3512],[8.4437,48.3437],[8.4704,48.3469],[8.4915,48.3522],[8.4992,48.3593],[8.4857,48.3683],[8.491,48.3835],[8.5186,48.3864],[8.5151,48.4048],[8.5226,48.4111],[8.5096,48.4303],[8.4942,48.439],[8.4571,48.4386]]]},"properties":{"AGS":"08237045","GEN":"Loßburg","SN_L":"08"}},
{"type":"Feature","geometry":{"type":"Polygon","coordinates":[[[8.4692,48.5229],[8.4858,48.5036],[8.4773,48.4891],[8.4776,48.4757],[8.4649,48.4597],[8.4899,48.4543],[8.5066,48.4536],[8.5277,48.4608],[8.544,48.4711],[8.5427,48.4864],[8.5273,48.4974],[8.515,48.4979],[8.4904,48.5085],[8.4869,48.516],[8.4692,48.5229]]]},"properties":{"AGS":"08237019","GEN":"Dornstetten","SN_L":"08"}},
{"type":"Feature","geometry":{"type":"Polygon","coordinates":[[[8.5277,48.4608],[8.5066,48.4536],[8.4899,48.4543],[8.4853,48.4449],[8.4571,48.4386],[8.4942,48.439],[8.5096,48.4303],[8.5226,48.4111],[8.5151,48.4048],[8.5223,48.4006],[8.546,48.4056],[8.5346,48.4064],[8.5285,48.4273],[8.5479,48.4373],[8.5453,48.445],[8.5277,48.4608]]]},"properties":{"AGS":"08237030","GEN":"Glatten","SN_L":"08"}},
{"type":"Feature","geometry":{"type":"MultiPolygon","coordinates":[[[[8.578,48.4585],[8.5646,48.4604],[8.544,48.4711],[8.5277,48.4608],[8.5453,48.445],[8.5548,48.4458],[8.578,48.4585]]],[[[8.5479,48.4373],[8.5285,48.4273],[8.5346,48.4064],[8.546,48.4056],[8.5652,48.4004],[8.5741,48.4044],[8.5792,48.42],[8.5479,48.4373]]]]},"properties":{"AGS":"08237061","GEN":"Schopfloch","SN_L":"08"}},
{"type":"Feature","geometry":{"type":"Polygon","coordinates":[[[8.6004,48.5097],[8.5786,48.5126],[8.5539,48.509],[8.5419,48.5027],[8.515,48.4979],[8.5273,48.4974],[8.5427,48.4864],[8.544,48.4711],[8.5646,48.4604],[8.578,48.4585],[8.6114,48.4715],[8.615,48.478],[8.6391,48.497],[8.636,48.5004],[8.6056,48.5049],[8.6004,48.5097]]]},"properties":{"AGS":"08237074","GEN":"Waldachtal","SN_L":"08"}},
{"type":"Feature","geometry":{"type":"Polygon","coordinates":[[[8.4692,48.5229],[8.4706,48.5374],[8.4609,48.5486],[8.428,48.5608],[8.4181,48.5534],[8.4265,48.5451],[8.429,48.5225],[8.4153,48.5145],[8.4245,48.5006],[8.3912,48.4836],[8.3835,48.4748],[8.3584,48.4819],[8.3443,48.4758],[8.329,48.4809],[8.3084,48.4784],[8.2734,48.4805],[8.2754,48.4779],[8.2853,48.4767],[8.293,48.4659],[8.3142,48.4658],[8.3181,48.4567],[8.3309,48.4566],[8.3536,48.4469],[8.3591,48.4342],[8.3627,48.4201],[8.3794,48.4363],[8.399,48.4332],[8.4057,48.4397],[8.4229,48.4363],[8.4343,48.44],[8.4571,48.4386],[8.4853,48.4449],[8.4899,48.4543],[8.4649,48.4597],[8.4776,48.4757],[8.4773,48.4891],[8.4858,48.5036],[8.4692,48.5229]]]},"properties":{"AGS":"08237028","GEN":"Freudenstadt","SN_L":"08"}},
{"type":"Feature","geometry":{"type":"Polygon","coordinates":[[[8.4545,48.6166],[8.4337,48.6266],[8.4228,48.636],[8.4093,48.6395],[8.3859,48.6321],[8.3828,48.6197],[8.3958,48.6212],[8.4076,48.6079],[8.4085,48.5934],[8.4156,48.5844],[8.421,48.5651],[8.428,48.5608],[8.4609,48.5486],[8.4706,48.5374],[8.4692,48.5229],[8.4869,48.516],[8.4727,48.5297],[8.4878,48.536],[8.4987,48.549],[8.4926,48.5517],[8.5154,48.5769],[8.5352,48.5875],[8.5011,48.5941],[8.4921,48.6042],[8.4545,48.6166]]]},"properties":{"AGS":"08237073","GEN":"Seewald","SN_L":"08"}},
{"type":"Feature","geometry":{"type":"Polygon","coordinates":[[[8.2754,48.4779],[8.2647,48.4566],[8.2688,48.449],[8.2546,48.4139],[8.2411,48.4114],[8.233,48.4014],[8.2476,48.3951],[8.2475,48.3853],[8.264,48.3793],[8.2592,48.3658],[8.2914,48.3577],[8.2992,48.3488],[8.304,48.3491],[8.3183,48.3562],[8.3151,48.3679],[8.3286,48.387],[8.332,48.4014],[8.3427,48.4015],[8.3485,48.4165],[8.3434,48.425],[8.3591,48.4342],[8.3536,48.4469],[8.3309,48.4566],[8.3181,48.4567],[8.3142,48.4658],[8.293,48.4659],[8.2853,48.4767],[8.2754,48.4779]]]},"properties":{"AGS":"08237075","GEN":"Bad Rippoldsau-Schapbach","SN_L":"08"}},
{"type":"Feature","geometry":{"type":"Polygon","coordinates":[[[8.7665,48.41],[8.7552,48.4136],[8.7444,48.4077],[8.7122,48.4156],[8.6956,48.4164],[8.6909,48.4072],[8.6761,48.3999],[8.6901,48.3872],[8.7372,48.378],[8.7568,48.3818],[8.7568,48.3929],[8.7665,48.41]]]},"properties":{"AGS":"08237024","GEN":"Empfingen","SN_L":"08"}},
{"type":"Feature","geometry":{"type":"Polygon","coordinates":[[[8.7557,48.5041],[8.7395,48.5044],[8.7341,48.4871],[8.7156,48.488],[8.6933,48.4841],[8.6917,48.4767],[8.7214,48.4736],[8.7325,48.4565],[8.7445,48.4611],[8.7568,48.4574],[8.7578,48.4464],[8.77,48.4385],[8.7804,48.441],[8.7902,48.4519],[8.8182,48.4607],[8.8213,48.4692],[8.8009,48.4781],[8.7953,48.4848],[8.7765,48.4865],[8.7653,48.5035],[8.7557,48.5041]]]},"properties":{"AGS":"08237027","GEN":"Eutingen im Gäu","SN_L":"08"}},
{"type":"Feature","geometry":{"type":"Polygon","coordinates":[[[8.6933,48.4841],[8.674,48.5102],[8.636,48.5004],[8.6391,48.497],[8.615,48.478],[8.6114,48.4715],[8.578,48.4585],[8.5548,48.4458],[8.5453,48.445],[8.5479,48.4373],[8.5792,48.42],[8.5741,48.4044],[8.5967,48.4087],[8.606,48.3962],[8.6401,48.4023],[8.6547,48.3946],[8.6761,48.3999],[8.6909,48.4072],[8.6956,48.4164],[8.7122,48.4156],[8.7444,48.4077],[8.7552,48.4136],[8.7665,48.41],[8.7741,48.4163],[8.7643,48.428],[8.77,48.4385],[8.7578,48.4464],[8.7568,48.4574],[8.7445,48.4611],[8.7325,48.4565],[8.7214,48.4736],[8.6917,48.4767],[8.6933,48.4841]]]},"properties":{"AGS":"08237040","GEN":"Horb am Neckar","SN_L":"08"}},
{"type":"Feature","geometry":{"type":"Polygon","coordinates":[[[8.5625,48.5691],[8.5421,48.5864],[8.5352,48.5875],[8.5154,48.5769],[8.4926,48.5517],[8.4987,48.549],[8.5183,48.5484],[8.5282,48.5529],[8.5478,48.553],[8.5625,48.5691]]]},"properties":{"AGS":"08237032","GEN":"Grömbach","SN_L":"08"}},
{"type":"Feature","geometry":{"type":"Polygon","coordinates":[[[8.5478,48.553],[8.5282,48.5529],[8.5183,48.5484],[8.4987,48.549],[8.4878,48.536],[8.4727,48.5297],[8.4869,48.516],[8.4904,48.5085],[8.515,48.4979],[8.5419,48.5027],[8.5539,48.509],[8.5786,48.5126],[8.6004,48.5097],[8.6044,48.5251],[8.6191,48.5318],[8.6189,48.5421],[8.6023,48.5499],[8.5867,48.5447],[8.5594,48.5497],[8.5478,48.553]]]},"properties":{"AGS":"08237054","GEN":"Pfalzgrafenweiler","SN_L":"08"}},
{"type":"Feature","geometry":{"type":"Polygon","coordinates":[[[8.5478,48.553],[8.5594,48.5497],[8.5761,48.5615],[8.5625,48.5691],[8.5478,48.553]]]},"properties":{"AGS":"08237072","GEN":"Wörnersberg","SN_L":"08"}},
{"type":"Feature","geometry":{"type":"Polygon","coordinates":[[[7.8247,48.069],[7.815,48.0711],[7.7971,48.0591],[7.7943,48.0447],[7.7863,48.0329],[7.7893,48.0286],[7.7689,48.0175],[7.7582,48.0186],[7.7335,48.033],[7.7321,48.038],[7.7083,48.0353],[7.7038,48.0287],[7.7065,48.0101],[7.679,47.9958],[7.6848,47.9879],[7.6786,47.9753],[7.6631,47.9665],[7.6777,47.9594],[7.6897,47.9634],[7.7012,47.9593],[7.7388,47.979],[7.7679,47.9784],[7.7904,47.9688],[7.8089,47.9659],[7.8228,47.9724],[7.8469,47.9624],[7.8556,47.9502],[7.879,47.9486],[7.8771,47.9348],[7.8625,47.9238],[7.8683,47.9093],[7.8751,47.9035],[7.885,47.9042],[7.9092,47.9144],[7.9066,47.9246],[7.922,47.9374],[7.9247,47.9509],[7.9151,47.9628],[7.9241,47.9706],[7.9263,47.9875],[7.9303,47.9908],[7.9265,48.014],[7.9219,48.0156],[7.8882,48.0102],[7.8724,48.0164],[7.8818,48.023],[7.8752,48.0314],[7.8548,48.0364],[7.8506,48.052],[7.8386,48.056],[7.8247,48.069]]]},"properties":{"AGS":"08311000","GEN":"Freiburg im Breisgau","SN_L":"08"}},
{"type":"Feature","geometry":{"type":"Polygon","coordinates":[[[8.2542,47.8935],[8.2283,47.8889],[8.2023,47.8932],[8.1763,47.9013],[8.1616,47.8964],[8.1394,47.8836],[8.1265,47.8775],[8.1271,47.8686],[8.1146,47.8497],[8.1072,47.8474],[8.1368,47.8412],[8.1509,47.8553],[8.1796,47.8579],[8.1867,47.8476],[8.2102,47.8356],[8.2279,47.8323],[8.258,47.8385],[8.2531,47.8444],[8.2675,47.852],[8.2793,47.8646],[8.2542,47.8935]]]},"properties":{"AGS":"08315068","GEN":"Lenzkirch","SN_L":"08"}},
{"type":"Feature","geometry":{"type":"Polygon","coordinates":[[[7.6129,47.8912],[7.5974,47.9018],[7.5917,47.8998],[7.5816,47.898],[7.5589,47.8818],[7.556,47.867],[7.5629,47.8427],[7.5489,47.8213],[7.5321,47.7878],[7.5334,47.766],[7.546,47.7436],[7.5534,47.7444],[7.5736,47.7756],[7.5559,47.7862],[7.5545,47.7956],[7.5686,47.8005],[7.5792,47.8103],[7.5717,47.8155],[7.5955,47.8464],[7.6086,47.8577],[7.6175,47.8763],[7.6129,47.8912]]]},"properties":{"AGS":"08315076","GEN":"Neuenburg am Rhein","SN_L":"08"}},
{"type":"Feature","geometry":{"type":"Polygon","coordinates":[[[7.6397,48.113],[7.5914,48.108],[7.5773,48.1157],[7.579,48.0998],[7.5737,48.091],[7.6002,48.0857],[7.5958,48.0661],[7.606,48.0533],[7.6147,48.0532],[7.616,48.0589],[7.6356,48.063],[7.6383,48.0732],[7.6582,48.0679],[7.6701,48.0811],[7.6847,48.0837],[7.6958,48.092],[7.7004,48.1065],[7.6985,48.1124],[7.6816,48.1157],[7.6735,48.1105],[7.6484,48.1075],[7.6397,48.113]]]},"properties":{"AGS":"08315133","GEN":"Vogtsburg im Kaiserstuhl","SN_L":"08"}},
{"type":"Feature","geometry":{"type":"Polygon","coordinates":[[[7.6777,47.9594],[7.6631,47.9665],[7.6412,47.9581],[7.6599,47.9428],[7.639,47.9064],[7.6718,47.8907],[7.7069,47.8814],[7.7203,47.8901],[7.7251,47.901],[7.722,47.9112],[7.7017,47.9315],[7.7078,47.9443],[7.6783,47.9527],[7.6777,47.9594]]]},"properties":{"AGS":"08315006","GEN":"Bad Krozingen","SN_L":"08"}},
{"type":"Feature","geometry":{"type":"Polygon","coordinates":[[[7.639,47.9064],[7.6599,47.9428],[7.6412,47.9581],[7.6282,47.9543],[7.6129,47.9582],[7.588,47.9371],[7.5811,47.9268],[7.5827,47.9055],[7.5917,47.8998],[7.5974,47.9018],[7.6173,47.9086],[7.6248,47.9021],[7.639,47.9064]]]},"properties":{"AGS":"08315048","GEN":"Hartheim am Rhein","SN_L":"08"}},
{"type":"Feature","geometry":{"type":"Polygon","coordinates":[[[7.6147,48.0532],[7.606,48.0533],[7.5958,48.0661],[7.6002,48.0857],[7.5737,48.091],[7.5692,48.08],[7.5739,48.0549],[7.5685,48.0352],[7.6134,47.9947],[7.6217,47.9765],[7.6129,47.9582],[7.6282,47.9543],[7.6412,47.9581],[7.6631,47.9665],[7.6786,47.9753],[7.6848,47.9879],[7.679,47.9958],[7.657,48.0204],[7.6612,48.0278],[7.6202,48.0381],[7.6147,48.0532]]]},"properties":{"AGS":"08315015","GEN":"Breisach am Rhein","SN_L":"08"}},
{"type":"Feature","geometry":{"type":"Polygon","coordinates":[[[7.7075,48.0563],[7.6871,48.0641],[7.6847,48.0837],[7.6701,48.0811],[7.6582,48.0679],[7.6383,48.0732],[7.6356,48.063],[7.616,48.0589],[7.6147,48.0532],[7.6202,48.0381],[7.6612,48.0278],[7.6686,48.0408],[7.6973,48.0474],[7.7075,48.0563]]]},"properties":{"AGS":"08315059","GEN":"Ihringen","SN_L":"08"}},
{"type":"Feature","geometry":{"type":"Polygon","coordinates":[[[7.679,47.9958],[7.7065,48.0101],[7.7038,48.0287],[7.7083,48.0353],[7.6973,48.0474],[7.6686,48.0408],[7.6612,48.0278],[7.657,48.0204],[7.679,47.9958]]]},"properties":{"AGS":"08315072","GEN":"Merdingen","SN_L":"08"}},
{"type":"Feature","geometry":{"type":"Polygon","coordinates":[[[8.0457,47.9997],[8.0394,47.9941],[8.0188,48.005],[7.9975,47.9955],[8.0006,47.9842],[7.9889,47.9789],[7.9879,47.9663],[7.9938,47.9539],[7.9826,47.9461],[7.9992,47.9251],[8.0163,47.9213],[8.0306,47.9413],[8.0408,47.9462],[8.0591,47.9444],[8.0567,47.9653],[8.0547,47.9823],[8.0742,47.978],[8.0847,47.9806],[8.0906,47.9938],[8.0457,47.9997]]]},"properties":{"AGS":"08315020","GEN":"Buchenbach","SN_L":"08"}},
{"type":"Feature","geometry":{"type":"Polygon","coordinates":[[[7.9889,47.9789],[7.9725,47.975],[7.9263,47.9875],[7.9241,47.9706],[7.9151,47.9628],[7.9247,47.9509],[7.922,47.9374],[7.9414,47.9382],[7.9483,47.9468],[7.9826,47.9461],[7.9938,47.9539],[7.9879,47.9663],[7.9889,47.9789]]]},"properties":{"AGS":"08315064","GEN":"Kirchzarten","SN_L":"08"}},
{"type":"Feature","geometry":{"type":"Polygon","coordinates":[[[7.9826,47.9461],[7.9483,47.9468],[7.9414,47.9382],[7.922,47.9374],[7.9066,47.9246],[7.9092,47.9144],[7.885,47.9042],[7.8917,47.896],[7.8899,47.879],[7.9055,47.8758],[7.954,47.8754],[7.9834,47.8666],[8.0234,47.8845],[8.0397,47.9009],[8.0281,47.9158],[8.0163,47.9213],[7.9992,47.9251],[7.9826,47.9461]]]},"properties":{"AGS":"08315084","GEN":"Oberried","SN_L":"08"}},
{"type":"Feature","geometry":{"type":"Polygon","coordinates":[[[7.9949,48.022],[7.9751,48.0257],[7.9265,48.014],[7.9303,47.9908],[7.9263,47.9875],[7.9725,47.975],[7.9889,47.9789],[8.0006,47.9842],[7.9975,47.9955],[8.0188,48.005],[8.0108,48.0162],[7.9949,48.022]]]},"properties":{"AGS":"08315109","GEN":"Stegen","SN_L":"08"}},
{"type":"Feature","geometry":{"type":"Polygon","coordinates":[[[7.8286,47.922],[7.8112,47.9225],[7.7918,47.9325],[7.7808,47.9357],[7.7669,47.9231],[7.7714,47.9159],[7.7897,47.9143],[7.7997,47.9078],[7.8433,47.8933],[7.8751,47.9035],[7.8683,47.9093],[7.8427,47.9223],[7.8286,47.922]]]},"properties":{"AGS":"08315014","GEN":"Bollschweil","SN_L":"08"}},
{"type":"Feature","geometry":{"type":"Polygon","coordinates":[[[7.7483,47.9459],[7.7288,47.954],[7.7243,47.9423],[7.7078,47.9443],[7.7017,47.9315],[7.722,47.9112],[7.7251,47.901],[7.7432,47.8975],[7.7684,47.8769],[7.7762,47.8742],[7.817,47.8841],[7.8291,47.8851],[7.8433,47.8933],[7.7997,47.9078],[7.7897,47.9143],[7.7714,47.9159],[7.7669,47.9231],[7.7808,47.9357],[7.7614,47.9286],[7.7397,47.9365],[7.7483,47.9459]]]},"properties":{"AGS":"08315131","GEN":"Ehrenkirchen","SN_L":"08"}},
{"type":"Feature","geometry":{"type":"Polygon","coordinates":[[[7.8649,48.0558],[7.8506,48.052],[7.8548,48.0364],[7.8752,48.0314],[7.8818,48.023],[7.8724,48.0164],[7.8882,48.0102],[7.9219,48.0156],[7.9161,48.0352],[7.8991,48.0356],[7.8847,48.0532],[7.8649,48.0558]]]},"properties":{"AGS":"08315047","GEN":"Gundelfingen","SN_L":"08"}},
{"type":"Feature","geometry":{"type":"Polygon","coordinates":[[[7.9172,48.0469],[7.9022,48.0573],[7.8847,48.0532],[7.8991,48.0356],[7.9161,48.0352],[7.9172,48.0469]]]},"properties":{"AGS":"08315051","GEN":"Heuweiler","SN_L":"08"}},
{"type":"Feature","geometry":{"type":"Polygon","coordinates":[[[7.6855,47.8678],[7.6701,47.8571],[7.6743,47.8539],[7.691,47.8488],[7.7112,47.8511],[7.7277,47.8474],[7.7287,47.8539],[7.7077,47.8678],[7.6855,47.8678]]]},"properties":{"AGS":"08315008","GEN":"Ballrechten-Dottingen","SN_L":"08"}},
{"type":"Feature","geometry":{"type":"Polygon","coordinates":[[[7.639,47.9064],[7.6248,47.9021],[7.6173,47.9086],[7.5974,47.9018],[7.6129,47.8912],[7.6427,47.8824],[7.6587,47.884],[7.6718,47.8907],[7.639,47.9064]]]},"properties":{"AGS":"08315033","GEN":"Eschbach","SN_L":"08"}},
{"type":"Feature","geometry":{"type":"MultiPolygon","coordinates":[[[[7.5816,47.898],[7.5917,47.8998],[7.5827,47.9055],[7.5816,47.898]]],[[[7.6718,47.8907],[7.6587,47.884],[7.6427,47.8824],[7.6129,47.8912],[7.6175,47.8763],[7.6393,47.8717],[7.6436,47.8659],[7.6701,47.8571],[7.6855,47.8678],[7.6879,47.8797],[7.7069,47.8814],[7.6718,47.8907]]]]},"properties":{"AGS":"08315050","GEN":"Heitersheim","SN_L":"08"}},
{"type":"Feature","geometry":{"type":"Polygon","coordinates":[[[7.8556,47.9502],[7.8469,47.9624],[7.8091,47.959],[7.8095,47.9546],[7.8355,47.9434],[7.8556,47.9502]]]},"properties":{"AGS":"08315003","GEN":"Au","SN_L":"08"}},
{"type":"Feature","geometry":{"type":"Polygon","coordinates":[[[7.8683,47.9093],[7.8625,47.9238],[7.8771,47.9348],[7.879,47.9486],[7.8556,47.9502],[7.8355,47.9434],[7.8427,47.9223],[7.8683,47.9093]]]},"properties":{"AGS":"08315056","GEN":"Horben","SN_L":"08"}},
{"type":"Feature","geometry":{"type":"Polygon","coordinates":[[[7.8469,47.9624],[7.8228,47.9724],[7.8089,47.9659],[7.8091,47.959],[7.8469,47.9624]]]},"properties":{"AGS":"08315073","GEN":"Merzhausen","SN_L":"08"}},
{"type":"Feature","geometry":{"type":"Polygon","coordinates":[[[7.8286,47.922],[7.8263,47.9329],[7.8052,47.9422],[7.7918,47.9325],[7.8112,47.9225],[7.8286,47.922]]]},"properties":{"AGS":"08315107","GEN":"Sölden","SN_L":"08"}},
{"type":"Feature","geometry":{"type":"Polygon","coordinates":[[[7.8355,47.9434],[7.8095,47.9546],[7.8052,47.9422],[7.8263,47.9329],[7.8286,47.922],[7.8427,47.9223],[7.8355,47.9434]]]},"properties":{"AGS":"08315125","GEN":"Wittnau","SN_L":"08"}},
{"type":"Feature","geometry":{"type":"Polygon","coordinates":[[[8.1095,47.9132],[8.1204,47.9403],[8.144,47.935],[8.1572,47.938],[8.1465,47.9526],[8.1514,47.9664],[8.1334,47.98],[8.1303,47.9699],[8.1173,47.9651],[8.1069,47.954],[8.0869,47.9528],[8.0797,47.9607],[8.0567,47.9653],[8.0591,47.9444],[8.0408,47.9462],[8.0306,47.9413],[8.0163,47.9213],[8.0281,47.9158],[8.0304,47.9199],[8.093,47.9106],[8.1095,47.9132]]]},"properties":{"AGS":"08315016","GEN":"Breitnau","SN_L":"08"}},
{"type":"Feature","geometry":{"type":"Polygon","coordinates":[[[8.1095,47.9132],[8.093,47.9106],[8.0304,47.9199],[8.0281,47.9158],[8.0397,47.9009],[8.0234,47.8845],[8.0274,47.8726],[8.0417,47.8803],[8.0569,47.868],[8.0742,47.8695],[8.1165,47.8831],[8.1265,47.8775],[8.1394,47.8836],[8.1459,47.8974],[8.1095,47.9132]]]},"properties":{"AGS":"08315052","GEN":"Hinterzarten","SN_L":"08"}},
{"type":"Feature","geometry":{"type":"Polygon","coordinates":[[[7.7526,48.0738],[7.7422,48.084],[7.7127,48.0864],[7.6958,48.092],[7.6847,48.0837],[7.6871,48.0641],[7.7075,48.0563],[7.7362,48.0636],[7.7459,48.0616],[7.7526,48.0738]]]},"properties":{"AGS":"08315013","GEN":"Bötzingen","SN_L":"08"}},
{"type":"Feature","geometry":{"type":"Polygon","coordinates":[[[7.7564,48.1079],[7.7494,48.1128],[7.7337,48.1074],[7.7178,48.1105],[7.7004,48.1065],[7.6958,48.092],[7.7127,48.0864],[7.7422,48.084],[7.7526,48.0738],[7.757,48.0827],[7.7627,48.1004],[7.7564,48.1079]]]},"properties":{"AGS":"08315030","GEN":"Eichstetten am Kaiserstuhl","SN_L":"08"}},
{"type":"Feature","geometry":{"type":"Polygon","coordinates":[[[7.7459,48.0616],[7.7362,48.0636],[7.7075,48.0563],[7.6973,48.0474],[7.7083,48.0353],[7.7321,48.038],[7.753,48.0479],[7.7459,48.0616]]]},"properties":{"AGS":"08315043","GEN":"Gottenheim","SN_L":"08"}},
{"type":"Feature","geometry":{"type":"Polygon","coordinates":[[[8.2961,47.942],[8.267,47.9419],[8.249,47.9461],[8.2424,47.925],[8.2542,47.8935],[8.2793,47.8646],[8.2899,47.8787],[8.3098,47.8789],[8.3113,47.891],[8.2945,47.9154],[8.2961,47.942]]]},"properties":{"AGS":"08315039","GEN":"Friedenweiler","SN_L":"08"}},
{"type":"Feature","geometry":{"type":"Polygon","coordinates":[[[8.3145,47.9435],[8.2961,47.942],[8.2945,47.9154],[8.3113,47.891],[8.3098,47.8789],[8.2899,47.8787],[8.2793,47.8646],[8.2675,47.852],[8.3211,47.842],[8.3575,47.8448],[8.3803,47.8413],[8.3904,47.8407],[8.412,47.8519],[8.439,47.8536],[8.4394,47.8749],[8.422,47.8832],[8.4083,47.9051],[8.3562,47.9259],[8.3463,47.9357],[8.3145,47.9435]]]},"properties":{"AGS":"08315070","GEN":"Löffingen","SN_L":"08"}},
{"type":"Feature","geometry":{"type":"Polygon","coordinates":[[[7.7863,48.0329],[7.782,48.0392],[7.753,48.0479],[7.7321,48.038],[7.7335,48.033],[7.7582,48.0186],[7.7689,48.0175],[7.7893,48.0286],[7.7863,48.0329]]]},"properties":{"AGS":"08315115","GEN":"Umkirch","SN_L":"08"}},
{"type":"Feature","geometry":{"type":"Polygon","coordinates":[[[7.7899,48.0841],[7.7697,48.0873],[7.757,48.0827],[7.7526,48.0738],[7.7459,48.0616],[7.753,48.0479],[7.782,48.0392],[7.7863,48.0329],[7.7943,48.0447],[7.7971,48.0591],[7.815,48.0711],[7.8247,48.069],[7.7899,48.0841]]]},"properties":{"AGS":"08315132","GEN":"March","SN_L":"08"}},
{"type":"Feature","geometry":{"type":"Polygon","coordinates":[[[7.6152,47.7738],[7.6337,47.7807],[7.6107,47.7901],[7.6109,47.7999],[7.5792,47.8103],[7.5686,47.8005],[7.5545,47.7956],[7.5559,47.7862],[7.5736,47.7756],[7.5826,47.7725],[7.5861,47.7719],[7.6152,47.7738]]]},"properties":{"AGS":"08315004","GEN":"Auggen","SN_L":"08"}},
{"type":"Feature","geometry":{"type":"Polygon","coordinates":[[[7.7216,47.7868],[7.7121,47.7899],[7.7032,47.8072],[7.7089,47.8154],[7.7015,47.8171],[7.7005,47.8086],[7.6827,47.811],[7.6636,47.8084],[7.6574,47.7986],[7.6681,47.7933],[7.6832,47.7997],[7.6919,47.7853],[7.6559,47.7941],[7.6461,47.7891],[7.6625,47.7768],[7.6723,47.7713],[7.6918,47.7801],[7.7017,47.7796],[7.7216,47.7868]]]},"properties":{"AGS":"08315007","GEN":"Badenweiler","SN_L":"08"}},
{"type":"Feature","geometry":{"type":"Polygon","coordinates":[[[7.6701,47.8571],[7.6436,47.8659],[7.6393,47.8717],[7.6175,47.8763],[7.6086,47.8577],[7.5955,47.8464],[7.6186,47.8418],[7.6369,47.8323],[7.6411,47.8392],[7.6624,47.8427],[7.6743,47.8539],[7.6701,47.8571]]]},"properties":{"AGS":"08315022","GEN":"Buggingen","SN_L":"08"}},
{"type":"Feature","geometry":{"type":"MultiPolygon","coordinates":[[[[7.7657,47.804],[7.7415,47.8037],[7.7089,47.8154],[7.7032,47.8072],[7.7121,47.7899],[7.7216,47.7868],[7.749,47.7896],[7.7836,47.7943],[7.7772,47.8032],[7.7657,47.804]]],[[[7.6624,47.8427],[7.6411,47.8392],[7.6369,47.8323],[7.6186,47.8418],[7.5955,47.8464],[7.5717,47.8155],[7.5792,47.8103],[7.6109,47.7999],[7.6107,47.7901],[7.6337,47.7807],[7.6152,47.7738],[7.6197,47.7571],[7.6495,47.7673],[7.6625,47.7768],[7.6461,47.7891],[7.6559,47.7941],[7.6919,47.7853],[7.6832,47.7997],[7.6681,47.7933],[7.6574,47.7986],[7.6636,47.8084],[7.6827,47.811],[7.7005,47.8086],[7.7015,47.8171],[7.6986,47.8311],[7.6624,47.8427]]]]},"properties":{"AGS":"08315074","GEN":"Müllheim im Markgräflerland","SN_L":"08"}},
{"type":"Feature","geometry":{"type":"Polygon","coordinates":[[[7.7277,47.8474],[7.7112,47.8511],[7.691,47.8488],[7.6743,47.8539],[7.6624,47.8427],[7.6986,47.8311],[7.7015,47.8171],[7.7089,47.8154],[7.7415,47.8037],[7.7657,47.804],[7.7671,47.8268],[7.7564,47.832],[7.7277,47.8474]]]},"properties":{"AGS":"08315111","GEN":"Sulzburg","SN_L":"08"}},
{"type":"Feature","geometry":{"type":"Polygon","coordinates":[[[7.9218,48.0652],[7.9172,48.0469],[7.9161,48.0352],[7.9219,48.0156],[7.9265,48.014],[7.9751,48.0257],[7.9949,48.022],[8.0084,48.0254],[8.0064,48.0408],[8.0149,48.0488],[8.0124,48.0624],[7.9559,48.0636],[7.9511,48.0574],[7.9218,48.0652]]]},"properties":{"AGS":"08315041","GEN":"Glottertal","SN_L":"08"}},
{"type":"Feature","geometry":{"type":"Polygon","coordinates":[[[8.136,48.0093],[8.1225,48.0105],[8.1182,48.0215],[8.0946,48.0391],[8.0998,48.0248],[8.095,48.018],[8.062,48.0084],[8.0457,47.9997],[8.0906,47.9938],[8.0847,47.9806],[8.0742,47.978],[8.0547,47.9823],[8.0567,47.9653],[8.0797,47.9607],[8.0869,47.9528],[8.1069,47.954],[8.1173,47.9651],[8.1303,47.9699],[8.1334,47.98],[8.1324,47.9883],[8.1509,48.0012],[8.1405,48.0083],[8.136,48.0093]]]},"properties":{"AGS":"08315094","GEN":"St. Märgen","SN_L":"08"}},
{"type":"Feature","geometry":{"type":"Polygon","coordinates":[[[8.0946,48.0391],[8.0769,48.0442],[8.0732,48.058],[8.0578,48.0634],[8.0346,48.0576],[8.0124,48.0624],[8.0149,48.0488],[8.0064,48.0408],[8.0084,48.0254],[7.9949,48.022],[8.0108,48.0162],[8.0188,48.005],[8.0394,47.9941],[8.0457,47.9997],[8.062,48.0084],[8.095,48.018],[8.0998,48.0248],[8.0946,48.0391]]]},"properties":{"AGS":"08315095","GEN":"St. Peter","SN_L":"08"}},
{"type":"Feature","geometry":{"type":"Polygon","coordinates":[[[7.8089,47.9659],[7.7904,47.9688],[7.7757,47.9637],[7.7655,47.9526],[7.7808,47.9357],[7.7918,47.9325],[7.8052,47.9422],[7.8095,47.9546],[7.8091,47.959],[7.8089,47.9659]]]},"properties":{"AGS":"08315028","GEN":"Ebringen","SN_L":"08"}},
{"type":"Feature","geometry":{"type":"Polygon","coordinates":[[[7.7808,47.9357],[7.7686,47.9437],[7.7483,47.9459],[7.7397,47.9365],[7.7614,47.9286],[7.7808,47.9357]]]},"properties":{"AGS":"08315089","GEN":"Pfaffenweiler","SN_L":"08"}},
{"type":"Feature","geometry":{"type":"Polygon","coordinates":[[[7.7904,47.9688],[7.7679,47.9784],[7.7388,47.979],[7.7012,47.9593],[7.6897,47.9634],[7.6777,47.9594],[7.6783,47.9527],[7.7078,47.9443],[7.7243,47.9423],[7.7288,47.954],[7.7483,47.9459],[7.7686,47.9437],[7.7808,47.9357],[7.7655,47.9526],[7.7757,47.9637],[7.7904,47.9688]]]},"properties":{"AGS":"08315098","GEN":"Schallstadt","SN_L":"08"}},
{"type":"Feature","geometry":{"type":"Polygon","coordinates":[[[8.1265,47.8775],[8.1165,47.8831],[8.0742,47.8695],[8.0569,47.868],[8.0417,47.8803],[8.0274,47.8726],[8.0234,47.8845],[7.9834,47.8666],[8.0126,47.8662],[8.0189,47.8605],[8.018,47.8411],[8.0234,47.8434],[8.0432,47.8552],[8.0672,47.8574],[8.0794,47.8481],[8.1072,47.8474],[8.1146,47.8497],[8.1271,47.8686],[8.1265,47.8775]]]},"properties":{"AGS":"08315037","GEN":"Feldberg (Schwarzwald)","SN_L":"08"}},
{"type":"Feature","geometry":{"type":"Polygon","coordinates":[[[8.2279,47.8323],[8.2102,47.8356],[8.1867,47.8476],[8.1796,47.8579],[8.1509,47.8553],[8.1368,47.8412],[8.1072,47.8474],[8.0794,47.8481],[8.0854,47.8311],[8.0997,47.8067],[8.1246,47.802],[8.1349,47.7854],[8.1459,47.7865],[8.1544,47.7727],[8.1831,47.7769],[8.1927,47.7637],[8.1915,47.7487],[8.193,47.7474],[8.1959,47.7515],[8.1947,47.7628],[8.2235,47.7643],[8.2075,47.7855],[8.2221,47.8084],[8.2115,47.8194],[8.234,47.8244],[8.2279,47.8323]]]},"properties":{"AGS":"08315102","GEN":"Schluchsee","SN_L":"08"}},
{"type":"Feature","geometry":{"type":"Polygon","coordinates":[[[7.7684,47.8769],[7.7432,47.8975],[7.7251,47.901],[7.7203,47.8901],[7.7069,47.8814],[7.6879,47.8797],[7.6855,47.8678],[7.7077,47.8678],[7.7287,47.8539],[7.7277,47.8474],[7.7564,47.832],[7.7648,47.8354],[7.7549,47.8583],[7.7684,47.8769]]]},"properties":{"AGS":"08315108","GEN":"Staufen im Breisgau","SN_L":"08"}},
{"type":"Feature","geometry":{"type":"Polygon","coordinates":[[[7.8899,47.879],[7.8917,47.896],[7.885,47.9042],[7.8751,47.9035],[7.8433,47.8933],[7.8291,47.8851],[7.817,47.8841],[7.7762,47.8742],[7.7684,47.8769],[7.7549,47.8583],[7.7648,47.8354],[7.7564,47.832],[7.7671,47.8268],[7.7657,47.804],[7.7772,47.8032],[7.8013,47.8053],[7.8189,47.8118],[7.833,47.8225],[7.845,47.8272],[7.8547,47.8386],[7.8696,47.8477],[7.8876,47.8675],[7.8899,47.879]]]},"properties":{"AGS":"08315130","GEN":"Münstertal/Schwarzwald","SN_L":"08"}},
{"type":"Feature","geometry":{"type":"Polygon","coordinates":[[[8.3133,47.9702],[8.3197,47.9887],[8.308,47.9931],[8.2824,47.987],[8.2704,47.9933],[8.2395,47.9932],[8.2248,47.9975],[8.2144,47.989],[8.1965,47.9838],[8.2024,47.9726],[8.2243,47.9699],[8.2687,47.9717],[8.2611,47.9531],[8.249,47.9461],[8.267,47.9419],[8.2961,47.942],[8.3145,47.9435],[8.3141,47.9519],[8.2821,47.9509],[8.2811,47.9584],[8.3133,47.9702]]]},"properties":{"AGS":"08315031","GEN":"Eisenbach (Hochschwarzwald)","SN_L":"08"}},
{"type":"Feature","geometry":{"type":"Polygon","coordinates":[[[8.191,47.9937],[8.1509,48.0012],[8.1324,47.9883],[8.1334,47.98],[8.1514,47.9664],[8.1465,47.9526],[8.1572,47.938],[8.144,47.935],[8.1204,47.9403],[8.1095,47.9132],[8.1459,47.8974],[8.1394,47.8836],[8.1616,47.8964],[8.1763,47.9013],[8.2023,47.8932],[8.2283,47.8889],[8.2542,47.8935],[8.2424,47.925],[8.249,47.9461],[8.2611,47.9531],[8.2687,47.9717],[8.2243,47.9699],[8.2024,47.9726],[8.1965,47.9838],[8.191,47.9937]]]},"properties":{"AGS":"08315113","GEN":"Titisee-Neustadt","SN_L":"08"}},
{"type":"Feature","geometry":{"type":"Polygon","coordinates":[[[7.8817,48.0858],[7.8697,48.0953],[7.8456,48.089],[7.8445,48.0873],[7.8536,48.0678],[7.8649,48.0558],[7.8847,48.0532],[7.9022,48.0573],[7.9172,48.0469],[7.9218,48.0652],[7.9237,48.0745],[7.8936,48.0801],[7.8817,48.0858]]]},"properties":{"AGS":"08316009","GEN":"Denzlingen","SN_L":"08"}},
{"type":"Feature","geometry":{"type":"Polygon","coordinates":[[[7.843,48.0896],[7.8048,48.0955],[7.7964,48.0848],[7.8088,48.0793],[7.8272,48.0784],[7.8445,48.0873],[7.8456,48.089],[7.843,48.0896]]]},"properties":{"AGS":"08316036","GEN":"Reute","SN_L":"08"}},
{"type":"Feature","geometry":{"type":"Polygon","coordinates":[[[7.8649,48.0558],[7.8536,48.0678],[7.8445,48.0873],[7.8272,48.0784],[7.8088,48.0793],[7.7964,48.0848],[7.7899,48.0841],[7.8247,48.069],[7.8386,48.056],[7.8506,48.052],[7.8649,48.0558]]]},"properties":{"AGS":"08316045","GEN":"Vörstetten","SN_L":"08"}},
{"type":"Feature","geometry":{"type":"Polygon","coordinates":[[[8.0514,48.2217],[8.0364,48.2226],[8.0291,48.2324],[8.0176,48.2342],[7.9928,48.2211],[8.0029,48.2127],[7.9811,48.2026],[7.9828,48.1943],[7.9928,48.1906],[8.0014,48.1748],[8.0394,48.1761],[8.0604,48.1725],[8.0619,48.1926],[8.0905,48.1978],[8.0944,48.2052],[8.0573,48.2033],[8.0514,48.2217]]]},"properties":{"AGS":"08316003","GEN":"Biederbach","SN_L":"08"}},
{"type":"Feature","geometry":{"type":"Polygon","coordinates":[[[8.0832,48.2214],[8.0726,48.2261],[8.0514,48.2217],[8.0573,48.2033],[8.0944,48.2052],[8.0905,48.1978],[8.0619,48.1926],[8.0604,48.1725],[8.0394,48.1761],[8.0014,48.1748],[7.9917,48.1642],[7.9946,48.1558],[8.0195,48.1542],[8.0339,48.1649],[8.0676,48.1589],[8.08,48.1431],[8.083,48.1285],[8.1174,48.1281],[8.1254,48.1317],[8.1421,48.1405],[8.1363,48.1639],[8.1546,48.1733],[8.1685,48.1752],[8.1803,48.1839],[8.1846,48.2047],[8.1718,48.2103],[8.1661,48.2214],[8.1519,48.229],[8.1395,48.2201],[8.1168,48.2104],[8.0989,48.2093],[8.0919,48.2126],[8.0882,48.2177],[8.0832,48.2214]]]},"properties":{"AGS":"08316010","GEN":"Elzach","SN_L":"08"}},
{"type":"Feature","geometry":{"type":"Polygon","coordinates":[[[8.083,48.1285],[8.08,48.1431],[8.0676,48.1589],[8.0339,48.1649],[8.0195,48.1542],[7.9946,48.1558],[7.9892,48.1465],[8.0015,48.1338],[8.0273,48.125],[8.0457,48.1275],[8.0577,48.1202],[8.083,48.1285]]]},"properties":{"AGS":"08316055","GEN":"Winden im Elztal","SN_L":"08"}},
{"type":"Feature","geometry":{"type":"Polygon","coordinates":[[[7.8709,48.1596],[7.8589,48.1575],[7.8428,48.1457],[7.8268,48.1486],[7.8168,48.1285],[7.83,48.1241],[7.8473,48.1073],[7.843,48.0896],[7.8456,48.089],[7.8697,48.0953],[7.8817,48.0858],[7.9013,48.0999],[7.9011,48.1358],[7.9104,48.138],[7.8972,48.1455],[7.8774,48.1457],[7.8709,48.1596]]]},"properties":{"AGS":"08316011","GEN":"Emmendingen","SN_L":"08"}},
{"type":"Feature","geometry":{"type":"MultiPolygon","coordinates":[[[[7.8668,48.1794],[7.8584,48.1714],[7.8469,48.1827],[7.8219,48.1752],[7.8491,48.1711],[7.8522,48.1618],[7.8724,48.1634],[7.8668,48.1794]]],[[[7.8156,48.1737],[7.7928,48.1724],[7.7651,48.1596],[7.7746,48.1416],[7.781,48.1481],[7.807,48.1546],[7.8185,48.1537],[7.8156,48.1737]]]]},"properties":{"AGS":"08316024","GEN":"Malterdingen","SN_L":"08"}},
{"type":"Feature","geometry":{"type":"Polygon","coordinates":[[[7.9482,48.1309],[7.9308,48.1423],[7.9104,48.138],[7.9011,48.1358],[7.9013,48.0999],[7.8817,48.0858],[7.8936,48.0801],[7.9053,48.0916],[7.9145,48.089],[7.9381,48.1071],[7.9343,48.123],[7.9482,48.1309]]]},"properties":{"AGS":"08316039","GEN":"Sexau","SN_L":"08"}},
{"type":"Feature","geometry":{"type":"Polygon","coordinates":[[[7.8724,48.1634],[7.8522,48.1618],[7.8491,48.1711],[7.8219,48.1752],[7.8156,48.1737],[7.8185,48.1537],[7.807,48.1546],[7.781,48.1481],[7.7746,48.1416],[7.7697,48.1285],[7.7777,48.1207],[7.7679,48.1083],[7.7564,48.1079],[7.7627,48.1004],[7.757,48.0827],[7.7697,48.0873],[7.7899,48.0841],[7.7964,48.0848],[7.8048,48.0955],[7.843,48.0896],[7.8473,48.1073],[7.83,48.1241],[7.8168,48.1285],[7.8268,48.1486],[7.8428,48.1457],[7.8589,48.1575],[7.8709,48.1596],[7.8724,48.1634]]]},"properties":{"AGS":"08316043","GEN":"Teningen","SN_L":"08"}},
{"type":"Feature","geometry":{"type":"Polygon","coordinates":[[[7.9421,48.2073],[7.8969,48.2039],[7.8921,48.1989],[7.8596,48.2053],[7.8579,48.1862],[7.8668,48.1794],[7.8724,48.1634],[7.8709,48.1596],[7.8774,48.1457],[7.8972,48.1455],[7.9104,48.138],[7.9308,48.1423],[7.9482,48.1309],[7.9557,48.1347],[7.9561,48.152],[7.9659,48.172],[7.9754,48.1761],[7.9828,48.1943],[7.9811,48.2026],[7.9421,48.2073]]]},"properties":{"AGS":"08316054","GEN":"Freiamt","SN_L":"08"}},
{"type":"Feature","geometry":{"type":"Polygon","coordinates":[[[7.7901,48.2352],[7.7724,48.2418],[7.7461,48.2397],[7.7451,48.2379],[7.7429,48.2263],[7.7444,48.2169],[7.7766,48.2054],[7.7989,48.1945],[7.8093,48.2046],[7.8317,48.198],[7.8408,48.1873],[7.8479,48.2103],[7.8843,48.2084],[7.9067,48.2112],[7.917,48.2196],[7.8727,48.2245],[7.8468,48.2326],[7.8294,48.2344],[7.8155,48.2245],[7.7901,48.2352]]]},"properties":{"AGS":"08316017","GEN":"Herbolzheim","SN_L":"08"}},
{"type":"Feature","geometry":{"type":"Polygon","coordinates":[[[7.9067,48.2112],[7.8843,48.2084],[7.8479,48.2103],[7.8408,48.1873],[7.8317,48.198],[7.8093,48.2046],[7.7989,48.1945],[7.7766,48.2054],[7.7444,48.2169],[7.7429,48.2263],[7.7328,48.2089],[7.7174,48.2062],[7.7102,48.1951],[7.7394,48.1859],[7.7617,48.1884],[7.76,48.1702],[7.7651,48.1596],[7.7928,48.1724],[7.8156,48.1737],[7.8219,48.1752],[7.8469,48.1827],[7.8584,48.1714],[7.8668,48.1794],[7.8579,48.1862],[7.8596,48.2053],[7.8921,48.1989],[7.8969,48.2039],[7.9421,48.2073],[7.9067,48.2112]]]},"properties":{"AGS":"08316020","GEN":"Kenzingen","SN_L":"08"}},
{"type":"Feature","geometry":{"type":"Polygon","coordinates":[[[7.6821,48.1764],[7.6986,48.1771],[7.7102,48.1951],[7.6859,48.2281],[7.672,48.2346],[7.6657,48.2205],[7.6441,48.2073],[7.6371,48.1958],[7.6514,48.1939],[7.6821,48.1764]]]},"properties":{"AGS":"08316049","GEN":"Weisweil","SN_L":"08"}},
{"type":"Feature","geometry":{"type":"Polygon","coordinates":[[[7.7451,48.2379],[7.7294,48.2448],[7.7114,48.2593],[7.6823,48.2571],[7.6807,48.2573],[7.672,48.2346],[7.6859,48.2281],[7.7102,48.1951],[7.7174,48.2062],[7.7328,48.2089],[7.7429,48.2263],[7.7451,48.2379]]]},"properties":{"AGS":"08316053","GEN":"Rheinhausen im Breisgau","SN_L":"08"}},
{"type":"Feature","geometry":{"type":"Polygon","coordinates":[[[7.7697,48.1285],[7.7285,48.137],[7.6985,48.1124],[7.7004,48.1065],[7.7178,48.1105],[7.7337,48.1074],[7.7494,48.1128],[7.7564,48.1079],[7.7679,48.1083],[7.7777,48.1207],[7.7697,48.1285]]]},"properties":{"AGS":"08316002","GEN":"Bahlingen am Kaiserstuhl","SN_L":"08"}},
{"type":"Feature","geometry":{"type":"Polygon","coordinates":[[[7.7123,48.1582],[7.6889,48.1557],[7.6749,48.159],[7.6677,48.1494],[7.6413,48.1454],[7.6429,48.1206],[7.6397,48.113],[7.6484,48.1075],[7.6735,48.1105],[7.6816,48.1157],[7.6985,48.1124],[7.7285,48.137],[7.7239,48.156],[7.7123,48.1582]]]},"properties":{"AGS":"08316012","GEN":"Endingen am Kaiserstuhl","SN_L":"08"}},
{"type":"Feature","geometry":{"type":"Polygon","coordinates":[[[7.7394,48.1859],[7.7102,48.1951],[7.6986,48.1771],[7.6821,48.1764],[7.6749,48.159],[7.6889,48.1557],[7.7123,48.1582],[7.7176,48.1724],[7.7367,48.1792],[7.7394,48.1859]]]},"properties":{"AGS":"08316013","GEN":"Forchheim","SN_L":"08"}},
{"type":"Feature","geometry":{"type":"Polygon","coordinates":[[[7.7651,48.1596],[7.76,48.1702],[7.7617,48.1884],[7.7394,48.1859],[7.7367,48.1792],[7.7176,48.1724],[7.7123,48.1582],[7.7239,48.156],[7.7285,48.137],[7.7697,48.1285],[7.7746,48.1416],[7.7651,48.1596]]]},"properties":{"AGS":"08316037","GEN":"Riegel am Kaiserstuhl","SN_L":"08"}},
{"type":"Feature","geometry":{"type":"Polygon","coordinates":[[[7.6413,48.1454],[7.6306,48.1525],[7.6239,48.1671],[7.6152,48.1709],[7.5994,48.1553],[7.6002,48.1388],[7.5783,48.1223],[7.5773,48.1157],[7.5914,48.108],[7.6397,48.113],[7.6429,48.1206],[7.6413,48.1454]]]},"properties":{"AGS":"08316038","GEN":"Sasbach am Kaiserstuhl","SN_L":"08"}},
{"type":"Feature","geometry":{"type":"Polygon","coordinates":[[[7.6821,48.1764],[7.6514,48.1939],[7.6371,48.1958],[7.6152,48.1709],[7.6239,48.1671],[7.6306,48.1525],[7.6413,48.1454],[7.6677,48.1494],[7.6749,48.159],[7.6821,48.1764]]]},"properties":{"AGS":"08316051","GEN":"Wyhl am Kaiserstuhl","SN_L":"08"}},
{"type":"Feature","geometry":{"type":"Polygon","coordinates":[[[7.9828,48.1943],[7.9754,48.1761],[7.9659,48.172],[7.9561,48.152],[7.9557,48.1347],[7.9722,48.1208],[7.9915,48.1127],[8.0152,48.107],[8.0207,48.1168],[8.0457,48.1275],[8.0273,48.125],[8.0015,48.1338],[7.9892,48.1465],[7.9946,48.1558],[7.9917,48.1642],[8.0014,48.1748],[7.9928,48.1906],[7.9828,48.1943]]]},"properties":{"AGS":"08316014","GEN":"Gutach im Breisgau","SN_L":"08"}},
{"type":"Feature","geometry":{"type":"Polygon","coordinates":[[[8.1363,48.1156],[8.1254,48.1317],[8.1174,48.1281],[8.083,48.1285],[8.0577,48.1202],[8.0457,48.1275],[8.0207,48.1168],[8.0152,48.107],[8.0288,48.0964],[8.0347,48.0811],[8.0279,48.071],[8.0124,48.0624],[8.0346,48.0576],[8.0578,48.0634],[8.0732,48.058],[8.0769,48.0442],[8.0946,48.0391],[8.1182,48.0215],[8.1225,48.0105],[8.136,48.0093],[8.1274,48.0153],[8.1159,48.0359],[8.1259,48.0402],[8.1253,48.0523],[8.1112,48.0646],[8.1279,48.0731],[8.1482,48.0673],[8.1668,48.0756],[8.1454,48.0854],[8.1535,48.0996],[8.1495,48.1041],[8.1363,48.1156]]]},"properties":{"AGS":"08316042","GEN":"Simonswald","SN_L":"08"}},
{"type":"Feature","geometry":{"type":"Polygon","coordinates":[[[8.0152,48.107],[7.9915,48.1127],[7.9722,48.1208],[7.9557,48.1347],[7.9482,48.1309],[7.9343,48.123],[7.9381,48.1071],[7.9145,48.089],[7.9053,48.0916],[7.8936,48.0801],[7.9237,48.0745],[7.9218,48.0652],[7.9511,48.0574],[7.9559,48.0636],[8.0124,48.0624],[8.0279,48.071],[8.0347,48.0811],[8.0288,48.0964],[8.0152,48.107]]]},"properties":{"AGS":"08316056","GEN":"Waldkirch","SN_L":"08"}},
{"type":"Feature","geometry":{"type":"Polygon","coordinates":[[[7.9653,48.6159],[7.9504,48.6162],[7.9503,48.6033],[7.9386,48.592],[7.9564,48.552],[7.953,48.5502],[7.9519,48.5484],[7.9472,48.5436],[7.9572,48.5248],[7.9746,48.5178],[7.9923,48.5202],[8.0188,48.5048],[8.0307,48.5052],[8.0344,48.525],[8.0104,48.5306],[7.9971,48.5467],[8.0063,48.566],[7.9933,48.5803],[7.9715,48.5921],[7.9632,48.6059],[7.9653,48.6159]]]},"properties":{"AGS":"08317005","GEN":"Appenweier","SN_L":"08"}},
{"type":"Feature","geometry":{"type":"Polygon","coordinates":[[[7.978,48.3718],[7.9622,48.3678],[7.9437,48.3742],[7.935,48.382],[7.9384,48.3927],[7.9217,48.4046],[7.8969,48.404],[7.8759,48.4079],[7.8535,48.4166],[7.8532,48.3993],[7.8321,48.3935],[7.8241,48.3812],[7.8622,48.3591],[7.9064,48.3516],[7.9271,48.3458],[7.9399,48.3598],[7.9795,48.3486],[7.9813,48.3482],[7.9824,48.3528],[7.978,48.3718]]]},"properties":{"AGS":"08317031","GEN":"Friesenheim","SN_L":"08"}},
{"type":"Feature","geometry":{"type":"Polygon","coordinates":[[[8.3123,48.2136],[8.2983,48.2177],[8.2943,48.2317],[8.3009,48.2409],[8.2872,48.2477],[8.2741,48.246],[8.2613,48.2367],[8.2462,48.2397],[8.2339,48.22],[8.2135,48.2123],[8.1985,48.2129],[8.1846,48.2047],[8.1803,48.1839],[8.2086,48.1703],[8.2162,48.1592],[8.2321,48.161],[8.2389,48.1778],[8.2521,48.1829],[8.2827,48.1717],[8.2931,48.1837],[8.3091,48.1906],[8.3123,48.2136]]]},"properties":{"AGS":"08317051","GEN":"Hornberg","SN_L":"08"}},
{"type":"Feature","geometry":{"type":"Polygon","coordinates":[[[7.9503,48.6033],[7.933,48.6151],[7.9144,48.6164],[7.8827,48.6121],[7.8735,48.6258],[7.8792,48.6382],[7.856,48.6382],[7.8361,48.6341],[7.8303,48.6199],[7.8048,48.5926],[7.8002,48.5787],[7.8054,48.5611],[7.8035,48.5383],[7.8061,48.5164],[7.7919,48.5002],[7.8449,48.4915],[7.8618,48.4871],[7.8786,48.4988],[7.8442,48.5128],[7.8333,48.5452],[7.8484,48.5677],[7.8677,48.5489],[7.8843,48.5519],[7.8919,48.5651],[7.884,48.5718],[7.8792,48.5895],[7.8901,48.5963],[7.9295,48.5977],[7.9386,48.592],[7.9503,48.6033]]]},"properties":{"AGS":"08317057","GEN":"Kehl","SN_L":"08"}},
{"type":"Feature","geometry":{"type":"Polygon","coordinates":[[[7.9386,48.592],[7.9295,48.5977],[7.8901,48.5963],[7.8792,48.5895],[7.884,48.5718],[7.8919,48.5651],[7.8843,48.5519],[7.8677,48.5489],[7.8484,48.5677],[7.8333,48.5452],[7.8442,48.5128],[7.8786,48.4988],[7.9058,48.5308],[7.9336,48.5307],[7.953,48.5502],[7.9564,48.552],[7.9386,48.592]]]},"properties":{"AGS":"08317141","GEN":"Willstätt","SN_L":"08"}},
{"type":"Feature","geometry":{"type":"Polygon","coordinates":[[[7.8449,48.4915],[7.7919,48.5002],[7.7669,48.4871],[7.766,48.4605],[7.7523,48.4326],[7.7851,48.4245],[7.8244,48.4074],[7.8321,48.3935],[7.8532,48.3993],[7.8535,48.4166],[7.8603,48.4327],[7.8502,48.4499],[7.8358,48.4733],[7.8449,48.4915]]]},"properties":{"AGS":"08317151","GEN":"Neuried","SN_L":"08"}},
{"type":"Feature","geometry":{"type":"Polygon","coordinates":[[[8.0203,48.6866],[7.9819,48.6872],[7.9772,48.698],[7.9914,48.7052],[7.9701,48.717],[7.9596,48.7186],[7.89,48.6626],[7.842,48.6437],[7.8361,48.6341],[7.856,48.6382],[7.8792,48.6382],[7.8735,48.6258],[7.8827,48.6121],[7.9144,48.6164],[7.933,48.6151],[7.9503,48.6033],[7.9504,48.6162],[7.9653,48.6159],[7.9661,48.6181],[7.9774,48.6266],[7.9725,48.6372],[7.9749,48.6478],[7.9883,48.6556],[7.9889,48.6687],[7.9979,48.6706],[8.009,48.6714],[8.0189,48.6806],[8.0203,48.6866]]]},"properties":{"AGS":"08317153","GEN":"Rheinau","SN_L":"08"}},
{"type":"Feature","geometry":{"type":"MultiPolygon","coordinates":[[[[8.1973,48.5983],[8.18,48.6001],[8.1795,48.5992],[8.1971,48.5962],[8.1973,48.5983]]],[[[8.1036,48.6549],[8.0732,48.6719],[8.0641,48.6594],[8.0719,48.6515],[8.1036,48.6549]]],[[[8.0629,48.6717],[8.0301,48.6825],[8.0189,48.6806],[8.009,48.6714],[7.9979,48.6706],[7.9992,48.6627],[8.0034,48.6498],[8.0065,48.6455],[8.0056,48.6334],[7.9803,48.6421],[7.9725,48.6372],[7.9774,48.6266],[7.9661,48.6181],[8.0072,48.6043],[8.0203,48.6021],[8.0313,48.5929],[8.0689,48.5874],[8.0783,48.5983],[8.0944,48.5944],[8.1047,48.614],[8.099,48.6214],[8.0889,48.6342],[8.0704,48.6441],[8.0594,48.6549],[8.0629,48.6717]]]]},"properties":{"AGS":"08317001","GEN":"Achern","SN_L":"08"}},
{"type":"Feature","geometry":{"type":"MultiPolygon","coordinates":[[[[8.0429,48.6953],[8.0631,48.7058],[8.0572,48.7065],[8.0429,48.6953]]],[[[8.1396,48.6569],[8.1144,48.6502],[8.1159,48.6402],[8.1312,48.6316],[8.1657,48.6185],[8.1789,48.6221],[8.1945,48.6194],[8.1997,48.6284],[8.1806,48.64],[8.1618,48.6403],[8.1567,48.6492],[8.1396,48.6569]]]]},"properties":{"AGS":"08317068","GEN":"Lauf","SN_L":"08"}},
{"type":"Feature","geometry":{"type":"MultiPolygon","coordinates":[[[[8.0631,48.7058],[8.067,48.7125],[8.0572,48.7065],[8.0631,48.7058]]],[[[8.2419,48.6234],[8.2287,48.6311],[8.2026,48.63],[8.2186,48.6177],[8.2034,48.6137],[8.1777,48.6015],[8.18,48.6001],[8.1973,48.5983],[8.2075,48.6018],[8.222,48.6032],[8.2329,48.6111],[8.2419,48.6234]]],[[[8.0732,48.6719],[8.0629,48.6717],[8.0594,48.6549],[8.0704,48.6441],[8.0889,48.6342],[8.099,48.6214],[8.1312,48.6316],[8.1159,48.6402],[8.1144,48.6502],[8.1036,48.6549],[8.0719,48.6515],[8.0641,48.6594],[8.0732,48.6719]]]]},"properties":{"AGS":"08317116","GEN":"Sasbach","SN_L":"08"}},
{"type":"Feature","geometry":{"type":"Polygon","coordinates":[[[8.1312,48.6316],[8.099,48.6214],[8.1047,48.614],[8.1174,48.6073],[8.1311,48.6068],[8.1473,48.5954],[8.165,48.6042],[8.1777,48.6015],[8.2034,48.6137],[8.2186,48.6177],[8.2026,48.63],[8.1997,48.6284],[8.1945,48.6194],[8.1789,48.6221],[8.1657,48.6185],[8.1312,48.6316]]]},"properties":{"AGS":"08317118","GEN":"Sasbachwalden","SN_L":"08"}},
{"type":"Feature","geometry":{"type":"Polygon","coordinates":[[[7.8407,48.2766],[7.825,48.2752],[7.81,48.2792],[7.8032,48.2708],[7.7798,48.2727],[7.7756,48.2598],[7.7899,48.2543],[7.7977,48.2411],[7.7901,48.2352],[7.8155,48.2245],[7.8294,48.2344],[7.8468,48.2326],[7.8727,48.2245],[7.917,48.2196],[7.9304,48.2232],[7.9209,48.2227],[7.8952,48.2336],[7.8965,48.2415],[7.9226,48.2405],[7.9148,48.251],[7.9283,48.2542],[7.9397,48.2624],[7.9205,48.2684],[7.8937,48.2738],[7.8772,48.2731],[7.8622,48.275],[7.8407,48.2766]]]},"properties":{"AGS":"08317026","GEN":"Ettenheim","SN_L":"08"}},
{"type":"Feature","geometry":{"type":"MultiPolygon","coordinates":[[[[7.8952,48.288],[7.8766,48.2898],[7.8736,48.2863],[7.8792,48.2785],[7.8948,48.2763],[7.8952,48.288]]],[[[7.7944,48.3124],[7.7988,48.3261],[7.7858,48.3333],[7.777,48.3235],[7.7824,48.3089],[7.7783,48.2855],[7.7798,48.2727],[7.8032,48.2708],[7.81,48.2792],[7.825,48.2752],[7.8407,48.2766],[7.8394,48.283],[7.8141,48.2903],[7.8005,48.3002],[7.7944,48.3124]]]]},"properties":{"AGS":"08317073","GEN":"Mahlberg","SN_L":"08"}},
{"type":"Feature","geometry":{"type":"MultiPolygon","coordinates":[[[[7.9337,48.2253],[7.9354,48.2447],[7.9283,48.2542],[7.9148,48.251],[7.9226,48.2405],[7.9337,48.2253]]],[[[7.7901,48.2352],[7.7977,48.2411],[7.7899,48.2543],[7.7756,48.2598],[7.7525,48.2676],[7.7461,48.2397],[7.7724,48.2418],[7.7901,48.2352]]]]},"properties":{"AGS":"08317113","GEN":"Ringsheim","SN_L":"08"}},
{"type":"Feature","geometry":{"type":"Polygon","coordinates":[[[7.7525,48.2676],[7.7481,48.2788],[7.7215,48.2867],[7.7082,48.2826],[7.7082,48.2702],[7.6823,48.2571],[7.7114,48.2593],[7.7294,48.2448],[7.7451,48.2379],[7.7461,48.2397],[7.7525,48.2676]]]},"properties":{"AGS":"08317114","GEN":"Rust","SN_L":"08"}},
{"type":"Feature","geometry":{"type":"MultiPolygon","coordinates":[[[[7.9226,48.2405],[7.8965,48.2415],[7.8952,48.2336],[7.9209,48.2227],[7.9304,48.2232],[7.9337,48.2253],[7.9226,48.2405]]],[[[7.777,48.3235],[7.764,48.314],[7.7398,48.3217],[7.7371,48.3196],[7.7309,48.3081],[7.7103,48.2986],[7.7215,48.2867],[7.7481,48.2788],[7.7525,48.2676],[7.7756,48.2598],[7.7798,48.2727],[7.7783,48.2855],[7.7824,48.3089],[7.777,48.3235]]]]},"properties":{"AGS":"08317152","GEN":"Kappel-Grafenhausen","SN_L":"08"}},
{"type":"Feature","geometry":{"type":"Polygon","coordinates":[[[7.9801,48.4228],[7.9722,48.4243],[7.9554,48.4016],[7.9483,48.3987],[7.9579,48.3942],[7.9696,48.3784],[7.9831,48.3963],[7.9969,48.3958],[8.0028,48.4068],[7.9828,48.4208],[7.9801,48.4228]]]},"properties":{"AGS":"08317009","GEN":"Berghaupten","SN_L":"08"}},
{"type":"Feature","geometry":{"type":"Polygon","coordinates":[[[8.0935,48.4527],[8.0709,48.4549],[8.0531,48.4529],[8.0421,48.4565],[8.0319,48.4558],[8.0078,48.4276],[7.9828,48.4208],[8.0028,48.4068],[7.9969,48.3958],[7.9831,48.3963],[7.9696,48.3784],[7.978,48.3718],[7.9824,48.3528],[8.0019,48.3525],[8.01,48.3591],[8.0472,48.3582],[8.0555,48.3771],[8.0546,48.3813],[8.0722,48.4061],[8.0779,48.4202],[8.0911,48.4271],[8.0974,48.4469],[8.0935,48.4527]]]},"properties":{"AGS":"08317034","GEN":"Gengenbach","SN_L":"08"}},
{"type":"Feature","geometry":{"type":"Polygon","coordinates":[[[8.0421,48.4565],[8.0286,48.4657],[8.0212,48.4595],[7.9958,48.4529],[7.9685,48.435],[7.9801,48.4228],[7.9828,48.4208],[8.0078,48.4276],[8.0319,48.4558],[8.0421,48.4565]]]},"properties":{"AGS":"08317097","GEN":"Ohlsbach","SN_L":"08"}},
{"type":"Feature","geometry":{"type":"Polygon","coordinates":[[[8.1479,48.3394],[8.1324,48.3346],[8.12,48.3409],[8.1079,48.3393],[8.1129,48.3279],[8.1057,48.3158],[8.091,48.2817],[8.1247,48.2802],[8.1415,48.2926],[8.1523,48.322],[8.1541,48.3387],[8.1479,48.3394]]]},"properties":{"AGS":"08317029","GEN":"Fischerbach","SN_L":"08"}},
{"type":"Feature","geometry":{"type":"Polygon","coordinates":[[[8.1057,48.3158],[8.0748,48.3119],[8.0618,48.3058],[8.0619,48.2972],[8.0729,48.2855],[8.0609,48.2778],[8.0592,48.2694],[8.0701,48.2691],[8.0848,48.2554],[8.1036,48.2594],[8.1214,48.2676],[8.1247,48.2802],[8.091,48.2817],[8.1057,48.3158]]]},"properties":{"AGS":"08317040","GEN":"Haslach im Kinzigtal","SN_L":"08"}},
{"type":"Feature","geometry":{"type":"Polygon","coordinates":[[[8.0848,48.2554],[8.0701,48.2691],[8.0592,48.2694],[8.0505,48.2692],[8.0297,48.2554],[8.0267,48.2475],[8.0176,48.2342],[8.0291,48.2324],[8.0364,48.2226],[8.0514,48.2217],[8.0726,48.2261],[8.0848,48.2554]]]},"properties":{"AGS":"08317046","GEN":"Hofstetten","SN_L":"08"}},
{"type":"Feature","geometry":{"type":"Polygon","coordinates":[[[8.1729,48.25],[8.1645,48.2476],[8.1495,48.2554],[8.1442,48.2642],[8.1214,48.2676],[8.1036,48.2594],[8.0848,48.2554],[8.0726,48.2261],[8.0832,48.2214],[8.0882,48.2177],[8.0919,48.2126],[8.0989,48.2093],[8.1168,48.2104],[8.1395,48.2201],[8.1519,48.229],[8.1661,48.2214],[8.1757,48.2292],[8.1729,48.25]]]},"properties":{"AGS":"08317078","GEN":"Mühlenbach","SN_L":"08"}},
{"type":"Feature","geometry":{"type":"Polygon","coordinates":[[[8.0748,48.3119],[8.0539,48.3115],[8.0332,48.3257],[8.0109,48.3142],[7.994,48.2894],[7.9903,48.2523],[8.0178,48.2512],[8.0267,48.2475],[8.0297,48.2554],[8.0505,48.2692],[8.0592,48.2694],[8.0609,48.2778],[8.0729,48.2855],[8.0619,48.2972],[8.0618,48.3058],[8.0748,48.3119]]]},"properties":{"AGS":"08317129","GEN":"Steinach","SN_L":"08"}},
{"type":"Feature","geometry":{"type":"Polygon","coordinates":[[[8.2122,48.2801],[8.1901,48.2885],[8.1729,48.25],[8.1757,48.2292],[8.1661,48.2214],[8.1718,48.2103],[8.1846,48.2047],[8.1985,48.2129],[8.2135,48.2123],[8.2339,48.22],[8.2462,48.2397],[8.225,48.2641],[8.2121,48.2724],[8.2122,48.2801]]]},"properties":{"AGS":"08317039","GEN":"Gutach (Schwarzwaldbahn)","SN_L":"08"}},
{"type":"Feature","geometry":{"type":"Polygon","coordinates":[[[8.2046,48.2966],[8.1891,48.3169],[8.1918,48.3254],[8.1809,48.3346],[8.1699,48.3512],[8.1541,48.3387],[8.1523,48.322],[8.1415,48.2926],[8.1247,48.2802],[8.1214,48.2676],[8.1442,48.2642],[8.1495,48.2554],[8.1645,48.2476],[8.1729,48.25],[8.1901,48.2885],[8.2122,48.2801],[8.2046,48.2966]]]},"properties":{"AGS":"08317041","GEN":"Hausach","SN_L":"08"}},
{"type":"Feature","geometry":{"type":"Polygon","coordinates":[[[8.1473,48.5954],[8.1311,48.6068],[8.1174,48.6073],[8.1047,48.614],[8.0944,48.5944],[8.0965,48.5855],[8.0899,48.5692],[8.1125,48.5467],[8.1195,48.5486],[8.1229,48.5504],[8.1242,48.5738],[8.1487,48.5935],[8.1473,48.5954]]]},"properties":{"AGS":"08317056","GEN":"Kappelrodeck","SN_L":"08"}},
{"type":"Feature","geometry":{"type":"Polygon","coordinates":[[[8.2049,48.5607],[8.1573,48.577],[8.1593,48.5861],[8.1487,48.5935],[8.1242,48.5738],[8.1229,48.5504],[8.1248,48.5472],[8.1286,48.5411],[8.1465,48.5375],[8.1557,48.5298],[8.1698,48.5336],[8.1902,48.5379],[8.2018,48.5481],[8.2049,48.5607]]]},"properties":{"AGS":"08317102","GEN":"Ottenhöfen im Schwarzwald","SN_L":"08"}},
{"type":"Feature","geometry":{"type":"Polygon","coordinates":[[[8.1777,48.6015],[8.165,48.6042],[8.1473,48.5954],[8.1487,48.5935],[8.1593,48.5861],[8.1573,48.577],[8.2049,48.5607],[8.2127,48.5583],[8.2221,48.5597],[8.2351,48.5717],[8.2358,48.5802],[8.2208,48.5863],[8.2192,48.5958],[8.2075,48.6018],[8.1973,48.5983],[8.1971,48.5962],[8.1795,48.5992],[8.18,48.6001],[8.1777,48.6015]]]},"properties":{"AGS":"08317126","GEN":"Seebach","SN_L":"08"}},
{"type":"Feature","geometry":{"type":"MultiPolygon","coordinates":[[[[7.8982,48.2974],[7.8766,48.2898],[7.8952,48.288],[7.8982,48.2974]]],[[[7.7864,48.3337],[7.8139,48.3311],[7.7996,48.3436],[7.7864,48.3337]]],[[[7.8736,48.2863],[7.8689,48.2992],[7.8478,48.3028],[7.8366,48.3237],[7.8252,48.3277],[7.8096,48.3057],[7.7944,48.3124],[7.8005,48.3002],[7.8141,48.2903],[7.8394,48.283],[7.8407,48.2766],[7.8622,48.275],[7.8772,48.2731],[7.8937,48.2738],[7.8948,48.2763],[7.8792,48.2785],[7.8736,48.2863]]]]},"properties":{"AGS":"08317059","GEN":"Kippenheim","SN_L":"08"}},
{"type":"Feature","geometry":{"type":"Polygon","coordinates":[[[7.9795,48.3486],[7.9399,48.3598],[7.9271,48.3458],[7.9064,48.3516],[7.8622,48.3591],[7.8241,48.3812],[7.8017,48.3701],[7.7916,48.3602],[7.7996,48.3436],[7.8139,48.3311],[7.7864,48.3337],[7.7858,48.3333],[7.7988,48.3261],[7.7944,48.3124],[7.8096,48.3057],[7.8252,48.3277],[7.8366,48.3237],[7.8478,48.3028],[7.8689,48.2992],[7.8736,48.2863],[7.8766,48.2898],[7.8982,48.2974],[7.9057,48.3071],[7.9236,48.3089],[7.9217,48.3171],[7.9588,48.327],[7.9585,48.3398],[7.9795,48.3486]]]},"properties":{"AGS":"08317065","GEN":"Lahr/Schwarzwald","SN_L":"08"}},
{"type":"Feature","geometry":{"type":"Polygon","coordinates":[[[8.2734,48.4805],[8.2667,48.4906],[8.2414,48.4922],[8.2407,48.4718],[8.2226,48.4671],[8.1933,48.4394],[8.1732,48.425],[8.1693,48.4149],[8.1837,48.407],[8.2017,48.4071],[8.2179,48.4015],[8.233,48.4014],[8.2411,48.4114],[8.2546,48.4139],[8.2688,48.449],[8.2647,48.4566],[8.2754,48.4779],[8.2734,48.4805]]]},"properties":{"AGS":"08317008","GEN":"Bad Peterstal-Griesbach","SN_L":"08"}},
{"type":"Feature","geometry":{"type":"Polygon","coordinates":[[[8.2414,48.4922],[8.2283,48.4978],[8.2134,48.5218],[8.2159,48.5523],[8.2127,48.5583],[8.2049,48.5607],[8.2018,48.5481],[8.1902,48.5379],[8.1698,48.5336],[8.1725,48.512],[8.1275,48.4991],[8.1211,48.4935],[8.1238,48.4873],[8.1164,48.4618],[8.1408,48.4523],[8.1512,48.4392],[8.1501,48.4249],[8.1693,48.4149],[8.1732,48.425],[8.1933,48.4394],[8.2226,48.4671],[8.2407,48.4718],[8.2414,48.4922]]]},"properties":{"AGS":"08317098","GEN":"Oppenau","SN_L":"08"}},
{"type":"Feature","geometry":{"type":"Polygon","coordinates":[[[8.1248,48.5472],[8.1195,48.5486],[8.1125,48.5467],[8.1132,48.5406],[8.0919,48.5274],[8.1103,48.4957],[8.1211,48.4935],[8.1275,48.4991],[8.1725,48.512],[8.1698,48.5336],[8.1557,48.5298],[8.1465,48.5375],[8.1286,48.5411],[8.1248,48.5472]]]},"properties":{"AGS":"08317067","GEN":"Lautenbach","SN_L":"08"}},
{"type":"Feature","geometry":{"type":"MultiPolygon","coordinates":[[[[8.1229,48.5504],[8.1195,48.5486],[8.1248,48.5472],[8.1229,48.5504]]],[[[7.9979,48.6706],[7.9889,48.6687],[7.9992,48.6627],[7.9979,48.6706]]],[[[8.0899,48.5692],[8.0656,48.5738],[8.0418,48.572],[8.0222,48.5595],[8.0063,48.566],[7.9971,48.5467],[8.0104,48.5306],[8.0344,48.525],[8.0307,48.5052],[8.045,48.4924],[8.0541,48.492],[8.0667,48.4808],[8.0688,48.4688],[8.0805,48.466],[8.0935,48.4527],[8.1164,48.4618],[8.1238,48.4873],[8.1211,48.4935],[8.1103,48.4957],[8.0919,48.5274],[8.1132,48.5406],[8.1125,48.5467],[8.0899,48.5692]]]]},"properties":{"AGS":"08317089","GEN":"Oberkirch","SN_L":"08"}},
{"type":"Feature","geometry":{"type":"MultiPolygon","coordinates":[[[[8.0034,48.6498],[7.9992,48.6627],[7.9889,48.6687],[7.9883,48.6556],[7.9749,48.6478],[7.9725,48.6372],[7.9803,48.6421],[8.0056,48.6334],[8.0065,48.6455],[8.0034,48.6498]]],[[[8.0944,48.5944],[8.0783,48.5983],[8.0689,48.5874],[8.0313,48.5929],[8.0203,48.6021],[8.0072,48.6043],[7.9661,48.6181],[7.9653,48.6159],[7.9632,48.6059],[7.9715,48.5921],[7.9933,48.5803],[8.0063,48.566],[8.0222,48.5595],[8.0418,48.572],[8.0656,48.5738],[8.0899,48.5692],[8.0965,48.5855],[8.0944,48.5944]]]]},"properties":{"AGS":"08317110","GEN":"Renchen","SN_L":"08"}},
{"type":"Feature","geometry":{"type":"Polygon","coordinates":[[[8.0307,48.5052],[8.0188,48.5048],[7.9923,48.5202],[7.9746,48.5178],[7.9693,48.5033],[7.9818,48.4944],[8.0197,48.4782],[8.0286,48.4657],[8.0421,48.4565],[8.0531,48.4529],[8.0709,48.4549],[8.0935,48.4527],[8.0805,48.466],[8.0688,48.4688],[8.0667,48.4808],[8.0541,48.492],[8.045,48.4924],[8.0307,48.5052]]]},"properties":{"AGS":"08317021","GEN":"Durbach","SN_L":"08"}},
{"type":"Feature","geometry":{"type":"Polygon","coordinates":[[[7.9483,48.3987],[7.9267,48.413],[7.9317,48.4231],[7.9246,48.4318],[7.9314,48.4432],[7.9133,48.4531],[7.905,48.4448],[7.8766,48.4346],[7.8502,48.4499],[7.8603,48.4327],[7.8535,48.4166],[7.8759,48.4079],[7.8969,48.404],[7.9217,48.4046],[7.9384,48.3927],[7.935,48.382],[7.9437,48.3742],[7.9622,48.3678],[7.978,48.3718],[7.9696,48.3784],[7.9579,48.3942],[7.9483,48.3987]]]},"properties":{"AGS":"08317047","GEN":"Hohberg","SN_L":"08"}},
{"type":"Feature","geometry":{"type":"Polygon","coordinates":[[[7.9746,48.5178],[7.9572,48.5248],[7.9472,48.5436],[7.9519,48.5484],[7.953,48.5502],[7.9336,48.5307],[7.9058,48.5308],[7.8786,48.4988],[7.8618,48.4871],[7.8944,48.4771],[7.9075,48.4667],[7.9133,48.4531],[7.9314,48.4432],[7.9246,48.4318],[7.9317,48.4231],[7.9267,48.413],[7.9483,48.3987],[7.9554,48.4016],[7.9722,48.4243],[7.9801,48.4228],[7.9685,48.435],[7.9531,48.4487],[7.9702,48.4636],[7.9792,48.4634],[7.9958,48.4529],[8.0212,48.4595],[8.0286,48.4657],[8.0197,48.4782],[7.9818,48.4944],[7.9693,48.5033],[7.9746,48.5178]]]},"properties":{"AGS":"08317096","GEN":"Offenburg","SN_L":"08"}},
{"type":"Feature","geometry":{"type":"Polygon","coordinates":[[[7.9958,48.4529],[7.9792,48.4634],[7.9702,48.4636],[7.9531,48.4487],[7.9685,48.435],[7.9958,48.4529]]]},"properties":{"AGS":"08317100","GEN":"Ortenberg","SN_L":"08"}},
{"type":"Feature","geometry":{"type":"Polygon","coordinates":[[[7.8618,48.4871],[7.8449,48.4915],[7.8358,48.4733],[7.8502,48.4499],[7.8766,48.4346],[7.905,48.4448],[7.9133,48.4531],[7.9075,48.4667],[7.8944,48.4771],[7.8618,48.4871]]]},"properties":{"AGS":"08317122","GEN":"Schutterwald","SN_L":"08"}},
{"type":"Feature","geometry":{"type":"Polygon","coordinates":[[[7.994,48.2894],[7.9779,48.3041],[7.9622,48.3003],[7.9526,48.284],[7.9291,48.2756],[7.9205,48.2684],[7.9397,48.2624],[7.9283,48.2542],[7.9354,48.2447],[7.9337,48.2253],[7.9304,48.2232],[7.917,48.2196],[7.9067,48.2112],[7.9421,48.2073],[7.9811,48.2026],[8.0029,48.2127],[7.9928,48.2211],[8.0176,48.2342],[8.0267,48.2475],[8.0178,48.2512],[7.9903,48.2523],[7.994,48.2894]]]},"properties":{"AGS":"08317121","GEN":"Schuttertal","SN_L":"08"}},
{"type":"Feature","geometry":{"type":"Polygon","coordinates":[[[7.9813,48.3482],[7.9795,48.3486],[7.9585,48.3398],[7.9588,48.327],[7.9217,48.3171],[7.9236,48.3089],[7.9057,48.3071],[7.8982,48.2974],[7.8952,48.288],[7.8948,48.2763],[7.8937,48.2738],[7.9205,48.2684],[7.9291,48.2756],[7.9526,48.284],[7.9622,48.3003],[7.9779,48.3041],[7.98,48.316],[7.9978,48.3266],[7.9813,48.3482]]]},"properties":{"AGS":"08317127","GEN":"Seelbach","SN_L":"08"}},
{"type":"Feature","geometry":{"type":"Polygon","coordinates":[[[7.8321,48.3935],[7.8244,48.4074],[7.7851,48.4245],[7.7523,48.4326],[7.7448,48.4195],[7.7484,48.4096],[7.7707,48.3982],[7.7972,48.3926],[7.8007,48.3864],[7.785,48.378],[7.8017,48.3701],[7.8241,48.3812],[7.8321,48.3935]]]},"properties":{"AGS":"08317075","GEN":"Meißenheim","SN_L":"08"}},
{"type":"Feature","geometry":{"type":"Polygon","coordinates":[[[7.8017,48.3701],[7.785,48.378],[7.8007,48.3864],[7.7972,48.3926],[7.7707,48.3982],[7.7484,48.4096],[7.7448,48.4195],[7.7316,48.3917],[7.7319,48.3764],[7.7456,48.3325],[7.7398,48.3217],[7.764,48.314],[7.777,48.3235],[7.7858,48.3333],[7.7864,48.3337],[7.7996,48.3436],[7.7916,48.3602],[7.8017,48.3701]]]},"properties":{"AGS":"08317150","GEN":"Schwanau","SN_L":"08"}},
{"type":"Feature","geometry":{"type":"Polygon","coordinates":[[[8.233,48.4014],[8.2179,48.4015],[8.2028,48.3862],[8.1873,48.3766],[8.1827,48.3653],[8.1722,48.3616],[8.1699,48.3512],[8.1809,48.3346],[8.1918,48.3254],[8.1891,48.3169],[8.2046,48.2966],[8.2232,48.3045],[8.2209,48.313],[8.2307,48.3193],[8.2426,48.3364],[8.2728,48.3518],[8.2825,48.3386],[8.2992,48.3488],[8.2914,48.3577],[8.2592,48.3658],[8.264,48.3793],[8.2475,48.3853],[8.2476,48.3951],[8.233,48.4014]]]},"properties":{"AGS":"08317093","GEN":"Oberwolfach","SN_L":"08"}},
{"type":"Feature","geometry":{"type":"Polygon","coordinates":[[[8.2992,48.3488],[8.2825,48.3386],[8.2728,48.3518],[8.2426,48.3364],[8.2307,48.3193],[8.2209,48.313],[8.2232,48.3045],[8.2046,48.2966],[8.2122,48.2801],[8.2121,48.2724],[8.225,48.2641],[8.2462,48.2397],[8.2613,48.2367],[8.2741,48.246],[8.2872,48.2477],[8.2967,48.2585],[8.2773,48.2852],[8.3059,48.294],[8.3226,48.2919],[8.3305,48.2988],[8.3239,48.3112],[8.3232,48.3269],[8.304,48.3491],[8.2992,48.3488]]]},"properties":{"AGS":"08317145","GEN":"Wolfach","SN_L":"08"}},
{"type":"Feature","geometry":{"type":"Polygon","coordinates":[[[8.0472,48.3582],[8.01,48.3591],[8.0019,48.3525],[7.9824,48.3528],[7.9813,48.3482],[7.9978,48.3266],[7.98,48.316],[7.9779,48.3041],[7.994,48.2894],[8.0109,48.3142],[8.0332,48.3257],[8.0516,48.3458],[8.0472,48.3582]]]},"properties":{"AGS":"08317011","GEN":"Biberach","SN_L":"08"}},
{"type":"Feature","geometry":{"type":"Polygon","coordinates":[[[8.1024,48.3748],[8.1249,48.402],[8.1359,48.405],[8.1362,48.4165],[8.1501,48.4249],[8.1512,48.4392],[8.1408,48.4523],[8.1164,48.4618],[8.0935,48.4527],[8.0974,48.4469],[8.0911,48.4271],[8.0779,48.4202],[8.0722,48.4061],[8.0546,48.3813],[8.0555,48.3771],[8.0805,48.3704],[8.1024,48.3748]]]},"properties":{"AGS":"08317085","GEN":"Nordrach","SN_L":"08"}},
{"type":"Feature","geometry":{"type":"Polygon","coordinates":[[[8.1693,48.4149],[8.1501,48.4249],[8.1362,48.4165],[8.1359,48.405],[8.1249,48.402],[8.1024,48.3748],[8.1289,48.3512],[8.1441,48.3473],[8.1479,48.3394],[8.1541,48.3387],[8.1699,48.3512],[8.1722,48.3616],[8.1827,48.3653],[8.1873,48.3766],[8.2028,48.3862],[8.2179,48.4015],[8.2017,48.4071],[8.1837,48.407],[8.1693,48.4149]]]},"properties":{"AGS":"08317088","GEN":"Oberharmersbach","SN_L":"08"}},
{"type":"Feature","geometry":{"type":"Polygon","coordinates":[[[8.1024,48.3748],[8.0805,48.3704],[8.0555,48.3771],[8.0472,48.3582],[8.0516,48.3458],[8.0332,48.3257],[8.0539,48.3115],[8.0748,48.3119],[8.1057,48.3158],[8.1129,48.3279],[8.1079,48.3393],[8.12,48.3409],[8.1324,48.3346],[8.1479,48.3394],[8.1441,48.3473],[8.1289,48.3512],[8.1024,48.3748]]]},"properties":{"AGS":"08317146","GEN":"Zell am Harmersbach","SN_L":"08"}},
{"type":"Feature","geometry":{"type":"Polygon","coordinates":[[[7.6823,48.2571],[7.7082,48.2702],[7.7082,48.2826],[7.7215,48.2867],[7.7103,48.2986],[7.7309,48.3081],[7.7371,48.3196],[7.7104,48.3116],[7.6916,48.2991],[7.6892,48.2808],[7.6807,48.2573],[7.6823,48.2571]]]},"properties":{"AGS":"08317971","GEN":"Rheinau","SN_L":"08"}},
{"type":"Feature","geometry":{"type":"Polygon","coordinates":[[[8.5652,48.4004],[8.546,48.4056],[8.5223,48.4006],[8.5151,48.4048],[8.5186,48.3864],[8.491,48.3835],[8.4857,48.3683],[8.4992,48.3593],[8.4915,48.3522],[8.4704,48.3469],[8.4874,48.3324],[8.5006,48.3273],[8.5277,48.3256],[8.5287,48.3213],[8.5601,48.3184],[8.582,48.3226],[8.5835,48.3294],[8.5657,48.3443],[8.5695,48.3584],[8.5559,48.3582],[8.5448,48.3776],[8.5556,48.3853],[8.5652,48.4004]]]},"properties":{"AGS":"08325012","GEN":"Dornhan","SN_L":"08"}},
{"type":"Feature","geometry":{"type":"Polygon","coordinates":[[[8.5269,48.258],[8.5047,48.2581],[8.47,48.2537],[8.4543,48.2574],[8.4455,48.2535],[8.4534,48.2314],[8.4407,48.2185],[8.4456,48.209],[8.4624,48.2065],[8.4734,48.1997],[8.4847,48.1831],[8.5059,48.1812],[8.5329,48.1827],[8.5541,48.1885],[8.5522,48.1926],[8.5478,48.2042],[8.5351,48.2137],[8.5346,48.2277],[8.5277,48.2406],[8.5269,48.258]]]},"properties":{"AGS":"08325014","GEN":"Dunningen","SN_L":"08"}},
{"type":"Feature","geometry":{"type":"Polygon","coordinates":[[[8.4734,48.1997],[8.4522,48.1975],[8.4256,48.2079],[8.4159,48.2037],[8.4186,48.1855],[8.4364,48.1818],[8.475,48.1788],[8.4847,48.1831],[8.4734,48.1997]]]},"properties":{"AGS":"08325071","GEN":"Eschbronn","SN_L":"08"}},
{"type":"Feature","geometry":{"type":"Polygon","coordinates":[[[8.6662,48.2688],[8.6835,48.2808],[8.6596,48.2833],[8.6488,48.2932],[8.6215,48.2805],[8.6053,48.2637],[8.5846,48.2609],[8.5684,48.2647],[8.5557,48.2624],[8.5636,48.249],[8.5756,48.2499],[8.5906,48.2327],[8.5966,48.2169],[8.6105,48.2137],[8.6148,48.2377],[8.6362,48.2375],[8.6354,48.2508],[8.6437,48.2589],[8.6662,48.2688]]]},"properties":{"AGS":"08325015","GEN":"Epfendorf","SN_L":"08"}},
{"type":"Feature","geometry":{"type":"Polygon","coordinates":[[[8.6198,48.3164],[8.599,48.3175],[8.5936,48.3312],[8.5835,48.3294],[8.582,48.3226],[8.5601,48.3184],[8.5287,48.3213],[8.5277,48.3256],[8.5006,48.3273],[8.4941,48.3144],[8.5064,48.3118],[8.5121,48.2989],[8.523,48.2891],[8.5167,48.2755],[8.535,48.2624],[8.5644,48.2678],[8.5684,48.2647],[8.5846,48.2609],[8.6053,48.2637],[8.6215,48.2805],[8.6488,48.2932],[8.6621,48.2994],[8.6263,48.307],[8.6198,48.3164]]]},"properties":{"AGS":"08325045","GEN":"Oberndorf am Neckar","SN_L":"08"}},
{"type":"Feature","geometry":{"type":"Polygon","coordinates":[[[8.4941,48.3144],[8.4586,48.3127],[8.4447,48.3011],[8.4339,48.2983],[8.4166,48.2822],[8.4327,48.2743],[8.4623,48.2752],[8.4807,48.279],[8.4893,48.2751],[8.5167,48.2755],[8.523,48.2891],[8.5121,48.2989],[8.5064,48.3118],[8.4941,48.3144]]]},"properties":{"AGS":"08325070","GEN":"Fluorn-Winzeln","SN_L":"08"}},
{"type":"Feature","geometry":{"type":"Polygon","coordinates":[[[8.7121,48.2319],[8.7029,48.2338],[8.6975,48.2578],[8.6855,48.2668],[8.6662,48.2688],[8.6437,48.2589],[8.6354,48.2508],[8.6362,48.2375],[8.6148,48.2377],[8.6105,48.2137],[8.6067,48.2064],[8.617,48.201],[8.6231,48.1896],[8.6345,48.1874],[8.6593,48.1918],[8.6897,48.207],[8.6865,48.2159],[8.7033,48.2226],[8.7121,48.2319]]]},"properties":{"AGS":"08325011","GEN":"Dietingen","SN_L":"08"}},
{"type":"Feature","geometry":{"type":"MultiPolygon","coordinates":[[[[8.5522,48.1926],[8.568,48.2117],[8.5478,48.2042],[8.5522,48.1926]]],[[[8.7242,48.207],[8.7136,48.2092],[8.7033,48.2226],[8.6865,48.2159],[8.6897,48.207],[8.6593,48.1918],[8.6345,48.1874],[8.6231,48.1896],[8.617,48.201],[8.6067,48.2064],[8.5997,48.1917],[8.5898,48.191],[8.6062,48.1724],[8.601,48.1607],[8.5707,48.1563],[8.5694,48.1467],[8.5842,48.1341],[8.564,48.1256],[8.6022,48.1262],[8.6216,48.1397],[8.654,48.1297],[8.6606,48.1203],[8.6851,48.1194],[8.687,48.1275],[8.7007,48.1347],[8.6725,48.1412],[8.6673,48.1539],[8.7052,48.1657],[8.7192,48.1816],[8.7384,48.1896],[8.7442,48.2009],[8.7242,48.207]]]]},"properties":{"AGS":"08325049","GEN":"Rottweil","SN_L":"08"}},
{"type":"Feature","geometry":{"type":"Polygon","coordinates":[[[8.7512,48.1595],[8.7491,48.1653],[8.7241,48.1725],[8.7192,48.1816],[8.7052,48.1657],[8.6673,48.1539],[8.6725,48.1412],[8.7007,48.1347],[8.7056,48.1403],[8.7339,48.1409],[8.7532,48.1533],[8.7512,48.1595]]]},"properties":{"AGS":"08325064","GEN":"Wellendingen","SN_L":"08"}},
{"type":"Feature","geometry":{"type":"Polygon","coordinates":[[[8.564,48.1256],[8.5842,48.1341],[8.5694,48.1467],[8.5707,48.1563],[8.601,48.1607],[8.6062,48.1724],[8.5898,48.191],[8.5583,48.1856],[8.5541,48.1885],[8.5329,48.1827],[8.5059,48.1812],[8.4847,48.1831],[8.475,48.1788],[8.4809,48.1688],[8.5176,48.1667],[8.5368,48.1364],[8.5568,48.1288],[8.564,48.1256]]]},"properties":{"AGS":"08325069","GEN":"Zimmern ob Rottweil","SN_L":"08"}},
{"type":"Feature","geometry":{"type":"Polygon","coordinates":[[[8.6606,48.1203],[8.654,48.1297],[8.6216,48.1397],[8.6022,48.1262],[8.564,48.1256],[8.5568,48.1288],[8.5436,48.1153],[8.5479,48.1078],[8.5701,48.0965],[8.574,48.0821],[8.5871,48.0715],[8.6043,48.0747],[8.5997,48.0858],[8.6136,48.096],[8.6373,48.1016],[8.6412,48.1101],[8.6606,48.1203]]]},"properties":{"AGS":"08325072","GEN":"Deißlingen","SN_L":"08"}},
{"type":"Feature","geometry":{"type":"Polygon","coordinates":[[[8.4036,48.3219],[8.3836,48.3272],[8.3598,48.3384],[8.3559,48.3675],[8.3578,48.3793],[8.3286,48.387],[8.3151,48.3679],[8.3183,48.3562],[8.304,48.3491],[8.3232,48.3269],[8.3239,48.3112],[8.3305,48.2988],[8.3689,48.2946],[8.3723,48.2855],[8.3923,48.2833],[8.4022,48.3033],[8.4036,48.3219]]]},"properties":{"AGS":"08325050","GEN":"Schenkenzell","SN_L":"08"}},
{"type":"Feature","geometry":{"type":"Polygon","coordinates":[[[8.3923,48.2833],[8.3723,48.2855],[8.3689,48.2946],[8.3305,48.2988],[8.3226,48.2919],[8.3059,48.294],[8.2773,48.2852],[8.2967,48.2585],[8.3142,48.2638],[8.354,48.243],[8.3777,48.2467],[8.387,48.2539],[8.384,48.2722],[8.3923,48.2833]]]},"properties":{"AGS":"08325051","GEN":"Schiltach","SN_L":"08"}},
{"type":"Feature","geometry":{"type":"Polygon","coordinates":[[[8.4447,48.3011],[8.4382,48.3045],[8.431,48.3222],[8.4036,48.3219],[8.4022,48.3033],[8.3923,48.2833],[8.384,48.2722],[8.387,48.2539],[8.3777,48.2467],[8.3945,48.245],[8.43,48.2474],[8.4397,48.2642],[8.4327,48.2743],[8.4166,48.2822],[8.4339,48.2983],[8.4447,48.3011]]]},"properties":{"AGS":"08325001","GEN":"Aichhalden","SN_L":"08"}},
{"type":"Feature","geometry":{"type":"Polygon","coordinates":[[[8.4364,48.1818],[8.4186,48.1855],[8.4159,48.2037],[8.3954,48.2008],[8.3969,48.189],[8.3905,48.1723],[8.4075,48.1673],[8.4438,48.1721],[8.4364,48.1818]]]},"properties":{"AGS":"08325024","GEN":"Hardt","SN_L":"08"}},
{"type":"Feature","geometry":{"type":"Polygon","coordinates":[[[8.354,48.243],[8.3142,48.2638],[8.2967,48.2585],[8.2872,48.2477],[8.3009,48.2409],[8.2943,48.2317],[8.2983,48.2177],[8.3123,48.2136],[8.3364,48.2141],[8.3592,48.2206],[8.3641,48.2283],[8.354,48.243]]]},"properties":{"AGS":"08325036","GEN":"Lauterbach","SN_L":"08"}},
{"type":"Feature","geometry":{"type":"Polygon","coordinates":[[[8.5167,48.2755],[8.4893,48.2751],[8.4807,48.279],[8.4623,48.2752],[8.4327,48.2743],[8.4397,48.2642],[8.43,48.2474],[8.3945,48.245],[8.3777,48.2467],[8.354,48.243],[8.3641,48.2283],[8.3592,48.2206],[8.3364,48.2141],[8.3123,48.2136],[8.3091,48.1906],[8.2931,48.1837],[8.2827,48.1717],[8.286,48.1676],[8.3066,48.1729],[8.3274,48.1603],[8.3407,48.1624],[8.3686,48.1714],[8.3905,48.1723],[8.3969,48.189],[8.3954,48.2008],[8.4159,48.2037],[8.4256,48.2079],[8.4522,48.1975],[8.4734,48.1997],[8.4624,48.2065],[8.4456,48.209],[8.4407,48.2185],[8.4534,48.2314],[8.4455,48.2535],[8.4543,48.2574],[8.47,48.2537],[8.5047,48.2581],[8.5269,48.258],[8.535,48.2624],[8.5167,48.2755]]]},"properties":{"AGS":"08325053","GEN":"Schramberg","SN_L":"08"}},
{"type":"Feature","geometry":{"type":"Polygon","coordinates":[[[8.6761,48.3999],[8.6547,48.3946],[8.6401,48.4023],[8.606,48.3962],[8.5967,48.4087],[8.5741,48.4044],[8.5652,48.4004],[8.5556,48.3853],[8.5448,48.3776],[8.5559,48.3582],[8.5695,48.3584],[8.5657,48.3443],[8.5835,48.3294],[8.5936,48.3312],[8.599,48.3175],[8.6198,48.3164],[8.6289,48.3271],[8.6268,48.3353],[8.6427,48.3488],[8.6692,48.3522],[8.6679,48.3429],[8.6933,48.3285],[8.7108,48.333],[8.7143,48.3396],[8.733,48.3438],[8.745,48.3587],[8.733,48.366],[8.7372,48.378],[8.6901,48.3872],[8.6761,48.3999]]]},"properties":{"AGS":"08325057","GEN":"Sulz am Neckar","SN_L":"08"}},
{"type":"Feature","geometry":{"type":"Polygon","coordinates":[[[8.6933,48.3285],[8.6679,48.3429],[8.6692,48.3522],[8.6427,48.3488],[8.6268,48.3353],[8.6289,48.3271],[8.6198,48.3164],[8.6263,48.307],[8.6621,48.2994],[8.6676,48.3049],[8.6853,48.304],[8.7187,48.315],[8.7192,48.3211],[8.6933,48.3285]]]},"properties":{"AGS":"08325061","GEN":"Vöhringen","SN_L":"08"}},
{"type":"Feature","geometry":{"type":"Polygon","coordinates":[[[8.5966,48.2169],[8.5906,48.2327],[8.5756,48.2499],[8.5636,48.249],[8.5557,48.2624],[8.5684,48.2647],[8.5644,48.2678],[8.535,48.2624],[8.5269,48.258],[8.5277,48.2406],[8.5346,48.2277],[8.5351,48.2137],[8.5478,48.2042],[8.568,48.2117],[8.5966,48.2169]]]},"properties":{"AGS":"08325009","GEN":"Bösingen","SN_L":"08"}},
{"type":"Feature","geometry":{"type":"Polygon","coordinates":[[[8.6105,48.2137],[8.5966,48.2169],[8.568,48.2117],[8.5522,48.1926],[8.5541,48.1885],[8.5583,48.1856],[8.5898,48.191],[8.5997,48.1917],[8.6067,48.2064],[8.6105,48.2137]]]},"properties":{"AGS":"08325060","GEN":"Villingendorf","SN_L":"08"}},
{"type":"Feature","geometry":{"type":"Polygon","coordinates":[[[8.5836,48.0406],[8.5578,48.0502],[8.526,48.0362],[8.5084,48.0345],[8.5074,48.0225],[8.5113,48.0053],[8.5214,47.9986],[8.5423,48.0024],[8.5518,48.0089],[8.5759,47.9959],[8.5662,47.9672],[8.5767,47.9531],[8.5885,47.9449],[8.6038,47.9515],[8.636,47.9501],[8.6404,47.9607],[8.6582,47.9773],[8.6515,47.99],[8.6631,47.9996],[8.6415,48.0047],[8.6302,48.0149],[8.5858,48.0091],[8.5769,48.0185],[8.5836,48.0406]]]},"properties":{"AGS":"08326003","GEN":"Bad Dürrheim","SN_L":"08"}},
{"type":"Feature","geometry":{"type":"Polygon","coordinates":[[[8.6078,47.877],[8.5852,47.8843],[8.5511,47.8811],[8.5402,47.8902],[8.5065,47.8841],[8.4925,47.8766],[8.4972,47.8538],[8.4721,47.8467],[8.4726,47.8293],[8.5012,47.8285],[8.5132,47.8111],[8.4919,47.7968],[8.5152,47.7957],[8.529,47.7859],[8.5102,47.7762],[8.5232,47.7757],[8.5526,47.7846],[8.566,47.7783],[8.575,47.7896],[8.5755,47.8017],[8.6139,47.8012],[8.6271,47.8224],[8.6288,47.84],[8.6401,47.8548],[8.6253,47.8686],[8.6078,47.877]]]},"properties":{"AGS":"08326005","GEN":"Blumberg","SN_L":"08"}},
{"type":"Feature","geometry":{"type":"Polygon","coordinates":[[[8.475,48.1788],[8.4364,48.1818],[8.4438,48.1721],[8.4075,48.1673],[8.3905,48.1723],[8.3686,48.1714],[8.3407,48.1624],[8.3401,48.1537],[8.3775,48.1457],[8.3981,48.1277],[8.422,48.1242],[8.4443,48.124],[8.4674,48.1193],[8.4768,48.1291],[8.4723,48.1483],[8.4572,48.1606],[8.4809,48.1688],[8.475,48.1788]]]},"properties":{"AGS":"08326031","GEN":"Königsfeld im Schwarzwald","SN_L":"08"}},
{"type":"Feature","geometry":{"type":"Polygon","coordinates":[[[8.3407,48.1624],[8.3274,48.1603],[8.3066,48.1729],[8.286,48.1676],[8.2789,48.1574],[8.2964,48.1387],[8.2917,48.12],[8.282,48.1196],[8.2727,48.0993],[8.2801,48.0948],[8.2824,48.0809],[8.3081,48.0758],[8.3338,48.073],[8.3368,48.0905],[8.3456,48.0952],[8.3408,48.0987],[8.3411,48.101],[8.3434,48.1033],[8.3545,48.1108],[8.3954,48.1042],[8.4014,48.1012],[8.3981,48.1277],[8.3775,48.1457],[8.3401,48.1537],[8.3407,48.1624]]]},"properties":{"AGS":"08326052","GEN":"St. Georgen im Schwarzwald","SN_L":"08"}},
{"type":"Feature","geometry":{"type":"Polygon","coordinates":[[[8.3343,48.0547],[8.3242,48.0624],[8.3081,48.0758],[8.2824,48.0809],[8.2662,48.0688],[8.2637,48.0546],[8.276,48.0514],[8.2705,48.0153],[8.2426,48.0128],[8.2146,48.0145],[8.2015,48.0068],[8.191,47.9937],[8.1965,47.9838],[8.2144,47.989],[8.2248,47.9975],[8.2395,47.9932],[8.2704,47.9933],[8.2824,47.987],[8.308,47.9931],[8.3197,47.9887],[8.3133,47.9702],[8.3175,47.9689],[8.3335,47.9652],[8.3434,47.9759],[8.3549,47.9791],[8.3608,47.9932],[8.3569,48.0078],[8.3393,48.0085],[8.3359,48.0184],[8.3454,48.0244],[8.3493,48.0398],[8.3446,48.0516],[8.3343,48.0547]]]},"properties":{"AGS":"08326068","GEN":"Vöhrenbach","SN_L":"08"}},
{"type":"Feature","geometry":{"type":"Polygon","coordinates":[[[8.3133,47.9702],[8.2811,47.9584],[8.2821,47.9509],[8.3141,47.9519],[8.3145,47.9435],[8.3463,47.9357],[8.3562,47.9259],[8.4083,47.9051],[8.422,47.8832],[8.4394,47.8749],[8.4532,47.8863],[8.4686,47.8872],[8.4568,47.9069],[8.4618,47.9193],[8.4725,47.9288],[8.476,47.9452],[8.4494,47.9445],[8.4425,47.9558],[8.4264,47.9618],[8.4072,47.9577],[8.4094,47.9491],[8.3968,47.9441],[8.3753,47.9479],[8.3794,47.9568],[8.3683,47.9627],[8.3574,47.9594],[8.3424,47.9634],[8.3335,47.9652],[8.3175,47.9689],[8.3133,47.9702]]]},"properties":{"AGS":"08326006","GEN":"Bräunlingen","SN_L":"08"}},
{"type":"Feature","geometry":{"type":"Polygon","coordinates":[[[8.3335,47.9652],[8.3424,47.9634],[8.3574,47.9594],[8.3683,47.9627],[8.3794,47.9568],[8.3753,47.9479],[8.3968,47.9441],[8.4094,47.9491],[8.4072,47.9577],[8.4264,47.9618],[8.4425,47.9558],[8.4494,47.9445],[8.476,47.9452],[8.5027,47.9315],[8.5283,47.9345],[8.5399,47.9227],[8.5495,47.9209],[8.5434,47.9008],[8.5773,47.902],[8.5914,47.893],[8.6144,47.8844],[8.6128,47.8953],[8.5922,47.9027],[8.5874,47.9254],[8.5885,47.9449],[8.5767,47.9531],[8.5662,47.9672],[8.5759,47.9959],[8.5518,48.0089],[8.5423,48.0024],[8.5214,47.9986],[8.514,47.9876],[8.4849,47.9878],[8.4616,47.9951],[8.4397,47.9884],[8.4025,47.9815],[8.3777,47.9946],[8.3608,47.9932],[8.3549,47.9791],[8.3434,47.9759],[8.3335,47.9652]]]},"properties":{"AGS":"08326012","GEN":"Donaueschingen","SN_L":"08"}},
{"type":"Feature","geometry":{"type":"Polygon","coordinates":[[[8.476,47.9452],[8.4725,47.9288],[8.4618,47.9193],[8.4568,47.9069],[8.4686,47.8872],[8.4532,47.8863],[8.4394,47.8749],[8.439,47.8536],[8.4437,47.8566],[8.4721,47.8467],[8.4972,47.8538],[8.4925,47.8766],[8.5065,47.8841],[8.5402,47.8902],[8.5511,47.8811],[8.5852,47.8843],[8.6078,47.877],[8.6144,47.8844],[8.5914,47.893],[8.5773,47.902],[8.5434,47.9008],[8.5495,47.9209],[8.5399,47.9227],[8.5283,47.9345],[8.5027,47.9315],[8.476,47.9452]]]},"properties":{"AGS":"08326027","GEN":"Hüfingen","SN_L":"08"}},
{"type":"Feature","geometry":{"type":"Polygon","coordinates":[[[8.2544,48.0952],[8.2462,48.0858],[8.2153,48.0807],[8.195,48.0895],[8.1728,48.1036],[8.1495,48.1041],[8.1535,48.0996],[8.1454,48.0854],[8.1668,48.0756],[8.1749,48.0592],[8.169,48.0507],[8.1713,48.0384],[8.1358,48.0348],[8.1442,48.0216],[8.1405,48.0083],[8.1509,48.0012],[8.191,47.9937],[8.2015,48.0068],[8.2146,48.0145],[8.2426,48.0128],[8.2705,48.0153],[8.276,48.0514],[8.2637,48.0546],[8.2662,48.0688],[8.2824,48.0809],[8.2801,48.0948],[8.2727,48.0993],[8.2544,48.0952]]]},"properties":{"AGS":"08326017","GEN":"Furtwangen im Schwarzwald","SN_L":"08"}},
{"type":"Feature","geometry":{"type":"Polygon","coordinates":[[[8.1405,48.0083],[8.1442,48.0216],[8.1358,48.0348],[8.1713,48.0384],[8.169,48.0507],[8.1749,48.0592],[8.1668,48.0756],[8.1482,48.0673],[8.1279,48.0731],[8.1112,48.0646],[8.1253,48.0523],[8.1259,48.0402],[8.1159,48.0359],[8.1274,48.0153],[8.136,48.0093],[8.1405,48.0083]]]},"properties":{"AGS":"08326020","GEN":"Gütenbach","SN_L":"08"}},
{"type":"Feature","geometry":{"type":"Polygon","coordinates":[[[8.2137,48.1283],[8.2039,48.1237],[8.1785,48.1293],[8.1648,48.1209],[8.1477,48.1246],[8.1363,48.1156],[8.1495,48.1041],[8.1728,48.1036],[8.195,48.0895],[8.2153,48.0807],[8.2462,48.0858],[8.2544,48.0952],[8.2426,48.1035],[8.2454,48.1159],[8.2402,48.1191],[8.2267,48.1196],[8.2137,48.1283]]]},"properties":{"AGS":"08326054","GEN":"Schönwald im Schwarzwald","SN_L":"08"}},
{"type":"Feature","geometry":{"type":"Polygon","coordinates":[[[8.2321,48.161],[8.2162,48.1592],[8.2086,48.1703],[8.1803,48.1839],[8.1685,48.1752],[8.1546,48.1733],[8.1363,48.1639],[8.1421,48.1405],[8.1254,48.1317],[8.1363,48.1156],[8.1477,48.1246],[8.1648,48.1209],[8.1785,48.1293],[8.2039,48.1237],[8.2137,48.1283],[8.2181,48.138],[8.2363,48.1482],[8.2321,48.161]]]},"properties":{"AGS":"08326055","GEN":"Schonach im Schwarzwald","SN_L":"08"}},
{"type":"Feature","geometry":{"type":"Polygon","coordinates":[[[8.2827,48.1717],[8.2521,48.1829],[8.2389,48.1778],[8.2321,48.161],[8.2363,48.1482],[8.2181,48.138],[8.2137,48.1283],[8.2267,48.1196],[8.2402,48.1191],[8.2454,48.1159],[8.2426,48.1035],[8.2544,48.0952],[8.2727,48.0993],[8.282,48.1196],[8.2917,48.12],[8.2964,48.1387],[8.2789,48.1574],[8.286,48.1676],[8.2827,48.1717]]]},"properties":{"AGS":"08326060","GEN":"Triberg im Schwarzwald","SN_L":"08"}},
{"type":"Feature","geometry":{"type":"Polygon","coordinates":[[[8.5871,48.0715],[8.574,48.0821],[8.5701,48.0965],[8.5479,48.1078],[8.5436,48.1153],[8.525,48.1073],[8.5261,48.089],[8.5468,48.0805],[8.5705,48.0784],[8.5871,48.0715]]]},"properties":{"AGS":"08326010","GEN":"Dauchingen","SN_L":"08"}},
{"type":"Feature","geometry":{"type":"Polygon","coordinates":[[[8.404,48.1011],[8.4342,48.0897],[8.4492,48.0948],[8.422,48.1242],[8.3981,48.1277],[8.4014,48.1012],[8.404,48.1011]]]},"properties":{"AGS":"08326037","GEN":"Mönchweiler","SN_L":"08"}},
{"type":"Feature","geometry":{"type":"Polygon","coordinates":[[[8.5568,48.1288],[8.5368,48.1364],[8.5176,48.1667],[8.4809,48.1688],[8.4572,48.1606],[8.4723,48.1483],[8.4768,48.1291],[8.4674,48.1193],[8.4948,48.103],[8.511,48.1015],[8.525,48.1073],[8.5436,48.1153],[8.5568,48.1288]]]},"properties":{"AGS":"08326041","GEN":"Niedereschach","SN_L":"08"}},
{"type":"Feature","geometry":{"type":"Polygon","coordinates":[[[8.6319,48.044],[8.6263,48.0489],[8.6077,48.045],[8.5954,48.0476],[8.5836,48.0406],[8.5769,48.0185],[8.5858,48.0091],[8.6302,48.0149],[8.644,48.0339],[8.6386,48.0405],[8.6319,48.044]]]},"properties":{"AGS":"08326061","GEN":"Tuningen","SN_L":"08"}},
{"type":"Feature","geometry":{"type":"MultiPolygon","coordinates":[[[[8.3954,48.1042],[8.3545,48.1108],[8.3434,48.1033],[8.391,48.1001],[8.404,48.1011],[8.4014,48.1012],[8.3954,48.1042]]],[[[8.3343,48.0547],[8.3563,48.0722],[8.3767,48.0742],[8.3742,48.0851],[8.3456,48.0952],[8.3368,48.0905],[8.3338,48.073],[8.3242,48.0624],[8.3343,48.0547]]]]},"properties":{"AGS":"08326065","GEN":"Unterkirnach","SN_L":"08"}},
{"type":"Feature","geometry":{"type":"MultiPolygon","coordinates":[[[[8.3338,48.073],[8.3081,48.0758],[8.3242,48.0624],[8.3338,48.073]]],[[[8.4674,48.1193],[8.4443,48.124],[8.422,48.1242],[8.4492,48.0948],[8.4342,48.0897],[8.404,48.1011],[8.391,48.1001],[8.3434,48.1033],[8.3411,48.101],[8.3408,48.0987],[8.3456,48.0952],[8.3742,48.0851],[8.3767,48.0742],[8.3563,48.0722],[8.3343,48.0547],[8.3446,48.0516],[8.3493,48.0398],[8.3454,48.0244],[8.3359,48.0184],[8.3393,48.0085],[8.3569,48.0078],[8.3608,47.9932],[8.3777,47.9946],[8.4025,47.9815],[8.4397,47.9884],[8.4368,48.0027],[8.4256,48.0132],[8.4239,48.025],[8.4479,48.0204],[8.4892,48.025],[8.5074,48.0225],[8.5084,48.0345],[8.526,48.0362],[8.5578,48.0502],[8.5836,48.0406],[8.5954,48.0476],[8.6077,48.045],[8.6263,48.0489],[8.6319,48.044],[8.6366,48.0489],[8.6043,48.0747],[8.5871,48.0715],[8.5705,48.0784],[8.5468,48.0805],[8.5261,48.089],[8.525,48.1073],[8.511,48.1015],[8.4948,48.103],[8.4674,48.1193]]]]},"properties":{"AGS":"08326074","GEN":"Villingen-Schwenningen","SN_L":"08"}},
{"type":"Feature","geometry":{"type":"Polygon","coordinates":[[[8.5074,48.0225],[8.4892,48.025],[8.4479,48.0204],[8.4239,48.025],[8.4256,48.0132],[8.4368,48.0027],[8.4397,47.9884],[8.4616,47.9951],[8.4849,47.9878],[8.514,47.9876],[8.5214,47.9986],[8.5113,48.0053],[8.5074,48.0225]]]},"properties":{"AGS":"08326075","GEN":"Brigachtal","SN_L":"08"}},
{"type":"Feature","geometry":{"type":"Polygon","coordinates":[[[8.9392,48.1036],[8.9133,48.1106],[8.8949,48.1066],[8.8927,48.0997],[8.906,48.088],[8.919,48.0869],[8.9149,48.0714],[8.9214,48.0597],[8.9326,48.0578],[8.9356,48.0578],[8.9407,48.0606],[8.9476,48.0824],[8.94,48.091],[8.9392,48.1036]]]},"properties":{"AGS":"08327004","GEN":"Bärenthal","SN_L":"08"}},
{"type":"Feature","geometry":{"type":"Polygon","coordinates":[[[8.9923,48.0302],[8.9773,48.0326],[8.9762,48.0249],[8.9599,48.0199],[8.947,48.0101],[8.9474,48.0022],[8.9341,47.9948],[8.9446,47.9884],[8.9611,47.9886],[8.9724,47.983],[8.9807,47.9946],[9.0073,47.9946],[9.0139,48.0035],[9.0076,48.0256],[8.9923,48.0302]]]},"properties":{"AGS":"08327008","GEN":"Buchheim","SN_L":"08"}},
{"type":"Feature","geometry":{"type":"Polygon","coordinates":[[[8.9773,48.0326],[8.9715,48.0402],[8.9521,48.0297],[8.9487,48.0441],[8.9355,48.0466],[8.9356,48.0578],[8.9326,48.0578],[8.9081,48.0432],[8.9103,48.0262],[8.8984,48.0052],[8.8985,47.9939],[8.9088,47.9888],[8.9341,47.9948],[8.9474,48.0022],[8.947,48.0101],[8.9599,48.0199],[8.9762,48.0249],[8.9773,48.0326]]]},"properties":{"AGS":"08327016","GEN":"Fridingen an der Donau","SN_L":"08"}},
{"type":"Feature","geometry":{"type":"Polygon","coordinates":[[[8.9538,48.1073],[8.9392,48.1036],[8.94,48.091],[8.9476,48.0824],[8.9407,48.0606],[8.9487,48.0554],[8.9747,48.056],[8.9966,48.0679],[8.9767,48.0865],[8.9625,48.0911],[8.9538,48.1073]]]},"properties":{"AGS":"08327027","GEN":"Irndorf","SN_L":"08"}},
{"type":"Feature","geometry":{"type":"Polygon","coordinates":[[[8.9149,48.0714],[8.8887,48.0735],[8.8571,48.0857],[8.85,48.0816],[8.8624,48.0777],[8.8576,48.0647],[8.8704,48.0502],[8.8893,48.0429],[8.9081,48.0432],[8.9326,48.0578],[8.9214,48.0597],[8.9149,48.0714]]]},"properties":{"AGS":"08327030","GEN":"Kolbingen","SN_L":"08"}},
{"type":"Feature","geometry":{"type":"Polygon","coordinates":[[[8.9081,48.0432],[8.8893,48.0429],[8.8704,48.0502],[8.8576,48.0647],[8.8593,48.0504],[8.8225,48.0527],[8.8201,48.0559],[8.829,48.036],[8.8239,48.0312],[8.8524,48.0264],[8.8636,48.0186],[8.8984,48.0052],[8.9103,48.0262],[8.9081,48.0432]]]},"properties":{"AGS":"08327036","GEN":"Mühlheim an der Donau","SN_L":"08"}},
{"type":"Feature","geometry":{"type":"Polygon","coordinates":[[[8.8927,48.0997],[8.8804,48.0981],[8.8695,48.0886],[8.8574,48.0867],[8.8571,48.0857],[8.8887,48.0735],[8.9149,48.0714],[8.919,48.0869],[8.906,48.088],[8.8927,48.0997]]]},"properties":{"AGS":"08327041","GEN":"Renquishausen","SN_L":"08"}},
{"type":"Feature","geometry":{"type":"Polygon","coordinates":[[[8.8426,48.1236],[8.8185,48.1345],[8.7923,48.1264],[8.7884,48.1214],[8.8166,48.107],[8.8413,48.1029],[8.8444,48.1038],[8.8426,48.1236]]]},"properties":{"AGS":"08327007","GEN":"Bubsheim","SN_L":"08"}},
{"type":"Feature","geometry":{"type":"Polygon","coordinates":[[[8.815,48.1792],[8.7927,48.1839],[8.7693,48.1827],[8.7643,48.1632],[8.7512,48.1595],[8.7532,48.1533],[8.7721,48.1509],[8.8279,48.1711],[8.815,48.1792]]]},"properties":{"AGS":"08327009","GEN":"Deilingen","SN_L":"08"}},
{"type":"Feature","geometry":{"type":"Polygon","coordinates":[[[8.8949,48.1066],[8.8679,48.1279],[8.8651,48.1353],[8.8512,48.1227],[8.8426,48.1236],[8.8444,48.1038],[8.8701,48.107],[8.8927,48.0997],[8.8949,48.1066]]]},"properties":{"AGS":"08327013","GEN":"Egesheim","SN_L":"08"}},
{"type":"Feature","geometry":{"type":"Polygon","coordinates":[[[8.7923,48.1264],[8.7736,48.1391],[8.7721,48.1509],[8.7532,48.1533],[8.7339,48.1409],[8.7407,48.1298],[8.7623,48.1284],[8.7739,48.1148],[8.7884,48.1214],[8.7923,48.1264]]]},"properties":{"AGS":"08327019","GEN":"Gosheim","SN_L":"08"}},
{"type":"Feature","geometry":{"type":"Polygon","coordinates":[[[8.8927,48.0997],[8.8701,48.107],[8.8444,48.1038],[8.8413,48.1029],[8.8574,48.0867],[8.8695,48.0886],[8.8804,48.0981],[8.8927,48.0997]]]},"properties":{"AGS":"08327029","GEN":"Königsheim","SN_L":"08"}},
{"type":"Feature","geometry":{"type":"Polygon","coordinates":[[[8.8623,48.1399],[8.8414,48.15],[8.8185,48.1345],[8.8426,48.1236],[8.8512,48.1227],[8.8651,48.1353],[8.8623,48.1399]]]},"properties":{"AGS":"08327040","GEN":"Reichenbach am Heuberg","SN_L":"08"}},
{"type":"Feature","geometry":{"type":"Polygon","coordinates":[[[8.8279,48.1711],[8.7721,48.1509],[8.7736,48.1391],[8.7923,48.1264],[8.8185,48.1345],[8.8414,48.15],[8.8318,48.1496],[8.8279,48.1711]]]},"properties":{"AGS":"08327051","GEN":"Wehingen","SN_L":"08"}},
{"type":"Feature","geometry":{"type":"Polygon","coordinates":[[[8.7197,47.8989],[8.694,47.9178],[8.6834,47.9211],[8.6773,47.9404],[8.6537,47.9497],[8.6404,47.9607],[8.636,47.9501],[8.6038,47.9515],[8.5885,47.9449],[8.5874,47.9254],[8.5922,47.9027],[8.6128,47.8953],[8.6144,47.8844],[8.6078,47.877],[8.6253,47.8686],[8.6401,47.8548],[8.6559,47.8485],[8.6782,47.8496],[8.696,47.8605],[8.6975,47.8695],[8.6904,47.8823],[8.7167,47.888],[8.7197,47.8989]]]},"properties":{"AGS":"08327018","GEN":"Geisingen","SN_L":"08"}},
{"type":"Feature","geometry":{"type":"Polygon","coordinates":[[[8.823,47.9389],[8.7923,47.9385],[8.7686,47.9275],[8.7537,47.9311],[8.7531,47.9383],[8.7391,47.9495],[8.7212,47.9735],[8.6932,47.9927],[8.6766,48.0018],[8.6631,47.9996],[8.6515,47.99],[8.6582,47.9773],[8.6404,47.9607],[8.6537,47.9497],[8.6773,47.9404],[8.6834,47.9211],[8.694,47.9178],[8.7197,47.8989],[8.7396,47.8847],[8.7736,47.8946],[8.7869,47.8947],[8.8043,47.9071],[8.8014,47.9172],[8.8205,47.9275],[8.823,47.9389]]]},"properties":{"AGS":"08327025","GEN":"Immendingen","SN_L":"08"}},
{"type":"Feature","geometry":{"type":"Polygon","coordinates":[[[8.6851,48.1194],[8.6606,48.1203],[8.6412,48.1101],[8.6373,48.1016],[8.6593,48.099],[8.6634,48.0873],[8.6735,48.0811],[8.6748,48.063],[8.7024,48.0641],[8.7229,48.0924],[8.7188,48.0996],[8.6997,48.1058],[8.6982,48.1113],[8.6851,48.1194]]]},"properties":{"AGS":"08327002","GEN":"Aldingen","SN_L":"08"}},
{"type":"Feature","geometry":{"type":"Polygon","coordinates":[[[8.7805,48.088],[8.7711,48.1024],[8.7596,48.0867],[8.7659,48.0805],[8.7527,48.0612],[8.7603,48.0488],[8.7757,48.0529],[8.7854,48.0684],[8.7805,48.088]]]},"properties":{"AGS":"08327005","GEN":"Balgheim","SN_L":"08"}},
{"type":"Feature","geometry":{"type":"Polygon","coordinates":[[[8.8413,48.1029],[8.8166,48.107],[8.7884,48.1214],[8.7739,48.1148],[8.77,48.1068],[8.7711,48.1024],[8.7805,48.088],[8.7976,48.0816],[8.8268,48.087],[8.85,48.0816],[8.8571,48.0857],[8.8574,48.0867],[8.8413,48.1029]]]},"properties":{"AGS":"08327006","GEN":"Böttingen","SN_L":"08"}},
{"type":"Feature","geometry":{"type":"Polygon","coordinates":[[[8.7739,48.1148],[8.7623,48.1284],[8.7407,48.1298],[8.7246,48.1178],[8.6982,48.1113],[8.6997,48.1058],[8.7188,48.0996],[8.7229,48.0924],[8.7557,48.0926],[8.77,48.1068],[8.7739,48.1148]]]},"properties":{"AGS":"08327010","GEN":"Denkingen","SN_L":"08"}},
{"type":"Feature","geometry":{"type":"Polygon","coordinates":[[[8.8201,48.0559],[8.8095,48.0745],[8.7976,48.0816],[8.7805,48.088],[8.7854,48.0684],[8.7757,48.0529],[8.8055,48.0326],[8.8208,48.0309],[8.8227,48.0315],[8.8239,48.0312],[8.829,48.036],[8.8201,48.0559]]]},"properties":{"AGS":"08327011","GEN":"Dürbheim","SN_L":"08"}},
{"type":"Feature","geometry":{"type":"Polygon","coordinates":[[[8.7339,48.1409],[8.7056,48.1403],[8.7007,48.1347],[8.687,48.1275],[8.6851,48.1194],[8.6982,48.1113],[8.7246,48.1178],[8.7407,48.1298],[8.7339,48.1409]]]},"properties":{"AGS":"08327017","GEN":"Frittlingen","SN_L":"08"}},
{"type":"Feature","geometry":{"type":"Polygon","coordinates":[[[8.7588,48.0409],[8.7556,48.0471],[8.7347,48.0578],[8.7045,48.0582],[8.7128,48.0535],[8.716,48.0373],[8.7368,48.0402],[8.7473,48.0348],[8.7588,48.0409]]]},"properties":{"AGS":"08327023","GEN":"Hausen ob Verena","SN_L":"08"}},
{"type":"Feature","geometry":{"type":"Polygon","coordinates":[[[8.85,48.0816],[8.8268,48.087],[8.7976,48.0816],[8.8095,48.0745],[8.8201,48.0559],[8.8225,48.0527],[8.8593,48.0504],[8.8576,48.0647],[8.8624,48.0777],[8.85,48.0816]]]},"properties":{"AGS":"08327033","GEN":"Mahlstetten","SN_L":"08"}},
{"type":"Feature","geometry":{"type":"Polygon","coordinates":[[[8.7603,48.0488],[8.7527,48.0612],[8.7659,48.0805],[8.7596,48.0867],[8.7711,48.1024],[8.77,48.1068],[8.7557,48.0926],[8.7229,48.0924],[8.7024,48.0641],[8.6748,48.063],[8.67,48.0564],[8.6966,48.0608],[8.7045,48.0582],[8.7347,48.0578],[8.7556,48.0471],[8.7588,48.0409],[8.7603,48.0488]]]},"properties":{"AGS":"08327046","GEN":"Spaichingen","SN_L":"08"}},
{"type":"Feature","geometry":{"type":"Polygon","coordinates":[[[8.6967,48.0387],[8.686,48.0482],[8.6681,48.0539],[8.6386,48.0405],[8.644,48.0339],[8.6533,48.0272],[8.6836,48.0265],[8.6967,48.0387]]]},"properties":{"AGS":"08327012","GEN":"Durchhausen","SN_L":"08"}},
{"type":"Feature","geometry":{"type":"Polygon","coordinates":[[[8.7045,48.0582],[8.6966,48.0608],[8.67,48.0564],[8.6681,48.0539],[8.686,48.0482],[8.6967,48.0387],[8.716,48.0373],[8.7128,48.0535],[8.7045,48.0582]]]},"properties":{"AGS":"08327020","GEN":"Gunningen","SN_L":"08"}},
{"type":"Feature","geometry":{"type":"Polygon","coordinates":[[[8.6836,48.0265],[8.6533,48.0272],[8.644,48.0339],[8.6302,48.0149],[8.6415,48.0047],[8.6631,47.9996],[8.6766,48.0018],[8.6932,47.9927],[8.7003,48.0066],[8.6836,48.0265]]]},"properties":{"AGS":"08327048","GEN":"Talheim","SN_L":"08"}},
{"type":"Feature","geometry":{"type":"Polygon","coordinates":[[[8.6748,48.063],[8.6735,48.0811],[8.6634,48.0873],[8.6593,48.099],[8.6373,48.1016],[8.6136,48.096],[8.5997,48.0858],[8.6043,48.0747],[8.6366,48.0489],[8.6319,48.044],[8.6386,48.0405],[8.6681,48.0539],[8.67,48.0564],[8.6748,48.063]]]},"properties":{"AGS":"08327049","GEN":"Trossingen","SN_L":"08"}},
{"type":"Feature","geometry":{"type":"Polygon","coordinates":[[[9.0073,47.9946],[8.9807,47.9946],[8.9724,47.983],[8.9611,47.9886],[8.9446,47.9884],[8.9341,47.9948],[8.9088,47.9888],[8.8945,47.9751],[8.9132,47.9667],[8.9158,47.9549],[8.9292,47.9553],[8.9529,47.9341],[8.9648,47.9242],[8.984,47.938],[8.9952,47.9326],[9.012,47.9369],[9.0207,47.9474],[9.0195,47.961],[9.0117,47.9742],[9.0202,47.9858],[9.0073,47.9946]]]},"properties":{"AGS":"08327038","GEN":"Neuhausen ob Eck","SN_L":"08"}},
{"type":"Feature","geometry":{"type":"Polygon","coordinates":[[[8.8984,48.0052],[8.8636,48.0186],[8.8524,48.0264],[8.8239,48.0312],[8.8227,48.0315],[8.8278,48.0207],[8.8031,48.0129],[8.7906,47.9997],[8.7937,47.9942],[8.7777,47.9821],[8.757,47.9836],[8.7387,47.9924],[8.7294,47.9934],[8.7003,48.0066],[8.6932,47.9927],[8.7212,47.9735],[8.7391,47.9495],[8.7531,47.9383],[8.7537,47.9311],[8.7686,47.9275],[8.7923,47.9385],[8.823,47.9389],[8.8435,47.948],[8.8635,47.9517],[8.8717,47.9681],[8.8945,47.9751],[8.9088,47.9888],[8.8985,47.9939],[8.8984,48.0052]]]},"properties":{"AGS":"08327050","GEN":"Tuttlingen","SN_L":"08"}},
{"type":"Feature","geometry":{"type":"Polygon","coordinates":[[[8.7387,47.9924],[8.757,47.9836],[8.7777,47.9821],[8.7937,47.9942],[8.7906,47.9997],[8.8031,48.0129],[8.8278,48.0207],[8.8227,48.0315],[8.8208,48.0309],[8.7951,48.0249],[8.7944,48.0149],[8.757,48.0203],[8.7572,48.0039],[8.7387,47.9924]]]},"properties":{"AGS":"08327054","GEN":"Wurmlingen","SN_L":"08"}},
{"type":"Feature","geometry":{"type":"Polygon","coordinates":[[[8.7473,48.0348],[8.7368,48.0402],[8.716,48.0373],[8.6967,48.0387],[8.6836,48.0265],[8.7003,48.0066],[8.7294,47.9934],[8.7387,47.9924],[8.7572,48.0039],[8.757,48.0203],[8.7473,48.0348]]]},"properties":{"AGS":"08327055","GEN":"Seitingen-Oberflacht","SN_L":"08"}},
{"type":"Feature","geometry":{"type":"Polygon","coordinates":[[[8.8208,48.0309],[8.8055,48.0326],[8.7757,48.0529],[8.7603,48.0488],[8.7588,48.0409],[8.7473,48.0348],[8.757,48.0203],[8.7944,48.0149],[8.7951,48.0249],[8.8208,48.0309]]]},"properties":{"AGS":"08327056","GEN":"Rietheim-Weilheim","SN_L":"08"}},
{"type":"Feature","geometry":{"type":"Polygon","coordinates":[[[8.9529,47.9341],[8.9292,47.9553],[8.9158,47.9549],[8.9132,47.9667],[8.8945,47.9751],[8.8717,47.9681],[8.8635,47.9517],[8.8435,47.948],[8.823,47.9389],[8.8205,47.9275],[8.8174,47.8872],[8.8453,47.878],[8.8644,47.8932],[8.8796,47.9121],[8.9029,47.9155],[8.9448,47.9289],[8.9529,47.9341]]]},"properties":{"AGS":"08327057","GEN":"Emmingen-Liptingen","SN_L":"08"}},
{"type":"Feature","geometry":{"type":"Polygon","coordinates":[[[8.7835,47.8156],[8.7615,47.8101],[8.7348,47.8085],[8.7299,47.8145],[8.7101,47.7986],[8.7122,47.7855],[8.6883,47.7736],[8.6886,47.7583],[8.6951,47.7557],[8.7142,47.7654],[8.7271,47.7623],[8.7401,47.7528],[8.7794,47.7521],[8.7909,47.7446],[8.8093,47.7421],[8.8102,47.7439],[8.8156,47.7528],[8.8084,47.7658],[8.8142,47.7877],[8.8249,47.7934],[8.8226,47.8008],[8.8042,47.8004],[8.7835,47.8156]]]},"properties":{"AGS":"08335035","GEN":"Hilzingen","SN_L":"08"}},
{"type":"Feature","geometry":{"type":"Polygon","coordinates":[[[8.9758,47.8016],[8.9637,47.8019],[8.9497,47.814],[8.9377,47.7969],[8.9401,47.7826],[8.9484,47.7769],[8.9372,47.7654],[8.9192,47.7648],[8.9094,47.7701],[8.9095,47.7506],[8.9262,47.7416],[8.9409,47.7327],[8.9606,47.7372],[8.9753,47.735],[8.9999,47.7252],[9.0057,47.7262],[9.0055,47.7242],[9.0103,47.7238],[9.0092,47.721],[9.0196,47.7302],[9.0368,47.7355],[9.0347,47.7487],[9.049,47.7531],[9.0611,47.7731],[9.0149,47.7914],[8.9941,47.7871],[8.9758,47.8016]]]},"properties":{"AGS":"08335063","GEN":"Radolfzell am Bodensee","SN_L":"08"}},
{"type":"Feature","geometry":{"type":"Polygon","coordinates":[[[8.7299,47.8145],[8.7256,47.8247],[8.7328,47.8336],[8.7305,47.8459],[8.7163,47.8594],[8.7196,47.8654],[8.6975,47.8695],[8.696,47.8605],[8.6782,47.8496],[8.6559,47.8485],[8.6401,47.8548],[8.6288,47.84],[8.6271,47.8224],[8.6139,47.8012],[8.622,47.7947],[8.6151,47.7832],[8.6233,47.7773],[8.6194,47.7677],[8.6316,47.7582],[8.6423,47.7653],[8.6499,47.7813],[8.6453,47.7872],[8.657,47.8003],[8.6676,47.7877],[8.6816,47.7835],[8.6883,47.7736],[8.7122,47.7855],[8.7101,47.7986],[8.7299,47.8145]]]},"properties":{"AGS":"08335080","GEN":"Tengen","SN_L":"08"}},
{"type":"Feature","geometry":{"type":"Polygon","coordinates":[[[8.8825,47.8503],[8.8695,47.8626],[8.8555,47.8557],[8.8349,47.8532],[8.8384,47.8254],[8.8467,47.8258],[8.8777,47.8356],[8.8864,47.8305],[8.8825,47.8503]]]},"properties":{"AGS":"08335001","GEN":"Aach","SN_L":"08"}},
{"type":"Feature","geometry":{"type":"Polygon","coordinates":[[[8.8453,47.878],[8.8174,47.8872],[8.8205,47.9275],[8.8014,47.9172],[8.8043,47.9071],[8.7869,47.8947],[8.7736,47.8946],[8.7396,47.8847],[8.7197,47.8989],[8.7167,47.888],[8.6904,47.8823],[8.6975,47.8695],[8.7196,47.8654],[8.7163,47.8594],[8.7305,47.8459],[8.7328,47.8336],[8.7256,47.8247],[8.7299,47.8145],[8.7348,47.8085],[8.7615,47.8101],[8.7835,47.8156],[8.7841,47.8276],[8.8157,47.8427],[8.8163,47.8512],[8.8339,47.856],[8.8453,47.878]]]},"properties":{"AGS":"08335022","GEN":"Engen","SN_L":"08"}},
{"type":"Feature","geometry":{"type":"Polygon","coordinates":[[[8.8349,47.8532],[8.8339,47.856],[8.8163,47.8512],[8.8157,47.8427],[8.7841,47.8276],[8.7835,47.8156],[8.8042,47.8004],[8.8226,47.8008],[8.8249,47.7934],[8.83,47.8093],[8.84,47.817],[8.8545,47.8148],[8.8467,47.8258],[8.8384,47.8254],[8.8349,47.8532]]]},"properties":{"AGS":"08335097","GEN":"Mühlhausen-Ehingen","SN_L":"08"}},
{"type":"Feature","geometry":{"type":"Polygon","coordinates":[[[8.7005,47.715],[8.6738,47.7048],[8.6777,47.6873],[8.6922,47.6952],[8.7054,47.6901],[8.7174,47.6956],[8.7005,47.715]]]},"properties":{"AGS":"08335015","GEN":"Büsingen am Hochrhein","SN_L":"08"}},
{"type":"Feature","geometry":{"type":"Polygon","coordinates":[[[8.7694,47.7069],[8.7449,47.7095],[8.7363,47.7162],[8.728,47.6927],[8.7525,47.6905],[8.7902,47.6751],[8.7965,47.6878],[8.7977,47.7029],[8.7694,47.7069]]]},"properties":{"AGS":"08335026","GEN":"Gailingen am Hochrhein","SN_L":"08"}},
{"type":"Feature","geometry":{"type":"Polygon","coordinates":[[[8.8093,47.7421],[8.7909,47.7446],[8.7794,47.7521],[8.7401,47.7528],[8.7234,47.7455],[8.7113,47.7301],[8.7179,47.7216],[8.7363,47.7162],[8.7449,47.7095],[8.7694,47.7069],[8.7698,47.7181],[8.7807,47.7217],[8.8064,47.7383],[8.8093,47.7421]]]},"properties":{"AGS":"08335028","GEN":"Gottmadingen","SN_L":"08"}},
{"type":"Feature","geometry":{"type":"Polygon","coordinates":[[[8.953,47.6685],[8.9709,47.672],[8.9983,47.6869],[9.0059,47.6968],[8.9923,47.7071],[8.9633,47.7166],[8.9743,47.7014],[8.9552,47.6968],[8.9455,47.6875],[8.9435,47.6808],[8.953,47.6685]]]},"properties":{"AGS":"08335025","GEN":"Gaienhofen","SN_L":"08"}},
{"type":"Feature","geometry":{"type":"Polygon","coordinates":[[[8.9409,47.7327],[8.9262,47.7416],[8.923,47.7265],[8.9155,47.7176],[8.926,47.7014],[8.9207,47.6974],[8.9455,47.6875],[8.9552,47.6968],[8.9743,47.7014],[8.9633,47.7166],[8.9426,47.724],[8.9409,47.7327]]]},"properties":{"AGS":"08335055","GEN":"Moos","SN_L":"08"}},
{"type":"Feature","geometry":{"type":"Polygon","coordinates":[[[8.9207,47.6974],[8.8836,47.7052],[8.8729,47.7039],[8.8581,47.6988],[8.8505,47.6845],[8.8735,47.6702],[8.8754,47.6562],[8.8937,47.6522],[8.9391,47.6617],[8.953,47.6685],[8.9435,47.6808],[8.9455,47.6875],[8.9207,47.6974]]]},"properties":{"AGS":"08335061","GEN":"Öhningen","SN_L":"08"}},
{"type":"Feature","geometry":{"type":"Polygon","coordinates":[[[9.0878,47.7686],[9.0611,47.7731],[9.049,47.7531],[9.0347,47.7487],[9.0368,47.7355],[9.0349,47.7265],[9.0817,47.7087],[9.094,47.7059],[9.0981,47.7033],[9.1016,47.7017],[9.1056,47.6962],[9.1063,47.6957],[9.1099,47.7089],[9.1241,47.703],[9.1279,47.7154],[9.1084,47.7167],[9.0977,47.7273],[9.0865,47.7341],[9.092,47.7529],[9.1076,47.7626],[9.0878,47.7686]]]},"properties":{"AGS":"08335002","GEN":"Allensbach","SN_L":"08"}},
{"type":"Feature","geometry":{"type":"Polygon","coordinates":[[[9.1801,47.6607],[9.1893,47.6668],[9.2073,47.6632],[9.2178,47.6667],[9.2114,47.6824],[9.1796,47.7052],[9.178,47.7256],[9.1491,47.7487],[9.1363,47.7471],[9.1076,47.7626],[9.092,47.7529],[9.0865,47.7341],[9.0977,47.7273],[9.1205,47.7221],[9.1279,47.7154],[9.1241,47.703],[9.1325,47.6881],[9.1147,47.6826],[9.1354,47.6652],[9.1483,47.6676],[9.1697,47.6561],[9.1811,47.6578],[9.1785,47.6578],[9.1801,47.6607]]]},"properties":{"AGS":"08335043","GEN":"Konstanz","SN_L":"08"}},
{"type":"Feature","geometry":{"type":"MultiPolygon","coordinates":[[[[9.1279,47.7154],[9.1205,47.7221],[9.0977,47.7273],[9.1084,47.7167],[9.1279,47.7154]]],[[[9.0368,47.7355],[9.0196,47.7302],[9.0349,47.7265],[9.0368,47.7355]]],[[[9.1033,47.6903],[9.0878,47.688],[9.0604,47.7034],[9.0429,47.7015],[9.0433,47.6934],[9.0811,47.6833],[9.1055,47.6861],[9.1131,47.685],[9.1147,47.6826],[9.1325,47.6881],[9.1241,47.703],[9.1099,47.7089],[9.1063,47.6957],[9.1079,47.691],[9.1033,47.6903]]]]},"properties":{"AGS":"08335066","GEN":"Reichenau","SN_L":"08"}},
{"type":"Feature","geometry":{"type":"Polygon","coordinates":[[[8.8545,47.8148],[8.84,47.817],[8.83,47.8093],[8.8249,47.7934],[8.8142,47.7877],[8.8084,47.7658],[8.8156,47.7528],[8.8102,47.7439],[8.8347,47.7517],[8.8411,47.7417],[8.8634,47.7383],[8.8796,47.7402],[8.8807,47.7312],[8.872,47.7219],[8.8714,47.705],[8.8729,47.7039],[8.8836,47.7052],[8.9207,47.6974],[8.926,47.7014],[8.9155,47.7176],[8.923,47.7265],[8.9262,47.7416],[8.9095,47.7506],[8.9094,47.7701],[8.8823,47.7998],[8.8758,47.8131],[8.8545,47.8148]]]},"properties":{"AGS":"08335075","GEN":"Singen (Hohentwiel)","SN_L":"08"}},
{"type":"Feature","geometry":{"type":"Polygon","coordinates":[[[8.9454,47.8167],[8.9213,47.8235],[8.8971,47.8228],[8.8864,47.8294],[8.8758,47.8131],[8.8823,47.7998],[8.9094,47.7701],[8.9192,47.7648],[8.9372,47.7654],[8.9484,47.7769],[8.9401,47.7826],[8.9377,47.7969],[8.9497,47.814],[8.9454,47.8167]]]},"properties":{"AGS":"08335077","GEN":"Steißlingen","SN_L":"08"}},
{"type":"Feature","geometry":{"type":"Polygon","coordinates":[[[8.8864,47.8305],[8.8777,47.8356],[8.8467,47.8258],[8.8545,47.8148],[8.8758,47.8131],[8.8864,47.8294],[8.8864,47.8305]]]},"properties":{"AGS":"08335081","GEN":"Volkertshausen","SN_L":"08"}},
{"type":"Feature","geometry":{"type":"Polygon","coordinates":[[[8.8714,47.705],[8.872,47.7219],[8.8807,47.7312],[8.8796,47.7402],[8.8634,47.7383],[8.8411,47.7417],[8.8347,47.7517],[8.8102,47.7439],[8.8093,47.7421],[8.8064,47.7383],[8.8236,47.7109],[8.8458,47.7112],[8.8483,47.7035],[8.8714,47.705]]]},"properties":{"AGS":"08335100","GEN":"Rielasingen-Worblingen","SN_L":"08"}},
{"type":"Feature","geometry":{"type":"Polygon","coordinates":[[[8.9648,47.9242],[8.9529,47.9341],[8.9448,47.9289],[8.9029,47.9155],[8.8796,47.9121],[8.8644,47.8932],[8.8453,47.878],[8.8339,47.856],[8.8349,47.8532],[8.8555,47.8557],[8.8695,47.8626],[8.8825,47.8503],[8.9093,47.8484],[8.9205,47.8432],[8.9327,47.8478],[8.9436,47.8685],[8.9564,47.8683],[8.9635,47.8735],[8.951,47.884],[8.9689,47.9021],[8.9768,47.9015],[8.9648,47.9242]]]},"properties":{"AGS":"08335021","GEN":"Eigeltingen","SN_L":"08"}},
{"type":"Feature","geometry":{"type":"Polygon","coordinates":[[[9.0667,47.9216],[9.0707,47.9422],[9.0494,47.9355],[9.012,47.9369],[8.9952,47.9326],[8.984,47.938],[8.9648,47.9242],[8.9768,47.9015],[8.9778,47.8907],[8.9945,47.8914],[9.0127,47.9014],[9.0299,47.8957],[9.0289,47.8819],[9.0495,47.8891],[9.062,47.8994],[9.0585,47.9106],[9.0667,47.9216]]]},"properties":{"AGS":"08335057","GEN":"Mühlingen","SN_L":"08"}},
{"type":"Feature","geometry":{"type":"Polygon","coordinates":[[[9.0495,47.8891],[9.0289,47.8819],[9.0299,47.8957],[9.0127,47.9014],[8.9945,47.8914],[8.9778,47.8907],[8.9768,47.9015],[8.9689,47.9021],[8.951,47.884],[8.9635,47.8735],[8.9564,47.8683],[8.9589,47.8582],[8.9717,47.8527],[8.9756,47.8402],[8.9642,47.8281],[8.9454,47.8167],[8.9497,47.814],[8.9637,47.8019],[8.9758,47.8016],[8.996,47.8147],[9.0112,47.8124],[9.0249,47.8203],[9.0262,47.8279],[9.0153,47.8394],[9.0346,47.8432],[9.0463,47.8408],[9.0669,47.849],[9.0657,47.8557],[9.0847,47.8578],[9.1034,47.8416],[9.1286,47.8468],[9.1213,47.8597],[9.0878,47.8739],[9.0616,47.8708],[9.0632,47.8784],[9.0495,47.8891]]]},"properties":{"AGS":"08335079","GEN":"Stockach","SN_L":"08"}},
{"type":"Feature","geometry":{"type":"Polygon","coordinates":[[[9.1027,47.9096],[9.0667,47.9216],[9.0585,47.9106],[9.062,47.8994],[9.0495,47.8891],[9.0632,47.8784],[9.0616,47.8708],[9.0878,47.8739],[9.1213,47.8597],[9.1459,47.8729],[9.1487,47.8827],[9.1469,47.8979],[9.1282,47.8984],[9.1027,47.9096]]]},"properties":{"AGS":"08335096","GEN":"Hohenfels","SN_L":"08"}},
{"type":"Feature","geometry":{"type":"Polygon","coordinates":[[[9.081,47.8118],[9.0798,47.8313],[9.0669,47.849],[9.0463,47.8408],[9.0346,47.8432],[9.0153,47.8394],[9.0262,47.8279],[9.0249,47.8203],[9.0112,47.8124],[8.996,47.8147],[8.9758,47.8016],[8.9941,47.7871],[9.0149,47.7914],[9.0611,47.7731],[9.0878,47.7686],[9.0663,47.7799],[9.0482,47.7957],[9.0305,47.8065],[9.0395,47.8175],[9.0621,47.8147],[9.0705,47.8073],[9.081,47.8118]]]},"properties":{"AGS":"08335098","GEN":"Bodman-Ludwigshafen","SN_L":"08"}},
{"type":"Feature","geometry":{"type":"Polygon","coordinates":[[[8.9564,47.8683],[8.9436,47.8685],[8.9327,47.8478],[8.9205,47.8432],[8.9093,47.8484],[8.8825,47.8503],[8.8864,47.8305],[8.8864,47.8294],[8.8971,47.8228],[8.9213,47.8235],[8.9454,47.8167],[8.9642,47.8281],[8.9756,47.8402],[8.9717,47.8527],[8.9589,47.8582],[8.9564,47.8683]]]},"properties":{"AGS":"08335099","GEN":"Orsingen-Nenzingen","SN_L":"08"}},
{"type":"Feature","geometry":{"type":"MultiPolygon","coordinates":[[[[7.6066,47.6446],[7.6075,47.6472],[7.6035,47.6448],[7.6066,47.6446]]],[[[7.6365,47.6695],[7.6351,47.6847],[7.6176,47.6815],[7.5875,47.6895],[7.5723,47.7062],[7.5332,47.7],[7.5145,47.7027],[7.5211,47.6638],[7.5379,47.6492],[7.567,47.6321],[7.5752,47.6338],[7.5949,47.6436],[7.5885,47.6519],[7.6079,47.657],[7.6189,47.6648],[7.6365,47.6695]]]]},"properties":{"AGS":"08336014","GEN":"Efringen-Kirchen","SN_L":"08"}},
{"type":"Feature","geometry":{"type":"Polygon","coordinates":[[[7.7829,47.6756],[7.7818,47.6957],[7.7659,47.6913],[7.7646,47.7131],[7.7557,47.7312],[7.7364,47.7326],[7.7137,47.7142],[7.7165,47.6972],[7.7083,47.6881],[7.7097,47.6704],[7.7189,47.6569],[7.7249,47.6394],[7.7183,47.6265],[7.7291,47.6166],[7.7479,47.6221],[7.7649,47.6225],[7.7581,47.633],[7.7614,47.6467],[7.7726,47.6493],[7.7767,47.6699],[7.7825,47.6729],[7.7829,47.6756]]]},"properties":{"AGS":"08336084","GEN":"Steinen","SN_L":"08"}},
{"type":"Feature","geometry":{"type":"Polygon","coordinates":[[[7.9834,47.8666],[7.954,47.8754],[7.9055,47.8758],[7.8899,47.879],[7.8876,47.8675],[7.9032,47.8644],[7.9117,47.8491],[7.9085,47.8426],[7.9182,47.8307],[7.9249,47.8166],[7.927,47.7973],[7.9447,47.7972],[7.9611,47.7883],[7.9445,47.7763],[7.9425,47.7745],[7.9431,47.7633],[7.9555,47.7573],[7.971,47.7584],[7.977,47.7627],[7.9791,47.7665],[7.9926,47.7663],[8.0036,47.7737],[8.0025,47.7914],[7.9787,47.7913],[7.9935,47.803],[7.9997,47.8208],[7.9995,47.8276],[8.018,47.8411],[8.0189,47.8605],[8.0126,47.8662],[7.9834,47.8666]]]},"properties":{"AGS":"08336087","GEN":"Todtnau","SN_L":"08"}},
{"type":"Feature","geometry":{"type":"Polygon","coordinates":[[[7.6022,47.6239],[7.5948,47.6202],[7.5752,47.6338],[7.567,47.6321],[7.5743,47.6158],[7.593,47.6008],[7.5892,47.5897],[7.6193,47.5769],[7.6491,47.5962],[7.6335,47.6061],[7.6419,47.6178],[7.6362,47.6281],[7.6022,47.6239]]]},"properties":{"AGS":"08336091","GEN":"Weil am Rhein","SN_L":"08"}},
{"type":"Feature","geometry":{"type":"Polygon","coordinates":[[[7.7241,47.5422],[7.7093,47.5544],[7.7106,47.5723],[7.6895,47.5715],[7.6481,47.5599],[7.6492,47.5482],[7.6676,47.5362],[7.6964,47.5328],[7.7241,47.5422]]]},"properties":{"AGS":"08336105","GEN":"Grenzach-Wyhlen","SN_L":"08"}},
{"type":"Feature","geometry":{"type":"Polygon","coordinates":[[[7.833,47.8225],[7.8189,47.8118],[7.8013,47.8053],[7.7772,47.8032],[7.7836,47.7943],[7.749,47.7896],[7.7524,47.7725],[7.7387,47.7562],[7.7364,47.7326],[7.7557,47.7312],[7.7646,47.7131],[7.7659,47.6913],[7.7818,47.6957],[7.7829,47.6756],[7.8022,47.675],[7.8033,47.6866],[7.8137,47.7011],[7.805,47.7144],[7.8122,47.7292],[7.8467,47.742],[7.8502,47.7531],[7.8417,47.7766],[7.8391,47.7797],[7.8335,47.8013],[7.8376,47.8163],[7.833,47.8225]]]},"properties":{"AGS":"08336107","GEN":"Kleines Wiesental","SN_L":"08"}},
{"type":"Feature","geometry":{"type":"Polygon","coordinates":[[[7.7137,47.7142],[7.7006,47.7184],[7.692,47.7288],[7.694,47.7421],[7.6837,47.7461],[7.6577,47.7425],[7.65,47.7451],[7.6297,47.7379],[7.6205,47.7246],[7.607,47.7225],[7.5723,47.7062],[7.5875,47.6895],[7.6176,47.6815],[7.6351,47.6847],[7.6365,47.6695],[7.638,47.6636],[7.6624,47.6673],[7.6745,47.6609],[7.6805,47.6592],[7.6826,47.6686],[7.7005,47.6768],[7.7097,47.6704],[7.7083,47.6881],[7.7165,47.6972],[7.7137,47.7142]]]},"properties":{"AGS":"08336045","GEN":"Kandern","SN_L":"08"}},
{"type":"Feature","geometry":{"type":"Polygon","coordinates":[[[7.749,47.7896],[7.7216,47.7868],[7.7017,47.7796],[7.709,47.7622],[7.6927,47.7566],[7.6837,47.7461],[7.694,47.7421],[7.692,47.7288],[7.7006,47.7184],[7.7137,47.7142],[7.7364,47.7326],[7.7387,47.7562],[7.7524,47.7725],[7.749,47.7896]]]},"properties":{"AGS":"08336104","GEN":"Malsburg-Marzell","SN_L":"08"}},
{"type":"Feature","geometry":{"type":"Polygon","coordinates":[[[7.718,47.6061],[7.6936,47.6005],[7.6717,47.5874],[7.6895,47.5715],[7.7106,47.5723],[7.7174,47.5772],[7.7234,47.5992],[7.718,47.6061]]]},"properties":{"AGS":"08336043","GEN":"Inzlingen","SN_L":"08"}},
{"type":"Feature","geometry":{"type":"Polygon","coordinates":[[[7.7291,47.6166],[7.7183,47.6265],[7.7249,47.6394],[7.7189,47.6569],[7.7097,47.6704],[7.7005,47.6768],[7.6826,47.6686],[7.6805,47.6592],[7.6731,47.6491],[7.648,47.6371],[7.6362,47.6281],[7.6419,47.6178],[7.6335,47.6061],[7.6491,47.5962],[7.675,47.592],[7.6936,47.6005],[7.718,47.6061],[7.7291,47.6166]]]},"properties":{"AGS":"08336050","GEN":"Lörrach","SN_L":"08"}},
{"type":"Feature","geometry":{"type":"Polygon","coordinates":[[[7.8293,47.6205],[7.8121,47.625],[7.7967,47.6181],[7.786,47.6224],[7.7649,47.6225],[7.7479,47.6221],[7.7291,47.6166],[7.718,47.6061],[7.7234,47.5992],[7.7174,47.5772],[7.7106,47.5723],[7.7093,47.5544],[7.7241,47.5422],[7.7457,47.5439],[7.7961,47.5577],[7.8098,47.5682],[7.8192,47.5872],[7.8327,47.5867],[7.841,47.5983],[7.8331,47.6058],[7.8293,47.6205]]]},"properties":{"AGS":"08336069","GEN":"Rheinfelden (Baden)","SN_L":"08"}},
{"type":"Feature","geometry":{"type":"Polygon","coordinates":[[[7.8941,47.5864],[7.9013,47.6017],[7.8886,47.6056],[7.8782,47.617],[7.8793,47.6298],[7.8729,47.6376],[7.8507,47.6329],[7.842,47.6237],[7.8293,47.6205],[7.8331,47.6058],[7.841,47.5983],[7.8327,47.5867],[7.8408,47.5822],[7.8618,47.5878],[7.8941,47.5864]]]},"properties":{"AGS":"08336082","GEN":"Schwörstadt","SN_L":"08"}},
{"type":"Feature","geometry":{"type":"Polygon","coordinates":[[[7.6205,47.7246],[7.586,47.7353],[7.5729,47.7326],[7.5682,47.7432],[7.5534,47.7444],[7.546,47.7436],[7.5476,47.7298],[7.534,47.7142],[7.5145,47.7027],[7.5332,47.7],[7.5723,47.7062],[7.607,47.7225],[7.6205,47.7246]]]},"properties":{"AGS":"08336006","GEN":"Bad Bellingen","SN_L":"08"}},
{"type":"Feature","geometry":{"type":"Polygon","coordinates":[[[7.7017,47.7796],[7.6918,47.7801],[7.6723,47.7713],[7.6625,47.7768],[7.6495,47.7673],[7.6197,47.7571],[7.6152,47.7738],[7.5861,47.7719],[7.5826,47.7725],[7.5736,47.7756],[7.5534,47.7444],[7.5682,47.7432],[7.5729,47.7326],[7.586,47.7353],[7.6205,47.7246],[7.6297,47.7379],[7.65,47.7451],[7.6577,47.7425],[7.6837,47.7461],[7.6927,47.7566],[7.709,47.7622],[7.7017,47.7796]]]},"properties":{"AGS":"08336078","GEN":"Schliengen","SN_L":"08"}},
{"type":"Feature","geometry":{"type":"Polygon","coordinates":[[[7.8936,47.8244],[7.8786,47.8256],[7.8547,47.8386],[7.845,47.8272],[7.8872,47.7985],[7.9038,47.8009],[7.8936,47.8244]]]},"properties":{"AGS":"08336004","GEN":"Aitern","SN_L":"08"}},
{"type":"Feature","geometry":{"type":"Polygon","coordinates":[[[7.8633,47.7812],[7.8562,47.7848],[7.851,47.8009],[7.8568,47.8132],[7.8376,47.8163],[7.8335,47.8013],[7.8391,47.7797],[7.8484,47.7801],[7.8633,47.7812]]]},"properties":{"AGS":"08336010","GEN":"Böllen","SN_L":"08"}},
{"type":"Feature","geometry":{"type":"Polygon","coordinates":[[[7.8633,47.7812],[7.8484,47.7801],[7.8417,47.7766],[7.8502,47.7531],[7.8808,47.7353],[7.8793,47.7474],[7.8902,47.7564],[7.9266,47.7628],[7.9431,47.7633],[7.9425,47.7745],[7.9445,47.7763],[7.9181,47.7724],[7.9094,47.7767],[7.8913,47.7737],[7.8737,47.7697],[7.8718,47.7773],[7.8706,47.7773],[7.8684,47.7788],[7.8662,47.7808],[7.8633,47.7812]]]},"properties":{"AGS":"08336025","GEN":"Fröhnd","SN_L":"08"}},
{"type":"Feature","geometry":{"type":"MultiPolygon","coordinates":[[[[7.9997,47.8208],[7.9935,47.803],[7.9787,47.7913],[8.0025,47.7914],[7.9978,47.8062],[7.9997,47.8208]]],[[[7.9445,47.7763],[7.9611,47.7883],[7.9447,47.7972],[7.927,47.7973],[7.9293,47.7934],[7.9387,47.7906],[7.9445,47.7763]]],[[[7.9445,47.7763],[7.9328,47.7813],[7.9137,47.7779],[7.9061,47.7831],[7.9104,47.7961],[7.9038,47.8009],[7.8872,47.7985],[7.8884,47.793],[7.8662,47.7808],[7.8684,47.7788],[7.8706,47.7773],[7.8718,47.7773],[7.8913,47.7737],[7.9094,47.7767],[7.9181,47.7724],[7.9445,47.7763]]]]},"properties":{"AGS":"08336079","GEN":"Schönau im Schwarzwald","SN_L":"08"}},
{"type":"Feature","geometry":{"type":"Polygon","coordinates":[[[7.8872,47.7985],[7.845,47.8272],[7.833,47.8225],[7.8376,47.8163],[7.8568,47.8132],[7.851,47.8009],[7.8562,47.7848],[7.8633,47.7812],[7.8662,47.7808],[7.8884,47.793],[7.8872,47.7985]]]},"properties":{"AGS":"08336080","GEN":"Schönenberg","SN_L":"08"}},
{"type":"Feature","geometry":{"type":"Polygon","coordinates":[[[7.9293,47.7934],[7.9104,47.7961],[7.9061,47.7831],[7.9137,47.7779],[7.9328,47.7813],[7.9445,47.7763],[7.9387,47.7906],[7.9293,47.7934]]]},"properties":{"AGS":"08336089","GEN":"Tunau","SN_L":"08"}},
{"type":"Feature","geometry":{"type":"Polygon","coordinates":[[[7.9182,47.8307],[7.8954,47.83],[7.8936,47.8244],[7.9038,47.8009],[7.9104,47.7961],[7.9293,47.7934],[7.927,47.7973],[7.9249,47.8166],[7.9182,47.8307]]]},"properties":{"AGS":"08336090","GEN":"Utzenfeld","SN_L":"08"}},
{"type":"Feature","geometry":{"type":"MultiPolygon","coordinates":[[[[7.8484,47.7801],[7.8391,47.7797],[7.8417,47.7766],[7.8484,47.7801]]],[[[7.8913,47.7737],[7.8718,47.7773],[7.8737,47.7697],[7.8913,47.7737]]]]},"properties":{"AGS":"08336094","GEN":"Wembach","SN_L":"08"}},
{"type":"Feature","geometry":{"type":"Polygon","coordinates":[[[7.9182,47.8307],[7.9085,47.8426],[7.9117,47.8491],[7.9032,47.8644],[7.8876,47.8675],[7.8696,47.8477],[7.8547,47.8386],[7.8786,47.8256],[7.8936,47.8244],[7.8954,47.83],[7.9182,47.8307]]]},"properties":{"AGS":"08336096","GEN":"Wieden","SN_L":"08"}},
{"type":"Feature","geometry":{"type":"Polygon","coordinates":[[[7.9112,47.6653],[7.9172,47.6834],[7.8944,47.6858],[7.8715,47.6612],[7.8711,47.6451],[7.8806,47.6422],[7.9093,47.6499],[7.9112,47.6653]]]},"properties":{"AGS":"08336034","GEN":"Hasel","SN_L":"08"}},
{"type":"Feature","geometry":{"type":"Polygon","coordinates":[[[7.8414,47.6901],[7.8228,47.6975],[7.8248,47.6722],[7.8343,47.6674],[7.8432,47.679],[7.8414,47.6901]]]},"properties":{"AGS":"08336036","GEN":"Hausen im Wiesental","SN_L":"08"}},
{"type":"Feature","geometry":{"type":"Polygon","coordinates":[[[7.7825,47.6729],[7.7767,47.6699],[7.7726,47.6493],[7.7614,47.6467],[7.7581,47.633],[7.7649,47.6225],[7.786,47.6224],[7.7963,47.6398],[7.7825,47.6729]]]},"properties":{"AGS":"08336057","GEN":"Maulburg","SN_L":"08"}},
{"type":"Feature","geometry":{"type":"Polygon","coordinates":[[[7.969,47.6896],[7.9766,47.6949],[7.9809,47.7115],[7.9709,47.7245],[7.9569,47.7299],[7.9472,47.723],[7.9351,47.7176],[7.9094,47.706],[7.8925,47.6946],[7.8414,47.6901],[7.8432,47.679],[7.8343,47.6674],[7.8248,47.6722],[7.8228,47.6975],[7.8137,47.7011],[7.8033,47.6866],[7.8022,47.675],[7.7829,47.6756],[7.7825,47.6729],[7.7963,47.6398],[7.786,47.6224],[7.7967,47.6181],[7.8121,47.625],[7.8293,47.6205],[7.842,47.6237],[7.8507,47.6329],[7.8729,47.6376],[7.8711,47.6451],[7.8715,47.6612],[7.8944,47.6858],[7.9172,47.6834],[7.9112,47.6653],[7.9268,47.6741],[7.945,47.6782],[7.969,47.6896]]]},"properties":{"AGS":"08336081","GEN":"Schopfheim","SN_L":"08"}},
{"type":"Feature","geometry":{"type":"Polygon","coordinates":[[[7.6223,47.6478],[7.6149,47.6485],[7.6126,47.6474],[7.609,47.6472],[7.6075,47.6472],[7.6066,47.6446],[7.6022,47.6239],[7.6362,47.6281],[7.648,47.6371],[7.6223,47.6478]]]},"properties":{"AGS":"08336008","GEN":"Binzen","SN_L":"08"}},
{"type":"Feature","geometry":{"type":"Polygon","coordinates":[[[7.6035,47.6448],[7.5949,47.6436],[7.5752,47.6338],[7.5948,47.6202],[7.6022,47.6239],[7.6066,47.6446],[7.6035,47.6448]]]},"properties":{"AGS":"08336019","GEN":"Eimeldingen","SN_L":"08"}},
{"type":"Feature","geometry":{"type":"Polygon","coordinates":[[[7.6149,47.6485],[7.6079,47.657],[7.5885,47.6519],[7.5949,47.6436],[7.6035,47.6448],[7.6075,47.6472],[7.609,47.6472],[7.6126,47.6474],[7.6149,47.6485]]]},"properties":{"AGS":"08336024","GEN":"Fischingen","SN_L":"08"}},
{"type":"Feature","geometry":{"type":"Polygon","coordinates":[[[7.6805,47.6592],[7.6745,47.6609],[7.6673,47.653],[7.6517,47.6491],[7.638,47.6511],[7.6223,47.6478],[7.648,47.6371],[7.6731,47.6491],[7.6805,47.6592]]]},"properties":{"AGS":"08336073","GEN":"Rümmingen","SN_L":"08"}},
{"type":"Feature","geometry":{"type":"Polygon","coordinates":[[[7.638,47.6511],[7.638,47.6636],[7.6365,47.6695],[7.6189,47.6648],[7.6079,47.657],[7.6149,47.6485],[7.6223,47.6478],[7.638,47.6511]]]},"properties":{"AGS":"08336075","GEN":"Schallbach","SN_L":"08"}},
{"type":"Feature","geometry":{"type":"Polygon","coordinates":[[[7.6745,47.6609],[7.6624,47.6673],[7.638,47.6636],[7.638,47.6511],[7.6517,47.6491],[7.6673,47.653],[7.6745,47.6609]]]},"properties":{"AGS":"08336100","GEN":"Wittlingen","SN_L":"08"}},
{"type":"Feature","geometry":{"type":"MultiPolygon","coordinates":[[[[7.9581,47.7304],[7.975,47.7437],[7.9579,47.7368],[7.9581,47.7304]]],[[[7.9094,47.706],[7.8947,47.7193],[7.8902,47.7564],[7.8793,47.7474],[7.8808,47.7353],[7.8502,47.7531],[7.8467,47.742],[7.8122,47.7292],[7.805,47.7144],[7.8137,47.7011],[7.8228,47.6975],[7.8414,47.6901],[7.8925,47.6946],[7.9094,47.706]]]]},"properties":{"AGS":"08336103","GEN":"Zell im Wiesental","SN_L":"08"}},
{"type":"Feature","geometry":{"type":"Polygon","coordinates":[[[7.971,47.7584],[7.9555,47.7573],[7.9431,47.7633],[7.9266,47.7628],[7.8902,47.7564],[7.8947,47.7193],[7.9094,47.706],[7.9351,47.7176],[7.9472,47.723],[7.9569,47.7299],[7.9581,47.7304],[7.9579,47.7368],[7.975,47.7437],[7.971,47.7584]]]},"properties":{"AGS":"08336106","GEN":"Häg-Ehrsberg","SN_L":"08"}},
{"type":"Feature","geometry":{"type":"Polygon","coordinates":[[[8.117,47.6702],[8.1123,47.6697],[8.1004,47.6578],[8.0909,47.6434],[8.0968,47.6347],[8.0804,47.6141],[8.0712,47.6113],[8.102,47.5847],[8.1106,47.5828],[8.1352,47.5836],[8.1498,47.5956],[8.1671,47.6312],[8.1649,47.6381],[8.1216,47.6641],[8.117,47.6702]]]},"properties":{"AGS":"08337002","GEN":"Albbruck","SN_L":"08"}},
{"type":"Feature","geometry":{"type":"Polygon","coordinates":[[[8.1004,47.6578],[8.0892,47.6769],[8.0751,47.6784],[8.0613,47.6859],[8.0585,47.7061],[8.0661,47.7143],[8.0519,47.7224],[8.0387,47.7131],[8.0194,47.706],[8.026,47.6868],[8.0217,47.6836],[8.0317,47.6672],[8.0087,47.6619],[8.027,47.6439],[8.0208,47.6325],[8.0257,47.622],[8.0608,47.6106],[8.0712,47.6113],[8.0804,47.6141],[8.0968,47.6347],[8.0909,47.6434],[8.1004,47.6578]]]},"properties":{"AGS":"08337038","GEN":"Görwihl","SN_L":"08"}},
{"type":"Feature","geometry":{"type":"Polygon","coordinates":[[[8.4184,47.6828],[8.4061,47.6867],[8.3882,47.6793],[8.407,47.6718],[8.3863,47.6458],[8.3851,47.6333],[8.3636,47.6283],[8.3556,47.6067],[8.3611,47.6015],[8.3814,47.6058],[8.3975,47.6016],[8.4192,47.6069],[8.4566,47.6023],[8.4685,47.6039],[8.4846,47.6147],[8.4604,47.6222],[8.4469,47.6302],[8.4735,47.6383],[8.4536,47.6548],[8.4451,47.6538],[8.4056,47.6745],[8.4184,47.6828]]]},"properties":{"AGS":"08337062","GEN":"Klettgau","SN_L":"08"}},
{"type":"Feature","geometry":{"type":"Polygon","coordinates":[[[8.0712,47.6113],[8.0608,47.6106],[8.0257,47.622],[8.0194,47.6206],[8.0267,47.6111],[8.0478,47.6004],[8.0518,47.591],[8.0388,47.5801],[8.0529,47.5668],[8.0369,47.553],[8.0589,47.5633],[8.0704,47.5644],[8.0913,47.5582],[8.1002,47.5638],[8.1106,47.5828],[8.102,47.5847],[8.0712,47.6113]]]},"properties":{"AGS":"08337066","GEN":"Laufenburg (Baden)","SN_L":"08"}},
{"type":"Feature","geometry":{"type":"Polygon","coordinates":[[[8.5102,47.7762],[8.529,47.7859],[8.5152,47.7957],[8.4919,47.7968],[8.5132,47.8111],[8.5012,47.8285],[8.4726,47.8293],[8.4549,47.8255],[8.4328,47.8158],[8.4534,47.8039],[8.4545,47.7947],[8.4333,47.7917],[8.4176,47.7979],[8.4027,47.7811],[8.3823,47.7891],[8.3613,47.7887],[8.3611,47.7718],[8.3366,47.7667],[8.3485,47.7349],[8.3597,47.7377],[8.3785,47.7244],[8.3905,47.7265],[8.405,47.7136],[8.4168,47.71],[8.4426,47.7217],[8.454,47.7235],[8.4498,47.7386],[8.4745,47.765],[8.489,47.7733],[8.5102,47.7762]]]},"properties":{"AGS":"08337106","GEN":"Stühlingen","SN_L":"08"}},
{"type":"Feature","geometry":{"type":"Polygon","coordinates":[[[7.945,47.6782],[7.9268,47.6741],[7.9112,47.6653],[7.9093,47.6499],[7.8806,47.6422],[7.8711,47.6451],[7.8729,47.6376],[7.8793,47.6298],[7.8782,47.617],[7.8886,47.6056],[7.9013,47.6017],[7.8941,47.5864],[7.9064,47.5771],[7.9412,47.5841],[7.9363,47.5881],[7.9401,47.6084],[7.9318,47.6327],[7.9375,47.6412],[7.9527,47.6428],[7.9376,47.661],[7.9535,47.6691],[7.945,47.6782]]]},"properties":{"AGS":"08337116","GEN":"Wehr","SN_L":"08"}},
{"type":"Feature","geometry":{"type":"Polygon","coordinates":[[[8.3803,47.8413],[8.3575,47.8448],[8.3211,47.842],[8.2675,47.852],[8.2531,47.8444],[8.258,47.8385],[8.2279,47.8323],[8.234,47.8244],[8.2546,47.8147],[8.2608,47.805],[8.2753,47.7975],[8.2834,47.7876],[8.3015,47.7793],[8.3366,47.7667],[8.3611,47.7718],[8.3613,47.7887],[8.3823,47.7891],[8.4027,47.7811],[8.4176,47.7979],[8.4117,47.8143],[8.3815,47.8156],[8.3723,47.8281],[8.3803,47.8413]]]},"properties":{"AGS":"08337022","GEN":"Bonndorf im Schwarzwald","SN_L":"08"}},
{"type":"Feature","geometry":{"type":"Polygon","coordinates":[[[8.4721,47.8467],[8.4437,47.8566],[8.439,47.8536],[8.412,47.8519],[8.3904,47.8407],[8.3803,47.8413],[8.3723,47.8281],[8.3815,47.8156],[8.4117,47.8143],[8.4176,47.7979],[8.4333,47.7917],[8.4545,47.7947],[8.4534,47.8039],[8.4328,47.8158],[8.4549,47.8255],[8.4726,47.8293],[8.4721,47.8467]]]},"properties":{"AGS":"08337127","GEN":"Wutach","SN_L":"08"}},
{"type":"Feature","geometry":{"type":"Polygon","coordinates":[[[8.5311,47.6457],[8.5128,47.6476],[8.4827,47.6442],[8.4735,47.6383],[8.4469,47.6302],[8.4604,47.6222],[8.4846,47.6147],[8.5083,47.6175],[8.5156,47.6338],[8.5381,47.6311],[8.5311,47.6457]]]},"properties":{"AGS":"08337030","GEN":"Dettighofen","SN_L":"08"}},
{"type":"Feature","geometry":{"type":"Polygon","coordinates":[[[8.5952,47.6419],[8.6103,47.6515],[8.6066,47.6721],[8.5781,47.6616],[8.5605,47.6704],[8.527,47.6604],[8.5311,47.6457],[8.5381,47.6311],[8.543,47.6271],[8.5563,47.6291],[8.5623,47.6388],[8.5952,47.6419]]]},"properties":{"AGS":"08337060","GEN":"Jestetten","SN_L":"08"}},
{"type":"Feature","geometry":{"type":"Polygon","coordinates":[[[8.5952,47.6419],[8.5623,47.6388],[8.5563,47.6291],[8.543,47.6271],[8.5573,47.6246],[8.5709,47.6125],[8.5616,47.6013],[8.5825,47.5961],[8.6042,47.6122],[8.5952,47.6419]]]},"properties":{"AGS":"08337070","GEN":"Lottstetten","SN_L":"08"}},
{"type":"Feature","geometry":{"type":"Polygon","coordinates":[[[8.4566,47.6023],[8.4192,47.6069],[8.3975,47.6016],[8.3958,47.5919],[8.3558,47.5872],[8.3463,47.5828],[8.3542,47.5703],[8.3847,47.5664],[8.396,47.577],[8.4287,47.5669],[8.4379,47.5672],[8.4942,47.5823],[8.4887,47.5878],[8.4669,47.5842],[8.4566,47.6023]]]},"properties":{"AGS":"08337053","GEN":"Hohentengen am Hochrhein","SN_L":"08"}},
{"type":"Feature","geometry":{"type":"Polygon","coordinates":[[[8.3556,47.6067],[8.3256,47.6097],[8.3148,47.6189],[8.2884,47.626],[8.2541,47.6148],[8.265,47.6095],[8.2801,47.6117],[8.2975,47.6057],[8.2979,47.5891],[8.3334,47.5705],[8.3542,47.5703],[8.3463,47.5828],[8.3558,47.5872],[8.3958,47.5919],[8.3975,47.6016],[8.3814,47.6058],[8.3611,47.6015],[8.3556,47.6067]]]},"properties":{"AGS":"08337125","GEN":"Küssaberg","SN_L":"08"}},
{"type":"Feature","geometry":{"type":"Polygon","coordinates":[[[8.234,47.8244],[8.2115,47.8194],[8.2221,47.8084],[8.2075,47.7855],[8.2235,47.7643],[8.1947,47.7628],[8.1959,47.7515],[8.2285,47.7496],[8.2423,47.7321],[8.2607,47.7374],[8.2819,47.7329],[8.3006,47.7336],[8.2877,47.7459],[8.2841,47.7588],[8.3015,47.7793],[8.2834,47.7876],[8.2753,47.7975],[8.2608,47.805],[8.2546,47.8147],[8.234,47.8244]]]},"properties":{"AGS":"08337039","GEN":"Grafenhausen","SN_L":"08"}},
{"type":"Feature","geometry":{"type":"Polygon","coordinates":[[[8.3366,47.7667],[8.3015,47.7793],[8.2841,47.7588],[8.2877,47.7459],[8.3006,47.7336],[8.2819,47.7329],[8.2607,47.7374],[8.2423,47.7321],[8.2285,47.7496],[8.1959,47.7515],[8.193,47.7474],[8.2142,47.7269],[8.2241,47.7035],[8.2559,47.6787],[8.2831,47.697],[8.3068,47.6989],[8.324,47.6889],[8.32,47.6782],[8.3391,47.6713],[8.3633,47.6872],[8.3586,47.6935],[8.371,47.7033],[8.3699,47.7176],[8.3785,47.7244],[8.3597,47.7377],[8.3485,47.7349],[8.3366,47.7667]]]},"properties":{"AGS":"08337128","GEN":"Ühlingen-Birkendorf","SN_L":"08"}},
{"type":"Feature","geometry":{"type":"Polygon","coordinates":[[[8.0387,47.7131],[8.0327,47.7232],[8.0071,47.7203],[7.9918,47.7048],[7.9908,47.6919],[7.969,47.6896],[7.945,47.6782],[7.9535,47.6691],[7.9376,47.661],[7.9527,47.6428],[7.9694,47.648],[7.9871,47.6439],[7.9891,47.6372],[8.0208,47.6325],[8.027,47.6439],[8.0087,47.6619],[8.0317,47.6672],[8.0217,47.6836],[8.026,47.6868],[8.0194,47.706],[8.0387,47.7131]]]},"properties":{"AGS":"08337049","GEN":"Herrischried","SN_L":"08"}},
{"type":"Feature","geometry":{"type":"Polygon","coordinates":[[[8.0369,47.553],[8.0529,47.5668],[8.0388,47.5801],[8.0518,47.591],[8.0478,47.6004],[8.0267,47.6111],[8.0194,47.6206],[8.0037,47.6088],[7.9994,47.5864],[8.0139,47.5711],[7.9992,47.5566],[8.0225,47.5505],[8.0369,47.553]]]},"properties":{"AGS":"08337076","GEN":"Murg","SN_L":"08"}},
{"type":"Feature","geometry":{"type":"Polygon","coordinates":[[[8.0208,47.6325],[7.9891,47.6372],[7.9871,47.6439],[7.9694,47.648],[7.9527,47.6428],[7.9375,47.6412],[7.9318,47.6327],[7.9401,47.6084],[7.9363,47.5881],[7.9412,47.5841],[7.9691,47.5816],[7.974,47.5924],[7.9994,47.5864],[8.0037,47.6088],[8.0194,47.6206],[8.0257,47.622],[8.0208,47.6325]]]},"properties":{"AGS":"08337090","GEN":"Rickenbach","SN_L":"08"}},
{"type":"Feature","geometry":{"type":"Polygon","coordinates":[[[7.9992,47.5566],[8.0139,47.5711],[7.9994,47.5864],[7.974,47.5924],[7.9691,47.5816],[7.9412,47.5841],[7.9064,47.5771],[7.9078,47.5618],[7.9171,47.5478],[7.9483,47.5451],[7.9532,47.5553],[7.9992,47.5566]]]},"properties":{"AGS":"08337096","GEN":"Bad Säckingen","SN_L":"08"}},
{"type":"Feature","geometry":{"type":"Polygon","coordinates":[[[8.0729,47.7687],[8.0792,47.7691],[8.0944,47.7866],[8.0404,47.8223],[8.0367,47.8319],[8.0234,47.8434],[8.018,47.8411],[7.9995,47.8276],[7.9997,47.8208],[7.9978,47.8062],[8.0025,47.7914],[8.0036,47.7737],[8.0156,47.7753],[8.0264,47.7624],[8.0729,47.7687]]]},"properties":{"AGS":"08337013","GEN":"Bernau im Schwarzwald","SN_L":"08"}},
{"type":"Feature","geometry":{"type":"Polygon","coordinates":[[[8.0999,47.7522],[8.0831,47.747],[8.0762,47.7355],[8.0811,47.7244],[8.0661,47.7143],[8.0585,47.7061],[8.0613,47.6859],[8.0751,47.6784],[8.0892,47.6769],[8.1004,47.6578],[8.1123,47.6697],[8.1179,47.6846],[8.1147,47.7076],[8.1037,47.7112],[8.116,47.7222],[8.1372,47.7264],[8.1453,47.7466],[8.1197,47.7526],[8.0999,47.7522]]]},"properties":{"AGS":"08337027","GEN":"Dachsberg (Südschwarzwald)","SN_L":"08"}},
{"type":"Feature","geometry":{"type":"Polygon","coordinates":[[[8.1915,47.7487],[8.1927,47.7637],[8.1831,47.7769],[8.1544,47.7727],[8.1543,47.7476],[8.1915,47.7487]]]},"properties":{"AGS":"08337045","GEN":"Häusern","SN_L":"08"}},
{"type":"Feature","geometry":{"type":"Polygon","coordinates":[[[8.193,47.7474],[8.1915,47.7487],[8.1543,47.7476],[8.1362,47.7122],[8.1318,47.6963],[8.1562,47.6962],[8.1667,47.7],[8.1817,47.6958],[8.2002,47.6969],[8.2241,47.7035],[8.2142,47.7269],[8.193,47.7474]]]},"properties":{"AGS":"08337051","GEN":"Höchenschwand","SN_L":"08"}},
{"type":"Feature","geometry":{"type":"Polygon","coordinates":[[[8.0729,47.7687],[8.0264,47.7624],[8.0326,47.7479],[8.0327,47.7232],[8.0387,47.7131],[8.0519,47.7224],[8.0661,47.7143],[8.0811,47.7244],[8.0762,47.7355],[8.0831,47.747],[8.0999,47.7522],[8.0729,47.7687]]]},"properties":{"AGS":"08337059","GEN":"Ibach","SN_L":"08"}},
{"type":"Feature","geometry":{"type":"Polygon","coordinates":[[[8.0794,47.8481],[8.0672,47.8574],[8.0432,47.8552],[8.0234,47.8434],[8.0367,47.8319],[8.0404,47.8223],[8.0944,47.7866],[8.0792,47.7691],[8.0729,47.7687],[8.0999,47.7522],[8.1197,47.7526],[8.1453,47.7466],[8.1372,47.7264],[8.116,47.7222],[8.1037,47.7112],[8.1147,47.7076],[8.1179,47.6846],[8.1123,47.6697],[8.117,47.6702],[8.125,47.6777],[8.1318,47.6963],[8.1362,47.7122],[8.1543,47.7476],[8.1544,47.7727],[8.1459,47.7865],[8.1349,47.7854],[8.1246,47.802],[8.0997,47.8067],[8.0854,47.8311],[8.0794,47.8481]]]},"properties":{"AGS":"08337097","GEN":"St. Blasien","SN_L":"08"}},
{"type":"Feature","geometry":{"type":"Polygon","coordinates":[[[8.0264,47.7624],[8.0156,47.7753],[8.0036,47.7737],[7.9926,47.7663],[7.9791,47.7665],[7.977,47.7627],[7.971,47.7584],[7.975,47.7437],[7.9581,47.7304],[7.9569,47.7299],[7.9709,47.7245],[7.9809,47.7115],[7.9766,47.6949],[7.969,47.6896],[7.9908,47.6919],[7.9918,47.7048],[8.0071,47.7203],[8.0327,47.7232],[8.0326,47.7479],[8.0264,47.7624]]]},"properties":{"AGS":"08337108","GEN":"Todtmoos","SN_L":"08"}},
{"type":"Feature","geometry":{"type":"Polygon","coordinates":[[[8.191,47.6129],[8.1671,47.6312],[8.1498,47.5956],[8.1624,47.5937],[8.1864,47.6063],[8.191,47.6129]]]},"properties":{"AGS":"08337032","GEN":"Dogern","SN_L":"08"}},
{"type":"Feature","geometry":{"type":"Polygon","coordinates":[[[8.3308,47.6381],[8.313,47.64],[8.2891,47.6346],[8.2884,47.626],[8.3148,47.6189],[8.3256,47.6097],[8.3556,47.6067],[8.3636,47.6283],[8.3382,47.633],[8.3308,47.6381]]]},"properties":{"AGS":"08337065","GEN":"Lauchringen","SN_L":"08"}},
{"type":"Feature","geometry":{"type":"Polygon","coordinates":[[[8.2241,47.7035],[8.2002,47.6969],[8.1817,47.6958],[8.1667,47.7],[8.1562,47.6962],[8.1318,47.6963],[8.125,47.6777],[8.1342,47.6708],[8.1707,47.6666],[8.1933,47.67],[8.2169,47.6647],[8.2282,47.6583],[8.2331,47.6446],[8.2486,47.6507],[8.2559,47.6787],[8.2241,47.7035]]]},"properties":{"AGS":"08337118","GEN":"Weilheim","SN_L":"08"}},
{"type":"Feature","geometry":{"type":"Polygon","coordinates":[[[8.3391,47.6713],[8.32,47.6782],[8.324,47.6889],[8.3068,47.6989],[8.2831,47.697],[8.2559,47.6787],[8.2486,47.6507],[8.2331,47.6446],[8.2282,47.6583],[8.2169,47.6647],[8.1933,47.67],[8.1707,47.6666],[8.1342,47.6708],[8.125,47.6777],[8.117,47.6702],[8.1216,47.6641],[8.1649,47.6381],[8.1671,47.6312],[8.191,47.6129],[8.1992,47.6196],[8.2376,47.6123],[8.2541,47.6148],[8.2884,47.626],[8.2891,47.6346],[8.313,47.64],[8.3308,47.6381],[8.3218,47.6488],[8.3275,47.6631],[8.3391,47.6713]]]},"properties":{"AGS":"08337126","GEN":"Waldshut-Tiengen","SN_L":"08"}},
{"type":"Feature","geometry":{"type":"Polygon","coordinates":[[[8.3882,47.6793],[8.3633,47.6872],[8.3391,47.6713],[8.3275,47.6631],[8.3218,47.6488],[8.3308,47.6381],[8.3382,47.633],[8.3636,47.6283],[8.3851,47.6333],[8.3863,47.6458],[8.407,47.6718],[8.3882,47.6793]]]},"properties":{"AGS":"08337123","GEN":"Wutöschingen","SN_L":"08"}},
{"type":"Feature","geometry":{"type":"Polygon","coordinates":[[[8.4168,47.71],[8.405,47.7136],[8.3905,47.7265],[8.3785,47.7244],[8.3699,47.7176],[8.371,47.7033],[8.3586,47.6935],[8.3633,47.6872],[8.3882,47.6793],[8.4061,47.6867],[8.4184,47.6828],[8.4044,47.6981],[8.4168,47.71]]]},"properties":{"AGS":"08337124","GEN":"Eggingen","SN_L":"08"}},
{"type":"Feature","geometry":{"type":"Polygon","coordinates":[[[9.3786,48.5347],[9.3436,48.5462],[9.3268,48.5407],[9.3184,48.5281],[9.3272,48.5126],[9.3455,48.5115],[9.3543,48.5046],[9.3787,48.5173],[9.4026,48.5257],[9.3786,48.5347]]]},"properties":{"AGS":"08415014","GEN":"Dettingen an der Erms","SN_L":"08"}},
{"type":"Feature","geometry":{"type":"Polygon","coordinates":[[[9.3199,48.4962],[9.3091,48.4926],[9.2795,48.5014],[9.2741,48.5092],[9.2528,48.5102],[9.2478,48.4931],[9.2311,48.4834],[9.2531,48.473],[9.269,48.4577],[9.2799,48.4556],[9.2936,48.4654],[9.2992,48.4702],[9.3273,48.478],[9.3199,48.4962]]]},"properties":{"AGS":"08415019","GEN":"Eningen unter Achalm","SN_L":"08"}},
{"type":"Feature","geometry":{"type":"MultiPolygon","coordinates":[[[[9.2799,48.4556],[9.2934,48.4514],[9.2998,48.4613],[9.2936,48.4654],[9.2799,48.4556]]],[[[9.2799,48.4556],[9.269,48.4577],[9.2531,48.473],[9.2311,48.4834],[9.2157,48.4728],[9.1834,48.4595],[9.1745,48.4595],[9.1713,48.4367],[9.1887,48.4275],[9.1961,48.4303],[9.2168,48.4245],[9.2268,48.4337],[9.2418,48.4329],[9.253,48.4498],[9.2715,48.4489],[9.2799,48.4556]]]]},"properties":{"AGS":"08415059","GEN":"Pfullingen","SN_L":"08"}},
{"type":"Feature","geometry":{"type":"Polygon","coordinates":[[[9.2501,48.5737],[9.2374,48.5784],[9.2252,48.5664],[9.2083,48.5516],[9.1935,48.5549],[9.1713,48.5485],[9.1737,48.5277],[9.1644,48.523],[9.1703,48.5107],[9.1486,48.5004],[9.1533,48.4922],[9.1272,48.4833],[9.1253,48.4709],[9.1388,48.468],[9.133,48.4528],[9.1196,48.4449],[9.1169,48.4273],[9.1364,48.4165],[9.1473,48.4146],[9.1664,48.4218],[9.1885,48.4224],[9.1961,48.4303],[9.1887,48.4275],[9.1713,48.4367],[9.1745,48.4595],[9.1834,48.4595],[9.2157,48.4728],[9.2311,48.4834],[9.2478,48.4931],[9.2528,48.5102],[9.2541,48.517],[9.2386,48.5344],[9.2449,48.5449],[9.248,48.5626],[9.2545,48.5683],[9.2501,48.5737]]]},"properties":{"AGS":"08415061","GEN":"Reutlingen","SN_L":"08"}},
{"type":"Feature","geometry":{"type":"Polygon","coordinates":[[[9.2825,48.3597],[9.2496,48.3646],[9.2326,48.3433],[9.2205,48.3386],[9.2166,48.3168],[9.2106,48.3074],[9.1678,48.311],[9.1715,48.2999],[9.187,48.2808],[9.2011,48.2881],[9.221,48.2781],[9.2209,48.2686],[9.2451,48.2678],[9.2618,48.2721],[9.2789,48.2861],[9.2877,48.2845],[9.3102,48.259],[9.3325,48.2526],[9.3405,48.2578],[9.3348,48.2712],[9.3456,48.2936],[9.3429,48.2986],[9.3328,48.2983],[9.3213,48.3131],[9.306,48.3187],[9.3135,48.3325],[9.2872,48.3389],[9.2798,48.3478],[9.2825,48.3597]]]},"properties":{"AGS":"08415073","GEN":"Trochtelfingen","SN_L":"08"}},
{"type":"Feature","geometry":{"type":"Polygon","coordinates":[[[9.1644,48.523],[9.1417,48.5236],[9.1363,48.5097],[9.1486,48.5004],[9.1703,48.5107],[9.1644,48.523]]]},"properties":{"AGS":"08415080","GEN":"Wannweil","SN_L":"08"}},
{"type":"Feature","geometry":{"type":"Polygon","coordinates":[[[9.2168,48.4245],[9.1961,48.4303],[9.1885,48.4224],[9.1664,48.4218],[9.1473,48.4146],[9.141,48.4032],[9.1212,48.3887],[9.1295,48.3729],[9.1793,48.3676],[9.1671,48.3533],[9.1741,48.3444],[9.2126,48.3331],[9.2205,48.3386],[9.2326,48.3433],[9.2496,48.3646],[9.2399,48.3718],[9.2446,48.388],[9.2482,48.399],[9.2263,48.405],[9.2255,48.4167],[9.2168,48.4245]]]},"properties":{"AGS":"08415091","GEN":"Sonnenbühl","SN_L":"08"}},
{"type":"Feature","geometry":{"type":"Polygon","coordinates":[[[9.3125,48.4215],[9.3053,48.4256],[9.3072,48.459],[9.2998,48.4613],[9.2934,48.4514],[9.2799,48.4556],[9.2715,48.4489],[9.253,48.4498],[9.2418,48.4329],[9.2268,48.4337],[9.2168,48.4245],[9.2255,48.4167],[9.2263,48.405],[9.2482,48.399],[9.2446,48.388],[9.2603,48.389],[9.3157,48.4147],[9.3125,48.4215]]]},"properties":{"AGS":"08415092","GEN":"Lichtenstein","SN_L":"08"}},
{"type":"Feature","geometry":{"type":"Polygon","coordinates":[[[9.4178,48.4423],[9.3989,48.4584],[9.3964,48.4804],[9.3741,48.4817],[9.369,48.4752],[9.3499,48.4874],[9.3455,48.4972],[9.3543,48.5046],[9.3455,48.5115],[9.3321,48.5112],[9.3199,48.4962],[9.3273,48.478],[9.2992,48.4702],[9.2936,48.4654],[9.2998,48.4613],[9.3072,48.459],[9.3053,48.4256],[9.3125,48.4215],[9.3264,48.4225],[9.3366,48.4149],[9.3456,48.4097],[9.3624,48.413],[9.3833,48.4102],[9.3892,48.4199],[9.4028,48.4171],[9.4119,48.4253],[9.4178,48.4423]]]},"properties":{"AGS":"08415093","GEN":"St. Johann","SN_L":"08"}},
{"type":"Feature","geometry":{"type":"Polygon","coordinates":[[[9.3366,48.4149],[9.3264,48.4225],[9.3125,48.4215],[9.3157,48.4147],[9.2603,48.389],[9.2446,48.388],[9.2399,48.3718],[9.2496,48.3646],[9.2825,48.3597],[9.3011,48.3635],[9.318,48.3618],[9.3317,48.3714],[9.3306,48.3899],[9.3391,48.3969],[9.3366,48.4149]]]},"properties":{"AGS":"08415089","GEN":"Engstingen","SN_L":"08"}},
{"type":"Feature","geometry":{"type":"Polygon","coordinates":[[[9.4472,48.3561],[9.4232,48.36],[9.4013,48.3589],[9.3936,48.3667],[9.3711,48.3702],[9.3617,48.3764],[9.3317,48.3714],[9.318,48.3618],[9.3011,48.3635],[9.2825,48.3597],[9.2798,48.3478],[9.2872,48.3389],[9.3135,48.3325],[9.306,48.3187],[9.3213,48.3131],[9.3328,48.2983],[9.3429,48.2986],[9.3717,48.3026],[9.3954,48.3157],[9.4056,48.332],[9.4331,48.3391],[9.4486,48.3362],[9.4586,48.346],[9.4472,48.3561]]]},"properties":{"AGS":"08415090","GEN":"Hohenstein","SN_L":"08"}},
{"type":"Feature","geometry":{"type":"Polygon","coordinates":[[[9.3216,48.5708],[9.3178,48.5781],[9.3021,48.5777],[9.2898,48.5654],[9.2904,48.559],[9.3142,48.5617],[9.3216,48.5708]]]},"properties":{"AGS":"08415029","GEN":"Grafenberg","SN_L":"08"}},
{"type":"Feature","geometry":{"type":"Polygon","coordinates":[[[9.3185,48.554],[9.3142,48.5617],[9.2904,48.559],[9.2505,48.5501],[9.2449,48.5449],[9.2386,48.5344],[9.2541,48.517],[9.2528,48.5102],[9.2741,48.5092],[9.2795,48.5014],[9.3091,48.4926],[9.3199,48.4962],[9.3321,48.5112],[9.3455,48.5115],[9.3272,48.5126],[9.3184,48.5281],[9.3268,48.5407],[9.3185,48.554]]]},"properties":{"AGS":"08415050","GEN":"Metzingen","SN_L":"08"}},
{"type":"Feature","geometry":{"type":"Polygon","coordinates":[[[9.2898,48.5654],[9.2545,48.5683],[9.248,48.5626],[9.2449,48.5449],[9.2505,48.5501],[9.2904,48.559],[9.2898,48.5654]]]},"properties":{"AGS":"08415062","GEN":"Riederich","SN_L":"08"}},
{"type":"Feature","geometry":{"type":"Polygon","coordinates":[[[9.4472,48.3561],[9.4549,48.3619],[9.4539,48.3747],[9.4616,48.3883],[9.4589,48.3966],[9.4292,48.4041],[9.4119,48.4253],[9.4028,48.4171],[9.3892,48.4199],[9.3833,48.4102],[9.3624,48.413],[9.3456,48.4097],[9.3366,48.4149],[9.3391,48.3969],[9.3306,48.3899],[9.3317,48.3714],[9.3617,48.3764],[9.3711,48.3702],[9.3936,48.3667],[9.4013,48.3589],[9.4232,48.36],[9.4472,48.3561]]]},"properties":{"AGS":"08415027","GEN":"Gomadingen","SN_L":"08"}},
{"type":"Feature","geometry":{"type":"Polygon","coordinates":[[[9.5806,48.3922],[9.538,48.3939],[9.5296,48.382],[9.5318,48.3664],[9.542,48.3571],[9.5921,48.3563],[9.5993,48.3774],[9.5806,48.3922]]]},"properties":{"AGS":"08415048","GEN":"Mehrstetten","SN_L":"08"}},
{"type":"Feature","geometry":{"type":"Polygon","coordinates":[[[9.4867,48.4443],[9.4554,48.4418],[9.4475,48.4486],[9.4178,48.4423],[9.4119,48.4253],[9.4292,48.4041],[9.4589,48.3966],[9.4616,48.3883],[9.4539,48.3747],[9.4549,48.3619],[9.4472,48.3561],[9.4586,48.346],[9.4486,48.3362],[9.4547,48.3286],[9.4691,48.3295],[9.4756,48.3218],[9.5067,48.3065],[9.5231,48.3091],[9.5335,48.3159],[9.55,48.3201],[9.5584,48.3294],[9.5794,48.3319],[9.5921,48.3563],[9.542,48.3571],[9.5318,48.3664],[9.5296,48.382],[9.538,48.3939],[9.5806,48.3922],[9.5928,48.3983],[9.6213,48.3957],[9.6262,48.4178],[9.5937,48.4115],[9.5574,48.4112],[9.5522,48.4186],[9.5125,48.4246],[9.5069,48.4359],[9.4867,48.4443]]]},"properties":{"AGS":"08415053","GEN":"Münsingen","SN_L":"08"}},
{"type":"Feature","geometry":{"type":"Polygon","coordinates":[[[9.2071,48.5817],[9.1966,48.5819],[9.1554,48.5736],[9.1261,48.5822],[9.1256,48.5666],[9.1401,48.5613],[9.1508,48.551],[9.1684,48.5501],[9.1713,48.5485],[9.1935,48.5549],[9.2083,48.5516],[9.2252,48.5664],[9.2072,48.5728],[9.2071,48.5817]]]},"properties":{"AGS":"08415060","GEN":"Pliezhausen","SN_L":"08"}},
{"type":"Feature","geometry":{"type":"Polygon","coordinates":[[[9.1797,48.6046],[9.1512,48.6041],[9.1292,48.6013],[9.1261,48.5822],[9.1554,48.5736],[9.1966,48.5819],[9.2071,48.5817],[9.1977,48.5883],[9.2066,48.5976],[9.1883,48.5976],[9.1797,48.6046]]]},"properties":{"AGS":"08415087","GEN":"Walddorfhäslach","SN_L":"08"}},
{"type":"Feature","geometry":{"type":"Polygon","coordinates":[[[9.4733,48.5136],[9.4666,48.516],[9.4825,48.5353],[9.4514,48.5464],[9.4186,48.5363],[9.4202,48.5335],[9.4249,48.521],[9.4406,48.523],[9.4514,48.5133],[9.4447,48.5052],[9.4743,48.499],[9.4832,48.5056],[9.4733,48.5136]]]},"properties":{"AGS":"08415028","GEN":"Grabenstetten","SN_L":"08"}},
{"type":"Feature","geometry":{"type":"Polygon","coordinates":[[[9.4186,48.5363],[9.4087,48.5381],[9.393,48.531],[9.3786,48.5347],[9.4026,48.5257],[9.3787,48.5173],[9.3892,48.5086],[9.3986,48.5167],[9.4204,48.5135],[9.4202,48.5335],[9.4186,48.5363]]]},"properties":{"AGS":"08415039","GEN":"Hülben","SN_L":"08"}},
{"type":"Feature","geometry":{"type":"Polygon","coordinates":[[[9.4743,48.499],[9.4447,48.5052],[9.4514,48.5133],[9.4406,48.523],[9.4249,48.521],[9.4202,48.5335],[9.4204,48.5135],[9.3986,48.5167],[9.3892,48.5086],[9.3787,48.5173],[9.3543,48.5046],[9.3455,48.4972],[9.3499,48.4874],[9.369,48.4752],[9.3741,48.4817],[9.3964,48.4804],[9.3989,48.4584],[9.4178,48.4423],[9.4475,48.4486],[9.4554,48.4418],[9.4867,48.4443],[9.473,48.4516],[9.4711,48.4601],[9.482,48.4731],[9.4835,48.4913],[9.4743,48.499]]]},"properties":{"AGS":"08415078","GEN":"Bad Urach","SN_L":"08"}},
{"type":"Feature","geometry":{"type":"Polygon","coordinates":[[[9.5825,48.5391],[9.5658,48.5383],[9.5246,48.5158],[9.5107,48.5229],[9.5018,48.5127],[9.4795,48.5183],[9.4733,48.5136],[9.4832,48.5056],[9.4743,48.499],[9.4835,48.4913],[9.482,48.4731],[9.5277,48.4738],[9.5552,48.4716],[9.5662,48.4757],[9.5911,48.4767],[9.5856,48.4899],[9.5841,48.4999],[9.5912,48.5121],[9.5824,48.5291],[9.5852,48.5367],[9.5825,48.5391]]]},"properties":{"AGS":"08415088","GEN":"Römerstein","SN_L":"08"}},
{"type":"Feature","geometry":{"type":"Polygon","coordinates":[[[9.4486,48.3362],[9.4331,48.3391],[9.4056,48.332],[9.3954,48.3157],[9.4107,48.3104],[9.4279,48.2938],[9.4233,48.2805],[9.4324,48.2672],[9.4432,48.254],[9.4693,48.2658],[9.4923,48.2571],[9.4976,48.2446],[9.5266,48.2543],[9.5249,48.2689],[9.5065,48.269],[9.5059,48.2784],[9.5294,48.2841],[9.5418,48.2919],[9.5539,48.2919],[9.5552,48.3065],[9.5335,48.3159],[9.5231,48.3091],[9.5067,48.3065],[9.4756,48.3218],[9.4691,48.3295],[9.4547,48.3286],[9.4486,48.3362]]]},"properties":{"AGS":"08415034","GEN":"Hayingen","SN_L":"08"}},
{"type":"Feature","geometry":{"type":"Polygon","coordinates":[[[9.3954,48.3157],[9.3717,48.3026],[9.3429,48.2986],[9.3456,48.2936],[9.3348,48.2712],[9.3405,48.2578],[9.3325,48.2526],[9.3476,48.2395],[9.3674,48.2227],[9.3872,48.2245],[9.4171,48.233],[9.4222,48.2541],[9.4324,48.2672],[9.4233,48.2805],[9.4279,48.2938],[9.4107,48.3104],[9.3954,48.3157]]]},"properties":{"AGS":"08415058","GEN":"Pfronstetten","SN_L":"08"}},
{"type":"Feature","geometry":{"type":"Polygon","coordinates":[[[9.4976,48.2446],[9.4923,48.2571],[9.4693,48.2658],[9.4432,48.254],[9.4324,48.2672],[9.4222,48.2541],[9.4171,48.233],[9.3872,48.2245],[9.3674,48.2227],[9.3869,48.1983],[9.3994,48.1968],[9.4109,48.2021],[9.4381,48.1949],[9.441,48.2049],[9.4644,48.209],[9.4724,48.1984],[9.4981,48.2125],[9.4991,48.2232],[9.4901,48.2327],[9.4976,48.2446]]]},"properties":{"AGS":"08415085","GEN":"Zwiefalten","SN_L":"08"}},
{"type":"Feature","geometry":{"type":"Polygon","coordinates":[[[9.5911,48.4767],[9.5662,48.4757],[9.5552,48.4716],[9.5277,48.4738],[9.482,48.4731],[9.4711,48.4601],[9.473,48.4516],[9.4867,48.4443],[9.5069,48.4359],[9.5125,48.4246],[9.5522,48.4186],[9.5574,48.4112],[9.5937,48.4115],[9.6262,48.4178],[9.6295,48.4183],[9.6367,48.4186],[9.6322,48.4428],[9.6199,48.4602],[9.6145,48.4707],[9.5911,48.4767]]]},"properties":{"AGS":"08415971","GEN":"Gutsbezirk Münsingen","SN_L":"08"}},
{"type":"Feature","geometry":{"type":"Polygon","coordinates":[[[9.1292,48.6013],[9.1104,48.6053],[9.1078,48.6228],[9.0966,48.6219],[9.0896,48.6031],[9.0779,48.598],[9.0792,48.5888],[9.095,48.5811],[9.1184,48.5829],[9.1232,48.5822],[9.1261,48.5822],[9.1292,48.6013]]]},"properties":{"AGS":"08416009","GEN":"Dettenhausen","SN_L":"08"}},
{"type":"Feature","geometry":{"type":"Polygon","coordinates":[[[9.1256,48.5666],[9.118,48.5566],[9.1282,48.5485],[9.1303,48.5341],[9.1417,48.5236],[9.1644,48.523],[9.1737,48.5277],[9.1713,48.5485],[9.1684,48.5501],[9.1508,48.551],[9.1401,48.5613],[9.1256,48.5666]]]},"properties":{"AGS":"08416022","GEN":"Kirchentellinsfurt","SN_L":"08"}},
{"type":"Feature","geometry":{"type":"Polygon","coordinates":[[[9.1417,48.5236],[9.1303,48.5341],[9.1175,48.5328],[9.1068,48.5175],[9.0894,48.5129],[9.0747,48.4982],[9.0817,48.487],[9.0716,48.4829],[9.0922,48.4713],[9.1253,48.4709],[9.1272,48.4833],[9.1533,48.4922],[9.1486,48.5004],[9.1363,48.5097],[9.1417,48.5236]]]},"properties":{"AGS":"08416023","GEN":"Kusterdingen","SN_L":"08"}},
{"type":"Feature","geometry":{"type":"Polygon","coordinates":[[[9.0792,48.5888],[9.0521,48.5932],[9.0431,48.5882],[9.0348,48.5769],[9.0158,48.5609],[9.0126,48.5535],[8.9961,48.5532],[8.9767,48.5402],[8.9742,48.527],[8.9653,48.514],[8.99,48.513],[8.9798,48.5038],[8.979,48.4913],[8.9949,48.4736],[9.0027,48.4532],[9.0156,48.4503],[9.019,48.4589],[9.0503,48.467],[9.0702,48.4836],[9.0716,48.4829],[9.0817,48.487],[9.0747,48.4982],[9.0894,48.5129],[9.1068,48.5175],[9.1175,48.5328],[9.1303,48.5341],[9.1282,48.5485],[9.118,48.5566],[9.1256,48.5666],[9.1261,48.5822],[9.1232,48.5822],[9.1184,48.5829],[9.095,48.5811],[9.0792,48.5888]]]},"properties":{"AGS":"08416041","GEN":"Tübingen","SN_L":"08"}},
{"type":"Feature","geometry":{"type":"Polygon","coordinates":[[[9.0348,48.5769],[9.004,48.588],[8.994,48.5844],[8.9789,48.5899],[8.9492,48.5871],[8.9357,48.5774],[8.9452,48.5675],[8.9322,48.5644],[8.9113,48.5722],[8.8884,48.5608],[8.8834,48.5408],[8.8958,48.5302],[8.9349,48.5336],[8.9419,48.518],[8.9585,48.521],[8.9653,48.514],[8.9742,48.527],[8.9767,48.5402],[8.9961,48.5532],[9.0126,48.5535],[9.0158,48.5609],[9.0348,48.5769]]]},"properties":{"AGS":"08416048","GEN":"Ammerbuch","SN_L":"08"}},
{"type":"Feature","geometry":{"type":"Polygon","coordinates":[[[9.0753,48.447],[9.0795,48.4651],[9.0686,48.4718],[9.0702,48.4836],[9.0503,48.467],[9.019,48.4589],[9.0156,48.4503],[9.0101,48.4466],[9.0231,48.4376],[9.045,48.4356],[9.0753,48.447]]]},"properties":{"AGS":"08416011","GEN":"Dußlingen","SN_L":"08"}},
{"type":"Feature","geometry":{"type":"Polygon","coordinates":[[[9.1253,48.4709],[9.0922,48.4713],[9.0716,48.4829],[9.0702,48.4836],[9.0686,48.4718],[9.0795,48.4651],[9.0753,48.447],[9.0962,48.4383],[9.0988,48.4268],[9.1169,48.4273],[9.1196,48.4449],[9.133,48.4528],[9.1388,48.468],[9.1253,48.4709]]]},"properties":{"AGS":"08416015","GEN":"Gomaringen","SN_L":"08"}},
{"type":"Feature","geometry":{"type":"Polygon","coordinates":[[[9.0988,48.4268],[9.0962,48.4383],[9.0753,48.447],[9.045,48.4356],[9.0573,48.4229],[9.074,48.4181],[9.0988,48.4268]]]},"properties":{"AGS":"08416026","GEN":"Nehren","SN_L":"08"}},
{"type":"Feature","geometry":{"type":"Polygon","coordinates":[[[8.9963,48.3986],[8.9998,48.4056],[8.9927,48.4166],[8.9743,48.4138],[8.939,48.4084],[8.9372,48.3993],[8.9365,48.3901],[8.9537,48.3808],[8.9697,48.3849],[8.9898,48.3822],[9.0008,48.3871],[8.9963,48.3986]]]},"properties":{"AGS":"08416006","GEN":"Bodelshausen","SN_L":"08"}},
{"type":"Feature","geometry":{"type":"Polygon","coordinates":[[[9.1169,48.4273],[9.0988,48.4268],[9.074,48.4181],[9.0573,48.4229],[9.0421,48.4091],[9.0321,48.411],[8.9963,48.3986],[9.0008,48.3871],[9.0047,48.3757],[9.0343,48.3707],[9.0445,48.3729],[9.0619,48.3715],[9.0849,48.365],[9.1295,48.3729],[9.1212,48.3887],[9.141,48.4032],[9.1473,48.4146],[9.1364,48.4165],[9.1169,48.4273]]]},"properties":{"AGS":"08416025","GEN":"Mössingen","SN_L":"08"}},
{"type":"Feature","geometry":{"type":"Polygon","coordinates":[[[9.045,48.4356],[9.0231,48.4376],[9.0101,48.4466],[8.9936,48.4349],[8.9743,48.4138],[8.9927,48.4166],[8.9998,48.4056],[8.9963,48.3986],[9.0321,48.411],[9.0421,48.4091],[9.0573,48.4229],[9.045,48.4356]]]},"properties":{"AGS":"08416031","GEN":"Ofterdingen","SN_L":"08"}},
{"type":"Feature","geometry":{"type":"Polygon","coordinates":[[[8.9372,48.3993],[8.9127,48.4114],[8.9048,48.4278],[8.8826,48.4253],[8.8713,48.4174],[8.876,48.397],[8.8944,48.3927],[8.9093,48.3948],[8.9272,48.3904],[8.9365,48.3901],[8.9372,48.3993]]]},"properties":{"AGS":"08416018","GEN":"Hirrlingen","SN_L":"08"}},
{"type":"Feature","geometry":{"type":"Polygon","coordinates":[[[8.8834,48.5408],[8.8509,48.5372],[8.8609,48.5274],[8.8577,48.514],[8.8449,48.5091],[8.8467,48.5001],[8.868,48.4972],[8.8955,48.4976],[8.9054,48.493],[8.8941,48.4767],[8.8743,48.4762],[8.8744,48.4669],[8.8617,48.4638],[8.8367,48.468],[8.8271,48.4755],[8.8365,48.4854],[8.8391,48.499],[8.8356,48.5032],[8.7964,48.5103],[8.7848,48.5209],[8.7689,48.5218],[8.7557,48.5041],[8.7653,48.5035],[8.7765,48.4865],[8.7953,48.4848],[8.8009,48.4781],[8.8213,48.4692],[8.8182,48.4607],[8.8384,48.4511],[8.8536,48.4373],[8.8562,48.4277],[8.8699,48.4168],[8.8713,48.4174],[8.8826,48.4253],[8.9048,48.4278],[8.9127,48.4114],[8.9372,48.3993],[8.939,48.4084],[8.9743,48.4138],[8.9936,48.4349],[9.0101,48.4466],[9.0156,48.4503],[9.0027,48.4532],[8.9949,48.4736],[8.979,48.4913],[8.9798,48.5038],[8.99,48.513],[8.9653,48.514],[8.9585,48.521],[8.9419,48.518],[8.9349,48.5336],[8.8958,48.5302],[8.8834,48.5408]]]},"properties":{"AGS":"08416036","GEN":"Rottenburg am Neckar","SN_L":"08"}},
{"type":"Feature","geometry":{"type":"Polygon","coordinates":[[[8.8391,48.499],[8.8365,48.4854],[8.8271,48.4755],[8.8367,48.468],[8.8617,48.4638],[8.8744,48.4669],[8.8743,48.4762],[8.8941,48.4767],[8.9054,48.493],[8.8955,48.4976],[8.868,48.4972],[8.8467,48.5001],[8.8391,48.499]]]},"properties":{"AGS":"08416049","GEN":"Neustetten","SN_L":"08"}},
{"type":"Feature","geometry":{"type":"Polygon","coordinates":[[[8.8182,48.4607],[8.7902,48.4519],[8.7804,48.441],[8.77,48.4385],[8.7643,48.428],[8.7741,48.4163],[8.7946,48.4174],[8.8014,48.4069],[8.8318,48.4064],[8.8347,48.4105],[8.8699,48.4168],[8.8562,48.4277],[8.8536,48.4373],[8.8384,48.4511],[8.8182,48.4607]]]},"properties":{"AGS":"08416050","GEN":"Starzach","SN_L":"08"}},
{"type":"Feature","geometry":{"type":"Polygon","coordinates":[[[9.1295,48.3729],[9.0849,48.365],[9.0619,48.3715],[9.0445,48.3729],[9.0565,48.3663],[9.0532,48.3443],[9.0562,48.3349],[9.0682,48.3321],[9.0613,48.3212],[9.0411,48.3105],[9.0282,48.3095],[9.0394,48.3009],[9.0297,48.2932],[9.0498,48.277],[9.0582,48.2767],[9.074,48.2562],[9.1092,48.2528],[9.1324,48.2627],[9.149,48.2621],[9.1827,48.2699],[9.187,48.2808],[9.1715,48.2999],[9.1678,48.311],[9.2106,48.3074],[9.2166,48.3168],[9.2205,48.3386],[9.2126,48.3331],[9.1741,48.3444],[9.1671,48.3533],[9.1793,48.3676],[9.1295,48.3729]]]},"properties":{"AGS":"08417013","GEN":"Burladingen","SN_L":"08"}},
{"type":"Feature","geometry":{"type":"Polygon","coordinates":[[[8.8318,48.4064],[8.8014,48.4069],[8.7946,48.4174],[8.7741,48.4163],[8.7665,48.41],[8.7568,48.3929],[8.7568,48.3818],[8.7372,48.378],[8.733,48.366],[8.745,48.3587],[8.733,48.3438],[8.7416,48.3359],[8.7515,48.3266],[8.7776,48.3184],[8.8014,48.3247],[8.8116,48.3139],[8.8433,48.3264],[8.861,48.3243],[8.8494,48.3336],[8.8564,48.3435],[8.8585,48.3585],[8.8501,48.3763],[8.8578,48.385],[8.8503,48.3943],[8.8299,48.4007],[8.8318,48.4064]]]},"properties":{"AGS":"08417025","GEN":"Haigerloch","SN_L":"08"}},
{"type":"Feature","geometry":{"type":"Polygon","coordinates":[[[8.7416,48.3359],[8.733,48.3438],[8.7143,48.3396],[8.7108,48.333],[8.6933,48.3285],[8.7192,48.3211],[8.7187,48.315],[8.6853,48.304],[8.6676,48.3049],[8.6621,48.2994],[8.6488,48.2932],[8.6596,48.2833],[8.6835,48.2808],[8.6662,48.2688],[8.6855,48.2668],[8.6975,48.2578],[8.7029,48.2338],[8.7121,48.2319],[8.7291,48.2296],[8.7366,48.2466],[8.7602,48.2571],[8.767,48.2783],[8.762,48.2902],[8.733,48.3132],[8.7422,48.3265],[8.7416,48.3359]]]},"properties":{"AGS":"08417054","GEN":"Rosenfeld","SN_L":"08"}},
{"type":"Feature","geometry":{"type":"Polygon","coordinates":[[[9.074,48.2562],[9.075,48.2447],[9.0685,48.2354],[9.0804,48.2245],[9.1116,48.2365],[9.1092,48.2528],[9.074,48.2562]]]},"properties":{"AGS":"08417010","GEN":"Bitz","SN_L":"08"}},
{"type":"Feature","geometry":{"type":"Polygon","coordinates":[[[9.0255,48.3098],[9.0035,48.3],[8.9952,48.3096],[8.976,48.3153],[8.9771,48.3021],[8.9605,48.2993],[8.9603,48.2802],[8.941,48.2819],[8.9473,48.2735],[8.9423,48.2559],[8.9172,48.2344],[8.9111,48.2353],[8.8836,48.219],[8.8852,48.2119],[8.9152,48.2068],[8.9274,48.1987],[8.9456,48.1946],[8.9823,48.1951],[8.9957,48.1907],[9.0078,48.1766],[9.0108,48.1596],[9.0335,48.1652],[9.0514,48.1702],[9.0492,48.1776],[9.0704,48.188],[9.0712,48.1995],[9.0651,48.214],[9.08,48.2216],[9.0804,48.2245],[9.0685,48.2354],[9.075,48.2447],[9.074,48.2562],[9.0582,48.2767],[9.0498,48.277],[9.0297,48.2932],[9.0394,48.3009],[9.0282,48.3095],[9.0255,48.3098]]]},"properties":{"AGS":"08417079","GEN":"Albstadt","SN_L":"08"}},
{"type":"Feature","geometry":{"type":"Polygon","coordinates":[[[8.861,48.3243],[8.8433,48.3264],[8.8116,48.3139],[8.829,48.2827],[8.8168,48.2736],[8.7831,48.2664],[8.7681,48.2584],[8.7969,48.2452],[8.8161,48.2377],[8.8115,48.2263],[8.8215,48.2163],[8.8372,48.222],[8.8508,48.2178],[8.8836,48.219],[8.9111,48.2353],[8.9172,48.2344],[8.9423,48.2559],[8.9473,48.2735],[8.941,48.2819],[8.9136,48.2793],[8.9022,48.297],[8.8725,48.3163],[8.861,48.3243]]]},"properties":{"AGS":"08417002","GEN":"Balingen","SN_L":"08"}},
{"type":"Feature","geometry":{"type":"Polygon","coordinates":[[[8.7416,48.3359],[8.7422,48.3265],[8.733,48.3132],[8.762,48.2902],[8.767,48.2783],[8.7602,48.2571],[8.764,48.2586],[8.7681,48.2584],[8.7831,48.2664],[8.8168,48.2736],[8.829,48.2827],[8.8116,48.3139],[8.8014,48.3247],[8.7776,48.3184],[8.7515,48.3266],[8.7416,48.3359]]]},"properties":{"AGS":"08417022","GEN":"Geislingen","SN_L":"08"}},
{"type":"Feature","geometry":{"type":"Polygon","coordinates":[[[8.976,48.3153],[8.9636,48.3301],[8.9494,48.3307],[8.9382,48.3416],[8.9194,48.3362],[8.898,48.3249],[8.8725,48.3163],[8.9022,48.297],[8.9136,48.2793],[8.941,48.2819],[8.9603,48.2802],[8.9605,48.2993],[8.9771,48.3021],[8.976,48.3153]]]},"properties":{"AGS":"08417008","GEN":"Bisingen","SN_L":"08"}},
{"type":"Feature","geometry":{"type":"Polygon","coordinates":[[[8.892,48.3636],[8.8711,48.363],[8.8585,48.3585],[8.8564,48.3435],[8.8494,48.3336],[8.861,48.3243],[8.8725,48.3163],[8.898,48.3249],[8.9194,48.3362],[8.902,48.3439],[8.892,48.3636]]]},"properties":{"AGS":"08417023","GEN":"Grosselfingen","SN_L":"08"}},
{"type":"Feature","geometry":{"type":"Polygon","coordinates":[[[8.9365,48.3901],[8.9272,48.3904],[8.892,48.3636],[8.902,48.3439],[8.9194,48.3362],[8.9382,48.3416],[8.9494,48.3307],[8.9636,48.3301],[8.976,48.3153],[8.9952,48.3096],[9.0035,48.3],[9.0255,48.3098],[9.0159,48.3318],[9.0436,48.344],[9.0532,48.3443],[9.0565,48.3663],[9.0445,48.3729],[9.0343,48.3707],[9.0047,48.3757],[9.0008,48.3871],[8.9898,48.3822],[8.9697,48.3849],[8.9537,48.3808],[8.9365,48.3901]]]},"properties":{"AGS":"08417031","GEN":"Hechingen","SN_L":"08"}},
{"type":"Feature","geometry":{"type":"Polygon","coordinates":[[[9.0532,48.3443],[9.0436,48.344],[9.0159,48.3318],[9.0255,48.3098],[9.0282,48.3095],[9.0411,48.3105],[9.0613,48.3212],[9.0682,48.3321],[9.0562,48.3349],[9.0532,48.3443]]]},"properties":{"AGS":"08417036","GEN":"Jungingen","SN_L":"08"}},
{"type":"Feature","geometry":{"type":"Polygon","coordinates":[[[8.9272,48.3904],[8.9093,48.3948],[8.8944,48.3927],[8.876,48.397],[8.8713,48.4174],[8.8699,48.4168],[8.8347,48.4105],[8.8318,48.4064],[8.8299,48.4007],[8.8503,48.3943],[8.8578,48.385],[8.8501,48.3763],[8.8585,48.3585],[8.8711,48.363],[8.892,48.3636],[8.9272,48.3904]]]},"properties":{"AGS":"08417051","GEN":"Rangendingen","SN_L":"08"}},
{"type":"Feature","geometry":{"type":"Polygon","coordinates":[[[8.8836,48.219],[8.8508,48.2178],[8.8555,48.2005],[8.8452,48.1913],[8.8589,48.1822],[8.8616,48.1729],[8.8928,48.1533],[8.9093,48.1478],[8.9143,48.1388],[8.9332,48.1329],[8.9405,48.1227],[8.9554,48.1199],[8.9839,48.124],[8.9986,48.1452],[9.0108,48.1596],[9.0078,48.1766],[8.9957,48.1907],[8.9823,48.1951],[8.9456,48.1946],[8.9274,48.1987],[8.9152,48.2068],[8.8852,48.2119],[8.8836,48.219]]]},"properties":{"AGS":"08417044","GEN":"Meßstetten","SN_L":"08"}},
{"type":"Feature","geometry":{"type":"Polygon","coordinates":[[[8.9554,48.1199],[8.9405,48.1227],[8.9332,48.1329],[8.9143,48.1388],[8.9093,48.1478],[8.8928,48.1533],[8.8801,48.1446],[8.8623,48.1399],[8.8651,48.1353],[8.8679,48.1279],[8.8949,48.1066],[8.9133,48.1106],[8.9392,48.1036],[8.9538,48.1073],[8.9554,48.1199]]]},"properties":{"AGS":"08417045","GEN":"Nusplingen","SN_L":"08"}},
{"type":"Feature","geometry":{"type":"Polygon","coordinates":[[[8.8452,48.1913],[8.8303,48.1807],[8.815,48.1792],[8.8279,48.1711],[8.8318,48.1496],[8.8414,48.15],[8.8623,48.1399],[8.8801,48.1446],[8.8928,48.1533],[8.8616,48.1729],[8.8589,48.1822],[8.8452,48.1913]]]},"properties":{"AGS":"08417047","GEN":"Obernheim","SN_L":"08"}},
{"type":"Feature","geometry":{"type":"Polygon","coordinates":[[[8.7607,48.2336],[8.7568,48.248],[8.764,48.2586],[8.7602,48.2571],[8.7366,48.2466],[8.7291,48.2296],[8.7395,48.2289],[8.7607,48.2336]]]},"properties":{"AGS":"08417014","GEN":"Dautmergen","SN_L":"08"}},
{"type":"Feature","geometry":{"type":"Polygon","coordinates":[[[8.7681,48.2584],[8.764,48.2586],[8.7568,48.248],[8.7607,48.2336],[8.765,48.2233],[8.7931,48.2397],[8.7969,48.2452],[8.7681,48.2584]]]},"properties":{"AGS":"08417015","GEN":"Dormettingen","SN_L":"08"}},
{"type":"Feature","geometry":{"type":"Polygon","coordinates":[[[8.8215,48.2163],[8.8115,48.2263],[8.8161,48.2377],[8.7969,48.2452],[8.7931,48.2397],[8.765,48.2233],[8.7777,48.2199],[8.8072,48.2035],[8.8156,48.2003],[8.8215,48.2163]]]},"properties":{"AGS":"08417016","GEN":"Dotternhausen","SN_L":"08"}},
{"type":"Feature","geometry":{"type":"Polygon","coordinates":[[[8.8508,48.2178],[8.8372,48.222],[8.8215,48.2163],[8.8156,48.2003],[8.8308,48.1869],[8.8303,48.1807],[8.8452,48.1913],[8.8555,48.2005],[8.8508,48.2178]]]},"properties":{"AGS":"08417029","GEN":"Hausen am Tann","SN_L":"08"}},
{"type":"Feature","geometry":{"type":"Polygon","coordinates":[[[8.8156,48.2003],[8.8072,48.2035],[8.7841,48.1966],[8.7927,48.1839],[8.815,48.1792],[8.8303,48.1807],[8.8308,48.1869],[8.8156,48.2003]]]},"properties":{"AGS":"08417052","GEN":"Ratshausen","SN_L":"08"}},
{"type":"Feature","geometry":{"type":"Polygon","coordinates":[[[8.7607,48.2336],[8.7395,48.2289],[8.7323,48.2089],[8.7242,48.207],[8.7442,48.2009],[8.7384,48.1896],[8.7192,48.1816],[8.7241,48.1725],[8.7491,48.1653],[8.7512,48.1595],[8.7643,48.1632],[8.7693,48.1827],[8.7564,48.1893],[8.7746,48.1972],[8.7841,48.1966],[8.8072,48.2035],[8.7777,48.2199],[8.765,48.2233],[8.7607,48.2336]]]},"properties":{"AGS":"08417057","GEN":"Schömberg","SN_L":"08"}},
{"type":"Feature","geometry":{"type":"Polygon","coordinates":[[[8.7841,48.1966],[8.7746,48.1972],[8.7564,48.1893],[8.7693,48.1827],[8.7927,48.1839],[8.7841,48.1966]]]},"properties":{"AGS":"08417071","GEN":"Weilen unter den Rinnen","SN_L":"08"}},
{"type":"Feature","geometry":{"type":"Polygon","coordinates":[[[8.7121,48.2319],[8.7033,48.2226],[8.7136,48.2092],[8.7242,48.207],[8.7323,48.2089],[8.7395,48.2289],[8.7291,48.2296],[8.7121,48.2319]]]},"properties":{"AGS":"08417078","GEN":"Zimmern unter der Burg","SN_L":"08"}},
{"type":"Feature","geometry":{"type":"Polygon","coordinates":[[[9.08,48.2216],[9.0651,48.214],[9.0712,48.1995],[9.0704,48.188],[9.0492,48.1776],[9.0514,48.1702],[9.0335,48.1652],[9.0635,48.1519],[9.0874,48.1489],[9.1121,48.1576],[9.1041,48.1967],[9.08,48.2216]]]},"properties":{"AGS":"08417063","GEN":"Straßberg","SN_L":"08"}},
{"type":"Feature","geometry":{"type":"Polygon","coordinates":[[[9.1863,48.2098],[9.1595,48.2223],[9.1273,48.2297],[9.1116,48.2365],[9.0804,48.2245],[9.08,48.2216],[9.1041,48.1967],[9.1121,48.1576],[9.1208,48.145],[9.1345,48.1459],[9.1592,48.1344],[9.1556,48.1426],[9.173,48.1542],[9.1808,48.1663],[9.181,48.1873],[9.1749,48.1983],[9.1863,48.2098]]]},"properties":{"AGS":"08417075","GEN":"Winterlingen","SN_L":"08"}},
{"type":"Feature","geometry":{"type":"Polygon","coordinates":[[[10.0073,48.4644],[9.9818,48.463],[9.9728,48.4674],[9.965,48.449],[9.9409,48.4513],[9.9075,48.4332],[9.9104,48.4221],[9.9266,48.4245],[9.9294,48.411],[9.9121,48.409],[9.901,48.3956],[9.8744,48.3949],[9.8692,48.3761],[9.847,48.3739],[9.8431,48.3607],[9.8479,48.3533],[9.8747,48.3541],[9.9264,48.3411],[9.9253,48.3252],[9.9069,48.3196],[9.9213,48.3122],[9.9374,48.3109],[9.9512,48.3125],[9.9825,48.324],[9.9914,48.3281],[9.9832,48.3483],[9.9976,48.3501],[9.9995,48.3615],[9.9877,48.3706],[9.9777,48.3627],[9.9673,48.3744],[9.9899,48.3937],[10.016,48.4051],[10.0188,48.4182],[10.0424,48.4297],[10.0281,48.4369],[10.0382,48.4445],[10.0327,48.4572],[10.021,48.4643],[10.0073,48.4644]]]},"properties":{"AGS":"08421000","GEN":"Ulm","SN_L":"08"}},
{"type":"Feature","geometry":{"type":"Polygon","coordinates":[[[9.8479,48.3533],[9.8316,48.3633],[9.815,48.364],[9.7942,48.3565],[9.7758,48.3604],[9.7603,48.3456],[9.7822,48.3431],[9.8003,48.3328],[9.7987,48.3264],[9.8133,48.3314],[9.8204,48.3239],[9.85,48.3098],[9.8565,48.2969],[9.8378,48.2929],[9.8365,48.2867],[9.8466,48.2766],[9.864,48.2707],[9.8849,48.2924],[9.9096,48.284],[9.9207,48.2865],[9.9383,48.2973],[9.9374,48.3109],[9.9213,48.3122],[9.9069,48.3196],[9.9253,48.3252],[9.9264,48.3411],[9.8747,48.3541],[9.8479,48.3533]]]},"properties":{"AGS":"08425039","GEN":"Erbach","SN_L":"08"}},
{"type":"Feature","geometry":{"type":"Polygon","coordinates":[[[9.708,48.418],[9.6859,48.4195],[9.6777,48.4245],[9.6491,48.415],[9.6295,48.4183],[9.6262,48.4178],[9.6213,48.3957],[9.5928,48.3983],[9.5806,48.3922],[9.5993,48.3774],[9.5921,48.3563],[9.6297,48.3626],[9.6385,48.3601],[9.6651,48.36],[9.6838,48.3653],[9.7115,48.3469],[9.7283,48.3529],[9.754,48.3471],[9.7603,48.3456],[9.7758,48.3604],[9.7578,48.3587],[9.7534,48.3852],[9.7621,48.3907],[9.732,48.4012],[9.708,48.418]]]},"properties":{"AGS":"08425108","GEN":"Schelklingen","SN_L":"08"}},
{"type":"Feature","geometry":{"type":"Polygon","coordinates":[[[9.9075,48.4332],[9.8714,48.4738],[9.8517,48.4773],[9.8497,48.4847],[9.8282,48.4892],[9.8047,48.4872],[9.7979,48.4928],[9.8016,48.4839],[9.8142,48.4759],[9.8275,48.457],[9.8446,48.4477],[9.8436,48.4359],[9.8352,48.4277],[9.8436,48.41],[9.8279,48.3837],[9.847,48.3739],[9.8692,48.3761],[9.8744,48.3949],[9.901,48.3956],[9.9121,48.409],[9.9294,48.411],[9.9266,48.4245],[9.9104,48.4221],[9.9075,48.4332]]]},"properties":{"AGS":"08425141","GEN":"Blaustein","SN_L":"08"}},
{"type":"Feature","geometry":{"type":"MultiPolygon","coordinates":[[[[9.8204,48.3239],[9.8133,48.3314],[9.7987,48.3264],[9.7949,48.3223],[9.761,48.3211],[9.7777,48.2989],[9.8051,48.3085],[9.8096,48.3189],[9.8204,48.3239]]],[[[9.754,48.3471],[9.7283,48.3529],[9.7115,48.3469],[9.6838,48.3653],[9.6651,48.36],[9.6385,48.3601],[9.6217,48.3518],[9.6185,48.3424],[9.6253,48.3297],[9.6572,48.3298],[9.6804,48.3207],[9.7008,48.3236],[9.7035,48.3117],[9.7287,48.3054],[9.7501,48.3098],[9.7506,48.3193],[9.7517,48.3219],[9.7472,48.3245],[9.754,48.3471]]]]},"properties":{"AGS":"08425002","GEN":"Allmendingen","SN_L":"08"}},
{"type":"Feature","geometry":{"type":"Polygon","coordinates":[[[9.7987,48.3264],[9.8003,48.3328],[9.7822,48.3431],[9.7603,48.3456],[9.754,48.3471],[9.7472,48.3245],[9.761,48.3211],[9.7949,48.3223],[9.7987,48.3264]]]},"properties":{"AGS":"08425004","GEN":"Altheim","SN_L":"08"}},
{"type":"Feature","geometry":{"type":"Polygon","coordinates":[[[9.8275,48.457],[9.8142,48.4759],[9.8016,48.4839],[9.7877,48.4878],[9.7591,48.4836],[9.738,48.4734],[9.726,48.4634],[9.7399,48.4555],[9.7381,48.4429],[9.7759,48.4383],[9.7908,48.4534],[9.8275,48.457]]]},"properties":{"AGS":"08425017","GEN":"Berghülen","SN_L":"08"}},
{"type":"Feature","geometry":{"type":"Polygon","coordinates":[[[9.8275,48.457],[9.7908,48.4534],[9.7759,48.4383],[9.7381,48.4429],[9.7096,48.4424],[9.6891,48.4323],[9.6911,48.4243],[9.708,48.418],[9.732,48.4012],[9.7621,48.3907],[9.7534,48.3852],[9.7578,48.3587],[9.7758,48.3604],[9.7942,48.3565],[9.815,48.364],[9.8316,48.3633],[9.8479,48.3533],[9.8431,48.3607],[9.847,48.3739],[9.8279,48.3837],[9.8436,48.41],[9.8352,48.4277],[9.8436,48.4359],[9.8446,48.4477],[9.8275,48.457]]]},"properties":{"AGS":"08425020","GEN":"Blaubeuren","SN_L":"08"}},
{"type":"Feature","geometry":{"type":"Polygon","coordinates":[[[10.0671,48.2545],[10.049,48.2485],[10.0281,48.2501],[10.0133,48.2483],[10.0192,48.2317],[10.0403,48.2281],[10.0355,48.2169],[10.0396,48.2018],[10.0442,48.1939],[10.0624,48.1983],[10.0837,48.1978],[10.0852,48.2057],[10.0783,48.2202],[10.0607,48.2401],[10.0671,48.2545]]]},"properties":{"AGS":"08425028","GEN":"Dietenheim","SN_L":"08"}},
{"type":"Feature","geometry":{"type":"Polygon","coordinates":[[[10.0624,48.2726],[10.0658,48.2818],[10.0425,48.2942],[10.0378,48.3051],[10.0273,48.2972],[10.0299,48.2932],[10.0183,48.295],[10.0036,48.2822],[10.0007,48.2724],[10.0131,48.2703],[10.0183,48.2571],[10.0281,48.2501],[10.049,48.2485],[10.0671,48.2545],[10.0624,48.2726]]]},"properties":{"AGS":"08425066","GEN":"Illerrieden","SN_L":"08"}},
{"type":"Feature","geometry":{"type":"Polygon","coordinates":[[[10.0837,48.1978],[10.0624,48.1983],[10.0685,48.1897],[10.0447,48.1818],[10.0473,48.1653],[10.0352,48.1529],[10.0097,48.1523],[10.0086,48.1515],[10.0483,48.1427],[10.0753,48.1514],[10.0954,48.164],[10.0946,48.1652],[10.0857,48.1822],[10.0837,48.1978]]]},"properties":{"AGS":"08425140","GEN":"Balzheim","SN_L":"08"}},
{"type":"Feature","geometry":{"type":"Polygon","coordinates":[[[9.9792,48.5044],[9.9552,48.5034],[9.9445,48.496],[9.9368,48.4861],[9.9686,48.4805],[9.9728,48.4674],[9.9818,48.463],[10.0073,48.4644],[10.0032,48.4863],[9.9865,48.4973],[9.9868,48.5044],[9.9792,48.5044]]]},"properties":{"AGS":"08425014","GEN":"Beimerstetten","SN_L":"08"}},
{"type":"Feature","geometry":{"type":"Polygon","coordinates":[[[9.9132,48.5067],[9.8898,48.5103],[9.8662,48.5193],[9.8342,48.5267],[9.823,48.5161],[9.8045,48.5131],[9.7995,48.4975],[9.7979,48.4928],[9.8047,48.4872],[9.8282,48.4892],[9.8497,48.4847],[9.8517,48.4773],[9.8714,48.4738],[9.9075,48.4332],[9.9409,48.4513],[9.965,48.449],[9.9728,48.4674],[9.9686,48.4805],[9.9368,48.4861],[9.9445,48.496],[9.9192,48.5008],[9.9132,48.5067]]]},"properties":{"AGS":"08425031","GEN":"Dornstadt","SN_L":"08"}},
{"type":"Feature","geometry":{"type":"Polygon","coordinates":[[[9.9703,48.5325],[9.9646,48.5363],[9.9424,48.5321],[9.9353,48.5171],[9.9167,48.5139],[9.9132,48.5067],[9.9192,48.5008],[9.9445,48.496],[9.9552,48.5034],[9.9792,48.5044],[9.9758,48.5212],[9.9703,48.5325]]]},"properties":{"AGS":"08425135","GEN":"Westerstetten","SN_L":"08"}},
{"type":"Feature","geometry":{"type":"MultiPolygon","coordinates":[[[[9.864,48.2707],[9.8466,48.2766],[9.8365,48.2867],[9.82,48.2757],[9.8053,48.2725],[9.804,48.2515],[9.8283,48.2531],[9.8445,48.2463],[9.8477,48.2598],[9.8579,48.2664],[9.864,48.2707]]],[[[9.6385,48.3601],[9.6297,48.3626],[9.5921,48.3563],[9.5794,48.3319],[9.5584,48.3294],[9.55,48.3201],[9.5335,48.3159],[9.5552,48.3065],[9.5539,48.2919],[9.5418,48.2919],[9.5294,48.2841],[9.5059,48.2784],[9.5065,48.269],[9.5249,48.2689],[9.5266,48.2543],[9.5283,48.254],[9.5393,48.2561],[9.5461,48.2675],[9.5602,48.2793],[9.5863,48.2799],[9.5896,48.263],[9.6109,48.2574],[9.6262,48.2507],[9.644,48.2563],[9.6704,48.2513],[9.7042,48.2421],[9.7161,48.2312],[9.707,48.2206],[9.7246,48.2081],[9.7418,48.2035],[9.7558,48.2067],[9.767,48.2164],[9.7644,48.2268],[9.7949,48.2317],[9.7933,48.2452],[9.7711,48.2553],[9.7589,48.2712],[9.7717,48.2714],[9.7944,48.281],[9.7777,48.2989],[9.761,48.3211],[9.7472,48.3245],[9.7517,48.3219],[9.7506,48.3193],[9.7501,48.3098],[9.7287,48.3054],[9.7035,48.3117],[9.7008,48.3236],[9.6804,48.3207],[9.6572,48.3298],[9.6253,48.3297],[9.6185,48.3424],[9.6217,48.3518],[9.6385,48.3601]]]]},"properties":{"AGS":"08425033","GEN":"Ehingen (Donau)","SN_L":"08"}},
{"type":"Feature","geometry":{"type":"Polygon","coordinates":[[[9.8053,48.2725],[9.7944,48.281],[9.7717,48.2714],[9.7589,48.2712],[9.7711,48.2553],[9.7933,48.2452],[9.804,48.2515],[9.8053,48.2725]]]},"properties":{"AGS":"08425050","GEN":"Griesingen","SN_L":"08"}},
{"type":"Feature","geometry":{"type":"Polygon","coordinates":[[[9.8378,48.2929],[9.8565,48.2969],[9.85,48.3098],[9.8204,48.3239],[9.8096,48.3189],[9.8051,48.3085],[9.8208,48.2938],[9.8378,48.2929]]]},"properties":{"AGS":"08425088","GEN":"Oberdischingen","SN_L":"08"}},
{"type":"Feature","geometry":{"type":"Polygon","coordinates":[[[9.8051,48.3085],[9.7777,48.2989],[9.7944,48.281],[9.8053,48.2725],[9.82,48.2757],[9.8365,48.2867],[9.8378,48.2929],[9.8208,48.2938],[9.8051,48.3085]]]},"properties":{"AGS":"08425093","GEN":"Öpfingen","SN_L":"08"}},
{"type":"Feature","geometry":{"type":"Polygon","coordinates":[[[9.9641,48.2835],[9.9551,48.2953],[9.9512,48.3125],[9.9374,48.3109],[9.9383,48.2973],[9.9207,48.2865],[9.9262,48.2687],[9.9397,48.267],[9.9682,48.2688],[9.9641,48.2835]]]},"properties":{"AGS":"08425064","GEN":"Hüttisheim","SN_L":"08"}},
{"type":"Feature","geometry":{"type":"Polygon","coordinates":[[[10.0036,48.2822],[9.9641,48.2835],[9.9682,48.2688],[9.985,48.2631],[9.9907,48.2436],[10.0133,48.2483],[10.0281,48.2501],[10.0183,48.2571],[10.0131,48.2703],[10.0007,48.2724],[10.0036,48.2822]]]},"properties":{"AGS":"08425110","GEN":"Schnürpflingen","SN_L":"08"}},
{"type":"Feature","geometry":{"type":"Polygon","coordinates":[[[9.9976,48.3501],[9.9832,48.3483],[9.9914,48.3281],[9.9825,48.324],[10.0122,48.3139],[10.0084,48.302],[10.0183,48.295],[10.0299,48.2932],[10.0273,48.2972],[10.0378,48.3051],[10.0259,48.3208],[10.0123,48.3306],[10.0102,48.3417],[9.9976,48.3501]]]},"properties":{"AGS":"08425137","GEN":"Illerkirchberg","SN_L":"08"}},
{"type":"Feature","geometry":{"type":"Polygon","coordinates":[[[10.0183,48.295],[10.0084,48.302],[10.0122,48.3139],[9.9825,48.324],[9.9512,48.3125],[9.9551,48.2953],[9.9641,48.2835],[10.0036,48.2822],[10.0183,48.295]]]},"properties":{"AGS":"08425138","GEN":"Staig","SN_L":"08"}},
{"type":"Feature","geometry":{"type":"Polygon","coordinates":[[[9.7995,48.4975],[9.7686,48.4939],[9.7473,48.505],[9.7346,48.5044],[9.718,48.5216],[9.6948,48.5365],[9.6821,48.5246],[9.6592,48.5195],[9.6543,48.5104],[9.6308,48.4954],[9.5856,48.4899],[9.5911,48.4767],[9.6145,48.4707],[9.6199,48.4602],[9.6368,48.4567],[9.6611,48.4691],[9.6865,48.4665],[9.6952,48.4458],[9.6891,48.4323],[9.7096,48.4424],[9.7381,48.4429],[9.7399,48.4555],[9.726,48.4634],[9.738,48.4734],[9.7591,48.4836],[9.7877,48.4878],[9.8016,48.4839],[9.7979,48.4928],[9.7995,48.4975]]]},"properties":{"AGS":"08425071","GEN":"Laichingen","SN_L":"08"}},
{"type":"Feature","geometry":{"type":"Polygon","coordinates":[[[9.8045,48.5131],[9.7778,48.5159],[9.7683,48.5253],[9.753,48.5261],[9.7303,48.5402],[9.7212,48.5578],[9.7217,48.5529],[9.7199,48.5452],[9.6957,48.5412],[9.6948,48.5365],[9.718,48.5216],[9.7346,48.5044],[9.7473,48.505],[9.7686,48.4939],[9.7995,48.4975],[9.8045,48.5131]]]},"properties":{"AGS":"08425079","GEN":"Merklingen","SN_L":"08"}},
{"type":"Feature","geometry":{"type":"Polygon","coordinates":[[[9.8174,48.5594],[9.8007,48.5573],[9.7301,48.5635],[9.729,48.5631],[9.7212,48.5578],[9.7303,48.5402],[9.753,48.5261],[9.7683,48.5253],[9.7778,48.5159],[9.8045,48.5131],[9.823,48.5161],[9.8342,48.5267],[9.8488,48.5423],[9.84,48.5524],[9.8174,48.5594]]]},"properties":{"AGS":"08425084","GEN":"Nellingen","SN_L":"08"}},
{"type":"Feature","geometry":{"type":"Polygon","coordinates":[[[9.6326,48.537],[9.6112,48.5415],[9.5852,48.5367],[9.5824,48.5291],[9.5912,48.5121],[9.5841,48.4999],[9.5856,48.4899],[9.6308,48.4954],[9.6543,48.5104],[9.6592,48.5195],[9.6326,48.537]]]},"properties":{"AGS":"08425134","GEN":"Westerheim","SN_L":"08"}},
{"type":"Feature","geometry":{"type":"Polygon","coordinates":[[[9.6891,48.4323],[9.6952,48.4458],[9.6865,48.4665],[9.6611,48.4691],[9.6368,48.4567],[9.6199,48.4602],[9.6322,48.4428],[9.6367,48.4186],[9.6295,48.4183],[9.6491,48.415],[9.6777,48.4245],[9.6859,48.4195],[9.708,48.418],[9.6911,48.4243],[9.6891,48.4323]]]},"properties":{"AGS":"08425139","GEN":"Heroldstatt","SN_L":"08"}},
{"type":"Feature","geometry":{"type":"Polygon","coordinates":[[[10.0574,48.5863],[10.0408,48.6044],[9.9929,48.6054],[9.9884,48.5971],[9.9727,48.5946],[9.9604,48.5906],[9.9896,48.5734],[10.0058,48.5701],[10.0231,48.5583],[10.0371,48.5504],[10.0392,48.5569],[10.0567,48.5639],[10.0574,48.5863]]]},"properties":{"AGS":"08425005","GEN":"Altheim (Alb)","SN_L":"08"}},
{"type":"Feature","geometry":{"type":"Polygon","coordinates":[[[10.187,48.5581],[10.1715,48.5493],[10.1764,48.53],[10.1987,48.5198],[10.2179,48.4885],[10.2255,48.4886],[10.2414,48.492],[10.2375,48.5002],[10.2347,48.5053],[10.2308,48.5105],[10.2133,48.5171],[10.2101,48.536],[10.1914,48.541],[10.187,48.5581]]]},"properties":{"AGS":"08425011","GEN":"Asselfingen","SN_L":"08"}},
{"type":"Feature","geometry":{"type":"Polygon","coordinates":[[[10.1031,48.5721],[10.0966,48.5784],[10.0574,48.5863],[10.0567,48.5639],[10.0562,48.5542],[10.0711,48.5427],[10.0826,48.5426],[10.0989,48.541],[10.11,48.548],[10.1001,48.561],[10.1031,48.5721]]]},"properties":{"AGS":"08425013","GEN":"Ballendorf","SN_L":"08"}},
{"type":"Feature","geometry":{"type":"Polygon","coordinates":[[[10.0437,48.5271],[10.0143,48.5128],[10.005,48.5119],[9.9868,48.5044],[9.9865,48.4973],[10.0032,48.4863],[10.0184,48.4868],[10.0442,48.4955],[10.0531,48.5244],[10.05,48.5268],[10.0437,48.5271]]]},"properties":{"AGS":"08425019","GEN":"Bernstadt","SN_L":"08"}},
{"type":"Feature","geometry":{"type":"Polygon","coordinates":[[[10.0826,48.5426],[10.0711,48.5427],[10.0562,48.5542],[10.0567,48.5639],[10.0392,48.5569],[10.0371,48.5504],[10.05,48.5268],[10.0531,48.5244],[10.0723,48.5315],[10.0826,48.5426]]]},"properties":{"AGS":"08425022","GEN":"Börslingen","SN_L":"08"}},
{"type":"Feature","geometry":{"type":"Polygon","coordinates":[[[10.005,48.5119],[10.0028,48.5219],[9.9758,48.5212],[9.9792,48.5044],[9.9868,48.5044],[10.005,48.5119]]]},"properties":{"AGS":"08425024","GEN":"Breitingen","SN_L":"08"}},
{"type":"Feature","geometry":{"type":"Polygon","coordinates":[[[10.0039,48.5405],[9.9804,48.5398],[9.9703,48.5325],[9.9758,48.5212],[10.0028,48.5219],[10.005,48.5119],[10.0143,48.5128],[10.0437,48.5271],[10.0039,48.5405]]]},"properties":{"AGS":"08425062","GEN":"Holzkirch","SN_L":"08"}},
{"type":"Feature","geometry":{"type":"Polygon","coordinates":[[[10.1301,48.5153],[10.1165,48.5126],[10.1042,48.5249],[10.0818,48.525],[10.0723,48.5315],[10.0531,48.5244],[10.0442,48.4955],[10.0184,48.4868],[10.0032,48.4863],[10.0073,48.4644],[10.021,48.4643],[10.0327,48.4572],[10.0712,48.4584],[10.1006,48.4705],[10.105,48.4775],[10.1339,48.4549],[10.1718,48.4578],[10.1847,48.4764],[10.2026,48.4829],[10.1987,48.4952],[10.1837,48.4932],[10.1574,48.5151],[10.1301,48.5153]]]},"properties":{"AGS":"08425072","GEN":"Langenau","SN_L":"08"}},
{"type":"Feature","geometry":{"type":"Polygon","coordinates":[[[10.0371,48.5504],[10.0231,48.5583],[10.0133,48.5601],[10.0039,48.5405],[10.0437,48.5271],[10.05,48.5268],[10.0371,48.5504]]]},"properties":{"AGS":"08425083","GEN":"Neenstetten","SN_L":"08"}},
{"type":"Feature","geometry":{"type":"Polygon","coordinates":[[[10.1234,48.5256],[10.0989,48.541],[10.0826,48.5426],[10.0723,48.5315],[10.0818,48.525],[10.1042,48.5249],[10.1165,48.5126],[10.1301,48.5153],[10.1234,48.5256]]]},"properties":{"AGS":"08425085","GEN":"Nerenstetten","SN_L":"08"}},
{"type":"Feature","geometry":{"type":"Polygon","coordinates":[[[10.1442,48.5546],[10.1434,48.5409],[10.1234,48.5256],[10.1301,48.5153],[10.1574,48.5151],[10.1612,48.5319],[10.1547,48.5516],[10.1442,48.5546]]]},"properties":{"AGS":"08425092","GEN":"Öllingen","SN_L":"08"}},
{"type":"Feature","geometry":{"type":"Polygon","coordinates":[[[10.1715,48.5493],[10.1547,48.5516],[10.1612,48.5319],[10.1574,48.5151],[10.1837,48.4932],[10.1987,48.4952],[10.2026,48.4829],[10.2179,48.4885],[10.1987,48.5198],[10.1764,48.53],[10.1715,48.5493]]]},"properties":{"AGS":"08425097","GEN":"Rammingen","SN_L":"08"}},
{"type":"Feature","geometry":{"type":"Polygon","coordinates":[[[10.1101,48.5698],[10.1031,48.5721],[10.1001,48.561],[10.11,48.548],[10.0989,48.541],[10.1234,48.5256],[10.1434,48.5409],[10.1442,48.5546],[10.1216,48.5589],[10.1101,48.5698]]]},"properties":{"AGS":"08425112","GEN":"Setzingen","SN_L":"08"}},
{"type":"Feature","geometry":{"type":"Polygon","coordinates":[[[10.0231,48.5583],[10.0058,48.5701],[9.9896,48.5734],[9.9604,48.5906],[9.9544,48.5824],[9.9544,48.567],[9.9646,48.5363],[9.9703,48.5325],[9.9804,48.5398],[10.0039,48.5405],[10.0133,48.5601],[10.0231,48.5583]]]},"properties":{"AGS":"08425130","GEN":"Weidenstetten","SN_L":"08"}},
{"type":"Feature","geometry":{"type":"Polygon","coordinates":[[[9.9727,48.5946],[9.9613,48.6036],[9.9709,48.612],[9.9441,48.6318],[9.9241,48.6299],[9.8991,48.6151],[9.8686,48.5907],[9.8361,48.575],[9.8174,48.5594],[9.84,48.5524],[9.8488,48.5423],[9.8725,48.54],[9.8851,48.56],[9.8866,48.572],[9.92,48.5698],[9.9419,48.5857],[9.9544,48.5824],[9.9604,48.5906],[9.9727,48.5946]]]},"properties":{"AGS":"08425008","GEN":"Amstetten","SN_L":"08"}},
{"type":"Feature","geometry":{"type":"Polygon","coordinates":[[[9.9544,48.5824],[9.9419,48.5857],[9.92,48.5698],[9.8866,48.572],[9.8851,48.56],[9.8725,48.54],[9.8488,48.5423],[9.8342,48.5267],[9.8662,48.5193],[9.8898,48.5103],[9.9132,48.5067],[9.9167,48.5139],[9.9353,48.5171],[9.9424,48.5321],[9.9646,48.5363],[9.9544,48.567],[9.9544,48.5824]]]},"properties":{"AGS":"08425075","GEN":"Lonsee","SN_L":"08"}},
{"type":"Feature","geometry":{"type":"Polygon","coordinates":[[[9.5259,48.2197],[9.5351,48.2198],[9.5352,48.2369],[9.5237,48.2466],[9.5324,48.2531],[9.5283,48.254],[9.5266,48.2543],[9.4976,48.2446],[9.4901,48.2327],[9.5259,48.2197]]]},"properties":{"AGS":"08425035","GEN":"Emeringen","SN_L":"08"}},
{"type":"Feature","geometry":{"type":"Polygon","coordinates":[[[9.6757,48.2094],[9.6704,48.2205],[9.6515,48.2242],[9.6326,48.2198],[9.6389,48.2092],[9.6506,48.2008],[9.6293,48.1917],[9.6428,48.1889],[9.6725,48.204],[9.6757,48.2094]]]},"properties":{"AGS":"08425036","GEN":"Emerkingen","SN_L":"08"}},
{"type":"Feature","geometry":{"type":"Polygon","coordinates":[[[9.6794,48.175],[9.6727,48.1849],[9.6501,48.1777],[9.6595,48.1697],[9.6581,48.1599],[9.6673,48.1609],[9.6794,48.175]]]},"properties":{"AGS":"08425052","GEN":"Grundsheim","SN_L":"08"}},
{"type":"Feature","geometry":{"type":"Polygon","coordinates":[[[9.6389,48.2092],[9.6326,48.2198],[9.6018,48.2089],[9.5965,48.2064],[9.6238,48.2],[9.6389,48.2092]]]},"properties":{"AGS":"08425055","GEN":"Hausen am Bussen","SN_L":"08"}},
{"type":"Feature","geometry":{"type":"Polygon","coordinates":[[[9.6109,48.2574],[9.5896,48.263],[9.5863,48.2799],[9.5602,48.2793],[9.5461,48.2675],[9.5393,48.2561],[9.5283,48.254],[9.5324,48.2531],[9.5639,48.2458],[9.5736,48.2402],[9.5959,48.2407],[9.6109,48.2574]]]},"properties":{"AGS":"08425073","GEN":"Lauterach","SN_L":"08"}},
{"type":"Feature","geometry":{"type":"Polygon","coordinates":[[[9.6704,48.2513],[9.644,48.2563],[9.6262,48.2507],[9.6176,48.2369],[9.6228,48.2254],[9.6018,48.2089],[9.6326,48.2198],[9.6515,48.2242],[9.6704,48.2205],[9.6757,48.2094],[9.6844,48.2171],[9.6617,48.2335],[9.6704,48.2513]]]},"properties":{"AGS":"08425081","GEN":"Munderkingen","SN_L":"08"}},
{"type":"Feature","geometry":{"type":"Polygon","coordinates":[[[9.5959,48.2407],[9.5736,48.2402],[9.5388,48.2397],[9.5352,48.2369],[9.5351,48.2198],[9.5259,48.2197],[9.5274,48.2084],[9.5448,48.2013],[9.5459,48.1903],[9.5811,48.1942],[9.5965,48.2064],[9.6018,48.2089],[9.6228,48.2254],[9.5962,48.2292],[9.5959,48.2407]]]},"properties":{"AGS":"08425090","GEN":"Obermarchtal","SN_L":"08"}},
{"type":"Feature","geometry":{"type":"Polygon","coordinates":[[[9.6725,48.204],[9.6428,48.1889],[9.6501,48.1777],[9.6727,48.1849],[9.6794,48.175],[9.7306,48.1716],[9.7443,48.1761],[9.7426,48.2],[9.7317,48.2018],[9.6911,48.1962],[9.681,48.1923],[9.6725,48.204]]]},"properties":{"AGS":"08425091","GEN":"Oberstadion","SN_L":"08"}},
{"type":"Feature","geometry":{"type":"Polygon","coordinates":[[[9.5736,48.2402],[9.5639,48.2458],[9.5324,48.2531],[9.5237,48.2466],[9.5352,48.2369],[9.5388,48.2397],[9.5736,48.2402]]]},"properties":{"AGS":"08425098","GEN":"Rechtenstein","SN_L":"08"}},
{"type":"Feature","geometry":{"type":"Polygon","coordinates":[[[9.707,48.2206],[9.7161,48.2312],[9.7042,48.2421],[9.6704,48.2513],[9.6617,48.2335],[9.6844,48.2171],[9.707,48.2206]]]},"properties":{"AGS":"08425104","GEN":"Rottenacker","SN_L":"08"}},
{"type":"Feature","geometry":{"type":"Polygon","coordinates":[[[9.6262,48.2507],[9.6109,48.2574],[9.5959,48.2407],[9.5962,48.2292],[9.6228,48.2254],[9.6176,48.2369],[9.6262,48.2507]]]},"properties":{"AGS":"08425123","GEN":"Untermarchtal","SN_L":"08"}},
{"type":"Feature","geometry":{"type":"Polygon","coordinates":[[[9.707,48.2206],[9.6844,48.2171],[9.6757,48.2094],[9.6725,48.204],[9.681,48.1923],[9.6911,48.1962],[9.7317,48.2018],[9.7426,48.2],[9.7418,48.2035],[9.7246,48.2081],[9.707,48.2206]]]},"properties":{"AGS":"08425124","GEN":"Unterstadion","SN_L":"08"}},
{"type":"Feature","geometry":{"type":"Polygon","coordinates":[[[9.6293,48.1917],[9.6506,48.2008],[9.6389,48.2092],[9.6238,48.2],[9.6293,48.1917]]]},"properties":{"AGS":"08425125","GEN":"Unterwachingen","SN_L":"08"}},
{"type":"Feature","geometry":{"type":"Polygon","coordinates":[[[9.8429,48.2006],[9.813,48.2092],[9.7888,48.2086],[9.767,48.2164],[9.7558,48.2067],[9.7418,48.2035],[9.7426,48.2],[9.7443,48.1761],[9.7306,48.1716],[9.714,48.1477],[9.7192,48.1405],[9.7115,48.1296],[9.7271,48.1268],[9.7435,48.1386],[9.7636,48.1423],[9.7835,48.1597],[9.7964,48.1573],[9.8065,48.1646],[9.8168,48.1585],[9.8325,48.1649],[9.8387,48.1767],[9.8429,48.2006]]]},"properties":{"AGS":"08426134","GEN":"Schemmerhofen","SN_L":"08"}},
{"type":"Feature","geometry":{"type":"Polygon","coordinates":[[[9.6295,48.1225],[9.6047,48.1284],[9.5943,48.1238],[9.5954,48.1006],[9.606,48.0894],[9.6205,48.0845],[9.6329,48.0919],[9.6356,48.1023],[9.6295,48.1225]]]},"properties":{"AGS":"08426005","GEN":"Alleshausen","SN_L":"08"}},
{"type":"Feature","geometry":{"type":"Polygon","coordinates":[[[9.6183,48.0332],[9.5995,48.0377],[9.5785,48.0333],[9.5805,48.0226],[9.5966,48.0173],[9.6183,48.0332]]]},"properties":{"AGS":"08426006","GEN":"Allmannsweiler","SN_L":"08"}},
{"type":"Feature","geometry":{"type":"Polygon","coordinates":[[[9.6406,48.0829],[9.6329,48.0919],[9.6205,48.0845],[9.606,48.0894],[9.5923,48.0806],[9.5811,48.0682],[9.5695,48.0664],[9.5788,48.0546],[9.5687,48.0444],[9.5785,48.0333],[9.5995,48.0377],[9.6183,48.0332],[9.6457,48.0522],[9.6301,48.0681],[9.6278,48.079],[9.6406,48.0829]]]},"properties":{"AGS":"08426013","GEN":"Bad Buchau","SN_L":"08"}},
{"type":"Feature","geometry":{"type":"Polygon","coordinates":[[[9.6047,48.1284],[9.582,48.1365],[9.5627,48.1303],[9.5515,48.1183],[9.567,48.1066],[9.5857,48.1069],[9.5898,48.0946],[9.5954,48.1006],[9.5943,48.1238],[9.6047,48.1284]]]},"properties":{"AGS":"08426020","GEN":"Betzenweiler","SN_L":"08"}},
{"type":"Feature","geometry":{"type":"Polygon","coordinates":[[[9.5695,48.0664],[9.5451,48.075],[9.5322,48.062],[9.5377,48.0525],[9.5687,48.0444],[9.5788,48.0546],[9.5695,48.0664]]]},"properties":{"AGS":"08426036","GEN":"Dürnau","SN_L":"08"}},
{"type":"Feature","geometry":{"type":"Polygon","coordinates":[[[9.5898,48.0946],[9.5857,48.1069],[9.567,48.1066],[9.5649,48.0915],[9.5366,48.0848],[9.5367,48.0726],[9.5451,48.075],[9.5695,48.0664],[9.5811,48.0682],[9.5923,48.0806],[9.5898,48.0946]]]},"properties":{"AGS":"08426064","GEN":"Kanzach","SN_L":"08"}},
{"type":"Feature","geometry":{"type":"Polygon","coordinates":[[[9.606,48.0894],[9.5954,48.1006],[9.5898,48.0946],[9.5923,48.0806],[9.606,48.0894]]]},"properties":{"AGS":"08426078","GEN":"Moosburg","SN_L":"08"}},
{"type":"Feature","geometry":{"type":"Polygon","coordinates":[[[9.6856,48.051],[9.6854,48.0826],[9.6716,48.0867],[9.65,48.0794],[9.6406,48.0829],[9.6278,48.079],[9.6301,48.0681],[9.6457,48.0522],[9.6566,48.0467],[9.6856,48.051]]]},"properties":{"AGS":"08426090","GEN":"Oggelshausen","SN_L":"08"}},
{"type":"Feature","geometry":{"type":"Polygon","coordinates":[[[9.67,48.1156],[9.6517,48.1177],[9.6423,48.1302],[9.6295,48.1225],[9.6356,48.1023],[9.6329,48.0919],[9.6586,48.101],[9.67,48.1156]]]},"properties":{"AGS":"08426109","GEN":"Seekirch","SN_L":"08"}},
{"type":"Feature","geometry":{"type":"Polygon","coordinates":[[[9.6716,48.0867],[9.6855,48.0994],[9.6755,48.1087],[9.6721,48.1165],[9.67,48.1156],[9.6586,48.101],[9.6329,48.0919],[9.6406,48.0829],[9.65,48.0794],[9.6716,48.0867]]]},"properties":{"AGS":"08426118","GEN":"Tiefenbach","SN_L":"08"}},
{"type":"Feature","geometry":{"type":"Polygon","coordinates":[[[9.6856,48.051],[9.6566,48.0467],[9.6457,48.0522],[9.6183,48.0332],[9.5966,48.0173],[9.6049,48.0023],[9.6162,47.9883],[9.6106,47.9846],[9.6224,47.9671],[9.6344,47.972],[9.6478,47.9664],[9.6629,47.9767],[9.6863,47.9681],[9.6921,47.9829],[9.6905,47.9991],[9.7046,48.0044],[9.7076,48.0278],[9.6905,48.0473],[9.6856,48.051]]]},"properties":{"AGS":"08426014","GEN":"Bad Schussenried","SN_L":"08"}},
{"type":"Feature","geometry":{"type":"Polygon","coordinates":[[[9.7071,48.071],[9.6984,48.0702],[9.6972,48.0522],[9.6905,48.0473],[9.7076,48.0278],[9.7046,48.0044],[9.6905,47.9991],[9.6921,47.9829],[9.7067,47.9725],[9.7207,47.9757],[9.7573,47.9734],[9.7585,47.9944],[9.7488,48.0219],[9.7817,48.0382],[9.7847,48.0498],[9.7788,48.0532],[9.7372,48.0559],[9.7122,48.0527],[9.7034,48.0623],[9.7071,48.071]]]},"properties":{"AGS":"08426062","GEN":"Ingoldingen","SN_L":"08"}},
{"type":"Feature","geometry":{"type":"Polygon","coordinates":[[[9.7306,48.1716],[9.6794,48.175],[9.6673,48.1609],[9.6581,48.1599],[9.6508,48.1481],[9.6712,48.1256],[9.6721,48.1165],[9.6755,48.1087],[9.7038,48.1206],[9.7115,48.1296],[9.7192,48.1405],[9.714,48.1477],[9.7306,48.1716]]]},"properties":{"AGS":"08426011","GEN":"Attenweiler","SN_L":"08"}},
{"type":"Feature","geometry":{"type":"Polygon","coordinates":[[[9.8253,48.1279],[9.7978,48.118],[9.7873,48.1095],[9.7663,48.1154],[9.7582,48.1089],[9.7458,48.1149],[9.7386,48.1301],[9.7271,48.1268],[9.7115,48.1296],[9.7038,48.1206],[9.6755,48.1087],[9.6855,48.0994],[9.6716,48.0867],[9.6854,48.0826],[9.6856,48.051],[9.6905,48.0473],[9.6972,48.0522],[9.6984,48.0702],[9.7071,48.071],[9.7112,48.0826],[9.7353,48.0932],[9.7235,48.0979],[9.7325,48.1135],[9.7452,48.1142],[9.7642,48.0951],[9.7682,48.0772],[9.7788,48.0713],[9.7724,48.0612],[9.7788,48.0532],[9.7847,48.0498],[9.7925,48.0571],[9.8104,48.0567],[9.8088,48.0692],[9.8251,48.0764],[9.827,48.0877],[9.8557,48.0812],[9.8659,48.0578],[9.881,48.0619],[9.8985,48.0579],[9.9063,48.0738],[9.904,48.0999],[9.8904,48.0957],[9.8536,48.0975],[9.8455,48.1105],[9.8253,48.1279]]]},"properties":{"AGS":"08426021","GEN":"Biberach an der Riß","SN_L":"08"}},
{"type":"Feature","geometry":{"type":"Polygon","coordinates":[[[9.8312,48.0308],[9.8062,48.0179],[9.8049,48.0069],[9.7873,47.9962],[9.7742,48.0001],[9.7585,47.9944],[9.7573,47.9734],[9.7709,47.9701],[9.7668,47.9567],[9.7874,47.9558],[9.8109,47.9618],[9.8275,47.9553],[9.8398,47.9539],[9.8598,47.9647],[9.8635,47.974],[9.8925,47.984],[9.9126,47.983],[9.9232,47.9964],[9.9142,47.9955],[9.8803,48.0124],[9.8851,48.0178],[9.8657,48.0307],[9.8525,48.0274],[9.8312,48.0308]]]},"properties":{"AGS":"08426038","GEN":"Eberhardzell","SN_L":"08"}},
{"type":"Feature","geometry":{"type":"Polygon","coordinates":[[[9.8312,48.0308],[9.8322,48.0504],[9.8104,48.0567],[9.7925,48.0571],[9.7847,48.0498],[9.7817,48.0382],[9.7488,48.0219],[9.7585,47.9944],[9.7742,48.0001],[9.7873,47.9962],[9.8049,48.0069],[9.8062,48.0179],[9.8312,48.0308]]]},"properties":{"AGS":"08426058","GEN":"Hochdorf","SN_L":"08"}},
{"type":"Feature","geometry":{"type":"Polygon","coordinates":[[[9.9219,48.1556],[9.918,48.1657],[9.9016,48.1593],[9.887,48.165],[9.8783,48.161],[9.8599,48.1658],[9.8387,48.1767],[9.8325,48.1649],[9.8168,48.1585],[9.8327,48.1465],[9.8253,48.1279],[9.8455,48.1105],[9.8536,48.0975],[9.8904,48.0957],[9.904,48.0999],[9.8962,48.1191],[9.9111,48.1224],[9.9238,48.1194],[9.9194,48.1299],[9.9276,48.1472],[9.9409,48.1507],[9.9219,48.1556]]]},"properties":{"AGS":"08426071","GEN":"Maselheim","SN_L":"08"}},
{"type":"Feature","geometry":{"type":"Polygon","coordinates":[[[9.7788,48.0532],[9.7724,48.0612],[9.7788,48.0713],[9.7682,48.0772],[9.7642,48.0951],[9.7452,48.1142],[9.7325,48.1135],[9.7235,48.0979],[9.7353,48.0932],[9.7112,48.0826],[9.7071,48.071],[9.7034,48.0623],[9.7122,48.0527],[9.7372,48.0559],[9.7788,48.0532]]]},"properties":{"AGS":"08426074","GEN":"Mittelbiberach","SN_L":"08"}},
{"type":"Feature","geometry":{"type":"Polygon","coordinates":[[[9.8659,48.0578],[9.8557,48.0812],[9.827,48.0877],[9.8251,48.0764],[9.8088,48.0692],[9.8104,48.0567],[9.8322,48.0504],[9.8312,48.0308],[9.8525,48.0274],[9.8657,48.0307],[9.8705,48.0522],[9.8659,48.0578]]]},"properties":{"AGS":"08426120","GEN":"Ummendorf","SN_L":"08"}},
{"type":"Feature","geometry":{"type":"Polygon","coordinates":[[[9.8168,48.1585],[9.8065,48.1646],[9.7964,48.1573],[9.7835,48.1597],[9.7636,48.1423],[9.7435,48.1386],[9.7271,48.1268],[9.7386,48.1301],[9.7458,48.1149],[9.7582,48.1089],[9.7663,48.1154],[9.7873,48.1095],[9.7978,48.118],[9.8253,48.1279],[9.8327,48.1465],[9.8168,48.1585]]]},"properties":{"AGS":"08426128","GEN":"Warthausen","SN_L":"08"}},
{"type":"Feature","geometry":{"type":"Polygon","coordinates":[[[10.0909,48.0744],[10.0624,48.0719],[10.0546,48.0594],[10.0432,48.0624],[10.039,48.0594],[10.0207,48.0514],[10.0308,48.0386],[10.0539,48.031],[10.0661,48.0215],[10.0696,48.0183],[10.1054,48.0235],[10.0999,48.0374],[10.1045,48.0428],[10.101,48.0673],[10.0909,48.0744]]]},"properties":{"AGS":"08426019","GEN":"Berkheim","SN_L":"08"}},
{"type":"Feature","geometry":{"type":"Polygon","coordinates":[[[10.1365,48.1085],[10.108,48.1305],[10.1076,48.1222],[10.0899,48.1169],[10.0525,48.116],[10.093,48.1055],[10.1018,48.0896],[10.1265,48.0924],[10.1404,48.0989],[10.1365,48.1085]]]},"properties":{"AGS":"08426031","GEN":"Dettingen an der Iller","SN_L":"08"}},
{"type":"Feature","geometry":{"type":"Polygon","coordinates":[[[10.1018,48.0896],[10.093,48.1055],[10.0525,48.116],[10.048,48.1177],[10.0525,48.1065],[10.0063,48.1006],[9.9933,48.1015],[10.0042,48.0947],[10.0112,48.0724],[10.035,48.0779],[10.039,48.0594],[10.0432,48.0624],[10.0499,48.0754],[10.0624,48.0719],[10.0909,48.0744],[10.1046,48.0817],[10.1018,48.0896]]]},"properties":{"AGS":"08426044","GEN":"Erolzheim","SN_L":"08"}},
{"type":"Feature","geometry":{"type":"Polygon","coordinates":[[[10.1071,48.1321],[10.0954,48.164],[10.0753,48.1514],[10.0483,48.1427],[10.0424,48.1344],[10.0273,48.1296],[10.048,48.1177],[10.0525,48.116],[10.0899,48.1169],[10.1076,48.1222],[10.108,48.1305],[10.1071,48.1321]]]},"properties":{"AGS":"08426065","GEN":"Kirchberg an der Iller","SN_L":"08"}},
{"type":"Feature","geometry":{"type":"MultiPolygon","coordinates":[[[[10.0432,48.0624],[10.0546,48.0594],[10.0624,48.0719],[10.0499,48.0754],[10.0432,48.0624]]],[[[10.1406,48.0649],[10.1349,48.0776],[10.1406,48.0955],[10.1404,48.0989],[10.1265,48.0924],[10.1018,48.0896],[10.1046,48.0817],[10.0909,48.0744],[10.101,48.0673],[10.1045,48.0428],[10.0999,48.0374],[10.1054,48.0235],[10.1334,48.0263],[10.1274,48.0314],[10.1413,48.0467],[10.1406,48.0649]]]]},"properties":{"AGS":"08426066","GEN":"Kirchdorf an der Iller","SN_L":"08"}},
{"type":"Feature","geometry":{"type":"Polygon","coordinates":[[[9.9207,48.2865],[9.9096,48.284],[9.8849,48.2924],[9.864,48.2707],[9.8579,48.2664],[9.8746,48.2566],[9.8738,48.2491],[9.8924,48.2458],[9.9004,48.2333],[9.9448,48.2537],[9.9517,48.2528],[9.9397,48.267],[9.9262,48.2687],[9.9207,48.2865]]]},"properties":{"AGS":"08426001","GEN":"Achstetten","SN_L":"08"}},
{"type":"Feature","geometry":{"type":"Polygon","coordinates":[[[9.9907,48.2436],[9.9827,48.2432],[9.9517,48.2528],[9.9448,48.2537],[9.9004,48.2333],[9.9204,48.221],[9.9209,48.2065],[9.9376,48.2086],[9.9603,48.2186],[9.9862,48.2212],[9.9947,48.2289],[9.9907,48.2436]]]},"properties":{"AGS":"08426028","GEN":"Burgrieden","SN_L":"08"}},
{"type":"Feature","geometry":{"type":"MultiPolygon","coordinates":[[[[9.9682,48.2688],[9.9397,48.267],[9.9517,48.2528],[9.9827,48.2432],[9.9907,48.2436],[9.985,48.2631],[9.9682,48.2688]]],[[[9.9004,48.2333],[9.8924,48.2458],[9.8738,48.2491],[9.8746,48.2566],[9.8579,48.2664],[9.8477,48.2598],[9.8445,48.2463],[9.8283,48.2531],[9.804,48.2515],[9.7933,48.2452],[9.7949,48.2317],[9.7644,48.2268],[9.767,48.2164],[9.7888,48.2086],[9.813,48.2092],[9.8429,48.2006],[9.8536,48.1907],[9.8813,48.1948],[9.8971,48.1928],[9.9188,48.196],[9.9209,48.2065],[9.9204,48.221],[9.9004,48.2333]]]]},"properties":{"AGS":"08426070","GEN":"Laupheim","SN_L":"08"}},
{"type":"Feature","geometry":{"type":"Polygon","coordinates":[[[9.9188,48.196],[9.8971,48.1928],[9.8813,48.1948],[9.8536,48.1907],[9.8429,48.2006],[9.8387,48.1767],[9.8599,48.1658],[9.8783,48.161],[9.887,48.165],[9.9016,48.1593],[9.918,48.1657],[9.9219,48.1556],[9.9284,48.1661],[9.9551,48.1665],[9.9571,48.1775],[9.9397,48.1963],[9.9188,48.196]]]},"properties":{"AGS":"08426073","GEN":"Mietingen","SN_L":"08"}},
{"type":"Feature","geometry":{"type":"Polygon","coordinates":[[[10.0112,48.0724],[10,48.0701],[9.9743,48.0733],[9.9711,48.0603],[9.9625,48.0577],[9.9579,48.0394],[9.9783,48.0186],[10.0013,48.0222],[10.0055,48.0322],[9.9979,48.0376],[10.0207,48.0514],[10.039,48.0594],[10.035,48.0779],[10.0112,48.0724]]]},"properties":{"AGS":"08426043","GEN":"Erlenmoos","SN_L":"08"}},
{"type":"Feature","geometry":{"type":"Polygon","coordinates":[[[9.9238,48.1194],[9.9111,48.1224],[9.8962,48.1191],[9.904,48.0999],[9.9063,48.0738],[9.8985,48.0579],[9.881,48.0619],[9.8659,48.0578],[9.8705,48.0522],[9.8657,48.0307],[9.8851,48.0178],[9.91,48.0497],[9.9313,48.0413],[9.9415,48.0322],[9.9579,48.0394],[9.9625,48.0577],[9.9711,48.0603],[9.9743,48.0733],[10,48.0701],[10.0112,48.0724],[10.0042,48.0947],[9.9933,48.1015],[9.9759,48.114],[9.9238,48.1194]]]},"properties":{"AGS":"08426087","GEN":"Ochsenhausen","SN_L":"08"}},
{"type":"Feature","geometry":{"type":"Polygon","coordinates":[[[9.9579,48.0394],[9.9415,48.0322],[9.9313,48.0413],[9.91,48.0497],[9.8851,48.0178],[9.8803,48.0124],[9.9142,47.9955],[9.9232,47.9964],[9.949,48.0074],[9.9597,47.9912],[9.9718,47.9927],[9.989,48.0037],[9.9783,48.0186],[9.9579,48.0394]]]},"properties":{"AGS":"08426113","GEN":"Steinhausen an der Rottum","SN_L":"08"}},
{"type":"Feature","geometry":{"type":"Polygon","coordinates":[[[10.0086,48.1515],[9.989,48.1514],[9.9717,48.1369],[9.956,48.1389],[9.9409,48.1507],[9.9276,48.1472],[9.9194,48.1299],[9.9238,48.1194],[9.9759,48.114],[9.9933,48.1015],[10.0063,48.1006],[10.0525,48.1065],[10.048,48.1177],[10.0273,48.1296],[10.0424,48.1344],[10.0483,48.1427],[10.0086,48.1515]]]},"properties":{"AGS":"08426135","GEN":"Gutenzell-Hürbel","SN_L":"08"}},
{"type":"Feature","geometry":{"type":"Polygon","coordinates":[[[9.4473,48.1157],[9.4642,48.1354],[9.4438,48.1588],[9.4255,48.1611],[9.4251,48.1404],[9.3865,48.1395],[9.3924,48.1217],[9.3773,48.1176],[9.3555,48.1045],[9.3527,48.0949],[9.3797,48.0926],[9.3956,48.0988],[9.394,48.1053],[9.4055,48.1201],[9.4155,48.1232],[9.4473,48.1157]]]},"properties":{"AGS":"08426008","GEN":"Altheim","SN_L":"08"}},
{"type":"Feature","geometry":{"type":"Polygon","coordinates":[[[9.5477,48.1441],[9.5184,48.1464],[9.5118,48.1499],[9.4974,48.1342],[9.5028,48.1212],[9.517,48.1008],[9.5213,48.0945],[9.5366,48.0848],[9.5649,48.0915],[9.567,48.1066],[9.5515,48.1183],[9.5627,48.1303],[9.5679,48.1416],[9.5477,48.1441]]]},"properties":{"AGS":"08426035","GEN":"Dürmentingen","SN_L":"08"}},
{"type":"Feature","geometry":{"type":"Polygon","coordinates":[[[9.4473,48.1157],[9.4155,48.1232],[9.4055,48.1201],[9.394,48.1053],[9.3956,48.0988],[9.4077,48.102],[9.4324,48.0856],[9.4835,48.0737],[9.5019,48.076],[9.5084,48.0681],[9.5121,48.0638],[9.5212,48.0733],[9.5367,48.0726],[9.5366,48.0848],[9.5213,48.0945],[9.517,48.1008],[9.5028,48.1212],[9.4936,48.1162],[9.4814,48.1231],[9.4707,48.1166],[9.4473,48.1157]]]},"properties":{"AGS":"08426045","GEN":"Ertingen","SN_L":"08"}},
{"type":"Feature","geometry":{"type":"Polygon","coordinates":[[[9.3476,48.2395],[9.3352,48.237],[9.3301,48.2273],[9.3074,48.2218],[9.3142,48.2135],[9.3114,48.2015],[9.3205,48.1893],[9.3045,48.1792],[9.2992,48.1634],[9.2892,48.1589],[9.2689,48.1596],[9.2622,48.1527],[9.284,48.145],[9.3184,48.1289],[9.3272,48.1119],[9.3555,48.1045],[9.3773,48.1176],[9.3924,48.1217],[9.3865,48.1395],[9.4251,48.1404],[9.4255,48.1611],[9.4049,48.164],[9.3906,48.1804],[9.4032,48.1864],[9.3994,48.1968],[9.3869,48.1983],[9.3674,48.2227],[9.3476,48.2395]]]},"properties":{"AGS":"08426067","GEN":"Langenenslingen","SN_L":"08"}},
{"type":"Feature","geometry":{"type":"MultiPolygon","coordinates":[[[[9.5322,48.062],[9.5451,48.075],[9.5367,48.0726],[9.5212,48.0733],[9.5121,48.0638],[9.5322,48.062]]],[[[9.5259,48.2197],[9.4901,48.2327],[9.4991,48.2232],[9.4981,48.2125],[9.4724,48.1984],[9.4644,48.209],[9.441,48.2049],[9.4381,48.1949],[9.4109,48.2021],[9.3994,48.1968],[9.4032,48.1864],[9.3906,48.1804],[9.4049,48.164],[9.4255,48.1611],[9.4438,48.1588],[9.4642,48.1354],[9.4473,48.1157],[9.4707,48.1166],[9.4814,48.1231],[9.4936,48.1162],[9.5028,48.1212],[9.4974,48.1342],[9.5118,48.1499],[9.4991,48.1615],[9.4972,48.1795],[9.5132,48.1902],[9.5166,48.1996],[9.5308,48.2025],[9.5459,48.1903],[9.5448,48.2013],[9.5274,48.2084],[9.5259,48.2197]]]]},"properties":{"AGS":"08426097","GEN":"Riedlingen","SN_L":"08"}},
{"type":"Feature","geometry":{"type":"Polygon","coordinates":[[[9.5459,48.1903],[9.5308,48.2025],[9.5166,48.1996],[9.5132,48.1902],[9.4972,48.1795],[9.4991,48.1615],[9.5118,48.1499],[9.5184,48.1464],[9.5477,48.1441],[9.5443,48.1675],[9.5591,48.1752],[9.5759,48.1731],[9.589,48.1632],[9.6007,48.1644],[9.5931,48.1848],[9.5811,48.1942],[9.5459,48.1903]]]},"properties":{"AGS":"08426121","GEN":"Unlingen","SN_L":"08"}},
{"type":"Feature","geometry":{"type":"Polygon","coordinates":[[[9.5965,48.2064],[9.5811,48.1942],[9.5931,48.1848],[9.6007,48.1644],[9.589,48.1632],[9.5759,48.1731],[9.5591,48.1752],[9.5443,48.1675],[9.5477,48.1441],[9.5679,48.1416],[9.5627,48.1303],[9.582,48.1365],[9.6047,48.1284],[9.6295,48.1225],[9.6423,48.1302],[9.6517,48.1177],[9.67,48.1156],[9.6721,48.1165],[9.6712,48.1256],[9.6508,48.1481],[9.6581,48.1599],[9.6595,48.1697],[9.6501,48.1777],[9.6428,48.1889],[9.6293,48.1917],[9.6238,48.2],[9.5965,48.2064]]]},"properties":{"AGS":"08426124","GEN":"Uttenweiler","SN_L":"08"}},
{"type":"Feature","geometry":{"type":"Polygon","coordinates":[[[10.0661,48.0215],[10.0539,48.031],[10.0308,48.0386],[10.0207,48.0514],[9.9979,48.0376],[10.0055,48.0322],[10.0013,48.0222],[9.9783,48.0186],[9.989,48.0037],[9.9718,47.9927],[9.9597,47.9912],[9.949,48.0074],[9.9232,47.9964],[9.9126,47.983],[9.9331,47.9683],[9.9567,47.9585],[9.9659,47.9645],[10.0077,47.9702],[10.0065,47.9529],[10.032,47.946],[10.0432,47.9485],[10.066,47.9672],[10.0669,47.9737],[10.0591,47.9807],[10.0437,47.9822],[10.0474,47.9918],[10.0441,48.0083],[10.0661,48.0215]]]},"properties":{"AGS":"08426100","GEN":"Rot an der Rot","SN_L":"08"}},
{"type":"Feature","geometry":{"type":"Polygon","coordinates":[[[10.1334,48.0263],[10.1054,48.0235],[10.0696,48.0183],[10.0661,48.0215],[10.0441,48.0083],[10.0474,47.9918],[10.0437,47.9822],[10.0591,47.9807],[10.0669,47.9737],[10.0948,47.9798],[10.1053,47.9746],[10.115,47.9763],[10.1196,48.0035],[10.1324,48.0154],[10.1357,48.0238],[10.1334,48.0263]]]},"properties":{"AGS":"08426117","GEN":"Tannheim","SN_L":"08"}},
{"type":"Feature","geometry":{"type":"Polygon","coordinates":[[[10.0396,48.2018],[10.0355,48.2169],[10.0403,48.2281],[10.0192,48.2317],[10.0133,48.2483],[9.9907,48.2436],[9.9947,48.2289],[9.9862,48.2212],[9.9603,48.2186],[9.9376,48.2086],[9.9209,48.2065],[9.9188,48.196],[9.9397,48.1963],[9.9571,48.1775],[9.9551,48.1665],[9.9284,48.1661],[9.9219,48.1556],[9.9409,48.1507],[9.956,48.1389],[9.9717,48.1369],[9.989,48.1514],[10.0086,48.1515],[10.0097,48.1523],[9.995,48.1805],[9.9924,48.1932],[10.0274,48.2034],[10.0396,48.2018]]]},"properties":{"AGS":"08426108","GEN":"Schwendi","SN_L":"08"}},
{"type":"Feature","geometry":{"type":"Polygon","coordinates":[[[10.0396,48.2018],[10.0274,48.2034],[9.9924,48.1932],[9.995,48.1805],[10.0097,48.1523],[10.0352,48.1529],[10.0473,48.1653],[10.0447,48.1818],[10.0685,48.1897],[10.0624,48.1983],[10.0442,48.1939],[10.0396,48.2018]]]},"properties":{"AGS":"08426125","GEN":"Wain","SN_L":"08"}},
{"type":"Feature","geometry":{"type":"Polygon","coordinates":[[[9.6278,47.7013],[9.6148,47.7158],[9.5692,47.7371],[9.561,47.7328],[9.5475,47.7204],[9.5489,47.7124],[9.5194,47.6865],[9.5185,47.6779],[9.5288,47.6617],[9.5462,47.6565],[9.5443,47.6707],[9.5681,47.6753],[9.5666,47.6834],[9.5839,47.688],[9.5991,47.7021],[9.6278,47.7013]]]},"properties":{"AGS":"08435035","GEN":"Meckenbeuren","SN_L":"08"}},
{"type":"Feature","geometry":{"type":"Polygon","coordinates":[[[9.5462,47.6565],[9.5288,47.6617],[9.5146,47.6578],[9.5169,47.6401],[9.5101,47.6376],[9.5182,47.6214],[9.5275,47.6153],[9.5481,47.6163],[9.5652,47.6418],[9.5552,47.6544],[9.5462,47.6565]]]},"properties":{"AGS":"08435013","GEN":"Eriskirch","SN_L":"08"}},
{"type":"Feature","geometry":{"type":"Polygon","coordinates":[[[9.6394,47.6039],[9.6281,47.6179],[9.6052,47.6225],[9.5971,47.6349],[9.5921,47.6219],[9.5672,47.6026],[9.5552,47.5867],[9.5575,47.5857],[9.5581,47.5894],[9.5614,47.5889],[9.5582,47.5853],[9.572,47.5842],[9.5955,47.5881],[9.6021,47.5843],[9.6198,47.5832],[9.6263,47.5925],[9.6433,47.5898],[9.6394,47.6039]]]},"properties":{"AGS":"08435029","GEN":"Kressbronn am Bodensee","SN_L":"08"}},
{"type":"Feature","geometry":{"type":"Polygon","coordinates":[[[9.5971,47.6349],[9.5652,47.6418],[9.5481,47.6163],[9.5275,47.6153],[9.5293,47.6038],[9.553,47.5873],[9.5525,47.5881],[9.5541,47.5893],[9.5534,47.5907],[9.556,47.5902],[9.554,47.5875],[9.5541,47.587],[9.5552,47.5867],[9.5672,47.6026],[9.5921,47.6219],[9.5971,47.6349]]]},"properties":{"AGS":"08435030","GEN":"Langenargen","SN_L":"08"}},
{"type":"Feature","geometry":{"type":"Polygon","coordinates":[[[9.561,47.7328],[9.5327,47.7353],[9.5269,47.7313],[9.4999,47.7328],[9.499,47.7241],[9.4808,47.7101],[9.4634,47.7047],[9.4468,47.7126],[9.4376,47.7076],[9.4314,47.7023],[9.4049,47.6967],[9.4046,47.7054],[9.3858,47.7052],[9.3858,47.6936],[9.3924,47.6803],[9.3927,47.6678],[9.4221,47.6654],[9.4342,47.6572],[9.461,47.6511],[9.4953,47.6501],[9.5101,47.6376],[9.5169,47.6401],[9.5146,47.6578],[9.5288,47.6617],[9.5185,47.6779],[9.5194,47.6865],[9.5489,47.7124],[9.5475,47.7204],[9.561,47.7328]]]},"properties":{"AGS":"08435016","GEN":"Friedrichshafen","SN_L":"08"}},
{"type":"Feature","geometry":{"type":"Polygon","coordinates":[[[9.3927,47.6678],[9.3924,47.6803],[9.3858,47.6936],[9.3744,47.6826],[9.3562,47.6773],[9.3313,47.681],[9.3297,47.6691],[9.3493,47.661],[9.3927,47.6678]]]},"properties":{"AGS":"08435024","GEN":"Immenstaad am Bodensee","SN_L":"08"}},
{"type":"Feature","geometry":{"type":"Polygon","coordinates":[[[9.3819,47.7371],[9.3623,47.7531],[9.3577,47.7435],[9.3453,47.7388],[9.3352,47.7444],[9.3085,47.7327],[9.3052,47.7251],[9.3109,47.7111],[9.3418,47.7158],[9.3542,47.7138],[9.3682,47.7305],[9.3819,47.7371]]]},"properties":{"AGS":"08435005","GEN":"Bermatingen","SN_L":"08"}},
{"type":"Feature","geometry":{"type":"Polygon","coordinates":[[[9.4376,47.7076],[9.4451,47.722],[9.4646,47.728],[9.4474,47.7344],[9.4496,47.7528],[9.436,47.7495],[9.4032,47.7346],[9.3819,47.7371],[9.3682,47.7305],[9.3542,47.7138],[9.3418,47.7158],[9.3109,47.7111],[9.3119,47.7069],[9.3112,47.688],[9.3313,47.681],[9.3562,47.6773],[9.3744,47.6826],[9.3858,47.6936],[9.3858,47.7052],[9.4046,47.7054],[9.4049,47.6967],[9.4314,47.7023],[9.4376,47.7076]]]},"properties":{"AGS":"08435034","GEN":"Markdorf","SN_L":"08"}},
{"type":"Feature","geometry":{"type":"Polygon","coordinates":[[[9.4869,47.7602],[9.4782,47.764],[9.4529,47.7564],[9.4496,47.7528],[9.4474,47.7344],[9.4646,47.728],[9.4451,47.722],[9.4376,47.7076],[9.4468,47.7126],[9.4634,47.7047],[9.4808,47.7101],[9.499,47.7241],[9.4999,47.7328],[9.4963,47.7524],[9.4869,47.7602]]]},"properties":{"AGS":"08435045","GEN":"Oberteuringen","SN_L":"08"}},
{"type":"Feature","geometry":{"type":"Polygon","coordinates":[[[9.4094,47.8216],[9.3792,47.8256],[9.3672,47.838],[9.3594,47.8328],[9.3737,47.811],[9.3568,47.8043],[9.3357,47.7813],[9.3652,47.7594],[9.3623,47.7531],[9.3819,47.7371],[9.4032,47.7346],[9.436,47.7495],[9.4496,47.7528],[9.4529,47.7564],[9.4336,47.7736],[9.4368,47.7821],[9.457,47.7916],[9.4631,47.8079],[9.4569,47.8129],[9.4383,47.8104],[9.43,47.824],[9.4094,47.8216]]]},"properties":{"AGS":"08435067","GEN":"Deggenhausertal","SN_L":"08"}},
{"type":"Feature","geometry":{"type":"Polygon","coordinates":[[[9.2518,47.7142],[9.2775,47.7035],[9.2838,47.7137],[9.267,47.7196],[9.2518,47.7142]]]},"properties":{"AGS":"08435010","GEN":"Daisendorf","SN_L":"08"}},
{"type":"Feature","geometry":{"type":"Polygon","coordinates":[[[9.3313,47.681],[9.3112,47.688],[9.3037,47.6772],[9.3297,47.6691],[9.3313,47.681]]]},"properties":{"AGS":"08435018","GEN":"Hagnau am Bodensee","SN_L":"08"}},
{"type":"Feature","geometry":{"type":"Polygon","coordinates":[[[9.2859,47.7283],[9.2738,47.7299],[9.267,47.7196],[9.2838,47.7137],[9.2775,47.7035],[9.2518,47.7142],[9.2367,47.714],[9.2634,47.6948],[9.2912,47.6822],[9.2894,47.6996],[9.3119,47.7069],[9.3109,47.7111],[9.3052,47.7251],[9.2859,47.7283]]]},"properties":{"AGS":"08435036","GEN":"Meersburg","SN_L":"08"}},
{"type":"Feature","geometry":{"type":"Polygon","coordinates":[[[9.3112,47.688],[9.3119,47.7069],[9.2894,47.6996],[9.2912,47.6822],[9.3037,47.6772],[9.3112,47.688]]]},"properties":{"AGS":"08435054","GEN":"Stetten","SN_L":"08"}},
{"type":"Feature","geometry":{"type":"Polygon","coordinates":[[[9.2859,47.7283],[9.2757,47.7441],[9.2372,47.7584],[9.226,47.7586],[9.2141,47.7538],[9.2145,47.7454],[9.2248,47.7403],[9.2278,47.7241],[9.2367,47.714],[9.2518,47.7142],[9.267,47.7196],[9.2738,47.7299],[9.2859,47.7283]]]},"properties":{"AGS":"08435066","GEN":"Uhldingen-Mühlhofen","SN_L":"08"}},
{"type":"Feature","geometry":{"type":"Polygon","coordinates":[[[9.3126,47.8098],[9.299,47.8173],[9.3036,47.8295],[9.2791,47.8385],[9.2617,47.8506],[9.2458,47.8478],[9.2227,47.8451],[9.2154,47.8357],[9.2233,47.8236],[9.2293,47.8147],[9.2295,47.8141],[9.2467,47.8107],[9.2526,47.799],[9.2747,47.7921],[9.2963,47.7999],[9.3126,47.8098]]]},"properties":{"AGS":"08435015","GEN":"Frickingen","SN_L":"08"}},
{"type":"Feature","geometry":{"type":"Polygon","coordinates":[[[9.3408,47.8604],[9.3206,47.8672],[9.302,47.8587],[9.284,47.8608],[9.2587,47.882],[9.2389,47.8775],[9.2469,47.8606],[9.2385,47.8527],[9.2458,47.8478],[9.2617,47.8506],[9.2791,47.8385],[9.3036,47.8295],[9.299,47.8173],[9.3126,47.8098],[9.3251,47.8102],[9.3381,47.8177],[9.342,47.8028],[9.3568,47.8043],[9.3737,47.811],[9.3594,47.8328],[9.3672,47.838],[9.3393,47.8574],[9.3408,47.8604]]]},"properties":{"AGS":"08435020","GEN":"Heiligenberg","SN_L":"08"}},
{"type":"Feature","geometry":{"type":"Polygon","coordinates":[[[9.3568,47.8043],[9.342,47.8028],[9.3381,47.8177],[9.3251,47.8102],[9.3126,47.8098],[9.2963,47.7999],[9.2747,47.7921],[9.2526,47.799],[9.2403,47.7997],[9.2228,47.7874],[9.226,47.7586],[9.2372,47.7584],[9.2757,47.7441],[9.2859,47.7283],[9.3052,47.7251],[9.3085,47.7327],[9.3352,47.7444],[9.3453,47.7388],[9.3577,47.7435],[9.3623,47.7531],[9.3652,47.7594],[9.3357,47.7813],[9.3568,47.8043]]]},"properties":{"AGS":"08435052","GEN":"Salem","SN_L":"08"}},
{"type":"Feature","geometry":{"type":"Polygon","coordinates":[[[9.7121,47.6866],[9.6966,47.6886],[9.6746,47.6859],[9.6693,47.6758],[9.6738,47.663],[9.6597,47.6563],[9.6656,47.6473],[9.6775,47.6459],[9.6886,47.6356],[9.7304,47.6381],[9.7338,47.6449],[9.7443,47.6544],[9.7304,47.6671],[9.7288,47.6811],[9.7121,47.6866]]]},"properties":{"AGS":"08435042","GEN":"Neukirch","SN_L":"08"}},
{"type":"Feature","geometry":{"type":"Polygon","coordinates":[[[9.6746,47.6859],[9.6523,47.6912],[9.6547,47.7055],[9.6278,47.7013],[9.5991,47.7021],[9.5839,47.688],[9.5666,47.6834],[9.5681,47.6753],[9.5443,47.6707],[9.5462,47.6565],[9.5552,47.6544],[9.5652,47.6418],[9.5971,47.6349],[9.6052,47.6225],[9.6281,47.6179],[9.6394,47.6039],[9.6714,47.6114],[9.6839,47.6046],[9.6922,47.6104],[9.6838,47.6307],[9.6886,47.6356],[9.6775,47.6459],[9.6656,47.6473],[9.6597,47.6563],[9.6738,47.663],[9.6693,47.6758],[9.6746,47.6859]]]},"properties":{"AGS":"08435057","GEN":"Tettnang","SN_L":"08"}},
{"type":"Feature","geometry":{"type":"Polygon","coordinates":[[[9.2233,47.8236],[9.2154,47.8357],[9.2227,47.8451],[9.2458,47.8478],[9.2385,47.8527],[9.2237,47.8587],[9.2048,47.8455],[9.1896,47.841],[9.1286,47.8468],[9.1034,47.8416],[9.1593,47.7964],[9.1709,47.7897],[9.1839,47.8019],[9.2295,47.8141],[9.2293,47.8147],[9.2233,47.8236]]]},"properties":{"AGS":"08435047","GEN":"Owingen","SN_L":"08"}},
{"type":"Feature","geometry":{"type":"Polygon","coordinates":[[[9.1197,47.7844],[9.1217,47.7992],[9.1074,47.8053],[9.0862,47.8045],[9.081,47.8118],[9.0705,47.8073],[9.1197,47.7844]]]},"properties":{"AGS":"08435053","GEN":"Sipplingen","SN_L":"08"}},
{"type":"Feature","geometry":{"type":"Polygon","coordinates":[[[9.1034,47.8416],[9.0847,47.8578],[9.0657,47.8557],[9.0669,47.849],[9.0798,47.8313],[9.081,47.8118],[9.0862,47.8045],[9.1074,47.8053],[9.1217,47.7992],[9.1197,47.7844],[9.1393,47.769],[9.1517,47.7679],[9.2145,47.7454],[9.2141,47.7538],[9.226,47.7586],[9.2228,47.7874],[9.2403,47.7997],[9.2526,47.799],[9.2467,47.8107],[9.2295,47.8141],[9.1839,47.8019],[9.1709,47.7897],[9.1593,47.7964],[9.1034,47.8416]]]},"properties":{"AGS":"08435059","GEN":"Überlingen","SN_L":"08"}},
{"type":"Feature","geometry":{"type":"Polygon","coordinates":[[[9.7067,47.9725],[9.6921,47.9829],[9.6863,47.9681],[9.6629,47.9767],[9.6478,47.9664],[9.6344,47.972],[9.6224,47.9671],[9.5989,47.9628],[9.5934,47.9519],[9.6035,47.9459],[9.5802,47.933],[9.5672,47.9342],[9.5806,47.9196],[9.588,47.9228],[9.6068,47.9165],[9.6016,47.9094],[9.6104,47.9046],[9.622,47.9147],[9.6568,47.9168],[9.6767,47.913],[9.6828,47.9251],[9.696,47.9281],[9.7144,47.9208],[9.7156,47.9394],[9.6934,47.9507],[9.6946,47.9622],[9.7067,47.9725]]]},"properties":{"AGS":"08436008","GEN":"Aulendorf","SN_L":"08"}},
{"type":"Feature","geometry":{"type":"Polygon","coordinates":[[[9.9126,47.983],[9.8925,47.984],[9.8635,47.974],[9.8598,47.9647],[9.8398,47.9539],[9.8275,47.9553],[9.8457,47.9295],[9.8239,47.9202],[9.8094,47.9078],[9.8101,47.8967],[9.7989,47.8954],[9.8162,47.8773],[9.8236,47.8697],[9.8131,47.8547],[9.8065,47.8316],[9.8351,47.8303],[9.8671,47.8403],[9.8688,47.8484],[9.9068,47.838],[9.9114,47.8505],[9.9037,47.8643],[9.9192,47.8722],[9.9321,47.8606],[9.9477,47.867],[9.9729,47.8621],[9.986,47.8675],[9.9882,47.8821],[9.9988,47.8835],[10.0104,47.8935],[10.0084,47.9035],[10.0032,47.9057],[10.0054,47.9245],[10.0116,47.9323],[10.0297,47.9326],[10.0463,47.9413],[10.0432,47.9485],[10.032,47.946],[10.0065,47.9529],[10.0077,47.9702],[9.9659,47.9645],[9.9567,47.9585],[9.9331,47.9683],[9.9126,47.983]]]},"properties":{"AGS":"08436010","GEN":"Bad Wurzach","SN_L":"08"}},
{"type":"Feature","geometry":{"type":"Polygon","coordinates":[[[10.1146,47.7381],[10.0758,47.7401],[10.059,47.7376],[10.0427,47.7476],[10.0401,47.7553],[10.0097,47.7608],[9.9972,47.7664],[9.985,47.7521],[10.003,47.7457],[9.9798,47.7252],[10.004,47.6982],[9.9849,47.6919],[9.9811,47.6811],[9.9979,47.6794],[10.0155,47.6837],[10.0286,47.687],[10.0305,47.6745],[10.0586,47.6807],[10.0752,47.6583],[10.072,47.6434],[10.0773,47.6393],[10.0833,47.6555],[10.0932,47.6628],[10.1111,47.666],[10.1293,47.6761],[10.1283,47.6907],[10.1394,47.7033],[10.1164,47.7193],[10.1146,47.7381]]]},"properties":{"AGS":"08436049","GEN":"Isny im Allgäu","SN_L":"08"}},
{"type":"Feature","geometry":{"type":"Polygon","coordinates":[[[9.9068,47.838],[9.8688,47.8484],[9.8671,47.8403],[9.8351,47.8303],[9.8251,47.7988],[9.8272,47.7799],[9.8031,47.7809],[9.8063,47.7737],[9.8119,47.7604],[9.8404,47.7571],[9.8363,47.749],[9.8516,47.7368],[9.8768,47.7266],[9.8967,47.7395],[9.9187,47.7384],[9.9382,47.752],[9.937,47.7749],[9.9439,47.7927],[9.9638,47.802],[9.9552,47.8098],[9.9407,47.8065],[9.9269,47.8147],[9.9307,47.8261],[9.9137,47.8296],[9.9068,47.838]]]},"properties":{"AGS":"08436052","GEN":"Kißlegg","SN_L":"08"}},
{"type":"Feature","geometry":{"type":"Polygon","coordinates":[[[9.985,47.7521],[9.9683,47.7442],[9.9382,47.752],[9.9187,47.7384],[9.8967,47.7395],[9.8768,47.7266],[9.8871,47.6999],[9.8972,47.6976],[9.8922,47.6794],[9.8791,47.6741],[9.8864,47.6661],[9.9225,47.6579],[9.9326,47.654],[9.9516,47.6562],[9.9685,47.6536],[9.9807,47.667],[9.9979,47.6794],[9.9811,47.6811],[9.9849,47.6919],[10.004,47.6982],[9.9798,47.7252],[10.003,47.7457],[9.985,47.7521]]]},"properties":{"AGS":"08436094","GEN":"Argenbühl","SN_L":"08"}},
{"type":"Feature","geometry":{"type":"Polygon","coordinates":[[[9.5672,47.9342],[9.5575,47.9529],[9.5449,47.9561],[9.543,47.9562],[9.5239,47.9468],[9.5173,47.9359],[9.5292,47.9265],[9.5293,47.9179],[9.5413,47.9148],[9.5397,47.905],[9.5648,47.8984],[9.6016,47.9094],[9.6068,47.9165],[9.588,47.9228],[9.5806,47.9196],[9.5672,47.9342]]]},"properties":{"AGS":"08436005","GEN":"Altshausen","SN_L":"08"}},
{"type":"Feature","geometry":{"type":"MultiPolygon","coordinates":[[[[9.5173,47.9359],[9.5004,47.9322],[9.5013,47.9238],[9.5147,47.915],[9.5293,47.9179],[9.5292,47.9265],[9.5173,47.9359]]],[[[9.5417,47.966],[9.522,47.9863],[9.4934,47.9645],[9.5124,47.961],[9.5337,47.9656],[9.543,47.9562],[9.5449,47.9561],[9.5417,47.966]]]]},"properties":{"AGS":"08436019","GEN":"Boms","SN_L":"08"}},
{"type":"Feature","geometry":{"type":"Polygon","coordinates":[[[9.5293,47.9179],[9.5147,47.915],[9.5013,47.9238],[9.4955,47.9153],[9.4932,47.8924],[9.4979,47.888],[9.5082,47.8846],[9.5397,47.905],[9.5413,47.9148],[9.5293,47.9179]]]},"properties":{"AGS":"08436024","GEN":"Ebenweiler","SN_L":"08"}},
{"type":"Feature","geometry":{"type":"Polygon","coordinates":[[[9.543,47.9562],[9.5337,47.9656],[9.5124,47.961],[9.4934,47.9645],[9.4868,47.9604],[9.5021,47.9501],[9.4845,47.9425],[9.465,47.9253],[9.4773,47.9208],[9.4804,47.9163],[9.4955,47.9153],[9.5013,47.9238],[9.5004,47.9322],[9.5173,47.9359],[9.5239,47.9468],[9.543,47.9562]]]},"properties":{"AGS":"08436027","GEN":"Eichstegen","SN_L":"08"}},
{"type":"Feature","geometry":{"type":"Polygon","coordinates":[[[9.4867,47.8925],[9.468,47.8889],[9.4556,47.8836],[9.4595,47.8745],[9.4809,47.8677],[9.5003,47.881],[9.4979,47.888],[9.4932,47.8924],[9.4867,47.8925]]]},"properties":{"AGS":"08436032","GEN":"Fleischwangen","SN_L":"08"}},
{"type":"Feature","geometry":{"type":"MultiPolygon","coordinates":[[[[9.5082,47.8846],[9.4979,47.888],[9.5003,47.881],[9.5082,47.8846]]],[[[9.465,47.9253],[9.4517,47.9275],[9.453,47.9236],[9.4577,47.9135],[9.4741,47.9137],[9.4773,47.9208],[9.465,47.9253]]],[[[9.4955,47.9153],[9.4804,47.9163],[9.4763,47.9098],[9.4867,47.8925],[9.4932,47.8924],[9.4955,47.9153]]],[[[9.468,47.8889],[9.4681,47.8951],[9.4501,47.9045],[9.4387,47.8939],[9.4556,47.8836],[9.468,47.8889]]]]},"properties":{"AGS":"08436040","GEN":"Guggenhausen","SN_L":"08"}},
{"type":"Feature","geometry":{"type":"Polygon","coordinates":[[[9.4868,47.9604],[9.4557,47.9648],[9.4469,47.957],[9.4231,47.9589],[9.4271,47.939],[9.4316,47.9327],[9.4517,47.9275],[9.465,47.9253],[9.4845,47.9425],[9.5021,47.9501],[9.4868,47.9604]]]},"properties":{"AGS":"08436047","GEN":"Hoßkirch","SN_L":"08"}},
{"type":"Feature","geometry":{"type":"Polygon","coordinates":[[[9.4271,47.939],[9.4064,47.9409],[9.4116,47.9212],[9.44,47.9152],[9.453,47.9236],[9.4517,47.9275],[9.4316,47.9327],[9.4271,47.939]]]},"properties":{"AGS":"08436053","GEN":"Königseggwald","SN_L":"08"}},
{"type":"Feature","geometry":{"type":"Polygon","coordinates":[[[9.4577,47.9135],[9.453,47.9236],[9.44,47.9152],[9.4116,47.9212],[9.4039,47.9163],[9.4002,47.9103],[9.4023,47.9053],[9.42,47.8949],[9.4387,47.8939],[9.4501,47.9045],[9.4577,47.9135]]]},"properties":{"AGS":"08436067","GEN":"Riedhausen","SN_L":"08"}},
{"type":"Feature","geometry":{"type":"Polygon","coordinates":[[[9.4804,47.9163],[9.4773,47.9208],[9.4741,47.9137],[9.4577,47.9135],[9.4501,47.9045],[9.4681,47.8951],[9.468,47.8889],[9.4867,47.8925],[9.4763,47.9098],[9.4804,47.9163]]]},"properties":{"AGS":"08436077","GEN":"Unterwaldhausen","SN_L":"08"}},
{"type":"Feature","geometry":{"type":"Polygon","coordinates":[[[9.6049,48.0023],[9.5893,48.0025],[9.5755,47.9947],[9.5645,47.9969],[9.5606,47.9677],[9.5483,47.964],[9.5417,47.966],[9.5449,47.9561],[9.5575,47.9529],[9.5672,47.9342],[9.5802,47.933],[9.6035,47.9459],[9.5934,47.9519],[9.5989,47.9628],[9.6224,47.9671],[9.6106,47.9846],[9.6162,47.9883],[9.6049,48.0023]]]},"properties":{"AGS":"08436093","GEN":"Ebersbach-Musbach","SN_L":"08"}},
{"type":"Feature","geometry":{"type":"Polygon","coordinates":[[[9.7573,47.9734],[9.7207,47.9757],[9.7067,47.9725],[9.6946,47.9622],[9.6934,47.9507],[9.7156,47.9394],[9.7144,47.9208],[9.696,47.9281],[9.6828,47.9251],[9.6767,47.913],[9.6721,47.8935],[9.6554,47.8898],[9.6986,47.8554],[9.7246,47.8729],[9.7578,47.879],[9.7743,47.8692],[9.7777,47.8791],[9.8063,47.874],[9.8162,47.8773],[9.7989,47.8954],[9.8101,47.8967],[9.8094,47.9078],[9.8239,47.9202],[9.8457,47.9295],[9.8275,47.9553],[9.8109,47.9618],[9.7874,47.9558],[9.7668,47.9567],[9.7709,47.9701],[9.7573,47.9734]]]},"properties":{"AGS":"08436009","GEN":"Bad Waldsee","SN_L":"08"}},
{"type":"Feature","geometry":{"type":"Polygon","coordinates":[[[9.7743,47.8692],[9.7578,47.879],[9.7246,47.8729],[9.6986,47.8554],[9.7154,47.8428],[9.7271,47.8335],[9.741,47.8285],[9.7703,47.8338],[9.784,47.8411],[9.7818,47.8571],[9.7743,47.8692]]]},"properties":{"AGS":"08436014","GEN":"Bergatreute","SN_L":"08"}},
{"type":"Feature","geometry":{"type":"Polygon","coordinates":[[[9.7316,47.7296],[9.7216,47.7356],[9.6884,47.7388],[9.6811,47.7298],[9.6623,47.7241],[9.6549,47.7127],[9.6547,47.7055],[9.6523,47.6912],[9.6746,47.6859],[9.6966,47.6886],[9.7121,47.6866],[9.7246,47.7088],[9.7178,47.7185],[9.7316,47.7296]]]},"properties":{"AGS":"08436018","GEN":"Bodnegg","SN_L":"08"}},
{"type":"Feature","geometry":{"type":"Polygon","coordinates":[[[9.684,47.7529],[9.6484,47.7694],[9.6326,47.7537],[9.6444,47.7295],[9.6375,47.7209],[9.6549,47.7127],[9.6623,47.7241],[9.6811,47.7298],[9.6884,47.7388],[9.684,47.7529]]]},"properties":{"AGS":"08436039","GEN":"Grünkraut","SN_L":"08"}},
{"type":"Feature","geometry":{"type":"Polygon","coordinates":[[[9.741,47.8285],[9.7271,47.8335],[9.7014,47.8273],[9.6728,47.8049],[9.6555,47.7927],[9.6479,47.7844],[9.6484,47.7694],[9.684,47.7529],[9.6953,47.7697],[9.7257,47.7912],[9.7417,47.7956],[9.7398,47.8013],[9.7319,47.8168],[9.741,47.8285]]]},"properties":{"AGS":"08436069","GEN":"Schlier","SN_L":"08"}},
{"type":"Feature","geometry":{"type":"Polygon","coordinates":[[[9.7555,47.7498],[9.756,47.7654],[9.7363,47.7707],[9.7417,47.7956],[9.7257,47.7912],[9.6953,47.7697],[9.684,47.7529],[9.6884,47.7388],[9.7216,47.7356],[9.7316,47.7296],[9.7539,47.7383],[9.7555,47.7498]]]},"properties":{"AGS":"08436079","GEN":"Waldburg","SN_L":"08"}},
{"type":"Feature","geometry":{"type":"Polygon","coordinates":[[[10.1083,47.9156],[10.0981,47.9232],[10.0832,47.9179],[10.0596,47.9182],[10.0439,47.9058],[10.0355,47.9165],[10.0084,47.9035],[10.0104,47.8935],[9.9988,47.8835],[10.0224,47.8731],[10.0545,47.8768],[10.0768,47.8678],[10.0916,47.8674],[10.1048,47.8776],[10.1016,47.8985],[10.1083,47.9156]]]},"properties":{"AGS":"08436003","GEN":"Aichstetten","SN_L":"08"}},
{"type":"Feature","geometry":{"type":"Polygon","coordinates":[[[10.1053,47.9746],[10.0948,47.9798],[10.0669,47.9737],[10.066,47.9672],[10.0432,47.9485],[10.0463,47.9413],[10.0297,47.9326],[10.0116,47.9323],[10.0054,47.9245],[10.0032,47.9057],[10.0084,47.9035],[10.0355,47.9165],[10.0439,47.9058],[10.0596,47.9182],[10.0832,47.9179],[10.0981,47.9232],[10.1083,47.9156],[10.1092,47.9192],[10.1101,47.9371],[10.0876,47.9502],[10.0875,47.9684],[10.1053,47.9746]]]},"properties":{"AGS":"08436004","GEN":"Aitrach","SN_L":"08"}},
{"type":"Feature","geometry":{"type":"Polygon","coordinates":[[[9.9988,47.8835],[9.9882,47.8821],[9.986,47.8675],[9.9729,47.8621],[9.9477,47.867],[9.9321,47.8606],[9.9192,47.8722],[9.9037,47.8643],[9.9114,47.8505],[9.9068,47.838],[9.9137,47.8296],[9.9307,47.8261],[9.9269,47.8147],[9.9407,47.8065],[9.9552,47.8098],[9.9638,47.802],[9.9439,47.7927],[9.937,47.7749],[9.9382,47.752],[9.9683,47.7442],[9.985,47.7521],[9.9972,47.7664],[10.0097,47.7608],[10.0401,47.7553],[10.0427,47.7476],[10.059,47.7376],[10.0758,47.7401],[10.1146,47.7381],[10.1175,47.7522],[10.1162,47.7614],[10.0825,47.7712],[10.0848,47.7766],[10.0647,47.7859],[10.1147,47.8058],[10.1319,47.8201],[10.1194,47.8281],[10.1036,47.8518],[10.1021,47.8655],[10.0829,47.8558],[10.0768,47.8678],[10.0545,47.8768],[10.0224,47.8731],[9.9988,47.8835]]]},"properties":{"AGS":"08436055","GEN":"Leutkirch im Allgäu","SN_L":"08"}},
{"type":"Feature","geometry":{"type":"Polygon","coordinates":[[[9.7154,47.8428],[9.71,47.8371],[9.6807,47.8338],[9.6489,47.8357],[9.6423,47.8303],[9.622,47.8473],[9.6163,47.8449],[9.6113,47.8253],[9.6162,47.8206],[9.6313,47.824],[9.6481,47.8155],[9.6731,47.8109],[9.6728,47.8049],[9.7014,47.8273],[9.7271,47.8335],[9.7154,47.8428]]]},"properties":{"AGS":"08436011","GEN":"Baienfurt","SN_L":"08"}},
{"type":"Feature","geometry":{"type":"Polygon","coordinates":[[[9.6986,47.8554],[9.6554,47.8898],[9.6422,47.8801],[9.6364,47.8652],[9.6411,47.8577],[9.622,47.8473],[9.6423,47.8303],[9.6489,47.8357],[9.6807,47.8338],[9.71,47.8371],[9.7154,47.8428],[9.6986,47.8554]]]},"properties":{"AGS":"08436012","GEN":"Baindt","SN_L":"08"}},
{"type":"Feature","geometry":{"type":"Polygon","coordinates":[[[9.6163,47.8449],[9.6097,47.8448],[9.5733,47.8565],[9.5651,47.8494],[9.5522,47.8503],[9.5346,47.836],[9.54,47.8249],[9.5324,47.8141],[9.5494,47.815],[9.5743,47.8101],[9.5747,47.8009],[9.5954,47.7957],[9.6069,47.8037],[9.6049,47.8119],[9.6162,47.8206],[9.6113,47.8253],[9.6163,47.8449]]]},"properties":{"AGS":"08436013","GEN":"Berg","SN_L":"08"}},
{"type":"Feature","geometry":{"type":"Polygon","coordinates":[[[9.5324,47.8141],[9.5179,47.8081],[9.5092,47.7913],[9.5239,47.7839],[9.5229,47.775],[9.5108,47.7667],[9.4927,47.7661],[9.4869,47.7602],[9.4963,47.7524],[9.4999,47.7328],[9.5269,47.7313],[9.5327,47.7353],[9.561,47.7328],[9.5692,47.7371],[9.6148,47.7158],[9.6278,47.7013],[9.6547,47.7055],[9.6549,47.7127],[9.6375,47.7209],[9.6444,47.7295],[9.6326,47.7537],[9.6484,47.7694],[9.6479,47.7844],[9.6555,47.7927],[9.6263,47.7948],[9.6069,47.8037],[9.5954,47.7957],[9.5747,47.8009],[9.5743,47.8101],[9.5494,47.815],[9.5324,47.8141]]]},"properties":{"AGS":"08436064","GEN":"Ravensburg","SN_L":"08"}},
{"type":"Feature","geometry":{"type":"Polygon","coordinates":[[[9.6728,47.8049],[9.6731,47.8109],[9.6481,47.8155],[9.6313,47.824],[9.6162,47.8206],[9.6049,47.8119],[9.6069,47.8037],[9.6263,47.7948],[9.6555,47.7927],[9.6728,47.8049]]]},"properties":{"AGS":"08436082","GEN":"Weingarten","SN_L":"08"}},
{"type":"Feature","geometry":{"type":"Polygon","coordinates":[[[9.8031,47.7809],[9.792,47.7841],[9.7782,47.8121],[9.7606,47.811],[9.7398,47.8013],[9.7417,47.7956],[9.7363,47.7707],[9.756,47.7654],[9.7555,47.7498],[9.7599,47.7491],[9.7734,47.7532],[9.7837,47.7652],[9.8063,47.7737],[9.8031,47.7809]]]},"properties":{"AGS":"08436078","GEN":"Vogt","SN_L":"08"}},
{"type":"Feature","geometry":{"type":"Polygon","coordinates":[[[9.8162,47.8773],[9.8063,47.874],[9.7777,47.8791],[9.7743,47.8692],[9.7818,47.8571],[9.784,47.8411],[9.7703,47.8338],[9.741,47.8285],[9.7319,47.8168],[9.7398,47.8013],[9.7606,47.811],[9.7782,47.8121],[9.792,47.7841],[9.8031,47.7809],[9.8272,47.7799],[9.8251,47.7988],[9.8351,47.8303],[9.8065,47.8316],[9.8131,47.8547],[9.8236,47.8697],[9.8162,47.8773]]]},"properties":{"AGS":"08436085","GEN":"Wolfegg","SN_L":"08"}},
{"type":"Feature","geometry":{"type":"Polygon","coordinates":[[[9.737,47.6132],[9.7451,47.6247],[9.7338,47.6449],[9.7304,47.6381],[9.6886,47.6356],[9.6838,47.6307],[9.6922,47.6104],[9.6946,47.6047],[9.7285,47.6092],[9.737,47.6132]]]},"properties":{"AGS":"08436001","GEN":"Achberg","SN_L":"08"}},
{"type":"Feature","geometry":{"type":"Polygon","coordinates":[[[9.7288,47.6811],[9.7398,47.6925],[9.7509,47.6891],[9.7652,47.6953],[9.8017,47.6999],[9.8093,47.7061],[9.8029,47.7167],[9.808,47.724],[9.7902,47.7278],[9.773,47.743],[9.7599,47.7491],[9.7555,47.7498],[9.7539,47.7383],[9.7316,47.7296],[9.7178,47.7185],[9.7246,47.7088],[9.7121,47.6866],[9.7288,47.6811]]]},"properties":{"AGS":"08436006","GEN":"Amtzell","SN_L":"08"}},
{"type":"Feature","geometry":{"type":"Polygon","coordinates":[[[9.8063,47.7737],[9.7837,47.7652],[9.7734,47.7532],[9.7599,47.7491],[9.773,47.743],[9.7902,47.7278],[9.808,47.724],[9.8029,47.7167],[9.8093,47.7061],[9.8017,47.6999],[9.7652,47.6953],[9.7509,47.6891],[9.7398,47.6925],[9.7288,47.6811],[9.7304,47.6671],[9.7443,47.6544],[9.7338,47.6449],[9.7451,47.6247],[9.737,47.6132],[9.7477,47.6037],[9.7549,47.614],[9.7798,47.6307],[9.7953,47.6357],[9.7995,47.6435],[9.8294,47.6586],[9.8342,47.6733],[9.8615,47.6776],[9.8791,47.6741],[9.8922,47.6794],[9.8972,47.6976],[9.8871,47.6999],[9.8768,47.7266],[9.8516,47.7368],[9.8363,47.749],[9.8404,47.7571],[9.8119,47.7604],[9.8063,47.7737]]]},"properties":{"AGS":"08436081","GEN":"Wangen im Allgäu","SN_L":"08"}},
{"type":"Feature","geometry":{"type":"Polygon","coordinates":[[[9.4387,47.8939],[9.42,47.8949],[9.4023,47.9053],[9.378,47.8816],[9.3832,47.8643],[9.4013,47.8616],[9.3958,47.8529],[9.403,47.846],[9.4094,47.8216],[9.43,47.824],[9.4305,47.8305],[9.4492,47.8334],[9.4434,47.8543],[9.466,47.8503],[9.4783,47.8548],[9.4805,47.8635],[9.4809,47.8677],[9.4595,47.8745],[9.4556,47.8836],[9.4387,47.8939]]]},"properties":{"AGS":"08436083","GEN":"Wilhelmsdorf","SN_L":"08"}},
{"type":"Feature","geometry":{"type":"Polygon","coordinates":[[[9.5346,47.836],[9.5233,47.8451],[9.5015,47.8542],[9.4879,47.855],[9.4805,47.8635],[9.4783,47.8548],[9.466,47.8503],[9.4434,47.8543],[9.4492,47.8334],[9.4305,47.8305],[9.43,47.824],[9.4383,47.8104],[9.4569,47.8129],[9.4631,47.8079],[9.457,47.7916],[9.4368,47.7821],[9.4336,47.7736],[9.4529,47.7564],[9.4782,47.764],[9.4869,47.7602],[9.4927,47.7661],[9.5108,47.7667],[9.5229,47.775],[9.5239,47.7839],[9.5092,47.7913],[9.5179,47.8081],[9.5324,47.8141],[9.54,47.8249],[9.5346,47.836]]]},"properties":{"AGS":"08436095","GEN":"Horgenzell","SN_L":"08"}},
{"type":"Feature","geometry":{"type":"Polygon","coordinates":[[[9.6767,47.913],[9.6568,47.9168],[9.622,47.9147],[9.6104,47.9046],[9.6016,47.9094],[9.5648,47.8984],[9.5613,47.8883],[9.5816,47.8813],[9.5979,47.8817],[9.6172,47.8741],[9.6292,47.8741],[9.6364,47.8652],[9.6422,47.8801],[9.6554,47.8898],[9.6721,47.8935],[9.6767,47.913]]]},"properties":{"AGS":"08436087","GEN":"Wolpertswende","SN_L":"08"}},
{"type":"Feature","geometry":{"type":"Polygon","coordinates":[[[9.5397,47.905],[9.5082,47.8846],[9.5003,47.881],[9.4809,47.8677],[9.4805,47.8635],[9.4879,47.855],[9.5015,47.8542],[9.5233,47.8451],[9.5346,47.836],[9.5522,47.8503],[9.5651,47.8494],[9.5733,47.8565],[9.6097,47.8448],[9.6163,47.8449],[9.622,47.8473],[9.6411,47.8577],[9.6364,47.8652],[9.6292,47.8741],[9.6172,47.8741],[9.5979,47.8817],[9.5816,47.8813],[9.5613,47.8883],[9.5648,47.8984],[9.5397,47.905]]]},"properties":{"AGS":"08436096","GEN":"Fronreute","SN_L":"08"}},
{"type":"Feature","geometry":{"type":"Polygon","coordinates":[[[9.335,48.0026],[9.326,47.9979],[9.3101,48.0093],[9.2884,48.0004],[9.2995,47.9915],[9.299,47.9903],[9.2981,47.9805],[9.2904,47.9651],[9.293,47.9517],[9.2791,47.9456],[9.3053,47.936],[9.2881,47.9263],[9.3002,47.9128],[9.3163,47.9098],[9.3298,47.8923],[9.3516,47.891],[9.3663,47.8938],[9.378,47.8816],[9.4023,47.9053],[9.4002,47.9103],[9.4039,47.9163],[9.4116,47.9212],[9.4064,47.9409],[9.4271,47.939],[9.4231,47.9589],[9.4469,47.957],[9.4557,47.9648],[9.4558,47.9729],[9.437,47.994],[9.4053,47.9945],[9.3748,47.9854],[9.3461,48.0046],[9.335,48.0026]]]},"properties":{"AGS":"08437086","GEN":"Ostrach","SN_L":"08"}},
{"type":"Feature","geometry":{"type":"Polygon","coordinates":[[[9.3325,48.2526],[9.3102,48.259],[9.2877,48.2845],[9.2789,48.2861],[9.2618,48.2721],[9.2451,48.2678],[9.2209,48.2686],[9.221,48.2781],[9.2011,48.2881],[9.187,48.2808],[9.1827,48.2699],[9.1945,48.2538],[9.2014,48.224],[9.217,48.2331],[9.2722,48.2322],[9.2824,48.2223],[9.3074,48.2218],[9.3301,48.2273],[9.3352,48.237],[9.3476,48.2395],[9.3325,48.2526]]]},"properties":{"AGS":"08437031","GEN":"Gammertingen","SN_L":"08"}},
{"type":"Feature","geometry":{"type":"Polygon","coordinates":[[[9.3074,48.2218],[9.2824,48.2223],[9.2722,48.2322],[9.217,48.2331],[9.2014,48.224],[9.1911,48.2131],[9.2034,48.2059],[9.2296,48.2034],[9.2447,48.1957],[9.2462,48.1814],[9.2561,48.1576],[9.2622,48.1527],[9.2689,48.1596],[9.2892,48.1589],[9.2992,48.1634],[9.3045,48.1792],[9.3205,48.1893],[9.3114,48.2015],[9.3142,48.2135],[9.3074,48.2218]]]},"properties":{"AGS":"08437047","GEN":"Hettingen","SN_L":"08"}},
{"type":"Feature","geometry":{"type":"Polygon","coordinates":[[[9.1827,48.2699],[9.149,48.2621],[9.1324,48.2627],[9.1092,48.2528],[9.1116,48.2365],[9.1273,48.2297],[9.1595,48.2223],[9.1863,48.2098],[9.1911,48.2131],[9.2014,48.224],[9.1945,48.2538],[9.1827,48.2699]]]},"properties":{"AGS":"08437082","GEN":"Neufra","SN_L":"08"}},
{"type":"Feature","geometry":{"type":"Polygon","coordinates":[[[9.2561,48.1576],[9.2462,48.1814],[9.2447,48.1957],[9.2296,48.2034],[9.2034,48.2059],[9.1911,48.2131],[9.1863,48.2098],[9.1749,48.1983],[9.181,48.1873],[9.1808,48.1663],[9.173,48.1542],[9.1799,48.1473],[9.2283,48.1536],[9.2561,48.1576]]]},"properties":{"AGS":"08437114","GEN":"Veringenstadt","SN_L":"08"}},
{"type":"Feature","geometry":{"type":"Polygon","coordinates":[[[9.4327,48.0164],[9.4277,48.0346],[9.4121,48.039],[9.4051,48.0571],[9.3859,48.0599],[9.3643,48.0525],[9.3606,48.0427],[9.3425,48.0345],[9.3469,48.0236],[9.3339,48.0095],[9.335,48.0026],[9.3461,48.0046],[9.3748,47.9854],[9.4053,47.9945],[9.3964,48.0102],[9.4327,48.0164]]]},"properties":{"AGS":"08437053","GEN":"Hohentengen","SN_L":"08"}},
{"type":"Feature","geometry":{"type":"Polygon","coordinates":[[[9.3797,48.0926],[9.3527,48.0949],[9.3501,48.0867],[9.3257,48.0792],[9.3295,48.0704],[9.3058,48.0583],[9.2864,48.0604],[9.2717,48.0505],[9.2635,48.0399],[9.2622,48.0351],[9.2791,48.0048],[9.2884,48.0004],[9.3101,48.0093],[9.326,47.9979],[9.335,48.0026],[9.3339,48.0095],[9.3469,48.0236],[9.3425,48.0345],[9.3606,48.0427],[9.3643,48.0525],[9.3859,48.0599],[9.3825,48.0756],[9.3863,48.0862],[9.3797,48.0926]]]},"properties":{"AGS":"08437076","GEN":"Mengen","SN_L":"08"}},
{"type":"Feature","geometry":{"type":"Polygon","coordinates":[[[9.3527,48.0949],[9.3555,48.1045],[9.3272,48.1119],[9.3045,48.0954],[9.2797,48.0896],[9.2876,48.0853],[9.2924,48.0706],[9.2749,48.0631],[9.2703,48.0522],[9.2717,48.0505],[9.2864,48.0604],[9.3058,48.0583],[9.3295,48.0704],[9.3257,48.0792],[9.3501,48.0867],[9.3527,48.0949]]]},"properties":{"AGS":"08437101","GEN":"Scheer","SN_L":"08"}},
{"type":"Feature","geometry":{"type":"Polygon","coordinates":[[[9.0859,48.0702],[9.0701,48.0813],[9.042,48.0821],[9.0373,48.071],[8.9955,48.0613],[8.9871,48.0502],[8.9953,48.0358],[8.9923,48.0302],[9.0076,48.0256],[9.0139,48.0035],[9.0073,47.9946],[9.0202,47.9858],[9.0396,47.99],[9.0464,47.9862],[9.0477,47.9957],[9.0607,48.0052],[9.0644,48.0198],[9.0577,48.0334],[9.0621,48.0391],[9.0876,48.0435],[9.0916,48.0553],[9.0859,48.0702]]]},"properties":{"AGS":"08437072","GEN":"Leibertingen","SN_L":"08"}},
{"type":"Feature","geometry":{"type":"Polygon","coordinates":[[[9.1823,48.0328],[9.1705,48.0342],[9.1304,48.0217],[9.1236,48.032],[9.1108,48.0374],[9.112,48.0527],[9.121,48.0586],[9.1032,48.06],[9.0916,48.0553],[9.0876,48.0435],[9.0621,48.0391],[9.0577,48.0334],[9.0644,48.0198],[9.0607,48.0052],[9.0477,47.9957],[9.0464,47.9862],[9.0593,47.9651],[9.0895,47.9703],[9.1004,47.9767],[9.1285,47.9695],[9.1398,47.9595],[9.1544,47.9697],[9.1665,47.9655],[9.1699,47.9563],[9.1941,47.9578],[9.1928,47.9795],[9.1834,47.9965],[9.1865,48.0065],[9.1745,48.0289],[9.1823,48.0328]]]},"properties":{"AGS":"08437078","GEN":"Meßkirch","SN_L":"08"}},
{"type":"Feature","geometry":{"type":"Polygon","coordinates":[[[9.1398,47.9595],[9.1285,47.9695],[9.1004,47.9767],[9.0895,47.9703],[9.0593,47.9651],[9.0464,47.9862],[9.0396,47.99],[9.0202,47.9858],[9.0117,47.9742],[9.0195,47.961],[9.0207,47.9474],[9.012,47.9369],[9.0494,47.9355],[9.0707,47.9422],[9.0667,47.9216],[9.1027,47.9096],[9.1026,47.9142],[9.1297,47.9235],[9.1487,47.9375],[9.1411,47.946],[9.1398,47.9595]]]},"properties":{"AGS":"08437123","GEN":"Sauldorf","SN_L":"08"}},
{"type":"Feature","geometry":{"type":"Polygon","coordinates":[[[9.378,47.8816],[9.3663,47.8938],[9.3516,47.891],[9.3298,47.8923],[9.3161,47.8848],[9.3408,47.8763],[9.3408,47.8604],[9.3393,47.8574],[9.3672,47.838],[9.3792,47.8256],[9.4094,47.8216],[9.403,47.846],[9.3958,47.8529],[9.4013,47.8616],[9.3832,47.8643],[9.378,47.8816]]]},"properties":{"AGS":"08437056","GEN":"Illmensee","SN_L":"08"}},
{"type":"Feature","geometry":{"type":"Polygon","coordinates":[[[9.2981,47.9805],[9.2831,47.9826],[9.2612,47.9742],[9.2498,47.9874],[9.2275,47.9829],[9.2253,47.9721],[9.217,47.9706],[9.2138,47.9572],[9.2034,47.9557],[9.2104,47.9382],[9.2062,47.9234],[9.1804,47.9096],[9.1703,47.8885],[9.1839,47.8896],[9.1983,47.8755],[9.2144,47.8743],[9.2187,47.8862],[9.2298,47.8904],[9.2346,47.903],[9.2547,47.8983],[9.2434,47.8867],[9.2587,47.882],[9.284,47.8608],[9.302,47.8587],[9.3206,47.8672],[9.3408,47.8604],[9.3408,47.8763],[9.3161,47.8848],[9.3298,47.8923],[9.3163,47.9098],[9.3002,47.9128],[9.2881,47.9263],[9.3053,47.936],[9.2791,47.9456],[9.293,47.9517],[9.2904,47.9651],[9.2981,47.9805]]]},"properties":{"AGS":"08437088","GEN":"Pfullendorf","SN_L":"08"}},
{"type":"Feature","geometry":{"type":"Polygon","coordinates":[[[9.2253,47.9721],[9.2099,47.9799],[9.1928,47.9795],[9.1941,47.9578],[9.1699,47.9563],[9.1665,47.9655],[9.1544,47.9697],[9.1398,47.9595],[9.1411,47.946],[9.1487,47.9375],[9.1297,47.9235],[9.1026,47.9142],[9.1027,47.9096],[9.1282,47.8984],[9.1469,47.8979],[9.1487,47.8827],[9.1703,47.8885],[9.1804,47.9096],[9.2062,47.9234],[9.2104,47.9382],[9.2034,47.9557],[9.2138,47.9572],[9.217,47.9706],[9.2253,47.9721]]]},"properties":{"AGS":"08437118","GEN":"Wald","SN_L":"08"}},
{"type":"Feature","geometry":{"type":"Polygon","coordinates":[[[9.2587,47.882],[9.2434,47.8867],[9.2547,47.8983],[9.2346,47.903],[9.2298,47.8904],[9.2187,47.8862],[9.2144,47.8743],[9.1983,47.8755],[9.1839,47.8896],[9.1703,47.8885],[9.1487,47.8827],[9.1459,47.8729],[9.1213,47.8597],[9.1286,47.8468],[9.1896,47.841],[9.2048,47.8455],[9.2237,47.8587],[9.2385,47.8527],[9.2469,47.8606],[9.2389,47.8775],[9.2587,47.882]]]},"properties":{"AGS":"08437124","GEN":"Herdwangen-Schönach","SN_L":"08"}},
{"type":"Feature","geometry":{"type":"Polygon","coordinates":[[[9.5084,48.0681],[9.5019,48.076],[9.4835,48.0737],[9.4324,48.0856],[9.4077,48.102],[9.3956,48.0988],[9.3797,48.0926],[9.3863,48.0862],[9.3825,48.0756],[9.3859,48.0599],[9.4051,48.0571],[9.4121,48.039],[9.4277,48.0346],[9.4327,48.0164],[9.4419,48.0388],[9.4594,48.0345],[9.4632,48.046],[9.4855,48.0467],[9.4945,48.0566],[9.495,48.0673],[9.5084,48.0681]]]},"properties":{"AGS":"08437044","GEN":"Herbertingen","SN_L":"08"}},
{"type":"Feature","geometry":{"type":"Polygon","coordinates":[[[9.5084,48.0681],[9.495,48.0673],[9.4945,48.0566],[9.4855,48.0467],[9.4632,48.046],[9.4594,48.0345],[9.4419,48.0388],[9.4327,48.0164],[9.3964,48.0102],[9.4053,47.9945],[9.437,47.994],[9.4558,47.9729],[9.4557,47.9648],[9.4868,47.9604],[9.4934,47.9645],[9.522,47.9863],[9.5417,47.966],[9.5483,47.964],[9.5606,47.9677],[9.5645,47.9969],[9.5755,47.9947],[9.5893,48.0025],[9.6049,48.0023],[9.5966,48.0173],[9.5805,48.0226],[9.5785,48.0333],[9.5687,48.0444],[9.5377,48.0525],[9.5322,48.062],[9.5121,48.0638],[9.5084,48.0681]]]},"properties":{"AGS":"08437100","GEN":"Bad Saulgau","SN_L":"08"}},
{"type":"Feature","geometry":{"type":"Polygon","coordinates":[[[9.1089,48.1009],[9.0943,48.0997],[9.0896,48.0922],[9.0717,48.0983],[9.0552,48.0986],[9.0437,48.1061],[9.0271,48.1095],[9.0021,48.0923],[8.9788,48.0926],[8.9767,48.0865],[8.9966,48.0679],[8.9747,48.056],[8.9487,48.0554],[8.9407,48.0606],[8.9356,48.0578],[8.9355,48.0466],[8.9487,48.0441],[8.9521,48.0297],[8.9715,48.0402],[8.9773,48.0326],[8.9923,48.0302],[8.9953,48.0358],[8.9871,48.0502],[8.9955,48.0613],[9.0373,48.071],[9.042,48.0821],[9.0701,48.0813],[9.0859,48.0702],[9.1039,48.08],[9.1089,48.1009]]]},"properties":{"AGS":"08437005","GEN":"Beuron","SN_L":"08"}},
{"type":"Feature","geometry":{"type":"Polygon","coordinates":[[[9.2622,48.1527],[9.2561,48.1576],[9.2283,48.1536],[9.2291,48.1412],[9.2496,48.1406],[9.2484,48.1297],[9.2199,48.1119],[9.2293,48.1047],[9.2455,48.1016],[9.2555,48.0908],[9.2664,48.0863],[9.2797,48.0896],[9.3045,48.0954],[9.3272,48.1119],[9.3184,48.1289],[9.284,48.145],[9.2622,48.1527]]]},"properties":{"AGS":"08437008","GEN":"Bingen","SN_L":"08"}},
{"type":"Feature","geometry":{"type":"Polygon","coordinates":[[[9.1823,48.0328],[9.1768,48.0394],[9.1907,48.054],[9.1827,48.0796],[9.1702,48.0857],[9.1591,48.0778],[9.1334,48.0869],[9.121,48.0586],[9.112,48.0527],[9.1108,48.0374],[9.1236,48.032],[9.1304,48.0217],[9.1705,48.0342],[9.1823,48.0328]]]},"properties":{"AGS":"08437059","GEN":"Inzigkofen","SN_L":"08"}},
{"type":"Feature","geometry":{"type":"Polygon","coordinates":[[[9.2498,48.0379],[9.235,48.0322],[9.2268,48.0408],[9.2021,48.0327],[9.1823,48.0328],[9.1745,48.0289],[9.1865,48.0065],[9.1834,47.9965],[9.1928,47.9795],[9.2099,47.9799],[9.2253,47.9721],[9.2275,47.9829],[9.2498,47.9874],[9.2612,47.9742],[9.2831,47.9826],[9.2981,47.9805],[9.299,47.9903],[9.2995,47.9915],[9.2884,48.0004],[9.2791,48.0048],[9.2622,48.0351],[9.2498,48.0379]]]},"properties":{"AGS":"08437065","GEN":"Krauchenwies","SN_L":"08"}},
{"type":"Feature","geometry":{"type":"Polygon","coordinates":[[[9.2283,48.1536],[9.1799,48.1473],[9.173,48.1542],[9.1556,48.1426],[9.1592,48.1344],[9.1389,48.1213],[9.1256,48.1207],[9.1256,48.111],[9.1089,48.1009],[9.1039,48.08],[9.0859,48.0702],[9.0916,48.0553],[9.1032,48.06],[9.121,48.0586],[9.1334,48.0869],[9.1591,48.0778],[9.1702,48.0857],[9.1827,48.0796],[9.1907,48.054],[9.1768,48.0394],[9.1823,48.0328],[9.2021,48.0327],[9.2268,48.0408],[9.235,48.0322],[9.2498,48.0379],[9.2635,48.0399],[9.2717,48.0505],[9.2703,48.0522],[9.236,48.0577],[9.2303,48.0652],[9.2555,48.0908],[9.2455,48.1016],[9.2293,48.1047],[9.2199,48.1119],[9.2484,48.1297],[9.2496,48.1406],[9.2291,48.1412],[9.2283,48.1536]]]},"properties":{"AGS":"08437104","GEN":"Sigmaringen","SN_L":"08"}},
{"type":"Feature","geometry":{"type":"MultiPolygon","coordinates":[[[[9.2622,48.0351],[9.2635,48.0399],[9.2498,48.0379],[9.2622,48.0351]]],[[[9.2797,48.0896],[9.2664,48.0863],[9.2555,48.0908],[9.2303,48.0652],[9.236,48.0577],[9.2703,48.0522],[9.2749,48.0631],[9.2924,48.0706],[9.2876,48.0853],[9.2797,48.0896]]]]},"properties":{"AGS":"08437105","GEN":"Sigmaringendorf","SN_L":"08"}},
{"type":"Feature","geometry":{"type":"Polygon","coordinates":[[[9.0271,48.1095],[9.0023,48.1352],[8.9986,48.1452],[8.9839,48.124],[8.9554,48.1199],[8.9538,48.1073],[8.9625,48.0911],[8.9767,48.0865],[8.9788,48.0926],[9.0021,48.0923],[9.0271,48.1095]]]},"properties":{"AGS":"08437102","GEN":"Schwenningen","SN_L":"08"}},
{"type":"Feature","geometry":{"type":"Polygon","coordinates":[[[9.1121,48.1576],[9.0874,48.1489],[9.0635,48.1519],[9.0335,48.1652],[9.0108,48.1596],[8.9986,48.1452],[9.0023,48.1352],[9.0271,48.1095],[9.0437,48.1061],[9.0552,48.0986],[9.0717,48.0983],[9.0896,48.0922],[9.0943,48.0997],[9.1089,48.1009],[9.1256,48.111],[9.1256,48.1207],[9.1389,48.1213],[9.1592,48.1344],[9.1345,48.1459],[9.1208,48.145],[9.1121,48.1576]]]},"properties":{"AGS":"08437107","GEN":"Stetten am kalten Markt","SN_L":"08"}},
{"type":"Feature","geometry":{"type":"Polygon","coordinates":[[[9.0092,47.721],[9.0103,47.7238],[9.0055,47.7242],[9.0057,47.7262],[8.9999,47.7252],[9.0041,47.7259],[9.0061,47.7217],[9.0092,47.721]]]},"properties":{"AGS":"08335063","GEN":"Radolfzell am Bodensee","SN_L":"08"}},
{"type":"Feature","geometry":{"type":"Polygon","coordinates":[[[9.1056,47.6962],[9.1016,47.7017],[9.0981,47.7033],[9.1056,47.6962]]]},"properties":{"AGS":"08335002","GEN":"Allensbach","SN_L":"08"}},
{"type":"Feature","geometry":{"type":"Polygon","coordinates":[[[9.1811,47.6578],[9.1801,47.6607],[9.1785,47.6578],[9.1811,47.6578]]]},"properties":{"AGS":"08335043","GEN":"Konstanz","SN_L":"08"}},
{"type":"Feature","geometry":{"type":"Polygon","coordinates":[[[9.1079,47.691],[9.1042,47.6913],[9.1033,47.6903],[9.1079,47.691]]]},"properties":{"AGS":"08335066","GEN":"Reichenau","SN_L":"08"}},
{"type":"Feature","geometry":{"type":"Polygon","coordinates":[[[9.5582,47.5853],[9.5614,47.5889],[9.5581,47.5894],[9.5575,47.5857],[9.5582,47.5853]]]},"properties":{"AGS":"08435029","GEN":"Kressbronn am Bodensee","SN_L":"08"}},
{"type":"Feature","geometry":{"type":"Polygon","coordinates":[[[9.5541,47.587],[9.554,47.5875],[9.556,47.5902],[9.5534,47.5907],[9.5541,47.5893],[9.5525,47.5881],[9.553,47.5873],[9.5541,47.587]]]},"properties":{"AGS":"08435030","GEN":"Langenargen","SN_L":"08"}}
]}