{"type":"FeatureCollection", "features": [
{"type":"Feature","geometry":{"type":"Polygon","coordinates":[[[12.2813,51.9703],[12.2297,51.9616],[12.2112,51.9621],[12.2099,51.9414],[12.1883,51.9339],[12.155,51.9269],[12.1784,51.9082],[12.1657,51.902],[12.1377,51.9035],[12.1226,51.8982],[12.1138,51.8714],[12.1315,51.8715],[12.1439,51.8658],[12.1424,51.8488],[12.1335,51.825],[12.1388,51.8146],[12.1181,51.8067],[12.1207,51.7841],[12.1474,51.7757],[12.158,51.776],[12.1943,51.7665],[12.228,51.7568],[12.2388,51.7837],[12.2641,51.7852],[12.2829,51.7921],[12.3063,51.7583],[12.3059,51.7502],[12.3209,51.734],[12.3359,51.7338],[12.3512,51.7355],[12.3431,51.749],[12.3476,51.7695],[12.3383,51.7799],[12.3411,51.7896],[12.3196,51.7933],[12.3067,51.8074],[12.3213,51.8192],[12.3189,51.8388],[12.3079,51.8439],[12.2844,51.8646],[12.2965,51.8797],[12.3086,51.8844],[12.3193,51.8858],[12.3205,51.8982],[12.3104,51.9146],[12.308,51.9318],[12.3206,51.94],[12.3061,51.9521],[12.2834,51.9435],[12.2696,51.9583],[12.2813,51.9703]]]},"properties":{"AGS":"15001000","GEN":"Dessau-Roßlau","SN_L":"15"}},
{"type":"Feature","geometry":{"type":"Polygon","coordinates":[[[12.087,51.485],[12.0701,51.4927],[12.0346,51.4973],[12.0228,51.5162],[12.025,51.5262],[12.0098,51.5283],[12.0091,51.5386],[11.9905,51.5404],[11.9615,51.539],[11.9382,51.5293],[11.9091,51.5303],[11.8961,51.5348],[11.8798,51.5347],[11.8775,51.5198],[11.8571,51.5146],[11.8788,51.4918],[11.8652,51.4845],[11.8719,51.4746],[11.8862,51.4726],[11.8883,51.4632],[11.9143,51.4645],[11.9302,51.4525],[11.9151,51.4465],[11.931,51.4387],[11.9504,51.4341],[11.9529,51.4073],[11.9822,51.4057],[12.0178,51.4104],[12.0214,51.4204],[12.0243,51.4343],[12.0564,51.46],[12.0529,51.4761],[12.0785,51.4745],[12.087,51.485]]]},"properties":{"AGS":"15002000","GEN":"Halle (Saale)","SN_L":"15"}},
{"type":"Feature","geometry":{"type":"Polygon","coordinates":[[[11.6828,52.2133],[11.6723,52.227],[11.6371,52.2284],[11.6398,52.2208],[11.6475,52.1987],[11.6275,52.187],[11.598,52.1828],[11.5688,52.175],[11.5611,52.1683],[11.5606,52.1425],[11.5476,52.1439],[11.5363,52.1152],[11.5209,52.0673],[11.5436,52.0621],[11.5999,52.0697],[11.6032,52.0601],[11.6153,52.0565],[11.6281,52.0361],[11.6371,52.0301],[11.6472,52.0252],[11.6616,52.0328],[11.6946,52.05],[11.7085,52.0418],[11.7335,52.0422],[11.734,52.0502],[11.7482,52.0556],[11.7624,52.0731],[11.7633,52.0765],[11.7394,52.0854],[11.7487,52.0932],[11.7296,52.0998],[11.7217,52.1001],[11.7141,52.1154],[11.7223,52.144],[11.7044,52.1519],[11.7109,52.1703],[11.7021,52.1725],[11.6873,52.187],[11.7046,52.1995],[11.6888,52.1989],[11.6828,52.2133]]]},"properties":{"AGS":"15003000","GEN":"Magdeburg","SN_L":"15"}},
{"type":"Feature","geometry":{"type":"Polygon","coordinates":[[[11.6358,52.8954],[11.6229,52.9018],[11.6016,52.9028],[11.5719,52.9213],[11.5503,52.9217],[11.5101,52.934],[11.505,52.941],[11.4701,52.9389],[11.4451,52.928],[11.4387,52.9241],[11.4091,52.9051],[11.3747,52.9002],[11.3545,52.8904],[11.3143,52.8782],[11.315,52.8412],[11.3407,52.8358],[11.3411,52.8161],[11.3163,52.8076],[11.3116,52.7886],[11.3261,52.7828],[11.3299,52.7718],[11.3449,52.7483],[11.3667,52.7425],[11.3757,52.7356],[11.3971,52.7449],[11.4296,52.7661],[11.4308,52.7752],[11.4591,52.7729],[11.4936,52.7774],[11.5062,52.7732],[11.5136,52.7869],[11.5403,52.7984],[11.5314,52.8142],[11.4814,52.8145],[11.4698,52.8372],[11.5275,52.8422],[11.5354,52.8523],[11.5721,52.8478],[11.5927,52.8567],[11.6261,52.856],[11.6322,52.8613],[11.6244,52.8775],[11.6358,52.8954]]]},"properties":{"AGS":"15081030","GEN":"Arendsee (Altmark)","SN_L":"15"}},
{"type":"Feature","geometry":{"type":"Polygon","coordinates":[[[11.5826,52.571],[11.5891,52.5852],[11.5845,52.5971],[11.5858,52.6166],[11.5599,52.6138],[11.5382,52.6173],[11.5067,52.6081],[11.4713,52.6091],[11.4477,52.6126],[11.4207,52.6108],[11.4153,52.6185],[11.3965,52.6224],[11.4164,52.6368],[11.3966,52.6319],[11.3805,52.6079],[11.3513,52.6023],[11.3316,52.6028],[11.3171,52.6092],[11.3166,52.617],[11.2754,52.6302],[11.2677,52.6274],[11.2736,52.6061],[11.287,52.587],[11.2816,52.5742],[11.2376,52.5853],[11.2186,52.5867],[11.2065,52.582],[11.2051,52.565],[11.1787,52.5511],[11.1711,52.5427],[11.1735,52.5268],[11.1578,52.5247],[11.1233,52.5442],[11.114,52.5469],[11.0928,52.5408],[11.0511,52.5083],[11.0615,52.5019],[11.0773,52.4702],[11.1053,52.4498],[11.1176,52.4475],[11.1483,52.4339],[11.1564,52.4339],[11.21,52.4383],[11.241,52.4374],[11.2844,52.4299],[11.2949,52.4384],[11.3099,52.4404],[11.3215,52.4246],[11.3556,52.4252],[11.382,52.4306],[11.3889,52.4218],[11.4056,52.4253],[11.4514,52.4079],[11.4432,52.3999],[11.4461,52.3869],[11.4958,52.3968],[11.5624,52.4102],[11.5872,52.4587],[11.602,52.4878],[11.5861,52.4979],[11.5905,52.5201],[11.572,52.5289],[11.5713,52.5472],[11.5809,52.5666],[11.5826,52.571]]]},"properties":{"AGS":"15081135","GEN":"Gardelegen","SN_L":"15"}},
{"type":"Feature","geometry":{"type":"Polygon","coordinates":[[[11.5062,52.7732],[11.4936,52.7774],[11.4591,52.7729],[11.4308,52.7752],[11.4296,52.7661],[11.3971,52.7449],[11.3757,52.7356],[11.3667,52.7425],[11.3449,52.7483],[11.3299,52.7718],[11.3147,52.7681],[11.2844,52.7707],[11.2783,52.7604],[11.245,52.7674],[11.2383,52.7484],[11.2764,52.7485],[11.2722,52.7236],[11.2399,52.7207],[11.2354,52.6972],[11.2274,52.6962],[11.222,52.6771],[11.2461,52.6734],[11.2485,52.6573],[11.236,52.6556],[11.2314,52.6407],[11.2353,52.6315],[11.2677,52.6274],[11.2754,52.6302],[11.3166,52.617],[11.3171,52.6092],[11.3316,52.6028],[11.3513,52.6023],[11.3805,52.6079],[11.3966,52.6319],[11.4164,52.6368],[11.4567,52.639],[11.4797,52.6512],[11.4908,52.6521],[11.483,52.6693],[11.4747,52.6723],[11.474,52.6874],[11.4907,52.6908],[11.5136,52.7015],[11.5232,52.7122],[11.5228,52.743],[11.5392,52.7487],[11.5575,52.7606],[11.5439,52.7722],[11.51,52.7691],[11.5062,52.7732]]]},"properties":{"AGS":"15081240","GEN":"Kalbe (Milde)","SN_L":"15"}},
{"type":"Feature","geometry":{"type":"Polygon","coordinates":[[[11.2274,52.6962],[11.2132,52.6973],[11.2077,52.6875],[11.1833,52.687],[11.1676,52.696],[11.1634,52.6798],[11.1458,52.6708],[11.1499,52.6605],[11.1243,52.6626],[11.1253,52.6507],[11.1162,52.6468],[11.0928,52.6538],[11.089,52.6686],[11.0786,52.6686],[11.0629,52.6591],[11.0494,52.6595],[11.0256,52.6492],[11.0321,52.639],[11.0313,52.6255],[11.0103,52.6202],[10.9925,52.6289],[10.977,52.6241],[10.9756,52.6068],[10.9397,52.5888],[10.9376,52.5674],[10.9529,52.5427],[10.9579,52.5369],[10.9626,52.5335],[11.0088,52.4967],[11.0256,52.5029],[11.0351,52.4982],[11.0511,52.5083],[11.0928,52.5408],[11.114,52.5469],[11.1233,52.5442],[11.1578,52.5247],[11.1735,52.5268],[11.1711,52.5427],[11.1787,52.5511],[11.2051,52.565],[11.2065,52.582],[11.2186,52.5867],[11.2376,52.5853],[11.2816,52.5742],[11.287,52.587],[11.2736,52.6061],[11.2677,52.6274],[11.2353,52.6315],[11.2314,52.6407],[11.236,52.6556],[11.2485,52.6573],[11.2461,52.6734],[11.222,52.6771],[11.2274,52.6962]]]},"properties":{"AGS":"15081280","GEN":"Klötze","SN_L":"15"}},
{"type":"Feature","geometry":{"type":"Polygon","coordinates":[[[11.0912,52.913],[11.0671,52.9095],[11.039,52.9134],[11.0131,52.9099],[10.9926,52.9065],[10.9901,52.8882],[10.9647,52.8729],[10.9396,52.8533],[10.9297,52.8535],[10.9064,52.8549],[10.9121,52.8317],[10.9416,52.8313],[10.9447,52.8177],[10.9615,52.8091],[11.0121,52.8104],[11.0268,52.8018],[11.0539,52.7985],[11.0685,52.7872],[11.1005,52.8004],[11.1214,52.8052],[11.1431,52.7863],[11.1593,52.7865],[11.1823,52.7899],[11.1909,52.775],[11.2064,52.7709],[11.2253,52.7786],[11.245,52.7674],[11.2783,52.7604],[11.2844,52.7707],[11.3147,52.7681],[11.3299,52.7718],[11.3261,52.7828],[11.3116,52.7886],[11.3163,52.8076],[11.3411,52.8161],[11.3407,52.8358],[11.315,52.8412],[11.3143,52.8782],[11.2954,52.8749],[11.2942,52.8871],[11.2766,52.8875],[11.2672,52.8801],[11.2394,52.8795],[11.2306,52.8913],[11.2206,52.8977],[11.1563,52.9061],[11.1547,52.9019],[11.1131,52.8957],[11.0932,52.8995],[11.0912,52.913]]]},"properties":{"AGS":"15081455","GEN":"Salzwedel","SN_L":"15"}},
{"type":"Feature","geometry":{"type":"Polygon","coordinates":[[[11.245,52.7674],[11.2253,52.7786],[11.2064,52.7709],[11.1909,52.775],[11.1823,52.7899],[11.1593,52.7865],[11.1402,52.757],[11.1426,52.7424],[11.1619,52.7458],[11.1629,52.7301],[11.1706,52.714],[11.1676,52.696],[11.1833,52.687],[11.2077,52.6875],[11.2132,52.6973],[11.2274,52.6962],[11.2354,52.6972],[11.2399,52.7207],[11.2722,52.7236],[11.2764,52.7485],[11.2383,52.7484],[11.245,52.7674]]]},"properties":{"AGS":"15081026","GEN":"Apenburg-Winterfeld","SN_L":"15"}},
{"type":"Feature","geometry":{"type":"Polygon","coordinates":[[[11.1402,52.757],[11.1185,52.7548],[11.1055,52.7589],[11.0948,52.7361],[11.087,52.7361],[11.0806,52.7209],[11.0537,52.7028],[11.0455,52.6866],[11.018,52.685],[11.0085,52.6686],[10.9844,52.6731],[10.9823,52.66],[10.9647,52.6472],[10.9433,52.647],[10.9503,52.6365],[10.9686,52.6263],[10.977,52.6241],[10.9925,52.6289],[11.0103,52.6202],[11.0313,52.6255],[11.0321,52.639],[11.0256,52.6492],[11.0494,52.6595],[11.0629,52.6591],[11.0786,52.6686],[11.089,52.6686],[11.0928,52.6538],[11.1162,52.6468],[11.1253,52.6507],[11.1243,52.6626],[11.1499,52.6605],[11.1458,52.6708],[11.1634,52.6798],[11.1676,52.696],[11.1706,52.714],[11.1629,52.7301],[11.1619,52.7458],[11.1426,52.7424],[11.1402,52.757]]]},"properties":{"AGS":"15081045","GEN":"Beetzendorf","SN_L":"15"}},
{"type":"Feature","geometry":{"type":"Polygon","coordinates":[[[10.9064,52.8549],[10.8906,52.8459],[10.8633,52.8551],[10.8416,52.8522],[10.8348,52.8475],[10.8006,52.8503],[10.7961,52.8436],[10.7667,52.8422],[10.7717,52.8339],[10.757,52.8181],[10.7606,52.8063],[10.7593,52.7958],[10.758,52.7815],[10.7927,52.7906],[10.7985,52.7966],[10.8557,52.8002],[10.8598,52.7781],[10.8931,52.7771],[10.9321,52.7612],[10.948,52.7685],[10.9283,52.7834],[10.9215,52.804],[10.9447,52.8177],[10.9416,52.8313],[10.9121,52.8317],[10.9064,52.8549]]]},"properties":{"AGS":"15081095","GEN":"Dähre","SN_L":"15"}},
{"type":"Feature","geometry":{"type":"Polygon","coordinates":[[[10.948,52.7685],[10.9321,52.7612],[10.8931,52.7771],[10.8598,52.7781],[10.8557,52.8002],[10.7985,52.7966],[10.7927,52.7906],[10.758,52.7815],[10.7755,52.7624],[10.7756,52.7558],[10.7918,52.7475],[10.7888,52.7322],[10.7965,52.7147],[10.8245,52.718],[10.8336,52.7036],[10.8595,52.71],[10.8772,52.7084],[10.8742,52.7229],[10.912,52.7282],[10.9291,52.7232],[10.9294,52.7054],[10.9413,52.7076],[10.967,52.7023],[10.9776,52.724],[11.0075,52.7259],[10.9878,52.7442],[10.9631,52.7629],[10.948,52.7685]]]},"properties":{"AGS":"15081105","GEN":"Diesdorf","SN_L":"15"}},
{"type":"Feature","geometry":{"type":"Polygon","coordinates":[[[10.967,52.7023],[10.9413,52.7076],[10.9294,52.7054],[10.9291,52.7232],[10.912,52.7282],[10.8742,52.7229],[10.8772,52.7084],[10.8595,52.71],[10.8336,52.7036],[10.8594,52.6748],[10.8778,52.6638],[10.8836,52.651],[10.9029,52.6328],[10.9156,52.6174],[10.9303,52.6114],[10.9456,52.6202],[10.9686,52.6263],[10.9503,52.6365],[10.9433,52.647],[10.9647,52.6472],[10.9823,52.66],[10.9844,52.6731],[10.9725,52.6843],[10.967,52.7023]]]},"properties":{"AGS":"15081225","GEN":"Jübar","SN_L":"15"}},
{"type":"Feature","geometry":{"type":"Polygon","coordinates":[[[11.1593,52.7865],[11.1431,52.7863],[11.1214,52.8052],[11.1005,52.8004],[11.0685,52.7872],[11.0537,52.7751],[11.0277,52.7743],[11.0204,52.7549],[11.0451,52.731],[11.0615,52.7232],[11.072,52.7247],[11.087,52.7361],[11.0948,52.7361],[11.1055,52.7589],[11.1185,52.7548],[11.1402,52.757],[11.1593,52.7865]]]},"properties":{"AGS":"15081290","GEN":"Kuhfelde","SN_L":"15"}},
{"type":"Feature","geometry":{"type":"Polygon","coordinates":[[[11.087,52.7361],[11.072,52.7247],[11.0615,52.7232],[11.0451,52.731],[11.0204,52.7549],[11.003,52.7534],[10.9878,52.7442],[11.0075,52.7259],[10.9776,52.724],[10.967,52.7023],[10.9725,52.6843],[10.9844,52.6731],[11.0085,52.6686],[11.018,52.685],[11.0455,52.6866],[11.0537,52.7028],[11.0806,52.7209],[11.087,52.7361]]]},"properties":{"AGS":"15081440","GEN":"Rohrberg","SN_L":"15"}},
{"type":"Feature","geometry":{"type":"Polygon","coordinates":[[[11.0685,52.7872],[11.0539,52.7985],[11.0268,52.8018],[11.0121,52.8104],[10.9615,52.8091],[10.9447,52.8177],[10.9215,52.804],[10.9283,52.7834],[10.948,52.7685],[10.9631,52.7629],[10.9878,52.7442],[11.003,52.7534],[11.0204,52.7549],[11.0277,52.7743],[11.0537,52.7751],[11.0685,52.7872]]]},"properties":{"AGS":"15081545","GEN":"Wallstawe","SN_L":"15"}},
{"type":"Feature","geometry":{"type":"Polygon","coordinates":[[[12.0189,51.8726],[12.0076,51.8787],[11.9961,51.8719],[11.9594,51.8692],[11.9548,51.8569],[11.9585,51.8475],[11.9833,51.8338],[12.0152,51.82],[12.0269,51.8185],[12.0386,51.8087],[12.0528,51.8082],[12.0598,51.8258],[12.0724,51.8285],[12.1335,51.825],[12.1424,51.8488],[12.1439,51.8658],[12.1315,51.8715],[12.1138,51.8714],[12.0939,51.869],[12.0671,51.861],[12.0429,51.8593],[12.0216,51.8642],[12.0189,51.8726]]]},"properties":{"AGS":"15082005","GEN":"Aken (Elbe)","SN_L":"15"}},
{"type":"Feature","geometry":{"type":"Polygon","coordinates":[[[12.3194,51.6617],[12.3116,51.657],[12.2773,51.6714],[12.2759,51.6882],[12.2923,51.6938],[12.2677,51.7054],[12.237,51.6997],[12.2245,51.7031],[12.2237,51.6862],[12.2019,51.6877],[12.2119,51.6708],[12.1786,51.6599],[12.1919,51.6345],[12.2444,51.645],[12.2643,51.6444],[12.2801,51.6367],[12.2866,51.6068],[12.2826,51.5961],[12.311,51.5905],[12.3147,51.584],[12.3391,51.5857],[12.3677,51.5831],[12.3918,51.5878],[12.3913,51.5993],[12.3677,51.6243],[12.3504,51.6279],[12.3517,51.638],[12.3395,51.6517],[12.3194,51.6617]]]},"properties":{"AGS":"15082015","GEN":"Bitterfeld-Wolfen","SN_L":"15"}},
{"type":"Feature","geometry":{"type":"Polygon","coordinates":[[[12.0542,51.7719],[12.0368,51.7693],[12.0123,51.7782],[12.009,51.7844],[11.9882,51.791],[11.9551,51.7835],[11.9347,51.7413],[11.8971,51.7423],[11.8832,51.7496],[11.8683,51.7494],[11.855,51.7394],[11.8554,51.7144],[11.8462,51.7017],[11.8841,51.7029],[11.8932,51.7284],[11.9187,51.7278],[11.9164,51.7145],[11.9546,51.7072],[11.959,51.7016],[11.9999,51.6888],[12.0196,51.6932],[12.0207,51.7089],[12.0068,51.7134],[12.0032,51.7217],[12.0151,51.727],[12.0131,51.7469],[12.0378,51.7459],[12.0713,51.7505],[12.0674,51.7613],[12.0542,51.7719]]]},"properties":{"AGS":"15082180","GEN":"Köthen (Anhalt)","SN_L":"15"}},
{"type":"Feature","geometry":{"type":"Polygon","coordinates":[[[12.5803,51.6261],[12.5693,51.6389],[12.5741,51.6674],[12.5497,51.6684],[12.5171,51.6605],[12.4975,51.6707],[12.4951,51.6825],[12.4744,51.6823],[12.4746,51.7028],[12.4599,51.7053],[12.4299,51.703],[12.412,51.6951],[12.3808,51.6969],[12.3896,51.682],[12.3654,51.6797],[12.3349,51.6707],[12.3194,51.6617],[12.3395,51.6517],[12.3517,51.638],[12.3504,51.6279],[12.3677,51.6243],[12.3913,51.5993],[12.3918,51.5878],[12.4254,51.5821],[12.4273,51.5993],[12.4426,51.6094],[12.4621,51.6033],[12.5076,51.6085],[12.5247,51.6063],[12.5482,51.6088],[12.5747,51.6154],[12.5803,51.6261]]]},"properties":{"AGS":"15082241","GEN":"Muldestausee","SN_L":"15"}},
{"type":"Feature","geometry":{"type":"Polygon","coordinates":[[[11.9594,51.8692],[11.9374,51.8806],[11.922,51.8792],[11.9118,51.8665],[11.8723,51.854],[11.8577,51.8375],[11.8826,51.8193],[11.881,51.8106],[11.8633,51.7952],[11.8467,51.7978],[11.8551,51.7859],[11.8719,51.7785],[11.8672,51.7692],[11.891,51.7633],[11.8832,51.7496],[11.8971,51.7423],[11.9347,51.7413],[11.9551,51.7835],[11.9882,51.791],[12.009,51.7844],[12.0123,51.7782],[12.0368,51.7693],[12.0542,51.7719],[12.0861,51.7838],[12.1141,51.7554],[12.1171,51.7683],[12.1282,51.7753],[12.1474,51.7757],[12.1207,51.7841],[12.1181,51.8067],[12.1388,51.8146],[12.1335,51.825],[12.0724,51.8285],[12.0598,51.8258],[12.0528,51.8082],[12.0386,51.8087],[12.0269,51.8185],[12.0152,51.82],[11.9833,51.8338],[11.9585,51.8475],[11.9548,51.8569],[11.9594,51.8692]]]},"properties":{"AGS":"15082256","GEN":"Osternienburger Land","SN_L":"15"}},
{"type":"Feature","geometry":{"type":"Polygon","coordinates":[[[12.3359,51.7338],[12.3209,51.734],[12.3059,51.7502],[12.3063,51.7583],[12.2829,51.7921],[12.2641,51.7852],[12.2388,51.7837],[12.228,51.7568],[12.1943,51.7665],[12.1964,51.7437],[12.1696,51.7384],[12.1682,51.7121],[12.1981,51.7159],[12.2245,51.7031],[12.237,51.6997],[12.2677,51.7054],[12.2923,51.6938],[12.2759,51.6882],[12.2773,51.6714],[12.3116,51.657],[12.3194,51.6617],[12.3349,51.6707],[12.3654,51.6797],[12.3896,51.682],[12.3808,51.6969],[12.3608,51.6852],[12.35,51.6856],[12.3448,51.7036],[12.3547,51.7117],[12.3486,51.7198],[12.3265,51.7177],[12.3239,51.7265],[12.3359,51.7338]]]},"properties":{"AGS":"15082301","GEN":"Raguhn-Jeßnitz","SN_L":"15"}},
{"type":"Feature","geometry":{"type":"Polygon","coordinates":[[[12.3391,51.5857],[12.3147,51.584],[12.311,51.5905],[12.2826,51.5961],[12.2866,51.6068],[12.2801,51.6367],[12.2643,51.6444],[12.2444,51.645],[12.1919,51.6345],[12.2025,51.6221],[12.1607,51.6062],[12.162,51.5887],[12.1737,51.5805],[12.1648,51.5754],[12.1693,51.5498],[12.1872,51.535],[12.1989,51.5313],[12.2101,51.5419],[12.2313,51.5473],[12.2329,51.5611],[12.29,51.5608],[12.3133,51.5685],[12.3194,51.5776],[12.3391,51.5857]]]},"properties":{"AGS":"15082340","GEN":"Sandersdorf-Brehna","SN_L":"15"}},
{"type":"Feature","geometry":{"type":"Polygon","coordinates":[[[12.1474,51.7757],[12.1282,51.7753],[12.1171,51.7683],[12.1141,51.7554],[12.0861,51.7838],[12.0542,51.7719],[12.0674,51.7613],[12.0713,51.7505],[12.0378,51.7459],[12.0131,51.7469],[12.0151,51.727],[12.0032,51.7217],[12.0068,51.7134],[12.0207,51.7089],[12.0196,51.6932],[11.9999,51.6888],[11.959,51.7016],[11.9546,51.7072],[11.9164,51.7145],[11.9187,51.7278],[11.8932,51.7284],[11.8841,51.7029],[11.8462,51.7017],[11.8382,51.6834],[11.8654,51.6754],[11.8734,51.6676],[11.9132,51.6482],[11.9555,51.6423],[11.9793,51.6469],[11.9987,51.6464],[12.007,51.6461],[12.0138,51.668],[12.0326,51.6629],[12.061,51.6611],[12.0867,51.6655],[12.085,51.6473],[12.1116,51.6516],[12.1478,51.6798],[12.1765,51.6886],[12.1523,51.708],[12.1682,51.7121],[12.1696,51.7384],[12.1964,51.7437],[12.1943,51.7665],[12.158,51.776],[12.1474,51.7757]]]},"properties":{"AGS":"15082377","GEN":"Südliches Anhalt","SN_L":"15"}},
{"type":"Feature","geometry":{"type":"Polygon","coordinates":[[[12.3761,52.0451],[12.3598,52.0465],[12.3481,52.0593],[12.329,52.0696],[12.3144,52.0932],[12.2767,52.104],[12.2669,52.1003],[12.2141,52.1025],[12.2046,52.0887],[12.1784,52.0765],[12.133,52.0692],[12.0981,52.0753],[12.0787,52.0759],[12.057,52.0573],[12.0385,52.0638],[12.0173,52.039],[11.9943,52.0334],[11.9869,52.026],[11.966,52.0245],[11.9523,52.0084],[11.9238,52.0015],[11.8908,52.0014],[11.8843,51.9788],[11.915,51.9553],[11.9264,51.9506],[11.9489,51.9322],[11.9664,51.9246],[11.9675,51.9156],[12.0103,51.8902],[12.0189,51.8726],[12.0216,51.8642],[12.0429,51.8593],[12.0671,51.861],[12.0939,51.869],[12.1138,51.8714],[12.1226,51.8982],[12.1377,51.9035],[12.1657,51.902],[12.1784,51.9082],[12.155,51.9269],[12.1883,51.9339],[12.2099,51.9414],[12.2112,51.9621],[12.2297,51.9616],[12.2813,51.9703],[12.2801,51.9795],[12.2651,51.9884],[12.278,51.9948],[12.3098,51.9961],[12.3217,51.9999],[12.3395,52.019],[12.3545,52.0269],[12.374,52.0271],[12.3761,52.0451]]]},"properties":{"AGS":"15082430","GEN":"Zerbst/Anhalt","SN_L":"15"}},
{"type":"Feature","geometry":{"type":"Polygon","coordinates":[[[12.2245,51.7031],[12.1981,51.7159],[12.1682,51.7121],[12.1523,51.708],[12.1765,51.6886],[12.1478,51.6798],[12.1116,51.6516],[12.085,51.6473],[12.0867,51.6655],[12.061,51.6611],[12.0326,51.6629],[12.0138,51.668],[12.007,51.6461],[12.0399,51.6437],[12.0424,51.6343],[12.0277,51.6284],[12.0286,51.6213],[12.0441,51.6119],[12.046,51.5982],[12.0314,51.5952],[12.0463,51.5844],[12.0817,51.5826],[12.1202,51.5801],[12.1643,51.5811],[12.1648,51.5754],[12.1737,51.5805],[12.162,51.5887],[12.1607,51.6062],[12.2025,51.6221],[12.1919,51.6345],[12.1786,51.6599],[12.2119,51.6708],[12.2019,51.6877],[12.2237,51.6862],[12.2245,51.7031]]]},"properties":{"AGS":"15082440","GEN":"Zörbig","SN_L":"15"}},
{"type":"Feature","geometry":{"type":"MultiPolygon","coordinates":[[[[11.7142,52.2079],[11.6828,52.2133],[11.6888,52.1989],[11.7046,52.1995],[11.7142,52.2079]]],[[[11.6398,52.2208],[11.6005,52.2217],[11.591,52.2327],[11.5764,52.2365],[11.5633,52.2215],[11.5439,52.2201],[11.545,52.2088],[11.5763,52.2029],[11.5485,52.1751],[11.5688,52.175],[11.598,52.1828],[11.6275,52.187],[11.6475,52.1987],[11.6398,52.2208]]]]},"properties":{"AGS":"15083040","GEN":"Barleben","SN_L":"15"}},
{"type":"Feature","geometry":{"type":"Polygon","coordinates":[[[11.4867,52.2727],[11.4469,52.2862],[11.4507,52.2917],[11.4462,52.3098],[11.451,52.3248],[11.4624,52.3255],[11.5261,52.3385],[11.5505,52.3864],[11.478,52.3715],[11.4659,52.3735],[11.4233,52.371],[11.4223,52.3743],[11.4154,52.375],[11.4038,52.3753],[11.3713,52.375],[11.335,52.3642],[11.3357,52.3507],[11.3746,52.3202],[11.3624,52.3123],[11.3694,52.3012],[11.3511,52.2955],[11.3471,52.3048],[11.3269,52.3101],[11.3045,52.3061],[11.2989,52.3144],[11.2862,52.3036],[11.2679,52.3056],[11.272,52.2844],[11.2966,52.2789],[11.3056,52.2686],[11.3236,52.2803],[11.3405,52.2813],[11.3546,52.2721],[11.3552,52.2648],[11.37,52.2508],[11.3691,52.2274],[11.4307,52.2316],[11.4462,52.2393],[11.4515,52.2514],[11.4694,52.2452],[11.4761,52.2453],[11.4873,52.2641],[11.4867,52.2727]]]},"properties":{"AGS":"15083270","GEN":"Haldensleben","SN_L":"15"}},
{"type":"Feature","geometry":{"type":"Polygon","coordinates":[[[11.4694,52.2452],[11.4515,52.2514],[11.4462,52.2393],[11.4307,52.2316],[11.3691,52.2274],[11.37,52.2508],[11.3552,52.2648],[11.3546,52.2721],[11.3405,52.2813],[11.3236,52.2803],[11.3056,52.2686],[11.2966,52.2789],[11.2906,52.2717],[11.3003,52.2596],[11.3046,52.2373],[11.2922,52.2195],[11.3091,52.1942],[11.3226,52.192],[11.3234,52.1717],[11.3306,52.1655],[11.3641,52.1677],[11.3671,52.1388],[11.3823,52.1417],[11.4135,52.1415],[11.4084,52.1281],[11.4473,52.1277],[11.4633,52.1315],[11.4732,52.1123],[11.5113,52.1207],[11.5363,52.1152],[11.5476,52.1439],[11.5606,52.1425],[11.5611,52.1683],[11.5688,52.175],[11.5485,52.1751],[11.506,52.1835],[11.5023,52.1929],[11.4859,52.1947],[11.4889,52.2109],[11.4577,52.215],[11.4631,52.2424],[11.4694,52.2452]]]},"properties":{"AGS":"15083298","GEN":"Hohe Börde","SN_L":"15"}},
{"type":"Feature","geometry":{"type":"Polygon","coordinates":[[[11.5501,52.292],[11.5176,52.2957],[11.512,52.289],[11.5102,52.2682],[11.4867,52.2727],[11.4873,52.2641],[11.4761,52.2453],[11.4694,52.2452],[11.4631,52.2424],[11.4577,52.215],[11.4889,52.2109],[11.4859,52.1947],[11.5023,52.1929],[11.506,52.1835],[11.5485,52.1751],[11.5763,52.2029],[11.545,52.2088],[11.5439,52.2201],[11.5633,52.2215],[11.5764,52.2365],[11.591,52.2327],[11.5993,52.2466],[11.5883,52.2544],[11.6027,52.2713],[11.6048,52.2821],[11.5883,52.2877],[11.5501,52.292]]]},"properties":{"AGS":"15083390","GEN":"Niedere Börde","SN_L":"15"}},
{"type":"Feature","geometry":{"type":"Polygon","coordinates":[[[11.1564,52.4339],[11.1483,52.4339],[11.1176,52.4475],[11.1053,52.4498],[11.0773,52.4702],[11.0615,52.5019],[11.0511,52.5083],[11.0351,52.4982],[11.0256,52.5029],[11.0088,52.4967],[10.9592,52.4974],[10.95,52.4956],[10.9345,52.4718],[10.9337,52.461],[10.9478,52.4539],[10.9605,52.4368],[10.9792,52.4265],[10.9984,52.4114],[11.0187,52.397],[11.0189,52.3922],[11.0468,52.3879],[11.065,52.3769],[11.0695,52.3579],[11.0376,52.3455],[11.007,52.3457],[10.9837,52.3417],[10.9879,52.335],[11.0021,52.3366],[11.0392,52.3017],[11.0125,52.2913],[11.0291,52.2701],[11.0429,52.272],[11.0563,52.2587],[11.0797,52.2596],[11.0988,52.2526],[11.109,52.2718],[11.122,52.2733],[11.1553,52.2686],[11.1829,52.2736],[11.1713,52.2944],[11.1549,52.3038],[11.1381,52.3027],[11.1332,52.3209],[11.139,52.3581],[11.164,52.37],[11.1764,52.3709],[11.1876,52.3857],[11.185,52.3923],[11.1959,52.4027],[11.1958,52.4159],[11.1677,52.4238],[11.1564,52.4339]]]},"properties":{"AGS":"15083411","GEN":"Oebisfelde-Weferlingen","SN_L":"15"}},
{"type":"Feature","geometry":{"type":"Polygon","coordinates":[[[11.2041,52.1044],[11.183,52.1078],[11.1808,52.1037],[11.1514,52.1033],[11.1375,52.0963],[11.1536,52.0826],[11.1709,52.0849],[11.1635,52.0693],[11.1538,52.0715],[11.1351,52.0633],[11.1288,52.0572],[11.1309,52.0318],[11.1683,52.0246],[11.1684,52.0065],[11.154,51.9987],[11.1527,51.9887],[11.1828,51.9932],[11.248,51.9904],[11.2511,51.9786],[11.2629,51.9718],[11.2695,51.9558],[11.2962,51.9584],[11.2972,51.972],[11.3449,51.9624],[11.365,51.9797],[11.3954,51.9807],[11.4096,52.0011],[11.3915,52.0058],[11.3936,52.0225],[11.3886,52.0329],[11.3738,52.0354],[11.3629,52.0483],[11.3456,52.0497],[11.3349,52.0578],[11.3393,52.067],[11.3214,52.0752],[11.3022,52.076],[11.2733,52.0904],[11.2477,52.0844],[11.2178,52.0825],[11.2041,52.1044]]]},"properties":{"AGS":"15083415","GEN":"Oschersleben (Bode)","SN_L":"15"}},
{"type":"Feature","geometry":{"type":"Polygon","coordinates":[[[11.6371,52.0301],[11.6281,52.0361],[11.6153,52.0565],[11.6032,52.0601],[11.5999,52.0697],[11.5436,52.0621],[11.5209,52.0673],[11.4966,52.0649],[11.4986,52.0576],[11.4858,52.0329],[11.4893,52.0272],[11.4528,52.0187],[11.4468,52.0068],[11.4473,51.9914],[11.4589,51.9849],[11.4753,51.9821],[11.4933,51.976],[11.5088,51.9627],[11.5208,51.9626],[11.5271,51.964],[11.5711,51.9674],[11.5974,51.966],[11.6032,51.9694],[11.6048,51.9862],[11.6015,52.0193],[11.625,52.0214],[11.6371,52.0301]]]},"properties":{"AGS":"15083490","GEN":"Sülzetal","SN_L":"15"}},
{"type":"Feature","geometry":{"type":"Polygon","coordinates":[[[11.3671,52.1388],[11.3586,52.1362],[11.3298,52.1466],[11.2971,52.1508],[11.2785,52.1441],[11.2965,52.1248],[11.2794,52.1208],[11.265,52.1119],[11.2338,52.1259],[11.2139,52.1065],[11.2041,52.1044],[11.2178,52.0825],[11.2477,52.0844],[11.2733,52.0904],[11.3022,52.076],[11.3214,52.0752],[11.3393,52.067],[11.3349,52.0578],[11.3456,52.0497],[11.3629,52.0483],[11.3738,52.0354],[11.3886,52.0329],[11.3936,52.0225],[11.3915,52.0058],[11.4096,52.0011],[11.4153,52.0047],[11.4468,52.0068],[11.4528,52.0187],[11.4893,52.0272],[11.4858,52.0329],[11.4986,52.0576],[11.4966,52.0649],[11.5209,52.0673],[11.5363,52.1152],[11.5113,52.1207],[11.4732,52.1123],[11.4633,52.1315],[11.4473,52.1277],[11.4084,52.1281],[11.4135,52.1415],[11.3823,52.1417],[11.3671,52.1388]]]},"properties":{"AGS":"15083531","GEN":"Wanzleben-Börde","SN_L":"15"}},
{"type":"Feature","geometry":{"type":"Polygon","coordinates":[[[11.6947,52.2739],[11.6577,52.2869],[11.6573,52.2961],[11.6387,52.296],[11.6373,52.2882],[11.6166,52.2874],[11.6048,52.2821],[11.6027,52.2713],[11.5883,52.2544],[11.5993,52.2466],[11.591,52.2327],[11.6005,52.2217],[11.6398,52.2208],[11.6371,52.2284],[11.6723,52.227],[11.6828,52.2133],[11.7142,52.2079],[11.7045,52.2202],[11.702,52.2428],[11.7247,52.2507],[11.736,52.2593],[11.7252,52.2663],[11.714,52.2585],[11.6947,52.2739]]]},"properties":{"AGS":"15083565","GEN":"Wolmirstedt","SN_L":"15"}},
{"type":"Feature","geometry":{"type":"Polygon","coordinates":[[[11.8519,52.3316],[11.845,52.3459],[11.8571,52.3474],[11.8298,52.3644],[11.8281,52.372],[11.8406,52.401],[11.8172,52.4149],[11.802,52.4107],[11.7858,52.408],[11.7741,52.3996],[11.7592,52.4025],[11.7297,52.3934],[11.7292,52.3818],[11.709,52.3801],[11.6694,52.3502],[11.674,52.3443],[11.6962,52.343],[11.708,52.349],[11.7313,52.3442],[11.7441,52.3335],[11.7643,52.3353],[11.779,52.342],[11.7958,52.3401],[11.7951,52.3543],[11.8171,52.3486],[11.8183,52.3342],[11.8519,52.3316]]]},"properties":{"AGS":"15083030","GEN":"Angern","SN_L":"15"}},
{"type":"Feature","geometry":{"type":"Polygon","coordinates":[[[11.7592,52.4025],[11.7179,52.4105],[11.733,52.4244],[11.7168,52.4277],[11.7001,52.4592],[11.6732,52.4641],[11.6387,52.4646],[11.5872,52.4587],[11.5624,52.4102],[11.4958,52.3968],[11.5038,52.3841],[11.5586,52.3951],[11.569,52.3757],[11.5621,52.3671],[11.5827,52.3714],[11.5755,52.3842],[11.5993,52.3855],[11.6127,52.3822],[11.6283,52.3523],[11.6532,52.3545],[11.6694,52.3502],[11.709,52.3801],[11.7292,52.3818],[11.7297,52.3934],[11.7592,52.4025]]]},"properties":{"AGS":"15083120","GEN":"Burgstall","SN_L":"15"}},
{"type":"Feature","geometry":{"type":"Polygon","coordinates":[[[11.6694,52.3502],[11.6532,52.3545],[11.6283,52.3523],[11.6127,52.3822],[11.5993,52.3855],[11.5755,52.3842],[11.5827,52.3714],[11.5621,52.3671],[11.541,52.3629],[11.5482,52.3499],[11.5343,52.3329],[11.5235,52.3306],[11.5306,52.3179],[11.52,52.3158],[11.5303,52.2972],[11.5501,52.292],[11.5883,52.2877],[11.6048,52.2821],[11.6166,52.2874],[11.6373,52.2882],[11.6387,52.296],[11.6379,52.3209],[11.649,52.3223],[11.6497,52.3349],[11.6649,52.3367],[11.674,52.3443],[11.6694,52.3502]]]},"properties":{"AGS":"15083130","GEN":"Colbitz","SN_L":"15"}},
{"type":"Feature","geometry":{"type":"Polygon","coordinates":[[[11.6962,52.343],[11.674,52.3443],[11.6649,52.3367],[11.6558,52.3233],[11.6782,52.302],[11.674,52.2985],[11.6941,52.2838],[11.6947,52.2739],[11.714,52.2585],[11.7252,52.2663],[11.736,52.2593],[11.76,52.2879],[11.7526,52.3004],[11.736,52.2952],[11.7265,52.3091],[11.7008,52.3191],[11.6962,52.343]]]},"properties":{"AGS":"15083361","GEN":"Loitsche-Heinrichsberg","SN_L":"15"}},
{"type":"Feature","geometry":{"type":"Polygon","coordinates":[[[11.7958,52.3401],[11.779,52.342],[11.7643,52.3353],[11.7441,52.3335],[11.7313,52.3442],[11.708,52.349],[11.6962,52.343],[11.7008,52.3191],[11.7265,52.3091],[11.736,52.2952],[11.7526,52.3004],[11.76,52.2879],[11.7674,52.3113],[11.7966,52.3236],[11.8053,52.3346],[11.7958,52.3401]]]},"properties":{"AGS":"15083440","GEN":"Rogätz","SN_L":"15"}},
{"type":"Feature","geometry":{"type":"Polygon","coordinates":[[[11.5621,52.3671],[11.569,52.3757],[11.5586,52.3951],[11.5038,52.3841],[11.4958,52.3968],[11.4461,52.3869],[11.4069,52.3869],[11.4038,52.3753],[11.4154,52.375],[11.4223,52.3743],[11.4233,52.371],[11.4659,52.3735],[11.478,52.3715],[11.5505,52.3864],[11.5261,52.3385],[11.4624,52.3255],[11.451,52.3248],[11.4462,52.3098],[11.4507,52.2917],[11.4469,52.2862],[11.4867,52.2727],[11.5102,52.2682],[11.512,52.289],[11.5176,52.2957],[11.5501,52.292],[11.5303,52.2972],[11.52,52.3158],[11.5306,52.3179],[11.5235,52.3306],[11.5343,52.3329],[11.5482,52.3499],[11.541,52.3629],[11.5621,52.3671]]]},"properties":{"AGS":"15083557","GEN":"Westheide","SN_L":"15"}},
{"type":"Feature","geometry":{"type":"Polygon","coordinates":[[[11.6947,52.2739],[11.6941,52.2838],[11.674,52.2985],[11.6782,52.302],[11.6558,52.3233],[11.6649,52.3367],[11.6497,52.3349],[11.649,52.3223],[11.6379,52.3209],[11.6387,52.296],[11.6573,52.2961],[11.6577,52.2869],[11.6947,52.2739]]]},"properties":{"AGS":"15083580","GEN":"Zielitz","SN_L":"15"}},
{"type":"Feature","geometry":{"type":"Polygon","coordinates":[[[11.2679,52.3056],[11.241,52.3097],[11.2298,52.301],[11.2039,52.2964],[11.1713,52.2944],[11.1829,52.2736],[11.2078,52.2674],[11.2098,52.2628],[11.2417,52.2618],[11.2446,52.2492],[11.2602,52.227],[11.2836,52.2291],[11.2922,52.2195],[11.3046,52.2373],[11.3003,52.2596],[11.2906,52.2717],[11.2966,52.2789],[11.272,52.2844],[11.2679,52.3056]]]},"properties":{"AGS":"15083020","GEN":"Altenhausen","SN_L":"15"}},
{"type":"Feature","geometry":{"type":"Polygon","coordinates":[[[11.0988,52.2526],[11.0797,52.2596],[11.0563,52.2587],[11.0597,52.2426],[11.0786,52.2394],[11.0862,52.2286],[11.1045,52.2341],[11.0988,52.2526]]]},"properties":{"AGS":"15083060","GEN":"Beendorf","SN_L":"15"}},
{"type":"Feature","geometry":{"type":"Polygon","coordinates":[[[11.2989,52.3144],[11.3045,52.3061],[11.3269,52.3101],[11.3471,52.3048],[11.3511,52.2955],[11.3694,52.3012],[11.3624,52.3123],[11.3746,52.3202],[11.3357,52.3507],[11.335,52.3642],[11.3235,52.367],[11.3017,52.3641],[11.2851,52.3521],[11.3038,52.3455],[11.3016,52.3276],[11.2989,52.3144]]]},"properties":{"AGS":"15083115","GEN":"Bülstringen","SN_L":"15"}},
{"type":"Feature","geometry":{"type":"Polygon","coordinates":[[[11.4461,52.3869],[11.4432,52.3999],[11.4514,52.4079],[11.4056,52.4253],[11.3889,52.4218],[11.382,52.4306],[11.3556,52.4252],[11.3215,52.4246],[11.3099,52.4404],[11.2949,52.4384],[11.2844,52.4299],[11.241,52.4374],[11.21,52.4383],[11.1564,52.4339],[11.1677,52.4238],[11.1958,52.4159],[11.1959,52.4027],[11.185,52.3923],[11.1876,52.3857],[11.1764,52.3709],[11.1754,52.3643],[11.1988,52.3632],[11.2207,52.3576],[11.2262,52.3722],[11.2485,52.3787],[11.2616,52.3676],[11.2708,52.3497],[11.3016,52.3276],[11.3038,52.3455],[11.2851,52.3521],[11.3017,52.3641],[11.3235,52.367],[11.335,52.3642],[11.3713,52.375],[11.4038,52.3753],[11.4069,52.3869],[11.4461,52.3869]]]},"properties":{"AGS":"15083125","GEN":"Calvörde","SN_L":"15"}},
{"type":"Feature","geometry":{"type":"Polygon","coordinates":[[[11.1829,52.2736],[11.1553,52.2686],[11.122,52.2733],[11.109,52.2718],[11.0988,52.2526],[11.1045,52.2341],[11.1192,52.2197],[11.1523,52.228],[11.1719,52.2262],[11.1804,52.2372],[11.2076,52.2297],[11.2173,52.2054],[11.2347,52.2067],[11.2173,52.1846],[11.2329,52.1829],[11.2368,52.1728],[11.2597,52.1583],[11.2825,52.1607],[11.3038,52.1702],[11.3234,52.1717],[11.3226,52.192],[11.3091,52.1942],[11.2922,52.2195],[11.2836,52.2291],[11.2602,52.227],[11.2446,52.2492],[11.2417,52.2618],[11.2098,52.2628],[11.2078,52.2674],[11.1829,52.2736]]]},"properties":{"AGS":"15083205","GEN":"Erxleben","SN_L":"15"}},
{"type":"Feature","geometry":{"type":"Polygon","coordinates":[[[11.3016,52.3276],[11.2708,52.3497],[11.2616,52.3676],[11.2485,52.3787],[11.2262,52.3722],[11.2207,52.3576],[11.1988,52.3632],[11.1754,52.3643],[11.1764,52.3709],[11.164,52.37],[11.139,52.3581],[11.1332,52.3209],[11.1381,52.3027],[11.1549,52.3038],[11.1713,52.2944],[11.2039,52.2964],[11.2298,52.301],[11.241,52.3097],[11.2679,52.3056],[11.2862,52.3036],[11.2989,52.3144],[11.3016,52.3276]]]},"properties":{"AGS":"15083230","GEN":"Flechtingen","SN_L":"15"}},
{"type":"Feature","geometry":{"type":"Polygon","coordinates":[[[11.2173,52.1846],[11.2347,52.2067],[11.2173,52.2054],[11.2076,52.2297],[11.1804,52.2372],[11.1719,52.2262],[11.1523,52.228],[11.1192,52.2197],[11.1045,52.2341],[11.0862,52.2286],[11.0772,52.2187],[11.088,52.2104],[11.1248,52.2063],[11.1367,52.2008],[11.1555,52.204],[11.1595,52.1953],[11.1823,52.1984],[11.1992,52.1915],[11.2173,52.1846]]]},"properties":{"AGS":"15083323","GEN":"Ingersleben","SN_L":"15"}},
{"type":"Feature","geometry":{"type":"Polygon","coordinates":[[[11.3234,52.1717],[11.3038,52.1702],[11.2825,52.1607],[11.2597,52.1583],[11.2368,52.1728],[11.2329,52.1829],[11.2188,52.1675],[11.2003,52.1617],[11.19,52.1456],[11.1636,52.1439],[11.1601,52.1237],[11.183,52.1078],[11.2041,52.1044],[11.2139,52.1065],[11.2338,52.1259],[11.265,52.1119],[11.2794,52.1208],[11.2965,52.1248],[11.2785,52.1441],[11.2971,52.1508],[11.3298,52.1466],[11.3586,52.1362],[11.3671,52.1388],[11.3641,52.1677],[11.3306,52.1655],[11.3234,52.1717]]]},"properties":{"AGS":"15083190","GEN":"Eilsleben","SN_L":"15"}},
{"type":"Feature","geometry":{"type":"Polygon","coordinates":[[[11.088,52.2104],[11.0772,52.2187],[11.0449,52.2151],[11.0214,52.205],[11.0143,52.1819],[11.0359,52.1717],[11.0603,52.1724],[11.0741,52.1886],[11.0744,52.202],[11.088,52.2104]]]},"properties":{"AGS":"15083275","GEN":"Harbke","SN_L":"15"}},
{"type":"Feature","geometry":{"type":"Polygon","coordinates":[[[11.0645,52.1479],[11.0515,52.1486],[11.0463,52.1369],[11.0279,52.1303],[10.9769,52.1057],[10.9422,52.1031],[10.9462,52.0924],[10.9709,52.0854],[10.9731,52.074],[10.9644,52.0566],[11.0159,52.0453],[11.0216,52.0632],[11.0507,52.0683],[11.0585,52.0834],[11.0738,52.0904],[11.0762,52.1123],[11.1126,52.1126],[11.1255,52.1227],[11.116,52.1312],[11.0967,52.1292],[11.0678,52.1321],[11.0645,52.1479]]]},"properties":{"AGS":"15083320","GEN":"Hötensleben","SN_L":"15"}},
{"type":"Feature","geometry":{"type":"Polygon","coordinates":[[[11.1367,52.2008],[11.1248,52.2063],[11.088,52.2104],[11.0744,52.202],[11.0741,52.1886],[11.0603,52.1724],[11.0515,52.1486],[11.0645,52.1479],[11.0922,52.1476],[11.1207,52.1536],[11.1398,52.1694],[11.1321,52.1868],[11.1367,52.2008]]]},"properties":{"AGS":"15083485","GEN":"Sommersdorf","SN_L":"15"}},
{"type":"Feature","geometry":{"type":"Polygon","coordinates":[[[11.2329,52.1829],[11.2173,52.1846],[11.1992,52.1915],[11.2026,52.1843],[11.1891,52.1758],[11.1679,52.1739],[11.1457,52.1656],[11.1636,52.1439],[11.19,52.1456],[11.2003,52.1617],[11.2188,52.1675],[11.2329,52.1829]]]},"properties":{"AGS":"15083505","GEN":"Ummendorf","SN_L":"15"}},
{"type":"Feature","geometry":{"type":"Polygon","coordinates":[[[11.1636,52.1439],[11.1457,52.1656],[11.1398,52.1694],[11.1207,52.1536],[11.0922,52.1476],[11.0645,52.1479],[11.0678,52.1321],[11.0967,52.1292],[11.116,52.1312],[11.1255,52.1227],[11.1601,52.1237],[11.1636,52.1439]]]},"properties":{"AGS":"15083515","GEN":"Völpke","SN_L":"15"}},
{"type":"Feature","geometry":{"type":"Polygon","coordinates":[[[11.1992,52.1915],[11.1823,52.1984],[11.1595,52.1953],[11.1555,52.204],[11.1367,52.2008],[11.1321,52.1868],[11.1398,52.1694],[11.1457,52.1656],[11.1679,52.1739],[11.1891,52.1758],[11.2026,52.1843],[11.1992,52.1915]]]},"properties":{"AGS":"15083535","GEN":"Wefensleben","SN_L":"15"}},
{"type":"Feature","geometry":{"type":"Polygon","coordinates":[[[11.1351,52.0633],[11.1097,52.0651],[11.1098,52.0714],[11.0585,52.0834],[11.0507,52.0683],[11.0216,52.0632],[11.0159,52.0453],[11.0254,52.0399],[11.0702,52.0379],[11.0698,52.0236],[11.0836,52.0268],[11.0845,52.0117],[11.0981,52.0034],[11.1117,52.0002],[11.154,51.9987],[11.1684,52.0065],[11.1683,52.0246],[11.1309,52.0318],[11.1288,52.0572],[11.1351,52.0633]]]},"properties":{"AGS":"15083025","GEN":"Am Großen Bruch","SN_L":"15"}},
{"type":"Feature","geometry":{"type":"Polygon","coordinates":[[[11.183,52.1078],[11.1601,52.1237],[11.1255,52.1227],[11.1126,52.1126],[11.0762,52.1123],[11.0738,52.0904],[11.0585,52.0834],[11.1098,52.0714],[11.1097,52.0651],[11.1351,52.0633],[11.1538,52.0715],[11.1635,52.0693],[11.1709,52.0849],[11.1536,52.0826],[11.1375,52.0963],[11.1514,52.1033],[11.1808,52.1037],[11.183,52.1078]]]},"properties":{"AGS":"15083035","GEN":"Ausleben","SN_L":"15"}},
{"type":"Feature","geometry":{"type":"Polygon","coordinates":[[[11.2695,51.9558],[11.2629,51.9718],[11.2511,51.9786],[11.248,51.9904],[11.1828,51.9932],[11.1527,51.9887],[11.16,51.9814],[11.1553,51.9658],[11.1755,51.9655],[11.1803,51.9559],[11.1617,51.9404],[11.175,51.9169],[11.1908,51.9265],[11.2224,51.9192],[11.2263,51.9087],[11.2719,51.8933],[11.2755,51.9079],[11.2847,51.9148],[11.2873,51.928],[11.2623,51.9307],[11.2625,51.9491],[11.2695,51.9558]]]},"properties":{"AGS":"15083245","GEN":"Gröningen","SN_L":"15"}},
{"type":"Feature","geometry":{"type":"Polygon","coordinates":[[[11.3449,51.9624],[11.2972,51.972],[11.2962,51.9584],[11.2695,51.9558],[11.2625,51.9491],[11.2623,51.9307],[11.2873,51.928],[11.2847,51.9148],[11.2755,51.9079],[11.2978,51.9054],[11.3114,51.8998],[11.3408,51.9012],[11.3464,51.9136],[11.3713,51.9335],[11.3602,51.9391],[11.3449,51.9624]]]},"properties":{"AGS":"15083355","GEN":"Kroppenstedt","SN_L":"15"}},
{"type":"Feature","geometry":{"type":"MultiPolygon","coordinates":[[[[12.2883,51.0158],[12.293,51.0216],[12.287,51.0376],[12.2646,51.0375],[12.251,51.0417],[12.2362,51.037],[12.2401,51.0192],[12.2515,51.0089],[12.2689,51.013],[12.2779,51.0058],[12.2882,51.0146],[12.2883,51.0158]]],[[[12.2413,51.1298],[12.225,51.1374],[12.1962,51.1419],[12.1795,51.1339],[12.151,51.1296],[12.1498,51.1234],[12.18,51.1107],[12.1473,51.1027],[12.1699,51.0707],[12.1629,51.0525],[12.1747,51.0413],[12.1737,51.0295],[12.1878,51.0291],[12.2011,51.0403],[12.2255,51.0404],[12.2243,51.0533],[12.2407,51.056],[12.2505,51.0445],[12.2622,51.0496],[12.2585,51.0661],[12.2809,51.0833],[12.2835,51.0919],[12.2786,51.0993],[12.2614,51.0979],[12.2337,51.1027],[12.2214,51.1098],[12.2246,51.1193],[12.2413,51.1298]]]]},"properties":{"AGS":"15084130","GEN":"Elsteraue","SN_L":"15"}},
{"type":"Feature","geometry":{"type":"Polygon","coordinates":[[[12.1807,51.1899],[12.158,51.1914],[12.1199,51.1737],[12.1019,51.1769],[12.0929,51.1981],[12.0835,51.2048],[12.0481,51.1978],[12.0504,51.1922],[12.0263,51.1806],[12.0252,51.1719],[12.013,51.1661],[12.0354,51.1649],[12.0581,51.1567],[12.0411,51.142],[12.0554,51.1298],[12.0735,51.1358],[12.1063,51.1347],[12.1013,51.1163],[12.128,51.1163],[12.151,51.1296],[12.1795,51.1339],[12.1962,51.1419],[12.2023,51.1631],[12.2116,51.1724],[12.2131,51.1835],[12.1807,51.1899]]]},"properties":{"AGS":"15084235","GEN":"Hohenmölsen","SN_L":"15"}},
{"type":"Feature","geometry":{"type":"Polygon","coordinates":[[[12.1709,51.2755],[12.1476,51.2788],[12.1448,51.2702],[12.1136,51.2683],[12.1125,51.261],[12.0767,51.2575],[12.0751,51.2481],[12.0713,51.2405],[12.0542,51.2391],[12.0481,51.248],[12.0258,51.2448],[12.0094,51.2285],[12.0112,51.2171],[12.0229,51.2162],[12.0291,51.204],[12.0063,51.189],[12.0013,51.1716],[12.013,51.1661],[12.0252,51.1719],[12.0263,51.1806],[12.0504,51.1922],[12.0481,51.1978],[12.0835,51.2048],[12.0929,51.1981],[12.1019,51.1769],[12.1199,51.1737],[12.158,51.1914],[12.1807,51.1899],[12.1918,51.1957],[12.1896,51.204],[12.2012,51.2134],[12.1921,51.2369],[12.1995,51.2384],[12.1894,51.2576],[12.1737,51.2582],[12.1709,51.2755]]]},"properties":{"AGS":"15084315","GEN":"Lützen","SN_L":"15"}},
{"type":"Feature","geometry":{"type":"Polygon","coordinates":[[[11.8461,51.1923],[11.8274,51.1859],[11.8139,51.2012],[11.7763,51.1984],[11.7705,51.1888],[11.7467,51.1901],[11.7225,51.1807],[11.7185,51.1753],[11.7325,51.1687],[11.7406,51.1564],[11.7004,51.1424],[11.6928,51.1507],[11.676,51.1541],[11.6701,51.1429],[11.6477,51.1313],[11.6516,51.1093],[11.6623,51.1111],[11.6892,51.0986],[11.6969,51.0875],[11.7004,51.0792],[11.7157,51.087],[11.751,51.0968],[11.756,51.0871],[11.7794,51.0789],[11.818,51.0825],[11.8368,51.0878],[11.8498,51.0794],[11.8648,51.0898],[11.8677,51.105],[11.8282,51.1047],[11.827,51.1266],[11.8364,51.1307],[11.8374,51.1392],[11.8375,51.1546],[11.8568,51.1548],[11.8681,51.1634],[11.863,51.1861],[11.8461,51.1923]]]},"properties":{"AGS":"15084355","GEN":"Naumburg (Saale)","SN_L":"15"}},
{"type":"Feature","geometry":{"type":"Polygon","coordinates":[[[12.1013,51.1163],[12.1063,51.1347],[12.0735,51.1358],[12.0554,51.1298],[12.0411,51.142],[12.0581,51.1567],[12.0354,51.1649],[12.013,51.1661],[11.991,51.1584],[11.9612,51.1563],[11.9448,51.1633],[11.917,51.1635],[11.8999,51.1491],[11.8823,51.1397],[11.9104,51.1322],[11.9089,51.1255],[11.9118,51.121],[11.9471,51.1295],[11.9512,51.1087],[11.9681,51.0971],[11.9841,51.1059],[11.9925,51.0869],[12.0119,51.0875],[12.0251,51.0899],[12.0462,51.0821],[12.0614,51.0927],[12.0762,51.0929],[12.1032,51.1058],[12.1013,51.1163]]]},"properties":{"AGS":"15084490","GEN":"Teuchern","SN_L":"15"}},
{"type":"Feature","geometry":{"type":"Polygon","coordinates":[[[12.0751,51.2481],[12.0516,51.2539],[12.0462,51.2615],[12.0594,51.2685],[12.0408,51.2861],[12.002,51.2766],[11.9989,51.282],[11.9701,51.2751],[11.9689,51.2696],[11.9256,51.2702],[11.9293,51.255],[11.9235,51.2364],[11.8993,51.2334],[11.8857,51.2442],[11.8728,51.2429],[11.859,51.2366],[11.8809,51.2323],[11.881,51.2198],[11.8892,51.2143],[11.8834,51.1874],[11.9039,51.164],[11.917,51.1635],[11.9448,51.1633],[11.9612,51.1563],[11.991,51.1584],[12.013,51.1661],[12.0013,51.1716],[12.0063,51.189],[12.0291,51.204],[12.0229,51.2162],[12.0112,51.2171],[12.0094,51.2285],[12.0258,51.2448],[12.0481,51.248],[12.0542,51.2391],[12.0713,51.2405],[12.0751,51.2481]]]},"properties":{"AGS":"15084550","GEN":"Weißenfels","SN_L":"15"}},
{"type":"Feature","geometry":{"type":"Polygon","coordinates":[[[12.2505,51.0445],[12.2407,51.056],[12.2243,51.0533],[12.2255,51.0404],[12.2011,51.0403],[12.1878,51.0291],[12.1737,51.0295],[12.1747,51.0413],[12.1629,51.0525],[12.1699,51.0707],[12.1473,51.1027],[12.18,51.1107],[12.1498,51.1234],[12.151,51.1296],[12.128,51.1163],[12.1013,51.1163],[12.1032,51.1058],[12.0762,51.0929],[12.0614,51.0927],[12.0462,51.0821],[12.0825,51.0702],[12.1138,51.0711],[12.1013,51.047],[12.1038,51.0416],[12.1449,51.0265],[12.1584,51.0294],[12.1631,51.0166],[12.1882,50.9951],[12.2068,50.9955],[12.2048,50.9724],[12.2386,50.9731],[12.2657,50.992],[12.2779,51.0058],[12.2689,51.013],[12.2515,51.0089],[12.2401,51.0192],[12.2362,51.037],[12.251,51.0417],[12.2505,51.0445]]]},"properties":{"AGS":"15084590","GEN":"Zeitz","SN_L":"15"}},
{"type":"Feature","geometry":{"type":"Polygon","coordinates":[[[11.6132,51.1915],[11.6014,51.1979],[11.5835,51.1785],[11.5509,51.1745],[11.5384,51.1789],[11.5253,51.1692],[11.4855,51.168],[11.4719,51.1482],[11.451,51.1467],[11.4628,51.1293],[11.4841,51.1321],[11.5,51.1261],[11.5078,51.1364],[11.5067,51.1563],[11.5301,51.1558],[11.5557,51.1502],[11.5714,51.1564],[11.5766,51.1337],[11.5953,51.1345],[11.6055,51.1403],[11.6232,51.154],[11.666,51.1577],[11.6625,51.1673],[11.6448,51.1718],[11.6165,51.171],[11.6059,51.1755],[11.6132,51.1915]]]},"properties":{"AGS":"15084012","GEN":"An der Poststraße","SN_L":"15"}},
{"type":"Feature","geometry":{"type":"Polygon","coordinates":[[[11.5955,51.2558],[11.5765,51.2614],[11.5505,51.258],[11.5321,51.251],[11.5363,51.2373],[11.5342,51.2294],[11.549,51.2221],[11.5575,51.2076],[11.5373,51.2001],[11.519,51.2002],[11.53,51.1812],[11.5384,51.1789],[11.5509,51.1745],[11.5835,51.1785],[11.6014,51.1979],[11.6132,51.1915],[11.6387,51.1974],[11.6343,51.2111],[11.6425,51.2209],[11.6229,51.2264],[11.6168,51.24],[11.6007,51.2452],[11.5955,51.2558]]]},"properties":{"AGS":"15084015","GEN":"Bad Bibra","SN_L":"15"}},
{"type":"Feature","geometry":{"type":"Polygon","coordinates":[[[11.6055,51.1403],[11.5953,51.1345],[11.5766,51.1337],[11.5714,51.1564],[11.5557,51.1502],[11.5301,51.1558],[11.5067,51.1563],[11.5078,51.1364],[11.5,51.1261],[11.4841,51.1321],[11.4628,51.1293],[11.4634,51.1128],[11.4846,51.1054],[11.5456,51.1025],[11.5478,51.1117],[11.5623,51.1114],[11.5717,51.1194],[11.6017,51.1139],[11.6105,51.1242],[11.6055,51.1403]]]},"properties":{"AGS":"15084125","GEN":"Eckartsberga","SN_L":"15"}},
{"type":"Feature","geometry":{"type":"Polygon","coordinates":[[[11.4535,51.2304],[11.4305,51.2348],[11.4231,51.2299],[11.4016,51.2363],[11.3854,51.2459],[11.369,51.2296],[11.374,51.2196],[11.391,51.2165],[11.3914,51.2035],[11.4081,51.2037],[11.4309,51.2125],[11.446,51.2081],[11.4524,51.1925],[11.4686,51.1927],[11.4701,51.1803],[11.4977,51.1826],[11.4934,51.2017],[11.4765,51.2135],[11.456,51.2113],[11.4535,51.2304]]]},"properties":{"AGS":"15084132","GEN":"Finne","SN_L":"15"}},
{"type":"Feature","geometry":{"type":"Polygon","coordinates":[[[11.5363,51.2373],[11.5149,51.2277],[11.4535,51.2304],[11.456,51.2113],[11.4765,51.2135],[11.4934,51.2017],[11.4977,51.1826],[11.4701,51.1803],[11.4708,51.1698],[11.4855,51.168],[11.5253,51.1692],[11.5384,51.1789],[11.53,51.1812],[11.519,51.2002],[11.5373,51.2001],[11.5575,51.2076],[11.549,51.2221],[11.5342,51.2294],[11.5363,51.2373]]]},"properties":{"AGS":"15084133","GEN":"Finneland","SN_L":"15"}},
{"type":"Feature","geometry":{"type":"Polygon","coordinates":[[[11.5184,51.2763],[11.4988,51.2805],[11.473,51.2965],[11.4599,51.2941],[11.4561,51.2772],[11.4258,51.2556],[11.4126,51.2411],[11.4016,51.2363],[11.4231,51.2299],[11.4305,51.2348],[11.4535,51.2304],[11.5149,51.2277],[11.5363,51.2373],[11.5321,51.251],[11.5249,51.2594],[11.5313,51.2688],[11.5184,51.2763]]]},"properties":{"AGS":"15084246","GEN":"Kaiserpfalz","SN_L":"15"}},
{"type":"Feature","geometry":{"type":"Polygon","coordinates":[[[11.7185,51.1753],[11.7105,51.1709],[11.6849,51.1732],[11.6625,51.1673],[11.666,51.1577],[11.6232,51.154],[11.6055,51.1403],[11.6105,51.1242],[11.6017,51.1139],[11.62,51.1047],[11.6382,51.1111],[11.6471,51.1073],[11.6516,51.1093],[11.6477,51.1313],[11.6701,51.1429],[11.676,51.1541],[11.6928,51.1507],[11.7004,51.1424],[11.7406,51.1564],[11.7325,51.1687],[11.7185,51.1753]]]},"properties":{"AGS":"15084282","GEN":"Lanitz-Hassel-Tal","SN_L":"15"}},
{"type":"Feature","geometry":{"type":"Polygon","coordinates":[[[12.0497,51.0331],[12.0465,51.0423],[12.0185,51.059],[11.9874,51.0492],[11.9669,51.0475],[11.9693,51.0353],[11.9471,51.0291],[11.975,51.0173],[12.0107,51.0131],[12.0299,51.0307],[12.0497,51.0331]]]},"properties":{"AGS":"15084115","GEN":"Droyßig","SN_L":"15"}},
{"type":"Feature","geometry":{"type":"Polygon","coordinates":[[[12.1631,51.0166],[12.1584,51.0294],[12.1449,51.0265],[12.1038,51.0416],[12.0912,51.0264],[12.1002,51.0213],[12.0976,51.0036],[12.0788,50.9859],[12.0763,50.9747],[12.1054,50.9737],[12.135,50.965],[12.1584,50.9631],[12.1635,50.9586],[12.1704,50.9709],[12.1567,50.9873],[12.1445,50.9949],[12.1631,51.0166]]]},"properties":{"AGS":"15084207","GEN":"Gutenborn","SN_L":"15"}},
{"type":"Feature","geometry":{"type":"Polygon","coordinates":[[[12.0462,51.0821],[12.0251,51.0899],[12.0119,51.0875],[12.0275,51.0637],[12.0185,51.059],[12.0465,51.0423],[12.0497,51.0331],[12.058,51.026],[12.078,51.0309],[12.0912,51.0264],[12.1038,51.0416],[12.1013,51.047],[12.1138,51.0711],[12.0825,51.0702],[12.0462,51.0821]]]},"properties":{"AGS":"15084275","GEN":"Kretzschau","SN_L":"15"}},
{"type":"Feature","geometry":{"type":"Polygon","coordinates":[[[12.2386,50.9731],[12.2048,50.9724],[12.2068,50.9955],[12.1882,50.9951],[12.1631,51.0166],[12.1445,50.9949],[12.1567,50.9873],[12.1704,50.9709],[12.1825,50.9759],[12.198,50.9568],[12.212,50.959],[12.2144,50.9381],[12.2242,50.9429],[12.2387,50.9515],[12.2417,50.9615],[12.2386,50.9731]]]},"properties":{"AGS":"15084442","GEN":"Schnaudertal","SN_L":"15"}},
{"type":"Feature","geometry":{"type":"Polygon","coordinates":[[[12.0912,51.0264],[12.078,51.0309],[12.058,51.026],[12.0497,51.0331],[12.0299,51.0307],[12.0107,51.0131],[11.975,51.0173],[11.9768,51.0167],[11.9742,50.9903],[11.9978,50.9926],[12.0143,50.9839],[12.021,50.9691],[12.0375,50.9729],[12.0554,50.9686],[12.0763,50.9747],[12.0788,50.9859],[12.0976,51.0036],[12.1002,51.0213],[12.0912,51.0264]]]},"properties":{"AGS":"15084565","GEN":"Wetterzeube","SN_L":"15"}},
{"type":"Feature","geometry":{"type":"Polygon","coordinates":[[[11.7467,51.1901],[11.7543,51.2019],[11.7507,51.2119],[11.7355,51.2088],[11.7042,51.2154],[11.7004,51.2121],[11.6649,51.2068],[11.6479,51.1903],[11.6387,51.1974],[11.6132,51.1915],[11.6059,51.1755],[11.6165,51.171],[11.6448,51.1718],[11.6625,51.1673],[11.6849,51.1732],[11.7105,51.1709],[11.7185,51.1753],[11.7225,51.1807],[11.7467,51.1901]]]},"properties":{"AGS":"15084025","GEN":"Balgstädt","SN_L":"15"}},
{"type":"Feature","geometry":{"type":"Polygon","coordinates":[[[11.8481,51.2359],[11.8366,51.2482],[11.8095,51.2449],[11.7876,51.2495],[11.7429,51.2376],[11.7474,51.2294],[11.726,51.2249],[11.706,51.2349],[11.6939,51.2291],[11.7042,51.2154],[11.7355,51.2088],[11.7507,51.2119],[11.7543,51.2019],[11.7467,51.1901],[11.7705,51.1888],[11.7763,51.1984],[11.8139,51.2012],[11.8274,51.1859],[11.8461,51.1923],[11.8564,51.2099],[11.8402,51.2239],[11.8481,51.2359]]]},"properties":{"AGS":"15084135","GEN":"Freyburg (Unstrut)","SN_L":"15"}},
{"type":"Feature","geometry":{"type":"Polygon","coordinates":[[[11.7876,51.2495],[11.788,51.2682],[11.7776,51.27],[11.7597,51.284],[11.7122,51.2716],[11.6992,51.2663],[11.6882,51.277],[11.6774,51.2764],[11.6718,51.2632],[11.6678,51.2552],[11.6796,51.2449],[11.6981,51.2483],[11.7168,51.2406],[11.706,51.2349],[11.726,51.2249],[11.7474,51.2294],[11.7429,51.2376],[11.7876,51.2495]]]},"properties":{"AGS":"15084150","GEN":"Gleina","SN_L":"15"}},
{"type":"Feature","geometry":{"type":"Polygon","coordinates":[[[11.8834,51.1874],[11.8892,51.2143],[11.881,51.2198],[11.8809,51.2323],[11.859,51.2366],[11.8481,51.2359],[11.8402,51.2239],[11.8564,51.2099],[11.8461,51.1923],[11.863,51.1861],[11.8834,51.1874]]]},"properties":{"AGS":"15084170","GEN":"Goseck","SN_L":"15"}},
{"type":"Feature","geometry":{"type":"Polygon","coordinates":[[[11.6774,51.2764],[11.6583,51.2901],[11.6293,51.306],[11.6224,51.2868],[11.6067,51.2835],[11.5955,51.2558],[11.6007,51.2452],[11.6171,51.2569],[11.6718,51.2632],[11.6774,51.2764]]]},"properties":{"AGS":"15084250","GEN":"Karsdorf","SN_L":"15"}},
{"type":"Feature","geometry":{"type":"Polygon","coordinates":[[[11.6718,51.2632],[11.6171,51.2569],[11.6007,51.2452],[11.6168,51.24],[11.6229,51.2264],[11.6425,51.2209],[11.6343,51.2111],[11.6387,51.1974],[11.6479,51.1903],[11.6649,51.2068],[11.7004,51.2121],[11.7042,51.2154],[11.6939,51.2291],[11.706,51.2349],[11.7168,51.2406],[11.6981,51.2483],[11.6796,51.2449],[11.6678,51.2552],[11.6718,51.2632]]]},"properties":{"AGS":"15084285","GEN":"Laucha an der Unstrut","SN_L":"15"}},
{"type":"Feature","geometry":{"type":"Polygon","coordinates":[[[11.6166,51.3204],[11.6059,51.3159],[11.5973,51.3026],[11.5874,51.3061],[11.5674,51.2955],[11.5639,51.2788],[11.5502,51.2752],[11.5271,51.2865],[11.5184,51.2763],[11.5313,51.2688],[11.5249,51.2594],[11.5321,51.251],[11.5505,51.258],[11.5765,51.2614],[11.5955,51.2558],[11.6067,51.2835],[11.6224,51.2868],[11.6293,51.306],[11.6349,51.3142],[11.6166,51.3204]]]},"properties":{"AGS":"15084360","GEN":"Nebra (Unstrut)","SN_L":"15"}},
{"type":"Feature","geometry":{"type":"Polygon","coordinates":[[[12.0119,51.0875],[11.9925,51.0869],[11.9841,51.1059],[11.9681,51.0971],[11.9512,51.1087],[11.9343,51.0983],[11.9389,51.0827],[11.9546,51.0691],[11.956,51.0594],[11.9669,51.0475],[11.9874,51.0492],[12.0185,51.059],[12.0275,51.0637],[12.0119,51.0875]]]},"properties":{"AGS":"15084013","GEN":"Meineweh","SN_L":"15"}},
{"type":"Feature","geometry":{"type":"Polygon","coordinates":[[[11.9089,51.1255],[11.8804,51.1292],[11.8645,51.126],[11.8364,51.1307],[11.827,51.1266],[11.8282,51.1047],[11.8677,51.105],[11.8648,51.0898],[11.8498,51.0794],[11.8439,51.0762],[11.85,51.0526],[11.8766,51.0565],[11.8759,51.0691],[11.909,51.07],[11.9164,51.0734],[11.913,51.0978],[11.9211,51.1005],[11.9118,51.121],[11.9089,51.1255]]]},"properties":{"AGS":"15084335","GEN":"Mertendorf","SN_L":"15"}},
{"type":"Feature","geometry":{"type":"Polygon","coordinates":[[[11.8498,51.0794],[11.8368,51.0878],[11.818,51.0825],[11.7794,51.0789],[11.756,51.0871],[11.751,51.0968],[11.7157,51.087],[11.7004,51.0792],[11.7008,51.0694],[11.7212,51.071],[11.7533,51.057],[11.7521,51.0486],[11.7597,51.0429],[11.7651,51.0437],[11.7746,51.0532],[11.8039,51.0472],[11.85,51.0526],[11.8439,51.0762],[11.8498,51.0794]]]},"properties":{"AGS":"15084341","GEN":"Molauer Land","SN_L":"15"}},
{"type":"Feature","geometry":{"type":"Polygon","coordinates":[[[11.9343,51.0983],[11.9211,51.1005],[11.913,51.0978],[11.9164,51.0734],[11.909,51.07],[11.8759,51.0691],[11.8766,51.0565],[11.8851,51.0566],[11.9036,51.0442],[11.9109,51.0296],[11.9276,51.0276],[11.9471,51.0291],[11.9693,51.0353],[11.9669,51.0475],[11.956,51.0594],[11.9546,51.0691],[11.9389,51.0827],[11.9343,51.0983]]]},"properties":{"AGS":"15084375","GEN":"Osterfeld","SN_L":"15"}},
{"type":"Feature","geometry":{"type":"Polygon","coordinates":[[[11.8834,51.1874],[11.863,51.1861],[11.8681,51.1634],[11.8568,51.1548],[11.8375,51.1546],[11.8374,51.1392],[11.8596,51.1472],[11.8699,51.1374],[11.8823,51.1397],[11.8999,51.1491],[11.917,51.1635],[11.9039,51.164],[11.8834,51.1874]]]},"properties":{"AGS":"15084445","GEN":"Schönburg","SN_L":"15"}},
{"type":"Feature","geometry":{"type":"Polygon","coordinates":[[[11.9512,51.1087],[11.9471,51.1295],[11.9118,51.121],[11.9211,51.1005],[11.9343,51.0983],[11.9512,51.1087]]]},"properties":{"AGS":"15084470","GEN":"Stößen","SN_L":"15"}},
{"type":"Feature","geometry":{"type":"Polygon","coordinates":[[[11.8823,51.1397],[11.8699,51.1374],[11.8596,51.1472],[11.8374,51.1392],[11.8364,51.1307],[11.8645,51.126],[11.8804,51.1292],[11.9089,51.1255],[11.9104,51.1322],[11.8823,51.1397]]]},"properties":{"AGS":"15084560","GEN":"Wethau","SN_L":"15"}},
{"type":"Feature","geometry":{"type":"Polygon","coordinates":[[[11.3005,51.7594],[11.2789,51.7706],[11.2711,51.7851],[11.2736,51.7948],[11.2529,51.7998],[11.2528,51.7985],[11.2537,51.7917],[11.2372,51.7817],[11.216,51.7561],[11.195,51.7581],[11.1579,51.7573],[11.1519,51.7414],[11.1608,51.7152],[11.1498,51.7002],[11.1579,51.6888],[11.1504,51.6743],[11.1397,51.6687],[11.1614,51.6655],[11.1748,51.6748],[11.2056,51.6705],[11.2156,51.6899],[11.2472,51.6914],[11.256,51.7024],[11.2695,51.708],[11.2746,51.7207],[11.2876,51.7285],[11.3065,51.7326],[11.3005,51.7594]]]},"properties":{"AGS":"15085040","GEN":"Ballenstedt","SN_L":"15"}},
{"type":"Feature","geometry":{"type":"Polygon","coordinates":[[[11.0564,51.831],[11.0222,51.8337],[10.9986,51.8329],[10.969,51.8404],[10.9557,51.8405],[10.9526,51.8631],[10.974,51.8653],[10.9647,51.8851],[10.9518,51.897],[10.9119,51.9045],[10.8954,51.8995],[10.8889,51.8899],[10.8757,51.8922],[10.8628,51.8834],[10.8681,51.8663],[10.8846,51.8652],[10.8937,51.8389],[10.8896,51.8283],[10.9006,51.8163],[10.8642,51.8109],[10.8434,51.7916],[10.8528,51.7856],[10.8435,51.7765],[10.8459,51.7676],[10.8824,51.7627],[10.9004,51.7544],[10.9041,51.7473],[10.9196,51.7543],[10.9342,51.7498],[10.9487,51.7386],[10.9803,51.7393],[10.9926,51.7488],[11.002,51.7402],[11.0151,51.7478],[11.0128,51.7619],[11.0326,51.7649],[11.0328,51.7861],[11.0111,51.8035],[11.0315,51.8089],[11.0564,51.831]]]},"properties":{"AGS":"15085055","GEN":"Blankenburg (Harz)","SN_L":"15"}},
{"type":"Feature","geometry":{"type":"Polygon","coordinates":[[[11.3995,51.7694],[11.3467,51.7787],[11.326,51.7579],[11.3005,51.7594],[11.3065,51.7326],[11.2876,51.7285],[11.2746,51.7207],[11.2695,51.708],[11.256,51.7024],[11.2472,51.6914],[11.2156,51.6899],[11.2056,51.6705],[11.235,51.653],[11.2372,51.6426],[11.2872,51.6489],[11.3064,51.6589],[11.3331,51.67],[11.3344,51.6788],[11.3627,51.6923],[11.3816,51.6917],[11.396,51.6993],[11.3906,51.7138],[11.4016,51.7299],[11.4074,51.743],[11.3995,51.7694]]]},"properties":{"AGS":"15085110","GEN":"Falkenstein/Harz","SN_L":"15"}},
{"type":"Feature","geometry":{"type":"Polygon","coordinates":[[[11.0526,51.9544],[11.0198,51.9491],[10.9927,51.9528],[10.9631,51.9485],[10.9329,51.9471],[10.9131,51.9514],[10.8963,51.9504],[10.882,51.9493],[10.8818,51.9383],[10.8889,51.938],[10.9169,51.9232],[10.9119,51.9045],[10.9518,51.897],[10.9647,51.8851],[10.974,51.8653],[10.9526,51.8631],[10.9557,51.8405],[10.969,51.8404],[10.9986,51.8329],[11.0222,51.8337],[11.0564,51.831],[11.0577,51.8384],[11.0721,51.8586],[11.0858,51.8924],[11.1081,51.8904],[11.1228,51.8951],[11.1393,51.8995],[11.1551,51.9106],[11.175,51.9169],[11.1617,51.9404],[11.1551,51.9403],[11.1328,51.9328],[11.1131,51.9131],[11.0801,51.9193],[11.0747,51.9372],[11.0752,51.9532],[11.0526,51.9544]]]},"properties":{"AGS":"15085135","GEN":"Halberstadt","SN_L":"15"}},
{"type":"Feature","geometry":{"type":"Polygon","coordinates":[[[11.1397,51.6687],[11.1259,51.6699],[11.0947,51.6799],[11.0613,51.68],[11.0445,51.6791],[11.0353,51.6721],[11.0158,51.6796],[10.9821,51.6702],[10.9606,51.6671],[10.9524,51.6611],[10.9376,51.6449],[10.9061,51.6312],[10.8959,51.6119],[10.9161,51.6164],[10.9317,51.63],[10.9693,51.6332],[10.9763,51.6246],[10.9975,51.6288],[11.0186,51.627],[11.0184,51.6195],[11.0415,51.5936],[11.0615,51.5999],[11.0983,51.5997],[11.1011,51.5905],[11.1246,51.5918],[11.1135,51.5766],[11.1243,51.5707],[11.1411,51.5674],[11.1573,51.574],[11.1573,51.5863],[11.1917,51.5924],[11.209,51.5874],[11.2295,51.5966],[11.2436,51.609],[11.235,51.6274],[11.2372,51.6426],[11.235,51.653],[11.2056,51.6705],[11.1748,51.6748],[11.1614,51.6655],[11.1397,51.6687]]]},"properties":{"AGS":"15085145","GEN":"Harzgerode","SN_L":"15"}},
{"type":"Feature","geometry":{"type":"Polygon","coordinates":[[[10.9479,52.0587],[10.8734,52.0583],[10.8415,52.0502],[10.8497,52.0412],[10.8542,51.999],[10.8492,51.9866],[10.8685,51.9705],[10.8884,51.9667],[10.8963,51.9504],[10.9131,51.9514],[10.9329,51.9471],[10.9631,51.9485],[10.9927,51.9528],[11.0198,51.9491],[11.0526,51.9544],[11.0586,51.9736],[11.0909,51.9732],[11.0964,51.9819],[11.0981,52.0034],[11.0845,52.0117],[11.0836,52.0268],[11.0698,52.0236],[11.0702,52.0379],[11.0254,52.0399],[11.0159,52.0453],[10.9644,52.0566],[10.9479,52.0587]]]},"properties":{"AGS":"15085185","GEN":"Huy","SN_L":"15"}},
{"type":"Feature","geometry":{"type":"Polygon","coordinates":[[[10.7532,51.8715],[10.7244,51.8807],[10.7119,51.8779],[10.7012,51.8876],[10.6671,51.8762],[10.6458,51.8808],[10.6353,51.8766],[10.6182,51.8696],[10.6015,51.8542],[10.5845,51.8531],[10.577,51.843],[10.5882,51.8348],[10.6073,51.8222],[10.6345,51.8202],[10.6357,51.7992],[10.6608,51.8106],[10.6714,51.8224],[10.6905,51.8293],[10.6956,51.8371],[10.7111,51.8425],[10.7404,51.8381],[10.7579,51.8498],[10.7532,51.8715]]]},"properties":{"AGS":"15085190","GEN":"Ilsenburg (Harz)","SN_L":"15"}},
{"type":"Feature","geometry":{"type":"Polygon","coordinates":[[[10.8818,51.9383],[10.8602,51.929],[10.8341,51.928],[10.8164,51.9334],[10.7833,51.9321],[10.7807,51.9397],[10.7469,51.9444],[10.7383,51.9359],[10.6685,51.9236],[10.6687,51.932],[10.6433,51.9529],[10.6225,51.9475],[10.6133,51.9395],[10.6133,51.9215],[10.6276,51.9183],[10.6489,51.9072],[10.6493,51.8891],[10.6353,51.8766],[10.6458,51.8808],[10.6671,51.8762],[10.7012,51.8876],[10.7119,51.8779],[10.7244,51.8807],[10.7532,51.8715],[10.7742,51.8787],[10.8139,51.8872],[10.82,51.8781],[10.8628,51.8834],[10.8757,51.8922],[10.8889,51.8899],[10.8954,51.8995],[10.9119,51.9045],[10.9169,51.9232],[10.8889,51.938],[10.8818,51.9383]]]},"properties":{"AGS":"15085227","GEN":"Nordharz","SN_L":"15"}},
{"type":"Feature","geometry":{"type":"Polygon","coordinates":[[[10.8434,51.7916],[10.8202,51.7918],[10.8087,51.7962],[10.7827,51.7844],[10.752,51.7807],[10.7159,51.7651],[10.7025,51.7563],[10.6785,51.7581],[10.6644,51.7538],[10.6272,51.7579],[10.6335,51.7363],[10.6508,51.7181],[10.6687,51.7094],[10.6726,51.697],[10.6662,51.6837],[10.6705,51.6669],[10.6859,51.6544],[10.7014,51.6422],[10.7371,51.6451],[10.7561,51.6417],[10.7705,51.6449],[10.8182,51.639],[10.8212,51.6239],[10.8404,51.6316],[10.8591,51.6328],[10.8866,51.6121],[10.8959,51.6119],[10.9061,51.6312],[10.9376,51.6449],[10.9524,51.6611],[10.9374,51.6673],[10.9321,51.6806],[10.9146,51.6788],[10.9104,51.6923],[10.9169,51.7247],[10.8867,51.7326],[10.9041,51.7473],[10.9004,51.7544],[10.8824,51.7627],[10.8459,51.7676],[10.8435,51.7765],[10.8528,51.7856],[10.8434,51.7916]]]},"properties":{"AGS":"15085228","GEN":"Oberharz am Brocken","SN_L":"15"}},
{"type":"Feature","geometry":{"type":"Polygon","coordinates":[[[10.8015,52.048],[10.7874,52.0502],[10.7441,52.0488],[10.7221,52.0497],[10.7039,52.0499],[10.6723,52.045],[10.6479,52.0417],[10.6555,52.0247],[10.639,52.0153],[10.6002,52.0072],[10.573,52.0104],[10.5612,52.0041],[10.5868,51.9827],[10.6067,51.9752],[10.6433,51.9529],[10.6687,51.932],[10.6685,51.9236],[10.7383,51.9359],[10.7469,51.9444],[10.7807,51.9397],[10.7833,51.9321],[10.8164,51.9334],[10.8341,51.928],[10.8602,51.929],[10.8818,51.9383],[10.882,51.9493],[10.8963,51.9504],[10.8884,51.9667],[10.8685,51.9705],[10.8492,51.9866],[10.8542,51.999],[10.8497,52.0412],[10.8415,52.0502],[10.8305,52.048],[10.8015,52.048]]]},"properties":{"AGS":"15085230","GEN":"Osterwieck","SN_L":"15"}},
{"type":"Feature","geometry":{"type":"Polygon","coordinates":[[[11.1352,51.844],[11.119,51.8455],[11.0955,51.8273],[11.0834,51.8268],[11.0973,51.8202],[11.0898,51.7986],[11.071,51.7939],[11.1088,51.7798],[11.1101,51.751],[11.115,51.7452],[11.1079,51.7299],[11.0922,51.7216],[11.0751,51.7233],[11.0645,51.7064],[11.0728,51.7019],[11.0548,51.6922],[11.0613,51.68],[11.0947,51.6799],[11.1259,51.6699],[11.1397,51.6687],[11.1504,51.6743],[11.1579,51.6888],[11.1498,51.7002],[11.1608,51.7152],[11.1519,51.7414],[11.1579,51.7573],[11.195,51.7581],[11.216,51.7561],[11.2372,51.7817],[11.2537,51.7917],[11.2528,51.7985],[11.234,51.8063],[11.2046,51.816],[11.1672,51.818],[11.1649,51.827],[11.1493,51.8337],[11.1488,51.8431],[11.1352,51.844]]]},"properties":{"AGS":"15085235","GEN":"Quedlinburg","SN_L":"15"}},
{"type":"Feature","geometry":{"type":"Polygon","coordinates":[[[11.0834,51.8268],[11.0577,51.8384],[11.0564,51.831],[11.0315,51.8089],[11.0111,51.8035],[11.0328,51.7861],[11.0326,51.7649],[11.0128,51.7619],[11.0151,51.7478],[11.002,51.7402],[10.9926,51.7488],[10.9803,51.7393],[10.9487,51.7386],[10.9342,51.7498],[10.9196,51.7543],[10.9041,51.7473],[10.8867,51.7326],[10.9169,51.7247],[10.9104,51.6923],[10.9146,51.6788],[10.9321,51.6806],[10.9374,51.6673],[10.9524,51.6611],[10.9606,51.6671],[10.9821,51.6702],[11.0158,51.6796],[11.0353,51.6721],[11.0445,51.6791],[11.0613,51.68],[11.0548,51.6922],[11.0728,51.7019],[11.0645,51.7064],[11.0751,51.7233],[11.0922,51.7216],[11.1079,51.7299],[11.115,51.7452],[11.1101,51.751],[11.1088,51.7798],[11.071,51.7939],[11.0898,51.7986],[11.0973,51.8202],[11.0834,51.8268]]]},"properties":{"AGS":"15085330","GEN":"Thale","SN_L":"15"}},
{"type":"Feature","geometry":{"type":"Polygon","coordinates":[[[10.8628,51.8834],[10.82,51.8781],[10.8139,51.8872],[10.7742,51.8787],[10.7532,51.8715],[10.7579,51.8498],[10.7404,51.8381],[10.7111,51.8425],[10.6956,51.8371],[10.6905,51.8293],[10.6714,51.8224],[10.6608,51.8106],[10.6357,51.7992],[10.6345,51.8202],[10.6073,51.8222],[10.5882,51.8348],[10.5779,51.8258],[10.5743,51.8114],[10.5837,51.7992],[10.5804,51.7827],[10.5982,51.7659],[10.6272,51.7579],[10.6644,51.7538],[10.6785,51.7581],[10.7025,51.7563],[10.7159,51.7651],[10.752,51.7807],[10.7827,51.7844],[10.8087,51.7962],[10.8202,51.7918],[10.8434,51.7916],[10.8642,51.8109],[10.9006,51.8163],[10.8896,51.8283],[10.8937,51.8389],[10.8846,51.8652],[10.8681,51.8663],[10.8628,51.8834]]]},"properties":{"AGS":"15085370","GEN":"Wernigerode","SN_L":"15"}},
{"type":"Feature","geometry":{"type":"Polygon","coordinates":[[[11.2366,51.8399],[11.2365,51.8524],[11.2324,51.8559],[11.1872,51.8608],[11.1664,51.8435],[11.1488,51.8431],[11.1493,51.8337],[11.1649,51.827],[11.1672,51.818],[11.2046,51.816],[11.234,51.8063],[11.2396,51.8083],[11.2421,51.809],[11.2235,51.8233],[11.2366,51.8399]]]},"properties":{"AGS":"15085090","GEN":"Ditfurt","SN_L":"15"}},
{"type":"Feature","geometry":{"type":"Polygon","coordinates":[[[11.1551,51.9403],[11.1395,51.9421],[11.1304,51.9525],[11.0917,51.9549],[11.0752,51.9532],[11.0747,51.9372],[11.0801,51.9193],[11.1131,51.9131],[11.1328,51.9328],[11.1551,51.9403]]]},"properties":{"AGS":"15085125","GEN":"Groß Quenstedt","SN_L":"15"}},
{"type":"Feature","geometry":{"type":"Polygon","coordinates":[[[11.1228,51.8951],[11.1081,51.8904],[11.0858,51.8924],[11.0721,51.8586],[11.0577,51.8384],[11.0834,51.8268],[11.0955,51.8273],[11.119,51.8455],[11.1352,51.844],[11.1425,51.8733],[11.1303,51.8801],[11.1228,51.8951]]]},"properties":{"AGS":"15085140","GEN":"Harsleben","SN_L":"15"}},
{"type":"Feature","geometry":{"type":"Polygon","coordinates":[[[11.2366,51.8399],[11.2514,51.847],[11.2621,51.8449],[11.2838,51.8598],[11.2893,51.8698],[11.3046,51.8759],[11.2717,51.8918],[11.2382,51.8768],[11.2315,51.8634],[11.2365,51.8524],[11.2366,51.8399]]]},"properties":{"AGS":"15085160","GEN":"Hedersleben","SN_L":"15"}},
{"type":"Feature","geometry":{"type":"Polygon","coordinates":[[[11.154,51.9987],[11.1117,52.0002],[11.0981,52.0034],[11.0964,51.9819],[11.0909,51.9732],[11.0586,51.9736],[11.0526,51.9544],[11.0752,51.9532],[11.0917,51.9549],[11.1304,51.9525],[11.1395,51.9421],[11.1551,51.9403],[11.1617,51.9404],[11.1803,51.9559],[11.1755,51.9655],[11.1553,51.9658],[11.16,51.9814],[11.1527,51.9887],[11.154,51.9987]]]},"properties":{"AGS":"15085285","GEN":"Schwanebeck","SN_L":"15"}},
{"type":"Feature","geometry":{"type":"MultiPolygon","coordinates":[[[[11.2529,51.7998],[11.2396,51.8083],[11.234,51.8063],[11.2528,51.7985],[11.2529,51.7998]]],[[[11.3408,51.9012],[11.3114,51.8998],[11.2978,51.9054],[11.2755,51.9079],[11.2719,51.8933],[11.2717,51.8918],[11.3046,51.8759],[11.2893,51.8698],[11.2838,51.8598],[11.2621,51.8449],[11.2514,51.847],[11.2366,51.8399],[11.2235,51.8233],[11.2421,51.809],[11.2669,51.8346],[11.2934,51.8292],[11.3203,51.8483],[11.3385,51.8532],[11.3322,51.8752],[11.3445,51.8754],[11.328,51.8872],[11.3405,51.9007],[11.3408,51.9012]]]]},"properties":{"AGS":"15085287","GEN":"Selke-Aue","SN_L":"15"}},
{"type":"Feature","geometry":{"type":"Polygon","coordinates":[[[11.2719,51.8933],[11.2263,51.9087],[11.2224,51.9192],[11.1908,51.9265],[11.175,51.9169],[11.1551,51.9106],[11.1393,51.8995],[11.1228,51.8951],[11.1303,51.8801],[11.1425,51.8733],[11.1352,51.844],[11.1488,51.8431],[11.1664,51.8435],[11.1872,51.8608],[11.2324,51.8559],[11.2365,51.8524],[11.2315,51.8634],[11.2382,51.8768],[11.2717,51.8918],[11.2719,51.8933]]]},"properties":{"AGS":"15085365","GEN":"Wegeleben","SN_L":"15"}},
{"type":"Feature","geometry":{"type":"Polygon","coordinates":[[[11.7805,52.1706],[11.7634,52.1681],[11.7572,52.1905],[11.7329,52.1945],[11.7134,52.1842],[11.722,52.1769],[11.7109,52.1703],[11.7044,52.1519],[11.7223,52.144],[11.7141,52.1154],[11.7217,52.1001],[11.7296,52.0998],[11.7655,52.1289],[11.7706,52.125],[11.8121,52.1366],[11.8109,52.1408],[11.799,52.1479],[11.8146,52.1542],[11.7821,52.1615],[11.7805,52.1706]]]},"properties":{"AGS":"15086005","GEN":"Biederitz","SN_L":"15"}},
{"type":"Feature","geometry":{"type":"Polygon","coordinates":[[[11.9838,52.2924],[11.976,52.294],[11.9718,52.3138],[11.9443,52.3174],[11.955,52.3326],[11.9407,52.3413],[11.9191,52.3647],[11.916,52.3722],[11.9038,52.3565],[11.8519,52.3316],[11.8183,52.3342],[11.8053,52.3346],[11.7966,52.3236],[11.7674,52.3113],[11.76,52.2879],[11.736,52.2593],[11.7247,52.2507],[11.7436,52.2421],[11.7456,52.2302],[11.7373,52.2227],[11.7619,52.2183],[11.7751,52.212],[11.7822,52.2252],[11.7932,52.2258],[11.8025,52.2383],[11.8188,52.2425],[11.84,52.2395],[11.8506,52.2261],[11.878,52.2195],[11.9059,52.2266],[11.9014,52.243],[11.9236,52.2619],[11.9299,52.2702],[11.9682,52.2731],[11.9868,52.2814],[11.9838,52.2924]]]},"properties":{"AGS":"15086015","GEN":"Burg","SN_L":"15"}},
{"type":"Feature","geometry":{"type":"Polygon","coordinates":[[[12.0833,52.4085],[12.0585,52.4101],[12.0367,52.4036],[12.026,52.4059],[12.0228,52.4184],[12.0411,52.4267],[12.0378,52.4416],[12.0251,52.4521],[12.0187,52.4665],[12.0021,52.4602],[11.9929,52.4473],[11.99,52.4277],[11.976,52.4182],[11.9617,52.4005],[11.9324,52.3939],[11.9377,52.3737],[11.916,52.3722],[11.9191,52.3647],[11.9407,52.3413],[11.955,52.3326],[11.9443,52.3174],[11.9718,52.3138],[11.976,52.294],[11.9838,52.2924],[12.02,52.2953],[12.0272,52.305],[12.0438,52.323],[12.0296,52.3411],[12.0393,52.3563],[12.0653,52.3733],[12.0814,52.3767],[12.0991,52.3935],[12.0833,52.4085]]]},"properties":{"AGS":"15086035","GEN":"Elbe-Parey","SN_L":"15"}},
{"type":"Feature","geometry":{"type":"Polygon","coordinates":[[[12.273,52.3048],[12.2385,52.3132],[12.2478,52.3245],[12.1932,52.3507],[12.2033,52.3581],[12.1908,52.3721],[12.2163,52.3776],[12.2149,52.3942],[12.2419,52.3988],[12.2271,52.4106],[12.1914,52.408],[12.1866,52.416],[12.1691,52.4207],[12.1742,52.4374],[12.1625,52.4434],[12.1694,52.4572],[12.132,52.4559],[12.1086,52.447],[12.0821,52.4134],[12.0833,52.4085],[12.0991,52.3935],[12.0814,52.3767],[12.0653,52.3733],[12.0393,52.3563],[12.0296,52.3411],[12.0438,52.323],[12.0272,52.305],[12.0482,52.3041],[12.0754,52.2946],[12.0813,52.2808],[12.1194,52.2791],[12.1061,52.2637],[12.0913,52.2535],[12.0907,52.2447],[12.1178,52.2423],[12.1641,52.2544],[12.1769,52.2681],[12.1959,52.2446],[12.2027,52.2307],[12.2254,52.2266],[12.2382,52.2302],[12.258,52.2432],[12.2446,52.2484],[12.2547,52.2619],[12.2521,52.2754],[12.273,52.3048]]]},"properties":{"AGS":"15086040","GEN":"Genthin","SN_L":"15"}},
{"type":"Feature","geometry":{"type":"Polygon","coordinates":[[[12.0385,52.0638],[11.99,52.0715],[11.9992,52.0879],[11.9628,52.0938],[11.9546,52.0985],[11.9214,52.1041],[11.8918,52.1057],[11.8966,52.1164],[11.8887,52.124],[11.8606,52.1241],[11.8513,52.1427],[11.8343,52.1383],[11.8109,52.1408],[11.8121,52.1366],[11.7706,52.125],[11.7655,52.1289],[11.7296,52.0998],[11.7487,52.0932],[11.7633,52.0765],[11.7624,52.0731],[11.7736,52.0673],[11.8034,52.0681],[11.8148,52.0625],[11.8341,52.0631],[11.8474,52.0576],[11.8499,52.0294],[11.8618,52.0257],[11.8799,52.0219],[11.8908,52.0014],[11.9238,52.0015],[11.9523,52.0084],[11.966,52.0245],[11.9869,52.026],[11.9943,52.0334],[12.0173,52.039],[12.0385,52.0638]]]},"properties":{"AGS":"15086055","GEN":"Gommern","SN_L":"15"}},
{"type":"Feature","geometry":{"type":"Polygon","coordinates":[[[12.1713,52.5062],[12.1624,52.501],[12.145,52.5075],[12.1142,52.5065],[12.103,52.5116],[12.1032,52.5244],[12.0811,52.5351],[12.0633,52.5352],[12.0517,52.5254],[12.0211,52.5248],[11.9915,52.519],[11.9873,52.532],[11.9991,52.5464],[11.9985,52.5599],[11.9885,52.5757],[11.9857,52.5527],[11.979,52.5353],[11.9631,52.5238],[11.9631,52.5124],[11.985,52.494],[11.9858,52.4785],[12.0021,52.4602],[12.0187,52.4665],[12.0251,52.4521],[12.0378,52.4416],[12.0411,52.4267],[12.0228,52.4184],[12.026,52.4059],[12.0367,52.4036],[12.0585,52.4101],[12.0833,52.4085],[12.0821,52.4134],[12.1086,52.447],[12.132,52.4559],[12.1694,52.4572],[12.1625,52.4434],[12.1742,52.4374],[12.1691,52.4207],[12.1866,52.416],[12.1914,52.408],[12.2271,52.4106],[12.2419,52.3988],[12.2149,52.3942],[12.2163,52.3776],[12.1908,52.3721],[12.2033,52.3581],[12.1932,52.3507],[12.2478,52.3245],[12.2385,52.3132],[12.273,52.3048],[12.3081,52.3447],[12.2838,52.3643],[12.3056,52.3785],[12.294,52.3819],[12.3016,52.3954],[12.2745,52.4161],[12.2934,52.4235],[12.3172,52.4541],[12.3251,52.4712],[12.3083,52.4803],[12.3107,52.4909],[12.2987,52.4961],[12.2714,52.4875],[12.2691,52.5005],[12.2597,52.5046],[12.2564,52.519],[12.2361,52.5237],[12.2214,52.5005],[12.1814,52.4997],[12.1713,52.5062]]]},"properties":{"AGS":"15086080","GEN":"Jerichow","SN_L":"15"}},
{"type":"Feature","geometry":{"type":"Polygon","coordinates":[[[12.258,52.2432],[12.2382,52.2302],[12.2254,52.2266],[12.2027,52.2307],[12.1959,52.2446],[12.1769,52.2681],[12.1641,52.2544],[12.1178,52.2423],[12.0907,52.2447],[12.0913,52.2535],[12.1061,52.2637],[12.1194,52.2791],[12.0813,52.2808],[12.0754,52.2946],[12.0482,52.3041],[12.0272,52.305],[12.02,52.2953],[11.9838,52.2924],[11.9868,52.2814],[11.9682,52.2731],[11.9299,52.2702],[11.9236,52.2619],[11.9415,52.2456],[11.9423,52.2367],[11.957,52.2216],[11.9135,52.21],[11.8858,52.2115],[11.8758,52.199],[11.833,52.1947],[11.8256,52.1745],[11.7805,52.1706],[11.7821,52.1615],[11.8146,52.1542],[11.799,52.1479],[11.8109,52.1408],[11.8343,52.1383],[11.8513,52.1427],[11.8606,52.1241],[11.8887,52.124],[11.8966,52.1164],[11.8918,52.1057],[11.9214,52.1041],[11.9546,52.0985],[11.9628,52.0938],[11.9992,52.0879],[11.99,52.0715],[12.0385,52.0638],[12.057,52.0573],[12.0787,52.0759],[12.0981,52.0753],[12.133,52.0692],[12.1784,52.0765],[12.2046,52.0887],[12.2141,52.1025],[12.2669,52.1003],[12.2767,52.104],[12.2632,52.1328],[12.2566,52.1346],[12.2425,52.1412],[12.2313,52.155],[12.234,52.1628],[12.2181,52.1733],[12.2286,52.186],[12.2445,52.1911],[12.2423,52.1961],[12.2603,52.2165],[12.2788,52.217],[12.291,52.2299],[12.258,52.2432]]]},"properties":{"AGS":"15086140","GEN":"Möckern","SN_L":"15"}},
{"type":"Feature","geometry":{"type":"Polygon","coordinates":[[[11.7805,52.1706],[11.8256,52.1745],[11.833,52.1947],[11.8758,52.199],[11.8858,52.2115],[11.9135,52.21],[11.957,52.2216],[11.9423,52.2367],[11.9415,52.2456],[11.9236,52.2619],[11.9014,52.243],[11.9059,52.2266],[11.878,52.2195],[11.8506,52.2261],[11.84,52.2395],[11.8188,52.2425],[11.8025,52.2383],[11.7932,52.2258],[11.7822,52.2252],[11.7751,52.212],[11.7619,52.2183],[11.7373,52.2227],[11.7456,52.2302],[11.7436,52.2421],[11.7247,52.2507],[11.702,52.2428],[11.7045,52.2202],[11.7142,52.2079],[11.7046,52.1995],[11.6873,52.187],[11.7021,52.1725],[11.7109,52.1703],[11.722,52.1769],[11.7134,52.1842],[11.7329,52.1945],[11.7572,52.1905],[11.7634,52.1681],[11.7805,52.1706]]]},"properties":{"AGS":"15086145","GEN":"Möser","SN_L":"15"}},
{"type":"Feature","geometry":{"type":"MultiPolygon","coordinates":[[[[11.3846,51.5392],[11.3617,51.5432],[11.377,51.5538],[11.3492,51.5602],[11.3383,51.5591],[11.3463,51.5515],[11.3296,51.5312],[11.349,51.5193],[11.3732,51.5136],[11.3774,51.5333],[11.3846,51.5392]]],[[[11.4107,51.5302],[11.4053,51.5408],[11.3903,51.5397],[11.3805,51.5311],[11.3809,51.509],[11.3866,51.4863],[11.3717,51.4745],[11.3567,51.4743],[11.3522,51.4567],[11.3388,51.4543],[11.317,51.4248],[11.3281,51.4153],[11.3213,51.4104],[11.3477,51.3846],[11.3783,51.3872],[11.3969,51.3813],[11.3904,51.3667],[11.3931,51.3595],[11.401,51.3494],[11.3994,51.3448],[11.4058,51.3422],[11.412,51.3425],[11.4289,51.3398],[11.4166,51.3436],[11.4305,51.3638],[11.4654,51.3747],[11.4746,51.388],[11.5029,51.4027],[11.5044,51.4146],[11.4827,51.4533],[11.4785,51.4534],[11.4696,51.4523],[11.4653,51.4804],[11.4384,51.489],[11.4001,51.4961],[11.4051,51.5008],[11.3983,51.5188],[11.4133,51.5264],[11.4107,51.5302]]]]},"properties":{"AGS":"15087015","GEN":"Allstedt","SN_L":"15"}},
{"type":"Feature","geometry":{"type":"Polygon","coordinates":[[[11.6104,51.6912],[11.6046,51.7015],[11.5839,51.7005],[11.5466,51.685],[11.5186,51.6883],[11.5173,51.7031],[11.4978,51.7167],[11.4633,51.7178],[11.4464,51.7128],[11.432,51.7216],[11.4016,51.7299],[11.3906,51.7138],[11.396,51.6993],[11.3816,51.6917],[11.3627,51.6923],[11.3344,51.6788],[11.3331,51.67],[11.3064,51.6589],[11.307,51.6492],[11.351,51.6484],[11.3469,51.6231],[11.3513,51.6126],[11.3914,51.6246],[11.4389,51.6205],[11.4462,51.6259],[11.4288,51.6399],[11.4448,51.6502],[11.4437,51.6609],[11.4756,51.68],[11.5275,51.6565],[11.5496,51.6575],[11.571,51.6519],[11.5794,51.6482],[11.6088,51.6637],[11.6104,51.6912]]]},"properties":{"AGS":"15087031","GEN":"Arnstein","SN_L":"15"}},
{"type":"Feature","geometry":{"type":"Polygon","coordinates":[[[11.6703,51.5649],[11.6675,51.5816],[11.6104,51.5926],[11.6012,51.6019],[11.5851,51.5993],[11.569,51.5913],[11.5655,51.5812],[11.5434,51.5783],[11.5312,51.5819],[11.5196,51.5605],[11.5233,51.556],[11.5006,51.5356],[11.5071,51.5296],[11.5172,51.5268],[11.516,51.5118],[11.4885,51.5105],[11.4637,51.5015],[11.4765,51.5017],[11.4806,51.4909],[11.5033,51.4724],[11.4771,51.4603],[11.4785,51.4534],[11.4827,51.4533],[11.5044,51.4146],[11.5275,51.4163],[11.5254,51.4255],[11.5509,51.4403],[11.5691,51.4442],[11.5699,51.456],[11.5575,51.46],[11.5551,51.473],[11.5652,51.4844],[11.5816,51.4839],[11.5951,51.4765],[11.6183,51.4875],[11.6066,51.5009],[11.6143,51.5103],[11.6511,51.5284],[11.667,51.5269],[11.6651,51.5404],[11.6727,51.5587],[11.6703,51.5649]]]},"properties":{"AGS":"15087130","GEN":"Eisleben","SN_L":"15"}},
{"type":"Feature","geometry":{"type":"Polygon","coordinates":[[[11.7516,51.6333],[11.7454,51.6288],[11.7198,51.629],[11.7185,51.6351],[11.6928,51.649],[11.6402,51.6548],[11.6088,51.6637],[11.5794,51.6482],[11.571,51.6519],[11.5696,51.641],[11.5532,51.6411],[11.5537,51.62],[11.5227,51.6177],[11.5109,51.6097],[11.5118,51.5994],[11.5108,51.5944],[11.5312,51.5819],[11.5434,51.5783],[11.5655,51.5812],[11.569,51.5913],[11.5851,51.5993],[11.6012,51.6019],[11.6104,51.5926],[11.6675,51.5816],[11.6703,51.5649],[11.686,51.5695],[11.6988,51.573],[11.7095,51.5859],[11.73,51.592],[11.7351,51.607],[11.7637,51.6093],[11.7485,51.6212],[11.7516,51.6333]]]},"properties":{"AGS":"15087165","GEN":"Gerbstedt","SN_L":"15"}},
{"type":"Feature","geometry":{"type":"Polygon","coordinates":[[[11.571,51.6519],[11.5496,51.6575],[11.5275,51.6565],[11.4756,51.68],[11.4437,51.6609],[11.4448,51.6502],[11.4288,51.6399],[11.4462,51.6259],[11.4766,51.6272],[11.4801,51.6351],[11.5011,51.6335],[11.5135,51.6219],[11.5109,51.6097],[11.5227,51.6177],[11.5537,51.62],[11.5532,51.6411],[11.5696,51.641],[11.571,51.6519]]]},"properties":{"AGS":"15087220","GEN":"Hettstedt","SN_L":"15"}},
{"type":"Feature","geometry":{"type":"Polygon","coordinates":[[[11.4462,51.6259],[11.4389,51.6205],[11.3914,51.6246],[11.3513,51.6126],[11.3469,51.6231],[11.351,51.6484],[11.307,51.6492],[11.3064,51.6589],[11.2872,51.6489],[11.2372,51.6426],[11.235,51.6274],[11.2436,51.609],[11.2295,51.5966],[11.209,51.5874],[11.231,51.5789],[11.2604,51.586],[11.2646,51.5962],[11.2814,51.5918],[11.2814,51.5806],[11.2955,51.574],[11.295,51.5638],[11.3171,51.5678],[11.3383,51.5591],[11.3492,51.5602],[11.377,51.5538],[11.3617,51.5432],[11.3846,51.5392],[11.3903,51.5397],[11.4053,51.5408],[11.4107,51.5302],[11.4247,51.5289],[11.4412,51.5384],[11.4463,51.563],[11.4446,51.5771],[11.4619,51.5786],[11.4804,51.5831],[11.4786,51.5958],[11.5118,51.5994],[11.5109,51.6097],[11.5135,51.6219],[11.5011,51.6335],[11.4801,51.6351],[11.4766,51.6272],[11.4462,51.6259]]]},"properties":{"AGS":"15087275","GEN":"Mansfeld","SN_L":"15"}},
{"type":"Feature","geometry":{"type":"Polygon","coordinates":[[[11.3383,51.5591],[11.3171,51.5678],[11.295,51.5638],[11.2955,51.574],[11.2814,51.5806],[11.2814,51.5918],[11.2646,51.5962],[11.2604,51.586],[11.231,51.5789],[11.209,51.5874],[11.1917,51.5924],[11.1573,51.5863],[11.1573,51.574],[11.1411,51.5674],[11.1243,51.5707],[11.1017,51.5607],[11.0885,51.5609],[11.0736,51.5466],[11.0759,51.5373],[11.0958,51.5407],[11.1023,51.528],[11.1314,51.5303],[11.1455,51.5175],[11.182,51.5153],[11.1839,51.4962],[11.1971,51.482],[11.2301,51.4862],[11.2391,51.4695],[11.2372,51.4584],[11.2497,51.4443],[11.263,51.4414],[11.2597,51.4299],[11.2702,51.4272],[11.2931,51.4232],[11.3148,51.4142],[11.3281,51.4153],[11.317,51.4248],[11.3388,51.4543],[11.3522,51.4567],[11.3567,51.4743],[11.3717,51.4745],[11.3866,51.4863],[11.3809,51.509],[11.3805,51.5311],[11.3903,51.5397],[11.3846,51.5392],[11.3774,51.5333],[11.3732,51.5136],[11.349,51.5193],[11.3296,51.5312],[11.3463,51.5515],[11.3383,51.5591]]]},"properties":{"AGS":"15087370","GEN":"Sangerhausen","SN_L":"15"}},
{"type":"Feature","geometry":{"type":"Polygon","coordinates":[[[11.686,51.5695],[11.6703,51.5649],[11.6727,51.5587],[11.6651,51.5404],[11.667,51.5269],[11.6511,51.5284],[11.6143,51.5103],[11.6066,51.5009],[11.6183,51.4875],[11.5951,51.4765],[11.5816,51.4839],[11.5652,51.4844],[11.5551,51.473],[11.5575,51.46],[11.5699,51.456],[11.5691,51.4442],[11.6005,51.4436],[11.6051,51.4528],[11.6332,51.4611],[11.6446,51.4528],[11.6686,51.4506],[11.6756,51.4332],[11.6903,51.4233],[11.7161,51.4254],[11.7427,51.4298],[11.7399,51.4423],[11.7659,51.4444],[11.7752,51.4627],[11.7621,51.4688],[11.7399,51.4857],[11.7074,51.4986],[11.7048,51.5127],[11.7254,51.5287],[11.7134,51.5503],[11.6879,51.5606],[11.686,51.5695]]]},"properties":{"AGS":"15087386","GEN":"Seegebiet Mansfelder Land","SN_L":"15"}},
{"type":"Feature","geometry":{"type":"Polygon","coordinates":[[[11.1243,51.5707],[11.1135,51.5766],[11.1246,51.5918],[11.1011,51.5905],[11.0983,51.5997],[11.0615,51.5999],[11.0415,51.5936],[11.0184,51.6195],[11.0186,51.627],[10.9975,51.6288],[10.9763,51.6246],[10.9693,51.6332],[10.9317,51.63],[10.9161,51.6164],[10.9141,51.6112],[10.9374,51.6016],[10.9305,51.5917],[10.9033,51.5938],[10.8939,51.5986],[10.8821,51.5805],[10.8939,51.5764],[10.8967,51.554],[10.9045,51.5496],[10.9399,51.5413],[10.9329,51.5215],[10.9397,51.5007],[10.9466,51.499],[10.9522,51.497],[10.9729,51.482],[10.9999,51.4857],[11.0126,51.4931],[11.0406,51.4848],[11.0455,51.4773],[11.039,51.4602],[11.0628,51.4514],[11.1073,51.4437],[11.146,51.4445],[11.1423,51.4662],[11.1974,51.4774],[11.1971,51.482],[11.1839,51.4962],[11.182,51.5153],[11.1455,51.5175],[11.1314,51.5303],[11.1023,51.528],[11.0958,51.5407],[11.0759,51.5373],[11.0736,51.5466],[11.0885,51.5609],[11.1017,51.5607],[11.1243,51.5707]]]},"properties":{"AGS":"15087412","GEN":"Südharz","SN_L":"15"}},
{"type":"Feature","geometry":{"type":"Polygon","coordinates":[[[11.039,51.4602],[11.0455,51.4773],[11.0406,51.4848],[11.0126,51.4931],[10.9999,51.4857],[10.9729,51.482],[10.9608,51.4712],[10.963,51.4604],[10.9723,51.4514],[10.9687,51.4426],[10.9797,51.4319],[11.0132,51.4346],[11.0207,51.4571],[11.039,51.4602]]]},"properties":{"AGS":"15087055","GEN":"Berga","SN_L":"15"}},
{"type":"Feature","geometry":{"type":"Polygon","coordinates":[[[11.2239,51.4132],[11.2168,51.4309],[11.2246,51.447],[11.1798,51.4508],[11.1747,51.4458],[11.1511,51.4452],[11.1621,51.4316],[11.173,51.4313],[11.1719,51.4062],[11.1924,51.4029],[11.201,51.4062],[11.2239,51.4132]]]},"properties":{"AGS":"15087101","GEN":"Brücken-Hackpfüffel","SN_L":"15"}},
{"type":"Feature","geometry":{"type":"Polygon","coordinates":[[[11.3281,51.4153],[11.3148,51.4142],[11.2931,51.4232],[11.2702,51.4272],[11.2528,51.4007],[11.2853,51.4021],[11.3213,51.4104],[11.3281,51.4153]]]},"properties":{"AGS":"15087125","GEN":"Edersleben","SN_L":"15"}},
{"type":"Feature","geometry":{"type":"Polygon","coordinates":[[[11.146,51.4445],[11.1073,51.4437],[11.0628,51.4514],[11.039,51.4602],[11.0207,51.4571],[11.0132,51.4346],[10.9797,51.4319],[10.9781,51.4269],[10.9982,51.4287],[11.0053,51.4168],[11.0457,51.4239],[11.0518,51.4295],[11.0715,51.4286],[11.102,51.4169],[11.1224,51.4128],[11.1529,51.4016],[11.1719,51.4062],[11.173,51.4313],[11.1621,51.4316],[11.1511,51.4452],[11.146,51.4445]]]},"properties":{"AGS":"15087250","GEN":"Kelbra (Kyffhäuser)","SN_L":"15"}},
{"type":"Feature","geometry":{"type":"Polygon","coordinates":[[[11.2702,51.4272],[11.2597,51.4299],[11.263,51.4414],[11.2497,51.4443],[11.2372,51.4584],[11.2391,51.4695],[11.2301,51.4862],[11.1971,51.482],[11.1974,51.4774],[11.1423,51.4662],[11.146,51.4445],[11.1511,51.4452],[11.1747,51.4458],[11.1798,51.4508],[11.2246,51.447],[11.2168,51.4309],[11.2239,51.4132],[11.2441,51.397],[11.2528,51.4007],[11.2702,51.4272]]]},"properties":{"AGS":"15087440","GEN":"Wallhausen","SN_L":"15"}},
{"type":"Feature","geometry":{"type":"Polygon","coordinates":[[[11.4754,51.5449],[11.4668,51.5604],[11.4463,51.563],[11.4412,51.5384],[11.4754,51.5449]]]},"properties":{"AGS":"15087010","GEN":"Ahlsdorf","SN_L":"15"}},
{"type":"Feature","geometry":{"type":"Polygon","coordinates":[[[11.4619,51.5786],[11.4446,51.5771],[11.4463,51.563],[11.4668,51.5604],[11.4946,51.5655],[11.4978,51.5746],[11.4619,51.5786]]]},"properties":{"AGS":"15087045","GEN":"Benndorf","SN_L":"15"}},
{"type":"Feature","geometry":{"type":"Polygon","coordinates":[[[11.4567,51.5212],[11.4133,51.5264],[11.3983,51.5188],[11.4051,51.5008],[11.4001,51.4961],[11.4384,51.489],[11.4653,51.4804],[11.4595,51.5019],[11.4466,51.5086],[11.4567,51.5212]]]},"properties":{"AGS":"15087070","GEN":"Blankenheim","SN_L":"15"}},
{"type":"Feature","geometry":{"type":"Polygon","coordinates":[[[11.4637,51.5015],[11.4595,51.5019],[11.4653,51.4804],[11.4696,51.4523],[11.4785,51.4534],[11.4771,51.4603],[11.5033,51.4724],[11.4806,51.4909],[11.4765,51.5017],[11.4637,51.5015]]]},"properties":{"AGS":"15087075","GEN":"Bornstedt","SN_L":"15"}},
{"type":"Feature","geometry":{"type":"Polygon","coordinates":[[[11.5196,51.5605],[11.5104,51.573],[11.4978,51.5746],[11.4946,51.5655],[11.4668,51.5604],[11.4754,51.5449],[11.5006,51.5356],[11.5233,51.556],[11.5196,51.5605]]]},"properties":{"AGS":"15087205","GEN":"Helbra","SN_L":"15"}},
{"type":"Feature","geometry":{"type":"Polygon","coordinates":[[[11.5006,51.5356],[11.4754,51.5449],[11.4412,51.5384],[11.4247,51.5289],[11.4107,51.5302],[11.4133,51.5264],[11.4567,51.5212],[11.4985,51.5248],[11.5071,51.5296],[11.5006,51.5356]]]},"properties":{"AGS":"15087210","GEN":"Hergisdorf","SN_L":"15"}},
{"type":"Feature","geometry":{"type":"Polygon","coordinates":[[[11.5118,51.5994],[11.4786,51.5958],[11.4804,51.5831],[11.4619,51.5786],[11.4978,51.5746],[11.5104,51.573],[11.5196,51.5605],[11.5312,51.5819],[11.5108,51.5944],[11.5118,51.5994]]]},"properties":{"AGS":"15087260","GEN":"Klostermansfeld","SN_L":"15"}},
{"type":"Feature","geometry":{"type":"Polygon","coordinates":[[[11.4637,51.5015],[11.4885,51.5105],[11.516,51.5118],[11.5172,51.5268],[11.5071,51.5296],[11.4985,51.5248],[11.4567,51.5212],[11.4466,51.5086],[11.4595,51.5019],[11.4637,51.5015]]]},"properties":{"AGS":"15087470","GEN":"Wimmelburg","SN_L":"15"}},
{"type":"Feature","geometry":{"type":"Polygon","coordinates":[[[12.1557,51.3005],[12.1369,51.3028],[12.1341,51.2913],[12.1217,51.2886],[12.1152,51.3005],[12.1008,51.3086],[12.0506,51.3119],[12.0403,51.2986],[12.0408,51.2861],[12.0594,51.2685],[12.0462,51.2615],[12.0516,51.2539],[12.0751,51.2481],[12.0767,51.2575],[12.1125,51.261],[12.1136,51.2683],[12.1448,51.2702],[12.1476,51.2788],[12.1709,51.2755],[12.1689,51.2938],[12.1557,51.3005]]]},"properties":{"AGS":"15088020","GEN":"Bad Dürrenberg","SN_L":"15"}},
{"type":"Feature","geometry":{"type":"Polygon","coordinates":[[[11.9048,51.3976],[11.907,51.4212],[11.8731,51.4227],[11.8544,51.4181],[11.8326,51.4218],[11.8115,51.413],[11.7869,51.4086],[11.7824,51.401],[11.7447,51.3966],[11.7139,51.39],[11.7205,51.3777],[11.7274,51.3672],[11.7462,51.3715],[11.7568,51.3655],[11.8155,51.3656],[11.8213,51.3461],[11.8185,51.3355],[11.8472,51.332],[11.8645,51.3343],[11.8737,51.3415],[11.8996,51.3442],[11.9203,51.3554],[11.9142,51.374],[11.9149,51.3858],[11.9048,51.3976]]]},"properties":{"AGS":"15088025","GEN":"Bad Lauchstädt","SN_L":"15"}},
{"type":"Feature","geometry":{"type":"Polygon","coordinates":[[[11.9772,51.2907],[11.9561,51.2964],[11.9467,51.3187],[11.9323,51.3308],[11.9113,51.326],[11.8996,51.3442],[11.8737,51.3415],[11.8645,51.3343],[11.8472,51.332],[11.8427,51.3093],[11.8187,51.287],[11.8232,51.2724],[11.86,51.2694],[11.8683,51.259],[11.8728,51.2429],[11.8857,51.2442],[11.8993,51.2334],[11.9235,51.2364],[11.9293,51.255],[11.9256,51.2702],[11.9689,51.2696],[11.9701,51.2751],[11.9772,51.2907]]]},"properties":{"AGS":"15088065","GEN":"Braunsbedra","SN_L":"15"}},
{"type":"Feature","geometry":{"type":"Polygon","coordinates":[[[12.087,51.485],[12.0785,51.4745],[12.0529,51.4761],[12.0564,51.46],[12.0243,51.4343],[12.0214,51.4204],[12.0315,51.4252],[12.0706,51.4206],[12.0826,51.4132],[12.0976,51.4158],[12.1511,51.4141],[12.1584,51.4076],[12.1735,51.4103],[12.1898,51.4209],[12.1825,51.4324],[12.1572,51.4327],[12.1578,51.4523],[12.1487,51.4595],[12.1201,51.4582],[12.1032,51.4608],[12.0924,51.4705],[12.087,51.485]]]},"properties":{"AGS":"15088150","GEN":"Kabelsketal","SN_L":"15"}},
{"type":"Feature","geometry":{"type":"Polygon","coordinates":[[[12.1648,51.5754],[12.1643,51.5811],[12.1202,51.5801],[12.0817,51.5826],[12.0792,51.5564],[12.0642,51.5553],[12.0176,51.5633],[12.0148,51.5744],[11.9916,51.5583],[11.9905,51.5404],[12.0091,51.5386],[12.0098,51.5283],[12.025,51.5262],[12.0228,51.5162],[12.0346,51.4973],[12.0701,51.4927],[12.087,51.485],[12.0924,51.4705],[12.1032,51.4608],[12.1201,51.4582],[12.1487,51.4595],[12.1755,51.4697],[12.1757,51.4822],[12.2031,51.4851],[12.2049,51.4978],[12.1938,51.5084],[12.1989,51.5313],[12.1872,51.535],[12.1693,51.5498],[12.1648,51.5754]]]},"properties":{"AGS":"15088195","GEN":"Landsberg","SN_L":"15"}},
{"type":"Feature","geometry":{"type":"Polygon","coordinates":[[[12.1935,51.3325],[12.1905,51.3539],[12.177,51.3774],[12.1565,51.3775],[12.1037,51.3721],[12.103,51.3578],[12.0944,51.3419],[12.0644,51.3565],[12.0394,51.3562],[12.0266,51.3368],[12.0043,51.3368],[11.9897,51.3312],[11.993,51.3238],[11.9884,51.3012],[11.9772,51.2907],[11.9701,51.2751],[11.9989,51.282],[12.002,51.2766],[12.0408,51.2861],[12.0403,51.2986],[12.0506,51.3119],[12.1008,51.3086],[12.1152,51.3005],[12.1217,51.2886],[12.1341,51.2913],[12.1369,51.3028],[12.1557,51.3005],[12.1477,51.32],[12.1648,51.3208],[12.1698,51.3277],[12.1935,51.3325]]]},"properties":{"AGS":"15088205","GEN":"Leuna","SN_L":"15"}},
{"type":"Feature","geometry":{"type":"Polygon","coordinates":[[[11.9987,51.6464],[11.9793,51.6469],[11.9555,51.6423],[11.9132,51.6482],[11.8734,51.6676],[11.8654,51.6754],[11.8494,51.6546],[11.8385,51.6517],[11.8236,51.6584],[11.7991,51.6427],[11.7559,51.6511],[11.7457,51.6454],[11.7516,51.6333],[11.7485,51.6212],[11.7637,51.6093],[11.7553,51.5972],[11.7634,51.5817],[11.791,51.5829],[11.808,51.5691],[11.8313,51.5706],[11.8237,51.5488],[11.8226,51.5319],[11.8408,51.5279],[11.8798,51.5347],[11.8961,51.5348],[11.9002,51.5437],[11.8825,51.5568],[11.8956,51.5592],[11.8929,51.5787],[11.9028,51.5928],[11.9213,51.6037],[11.903,51.6137],[11.9288,51.625],[11.9562,51.6288],[11.9756,51.625],[11.9824,51.6324],[11.9974,51.6332],[11.9987,51.6464]]]},"properties":{"AGS":"15088216","GEN":"Wettin-Löbejün","SN_L":"15"}},
{"type":"Feature","geometry":{"type":"Polygon","coordinates":[[[12.0394,51.3562],[12.031,51.3748],[12.0018,51.3882],[11.951,51.3767],[11.939,51.358],[11.9203,51.3554],[11.8996,51.3442],[11.9113,51.326],[11.9323,51.3308],[11.9467,51.3187],[11.9561,51.2964],[11.9772,51.2907],[11.9884,51.3012],[11.993,51.3238],[11.9897,51.3312],[12.0043,51.3368],[12.0266,51.3368],[12.0394,51.3562]]]},"properties":{"AGS":"15088220","GEN":"Merseburg","SN_L":"15"}},
{"type":"Feature","geometry":{"type":"Polygon","coordinates":[[[11.8472,51.332],[11.8185,51.3355],[11.8213,51.3461],[11.8155,51.3656],[11.7568,51.3655],[11.7462,51.3715],[11.7274,51.3672],[11.6994,51.358],[11.7016,51.3399],[11.6875,51.3281],[11.7171,51.3156],[11.7204,51.3025],[11.7406,51.3005],[11.7421,51.287],[11.7597,51.284],[11.7776,51.27],[11.788,51.2682],[11.7876,51.2495],[11.8095,51.2449],[11.8366,51.2482],[11.8481,51.2359],[11.859,51.2366],[11.8728,51.2429],[11.8683,51.259],[11.86,51.2694],[11.8232,51.2724],[11.8187,51.287],[11.8427,51.3093],[11.8472,51.332]]]},"properties":{"AGS":"15088235","GEN":"Mücheln (Geiseltal)","SN_L":"15"}},
{"type":"Feature","geometry":{"type":"Polygon","coordinates":[[[12.0817,51.5826],[12.0463,51.5844],[12.0314,51.5952],[12.046,51.5982],[12.0441,51.6119],[12.0286,51.6213],[12.0277,51.6284],[12.0424,51.6343],[12.0399,51.6437],[12.007,51.6461],[11.9987,51.6464],[11.9974,51.6332],[11.9824,51.6324],[11.9756,51.625],[11.9562,51.6288],[11.9288,51.625],[11.903,51.6137],[11.9213,51.6037],[11.9028,51.5928],[11.8929,51.5787],[11.8956,51.5592],[11.8825,51.5568],[11.9002,51.5437],[11.8961,51.5348],[11.9091,51.5303],[11.9382,51.5293],[11.9615,51.539],[11.9905,51.5404],[11.9916,51.5583],[12.0148,51.5744],[12.0176,51.5633],[12.0642,51.5553],[12.0792,51.5564],[12.0817,51.5826]]]},"properties":{"AGS":"15088295","GEN":"Petersberg","SN_L":"15"}},
{"type":"Feature","geometry":{"type":"Polygon","coordinates":[[[11.5275,51.4163],[11.5044,51.4146],[11.5029,51.4027],[11.4746,51.388],[11.4654,51.3747],[11.4305,51.3638],[11.4166,51.3436],[11.4289,51.3398],[11.422,51.3311],[11.437,51.3189],[11.4671,51.3046],[11.473,51.2965],[11.4988,51.2805],[11.5184,51.2763],[11.5271,51.2865],[11.5502,51.2752],[11.5639,51.2788],[11.5674,51.2955],[11.5874,51.3061],[11.5973,51.3026],[11.6059,51.3159],[11.6166,51.3204],[11.605,51.3361],[11.6073,51.3562],[11.6378,51.3616],[11.6486,51.3659],[11.6312,51.3992],[11.5893,51.4031],[11.5855,51.4069],[11.5275,51.4163]]]},"properties":{"AGS":"15088305","GEN":"Querfurt","SN_L":"15"}},
{"type":"Feature","geometry":{"type":"Polygon","coordinates":[[[11.7637,51.6093],[11.7351,51.607],[11.73,51.592],[11.7095,51.5859],[11.6988,51.573],[11.686,51.5695],[11.6879,51.5606],[11.7134,51.5503],[11.7254,51.5287],[11.7048,51.5127],[11.7074,51.4986],[11.7399,51.4857],[11.7496,51.489],[11.7849,51.4901],[11.8102,51.4828],[11.8297,51.4663],[11.8463,51.4696],[11.8545,51.4832],[11.8652,51.4845],[11.8788,51.4918],[11.8571,51.5146],[11.8775,51.5198],[11.8798,51.5347],[11.8408,51.5279],[11.8226,51.5319],[11.8237,51.5488],[11.8313,51.5706],[11.808,51.5691],[11.791,51.5829],[11.7634,51.5817],[11.7553,51.5972],[11.7637,51.6093]]]},"properties":{"AGS":"15088319","GEN":"Salzatal","SN_L":"15"}},
{"type":"Feature","geometry":{"type":"Polygon","coordinates":[[[12.0214,51.4204],[12.0178,51.4104],[11.9822,51.4057],[11.9529,51.4073],[11.9504,51.4341],[11.931,51.4387],[11.9048,51.3976],[11.9149,51.3858],[11.9142,51.374],[11.9203,51.3554],[11.939,51.358],[11.951,51.3767],[12.0018,51.3882],[12.031,51.3748],[12.0394,51.3562],[12.0644,51.3565],[12.0944,51.3419],[12.103,51.3578],[12.1037,51.3721],[12.1565,51.3775],[12.177,51.3774],[12.1735,51.4103],[12.1584,51.4076],[12.1511,51.4141],[12.0976,51.4158],[12.0826,51.4132],[12.0706,51.4206],[12.0315,51.4252],[12.0214,51.4204]]]},"properties":{"AGS":"15088330","GEN":"Schkopau","SN_L":"15"}},
{"type":"Feature","geometry":{"type":"Polygon","coordinates":[[[11.8652,51.4845],[11.8545,51.4832],[11.8463,51.4696],[11.8297,51.4663],[11.8102,51.4828],[11.7849,51.4901],[11.7496,51.489],[11.7399,51.4857],[11.7621,51.4688],[11.7752,51.4627],[11.7659,51.4444],[11.7399,51.4423],[11.7427,51.4298],[11.7161,51.4254],[11.716,51.409],[11.7035,51.405],[11.7139,51.39],[11.7447,51.3966],[11.7824,51.401],[11.7869,51.4086],[11.8115,51.413],[11.8326,51.4218],[11.8544,51.4181],[11.8731,51.4227],[11.907,51.4212],[11.9048,51.3976],[11.931,51.4387],[11.9151,51.4465],[11.9302,51.4525],[11.9143,51.4645],[11.8883,51.4632],[11.8862,51.4726],[11.8719,51.4746],[11.8652,51.4845]]]},"properties":{"AGS":"15088365","GEN":"Teutschenthal","SN_L":"15"}},
{"type":"Feature","geometry":{"type":"Polygon","coordinates":[[[11.6755,51.3202],[11.6651,51.3476],[11.6576,51.3464],[11.6378,51.3616],[11.6073,51.3562],[11.605,51.3361],[11.6166,51.3204],[11.6349,51.3142],[11.6755,51.3202]]]},"properties":{"AGS":"15088030","GEN":"Barnstädt","SN_L":"15"}},
{"type":"Feature","geometry":{"type":"Polygon","coordinates":[[[11.6446,51.4528],[11.6332,51.4611],[11.6051,51.4528],[11.6005,51.4436],[11.5691,51.4442],[11.5509,51.4403],[11.5254,51.4255],[11.5275,51.4163],[11.5855,51.4069],[11.6178,51.4202],[11.6146,51.4248],[11.647,51.4336],[11.6396,51.4448],[11.6446,51.4528]]]},"properties":{"AGS":"15088100","GEN":"Farnstädt","SN_L":"15"}},
{"type":"Feature","geometry":{"type":"Polygon","coordinates":[[[11.7274,51.3672],[11.7205,51.3777],[11.6827,51.375],[11.6486,51.3659],[11.6378,51.3616],[11.6576,51.3464],[11.6651,51.3476],[11.6755,51.3202],[11.6875,51.3281],[11.7016,51.3399],[11.6994,51.358],[11.7274,51.3672]]]},"properties":{"AGS":"15088250","GEN":"Nemsdorf-Göhrendorf","SN_L":"15"}},
{"type":"Feature","geometry":{"type":"Polygon","coordinates":[[[11.7161,51.4254],[11.6903,51.4233],[11.6756,51.4332],[11.6516,51.4219],[11.6178,51.4202],[11.5855,51.4069],[11.5893,51.4031],[11.6312,51.3992],[11.6486,51.3659],[11.6827,51.375],[11.7205,51.3777],[11.7139,51.39],[11.7035,51.405],[11.716,51.409],[11.7161,51.4254]]]},"properties":{"AGS":"15088265","GEN":"Obhausen","SN_L":"15"}},
{"type":"Feature","geometry":{"type":"Polygon","coordinates":[[[11.6756,51.4332],[11.6686,51.4506],[11.6446,51.4528],[11.6396,51.4448],[11.647,51.4336],[11.6146,51.4248],[11.6178,51.4202],[11.6516,51.4219],[11.6756,51.4332]]]},"properties":{"AGS":"15088340","GEN":"Schraplau","SN_L":"15"}},
{"type":"Feature","geometry":{"type":"Polygon","coordinates":[[[11.7597,51.284],[11.7421,51.287],[11.7406,51.3005],[11.7204,51.3025],[11.7171,51.3156],[11.6875,51.3281],[11.6755,51.3202],[11.6349,51.3142],[11.6293,51.306],[11.6583,51.2901],[11.6774,51.2764],[11.6882,51.277],[11.6992,51.2663],[11.7122,51.2716],[11.7597,51.284]]]},"properties":{"AGS":"15088355","GEN":"Steigra","SN_L":"15"}},
{"type":"Feature","geometry":{"type":"Polygon","coordinates":[[[11.4895,51.8163],[11.4837,51.8403],[11.4651,51.85],[11.419,51.8414],[11.4096,51.8456],[11.3933,51.8392],[11.3796,51.8278],[11.3761,51.8144],[11.3794,51.8021],[11.4137,51.7817],[11.3995,51.7694],[11.4074,51.743],[11.4016,51.7299],[11.432,51.7216],[11.4464,51.7128],[11.4633,51.7178],[11.4978,51.7167],[11.5173,51.7031],[11.5186,51.6883],[11.5466,51.685],[11.5839,51.7005],[11.6046,51.7015],[11.6104,51.6912],[11.6347,51.6943],[11.6294,51.7034],[11.6228,51.7126],[11.6235,51.7324],[11.6161,51.7459],[11.5958,51.7483],[11.5779,51.7485],[11.5616,51.7589],[11.5501,51.7566],[11.5303,51.7688],[11.517,51.7916],[11.4896,51.7928],[11.4824,51.7969],[11.4895,51.8163]]]},"properties":{"AGS":"15089015","GEN":"Aschersleben","SN_L":"15"}},
{"type":"Feature","geometry":{"type":"Polygon","coordinates":[[[11.8908,52.0014],[11.8799,52.0219],[11.8618,52.0257],[11.839,52.0089],[11.8183,52.0112],[11.8039,52.0188],[11.778,51.9917],[11.7806,51.9819],[11.7659,51.9757],[11.7621,51.9652],[11.7775,51.9605],[11.7964,51.9618],[11.7921,51.9432],[11.8119,51.9379],[11.8189,51.9239],[11.8396,51.9232],[11.8424,51.897],[11.8477,51.8861],[11.8295,51.8698],[11.8289,51.8593],[11.8577,51.8375],[11.8723,51.854],[11.9118,51.8665],[11.922,51.8792],[11.9374,51.8806],[11.9594,51.8692],[11.9961,51.8719],[12.0076,51.8787],[12.0189,51.8726],[12.0103,51.8902],[11.9675,51.9156],[11.9664,51.9246],[11.9489,51.9322],[11.9264,51.9506],[11.915,51.9553],[11.8843,51.9788],[11.8908,52.0014]]]},"properties":{"AGS":"15089026","GEN":"Barby","SN_L":"15"}},
{"type":"Feature","geometry":{"type":"Polygon","coordinates":[[[11.8467,51.7978],[11.8266,51.7875],[11.8128,51.7919],[11.8095,51.8005],[11.781,51.8037],[11.7841,51.8183],[11.77,51.821],[11.7566,51.8112],[11.7321,51.8156],[11.7321,51.8338],[11.7161,51.8347],[11.6997,51.8473],[11.6822,51.8319],[11.6968,51.8222],[11.6791,51.7875],[11.6681,51.7881],[11.652,51.7729],[11.647,51.7634],[11.6602,51.7669],[11.6903,51.7636],[11.7098,51.7585],[11.7124,51.7483],[11.7035,51.7421],[11.7136,51.7391],[11.7302,51.7447],[11.7406,51.7405],[11.7451,51.7233],[11.7752,51.7279],[11.7935,51.7198],[11.823,51.7175],[11.8279,51.7314],[11.822,51.7399],[11.8394,51.7445],[11.855,51.7394],[11.8683,51.7494],[11.8832,51.7496],[11.891,51.7633],[11.8672,51.7692],[11.8719,51.7785],[11.8551,51.7859],[11.8467,51.7978]]]},"properties":{"AGS":"15089030","GEN":"Bernburg (Saale)","SN_L":"15"}},
{"type":"Feature","geometry":{"type":"Polygon","coordinates":[[[11.6616,52.0328],[11.6472,52.0252],[11.6371,52.0301],[11.625,52.0214],[11.6015,52.0193],[11.6048,51.9862],[11.6032,51.9694],[11.6071,51.9561],[11.6307,51.9463],[11.6228,51.9313],[11.6424,51.9295],[11.6615,51.9206],[11.673,51.9319],[11.7009,51.9302],[11.7074,51.9137],[11.7176,51.9252],[11.7388,51.9256],[11.744,51.9382],[11.7741,51.9447],[11.7921,51.9432],[11.7964,51.9618],[11.7775,51.9605],[11.7621,51.9652],[11.7659,51.9757],[11.7238,51.9782],[11.7175,51.9842],[11.6966,51.9859],[11.6875,51.9934],[11.6763,52.0159],[11.6858,52.0193],[11.6616,52.0328]]]},"properties":{"AGS":"15089042","GEN":"Bördeland","SN_L":"15"}},
{"type":"Feature","geometry":{"type":"Polygon","coordinates":[[[11.7921,51.9432],[11.7741,51.9447],[11.744,51.9382],[11.7388,51.9256],[11.7176,51.9252],[11.7074,51.9137],[11.735,51.9037],[11.7291,51.8822],[11.7133,51.8718],[11.7248,51.8675],[11.7608,51.8631],[11.7701,51.8772],[11.7826,51.8809],[11.8295,51.8698],[11.8477,51.8861],[11.8424,51.897],[11.8396,51.9232],[11.8189,51.9239],[11.8119,51.9379],[11.7921,51.9432]]]},"properties":{"AGS":"15089055","GEN":"Calbe (Saale)","SN_L":"15"}},
{"type":"Feature","geometry":{"type":"Polygon","coordinates":[[[11.5054,51.9128],[11.4669,51.9128],[11.452,51.9176],[11.4209,51.9036],[11.3959,51.9106],[11.3826,51.9034],[11.3647,51.8838],[11.3405,51.9007],[11.328,51.8872],[11.3445,51.8754],[11.3687,51.8706],[11.3933,51.8392],[11.4096,51.8456],[11.419,51.8414],[11.4651,51.85],[11.4837,51.8403],[11.4895,51.8163],[11.5151,51.81],[11.5226,51.8213],[11.5494,51.8262],[11.5547,51.8342],[11.5729,51.8417],[11.5564,51.8493],[11.5534,51.8593],[11.5036,51.8858],[11.4953,51.9028],[11.5054,51.9128]]]},"properties":{"AGS":"15089175","GEN":"Hecklingen","SN_L":"15"}},
{"type":"Feature","geometry":{"type":"Polygon","coordinates":[[[11.855,51.7394],[11.8394,51.7445],[11.822,51.7399],[11.8279,51.7314],[11.823,51.7175],[11.7935,51.7198],[11.7752,51.7279],[11.7451,51.7233],[11.7406,51.7405],[11.7302,51.7447],[11.7136,51.7391],[11.7035,51.7421],[11.7154,51.7333],[11.6777,51.724],[11.6703,51.7128],[11.6927,51.6927],[11.7097,51.6904],[11.7337,51.6698],[11.7192,51.6549],[11.705,51.6689],[11.7109,51.6773],[11.685,51.6784],[11.6615,51.6751],[11.6431,51.6903],[11.6602,51.6964],[11.6437,51.7052],[11.6294,51.7034],[11.6347,51.6943],[11.6104,51.6912],[11.6088,51.6637],[11.6402,51.6548],[11.6928,51.649],[11.7185,51.6351],[11.7198,51.629],[11.7454,51.6288],[11.7516,51.6333],[11.7457,51.6454],[11.7559,51.6511],[11.7991,51.6427],[11.8236,51.6584],[11.8385,51.6517],[11.8494,51.6546],[11.8654,51.6754],[11.8382,51.6834],[11.8462,51.7017],[11.8554,51.7144],[11.855,51.7394]]]},"properties":{"AGS":"15089195","GEN":"Könnern","SN_L":"15"}},
{"type":"Feature","geometry":{"type":"Polygon","coordinates":[[[11.8295,51.8698],[11.7826,51.8809],[11.7701,51.8772],[11.7608,51.8631],[11.7248,51.8675],[11.7133,51.8718],[11.6857,51.873],[11.6694,51.8542],[11.664,51.8267],[11.6822,51.8319],[11.6997,51.8473],[11.7161,51.8347],[11.7321,51.8338],[11.7321,51.8156],[11.7566,51.8112],[11.77,51.821],[11.7841,51.8183],[11.781,51.8037],[11.8095,51.8005],[11.8128,51.7919],[11.8266,51.7875],[11.8467,51.7978],[11.8633,51.7952],[11.881,51.8106],[11.8826,51.8193],[11.8577,51.8375],[11.8289,51.8593],[11.8295,51.8698]]]},"properties":{"AGS":"15089235","GEN":"Nienburg (Saale)","SN_L":"15"}},
{"type":"Feature","geometry":{"type":"MultiPolygon","coordinates":[[[[11.7633,52.0765],[11.7487,52.0932],[11.7394,52.0854],[11.7633,52.0765]]],[[[11.8618,52.0257],[11.8499,52.0294],[11.8474,52.0576],[11.8341,52.0631],[11.8148,52.0625],[11.8034,52.0681],[11.7736,52.0673],[11.7624,52.0731],[11.7482,52.0556],[11.734,52.0502],[11.7335,52.0422],[11.7085,52.0418],[11.6946,52.05],[11.6616,52.0328],[11.6858,52.0193],[11.6763,52.0159],[11.6875,51.9934],[11.6966,51.9859],[11.7175,51.9842],[11.7238,51.9782],[11.7659,51.9757],[11.7806,51.9819],[11.778,51.9917],[11.8039,52.0188],[11.8183,52.0112],[11.839,52.0089],[11.8618,52.0257]]]]},"properties":{"AGS":"15089305","GEN":"Schönebeck (Elbe)","SN_L":"15"}},
{"type":"Feature","geometry":{"type":"Polygon","coordinates":[[[11.3933,51.8392],[11.3687,51.8706],[11.3445,51.8754],[11.3322,51.8752],[11.3385,51.8532],[11.3203,51.8483],[11.2934,51.8292],[11.2669,51.8346],[11.2421,51.809],[11.2396,51.8083],[11.2529,51.7998],[11.2736,51.7948],[11.2711,51.7851],[11.2789,51.7706],[11.3005,51.7594],[11.326,51.7579],[11.3467,51.7787],[11.3995,51.7694],[11.4137,51.7817],[11.3794,51.8021],[11.3761,51.8144],[11.3796,51.8278],[11.3933,51.8392]]]},"properties":{"AGS":"15089307","GEN":"Seeland","SN_L":"15"}},
{"type":"Feature","geometry":{"type":"Polygon","coordinates":[[[11.7074,51.9137],[11.7009,51.9302],[11.673,51.9319],[11.6615,51.9206],[11.6424,51.9295],[11.6228,51.9313],[11.6307,51.9463],[11.6071,51.9561],[11.5903,51.9443],[11.5801,51.9303],[11.5703,51.9324],[11.569,51.9132],[11.5602,51.9063],[11.5054,51.9128],[11.4953,51.9028],[11.5036,51.8858],[11.5534,51.8593],[11.5564,51.8493],[11.5729,51.8417],[11.5547,51.8342],[11.5494,51.8262],[11.5226,51.8213],[11.5151,51.81],[11.5128,51.8019],[11.5492,51.8003],[11.5715,51.805],[11.5874,51.8227],[11.6019,51.824],[11.6166,51.8121],[11.6424,51.8118],[11.6411,51.8211],[11.664,51.8267],[11.6694,51.8542],[11.6857,51.873],[11.7133,51.8718],[11.7291,51.8822],[11.735,51.9037],[11.7074,51.9137]]]},"properties":{"AGS":"15089310","GEN":"Staßfurt","SN_L":"15"}},
{"type":"Feature","geometry":{"type":"Polygon","coordinates":[[[11.5703,51.9324],[11.5347,51.9427],[11.5271,51.964],[11.5208,51.9626],[11.5111,51.9395],[11.4967,51.9326],[11.4635,51.9362],[11.4482,51.9247],[11.452,51.9176],[11.4669,51.9128],[11.5054,51.9128],[11.5602,51.9063],[11.569,51.9132],[11.5703,51.9324]]]},"properties":{"AGS":"15089041","GEN":"Bördeaue","SN_L":"15"}},
{"type":"Feature","geometry":{"type":"Polygon","coordinates":[[[11.4468,52.0068],[11.4153,52.0047],[11.4096,52.0011],[11.3954,51.9807],[11.365,51.9797],[11.3449,51.9624],[11.3602,51.9391],[11.3713,51.9335],[11.3464,51.9136],[11.3408,51.9012],[11.3405,51.9007],[11.3647,51.8838],[11.3826,51.9034],[11.3959,51.9106],[11.3968,51.9176],[11.375,51.9326],[11.3921,51.9478],[11.4031,51.9496],[11.4273,51.9636],[11.4418,51.981],[11.4589,51.9849],[11.4473,51.9914],[11.4468,52.0068]]]},"properties":{"AGS":"15089043","GEN":"Börde-Hakel","SN_L":"15"}},
{"type":"Feature","geometry":{"type":"Polygon","coordinates":[[[11.6032,51.9694],[11.5974,51.966],[11.5711,51.9674],[11.5271,51.964],[11.5347,51.9427],[11.5703,51.9324],[11.5801,51.9303],[11.5903,51.9443],[11.6071,51.9561],[11.6032,51.9694]]]},"properties":{"AGS":"15089045","GEN":"Borne","SN_L":"15"}},
{"type":"Feature","geometry":{"type":"Polygon","coordinates":[[[11.4635,51.9362],[11.4472,51.947],[11.463,51.9702],[11.4753,51.9821],[11.4589,51.9849],[11.4418,51.981],[11.4273,51.9636],[11.4031,51.9496],[11.3921,51.9478],[11.375,51.9326],[11.3968,51.9176],[11.3959,51.9106],[11.4209,51.9036],[11.452,51.9176],[11.4482,51.9247],[11.4635,51.9362]]]},"properties":{"AGS":"15089075","GEN":"Egeln","SN_L":"15"}},
{"type":"Feature","geometry":{"type":"Polygon","coordinates":[[[11.5208,51.9626],[11.5088,51.9627],[11.4933,51.976],[11.4753,51.9821],[11.463,51.9702],[11.4472,51.947],[11.4635,51.9362],[11.4967,51.9326],[11.5111,51.9395],[11.5208,51.9626]]]},"properties":{"AGS":"15089365","GEN":"Wolmirsleben","SN_L":"15"}},
{"type":"Feature","geometry":{"type":"Polygon","coordinates":[[[11.6777,51.724],[11.67,51.7293],[11.6235,51.7324],[11.6228,51.7126],[11.6294,51.7034],[11.6437,51.7052],[11.6602,51.6964],[11.6431,51.6903],[11.6615,51.6751],[11.685,51.6784],[11.7109,51.6773],[11.705,51.6689],[11.7192,51.6549],[11.7337,51.6698],[11.7097,51.6904],[11.6927,51.6927],[11.6703,51.7128],[11.6777,51.724]]]},"properties":{"AGS":"15089005","GEN":"Alsleben (Saale)","SN_L":"15"}},
{"type":"Feature","geometry":{"type":"Polygon","coordinates":[[[11.5151,51.81],[11.4895,51.8163],[11.4824,51.7969],[11.4896,51.7928],[11.517,51.7916],[11.5303,51.7688],[11.5501,51.7566],[11.5616,51.7589],[11.5779,51.7485],[11.5958,51.7483],[11.5812,51.7739],[11.5684,51.7728],[11.5541,51.7998],[11.5492,51.8003],[11.5128,51.8019],[11.5151,51.81]]]},"properties":{"AGS":"15089130","GEN":"Giersleben","SN_L":"15"}},
{"type":"Feature","geometry":{"type":"Polygon","coordinates":[[[11.6424,51.8118],[11.6166,51.8121],[11.6019,51.824],[11.5874,51.8227],[11.5715,51.805],[11.5492,51.8003],[11.5541,51.7998],[11.5684,51.7728],[11.5812,51.7739],[11.5958,51.7483],[11.6161,51.7459],[11.6325,51.7663],[11.647,51.7634],[11.652,51.7729],[11.6468,51.8082],[11.6424,51.8118]]]},"properties":{"AGS":"15089165","GEN":"Güsten","SN_L":"15"}},
{"type":"Feature","geometry":{"type":"Polygon","coordinates":[[[11.652,51.7729],[11.6681,51.7881],[11.6791,51.7875],[11.6968,51.8222],[11.6822,51.8319],[11.664,51.8267],[11.6411,51.8211],[11.6424,51.8118],[11.6468,51.8082],[11.652,51.7729]]]},"properties":{"AGS":"15089185","GEN":"Ilberstedt","SN_L":"15"}},
{"type":"Feature","geometry":{"type":"Polygon","coordinates":[[[11.647,51.7634],[11.6325,51.7663],[11.6161,51.7459],[11.6235,51.7324],[11.67,51.7293],[11.6777,51.724],[11.7154,51.7333],[11.7035,51.7421],[11.7124,51.7483],[11.7098,51.7585],[11.6903,51.7636],[11.6602,51.7669],[11.647,51.7634]]]},"properties":{"AGS":"15089245","GEN":"Plötzkau","SN_L":"15"}},
{"type":"Feature","geometry":{"type":"Polygon","coordinates":[[[11.6944,52.7127],[11.6769,52.7335],[11.6608,52.7363],[11.6591,52.7212],[11.6408,52.719],[11.6298,52.7295],[11.6326,52.7403],[11.6093,52.7346],[11.6062,52.7458],[11.5718,52.7538],[11.5575,52.7606],[11.5392,52.7487],[11.5228,52.743],[11.5232,52.7122],[11.5136,52.7015],[11.4907,52.6908],[11.474,52.6874],[11.4747,52.6723],[11.483,52.6693],[11.4908,52.6521],[11.4797,52.6512],[11.4567,52.639],[11.4164,52.6368],[11.3965,52.6224],[11.4153,52.6185],[11.4207,52.6108],[11.4477,52.6126],[11.4713,52.6091],[11.5067,52.6081],[11.5382,52.6173],[11.5599,52.6138],[11.5858,52.6166],[11.5845,52.5971],[11.5891,52.5852],[11.5826,52.571],[11.5809,52.5666],[11.5713,52.5472],[11.572,52.5289],[11.5891,52.5544],[11.59,52.5619],[11.6443,52.5747],[11.6498,52.5687],[11.6737,52.5645],[11.6826,52.5701],[11.678,52.5872],[11.6995,52.5908],[11.7063,52.6132],[11.7456,52.6111],[11.7614,52.6174],[11.7815,52.6118],[11.7855,52.6286],[11.7945,52.6413],[11.7788,52.6459],[11.7837,52.6612],[11.7663,52.6641],[11.7615,52.675],[11.7357,52.686],[11.7195,52.6832],[11.6881,52.6911],[11.6757,52.698],[11.6954,52.7044],[11.6944,52.7127]]]},"properties":{"AGS":"15090070","GEN":"Bismark (Altmark)","SN_L":"15"}},
{"type":"Feature","geometry":{"type":"Polygon","coordinates":[[[12.1268,52.8902],[12.1126,52.8757],[12.0837,52.8764],[12.0773,52.8861],[12.0482,52.8859],[12.0275,52.8835],[12.0296,52.8659],[12.0247,52.8552],[12.0386,52.8467],[12.0406,52.8377],[12.0236,52.8198],[12.0225,52.8133],[12.0228,52.8125],[12.0659,52.8185],[12.0787,52.8151],[12.0767,52.8006],[12.1005,52.7969],[12.1066,52.7883],[12.1093,52.7828],[12.1505,52.7874],[12.1589,52.7761],[12.1571,52.7624],[12.1452,52.7552],[12.1632,52.738],[12.189,52.7272],[12.2013,52.729],[12.2232,52.7397],[12.2177,52.7526],[12.206,52.7604],[12.2235,52.7757],[12.2236,52.7858],[12.2492,52.7919],[12.2575,52.8049],[12.2437,52.8207],[12.2323,52.8495],[12.2322,52.8608],[12.2023,52.8685],[12.1969,52.878],[12.1722,52.8647],[12.1237,52.8538],[12.1331,52.8658],[12.1202,52.8755],[12.1268,52.8902]]]},"properties":{"AGS":"15090225","GEN":"Havelberg","SN_L":"15"}},
{"type":"Feature","geometry":{"type":"Polygon","coordinates":[[[11.7208,52.8427],[11.6658,52.8519],[11.6589,52.832],[11.6551,52.8069],[11.6225,52.7976],[11.6038,52.7986],[11.6007,52.7882],[11.585,52.7903],[11.5477,52.7852],[11.5439,52.7722],[11.5575,52.7606],[11.5718,52.7538],[11.6062,52.7458],[11.6093,52.7346],[11.6326,52.7403],[11.6298,52.7295],[11.6408,52.719],[11.6591,52.7212],[11.6608,52.7363],[11.6769,52.7335],[11.6944,52.7127],[11.7115,52.7105],[11.7393,52.7239],[11.7598,52.7223],[11.769,52.7336],[11.7893,52.735],[11.7963,52.7388],[11.8384,52.7419],[11.8719,52.7422],[11.8754,52.7515],[11.8769,52.7598],[11.8524,52.7781],[11.8719,52.7811],[11.8775,52.7943],[11.8925,52.8027],[11.9223,52.8025],[11.9267,52.8292],[11.9162,52.8338],[11.8931,52.8312],[11.8601,52.8328],[11.8307,52.8375],[11.802,52.8363],[11.7761,52.8509],[11.7523,52.8387],[11.7208,52.8427]]]},"properties":{"AGS":"15090415","GEN":"Osterburg (Altmark)","SN_L":"15"}},
{"type":"Feature","geometry":{"type":"Polygon","coordinates":[[[11.8461,52.6921],[11.7711,52.7011],[11.7615,52.675],[11.7663,52.6641],[11.7837,52.6612],[11.7788,52.6459],[11.7945,52.6413],[11.7855,52.6286],[11.7815,52.6118],[11.7614,52.6174],[11.7456,52.6111],[11.7063,52.6132],[11.6995,52.5908],[11.678,52.5872],[11.6826,52.5701],[11.6737,52.5645],[11.6498,52.5687],[11.6443,52.5747],[11.59,52.5619],[11.5891,52.5544],[11.572,52.5289],[11.5905,52.5201],[11.5861,52.4979],[11.602,52.4878],[11.6159,52.4847],[11.6329,52.4923],[11.6785,52.5294],[11.6944,52.525],[11.717,52.5432],[11.7586,52.5357],[11.764,52.5275],[11.7895,52.5195],[11.8074,52.5277],[11.8357,52.5338],[11.8463,52.5281],[11.8811,52.5299],[11.8895,52.5341],[11.9216,52.5379],[11.9174,52.5551],[11.8933,52.5616],[11.9141,52.58],[11.9235,52.5774],[11.9375,52.6043],[11.9614,52.5905],[11.9756,52.6048],[11.9789,52.6189],[11.9742,52.6307],[11.942,52.6338],[11.9241,52.6257],[11.9044,52.637],[11.8799,52.6322],[11.8648,52.6423],[11.9095,52.6476],[11.9085,52.6544],[11.9095,52.6783],[11.8993,52.6774],[11.8694,52.6547],[11.854,52.6558],[11.8412,52.6634],[11.8377,52.6774],[11.8461,52.6921]]]},"properties":{"AGS":"15090535","GEN":"Stendal","SN_L":"15"}},
{"type":"Feature","geometry":{"type":"MultiPolygon","coordinates":[[[[11.8183,52.3342],[11.8171,52.3486],[11.7951,52.3543],[11.7958,52.3401],[11.8053,52.3346],[11.8183,52.3342]]],[[[11.8811,52.5299],[11.8463,52.5281],[11.8357,52.5338],[11.8074,52.5277],[11.7895,52.5195],[11.764,52.5275],[11.7586,52.5357],[11.717,52.5432],[11.6944,52.525],[11.6785,52.5294],[11.6329,52.4923],[11.6159,52.4847],[11.602,52.4878],[11.5872,52.4587],[11.6387,52.4646],[11.6732,52.4641],[11.7001,52.4592],[11.7168,52.4277],[11.733,52.4244],[11.7179,52.4105],[11.7592,52.4025],[11.7741,52.3996],[11.7858,52.408],[11.802,52.4107],[11.8172,52.4149],[11.8406,52.401],[11.8281,52.372],[11.8298,52.3644],[11.8571,52.3474],[11.845,52.3459],[11.8519,52.3316],[11.9038,52.3565],[11.916,52.3722],[11.9377,52.3737],[11.9324,52.3939],[11.9617,52.4005],[11.976,52.4182],[11.99,52.4277],[11.9929,52.4473],[12.0021,52.4602],[11.9858,52.4785],[11.9668,52.4812],[11.9456,52.4714],[11.918,52.4657],[11.8962,52.4674],[11.8745,52.4944],[11.8885,52.4986],[11.8887,52.5105],[11.8811,52.5299]]]]},"properties":{"AGS":"15090546","GEN":"Tangerhütte","SN_L":"15"}},
{"type":"Feature","geometry":{"type":"Polygon","coordinates":[[[12.015,52.6437],[11.9816,52.6445],[11.9742,52.6307],[11.9789,52.6189],[11.9756,52.6048],[11.9614,52.5905],[11.9375,52.6043],[11.9235,52.5774],[11.9141,52.58],[11.8933,52.5616],[11.9174,52.5551],[11.9216,52.5379],[11.8895,52.5341],[11.8811,52.5299],[11.8887,52.5105],[11.8885,52.4986],[11.8745,52.4944],[11.8962,52.4674],[11.918,52.4657],[11.9456,52.4714],[11.9668,52.4812],[11.9858,52.4785],[11.985,52.494],[11.9631,52.5124],[11.9631,52.5238],[11.979,52.5353],[11.9857,52.5527],[11.9885,52.5757],[11.9993,52.5887],[12.0041,52.6098],[12.016,52.6246],[12.0142,52.6338],[12.015,52.6437]]]},"properties":{"AGS":"15090550","GEN":"Tangermünde","SN_L":"15"}},
{"type":"Feature","geometry":{"type":"Polygon","coordinates":[[[12.0267,52.7121],[12.0371,52.7242],[12.0413,52.7398],[12.0291,52.7333],[12.0154,52.7386],[11.9978,52.7338],[11.9994,52.7133],[11.9922,52.6889],[11.9439,52.6928],[11.9347,52.6855],[11.9551,52.6777],[11.9519,52.6694],[11.9664,52.6648],[11.9647,52.6551],[11.9827,52.6558],[11.9816,52.6445],[12.015,52.6437],[12.0112,52.6649],[12.0144,52.6798],[12.0246,52.6966],[12.0267,52.7121]]]},"properties":{"AGS":"15090010","GEN":"Arneburg","SN_L":"15"}},
{"type":"Feature","geometry":{"type":"Polygon","coordinates":[[[11.9239,52.7071],[11.8762,52.7153],[11.8667,52.7049],[11.8521,52.7065],[11.8461,52.6921],[11.8377,52.6774],[11.8412,52.6634],[11.854,52.6558],[11.8694,52.6547],[11.8993,52.6774],[11.9095,52.6783],[11.9085,52.6544],[11.9368,52.6697],[11.9519,52.6694],[11.9551,52.6777],[11.9347,52.6855],[11.9439,52.6928],[11.9244,52.6961],[11.9239,52.7071]]]},"properties":{"AGS":"15090135","GEN":"Eichstedt (Altmark)","SN_L":"15"}},
{"type":"Feature","geometry":{"type":"Polygon","coordinates":[[[11.9239,52.7071],[11.9311,52.7138],[11.9245,52.7362],[11.9046,52.7392],[11.8754,52.7515],[11.8719,52.7422],[11.8384,52.7419],[11.7963,52.7388],[11.7893,52.735],[11.793,52.7222],[11.8301,52.7243],[11.8508,52.7232],[11.8521,52.7065],[11.8667,52.7049],[11.8762,52.7153],[11.9239,52.7071]]]},"properties":{"AGS":"15090180","GEN":"Goldbeck","SN_L":"15"}},
{"type":"Feature","geometry":{"type":"Polygon","coordinates":[[[11.9816,52.6445],[11.9827,52.6558],[11.9647,52.6551],[11.9664,52.6648],[11.9519,52.6694],[11.9368,52.6697],[11.9085,52.6544],[11.9095,52.6476],[11.8648,52.6423],[11.8799,52.6322],[11.9044,52.637],[11.9241,52.6257],[11.942,52.6338],[11.9742,52.6307],[11.9816,52.6445]]]},"properties":{"AGS":"15090220","GEN":"Hassel","SN_L":"15"}},
{"type":"Feature","geometry":{"type":"Polygon","coordinates":[[[12.0413,52.75],[12.0327,52.7718],[12.0309,52.7946],[12.0106,52.7757],[11.9838,52.7761],[11.9396,52.7697],[11.9195,52.763],[11.8958,52.7652],[11.8769,52.7598],[11.8754,52.7515],[11.9046,52.7392],[11.9245,52.7362],[11.9311,52.7138],[11.9239,52.7071],[11.9244,52.6961],[11.9439,52.6928],[11.9922,52.6889],[11.9994,52.7133],[11.9978,52.7338],[12.0154,52.7386],[12.0291,52.7333],[12.0413,52.7398],[12.0413,52.75]]]},"properties":{"AGS":"15090245","GEN":"Hohenberg-Krusemark","SN_L":"15"}},
{"type":"Feature","geometry":{"type":"Polygon","coordinates":[[[12.0225,52.8133],[11.9657,52.8092],[11.9647,52.7968],[11.9551,52.791],[11.9324,52.7888],[11.9198,52.7948],[11.9223,52.8025],[11.8925,52.8027],[11.8775,52.7943],[11.8719,52.7811],[11.8524,52.7781],[11.8769,52.7598],[11.8958,52.7652],[11.9195,52.763],[11.9396,52.7697],[11.9838,52.7761],[12.0106,52.7757],[12.0309,52.7946],[12.0228,52.8125],[12.0225,52.8133]]]},"properties":{"AGS":"15090270","GEN":"Iden","SN_L":"15"}},
{"type":"Feature","geometry":{"type":"Polygon","coordinates":[[[11.8521,52.7065],[11.8508,52.7232],[11.8301,52.7243],[11.793,52.7222],[11.7893,52.735],[11.769,52.7336],[11.7598,52.7223],[11.7393,52.7239],[11.7115,52.7105],[11.6944,52.7127],[11.6954,52.7044],[11.6757,52.698],[11.6881,52.6911],[11.7195,52.6832],[11.7357,52.686],[11.7615,52.675],[11.7711,52.7011],[11.8461,52.6921],[11.8521,52.7065]]]},"properties":{"AGS":"15090435","GEN":"Rochau","SN_L":"15"}},
{"type":"Feature","geometry":{"type":"Polygon","coordinates":[[[12.0482,52.8859],[12.0195,52.8886],[12.0064,52.8853],[11.9796,52.8762],[11.9594,52.8799],[11.9644,52.8723],[11.9517,52.8636],[11.9456,52.8408],[11.9162,52.8338],[11.9267,52.8292],[11.9223,52.8025],[11.9198,52.7948],[11.9324,52.7888],[11.9551,52.791],[11.9647,52.7968],[11.9657,52.8092],[12.0225,52.8133],[12.0236,52.8198],[12.0406,52.8377],[12.0386,52.8467],[12.0247,52.8552],[12.0296,52.8659],[12.0275,52.8835],[12.0482,52.8859]]]},"properties":{"AGS":"15090610","GEN":"Werben (Elbe)","SN_L":"15"}},
{"type":"Feature","geometry":{"type":"Polygon","coordinates":[[[12.1066,52.7883],[12.067,52.7863],[12.0577,52.7723],[12.0522,52.7536],[12.0413,52.75],[12.0413,52.7398],[12.0371,52.7242],[12.0267,52.7121],[12.0429,52.7161],[12.1202,52.7065],[12.1572,52.7033],[12.1917,52.7235],[12.2033,52.7248],[12.2013,52.729],[12.189,52.7272],[12.1632,52.738],[12.1452,52.7552],[12.1571,52.7624],[12.1589,52.7761],[12.1505,52.7874],[12.1093,52.7828],[12.1066,52.7883]]]},"properties":{"AGS":"15090285","GEN":"Kamern","SN_L":"15"}},
{"type":"Feature","geometry":{"type":"Polygon","coordinates":[[[12.1202,52.7065],[12.0429,52.7161],[12.0267,52.7121],[12.0246,52.6966],[12.0144,52.6798],[12.0112,52.6649],[12.015,52.6437],[12.0142,52.6338],[12.0563,52.6273],[12.1062,52.6325],[12.1501,52.6332],[12.1335,52.6452],[12.1195,52.6791],[12.1202,52.7065]]]},"properties":{"AGS":"15090310","GEN":"Klietz","SN_L":"15"}},
{"type":"Feature","geometry":{"type":"Polygon","coordinates":[[[12.1066,52.7883],[12.1005,52.7969],[12.0767,52.8006],[12.0787,52.8151],[12.0659,52.8185],[12.0228,52.8125],[12.0309,52.7946],[12.0327,52.7718],[12.0413,52.75],[12.0522,52.7536],[12.0577,52.7723],[12.067,52.7863],[12.1066,52.7883]]]},"properties":{"AGS":"15090445","GEN":"Sandau (Elbe)","SN_L":"15"}},
{"type":"Feature","geometry":{"type":"Polygon","coordinates":[[[12.2393,52.6658],[12.2348,52.6809],[12.2172,52.6977],[12.2239,52.7024],[12.2039,52.7134],[12.2033,52.7248],[12.1917,52.7235],[12.1572,52.7033],[12.1202,52.7065],[12.1195,52.6791],[12.1335,52.6452],[12.1501,52.6332],[12.172,52.6259],[12.2035,52.6187],[12.2094,52.6241],[12.2368,52.6299],[12.231,52.6399],[12.2393,52.6658]]]},"properties":{"AGS":"15090485","GEN":"Schollene","SN_L":"15"}},
{"type":"Feature","geometry":{"type":"Polygon","coordinates":[[[12.1501,52.6332],[12.1062,52.6325],[12.0563,52.6273],[12.0142,52.6338],[12.016,52.6246],[12.0041,52.6098],[11.9993,52.5887],[11.9885,52.5757],[11.9985,52.5599],[12.055,52.558],[12.0732,52.5602],[12.0959,52.5802],[12.1316,52.586],[12.1732,52.5975],[12.172,52.6259],[12.1501,52.6332]]]},"properties":{"AGS":"15090500","GEN":"Schönhausen (Elbe)","SN_L":"15"}},
{"type":"Feature","geometry":{"type":"Polygon","coordinates":[[[12.1713,52.5062],[12.1673,52.515],[12.1861,52.5275],[12.1739,52.5387],[12.1447,52.5294],[12.1612,52.5627],[12.1811,52.5752],[12.1734,52.5823],[12.1732,52.5975],[12.1316,52.586],[12.0959,52.5802],[12.0732,52.5602],[12.055,52.558],[11.9985,52.5599],[11.9991,52.5464],[11.9873,52.532],[11.9915,52.519],[12.0211,52.5248],[12.0517,52.5254],[12.0633,52.5352],[12.0811,52.5351],[12.1032,52.5244],[12.103,52.5116],[12.1142,52.5065],[12.145,52.5075],[12.1624,52.501],[12.1713,52.5062]]]},"properties":{"AGS":"15090631","GEN":"Wust-Fischbeck","SN_L":"15"}},
{"type":"Feature","geometry":{"type":"Polygon","coordinates":[[[11.6834,53.0016],[11.6677,53.0097],[11.6447,53.0055],[11.6252,53.0146],[11.6415,53.0329],[11.6296,53.0417],[11.5978,53.0359],[11.5592,53.0131],[11.5564,52.9987],[11.5649,52.9766],[11.5955,52.9767],[11.6073,52.9708],[11.5923,52.9553],[11.6175,52.9527],[11.6333,52.9462],[11.6466,52.9219],[11.6891,52.9038],[11.7149,52.8975],[11.7347,52.9015],[11.7516,52.9152],[11.7538,52.924],[11.7444,52.9357],[11.7267,52.9399],[11.7125,52.9369],[11.697,52.9476],[11.7073,52.9711],[11.7049,52.9787],[11.6929,52.9782],[11.6827,52.9872],[11.6834,53.0016]]]},"properties":{"AGS":"15090003","GEN":"Aland","SN_L":"15"}},
{"type":"Feature","geometry":{"type":"Polygon","coordinates":[[[11.6807,52.8919],[11.6599,52.8893],[11.6358,52.8954],[11.6244,52.8775],[11.6322,52.8613],[11.6261,52.856],[11.5927,52.8567],[11.5721,52.8478],[11.5354,52.8523],[11.5275,52.8422],[11.4698,52.8372],[11.4814,52.8145],[11.5314,52.8142],[11.5403,52.7984],[11.5136,52.7869],[11.5062,52.7732],[11.51,52.7691],[11.5439,52.7722],[11.5477,52.7852],[11.585,52.7903],[11.6007,52.7882],[11.6038,52.7986],[11.6225,52.7976],[11.6551,52.8069],[11.6589,52.832],[11.6658,52.8519],[11.7208,52.8427],[11.723,52.8667],[11.6807,52.8919]]]},"properties":{"AGS":"15090007","GEN":"Altmärkische Höhe","SN_L":"15"}},
{"type":"Feature","geometry":{"type":"Polygon","coordinates":[[[11.9237,52.8917],[11.892,52.8951],[11.8725,52.9086],[11.8561,52.8993],[11.8396,52.8688],[11.8382,52.8605],[11.7939,52.8705],[11.7913,52.8893],[11.7583,52.8687],[11.7754,52.8625],[11.7761,52.8509],[11.802,52.8363],[11.8307,52.8375],[11.8601,52.8328],[11.8931,52.8312],[11.9162,52.8338],[11.9456,52.8408],[11.9517,52.8636],[11.9644,52.8723],[11.9594,52.8799],[11.9467,52.8885],[11.9237,52.8917]]]},"properties":{"AGS":"15090008","GEN":"Altmärkische Wische","SN_L":"15"}},
{"type":"Feature","geometry":{"type":"Polygon","coordinates":[[[11.8304,52.957],[11.7863,52.961],[11.7665,52.9799],[11.7533,52.9863],[11.732,52.9886],[11.7049,52.9787],[11.7073,52.9711],[11.697,52.9476],[11.7125,52.9369],[11.7267,52.9399],[11.7444,52.9357],[11.7538,52.924],[11.7516,52.9152],[11.7347,52.9015],[11.7149,52.8975],[11.6891,52.9038],[11.6807,52.8919],[11.723,52.8667],[11.7208,52.8427],[11.7523,52.8387],[11.7761,52.8509],[11.7754,52.8625],[11.7583,52.8687],[11.7913,52.8893],[11.7939,52.8705],[11.8382,52.8605],[11.8396,52.8688],[11.8561,52.8993],[11.8725,52.9086],[11.8422,52.9091],[11.8227,52.9205],[11.8295,52.9306],[11.8468,52.9399],[11.8483,52.9495],[11.8304,52.957]]]},"properties":{"AGS":"15090520","GEN":"Seehausen (Altmark)","SN_L":"15"}},
{"type":"Feature","geometry":{"type":"Polygon","coordinates":[[[11.5564,52.9987],[11.5434,52.9995],[11.5271,53.008],[11.5125,53.0074],[11.4987,52.9759],[11.4923,52.9597],[11.505,52.941],[11.5101,52.934],[11.5503,52.9217],[11.5719,52.9213],[11.6016,52.9028],[11.6229,52.9018],[11.6358,52.8954],[11.6599,52.8893],[11.6807,52.8919],[11.6891,52.9038],[11.6466,52.9219],[11.6333,52.9462],[11.6175,52.9527],[11.5923,52.9553],[11.6073,52.9708],[11.5955,52.9767],[11.5649,52.9766],[11.5564,52.9987]]]},"properties":{"AGS":"15090635","GEN":"Zehrental","SN_L":"15"}},
{"type":"Feature","geometry":{"type":"Polygon","coordinates":[[[13.1499,51.7593],[13.136,51.7689],[13.122,51.7555],[13.0938,51.7633],[13.1011,51.7768],[13.0806,51.7806],[13.0598,51.761],[13.0231,51.7659],[13.0261,51.7753],[12.9967,51.7767],[12.9767,51.7627],[12.9886,51.7527],[12.9872,51.7407],[12.9676,51.742],[12.9552,51.7381],[12.9297,51.7428],[12.8896,51.7189],[12.8648,51.7268],[12.8437,51.708],[12.8383,51.6889],[12.8301,51.6817],[12.8439,51.685],[12.859,51.6762],[12.8649,51.6583],[12.8954,51.6632],[12.8908,51.654],[12.9015,51.6462],[12.9318,51.6484],[12.9422,51.638],[12.9495,51.6494],[12.9722,51.6513],[12.967,51.6639],[12.9839,51.6691],[13.0116,51.6645],[13.0205,51.6534],[13.0235,51.6373],[13.051,51.6477],[13.1545,51.6867],[13.1625,51.6918],[13.1544,51.7101],[13.1664,51.7179],[13.1871,51.7156],[13.1799,51.7307],[13.154,51.7442],[13.1633,51.7549],[13.1499,51.7593]]]},"properties":{"AGS":"15091010","GEN":"Annaburg","SN_L":"15"}},
{"type":"Feature","geometry":{"type":"Polygon","coordinates":[[[12.806,51.7683],[12.7607,51.7776],[12.7586,51.7702],[12.7393,51.7725],[12.7331,51.7674],[12.6853,51.7713],[12.6838,51.7491],[12.6649,51.7459],[12.6704,51.7352],[12.6514,51.7215],[12.6389,51.7271],[12.6186,51.7228],[12.6289,51.714],[12.622,51.7053],[12.6247,51.6916],[12.6419,51.6773],[12.632,51.654],[12.6184,51.6422],[12.621,51.6274],[12.6224,51.6164],[12.6083,51.6106],[12.6491,51.6204],[12.6658,51.6316],[12.6665,51.6422],[12.6885,51.6625],[12.7078,51.6623],[12.738,51.6558],[12.7646,51.6466],[12.7822,51.6538],[12.7925,51.6655],[12.8074,51.6673],[12.8318,51.676],[12.8301,51.6817],[12.8383,51.6889],[12.8437,51.708],[12.8086,51.7216],[12.8042,51.7346],[12.8234,51.752],[12.8007,51.756],[12.7892,51.7493],[12.7774,51.7537],[12.7854,51.7642],[12.806,51.7683]]]},"properties":{"AGS":"15091020","GEN":"Bad Schmiedeberg","SN_L":"15"}},
{"type":"Feature","geometry":{"type":"Polygon","coordinates":[[[12.5353,52.0011],[12.4988,52.0089],[12.4837,52.0192],[12.4806,52.0333],[12.4608,52.0347],[12.45,52.0162],[12.4345,52.0172],[12.4093,52.0291],[12.3896,52.0436],[12.3761,52.0451],[12.374,52.0271],[12.3545,52.0269],[12.3395,52.019],[12.3217,51.9999],[12.3098,51.9961],[12.278,51.9948],[12.2651,51.9884],[12.2801,51.9795],[12.2813,51.9703],[12.2696,51.9583],[12.2834,51.9435],[12.3061,51.9521],[12.3206,51.94],[12.308,51.9318],[12.3104,51.9146],[12.3205,51.8982],[12.3193,51.8858],[12.3086,51.8844],[12.3276,51.8831],[12.3243,51.8692],[12.3459,51.8627],[12.3612,51.8481],[12.3809,51.8505],[12.3872,51.8627],[12.4056,51.8651],[12.4123,51.8718],[12.4429,51.8815],[12.4526,51.8789],[12.4528,51.8612],[12.4744,51.857],[12.4884,51.8786],[12.4852,51.8999],[12.5039,51.9019],[12.5232,51.8965],[12.5488,51.897],[12.567,51.9188],[12.5815,51.9269],[12.5856,51.9518],[12.604,51.9704],[12.603,51.9811],[12.5394,51.9849],[12.5353,52.0011]]]},"properties":{"AGS":"15091060","GEN":"Coswig (Anhalt)","SN_L":"15"}},
{"type":"Feature","geometry":{"type":"Polygon","coordinates":[[[12.4247,51.7747],[12.3948,51.7795],[12.3823,51.8],[12.3625,51.7989],[12.3411,51.7896],[12.3383,51.7799],[12.3476,51.7695],[12.3431,51.749],[12.3512,51.7355],[12.3359,51.7338],[12.3239,51.7265],[12.3265,51.7177],[12.3486,51.7198],[12.3547,51.7117],[12.3448,51.7036],[12.35,51.6856],[12.3608,51.6852],[12.3808,51.6969],[12.412,51.6951],[12.4299,51.703],[12.4599,51.7053],[12.4746,51.7028],[12.4744,51.6823],[12.4951,51.6825],[12.4975,51.6707],[12.5171,51.6605],[12.5497,51.6684],[12.5741,51.6674],[12.5693,51.6389],[12.5803,51.6261],[12.5913,51.6225],[12.621,51.6274],[12.6184,51.6422],[12.632,51.654],[12.6419,51.6773],[12.6247,51.6916],[12.6118,51.685],[12.6019,51.698],[12.5755,51.7061],[12.5683,51.7196],[12.5376,51.7134],[12.5131,51.7359],[12.4907,51.7428],[12.4839,51.753],[12.4602,51.7592],[12.4608,51.769],[12.4288,51.7659],[12.4247,51.7747]]]},"properties":{"AGS":"15091110","GEN":"Gräfenhainichen","SN_L":"15"}},
{"type":"Feature","geometry":{"type":"Polygon","coordinates":[[[13.085,51.874],[13.0805,51.8675],[13.0392,51.8709],[13.0376,51.8909],[13.0454,51.9005],[12.9861,51.9041],[12.9727,51.9009],[12.9765,51.9199],[12.956,51.9227],[12.9606,51.9349],[12.9184,51.9394],[12.9175,51.9327],[12.8904,51.9284],[12.8882,51.9348],[12.8527,51.935],[12.8559,51.9242],[12.8786,51.9213],[12.8848,51.9091],[12.9025,51.9086],[12.9094,51.8945],[12.8859,51.8793],[12.8679,51.8778],[12.865,51.8611],[12.8845,51.8561],[12.8851,51.8478],[12.8706,51.8379],[12.8901,51.8276],[12.8793,51.8111],[12.8548,51.8163],[12.8356,51.8096],[12.8304,51.8167],[12.8054,51.8151],[12.8126,51.8105],[12.8064,51.7918],[12.8111,51.7772],[12.806,51.7683],[12.7854,51.7642],[12.7774,51.7537],[12.7892,51.7493],[12.8007,51.756],[12.8234,51.752],[12.8042,51.7346],[12.8086,51.7216],[12.8437,51.708],[12.8648,51.7268],[12.8896,51.7189],[12.9297,51.7428],[12.9552,51.7381],[12.9676,51.742],[12.9872,51.7407],[12.9886,51.7527],[12.9767,51.7627],[12.9967,51.7767],[13.0261,51.7753],[13.0231,51.7659],[13.0598,51.761],[13.0806,51.7806],[13.1011,51.7768],[13.0938,51.7633],[13.122,51.7555],[13.136,51.7689],[13.1499,51.7593],[13.1475,51.7666],[13.161,51.7767],[13.158,51.7884],[13.163,51.802],[13.1274,51.8456],[13.1235,51.8578],[13.1509,51.8596],[13.1496,51.8723],[13.1323,51.8825],[13.119,51.8765],[13.085,51.874]]]},"properties":{"AGS":"15091145","GEN":"Jessen (Elster)","SN_L":"15"}},
{"type":"Feature","geometry":{"type":"Polygon","coordinates":[[[12.8054,51.8151],[12.8029,51.828],[12.7722,51.8305],[12.7567,51.819],[12.7474,51.8262],[12.7556,51.8362],[12.7326,51.8422],[12.7097,51.8525],[12.6929,51.8556],[12.6745,51.8504],[12.674,51.8245],[12.6529,51.8311],[12.6188,51.828],[12.6053,51.837],[12.5907,51.8313],[12.5967,51.8216],[12.5612,51.8203],[12.5381,51.8289],[12.5231,51.8276],[12.5123,51.8203],[12.5154,51.809],[12.4776,51.809],[12.4749,51.797],[12.4466,51.7977],[12.4361,51.7787],[12.4247,51.7747],[12.4288,51.7659],[12.4608,51.769],[12.4602,51.7592],[12.4839,51.753],[12.4907,51.7428],[12.5131,51.7359],[12.5376,51.7134],[12.5683,51.7196],[12.5755,51.7061],[12.6019,51.698],[12.6118,51.685],[12.6247,51.6916],[12.622,51.7053],[12.6289,51.714],[12.6186,51.7228],[12.6389,51.7271],[12.6514,51.7215],[12.6704,51.7352],[12.6649,51.7459],[12.6838,51.7491],[12.6853,51.7713],[12.7331,51.7674],[12.7393,51.7725],[12.7586,51.7702],[12.7607,51.7776],[12.806,51.7683],[12.8111,51.7772],[12.8064,51.7918],[12.8126,51.8105],[12.8054,51.8151]]]},"properties":{"AGS":"15091160","GEN":"Kemberg","SN_L":"15"}},
{"type":"Feature","geometry":{"type":"Polygon","coordinates":[[[12.3086,51.8844],[12.2965,51.8797],[12.2844,51.8646],[12.3079,51.8439],[12.3189,51.8388],[12.3213,51.8192],[12.3067,51.8074],[12.3196,51.7933],[12.3411,51.7896],[12.3625,51.7989],[12.3823,51.8],[12.3948,51.7795],[12.4247,51.7747],[12.4361,51.7787],[12.4466,51.7977],[12.4749,51.797],[12.4776,51.809],[12.5154,51.809],[12.5123,51.8203],[12.5231,51.8276],[12.4964,51.8463],[12.5022,51.8789],[12.4884,51.8786],[12.4744,51.857],[12.4528,51.8612],[12.4526,51.8789],[12.4429,51.8815],[12.4123,51.8718],[12.4056,51.8651],[12.3872,51.8627],[12.3809,51.8505],[12.3612,51.8481],[12.3459,51.8627],[12.3243,51.8692],[12.3276,51.8831],[12.3086,51.8844]]]},"properties":{"AGS":"15091241","GEN":"Oranienbaum-Wörlitz","SN_L":"15"}},
{"type":"Feature","geometry":{"type":"Polygon","coordinates":[[[12.7001,52.0027],[12.6825,52.0033],[12.6727,52.0118],[12.6542,52.0123],[12.6447,51.9944],[12.6144,51.9917],[12.603,51.9811],[12.604,51.9704],[12.5856,51.9518],[12.5815,51.9269],[12.567,51.9188],[12.5488,51.897],[12.5232,51.8965],[12.5039,51.9019],[12.4852,51.8999],[12.4884,51.8786],[12.5022,51.8789],[12.4964,51.8463],[12.5231,51.8276],[12.5381,51.8289],[12.5612,51.8203],[12.5967,51.8216],[12.5907,51.8313],[12.6053,51.837],[12.6188,51.828],[12.6529,51.8311],[12.674,51.8245],[12.6745,51.8504],[12.6929,51.8556],[12.7097,51.8525],[12.7244,51.8675],[12.7345,51.8667],[12.7382,51.9002],[12.7349,51.9111],[12.7201,51.9255],[12.7405,51.9381],[12.7724,51.9371],[12.7699,51.9576],[12.776,51.9651],[12.7698,51.9793],[12.7555,51.9864],[12.7314,51.9884],[12.7001,52.0027]]]},"properties":{"AGS":"15091375","GEN":"Wittenberg","SN_L":"15"}},
{"type":"Feature","geometry":{"type":"Polygon","coordinates":[[[12.8527,51.935],[12.8503,51.9587],[12.8442,51.9677],[12.8228,51.9636],[12.7941,51.9623],[12.776,51.9651],[12.7699,51.9576],[12.7724,51.9371],[12.7405,51.9381],[12.7201,51.9255],[12.7349,51.9111],[12.7382,51.9002],[12.7345,51.8667],[12.7244,51.8675],[12.7097,51.8525],[12.7326,51.8422],[12.7556,51.8362],[12.7474,51.8262],[12.7567,51.819],[12.7722,51.8305],[12.8029,51.828],[12.8054,51.8151],[12.8304,51.8167],[12.8356,51.8096],[12.8548,51.8163],[12.8793,51.8111],[12.8901,51.8276],[12.8706,51.8379],[12.8851,51.8478],[12.8845,51.8561],[12.865,51.8611],[12.8679,51.8778],[12.8859,51.8793],[12.9094,51.8945],[12.9025,51.9086],[12.8848,51.9091],[12.8786,51.9213],[12.8559,51.9242],[12.8527,51.935]]]},"properties":{"AGS":"15091391","GEN":"Zahna-Elster","SN_L":"15"}}
]}