{"type":"FeatureCollection", "features": [
{"type":"Feature","geometry":{"type":"Polygon","coordinates":[[[7.6146,50.3807],[7.603,50.3918],[7.5716,50.4106],[7.5404,50.3943],[7.5368,50.3923],[7.5357,50.384],[7.5121,50.3817],[7.4864,50.3633],[7.4901,50.3513],[7.5028,50.3304],[7.5103,50.3361],[7.532,50.3329],[7.5346,50.3227],[7.5157,50.3091],[7.5268,50.2884],[7.5468,50.2894],[7.5577,50.2834],[7.5866,50.2975],[7.6055,50.2938],[7.5913,50.3108],[7.5906,50.3257],[7.6302,50.3233],[7.6502,50.3244],[7.6597,50.3323],[7.6665,50.3395],[7.6671,50.3454],[7.6889,50.3601],[7.6882,50.3674],[7.6865,50.3735],[7.6641,50.3815],[7.6314,50.3747],[7.6146,50.3807]]]},"properties":{"AGS":"07111000","GEN":"Koblenz","SN_L":"07"}},
{"type":"Feature","geometry":{"type":"Polygon","coordinates":[[[7.2038,50.5637],[7.1813,50.5715],[7.1691,50.5824],[7.1564,50.5587],[7.1275,50.5604],[7.1145,50.5533],[7.0884,50.5531],[7.058,50.5385],[7.0585,50.5061],[7.0543,50.5],[7.074,50.5011],[7.0789,50.491],[7.0647,50.4814],[7.1016,50.4779],[7.1248,50.5021],[7.1387,50.5041],[7.1575,50.5117],[7.1877,50.5342],[7.2087,50.5448],[7.1978,50.5568],[7.2038,50.5637]]]},"properties":{"AGS":"07131007","GEN":"Bad Neuenahr-Ahrweiler","SN_L":"07"}},
{"type":"Feature","geometry":{"type":"Polygon","coordinates":[[[7.2107,50.6498],[7.1952,50.6427],[7.1898,50.6239],[7.1547,50.6147],[7.1479,50.6003],[7.1651,50.5992],[7.1691,50.5824],[7.1813,50.5715],[7.2038,50.5637],[7.2397,50.5615],[7.2606,50.5561],[7.2775,50.5619],[7.2652,50.5741],[7.2485,50.579],[7.2229,50.5836],[7.2106,50.5925],[7.2129,50.6125],[7.2129,50.6235],[7.2107,50.6498]]]},"properties":{"AGS":"07131070","GEN":"Remagen","SN_L":"07"}},
{"type":"Feature","geometry":{"type":"Polygon","coordinates":[[[7.2775,50.5619],[7.2606,50.5561],[7.2397,50.5615],[7.2038,50.5637],[7.1978,50.5568],[7.2087,50.5448],[7.1877,50.5342],[7.1575,50.5117],[7.1763,50.5099],[7.1999,50.4932],[7.2117,50.4925],[7.2482,50.4931],[7.2552,50.5024],[7.2477,50.5106],[7.2618,50.5167],[7.2636,50.534],[7.2847,50.5437],[7.2798,50.5556],[7.2787,50.5589],[7.2775,50.5619]]]},"properties":{"AGS":"07131077","GEN":"Sinzig","SN_L":"07"}},
{"type":"Feature","geometry":{"type":"Polygon","coordinates":[[[7.1691,50.5824],[7.1651,50.5992],[7.1479,50.6003],[7.1312,50.6037],[7.1194,50.6123],[7.1047,50.5924],[7.0908,50.5859],[7.069,50.5927],[7.0663,50.6007],[7.0468,50.6019],[6.9981,50.565],[7.0056,50.5449],[7.0299,50.5401],[7.0469,50.5432],[7.058,50.5385],[7.0884,50.5531],[7.1145,50.5533],[7.1275,50.5604],[7.1564,50.5587],[7.1691,50.5824]]]},"properties":{"AGS":"07131090","GEN":"Grafschaft","SN_L":"07"}},
{"type":"Feature","geometry":{"type":"Polygon","coordinates":[[[6.992,50.393],[6.9798,50.3913],[6.9642,50.3969],[6.9456,50.3923],[6.9264,50.3969],[6.9144,50.3916],[6.9115,50.3901],[6.9045,50.3756],[6.924,50.3732],[6.9289,50.3552],[6.9497,50.3621],[6.955,50.3577],[6.9582,50.3709],[6.9801,50.3713],[7.0048,50.3797],[7.0127,50.3888],[6.992,50.393]]]},"properties":{"AGS":"07131001","GEN":"Adenau","SN_L":"07"}},
{"type":"Feature","geometry":{"type":"Polygon","coordinates":[[[6.8418,50.409],[6.8381,50.4177],[6.8401,50.4195],[6.8264,50.4199],[6.8153,50.4112],[6.816,50.3956],[6.8221,50.3956],[6.8421,50.3933],[6.8418,50.409]]]},"properties":{"AGS":"07131004","GEN":"Antweiler","SN_L":"07"}},
{"type":"Feature","geometry":{"type":"Polygon","coordinates":[[[6.8264,50.4199],[6.8082,50.4277],[6.7915,50.4254],[6.7811,50.4334],[6.7859,50.4397],[6.7712,50.4361],[6.772,50.4244],[6.7851,50.4206],[6.7793,50.405],[6.7894,50.3976],[6.816,50.3956],[6.8153,50.4112],[6.8264,50.4199]]]},"properties":{"AGS":"07131005","GEN":"Aremberg","SN_L":"07"}},
{"type":"Feature","geometry":{"type":"Polygon","coordinates":[[[6.8752,50.372],[6.8598,50.3789],[6.8593,50.3656],[6.8384,50.3677],[6.8627,50.3469],[6.8686,50.3349],[6.8925,50.3464],[6.8905,50.3601],[6.8752,50.372]]]},"properties":{"AGS":"07131008","GEN":"Barweiler","SN_L":"07"}},
{"type":"Feature","geometry":{"type":"Polygon","coordinates":[[[6.8858,50.322],[6.8852,50.3284],[6.8686,50.3349],[6.8532,50.3271],[6.8645,50.3237],[6.8858,50.322]]]},"properties":{"AGS":"07131009","GEN":"Bauler","SN_L":"07"}},
{"type":"Feature","geometry":{"type":"Polygon","coordinates":[[[6.8405,50.342],[6.8316,50.3502],[6.8116,50.3368],[6.7935,50.3276],[6.8067,50.3316],[6.8268,50.3307],[6.8405,50.342]]]},"properties":{"AGS":"07131015","GEN":"Dankerath","SN_L":"07"}},
{"type":"Feature","geometry":{"type":"Polygon","coordinates":[[[6.8117,50.3813],[6.8221,50.3956],[6.816,50.3956],[6.7894,50.3976],[6.7793,50.405],[6.7705,50.3977],[6.7854,50.3755],[6.8027,50.3693],[6.8117,50.3813]]]},"properties":{"AGS":"07131018","GEN":"Dorsel","SN_L":"07"}},
{"type":"Feature","geometry":{"type":"Polygon","coordinates":[[[6.8476,50.427],[6.8362,50.4356],[6.8152,50.432],[6.7994,50.4358],[6.7811,50.4334],[6.7915,50.4254],[6.8082,50.4277],[6.8264,50.4199],[6.8401,50.4195],[6.8476,50.427]]]},"properties":{"AGS":"07131021","GEN":"Eichenbach","SN_L":"07"}},
{"type":"Feature","geometry":{"type":"Polygon","coordinates":[[[6.8702,50.4193],[6.8597,50.4322],[6.8476,50.427],[6.8401,50.4195],[6.8381,50.4177],[6.8618,50.4147],[6.8702,50.4193]]]},"properties":{"AGS":"07131022","GEN":"Fuchshofen","SN_L":"07"}},
{"type":"Feature","geometry":{"type":"Polygon","coordinates":[[[6.909,50.465],[6.9015,50.4691],[6.873,50.4623],[6.8779,50.454],[6.9078,50.455],[6.909,50.465]]]},"properties":{"AGS":"07131026","GEN":"Harscheid","SN_L":"07"}},
{"type":"Feature","geometry":{"type":"Polygon","coordinates":[[[6.9812,50.3527],[6.9955,50.3592],[7.0091,50.3749],[7.0048,50.3797],[6.9801,50.3713],[6.9582,50.3709],[6.955,50.3577],[6.9537,50.3525],[6.9665,50.3485],[6.9812,50.3527]]]},"properties":{"AGS":"07131028","GEN":"Herschbroich","SN_L":"07"}},
{"type":"Feature","geometry":{"type":"Polygon","coordinates":[[[6.8316,50.375],[6.8117,50.3813],[6.8027,50.3693],[6.8007,50.3618],[6.8089,50.3594],[6.8314,50.3627],[6.8372,50.3709],[6.8316,50.375]]]},"properties":{"AGS":"07131030","GEN":"Hoffeld","SN_L":"07"}},
{"type":"Feature","geometry":{"type":"Polygon","coordinates":[[[6.9045,50.3756],[6.9115,50.3901],[6.8862,50.3827],[6.8824,50.3811],[6.9045,50.3756]]]},"properties":{"AGS":"07131032","GEN":"Honerath","SN_L":"07"}},
{"type":"Feature","geometry":{"type":"Polygon","coordinates":[[[6.855,50.4542],[6.8365,50.4655],[6.8121,50.4722],[6.8009,50.4913],[6.7683,50.4843],[6.7591,50.4746],[6.7432,50.4677],[6.7662,50.4579],[6.7787,50.4571],[6.7937,50.4599],[6.8034,50.4546],[6.8319,50.4571],[6.855,50.4542]]]},"properties":{"AGS":"07131033","GEN":"Hümmel","SN_L":"07"}},
{"type":"Feature","geometry":{"type":"Polygon","coordinates":[[[6.9305,50.4525],[6.9111,50.4524],[6.8908,50.4361],[6.8869,50.4233],[6.9008,50.4284],[6.9239,50.4301],[6.9297,50.446],[6.9305,50.4525]]]},"properties":{"AGS":"07131034","GEN":"Insul","SN_L":"07"}},
{"type":"Feature","geometry":{"type":"Polygon","coordinates":[[[7.036,50.4417],[6.991,50.4381],[6.9764,50.4261],[6.9746,50.4187],[6.9736,50.4177],[6.9895,50.4053],[6.992,50.393],[7.0127,50.3888],[7.0191,50.3797],[7.0372,50.3846],[7.0457,50.3941],[7.0404,50.4041],[7.0258,50.4121],[7.0254,50.4203],[7.0432,50.4304],[7.036,50.4417]]]},"properties":{"AGS":"07131037","GEN":"Kaltenborn","SN_L":"07"}},
{"type":"Feature","geometry":{"type":"Polygon","coordinates":[[[6.92,50.3491],[6.9116,50.3577],[6.8905,50.3601],[6.8925,50.3464],[6.9174,50.3385],[6.92,50.3491]]]},"properties":{"AGS":"07131042","GEN":"Kottenborn","SN_L":"07"}},
{"type":"Feature","geometry":{"type":"Polygon","coordinates":[[[6.9736,50.4177],[6.956,50.4277],[6.9455,50.421],[6.9274,50.4191],[6.903,50.4002],[6.9144,50.3916],[6.9264,50.3969],[6.9456,50.3923],[6.9642,50.3969],[6.9798,50.3913],[6.992,50.393],[6.9895,50.4053],[6.9736,50.4177]]]},"properties":{"AGS":"07131044","GEN":"Leimbach","SN_L":"07"}},
{"type":"Feature","geometry":{"type":"Polygon","coordinates":[[[6.9812,50.3527],[6.9665,50.3485],[6.9524,50.3296],[6.9662,50.3291],[6.9737,50.3377],[6.9766,50.3381],[6.9843,50.3489],[6.9812,50.3527]]]},"properties":{"AGS":"07131050","GEN":"Meuspath","SN_L":"07"}},
{"type":"Feature","geometry":{"type":"Polygon","coordinates":[[[6.9486,50.3259],[6.9432,50.3313],[6.9223,50.3326],[6.8889,50.3217],[6.9166,50.3083],[6.9277,50.3069],[6.9447,50.3138],[6.9436,50.315],[6.9486,50.3259]]]},"properties":{"AGS":"07131051","GEN":"Müllenbach","SN_L":"07"}},
{"type":"Feature","geometry":{"type":"Polygon","coordinates":[[[6.8421,50.3933],[6.8221,50.3956],[6.8117,50.3813],[6.8316,50.375],[6.8472,50.381],[6.8421,50.3933]]]},"properties":{"AGS":"07131052","GEN":"Müsch","SN_L":"07"}},
{"type":"Feature","geometry":{"type":"Polygon","coordinates":[[[6.9665,50.3485],[6.9537,50.3525],[6.9365,50.3362],[6.9259,50.3369],[6.9223,50.3326],[6.9432,50.3313],[6.9486,50.3259],[6.9524,50.3296],[6.9665,50.3485]]]},"properties":{"AGS":"07131058","GEN":"Nürburg","SN_L":"07"}},
{"type":"Feature","geometry":{"type":"Polygon","coordinates":[[[6.7787,50.4571],[6.7662,50.4579],[6.7646,50.4508],[6.7437,50.4409],[6.7578,50.4341],[6.7712,50.4361],[6.7859,50.4397],[6.7787,50.4571]]]},"properties":{"AGS":"07131062","GEN":"Ohlenhard","SN_L":"07"}},
{"type":"Feature","geometry":{"type":"Polygon","coordinates":[[[6.8686,50.3349],[6.8627,50.3469],[6.8384,50.3677],[6.8372,50.3709],[6.8314,50.3627],[6.8316,50.3502],[6.8405,50.342],[6.8532,50.3271],[6.8686,50.3349]]]},"properties":{"AGS":"07131065","GEN":"Pomster","SN_L":"07"}},
{"type":"Feature","geometry":{"type":"Polygon","coordinates":[[[6.955,50.3577],[6.9497,50.3621],[6.9289,50.3552],[6.92,50.3491],[6.9174,50.3385],[6.9259,50.3369],[6.9365,50.3362],[6.9537,50.3525],[6.955,50.3577]]]},"properties":{"AGS":"07131066","GEN":"Quiddelbach","SN_L":"07"}},
{"type":"Feature","geometry":{"type":"Polygon","coordinates":[[[6.9274,50.4191],[6.9121,50.4184],[6.9008,50.4284],[6.8869,50.4233],[6.8702,50.4193],[6.8618,50.4147],[6.8381,50.4177],[6.8418,50.409],[6.8692,50.4026],[6.8862,50.3827],[6.9115,50.3901],[6.9144,50.3916],[6.903,50.4002],[6.9274,50.4191]]]},"properties":{"AGS":"07131069","GEN":"Reifferscheid","SN_L":"07"}},
{"type":"Feature","geometry":{"type":"Polygon","coordinates":[[[6.8862,50.3827],[6.8692,50.4026],[6.8418,50.409],[6.8421,50.3933],[6.8472,50.381],[6.8598,50.3789],[6.8752,50.372],[6.8824,50.3811],[6.8862,50.3827]]]},"properties":{"AGS":"07131072","GEN":"Rodder","SN_L":"07"}},
{"type":"Feature","geometry":{"type":"Polygon","coordinates":[[[6.9078,50.455],[6.8779,50.454],[6.873,50.4623],[6.8667,50.4563],[6.8595,50.4498],[6.8648,50.4371],[6.8908,50.4361],[6.9111,50.4524],[6.9078,50.455]]]},"properties":{"AGS":"07131074","GEN":"Schuld","SN_L":"07"}},
{"type":"Feature","geometry":{"type":"Polygon","coordinates":[[[6.8405,50.342],[6.8268,50.3307],[6.8067,50.3316],[6.7935,50.3276],[6.8149,50.3291],[6.8188,50.3239],[6.8362,50.3181],[6.8532,50.3271],[6.8405,50.342]]]},"properties":{"AGS":"07131075","GEN":"Senscheid","SN_L":"07"}},
{"type":"Feature","geometry":{"type":"Polygon","coordinates":[[[6.9305,50.4525],[6.922,50.4579],[6.9209,50.4706],[6.909,50.465],[6.9078,50.455],[6.9111,50.4524],[6.9305,50.4525]]]},"properties":{"AGS":"07131076","GEN":"Sierscheid","SN_L":"07"}},
{"type":"Feature","geometry":{"type":"Polygon","coordinates":[[[6.8314,50.3627],[6.8089,50.3594],[6.7984,50.3448],[6.8116,50.3368],[6.8316,50.3502],[6.8314,50.3627]]]},"properties":{"AGS":"07131079","GEN":"Trierscheid","SN_L":"07"}},
{"type":"Feature","geometry":{"type":"Polygon","coordinates":[[[6.855,50.4542],[6.8319,50.4571],[6.8034,50.4546],[6.7937,50.4599],[6.7787,50.4571],[6.7859,50.4397],[6.7811,50.4334],[6.7994,50.4358],[6.8152,50.432],[6.8362,50.4356],[6.8476,50.427],[6.8597,50.4322],[6.8648,50.4371],[6.8595,50.4498],[6.8667,50.4563],[6.855,50.4542]]]},"properties":{"AGS":"07131082","GEN":"Wershofen","SN_L":"07"}},
{"type":"Feature","geometry":{"type":"Polygon","coordinates":[[[6.9174,50.3385],[6.8925,50.3464],[6.8686,50.3349],[6.8852,50.3284],[6.8858,50.322],[6.8889,50.3217],[6.9223,50.3326],[6.9259,50.3369],[6.9174,50.3385]]]},"properties":{"AGS":"07131083","GEN":"Wiesemscheid","SN_L":"07"}},
{"type":"Feature","geometry":{"type":"Polygon","coordinates":[[[6.9045,50.3756],[6.8824,50.3811],[6.8752,50.372],[6.8905,50.3601],[6.9116,50.3577],[6.92,50.3491],[6.9289,50.3552],[6.924,50.3732],[6.9045,50.3756]]]},"properties":{"AGS":"07131084","GEN":"Wimbach","SN_L":"07"}},
{"type":"Feature","geometry":{"type":"Polygon","coordinates":[[[6.8908,50.4361],[6.8648,50.4371],[6.8597,50.4322],[6.8702,50.4193],[6.8869,50.4233],[6.8908,50.4361]]]},"properties":{"AGS":"07131085","GEN":"Winnerath","SN_L":"07"}},
{"type":"Feature","geometry":{"type":"Polygon","coordinates":[[[6.8598,50.3789],[6.8472,50.381],[6.8316,50.375],[6.8372,50.3709],[6.8384,50.3677],[6.8593,50.3656],[6.8598,50.3789]]]},"properties":{"AGS":"07131086","GEN":"Wirft","SN_L":"07"}},
{"type":"Feature","geometry":{"type":"Polygon","coordinates":[[[6.9746,50.4187],[6.9699,50.4432],[6.9754,50.4538],[6.9618,50.458],[6.9538,50.4496],[6.9297,50.446],[6.9239,50.4301],[6.9008,50.4284],[6.9121,50.4184],[6.9274,50.4191],[6.9455,50.421],[6.956,50.4277],[6.9736,50.4177],[6.9746,50.4187]]]},"properties":{"AGS":"07131501","GEN":"Dümpelfeld","SN_L":"07"}},
{"type":"Feature","geometry":{"type":"Polygon","coordinates":[[[7.0074,50.5039],[6.997,50.5002],[6.9782,50.5025],[6.9607,50.4986],[6.9382,50.4794],[6.956,50.4806],[6.9742,50.4725],[6.969,50.4648],[6.9791,50.4566],[6.9989,50.474],[6.9937,50.486],[7.0042,50.4968],[7.0191,50.4999],[7.0074,50.5039]]]},"properties":{"AGS":"07131002","GEN":"Ahrbrück","SN_L":"07"}},
{"type":"Feature","geometry":{"type":"Polygon","coordinates":[[[7.0056,50.5449],[6.9922,50.5439],[6.9817,50.5366],[6.975,50.5236],[6.9615,50.5215],[6.9412,50.5115],[6.9607,50.4986],[6.9782,50.5025],[6.997,50.5002],[7.0074,50.5039],[7.0076,50.5291],[7.0253,50.5389],[7.0299,50.5401],[7.0056,50.5449]]]},"properties":{"AGS":"07131003","GEN":"Altenahr","SN_L":"07"}},
{"type":"Feature","geometry":{"type":"Polygon","coordinates":[[[6.9721,50.5559],[6.9514,50.5634],[6.9279,50.5586],[6.922,50.5543],[6.9314,50.5356],[6.9165,50.528],[6.9232,50.5089],[6.9412,50.5115],[6.9615,50.5215],[6.975,50.5236],[6.9817,50.5366],[6.9922,50.5439],[6.9707,50.5494],[6.9721,50.5559]]]},"properties":{"AGS":"07131011","GEN":"Berg","SN_L":"07"}},
{"type":"Feature","geometry":{"type":"Polygon","coordinates":[[[7.058,50.5385],[7.0469,50.5432],[7.0299,50.5401],[7.0253,50.5389],[7.0324,50.5259],[7.0508,50.5053],[7.0585,50.5061],[7.058,50.5385]]]},"properties":{"AGS":"07131017","GEN":"Dernau","SN_L":"07"}},
{"type":"Feature","geometry":{"type":"Polygon","coordinates":[[[7.1016,50.4779],[7.0647,50.4814],[7.0564,50.4695],[7.0401,50.4691],[7.036,50.4417],[7.0432,50.4304],[7.0254,50.4203],[7.0258,50.4121],[7.0404,50.4041],[7.0442,50.4132],[7.0851,50.4374],[7.1042,50.4522],[7.1171,50.4561],[7.1198,50.4618],[7.1099,50.4712],[7.1016,50.4779]]]},"properties":{"AGS":"07131027","GEN":"Heckenbach","SN_L":"07"}},
{"type":"Feature","geometry":{"type":"Polygon","coordinates":[[[6.9791,50.4566],[6.969,50.4648],[6.9742,50.4725],[6.956,50.4806],[6.9382,50.4794],[6.9209,50.4706],[6.922,50.4579],[6.9305,50.4525],[6.9297,50.446],[6.9538,50.4496],[6.9618,50.458],[6.9754,50.4538],[6.9791,50.4566]]]},"properties":{"AGS":"07131029","GEN":"Hönningen","SN_L":"07"}},
{"type":"Feature","geometry":{"type":"Polygon","coordinates":[[[6.9981,50.565],[6.9836,50.5657],[6.9721,50.5559],[6.9707,50.5494],[6.9922,50.5439],[7.0056,50.5449],[6.9981,50.565]]]},"properties":{"AGS":"07131036","GEN":"Kalenborn","SN_L":"07"}},
{"type":"Feature","geometry":{"type":"Polygon","coordinates":[[[7.0647,50.4814],[7.0789,50.491],[7.074,50.5011],[7.0543,50.5],[7.0439,50.4954],[7.0198,50.4999],[7.0191,50.4999],[7.0042,50.4968],[6.9937,50.486],[6.9989,50.474],[6.9791,50.4566],[6.9754,50.4538],[6.9699,50.4432],[6.9746,50.4187],[6.9764,50.4261],[6.991,50.4381],[7.036,50.4417],[7.0401,50.4691],[7.0564,50.4695],[7.0647,50.4814]]]},"properties":{"AGS":"07131039","GEN":"Kesseling","SN_L":"07"}},
{"type":"Feature","geometry":{"type":"Polygon","coordinates":[[[6.9165,50.528],[6.8861,50.5293],[6.889,50.5083],[6.9071,50.5026],[6.9232,50.5089],[6.9165,50.528]]]},"properties":{"AGS":"07131040","GEN":"Kirchsahr","SN_L":"07"}},
{"type":"Feature","geometry":{"type":"Polygon","coordinates":[[[6.9607,50.4986],[6.9412,50.5115],[6.9232,50.5089],[6.9071,50.5026],[6.8979,50.4923],[6.9056,50.485],[6.9015,50.4691],[6.909,50.465],[6.9209,50.4706],[6.9382,50.4794],[6.9607,50.4986]]]},"properties":{"AGS":"07131047","GEN":"Lind","SN_L":"07"}},
{"type":"Feature","geometry":{"type":"Polygon","coordinates":[[[7.0324,50.5259],[7.0253,50.5389],[7.0076,50.5291],[7.0074,50.5039],[7.0191,50.4999],[7.0198,50.4999],[7.0324,50.5259]]]},"properties":{"AGS":"07131049","GEN":"Mayschoß","SN_L":"07"}},
{"type":"Feature","geometry":{"type":"Polygon","coordinates":[[[7.0585,50.5061],[7.0508,50.5053],[7.0324,50.5259],[7.0198,50.4999],[7.0439,50.4954],[7.0543,50.5],[7.0585,50.5061]]]},"properties":{"AGS":"07131068","GEN":"Rech","SN_L":"07"}},
{"type":"Feature","geometry":{"type":"Polygon","coordinates":[[[7.3206,50.4954],[7.3122,50.503],[7.2917,50.5296],[7.2847,50.5437],[7.2636,50.534],[7.2618,50.5167],[7.2477,50.5106],[7.2552,50.5024],[7.2482,50.4931],[7.2523,50.4887],[7.2725,50.4895],[7.2763,50.4821],[7.2935,50.4831],[7.3175,50.4885],[7.3206,50.4954]]]},"properties":{"AGS":"07131006","GEN":"Bad Breisig","SN_L":"07"}},
{"type":"Feature","geometry":{"type":"Polygon","coordinates":[[[7.338,50.4822],[7.3206,50.4954],[7.3175,50.4885],[7.2935,50.4831],[7.283,50.4751],[7.2981,50.4591],[7.3328,50.4672],[7.3444,50.4766],[7.338,50.4822]]]},"properties":{"AGS":"07131014","GEN":"Brohl-Lützing","SN_L":"07"}},
{"type":"Feature","geometry":{"type":"Polygon","coordinates":[[[7.2935,50.4831],[7.2763,50.4821],[7.2725,50.4895],[7.2523,50.4887],[7.243,50.4792],[7.2421,50.4686],[7.243,50.4669],[7.2672,50.4694],[7.283,50.4751],[7.2935,50.4831]]]},"properties":{"AGS":"07131025","GEN":"Gönnersdorf","SN_L":"07"}},
{"type":"Feature","geometry":{"type":"Polygon","coordinates":[[[7.2482,50.4931],[7.2117,50.4925],[7.2075,50.4876],[7.2018,50.4834],[7.2034,50.4731],[7.2214,50.4688],[7.2421,50.4686],[7.243,50.4792],[7.2523,50.4887],[7.2482,50.4931]]]},"properties":{"AGS":"07131081","GEN":"Waldorf","SN_L":"07"}},
{"type":"Feature","geometry":{"type":"Polygon","coordinates":[[[7.2075,50.4876],[7.161,50.4895],[7.152,50.4795],[7.1362,50.4723],[7.1099,50.4712],[7.1198,50.4618],[7.1509,50.4724],[7.179,50.4728],[7.2018,50.4834],[7.2075,50.4876]]]},"properties":{"AGS":"07131016","GEN":"Dedenbach","SN_L":"07"}},
{"type":"Feature","geometry":{"type":"Polygon","coordinates":[[[7.1575,50.5117],[7.1387,50.5041],[7.161,50.4895],[7.2075,50.4876],[7.2117,50.4925],[7.1999,50.4932],[7.1763,50.5099],[7.1575,50.5117]]]},"properties":{"AGS":"07131041","GEN":"Königsfeld","SN_L":"07"}},
{"type":"Feature","geometry":{"type":"Polygon","coordinates":[[[7.1951,50.4643],[7.1818,50.4692],[7.1777,50.4613],[7.1522,50.4524],[7.1476,50.4383],[7.1382,50.434],[7.15,50.4278],[7.1732,50.4419],[7.1834,50.447],[7.1951,50.4643]]]},"properties":{"AGS":"07131054","GEN":"Niederdürenbach","SN_L":"07"}},
{"type":"Feature","geometry":{"type":"Polygon","coordinates":[[[7.2421,50.4686],[7.2214,50.4688],[7.2034,50.4731],[7.2018,50.4834],[7.179,50.4728],[7.1818,50.4692],[7.1951,50.4643],[7.2108,50.4514],[7.2009,50.4462],[7.2028,50.4346],[7.2262,50.4349],[7.2399,50.4416],[7.2375,50.4615],[7.243,50.4669],[7.2421,50.4686]]]},"properties":{"AGS":"07131055","GEN":"Niederzissen","SN_L":"07"}},
{"type":"Feature","geometry":{"type":"Polygon","coordinates":[[[7.179,50.4728],[7.1509,50.4724],[7.1198,50.4618],[7.1171,50.4561],[7.1344,50.4505],[7.1522,50.4524],[7.1777,50.4613],[7.1818,50.4692],[7.179,50.4728]]]},"properties":{"AGS":"07131059","GEN":"Oberdürenbach","SN_L":"07"}},
{"type":"Feature","geometry":{"type":"Polygon","coordinates":[[[7.2009,50.4462],[7.2108,50.4514],[7.1951,50.4643],[7.1834,50.447],[7.1732,50.4419],[7.181,50.4409],[7.2009,50.4462]]]},"properties":{"AGS":"07131060","GEN":"Oberzissen","SN_L":"07"}},
{"type":"Feature","geometry":{"type":"Polygon","coordinates":[[[7.161,50.4895],[7.1387,50.5041],[7.1248,50.5021],[7.1016,50.4779],[7.1099,50.4712],[7.1362,50.4723],[7.152,50.4795],[7.161,50.4895]]]},"properties":{"AGS":"07131073","GEN":"Schalkenbach","SN_L":"07"}},
{"type":"Feature","geometry":{"type":"Polygon","coordinates":[[[7.181,50.4409],[7.1732,50.4419],[7.15,50.4278],[7.17,50.4212],[7.1872,50.4287],[7.181,50.4409]]]},"properties":{"AGS":"07131201","GEN":"Brenk","SN_L":"07"}},
{"type":"Feature","geometry":{"type":"Polygon","coordinates":[[[7.283,50.4751],[7.2672,50.4694],[7.243,50.4669],[7.2375,50.4615],[7.2399,50.4416],[7.2535,50.4399],[7.2867,50.45],[7.2981,50.4591],[7.283,50.4751]]]},"properties":{"AGS":"07131202","GEN":"Burgbrohl","SN_L":"07"}},
{"type":"Feature","geometry":{"type":"Polygon","coordinates":[[[7.2028,50.4346],[7.2009,50.4462],[7.181,50.4409],[7.1872,50.4287],[7.2028,50.4346]]]},"properties":{"AGS":"07131204","GEN":"Galenberg","SN_L":"07"}},
{"type":"Feature","geometry":{"type":"Polygon","coordinates":[[[7.2399,50.4416],[7.2262,50.4349],[7.2305,50.4146],[7.2401,50.4053],[7.257,50.3945],[7.2777,50.397],[7.2858,50.4124],[7.2771,50.4217],[7.2561,50.4251],[7.2535,50.4399],[7.2399,50.4416]]]},"properties":{"AGS":"07131205","GEN":"Glees","SN_L":"07"}},
{"type":"Feature","geometry":{"type":"Polygon","coordinates":[[[7.0899,50.4335],[7.0851,50.4374],[7.0442,50.4132],[7.0404,50.4041],[7.0457,50.3941],[7.0475,50.3924],[7.0831,50.4003],[7.0784,50.4081],[7.0953,50.4229],[7.0899,50.4335]]]},"properties":{"AGS":"07131206","GEN":"Hohenleimbach","SN_L":"07"}},
{"type":"Feature","geometry":{"type":"Polygon","coordinates":[[[7.1522,50.4524],[7.1344,50.4505],[7.1171,50.4561],[7.1042,50.4522],[7.0851,50.4374],[7.0899,50.4335],[7.1046,50.4312],[7.1382,50.434],[7.1476,50.4383],[7.1522,50.4524]]]},"properties":{"AGS":"07131208","GEN":"Spessart","SN_L":"07"}},
{"type":"Feature","geometry":{"type":"Polygon","coordinates":[[[7.2867,50.45],[7.2535,50.4399],[7.2561,50.4251],[7.2865,50.428],[7.2958,50.4354],[7.2867,50.45]]]},"properties":{"AGS":"07131209","GEN":"Wassenach","SN_L":"07"}},
{"type":"Feature","geometry":{"type":"Polygon","coordinates":[[[7.2262,50.4349],[7.2028,50.4346],[7.1872,50.4287],[7.17,50.4212],[7.1714,50.4206],[7.1928,50.4117],[7.2014,50.4079],[7.2232,50.4092],[7.2401,50.4053],[7.2305,50.4146],[7.2262,50.4349]]]},"properties":{"AGS":"07131210","GEN":"Wehr","SN_L":"07"}},
{"type":"Feature","geometry":{"type":"Polygon","coordinates":[[[7.1714,50.4206],[7.1556,50.42],[7.131,50.4112],[7.1096,50.4077],[7.0933,50.4101],[7.0948,50.3948],[7.0997,50.3943],[7.1009,50.3928],[7.1019,50.4032],[7.1224,50.4023],[7.1317,50.3908],[7.1203,50.3839],[7.1538,50.3956],[7.1611,50.4024],[7.1891,50.4102],[7.1928,50.4117],[7.1714,50.4206]]]},"properties":{"AGS":"07131211","GEN":"Weibern","SN_L":"07"}},
{"type":"Feature","geometry":{"type":"Polygon","coordinates":[[[7.1382,50.434],[7.1046,50.4312],[7.0899,50.4335],[7.0953,50.4229],[7.0784,50.4081],[7.0831,50.4003],[7.0948,50.3948],[7.0933,50.4101],[7.1096,50.4077],[7.131,50.4112],[7.1556,50.42],[7.1714,50.4206],[7.17,50.4212],[7.15,50.4278],[7.1382,50.434]]]},"properties":{"AGS":"07131502","GEN":"Kempenich","SN_L":"07"}},
{"type":"Feature","geometry":{"type":"Polygon","coordinates":[[[7.984,50.761],[7.9633,50.7526],[7.9335,50.7636],[7.9172,50.7619],[7.942,50.7345],[7.9555,50.7245],[7.9751,50.7216],[7.9935,50.7218],[8.0076,50.7233],[8.0276,50.7334],[8.0103,50.7455],[8.0002,50.7551],[7.984,50.761]]]},"properties":{"AGS":"07132018","GEN":"Daaden","SN_L":"07"}},
{"type":"Feature","geometry":{"type":"Polygon","coordinates":[[[7.9935,50.7218],[7.9751,50.7216],[7.979,50.7061],[7.9993,50.6923],[8.0052,50.6883],[8.0272,50.6964],[8.0199,50.7105],[7.9964,50.7107],[7.9935,50.7218]]]},"properties":{"AGS":"07132019","GEN":"Derschen","SN_L":"07"}},
{"type":"Feature","geometry":{"type":"Polygon","coordinates":[[[8.0276,50.7334],[8.0076,50.7233],[8.0199,50.7105],[8.0272,50.6964],[8.0284,50.697],[8.0397,50.6974],[8.043,50.7117],[8.0403,50.7257],[8.0276,50.7334]]]},"properties":{"AGS":"07132026","GEN":"Emmerzhausen","SN_L":"07"}},
{"type":"Feature","geometry":{"type":"Polygon","coordinates":[[[7.9751,50.7216],[7.9555,50.7245],[7.9465,50.7091],[7.9686,50.6927],[7.9993,50.6923],[7.979,50.7061],[7.9751,50.7216]]]},"properties":{"AGS":"07132036","GEN":"Friedewald","SN_L":"07"}},
{"type":"Feature","geometry":{"type":"Polygon","coordinates":[[[7.984,50.761],[7.9689,50.7739],[7.9673,50.7982],[7.9732,50.8144],[7.972,50.8147],[7.9422,50.7974],[7.9379,50.7865],[7.9211,50.7837],[7.9007,50.7651],[7.8988,50.7627],[7.9114,50.761],[7.9172,50.7619],[7.9335,50.7636],[7.9633,50.7526],[7.984,50.761]]]},"properties":{"AGS":"07132050","GEN":"Herdorf","SN_L":"07"}},
{"type":"Feature","geometry":{"type":"Polygon","coordinates":[[[8.0199,50.7105],[8.0076,50.7233],[7.9935,50.7218],[7.9964,50.7107],[8.0199,50.7105]]]},"properties":{"AGS":"07132068","GEN":"Mauden","SN_L":"07"}},
{"type":"Feature","geometry":{"type":"Polygon","coordinates":[[[7.942,50.7345],[7.9172,50.7619],[7.9114,50.761],[7.8996,50.7468],[7.8988,50.7466],[7.9061,50.7397],[7.933,50.7388],[7.942,50.7345]]]},"properties":{"AGS":"07132075","GEN":"Niederdreisbach","SN_L":"07"}},
{"type":"Feature","geometry":{"type":"Polygon","coordinates":[[[7.9993,50.6923],[7.9686,50.6927],[7.9653,50.6812],[7.9744,50.6763],[7.9845,50.6754],[8.0052,50.6883],[7.9993,50.6923]]]},"properties":{"AGS":"07132079","GEN":"Nisterberg","SN_L":"07"}},
{"type":"Feature","geometry":{"type":"Polygon","coordinates":[[[7.9114,50.761],[7.8988,50.7627],[7.8996,50.7468],[7.9114,50.761]]]},"properties":{"AGS":"07132101","GEN":"Schutzbach","SN_L":"07"}},
{"type":"Feature","geometry":{"type":"Polygon","coordinates":[[[7.942,50.7345],[7.933,50.7388],[7.9061,50.7397],[7.9066,50.7189],[7.9272,50.7117],[7.9465,50.7091],[7.9555,50.7245],[7.942,50.7345]]]},"properties":{"AGS":"07132113","GEN":"Weitefeld","SN_L":"07"}},
{"type":"Feature","geometry":{"type":"Polygon","coordinates":[[[7.6433,50.7511],[7.6116,50.7533],[7.6054,50.7451],[7.6176,50.7326],[7.6261,50.7335],[7.6386,50.7402],[7.6466,50.742],[7.6433,50.7511]]]},"properties":{"AGS":"07132007","GEN":"Birkenbeul","SN_L":"07"}},
{"type":"Feature","geometry":{"type":"Polygon","coordinates":[[[7.6992,50.7996],[7.6822,50.7954],[7.681,50.7936],[7.6865,50.7857],[7.7029,50.7785],[7.6992,50.7996]]]},"properties":{"AGS":"07132010","GEN":"Bitzen","SN_L":"07"}},
{"type":"Feature","geometry":{"type":"Polygon","coordinates":[[[7.6693,50.7402],[7.6735,50.755],[7.6615,50.7609],[7.6433,50.7511],[7.6466,50.742],[7.6693,50.7402]]]},"properties":{"AGS":"07132013","GEN":"Breitscheidt","SN_L":"07"}},
{"type":"Feature","geometry":{"type":"Polygon","coordinates":[[[7.721,50.752],[7.7021,50.7497],[7.6854,50.7407],[7.7116,50.7378],[7.7372,50.7488],[7.721,50.752]]]},"properties":{"AGS":"07132014","GEN":"Bruchertseifen","SN_L":"07"}},
{"type":"Feature","geometry":{"type":"Polygon","coordinates":[[[7.7102,50.7728],[7.7029,50.7785],[7.6865,50.7857],[7.6801,50.7756],[7.6967,50.7653],[7.7102,50.7728]]]},"properties":{"AGS":"07132028","GEN":"Etzbach","SN_L":"07"}},
{"type":"Feature","geometry":{"type":"Polygon","coordinates":[[[7.6992,50.7996],[7.6924,50.8111],[7.6994,50.825],[7.6692,50.8186],[7.661,50.8204],[7.6822,50.7954],[7.6992,50.7996]]]},"properties":{"AGS":"07132034","GEN":"Forst","SN_L":"07"}},
{"type":"Feature","geometry":{"type":"Polygon","coordinates":[[[7.6865,50.7857],[7.681,50.7936],[7.6778,50.7817],[7.66,50.7856],[7.6595,50.7707],[7.6801,50.7756],[7.6865,50.7857]]]},"properties":{"AGS":"07132038","GEN":"Fürthen","SN_L":"07"}},
{"type":"Feature","geometry":{"type":"Polygon","coordinates":[[[7.6967,50.7653],[7.6801,50.7756],[7.6595,50.7707],[7.6578,50.7699],[7.6615,50.7609],[7.6735,50.755],[7.6871,50.7563],[7.6967,50.7653]]]},"properties":{"AGS":"07132044","GEN":"Hamm (Sieg)","SN_L":"07"}},
{"type":"Feature","geometry":{"type":"Polygon","coordinates":[[[7.6116,50.7533],[7.6141,50.7681],[7.601,50.7663],[7.5915,50.7558],[7.5931,50.7464],[7.6054,50.7451],[7.6116,50.7533]]]},"properties":{"AGS":"07132077","GEN":"Niederirsen","SN_L":"07"}},
{"type":"Feature","geometry":{"type":"Polygon","coordinates":[[[7.6578,50.7699],[7.6141,50.7681],[7.6116,50.7533],[7.6433,50.7511],[7.6615,50.7609],[7.6578,50.7699]]]},"properties":{"AGS":"07132091","GEN":"Pracht","SN_L":"07"}},
{"type":"Feature","geometry":{"type":"Polygon","coordinates":[[[7.721,50.752],[7.7187,50.7704],[7.7102,50.7728],[7.6967,50.7653],[7.6871,50.7563],[7.7021,50.7497],[7.721,50.752]]]},"properties":{"AGS":"07132096","GEN":"Roth","SN_L":"07"}},
{"type":"Feature","geometry":{"type":"Polygon","coordinates":[[[7.7021,50.7497],[7.6871,50.7563],[7.6735,50.755],[7.6693,50.7402],[7.6708,50.7355],[7.6799,50.7358],[7.6854,50.7407],[7.7021,50.7497]]]},"properties":{"AGS":"07132102","GEN":"Seelbach bei Hamm (Sieg)","SN_L":"07"}},
{"type":"Feature","geometry":{"type":"Polygon","coordinates":[[[7.972,50.8147],[7.9603,50.8205],[7.9374,50.8203],[7.9293,50.8285],[7.9159,50.8165],[7.9422,50.7974],[7.972,50.8147]]]},"properties":{"AGS":"07132012","GEN":"Brachbach","SN_L":"07"}},
{"type":"Feature","geometry":{"type":"Polygon","coordinates":[[[7.8515,50.9258],[7.8282,50.929],[7.8088,50.9388],[7.7859,50.9399],[7.7762,50.929],[7.7573,50.9202],[7.7358,50.9157],[7.7469,50.9124],[7.7604,50.9004],[7.753,50.8884],[7.7588,50.8798],[7.7483,50.8672],[7.764,50.8575],[7.7622,50.8451],[7.7719,50.8381],[7.7893,50.841],[7.8127,50.8436],[7.8067,50.8535],[7.8105,50.8643],[7.8293,50.8824],[7.8267,50.8908],[7.8332,50.9073],[7.8515,50.9258]]]},"properties":{"AGS":"07132037","GEN":"Friesenhagen","SN_L":"07"}},
{"type":"Feature","geometry":{"type":"Polygon","coordinates":[[[7.8508,50.8777],[7.8293,50.8824],[7.8105,50.8643],[7.8473,50.8569],[7.859,50.8697],[7.8508,50.8777]]]},"properties":{"AGS":"07132045","GEN":"Harbach","SN_L":"07"}},
{"type":"Feature","geometry":{"type":"Polygon","coordinates":[[[7.8473,50.8569],[7.8105,50.8643],[7.8067,50.8535],[7.8127,50.8436],[7.8295,50.8351],[7.8334,50.8112],[7.8579,50.8038],[7.8882,50.7988],[7.8863,50.7856],[7.8899,50.7833],[7.9211,50.7837],[7.9379,50.7865],[7.9422,50.7974],[7.9159,50.8165],[7.9293,50.8285],[7.919,50.8385],[7.8784,50.8373],[7.86,50.8286],[7.8473,50.8569]]]},"properties":{"AGS":"07132063","GEN":"Kirchen (Sieg)","SN_L":"07"}},
{"type":"Feature","geometry":{"type":"Polygon","coordinates":[[[7.972,50.8147],[7.9766,50.8249],[7.967,50.844],[7.9383,50.8484],[7.9257,50.8448],[7.9156,50.8452],[7.919,50.8385],[7.9293,50.8285],[7.9374,50.8203],[7.9603,50.8205],[7.972,50.8147]]]},"properties":{"AGS":"07132072","GEN":"Mudersbach","SN_L":"07"}},
{"type":"Feature","geometry":{"type":"Polygon","coordinates":[[[7.9156,50.8452],[7.9059,50.8481],[7.8825,50.8749],[7.8508,50.8777],[7.859,50.8697],[7.8473,50.8569],[7.86,50.8286],[7.8784,50.8373],[7.919,50.8385],[7.9156,50.8452]]]},"properties":{"AGS":"07132076","GEN":"Niederfischbach","SN_L":"07"}},
{"type":"Feature","geometry":{"type":"Polygon","coordinates":[[[7.7622,50.8451],[7.7293,50.8505],[7.7065,50.8306],[7.7203,50.822],[7.7265,50.8015],[7.749,50.7997],[7.7654,50.8109],[7.7621,50.821],[7.7893,50.841],[7.7719,50.8381],[7.7622,50.8451]]]},"properties":{"AGS":"07132008","GEN":"Birken-Honigsessen","SN_L":"07"}},
{"type":"Feature","geometry":{"type":"Polygon","coordinates":[[[7.8209,50.8005],[7.8066,50.7963],[7.7873,50.8001],[7.7926,50.785],[7.7748,50.7891],[7.7529,50.7868],[7.7651,50.7736],[7.782,50.7697],[7.794,50.7738],[7.8309,50.7775],[7.8278,50.7797],[7.8297,50.7817],[7.83,50.7935],[7.8209,50.8005]]]},"properties":{"AGS":"07132011","GEN":"Mittelhof","SN_L":"07"}},
{"type":"Feature","geometry":{"type":"Polygon","coordinates":[[[7.8267,50.806],[7.7654,50.8109],[7.749,50.7997],[7.7529,50.7868],[7.7748,50.7891],[7.7926,50.785],[7.7873,50.8001],[7.8066,50.7963],[7.8209,50.8005],[7.8267,50.806]]]},"properties":{"AGS":"07132054","GEN":"Hövels","SN_L":"07"}},
{"type":"Feature","geometry":{"type":"Polygon","coordinates":[[[7.8127,50.8436],[7.7893,50.841],[7.7621,50.821],[7.7654,50.8109],[7.8267,50.806],[7.8334,50.8112],[7.8295,50.8351],[7.8127,50.8436]]]},"properties":{"AGS":"07132080","GEN":"Katzwinkel (Sieg)","SN_L":"07"}},
{"type":"Feature","geometry":{"type":"Polygon","coordinates":[[[7.7979,50.7484],[7.768,50.756],[7.7546,50.7383],[7.7753,50.737],[7.7742,50.7446],[7.7963,50.7478],[7.7979,50.7484]]]},"properties":{"AGS":"07132105","GEN":"Selbach (Sieg)","SN_L":"07"}},
{"type":"Feature","geometry":{"type":"Polygon","coordinates":[[[7.749,50.7997],[7.7265,50.8015],[7.7203,50.822],[7.7065,50.8306],[7.6994,50.825],[7.6924,50.8111],[7.6992,50.7996],[7.7029,50.7785],[7.7102,50.7728],[7.7187,50.7704],[7.721,50.752],[7.7372,50.7488],[7.7429,50.7401],[7.7546,50.7383],[7.768,50.756],[7.7979,50.7484],[7.8199,50.7599],[7.8246,50.7675],[7.8338,50.7694],[7.8309,50.7775],[7.794,50.7738],[7.782,50.7697],[7.7651,50.7736],[7.7529,50.7868],[7.749,50.7997]]]},"properties":{"AGS":"07132117","GEN":"Wissen","SN_L":"07"}},
{"type":"Feature","geometry":{"type":"Polygon","coordinates":[[[7.8899,50.7833],[7.8863,50.7856],[7.8764,50.7817],[7.8681,50.7665],[7.8747,50.76],[7.8823,50.7562],[7.8948,50.7474],[7.8988,50.7466],[7.8996,50.7468],[7.8988,50.7627],[7.9007,50.7651],[7.9029,50.7718],[7.8899,50.7833]]]},"properties":{"AGS":"07132002","GEN":"Alsdorf","SN_L":"07"}},
{"type":"Feature","geometry":{"type":"Polygon","coordinates":[[[7.8863,50.7856],[7.8882,50.7988],[7.8579,50.8038],[7.8422,50.7922],[7.8522,50.7874],[7.8506,50.7753],[7.8278,50.7797],[7.8309,50.7775],[7.8338,50.7694],[7.8417,50.7619],[7.8681,50.7665],[7.8764,50.7817],[7.8863,50.7856]]]},"properties":{"AGS":"07132006","GEN":"Betzdorf","SN_L":"07"}},
{"type":"Feature","geometry":{"type":"Polygon","coordinates":[[[7.8559,50.7438],[7.8444,50.7411],[7.8468,50.7282],[7.8593,50.7253],[7.8614,50.7366],[7.8559,50.7438]]]},"properties":{"AGS":"07132020","GEN":"Dickendorf","SN_L":"07"}},
{"type":"Feature","geometry":{"type":"Polygon","coordinates":[[[7.8444,50.7411],[7.8399,50.7546],[7.8417,50.7619],[7.8338,50.7694],[7.8246,50.7675],[7.8308,50.7653],[7.8293,50.7436],[7.8444,50.7411]]]},"properties":{"AGS":"07132024","GEN":"Elben","SN_L":"07"}},
{"type":"Feature","geometry":{"type":"Polygon","coordinates":[[[7.9061,50.7397],[7.8988,50.7466],[7.8948,50.7474],[7.8833,50.7375],[7.8614,50.7366],[7.8593,50.7253],[7.8732,50.7158],[7.8909,50.7158],[7.9066,50.7189],[7.9061,50.7397]]]},"properties":{"AGS":"07132025","GEN":"Elkenroth","SN_L":"07"}},
{"type":"Feature","geometry":{"type":"Polygon","coordinates":[[[7.7883,50.7313],[7.7963,50.7478],[7.7742,50.7446],[7.7753,50.737],[7.7883,50.7313]]]},"properties":{"AGS":"07132030","GEN":"Fensdorf","SN_L":"07"}},
{"type":"Feature","geometry":{"type":"Polygon","coordinates":[[[7.8082,50.7299],[7.8143,50.7387],[7.8293,50.7436],[7.8308,50.7653],[7.8246,50.7675],[7.8199,50.7599],[7.7979,50.7484],[7.7963,50.7478],[7.7883,50.7313],[7.794,50.7301],[7.8082,50.7299]]]},"properties":{"AGS":"07132039","GEN":"Gebhardshain","SN_L":"07"}},
{"type":"Feature","geometry":{"type":"Polygon","coordinates":[[[7.9211,50.7837],[7.8899,50.7833],[7.9029,50.7718],[7.9007,50.7651],[7.9211,50.7837]]]},"properties":{"AGS":"07132042","GEN":"Grünebach","SN_L":"07"}},
{"type":"Feature","geometry":{"type":"Polygon","coordinates":[[[7.8948,50.7474],[7.8823,50.7562],[7.8559,50.7438],[7.8614,50.7366],[7.8833,50.7375],[7.8948,50.7474]]]},"properties":{"AGS":"07132059","GEN":"Kausen","SN_L":"07"}},
{"type":"Feature","geometry":{"type":"Polygon","coordinates":[[[7.8398,50.7252],[7.8185,50.7238],[7.8085,50.7282],[7.8004,50.7164],[7.8052,50.7109],[7.8139,50.7057],[7.8148,50.7038],[7.8364,50.7118],[7.8398,50.7252]]]},"properties":{"AGS":"07132066","GEN":"Malberg","SN_L":"07"}},
{"type":"Feature","geometry":{"type":"Polygon","coordinates":[[[7.8747,50.76],[7.866,50.7534],[7.8399,50.7546],[7.8444,50.7411],[7.8559,50.7438],[7.8823,50.7562],[7.8747,50.76]]]},"properties":{"AGS":"07132071","GEN":"Molzhain","SN_L":"07"}},
{"type":"Feature","geometry":{"type":"Polygon","coordinates":[[[7.8909,50.7158],[7.8732,50.7158],[7.854,50.702],[7.8568,50.6945],[7.8531,50.693],[7.8579,50.6835],[7.8892,50.6787],[7.8929,50.6818],[7.8745,50.6882],[7.8857,50.7086],[7.8909,50.7158]]]},"properties":{"AGS":"07132073","GEN":"Nauroth","SN_L":"07"}},
{"type":"Feature","geometry":{"type":"Polygon","coordinates":[[[7.8593,50.7253],[7.8468,50.7282],[7.8398,50.7252],[7.8364,50.7118],[7.854,50.702],[7.8732,50.7158],[7.8593,50.7253]]]},"properties":{"AGS":"07132095","GEN":"Rosenheim (Landkreis Altenkirchen)","SN_L":"07"}},
{"type":"Feature","geometry":{"type":"Polygon","coordinates":[[[7.8422,50.7922],[7.8297,50.7817],[7.8278,50.7797],[7.8506,50.7753],[7.8522,50.7874],[7.8422,50.7922]]]},"properties":{"AGS":"07132098","GEN":"Scheuerfeld","SN_L":"07"}},
{"type":"Feature","geometry":{"type":"Polygon","coordinates":[[[7.8444,50.7411],[7.8293,50.7436],[7.8143,50.7387],[7.8082,50.7299],[7.8085,50.7282],[7.8185,50.7238],[7.8398,50.7252],[7.8468,50.7282],[7.8444,50.7411]]]},"properties":{"AGS":"07132107","GEN":"Steinebach/Sieg","SN_L":"07"}},
{"type":"Feature","geometry":{"type":"Polygon","coordinates":[[[7.8681,50.7665],[7.8417,50.7619],[7.8399,50.7546],[7.866,50.7534],[7.8747,50.76],[7.8681,50.7665]]]},"properties":{"AGS":"07132108","GEN":"Steineroth","SN_L":"07"}},
{"type":"Feature","geometry":{"type":"Polygon","coordinates":[[[7.8579,50.8038],[7.8334,50.8112],[7.8267,50.806],[7.8209,50.8005],[7.83,50.7935],[7.8297,50.7817],[7.8422,50.7922],[7.8579,50.8038]]]},"properties":{"AGS":"07132111","GEN":"Wallmenroth","SN_L":"07"}},
{"type":"Feature","geometry":{"type":"Polygon","coordinates":[[[7.6363,50.6742],[7.6224,50.6772],[7.614,50.6722],[7.6363,50.6742]]]},"properties":{"AGS":"07132001","GEN":"Almersbach","SN_L":"07"}},
{"type":"Feature","geometry":{"type":"Polygon","coordinates":[[[7.6427,50.7306],[7.6397,50.7101],[7.6511,50.7097],[7.6517,50.7285],[7.6427,50.7306]]]},"properties":{"AGS":"07132004","GEN":"Bachenberg","SN_L":"07"}},
{"type":"Feature","geometry":{"type":"Polygon","coordinates":[[[7.5895,50.6507],[7.5818,50.6586],[7.5625,50.6621],[7.5472,50.6603],[7.5662,50.6514],[7.587,50.648],[7.5895,50.6507]]]},"properties":{"AGS":"07132005","GEN":"Berzhausen","SN_L":"07"}},
{"type":"Feature","geometry":{"type":"Polygon","coordinates":[[[7.5851,50.7146],[7.5671,50.7135],[7.5719,50.6988],[7.5935,50.6972],[7.5991,50.7023],[7.5851,50.7146]]]},"properties":{"AGS":"07132009","GEN":"Birnbach","SN_L":"07"}},
{"type":"Feature","geometry":{"type":"Polygon","coordinates":[[[7.5423,50.6208],[7.5295,50.6224],[7.5141,50.6076],[7.5088,50.6058],[7.5138,50.5985],[7.5147,50.5982],[7.5433,50.612],[7.5423,50.6208]]]},"properties":{"AGS":"07132015","GEN":"Bürdenbach","SN_L":"07"}},
{"type":"Feature","geometry":{"type":"Polygon","coordinates":[[[7.5141,50.6076],[7.507,50.6194],[7.4946,50.6265],[7.4886,50.6118],[7.4961,50.6035],[7.5088,50.6058],[7.5141,50.6076]]]},"properties":{"AGS":"07132016","GEN":"Burglahr","SN_L":"07"}},
{"type":"Feature","geometry":{"type":"Polygon","coordinates":[[[7.6397,50.7101],[7.6427,50.7306],[7.6386,50.7402],[7.6261,50.7335],[7.6246,50.7159],[7.6346,50.7054],[7.6397,50.7101]]]},"properties":{"AGS":"07132017","GEN":"Busenhausen","SN_L":"07"}},
{"type":"Feature","geometry":{"type":"Polygon","coordinates":[[[7.6989,50.708],[7.7152,50.716],[7.7128,50.7216],[7.6948,50.7266],[7.6914,50.726],[7.6816,50.7173],[7.6989,50.708]]]},"properties":{"AGS":"07132022","GEN":"Eichelhardt","SN_L":"07"}},
{"type":"Feature","geometry":{"type":"Polygon","coordinates":[[[7.5477,50.6416],[7.5187,50.6414],[7.5248,50.6339],[7.514,50.6273],[7.5295,50.6224],[7.5423,50.6208],[7.5455,50.6269],[7.5515,50.6343],[7.5477,50.6416]]]},"properties":{"AGS":"07132023","GEN":"Eichen","SN_L":"07"}},
{"type":"Feature","geometry":{"type":"Polygon","coordinates":[[[7.5218,50.6902],[7.525,50.6973],[7.519,50.7037],[7.5041,50.6988],[7.5046,50.6915],[7.5218,50.6902]]]},"properties":{"AGS":"07132027","GEN":"Ersfeld","SN_L":"07"}},
{"type":"Feature","geometry":{"type":"Polygon","coordinates":[[[7.4848,50.5974],[7.4722,50.6105],[7.4707,50.611],[7.471,50.5964],[7.4848,50.5974]]]},"properties":{"AGS":"07132029","GEN":"Eulenberg","SN_L":"07"}},
{"type":"Feature","geometry":{"type":"Polygon","coordinates":[[[7.5046,50.6915],[7.5041,50.6988],[7.4848,50.7129],[7.4795,50.7101],[7.4786,50.6962],[7.4975,50.6865],[7.5046,50.6915]]]},"properties":{"AGS":"07132031","GEN":"Fiersbach","SN_L":"07"}},
{"type":"Feature","geometry":{"type":"Polygon","coordinates":[[[7.5152,50.659],[7.5084,50.6524],[7.5187,50.6414],[7.5477,50.6416],[7.5509,50.648],[7.5267,50.6568],[7.5152,50.659]]]},"properties":{"AGS":"07132032","GEN":"Flammersfeld","SN_L":"07"}},
{"type":"Feature","geometry":{"type":"Polygon","coordinates":[[[7.6363,50.6742],[7.614,50.6722],[7.6133,50.6717],[7.6156,50.6597],[7.6276,50.6528],[7.6342,50.6538],[7.6452,50.6694],[7.6431,50.6737],[7.6363,50.6742]]]},"properties":{"AGS":"07132033","GEN":"Fluterschen","SN_L":"07"}},
{"type":"Feature","geometry":{"type":"Polygon","coordinates":[[[7.519,50.7037],[7.525,50.6973],[7.5478,50.6994],[7.5434,50.7059],[7.5197,50.707],[7.519,50.7037]]]},"properties":{"AGS":"07132035","GEN":"Forstmehren","SN_L":"07"}},
{"type":"Feature","geometry":{"type":"Polygon","coordinates":[[[7.6943,50.6738],[7.6865,50.6715],[7.6549,50.6795],[7.6431,50.6737],[7.6452,50.6694],[7.6578,50.6664],[7.675,50.653],[7.6741,50.6473],[7.691,50.6626],[7.7025,50.6748],[7.6943,50.6738]]]},"properties":{"AGS":"07132040","GEN":"Gieleroth","SN_L":"07"}},
{"type":"Feature","geometry":{"type":"Polygon","coordinates":[[[7.5572,50.6884],[7.5334,50.6835],[7.5385,50.6747],[7.5441,50.6714],[7.5562,50.6786],[7.5572,50.6884]]]},"properties":{"AGS":"07132041","GEN":"Giershausen","SN_L":"07"}},
{"type":"Feature","geometry":{"type":"Polygon","coordinates":[[[7.5433,50.612],[7.5147,50.5982],[7.5348,50.5951],[7.5452,50.6064],[7.5433,50.612]]]},"properties":{"AGS":"07132043","GEN":"Güllesheim","SN_L":"07"}},
{"type":"Feature","geometry":{"type":"Polygon","coordinates":[[[7.5162,50.7291],[7.5019,50.73],[7.4798,50.7183],[7.494,50.7175],[7.5197,50.707],[7.5434,50.7059],[7.5414,50.7129],[7.5252,50.7186],[7.5162,50.7291]]]},"properties":{"AGS":"07132046","GEN":"Hasselbach","SN_L":"07"}},
{"type":"Feature","geometry":{"type":"Polygon","coordinates":[[[7.612,50.7071],[7.5991,50.7023],[7.5935,50.6972],[7.5967,50.6885],[7.6017,50.6872],[7.6335,50.6933],[7.6338,50.7006],[7.612,50.7071]]]},"properties":{"AGS":"07132047","GEN":"Helmenzen","SN_L":"07"}},
{"type":"Feature","geometry":{"type":"Polygon","coordinates":[[[7.7372,50.7488],[7.7116,50.7378],[7.711,50.7349],[7.7202,50.7311],[7.7382,50.7299],[7.7402,50.7303],[7.7439,50.73],[7.7429,50.7401],[7.7372,50.7488]]]},"properties":{"AGS":"07132048","GEN":"Helmeroth","SN_L":"07"}},
{"type":"Feature","geometry":{"type":"Polygon","coordinates":[[[7.5935,50.6972],[7.5719,50.6988],[7.5633,50.6935],[7.5767,50.682],[7.5967,50.6885],[7.5935,50.6972]]]},"properties":{"AGS":"07132049","GEN":"Hemmelzen","SN_L":"07"}},
{"type":"Feature","geometry":{"type":"Polygon","coordinates":[[[7.6246,50.7159],[7.6261,50.7335],[7.6176,50.7326],[7.6066,50.7272],[7.6113,50.7135],[7.6246,50.7159]]]},"properties":{"AGS":"07132051","GEN":"Heupelzen","SN_L":"07"}},
{"type":"Feature","geometry":{"type":"Polygon","coordinates":[[[7.6693,50.7402],[7.6466,50.742],[7.6386,50.7402],[7.6427,50.7306],[7.6517,50.7285],[7.6739,50.7319],[7.6708,50.7355],[7.6693,50.7402]]]},"properties":{"AGS":"07132052","GEN":"Hilgenroth","SN_L":"07"}},
{"type":"Feature","geometry":{"type":"Polygon","coordinates":[[[7.4975,50.6865],[7.4786,50.6962],[7.4795,50.7101],[7.4683,50.6917],[7.4577,50.6883],[7.4698,50.6724],[7.4854,50.668],[7.4961,50.6716],[7.4975,50.6865]]]},"properties":{"AGS":"07132053","GEN":"Hirz-Maulsbach","SN_L":"07"}},
{"type":"Feature","geometry":{"type":"Polygon","coordinates":[[[7.5348,50.5951],[7.5147,50.5982],[7.5138,50.5985],[7.5014,50.5945],[7.5024,50.5865],[7.5157,50.5752],[7.5381,50.5792],[7.5436,50.584],[7.5477,50.589],[7.5348,50.5951]]]},"properties":{"AGS":"07132055","GEN":"Horhausen (Westerwald)","SN_L":"07"}},
{"type":"Feature","geometry":{"type":"Polygon","coordinates":[[[7.7246,50.716],[7.7176,50.7241],[7.7128,50.7216],[7.7152,50.716],[7.7246,50.716]]]},"properties":{"AGS":"07132056","GEN":"Idelberg","SN_L":"07"}},
{"type":"Feature","geometry":{"type":"Polygon","coordinates":[[[7.7246,50.6895],[7.7003,50.6938],[7.6842,50.6901],[7.6941,50.6864],[7.6943,50.6738],[7.7025,50.6748],[7.7175,50.6723],[7.7257,50.6825],[7.7246,50.6895]]]},"properties":{"AGS":"07132057","GEN":"Ingelbach","SN_L":"07"}},
{"type":"Feature","geometry":{"type":"Polygon","coordinates":[[[7.7176,50.7241],[7.7202,50.7311],[7.711,50.7349],[7.6948,50.7266],[7.7128,50.7216],[7.7176,50.7241]]]},"properties":{"AGS":"07132058","GEN":"Isert","SN_L":"07"}},
{"type":"Feature","geometry":{"type":"Polygon","coordinates":[[[7.5152,50.659],[7.5081,50.6751],[7.4961,50.6716],[7.4854,50.668],[7.4799,50.6526],[7.4849,50.6467],[7.5084,50.6524],[7.5152,50.659]]]},"properties":{"AGS":"07132060","GEN":"Kescheid","SN_L":"07"}},
{"type":"Feature","geometry":{"type":"Polygon","coordinates":[[[7.6246,50.7159],[7.6113,50.7135],[7.612,50.7071],[7.6338,50.7006],[7.6346,50.7054],[7.6246,50.7159]]]},"properties":{"AGS":"07132061","GEN":"Kettenhausen","SN_L":"07"}},
{"type":"Feature","geometry":{"type":"Polygon","coordinates":[[[7.4783,50.7182],[7.445,50.7161],[7.4392,50.7111],[7.4523,50.6929],[7.4577,50.6883],[7.4683,50.6917],[7.4795,50.7101],[7.4848,50.7129],[7.4783,50.7182]]]},"properties":{"AGS":"07132062","GEN":"Kircheib","SN_L":"07"}},
{"type":"Feature","geometry":{"type":"Polygon","coordinates":[[[7.5478,50.6994],[7.525,50.6973],[7.5218,50.6902],[7.5326,50.6836],[7.5334,50.6835],[7.5572,50.6884],[7.5571,50.6941],[7.5478,50.6994]]]},"properties":{"AGS":"07132064","GEN":"Kraam","SN_L":"07"}},
{"type":"Feature","geometry":{"type":"Polygon","coordinates":[[[7.5024,50.5865],[7.4744,50.5849],[7.4747,50.5826],[7.5009,50.5726],[7.5157,50.5716],[7.5157,50.5752],[7.5024,50.5865]]]},"properties":{"AGS":"07132065","GEN":"Krunkel","SN_L":"07"}},
{"type":"Feature","geometry":{"type":"Polygon","coordinates":[[[7.6816,50.7173],[7.678,50.7166],[7.6549,50.7051],[7.6518,50.6992],[7.6786,50.6924],[7.68,50.7025],[7.6959,50.7047],[7.6989,50.708],[7.6816,50.7173]]]},"properties":{"AGS":"07132067","GEN":"Mammelzen","SN_L":"07"}},
{"type":"Feature","geometry":{"type":"Polygon","coordinates":[[[7.5046,50.6915],[7.4975,50.6865],[7.4961,50.6716],[7.5081,50.6751],[7.5233,50.6755],[7.5326,50.6836],[7.5218,50.6902],[7.5046,50.6915]]]},"properties":{"AGS":"07132069","GEN":"Mehren","SN_L":"07"}},
{"type":"Feature","geometry":{"type":"Polygon","coordinates":[[[7.6812,50.6901],[7.6601,50.6898],[7.6549,50.6795],[7.6865,50.6715],[7.6943,50.6738],[7.6941,50.6864],[7.6842,50.6901],[7.6812,50.6901]]]},"properties":{"AGS":"07132070","GEN":"Michelbach (Westerwald)","SN_L":"07"}},
{"type":"Feature","geometry":{"type":"Polygon","coordinates":[[[7.5138,50.5985],[7.5088,50.6058],[7.4961,50.6035],[7.4948,50.6007],[7.5014,50.5945],[7.5138,50.5985]]]},"properties":{"AGS":"07132078","GEN":"Niedersteinebach","SN_L":"07"}},
{"type":"Feature","geometry":{"type":"Polygon","coordinates":[[[7.6739,50.7319],[7.6517,50.7285],[7.6511,50.7097],[7.6549,50.7051],[7.678,50.7166],[7.6739,50.7319]]]},"properties":{"AGS":"07132081","GEN":"Obererbach (Westerwald)","SN_L":"07"}},
{"type":"Feature","geometry":{"type":"Polygon","coordinates":[[[7.5893,50.7403],[7.5584,50.743],[7.5466,50.7343],[7.5552,50.7212],[7.5671,50.7135],[7.5851,50.7146],[7.6065,50.7277],[7.5893,50.7403]]]},"properties":{"AGS":"07132082","GEN":"Oberirsen","SN_L":"07"}},
{"type":"Feature","geometry":{"type":"Polygon","coordinates":[[[7.514,50.6273],[7.4946,50.6265],[7.507,50.6194],[7.5141,50.6076],[7.5295,50.6224],[7.514,50.6273]]]},"properties":{"AGS":"07132083","GEN":"Oberlahr","SN_L":"07"}},
{"type":"Feature","geometry":{"type":"Polygon","coordinates":[[[7.5014,50.5945],[7.4948,50.6007],[7.4848,50.5974],[7.471,50.5964],[7.4744,50.5849],[7.5024,50.5865],[7.5014,50.5945]]]},"properties":{"AGS":"07132085","GEN":"Obersteinebach","SN_L":"07"}},
{"type":"Feature","geometry":{"type":"Polygon","coordinates":[[[7.6452,50.6694],[7.6342,50.6538],[7.6574,50.6452],[7.6724,50.6467],[7.6741,50.6473],[7.675,50.653],[7.6578,50.6664],[7.6452,50.6694]]]},"properties":{"AGS":"07132086","GEN":"Oberwambach","SN_L":"07"}},
{"type":"Feature","geometry":{"type":"Polygon","coordinates":[[[7.6054,50.7451],[7.5931,50.7464],[7.5893,50.7403],[7.6065,50.7277],[7.6066,50.7272],[7.6176,50.7326],[7.6054,50.7451]]]},"properties":{"AGS":"07132087","GEN":"Ölsen","SN_L":"07"}},
{"type":"Feature","geometry":{"type":"Polygon","coordinates":[[[7.5233,50.6755],[7.5081,50.6751],[7.5152,50.659],[7.5267,50.6568],[7.5414,50.6615],[7.5441,50.6714],[7.5385,50.6747],[7.5233,50.6755]]]},"properties":{"AGS":"07132088","GEN":"Orfgen","SN_L":"07"}},
{"type":"Feature","geometry":{"type":"Polygon","coordinates":[[[7.4886,50.6118],[7.4722,50.6105],[7.4848,50.5974],[7.4948,50.6007],[7.4961,50.6035],[7.4886,50.6118]]]},"properties":{"AGS":"07132089","GEN":"Peterslahr","SN_L":"07"}},
{"type":"Feature","geometry":{"type":"Polygon","coordinates":[[[7.5586,50.599],[7.5452,50.6064],[7.5348,50.5951],[7.5477,50.589],[7.5586,50.599]]]},"properties":{"AGS":"07132090","GEN":"Pleckhausen","SN_L":"07"}},
{"type":"Feature","geometry":{"type":"Polygon","coordinates":[[[7.7116,50.7378],[7.6854,50.7407],[7.6799,50.7358],[7.6914,50.726],[7.6948,50.7266],[7.711,50.7349],[7.7116,50.7378]]]},"properties":{"AGS":"07132092","GEN":"Racksen","SN_L":"07"}},
{"type":"Feature","geometry":{"type":"Polygon","coordinates":[[[7.5414,50.6615],[7.5267,50.6568],[7.5509,50.648],[7.5662,50.6514],[7.5472,50.6603],[7.5414,50.6615]]]},"properties":{"AGS":"07132093","GEN":"Reiferscheid","SN_L":"07"}},
{"type":"Feature","geometry":{"type":"Polygon","coordinates":[[[7.5197,50.707],[7.494,50.7175],[7.4798,50.7183],[7.4783,50.7182],[7.4848,50.7129],[7.5041,50.6988],[7.519,50.7037],[7.5197,50.707]]]},"properties":{"AGS":"07132094","GEN":"Rettersen","SN_L":"07"}},
{"type":"Feature","geometry":{"type":"Polygon","coordinates":[[[7.5187,50.6414],[7.5084,50.6524],[7.4849,50.6467],[7.4742,50.6352],[7.4816,50.6255],[7.45,50.6175],[7.4707,50.611],[7.4722,50.6105],[7.4886,50.6118],[7.4946,50.6265],[7.514,50.6273],[7.5248,50.6339],[7.5187,50.6414]]]},"properties":{"AGS":"07132097","GEN":"Rott","SN_L":"07"}},
{"type":"Feature","geometry":{"type":"Polygon","coordinates":[[[7.6156,50.6597],[7.6133,50.6717],[7.6028,50.6682],[7.5894,50.6596],[7.5938,50.6528],[7.6156,50.6597]]]},"properties":{"AGS":"07132099","GEN":"Schöneberg","SN_L":"07"}},
{"type":"Feature","geometry":{"type":"Polygon","coordinates":[[[7.5562,50.6786],[7.5441,50.6714],[7.5414,50.6615],[7.5472,50.6603],[7.5625,50.6621],[7.5613,50.6745],[7.5562,50.6786]]]},"properties":{"AGS":"07132100","GEN":"Schürdt","SN_L":"07"}},
{"type":"Feature","geometry":{"type":"Polygon","coordinates":[[[7.587,50.648],[7.5662,50.6514],[7.5509,50.648],[7.5477,50.6416],[7.5515,50.6343],[7.5699,50.6363],[7.5717,50.6453],[7.587,50.648]]]},"properties":{"AGS":"07132103","GEN":"Seelbach (Westerwald)","SN_L":"07"}},
{"type":"Feature","geometry":{"type":"Polygon","coordinates":[[[7.5699,50.6363],[7.5515,50.6343],[7.5455,50.6269],[7.5731,50.6173],[7.5791,50.6197],[7.5699,50.6363]]]},"properties":{"AGS":"07132104","GEN":"Seifen","SN_L":"07"}},
{"type":"Feature","geometry":{"type":"Polygon","coordinates":[[[7.6842,50.6901],[7.7003,50.6938],[7.6959,50.7047],[7.68,50.7025],[7.6786,50.6924],[7.6812,50.6901],[7.6842,50.6901]]]},"properties":{"AGS":"07132106","GEN":"Sörth","SN_L":"07"}},
{"type":"Feature","geometry":{"type":"Polygon","coordinates":[[[7.6205,50.6481],[7.6276,50.6528],[7.6156,50.6597],[7.5938,50.6528],[7.5924,50.652],[7.6046,50.6484],[7.6205,50.6481]]]},"properties":{"AGS":"07132109","GEN":"Stürzelbach","SN_L":"07"}},
{"type":"Feature","geometry":{"type":"Polygon","coordinates":[[[7.678,50.7166],[7.6816,50.7173],[7.6914,50.726],[7.6799,50.7358],[7.6708,50.7355],[7.6739,50.7319],[7.678,50.7166]]]},"properties":{"AGS":"07132110","GEN":"Volkerzen","SN_L":"07"}},
{"type":"Feature","geometry":{"type":"Polygon","coordinates":[[[7.5767,50.682],[7.5633,50.6935],[7.5571,50.6941],[7.5572,50.6884],[7.5562,50.6786],[7.5613,50.6745],[7.5767,50.682]]]},"properties":{"AGS":"07132112","GEN":"Walterschen","SN_L":"07"}},
{"type":"Feature","geometry":{"type":"Polygon","coordinates":[[[7.5552,50.7212],[7.5466,50.7343],[7.5584,50.743],[7.5346,50.7403],[7.5162,50.7291],[7.5252,50.7186],[7.5414,50.7129],[7.5552,50.7212]]]},"properties":{"AGS":"07132114","GEN":"Werkhausen","SN_L":"07"}},
{"type":"Feature","geometry":{"type":"Polygon","coordinates":[[[7.5552,50.7212],[7.5414,50.7129],[7.5434,50.7059],[7.5478,50.6994],[7.5571,50.6941],[7.5633,50.6935],[7.5719,50.6988],[7.5671,50.7135],[7.5552,50.7212]]]},"properties":{"AGS":"07132115","GEN":"Weyerbusch","SN_L":"07"}},
{"type":"Feature","geometry":{"type":"Polygon","coordinates":[[[7.5381,50.5792],[7.5157,50.5752],[7.5157,50.5716],[7.5325,50.5637],[7.5381,50.5792]]]},"properties":{"AGS":"07132116","GEN":"Willroth","SN_L":"07"}},
{"type":"Feature","geometry":{"type":"Polygon","coordinates":[[[7.6113,50.7135],[7.6066,50.7272],[7.6065,50.7277],[7.5851,50.7146],[7.5991,50.7023],[7.612,50.7071],[7.6113,50.7135]]]},"properties":{"AGS":"07132118","GEN":"Wölmersen","SN_L":"07"}},
{"type":"Feature","geometry":{"type":"Polygon","coordinates":[[[7.5385,50.6747],[7.5334,50.6835],[7.5326,50.6836],[7.5233,50.6755],[7.5385,50.6747]]]},"properties":{"AGS":"07132119","GEN":"Ziegenhain","SN_L":"07"}},
{"type":"Feature","geometry":{"type":"Polygon","coordinates":[[[7.7032,50.6227],[7.7011,50.6581],[7.691,50.6626],[7.6741,50.6473],[7.6724,50.6467],[7.6897,50.629],[7.7008,50.6229],[7.7032,50.6227]]]},"properties":{"AGS":"07132201","GEN":"Berod bei Hachenburg","SN_L":"07"}},
{"type":"Feature","geometry":{"type":"Polygon","coordinates":[[[7.6511,50.7097],[7.6397,50.7101],[7.6346,50.7054],[7.6338,50.7006],[7.6335,50.6933],[7.6017,50.6872],[7.6028,50.6682],[7.6133,50.6717],[7.614,50.6722],[7.6224,50.6772],[7.6363,50.6742],[7.6431,50.6737],[7.6549,50.6795],[7.6601,50.6898],[7.6812,50.6901],[7.6786,50.6924],[7.6518,50.6992],[7.6549,50.7051],[7.6511,50.7097]]]},"properties":{"AGS":"07132501","GEN":"Altenkirchen (Westerwald)","SN_L":"07"}},
{"type":"Feature","geometry":{"type":"Polygon","coordinates":[[[7.6028,50.6682],[7.6017,50.6872],[7.5967,50.6885],[7.5767,50.682],[7.5613,50.6745],[7.5625,50.6621],[7.5818,50.6586],[7.5895,50.6507],[7.5924,50.652],[7.5938,50.6528],[7.5894,50.6596],[7.6028,50.6682]]]},"properties":{"AGS":"07132502","GEN":"Neitersen","SN_L":"07"}},
{"type":"Feature","geometry":{"type":"Polygon","coordinates":[[[7.9194,49.8818],[7.9075,49.8794],[7.8878,49.8634],[7.8625,49.882],[7.846,49.8683],[7.8272,49.8551],[7.827,49.8518],[7.8149,49.8384],[7.8124,49.8312],[7.8363,49.8234],[7.825,49.8157],[7.8211,49.8075],[7.8036,49.8002],[7.7875,49.8073],[7.787,49.8],[7.8014,49.7921],[7.8181,49.7872],[7.8295,49.7944],[7.8438,49.7902],[7.8644,49.7928],[7.872,49.8053],[7.8923,49.8118],[7.8831,49.8212],[7.9,49.8385],[7.9245,49.8326],[7.9358,49.8383],[7.9327,49.8553],[7.9546,49.8625],[7.931,49.8634],[7.9348,49.8786],[7.9194,49.8818]]]},"properties":{"AGS":"07133006","GEN":"Bad Kreuznach","SN_L":"07"}},
{"type":"Feature","geometry":{"type":"Polygon","coordinates":[[[7.8644,49.7928],[7.8438,49.7902],[7.8295,49.7944],[7.8181,49.7872],[7.8199,49.771],[7.8551,49.7723],[7.8708,49.7876],[7.8644,49.7928]]]},"properties":{"AGS":"07133003","GEN":"Altenbamberg","SN_L":"07"}},
{"type":"Feature","geometry":{"type":"Polygon","coordinates":[[[7.9477,49.8806],[7.9348,49.8786],[7.931,49.8634],[7.9546,49.8625],[7.9599,49.8639],[7.9521,49.873],[7.9477,49.8806]]]},"properties":{"AGS":"07133012","GEN":"Biebelsheim","SN_L":"07"}},
{"type":"Feature","geometry":{"type":"Polygon","coordinates":[[[7.8014,49.7921],[7.7964,49.7866],[7.7632,49.7898],[7.7564,49.7774],[7.7727,49.7707],[7.785,49.7681],[7.7951,49.7579],[7.8199,49.771],[7.8181,49.7872],[7.8014,49.7921]]]},"properties":{"AGS":"07133030","GEN":"Feilbingert","SN_L":"07"}},
{"type":"Feature","geometry":{"type":"Polygon","coordinates":[[[7.9276,49.8114],[7.9183,49.8102],[7.9082,49.8211],[7.8923,49.8118],[7.872,49.8053],[7.8644,49.7928],[7.8708,49.7876],[7.8935,49.7885],[7.9007,49.7844],[7.925,49.8035],[7.9276,49.8114]]]},"properties":{"AGS":"07133031","GEN":"Frei-Laubersheim","SN_L":"07"}},
{"type":"Feature","geometry":{"type":"Polygon","coordinates":[[[7.9007,49.7844],[7.8935,49.7885],[7.8708,49.7876],[7.8551,49.7723],[7.8599,49.7658],[7.8701,49.756],[7.8979,49.762],[7.9116,49.7642],[7.9206,49.7639],[7.9329,49.7666],[7.9346,49.768],[7.9288,49.7762],[7.9098,49.7778],[7.9007,49.7844]]]},"properties":{"AGS":"07133032","GEN":"Fürfeld","SN_L":"07"}},
{"type":"Feature","geometry":{"type":"Polygon","coordinates":[[[7.9245,49.8326],[7.9,49.8385],[7.8831,49.8212],[7.8923,49.8118],[7.9082,49.8211],[7.9245,49.8326]]]},"properties":{"AGS":"07133037","GEN":"Hackenheim","SN_L":"07"}},
{"type":"Feature","geometry":{"type":"Polygon","coordinates":[[[7.7951,49.7579],[7.785,49.7681],[7.7727,49.7707],[7.7662,49.7641],[7.7744,49.7525],[7.7976,49.7537],[7.7951,49.7579]]]},"properties":{"AGS":"07133039","GEN":"Hallgarten","SN_L":"07"}},
{"type":"Feature","geometry":{"type":"Polygon","coordinates":[[[7.8551,49.7723],[7.8199,49.771],[7.7951,49.7579],[7.8242,49.7518],[7.8386,49.7563],[7.8599,49.7658],[7.8551,49.7723]]]},"properties":{"AGS":"07133045","GEN":"Hochstätten","SN_L":"07"}},
{"type":"Feature","geometry":{"type":"MultiPolygon","coordinates":[[[[7.9116,49.7642],[7.9148,49.7581],[7.9206,49.7639],[7.9116,49.7642]]],[[[7.9328,49.8004],[7.925,49.8035],[7.9007,49.7844],[7.9098,49.7778],[7.9288,49.7762],[7.9323,49.7805],[7.9328,49.8004]]]]},"properties":{"AGS":"07133069","GEN":"Neu-Bamberg","SN_L":"07"}},
{"type":"Feature","geometry":{"type":"Polygon","coordinates":[[[7.9612,49.8626],[7.9599,49.8639],[7.9546,49.8625],[7.9327,49.8553],[7.9358,49.8383],[7.9389,49.8353],[7.9527,49.8419],[7.9688,49.8541],[7.9612,49.8626]]]},"properties":{"AGS":"07133078","GEN":"Pfaffen-Schwabenheim","SN_L":"07"}},
{"type":"Feature","geometry":{"type":"Polygon","coordinates":[[[7.9416,49.8239],[7.9636,49.8331],[7.9527,49.8419],[7.9389,49.8353],[7.9416,49.8239]]]},"properties":{"AGS":"07133080","GEN":"Pleitersheim","SN_L":"07"}},
{"type":"Feature","geometry":{"type":"Polygon","coordinates":[[[7.9116,49.7642],[7.8979,49.762],[7.9054,49.7523],[7.9148,49.7581],[7.9116,49.7642]]]},"properties":{"AGS":"07133104","GEN":"Tiefenthal","SN_L":"07"}},
{"type":"Feature","geometry":{"type":"Polygon","coordinates":[[[7.9389,49.8353],[7.9358,49.8383],[7.9245,49.8326],[7.9082,49.8211],[7.9183,49.8102],[7.9276,49.8114],[7.9416,49.8239],[7.9389,49.8353]]]},"properties":{"AGS":"07133106","GEN":"Volxheim","SN_L":"07"}},
{"type":"Feature","geometry":{"type":"Polygon","coordinates":[[[7.6834,49.8764],[7.6735,49.8759],[7.661,49.8695],[7.66,49.8574],[7.675,49.8598],[7.6909,49.8711],[7.6834,49.8764]]]},"properties":{"AGS":"07133002","GEN":"Allenfeld","SN_L":"07"}},
{"type":"Feature","geometry":{"type":"Polygon","coordinates":[[[7.7108,49.8862],[7.6912,49.8946],[7.6806,49.8919],[7.689,49.8868],[7.6834,49.8764],[7.6909,49.8711],[7.7125,49.8729],[7.7182,49.8775],[7.7124,49.8846],[7.7108,49.8862]]]},"properties":{"AGS":"07133004","GEN":"Argenschwang","SN_L":"07"}},
{"type":"Feature","geometry":{"type":"Polygon","coordinates":[[[7.675,49.8598],[7.66,49.8574],[7.6574,49.8555],[7.6476,49.8494],[7.6452,49.8388],[7.6614,49.8303],[7.6932,49.8298],[7.6917,49.8313],[7.7019,49.8363],[7.675,49.8598]]]},"properties":{"AGS":"07133013","GEN":"Bockenau","SN_L":"07"}},
{"type":"Feature","geometry":{"type":"Polygon","coordinates":[[[7.7227,49.7854],[7.7293,49.7996],[7.704,49.7948],[7.7025,49.794],[7.7227,49.7854]]]},"properties":{"AGS":"07133014","GEN":"Boos","SN_L":"07"}},
{"type":"Feature","geometry":{"type":"Polygon","coordinates":[[[7.7566,49.8638],[7.7568,49.8737],[7.7288,49.881],[7.7182,49.8775],[7.7125,49.8729],[7.7426,49.862],[7.7566,49.8638]]]},"properties":{"AGS":"07133015","GEN":"Braunweiler","SN_L":"07"}},
{"type":"Feature","geometry":{"type":"Polygon","coordinates":[[[7.6932,49.8298],[7.7215,49.8326],[7.7136,49.838],[7.6917,49.8313],[7.6932,49.8298]]]},"properties":{"AGS":"07133019","GEN":"Burgsponheim","SN_L":"07"}},
{"type":"Feature","geometry":{"type":"Polygon","coordinates":[[[7.7124,49.8846],[7.7387,49.8874],[7.7443,49.8969],[7.7261,49.9028],[7.7198,49.8898],[7.7108,49.8862],[7.7124,49.8846]]]},"properties":{"AGS":"07133021","GEN":"Dalberg","SN_L":"07"}},
{"type":"Feature","geometry":{"type":"Polygon","coordinates":[[[7.7727,49.7707],[7.7546,49.7673],[7.7514,49.7827],[7.7346,49.8011],[7.7293,49.7996],[7.7227,49.7854],[7.7178,49.7759],[7.7342,49.7695],[7.7513,49.7482],[7.7649,49.743],[7.7578,49.7589],[7.7662,49.7641],[7.7727,49.7707]]]},"properties":{"AGS":"07133027","GEN":"Duchroth","SN_L":"07"}},
{"type":"Feature","geometry":{"type":"Polygon","coordinates":[[[7.6735,49.8759],[7.6645,49.8847],[7.6412,49.8871],[7.6501,49.873],[7.661,49.8695],[7.6735,49.8759]]]},"properties":{"AGS":"07133033","GEN":"Gebroth","SN_L":"07"}},
{"type":"Feature","geometry":{"type":"Polygon","coordinates":[[[7.8232,49.8732],[7.8192,49.8848],[7.7869,49.893],[7.7886,49.8779],[7.8016,49.8717],[7.8206,49.8692],[7.8232,49.8732]]]},"properties":{"AGS":"07133036","GEN":"Gutenberg","SN_L":"07"}},
{"type":"Feature","geometry":{"type":"Polygon","coordinates":[[[7.846,49.8683],[7.8232,49.8732],[7.8206,49.8692],[7.8272,49.8551],[7.846,49.8683]]]},"properties":{"AGS":"07133040","GEN":"Hargesheim","SN_L":"07"}},
{"type":"Feature","geometry":{"type":"Polygon","coordinates":[[[7.7717,49.9183],[7.7477,49.9139],[7.7298,49.9164],[7.7289,49.9273],[7.7158,49.9228],[7.7128,49.9122],[7.7278,49.908],[7.7749,49.8997],[7.7663,49.91],[7.7717,49.9183]]]},"properties":{"AGS":"07133044","GEN":"Hergenfeld","SN_L":"07"}},
{"type":"Feature","geometry":{"type":"Polygon","coordinates":[[[7.8149,49.8384],[7.7952,49.8391],[7.7975,49.8319],[7.7592,49.8163],[7.761,49.8021],[7.7761,49.812],[7.7933,49.8141],[7.799,49.8164],[7.8124,49.8312],[7.8149,49.8384]]]},"properties":{"AGS":"07133048","GEN":"Hüffelsheim","SN_L":"07"}},
{"type":"Feature","geometry":{"type":"Polygon","coordinates":[[[7.8044,49.8523],[7.7794,49.8592],[7.7746,49.8647],[7.7566,49.8638],[7.7426,49.862],[7.7453,49.8513],[7.7609,49.8446],[7.7819,49.8462],[7.8044,49.8523]]]},"properties":{"AGS":"07133061","GEN":"Mandel","SN_L":"07"}},
{"type":"Feature","geometry":{"type":"Polygon","coordinates":[[[7.6912,49.8946],[7.6695,49.9006],[7.6806,49.8919],[7.6912,49.8946]]]},"properties":{"AGS":"07133068","GEN":"Münchwald","SN_L":"07"}},
{"type":"Feature","geometry":{"type":"Polygon","coordinates":[[[7.7933,49.8141],[7.7761,49.812],[7.761,49.8021],[7.7553,49.7961],[7.7632,49.7898],[7.7964,49.7866],[7.8014,49.7921],[7.787,49.8],[7.7875,49.8073],[7.7933,49.8141]]]},"properties":{"AGS":"07133070","GEN":"Niederhausen","SN_L":"07"}},
{"type":"Feature","geometry":{"type":"Polygon","coordinates":[[[7.799,49.8164],[7.7933,49.8141],[7.7875,49.8073],[7.8036,49.8002],[7.8211,49.8075],[7.825,49.8157],[7.799,49.8164]]]},"properties":{"AGS":"07133071","GEN":"Norheim","SN_L":"07"}},
{"type":"Feature","geometry":{"type":"Polygon","coordinates":[[[7.7632,49.7898],[7.7553,49.7961],[7.7371,49.8026],[7.7346,49.8011],[7.7514,49.7827],[7.7546,49.7673],[7.7727,49.7707],[7.7564,49.7774],[7.7632,49.7898]]]},"properties":{"AGS":"07133074","GEN":"Oberhausen an der Nahe","SN_L":"07"}},
{"type":"Feature","geometry":{"type":"Polygon","coordinates":[[[7.704,49.7948],[7.6859,49.7984],[7.7025,49.794],[7.704,49.7948]]]},"properties":{"AGS":"07133075","GEN":"Oberstreit","SN_L":"07"}},
{"type":"Feature","geometry":{"type":"Polygon","coordinates":[[[7.8016,49.8717],[7.7728,49.8784],[7.7705,49.8744],[7.7746,49.8647],[7.7794,49.8592],[7.8044,49.8523],[7.827,49.8518],[7.8272,49.8551],[7.8206,49.8692],[7.8016,49.8717]]]},"properties":{"AGS":"07133086","GEN":"Roxheim","SN_L":"07"}},
{"type":"Feature","geometry":{"type":"Polygon","coordinates":[[[7.7705,49.8744],[7.7568,49.8737],[7.7566,49.8638],[7.7746,49.8647],[7.7705,49.8744]]]},"properties":{"AGS":"07133088","GEN":"Sankt Katharinen","SN_L":"07"}},
{"type":"Feature","geometry":{"type":"Polygon","coordinates":[[[7.7592,49.8163],[7.7482,49.828],[7.7499,49.816],[7.726,49.8097],[7.7371,49.8026],[7.7553,49.7961],[7.761,49.8021],[7.7592,49.8163]]]},"properties":{"AGS":"07133089","GEN":"Schloßböckelheim","SN_L":"07"}},
{"type":"Feature","geometry":{"type":"Polygon","coordinates":[[[7.7728,49.8784],[7.7619,49.8832],[7.7288,49.881],[7.7568,49.8737],[7.7705,49.8744],[7.7728,49.8784]]]},"properties":{"AGS":"07133098","GEN":"Sommerloch","SN_L":"07"}},
{"type":"Feature","geometry":{"type":"Polygon","coordinates":[[[7.7277,49.9307],[7.682,49.9312],[7.6624,49.9232],[7.6536,49.916],[7.6695,49.9006],[7.6912,49.8946],[7.7108,49.8862],[7.7198,49.8898],[7.7261,49.9028],[7.7278,49.908],[7.7128,49.9122],[7.7158,49.9228],[7.7289,49.9273],[7.7277,49.9307]]]},"properties":{"AGS":"07133099","GEN":"Spabrücken","SN_L":"07"}},
{"type":"Feature","geometry":{"type":"Polygon","coordinates":[[[7.6509,49.9286],[7.6315,49.9353],[7.6185,49.9264],[7.6338,49.9034],[7.6412,49.8871],[7.6645,49.8847],[7.6735,49.8759],[7.6834,49.8764],[7.689,49.8868],[7.6806,49.8919],[7.6695,49.9006],[7.6536,49.916],[7.6624,49.9232],[7.6509,49.9286]]]},"properties":{"AGS":"07133100","GEN":"Spall","SN_L":"07"}},
{"type":"Feature","geometry":{"type":"Polygon","coordinates":[[[7.7426,49.862],[7.7125,49.8729],[7.6909,49.8711],[7.675,49.8598],[7.7019,49.8363],[7.6917,49.8313],[7.7136,49.838],[7.7215,49.8326],[7.732,49.8316],[7.7457,49.8452],[7.7453,49.8513],[7.7426,49.862]]]},"properties":{"AGS":"07133101","GEN":"Sponheim","SN_L":"07"}},
{"type":"Feature","geometry":{"type":"Polygon","coordinates":[[[7.825,49.8157],[7.8363,49.8234],[7.8124,49.8312],[7.799,49.8164],[7.825,49.8157]]]},"properties":{"AGS":"07133105","GEN":"Traisen","SN_L":"07"}},
{"type":"Feature","geometry":{"type":"Polygon","coordinates":[[[7.6932,49.8298],[7.6614,49.8303],[7.6452,49.8388],[7.6371,49.8276],[7.652,49.8276],[7.6679,49.8218],[7.6828,49.8009],[7.6859,49.7984],[7.704,49.7948],[7.7293,49.7996],[7.7346,49.8011],[7.7371,49.8026],[7.726,49.8097],[7.7499,49.816],[7.7482,49.828],[7.732,49.8316],[7.7215,49.8326],[7.6932,49.8298]]]},"properties":{"AGS":"07133107","GEN":"Waldböckelheim","SN_L":"07"}},
{"type":"Feature","geometry":{"type":"Polygon","coordinates":[[[7.7749,49.8997],[7.7278,49.908],[7.7261,49.9028],[7.7443,49.8969],[7.7387,49.8874],[7.7124,49.8846],[7.7182,49.8775],[7.7288,49.881],[7.7619,49.8832],[7.7728,49.8784],[7.8016,49.8717],[7.7886,49.8779],[7.7869,49.893],[7.7749,49.8997]]]},"properties":{"AGS":"07133109","GEN":"Wallhausen","SN_L":"07"}},
{"type":"Feature","geometry":{"type":"Polygon","coordinates":[[[7.7819,49.8462],[7.7609,49.8446],[7.7453,49.8513],[7.7457,49.8452],[7.732,49.8316],[7.7482,49.828],[7.7592,49.8163],[7.7975,49.8319],[7.7952,49.8391],[7.7819,49.8462]]]},"properties":{"AGS":"07133112","GEN":"Weinsheim","SN_L":"07"}},
{"type":"Feature","geometry":{"type":"Polygon","coordinates":[[[7.6412,49.8871],[7.6338,49.9034],[7.6185,49.9264],[7.5868,49.9126],[7.5822,49.9084],[7.6007,49.896],[7.6165,49.8735],[7.638,49.8685],[7.6501,49.873],[7.6412,49.8871]]]},"properties":{"AGS":"07133115","GEN":"Winterbach","SN_L":"07"}},
{"type":"Feature","geometry":{"type":"Polygon","coordinates":[[[7.827,49.8518],[7.8044,49.8523],[7.7819,49.8462],[7.7952,49.8391],[7.8149,49.8384],[7.827,49.8518]]]},"properties":{"AGS":"07133117","GEN":"Rüdesheim","SN_L":"07"}},
{"type":"Feature","geometry":{"type":"Polygon","coordinates":[[[7.4406,49.7351],[7.4642,49.7481],[7.4611,49.7592],[7.4433,49.7658],[7.4227,49.7478],[7.4314,49.7406],[7.4406,49.7351]]]},"properties":{"AGS":"07133008","GEN":"Bärenbach","SN_L":"07"}},
{"type":"Feature","geometry":{"type":"Polygon","coordinates":[[[7.5168,49.7443],[7.5066,49.743],[7.4929,49.7511],[7.4727,49.7416],[7.4806,49.7379],[7.4966,49.7172],[7.4878,49.7113],[7.5234,49.7213],[7.5227,49.7392],[7.5168,49.7443]]]},"properties":{"AGS":"07133010","GEN":"Becherbach bei Kirn","SN_L":"07"}},
{"type":"Feature","geometry":{"type":"Polygon","coordinates":[[[7.5031,49.8198],[7.5102,49.8321],[7.4979,49.8379],[7.4835,49.8351],[7.4838,49.8328],[7.4863,49.8214],[7.5008,49.8198],[7.5031,49.8198]]]},"properties":{"AGS":"07133016","GEN":"Brauweiler","SN_L":"07"}},
{"type":"Feature","geometry":{"type":"Polygon","coordinates":[[[7.3982,49.8201],[7.4009,49.8122],[7.4186,49.8001],[7.4251,49.7972],[7.4329,49.8006],[7.429,49.8096],[7.3982,49.8201]]]},"properties":{"AGS":"07133038","GEN":"Hahnenbach","SN_L":"07"}},
{"type":"Feature","geometry":{"type":"Polygon","coordinates":[[[7.5293,49.7567],[7.4838,49.7639],[7.478,49.7719],[7.4611,49.7592],[7.4642,49.7481],[7.4727,49.7416],[7.4929,49.7511],[7.5066,49.743],[7.5168,49.7443],[7.5323,49.7545],[7.5293,49.7567]]]},"properties":{"AGS":"07133041","GEN":"Heimweiler","SN_L":"07"}},
{"type":"Feature","geometry":{"type":"Polygon","coordinates":[[[7.4863,49.8214],[7.4838,49.8328],[7.4682,49.8273],[7.4622,49.8191],[7.4724,49.8146],[7.4863,49.8214]]]},"properties":{"AGS":"07133042","GEN":"Heinzenberg","SN_L":"07"}},
{"type":"Feature","geometry":{"type":"Polygon","coordinates":[[[7.4835,49.8351],[7.4654,49.8358],[7.4473,49.8528],[7.432,49.8452],[7.4244,49.8405],[7.3968,49.8235],[7.3982,49.8201],[7.429,49.8096],[7.4622,49.8191],[7.4682,49.8273],[7.4838,49.8328],[7.4835,49.8351]]]},"properties":{"AGS":"07133043","GEN":"Hennweiler","SN_L":"07"}},
{"type":"Feature","geometry":{"type":"Polygon","coordinates":[[[7.5008,49.8198],[7.4863,49.8214],[7.4724,49.8146],[7.4648,49.8039],[7.4802,49.7925],[7.4997,49.785],[7.5134,49.779],[7.527,49.7864],[7.5332,49.8047],[7.5239,49.804],[7.5026,49.8125],[7.5008,49.8198]]]},"properties":{"AGS":"07133046","GEN":"Hochstetten-Dhaun","SN_L":"07"}},
{"type":"Feature","geometry":{"type":"Polygon","coordinates":[[[7.5031,49.8198],[7.5233,49.8241],[7.5102,49.8321],[7.5031,49.8198]]]},"properties":{"AGS":"07133047","GEN":"Horbach","SN_L":"07"}},
{"type":"Feature","geometry":{"type":"Polygon","coordinates":[[[7.4997,49.785],[7.4802,49.7925],[7.4648,49.8039],[7.4485,49.7973],[7.4329,49.8006],[7.4251,49.7972],[7.4436,49.7868],[7.4416,49.7765],[7.4206,49.766],[7.4101,49.7531],[7.4154,49.7477],[7.4227,49.7478],[7.4433,49.7658],[7.4611,49.7592],[7.478,49.7719],[7.4997,49.785]]]},"properties":{"AGS":"07133052","GEN":"Kirn","SN_L":"07"}},
{"type":"Feature","geometry":{"type":"Polygon","coordinates":[[[7.5626,49.7379],[7.5494,49.752],[7.5323,49.7545],[7.5168,49.7443],[7.5227,49.7392],[7.5234,49.7213],[7.5276,49.7087],[7.5362,49.714],[7.5407,49.718],[7.5397,49.7241],[7.5626,49.7379]]]},"properties":{"AGS":"07133059","GEN":"Limbach","SN_L":"07"}},
{"type":"Feature","geometry":{"type":"Polygon","coordinates":[[[7.5134,49.779],[7.4997,49.785],[7.478,49.7719],[7.4838,49.7639],[7.5293,49.7567],[7.533,49.7621],[7.5134,49.779]]]},"properties":{"AGS":"07133063","GEN":"Meckenbach","SN_L":"07"}},
{"type":"Feature","geometry":{"type":"Polygon","coordinates":[[[7.4724,49.8146],[7.4622,49.8191],[7.429,49.8096],[7.4329,49.8006],[7.4485,49.7973],[7.4648,49.8039],[7.4724,49.8146]]]},"properties":{"AGS":"07133073","GEN":"Oberhausen bei Kirn","SN_L":"07"}},
{"type":"Feature","geometry":{"type":"Polygon","coordinates":[[[7.5234,49.7213],[7.4878,49.7113],[7.4915,49.7027],[7.5058,49.7079],[7.5228,49.7076],[7.5276,49.7087],[7.5234,49.7213]]]},"properties":{"AGS":"07133077","GEN":"Otzweiler","SN_L":"07"}},
{"type":"Feature","geometry":{"type":"Polygon","coordinates":[[[7.5413,49.8355],[7.5336,49.8457],[7.5127,49.8424],[7.4979,49.8379],[7.5102,49.8321],[7.5233,49.8241],[7.5031,49.8198],[7.5008,49.8198],[7.5026,49.8125],[7.5239,49.804],[7.5332,49.8047],[7.5366,49.8034],[7.5428,49.8056],[7.5367,49.834],[7.5413,49.8355]]]},"properties":{"AGS":"07133096","GEN":"Simmertal","SN_L":"07"}},
{"type":"Feature","geometry":{"type":"Polygon","coordinates":[[[7.5127,49.8424],[7.5336,49.8457],[7.5372,49.86],[7.5394,49.8728],[7.5261,49.8654],[7.5171,49.85],[7.5127,49.8424]]]},"properties":{"AGS":"07133113","GEN":"Weitersborn","SN_L":"07"}},
{"type":"Feature","geometry":{"type":"Polygon","coordinates":[[[7.4197,49.8446],[7.3955,49.8396],[7.3947,49.8313],[7.3968,49.8235],[7.4244,49.8405],[7.4197,49.8446]]]},"properties":{"AGS":"07133201","GEN":"Bruschied","SN_L":"07"}},
{"type":"Feature","geometry":{"type":"Polygon","coordinates":[[[7.4942,49.86],[7.4909,49.8527],[7.467,49.8558],[7.4642,49.8627],[7.4473,49.8528],[7.4654,49.8358],[7.4835,49.8351],[7.4979,49.8379],[7.5127,49.8424],[7.5171,49.85],[7.5041,49.8495],[7.497,49.8611],[7.4942,49.86]]]},"properties":{"AGS":"07133202","GEN":"Kellenbach","SN_L":"07"}},
{"type":"Feature","geometry":{"type":"Polygon","coordinates":[[[7.4942,49.86],[7.4684,49.8666],[7.4642,49.8627],[7.467,49.8558],[7.4909,49.8527],[7.4942,49.86]]]},"properties":{"AGS":"07133203","GEN":"Königsau","SN_L":"07"}},
{"type":"Feature","geometry":{"type":"Polygon","coordinates":[[[7.4197,49.8446],[7.4256,49.8508],[7.3987,49.8561],[7.3955,49.8396],[7.4197,49.8446]]]},"properties":{"AGS":"07133204","GEN":"Schneppenbach","SN_L":"07"}},
{"type":"Feature","geometry":{"type":"Polygon","coordinates":[[[7.5171,49.85],[7.5261,49.8654],[7.5394,49.8728],[7.5467,49.8806],[7.5426,49.8921],[7.5397,49.8905],[7.497,49.8611],[7.5041,49.8495],[7.5171,49.85]]]},"properties":{"AGS":"07133205","GEN":"Schwarzerden","SN_L":"07"}},
{"type":"Feature","geometry":{"type":"Polygon","coordinates":[[[7.6842,49.744],[7.6824,49.7593],[7.665,49.7482],[7.6542,49.7472],[7.6479,49.758],[7.6432,49.7559],[7.6287,49.7339],[7.6689,49.7383],[7.6842,49.744]]]},"properties":{"AGS":"07133001","GEN":"Abtweiler","SN_L":"07"}},
{"type":"Feature","geometry":{"type":"Polygon","coordinates":[[[7.5988,49.8393],[7.5835,49.8259],[7.5997,49.8219],[7.6137,49.8319],[7.5988,49.8393]]]},"properties":{"AGS":"07133005","GEN":"Auen","SN_L":"07"}},
{"type":"Feature","geometry":{"type":"Polygon","coordinates":[[[7.5813,49.7284],[7.596,49.731],[7.6183,49.7418],[7.6145,49.7536],[7.6011,49.7499],[7.5745,49.7454],[7.5664,49.7361],[7.5813,49.7284]]]},"properties":{"AGS":"07133009","GEN":"Bärweiler","SN_L":"07"}},
{"type":"Feature","geometry":{"type":"Polygon","coordinates":[[[7.6736,49.6857],[7.6652,49.6795],[7.6721,49.6703],[7.6573,49.6559],[7.6545,49.6395],[7.6774,49.6398],[7.7033,49.6525],[7.7125,49.6667],[7.6975,49.6696],[7.6893,49.6664],[7.6736,49.6857]]]},"properties":{"AGS":"07133011","GEN":"Becherbach","SN_L":"07"}},
{"type":"Feature","geometry":{"type":"Polygon","coordinates":[[[7.6437,49.7076],[7.627,49.7068],[7.6128,49.6978],[7.6091,49.6843],[7.6237,49.6844],[7.6426,49.687],[7.6528,49.6987],[7.6437,49.7076]]]},"properties":{"AGS":"07133017","GEN":"Breitenheim","SN_L":"07"}},
{"type":"Feature","geometry":{"type":"Polygon","coordinates":[[[7.7352,49.6974],[7.7227,49.7142],[7.7037,49.7108],[7.689,49.7067],[7.691,49.6947],[7.7295,49.6922],[7.7352,49.6974]]]},"properties":{"AGS":"07133020","GEN":"Callbach","SN_L":"07"}},
{"type":"Feature","geometry":{"type":"Polygon","coordinates":[[[7.6476,49.8494],[7.6248,49.8523],[7.6277,49.8318],[7.6452,49.8388],[7.6476,49.8494]]]},"properties":{"AGS":"07133022","GEN":"Daubach","SN_L":"07"}},
{"type":"Feature","geometry":{"type":"Polygon","coordinates":[[[7.6473,49.7142],[7.6441,49.7256],[7.6287,49.7339],[7.6084,49.7321],[7.6011,49.7217],[7.627,49.7068],[7.6437,49.7076],[7.6473,49.7142]]]},"properties":{"AGS":"07133024","GEN":"Desloch","SN_L":"07"}},
{"type":"Feature","geometry":{"type":"Polygon","coordinates":[[[7.5664,49.7361],[7.5626,49.7379],[7.5397,49.7241],[7.5407,49.718],[7.5508,49.7077],[7.5708,49.7056],[7.582,49.7144],[7.5831,49.7261],[7.5813,49.7284],[7.5664,49.7361]]]},"properties":{"AGS":"07133049","GEN":"Hundsbach","SN_L":"07"}},
{"type":"Feature","geometry":{"type":"Polygon","coordinates":[[[7.638,49.8685],[7.6165,49.8735],[7.6073,49.8621],[7.6214,49.8606],[7.6333,49.8625],[7.638,49.8685]]]},"properties":{"AGS":"07133050","GEN":"Ippenschied","SN_L":"07"}},
{"type":"Feature","geometry":{"type":"Polygon","coordinates":[[[7.627,49.7068],[7.6011,49.7217],[7.6084,49.7321],[7.5831,49.7261],[7.582,49.7144],[7.5922,49.7024],[7.6128,49.6978],[7.627,49.7068]]]},"properties":{"AGS":"07133051","GEN":"Jeckenbach","SN_L":"07"}},
{"type":"Feature","geometry":{"type":"Polygon","coordinates":[[[7.5695,49.7741],[7.5494,49.752],[7.5626,49.7379],[7.5664,49.7361],[7.5745,49.7454],[7.6011,49.7499],[7.5893,49.7603],[7.597,49.7664],[7.5695,49.7741]]]},"properties":{"AGS":"07133053","GEN":"Kirschroth","SN_L":"07"}},
{"type":"Feature","geometry":{"type":"Polygon","coordinates":[[[7.5988,49.8393],[7.5759,49.8341],[7.5655,49.8388],[7.5573,49.8266],[7.5597,49.823],[7.5835,49.8259],[7.5988,49.8393]]]},"properties":{"AGS":"07133055","GEN":"Langenthal","SN_L":"07"}},
{"type":"Feature","geometry":{"type":"Polygon","coordinates":[[[7.6381,49.7614],[7.6258,49.7617],[7.6145,49.7536],[7.6183,49.7418],[7.596,49.731],[7.5813,49.7284],[7.5831,49.7261],[7.6084,49.7321],[7.6287,49.7339],[7.6432,49.7559],[7.6381,49.7614]]]},"properties":{"AGS":"07133057","GEN":"Lauschied","SN_L":"07"}},
{"type":"Feature","geometry":{"type":"Polygon","coordinates":[[[7.7513,49.7482],[7.7173,49.7472],[7.7143,49.7407],[7.7161,49.7284],[7.7244,49.7207],[7.7393,49.7275],[7.7649,49.743],[7.7513,49.7482]]]},"properties":{"AGS":"07133058","GEN":"Lettweiler","SN_L":"07"}},
{"type":"Feature","geometry":{"type":"Polygon","coordinates":[[[7.6128,49.6978],[7.5922,49.7024],[7.5903,49.6948],[7.5554,49.6916],[7.5773,49.6887],[7.5997,49.6798],[7.6091,49.6843],[7.6128,49.6978]]]},"properties":{"AGS":"07133060","GEN":"Löllbach","SN_L":"07"}},
{"type":"Feature","geometry":{"type":"Polygon","coordinates":[[[7.5428,49.8056],[7.5366,49.8034],[7.5476,49.802],[7.5428,49.8056]]]},"properties":{"AGS":"07133062","GEN":"Martinstein","SN_L":"07"}},
{"type":"Feature","geometry":{"type":"Polygon","coordinates":[[[7.6113,49.7883],[7.5868,49.7905],[7.5695,49.7741],[7.597,49.7664],[7.5893,49.7603],[7.6011,49.7499],[7.6145,49.7536],[7.6258,49.7617],[7.6381,49.7614],[7.6376,49.7769],[7.6201,49.7868],[7.6113,49.7883]]]},"properties":{"AGS":"07133064","GEN":"Meddersheim","SN_L":"07"}},
{"type":"Feature","geometry":{"type":"Polygon","coordinates":[[[7.7037,49.7108],[7.6944,49.7191],[7.669,49.7323],[7.6665,49.7253],[7.6473,49.7142],[7.6437,49.7076],[7.6528,49.6987],[7.6736,49.6879],[7.689,49.7067],[7.7037,49.7108]]]},"properties":{"AGS":"07133065","GEN":"Meisenheim","SN_L":"07"}},
{"type":"Feature","geometry":{"type":"Polygon","coordinates":[[[7.5476,49.802],[7.5366,49.8034],[7.5332,49.8047],[7.527,49.7864],[7.5134,49.779],[7.533,49.7621],[7.5293,49.7567],[7.5323,49.7545],[7.5494,49.752],[7.5695,49.7741],[7.5868,49.7905],[7.569,49.798],[7.5476,49.802]]]},"properties":{"AGS":"07133066","GEN":"Merxheim","SN_L":"07"}},
{"type":"Feature","geometry":{"type":"Polygon","coordinates":[[[7.6223,49.8288],[7.6137,49.8319],[7.5997,49.8219],[7.5835,49.8259],[7.5597,49.823],[7.5693,49.8083],[7.569,49.798],[7.5868,49.7905],[7.6113,49.7883],[7.6032,49.7945],[7.6181,49.8119],[7.6223,49.8288]]]},"properties":{"AGS":"07133067","GEN":"Monzingen","SN_L":"07"}},
{"type":"Feature","geometry":{"type":"Polygon","coordinates":[[[7.6371,49.8276],[7.6452,49.8388],[7.6277,49.8318],[7.6223,49.8288],[7.6181,49.8119],[7.6032,49.7945],[7.6113,49.7883],[7.6201,49.7868],[7.6318,49.7981],[7.6254,49.8169],[7.6371,49.8276]]]},"properties":{"AGS":"07133072","GEN":"Nußbaum","SN_L":"07"}},
{"type":"Feature","geometry":{"type":"Polygon","coordinates":[[[7.7513,49.7482],[7.7342,49.7695],[7.7178,49.7759],[7.7079,49.7822],[7.6928,49.775],[7.6824,49.7593],[7.6842,49.744],[7.7036,49.746],[7.7143,49.7407],[7.7173,49.7472],[7.7513,49.7482]]]},"properties":{"AGS":"07133076","GEN":"Odernheim am Glan","SN_L":"07"}},
{"type":"Feature","geometry":{"type":"Polygon","coordinates":[[[7.669,49.7323],[7.6689,49.7383],[7.6287,49.7339],[7.6441,49.7256],[7.6473,49.7142],[7.6665,49.7253],[7.669,49.7323]]]},"properties":{"AGS":"07133081","GEN":"Raumbach","SN_L":"07"}},
{"type":"Feature","geometry":{"type":"Polygon","coordinates":[[[7.6574,49.8555],[7.6333,49.8625],[7.6214,49.8606],[7.6248,49.8523],[7.6476,49.8494],[7.6574,49.8555]]]},"properties":{"AGS":"07133082","GEN":"Rehbach","SN_L":"07"}},
{"type":"Feature","geometry":{"type":"Polygon","coordinates":[[[7.7143,49.7407],[7.7036,49.746],[7.6842,49.744],[7.6689,49.7383],[7.669,49.7323],[7.6944,49.7191],[7.7037,49.7108],[7.7227,49.7142],[7.7244,49.7207],[7.7161,49.7284],[7.7143,49.7407]]]},"properties":{"AGS":"07133083","GEN":"Rehborn","SN_L":"07"}},
{"type":"Feature","geometry":{"type":"Polygon","coordinates":[[[7.6975,49.6696],[7.691,49.6947],[7.689,49.7067],[7.6736,49.6879],[7.6736,49.6857],[7.6893,49.6664],[7.6975,49.6696]]]},"properties":{"AGS":"07133084","GEN":"Reiffelbach","SN_L":"07"}},
{"type":"Feature","geometry":{"type":"Polygon","coordinates":[[[7.7295,49.6922],[7.691,49.6947],[7.6975,49.6696],[7.7125,49.6667],[7.7217,49.6732],[7.7199,49.6832],[7.7295,49.6922]]]},"properties":{"AGS":"07133090","GEN":"Schmittweiler","SN_L":"07"}},
{"type":"Feature","geometry":{"type":"Polygon","coordinates":[[[7.582,49.7144],[7.5708,49.7056],[7.5508,49.7077],[7.5407,49.718],[7.5362,49.714],[7.5397,49.7025],[7.5554,49.6916],[7.5903,49.6948],[7.5922,49.7024],[7.582,49.7144]]]},"properties":{"AGS":"07133092","GEN":"Schweinschied","SN_L":"07"}},
{"type":"Feature","geometry":{"type":"Polygon","coordinates":[[[7.5655,49.8388],[7.5656,49.8539],[7.5372,49.86],[7.5336,49.8457],[7.5413,49.8355],[7.5573,49.8266],[7.5655,49.8388]]]},"properties":{"AGS":"07133094","GEN":"Seesbach","SN_L":"07"}},
{"type":"Feature","geometry":{"type":"Polygon","coordinates":[[[7.7025,49.794],[7.6859,49.7984],[7.6828,49.8009],[7.6842,49.7955],[7.6654,49.78],[7.6637,49.7678],[7.6479,49.758],[7.6542,49.7472],[7.665,49.7482],[7.6824,49.7593],[7.6928,49.775],[7.7079,49.7822],[7.7178,49.7759],[7.7227,49.7854],[7.7025,49.794]]]},"properties":{"AGS":"07133102","GEN":"Staudernheim","SN_L":"07"}},
{"type":"Feature","geometry":{"type":"Polygon","coordinates":[[[7.569,49.798],[7.5693,49.8083],[7.5597,49.823],[7.5573,49.8266],[7.5413,49.8355],[7.5367,49.834],[7.5428,49.8056],[7.5476,49.802],[7.569,49.798]]]},"properties":{"AGS":"07133111","GEN":"Weiler bei Monzingen","SN_L":"07"}},
{"type":"Feature","geometry":{"type":"Polygon","coordinates":[[[7.66,49.8574],[7.661,49.8695],[7.6501,49.873],[7.638,49.8685],[7.6333,49.8625],[7.6574,49.8555],[7.66,49.8574]]]},"properties":{"AGS":"07133116","GEN":"Winterburg","SN_L":"07"}},
{"type":"Feature","geometry":{"type":"MultiPolygon","coordinates":[[[[7.6828,49.8009],[7.6679,49.8218],[7.652,49.8276],[7.6371,49.8276],[7.6254,49.8169],[7.6318,49.7981],[7.6201,49.7868],[7.6376,49.7769],[7.6381,49.7614],[7.6432,49.7559],[7.6479,49.758],[7.6637,49.7678],[7.6654,49.78],[7.6842,49.7955],[7.6828,49.8009]]],[[[7.6165,49.8735],[7.6007,49.896],[7.5822,49.9084],[7.5737,49.9002],[7.5442,49.8959],[7.5426,49.8921],[7.5467,49.8806],[7.5394,49.8728],[7.5372,49.86],[7.5656,49.8539],[7.5655,49.8388],[7.5759,49.8341],[7.5988,49.8393],[7.6137,49.8319],[7.6223,49.8288],[7.6277,49.8318],[7.6248,49.8523],[7.6214,49.8606],[7.6073,49.8621],[7.6165,49.8735]]]]},"properties":{"AGS":"07133501","GEN":"Bad Sobernheim","SN_L":"07"}},
{"type":"Feature","geometry":{"type":"Polygon","coordinates":[[[7.9191,49.8857],[7.911,49.8818],[7.8836,49.8904],[7.8625,49.882],[7.8878,49.8634],[7.9075,49.8794],[7.9194,49.8818],[7.9191,49.8857]]]},"properties":{"AGS":"07133018","GEN":"Bretzenheim","SN_L":"07"}},
{"type":"Feature","geometry":{"type":"Polygon","coordinates":[[[7.7346,49.9987],[7.7193,49.997],[7.6873,50.001],[7.6864,49.9961],[7.7071,49.9797],[7.7342,49.9631],[7.7514,49.956],[7.7697,49.9651],[7.77,49.98],[7.7706,49.9821],[7.7584,49.994],[7.7346,49.9987]]]},"properties":{"AGS":"07133023","GEN":"Daxweiler","SN_L":"07"}},
{"type":"Feature","geometry":{"type":"Polygon","coordinates":[[[7.7547,49.9541],[7.7341,49.9489],[7.7217,49.9562],[7.7116,49.9516],[7.6922,49.9523],[7.6608,49.943],[7.6509,49.9286],[7.6624,49.9232],[7.682,49.9312],[7.7277,49.9307],[7.7164,49.9416],[7.7395,49.941],[7.7665,49.9446],[7.7547,49.9541]]]},"properties":{"AGS":"07133025","GEN":"Dörrebach","SN_L":"07"}},
{"type":"Feature","geometry":{"type":"Polygon","coordinates":[[[7.8905,49.9301],[7.8689,49.9351],[7.8694,49.9273],[7.8555,49.9218],[7.8648,49.9214],[7.8905,49.9301]]]},"properties":{"AGS":"07133026","GEN":"Dorsheim","SN_L":"07"}},
{"type":"Feature","geometry":{"type":"Polygon","coordinates":[[[7.79,49.9311],[7.7709,49.9262],[7.7885,49.9215],[7.79,49.9311]]]},"properties":{"AGS":"07133028","GEN":"Eckenroth","SN_L":"07"}},
{"type":"Feature","geometry":{"type":"Polygon","coordinates":[[[7.8836,49.8904],[7.8811,49.8982],[7.8654,49.8983],[7.8349,49.9114],[7.8141,49.8987],[7.8192,49.8848],[7.8232,49.8732],[7.846,49.8683],[7.8625,49.882],[7.8836,49.8904]]]},"properties":{"AGS":"07133035","GEN":"Guldental","SN_L":"07"}},
{"type":"Feature","geometry":{"type":"Polygon","coordinates":[[[7.8648,49.9214],[7.8555,49.9218],[7.8329,49.9134],[7.8349,49.9114],[7.8654,49.8983],[7.8811,49.8982],[7.8836,49.8904],[7.911,49.8818],[7.9191,49.8857],[7.9126,49.9038],[7.9085,49.9129],[7.8819,49.9131],[7.8648,49.9214]]]},"properties":{"AGS":"07133054","GEN":"Langenlonsheim","SN_L":"07"}},
{"type":"Feature","geometry":{"type":"Polygon","coordinates":[[[7.9085,49.9129],[7.8987,49.9198],[7.8982,49.9305],[7.8905,49.9301],[7.8648,49.9214],[7.8819,49.9131],[7.9085,49.9129]]]},"properties":{"AGS":"07133056","GEN":"Laubenheim","SN_L":"07"}},
{"type":"Feature","geometry":{"type":"Polygon","coordinates":[[[7.8018,49.938],[7.8049,49.9481],[7.7947,49.9483],[7.797,49.9394],[7.8018,49.938]]]},"properties":{"AGS":"07133085","GEN":"Roth","SN_L":"07"}},
{"type":"Feature","geometry":{"type":"Polygon","coordinates":[[[7.8464,49.9428],[7.8369,49.94],[7.8555,49.9218],[7.8694,49.9273],[7.8689,49.9351],[7.8464,49.9428]]]},"properties":{"AGS":"07133087","GEN":"Rümmelsheim","SN_L":"07"}},
{"type":"Feature","geometry":{"type":"Polygon","coordinates":[[[7.7395,49.941],[7.7164,49.9416],[7.7277,49.9307],[7.7289,49.9273],[7.7298,49.9164],[7.7477,49.9139],[7.7717,49.9183],[7.7756,49.9194],[7.7662,49.9262],[7.7395,49.941]]]},"properties":{"AGS":"07133091","GEN":"Schöneberg","SN_L":"07"}},
{"type":"Feature","geometry":{"type":"Polygon","coordinates":[[[7.8106,49.9163],[7.8034,49.9297],[7.7905,49.9352],[7.79,49.9311],[7.7885,49.9215],[7.7709,49.9262],[7.7662,49.9262],[7.7756,49.9194],[7.7988,49.9127],[7.8106,49.9163]]]},"properties":{"AGS":"07133093","GEN":"Schweppenhausen","SN_L":"07"}},
{"type":"Feature","geometry":{"type":"Polygon","coordinates":[[[7.7071,49.9797],[7.6822,49.977],[7.6702,49.9703],[7.6692,49.959],[7.6586,49.9535],[7.6608,49.943],[7.6922,49.9523],[7.7116,49.9516],[7.7217,49.9562],[7.7341,49.9489],[7.7547,49.9541],[7.7514,49.956],[7.7342,49.9631],[7.7071,49.9797]]]},"properties":{"AGS":"07133095","GEN":"Seibersbach","SN_L":"07"}},
{"type":"Feature","geometry":{"type":"Polygon","coordinates":[[[7.7697,49.9651],[7.7514,49.956],[7.7547,49.9541],[7.7665,49.9446],[7.7395,49.941],[7.7662,49.9262],[7.7709,49.9262],[7.79,49.9311],[7.7905,49.9352],[7.797,49.9394],[7.7947,49.9483],[7.7711,49.9577],[7.7697,49.9651]]]},"properties":{"AGS":"07133103","GEN":"Stromberg","SN_L":"07"}},
{"type":"Feature","geometry":{"type":"Polygon","coordinates":[[[7.8369,49.94],[7.8145,49.9336],[7.8018,49.938],[7.797,49.9394],[7.7905,49.9352],[7.8034,49.9297],[7.8106,49.9163],[7.8329,49.9134],[7.8555,49.9218],[7.8369,49.94]]]},"properties":{"AGS":"07133108","GEN":"Waldlaubersheim","SN_L":"07"}},
{"type":"Feature","geometry":{"type":"Polygon","coordinates":[[[7.8049,49.9481],[7.8025,49.9593],[7.7735,49.9732],[7.77,49.98],[7.7697,49.9651],[7.7711,49.9577],[7.7947,49.9483],[7.8049,49.9481]]]},"properties":{"AGS":"07133110","GEN":"Warmsroth","SN_L":"07"}},
{"type":"Feature","geometry":{"type":"Polygon","coordinates":[[[7.8106,49.9163],[7.7988,49.9127],[7.7756,49.9194],[7.7717,49.9183],[7.7663,49.91],[7.7749,49.8997],[7.7869,49.893],[7.8192,49.8848],[7.8141,49.8987],[7.8349,49.9114],[7.8329,49.9134],[7.8106,49.9163]]]},"properties":{"AGS":"07133114","GEN":"Windesheim","SN_L":"07"}},
{"type":"Feature","geometry":{"type":"Polygon","coordinates":[[[7.2816,49.7457],[7.2697,49.7544],[7.2531,49.7509],[7.2653,49.7345],[7.2741,49.7214],[7.2725,49.7119],[7.276,49.7103],[7.2885,49.6985],[7.2905,49.6836],[7.2888,49.6808],[7.3131,49.6644],[7.3289,49.6591],[7.3602,49.6604],[7.3806,49.6659],[7.3933,49.6525],[7.4255,49.6493],[7.4452,49.664],[7.4327,49.6786],[7.4147,49.6767],[7.436,49.6953],[7.4272,49.6969],[7.4109,49.6987],[7.3975,49.7068],[7.4137,49.7208],[7.4188,49.7325],[7.4314,49.7406],[7.4227,49.7478],[7.4154,49.7477],[7.4009,49.7386],[7.3714,49.7487],[7.3559,49.7229],[7.3424,49.73],[7.3378,49.742],[7.3326,49.7529],[7.316,49.748],[7.3167,49.74],[7.303,49.7358],[7.2816,49.7457]]]},"properties":{"AGS":"07134045","GEN":"Idar-Oberstein","SN_L":"07"}},
{"type":"Feature","geometry":{"type":"Polygon","coordinates":[[[7.4255,49.6493],[7.3933,49.6525],[7.3806,49.6659],[7.3602,49.6604],[7.3289,49.6591],[7.3131,49.6644],[7.3048,49.6578],[7.3156,49.6517],[7.2935,49.6389],[7.3133,49.6186],[7.3043,49.6065],[7.3136,49.595],[7.3125,49.5889],[7.3396,49.5857],[7.3408,49.5785],[7.346,49.579],[7.3522,49.5875],[7.363,49.5959],[7.3836,49.6],[7.3943,49.5954],[7.4155,49.5913],[7.4205,49.5898],[7.4367,49.5924],[7.4404,49.6075],[7.4489,49.6153],[7.4365,49.6201],[7.4338,49.6405],[7.4255,49.6493]]]},"properties":{"AGS":"07134005","GEN":"Baumholder","SN_L":"07"}},
{"type":"Feature","geometry":{"type":"Polygon","coordinates":[[[7.2947,49.6043],[7.2614,49.6104],[7.2413,49.5977],[7.2305,49.5904],[7.2472,49.5874],[7.2586,49.5939],[7.2758,49.594],[7.2947,49.6043]]]},"properties":{"AGS":"07134007","GEN":"Berglangenbach","SN_L":"07"}},
{"type":"Feature","geometry":{"type":"Polygon","coordinates":[[[7.3125,49.5889],[7.3136,49.595],[7.3015,49.5832],[7.2853,49.5822],[7.2638,49.5706],[7.2746,49.5611],[7.2958,49.5679],[7.3138,49.5568],[7.3246,49.5565],[7.322,49.565],[7.3068,49.5745],[7.3125,49.5889]]]},"properties":{"AGS":"07134008","GEN":"Berschweiler bei Baumholder","SN_L":"07"}},
{"type":"Feature","geometry":{"type":"Polygon","coordinates":[[[7.3138,49.5568],[7.2958,49.5679],[7.2746,49.5611],[7.2766,49.5486],[7.3075,49.5534],[7.3138,49.5568]]]},"properties":{"AGS":"07134021","GEN":"Eckersweiler","SN_L":"07"}},
{"type":"Feature","geometry":{"type":"Polygon","coordinates":[[[7.3136,49.595],[7.3043,49.6065],[7.2947,49.6043],[7.2758,49.594],[7.2687,49.5841],[7.2638,49.5706],[7.2853,49.5822],[7.3015,49.5832],[7.3136,49.595]]]},"properties":{"AGS":"07134026","GEN":"Fohren-Linden","SN_L":"07"}},
{"type":"Feature","geometry":{"type":"Polygon","coordinates":[[[7.3131,49.6644],[7.2888,49.6808],[7.2736,49.6704],[7.2718,49.6607],[7.3048,49.6578],[7.3131,49.6644]]]},"properties":{"AGS":"07134027","GEN":"Frauenberg","SN_L":"07"}},
{"type":"Feature","geometry":{"type":"Polygon","coordinates":[[[7.2105,49.5687],[7.2244,49.5648],[7.2408,49.569],[7.2156,49.5809],[7.21,49.5771],[7.2105,49.5687]]]},"properties":{"AGS":"07134033","GEN":"Hahnweiler","SN_L":"07"}},
{"type":"Feature","geometry":{"type":"Polygon","coordinates":[[[7.2447,49.6288],[7.2363,49.6293],[7.2278,49.6276],[7.2328,49.6015],[7.2413,49.5977],[7.2614,49.6104],[7.2773,49.6229],[7.2447,49.6288]]]},"properties":{"AGS":"07134036","GEN":"Heimbach","SN_L":"07"}},
{"type":"Feature","geometry":{"type":"Polygon","coordinates":[[[7.2328,49.6015],[7.2014,49.5956],[7.2156,49.5809],[7.2305,49.5904],[7.2413,49.5977],[7.2328,49.6015]]]},"properties":{"AGS":"07134051","GEN":"Leitzweiler","SN_L":"07"}},
{"type":"Feature","geometry":{"type":"Polygon","coordinates":[[[7.3408,49.5785],[7.3396,49.5857],[7.3125,49.5889],[7.3068,49.5745],[7.322,49.565],[7.3339,49.565],[7.3408,49.5785]]]},"properties":{"AGS":"07134054","GEN":"Mettweiler","SN_L":"07"}},
{"type":"Feature","geometry":{"type":"Polygon","coordinates":[[[7.3048,49.6578],[7.2718,49.6607],[7.2601,49.6494],[7.2555,49.6325],[7.2447,49.6288],[7.2773,49.6229],[7.2935,49.6389],[7.3156,49.6517],[7.3048,49.6578]]]},"properties":{"AGS":"07134068","GEN":"Reichenbach","SN_L":"07"}},
{"type":"Feature","geometry":{"type":"Polygon","coordinates":[[[7.2758,49.594],[7.2586,49.5939],[7.2472,49.5874],[7.2495,49.5744],[7.2687,49.5841],[7.2758,49.594]]]},"properties":{"AGS":"07134073","GEN":"Rohrbach","SN_L":"07"}},
{"type":"Feature","geometry":{"type":"Polygon","coordinates":[[[7.2472,49.5874],[7.2305,49.5904],[7.2156,49.5809],[7.2408,49.569],[7.2495,49.5744],[7.2472,49.5874]]]},"properties":{"AGS":"07134074","GEN":"Rückweiler","SN_L":"07"}},
{"type":"Feature","geometry":{"type":"Polygon","coordinates":[[[7.3043,49.6065],[7.3133,49.6186],[7.2935,49.6389],[7.2773,49.6229],[7.2614,49.6104],[7.2947,49.6043],[7.3043,49.6065]]]},"properties":{"AGS":"07134075","GEN":"Ruschberg","SN_L":"07"}},
{"type":"Feature","geometry":{"type":"Polygon","coordinates":[[[7.1116,49.6445],[7.1062,49.6574],[7.0879,49.6592],[7.0817,49.6793],[7.0651,49.6769],[7.0537,49.6762],[7.0792,49.6607],[7.085,49.6463],[7.1116,49.6445]]]},"properties":{"AGS":"07134001","GEN":"Abentheuer","SN_L":"07"}},
{"type":"Feature","geometry":{"type":"Polygon","coordinates":[[[7.1027,49.625],[7.0758,49.6433],[7.0508,49.6546],[7.028,49.6394],[7.0591,49.6305],[7.0796,49.6121],[7.1027,49.625]]]},"properties":{"AGS":"07134002","GEN":"Achtelsbach","SN_L":"07"}},
{"type":"Feature","geometry":{"type":"Polygon","coordinates":[[[7.1907,49.6644],[7.1741,49.6694],[7.1571,49.6605],[7.1507,49.655],[7.1327,49.6563],[7.1284,49.6438],[7.1345,49.6337],[7.1537,49.6233],[7.1604,49.6218],[7.1613,49.6217],[7.1854,49.6463],[7.1995,49.6548],[7.203,49.6599],[7.1907,49.6644]]]},"properties":{"AGS":"07134010","GEN":"Birkenfeld","SN_L":"07"}},
{"type":"Feature","geometry":{"type":"Polygon","coordinates":[[[7.0903,49.6987],[7.0718,49.7104],[7.0443,49.6893],[7.0651,49.6769],[7.0817,49.6793],[7.085,49.6893],[7.0903,49.6987]]]},"properties":{"AGS":"07134011","GEN":"Börfink","SN_L":"07"}},
{"type":"Feature","geometry":{"type":"Polygon","coordinates":[[[7.1116,49.6445],[7.085,49.6463],[7.0792,49.6607],[7.0537,49.6762],[7.044,49.6716],[7.0508,49.6546],[7.0758,49.6433],[7.1027,49.625],[7.1112,49.6109],[7.1204,49.6159],[7.124,49.6313],[7.1345,49.6337],[7.1284,49.6438],[7.1116,49.6445]]]},"properties":{"AGS":"07134015","GEN":"Brücken","SN_L":"07"}},
{"type":"Feature","geometry":{"type":"Polygon","coordinates":[[[7.1262,49.6638],[7.1058,49.6718],[7.085,49.6893],[7.0817,49.6793],[7.0879,49.6592],[7.1062,49.6574],[7.1116,49.6445],[7.1284,49.6438],[7.1327,49.6563],[7.1262,49.6638]]]},"properties":{"AGS":"07134016","GEN":"Buhlenberg","SN_L":"07"}},
{"type":"Feature","geometry":{"type":"Polygon","coordinates":[[[7.1537,49.6233],[7.1345,49.6337],[7.124,49.6313],[7.1204,49.6159],[7.1112,49.6109],[7.1128,49.6083],[7.1389,49.6222],[7.1537,49.6233]]]},"properties":{"AGS":"07134018","GEN":"Dambach","SN_L":"07"}},
{"type":"Feature","geometry":{"type":"Polygon","coordinates":[[[7.2094,49.6484],[7.1995,49.6548],[7.1854,49.6463],[7.1613,49.6217],[7.189,49.6312],[7.2198,49.6335],[7.2094,49.6484]]]},"properties":{"AGS":"07134020","GEN":"Dienstweiler","SN_L":"07"}},
{"type":"Feature","geometry":{"type":"Polygon","coordinates":[[[7.212,49.6681],[7.2043,49.6779],[7.1749,49.6749],[7.1741,49.6694],[7.1907,49.6644],[7.212,49.6681]]]},"properties":{"AGS":"07134022","GEN":"Elchweiler","SN_L":"07"}},
{"type":"Feature","geometry":{"type":"Polygon","coordinates":[[[7.1571,49.6605],[7.1483,49.6709],[7.1262,49.6638],[7.1327,49.6563],[7.1507,49.655],[7.1571,49.6605]]]},"properties":{"AGS":"07134023","GEN":"Ellenberg","SN_L":"07"}},
{"type":"Feature","geometry":{"type":"Polygon","coordinates":[[[7.1604,49.6218],[7.1537,49.6233],[7.1389,49.6222],[7.1128,49.6083],[7.1081,49.5988],[7.136,49.5967],[7.1461,49.6029],[7.1615,49.5985],[7.1563,49.6072],[7.1604,49.6218]]]},"properties":{"AGS":"07134024","GEN":"Ellweiler","SN_L":"07"}},
{"type":"Feature","geometry":{"type":"Polygon","coordinates":[[[7.2014,49.5956],[7.1737,49.5991],[7.1728,49.588],[7.1903,49.5771],[7.21,49.5771],[7.2156,49.5809],[7.2014,49.5956]]]},"properties":{"AGS":"07134029","GEN":"Gimbweiler","SN_L":"07"}},
{"type":"Feature","geometry":{"type":"Polygon","coordinates":[[[7.1749,49.6749],[7.1702,49.6796],[7.1457,49.6796],[7.1483,49.6709],[7.1571,49.6605],[7.1741,49.6694],[7.1749,49.6749]]]},"properties":{"AGS":"07134031","GEN":"Gollenberg","SN_L":"07"}},
{"type":"Feature","geometry":{"type":"Polygon","coordinates":[[[7.1825,49.6955],[7.1666,49.7053],[7.152,49.7081],[7.1332,49.7233],[7.1154,49.7084],[7.1096,49.6969],[7.1356,49.7035],[7.1455,49.6894],[7.1762,49.6926],[7.1825,49.6955]]]},"properties":{"AGS":"07134034","GEN":"Hattgenstein","SN_L":"07"}},
{"type":"Feature","geometry":{"type":"Polygon","coordinates":[[[7.2363,49.6293],[7.2198,49.6335],[7.189,49.6312],[7.1613,49.6217],[7.1604,49.6218],[7.1563,49.6072],[7.1615,49.5985],[7.1737,49.5991],[7.2014,49.5956],[7.2328,49.6015],[7.2278,49.6276],[7.2363,49.6293]]]},"properties":{"AGS":"07134042","GEN":"Hoppstädten-Weiersbach","SN_L":"07"}},
{"type":"Feature","geometry":{"type":"Polygon","coordinates":[[[7.2618,49.6728],[7.2563,49.6636],[7.2417,49.6627],[7.2474,49.6571],[7.2601,49.6494],[7.2718,49.6607],[7.2736,49.6704],[7.2618,49.6728]]]},"properties":{"AGS":"07134048","GEN":"Kronweiler","SN_L":"07"}},
{"type":"Feature","geometry":{"type":"Polygon","coordinates":[[[7.2175,49.7209],[7.2041,49.7316],[7.2044,49.7382],[7.1853,49.7416],[7.1654,49.7306],[7.1742,49.7182],[7.1991,49.7113],[7.219,49.7118],[7.2175,49.7209]]]},"properties":{"AGS":"07134050","GEN":"Leisel","SN_L":"07"}},
{"type":"Feature","geometry":{"type":"Polygon","coordinates":[[[7.1081,49.5988],[7.1128,49.6083],[7.1112,49.6109],[7.1027,49.625],[7.0796,49.6121],[7.1081,49.5988]]]},"properties":{"AGS":"07134053","GEN":"Meckenbach","SN_L":"07"}},
{"type":"Feature","geometry":{"type":"Polygon","coordinates":[[[7.2623,49.6838],[7.2443,49.6962],[7.2416,49.6903],[7.2166,49.6918],[7.2298,49.6789],[7.2364,49.6651],[7.2417,49.6627],[7.2563,49.6636],[7.2618,49.6728],[7.2623,49.6838]]]},"properties":{"AGS":"07134057","GEN":"Niederbrombach","SN_L":"07"}},
{"type":"Feature","geometry":{"type":"Polygon","coordinates":[[[7.2166,49.6918],[7.2111,49.6996],[7.1944,49.6975],[7.1825,49.6955],[7.1762,49.6926],[7.1749,49.6749],[7.2043,49.6779],[7.212,49.6681],[7.2189,49.6615],[7.2364,49.6651],[7.2298,49.6789],[7.2166,49.6918]]]},"properties":{"AGS":"07134058","GEN":"Niederhambach","SN_L":"07"}},
{"type":"Feature","geometry":{"type":"Polygon","coordinates":[[[7.2474,49.6571],[7.237,49.6576],[7.2094,49.6484],[7.2198,49.6335],[7.2363,49.6293],[7.2447,49.6288],[7.2555,49.6325],[7.2601,49.6494],[7.2474,49.6571]]]},"properties":{"AGS":"07134061","GEN":"Nohen","SN_L":"07"}},
{"type":"Feature","geometry":{"type":"Polygon","coordinates":[[[7.2905,49.6836],[7.2885,49.6985],[7.276,49.7103],[7.2636,49.7037],[7.2454,49.7037],[7.2443,49.6962],[7.2623,49.6838],[7.2905,49.6836]]]},"properties":{"AGS":"07134062","GEN":"Oberbrombach","SN_L":"07"}},
{"type":"Feature","geometry":{"type":"Polygon","coordinates":[[[7.1762,49.6926],[7.1455,49.6894],[7.1356,49.7035],[7.1096,49.6969],[7.1421,49.6887],[7.1457,49.6796],[7.1702,49.6796],[7.1749,49.6749],[7.1762,49.6926]]]},"properties":{"AGS":"07134063","GEN":"Oberhambach","SN_L":"07"}},
{"type":"Feature","geometry":{"type":"Polygon","coordinates":[[[7.2417,49.6627],[7.2364,49.6651],[7.2189,49.6615],[7.203,49.6599],[7.1995,49.6548],[7.2094,49.6484],[7.237,49.6576],[7.2474,49.6571],[7.2417,49.6627]]]},"properties":{"AGS":"07134070","GEN":"Rimsberg","SN_L":"07"}},
{"type":"Feature","geometry":{"type":"Polygon","coordinates":[[[7.1096,49.6969],[7.0903,49.6987],[7.085,49.6893],[7.1058,49.6718],[7.1262,49.6638],[7.1483,49.6709],[7.1457,49.6796],[7.1421,49.6887],[7.1096,49.6969]]]},"properties":{"AGS":"07134071","GEN":"Rinzenberg","SN_L":"07"}},
{"type":"Feature","geometry":{"type":"Polygon","coordinates":[[[7.276,49.7103],[7.2725,49.7119],[7.2485,49.7197],[7.2332,49.7121],[7.2454,49.7037],[7.2636,49.7037],[7.276,49.7103]]]},"properties":{"AGS":"07134072","GEN":"Rötsweiler-Nockenthal","SN_L":"07"}},
{"type":"Feature","geometry":{"type":"Polygon","coordinates":[[[7.2189,49.6615],[7.212,49.6681],[7.1907,49.6644],[7.203,49.6599],[7.2189,49.6615]]]},"properties":{"AGS":"07134078","GEN":"Schmißberg","SN_L":"07"}},
{"type":"Feature","geometry":{"type":"Polygon","coordinates":[[[7.1654,49.7306],[7.1332,49.7233],[7.152,49.7081],[7.1666,49.7053],[7.1825,49.6955],[7.1944,49.6975],[7.1991,49.7113],[7.1742,49.7182],[7.1654,49.7306]]]},"properties":{"AGS":"07134080","GEN":"Schwollen","SN_L":"07"}},
{"type":"Feature","geometry":{"type":"Polygon","coordinates":[[[7.2172,49.7446],[7.2104,49.752],[7.1853,49.7416],[7.2044,49.7382],[7.2041,49.7316],[7.2175,49.7209],[7.2332,49.7121],[7.2485,49.7197],[7.2425,49.7311],[7.2201,49.7388],[7.2172,49.7446]]]},"properties":{"AGS":"07134084","GEN":"Siesbach","SN_L":"07"}},
{"type":"Feature","geometry":{"type":"Polygon","coordinates":[[[7.2905,49.6836],[7.2623,49.6838],[7.2618,49.6728],[7.2736,49.6704],[7.2888,49.6808],[7.2905,49.6836]]]},"properties":{"AGS":"07134085","GEN":"Sonnenberg-Winnenberg","SN_L":"07"}},
{"type":"Feature","geometry":{"type":"Polygon","coordinates":[[[7.2332,49.7121],[7.2175,49.7209],[7.219,49.7118],[7.1991,49.7113],[7.1944,49.6975],[7.2111,49.6996],[7.2166,49.6918],[7.2416,49.6903],[7.2443,49.6962],[7.2454,49.7037],[7.2332,49.7121]]]},"properties":{"AGS":"07134094","GEN":"Wilzenberg-Hußweiler","SN_L":"07"}},
{"type":"Feature","geometry":{"type":"Polygon","coordinates":[[[7.1963,49.7518],[7.1856,49.7526],[7.1275,49.7666],[7.1303,49.7583],[7.1061,49.7397],[7.0718,49.7104],[7.0903,49.6987],[7.1096,49.6969],[7.1154,49.7084],[7.1332,49.7233],[7.1654,49.7306],[7.1853,49.7416],[7.2104,49.752],[7.1963,49.7518]]]},"properties":{"AGS":"07134003","GEN":"Allenbach","SN_L":"07"}},
{"type":"Feature","geometry":{"type":"Polygon","coordinates":[[[7.2873,49.8153],[7.2574,49.8124],[7.2431,49.8183],[7.2576,49.8031],[7.2612,49.8033],[7.2682,49.8066],[7.2884,49.8022],[7.2963,49.8126],[7.2873,49.8153]]]},"properties":{"AGS":"07134004","GEN":"Asbach","SN_L":"07"}},
{"type":"Feature","geometry":{"type":"Polygon","coordinates":[[[7.4101,49.7531],[7.4206,49.766],[7.4416,49.7765],[7.4436,49.7868],[7.4251,49.7972],[7.4186,49.8001],[7.4103,49.7924],[7.3845,49.7863],[7.387,49.7814],[7.3953,49.7824],[7.4097,49.77],[7.411,49.7628],[7.3994,49.7529],[7.4101,49.7531]]]},"properties":{"AGS":"07134006","GEN":"Bergen","SN_L":"07"}},
{"type":"Feature","geometry":{"type":"Polygon","coordinates":[[[7.3994,49.7529],[7.411,49.7628],[7.4097,49.77],[7.3953,49.7824],[7.387,49.7814],[7.3655,49.7735],[7.3729,49.761],[7.3896,49.752],[7.3994,49.7529]]]},"properties":{"AGS":"07134009","GEN":"Berschweiler bei Kirn","SN_L":"07"}},
{"type":"Feature","geometry":{"type":"Polygon","coordinates":[[[7.3734,49.826],[7.3626,49.8351],[7.3556,49.8496],[7.3456,49.851],[7.3408,49.8409],[7.3564,49.8255],[7.3734,49.826]]]},"properties":{"AGS":"07134012","GEN":"Bollenbach","SN_L":"07"}},
{"type":"Feature","geometry":{"type":"Polygon","coordinates":[[[7.3539,49.8024],[7.3544,49.8098],[7.3363,49.8042],[7.3216,49.8089],[7.3084,49.8057],[7.3106,49.7954],[7.3257,49.7905],[7.3388,49.7937],[7.3539,49.8024]]]},"properties":{"AGS":"07134013","GEN":"Breitenthal","SN_L":"07"}},
{"type":"Feature","geometry":{"type":"Polygon","coordinates":[[[7.2387,49.7969],[7.2383,49.8009],[7.1892,49.8125],[7.1766,49.8059],[7.1905,49.7843],[7.216,49.7835],[7.2387,49.7969]]]},"properties":{"AGS":"07134014","GEN":"Bruchweiler","SN_L":"07"}},
{"type":"Feature","geometry":{"type":"Polygon","coordinates":[[[7.3864,49.8611],[7.3688,49.8579],[7.3556,49.8496],[7.3626,49.8351],[7.3734,49.826],[7.3772,49.8267],[7.3947,49.8313],[7.3955,49.8396],[7.3987,49.8561],[7.3864,49.8611]]]},"properties":{"AGS":"07134017","GEN":"Bundenbach","SN_L":"07"}},
{"type":"Feature","geometry":{"type":"Polygon","coordinates":[[[7.4272,49.6969],[7.4275,49.7199],[7.4137,49.7208],[7.3975,49.7068],[7.4109,49.6987],[7.4272,49.6969]]]},"properties":{"AGS":"07134019","GEN":"Dickesbach","SN_L":"07"}},
{"type":"Feature","geometry":{"type":"Polygon","coordinates":[[[7.3994,49.7529],[7.3896,49.752],[7.3729,49.761],[7.3629,49.7545],[7.3676,49.75],[7.3714,49.7487],[7.4009,49.7386],[7.4154,49.7477],[7.4101,49.7531],[7.3994,49.7529]]]},"properties":{"AGS":"07134025","GEN":"Fischbach","SN_L":"07"}},
{"type":"Feature","geometry":{"type":"Polygon","coordinates":[[[7.3629,49.7545],[7.3441,49.7587],[7.3326,49.7529],[7.3378,49.742],[7.3545,49.7521],[7.3676,49.75],[7.3629,49.7545]]]},"properties":{"AGS":"07134028","GEN":"Gerach","SN_L":"07"}},
{"type":"Feature","geometry":{"type":"Polygon","coordinates":[[[7.3457,49.8815],[7.3454,49.8825],[7.3378,49.8957],[7.331,49.9005],[7.3235,49.8993],[7.3063,49.8826],[7.33,49.8745],[7.3457,49.8815]]]},"properties":{"AGS":"07134030","GEN":"Gösenroth","SN_L":"07"}},
{"type":"Feature","geometry":{"type":"Polygon","coordinates":[[[7.4186,49.8001],[7.4009,49.8122],[7.3805,49.8058],[7.3798,49.8055],[7.3845,49.7863],[7.4103,49.7924],[7.4186,49.8001]]]},"properties":{"AGS":"07134032","GEN":"Griebelschied","SN_L":"07"}},
{"type":"Feature","geometry":{"type":"Polygon","coordinates":[[[7.3864,49.8611],[7.3948,49.8609],[7.3955,49.8837],[7.3755,49.8806],[7.3526,49.8722],[7.3688,49.8579],[7.3864,49.8611]]]},"properties":{"AGS":"07134035","GEN":"Hausen","SN_L":"07"}},
{"type":"Feature","geometry":{"type":"Polygon","coordinates":[[[7.2264,49.8345],[7.2057,49.824],[7.2431,49.8183],[7.2574,49.8124],[7.2873,49.8153],[7.2818,49.8249],[7.2535,49.8251],[7.2264,49.8345]]]},"properties":{"AGS":"07134037","GEN":"Hellertshausen","SN_L":"07"}},
{"type":"Feature","geometry":{"type":"Polygon","coordinates":[[[7.3039,49.7652],[7.3006,49.7708],[7.3007,49.7736],[7.2695,49.7813],[7.2674,49.7803],[7.2896,49.762],[7.3039,49.7652]]]},"properties":{"AGS":"07134038","GEN":"Herborn","SN_L":"07"}},
{"type":"Feature","geometry":{"type":"Polygon","coordinates":[[[7.3593,49.7737],[7.3599,49.7821],[7.3388,49.7937],[7.3257,49.7905],[7.3233,49.783],[7.3291,49.7789],[7.3324,49.7724],[7.3593,49.7737]]]},"properties":{"AGS":"07134039","GEN":"Herrstein","SN_L":"07"}},
{"type":"Feature","geometry":{"type":"Polygon","coordinates":[[[7.2531,49.7509],[7.2314,49.7439],[7.2367,49.7645],[7.2326,49.7654],[7.2104,49.752],[7.2172,49.7446],[7.247,49.7361],[7.2653,49.7345],[7.2531,49.7509]]]},"properties":{"AGS":"07134040","GEN":"Hettenrodt","SN_L":"07"}},
{"type":"Feature","geometry":{"type":"Polygon","coordinates":[[[7.3676,49.75],[7.3545,49.7521],[7.3378,49.742],[7.3424,49.73],[7.3559,49.7229],[7.3714,49.7487],[7.3676,49.75]]]},"properties":{"AGS":"07134041","GEN":"Hintertiefenbach","SN_L":"07"}},
{"type":"Feature","geometry":{"type":"Polygon","coordinates":[[[7.2516,49.8937],[7.2225,49.885],[7.2264,49.8798],[7.2592,49.8617],[7.2559,49.8769],[7.2485,49.8829],[7.2569,49.8917],[7.2516,49.8937]]]},"properties":{"AGS":"07134043","GEN":"Horbruch","SN_L":"07"}},
{"type":"Feature","geometry":{"type":"Polygon","coordinates":[[[7.2978,49.8386],[7.2821,49.8376],[7.2641,49.8423],[7.2452,49.835],[7.232,49.8382],[7.2264,49.8345],[7.2535,49.8251],[7.2818,49.8249],[7.2873,49.8153],[7.2963,49.8126],[7.3048,49.8143],[7.3281,49.8223],[7.3042,49.8375],[7.2978,49.8386]]]},"properties":{"AGS":"07134044","GEN":"Hottenbach","SN_L":"07"}},
{"type":"Feature","geometry":{"type":"Polygon","coordinates":[[[7.2695,49.7813],[7.2612,49.8033],[7.2576,49.8031],[7.2387,49.7969],[7.216,49.7835],[7.2207,49.7685],[7.2326,49.7654],[7.2367,49.7645],[7.2554,49.773],[7.2674,49.7803],[7.2695,49.7813]]]},"properties":{"AGS":"07134046","GEN":"Kempfeld","SN_L":"07"}},
{"type":"Feature","geometry":{"type":"Polygon","coordinates":[[[7.2554,49.773],[7.2367,49.7645],[7.2314,49.7439],[7.2531,49.7509],[7.2697,49.7544],[7.2554,49.773]]]},"properties":{"AGS":"07134047","GEN":"Kirschweiler","SN_L":"07"}},
{"type":"Feature","geometry":{"type":"Polygon","coordinates":[[[7.2809,49.8995],[7.2718,49.896],[7.2569,49.8917],[7.2485,49.8829],[7.2559,49.8769],[7.2905,49.8798],[7.2809,49.8995]]]},"properties":{"AGS":"07134049","GEN":"Krummenau","SN_L":"07"}},
{"type":"Feature","geometry":{"type":"Polygon","coordinates":[[[7.2653,49.7345],[7.247,49.7361],[7.2172,49.7446],[7.2201,49.7388],[7.2425,49.7311],[7.2485,49.7197],[7.2725,49.7119],[7.2741,49.7214],[7.2653,49.7345]]]},"properties":{"AGS":"07134052","GEN":"Mackenrodt","SN_L":"07"}},
{"type":"Feature","geometry":{"type":"Polygon","coordinates":[[[7.4478,49.7215],[7.4406,49.7351],[7.4314,49.7406],[7.4188,49.7325],[7.4137,49.7208],[7.4275,49.7199],[7.4272,49.6969],[7.436,49.6953],[7.434,49.7147],[7.4478,49.7215]]]},"properties":{"AGS":"07134055","GEN":"Mittelreidenbach","SN_L":"07"}},
{"type":"Feature","geometry":{"type":"Polygon","coordinates":[[[7.2884,49.8022],[7.2682,49.8066],[7.2612,49.8033],[7.2695,49.7813],[7.3007,49.7736],[7.3233,49.783],[7.3257,49.7905],[7.3106,49.7954],[7.2884,49.8022]]]},"properties":{"AGS":"07134056","GEN":"Mörschied","SN_L":"07"}},
{"type":"Feature","geometry":{"type":"Polygon","coordinates":[[[7.3798,49.8055],[7.3539,49.8024],[7.3388,49.7937],[7.3599,49.7821],[7.3593,49.7737],[7.3655,49.7735],[7.387,49.7814],[7.3845,49.7863],[7.3798,49.8055]]]},"properties":{"AGS":"07134059","GEN":"Niederhosenbach","SN_L":"07"}},
{"type":"Feature","geometry":{"type":"Polygon","coordinates":[[[7.3593,49.7737],[7.3324,49.7724],[7.3291,49.7789],[7.3006,49.7708],[7.3039,49.7652],[7.3134,49.7599],[7.316,49.748],[7.3326,49.7529],[7.3441,49.7587],[7.3629,49.7545],[7.3729,49.761],[7.3655,49.7735],[7.3593,49.7737]]]},"properties":{"AGS":"07134060","GEN":"Niederwörresbach","SN_L":"07"}},
{"type":"Feature","geometry":{"type":"Polygon","coordinates":[[[7.336,49.8229],[7.3281,49.8223],[7.3048,49.8143],[7.3084,49.8057],[7.3216,49.8089],[7.3363,49.8042],[7.3544,49.8098],[7.336,49.8229]]]},"properties":{"AGS":"07134064","GEN":"Oberhosenbach","SN_L":"07"}},
{"type":"Feature","geometry":{"type":"Polygon","coordinates":[[[7.3926,49.886],[7.379,49.8961],[7.3454,49.8825],[7.3457,49.8815],[7.3526,49.8722],[7.3755,49.8806],[7.3955,49.8837],[7.3926,49.886]]]},"properties":{"AGS":"07134065","GEN":"Oberkirn","SN_L":"07"}},
{"type":"Feature","geometry":{"type":"Polygon","coordinates":[[[7.4814,49.7081],[7.458,49.7136],[7.4478,49.7215],[7.434,49.7147],[7.436,49.6953],[7.4147,49.6767],[7.4327,49.6786],[7.4572,49.6789],[7.466,49.7016],[7.4814,49.7081]]]},"properties":{"AGS":"07134066","GEN":"Oberreidenbach","SN_L":"07"}},
{"type":"Feature","geometry":{"type":"Polygon","coordinates":[[[7.3006,49.7708],[7.3291,49.7789],[7.3233,49.783],[7.3007,49.7736],[7.3006,49.7708]]]},"properties":{"AGS":"07134067","GEN":"Oberwörresbach","SN_L":"07"}},
{"type":"Feature","geometry":{"type":"Polygon","coordinates":[[[7.3526,49.8722],[7.3457,49.8815],[7.33,49.8745],[7.3097,49.8639],[7.299,49.866],[7.3162,49.8556],[7.3126,49.8473],[7.2978,49.8386],[7.3042,49.8375],[7.327,49.8476],[7.3456,49.851],[7.3556,49.8496],[7.3688,49.8579],[7.3526,49.8722]]]},"properties":{"AGS":"07134069","GEN":"Rhaunen","SN_L":"07"}},
{"type":"Feature","geometry":{"type":"Polygon","coordinates":[[[7.2431,49.8183],[7.2057,49.824],[7.1892,49.8125],[7.2383,49.8009],[7.2387,49.7969],[7.2576,49.8031],[7.2431,49.8183]]]},"properties":{"AGS":"07134076","GEN":"Schauren","SN_L":"07"}},
{"type":"Feature","geometry":{"type":"Polygon","coordinates":[[[7.4727,49.7416],[7.4642,49.7481],[7.4406,49.7351],[7.4478,49.7215],[7.458,49.7136],[7.4814,49.7081],[7.4915,49.7027],[7.4878,49.7113],[7.4966,49.7172],[7.4806,49.7379],[7.4727,49.7416]]]},"properties":{"AGS":"07134077","GEN":"Schmidthachenbach","SN_L":"07"}},
{"type":"Feature","geometry":{"type":"Polygon","coordinates":[[[7.3743,49.8995],[7.3378,49.8957],[7.3454,49.8825],[7.379,49.8961],[7.3743,49.8995]]]},"properties":{"AGS":"07134079","GEN":"Schwerbach","SN_L":"07"}},
{"type":"Feature","geometry":{"type":"Polygon","coordinates":[[[7.216,49.7835],[7.1905,49.7843],[7.1824,49.7746],[7.1963,49.7518],[7.2104,49.752],[7.2326,49.7654],[7.2207,49.7685],[7.216,49.7835]]]},"properties":{"AGS":"07134081","GEN":"Sensweiler","SN_L":"07"}},
{"type":"Feature","geometry":{"type":"Polygon","coordinates":[[[7.5219,49.6788],[7.5192,49.6965],[7.5228,49.7076],[7.5058,49.7079],[7.4915,49.7027],[7.4868,49.6862],[7.4785,49.678],[7.4907,49.6749],[7.5219,49.6788]]]},"properties":{"AGS":"07134082","GEN":"Sien","SN_L":"07"}},
{"type":"Feature","geometry":{"type":"Polygon","coordinates":[[[7.4785,49.678],[7.4868,49.6862],[7.4915,49.7027],[7.4814,49.7081],[7.466,49.7016],[7.4572,49.6789],[7.4327,49.6786],[7.4452,49.664],[7.4538,49.674],[7.4785,49.678]]]},"properties":{"AGS":"07134083","GEN":"Sienhachenbach","SN_L":"07"}},
{"type":"Feature","geometry":{"type":"Polygon","coordinates":[[[7.3947,49.8313],[7.3772,49.8267],[7.3805,49.8058],[7.4009,49.8122],[7.3982,49.8201],[7.3968,49.8235],[7.3947,49.8313]]]},"properties":{"AGS":"07134086","GEN":"Sonnschied","SN_L":"07"}},
{"type":"Feature","geometry":{"type":"Polygon","coordinates":[[[7.2978,49.8386],[7.3126,49.8473],[7.3162,49.8556],[7.299,49.866],[7.2822,49.8676],[7.2638,49.8556],[7.232,49.8382],[7.2452,49.835],[7.2641,49.8423],[7.2821,49.8376],[7.2978,49.8386]]]},"properties":{"AGS":"07134087","GEN":"Stipshausen","SN_L":"07"}},
{"type":"Feature","geometry":{"type":"Polygon","coordinates":[[[7.3456,49.851],[7.327,49.8476],[7.3042,49.8375],[7.3281,49.8223],[7.336,49.8229],[7.3564,49.8255],[7.3408,49.8409],[7.3456,49.851]]]},"properties":{"AGS":"07134088","GEN":"Sulzbach","SN_L":"07"}},
{"type":"Feature","geometry":{"type":"Polygon","coordinates":[[[7.3039,49.7652],[7.2896,49.762],[7.2674,49.7803],[7.2554,49.773],[7.2697,49.7544],[7.2816,49.7457],[7.316,49.748],[7.3134,49.7599],[7.3039,49.7652]]]},"properties":{"AGS":"07134089","GEN":"Veitsrodt","SN_L":"07"}},
{"type":"Feature","geometry":{"type":"Polygon","coordinates":[[[7.316,49.748],[7.2816,49.7457],[7.303,49.7358],[7.3167,49.74],[7.316,49.748]]]},"properties":{"AGS":"07134090","GEN":"Vollmersbach","SN_L":"07"}},
{"type":"Feature","geometry":{"type":"Polygon","coordinates":[[[7.3106,49.7954],[7.3084,49.8057],[7.3048,49.8143],[7.2963,49.8126],[7.2884,49.8022],[7.3106,49.7954]]]},"properties":{"AGS":"07134091","GEN":"Weiden","SN_L":"07"}},
{"type":"Feature","geometry":{"type":"Polygon","coordinates":[[[7.3063,49.8826],[7.2905,49.8798],[7.2559,49.8769],[7.2592,49.8617],[7.2638,49.8556],[7.2822,49.8676],[7.299,49.866],[7.3097,49.8639],[7.33,49.8745],[7.3063,49.8826]]]},"properties":{"AGS":"07134092","GEN":"Weitersbach","SN_L":"07"}},
{"type":"Feature","geometry":{"type":"Polygon","coordinates":[[[7.3805,49.8058],[7.3772,49.8267],[7.3734,49.826],[7.3564,49.8255],[7.336,49.8229],[7.3544,49.8098],[7.3539,49.8024],[7.3798,49.8055],[7.3805,49.8058]]]},"properties":{"AGS":"07134093","GEN":"Wickenrodt","SN_L":"07"}},
{"type":"Feature","geometry":{"type":"Polygon","coordinates":[[[7.1824,49.7746],[7.1514,49.7904],[7.1279,49.7774],[7.1275,49.7666],[7.1856,49.7526],[7.1963,49.7518],[7.1824,49.7746]]]},"properties":{"AGS":"07134095","GEN":"Wirschweiler","SN_L":"07"}},
{"type":"Feature","geometry":{"type":"Polygon","coordinates":[[[7.1905,49.7843],[7.1766,49.8059],[7.1514,49.7904],[7.1824,49.7746],[7.1905,49.7843]]]},"properties":{"AGS":"07134502","GEN":"Langweiler","SN_L":"07"}},
{"type":"Feature","geometry":{"type":"Polygon","coordinates":[[[7.2583,50.0992],[7.2337,50.1075],[7.2326,50.0962],[7.2479,50.095],[7.2568,50.0991],[7.2583,50.0992]]]},"properties":{"AGS":"07135007","GEN":"Beilstein","SN_L":"07"}},
{"type":"Feature","geometry":{"type":"Polygon","coordinates":[[[7.1266,50.1001],[7.1231,50.1093],[7.1035,50.1079],[7.0827,50.1125],[7.0689,50.1048],[7.0981,50.0869],[7.123,50.0854],[7.1348,50.0899],[7.1266,50.1001]]]},"properties":{"AGS":"07135012","GEN":"Bremm","SN_L":"07"}},
{"type":"Feature","geometry":{"type":"Polygon","coordinates":[[[7.2337,50.1075],[7.2172,50.1103],[7.2079,50.1179],[7.1943,50.1094],[7.2212,50.0949],[7.2326,50.0962],[7.2337,50.1075]]]},"properties":{"AGS":"07135015","GEN":"Briedern","SN_L":"07"}},
{"type":"Feature","geometry":{"type":"Polygon","coordinates":[[[7.29,50.12],[7.2768,50.125],[7.2659,50.1375],[7.2683,50.1484],[7.2554,50.1603],[7.2328,50.145],[7.2209,50.1284],[7.2391,50.1132],[7.2575,50.1188],[7.2662,50.1094],[7.2781,50.1095],[7.2794,50.109],[7.29,50.12]]]},"properties":{"AGS":"07135017","GEN":"Bruttig-Fankel","SN_L":"07"}},
{"type":"Feature","geometry":{"type":"Polygon","coordinates":[[[7.1458,50.1601],[7.1176,50.1794],[7.108,50.1748],[7.1308,50.1599],[7.1327,50.1427],[7.1266,50.136],[7.1412,50.1281],[7.1308,50.1214],[7.1432,50.1195],[7.1518,50.1278],[7.1898,50.1248],[7.1965,50.1292],[7.2008,50.1415],[7.2113,50.1508],[7.2114,50.1606],[7.1925,50.154],[7.1872,50.1608],[7.1616,50.1538],[7.1458,50.1601]]]},"properties":{"AGS":"07135020","GEN":"Cochem","SN_L":"07"}},
{"type":"Feature","geometry":{"type":"Polygon","coordinates":[[[7.1266,50.136],[7.1049,50.1326],[7.1016,50.1266],[7.1061,50.1176],[7.1177,50.1122],[7.1308,50.1214],[7.1412,50.1281],[7.1266,50.136]]]},"properties":{"AGS":"07135021","GEN":"Dohr","SN_L":"07"}},
{"type":"Feature","geometry":{"type":"Polygon","coordinates":[[[7.1898,50.1248],[7.1518,50.1278],[7.1432,50.1195],[7.1308,50.1214],[7.1177,50.1122],[7.1061,50.1176],[7.0857,50.1139],[7.0827,50.1125],[7.1035,50.1079],[7.1231,50.1093],[7.1266,50.1001],[7.1465,50.094],[7.1559,50.0837],[7.1771,50.0715],[7.1756,50.0663],[7.1777,50.0652],[7.1883,50.0777],[7.185,50.0831],[7.1838,50.0912],[7.1803,50.1039],[7.1898,50.1102],[7.1898,50.1248]]]},"properties":{"AGS":"07135024","GEN":"Ediger-Eller","SN_L":"07"}},
{"type":"Feature","geometry":{"type":"Polygon","coordinates":[[[7.1965,50.1292],[7.1898,50.1248],[7.1898,50.1102],[7.1943,50.1094],[7.2079,50.1179],[7.2172,50.1103],[7.2337,50.1075],[7.2583,50.0992],[7.2781,50.1095],[7.2662,50.1094],[7.2575,50.1188],[7.2391,50.1132],[7.2209,50.1284],[7.2053,50.1224],[7.1965,50.1292]]]},"properties":{"AGS":"07135025","GEN":"Ellenz-Poltersdorf","SN_L":"07"}},
{"type":"Feature","geometry":{"type":"Polygon","coordinates":[[[7.2209,50.1284],[7.2328,50.145],[7.2008,50.1415],[7.1965,50.1292],[7.2053,50.1224],[7.2209,50.1284]]]},"properties":{"AGS":"07135027","GEN":"Ernst","SN_L":"07"}},
{"type":"Feature","geometry":{"type":"Polygon","coordinates":[[[7.1266,50.136],[7.1327,50.1427],[7.1308,50.1599],[7.108,50.1748],[7.0994,50.166],[7.1031,50.1562],[7.0915,50.145],[7.1049,50.1326],[7.1266,50.136]]]},"properties":{"AGS":"07135029","GEN":"Faid","SN_L":"07"}},
{"type":"Feature","geometry":{"type":"Polygon","coordinates":[[[7.1618,50.1834],[7.1314,50.1974],[7.1255,50.2032],[7.106,50.2036],[7.0985,50.194],[7.1176,50.1794],[7.1458,50.1601],[7.1462,50.1668],[7.1618,50.1834]]]},"properties":{"AGS":"07135036","GEN":"Greimersburg","SN_L":"07"}},
{"type":"Feature","geometry":{"type":"Polygon","coordinates":[[[7.2151,50.1896],[7.1948,50.1927],[7.1774,50.1828],[7.1618,50.1834],[7.1462,50.1668],[7.1458,50.1601],[7.1616,50.1538],[7.1872,50.1608],[7.1925,50.154],[7.2114,50.1606],[7.2286,50.1627],[7.2296,50.1726],[7.2151,50.1896]]]},"properties":{"AGS":"07135049","GEN":"Klotten","SN_L":"07"}},
{"type":"Feature","geometry":{"type":"Polygon","coordinates":[[[7.3687,50.1407],[7.3536,50.1533],[7.3377,50.156],[7.3038,50.1419],[7.3142,50.1343],[7.3287,50.1252],[7.3438,50.1264],[7.3579,50.1328],[7.3691,50.1288],[7.376,50.1338],[7.3687,50.1407]]]},"properties":{"AGS":"07135053","GEN":"Lieg","SN_L":"07"}},
{"type":"Feature","geometry":{"type":"Polygon","coordinates":[[[7.3819,50.1608],[7.3692,50.1718],[7.3499,50.1679],[7.3377,50.156],[7.3536,50.1533],[7.3687,50.1407],[7.3642,50.147],[7.3819,50.1608]]]},"properties":{"AGS":"07135056","GEN":"Lütz","SN_L":"07"}},
{"type":"Feature","geometry":{"type":"Polygon","coordinates":[[[7.2212,50.0949],[7.1943,50.1094],[7.1932,50.097],[7.2028,50.0888],[7.2212,50.0949]]]},"properties":{"AGS":"07135060","GEN":"Mesenich","SN_L":"07"}},
{"type":"Feature","geometry":{"type":"Polygon","coordinates":[[[7.3634,50.2181],[7.35,50.2073],[7.3503,50.1983],[7.3608,50.1861],[7.3713,50.1912],[7.3836,50.2092],[7.3776,50.2108],[7.3634,50.2181]]]},"properties":{"AGS":"07135065","GEN":"Moselkern","SN_L":"07"}},
{"type":"Feature","geometry":{"type":"MultiPolygon","coordinates":[[[[7.3738,50.1771],[7.359,50.1824],[7.3456,50.1809],[7.3499,50.1679],[7.3692,50.1718],[7.3738,50.1771]]],[[[7.3503,50.1983],[7.3173,50.1994],[7.3152,50.1862],[7.3447,50.1835],[7.3608,50.1861],[7.3503,50.1983]]]]},"properties":{"AGS":"07135066","GEN":"Müden (Mosel)","SN_L":"07"}},
{"type":"Feature","geometry":{"type":"Polygon","coordinates":[[[7.185,50.0831],[7.1998,50.0796],[7.1891,50.0919],[7.1838,50.0912],[7.185,50.0831]]]},"properties":{"AGS":"07135069","GEN":"Nehren","SN_L":"07"}},
{"type":"Feature","geometry":{"type":"Polygon","coordinates":[[[7.2835,50.1905],[7.2792,50.1918],[7.2701,50.1745],[7.2565,50.1779],[7.2296,50.1726],[7.2286,50.1627],[7.2404,50.1631],[7.2904,50.1689],[7.29,50.1864],[7.2835,50.1905]]]},"properties":{"AGS":"07135072","GEN":"Pommern","SN_L":"07"}},
{"type":"Feature","geometry":{"type":"Polygon","coordinates":[[[7.1943,50.1094],[7.1898,50.1102],[7.1803,50.1039],[7.1838,50.0912],[7.1891,50.0919],[7.1998,50.0796],[7.185,50.0831],[7.1883,50.0777],[7.1777,50.0652],[7.1996,50.0608],[7.2182,50.0468],[7.2173,50.0621],[7.2099,50.0718],[7.2227,50.0783],[7.2469,50.0803],[7.2479,50.095],[7.2326,50.0962],[7.2212,50.0949],[7.2028,50.0888],[7.1932,50.097],[7.1943,50.1094]]]},"properties":{"AGS":"07135079","GEN":"Senheim","SN_L":"07"}},
{"type":"Feature","geometry":{"type":"Polygon","coordinates":[[[7.3141,50.199],[7.2942,50.2024],[7.2835,50.1905],[7.29,50.1864],[7.2904,50.1689],[7.2404,50.1631],[7.2554,50.1603],[7.2683,50.1484],[7.2659,50.1375],[7.2768,50.125],[7.29,50.12],[7.2933,50.119],[7.3142,50.1343],[7.3038,50.1419],[7.3377,50.156],[7.3499,50.1679],[7.3456,50.1809],[7.3447,50.1835],[7.3152,50.1862],[7.3173,50.1994],[7.3141,50.199]]]},"properties":{"AGS":"07135082","GEN":"Treis-Karden","SN_L":"07"}},
{"type":"Feature","geometry":{"type":"Polygon","coordinates":[[[7.2286,50.1627],[7.2114,50.1606],[7.2113,50.1508],[7.2008,50.1415],[7.2328,50.145],[7.2554,50.1603],[7.2404,50.1631],[7.2286,50.1627]]]},"properties":{"AGS":"07135086","GEN":"Valwig","SN_L":"07"}},
{"type":"Feature","geometry":{"type":"Polygon","coordinates":[[[7.2091,50.2145],[7.1899,50.2122],[7.1948,50.1927],[7.2151,50.1896],[7.2308,50.1991],[7.2164,50.2044],[7.2091,50.2145]]]},"properties":{"AGS":"07135090","GEN":"Wirfus","SN_L":"07"}},
{"type":"Feature","geometry":{"type":"Polygon","coordinates":[[[7.2625,50.2143],[7.2379,50.215],[7.2164,50.2044],[7.2308,50.1991],[7.2506,50.1972],[7.2784,50.1927],[7.2684,50.2131],[7.2625,50.2143]]]},"properties":{"AGS":"07135009","GEN":"Binningen","SN_L":"07"}},
{"type":"Feature","geometry":{"type":"Polygon","coordinates":[[[7.2429,50.2325],[7.2341,50.2373],[7.2173,50.2343],[7.2143,50.2194],[7.2221,50.2261],[7.2406,50.2291],[7.2429,50.2325]]]},"properties":{"AGS":"07135011","GEN":"Brachtendorf","SN_L":"07"}},
{"type":"Feature","geometry":{"type":"Polygon","coordinates":[[[7.2784,50.1927],[7.2506,50.1972],[7.2495,50.1858],[7.2565,50.1779],[7.2701,50.1745],[7.2792,50.1918],[7.2784,50.1927]]]},"properties":{"AGS":"07135014","GEN":"Brieden","SN_L":"07"}},
{"type":"Feature","geometry":{"type":"Polygon","coordinates":[[[7.2972,50.2106],[7.2891,50.2266],[7.274,50.2318],[7.267,50.229],[7.2625,50.2143],[7.2684,50.2131],[7.2784,50.1927],[7.2792,50.1918],[7.2835,50.1905],[7.2942,50.2024],[7.2972,50.2106]]]},"properties":{"AGS":"07135016","GEN":"Brohl","SN_L":"07"}},
{"type":"Feature","geometry":{"type":"Polygon","coordinates":[[[7.2406,50.2291],[7.2221,50.2261],[7.2143,50.2194],[7.2091,50.2145],[7.2164,50.2044],[7.2379,50.215],[7.2406,50.2291]]]},"properties":{"AGS":"07135022","GEN":"Dünfus","SN_L":"07"}},
{"type":"Feature","geometry":{"type":"Polygon","coordinates":[[[7.1861,50.2795],[7.1771,50.2743],[7.1633,50.281],[7.1464,50.268],[7.1388,50.2504],[7.1543,50.2481],[7.1814,50.25],[7.1912,50.2619],[7.1861,50.2795]]]},"properties":{"AGS":"07135023","GEN":"Düngenheim","SN_L":"07"}},
{"type":"Feature","geometry":{"type":"Polygon","coordinates":[[[7.0858,50.2502],[7.073,50.2562],[7.0585,50.2509],[7.0586,50.2505],[7.0458,50.2389],[7.0482,50.2367],[7.0764,50.24],[7.092,50.2442],[7.0858,50.2502]]]},"properties":{"AGS":"07135026","GEN":"Eppenberg","SN_L":"07"}},
{"type":"Feature","geometry":{"type":"Polygon","coordinates":[[[7.1814,50.25],[7.1543,50.2481],[7.1691,50.2343],[7.1766,50.234],[7.1848,50.2359],[7.1814,50.25]]]},"properties":{"AGS":"07135028","GEN":"Eulgem","SN_L":"07"}},
{"type":"Feature","geometry":{"type":"Polygon","coordinates":[[[7.267,50.229],[7.2429,50.2325],[7.2406,50.2291],[7.2379,50.215],[7.2625,50.2143],[7.267,50.229]]]},"properties":{"AGS":"07135031","GEN":"Forst (Eifel)","SN_L":"07"}},
{"type":"Feature","geometry":{"type":"Polygon","coordinates":[[[7.2123,50.258],[7.1912,50.2619],[7.1814,50.25],[7.1848,50.2359],[7.1877,50.2336],[7.2165,50.2346],[7.2075,50.2522],[7.2123,50.258]]]},"properties":{"AGS":"07135033","GEN":"Gamlen","SN_L":"07"}},
{"type":"Feature","geometry":{"type":"Polygon","coordinates":[[[7.1822,50.2127],[7.1921,50.2184],[7.1877,50.2336],[7.1848,50.2359],[7.1766,50.234],[7.1586,50.2303],[7.1525,50.2187],[7.1822,50.2127]]]},"properties":{"AGS":"07135038","GEN":"Hambuch","SN_L":"07"}},
{"type":"Feature","geometry":{"type":"Polygon","coordinates":[[[7.1138,50.2701],[7.1132,50.2705],[7.0908,50.2611],[7.0858,50.2502],[7.092,50.2442],[7.1194,50.2509],[7.1119,50.2554],[7.1138,50.2701]]]},"properties":{"AGS":"07135040","GEN":"Hauroth","SN_L":"07"}},
{"type":"Feature","geometry":{"type":"Polygon","coordinates":[[[7.1822,50.2127],[7.1525,50.2187],[7.1504,50.2178],[7.144,50.2129],[7.1524,50.202],[7.1664,50.2009],[7.1774,50.1828],[7.1948,50.1927],[7.1899,50.2122],[7.1822,50.2127]]]},"properties":{"AGS":"07135042","GEN":"Illerich","SN_L":"07"}},
{"type":"Feature","geometry":{"type":"Polygon","coordinates":[[[7.2375,50.2601],[7.2123,50.258],[7.2075,50.2522],[7.2165,50.2346],[7.2173,50.2343],[7.2341,50.2373],[7.2455,50.2448],[7.2436,50.2534],[7.246,50.2612],[7.2375,50.2601]]]},"properties":{"AGS":"07135043","GEN":"Kaifenheim","SN_L":"07"}},
{"type":"Feature","geometry":{"type":"Polygon","coordinates":[[[7.2506,50.1972],[7.2308,50.1991],[7.2151,50.1896],[7.2296,50.1726],[7.2565,50.1779],[7.2495,50.1858],[7.2506,50.1972]]]},"properties":{"AGS":"07135044","GEN":"Kail","SN_L":"07"}},
{"type":"Feature","geometry":{"type":"Polygon","coordinates":[[[7.1388,50.2504],[7.1334,50.2486],[7.1286,50.2322],[7.1047,50.2164],[7.1159,50.2193],[7.1504,50.2178],[7.1525,50.2187],[7.1586,50.2303],[7.1766,50.234],[7.1691,50.2343],[7.1543,50.2481],[7.1388,50.2504]]]},"properties":{"AGS":"07135045","GEN":"Kaisersesch","SN_L":"07"}},
{"type":"Feature","geometry":{"type":"Polygon","coordinates":[[[7.1132,50.2705],[7.0774,50.272],[7.0715,50.281],[7.0688,50.2798],[7.0585,50.2509],[7.073,50.2562],[7.0858,50.2502],[7.0908,50.2611],[7.1132,50.2705]]]},"properties":{"AGS":"07135046","GEN":"Kalenborn","SN_L":"07"}},
{"type":"Feature","geometry":{"type":"Polygon","coordinates":[[[7.1504,50.2178],[7.1159,50.2193],[7.1047,50.2164],[7.0912,50.2001],[7.0985,50.194],[7.106,50.2036],[7.1255,50.2032],[7.1314,50.1974],[7.1618,50.1834],[7.1774,50.1828],[7.1664,50.2009],[7.1524,50.202],[7.144,50.2129],[7.1504,50.2178]]]},"properties":{"AGS":"07135051","GEN":"Landkern","SN_L":"07"}},
{"type":"Feature","geometry":{"type":"Polygon","coordinates":[[[7.0764,50.24],[7.0482,50.2367],[7.0501,50.2266],[7.062,50.2304],[7.079,50.2226],[7.0754,50.215],[7.0914,50.223],[7.0764,50.24]]]},"properties":{"AGS":"07135052","GEN":"Laubach","SN_L":"07"}},
{"type":"Feature","geometry":{"type":"Polygon","coordinates":[[[7.1194,50.2509],[7.092,50.2442],[7.0764,50.24],[7.0914,50.223],[7.1047,50.2164],[7.1286,50.2322],[7.1334,50.2486],[7.1194,50.2509]]]},"properties":{"AGS":"07135058","GEN":"Masburg","SN_L":"07"}},
{"type":"Feature","geometry":{"type":"Polygon","coordinates":[[[7.2915,50.2358],[7.274,50.2318],[7.2891,50.2266],[7.2972,50.2106],[7.3083,50.2066],[7.3151,50.2203],[7.3059,50.2206],[7.2915,50.2358]]]},"properties":{"AGS":"07135062","GEN":"Möntenich","SN_L":"07"}},
{"type":"Feature","geometry":{"type":"Polygon","coordinates":[[[7.0754,50.215],[7.079,50.2226],[7.062,50.2304],[7.0501,50.2266],[7.0585,50.2049],[7.0656,50.2029],[7.0782,50.2042],[7.0788,50.2048],[7.0754,50.215]]]},"properties":{"AGS":"07135067","GEN":"Müllenbach","SN_L":"07"}},
{"type":"Feature","geometry":{"type":"Polygon","coordinates":[[[7.2693,50.2519],[7.2436,50.2534],[7.2455,50.2448],[7.2341,50.2373],[7.2429,50.2325],[7.267,50.229],[7.274,50.2318],[7.2915,50.2358],[7.2887,50.2403],[7.2724,50.2486],[7.2693,50.2519]]]},"properties":{"AGS":"07135075","GEN":"Roes","SN_L":"07"}},
{"type":"Feature","geometry":{"type":"Polygon","coordinates":[[[7.1464,50.268],[7.1203,50.2682],[7.1233,50.2773],[7.1138,50.2701],[7.1119,50.2554],[7.1194,50.2509],[7.1334,50.2486],[7.1388,50.2504],[7.1464,50.268]]]},"properties":{"AGS":"07135084","GEN":"Urmersbach","SN_L":"07"}},
{"type":"Feature","geometry":{"type":"Polygon","coordinates":[[[7.2165,50.2346],[7.1877,50.2336],[7.1921,50.2184],[7.1822,50.2127],[7.1899,50.2122],[7.2091,50.2145],[7.2143,50.2194],[7.2173,50.2343],[7.2165,50.2346]]]},"properties":{"AGS":"07135093","GEN":"Zettingen","SN_L":"07"}},
{"type":"Feature","geometry":{"type":"Polygon","coordinates":[[[7.1047,50.2164],[7.0914,50.223],[7.0754,50.215],[7.0788,50.2048],[7.0912,50.2001],[7.1047,50.2164]]]},"properties":{"AGS":"07135502","GEN":"Leienkaul","SN_L":"07"}},
{"type":"Feature","geometry":{"type":"Polygon","coordinates":[[[7.0782,50.2042],[7.0656,50.2029],[7.0471,50.1956],[7.0275,50.2006],[7.0112,50.1777],[7.0154,50.1723],[7.0385,50.161],[7.0432,50.1583],[7.053,50.159],[7.0683,50.1824],[7.0641,50.1987],[7.0782,50.2042]]]},"properties":{"AGS":"07135002","GEN":"Alflen","SN_L":"07"}},
{"type":"Feature","geometry":{"type":"Polygon","coordinates":[[[7.0154,50.1723],[7.0112,50.1777],[7.0275,50.2006],[7.0071,50.1991],[6.9822,50.1844],[6.9992,50.1688],[7.0154,50.1723]]]},"properties":{"AGS":"07135005","GEN":"Auderath","SN_L":"07"}},
{"type":"Feature","geometry":{"type":"Polygon","coordinates":[[[7.0981,50.0869],[7.0689,50.1048],[7.0488,50.0969],[7.0376,50.086],[7.0557,50.0698],[7.0597,50.0678],[7.0852,50.0661],[7.0826,50.0771],[7.0981,50.0869]]]},"properties":{"AGS":"07135008","GEN":"Beuren","SN_L":"07"}},
{"type":"Feature","geometry":{"type":"Polygon","coordinates":[[[7.0912,50.2001],[7.0788,50.2048],[7.0782,50.2042],[7.0641,50.1987],[7.0683,50.1824],[7.053,50.159],[7.0709,50.1591],[7.0994,50.166],[7.108,50.1748],[7.1176,50.1794],[7.0985,50.194],[7.0912,50.2001]]]},"properties":{"AGS":"07135018","GEN":"Büchel","SN_L":"07"}},
{"type":"Feature","geometry":{"type":"Polygon","coordinates":[[[6.9992,50.1688],[6.9822,50.1844],[6.9699,50.1768],[6.9716,50.1627],[6.9912,50.1662],[6.9992,50.1688]]]},"properties":{"AGS":"07135030","GEN":"Filz","SN_L":"07"}},
{"type":"Feature","geometry":{"type":"Polygon","coordinates":[[[7.0915,50.145],[7.1031,50.1562],[7.0994,50.166],[7.0709,50.1591],[7.053,50.159],[7.0432,50.1583],[7.0351,50.1539],[7.0492,50.1387],[7.0666,50.1493],[7.0915,50.145]]]},"properties":{"AGS":"07135034","GEN":"Gevenich","SN_L":"07"}},
{"type":"Feature","geometry":{"type":"Polygon","coordinates":[[[7.0432,50.1583],[7.0385,50.161],[7.0029,50.1595],[6.9954,50.1539],[6.9941,50.1455],[7.0125,50.1422],[7.0351,50.1539],[7.0432,50.1583]]]},"properties":{"AGS":"07135035","GEN":"Gillenbeuren","SN_L":"07"}},
{"type":"Feature","geometry":{"type":"Polygon","coordinates":[[[7.0857,50.1139],[7.0738,50.1106],[7.0473,50.1105],[7.0358,50.1142],[7.0337,50.1066],[7.0316,50.091],[7.0376,50.086],[7.0488,50.0969],[7.0689,50.1048],[7.0827,50.1125],[7.0857,50.1139]]]},"properties":{"AGS":"07135048","GEN":"Kliding","SN_L":"07"}},
{"type":"Feature","geometry":{"type":"Polygon","coordinates":[[[7.0492,50.1387],[7.0351,50.1539],[7.0125,50.1422],[6.9941,50.1455],[6.99,50.1371],[6.9807,50.1171],[6.979,50.0979],[6.9828,50.0826],[7.0031,50.0854],[7.0078,50.0998],[7.0337,50.1066],[7.0358,50.1142],[7.0543,50.1288],[7.0492,50.1387]]]},"properties":{"AGS":"07135057","GEN":"Lutzerath","SN_L":"07"}},
{"type":"Feature","geometry":{"type":"Polygon","coordinates":[[[7.0154,50.1723],[6.9992,50.1688],[6.9912,50.1662],[7.0029,50.1595],[7.0385,50.161],[7.0154,50.1723]]]},"properties":{"AGS":"07135078","GEN":"Schmitt","SN_L":"07"}},
{"type":"Feature","geometry":{"type":"Polygon","coordinates":[[[7.0458,50.2389],[7.0362,50.2363],[7.0232,50.2256],[7.0048,50.2277],[6.9948,50.2366],[6.9788,50.2368],[6.9586,50.2263],[6.9539,50.2135],[6.9561,50.2015],[6.9699,50.1768],[6.9822,50.1844],[7.0071,50.1991],[7.0275,50.2006],[7.0471,50.1956],[7.0656,50.2029],[7.0585,50.2049],[7.0501,50.2266],[7.0482,50.2367],[7.0458,50.2389]]]},"properties":{"AGS":"07135083","GEN":"Ulmen","SN_L":"07"}},
{"type":"Feature","geometry":{"type":"Polygon","coordinates":[[[7.1016,50.1266],[7.074,50.1247],[7.0543,50.1288],[7.0358,50.1142],[7.0473,50.1105],[7.0738,50.1106],[7.0857,50.1139],[7.1061,50.1176],[7.1016,50.1266]]]},"properties":{"AGS":"07135085","GEN":"Urschmitt","SN_L":"07"}},
{"type":"Feature","geometry":{"type":"Polygon","coordinates":[[[6.9941,50.1455],[6.9954,50.1539],[6.9716,50.1468],[6.9762,50.1395],[6.99,50.1371],[6.9941,50.1455]]]},"properties":{"AGS":"07135087","GEN":"Wagenhausen","SN_L":"07"}},
{"type":"Feature","geometry":{"type":"Polygon","coordinates":[[[7.0915,50.145],[7.0666,50.1493],[7.0492,50.1387],[7.0543,50.1288],[7.074,50.1247],[7.1016,50.1266],[7.1049,50.1326],[7.0915,50.145]]]},"properties":{"AGS":"07135089","GEN":"Weiler","SN_L":"07"}},
{"type":"Feature","geometry":{"type":"Polygon","coordinates":[[[7.0029,50.1595],[6.9912,50.1662],[6.9716,50.1627],[6.9564,50.1586],[6.9716,50.1468],[6.9954,50.1539],[7.0029,50.1595]]]},"properties":{"AGS":"07135091","GEN":"Wollmerath","SN_L":"07"}},
{"type":"Feature","geometry":{"type":"Polygon","coordinates":[[[7.0376,50.086],[7.0316,50.091],[7.0337,50.1066],[7.0078,50.0998],[7.0031,50.0854],[7.0227,50.0667],[7.0424,50.0655],[7.0557,50.0698],[7.0376,50.086]]]},"properties":{"AGS":"07135501","GEN":"Bad Bertrich","SN_L":"07"}},
{"type":"Feature","geometry":{"type":"Polygon","coordinates":[[[7.1307,50.0643],[7.1116,50.0733],[7.0973,50.0698],[7.0826,50.0771],[7.0852,50.0661],[7.1005,50.0616],[7.099,50.0498],[7.1032,50.0473],[7.1289,50.0477],[7.1327,50.0492],[7.1307,50.0643]]]},"properties":{"AGS":"07135001","GEN":"Alf","SN_L":"07"}},
{"type":"Feature","geometry":{"type":"Polygon","coordinates":[[[7.287,49.9859],[7.2863,49.9945],[7.2632,49.9916],[7.2525,49.9944],[7.25,49.9946],[7.2474,49.9843],[7.2605,49.9763],[7.2838,49.9703],[7.287,49.9859]]]},"properties":{"AGS":"07135003","GEN":"Altlay","SN_L":"07"}},
{"type":"Feature","geometry":{"type":"Polygon","coordinates":[[[7.3211,50.0967],[7.3088,50.1035],[7.2933,50.119],[7.29,50.12],[7.2794,50.109],[7.2742,50.0982],[7.2965,50.0851],[7.2963,50.0753],[7.3114,50.0684],[7.3073,50.0803],[7.3211,50.0967]]]},"properties":{"AGS":"07135004","GEN":"Altstrimmig","SN_L":"07"}},
{"type":"Feature","geometry":{"type":"Polygon","coordinates":[[[7.331,50.052],[7.3,50.0504],[7.2893,50.0467],[7.2827,50.0342],[7.2887,50.0295],[7.313,50.0306],[7.3101,50.0388],[7.3321,50.0505],[7.331,50.052]]]},"properties":{"AGS":"07135010","GEN":"Blankenrath","SN_L":"07"}},
{"type":"Feature","geometry":{"type":"Polygon","coordinates":[[[7.25,49.9946],[7.2191,49.9869],[7.1989,49.9928],[7.1895,50.0027],[7.1734,50.0074],[7.1573,50.0232],[7.1543,50.0353],[7.1448,50.0408],[7.1397,50.0397],[7.1282,50.0177],[7.1362,49.9999],[7.1467,49.9957],[7.1965,49.9864],[7.1897,49.977],[7.2027,49.9663],[7.2156,49.9673],[7.2432,49.9594],[7.2532,49.9618],[7.2605,49.9763],[7.2474,49.9843],[7.25,49.9946]]]},"properties":{"AGS":"07135013","GEN":"Briedel","SN_L":"07"}},
{"type":"Feature","geometry":{"type":"Polygon","coordinates":[[[7.1756,50.0663],[7.1771,50.0715],[7.1511,50.0656],[7.1307,50.0691],[7.1307,50.0643],[7.1327,50.0492],[7.1527,50.0553],[7.1585,50.0643],[7.1756,50.0663]]]},"properties":{"AGS":"07135019","GEN":"Bullay","SN_L":"07"}},
{"type":"Feature","geometry":{"type":"Polygon","coordinates":[[[7.3394,50.0918],[7.3211,50.0967],[7.3073,50.0803],[7.3114,50.0684],[7.3147,50.0659],[7.3182,50.0682],[7.3394,50.0918]]]},"properties":{"AGS":"07135032","GEN":"Forst (Hunsrück)","SN_L":"07"}},
{"type":"Feature","geometry":{"type":"Polygon","coordinates":[[[7.2469,50.0803],[7.2227,50.0783],[7.2099,50.0718],[7.2173,50.0621],[7.2182,50.0468],[7.2305,50.0465],[7.2514,50.0363],[7.2526,50.0356],[7.261,50.0395],[7.2527,50.0485],[7.2275,50.0596],[7.2493,50.0733],[7.2469,50.0803]]]},"properties":{"AGS":"07135037","GEN":"Grenderich","SN_L":"07"}},
{"type":"Feature","geometry":{"type":"Polygon","coordinates":[[[7.3467,50.0261],[7.3321,50.0505],[7.3101,50.0388],[7.313,50.0306],[7.3339,50.0255],[7.3467,50.0261]]]},"properties":{"AGS":"07135039","GEN":"Haserich","SN_L":"07"}},
{"type":"Feature","geometry":{"type":"Polygon","coordinates":[[[7.2893,50.0467],[7.2729,50.0524],[7.2641,50.0395],[7.2728,50.0367],[7.2827,50.0342],[7.2893,50.0467]]]},"properties":{"AGS":"07135041","GEN":"Hesweiler","SN_L":"07"}},
{"type":"Feature","geometry":{"type":"Polygon","coordinates":[[[7.2517,50.0597],[7.2854,50.0639],[7.2697,50.0984],[7.2568,50.0991],[7.2479,50.095],[7.2469,50.0803],[7.2493,50.0733],[7.2517,50.0597]]]},"properties":{"AGS":"07135054","GEN":"Liesenich","SN_L":"07"}},
{"type":"Feature","geometry":{"type":"Polygon","coordinates":[[[7.3114,50.0684],[7.2963,50.0753],[7.2965,50.0851],[7.2742,50.0982],[7.2794,50.109],[7.2781,50.1095],[7.2583,50.0992],[7.2568,50.0991],[7.2697,50.0984],[7.2854,50.0639],[7.2517,50.0597],[7.2729,50.0524],[7.2893,50.0467],[7.3,50.0504],[7.3181,50.0635],[7.3147,50.0659],[7.3114,50.0684]]]},"properties":{"AGS":"07135061","GEN":"Mittelstrimmig","SN_L":"07"}},
{"type":"Feature","geometry":{"type":"Polygon","coordinates":[[[7.2517,50.0597],[7.2493,50.0733],[7.2275,50.0596],[7.2527,50.0485],[7.261,50.0395],[7.2641,50.0395],[7.2729,50.0524],[7.2517,50.0597]]]},"properties":{"AGS":"07135064","GEN":"Moritzheim","SN_L":"07"}},
{"type":"Feature","geometry":{"type":"Polygon","coordinates":[[[7.1771,50.0715],[7.1559,50.0837],[7.1465,50.094],[7.1266,50.1001],[7.1348,50.0899],[7.1307,50.0691],[7.1511,50.0656],[7.1771,50.0715]]]},"properties":{"AGS":"07135068","GEN":"Neef","SN_L":"07"}},
{"type":"Feature","geometry":{"type":"Polygon","coordinates":[[[7.3339,50.0255],[7.313,50.0306],[7.2887,50.0295],[7.2848,50.0147],[7.3002,50.0119],[7.3339,50.0255]]]},"properties":{"AGS":"07135070","GEN":"Panzweiler","SN_L":"07"}},
{"type":"Feature","geometry":{"type":"Polygon","coordinates":[[[7.3467,50.0261],[7.3339,50.0255],[7.3002,50.0119],[7.2848,50.0147],[7.264,50.0119],[7.2536,50.0098],[7.2525,49.9944],[7.2632,49.9916],[7.2863,49.9945],[7.3047,49.9931],[7.3172,49.9969],[7.3342,50.004],[7.3551,50.015],[7.3495,50.0239],[7.3467,50.0261]]]},"properties":{"AGS":"07135071","GEN":"Peterswald-Löffelscheid","SN_L":"07"}},
{"type":"Feature","geometry":{"type":"Polygon","coordinates":[[[7.1448,50.0408],[7.1289,50.0477],[7.1032,50.0473],[7.1033,50.0361],[7.1259,50.0242],[7.1282,50.0177],[7.1397,50.0397],[7.1448,50.0408]]]},"properties":{"AGS":"07135073","GEN":"Pünderich","SN_L":"07"}},
{"type":"Feature","geometry":{"type":"Polygon","coordinates":[[[7.331,50.052],[7.3181,50.0635],[7.3,50.0504],[7.331,50.052]]]},"properties":{"AGS":"07135074","GEN":"Reidenhausen","SN_L":"07"}},
{"type":"Feature","geometry":{"type":"Polygon","coordinates":[[[7.1307,50.0691],[7.1348,50.0899],[7.123,50.0854],[7.0981,50.0869],[7.0826,50.0771],[7.0973,50.0698],[7.1116,50.0733],[7.1307,50.0643],[7.1307,50.0691]]]},"properties":{"AGS":"07135076","GEN":"Sankt Aldegund","SN_L":"07"}},
{"type":"Feature","geometry":{"type":"Polygon","coordinates":[[[7.261,50.0395],[7.2526,50.0356],[7.2574,50.0335],[7.2651,50.0212],[7.2536,50.0098],[7.264,50.0119],[7.272,50.0161],[7.278,50.0303],[7.2728,50.0367],[7.2641,50.0395],[7.261,50.0395]]]},"properties":{"AGS":"07135077","GEN":"Schauren","SN_L":"07"}},
{"type":"Feature","geometry":{"type":"Polygon","coordinates":[[[7.3457,50.083],[7.3394,50.0918],[7.3182,50.0682],[7.3407,50.0632],[7.3457,50.083]]]},"properties":{"AGS":"07135080","GEN":"Sosberg","SN_L":"07"}},
{"type":"Feature","geometry":{"type":"Polygon","coordinates":[[[7.2514,50.0363],[7.2468,50.0287],[7.2498,50.0205],[7.2576,50.0216],[7.2574,50.0335],[7.2526,50.0356],[7.2514,50.0363]]]},"properties":{"AGS":"07135081","GEN":"Tellig","SN_L":"07"}},
{"type":"Feature","geometry":{"type":"Polygon","coordinates":[[[7.2827,50.0342],[7.2728,50.0367],[7.278,50.0303],[7.272,50.0161],[7.264,50.0119],[7.2848,50.0147],[7.2887,50.0295],[7.2827,50.0342]]]},"properties":{"AGS":"07135088","GEN":"Walhausen","SN_L":"07"}},
{"type":"Feature","geometry":{"type":"Polygon","coordinates":[[[7.2182,50.0468],[7.1996,50.0608],[7.1777,50.0652],[7.1756,50.0663],[7.1585,50.0643],[7.1527,50.0553],[7.1327,50.0492],[7.1289,50.0477],[7.1448,50.0408],[7.1543,50.0353],[7.1573,50.0232],[7.1734,50.0074],[7.1895,50.0027],[7.1989,49.9928],[7.2191,49.9869],[7.25,49.9946],[7.2525,49.9944],[7.2536,50.0098],[7.2651,50.0212],[7.2574,50.0335],[7.2576,50.0216],[7.2498,50.0205],[7.2468,50.0287],[7.2514,50.0363],[7.2305,50.0465],[7.2182,50.0468]]]},"properties":{"AGS":"07135092","GEN":"Zell (Mosel)","SN_L":"07"}},
{"type":"Feature","geometry":{"type":"Polygon","coordinates":[[[7.3559,50.4667],[7.3444,50.4766],[7.3328,50.4672],[7.2981,50.4591],[7.2867,50.45],[7.2958,50.4354],[7.2984,50.4259],[7.3247,50.4223],[7.3618,50.4223],[7.3788,50.4133],[7.4062,50.3931],[7.4035,50.3884],[7.417,50.3914],[7.4396,50.3875],[7.4471,50.4112],[7.437,50.4196],[7.4509,50.4288],[7.4378,50.4424],[7.4091,50.4432],[7.3817,50.4491],[7.3559,50.4667]]]},"properties":{"AGS":"07137003","GEN":"Andernach","SN_L":"07"}},
{"type":"Feature","geometry":{"type":"Polygon","coordinates":[[[7.2126,50.3445],[7.1729,50.3508],[7.1527,50.3632],[7.1284,50.3558],[7.1206,50.3603],[7.0977,50.3569],[7.1075,50.3377],[7.1294,50.3212],[7.1387,50.3153],[7.1621,50.325],[7.1817,50.3172],[7.1701,50.3111],[7.1893,50.3084],[7.2058,50.2957],[7.1815,50.2872],[7.1864,50.2804],[7.2087,50.2889],[7.2204,50.2893],[7.2471,50.2817],[7.2605,50.2844],[7.2468,50.2995],[7.2522,50.3089],[7.2759,50.3182],[7.2778,50.326],[7.2963,50.3315],[7.2919,50.3416],[7.2736,50.3369],[7.2534,50.3332],[7.2333,50.3458],[7.2126,50.3445]]]},"properties":{"AGS":"07137068","GEN":"Mayen","SN_L":"07"}},
{"type":"Feature","geometry":{"type":"Polygon","coordinates":[[[7.6468,50.4598],[7.6357,50.4551],[7.6253,50.4428],[7.6029,50.4634],[7.5983,50.4646],[7.5811,50.4637],[7.5765,50.4493],[7.5546,50.4371],[7.5507,50.4187],[7.5561,50.4169],[7.5716,50.4106],[7.5905,50.4064],[7.5943,50.4099],[7.5924,50.4157],[7.6445,50.4347],[7.6351,50.4455],[7.6468,50.4598]]]},"properties":{"AGS":"07137203","GEN":"Bendorf","SN_L":"07"}},
{"type":"Feature","geometry":{"type":"Polygon","coordinates":[[[7.3629,50.3818],[7.3831,50.4062],[7.3788,50.4133],[7.3397,50.3905],[7.3629,50.3818]]]},"properties":{"AGS":"07137056","GEN":"Kretz","SN_L":"07"}},
{"type":"Feature","geometry":{"type":"Polygon","coordinates":[[[7.2858,50.4124],[7.2777,50.397],[7.3079,50.3847],[7.3294,50.3629],[7.324,50.3579],[7.3339,50.3491],[7.3496,50.3537],[7.3631,50.3667],[7.3559,50.3746],[7.3629,50.3818],[7.3397,50.3905],[7.321,50.3953],[7.312,50.4048],[7.2858,50.4124]]]},"properties":{"AGS":"07137057","GEN":"Kruft","SN_L":"07"}},
{"type":"Feature","geometry":{"type":"Polygon","coordinates":[[[7.2958,50.4354],[7.2865,50.428],[7.2561,50.4251],[7.2771,50.4217],[7.2858,50.4124],[7.312,50.4048],[7.321,50.3953],[7.3397,50.3905],[7.3788,50.4133],[7.3618,50.4223],[7.3247,50.4223],[7.2984,50.4259],[7.2958,50.4354]]]},"properties":{"AGS":"07137081","GEN":"Nickenich","SN_L":"07"}},
{"type":"Feature","geometry":{"type":"Polygon","coordinates":[[[7.4035,50.3884],[7.4062,50.3931],[7.3788,50.4133],[7.3831,50.4062],[7.3629,50.3818],[7.3559,50.3746],[7.3631,50.3667],[7.379,50.3732],[7.3967,50.368],[7.4035,50.3884]]]},"properties":{"AGS":"07137088","GEN":"Plaidt","SN_L":"07"}},
{"type":"Feature","geometry":{"type":"Polygon","coordinates":[[[7.4396,50.3875],[7.417,50.3914],[7.4035,50.3884],[7.3967,50.368],[7.4251,50.3636],[7.4369,50.3618],[7.4415,50.3736],[7.4396,50.3875]]]},"properties":{"AGS":"07137096","GEN":"Saffig","SN_L":"07"}},
{"type":"Feature","geometry":{"type":"Polygon","coordinates":[[[7.2948,50.2861],[7.2875,50.2915],[7.2605,50.2844],[7.2471,50.2817],[7.2453,50.2781],[7.2646,50.2805],[7.2696,50.2741],[7.279,50.2782],[7.2948,50.2861]]]},"properties":{"AGS":"07137023","GEN":"Einig","SN_L":"07"}},
{"type":"Feature","geometry":{"type":"Polygon","coordinates":[[[7.328,50.2736],[7.3339,50.2691],[7.3544,50.2729],[7.366,50.2833],[7.3577,50.2887],[7.344,50.2881],[7.328,50.2801],[7.328,50.2736]]]},"properties":{"AGS":"07137027","GEN":"Gappenach","SN_L":"07"}},
{"type":"Feature","geometry":{"type":"Polygon","coordinates":[[[7.2696,50.2741],[7.2646,50.2805],[7.2453,50.2781],[7.2375,50.2601],[7.246,50.2612],[7.2696,50.2741]]]},"properties":{"AGS":"07137029","GEN":"Gering","SN_L":"07"}},
{"type":"Feature","geometry":{"type":"Polygon","coordinates":[[[7.328,50.2736],[7.3224,50.2655],[7.3415,50.2523],[7.3582,50.2624],[7.3544,50.2729],[7.3339,50.2691],[7.328,50.2736]]]},"properties":{"AGS":"07137030","GEN":"Gierschnach","SN_L":"07"}},
{"type":"Feature","geometry":{"type":"Polygon","coordinates":[[[7.394,50.286],[7.3823,50.2862],[7.378,50.2729],[7.3838,50.2562],[7.4068,50.2596],[7.408,50.2729],[7.394,50.286]]]},"properties":{"AGS":"07137041","GEN":"Kalt","SN_L":"07"}},
{"type":"Feature","geometry":{"type":"Polygon","coordinates":[[[7.3853,50.3065],[7.3864,50.3233],[7.3785,50.3227],[7.3438,50.3109],[7.3578,50.3013],[7.3853,50.3065]]]},"properties":{"AGS":"07137048","GEN":"Kerben","SN_L":"07"}},
{"type":"Feature","geometry":{"type":"Polygon","coordinates":[[[7.279,50.2782],[7.2696,50.2741],[7.246,50.2612],[7.2436,50.2534],[7.2693,50.2519],[7.2883,50.2675],[7.279,50.2782]]]},"properties":{"AGS":"07137053","GEN":"Kollig","SN_L":"07"}},
{"type":"Feature","geometry":{"type":"Polygon","coordinates":[[[7.4021,50.2975],[7.4201,50.3163],[7.4086,50.3278],[7.3864,50.3233],[7.3853,50.3065],[7.4021,50.2975]]]},"properties":{"AGS":"07137065","GEN":"Lonnig","SN_L":"07"}},
{"type":"Feature","geometry":{"type":"Polygon","coordinates":[[[7.328,50.2801],[7.3219,50.2872],[7.2948,50.2861],[7.279,50.2782],[7.2883,50.2675],[7.2693,50.2519],[7.2724,50.2486],[7.2998,50.2538],[7.3224,50.2655],[7.328,50.2736],[7.328,50.2801]]]},"properties":{"AGS":"07137070","GEN":"Mertloch","SN_L":"07"}},
{"type":"Feature","geometry":{"type":"Polygon","coordinates":[[[7.3415,50.2523],[7.3224,50.2655],[7.2998,50.2538],[7.2724,50.2486],[7.2887,50.2403],[7.3,50.2456],[7.3411,50.2493],[7.3415,50.2523]]]},"properties":{"AGS":"07137080","GEN":"Naunheim","SN_L":"07"}},
{"type":"Feature","geometry":{"type":"Polygon","coordinates":[[[7.3967,50.368],[7.379,50.3732],[7.3631,50.3667],[7.3496,50.3537],[7.3339,50.3491],[7.3332,50.3449],[7.3562,50.3395],[7.3536,50.3287],[7.3785,50.3227],[7.3864,50.3233],[7.4086,50.3278],[7.4165,50.3347],[7.4081,50.3455],[7.435,50.3502],[7.4251,50.3636],[7.3967,50.368]]]},"properties":{"AGS":"07137086","GEN":"Ochtendung","SN_L":"07"}},
{"type":"Feature","geometry":{"type":"Polygon","coordinates":[[[7.3151,50.2203],[7.3264,50.2299],[7.3266,50.2402],[7.3411,50.2493],[7.3,50.2456],[7.2887,50.2403],[7.2915,50.2358],[7.3059,50.2206],[7.3151,50.2203]]]},"properties":{"AGS":"07137087","GEN":"Pillig","SN_L":"07"}},
{"type":"Feature","geometry":{"type":"Polygon","coordinates":[[[7.3536,50.3287],[7.3423,50.3235],[7.3076,50.3216],[7.2759,50.3182],[7.2522,50.3089],[7.2468,50.2995],[7.2605,50.2844],[7.2875,50.2915],[7.2948,50.2861],[7.3219,50.2872],[7.328,50.2801],[7.344,50.2881],[7.3577,50.2887],[7.3578,50.3013],[7.3438,50.3109],[7.3785,50.3227],[7.3536,50.3287]]]},"properties":{"AGS":"07137089","GEN":"Polch","SN_L":"07"}},
{"type":"Feature","geometry":{"type":"Polygon","coordinates":[[[7.3578,50.3013],[7.3577,50.2887],[7.366,50.2833],[7.3823,50.2862],[7.394,50.286],[7.4021,50.2975],[7.3853,50.3065],[7.3578,50.3013]]]},"properties":{"AGS":"07137095","GEN":"Rüber","SN_L":"07"}},
{"type":"Feature","geometry":{"type":"Polygon","coordinates":[[[7.315,50.3435],[7.2977,50.3488],[7.2919,50.3416],[7.2963,50.3315],[7.2778,50.326],[7.2759,50.3182],[7.3076,50.3216],[7.3039,50.3271],[7.315,50.3435]]]},"properties":{"AGS":"07137102","GEN":"Trimbs","SN_L":"07"}},
{"type":"Feature","geometry":{"type":"Polygon","coordinates":[[[7.3332,50.3449],[7.315,50.3435],[7.3039,50.3271],[7.3076,50.3216],[7.3423,50.3235],[7.3536,50.3287],[7.3562,50.3395],[7.3332,50.3449]]]},"properties":{"AGS":"07137112","GEN":"Welling","SN_L":"07"}},
{"type":"Feature","geometry":{"type":"Polygon","coordinates":[[[7.3634,50.2181],[7.3645,50.2308],[7.354,50.2397],[7.3356,50.2251],[7.3289,50.2124],[7.3141,50.199],[7.3173,50.1994],[7.3503,50.1983],[7.35,50.2073],[7.3634,50.2181]]]},"properties":{"AGS":"07137114","GEN":"Wierschem","SN_L":"07"}},
{"type":"Feature","geometry":{"type":"Polygon","coordinates":[[[7.3823,50.2862],[7.366,50.2833],[7.3544,50.2729],[7.3582,50.2624],[7.3415,50.2523],[7.3411,50.2493],[7.3266,50.2402],[7.3264,50.2299],[7.3151,50.2203],[7.3083,50.2066],[7.2972,50.2106],[7.2942,50.2024],[7.3141,50.199],[7.3289,50.2124],[7.3356,50.2251],[7.354,50.2397],[7.3645,50.2308],[7.3634,50.2181],[7.3776,50.2108],[7.4044,50.2313],[7.4122,50.2422],[7.4184,50.2501],[7.4068,50.2596],[7.3838,50.2562],[7.378,50.2729],[7.3823,50.2862]]]},"properties":{"AGS":"07137501","GEN":"Münstermaifeld","SN_L":"07"}},
{"type":"Feature","geometry":{"type":"Polygon","coordinates":[[[7.0842,50.3779],[7.0584,50.3822],[7.0448,50.3881],[7.0596,50.3749],[7.0645,50.3657],[7.0896,50.3616],[7.0842,50.3779]]]},"properties":{"AGS":"07137001","GEN":"Acht","SN_L":"07"}},
{"type":"Feature","geometry":{"type":"Polygon","coordinates":[[[7.0918,50.3092],[7.0607,50.3067],[7.0859,50.2877],[7.114,50.2925],[7.1,50.3003],[7.1004,50.3082],[7.0918,50.3092]]]},"properties":{"AGS":"07137004","GEN":"Anschau","SN_L":"07"}},
{"type":"Feature","geometry":{"type":"Polygon","coordinates":[[[7.0831,50.4003],[7.0475,50.3924],[7.0448,50.3881],[7.0584,50.3822],[7.0842,50.3779],[7.0916,50.3835],[7.0997,50.3943],[7.0948,50.3948],[7.0831,50.4003]]]},"properties":{"AGS":"07137006","GEN":"Arft","SN_L":"07"}},
{"type":"Feature","geometry":{"type":"Polygon","coordinates":[[[7.0868,50.3523],[7.0481,50.3684],[7.0495,50.375],[7.0357,50.3677],[7.032,50.3572],[7.0172,50.3515],[7.0128,50.3409],[7.0162,50.3405],[7.0383,50.3352],[7.0502,50.3342],[7.061,50.3326],[7.0697,50.347],[7.0868,50.3523]]]},"properties":{"AGS":"07137007","GEN":"Baar","SN_L":"07"}},
{"type":"Feature","geometry":{"type":"Polygon","coordinates":[[[7.1233,50.2773],[7.1453,50.2976],[7.1239,50.2913],[7.114,50.2925],[7.0859,50.2877],[7.0715,50.281],[7.0774,50.272],[7.1132,50.2705],[7.1138,50.2701],[7.1233,50.2773]]]},"properties":{"AGS":"07137011","GEN":"Bermel","SN_L":"07"}},
{"type":"Feature","geometry":{"type":"Polygon","coordinates":[[[7.038,50.314],[7.0147,50.3265],[6.9912,50.3191],[6.9879,50.3103],[6.9738,50.3064],[7.0066,50.2899],[7.0171,50.2937],[7.0282,50.3086],[7.038,50.314]]]},"properties":{"AGS":"07137014","GEN":"Boos","SN_L":"07"}},
{"type":"Feature","geometry":{"type":"Polygon","coordinates":[[[7.0859,50.2877],[7.0607,50.3067],[7.058,50.3068],[7.0424,50.2893],[7.0659,50.2808],[7.0688,50.2798],[7.0715,50.281],[7.0859,50.2877]]]},"properties":{"AGS":"07137019","GEN":"Ditscheid","SN_L":"07"}},
{"type":"Feature","geometry":{"type":"Polygon","coordinates":[[[7.2284,50.3603],[7.2123,50.3765],[7.1958,50.3834],[7.1803,50.3715],[7.1746,50.3632],[7.2025,50.3603],[7.2126,50.3445],[7.2333,50.3458],[7.2284,50.3603]]]},"properties":{"AGS":"07137025","GEN":"Ettringen","SN_L":"07"}},
{"type":"Feature","geometry":{"type":"Polygon","coordinates":[[[7.1203,50.3839],[7.1317,50.3908],[7.1224,50.4023],[7.1019,50.4032],[7.1009,50.3928],[7.1181,50.3821],[7.1203,50.3839]]]},"properties":{"AGS":"07137034","GEN":"Hausten","SN_L":"07"}},
{"type":"Feature","geometry":{"type":"Polygon","coordinates":[[[7.0128,50.3409],[7.0172,50.3515],[7.032,50.3572],[7.0357,50.3677],[7.0191,50.3797],[7.0127,50.3888],[7.0048,50.3797],[7.0091,50.3749],[6.9955,50.3592],[6.9812,50.3527],[6.9843,50.3489],[7.0091,50.3496],[7.0128,50.3409]]]},"properties":{"AGS":"07137035","GEN":"Herresbach","SN_L":"07"}},
{"type":"Feature","geometry":{"type":"Polygon","coordinates":[[[7.1294,50.3212],[7.1075,50.3377],[7.0938,50.3346],[7.1228,50.3173],[7.1294,50.3212]]]},"properties":{"AGS":"07137036","GEN":"Hirten","SN_L":"07"}},
{"type":"Feature","geometry":{"type":"Polygon","coordinates":[[[7.2471,50.2817],[7.2204,50.2893],[7.2087,50.2889],[7.1864,50.2804],[7.1861,50.2795],[7.1912,50.2619],[7.2123,50.258],[7.2375,50.2601],[7.2453,50.2781],[7.2471,50.2817]]]},"properties":{"AGS":"07137043","GEN":"Kehrig","SN_L":"07"}},
{"type":"Feature","geometry":{"type":"Polygon","coordinates":[[[7.151,50.3834],[7.122,50.3784],[7.1131,50.3758],[7.1206,50.3603],[7.1284,50.3558],[7.1527,50.3632],[7.1746,50.3632],[7.1803,50.3715],[7.151,50.3834]]]},"properties":{"AGS":"07137049","GEN":"Kirchwald","SN_L":"07"}},
{"type":"Feature","geometry":{"type":"Polygon","coordinates":[[[7.2284,50.3603],[7.2333,50.3458],[7.2534,50.3332],[7.2736,50.3369],[7.2653,50.3583],[7.2284,50.3603]]]},"properties":{"AGS":"07137055","GEN":"Kottenheim","SN_L":"07"}},
{"type":"Feature","geometry":{"type":"Polygon","coordinates":[[[7.1131,50.3758],[7.0916,50.3835],[7.0842,50.3779],[7.0896,50.3616],[7.0958,50.3564],[7.0977,50.3569],[7.1206,50.3603],[7.1131,50.3758]]]},"properties":{"AGS":"07137060","GEN":"Langenfeld","SN_L":"07"}},
{"type":"Feature","geometry":{"type":"Polygon","coordinates":[[[7.1181,50.3821],[7.1009,50.3928],[7.0997,50.3943],[7.0916,50.3835],[7.1131,50.3758],[7.122,50.3784],[7.1181,50.3821]]]},"properties":{"AGS":"07137061","GEN":"Langscheid","SN_L":"07"}},
{"type":"Feature","geometry":{"type":"Polygon","coordinates":[[[7.0502,50.3342],[7.0383,50.3352],[7.018,50.3303],[7.0147,50.3265],[7.038,50.314],[7.0437,50.3158],[7.0502,50.3342]]]},"properties":{"AGS":"07137063","GEN":"Lind","SN_L":"07"}},
{"type":"Feature","geometry":{"type":"Polygon","coordinates":[[[7.0938,50.3346],[7.0808,50.3304],[7.0918,50.3092],[7.1004,50.3082],[7.1228,50.3173],[7.0938,50.3346]]]},"properties":{"AGS":"07137066","GEN":"Luxem","SN_L":"07"}},
{"type":"Feature","geometry":{"type":"Polygon","coordinates":[[[7.1864,50.2804],[7.1815,50.2872],[7.2058,50.2957],[7.1893,50.3084],[7.1701,50.3111],[7.1502,50.3052],[7.1453,50.2976],[7.1233,50.2773],[7.1203,50.2682],[7.1464,50.268],[7.1633,50.281],[7.1771,50.2743],[7.1861,50.2795],[7.1864,50.2804]]]},"properties":{"AGS":"07137074","GEN":"Monreal","SN_L":"07"}},
{"type":"Feature","geometry":{"type":"Polygon","coordinates":[[[7.0424,50.2893],[7.058,50.3068],[7.0437,50.3158],[7.038,50.314],[7.0282,50.3086],[7.0171,50.2937],[7.0424,50.2893]]]},"properties":{"AGS":"07137077","GEN":"Münk","SN_L":"07"}},
{"type":"Feature","geometry":{"type":"Polygon","coordinates":[[[7.0808,50.3304],[7.061,50.3326],[7.0502,50.3342],[7.0437,50.3158],[7.058,50.3068],[7.0607,50.3067],[7.0918,50.3092],[7.0808,50.3304]]]},"properties":{"AGS":"07137079","GEN":"Nachtsheim","SN_L":"07"}},
{"type":"Feature","geometry":{"type":"Polygon","coordinates":[[[7.1701,50.3111],[7.1817,50.3172],[7.1621,50.325],[7.1387,50.3153],[7.1502,50.3052],[7.1701,50.3111]]]},"properties":{"AGS":"07137092","GEN":"Reudelsterz","SN_L":"07"}},
{"type":"Feature","geometry":{"type":"Polygon","coordinates":[[[7.1746,50.3632],[7.1527,50.3632],[7.1729,50.3508],[7.2126,50.3445],[7.2025,50.3603],[7.1746,50.3632]]]},"properties":{"AGS":"07137097","GEN":"Sankt Johann","SN_L":"07"}},
{"type":"Feature","geometry":{"type":"Polygon","coordinates":[[[7.0457,50.3941],[7.0372,50.3846],[7.0191,50.3797],[7.0357,50.3677],[7.0495,50.375],[7.0596,50.3749],[7.0448,50.3881],[7.0475,50.3924],[7.0457,50.3941]]]},"properties":{"AGS":"07137099","GEN":"Siebenbach","SN_L":"07"}},
{"type":"Feature","geometry":{"type":"Polygon","coordinates":[[[7.1075,50.3377],[7.0977,50.3569],[7.0958,50.3564],[7.0868,50.3523],[7.0697,50.347],[7.061,50.3326],[7.0808,50.3304],[7.0938,50.3346],[7.1075,50.3377]]]},"properties":{"AGS":"07137105","GEN":"Virneburg","SN_L":"07"}},
{"type":"Feature","geometry":{"type":"Polygon","coordinates":[[[7.1294,50.3212],[7.1228,50.3173],[7.1004,50.3082],[7.1,50.3003],[7.114,50.2925],[7.1239,50.2913],[7.1453,50.2976],[7.1502,50.3052],[7.1387,50.3153],[7.1294,50.3212]]]},"properties":{"AGS":"07137110","GEN":"Weiler","SN_L":"07"}},
{"type":"Feature","geometry":{"type":"Polygon","coordinates":[[[7.0596,50.3749],[7.0495,50.375],[7.0481,50.3684],[7.0868,50.3523],[7.0958,50.3564],[7.0896,50.3616],[7.0645,50.3657],[7.0596,50.3749]]]},"properties":{"AGS":"07137113","GEN":"Welschenbach","SN_L":"07"}},
{"type":"Feature","geometry":{"type":"Polygon","coordinates":[[[7.2401,50.4053],[7.2232,50.4092],[7.2014,50.4079],[7.1928,50.4117],[7.1891,50.4102],[7.1995,50.3988],[7.1975,50.3903],[7.2353,50.3779],[7.257,50.3945],[7.2401,50.4053]]]},"properties":{"AGS":"07137008","GEN":"Bell","SN_L":"07"}},
{"type":"Feature","geometry":{"type":"Polygon","coordinates":[[[7.2777,50.397],[7.257,50.3945],[7.2353,50.3779],[7.1975,50.3903],[7.1958,50.3834],[7.2123,50.3765],[7.2284,50.3603],[7.2653,50.3583],[7.2739,50.3637],[7.324,50.3579],[7.3294,50.3629],[7.3079,50.3847],[7.2777,50.397]]]},"properties":{"AGS":"07137069","GEN":"Mendig","SN_L":"07"}},
{"type":"Feature","geometry":{"type":"Polygon","coordinates":[[[7.1891,50.4102],[7.1611,50.4024],[7.1538,50.3956],[7.151,50.3834],[7.1803,50.3715],[7.1958,50.3834],[7.1975,50.3903],[7.1995,50.3988],[7.1891,50.4102]]]},"properties":{"AGS":"07137093","GEN":"Rieden","SN_L":"07"}},
{"type":"Feature","geometry":{"type":"Polygon","coordinates":[[[7.324,50.3579],[7.2739,50.3637],[7.2653,50.3583],[7.2736,50.3369],[7.2919,50.3416],[7.2977,50.3488],[7.315,50.3435],[7.3332,50.3449],[7.3339,50.3491],[7.324,50.3579]]]},"properties":{"AGS":"07137101","GEN":"Thür","SN_L":"07"}},
{"type":"Feature","geometry":{"type":"Polygon","coordinates":[[[7.151,50.3834],[7.1538,50.3956],[7.1203,50.3839],[7.1181,50.3821],[7.122,50.3784],[7.151,50.3834]]]},"properties":{"AGS":"07137106","GEN":"Volkesfeld","SN_L":"07"}},
{"type":"Feature","geometry":{"type":"Polygon","coordinates":[[[7.6146,50.3807],[7.6174,50.3873],[7.6097,50.398],[7.5905,50.4064],[7.5716,50.4106],[7.603,50.3918],[7.6146,50.3807]]]},"properties":{"AGS":"07137218","GEN":"Niederwerth","SN_L":"07"}},
{"type":"Feature","geometry":{"type":"Polygon","coordinates":[[[7.6462,50.3871],[7.6174,50.3873],[7.6146,50.3807],[7.6314,50.3747],[7.6641,50.3815],[7.6462,50.3871]]]},"properties":{"AGS":"07137224","GEN":"Urbar","SN_L":"07"}},
{"type":"Feature","geometry":{"type":"Polygon","coordinates":[[[7.6712,50.4199],[7.6523,50.4309],[7.6239,50.4058],[7.6065,50.4049],[7.5943,50.4099],[7.5905,50.4064],[7.6097,50.398],[7.6174,50.3873],[7.6462,50.3871],[7.6501,50.3999],[7.6743,50.4006],[7.6712,50.4199]]]},"properties":{"AGS":"07137226","GEN":"Vallendar","SN_L":"07"}},
{"type":"Feature","geometry":{"type":"Polygon","coordinates":[[[7.6445,50.4347],[7.5924,50.4157],[7.5943,50.4099],[7.6065,50.4049],[7.6239,50.4058],[7.6523,50.4309],[7.6445,50.4347]]]},"properties":{"AGS":"07137229","GEN":"Weitersburg","SN_L":"07"}},
{"type":"Feature","geometry":{"type":"Polygon","coordinates":[[[7.4864,50.3633],[7.4651,50.3819],[7.4415,50.3736],[7.4369,50.3618],[7.4251,50.3636],[7.435,50.3502],[7.4081,50.3455],[7.4165,50.3347],[7.4308,50.3408],[7.4572,50.3414],[7.4818,50.3474],[7.4901,50.3513],[7.4864,50.3633]]]},"properties":{"AGS":"07137202","GEN":"Bassenheim","SN_L":"07"}},
{"type":"Feature","geometry":{"type":"Polygon","coordinates":[[[7.5507,50.4187],[7.532,50.4219],[7.5344,50.3978],[7.5368,50.3923],[7.5404,50.3943],[7.5561,50.4169],[7.5507,50.4187]]]},"properties":{"AGS":"07137209","GEN":"Kaltenengers","SN_L":"07"}},
{"type":"Feature","geometry":{"type":"Polygon","coordinates":[[[7.4789,50.4071],[7.4471,50.4112],[7.4396,50.3875],[7.4415,50.3736],[7.4651,50.3819],[7.4663,50.3904],[7.4811,50.4018],[7.4789,50.4071]]]},"properties":{"AGS":"07137211","GEN":"Kettig","SN_L":"07"}},
{"type":"Feature","geometry":{"type":"Polygon","coordinates":[[[7.5344,50.3978],[7.5134,50.4032],[7.5017,50.4134],[7.4796,50.4122],[7.4789,50.4071],[7.4811,50.4018],[7.4663,50.3904],[7.4651,50.3819],[7.4864,50.3633],[7.5121,50.3817],[7.5357,50.384],[7.5368,50.3923],[7.5344,50.3978]]]},"properties":{"AGS":"07137216","GEN":"Mülheim-Kärlich","SN_L":"07"}},
{"type":"Feature","geometry":{"type":"Polygon","coordinates":[[[7.5716,50.4106],[7.5561,50.4169],[7.5404,50.3943],[7.5716,50.4106]]]},"properties":{"AGS":"07137222","GEN":"Sankt Sebastian","SN_L":"07"}},
{"type":"Feature","geometry":{"type":"Polygon","coordinates":[[[7.532,50.4219],[7.5017,50.4134],[7.5134,50.4032],[7.5344,50.3978],[7.532,50.4219]]]},"properties":{"AGS":"07137225","GEN":"Urmitz","SN_L":"07"}},
{"type":"Feature","geometry":{"type":"Polygon","coordinates":[[[7.4796,50.4122],[7.4552,50.4233],[7.4509,50.4288],[7.437,50.4196],[7.4471,50.4112],[7.4789,50.4071],[7.4796,50.4122]]]},"properties":{"AGS":"07137228","GEN":"Weißenthurm","SN_L":"07"}},
{"type":"Feature","geometry":{"type":"Polygon","coordinates":[[[7.4973,50.244],[7.4887,50.2499],[7.4608,50.2481],[7.4424,50.2544],[7.446,50.23],[7.4572,50.2247],[7.4832,50.2345],[7.4973,50.244]]]},"properties":{"AGS":"07137201","GEN":"Alken","SN_L":"07"}},
{"type":"Feature","geometry":{"type":"Polygon","coordinates":[[[7.6414,50.2711],[7.6291,50.2785],[7.5982,50.2679],[7.587,50.2606],[7.5695,50.2584],[7.6133,50.2606],[7.6279,50.2517],[7.6378,50.2546],[7.6301,50.2664],[7.6414,50.2711]]]},"properties":{"AGS":"07137204","GEN":"Brey","SN_L":"07"}},
{"type":"Feature","geometry":{"type":"Polygon","coordinates":[[[7.4572,50.2247],[7.446,50.23],[7.4381,50.226],[7.4105,50.2239],[7.4224,50.2029],[7.4439,50.2104],[7.4589,50.1988],[7.4763,50.2075],[7.4769,50.2153],[7.4572,50.2247]]]},"properties":{"AGS":"07137205","GEN":"Brodenbach","SN_L":"07"}},
{"type":"Feature","geometry":{"type":"Polygon","coordinates":[[[7.4224,50.2029],[7.4105,50.2239],[7.3963,50.2201],[7.3836,50.2092],[7.3713,50.1912],[7.3608,50.1861],[7.3447,50.1835],[7.3456,50.1809],[7.359,50.1824],[7.3738,50.1771],[7.4145,50.193],[7.4224,50.2029]]]},"properties":{"AGS":"07137206","GEN":"Burgen","SN_L":"07"}},
{"type":"Feature","geometry":{"type":"Polygon","coordinates":[[[7.5157,50.3091],[7.5056,50.3075],[7.4878,50.3193],[7.4673,50.3164],[7.4627,50.3093],[7.4688,50.3],[7.4908,50.29],[7.4851,50.2834],[7.5,50.2753],[7.4968,50.26],[7.5153,50.2502],[7.5235,50.2598],[7.5319,50.2686],[7.5268,50.2884],[7.5157,50.3091]]]},"properties":{"AGS":"07137207","GEN":"Dieblich","SN_L":"07"}},
{"type":"Feature","geometry":{"type":"Polygon","coordinates":[[[7.4381,50.226],[7.4122,50.2422],[7.4044,50.2313],[7.3776,50.2108],[7.3836,50.2092],[7.3963,50.2201],[7.4105,50.2239],[7.4381,50.226]]]},"properties":{"AGS":"07137208","GEN":"Hatzenport","SN_L":"07"}},
{"type":"Feature","geometry":{"type":"Polygon","coordinates":[[[7.4901,50.3513],[7.4818,50.3474],[7.4901,50.3363],[7.4755,50.3297],[7.4577,50.3345],[7.4572,50.3414],[7.4308,50.3408],[7.4165,50.3347],[7.4086,50.3278],[7.4201,50.3163],[7.4021,50.2975],[7.394,50.286],[7.408,50.2729],[7.4262,50.2856],[7.4577,50.2883],[7.4627,50.3093],[7.4673,50.3164],[7.4878,50.3193],[7.5028,50.3304],[7.4901,50.3513]]]},"properties":{"AGS":"07137212","GEN":"Kobern-Gondorf","SN_L":"07"}},
{"type":"Feature","geometry":{"type":"Polygon","coordinates":[[[7.441,50.2572],[7.4184,50.2501],[7.4122,50.2422],[7.4381,50.226],[7.446,50.23],[7.4424,50.2544],[7.441,50.2572]]]},"properties":{"AGS":"07137214","GEN":"Löf","SN_L":"07"}},
{"type":"Feature","geometry":{"type":"Polygon","coordinates":[[[7.4268,50.1753],[7.4296,50.1789],[7.4145,50.193],[7.3738,50.1771],[7.3692,50.1718],[7.3819,50.1608],[7.4091,50.1627],[7.4268,50.1753]]]},"properties":{"AGS":"07137215","GEN":"Macken","SN_L":"07"}},
{"type":"Feature","geometry":{"type":"Polygon","coordinates":[[[7.5153,50.2502],[7.4968,50.26],[7.5,50.2753],[7.4851,50.2834],[7.4908,50.29],[7.4688,50.3],[7.4627,50.3093],[7.4577,50.2883],[7.4542,50.2687],[7.4707,50.268],[7.4799,50.2563],[7.5045,50.2483],[7.5142,50.2491],[7.5153,50.2502]]]},"properties":{"AGS":"07137217","GEN":"Niederfell","SN_L":"07"}},
{"type":"Feature","geometry":{"type":"Polygon","coordinates":[[[7.4769,50.2153],[7.5083,50.2313],[7.5142,50.2491],[7.5045,50.2483],[7.4973,50.244],[7.4832,50.2345],[7.4572,50.2247],[7.4769,50.2153]]]},"properties":{"AGS":"07137219","GEN":"Nörtershausen","SN_L":"07"}},
{"type":"Feature","geometry":{"type":"Polygon","coordinates":[[[7.5045,50.2483],[7.4799,50.2563],[7.4707,50.268],[7.4542,50.2687],[7.441,50.2572],[7.4424,50.2544],[7.4608,50.2481],[7.4887,50.2499],[7.4973,50.244],[7.5045,50.2483]]]},"properties":{"AGS":"07137220","GEN":"Oberfell","SN_L":"07"}},
{"type":"Feature","geometry":{"type":"Polygon","coordinates":[[[7.6055,50.2938],[7.5866,50.2975],[7.5577,50.2834],[7.5306,50.2625],[7.5506,50.2582],[7.5695,50.2584],[7.587,50.2606],[7.5982,50.2679],[7.6291,50.2785],[7.6266,50.2801],[7.6055,50.2938]]]},"properties":{"AGS":"07137221","GEN":"Rhens","SN_L":"07"}},
{"type":"Feature","geometry":{"type":"Polygon","coordinates":[[[7.6493,50.2512],[7.6484,50.2658],[7.6414,50.2711],[7.6301,50.2664],[7.6378,50.2546],[7.6279,50.2517],[7.6383,50.2463],[7.6493,50.2512]]]},"properties":{"AGS":"07137223","GEN":"Spay","SN_L":"07"}},
{"type":"Feature","geometry":{"type":"Polygon","coordinates":[[[7.5577,50.2834],[7.5468,50.2894],[7.5268,50.2884],[7.5319,50.2686],[7.5235,50.2598],[7.5306,50.2625],[7.5577,50.2834]]]},"properties":{"AGS":"07137227","GEN":"Waldesch","SN_L":"07"}},
{"type":"Feature","geometry":{"type":"Polygon","coordinates":[[[7.5157,50.3091],[7.5346,50.3227],[7.532,50.3329],[7.5103,50.3361],[7.5028,50.3304],[7.4878,50.3193],[7.5056,50.3075],[7.5157,50.3091]]]},"properties":{"AGS":"07137230","GEN":"Winningen","SN_L":"07"}},
{"type":"Feature","geometry":{"type":"Polygon","coordinates":[[[7.4572,50.3414],[7.4577,50.3345],[7.4755,50.3297],[7.4901,50.3363],[7.4818,50.3474],[7.4572,50.3414]]]},"properties":{"AGS":"07137231","GEN":"Wolken","SN_L":"07"}},
{"type":"Feature","geometry":{"type":"Polygon","coordinates":[[[7.4577,50.2883],[7.4262,50.2856],[7.408,50.2729],[7.4068,50.2596],[7.4184,50.2501],[7.441,50.2572],[7.4542,50.2687],[7.4577,50.2883]]]},"properties":{"AGS":"07137504","GEN":"Lehmen","SN_L":"07"}},
{"type":"Feature","geometry":{"type":"Polygon","coordinates":[[[7.456,50.4986],[7.4416,50.4916],[7.4088,50.4929],[7.3979,50.4968],[7.3959,50.5086],[7.3833,50.5004],[7.3963,50.4945],[7.4064,50.479],[7.4,50.4638],[7.4091,50.4432],[7.4378,50.4424],[7.4509,50.4288],[7.4552,50.4233],[7.4796,50.4122],[7.5017,50.4134],[7.532,50.4219],[7.5507,50.4187],[7.5546,50.4371],[7.5765,50.4493],[7.5811,50.4637],[7.5809,50.4718],[7.5639,50.4834],[7.5434,50.4844],[7.5336,50.4879],[7.5131,50.4853],[7.5205,50.5032],[7.5006,50.4994],[7.4964,50.4906],[7.4811,50.4799],[7.4674,50.4904],[7.4685,50.5011],[7.456,50.4986]]]},"properties":{"AGS":"07138045","GEN":"Neuwied","SN_L":"07"}},
{"type":"Feature","geometry":{"type":"Polygon","coordinates":[[[7.4523,50.6929],[7.4316,50.6949],[7.4257,50.6828],[7.3967,50.6754],[7.3786,50.6675],[7.3693,50.6725],[7.3629,50.6712],[7.3713,50.6666],[7.3769,50.6476],[7.3879,50.6437],[7.3918,50.6468],[7.4313,50.638],[7.4505,50.6297],[7.45,50.6175],[7.4816,50.6255],[7.4742,50.6352],[7.4849,50.6467],[7.4799,50.6526],[7.4854,50.668],[7.4698,50.6724],[7.4577,50.6883],[7.4523,50.6929]]]},"properties":{"AGS":"07138003","GEN":"Asbach","SN_L":"07"}},
{"type":"Feature","geometry":{"type":"Polygon","coordinates":[[[7.45,50.6175],[7.4505,50.6297],[7.4313,50.638],[7.3918,50.6468],[7.3879,50.6437],[7.3765,50.6247],[7.3664,50.6187],[7.3634,50.6128],[7.3781,50.6058],[7.3826,50.5942],[7.3957,50.584],[7.3917,50.5787],[7.3929,50.5779],[7.4101,50.5887],[7.4382,50.586],[7.4758,50.5754],[7.4747,50.5826],[7.4744,50.5849],[7.471,50.5964],[7.4707,50.611],[7.45,50.6175]]]},"properties":{"AGS":"07138044","GEN":"Neustadt (Wied)","SN_L":"07"}},
{"type":"Feature","geometry":{"type":"Polygon","coordinates":[[[7.3664,50.6187],[7.3765,50.6247],[7.3879,50.6437],[7.3769,50.6476],[7.3713,50.6666],[7.3629,50.6712],[7.3558,50.6652],[7.359,50.6495],[7.3147,50.6374],[7.3164,50.6351],[7.3152,50.6307],[7.3299,50.6298],[7.3664,50.6187]]]},"properties":{"AGS":"07138077","GEN":"Windhagen","SN_L":"07"}},
{"type":"Feature","geometry":{"type":"Polygon","coordinates":[[[7.4392,50.7111],[7.4234,50.71],[7.4071,50.7182],[7.3973,50.7143],[7.3709,50.7152],[7.3571,50.6979],[7.3721,50.6821],[7.3693,50.6725],[7.3786,50.6675],[7.3967,50.6754],[7.4257,50.6828],[7.4316,50.6949],[7.4523,50.6929],[7.4392,50.7111]]]},"properties":{"AGS":"07138080","GEN":"Buchholz (Westerwald)","SN_L":"07"}},
{"type":"Feature","geometry":{"type":"Polygon","coordinates":[[[7.3764,50.5563],[7.3657,50.5583],[7.3394,50.5518],[7.325,50.5414],[7.2917,50.5296],[7.3122,50.503],[7.3351,50.5187],[7.381,50.5284],[7.3871,50.5325],[7.3798,50.5362],[7.3764,50.5563]]]},"properties":{"AGS":"07138004","GEN":"Bad Hönningen","SN_L":"07"}},
{"type":"Feature","geometry":{"type":"Polygon","coordinates":[[[7.3963,50.4945],[7.3833,50.5004],[7.3571,50.4919],[7.338,50.4822],[7.3444,50.4766],[7.3559,50.4667],[7.3963,50.4945]]]},"properties":{"AGS":"07138024","GEN":"Hammerstein","SN_L":"07"}},
{"type":"Feature","geometry":{"type":"Polygon","coordinates":[[[7.4091,50.4432],[7.4,50.4638],[7.4064,50.479],[7.3963,50.4945],[7.3559,50.4667],[7.3817,50.4491],[7.4091,50.4432]]]},"properties":{"AGS":"07138038","GEN":"Leutesdorf","SN_L":"07"}},
{"type":"Feature","geometry":{"type":"Polygon","coordinates":[[[7.3959,50.5086],[7.4023,50.5112],[7.3871,50.5325],[7.381,50.5284],[7.3351,50.5187],[7.3122,50.503],[7.3206,50.4954],[7.338,50.4822],[7.3571,50.4919],[7.3833,50.5004],[7.3959,50.5086]]]},"properties":{"AGS":"07138063","GEN":"Rheinbrohl","SN_L":"07"}},
{"type":"Feature","geometry":{"type":"Polygon","coordinates":[[[7.6802,50.5935],[7.6652,50.5946],[7.6529,50.592],[7.6585,50.5835],[7.6508,50.5685],[7.6193,50.5575],[7.615,50.5416],[7.5814,50.5344],[7.5909,50.5237],[7.5932,50.5215],[7.6117,50.5282],[7.627,50.5273],[7.6552,50.5217],[7.6683,50.5188],[7.6955,50.528],[7.6978,50.5348],[7.7015,50.5495],[7.6919,50.5505],[7.6777,50.5512],[7.6697,50.5609],[7.6804,50.5658],[7.6847,50.5674],[7.6878,50.5798],[7.6802,50.5935]]]},"properties":{"AGS":"07138012","GEN":"Dierdorf","SN_L":"07"}},
{"type":"Feature","geometry":{"type":"Polygon","coordinates":[[[7.6552,50.5217],[7.627,50.5273],[7.6273,50.5132],[7.6014,50.5007],[7.596,50.4877],[7.6004,50.4792],[7.6201,50.4862],[7.6315,50.4846],[7.6492,50.4853],[7.6533,50.4897],[7.6785,50.4963],[7.6701,50.5043],[7.6495,50.5084],[7.6552,50.5217]]]},"properties":{"AGS":"07138023","GEN":"Großmaischeid","SN_L":"07"}},
{"type":"Feature","geometry":{"type":"Polygon","coordinates":[[[7.6004,50.4792],[7.596,50.4877],[7.581,50.4913],[7.5639,50.4834],[7.5809,50.4718],[7.5811,50.4637],[7.5983,50.4646],[7.6004,50.4792]]]},"properties":{"AGS":"07138031","GEN":"Isenburg","SN_L":"07"}},
{"type":"Feature","geometry":{"type":"Polygon","coordinates":[[[7.596,50.4877],[7.6014,50.5007],[7.6273,50.5132],[7.627,50.5273],[7.6117,50.5282],[7.5932,50.5215],[7.5927,50.5],[7.5819,50.4927],[7.581,50.4913],[7.596,50.4877]]]},"properties":{"AGS":"07138034","GEN":"Kleinmaischeid","SN_L":"07"}},
{"type":"Feature","geometry":{"type":"Polygon","coordinates":[[[7.6709,50.5083],[7.6736,50.5133],[7.6683,50.5188],[7.6552,50.5217],[7.6495,50.5084],[7.6701,50.5043],[7.6709,50.5083]]]},"properties":{"AGS":"07138069","GEN":"Stebach","SN_L":"07"}},
{"type":"Feature","geometry":{"type":"MultiPolygon","coordinates":[[[[7.7048,50.5996],[7.6947,50.5996],[7.6897,50.5962],[7.7091,50.5908],[7.7101,50.5932],[7.7048,50.5996]]],[[[7.7042,50.5617],[7.6984,50.5746],[7.6847,50.5674],[7.6804,50.5658],[7.6697,50.5609],[7.6777,50.5512],[7.6919,50.5505],[7.7042,50.5617]]]]},"properties":{"AGS":"07138201","GEN":"Marienhausen","SN_L":"07"}},
{"type":"Feature","geometry":{"type":"Polygon","coordinates":[[[7.3917,50.5787],[7.3688,50.5738],[7.3395,50.5746],[7.3192,50.5658],[7.2787,50.5589],[7.2798,50.5556],[7.2901,50.5496],[7.3156,50.5552],[7.3286,50.5633],[7.3528,50.5662],[7.3826,50.5601],[7.3853,50.5606],[7.3929,50.5779],[7.3917,50.5787]]]},"properties":{"AGS":"07138009","GEN":"Dattenberg","SN_L":"07"}},
{"type":"Feature","geometry":{"type":"Polygon","coordinates":[[[7.3826,50.5601],[7.3528,50.5662],[7.3286,50.5633],[7.3156,50.5552],[7.2901,50.5496],[7.2798,50.5556],[7.2847,50.5437],[7.2917,50.5296],[7.325,50.5414],[7.3394,50.5518],[7.3657,50.5583],[7.3764,50.5563],[7.3826,50.5601]]]},"properties":{"AGS":"07138037","GEN":"Leubsdorf","SN_L":"07"}},
{"type":"Feature","geometry":{"type":"Polygon","coordinates":[[[7.3111,50.6171],[7.2866,50.6152],[7.2787,50.5988],[7.2916,50.5892],[7.2804,50.575],[7.2701,50.5774],[7.2652,50.5741],[7.2775,50.5619],[7.2787,50.5589],[7.3192,50.5658],[7.3395,50.5746],[7.3296,50.5782],[7.3238,50.5908],[7.3348,50.5959],[7.3304,50.6045],[7.3116,50.6098],[7.3111,50.6171]]]},"properties":{"AGS":"07138041","GEN":"Linz am Rhein","SN_L":"07"}},
{"type":"Feature","geometry":{"type":"Polygon","coordinates":[[[7.2701,50.5774],[7.2804,50.575],[7.2916,50.5892],[7.2701,50.5774]]]},"properties":{"AGS":"07138055","GEN":"Ockenfels","SN_L":"07"}},
{"type":"Feature","geometry":{"type":"Polygon","coordinates":[[[7.3634,50.6128],[7.3555,50.6065],[7.3304,50.6045],[7.3348,50.5959],[7.3238,50.5908],[7.3296,50.5782],[7.3395,50.5746],[7.3688,50.5738],[7.3917,50.5787],[7.3957,50.584],[7.3826,50.5942],[7.3781,50.6058],[7.3634,50.6128]]]},"properties":{"AGS":"07138068","GEN":"Sankt Katharinen (Landkreis Neuwied)","SN_L":"07"}},
{"type":"Feature","geometry":{"type":"Polygon","coordinates":[[[7.3664,50.6187],[7.3299,50.6298],[7.3111,50.6171],[7.3116,50.6098],[7.3304,50.6045],[7.3555,50.6065],[7.3634,50.6128],[7.3664,50.6187]]]},"properties":{"AGS":"07138075","GEN":"Vettelschoß","SN_L":"07"}},
{"type":"Feature","geometry":{"type":"Polygon","coordinates":[[[7.2916,50.5892],[7.2787,50.5988],[7.2603,50.595],[7.2485,50.579],[7.2652,50.5741],[7.2701,50.5774],[7.2916,50.5892]]]},"properties":{"AGS":"07138501","GEN":"Kasbach-Ohlenberg","SN_L":"07"}},
{"type":"Feature","geometry":{"type":"Polygon","coordinates":[[[7.6193,50.5575],[7.6177,50.5603],[7.5963,50.5576],[7.5805,50.546],[7.5738,50.5337],[7.5814,50.5344],[7.615,50.5416],[7.6193,50.5575]]]},"properties":{"AGS":"07138011","GEN":"Dernbach","SN_L":"07"}},
{"type":"Feature","geometry":{"type":"Polygon","coordinates":[[[7.5731,50.6173],[7.5455,50.6269],[7.5423,50.6208],[7.5433,50.612],[7.5452,50.6064],[7.5586,50.599],[7.5773,50.6046],[7.5754,50.6162],[7.5731,50.6173]]]},"properties":{"AGS":"07138013","GEN":"Döttesfeld","SN_L":"07"}},
{"type":"Feature","geometry":{"type":"Polygon","coordinates":[[[7.5997,50.5832],[7.5773,50.6046],[7.5586,50.599],[7.5477,50.589],[7.5436,50.584],[7.5682,50.5787],[7.5811,50.5778],[7.5997,50.5832]]]},"properties":{"AGS":"07138014","GEN":"Dürrholz","SN_L":"07"}},
{"type":"Feature","geometry":{"type":"Polygon","coordinates":[[[7.6214,50.5866],[7.6381,50.5818],[7.6585,50.5835],[7.6529,50.592],[7.6392,50.5944],[7.6214,50.5866]]]},"properties":{"AGS":"07138025","GEN":"Hanroth","SN_L":"07"}},
{"type":"Feature","geometry":{"type":"Polygon","coordinates":[[[7.6093,50.5687],[7.5997,50.5832],[7.5811,50.5778],[7.5965,50.5674],[7.6093,50.5687]]]},"properties":{"AGS":"07138027","GEN":"Harschbach","SN_L":"07"}},
{"type":"Feature","geometry":{"type":"Polygon","coordinates":[[[7.5682,50.5787],[7.5436,50.584],[7.5381,50.5792],[7.5325,50.5637],[7.5326,50.5552],[7.5496,50.5551],[7.5682,50.5787]]]},"properties":{"AGS":"07138040","GEN":"Linkenbach","SN_L":"07"}},
{"type":"Feature","geometry":{"type":"Polygon","coordinates":[[[7.6177,50.5603],[7.6093,50.5687],[7.5965,50.5674],[7.5963,50.5576],[7.6177,50.5603]]]},"properties":{"AGS":"07138048","GEN":"Niederhofen","SN_L":"07"}},
{"type":"Feature","geometry":{"type":"Polygon","coordinates":[[[7.6046,50.6484],[7.5924,50.652],[7.5895,50.6507],[7.587,50.648],[7.5717,50.6453],[7.5699,50.6363],[7.5791,50.6197],[7.5731,50.6173],[7.5754,50.6162],[7.6187,50.618],[7.5998,50.6274],[7.6019,50.6353],[7.6046,50.6484]]]},"properties":{"AGS":"07138050","GEN":"Niederwambach","SN_L":"07"}},
{"type":"Feature","geometry":{"type":"Polygon","coordinates":[[[7.7008,50.6229],[7.6897,50.629],[7.6724,50.6467],[7.6574,50.6452],[7.6573,50.6383],[7.6432,50.6263],[7.6476,50.6195],[7.6743,50.6122],[7.7008,50.6229]]]},"properties":{"AGS":"07138052","GEN":"Oberdreis","SN_L":"07"}},
{"type":"Feature","geometry":{"type":"Polygon","coordinates":[[[7.6187,50.618],[7.5754,50.6162],[7.5773,50.6046],[7.5997,50.5832],[7.6214,50.5866],[7.6392,50.5944],[7.6316,50.6054],[7.6187,50.618]]]},"properties":{"AGS":"07138057","GEN":"Puderbach","SN_L":"07"}},
{"type":"Feature","geometry":{"type":"Polygon","coordinates":[[[7.6205,50.6481],[7.6046,50.6484],[7.6019,50.6353],[7.6177,50.6326],[7.6261,50.6401],[7.6205,50.6481]]]},"properties":{"AGS":"07138058","GEN":"Ratzert","SN_L":"07"}},
{"type":"Feature","geometry":{"type":"Polygon","coordinates":[[[7.6585,50.5835],[7.6381,50.5818],[7.6214,50.5866],[7.5997,50.5832],[7.6093,50.5687],[7.6177,50.5603],[7.6193,50.5575],[7.6508,50.5685],[7.6585,50.5835]]]},"properties":{"AGS":"07138059","GEN":"Raubach","SN_L":"07"}},
{"type":"Feature","geometry":{"type":"Polygon","coordinates":[[[7.6342,50.6538],[7.6276,50.6528],[7.6205,50.6481],[7.6261,50.6401],[7.6177,50.6326],[7.6366,50.6225],[7.6432,50.6263],[7.6573,50.6383],[7.6574,50.6452],[7.6342,50.6538]]]},"properties":{"AGS":"07138064","GEN":"Rodenbach bei Puderbach","SN_L":"07"}},
{"type":"Feature","geometry":{"type":"Polygon","coordinates":[[[7.6432,50.6263],[7.6366,50.6225],[7.6177,50.6326],[7.6019,50.6353],[7.5998,50.6274],[7.6187,50.618],[7.6316,50.6054],[7.6489,50.6079],[7.6476,50.6195],[7.6432,50.6263]]]},"properties":{"AGS":"07138070","GEN":"Steimel","SN_L":"07"}},
{"type":"Feature","geometry":{"type":"Polygon","coordinates":[[[7.5965,50.5674],[7.5811,50.5778],[7.5682,50.5787],[7.5496,50.5551],[7.5579,50.5467],[7.543,50.5317],[7.5394,50.5234],[7.5438,50.5221],[7.5494,50.5294],[7.5738,50.5337],[7.5805,50.546],[7.5963,50.5576],[7.5965,50.5674]]]},"properties":{"AGS":"07138074","GEN":"Urbach","SN_L":"07"}},
{"type":"Feature","geometry":{"type":"Polygon","coordinates":[[[7.6743,50.6122],[7.6476,50.6195],[7.6489,50.6079],[7.6316,50.6054],[7.6392,50.5944],[7.6529,50.592],[7.6652,50.5946],[7.6743,50.6122]]]},"properties":{"AGS":"07138078","GEN":"Woldert","SN_L":"07"}},
{"type":"Feature","geometry":{"type":"Polygon","coordinates":[[[7.2422,50.6006],[7.2574,50.5946],[7.2675,50.601],[7.2689,50.6146],[7.2422,50.6006]]]},"properties":{"AGS":"07138008","GEN":"Bruchhausen","SN_L":"07"}},
{"type":"Feature","geometry":{"type":"Polygon","coordinates":[[[7.3299,50.6298],[7.3152,50.6307],[7.2734,50.622],[7.2689,50.6146],[7.2675,50.601],[7.2574,50.5946],[7.2422,50.6006],[7.2229,50.5836],[7.2485,50.579],[7.2603,50.595],[7.2787,50.5988],[7.2866,50.6152],[7.3111,50.6171],[7.3299,50.6298]]]},"properties":{"AGS":"07138019","GEN":"Erpel","SN_L":"07"}},
{"type":"Feature","geometry":{"type":"Polygon","coordinates":[[[7.3147,50.6374],[7.2973,50.6318],[7.2565,50.6246],[7.2402,50.6282],[7.2129,50.6235],[7.2129,50.6125],[7.2313,50.6113],[7.2535,50.6158],[7.2729,50.6239],[7.3164,50.6351],[7.3147,50.6374]]]},"properties":{"AGS":"07138062","GEN":"Rheinbreitbach","SN_L":"07"}},
{"type":"Feature","geometry":{"type":"Polygon","coordinates":[[[7.3164,50.6351],[7.2729,50.6239],[7.2535,50.6158],[7.2313,50.6113],[7.2129,50.6125],[7.2106,50.5925],[7.2229,50.5836],[7.2422,50.6006],[7.2689,50.6146],[7.2734,50.622],[7.3152,50.6307],[7.3164,50.6351]]]},"properties":{"AGS":"07138073","GEN":"Unkel","SN_L":"07"}},
{"type":"Feature","geometry":{"type":"Polygon","coordinates":[[[7.571,50.5147],[7.5438,50.5221],[7.5235,50.506],[7.5205,50.5032],[7.5131,50.4853],[7.5336,50.4879],[7.5434,50.4844],[7.5634,50.5027],[7.5709,50.5043],[7.571,50.5147]]]},"properties":{"AGS":"07138002","GEN":"Anhausen","SN_L":"07"}},
{"type":"Feature","geometry":{"type":"Polygon","coordinates":[[[7.5154,50.5265],[7.5094,50.5311],[7.4778,50.5375],[7.4723,50.5211],[7.4797,50.5186],[7.5054,50.5194],[7.5154,50.5265]]]},"properties":{"AGS":"07138005","GEN":"Bonefeld","SN_L":"07"}},
{"type":"Feature","geometry":{"type":"Polygon","coordinates":[[[7.4758,50.5754],[7.4382,50.586],[7.4101,50.5887],[7.4229,50.586],[7.4307,50.5735],[7.4217,50.5615],[7.4552,50.547],[7.4648,50.554],[7.4716,50.5583],[7.4758,50.5754]]]},"properties":{"AGS":"07138006","GEN":"Breitscheid","SN_L":"07"}},
{"type":"Feature","geometry":{"type":"Polygon","coordinates":[[[7.3982,50.5615],[7.3853,50.5606],[7.3826,50.5601],[7.3764,50.5563],[7.3798,50.5362],[7.3871,50.5325],[7.4023,50.5112],[7.4036,50.5111],[7.4076,50.5267],[7.399,50.5338],[7.4131,50.5408],[7.3961,50.5521],[7.3982,50.5615]]]},"properties":{"AGS":"07138007","GEN":"Hausen (Wied)","SN_L":"07"}},
{"type":"Feature","geometry":{"type":"Polygon","coordinates":[[[7.456,50.4986],[7.4372,50.5065],[7.4384,50.5167],[7.4142,50.5158],[7.4036,50.5111],[7.4023,50.5112],[7.3959,50.5086],[7.3979,50.4968],[7.4088,50.4929],[7.4416,50.4916],[7.456,50.4986]]]},"properties":{"AGS":"07138010","GEN":"Datzeroth","SN_L":"07"}},
{"type":"Feature","geometry":{"type":"Polygon","coordinates":[[[7.4723,50.5211],[7.4593,50.5266],[7.4421,50.5206],[7.4384,50.5167],[7.4372,50.5065],[7.456,50.4986],[7.4685,50.5011],[7.4785,50.5046],[7.4797,50.5186],[7.4723,50.5211]]]},"properties":{"AGS":"07138015","GEN":"Ehlscheid","SN_L":"07"}},
{"type":"Feature","geometry":{"type":"Polygon","coordinates":[[[7.5394,50.5234],[7.5154,50.5265],[7.5054,50.5194],[7.5235,50.506],[7.5438,50.5221],[7.5394,50.5234]]]},"properties":{"AGS":"07138026","GEN":"Hardert","SN_L":"07"}},
{"type":"Feature","geometry":{"type":"Polygon","coordinates":[[[7.5009,50.5726],[7.4747,50.5826],[7.4758,50.5754],[7.4716,50.5583],[7.4923,50.5565],[7.5094,50.5643],[7.5009,50.5726]]]},"properties":{"AGS":"07138030","GEN":"Hümmerich","SN_L":"07"}},
{"type":"Feature","geometry":{"type":"Polygon","coordinates":[[[7.4778,50.5375],[7.4648,50.554],[7.4552,50.547],[7.4501,50.5454],[7.4532,50.5379],[7.4421,50.5206],[7.4593,50.5266],[7.4723,50.5211],[7.4778,50.5375]]]},"properties":{"AGS":"07138036","GEN":"Kurtscheid","SN_L":"07"}},
{"type":"Feature","geometry":{"type":"Polygon","coordinates":[[[7.5709,50.5043],[7.5634,50.5027],[7.5434,50.4844],[7.5639,50.4834],[7.581,50.4913],[7.5819,50.4927],[7.5709,50.5043]]]},"properties":{"AGS":"07138042","GEN":"Meinborn","SN_L":"07"}},
{"type":"Feature","geometry":{"type":"Polygon","coordinates":[[[7.4785,50.5046],[7.4685,50.5011],[7.4674,50.4904],[7.4811,50.4799],[7.4964,50.4906],[7.4815,50.495],[7.4785,50.5046]]]},"properties":{"AGS":"07138043","GEN":"Melsbach","SN_L":"07"}},
{"type":"Feature","geometry":{"type":"Polygon","coordinates":[[[7.4421,50.5206],[7.4532,50.5379],[7.4501,50.5454],[7.4131,50.5408],[7.399,50.5338],[7.4076,50.5267],[7.4036,50.5111],[7.4142,50.5158],[7.4384,50.5167],[7.4421,50.5206]]]},"properties":{"AGS":"07138047","GEN":"Niederbreitbach","SN_L":"07"}},
{"type":"Feature","geometry":{"type":"Polygon","coordinates":[[[7.5157,50.5716],[7.5009,50.5726],[7.5094,50.5643],[7.4923,50.5565],[7.5061,50.5508],[7.5285,50.5487],[7.5326,50.5552],[7.5325,50.5637],[7.5157,50.5716]]]},"properties":{"AGS":"07138053","GEN":"Oberhonnefeld-Gierend","SN_L":"07"}},
{"type":"Feature","geometry":{"type":"Polygon","coordinates":[[[7.5496,50.5551],[7.5326,50.5552],[7.5285,50.5487],[7.5261,50.5352],[7.543,50.5317],[7.5579,50.5467],[7.5496,50.5551]]]},"properties":{"AGS":"07138054","GEN":"Oberraden","SN_L":"07"}},
{"type":"Feature","geometry":{"type":"Polygon","coordinates":[[[7.5235,50.506],[7.5054,50.5194],[7.4797,50.5186],[7.4785,50.5046],[7.4815,50.495],[7.4964,50.4906],[7.5006,50.4994],[7.5205,50.5032],[7.5235,50.506]]]},"properties":{"AGS":"07138061","GEN":"Rengsdorf","SN_L":"07"}},
{"type":"Feature","geometry":{"type":"Polygon","coordinates":[[[7.4217,50.5615],[7.4307,50.5735],[7.4229,50.586],[7.4101,50.5887],[7.3929,50.5779],[7.3853,50.5606],[7.3982,50.5615],[7.4217,50.5615]]]},"properties":{"AGS":"07138065","GEN":"Roßbach","SN_L":"07"}},
{"type":"Feature","geometry":{"type":"Polygon","coordinates":[[[7.5738,50.5337],[7.5494,50.5294],[7.5438,50.5221],[7.571,50.5147],[7.5909,50.5237],[7.5814,50.5344],[7.5738,50.5337]]]},"properties":{"AGS":"07138066","GEN":"Rüscheid","SN_L":"07"}},
{"type":"Feature","geometry":{"type":"Polygon","coordinates":[[[7.4923,50.5565],[7.4716,50.5583],[7.4648,50.554],[7.4778,50.5375],[7.5094,50.5311],[7.5154,50.5265],[7.5394,50.5234],[7.543,50.5317],[7.5261,50.5352],[7.5285,50.5487],[7.5061,50.5508],[7.4923,50.5565]]]},"properties":{"AGS":"07138071","GEN":"Straßenhaus","SN_L":"07"}},
{"type":"Feature","geometry":{"type":"Polygon","coordinates":[[[7.5819,50.4927],[7.5927,50.5],[7.5932,50.5215],[7.5909,50.5237],[7.571,50.5147],[7.5709,50.5043],[7.5819,50.4927]]]},"properties":{"AGS":"07138072","GEN":"Thalhausen","SN_L":"07"}},
{"type":"Feature","geometry":{"type":"Polygon","coordinates":[[[7.4217,50.5615],[7.3982,50.5615],[7.3961,50.5521],[7.4131,50.5408],[7.4501,50.5454],[7.4552,50.547],[7.4217,50.5615]]]},"properties":{"AGS":"07138076","GEN":"Waldbreitbach","SN_L":"07"}},
{"type":"Feature","geometry":{"type":"Polygon","coordinates":[[[7.5695,50.2584],[7.5506,50.2582],[7.5306,50.2625],[7.5235,50.2598],[7.5153,50.2502],[7.5142,50.2491],[7.5083,50.2313],[7.4769,50.2153],[7.4763,50.2075],[7.4589,50.1988],[7.4628,50.1945],[7.4663,50.1893],[7.4856,50.1829],[7.5036,50.1919],[7.5292,50.198],[7.5478,50.2116],[7.5805,50.198],[7.5951,50.1836],[7.5897,50.1736],[7.603,50.1641],[7.6328,50.1657],[7.6458,50.1571],[7.6687,50.1717],[7.6621,50.1734],[7.6482,50.1775],[7.6435,50.201],[7.6198,50.2172],[7.6039,50.2327],[7.59,50.234],[7.5784,50.2412],[7.5882,50.2488],[7.6006,50.2502],[7.6383,50.2463],[7.6279,50.2517],[7.6133,50.2606],[7.5695,50.2584]]]},"properties":{"AGS":"07140501","GEN":"Boppard","SN_L":"07"}},
{"type":"Feature","geometry":{"type":"Polygon","coordinates":[[[7.4855,50.0457],[7.4591,50.0422],[7.431,50.0224],[7.4372,50.0185],[7.4632,50.0222],[7.4689,50.0172],[7.4809,50.0216],[7.4889,50.032],[7.4897,50.034],[7.4855,50.0457]]]},"properties":{"AGS":"07140001","GEN":"Alterkülz","SN_L":"07"}},
{"type":"Feature","geometry":{"type":"Polygon","coordinates":[[[7.4255,50.0703],[7.4101,50.0699],[7.4043,50.0615],[7.3773,50.0641],[7.3762,50.0538],[7.3572,50.0448],[7.3495,50.0239],[7.389,50.0175],[7.3947,50.0208],[7.4266,50.0224],[7.4271,50.0387],[7.4193,50.0432],[7.4427,50.0559],[7.4248,50.0579],[7.4255,50.0703]]]},"properties":{"AGS":"07140009","GEN":"Bell (Hunsrück)","SN_L":"07"}},
{"type":"Feature","geometry":{"type":"Polygon","coordinates":[[[7.4978,50.1362],[7.467,50.1349],[7.4564,50.1383],[7.4515,50.1382],[7.4452,50.1203],[7.4252,50.1189],[7.4225,50.1009],[7.4467,50.0938],[7.4686,50.0893],[7.4715,50.0942],[7.4963,50.1006],[7.5066,50.0974],[7.5244,50.1018],[7.5157,50.1104],[7.5154,50.1221],[7.4978,50.1362]]]},"properties":{"AGS":"07140010","GEN":"Beltheim","SN_L":"07"}},
{"type":"Feature","geometry":{"type":"Polygon","coordinates":[[[7.5436,50.0967],[7.5244,50.1018],[7.5066,50.0974],[7.5102,50.0698],[7.5364,50.0732],[7.5294,50.084],[7.5479,50.0837],[7.5436,50.0967]]]},"properties":{"AGS":"07140018","GEN":"Braunshorn","SN_L":"07"}},
{"type":"Feature","geometry":{"type":"Polygon","coordinates":[[[7.4035,50.1005],[7.3879,50.1013],[7.3784,50.1009],[7.3552,50.0815],[7.3773,50.0641],[7.4043,50.0615],[7.4101,50.0699],[7.4255,50.0703],[7.4312,50.0769],[7.4045,50.0868],[7.4065,50.0977],[7.4035,50.1005]]]},"properties":{"AGS":"07140021","GEN":"Buch","SN_L":"07"}},
{"type":"Feature","geometry":{"type":"Polygon","coordinates":[[[7.5102,50.0698],[7.5066,50.0974],[7.4963,50.1006],[7.4715,50.0942],[7.4686,50.0893],[7.4759,50.0808],[7.5037,50.0674],[7.5102,50.0698]]]},"properties":{"AGS":"07140042","GEN":"Gödenroth","SN_L":"07"}},
{"type":"Feature","geometry":{"type":"Polygon","coordinates":[[[7.4591,50.0422],[7.4492,50.0536],[7.4427,50.0559],[7.4193,50.0432],[7.4271,50.0387],[7.4266,50.0224],[7.431,50.0224],[7.4591,50.0422]]]},"properties":{"AGS":"07140046","GEN":"Hasselbach","SN_L":"07"}},
{"type":"Feature","geometry":{"type":"Polygon","coordinates":[[[7.4759,50.0808],[7.4738,50.0653],[7.4998,50.0662],[7.5037,50.0674],[7.4759,50.0808]]]},"properties":{"AGS":"07140055","GEN":"Hollnich","SN_L":"07"}},
{"type":"Feature","geometry":{"type":"Polygon","coordinates":[[[7.4461,50.085],[7.4312,50.0769],[7.4255,50.0703],[7.4248,50.0579],[7.4427,50.0559],[7.4492,50.0536],[7.4781,50.0543],[7.4815,50.0587],[7.4998,50.0662],[7.4738,50.0653],[7.4621,50.0723],[7.457,50.0828],[7.4461,50.085]]]},"properties":{"AGS":"07140064","GEN":"Kastellaun","SN_L":"07"}},
{"type":"Feature","geometry":{"type":"Polygon","coordinates":[[[7.4225,50.1009],[7.4252,50.1189],[7.4089,50.1124],[7.4035,50.1005],[7.4065,50.0977],[7.4225,50.1009]]]},"properties":{"AGS":"07140073","GEN":"Korweiler","SN_L":"07"}},
{"type":"Feature","geometry":{"type":"Polygon","coordinates":[[[7.4689,50.0172],[7.4632,50.0222],[7.4372,50.0185],[7.4432,50.014],[7.4506,50.0128],[7.4568,50.0118],[7.4765,50.01],[7.4689,50.0172]]]},"properties":{"AGS":"07140095","GEN":"Michelbach","SN_L":"07"}},
{"type":"Feature","geometry":{"type":"Polygon","coordinates":[[[7.4686,50.0893],[7.4467,50.0938],[7.4461,50.085],[7.457,50.0828],[7.4621,50.0723],[7.4738,50.0653],[7.4759,50.0808],[7.4686,50.0893]]]},"properties":{"AGS":"07140131","GEN":"Roth","SN_L":"07"}},
{"type":"Feature","geometry":{"type":"Polygon","coordinates":[[[7.4855,50.0457],[7.4815,50.0587],[7.4781,50.0543],[7.4492,50.0536],[7.4591,50.0422],[7.4855,50.0457]]]},"properties":{"AGS":"07140147","GEN":"Spesenroth","SN_L":"07"}},
{"type":"Feature","geometry":{"type":"Polygon","coordinates":[[[7.4467,50.0938],[7.4225,50.1009],[7.4065,50.0977],[7.4045,50.0868],[7.4312,50.0769],[7.4461,50.085],[7.4467,50.0938]]]},"properties":{"AGS":"07140153","GEN":"Uhler","SN_L":"07"}},
{"type":"Feature","geometry":{"type":"Polygon","coordinates":[[[7.4515,50.1382],[7.4271,50.1617],[7.4268,50.1753],[7.4091,50.1627],[7.3819,50.1608],[7.3642,50.147],[7.3687,50.1407],[7.376,50.1338],[7.3955,50.1249],[7.4044,50.1129],[7.3879,50.1013],[7.4035,50.1005],[7.4089,50.1124],[7.4252,50.1189],[7.4452,50.1203],[7.4515,50.1382]]]},"properties":{"AGS":"07140202","GEN":"Dommershausen","SN_L":"07"}},
{"type":"Feature","geometry":{"type":"Polygon","coordinates":[[[7.3552,50.0815],[7.3457,50.083],[7.3407,50.0632],[7.3182,50.0682],[7.3147,50.0659],[7.3181,50.0635],[7.331,50.052],[7.3321,50.0505],[7.3467,50.0261],[7.3495,50.0239],[7.3572,50.0448],[7.3762,50.0538],[7.3773,50.0641],[7.3552,50.0815]]]},"properties":{"AGS":"07140204","GEN":"Mastershausen","SN_L":"07"}},
{"type":"Feature","geometry":{"type":"Polygon","coordinates":[[[7.3691,50.1288],[7.3579,50.1328],[7.3438,50.1264],[7.3446,50.1184],[7.366,50.112],[7.3759,50.1242],[7.3691,50.1288]]]},"properties":{"AGS":"07140502","GEN":"Lahr","SN_L":"07"}},
{"type":"Feature","geometry":{"type":"Polygon","coordinates":[[[7.3438,50.1264],[7.3287,50.1252],[7.3142,50.1343],[7.2933,50.119],[7.3088,50.1035],[7.3211,50.0967],[7.3394,50.0918],[7.3457,50.083],[7.3552,50.0815],[7.3784,50.1009],[7.366,50.112],[7.3446,50.1184],[7.3438,50.1264]]]},"properties":{"AGS":"07140503","GEN":"Mörsdorf","SN_L":"07"}},
{"type":"Feature","geometry":{"type":"Polygon","coordinates":[[[7.3879,50.1013],[7.4044,50.1129],[7.3955,50.1249],[7.376,50.1338],[7.3691,50.1288],[7.3759,50.1242],[7.366,50.112],[7.3784,50.1009],[7.3879,50.1013]]]},"properties":{"AGS":"07140504","GEN":"Zilshausen","SN_L":"07"}},
{"type":"Feature","geometry":{"type":"Polygon","coordinates":[[[7.3126,49.9547],[7.3115,49.9623],[7.2873,49.9625],[7.2708,49.9516],[7.2922,49.9433],[7.3107,49.9429],[7.3126,49.9547]]]},"properties":{"AGS":"07140006","GEN":"Bärenbach","SN_L":"07"}},
{"type":"Feature","geometry":{"type":"Polygon","coordinates":[[[7.333,49.9764],[7.3172,49.9969],[7.3047,49.9931],[7.2863,49.9945],[7.287,49.9859],[7.3024,49.9847],[7.3148,49.9671],[7.333,49.9764]]]},"properties":{"AGS":"07140007","GEN":"Belg","SN_L":"07"}},
{"type":"Feature","geometry":{"type":"Polygon","coordinates":[[[7.2809,49.9311],[7.2709,49.928],[7.2498,49.935],[7.2389,49.9221],[7.259,49.9142],[7.2954,49.9189],[7.2809,49.9311]]]},"properties":{"AGS":"07140024","GEN":"Büchenbeuren","SN_L":"07"}},
{"type":"Feature","geometry":{"type":"Polygon","coordinates":[[[7.4495,49.9036],[7.4265,49.9175],[7.4147,49.9167],[7.408,49.9041],[7.3987,49.8886],[7.4217,49.8944],[7.44,49.8955],[7.4495,49.9036]]]},"properties":{"AGS":"07140028","GEN":"Dickenschied","SN_L":"07"}},
{"type":"Feature","geometry":{"type":"Polygon","coordinates":[[[7.3665,49.9123],[7.353,49.9277],[7.3423,49.9261],[7.316,49.9131],[7.3132,49.9121],[7.3085,49.9096],[7.3303,49.9017],[7.3544,49.9119],[7.3665,49.9123]]]},"properties":{"AGS":"07140029","GEN":"Dill","SN_L":"07"}},
{"type":"Feature","geometry":{"type":"Polygon","coordinates":[[[7.4008,49.9269],[7.3754,49.9387],[7.3485,49.9345],[7.353,49.9277],[7.3665,49.9123],[7.3806,49.9137],[7.4008,49.9269]]]},"properties":{"AGS":"07140030","GEN":"Dillendorf","SN_L":"07"}},
{"type":"Feature","geometry":{"type":"Polygon","coordinates":[[[7.4999,49.8808],[7.4853,49.8888],[7.4726,49.8865],[7.4508,49.8899],[7.4505,49.8882],[7.4637,49.8793],[7.4684,49.8666],[7.4999,49.8808]]]},"properties":{"AGS":"07140040","GEN":"Gehlweiler","SN_L":"07"}},
{"type":"Feature","geometry":{"type":"Polygon","coordinates":[[[7.4763,49.9129],[7.4495,49.9036],[7.44,49.8955],[7.4508,49.8899],[7.4726,49.8865],[7.4853,49.8888],[7.4999,49.8808],[7.5224,49.8913],[7.497,49.9012],[7.4833,49.9116],[7.4763,49.9129]]]},"properties":{"AGS":"07140041","GEN":"Gemünden","SN_L":"07"}},
{"type":"Feature","geometry":{"type":"Polygon","coordinates":[[[7.2838,49.9703],[7.2605,49.9763],[7.2532,49.9618],[7.2432,49.9594],[7.259,49.9463],[7.2708,49.9516],[7.2873,49.9625],[7.2838,49.9703]]]},"properties":{"AGS":"07140044","GEN":"Hahn","SN_L":"07"}},
{"type":"Feature","geometry":{"type":"Polygon","coordinates":[[[7.4254,49.9191],[7.415,49.9181],[7.4008,49.9269],[7.3806,49.9137],[7.3758,49.9019],[7.3916,49.9093],[7.408,49.9041],[7.4147,49.9167],[7.4265,49.9175],[7.4254,49.9191]]]},"properties":{"AGS":"07140048","GEN":"Hecken","SN_L":"07"}},
{"type":"Feature","geometry":{"type":"Polygon","coordinates":[[[7.4224,49.9857],[7.4206,49.9861],[7.3955,49.9728],[7.3856,49.9784],[7.3905,49.972],[7.4186,49.9675],[7.4304,49.9817],[7.4224,49.9857]]]},"properties":{"AGS":"07140049","GEN":"Heinzenbach","SN_L":"07"}},
{"type":"Feature","geometry":{"type":"Polygon","coordinates":[[[7.5397,49.8905],[7.5224,49.8913],[7.4999,49.8808],[7.4684,49.8666],[7.4942,49.86],[7.497,49.8611],[7.5397,49.8905]]]},"properties":{"AGS":"07140050","GEN":"Henau","SN_L":"07"}},
{"type":"Feature","geometry":{"type":"Polygon","coordinates":[[[7.2516,49.8937],[7.2535,49.9007],[7.2238,49.9118],[7.2195,49.9064],[7.2118,49.9001],[7.2209,49.8872],[7.2225,49.885],[7.2516,49.8937]]]},"properties":{"AGS":"07140053","GEN":"Hirschfeld (Hunsrück)","SN_L":"07"}},
{"type":"Feature","geometry":{"type":"Polygon","coordinates":[[[7.389,50.0175],[7.3495,50.0239],[7.3551,50.015],[7.3342,50.004],[7.3338,49.9884],[7.3425,49.9761],[7.3443,49.9757],[7.3502,49.9861],[7.3645,49.9917],[7.3854,49.9899],[7.3888,50.007],[7.3822,50.0127],[7.389,50.0175]]]},"properties":{"AGS":"07140062","GEN":"Kappel","SN_L":"07"}},
{"type":"Feature","geometry":{"type":"Polygon","coordinates":[[[7.4186,49.9675],[7.3905,49.972],[7.3856,49.9784],[7.3852,49.9815],[7.3762,49.9769],[7.3749,49.964],[7.3754,49.9576],[7.3811,49.9456],[7.3754,49.9387],[7.4008,49.9269],[7.415,49.9181],[7.4254,49.9191],[7.4268,49.9269],[7.4305,49.944],[7.4323,49.949],[7.4543,49.9558],[7.4236,49.9569],[7.4186,49.9675]]]},"properties":{"AGS":"07140067","GEN":"Kirchberg (Hunsrück)","SN_L":"07"}},
{"type":"Feature","geometry":{"type":"Polygon","coordinates":[[[7.3854,49.9899],[7.3645,49.9917],[7.3502,49.9861],[7.3627,49.9805],[7.3762,49.9769],[7.3852,49.9815],[7.3854,49.9899]]]},"properties":{"AGS":"07140071","GEN":"Kludenbach","SN_L":"07"}},
{"type":"Feature","geometry":{"type":"Polygon","coordinates":[[[7.3063,49.8826],[7.3235,49.8993],[7.331,49.9005],[7.3303,49.9017],[7.3085,49.9096],[7.2809,49.8995],[7.2905,49.8798],[7.3063,49.8826]]]},"properties":{"AGS":"07140081","GEN":"Laufersweiler","SN_L":"07"}},
{"type":"Feature","geometry":{"type":"Polygon","coordinates":[[[7.2809,49.9311],[7.2922,49.9433],[7.2708,49.9516],[7.259,49.9463],[7.2541,49.9412],[7.2498,49.935],[7.2709,49.928],[7.2809,49.9311]]]},"properties":{"AGS":"07140082","GEN":"Lautzenhausen","SN_L":"07"}},
{"type":"Feature","geometry":{"type":"Polygon","coordinates":[[[7.408,49.9041],[7.3916,49.9093],[7.3758,49.9019],[7.3743,49.8995],[7.379,49.8961],[7.3926,49.886],[7.3988,49.8872],[7.3987,49.8886],[7.408,49.9041]]]},"properties":{"AGS":"07140086","GEN":"Lindenschied","SN_L":"07"}},
{"type":"Feature","geometry":{"type":"Polygon","coordinates":[[[7.4305,49.944],[7.4268,49.9269],[7.4593,49.9335],[7.4574,49.9361],[7.4305,49.944]]]},"properties":{"AGS":"07140090","GEN":"Maitzborn","SN_L":"07"}},
{"type":"Feature","geometry":{"type":"Polygon","coordinates":[[[7.3762,49.9769],[7.3627,49.9805],[7.3474,49.9704],[7.3406,49.9675],[7.3599,49.9613],[7.3749,49.964],[7.3762,49.9769]]]},"properties":{"AGS":"07140094","GEN":"Metzenhausen","SN_L":"07"}},
{"type":"Feature","geometry":{"type":"Polygon","coordinates":[[[7.3754,49.9387],[7.3811,49.9456],[7.3754,49.9576],[7.3559,49.9474],[7.3328,49.9414],[7.334,49.9408],[7.3485,49.9345],[7.3754,49.9387]]]},"properties":{"AGS":"07140105","GEN":"Nieder Kostenz","SN_L":"07"}},
{"type":"Feature","geometry":{"type":"Polygon","coordinates":[[[7.3485,49.9345],[7.334,49.9408],[7.3155,49.9199],[7.316,49.9131],[7.3423,49.9261],[7.353,49.9277],[7.3485,49.9345]]]},"properties":{"AGS":"07140107","GEN":"Niedersohren","SN_L":"07"}},
{"type":"Feature","geometry":{"type":"Polygon","coordinates":[[[7.3132,49.9121],[7.2954,49.9189],[7.259,49.9142],[7.2718,49.896],[7.2809,49.8995],[7.3085,49.9096],[7.3132,49.9121]]]},"properties":{"AGS":"07140109","GEN":"Niederweiler","SN_L":"07"}},
{"type":"Feature","geometry":{"type":"Polygon","coordinates":[[[7.3749,49.964],[7.3599,49.9613],[7.3406,49.9675],[7.3314,49.9541],[7.3328,49.9414],[7.3559,49.9474],[7.3754,49.9576],[7.3749,49.964]]]},"properties":{"AGS":"07140111","GEN":"Ober Kostenz","SN_L":"07"}},
{"type":"Feature","geometry":{"type":"Polygon","coordinates":[[[7.2432,49.9594],[7.2156,49.9673],[7.2027,49.9663],[7.2143,49.9567],[7.2216,49.9485],[7.2541,49.9412],[7.259,49.9463],[7.2432,49.9594]]]},"properties":{"AGS":"07140120","GEN":"Raversbeuren","SN_L":"07"}},
{"type":"Feature","geometry":{"type":"Polygon","coordinates":[[[7.4095,50.0056],[7.4073,50.0194],[7.3822,50.0127],[7.3888,50.007],[7.3854,49.9899],[7.3852,49.9815],[7.3856,49.9784],[7.3955,49.9728],[7.4206,49.9861],[7.4079,49.9973],[7.4095,50.0056]]]},"properties":{"AGS":"07140122","GEN":"Reckershausen","SN_L":"07"}},
{"type":"Feature","geometry":{"type":"Polygon","coordinates":[[[7.3425,49.9761],[7.3338,49.9884],[7.3342,50.004],[7.3172,49.9969],[7.333,49.9764],[7.3425,49.9761]]]},"properties":{"AGS":"07140128","GEN":"Rödelhausen","SN_L":"07"}},
{"type":"Feature","geometry":{"type":"Polygon","coordinates":[[[7.4574,49.9361],[7.4628,49.941],[7.4563,49.9468],[7.4554,49.9561],[7.4543,49.9558],[7.4323,49.949],[7.4305,49.944],[7.4574,49.9361]]]},"properties":{"AGS":"07140129","GEN":"Rödern","SN_L":"07"}},
{"type":"Feature","geometry":{"type":"Polygon","coordinates":[[[7.4508,49.8899],[7.44,49.8955],[7.4217,49.8944],[7.3987,49.8886],[7.3988,49.8872],[7.4201,49.8777],[7.4505,49.8882],[7.4508,49.8899]]]},"properties":{"AGS":"07140130","GEN":"Rohrbach","SN_L":"07"}},
{"type":"Feature","geometry":{"type":"Polygon","coordinates":[[[7.4684,49.8666],[7.4637,49.8793],[7.4505,49.8882],[7.4201,49.8777],[7.4318,49.8645],[7.4372,49.8512],[7.432,49.8452],[7.4473,49.8528],[7.4642,49.8627],[7.4684,49.8666]]]},"properties":{"AGS":"07140135","GEN":"Schlierschied","SN_L":"07"}},
{"type":"Feature","geometry":{"type":"Polygon","coordinates":[[[7.3425,49.9761],[7.333,49.9764],[7.3148,49.9671],[7.3115,49.9623],[7.3126,49.9547],[7.3314,49.9541],[7.3406,49.9675],[7.3474,49.9704],[7.3443,49.9757],[7.3425,49.9761]]]},"properties":{"AGS":"07140141","GEN":"Schwarzen","SN_L":"07"}},
{"type":"Feature","geometry":{"type":"Polygon","coordinates":[[[7.3328,49.9414],[7.3314,49.9541],[7.3126,49.9547],[7.3107,49.9429],[7.2922,49.9433],[7.2809,49.9311],[7.2954,49.9189],[7.3132,49.9121],[7.316,49.9131],[7.3155,49.9199],[7.334,49.9408],[7.3328,49.9414]]]},"properties":{"AGS":"07140145","GEN":"Sohren","SN_L":"07"}},
{"type":"Feature","geometry":{"type":"Polygon","coordinates":[[[7.3806,49.9137],[7.3665,49.9123],[7.3544,49.9119],[7.3303,49.9017],[7.331,49.9005],[7.3378,49.8957],[7.3743,49.8995],[7.3758,49.9019],[7.3806,49.9137]]]},"properties":{"AGS":"07140146","GEN":"Sohrschied","SN_L":"07"}},
{"type":"Feature","geometry":{"type":"Polygon","coordinates":[[[7.3502,49.9861],[7.3443,49.9757],[7.3474,49.9704],[7.3627,49.9805],[7.3502,49.9861]]]},"properties":{"AGS":"07140151","GEN":"Todenroth","SN_L":"07"}},
{"type":"Feature","geometry":{"type":"Polygon","coordinates":[[[7.4505,49.9826],[7.4471,49.985],[7.4304,49.9817],[7.4186,49.9675],[7.4236,49.9569],[7.4543,49.9558],[7.4554,49.9561],[7.4505,49.9826]]]},"properties":{"AGS":"07140154","GEN":"Unzenberg","SN_L":"07"}},
{"type":"Feature","geometry":{"type":"Polygon","coordinates":[[[7.259,49.9142],[7.2389,49.9221],[7.2239,49.9138],[7.2238,49.9118],[7.2535,49.9007],[7.2516,49.8937],[7.2569,49.8917],[7.2718,49.896],[7.259,49.9142]]]},"properties":{"AGS":"07140159","GEN":"Wahlenau","SN_L":"07"}},
{"type":"Feature","geometry":{"type":"Polygon","coordinates":[[[7.4763,49.9129],[7.4814,49.9185],[7.4714,49.9298],[7.4593,49.9335],[7.4268,49.9269],[7.4254,49.9191],[7.4265,49.9175],[7.4495,49.9036],[7.4763,49.9129]]]},"properties":{"AGS":"07140163","GEN":"Womrath","SN_L":"07"}},
{"type":"Feature","geometry":{"type":"Polygon","coordinates":[[[7.4201,49.8777],[7.3988,49.8872],[7.3926,49.886],[7.3955,49.8837],[7.3948,49.8609],[7.3864,49.8611],[7.3987,49.8561],[7.4256,49.8508],[7.4197,49.8446],[7.4244,49.8405],[7.432,49.8452],[7.4372,49.8512],[7.4318,49.8645],[7.4201,49.8777]]]},"properties":{"AGS":"07140164","GEN":"Woppenroth","SN_L":"07"}},
{"type":"Feature","geometry":{"type":"Polygon","coordinates":[[[7.3148,49.9671],[7.3024,49.9847],[7.287,49.9859],[7.2838,49.9703],[7.2873,49.9625],[7.3115,49.9623],[7.3148,49.9671]]]},"properties":{"AGS":"07140165","GEN":"Würrich","SN_L":"07"}},
{"type":"Feature","geometry":{"type":"Polygon","coordinates":[[[7.5811,50.0109],[7.5534,50.0041],[7.5524,49.9903],[7.5757,49.9884],[7.5832,49.9933],[7.5811,50.0109]]]},"properties":{"AGS":"07140002","GEN":"Altweidelbach","SN_L":"07"}},
{"type":"Feature","geometry":{"type":"Polygon","coordinates":[[[7.6586,49.9535],[7.6462,49.9638],[7.6369,49.981],[7.6241,49.9793],[7.6199,49.9899],[7.5989,49.989],[7.5813,49.9807],[7.5646,49.9708],[7.5635,49.9667],[7.5886,49.9546],[7.6,49.9373],[7.6185,49.9264],[7.6315,49.9353],[7.6509,49.9286],[7.6608,49.943],[7.6586,49.9535]]]},"properties":{"AGS":"07140003","GEN":"Argenthal","SN_L":"07"}},
{"type":"Feature","geometry":{"type":"Polygon","coordinates":[[[7.5144,49.9495],[7.4951,49.9562],[7.4877,49.9515],[7.4804,49.9431],[7.5,49.9369],[7.5151,49.9438],[7.5144,49.9495]]]},"properties":{"AGS":"07140008","GEN":"Belgweiler","SN_L":"07"}},
{"type":"Feature","geometry":{"type":"Polygon","coordinates":[[[7.6223,50.0266],[7.6102,50.0369],[7.5984,50.0353],[7.5942,50.0175],[7.603,50.0134],[7.6223,50.0266]]]},"properties":{"AGS":"07140011","GEN":"Benzweiler","SN_L":"07"}},
{"type":"Feature","geometry":{"type":"Polygon","coordinates":[[[7.5833,50.0332],[7.5715,50.0294],[7.5491,50.0302],[7.5413,50.0353],[7.5496,50.0276],[7.573,50.0191],[7.5824,50.0207],[7.5833,50.0332]]]},"properties":{"AGS":"07140012","GEN":"Bergenhausen","SN_L":"07"}},
{"type":"Feature","geometry":{"type":"Polygon","coordinates":[[[7.4547,50.0089],[7.4568,50.0118],[7.4506,50.0128],[7.4417,49.9996],[7.4249,49.9925],[7.4224,49.9857],[7.4304,49.9817],[7.4471,49.985],[7.4573,49.9961],[7.4547,50.0089]]]},"properties":{"AGS":"07140015","GEN":"Biebern","SN_L":"07"}},
{"type":"Feature","geometry":{"type":"Polygon","coordinates":[[[7.5479,50.0837],[7.5294,50.084],[7.5364,50.0732],[7.5398,50.0619],[7.5665,50.0592],[7.5791,50.0743],[7.568,50.0869],[7.5479,50.0837]]]},"properties":{"AGS":"07140020","GEN":"Bubach","SN_L":"07"}},
{"type":"Feature","geometry":{"type":"Polygon","coordinates":[[[7.585,50.035],[7.5764,50.0509],[7.5711,50.0515],[7.563,50.0387],[7.5407,50.0362],[7.5413,50.0353],[7.5491,50.0302],[7.5715,50.0294],[7.5833,50.0332],[7.585,50.035]]]},"properties":{"AGS":"07140023","GEN":"Budenbach","SN_L":"07"}},
{"type":"Feature","geometry":{"type":"Polygon","coordinates":[[[7.6951,50.0214],[7.6934,50.0238],[7.6823,50.0199],[7.6795,50.0022],[7.6864,49.9961],[7.6873,50.001],[7.7193,49.997],[7.7346,49.9987],[7.7324,50.0048],[7.7297,50.0065],[7.7145,50.0101],[7.7026,50.0114],[7.6951,50.0214]]]},"properties":{"AGS":"07140027","GEN":"Dichtelbach","SN_L":"07"}},
{"type":"Feature","geometry":{"type":"Polygon","coordinates":[[[7.6702,49.9703],[7.6672,49.9855],[7.6559,49.9958],[7.6334,50.003],[7.625,49.9922],[7.6199,49.9899],[7.6241,49.9793],[7.6369,49.981],[7.6462,49.9638],[7.6586,49.9535],[7.6692,49.959],[7.6702,49.9703]]]},"properties":{"AGS":"07140035","GEN":"Ellern (Hunsrück)","SN_L":"07"}},
{"type":"Feature","geometry":{"type":"Polygon","coordinates":[[[7.6852,50.0315],[7.6648,50.0332],[7.6651,50.0319],[7.6823,50.0199],[7.6934,50.0238],[7.6852,50.0315]]]},"properties":{"AGS":"07140037","GEN":"Erbach","SN_L":"07"}},
{"type":"Feature","geometry":{"type":"Polygon","coordinates":[[[7.4785,49.9955],[7.4577,50.001],[7.4547,50.0089],[7.4573,49.9961],[7.4471,49.985],[7.4505,49.9826],[7.4817,49.988],[7.4785,49.9955]]]},"properties":{"AGS":"07140039","GEN":"Fronhofen","SN_L":"07"}},
{"type":"Feature","geometry":{"type":"Polygon","coordinates":[[[7.5503,49.9473],[7.5392,49.9675],[7.5182,49.9647],[7.5144,49.9495],[7.5151,49.9438],[7.5254,49.9384],[7.5503,49.9473]]]},"properties":{"AGS":"07140056","GEN":"Holzbach","SN_L":"07"}},
{"type":"Feature","geometry":{"type":"Polygon","coordinates":[[[7.5665,50.0592],[7.5398,50.0619],[7.5259,50.0498],[7.5407,50.0362],[7.563,50.0387],[7.5711,50.0515],[7.5665,50.0592]]]},"properties":{"AGS":"07140058","GEN":"Horn","SN_L":"07"}},
{"type":"Feature","geometry":{"type":"Polygon","coordinates":[[[7.5013,49.9972],[7.4785,49.9955],[7.4817,49.988],[7.4844,49.9802],[7.5012,49.9802],[7.5039,49.9841],[7.5013,49.9972]]]},"properties":{"AGS":"07140065","GEN":"Keidelheim","SN_L":"07"}},
{"type":"Feature","geometry":{"type":"Polygon","coordinates":[[[7.6337,50.0643],[7.6176,50.0716],[7.5952,50.0673],[7.5856,50.0609],[7.589,50.0483],[7.6098,50.0373],[7.6383,50.0484],[7.6337,50.0643]]]},"properties":{"AGS":"07140068","GEN":"Kisselbach","SN_L":"07"}},
{"type":"Feature","geometry":{"type":"Polygon","coordinates":[[[7.5407,50.0362],[7.5259,50.0498],[7.5124,50.0402],[7.4897,50.034],[7.4889,50.032],[7.5021,50.0307],[7.5194,50.0215],[7.5453,50.0212],[7.5496,50.0276],[7.5413,50.0353],[7.5407,50.0362]]]},"properties":{"AGS":"07140070","GEN":"Klosterkumbd","SN_L":"07"}},
{"type":"Feature","geometry":{"type":"Polygon","coordinates":[[[7.5182,50.0193],[7.4956,50.0091],[7.4765,50.01],[7.4568,50.0118],[7.4547,50.0089],[7.4577,50.001],[7.4785,49.9955],[7.5013,49.9972],[7.5281,50.0087],[7.5182,50.0193]]]},"properties":{"AGS":"07140076","GEN":"Külz (Hunsrück)","SN_L":"07"}},
{"type":"Feature","geometry":{"type":"Polygon","coordinates":[[[7.5347,50.0056],[7.5281,50.0087],[7.5013,49.9972],[7.5039,49.9841],[7.5295,49.9976],[7.5347,50.0056]]]},"properties":{"AGS":"07140077","GEN":"Kümbdchen","SN_L":"07"}},
{"type":"Feature","geometry":{"type":"Polygon","coordinates":[[[7.5398,50.0619],[7.5364,50.0732],[7.5102,50.0698],[7.5037,50.0674],[7.4998,50.0662],[7.4815,50.0587],[7.4855,50.0457],[7.4897,50.034],[7.5124,50.0402],[7.5259,50.0498],[7.5398,50.0619]]]},"properties":{"AGS":"07140079","GEN":"Laubach","SN_L":"07"}},
{"type":"Feature","geometry":{"type":"Polygon","coordinates":[[[7.6648,50.0332],[7.6383,50.0484],[7.6098,50.0373],[7.6102,50.0369],[7.6223,50.0266],[7.6392,50.0248],[7.6651,50.0319],[7.6648,50.0332]]]},"properties":{"AGS":"07140085","GEN":"Liebshausen","SN_L":"07"}},
{"type":"Feature","geometry":{"type":"Polygon","coordinates":[[[7.5139,49.9231],[7.5095,49.9236],[7.4833,49.9116],[7.497,49.9012],[7.5224,49.8913],[7.5397,49.8905],[7.5426,49.8921],[7.5442,49.8959],[7.5339,49.9073],[7.5388,49.9158],[7.5139,49.9231]]]},"properties":{"AGS":"07140092","GEN":"Mengerschied","SN_L":"07"}},
{"type":"Feature","geometry":{"type":"Polygon","coordinates":[[[7.625,49.9922],[7.6334,50.003],[7.6392,50.0248],[7.6223,50.0266],[7.603,50.0134],[7.6107,50.001],[7.625,49.9922]]]},"properties":{"AGS":"07140096","GEN":"Mörschbach","SN_L":"07"}},
{"type":"Feature","geometry":{"type":"Polygon","coordinates":[[[7.5757,49.9884],[7.5524,49.9903],[7.5559,49.9753],[7.5646,49.9708],[7.5813,49.9807],[7.5757,49.9884]]]},"properties":{"AGS":"07140099","GEN":"Mutterschied","SN_L":"07"}},
{"type":"Feature","geometry":{"type":"Polygon","coordinates":[[[7.5012,49.9802],[7.4844,49.9802],[7.4817,49.988],[7.4505,49.9826],[7.4554,49.9561],[7.4733,49.9655],[7.501,49.9745],[7.5012,49.9802]]]},"properties":{"AGS":"07140100","GEN":"Nannhausen","SN_L":"07"}},
{"type":"Feature","geometry":{"type":"Polygon","coordinates":[[[7.5194,50.0215],[7.5021,50.0307],[7.4889,50.032],[7.4809,50.0216],[7.4689,50.0172],[7.4765,50.01],[7.4956,50.0091],[7.5182,50.0193],[7.5194,50.0215]]]},"properties":{"AGS":"07140101","GEN":"Neuerkirch","SN_L":"07"}},
{"type":"Feature","geometry":{"type":"Polygon","coordinates":[[[7.5453,50.0212],[7.5194,50.0215],[7.5182,50.0193],[7.5281,50.0087],[7.5347,50.0056],[7.5427,50.0114],[7.5453,50.0212]]]},"properties":{"AGS":"07140106","GEN":"Niederkumbd","SN_L":"07"}},
{"type":"Feature","geometry":{"type":"Polygon","coordinates":[[[7.501,49.9745],[7.4733,49.9655],[7.4869,49.9659],[7.4951,49.9562],[7.5144,49.9495],[7.5182,49.9647],[7.501,49.9745]]]},"properties":{"AGS":"07140113","GEN":"Ohlweiler","SN_L":"07"}},
{"type":"Feature","geometry":{"type":"Polygon","coordinates":[[[7.4877,49.9515],[7.4563,49.9468],[7.4628,49.941],[7.4804,49.9431],[7.4877,49.9515]]]},"properties":{"AGS":"07140115","GEN":"Oppertshausen","SN_L":"07"}},
{"type":"Feature","geometry":{"type":"Polygon","coordinates":[[[7.5811,50.0109],[7.5804,50.0146],[7.573,50.0191],[7.5496,50.0276],[7.5453,50.0212],[7.5427,50.0114],[7.5534,50.0041],[7.5811,50.0109]]]},"properties":{"AGS":"07140118","GEN":"Pleizenhausen","SN_L":"07"}},
{"type":"Feature","geometry":{"type":"Polygon","coordinates":[[[7.4804,49.9431],[7.4628,49.941],[7.4574,49.9361],[7.4593,49.9335],[7.4714,49.9298],[7.4814,49.9185],[7.4763,49.9129],[7.4833,49.9116],[7.5095,49.9236],[7.5,49.9369],[7.4804,49.9431]]]},"properties":{"AGS":"07140119","GEN":"Ravengiersburg","SN_L":"07"}},
{"type":"Feature","geometry":{"type":"Polygon","coordinates":[[[7.585,50.035],[7.5833,50.0332],[7.5824,50.0207],[7.573,50.0191],[7.5804,50.0146],[7.5942,50.0175],[7.5984,50.0353],[7.585,50.035]]]},"properties":{"AGS":"07140121","GEN":"Rayerschied","SN_L":"07"}},
{"type":"Feature","geometry":{"type":"Polygon","coordinates":[[[7.4432,50.014],[7.4095,50.0056],[7.4079,49.9973],[7.4206,49.9861],[7.4224,49.9857],[7.4249,49.9925],[7.4417,49.9996],[7.4506,50.0128],[7.4432,50.014]]]},"properties":{"AGS":"07140123","GEN":"Reich","SN_L":"07"}},
{"type":"Feature","geometry":{"type":"Polygon","coordinates":[[[7.6823,50.0199],[7.6651,50.0319],[7.6392,50.0248],[7.6334,50.003],[7.6559,49.9958],[7.6672,49.9855],[7.6702,49.9703],[7.6822,49.977],[7.7071,49.9797],[7.6864,49.9961],[7.6795,50.0022],[7.6823,50.0199]]]},"properties":{"AGS":"07140125","GEN":"Rheinböllen","SN_L":"07"}},
{"type":"Feature","geometry":{"type":"Polygon","coordinates":[[[7.5952,50.0673],[7.5849,50.0752],[7.5791,50.0743],[7.5665,50.0592],[7.5711,50.0515],[7.5764,50.0509],[7.589,50.0483],[7.5856,50.0609],[7.5952,50.0673]]]},"properties":{"AGS":"07140126","GEN":"Riegenroth","SN_L":"07"}},
{"type":"Feature","geometry":{"type":"Polygon","coordinates":[[[7.5635,49.9667],[7.5498,49.9724],[7.5392,49.9675],[7.5503,49.9473],[7.5655,49.9377],[7.5532,49.9319],[7.5607,49.9231],[7.5868,49.9126],[7.6185,49.9264],[7.6,49.9373],[7.5886,49.9546],[7.5635,49.9667]]]},"properties":{"AGS":"07140127","GEN":"Riesweiler","SN_L":"07"}},
{"type":"Feature","geometry":{"type":"Polygon","coordinates":[[[7.5254,49.9384],[7.5151,49.9438],[7.5,49.9369],[7.5095,49.9236],[7.5139,49.9231],[7.5388,49.9158],[7.5339,49.9073],[7.5442,49.8959],[7.5737,49.9002],[7.5822,49.9084],[7.5868,49.9126],[7.5607,49.9231],[7.5335,49.9268],[7.5254,49.9384]]]},"properties":{"AGS":"07140134","GEN":"Sargenroth","SN_L":"07"}},
{"type":"Feature","geometry":{"type":"Polygon","coordinates":[[[7.6107,50.001],[7.5832,49.9933],[7.5757,49.9884],[7.5813,49.9807],[7.5989,49.989],[7.6199,49.9899],[7.625,49.9922],[7.6107,50.001]]]},"properties":{"AGS":"07140138","GEN":"Schnorbach","SN_L":"07"}},
{"type":"Feature","geometry":{"type":"Polygon","coordinates":[[[7.4951,49.9562],[7.4869,49.9659],[7.4733,49.9655],[7.4554,49.9561],[7.4563,49.9468],[7.4877,49.9515],[7.4951,49.9562]]]},"properties":{"AGS":"07140139","GEN":"Schönborn","SN_L":"07"}},
{"type":"Feature","geometry":{"type":"Polygon","coordinates":[[[7.5534,50.0041],[7.5427,50.0114],[7.5347,50.0056],[7.5295,49.9976],[7.5039,49.9841],[7.5012,49.9802],[7.501,49.9745],[7.5182,49.9647],[7.5392,49.9675],[7.5498,49.9724],[7.5635,49.9667],[7.5646,49.9708],[7.5559,49.9753],[7.5524,49.9903],[7.5534,50.0041]]]},"properties":{"AGS":"07140144","GEN":"Simmern/Hunsrück","SN_L":"07"}},
{"type":"Feature","geometry":{"type":"Polygon","coordinates":[[[7.589,50.0483],[7.5764,50.0509],[7.585,50.035],[7.5984,50.0353],[7.6102,50.0369],[7.6098,50.0373],[7.589,50.0483]]]},"properties":{"AGS":"07140148","GEN":"Steinbach","SN_L":"07"}},
{"type":"Feature","geometry":{"type":"Polygon","coordinates":[[[7.5607,49.9231],[7.5532,49.9319],[7.5655,49.9377],[7.5503,49.9473],[7.5254,49.9384],[7.5335,49.9268],[7.5607,49.9231]]]},"properties":{"AGS":"07140150","GEN":"Tiefenbach","SN_L":"07"}},
{"type":"Feature","geometry":{"type":"Polygon","coordinates":[[[7.603,50.0134],[7.5942,50.0175],[7.5804,50.0146],[7.5811,50.0109],[7.5832,49.9933],[7.6107,50.001],[7.603,50.0134]]]},"properties":{"AGS":"07140158","GEN":"Wahlbach","SN_L":"07"}},
{"type":"Feature","geometry":{"type":"Polygon","coordinates":[[[7.4372,50.0185],[7.431,50.0224],[7.4266,50.0224],[7.3947,50.0208],[7.389,50.0175],[7.3822,50.0127],[7.4073,50.0194],[7.4095,50.0056],[7.4432,50.014],[7.4372,50.0185]]]},"properties":{"AGS":"07140166","GEN":"Wüschheim","SN_L":"07"}},
{"type":"Feature","geometry":{"type":"Polygon","coordinates":[[[7.6415,50.126],[7.6048,50.126],[7.6007,50.125],[7.6004,50.1092],[7.6175,50.1208],[7.6386,50.1173],[7.6557,50.1197],[7.6415,50.126]]]},"properties":{"AGS":"07140005","GEN":"Badenhard","SN_L":"07"}},
{"type":"Feature","geometry":{"type":"Polygon","coordinates":[[[7.5073,50.1393],[7.4978,50.1362],[7.5154,50.1221],[7.5157,50.1104],[7.5244,50.1018],[7.5436,50.0967],[7.5434,50.1043],[7.5391,50.1099],[7.5288,50.1261],[7.5073,50.1393]]]},"properties":{"AGS":"07140014","GEN":"Bickenbach","SN_L":"07"}},
{"type":"Feature","geometry":{"type":"Polygon","coordinates":[[[7.6386,50.1173],[7.6175,50.1208],[7.6004,50.1092],[7.6006,50.1024],[7.6386,50.1173]]]},"properties":{"AGS":"07140016","GEN":"Birkheim","SN_L":"07"}},
{"type":"Feature","geometry":{"type":"Polygon","coordinates":[[[7.6972,50.1037],[7.6858,50.1138],[7.6529,50.1111],[7.6386,50.1173],[7.6006,50.1024],[7.5976,50.1009],[7.6069,50.0954],[7.6244,50.085],[7.6488,50.092],[7.6658,50.0832],[7.675,50.0931],[7.69,50.0933],[7.6972,50.1037]]]},"properties":{"AGS":"07140025","GEN":"Damscheid","SN_L":"07"}},
{"type":"Feature","geometry":{"type":"Polygon","coordinates":[[[7.5937,50.1528],[7.603,50.1641],[7.5897,50.1736],[7.5736,50.1666],[7.5653,50.1577],[7.5654,50.1533],[7.5813,50.1425],[7.5937,50.1528]]]},"properties":{"AGS":"07140031","GEN":"Dörth","SN_L":"07"}},
{"type":"Feature","geometry":{"type":"Polygon","coordinates":[[[7.5237,50.1726],[7.5097,50.1792],[7.5204,50.1663],[7.5158,50.1409],[7.5403,50.1406],[7.5514,50.15],[7.5647,50.1531],[7.5654,50.1533],[7.5653,50.1577],[7.5446,50.1624],[7.5237,50.1726]]]},"properties":{"AGS":"07140036","GEN":"Emmelshausen","SN_L":"07"}},
{"type":"Feature","geometry":{"type":"Polygon","coordinates":[[[7.5158,50.1409],[7.5204,50.1663],[7.5097,50.1792],[7.505,50.1788],[7.4939,50.1686],[7.4802,50.1657],[7.4564,50.1383],[7.467,50.1349],[7.4978,50.1362],[7.5073,50.1393],[7.5158,50.1409]]]},"properties":{"AGS":"07140043","GEN":"Gondershausen","SN_L":"07"}},
{"type":"Feature","geometry":{"type":"Polygon","coordinates":[[[7.5897,50.1736],[7.5951,50.1836],[7.5805,50.198],[7.5793,50.1912],[7.5612,50.179],[7.5497,50.1844],[7.5237,50.1726],[7.5446,50.1624],[7.5653,50.1577],[7.5736,50.1666],[7.5897,50.1736]]]},"properties":{"AGS":"07140045","GEN":"Halsenbach","SN_L":"07"}},
{"type":"Feature","geometry":{"type":"Polygon","coordinates":[[[7.5762,50.1004],[7.5613,50.1147],[7.5416,50.1207],[7.5391,50.1099],[7.5434,50.1043],[7.5521,50.0994],[7.5762,50.1004]]]},"properties":{"AGS":"07140047","GEN":"Hausbay","SN_L":"07"}},
{"type":"Feature","geometry":{"type":"Polygon","coordinates":[[[7.6384,50.14],[7.6586,50.1429],[7.6496,50.155],[7.6227,50.1487],[7.5937,50.1528],[7.5813,50.1425],[7.5949,50.1354],[7.6007,50.1362],[7.6058,50.1393],[7.6384,50.14]]]},"properties":{"AGS":"07140060","GEN":"Hungenroth","SN_L":"07"}},
{"type":"Feature","geometry":{"type":"Polygon","coordinates":[[[7.6458,50.1571],[7.6328,50.1657],[7.603,50.1641],[7.5937,50.1528],[7.6227,50.1487],[7.6496,50.155],[7.6458,50.1571]]]},"properties":{"AGS":"07140063","GEN":"Karbach","SN_L":"07"}},
{"type":"Feature","geometry":{"type":"Polygon","coordinates":[[[7.5805,50.198],[7.5478,50.2116],[7.5292,50.198],[7.5497,50.1844],[7.5612,50.179],[7.5793,50.1912],[7.5805,50.198]]]},"properties":{"AGS":"07140075","GEN":"Kratzenburg","SN_L":"07"}},
{"type":"Feature","geometry":{"type":"Polygon","coordinates":[[[7.6069,50.0954],[7.5887,50.0893],[7.5849,50.0752],[7.5952,50.0673],[7.6176,50.0716],[7.6244,50.085],[7.6069,50.0954]]]},"properties":{"AGS":"07140080","GEN":"Laudert","SN_L":"07"}},
{"type":"Feature","geometry":{"type":"Polygon","coordinates":[[[7.5813,50.1425],[7.5654,50.1533],[7.5647,50.1531],[7.5475,50.1337],[7.5572,50.1262],[7.5623,50.1215],[7.5949,50.1354],[7.5813,50.1425]]]},"properties":{"AGS":"07140084","GEN":"Leiningen","SN_L":"07"}},
{"type":"Feature","geometry":{"type":"Polygon","coordinates":[[[7.5762,50.1004],[7.5521,50.0994],[7.5434,50.1043],[7.5436,50.0967],[7.5479,50.0837],[7.568,50.0869],[7.5887,50.0893],[7.6069,50.0954],[7.5976,50.1009],[7.5762,50.1004]]]},"properties":{"AGS":"07140087","GEN":"Lingerhahn","SN_L":"07"}},
{"type":"Feature","geometry":{"type":"Polygon","coordinates":[[[7.5887,50.0893],[7.568,50.0869],[7.5791,50.0743],[7.5849,50.0752],[7.5887,50.0893]]]},"properties":{"AGS":"07140089","GEN":"Maisborn","SN_L":"07"}},
{"type":"Feature","geometry":{"type":"Polygon","coordinates":[[[7.505,50.1788],[7.5036,50.1919],[7.4856,50.1829],[7.4663,50.1893],[7.4629,50.1773],[7.4802,50.1657],[7.4939,50.1686],[7.505,50.1788]]]},"properties":{"AGS":"07140093","GEN":"Mermuth","SN_L":"07"}},
{"type":"Feature","geometry":{"type":"Polygon","coordinates":[[[7.5623,50.1215],[7.5572,50.1262],[7.5416,50.1207],[7.5613,50.1147],[7.5655,50.1179],[7.5623,50.1215]]]},"properties":{"AGS":"07140098","GEN":"Mühlpfad","SN_L":"07"}},
{"type":"Feature","geometry":{"type":"Polygon","coordinates":[[[7.5497,50.1844],[7.5292,50.198],[7.5036,50.1919],[7.505,50.1788],[7.5097,50.1792],[7.5237,50.1726],[7.5497,50.1844]]]},"properties":{"AGS":"07140102","GEN":"Ney","SN_L":"07"}},
{"type":"Feature","geometry":{"type":"Polygon","coordinates":[[[7.7111,50.1186],[7.6897,50.1267],[7.6557,50.1197],[7.6386,50.1173],[7.6529,50.1111],[7.6858,50.1138],[7.6972,50.1037],[7.7111,50.1186]]]},"properties":{"AGS":"07140104","GEN":"Niederburg","SN_L":"07"}},
{"type":"Feature","geometry":{"type":"Polygon","coordinates":[[[7.5475,50.1337],[7.5434,50.1355],[7.5288,50.1261],[7.5391,50.1099],[7.5416,50.1207],[7.5572,50.1262],[7.5475,50.1337]]]},"properties":{"AGS":"07140108","GEN":"Niedert","SN_L":"07"}},
{"type":"Feature","geometry":{"type":"Polygon","coordinates":[[[7.6007,50.1362],[7.5949,50.1354],[7.5623,50.1215],[7.5655,50.1179],[7.579,50.1178],[7.6007,50.125],[7.6048,50.126],[7.6007,50.1362]]]},"properties":{"AGS":"07140110","GEN":"Norath","SN_L":"07"}},
{"type":"Feature","geometry":{"type":"Polygon","coordinates":[[[7.7322,50.1233],[7.7376,50.1335],[7.7111,50.1186],[7.6972,50.1037],[7.69,50.0933],[7.675,50.0931],[7.6856,50.093],[7.711,50.0672],[7.7171,50.0676],[7.7469,50.0796],[7.7648,50.0826],[7.744,50.0998],[7.7248,50.111],[7.7322,50.1233]]]},"properties":{"AGS":"07140112","GEN":"Oberwesel","SN_L":"07"}},
{"type":"Feature","geometry":{"type":"Polygon","coordinates":[[[7.7171,50.0676],[7.711,50.0672],[7.6856,50.093],[7.675,50.0931],[7.6658,50.0832],[7.6661,50.0771],[7.6446,50.0648],[7.6337,50.0643],[7.6383,50.0484],[7.6648,50.0332],[7.7134,50.0654],[7.7171,50.0676]]]},"properties":{"AGS":"07140116","GEN":"Perscheid","SN_L":"07"}},
{"type":"Feature","geometry":{"type":"Polygon","coordinates":[[[7.6004,50.1092],[7.6007,50.125],[7.579,50.1178],[7.5655,50.1179],[7.5613,50.1147],[7.5762,50.1004],[7.5976,50.1009],[7.6006,50.1024],[7.6004,50.1092]]]},"properties":{"AGS":"07140117","GEN":"Pfalzfeld","SN_L":"07"}},
{"type":"Feature","geometry":{"type":"Polygon","coordinates":[[[7.7259,50.1387],[7.7227,50.149],[7.6989,50.167],[7.6687,50.1717],[7.6458,50.1571],[7.6496,50.155],[7.6586,50.1429],[7.6384,50.14],[7.6492,50.1322],[7.6415,50.126],[7.6557,50.1197],[7.6897,50.1267],[7.7259,50.1387]]]},"properties":{"AGS":"07140133","GEN":"Sankt Goar","SN_L":"07"}},
{"type":"Feature","geometry":{"type":"Polygon","coordinates":[[[7.5475,50.1337],[7.5647,50.1531],[7.5514,50.15],[7.5403,50.1406],[7.5434,50.1355],[7.5475,50.1337]]]},"properties":{"AGS":"07140140","GEN":"Schwall","SN_L":"07"}},
{"type":"Feature","geometry":{"type":"Polygon","coordinates":[[[7.5434,50.1355],[7.5403,50.1406],[7.5158,50.1409],[7.5073,50.1393],[7.5288,50.1261],[7.5434,50.1355]]]},"properties":{"AGS":"07140149","GEN":"Thörlingen","SN_L":"07"}},
{"type":"Feature","geometry":{"type":"Polygon","coordinates":[[[7.7111,50.1186],[7.7376,50.1335],[7.7259,50.1387],[7.6897,50.1267],[7.7111,50.1186]]]},"properties":{"AGS":"07140155","GEN":"Urbar","SN_L":"07"}},
{"type":"Feature","geometry":{"type":"Polygon","coordinates":[[[7.6384,50.14],[7.6058,50.1393],[7.6007,50.1362],[7.6048,50.126],[7.6415,50.126],[7.6492,50.1322],[7.6384,50.14]]]},"properties":{"AGS":"07140156","GEN":"Utzenhain","SN_L":"07"}},
{"type":"Feature","geometry":{"type":"Polygon","coordinates":[[[7.6658,50.0832],[7.6488,50.092],[7.6244,50.085],[7.6176,50.0716],[7.6337,50.0643],[7.6446,50.0648],[7.6661,50.0771],[7.6658,50.0832]]]},"properties":{"AGS":"07140161","GEN":"Wiebelsheim","SN_L":"07"}},
{"type":"Feature","geometry":{"type":"Polygon","coordinates":[[[7.4663,50.1893],[7.4628,50.1945],[7.4435,50.1823],[7.4296,50.1789],[7.4268,50.1753],[7.4271,50.1617],[7.4515,50.1382],[7.4564,50.1383],[7.4802,50.1657],[7.4629,50.1773],[7.4663,50.1893]]]},"properties":{"AGS":"07140201","GEN":"Beulich","SN_L":"07"}},
{"type":"Feature","geometry":{"type":"Polygon","coordinates":[[[7.4589,50.1988],[7.4439,50.2104],[7.4224,50.2029],[7.4145,50.193],[7.4296,50.1789],[7.4435,50.1823],[7.4628,50.1945],[7.4589,50.1988]]]},"properties":{"AGS":"07140205","GEN":"Morshausen","SN_L":"07"}},
{"type":"Feature","geometry":{"type":"MultiPolygon","coordinates":[[[[7.6665,50.3395],[7.6956,50.3486],[7.6977,50.3517],[7.6889,50.3601],[7.6671,50.3454],[7.6665,50.3395]]],[[[7.6502,50.3244],[7.6302,50.3233],[7.5906,50.3257],[7.5913,50.3108],[7.6055,50.2938],[7.6266,50.2801],[7.6373,50.2896],[7.6661,50.2896],[7.6854,50.2827],[7.703,50.2687],[7.71,50.2691],[7.7054,50.2768],[7.692,50.2826],[7.7143,50.2997],[7.7394,50.2828],[7.7385,50.2738],[7.7539,50.2935],[7.7557,50.3071],[7.7519,50.3085],[7.7414,50.3167],[7.7207,50.3222],[7.7075,50.3115],[7.6754,50.3072],[7.6526,50.3099],[7.6502,50.3244]]]]},"properties":{"AGS":"07141075","GEN":"Lahnstein","SN_L":"07"}},
{"type":"Feature","geometry":{"type":"Polygon","coordinates":[[[7.996,50.3733],[7.972,50.3748],[7.9681,50.3819],[7.9434,50.3886],[7.9334,50.3787],[7.9381,50.3704],[7.9484,50.3624],[7.9719,50.3543],[7.9885,50.3539],[7.9857,50.3665],[7.9955,50.3693],[7.996,50.3733]]]},"properties":{"AGS":"07141002","GEN":"Altendiez","SN_L":"07"}},
{"type":"Feature","geometry":{"type":"Polygon","coordinates":[[[7.9759,50.3939],[7.9738,50.3887],[8.0006,50.3807],[8.0146,50.3845],[8.0205,50.3886],[7.9933,50.3932],[7.9759,50.3939]]]},"properties":{"AGS":"07141005","GEN":"Aull","SN_L":"07"}},
{"type":"Feature","geometry":{"type":"Polygon","coordinates":[[[7.9902,50.3357],[8.0054,50.3458],[8.0143,50.3596],[7.9955,50.3693],[7.9857,50.3665],[7.9885,50.3539],[7.9968,50.3496],[7.9902,50.3357]]]},"properties":{"AGS":"07141014","GEN":"Birlenbach","SN_L":"07"}},
{"type":"Feature","geometry":{"type":"Polygon","coordinates":[[[7.8853,50.3421],[7.8803,50.3491],[7.866,50.3332],[7.8689,50.3324],[7.8853,50.3421]]]},"properties":{"AGS":"07141021","GEN":"Charlottenberg","SN_L":"07"}},
{"type":"Feature","geometry":{"type":"Polygon","coordinates":[[[7.9579,50.3417],[7.9394,50.3526],[7.92,50.3451],[7.9446,50.3373],[7.9476,50.3309],[7.9722,50.3258],[7.9781,50.3302],[7.9579,50.3417]]]},"properties":{"AGS":"07141022","GEN":"Cramberg","SN_L":"07"}},
{"type":"Feature","geometry":{"type":"Polygon","coordinates":[[[8.0639,50.3688],[8.0379,50.3825],[8.0146,50.3845],[8.0006,50.3807],[7.996,50.3733],[7.9955,50.3693],[8.0143,50.3596],[8.0054,50.3458],[7.9902,50.3357],[7.9927,50.3339],[7.9986,50.3393],[8.0243,50.3457],[8.0353,50.3546],[8.0639,50.3688]]]},"properties":{"AGS":"07141029","GEN":"Diez","SN_L":"07"}},
{"type":"Feature","geometry":{"type":"Polygon","coordinates":[[[7.894,50.342],[7.8853,50.3421],[7.8689,50.3324],[7.8715,50.3226],[7.8887,50.3178],[7.9057,50.315],[7.8989,50.3254],[7.9058,50.3349],[7.894,50.342]]]},"properties":{"AGS":"07141030","GEN":"Dörnberg","SN_L":"07"}},
{"type":"Feature","geometry":{"type":"Polygon","coordinates":[[[7.9171,50.3872],[7.9384,50.3941],[7.9467,50.3969],[7.9395,50.4107],[7.9149,50.4109],[7.8951,50.3964],[7.9171,50.3872]]]},"properties":{"AGS":"07141038","GEN":"Eppenrod","SN_L":"07"}},
{"type":"Feature","geometry":{"type":"Polygon","coordinates":[[[7.9054,50.3654],[7.9063,50.3592],[7.9126,50.3548],[7.9037,50.3493],[7.92,50.3451],[7.9394,50.3526],[7.9267,50.3549],[7.9054,50.3654]]]},"properties":{"AGS":"07141045","GEN":"Geilnau","SN_L":"07"}},
{"type":"Feature","geometry":{"type":"Polygon","coordinates":[[[8.0238,50.4008],[8.014,50.4009],[7.9896,50.3982],[7.9933,50.3932],[8.0205,50.3886],[8.0238,50.4008]]]},"properties":{"AGS":"07141049","GEN":"Gückingen","SN_L":"07"}},
{"type":"Feature","geometry":{"type":"Polygon","coordinates":[[[7.9896,50.401],[7.9716,50.4062],[7.9596,50.4002],[7.9759,50.3939],[7.9933,50.3932],[7.9896,50.3982],[7.9896,50.401]]]},"properties":{"AGS":"07141052","GEN":"Hambach","SN_L":"07"}},
{"type":"Feature","geometry":{"type":"Polygon","coordinates":[[[7.9596,50.4002],[7.9467,50.3969],[7.9384,50.3941],[7.9434,50.3886],[7.9681,50.3819],[7.972,50.3748],[7.996,50.3733],[8.0006,50.3807],[7.9738,50.3887],[7.9759,50.3939],[7.9596,50.4002]]]},"properties":{"AGS":"07141053","GEN":"Heistenbach","SN_L":"07"}},
{"type":"Feature","geometry":{"type":"Polygon","coordinates":[[[7.9384,50.3941],[7.9171,50.3872],[7.9168,50.3817],[7.9381,50.3704],[7.9334,50.3787],[7.9434,50.3886],[7.9384,50.3941]]]},"properties":{"AGS":"07141057","GEN":"Hirschberg","SN_L":"07"}},
{"type":"Feature","geometry":{"type":"MultiPolygon","coordinates":[[[[7.8659,50.3486],[7.865,50.3474],[7.8668,50.3462],[7.862,50.3427],[7.8677,50.3431],[7.8704,50.3487],[7.8659,50.3486]]],[[[7.9054,50.3654],[7.9017,50.3689],[7.8985,50.3596],[7.8803,50.3491],[7.8853,50.3421],[7.894,50.342],[7.8972,50.3478],[7.9037,50.3493],[7.9126,50.3548],[7.9063,50.3592],[7.9054,50.3654]]]]},"properties":{"AGS":"07141059","GEN":"Holzappel","SN_L":"07"}},
{"type":"Feature","geometry":{"type":"Polygon","coordinates":[[[8.07,50.3581],[8.0639,50.3688],[8.0353,50.3546],[8.0243,50.3457],[7.9986,50.3393],[8.0035,50.3315],[8.0291,50.341],[8.036,50.3525],[8.0545,50.3466],[8.0704,50.3558],[8.07,50.3581]]]},"properties":{"AGS":"07141061","GEN":"Holzheim","SN_L":"07"}},
{"type":"Feature","geometry":{"type":"Polygon","coordinates":[[[7.8803,50.3491],[7.8985,50.3596],[7.9017,50.3689],[7.8976,50.3718],[7.8799,50.3725],[7.8765,50.3686],[7.8772,50.3635],[7.8772,50.3611],[7.872,50.3586],[7.8659,50.3486],[7.8704,50.3487],[7.8677,50.3431],[7.862,50.3427],[7.8568,50.3346],[7.866,50.3332],[7.8803,50.3491]]]},"properties":{"AGS":"07141062","GEN":"Horhausen","SN_L":"07"}},
{"type":"Feature","geometry":{"type":"Polygon","coordinates":[[[7.8951,50.3964],[7.8792,50.3991],[7.8789,50.3844],[7.8546,50.3889],[7.8525,50.3834],[7.8653,50.3771],[7.8799,50.3725],[7.8976,50.3718],[7.9168,50.3817],[7.9171,50.3872],[7.8951,50.3964]]]},"properties":{"AGS":"07141064","GEN":"Isselbach","SN_L":"07"}},
{"type":"Feature","geometry":{"type":"Polygon","coordinates":[[[7.9381,50.3704],[7.9168,50.3817],[7.8976,50.3718],[7.9017,50.3689],[7.9054,50.3654],[7.9267,50.3549],[7.9394,50.3526],[7.9579,50.3417],[7.9719,50.3543],[7.9484,50.3624],[7.9381,50.3704]]]},"properties":{"AGS":"07141076","GEN":"Langenscheid","SN_L":"07"}},
{"type":"Feature","geometry":{"type":"Polygon","coordinates":[[[7.9446,50.3373],[7.9465,50.331],[7.9366,50.3287],[7.9242,50.3313],[7.8972,50.3478],[7.894,50.342],[7.9058,50.3349],[7.8989,50.3254],[7.9032,50.3286],[7.9348,50.3284],[7.943,50.3286],[7.9476,50.3309],[7.9446,50.3373]]]},"properties":{"AGS":"07141077","GEN":"Laurenburg","SN_L":"07"}},
{"type":"Feature","geometry":{"type":"Polygon","coordinates":[[[7.92,50.3451],[7.9037,50.3493],[7.8972,50.3478],[7.9242,50.3313],[7.9366,50.3287],[7.9465,50.331],[7.9446,50.3373],[7.92,50.3451]]]},"properties":{"AGS":"07141124","GEN":"Scheidt","SN_L":"07"}},
{"type":"Feature","geometry":{"type":"Polygon","coordinates":[[[7.9722,50.3258],[7.9476,50.3309],[7.943,50.3286],[7.9348,50.3284],[7.9354,50.3195],[7.9409,50.3158],[7.9528,50.3141],[7.9722,50.3258]]]},"properties":{"AGS":"07141130","GEN":"Steinsberg","SN_L":"07"}},
{"type":"Feature","geometry":{"type":"Polygon","coordinates":[[[7.9693,50.3104],[7.9787,50.3139],[7.9865,50.3294],[7.9781,50.3302],[7.9722,50.3258],[7.9528,50.3141],[7.9693,50.3104]]]},"properties":{"AGS":"07141133","GEN":"Wasenbach","SN_L":"07"}},
{"type":"Feature","geometry":{"type":"Polygon","coordinates":[[[7.9885,50.3539],[7.9719,50.3543],[7.9579,50.3417],[7.9781,50.3302],[7.9865,50.3294],[7.9927,50.3339],[7.9902,50.3357],[7.9968,50.3496],[7.9885,50.3539]]]},"properties":{"AGS":"07141503","GEN":"Balduinstein","SN_L":"07"}},
{"type":"Feature","geometry":{"type":"Polygon","coordinates":[[[7.821,50.2465],[7.8314,50.2591],[7.8035,50.2682],[7.8014,50.2606],[7.821,50.2465]]]},"properties":{"AGS":"07141009","GEN":"Berg","SN_L":"07"}},
{"type":"Feature","geometry":{"type":"Polygon","coordinates":[[[7.8874,50.2287],[7.8765,50.244],[7.8613,50.24],[7.864,50.2234],[7.8874,50.2287]]]},"properties":{"AGS":"07141012","GEN":"Bettendorf","SN_L":"07"}},
{"type":"Feature","geometry":{"type":"Polygon","coordinates":[[[7.8246,50.1816],[7.8071,50.1937],[7.7927,50.1954],[7.7783,50.1883],[7.7749,50.1838],[7.7824,50.1737],[7.7934,50.1722],[7.8147,50.1818],[7.8246,50.1816]]]},"properties":{"AGS":"07141015","GEN":"Bogel","SN_L":"07"}},
{"type":"Feature","geometry":{"type":"Polygon","coordinates":[[[7.9056,50.2027],[7.8883,50.2176],[7.8722,50.2154],[7.8596,50.2106],[7.8729,50.2002],[7.8952,50.199],[7.9056,50.2027]]]},"properties":{"AGS":"07141019","GEN":"Buch","SN_L":"07"}},
{"type":"Feature","geometry":{"type":"Polygon","coordinates":[[[7.7851,50.2316],[7.7867,50.2454],[7.7789,50.2474],[7.7748,50.2319],[7.7748,50.2314],[7.7851,50.2316]]]},"properties":{"AGS":"07141035","GEN":"Ehr","SN_L":"07"}},
{"type":"Feature","geometry":{"type":"Polygon","coordinates":[[[7.8348,50.209],[7.8148,50.2126],[7.8096,50.2055],[7.8204,50.194],[7.8348,50.209]]]},"properties":{"AGS":"07141037","GEN":"Endlichhofen","SN_L":"07"}},
{"type":"Feature","geometry":{"type":"Polygon","coordinates":[[[7.7162,50.2184],[7.7087,50.2051],[7.716,50.1995],[7.7233,50.2085],[7.7402,50.2131],[7.7162,50.2184]]]},"properties":{"AGS":"07141040","GEN":"Eschbach","SN_L":"07"}},
{"type":"Feature","geometry":{"type":"Polygon","coordinates":[[[7.7748,50.2319],[7.76,50.2378],[7.7538,50.2359],[7.7342,50.2311],[7.7184,50.2233],[7.7162,50.2184],[7.7402,50.2131],[7.7446,50.2054],[7.752,50.2175],[7.7694,50.2188],[7.7748,50.2314],[7.7748,50.2319]]]},"properties":{"AGS":"07141047","GEN":"Gemmerich","SN_L":"07"}},
{"type":"Feature","geometry":{"type":"Polygon","coordinates":[[[7.7906,50.2132],[7.7939,50.215],[7.7694,50.2188],[7.752,50.2175],[7.7446,50.2054],[7.7503,50.1923],[7.7693,50.2063],[7.7906,50.2132]]]},"properties":{"AGS":"07141055","GEN":"Himmighofen","SN_L":"07"}},
{"type":"Feature","geometry":{"type":"Polygon","coordinates":[[[7.9516,50.2143],[7.9077,50.2337],[7.8911,50.2289],[7.8889,50.2225],[7.8883,50.2176],[7.9056,50.2027],[7.9078,50.2008],[7.9208,50.208],[7.9516,50.2143]]]},"properties":{"AGS":"07141060","GEN":"Holzhausen an der Haide","SN_L":"07"}},
{"type":"Feature","geometry":{"type":"Polygon","coordinates":[[[7.8577,50.2666],[7.8314,50.2591],[7.821,50.2465],[7.8262,50.2408],[7.8508,50.2433],[7.8538,50.2568],[7.8577,50.2666]]]},"properties":{"AGS":"07141063","GEN":"Hunzel","SN_L":"07"}},
{"type":"Feature","geometry":{"type":"Polygon","coordinates":[[[7.7906,50.2132],[7.7693,50.2063],[7.7503,50.1923],[7.7504,50.1915],[7.7647,50.1886],[7.7746,50.1888],[7.7919,50.1973],[7.7906,50.2132]]]},"properties":{"AGS":"07141067","GEN":"Kasdorf","SN_L":"07"}},
{"type":"Feature","geometry":{"type":"Polygon","coordinates":[[[7.7627,50.2535],[7.7617,50.2663],[7.7477,50.2729],[7.742,50.2718],[7.7432,50.2634],[7.7627,50.2535]]]},"properties":{"AGS":"07141070","GEN":"Kehlbach","SN_L":"07"}},
{"type":"Feature","geometry":{"type":"Polygon","coordinates":[[[7.8459,50.1772],[7.8367,50.1778],[7.8354,50.1777],[7.8326,50.1749],[7.8433,50.1597],[7.8623,50.1549],[7.8591,50.1738],[7.8459,50.1772]]]},"properties":{"AGS":"07141078","GEN":"Lautert","SN_L":"07"}},
{"type":"Feature","geometry":{"type":"Polygon","coordinates":[[[7.8769,50.1312],[7.8701,50.1491],[7.8699,50.1536],[7.8623,50.1549],[7.8525,50.1462],[7.8425,50.1342],[7.8406,50.1312],[7.8423,50.1267],[7.854,50.1283],[7.8684,50.1209],[7.8769,50.1312]]]},"properties":{"AGS":"07141080","GEN":"Lipporn","SN_L":"07"}},
{"type":"Feature","geometry":{"type":"Polygon","coordinates":[[[7.821,50.2465],[7.8014,50.2606],[7.8048,50.2528],[7.7867,50.2454],[7.7851,50.2316],[7.7956,50.2319],[7.8262,50.2408],[7.821,50.2465]]]},"properties":{"AGS":"07141084","GEN":"Marienfels","SN_L":"07"}},
{"type":"Feature","geometry":{"type":"Polygon","coordinates":[[[7.8508,50.2433],[7.8262,50.2408],[7.7956,50.2319],[7.7999,50.2172],[7.8148,50.2126],[7.8348,50.209],[7.8392,50.205],[7.8596,50.2106],[7.8722,50.2154],[7.8889,50.2225],[7.8911,50.2289],[7.8874,50.2287],[7.864,50.2234],[7.8613,50.24],[7.8508,50.2433]]]},"properties":{"AGS":"07141085","GEN":"Miehlen","SN_L":"07"}},
{"type":"Feature","geometry":{"type":"MultiPolygon","coordinates":[[[[7.8883,50.2176],[7.8889,50.2225],[7.8722,50.2154],[7.8883,50.2176]]],[[[7.8596,50.2106],[7.8392,50.205],[7.8457,50.1897],[7.8434,50.1785],[7.8459,50.1772],[7.8591,50.1738],[7.8831,50.1804],[7.9125,50.1955],[7.9078,50.2008],[7.9056,50.2027],[7.8952,50.199],[7.8729,50.2002],[7.8596,50.2106]]]]},"properties":{"AGS":"07141092","GEN":"Nastätten","SN_L":"07"}},
{"type":"Feature","geometry":{"type":"Polygon","coordinates":[[[7.7627,50.2535],[7.7432,50.2634],[7.7419,50.2553],[7.755,50.2506],[7.76,50.2378],[7.7748,50.2319],[7.7789,50.2474],[7.774,50.2493],[7.7627,50.2535]]]},"properties":{"AGS":"07141094","GEN":"Niederbachheim","SN_L":"07"}},
{"type":"Feature","geometry":{"type":"MultiPolygon","coordinates":[[[[7.8066,50.142],[7.8096,50.1455],[7.8001,50.143],[7.8066,50.142]]],[[[7.8263,50.1826],[7.8246,50.1816],[7.8147,50.1818],[7.7934,50.1722],[7.8005,50.1505],[7.8109,50.1465],[7.8281,50.1571],[7.8198,50.1682],[7.8326,50.1749],[7.8354,50.1777],[7.8263,50.1826]]]]},"properties":{"AGS":"07141097","GEN":"Niederwallmenach","SN_L":"07"}},
{"type":"Feature","geometry":{"type":"Polygon","coordinates":[[[7.76,50.2378],[7.755,50.2506],[7.7419,50.2553],[7.7355,50.2493],[7.7126,50.2411],[7.7323,50.2447],[7.7538,50.2359],[7.76,50.2378]]]},"properties":{"AGS":"07141100","GEN":"Oberbachheim","SN_L":"07"}},
{"type":"Feature","geometry":{"type":"Polygon","coordinates":[[[7.9144,50.2399],[7.9113,50.2538],[7.8796,50.2486],[7.8765,50.244],[7.8874,50.2287],[7.8911,50.2289],[7.9077,50.2337],[7.9144,50.2399]]]},"properties":{"AGS":"07141104","GEN":"Obertiefenbach","SN_L":"07"}},
{"type":"Feature","geometry":{"type":"MultiPolygon","coordinates":[[[[7.8367,50.1778],[7.8459,50.1772],[7.8434,50.1785],[7.8367,50.1778]]],[[[7.8623,50.1549],[7.8433,50.1597],[7.8326,50.1749],[7.8198,50.1682],[7.8281,50.1571],[7.8525,50.1462],[7.8623,50.1549]]]]},"properties":{"AGS":"07141105","GEN":"Oberwallmenach","SN_L":"07"}},
{"type":"Feature","geometry":{"type":"Polygon","coordinates":[[[7.8434,50.1785],[7.8457,50.1897],[7.8392,50.205],[7.8348,50.209],[7.8204,50.194],[7.8263,50.1826],[7.8354,50.1777],[7.8367,50.1778],[7.8434,50.1785]]]},"properties":{"AGS":"07141107","GEN":"Oelsberg","SN_L":"07"}},
{"type":"Feature","geometry":{"type":"Polygon","coordinates":[[[7.7956,50.2319],[7.7851,50.2316],[7.7748,50.2314],[7.7694,50.2188],[7.7939,50.215],[7.7999,50.2172],[7.7956,50.2319]]]},"properties":{"AGS":"07141110","GEN":"Hainau","SN_L":"07"}},
{"type":"Feature","geometry":{"type":"Polygon","coordinates":[[[7.8525,50.1462],[7.8281,50.1571],[7.8109,50.1465],[7.8096,50.1455],[7.8066,50.142],[7.8425,50.1342],[7.8525,50.1462]]]},"properties":{"AGS":"07141116","GEN":"Rettershain","SN_L":"07"}},
{"type":"Feature","geometry":{"type":"Polygon","coordinates":[[[7.8148,50.2126],[7.7999,50.2172],[7.7939,50.215],[7.7906,50.2132],[7.7919,50.1973],[7.7746,50.1888],[7.7783,50.1883],[7.7927,50.1954],[7.8071,50.1937],[7.8246,50.1816],[7.8263,50.1826],[7.8204,50.194],[7.8096,50.2055],[7.8148,50.2126]]]},"properties":{"AGS":"07141120","GEN":"Ruppertshofen","SN_L":"07"}},
{"type":"Feature","geometry":{"type":"MultiPolygon","coordinates":[[[[7.8951,50.1569],[7.9027,50.1585],[7.8989,50.1596],[7.8951,50.1569]]],[[[7.9011,50.1496],[7.8701,50.1491],[7.8769,50.1312],[7.9141,50.1423],[7.9173,50.1492],[7.9138,50.1511],[7.9011,50.1496]]]]},"properties":{"AGS":"07141131","GEN":"Strüth","SN_L":"07"}},
{"type":"Feature","geometry":{"type":"Polygon","coordinates":[[[7.8951,50.1569],[7.8699,50.1536],[7.8701,50.1491],[7.9011,50.1496],[7.9116,50.1523],[7.9027,50.1585],[7.8951,50.1569]]]},"properties":{"AGS":"07141134","GEN":"Weidenbach","SN_L":"07"}},
{"type":"Feature","geometry":{"type":"MultiPolygon","coordinates":[[[[7.9138,50.1511],[7.9116,50.1523],[7.9011,50.1496],[7.9138,50.1511]]],[[[7.9301,50.1037],[7.9247,50.1155],[7.9229,50.135],[7.9329,50.1439],[7.9173,50.1492],[7.9141,50.1423],[7.8769,50.1312],[7.8684,50.1209],[7.8847,50.1144],[7.9007,50.1223],[7.9237,50.1028],[7.9301,50.1037]]]]},"properties":{"AGS":"07141137","GEN":"Welterod","SN_L":"07"}},
{"type":"Feature","geometry":{"type":"Polygon","coordinates":[[[7.7538,50.2359],[7.7323,50.2447],[7.7126,50.2411],[7.7342,50.2311],[7.7538,50.2359]]]},"properties":{"AGS":"07141140","GEN":"Winterwerb","SN_L":"07"}},
{"type":"Feature","geometry":{"type":"Polygon","coordinates":[[[7.8831,50.1804],[7.8591,50.1738],[7.8623,50.1549],[7.8699,50.1536],[7.8951,50.1569],[7.8989,50.1596],[7.884,50.1696],[7.8831,50.1804]]]},"properties":{"AGS":"07141502","GEN":"Diethardt","SN_L":"07"}},
{"type":"Feature","geometry":{"type":"Polygon","coordinates":[[[7.7745,50.1669],[7.7824,50.1737],[7.7749,50.1838],[7.7693,50.1743],[7.7511,50.1647],[7.7557,50.162],[7.7745,50.1669]]]},"properties":{"AGS":"07141004","GEN":"Auel","SN_L":"07"}},
{"type":"Feature","geometry":{"type":"Polygon","coordinates":[[[7.7496,50.146],[7.7365,50.1479],[7.7445,50.1276],[7.7369,50.121],[7.7576,50.1102],[7.7782,50.1176],[7.7962,50.1423],[7.7757,50.1486],[7.7605,50.1353],[7.7496,50.146]]]},"properties":{"AGS":"07141016","GEN":"Bornich","SN_L":"07"}},
{"type":"Feature","geometry":{"type":"Polygon","coordinates":[[[7.7394,50.2828],[7.7227,50.2847],[7.7315,50.2719],[7.71,50.2691],[7.703,50.2687],[7.6999,50.2582],[7.6854,50.2537],[7.6876,50.2399],[7.7126,50.2411],[7.7355,50.2493],[7.7419,50.2553],[7.7432,50.2634],[7.742,50.2718],[7.7385,50.2738],[7.7394,50.2828]]]},"properties":{"AGS":"07141023","GEN":"Dachsenhausen","SN_L":"07"}},
{"type":"Feature","geometry":{"type":"Polygon","coordinates":[[[7.7023,50.2264],[7.6723,50.2144],[7.6771,50.2114],[7.6792,50.2057],[7.6787,50.2046],[7.6867,50.2016],[7.7055,50.1951],[7.7127,50.1944],[7.716,50.1995],[7.7087,50.2051],[7.7162,50.2184],[7.7184,50.2233],[7.7023,50.2264]]]},"properties":{"AGS":"07141024","GEN":"Dahlheim","SN_L":"07"}},
{"type":"Feature","geometry":{"type":"MultiPolygon","coordinates":[[[[7.8352,50.11],[7.8449,50.1235],[7.8423,50.1267],[7.8406,50.1312],[7.8292,50.1227],[7.8281,50.1119],[7.8352,50.11]]],[[[7.7782,50.1176],[7.7576,50.1102],[7.7369,50.121],[7.7295,50.1136],[7.7618,50.0924],[7.7719,50.0999],[7.7866,50.1015],[7.7782,50.1176]]]]},"properties":{"AGS":"07141031","GEN":"Dörscheid","SN_L":"07"}},
{"type":"Feature","geometry":{"type":"Polygon","coordinates":[[[7.59,50.234],[7.6066,50.2401],[7.5882,50.2488],[7.5784,50.2412],[7.59,50.234]]]},"properties":{"AGS":"07141042","GEN":"Filsen","SN_L":"07"}},
{"type":"Feature","geometry":{"type":"Polygon","coordinates":[[[7.7023,50.2264],[7.6922,50.231],[7.6537,50.2254],[7.6362,50.2369],[7.6066,50.2401],[7.59,50.234],[7.6039,50.2327],[7.6198,50.2172],[7.6435,50.201],[7.6495,50.212],[7.6723,50.2144],[7.7023,50.2264]]]},"properties":{"AGS":"07141066","GEN":"Kamp-Bornhofen","SN_L":"07"}},
{"type":"Feature","geometry":{"type":"Polygon","coordinates":[[[7.7866,50.1015],[7.7719,50.0999],[7.7618,50.0924],[7.7295,50.1136],[7.7369,50.121],[7.7322,50.1233],[7.7248,50.111],[7.744,50.0998],[7.7648,50.0826],[7.774,50.0665],[7.7962,50.0766],[7.8144,50.0985],[7.8301,50.0932],[7.8352,50.11],[7.8281,50.1119],[7.8137,50.103],[7.8045,50.1066],[7.7866,50.1015]]]},"properties":{"AGS":"07141069","GEN":"Kaub","SN_L":"07"}},
{"type":"Feature","geometry":{"type":"MultiPolygon","coordinates":[[[[7.6867,50.2016],[7.6787,50.2046],[7.6739,50.2045],[7.6867,50.2016]]],[[[7.6495,50.212],[7.6435,50.201],[7.6482,50.1775],[7.6621,50.1734],[7.6707,50.1759],[7.6756,50.1831],[7.6733,50.2004],[7.6529,50.1995],[7.6495,50.212]]]]},"properties":{"AGS":"07141072","GEN":"Kestert","SN_L":"07"}},
{"type":"Feature","geometry":{"type":"Polygon","coordinates":[[[7.7746,50.1888],[7.7647,50.1886],[7.7252,50.1682],[7.7237,50.1604],[7.7346,50.1593],[7.7511,50.1647],[7.7693,50.1743],[7.7749,50.1838],[7.7783,50.1883],[7.7746,50.1888]]]},"properties":{"AGS":"07141079","GEN":"Lierschied","SN_L":"07"}},
{"type":"Feature","geometry":{"type":"Polygon","coordinates":[[[7.6723,50.2144],[7.6495,50.212],[7.6529,50.1995],[7.6733,50.2004],[7.6739,50.2045],[7.6787,50.2046],[7.6792,50.2057],[7.6771,50.2114],[7.6723,50.2144]]]},"properties":{"AGS":"07141083","GEN":"Lykershausen","SN_L":"07"}},
{"type":"Feature","geometry":{"type":"Polygon","coordinates":[[[7.7647,50.1886],[7.7504,50.1915],[7.7294,50.1847],[7.7007,50.184],[7.7027,50.1733],[7.7168,50.1588],[7.7237,50.1604],[7.7252,50.1682],[7.7647,50.1886]]]},"properties":{"AGS":"07141099","GEN":"Nochern","SN_L":"07"}},
{"type":"Feature","geometry":{"type":"Polygon","coordinates":[[[7.6383,50.2463],[7.6006,50.2502],[7.5882,50.2488],[7.6066,50.2401],[7.6362,50.2369],[7.6537,50.2254],[7.6922,50.231],[7.7023,50.2264],[7.7184,50.2233],[7.7342,50.2311],[7.7126,50.2411],[7.6876,50.2399],[7.6493,50.2512],[7.6383,50.2463]]]},"properties":{"AGS":"07141108","GEN":"Osterspai","SN_L":"07"}},
{"type":"Feature","geometry":{"type":"Polygon","coordinates":[[[7.7496,50.146],[7.7557,50.162],[7.7511,50.1647],[7.7346,50.1593],[7.7365,50.1479],[7.7496,50.146]]]},"properties":{"AGS":"07141109","GEN":"Patersberg","SN_L":"07"}},
{"type":"Feature","geometry":{"type":"Polygon","coordinates":[[[7.6867,50.2016],[7.6739,50.2045],[7.6733,50.2004],[7.6756,50.1831],[7.6707,50.1759],[7.6833,50.1757],[7.7055,50.1951],[7.6867,50.2016]]]},"properties":{"AGS":"07141112","GEN":"Prath","SN_L":"07"}},
{"type":"Feature","geometry":{"type":"Polygon","coordinates":[[[7.7757,50.1486],[7.7662,50.158],[7.7745,50.1669],[7.7557,50.162],[7.7496,50.146],[7.7605,50.1353],[7.7757,50.1486]]]},"properties":{"AGS":"07141114","GEN":"Reichenberg","SN_L":"07"}},
{"type":"Feature","geometry":{"type":"Polygon","coordinates":[[[7.7934,50.1722],[7.7824,50.1737],[7.7745,50.1669],[7.7662,50.158],[7.7757,50.1486],[7.7962,50.1423],[7.8001,50.143],[7.8096,50.1455],[7.8109,50.1465],[7.8005,50.1505],[7.7934,50.1722]]]},"properties":{"AGS":"07141115","GEN":"Reitzenhain","SN_L":"07"}},
{"type":"Feature","geometry":{"type":"Polygon","coordinates":[[[7.7127,50.1944],[7.7055,50.1951],[7.6833,50.1757],[7.6707,50.1759],[7.6621,50.1734],[7.6687,50.1717],[7.6989,50.167],[7.7227,50.149],[7.7259,50.1387],[7.7376,50.1335],[7.7322,50.1233],[7.7369,50.121],[7.7445,50.1276],[7.7365,50.1479],[7.7346,50.1593],[7.7237,50.1604],[7.7168,50.1588],[7.7027,50.1733],[7.7007,50.184],[7.7127,50.1944]]]},"properties":{"AGS":"07141121","GEN":"Sankt Goarshausen","SN_L":"07"}},
{"type":"Feature","geometry":{"type":"Polygon","coordinates":[[[7.8301,50.0932],[7.8144,50.0985],[7.7962,50.0766],[7.8035,50.0846],[7.8316,50.0818],[7.8301,50.0932]]]},"properties":{"AGS":"07141122","GEN":"Sauerthal","SN_L":"07"}},
{"type":"Feature","geometry":{"type":"MultiPolygon","coordinates":[[[[7.854,50.1283],[7.8423,50.1267],[7.8449,50.1235],[7.854,50.1283]]],[[[7.8425,50.1342],[7.8066,50.142],[7.8001,50.143],[7.7962,50.1423],[7.7782,50.1176],[7.7866,50.1015],[7.8045,50.1066],[7.8137,50.103],[7.8281,50.1119],[7.8292,50.1227],[7.8406,50.1312],[7.8425,50.1342]]]]},"properties":{"AGS":"07141136","GEN":"Weisel","SN_L":"07"}},
{"type":"Feature","geometry":{"type":"Polygon","coordinates":[[[7.7446,50.2054],[7.7402,50.2131],[7.7233,50.2085],[7.716,50.1995],[7.7127,50.1944],[7.7007,50.184],[7.7294,50.1847],[7.7504,50.1915],[7.7503,50.1923],[7.7446,50.2054]]]},"properties":{"AGS":"07141138","GEN":"Weyer","SN_L":"07"}},
{"type":"Feature","geometry":{"type":"MultiPolygon","coordinates":[[[[7.71,50.2691],[7.7315,50.2719],[7.7227,50.2847],[7.7054,50.2768],[7.71,50.2691]]],[[[7.703,50.2687],[7.6854,50.2827],[7.6661,50.2896],[7.6373,50.2896],[7.6266,50.2801],[7.6291,50.2785],[7.6414,50.2711],[7.6484,50.2658],[7.6493,50.2512],[7.6876,50.2399],[7.6854,50.2537],[7.6999,50.2582],[7.703,50.2687]]]]},"properties":{"AGS":"07141501","GEN":"Braubach","SN_L":"07"}},
{"type":"Feature","geometry":{"type":"Polygon","coordinates":[[[7.8853,50.3006],[7.8566,50.2972],[7.8549,50.2866],[7.8749,50.2799],[7.8825,50.2836],[7.8904,50.2879],[7.9013,50.2977],[7.8853,50.3006]]]},"properties":{"AGS":"07141003","GEN":"Attenhausen","SN_L":"07"}},
{"type":"Feature","geometry":{"type":"Polygon","coordinates":[[[7.7287,50.3645],[7.6994,50.3581],[7.6977,50.3517],[7.6956,50.3486],[7.6945,50.3354],[7.7123,50.3248],[7.7207,50.3222],[7.7414,50.3167],[7.7519,50.3085],[7.7358,50.3267],[7.749,50.3355],[7.7438,50.3384],[7.753,50.3581],[7.7477,50.3651],[7.7287,50.3645]]]},"properties":{"AGS":"07141006","GEN":"Bad Ems","SN_L":"07"}},
{"type":"Feature","geometry":{"type":"Polygon","coordinates":[[[7.7394,50.2828],[7.7143,50.2997],[7.692,50.2826],[7.7054,50.2768],[7.7227,50.2847],[7.7394,50.2828]]]},"properties":{"AGS":"07141008","GEN":"Becheln","SN_L":"07"}},
{"type":"Feature","geometry":{"type":"Polygon","coordinates":[[[7.7924,50.3607],[7.7771,50.3554],[7.7592,50.3527],[7.7595,50.3442],[7.749,50.3355],[7.7358,50.3267],[7.7519,50.3085],[7.7557,50.3071],[7.761,50.3069],[7.7739,50.3115],[7.7731,50.3183],[7.7724,50.3335],[7.7787,50.3445],[7.7924,50.3607]]]},"properties":{"AGS":"07141025","GEN":"Dausenau","SN_L":"07"}},
{"type":"Feature","geometry":{"type":"Polygon","coordinates":[[[7.7728,50.2728],[7.7595,50.2725],[7.7477,50.2729],[7.7617,50.2663],[7.7627,50.2535],[7.774,50.2493],[7.7809,50.2632],[7.7728,50.2728]]]},"properties":{"AGS":"07141026","GEN":"Dessighofen","SN_L":"07"}},
{"type":"Feature","geometry":{"type":"Polygon","coordinates":[[[7.7731,50.2936],[7.7803,50.3077],[7.7629,50.3031],[7.7652,50.2968],[7.7731,50.2936]]]},"properties":{"AGS":"07141027","GEN":"Dienethal","SN_L":"07"}},
{"type":"Feature","geometry":{"type":"Polygon","coordinates":[[[7.8007,50.2868],[7.7949,50.29],[7.7737,50.2807],[7.7728,50.2728],[7.7809,50.2632],[7.7996,50.2716],[7.8007,50.2868]]]},"properties":{"AGS":"07141033","GEN":"Dornholzhausen","SN_L":"07"}},
{"type":"Feature","geometry":{"type":"Polygon","coordinates":[[[7.6945,50.3354],[7.6956,50.3486],[7.6665,50.3395],[7.6597,50.3323],[7.6698,50.331],[7.6803,50.3391],[7.6945,50.3354]]]},"properties":{"AGS":"07141041","GEN":"Fachbach","SN_L":"07"}},
{"type":"Feature","geometry":{"type":"Polygon","coordinates":[[[7.7207,50.3222],[7.7123,50.3248],[7.7024,50.3186],[7.6755,50.3208],[7.6569,50.3169],[7.6526,50.3099],[7.6754,50.3072],[7.7075,50.3115],[7.7207,50.3222]]]},"properties":{"AGS":"07141044","GEN":"Frücht","SN_L":"07"}},
{"type":"Feature","geometry":{"type":"Polygon","coordinates":[[[7.8035,50.2682],[7.7996,50.2716],[7.7809,50.2632],[7.774,50.2493],[7.7789,50.2474],[7.7867,50.2454],[7.8048,50.2528],[7.8014,50.2606],[7.8035,50.2682]]]},"properties":{"AGS":"07141046","GEN":"Geisig","SN_L":"07"}},
{"type":"Feature","geometry":{"type":"Polygon","coordinates":[[[7.8145,50.3471],[7.8074,50.3581],[7.7918,50.3468],[7.7787,50.3445],[7.7724,50.3335],[7.7731,50.3183],[7.7942,50.3332],[7.7979,50.3463],[7.8145,50.3471]]]},"properties":{"AGS":"07141058","GEN":"Hömberg","SN_L":"07"}},
{"type":"Feature","geometry":{"type":"Polygon","coordinates":[[[7.7771,50.3554],[7.7679,50.3668],[7.7477,50.3651],[7.753,50.3581],[7.7438,50.3384],[7.749,50.3355],[7.7595,50.3442],[7.7592,50.3527],[7.7771,50.3554]]]},"properties":{"AGS":"07141071","GEN":"Kemmenau","SN_L":"07"}},
{"type":"Feature","geometry":{"type":"Polygon","coordinates":[[[7.8825,50.2836],[7.8749,50.2799],[7.8577,50.2666],[7.8538,50.2568],[7.8616,50.2521],[7.8816,50.2643],[7.8895,50.277],[7.8825,50.2836]]]},"properties":{"AGS":"07141082","GEN":"Lollschied","SN_L":"07"}},
{"type":"Feature","geometry":{"type":"Polygon","coordinates":[[[7.6698,50.331],[7.6597,50.3323],[7.6502,50.3244],[7.6526,50.3099],[7.6569,50.3169],[7.6755,50.3208],[7.6698,50.331]]]},"properties":{"AGS":"07141086","GEN":"Miellen","SN_L":"07"}},
{"type":"Feature","geometry":{"type":"Polygon","coordinates":[[[7.7739,50.3115],[7.761,50.3069],[7.7629,50.3031],[7.7803,50.3077],[7.7739,50.3115]]]},"properties":{"AGS":"07141087","GEN":"Misselberg","SN_L":"07"}},
{"type":"Feature","geometry":{"type":"Polygon","coordinates":[[[7.8145,50.3471],[7.7979,50.3463],[7.7942,50.3332],[7.7731,50.3183],[7.7739,50.3115],[7.7803,50.3077],[7.7731,50.2936],[7.771,50.291],[7.7949,50.29],[7.8007,50.2868],[7.82,50.3049],[7.8294,50.2996],[7.8315,50.3028],[7.8355,50.3182],[7.8272,50.3282],[7.8145,50.3471]]]},"properties":{"AGS":"07141091","GEN":"Nassau","SN_L":"07"}},
{"type":"Feature","geometry":{"type":"Polygon","coordinates":[[[7.7123,50.3248],[7.6945,50.3354],[7.6803,50.3391],[7.6698,50.331],[7.6755,50.3208],[7.7024,50.3186],[7.7123,50.3248]]]},"properties":{"AGS":"07141098","GEN":"Nievern","SN_L":"07"}},
{"type":"Feature","geometry":{"type":"Polygon","coordinates":[[[7.8568,50.3346],[7.8581,50.3204],[7.8355,50.3182],[7.8315,50.3028],[7.8482,50.3086],[7.8715,50.3226],[7.8689,50.3324],[7.866,50.3332],[7.8568,50.3346]]]},"properties":{"AGS":"07141103","GEN":"Obernhof","SN_L":"07"}},
{"type":"Feature","geometry":{"type":"Polygon","coordinates":[[[7.7949,50.29],[7.771,50.291],[7.7617,50.2838],[7.7595,50.2725],[7.7728,50.2728],[7.7737,50.2807],[7.7949,50.29]]]},"properties":{"AGS":"07141106","GEN":"Oberwies","SN_L":"07"}},
{"type":"Feature","geometry":{"type":"MultiPolygon","coordinates":[[[[7.9051,50.2813],[7.8904,50.2879],[7.8825,50.2836],[7.8895,50.277],[7.9051,50.2813]]],[[[7.8883,50.2579],[7.8816,50.2643],[7.8616,50.2521],[7.8538,50.2568],[7.8508,50.2433],[7.8613,50.24],[7.8765,50.244],[7.8796,50.2486],[7.8883,50.2579]]]]},"properties":{"AGS":"07141111","GEN":"Pohl","SN_L":"07"}},
{"type":"Feature","geometry":{"type":"Polygon","coordinates":[[[7.7595,50.2725],[7.7617,50.2838],[7.771,50.291],[7.7731,50.2936],[7.7652,50.2968],[7.7539,50.2935],[7.7385,50.2738],[7.742,50.2718],[7.7477,50.2729],[7.7595,50.2725]]]},"properties":{"AGS":"07141127","GEN":"Schweighausen","SN_L":"07"}},
{"type":"Feature","geometry":{"type":"Polygon","coordinates":[[[7.8887,50.3178],[7.8715,50.3226],[7.8482,50.3086],[7.8315,50.3028],[7.8294,50.2996],[7.8566,50.2972],[7.8853,50.3006],[7.8887,50.3178]]]},"properties":{"AGS":"07141128","GEN":"Seelbach","SN_L":"07"}},
{"type":"Feature","geometry":{"type":"Polygon","coordinates":[[[7.8294,50.2996],[7.82,50.3049],[7.8007,50.2868],[7.7996,50.2716],[7.8035,50.2682],[7.8314,50.2591],[7.8577,50.2666],[7.8749,50.2799],[7.8549,50.2866],[7.8566,50.2972],[7.8294,50.2996]]]},"properties":{"AGS":"07141129","GEN":"Singhofen","SN_L":"07"}},
{"type":"Feature","geometry":{"type":"Polygon","coordinates":[[[7.761,50.3069],[7.7557,50.3071],[7.7539,50.2935],[7.7652,50.2968],[7.7629,50.3031],[7.761,50.3069]]]},"properties":{"AGS":"07141132","GEN":"Sulzbach","SN_L":"07"}},
{"type":"Feature","geometry":{"type":"Polygon","coordinates":[[[7.862,50.3427],[7.8668,50.3462],[7.8575,50.342],[7.8547,50.3444],[7.8272,50.3282],[7.8355,50.3182],[7.8581,50.3204],[7.8568,50.3346],[7.862,50.3427]]]},"properties":{"AGS":"07141135","GEN":"Weinähr","SN_L":"07"}},
{"type":"Feature","geometry":{"type":"Polygon","coordinates":[[[7.853,50.3542],[7.8268,50.3525],[7.8092,50.3593],[7.8074,50.3581],[7.8145,50.3471],[7.8272,50.3282],[7.8547,50.3444],[7.8575,50.342],[7.8668,50.3462],[7.865,50.3474],[7.853,50.3542]]]},"properties":{"AGS":"07141139","GEN":"Winden","SN_L":"07"}},
{"type":"Feature","geometry":{"type":"Polygon","coordinates":[[[7.8139,50.3629],[7.7924,50.3607],[7.7787,50.3445],[7.7918,50.3468],[7.8074,50.3581],[7.8092,50.3593],[7.8139,50.3629]]]},"properties":{"AGS":"07141141","GEN":"Zimmerschied","SN_L":"07"}},
{"type":"Feature","geometry":{"type":"Polygon","coordinates":[[[7.7919,50.3874],[7.7829,50.3955],[7.7682,50.3947],[7.756,50.4007],[7.7446,50.3963],[7.7366,50.3772],[7.7287,50.3645],[7.7477,50.3651],[7.7679,50.3668],[7.7894,50.3842],[7.7919,50.3874]]]},"properties":{"AGS":"07141201","GEN":"Arzbach","SN_L":"07"}},
{"type":"Feature","geometry":{"type":"Polygon","coordinates":[[[8.0149,50.2693],[8.0261,50.2837],[7.9891,50.2701],[7.9898,50.2579],[8.0149,50.2693]]]},"properties":{"AGS":"07141001","GEN":"Allendorf","SN_L":"07"}},
{"type":"Feature","geometry":{"type":"Polygon","coordinates":[[[8.0321,50.2638],[8.0149,50.2693],[7.9898,50.2579],[7.9751,50.2485],[7.9736,50.2474],[7.9759,50.2455],[8.009,50.2528],[8.0217,50.2583],[8.0321,50.2638]]]},"properties":{"AGS":"07141010","GEN":"Berghausen","SN_L":"07"}},
{"type":"Feature","geometry":{"type":"Polygon","coordinates":[[[7.9759,50.2455],[7.9736,50.2474],[7.9675,50.2444],[7.9485,50.2375],[7.9531,50.2204],[7.9846,50.2269],[7.9902,50.2387],[7.9759,50.2455]]]},"properties":{"AGS":"07141011","GEN":"Berndroth","SN_L":"07"}},
{"type":"Feature","geometry":{"type":"Polygon","coordinates":[[[7.9528,50.3141],[7.9409,50.3158],[7.9458,50.3069],[7.9503,50.2966],[7.9575,50.2962],[7.9619,50.2942],[7.9693,50.3104],[7.9528,50.3141]]]},"properties":{"AGS":"07141013","GEN":"Biebrich","SN_L":"07"}},
{"type":"Feature","geometry":{"type":"Polygon","coordinates":[[[7.9458,50.3069],[7.9409,50.3158],[7.9354,50.3195],[7.9316,50.3141],[7.9057,50.315],[7.8887,50.3178],[7.8853,50.3006],[7.9013,50.2977],[7.9205,50.298],[7.9458,50.3069]]]},"properties":{"AGS":"07141018","GEN":"Bremberg","SN_L":"07"}},
{"type":"Feature","geometry":{"type":"Polygon","coordinates":[[[8.1111,50.2707],[8.101,50.2889],[8.0879,50.3007],[8.0641,50.2886],[8.0593,50.2734],[8.0747,50.2672],[8.1068,50.2609],[8.1111,50.2707]]]},"properties":{"AGS":"07141020","GEN":"Burgschwalbach","SN_L":"07"}},
{"type":"Feature","geometry":{"type":"Polygon","coordinates":[[[8.0379,50.2491],[8.0217,50.2583],[8.009,50.2528],[7.9759,50.2455],[7.9902,50.2387],[7.9992,50.2304],[8.0178,50.2457],[8.0379,50.2491]]]},"properties":{"AGS":"07141032","GEN":"Dörsdorf","SN_L":"07"}},
{"type":"Feature","geometry":{"type":"Polygon","coordinates":[[[7.9932,50.2947],[7.971,50.2896],[7.9784,50.2783],[7.9966,50.2805],[7.9952,50.2901],[7.9932,50.2947]]]},"properties":{"AGS":"07141034","GEN":"Ebertshausen","SN_L":"07"}},
{"type":"Feature","geometry":{"type":"Polygon","coordinates":[[[8.0381,50.2269],[8.0574,50.2353],[8.0379,50.2491],[8.0178,50.2457],[7.9992,50.2304],[8.0055,50.2291],[8.0256,50.2321],[8.0381,50.2269]]]},"properties":{"AGS":"07141036","GEN":"Eisighofen","SN_L":"07"}},
{"type":"Feature","geometry":{"type":"Polygon","coordinates":[[[7.932,50.2579],[7.9573,50.2718],[7.9507,50.2779],[7.93,50.2714],[7.9307,50.2633],[7.9287,50.2583],[7.932,50.2579]]]},"properties":{"AGS":"07141039","GEN":"Ergeshausen","SN_L":"07"}},
{"type":"Feature","geometry":{"type":"Polygon","coordinates":[[[8.0545,50.3466],[8.036,50.3525],[8.0291,50.341],[8.0035,50.3315],[8.0077,50.3227],[8.0172,50.3299],[8.0388,50.3345],[8.0545,50.3466]]]},"properties":{"AGS":"07141043","GEN":"Flacht","SN_L":"07"}},
{"type":"Feature","geometry":{"type":"Polygon","coordinates":[[[7.9348,50.3284],[7.9032,50.3286],[7.8989,50.3254],[7.9057,50.315],[7.9316,50.3141],[7.9354,50.3195],[7.9348,50.3284]]]},"properties":{"AGS":"07141050","GEN":"Gutenacker","SN_L":"07"}},
{"type":"Feature","geometry":{"type":"Polygon","coordinates":[[[8.0636,50.3183],[8.0425,50.3071],[8.0176,50.3032],[8.0124,50.2937],[8.0207,50.2902],[8.0332,50.2971],[8.0443,50.286],[8.0618,50.2872],[8.0641,50.2886],[8.0879,50.3007],[8.0867,50.3058],[8.0786,50.3149],[8.0636,50.3183]]]},"properties":{"AGS":"07141051","GEN":"Hahnstätten","SN_L":"07"}},
{"type":"Feature","geometry":{"type":"Polygon","coordinates":[[[7.9575,50.2962],[7.9503,50.2966],[7.9161,50.2728],[7.9221,50.2638],[7.9297,50.2646],[7.9307,50.2633],[7.93,50.2714],[7.9507,50.2779],[7.9575,50.2962]]]},"properties":{"AGS":"07141054","GEN":"Herold","SN_L":"07"}},
{"type":"Feature","geometry":{"type":"Polygon","coordinates":[[[8.1039,50.308],[8.0867,50.3058],[8.0879,50.3007],[8.101,50.2889],[8.1111,50.2707],[8.1219,50.2772],[8.1206,50.2959],[8.1039,50.308]]]},"properties":{"AGS":"07141065","GEN":"Kaltenholzhausen","SN_L":"07"}},
{"type":"Feature","geometry":{"type":"Polygon","coordinates":[[[8.0261,50.2837],[8.0207,50.2902],[8.0124,50.2937],[7.9968,50.2946],[7.9952,50.2901],[7.9966,50.2805],[7.9784,50.2783],[7.9388,50.255],[7.9421,50.2537],[7.9638,50.2593],[7.9751,50.2485],[7.9898,50.2579],[7.9891,50.2701],[8.0261,50.2837]]]},"properties":{"AGS":"07141068","GEN":"Katzenelnbogen","SN_L":"07"}},
{"type":"Feature","geometry":{"type":"MultiPolygon","coordinates":[[[[7.9932,50.2947],[7.9952,50.2901],[7.9968,50.2946],[7.9932,50.2947]]],[[[7.971,50.2896],[7.9619,50.2942],[7.9575,50.2962],[7.9507,50.2779],[7.9573,50.2718],[7.932,50.2579],[7.9388,50.255],[7.9784,50.2783],[7.971,50.2896]]]]},"properties":{"AGS":"07141073","GEN":"Klingelbach","SN_L":"07"}},
{"type":"Feature","geometry":{"type":"Polygon","coordinates":[[[7.9503,50.2966],[7.9458,50.3069],[7.9205,50.298],[7.9013,50.2977],[7.8904,50.2879],[7.9051,50.2813],[7.9133,50.2728],[7.9161,50.2728],[7.9503,50.2966]]]},"properties":{"AGS":"07141074","GEN":"Kördorf","SN_L":"07"}},
{"type":"Feature","geometry":{"type":"Polygon","coordinates":[[[8.0514,50.3272],[8.0402,50.3228],[8.0149,50.3105],[8.0176,50.3032],[8.0425,50.3071],[8.0636,50.3183],[8.0514,50.3272]]]},"properties":{"AGS":"07141081","GEN":"Lohrheim","SN_L":"07"}},
{"type":"Feature","geometry":{"type":"Polygon","coordinates":[[[7.9751,50.2485],[7.9638,50.2593],[7.9421,50.2537],[7.9675,50.2444],[7.9736,50.2474],[7.9751,50.2485]]]},"properties":{"AGS":"07141088","GEN":"Mittelfischbach","SN_L":"07"}},
{"type":"Feature","geometry":{"type":"Polygon","coordinates":[[[8.0618,50.2872],[8.0443,50.286],[8.0332,50.2971],[8.0207,50.2902],[8.0261,50.2837],[8.0149,50.2693],[8.0321,50.2638],[8.0425,50.2724],[8.0618,50.2872]]]},"properties":{"AGS":"07141089","GEN":"Mudershausen","SN_L":"07"}},
{"type":"Feature","geometry":{"type":"Polygon","coordinates":[[[8.1039,50.308],[8.1072,50.3216],[8.0863,50.33],[8.0786,50.3149],[8.0867,50.3058],[8.1039,50.308]]]},"properties":{"AGS":"07141093","GEN":"Netzbach","SN_L":"07"}},
{"type":"Feature","geometry":{"type":"Polygon","coordinates":[[[8.0704,50.3558],[8.0545,50.3466],[8.0388,50.3345],[8.0172,50.3299],[8.0077,50.3227],[8.0129,50.3161],[8.0402,50.3228],[8.0514,50.3272],[8.0714,50.3326],[8.0772,50.3404],[8.0704,50.3558]]]},"properties":{"AGS":"07141095","GEN":"Niederneisen","SN_L":"07"}},
{"type":"Feature","geometry":{"type":"Polygon","coordinates":[[[7.9161,50.2728],[7.9133,50.2728],[7.8883,50.2579],[7.8796,50.2486],[7.9113,50.2538],[7.9287,50.2583],[7.9307,50.2633],[7.9297,50.2646],[7.9221,50.2638],[7.9161,50.2728]]]},"properties":{"AGS":"07141096","GEN":"Niedertiefenbach","SN_L":"07"}},
{"type":"Feature","geometry":{"type":"Polygon","coordinates":[[[7.9287,50.2583],[7.9113,50.2538],[7.9144,50.2399],[7.923,50.243],[7.9485,50.2375],[7.9675,50.2444],[7.9421,50.2537],[7.9388,50.255],[7.932,50.2579],[7.9287,50.2583]]]},"properties":{"AGS":"07141101","GEN":"Oberfischbach","SN_L":"07"}},
{"type":"Feature","geometry":{"type":"MultiPolygon","coordinates":[[[[8.0149,50.3105],[8.0402,50.3228],[8.0129,50.3161],[8.0149,50.3105]]],[[[8.0863,50.33],[8.0714,50.3326],[8.0514,50.3272],[8.0636,50.3183],[8.0786,50.3149],[8.0863,50.33]]]]},"properties":{"AGS":"07141102","GEN":"Oberneisen","SN_L":"07"}},
{"type":"Feature","geometry":{"type":"Polygon","coordinates":[[[8.0381,50.2269],[8.0256,50.2321],[8.0055,50.2291],[8.0161,50.2172],[8.0354,50.2157],[8.0381,50.2269]]]},"properties":{"AGS":"07141113","GEN":"Reckenroth","SN_L":"07"}},
{"type":"Feature","geometry":{"type":"Polygon","coordinates":[[[7.9485,50.2375],[7.923,50.243],[7.9144,50.2399],[7.9077,50.2337],[7.9516,50.2143],[7.9531,50.2204],[7.9485,50.2375]]]},"properties":{"AGS":"07141117","GEN":"Rettert","SN_L":"07"}},
{"type":"Feature","geometry":{"type":"Polygon","coordinates":[[[7.9133,50.2728],[7.9051,50.2813],[7.8895,50.277],[7.8816,50.2643],[7.8883,50.2579],[7.9133,50.2728]]]},"properties":{"AGS":"07141118","GEN":"Roth","SN_L":"07"}},
{"type":"Feature","geometry":{"type":"Polygon","coordinates":[[[8.0593,50.2734],[8.0641,50.2886],[8.0618,50.2872],[8.0425,50.2724],[8.0593,50.2734]]]},"properties":{"AGS":"07141125","GEN":"Schiesheim","SN_L":"07"}},
{"type":"Feature","geometry":{"type":"Polygon","coordinates":[[[7.9986,50.3393],[7.9927,50.3339],[7.9865,50.3294],[7.9787,50.3139],[7.9693,50.3104],[7.9619,50.2942],[7.971,50.2896],[7.9932,50.2947],[7.9968,50.2946],[8.0124,50.2937],[8.0176,50.3032],[8.0149,50.3105],[8.0129,50.3161],[8.0077,50.3227],[8.0035,50.3315],[7.9986,50.3393]]]},"properties":{"AGS":"07141126","GEN":"Schönborn","SN_L":"07"}},
{"type":"Feature","geometry":{"type":"Polygon","coordinates":[[[7.975,50.6673],[7.9482,50.6643],[7.9386,50.6609],[7.9382,50.6586],[7.9208,50.6437],[7.9339,50.6341],[7.9569,50.6308],[7.958,50.63],[7.9723,50.6405],[7.9679,50.651],[7.9781,50.6546],[7.975,50.6673]]]},"properties":{"AGS":"07143206","GEN":"Bad Marienberg (Westerwald)","SN_L":"07"}},
{"type":"Feature","geometry":{"type":"Polygon","coordinates":[[[7.9386,50.6609],[7.9095,50.6699],[7.9063,50.6665],[7.9382,50.6586],[7.9386,50.6609]]]},"properties":{"AGS":"07143211","GEN":"Bölsberg","SN_L":"07"}},
{"type":"Feature","geometry":{"type":"Polygon","coordinates":[[[7.9336,50.6233],[7.9179,50.6265],[7.9096,50.6233],[7.9099,50.6155],[7.924,50.6083],[7.9584,50.6087],[7.9656,50.6124],[7.9477,50.6133],[7.9369,50.6238],[7.9336,50.6233]]]},"properties":{"AGS":"07143216","GEN":"Dreisbach","SN_L":"07"}},
{"type":"Feature","geometry":{"type":"Polygon","coordinates":[[[8.0168,50.657],[8.0035,50.6599],[8.0005,50.6565],[7.9933,50.6376],[8.012,50.6341],[8.0212,50.6428],[8.019,50.6532],[8.0168,50.657]]]},"properties":{"AGS":"07143222","GEN":"Fehl-Ritzhausen","SN_L":"07"}},
{"type":"Feature","geometry":{"type":"Polygon","coordinates":[[[7.958,50.63],[7.9798,50.6307],[7.9723,50.6405],[7.958,50.63]]]},"properties":{"AGS":"07143227","GEN":"Großseifen","SN_L":"07"}},
{"type":"Feature","geometry":{"type":"Polygon","coordinates":[[[7.9569,50.6308],[7.9339,50.6341],[7.9179,50.6265],[7.9336,50.6233],[7.9459,50.6273],[7.9569,50.6308]]]},"properties":{"AGS":"07143231","GEN":"Hahn bei Marienberg","SN_L":"07"}},
{"type":"Feature","geometry":{"type":"Polygon","coordinates":[[[7.9339,50.6341],[7.9208,50.6437],[7.9145,50.643],[7.9096,50.6233],[7.9179,50.6265],[7.9339,50.6341]]]},"properties":{"AGS":"07143234","GEN":"Hardt","SN_L":"07"}},
{"type":"Feature","geometry":{"type":"Polygon","coordinates":[[[8.0377,50.6716],[8.0207,50.6843],[8.0284,50.697],[8.0272,50.6964],[8.0052,50.6883],[7.9845,50.6754],[7.9868,50.6678],[8.0035,50.6599],[8.0168,50.657],[8.024,50.6621],[8.0377,50.6716]]]},"properties":{"AGS":"07143243","GEN":"Hof","SN_L":"07"}},
{"type":"Feature","geometry":{"type":"Polygon","coordinates":[[[7.9482,50.6643],[7.9484,50.6717],[7.9362,50.6814],[7.9424,50.6883],[7.9419,50.6878],[7.9111,50.6778],[7.9095,50.6699],[7.9386,50.6609],[7.9482,50.6643]]]},"properties":{"AGS":"07143248","GEN":"Kirburg","SN_L":"07"}},
{"type":"Feature","geometry":{"type":"MultiPolygon","coordinates":[[[[7.9424,50.6883],[7.9244,50.69],[7.9419,50.6878],[7.9424,50.6883]]],[[[7.9686,50.6927],[7.9465,50.7091],[7.9272,50.7117],[7.9216,50.7033],[7.9487,50.6887],[7.9653,50.6812],[7.9686,50.6927]]]]},"properties":{"AGS":"07143253","GEN":"Langenbach bei Kirburg","SN_L":"07"}},
{"type":"Feature","geometry":{"type":"Polygon","coordinates":[[[7.9653,50.6812],[7.9487,50.6887],[7.9424,50.6883],[7.9362,50.6814],[7.9484,50.6717],[7.9482,50.6643],[7.975,50.6673],[7.9744,50.6763],[7.9653,50.6812]]]},"properties":{"AGS":"07143255","GEN":"Lautzenbrücken","SN_L":"07"}},
{"type":"Feature","geometry":{"type":"Polygon","coordinates":[[[7.9096,50.6893],[7.8949,50.6945],[7.8857,50.7086],[7.8745,50.6882],[7.8929,50.6818],[7.9096,50.6893]]]},"properties":{"AGS":"07143264","GEN":"Mörlen","SN_L":"07"}},
{"type":"Feature","geometry":{"type":"Polygon","coordinates":[[[7.9487,50.6887],[7.9216,50.7033],[7.9272,50.7117],[7.9066,50.7189],[7.8909,50.7158],[7.8857,50.7086],[7.8949,50.6945],[7.9096,50.6893],[7.9244,50.69],[7.9424,50.6883],[7.9487,50.6887]]]},"properties":{"AGS":"07143270","GEN":"Neunkhausen","SN_L":"07"}},
{"type":"Feature","geometry":{"type":"Polygon","coordinates":[[[7.9845,50.6754],[7.9744,50.6763],[7.975,50.6673],[7.9781,50.6546],[8.0005,50.6565],[8.0035,50.6599],[7.9868,50.6678],[7.9845,50.6754]]]},"properties":{"AGS":"07143277","GEN":"Nisterau","SN_L":"07"}},
{"type":"Feature","geometry":{"type":"Polygon","coordinates":[[[7.9145,50.643],[7.8981,50.6371],[7.8874,50.6445],[7.8933,50.6332],[7.8844,50.6271],[7.896,50.6132],[7.9099,50.6155],[7.9096,50.6233],[7.9145,50.643]]]},"properties":{"AGS":"07143279","GEN":"Nistertal","SN_L":"07"}},
{"type":"Feature","geometry":{"type":"Polygon","coordinates":[[[7.9244,50.69],[7.9096,50.6893],[7.8929,50.6818],[7.8892,50.6787],[7.8713,50.6709],[7.8875,50.662],[7.9063,50.6665],[7.9095,50.6699],[7.9111,50.6778],[7.9419,50.6878],[7.9244,50.69]]]},"properties":{"AGS":"07143280","GEN":"Norken","SN_L":"07"}},
{"type":"Feature","geometry":{"type":"Polygon","coordinates":[[[7.9933,50.6376],[8.0005,50.6565],[7.9781,50.6546],[7.9679,50.651],[7.9723,50.6405],[7.9798,50.6307],[7.9933,50.6376]]]},"properties":{"AGS":"07143297","GEN":"Stockhausen-Illfurth","SN_L":"07"}},
{"type":"Feature","geometry":{"type":"Polygon","coordinates":[[[7.9063,50.6665],[7.8875,50.662],[7.8713,50.6709],[7.8593,50.6678],[7.8729,50.6613],[7.889,50.6496],[7.8874,50.6445],[7.8981,50.6371],[7.9145,50.643],[7.9208,50.6437],[7.9382,50.6586],[7.9063,50.6665]]]},"properties":{"AGS":"07143300","GEN":"Unnau","SN_L":"07"}},
{"type":"Feature","geometry":{"type":"MultiPolygon","coordinates":[[[[7.8264,50.6142],[7.8392,50.6226],[7.8272,50.6191],[7.8264,50.6142]]],[[[7.8874,50.6445],[7.889,50.6496],[7.8729,50.6613],[7.854,50.6495],[7.8455,50.6336],[7.8436,50.6239],[7.8616,50.622],[7.873,50.6143],[7.8783,50.6179],[7.8844,50.6271],[7.8933,50.6332],[7.8874,50.6445]]]]},"properties":{"AGS":"07143202","GEN":"Alpenrod","SN_L":"07"}},
{"type":"Feature","geometry":{"type":"Polygon","coordinates":[[[7.7936,50.6907],[7.7856,50.6989],[7.7719,50.6984],[7.7664,50.6919],[7.7699,50.6842],[7.7923,50.6888],[7.7936,50.6907]]]},"properties":{"AGS":"07143204","GEN":"Astert","SN_L":"07"}},
{"type":"Feature","geometry":{"type":"Polygon","coordinates":[[[7.8148,50.7038],[7.8139,50.7057],[7.8117,50.6963],[7.8378,50.6855],[7.8474,50.6843],[7.8531,50.693],[7.8568,50.6945],[7.8148,50.7038]]]},"properties":{"AGS":"07143205","GEN":"Atzelgift","SN_L":"07"}},
{"type":"Feature","geometry":{"type":"Polygon","coordinates":[[[7.7175,50.6723],[7.7025,50.6748],[7.691,50.6626],[7.7011,50.6581],[7.7225,50.659],[7.7175,50.6723]]]},"properties":{"AGS":"07143212","GEN":"Borod","SN_L":"07"}},
{"type":"Feature","geometry":{"type":"Polygon","coordinates":[[[7.8606,50.5898],[7.8502,50.5967],[7.8288,50.6022],[7.8163,50.6004],[7.8181,50.5858],[7.8274,50.5798],[7.8417,50.5806],[7.8606,50.5898]]]},"properties":{"AGS":"07143215","GEN":"Dreifelden","SN_L":"07"}},
{"type":"Feature","geometry":{"type":"Polygon","coordinates":[[[7.8455,50.6336],[7.8322,50.6481],[7.8191,50.6444],[7.8121,50.6268],[7.8272,50.6191],[7.8392,50.6226],[7.8436,50.6239],[7.8455,50.6336]]]},"properties":{"AGS":"07143223","GEN":"Gehlert","SN_L":"07"}},
{"type":"Feature","geometry":{"type":"Polygon","coordinates":[[[7.7152,50.716],[7.6989,50.708],[7.6959,50.7047],[7.7003,50.6938],[7.7246,50.6895],[7.7348,50.7105],[7.7246,50.716],[7.7152,50.716]]]},"properties":{"AGS":"07143225","GEN":"Giesenhausen","SN_L":"07"}},
{"type":"Feature","geometry":{"type":"Polygon","coordinates":[[[7.8186,50.6751],[7.8021,50.6748],[7.7962,50.6684],[7.7871,50.6595],[7.7888,50.6477],[7.7998,50.6436],[7.7992,50.6333],[7.7881,50.6219],[7.7835,50.6157],[7.7851,50.6136],[7.8043,50.6129],[7.8121,50.6268],[7.8191,50.6444],[7.8322,50.6481],[7.8455,50.6336],[7.854,50.6495],[7.8729,50.6613],[7.8593,50.6678],[7.8526,50.6742],[7.8304,50.6712],[7.8186,50.6751]]]},"properties":{"AGS":"07143229","GEN":"Hachenburg","SN_L":"07"}},
{"type":"Feature","geometry":{"type":"Polygon","coordinates":[[[7.7881,50.6219],[7.7992,50.6333],[7.7998,50.6436],[7.7888,50.6477],[7.7871,50.6595],[7.7962,50.6684],[7.7668,50.6781],[7.7534,50.6743],[7.74,50.6551],[7.7404,50.649],[7.7424,50.6476],[7.7565,50.6497],[7.7702,50.6517],[7.7892,50.6346],[7.7874,50.6274],[7.7881,50.6219]]]},"properties":{"AGS":"07143235","GEN":"Hattert","SN_L":"07"}},
{"type":"Feature","geometry":{"type":"Polygon","coordinates":[[[7.778,50.7135],[7.769,50.7189],[7.7497,50.7195],[7.7431,50.7093],[7.7553,50.7024],[7.7827,50.7023],[7.7902,50.7091],[7.778,50.7135]]]},"properties":{"AGS":"07143236","GEN":"Heimborn","SN_L":"07"}},
{"type":"Feature","geometry":{"type":"Polygon","coordinates":[[[7.7827,50.7023],[7.7553,50.7024],[7.7493,50.694],[7.7664,50.6919],[7.7719,50.6984],[7.7827,50.7023]]]},"properties":{"AGS":"07143240","GEN":"Heuzert","SN_L":"07"}},
{"type":"Feature","geometry":{"type":"Polygon","coordinates":[[[7.7765,50.6189],[7.771,50.6278],[7.7367,50.643],[7.7315,50.6365],[7.7311,50.6185],[7.7628,50.6154],[7.7765,50.6189]]]},"properties":{"AGS":"07143241","GEN":"Höchstenbach","SN_L":"07"}},
{"type":"Feature","geometry":{"type":"Polygon","coordinates":[[[7.7431,50.7093],[7.7348,50.7105],[7.7246,50.6895],[7.7257,50.6825],[7.7366,50.6827],[7.7493,50.694],[7.7553,50.7024],[7.7431,50.7093]]]},"properties":{"AGS":"07143250","GEN":"Kroppach","SN_L":"07"}},
{"type":"Feature","geometry":{"type":"Polygon","coordinates":[[[7.8082,50.7299],[7.794,50.7301],[7.778,50.7135],[7.7902,50.7091],[7.8052,50.7109],[7.8004,50.7164],[7.8085,50.7282],[7.8082,50.7299]]]},"properties":{"AGS":"07143252","GEN":"Kundert","SN_L":"07"}},
{"type":"Feature","geometry":{"type":"Polygon","coordinates":[[[7.8052,50.7109],[7.7902,50.7091],[7.7827,50.7023],[7.7719,50.6984],[7.7856,50.6989],[7.7936,50.6907],[7.8117,50.6963],[7.8139,50.7057],[7.8052,50.7109]]]},"properties":{"AGS":"07143257","GEN":"Limbach","SN_L":"07"}},
{"type":"Feature","geometry":{"type":"Polygon","coordinates":[[[7.866,50.5923],[7.8572,50.6043],[7.8396,50.6081],[7.8288,50.6022],[7.8502,50.5967],[7.8606,50.5898],[7.866,50.5923]]]},"properties":{"AGS":"07143258","GEN":"Linden","SN_L":"07"}},
{"type":"Feature","geometry":{"type":"Polygon","coordinates":[[[7.873,50.6143],[7.8616,50.622],[7.8436,50.6239],[7.8392,50.6226],[7.8264,50.6142],[7.8396,50.6081],[7.8572,50.6043],[7.866,50.5923],[7.873,50.6143]]]},"properties":{"AGS":"07143259","GEN":"Lochum","SN_L":"07"}},
{"type":"Feature","geometry":{"type":"MultiPolygon","coordinates":[[[[7.8579,50.6835],[7.8531,50.693],[7.8474,50.6843],[7.8579,50.6835]]],[[[7.854,50.702],[7.8364,50.7118],[7.8148,50.7038],[7.8568,50.6945],[7.854,50.702]]]]},"properties":{"AGS":"07143260","GEN":"Luckenbach","SN_L":"07"}},
{"type":"Feature","geometry":{"type":"Polygon","coordinates":[[[7.7664,50.6919],[7.7493,50.694],[7.7366,50.6827],[7.7534,50.6743],[7.7668,50.6781],[7.7699,50.6842],[7.7664,50.6919]]]},"properties":{"AGS":"07143261","GEN":"Marzhausen","SN_L":"07"}},
{"type":"Feature","geometry":{"type":"Polygon","coordinates":[[[7.7874,50.6274],[7.7892,50.6346],[7.7702,50.6517],[7.7565,50.6497],[7.7568,50.6442],[7.7784,50.6362],[7.7874,50.6274]]]},"properties":{"AGS":"07143262","GEN":"Merkelbach","SN_L":"07"}},
{"type":"Feature","geometry":{"type":"Polygon","coordinates":[[[7.7546,50.7383],[7.7429,50.7401],[7.7439,50.73],[7.7497,50.7195],[7.769,50.7189],[7.778,50.7135],[7.794,50.7301],[7.7883,50.7313],[7.7753,50.737],[7.7546,50.7383]]]},"properties":{"AGS":"07143265","GEN":"Mörsbach","SN_L":"07"}},
{"type":"Feature","geometry":{"type":"Polygon","coordinates":[[[7.7534,50.6743],[7.7366,50.6827],[7.7257,50.6825],[7.7175,50.6723],[7.7225,50.659],[7.74,50.6551],[7.7534,50.6743]]]},"properties":{"AGS":"07143267","GEN":"Mudenbach","SN_L":"07"}},
{"type":"Feature","geometry":{"type":"Polygon","coordinates":[[[7.7282,50.5869],[7.7458,50.6003],[7.7684,50.6095],[7.7628,50.6154],[7.7311,50.6185],[7.7293,50.6176],[7.7078,50.6094],[7.7035,50.6],[7.7048,50.5996],[7.7101,50.5932],[7.7282,50.5869]]]},"properties":{"AGS":"07143268","GEN":"Mündersbach","SN_L":"07"}},
{"type":"Feature","geometry":{"type":"Polygon","coordinates":[[[7.8186,50.6751],[7.8075,50.6765],[7.7923,50.6888],[7.7699,50.6842],[7.7668,50.6781],[7.7962,50.6684],[7.8021,50.6748],[7.8186,50.6751]]]},"properties":{"AGS":"07143269","GEN":"Müschenbach","SN_L":"07"}},
{"type":"Feature","geometry":{"type":"Polygon","coordinates":[[[7.8474,50.6843],[7.8378,50.6855],[7.8186,50.6751],[7.8304,50.6712],[7.8526,50.6742],[7.8593,50.6678],[7.8713,50.6709],[7.8892,50.6787],[7.8579,50.6835],[7.8474,50.6843]]]},"properties":{"AGS":"07143276","GEN":"Nister","SN_L":"07"}},
{"type":"Feature","geometry":{"type":"Polygon","coordinates":[[[7.7035,50.6],[7.7078,50.6094],[7.7293,50.6176],[7.7087,50.6219],[7.7032,50.6227],[7.7008,50.6229],[7.6743,50.6122],[7.6652,50.5946],[7.6802,50.5935],[7.6897,50.5962],[7.6947,50.5996],[7.7035,50.6]]]},"properties":{"AGS":"07143287","GEN":"Roßbach","SN_L":"07"}},
{"type":"Feature","geometry":{"type":"Polygon","coordinates":[[[7.8396,50.6081],[7.8264,50.6142],[7.8272,50.6191],[7.8121,50.6268],[7.8043,50.6129],[7.7851,50.6136],[7.7848,50.6082],[7.789,50.5964],[7.8097,50.5916],[7.8149,50.5841],[7.8181,50.5858],[7.8163,50.6004],[7.8288,50.6022],[7.8396,50.6081]]]},"properties":{"AGS":"07143294","GEN":"Steinebach an der Wied","SN_L":"07"}},
{"type":"Feature","geometry":{"type":"Polygon","coordinates":[[[7.7402,50.7303],[7.7382,50.7299],[7.7202,50.7311],[7.7176,50.7241],[7.7246,50.716],[7.7348,50.7105],[7.7431,50.7093],[7.7497,50.7195],[7.7439,50.73],[7.7402,50.7303]]]},"properties":{"AGS":"07143296","GEN":"Stein-Wingert","SN_L":"07"}},
{"type":"Feature","geometry":{"type":"Polygon","coordinates":[[[7.8378,50.6855],[7.8117,50.6963],[7.7936,50.6907],[7.7923,50.6888],[7.8075,50.6765],[7.8186,50.6751],[7.8378,50.6855]]]},"properties":{"AGS":"07143299","GEN":"Streithausen","SN_L":"07"}},
{"type":"Feature","geometry":{"type":"Polygon","coordinates":[[[7.7225,50.659],[7.7011,50.6581],[7.7032,50.6227],[7.7087,50.6219],[7.7137,50.6315],[7.7334,50.6487],[7.7404,50.649],[7.74,50.6551],[7.7225,50.659]]]},"properties":{"AGS":"07143301","GEN":"Wahlrod","SN_L":"07"}},
{"type":"Feature","geometry":{"type":"Polygon","coordinates":[[[7.7311,50.6185],[7.7315,50.6365],[7.7137,50.6315],[7.7087,50.6219],[7.7293,50.6176],[7.7311,50.6185]]]},"properties":{"AGS":"07143306","GEN":"Welkenbach","SN_L":"07"}},
{"type":"Feature","geometry":{"type":"Polygon","coordinates":[[[7.7874,50.6274],[7.7784,50.6362],[7.7568,50.6442],[7.7565,50.6497],[7.7424,50.6476],[7.7367,50.643],[7.771,50.6278],[7.7765,50.6189],[7.7825,50.6158],[7.7835,50.6157],[7.7881,50.6219],[7.7874,50.6274]]]},"properties":{"AGS":"07143310","GEN":"Wied","SN_L":"07"}},
{"type":"Feature","geometry":{"type":"Polygon","coordinates":[[[7.7367,50.643],[7.7424,50.6476],[7.7404,50.649],[7.7334,50.6487],[7.7137,50.6315],[7.7315,50.6365],[7.7367,50.643]]]},"properties":{"AGS":"07143313","GEN":"Winkelbach","SN_L":"07"}},
{"type":"Feature","geometry":{"type":"Polygon","coordinates":[[[7.7053,50.4633],[7.6982,50.4715],[7.6787,50.4647],[7.6732,50.4497],[7.7074,50.4454],[7.7053,50.4633]]]},"properties":{"AGS":"07143030","GEN":"Hilgert","SN_L":"07"}},
{"type":"Feature","geometry":{"type":"Polygon","coordinates":[[[7.7367,50.4362],[7.7316,50.4384],[7.7238,50.4272],[7.6895,50.4267],[7.6712,50.4199],[7.6743,50.4006],[7.7023,50.3928],[7.7137,50.3958],[7.7202,50.3999],[7.7195,50.405],[7.7454,50.408],[7.728,50.423],[7.7333,50.4295],[7.7367,50.4362]]]},"properties":{"AGS":"07143031","GEN":"Hillscheid","SN_L":"07"}},
{"type":"Feature","geometry":{"type":"Polygon","coordinates":[[[7.6673,50.4584],[7.6477,50.46],[7.6468,50.4598],[7.6351,50.4455],[7.6445,50.4347],[7.6523,50.4309],[7.6712,50.4199],[7.6895,50.4267],[7.7238,50.4272],[7.7316,50.4384],[7.7235,50.4452],[7.7074,50.4454],[7.6732,50.4497],[7.6673,50.4584]]]},"properties":{"AGS":"07143032","GEN":"Höhr-Grenzhausen","SN_L":"07"}},
{"type":"Feature","geometry":{"type":"Polygon","coordinates":[[[7.6787,50.4647],[7.6673,50.4584],[7.6732,50.4497],[7.6787,50.4647]]]},"properties":{"AGS":"07143040","GEN":"Kammerforst","SN_L":"07"}},
{"type":"Feature","geometry":{"type":"Polygon","coordinates":[[[7.8626,50.4811],[7.8538,50.4874],[7.8533,50.4727],[7.8464,50.4627],[7.8507,50.4573],[7.8607,50.4624],[7.8646,50.4678],[7.8626,50.4811]]]},"properties":{"AGS":"07143005","GEN":"Boden","SN_L":"07"}},
{"type":"Feature","geometry":{"type":"Polygon","coordinates":[[[7.8418,50.3958],[7.8347,50.3963],[7.8246,50.3876],[7.8276,50.3761],[7.8372,50.3829],[7.8525,50.3834],[7.8546,50.3889],[7.8418,50.3958]]]},"properties":{"AGS":"07143008","GEN":"Daubach","SN_L":"07"}},
{"type":"Feature","geometry":{"type":"MultiPolygon","coordinates":[[[[7.7154,50.3921],[7.7202,50.3999],[7.7137,50.3958],[7.7154,50.3921]]],[[[7.7366,50.3772],[7.7195,50.3822],[7.705,50.3795],[7.6882,50.3674],[7.6889,50.3601],[7.6977,50.3517],[7.6994,50.3581],[7.7287,50.3645],[7.7366,50.3772]]]]},"properties":{"AGS":"07143013","GEN":"Eitelborn","SN_L":"07"}},
{"type":"Feature","geometry":{"type":"Polygon","coordinates":[[[7.8799,50.3725],[7.8653,50.3771],[7.8547,50.3665],[7.8399,50.3651],[7.8211,50.3731],[7.8285,50.3669],[7.8496,50.3615],[7.853,50.3542],[7.865,50.3474],[7.8659,50.3486],[7.872,50.3586],[7.8772,50.3611],[7.8772,50.3635],[7.8765,50.3686],[7.8799,50.3725]]]},"properties":{"AGS":"07143020","GEN":"Gackenbach","SN_L":"07"}},
{"type":"Feature","geometry":{"type":"Polygon","coordinates":[[[7.9105,50.4676],[7.9058,50.4673],[7.8982,50.4566],[7.8938,50.4391],[7.8726,50.4308],[7.871,50.4222],[7.8847,50.4296],[7.912,50.4379],[7.9161,50.4348],[7.939,50.4392],[7.94,50.4428],[7.9175,50.4557],[7.9105,50.4676]]]},"properties":{"AGS":"07143021","GEN":"Girod","SN_L":"07"}},
{"type":"Feature","geometry":{"type":"Polygon","coordinates":[[[7.9662,50.4152],[7.9597,50.4174],[7.9395,50.4107],[7.9467,50.3969],[7.9596,50.4002],[7.9716,50.4062],[7.9662,50.4152]]]},"properties":{"AGS":"07143023","GEN":"Görgeshausen","SN_L":"07"}},
{"type":"Feature","geometry":{"type":"Polygon","coordinates":[[[7.8726,50.4308],[7.8938,50.4391],[7.8982,50.4566],[7.8794,50.453],[7.8694,50.4382],[7.8721,50.4318],[7.8726,50.4308]]]},"properties":{"AGS":"07143024","GEN":"Großholbach","SN_L":"07"}},
{"type":"Feature","geometry":{"type":"Polygon","coordinates":[[[7.9093,50.4194],[7.8772,50.4243],[7.8739,50.4209],[7.8698,50.4037],[7.8792,50.3991],[7.8951,50.3964],[7.9149,50.4109],[7.9093,50.4194]]]},"properties":{"AGS":"07143026","GEN":"Heilberscheid","SN_L":"07"}},
{"type":"Feature","geometry":{"type":"Polygon","coordinates":[[[7.8794,50.453],[7.8607,50.4624],[7.8507,50.4573],[7.843,50.4548],[7.8457,50.4407],[7.8614,50.4315],[7.8721,50.4318],[7.8694,50.4382],[7.8794,50.453]]]},"properties":{"AGS":"07143027","GEN":"Heiligenroth","SN_L":"07"}},
{"type":"Feature","geometry":{"type":"Polygon","coordinates":[[[7.8512,50.4099],[7.8534,50.4251],[7.8254,50.4177],[7.8225,50.4071],[7.8386,50.403],[7.8512,50.4099]]]},"properties":{"AGS":"07143033","GEN":"Holler","SN_L":"07"}},
{"type":"Feature","geometry":{"type":"Polygon","coordinates":[[[7.8525,50.3834],[7.8372,50.3829],[7.8276,50.3761],[7.8211,50.3731],[7.8399,50.3651],[7.8547,50.3665],[7.8653,50.3771],[7.8525,50.3834]]]},"properties":{"AGS":"07143034","GEN":"Horbach","SN_L":"07"}},
{"type":"Feature","geometry":{"type":"Polygon","coordinates":[[[7.853,50.3542],[7.8496,50.3615],[7.8285,50.3669],[7.8211,50.3731],[7.8139,50.3629],[7.8092,50.3593],[7.8268,50.3525],[7.853,50.3542]]]},"properties":{"AGS":"07143036","GEN":"Hübingen","SN_L":"07"}},
{"type":"Feature","geometry":{"type":"Polygon","coordinates":[[[7.7454,50.408],[7.7195,50.405],[7.7202,50.3999],[7.7154,50.3921],[7.7195,50.3822],[7.7366,50.3772],[7.7446,50.3963],[7.756,50.4007],[7.7531,50.4028],[7.7454,50.408]]]},"properties":{"AGS":"07143039","GEN":"Kadenbach","SN_L":"07"}},
{"type":"Feature","geometry":{"type":"Polygon","coordinates":[[[7.82,50.4569],[7.7706,50.4432],[7.7713,50.4369],[7.7333,50.4295],[7.728,50.423],[7.7454,50.408],[7.7531,50.4028],[7.7737,50.4053],[7.8093,50.4204],[7.8254,50.4177],[7.8534,50.4251],[7.8512,50.4099],[7.8684,50.4009],[7.8789,50.3844],[7.8792,50.3991],[7.8698,50.4037],[7.8739,50.4209],[7.871,50.4222],[7.8726,50.4308],[7.8721,50.4318],[7.8614,50.4315],[7.8457,50.4407],[7.843,50.4548],[7.82,50.4569]]]},"properties":{"AGS":"07143048","GEN":"Montabaur","SN_L":"07"}},
{"type":"Feature","geometry":{"type":"Polygon","coordinates":[[[7.9539,50.4364],[7.939,50.4392],[7.9161,50.4348],[7.9208,50.4219],[7.9093,50.4194],[7.9149,50.4109],[7.9395,50.4107],[7.9597,50.4174],[7.9539,50.4364]]]},"properties":{"AGS":"07143051","GEN":"Nentershausen","SN_L":"07"}},
{"type":"Feature","geometry":{"type":"Polygon","coordinates":[[[7.7137,50.3958],[7.7023,50.3928],[7.705,50.3795],[7.7195,50.3822],[7.7154,50.3921],[7.7137,50.3958]]]},"properties":{"AGS":"07143052","GEN":"Neuhäusel","SN_L":"07"}},
{"type":"Feature","geometry":{"type":"Polygon","coordinates":[[[7.8225,50.4071],[7.8254,50.4177],[7.8093,50.4204],[7.7737,50.4053],[7.7531,50.4028],[7.756,50.4007],[7.7682,50.3947],[7.7829,50.3955],[7.7919,50.3874],[7.8253,50.3995],[7.8225,50.4071]]]},"properties":{"AGS":"07143053","GEN":"Niederelbert","SN_L":"07"}},
{"type":"Feature","geometry":{"type":"Polygon","coordinates":[[[7.9751,50.4359],[7.9574,50.4366],[7.9539,50.4364],[7.9597,50.4174],[7.9662,50.4152],[7.9812,50.418],[7.9846,50.4316],[7.9751,50.4359]]]},"properties":{"AGS":"07143054","GEN":"Niedererbach","SN_L":"07"}},
{"type":"Feature","geometry":{"type":"Polygon","coordinates":[[[7.9161,50.4348],[7.912,50.4379],[7.8847,50.4296],[7.8772,50.4243],[7.9093,50.4194],[7.9208,50.4219],[7.9161,50.4348]]]},"properties":{"AGS":"07143055","GEN":"Nomborn","SN_L":"07"}},
{"type":"Feature","geometry":{"type":"Polygon","coordinates":[[[7.8246,50.3876],[7.8347,50.3963],[7.8253,50.3995],[7.7919,50.3874],[7.7894,50.3842],[7.8073,50.3762],[7.8246,50.3876]]]},"properties":{"AGS":"07143057","GEN":"Oberelbert","SN_L":"07"}},
{"type":"Feature","geometry":{"type":"Polygon","coordinates":[[[7.9058,50.4673],[7.8881,50.4717],[7.8646,50.4678],[7.8607,50.4624],[7.8794,50.453],[7.8982,50.4566],[7.9058,50.4673]]]},"properties":{"AGS":"07143065","GEN":"Ruppach-Goldhausen","SN_L":"07"}},
{"type":"Feature","geometry":{"type":"Polygon","coordinates":[[[7.7023,50.3928],[7.6743,50.4006],[7.6501,50.3999],[7.6462,50.3871],[7.6641,50.3815],[7.6865,50.3735],[7.6882,50.3674],[7.705,50.3795],[7.7023,50.3928]]]},"properties":{"AGS":"07143071","GEN":"Simmern","SN_L":"07"}},
{"type":"Feature","geometry":{"type":"Polygon","coordinates":[[[7.8789,50.3844],[7.8684,50.4009],[7.8512,50.4099],[7.8418,50.3958],[7.8546,50.3889],[7.8789,50.3844]]]},"properties":{"AGS":"07143072","GEN":"Stahlhofen","SN_L":"07"}},
{"type":"Feature","geometry":{"type":"Polygon","coordinates":[[[7.8418,50.3958],[7.8512,50.4099],[7.8386,50.403],[7.8225,50.4071],[7.8253,50.3995],[7.8347,50.3963],[7.8418,50.3958]]]},"properties":{"AGS":"07143077","GEN":"Untershausen","SN_L":"07"}},
{"type":"Feature","geometry":{"type":"Polygon","coordinates":[[[7.8276,50.3761],[7.8246,50.3876],[7.8073,50.3762],[7.7894,50.3842],[7.7679,50.3668],[7.7771,50.3554],[7.7924,50.3607],[7.8139,50.3629],[7.8211,50.3731],[7.8276,50.3761]]]},"properties":{"AGS":"07143079","GEN":"Welschneudorf","SN_L":"07"}},
{"type":"Feature","geometry":{"type":"Polygon","coordinates":[[[7.6982,50.4715],[7.7031,50.4835],[7.694,50.4861],[7.6796,50.476],[7.6525,50.4658],[7.6477,50.46],[7.6673,50.4584],[7.6787,50.4647],[7.6982,50.4715]]]},"properties":{"AGS":"07143001","GEN":"Alsbach","SN_L":"07"}},
{"type":"Feature","geometry":{"type":"Polygon","coordinates":[[[7.6999,50.5047],[7.6709,50.5083],[7.6701,50.5043],[7.6785,50.4963],[7.6533,50.4897],[7.6796,50.476],[7.694,50.4861],[7.7031,50.4835],[7.6906,50.4917],[7.6999,50.5047]]]},"properties":{"AGS":"07143006","GEN":"Breitenau","SN_L":"07"}},
{"type":"Feature","geometry":{"type":"Polygon","coordinates":[[[7.6315,50.4846],[7.6201,50.4862],[7.6004,50.4792],[7.5983,50.4646],[7.6029,50.4634],[7.6192,50.4761],[7.6342,50.4789],[7.6315,50.4846]]]},"properties":{"AGS":"07143007","GEN":"Caan","SN_L":"07"}},
{"type":"Feature","geometry":{"type":"Polygon","coordinates":[[[7.711,50.506],[7.7058,50.5153],[7.7044,50.5173],[7.6736,50.5133],[7.6709,50.5083],[7.6999,50.5047],[7.711,50.506]]]},"properties":{"AGS":"07143009","GEN":"Deesen","SN_L":"07"}},
{"type":"Feature","geometry":{"type":"Polygon","coordinates":[[[7.7053,50.4633],[7.7138,50.4689],[7.7086,50.4803],[7.7031,50.4835],[7.6982,50.4715],[7.7053,50.4633]]]},"properties":{"AGS":"07143038","GEN":"Hundsdorf","SN_L":"07"}},
{"type":"Feature","geometry":{"type":"Polygon","coordinates":[[[7.6342,50.4789],[7.6192,50.4761],[7.6029,50.4634],[7.6253,50.4428],[7.6357,50.4551],[7.6468,50.4598],[7.6477,50.46],[7.6525,50.4658],[7.6365,50.47],[7.6342,50.4789]]]},"properties":{"AGS":"07143050","GEN":"Nauort","SN_L":"07"}},
{"type":"Feature","geometry":{"type":"MultiPolygon","coordinates":[[[[7.7374,50.4961],[7.7382,50.4992],[7.7405,50.5047],[7.736,50.5064],[7.7371,50.5032],[7.7374,50.4961]]],[[[7.7226,50.5134],[7.7058,50.5153],[7.711,50.506],[7.7123,50.5044],[7.728,50.498],[7.7343,50.5017],[7.7335,50.5064],[7.7226,50.5134]]]]},"properties":{"AGS":"07143059","GEN":"Oberhaid","SN_L":"07"}},
{"type":"Feature","geometry":{"type":"Polygon","coordinates":[[[7.7509,50.4812],[7.7268,50.4853],[7.7086,50.4803],[7.7138,50.4689],[7.7053,50.4633],[7.7074,50.4454],[7.7235,50.4452],[7.7316,50.4384],[7.7367,50.4362],[7.7364,50.4483],[7.7584,50.4679],[7.7542,50.4766],[7.7509,50.4812]]]},"properties":{"AGS":"07143062","GEN":"Ransbach-Baumbach","SN_L":"07"}},
{"type":"Feature","geometry":{"type":"Polygon","coordinates":[[[7.6492,50.4853],[7.6315,50.4846],[7.6342,50.4789],[7.6365,50.47],[7.6525,50.4658],[7.6568,50.4735],[7.6492,50.4853]]]},"properties":{"AGS":"07143068","GEN":"Sessenbach","SN_L":"07"}},
{"type":"Feature","geometry":{"type":"Polygon","coordinates":[[[7.6796,50.476],[7.6533,50.4897],[7.6492,50.4853],[7.6568,50.4735],[7.6525,50.4658],[7.6796,50.476]]]},"properties":{"AGS":"07143082","GEN":"Wirscheid","SN_L":"07"}},
{"type":"Feature","geometry":{"type":"Polygon","coordinates":[[[7.728,50.498],[7.7123,50.5044],[7.711,50.506],[7.6999,50.5047],[7.6906,50.4917],[7.7031,50.4835],[7.7086,50.4803],[7.7268,50.4853],[7.7374,50.4961],[7.7371,50.5032],[7.7343,50.5017],[7.728,50.498]]]},"properties":{"AGS":"07143084","GEN":"Wittgert","SN_L":"07"}},
{"type":"Feature","geometry":{"type":"Polygon","coordinates":[[[8.0871,50.6734],[8.0652,50.6864],[8.0644,50.6733],[8.0538,50.6713],[8.059,50.6652],[8.0769,50.6632],[8.0871,50.6734]]]},"properties":{"AGS":"07143214","GEN":"Bretthausen","SN_L":"07"}},
{"type":"Feature","geometry":{"type":"Polygon","coordinates":[[[8.1106,50.5843],[8.0915,50.5763],[8.0988,50.5603],[8.1218,50.5488],[8.1319,50.557],[8.1471,50.5821],[8.133,50.5761],[8.1106,50.5843]]]},"properties":{"AGS":"07143218","GEN":"Elsoff (Westerwald)","SN_L":"07"}},
{"type":"Feature","geometry":{"type":"Polygon","coordinates":[[[8.0468,50.6159],[8.0173,50.6274],[8.0061,50.6203],[8.0098,50.6091],[8.023,50.5906],[8.0413,50.5984],[8.0468,50.6159]]]},"properties":{"AGS":"07143237","GEN":"Hellenhahn-Schellenberg","SN_L":"07"}},
{"type":"Feature","geometry":{"type":"Polygon","coordinates":[[[8.0994,50.6286],[8.121,50.6481],[8.1156,50.6519],[8.1145,50.6512],[8.0914,50.638],[8.0994,50.6286]]]},"properties":{"AGS":"07143244","GEN":"Homberg","SN_L":"07"}},
{"type":"Feature","geometry":{"type":"Polygon","coordinates":[[[8.0915,50.5763],[8.0788,50.5833],[8.0638,50.5725],[8.0742,50.5587],[8.0833,50.5545],[8.0988,50.5603],[8.0915,50.5763]]]},"properties":{"AGS":"07143245","GEN":"Hüblingen","SN_L":"07"}},
{"type":"Feature","geometry":{"type":"Polygon","coordinates":[[[8.069,50.5459],[8.0742,50.5587],[8.0638,50.5725],[8.0574,50.5694],[8.0416,50.557],[8.069,50.5459]]]},"properties":{"AGS":"07143246","GEN":"Irmtraut","SN_L":"07"}},
{"type":"Feature","geometry":{"type":"Polygon","coordinates":[[[8.1258,50.6858],[8.0992,50.7036],[8.0825,50.7029],[8.0597,50.695],[8.0652,50.6864],[8.0871,50.6734],[8.1126,50.6756],[8.1203,50.6777],[8.1258,50.6858]]]},"properties":{"AGS":"07143256","GEN":"Liebenscheid","SN_L":"07"}},
{"type":"Feature","geometry":{"type":"Polygon","coordinates":[[[8.1218,50.5488],[8.0988,50.5603],[8.0833,50.5545],[8.0742,50.5587],[8.069,50.5459],[8.0705,50.538],[8.1054,50.5341],[8.1209,50.5397],[8.1218,50.5488]]]},"properties":{"AGS":"07143271","GEN":"Neunkirchen","SN_L":"07"}},
{"type":"Feature","geometry":{"type":"Polygon","coordinates":[[[8.0505,50.6291],[8.0212,50.6315],[8.0173,50.6274],[8.0468,50.6159],[8.0476,50.6164],[8.051,50.6221],[8.0505,50.6291]]]},"properties":{"AGS":"07143272","GEN":"Neustadt/Westerwald","SN_L":"07"}},
{"type":"Feature","geometry":{"type":"Polygon","coordinates":[[[8.0456,50.6505],[8.019,50.6532],[8.0212,50.6428],[8.012,50.6341],[8.0212,50.6315],[8.0505,50.6291],[8.0502,50.6356],[8.0456,50.6505]]]},"properties":{"AGS":"07143274","GEN":"Niederroßbach","SN_L":"07"}},
{"type":"Feature","geometry":{"type":"Polygon","coordinates":[[[8.0769,50.6632],[8.059,50.6652],[8.0604,50.661],[8.0707,50.6485],[8.0987,50.6545],[8.1145,50.6512],[8.1156,50.6519],[8.1127,50.6541],[8.0769,50.6632]]]},"properties":{"AGS":"07143278","GEN":"Nister-Möhrendorf","SN_L":"07"}},
{"type":"Feature","geometry":{"type":"Polygon","coordinates":[[[8.1471,50.5821],[8.1516,50.5994],[8.128,50.6077],[8.1241,50.6092],[8.1106,50.5843],[8.133,50.5761],[8.1471,50.5821]]]},"properties":{"AGS":"07143282","GEN":"Oberrod","SN_L":"07"}},
{"type":"Feature","geometry":{"type":"Polygon","coordinates":[[[8.053,50.6554],[8.0406,50.6635],[8.024,50.6621],[8.0168,50.657],[8.019,50.6532],[8.0456,50.6505],[8.053,50.6554]]]},"properties":{"AGS":"07143283","GEN":"Oberroßbach","SN_L":"07"}},
{"type":"Feature","geometry":{"type":"Polygon","coordinates":[[[8.128,50.6077],[8.1377,50.6182],[8.1403,50.6317],[8.121,50.6481],[8.0994,50.6286],[8.0957,50.6264],[8.115,50.6135],[8.1241,50.6092],[8.128,50.6077]]]},"properties":{"AGS":"07143285","GEN":"Rehe","SN_L":"07"}},
{"type":"Feature","geometry":{"type":"Polygon","coordinates":[[[8.0957,50.6264],[8.075,50.6426],[8.058,50.6422],[8.0502,50.6356],[8.0505,50.6291],[8.051,50.6221],[8.0476,50.6164],[8.0468,50.6159],[8.0413,50.5984],[8.0502,50.5916],[8.0588,50.5887],[8.0832,50.5943],[8.0843,50.6],[8.115,50.6135],[8.0957,50.6264]]]},"properties":{"AGS":"07143286","GEN":"Rennerod","SN_L":"07"}},
{"type":"Feature","geometry":{"type":"Polygon","coordinates":[[[8.0377,50.6716],[8.024,50.6621],[8.0406,50.6635],[8.053,50.6554],[8.0604,50.661],[8.059,50.6652],[8.0538,50.6713],[8.0377,50.6716]]]},"properties":{"AGS":"07143291","GEN":"Salzburg","SN_L":"07"}},
{"type":"Feature","geometry":{"type":"Polygon","coordinates":[[[8.034,50.5519],[8.0416,50.557],[8.0574,50.5694],[8.0592,50.581],[8.0502,50.5916],[8.0413,50.5984],[8.023,50.5906],[8.0165,50.5842],[8.0258,50.5726],[8.034,50.5519]]]},"properties":{"AGS":"07143292","GEN":"Seck","SN_L":"07"}},
{"type":"Feature","geometry":{"type":"Polygon","coordinates":[[[8.0397,50.6974],[8.0284,50.697],[8.0207,50.6843],[8.0377,50.6716],[8.0538,50.6713],[8.0644,50.6733],[8.0652,50.6864],[8.0597,50.695],[8.0397,50.6974]]]},"properties":{"AGS":"07143295","GEN":"Stein-Neukirch","SN_L":"07"}},
{"type":"Feature","geometry":{"type":"Polygon","coordinates":[[[8.1145,50.6512],[8.0987,50.6545],[8.0707,50.6485],[8.075,50.6426],[8.0957,50.6264],[8.0994,50.6286],[8.0914,50.638],[8.1145,50.6512]]]},"properties":{"AGS":"07143302","GEN":"Waigandshain","SN_L":"07"}},
{"type":"Feature","geometry":{"type":"Polygon","coordinates":[[[8.0788,50.5833],[8.0832,50.5943],[8.0588,50.5887],[8.0502,50.5916],[8.0592,50.581],[8.0574,50.5694],[8.0638,50.5725],[8.0788,50.5833]]]},"properties":{"AGS":"07143303","GEN":"Waldmühlen","SN_L":"07"}},
{"type":"Feature","geometry":{"type":"Polygon","coordinates":[[[8.1106,50.5843],[8.1241,50.6092],[8.115,50.6135],[8.0843,50.6],[8.0832,50.5943],[8.0788,50.5833],[8.0915,50.5763],[8.1106,50.5843]]]},"properties":{"AGS":"07143309","GEN":"Westernohe","SN_L":"07"}},
{"type":"Feature","geometry":{"type":"Polygon","coordinates":[[[8.1126,50.6756],[8.0871,50.6734],[8.0769,50.6632],[8.1127,50.6541],[8.1126,50.6756]]]},"properties":{"AGS":"07143311","GEN":"Willingen","SN_L":"07"}},
{"type":"Feature","geometry":{"type":"Polygon","coordinates":[[[8.0707,50.6485],[8.0604,50.661],[8.053,50.6554],[8.0456,50.6505],[8.0502,50.6356],[8.058,50.6422],[8.075,50.6426],[8.0707,50.6485]]]},"properties":{"AGS":"07143315","GEN":"Zehnhausen bei Rennerod","SN_L":"07"}},
{"type":"Feature","geometry":{"type":"MultiPolygon","coordinates":[[[[7.7335,50.5064],[7.7343,50.5017],[7.7371,50.5032],[7.736,50.5064],[7.7335,50.5064]]],[[[7.7302,50.5232],[7.7289,50.5232],[7.7044,50.5173],[7.7058,50.5153],[7.7226,50.5134],[7.7302,50.5232]]]]},"properties":{"AGS":"07143015","GEN":"Ellenhausen","SN_L":"07"}},
{"type":"Feature","geometry":{"type":"Polygon","coordinates":[[[7.8322,50.5491],[7.8444,50.5575],[7.8417,50.5806],[7.8274,50.5798],[7.8219,50.563],[7.8322,50.5491]]]},"properties":{"AGS":"07143018","GEN":"Freilingen","SN_L":"07"}},
{"type":"Feature","geometry":{"type":"Polygon","coordinates":[[[7.7282,50.5869],[7.7101,50.5932],[7.7091,50.5908],[7.6984,50.5746],[7.7042,50.5617],[7.7132,50.5619],[7.713,50.5719],[7.7282,50.5869]]]},"properties":{"AGS":"07143019","GEN":"Freirachdorf","SN_L":"07"}},
{"type":"Feature","geometry":{"type":"Polygon","coordinates":[[[7.7604,50.553],[7.7414,50.5494],[7.7296,50.5518],[7.7258,50.5462],[7.7416,50.5389],[7.7594,50.5449],[7.7604,50.553]]]},"properties":{"AGS":"07143022","GEN":"Goddert","SN_L":"07"}},
{"type":"Feature","geometry":{"type":"MultiPolygon","coordinates":[[[[7.7684,50.6095],[7.7825,50.6158],[7.7765,50.6189],[7.7628,50.6154],[7.7684,50.6095]]],[[[7.8149,50.5841],[7.8097,50.5916],[7.789,50.5964],[7.7947,50.5828],[7.7805,50.5753],[7.7661,50.5743],[7.7719,50.5644],[7.7716,50.5555],[7.7998,50.5607],[7.8071,50.578],[7.8149,50.5841]]]]},"properties":{"AGS":"07143025","GEN":"Hartenfels","SN_L":"07"}},
{"type":"Feature","geometry":{"type":"Polygon","coordinates":[[[7.7661,50.5743],[7.7771,50.5894],[7.7775,50.6057],[7.7848,50.6082],[7.7851,50.6136],[7.7835,50.6157],[7.7825,50.6158],[7.7684,50.6095],[7.7458,50.6003],[7.7282,50.5869],[7.713,50.5719],[7.7132,50.5619],[7.7325,50.5581],[7.7394,50.5657],[7.7719,50.5644],[7.7661,50.5743]]]},"properties":{"AGS":"07143029","GEN":"Herschbach","SN_L":"07"}},
{"type":"Feature","geometry":{"type":"Polygon","coordinates":[[[7.7302,50.5232],[7.7416,50.5389],[7.7258,50.5462],[7.7147,50.5354],[7.7289,50.5232],[7.7302,50.5232]]]},"properties":{"AGS":"07143041","GEN":"Krümmel","SN_L":"07"}},
{"type":"Feature","geometry":{"type":"Polygon","coordinates":[[[7.7325,50.5581],[7.7132,50.5619],[7.7042,50.5617],[7.6919,50.5505],[7.7015,50.5495],[7.6978,50.5348],[7.7147,50.5354],[7.7258,50.5462],[7.7296,50.5518],[7.7325,50.5581]]]},"properties":{"AGS":"07143044","GEN":"Marienrachdorf","SN_L":"07"}},
{"type":"Feature","geometry":{"type":"MultiPolygon","coordinates":[[[[7.7035,50.6],[7.6947,50.5996],[7.7048,50.5996],[7.7035,50.6]]],[[[7.7091,50.5908],[7.6897,50.5962],[7.6802,50.5935],[7.6878,50.5798],[7.6847,50.5674],[7.6984,50.5746],[7.7091,50.5908]]]]},"properties":{"AGS":"07143045","GEN":"Maroth","SN_L":"07"}},
{"type":"Feature","geometry":{"type":"Polygon","coordinates":[[[7.8322,50.5491],[7.8219,50.563],[7.7998,50.5607],[7.7716,50.5555],[7.7604,50.553],[7.7594,50.5449],[7.7834,50.5296],[7.7856,50.5235],[7.8117,50.5299],[7.8265,50.5435],[7.8322,50.5491]]]},"properties":{"AGS":"07143046","GEN":"Maxsain","SN_L":"07"}},
{"type":"Feature","geometry":{"type":"Polygon","coordinates":[[[7.7729,50.5203],[7.7464,50.5232],[7.7456,50.5143],[7.7335,50.5064],[7.736,50.5064],[7.7405,50.5047],[7.7382,50.4992],[7.7527,50.4987],[7.7729,50.5203]]]},"properties":{"AGS":"07143056","GEN":"Nordhofen","SN_L":"07"}},
{"type":"Feature","geometry":{"type":"Polygon","coordinates":[[[7.8117,50.5299],[7.7856,50.5235],[7.7788,50.5203],[7.7851,50.5072],[7.7983,50.5013],[7.7957,50.5137],[7.8117,50.5299]]]},"properties":{"AGS":"07143061","GEN":"Quirnbach","SN_L":"07"}},
{"type":"Feature","geometry":{"type":"Polygon","coordinates":[[[7.7719,50.5644],[7.7394,50.5657],[7.7325,50.5581],[7.7296,50.5518],[7.7414,50.5494],[7.7604,50.553],[7.7716,50.5555],[7.7719,50.5644]]]},"properties":{"AGS":"07143064","GEN":"Rückeroth","SN_L":"07"}},
{"type":"Feature","geometry":{"type":"Polygon","coordinates":[[[7.7661,50.5743],[7.7805,50.5753],[7.7947,50.5828],[7.789,50.5964],[7.7848,50.6082],[7.7775,50.6057],[7.7771,50.5894],[7.7661,50.5743]]]},"properties":{"AGS":"07143066","GEN":"Schenkelberg","SN_L":"07"}},
{"type":"Feature","geometry":{"type":"Polygon","coordinates":[[[7.7856,50.5235],[7.7834,50.5296],[7.7594,50.5449],[7.7416,50.5389],[7.7302,50.5232],[7.7226,50.5134],[7.7335,50.5064],[7.7456,50.5143],[7.7464,50.5232],[7.7729,50.5203],[7.7788,50.5203],[7.7856,50.5235]]]},"properties":{"AGS":"07143067","GEN":"Selters (Westerwald)","SN_L":"07"}},
{"type":"Feature","geometry":{"type":"Polygon","coordinates":[[[7.7289,50.5232],[7.7147,50.5354],[7.6978,50.5348],[7.6955,50.528],[7.6683,50.5188],[7.6736,50.5133],[7.7044,50.5173],[7.7289,50.5232]]]},"properties":{"AGS":"07143069","GEN":"Sessenhausen","SN_L":"07"}},
{"type":"Feature","geometry":{"type":"Polygon","coordinates":[[[7.8219,50.563],[7.8274,50.5798],[7.8181,50.5858],[7.8149,50.5841],[7.8071,50.578],[7.7998,50.5607],[7.8219,50.563]]]},"properties":{"AGS":"07143075","GEN":"Steinen","SN_L":"07"}},
{"type":"Feature","geometry":{"type":"Polygon","coordinates":[[[7.7983,50.5013],[7.7851,50.5072],[7.7788,50.5203],[7.7729,50.5203],[7.7527,50.4987],[7.7758,50.4944],[7.7857,50.4956],[7.7959,50.4995],[7.7983,50.5013]]]},"properties":{"AGS":"07143078","GEN":"Vielbach","SN_L":"07"}},
{"type":"Feature","geometry":{"type":"Polygon","coordinates":[[[7.867,50.5543],[7.8826,50.5751],[7.8709,50.5839],[7.866,50.5923],[7.8606,50.5898],[7.8417,50.5806],[7.8444,50.5575],[7.8659,50.5544],[7.867,50.5543]]]},"properties":{"AGS":"07143085","GEN":"Wölferlingen","SN_L":"07"}},
{"type":"Feature","geometry":{"type":"Polygon","coordinates":[[[7.8265,50.5435],[7.8117,50.5299],[7.8219,50.522],[7.8349,50.5298],[7.8351,50.5389],[7.8265,50.5435]]]},"properties":{"AGS":"07143221","GEN":"Ewighausen","SN_L":"07"}},
{"type":"Feature","geometry":{"type":"Polygon","coordinates":[[[7.8659,50.5544],[7.8444,50.5575],[7.8322,50.5491],[7.8265,50.5435],[7.8351,50.5389],[7.8482,50.5399],[7.8579,50.5404],[7.8659,50.5544]]]},"properties":{"AGS":"07143305","GEN":"Weidenhahn","SN_L":"07"}},
{"type":"Feature","geometry":{"type":"Polygon","coordinates":[[[7.9756,50.4486],[7.9621,50.4632],[7.9462,50.4544],[7.94,50.4428],[7.939,50.4392],[7.9539,50.4364],[7.9574,50.4366],[7.9566,50.4432],[7.9756,50.4486]]]},"properties":{"AGS":"07143011","GEN":"Dreikirchen","SN_L":"07"}},
{"type":"Feature","geometry":{"type":"Polygon","coordinates":[[[7.9877,50.4727],[7.9601,50.4717],[7.9621,50.4632],[7.9756,50.4486],[7.9894,50.4429],[8.001,50.4453],[8.0105,50.4606],[7.9951,50.4694],[7.9877,50.4727]]]},"properties":{"AGS":"07143037","GEN":"Hundsangen","SN_L":"07"}},
{"type":"Feature","geometry":{"type":"Polygon","coordinates":[[[7.9756,50.4486],[7.9566,50.4432],[7.9574,50.4366],[7.9751,50.4359],[7.9894,50.4429],[7.9756,50.4486]]]},"properties":{"AGS":"07143058","GEN":"Obererbach","SN_L":"07"}},
{"type":"Feature","geometry":{"type":"MultiPolygon","coordinates":[[[[7.8772,50.4243],[7.8847,50.4296],[7.871,50.4222],[7.8739,50.4209],[7.8772,50.4243]]],[[[7.9288,50.4714],[7.9132,50.4713],[7.9105,50.4676],[7.9175,50.4557],[7.94,50.4428],[7.9462,50.4544],[7.9402,50.4681],[7.9288,50.4714]]]]},"properties":{"AGS":"07143074","GEN":"Steinefrenz","SN_L":"07"}},
{"type":"Feature","geometry":{"type":"Polygon","coordinates":[[[7.9587,50.4735],[7.9462,50.4736],[7.9454,50.473],[7.9408,50.4692],[7.9402,50.4681],[7.9462,50.4544],[7.9621,50.4632],[7.9601,50.4717],[7.9587,50.4735]]]},"properties":{"AGS":"07143080","GEN":"Weroth","SN_L":"07"}},
{"type":"Feature","geometry":{"type":"Polygon","coordinates":[[[7.8799,50.5416],[7.867,50.5543],[7.8659,50.5544],[7.8579,50.5404],[7.872,50.5291],[7.8749,50.5278],[7.8799,50.5416]]]},"properties":{"AGS":"07143203","GEN":"Arnshöfen","SN_L":"07"}},
{"type":"Feature","geometry":{"type":"Polygon","coordinates":[[[7.9339,50.4966],[7.9319,50.4972],[7.9266,50.4963],[7.9213,50.4826],[7.9288,50.4714],[7.9402,50.4681],[7.9408,50.4692],[7.9454,50.473],[7.9462,50.4736],[7.9477,50.4786],[7.9339,50.4966]]]},"properties":{"AGS":"07143208","GEN":"Berod bei Wallmerod","SN_L":"07"}},
{"type":"Feature","geometry":{"type":"Polygon","coordinates":[[[7.9687,50.4968],[7.9469,50.5062],[7.9319,50.4972],[7.9339,50.4966],[7.96,50.488],[7.9687,50.4968]]]},"properties":{"AGS":"07143210","GEN":"Bilkheim","SN_L":"07"}},
{"type":"Feature","geometry":{"type":"Polygon","coordinates":[[[7.8749,50.5278],[7.872,50.5291],[7.863,50.5236],[7.8606,50.5195],[7.8679,50.5096],[7.8854,50.5135],[7.8846,50.5204],[7.8749,50.5278]]]},"properties":{"AGS":"07143220","GEN":"Ettinghausen","SN_L":"07"}},
{"type":"Feature","geometry":{"type":"Polygon","coordinates":[[[7.9109,50.5169],[7.9058,50.5229],[7.888,50.5407],[7.8799,50.5416],[7.8749,50.5278],[7.8846,50.5204],[7.9079,50.5151],[7.9109,50.5169]]]},"properties":{"AGS":"07143232","GEN":"Hahn am See","SN_L":"07"}},
{"type":"Feature","geometry":{"type":"Polygon","coordinates":[[[7.9372,50.5182],[7.9109,50.5169],[7.9079,50.5151],[7.9078,50.51],[7.9266,50.4963],[7.9319,50.4972],[7.9469,50.5062],[7.9445,50.515],[7.9414,50.5163],[7.9372,50.5182]]]},"properties":{"AGS":"07143239","GEN":"Herschbach (Oberwesterwald)","SN_L":"07"}},
{"type":"Feature","geometry":{"type":"Polygon","coordinates":[[[7.8579,50.5404],[7.8482,50.5399],[7.8533,50.5273],[7.863,50.5236],[7.872,50.5291],[7.8579,50.5404]]]},"properties":{"AGS":"07143251","GEN":"Kuhnhöfen","SN_L":"07"}},
{"type":"Feature","geometry":{"type":"Polygon","coordinates":[[[7.9079,50.5151],[7.8846,50.5204],[7.8854,50.5135],[7.8787,50.494],[7.8626,50.4811],[7.8646,50.4678],[7.8881,50.4717],[7.9058,50.4673],[7.9105,50.4676],[7.9132,50.4713],[7.9213,50.4826],[7.9266,50.4963],[7.9078,50.51],[7.9079,50.5151]]]},"properties":{"AGS":"07143263","GEN":"Meudt","SN_L":"07"}},
{"type":"Feature","geometry":{"type":"Polygon","coordinates":[[[7.9789,50.4954],[7.9687,50.4968],[7.96,50.488],[7.9587,50.4735],[7.9601,50.4717],[7.9877,50.4727],[7.9792,50.4846],[7.9789,50.4954]]]},"properties":{"AGS":"07143266","GEN":"Molsberg","SN_L":"07"}},
{"type":"Feature","geometry":{"type":"Polygon","coordinates":[[[7.8787,50.494],[7.8518,50.5041],[7.8499,50.5119],[7.8417,50.4945],[7.8538,50.4874],[7.8626,50.4811],[7.8787,50.494]]]},"properties":{"AGS":"07143273","GEN":"Niederahr","SN_L":"07"}},
{"type":"Feature","geometry":{"type":"Polygon","coordinates":[[[7.8854,50.5135],[7.8679,50.5096],[7.8606,50.5195],[7.8499,50.5119],[7.8518,50.5041],[7.8787,50.494],[7.8854,50.5135]]]},"properties":{"AGS":"07143281","GEN":"Oberahr","SN_L":"07"}},
{"type":"Feature","geometry":{"type":"Polygon","coordinates":[[[7.9829,50.5115],[7.966,50.5187],[7.9567,50.516],[7.9445,50.515],[7.9469,50.5062],[7.9687,50.4968],[7.9789,50.4954],[7.99,50.4986],[7.9829,50.5115]]]},"properties":{"AGS":"07143290","GEN":"Salz","SN_L":"07"}},
{"type":"Feature","geometry":{"type":"Polygon","coordinates":[[[7.96,50.488],[7.9339,50.4966],[7.9477,50.4786],[7.9462,50.4736],[7.9587,50.4735],[7.96,50.488]]]},"properties":{"AGS":"07143304","GEN":"Wallmerod","SN_L":"07"}},
{"type":"Feature","geometry":{"type":"Polygon","coordinates":[[[7.9288,50.4714],[7.9213,50.4826],[7.9132,50.4713],[7.9288,50.4714]]]},"properties":{"AGS":"07143316","GEN":"Zehnhausen bei Wallmerod","SN_L":"07"}},
{"type":"Feature","geometry":{"type":"Polygon","coordinates":[[[7.901,50.5396],[7.8929,50.5399],[7.892,50.5415],[7.888,50.5407],[7.9058,50.5229],[7.9283,50.5277],[7.901,50.5396]]]},"properties":{"AGS":"07143501","GEN":"Elbingen","SN_L":"07"}},
{"type":"Feature","geometry":{"type":"Polygon","coordinates":[[[7.9283,50.5277],[7.9058,50.5229],[7.9109,50.5169],[7.9372,50.5182],[7.9308,50.5277],[7.9283,50.5277]]]},"properties":{"AGS":"07143502","GEN":"Mähren","SN_L":"07"}},
{"type":"Feature","geometry":{"type":"MultiPolygon","coordinates":[[[[7.9459,50.6273],[7.9336,50.6233],[7.9369,50.6238],[7.9459,50.6273]]],[[[7.9705,50.6012],[7.9656,50.6124],[7.9584,50.6087],[7.924,50.6083],[7.9238,50.6017],[7.9373,50.587],[7.9448,50.5905],[7.9705,50.6012]]]]},"properties":{"AGS":"07143200","GEN":"Ailertchen","SN_L":"07"}},
{"type":"Feature","geometry":{"type":"Polygon","coordinates":[[[7.9135,50.5962],[7.8933,50.6],[7.8709,50.5839],[7.8826,50.5751],[7.8937,50.5751],[7.8912,50.5826],[7.9097,50.5868],[7.9135,50.5962]]]},"properties":{"AGS":"07143207","GEN":"Bellingen","SN_L":"07"}},
{"type":"Feature","geometry":{"type":"Polygon","coordinates":[[[8.0238,50.5421],[8.0058,50.5479],[7.9964,50.5446],[7.9861,50.5274],[7.9947,50.5253],[7.9963,50.5245],[8.0091,50.5295],[8.0238,50.5421]]]},"properties":{"AGS":"07143209","GEN":"Berzhahn","SN_L":"07"}},
{"type":"Feature","geometry":{"type":"Polygon","coordinates":[[[7.9324,50.565],[7.9236,50.5755],[7.9126,50.5724],[7.9091,50.559],[7.8961,50.5575],[7.9189,50.553],[7.9324,50.565]]]},"properties":{"AGS":"07143213","GEN":"Brandscheid","SN_L":"07"}},
{"type":"Feature","geometry":{"type":"Polygon","coordinates":[[[7.8887,50.6057],[7.896,50.6132],[7.8844,50.6271],[7.8783,50.6179],[7.8887,50.6057]]]},"properties":{"AGS":"07143219","GEN":"Enspel","SN_L":"07"}},
{"type":"Feature","geometry":{"type":"Polygon","coordinates":[[[8.034,50.5519],[8.0258,50.5726],[8.0083,50.5667],[7.9994,50.5543],[8.0058,50.5479],[8.0238,50.5421],[8.034,50.5519]]]},"properties":{"AGS":"07143224","GEN":"Gemünden","SN_L":"07"}},
{"type":"Feature","geometry":{"type":"Polygon","coordinates":[[[7.9947,50.5253],[7.9749,50.5276],[7.9567,50.516],[7.966,50.5187],[7.9829,50.5115],[7.9908,50.5147],[7.9957,50.5195],[7.9963,50.5245],[7.9947,50.5253]]]},"properties":{"AGS":"07143226","GEN":"Girkenroth","SN_L":"07"}},
{"type":"Feature","geometry":{"type":"Polygon","coordinates":[[[7.9659,50.5353],[7.9465,50.5368],[7.9384,50.5424],[7.9306,50.5393],[7.9308,50.5277],[7.9372,50.5182],[7.9414,50.5163],[7.9659,50.5353]]]},"properties":{"AGS":"07143228","GEN":"Guckheim","SN_L":"07"}},
{"type":"Feature","geometry":{"type":"Polygon","coordinates":[[[7.8955,50.5473],[7.892,50.5415],[7.8929,50.5399],[7.901,50.5396],[7.9283,50.5277],[7.9308,50.5277],[7.9306,50.5393],[7.9219,50.5437],[7.8955,50.5473]]]},"properties":{"AGS":"07143230","GEN":"Härtlingen","SN_L":"07"}},
{"type":"Feature","geometry":{"type":"Polygon","coordinates":[[[7.9739,50.597],[7.9705,50.6012],[7.9448,50.5905],[7.9485,50.5856],[7.9718,50.5886],[7.9739,50.597]]]},"properties":{"AGS":"07143233","GEN":"Halbs","SN_L":"07"}},
{"type":"Feature","geometry":{"type":"Polygon","coordinates":[[[7.9765,50.58],[7.9718,50.5886],[7.9485,50.5856],[7.9628,50.5752],[7.9765,50.58]]]},"properties":{"AGS":"07143238","GEN":"Hergenroth","SN_L":"07"}},
{"type":"Feature","geometry":{"type":"Polygon","coordinates":[[[8.012,50.6341],[7.9933,50.6376],[7.9798,50.6307],[7.958,50.63],[7.9569,50.6308],[7.9459,50.6273],[7.9369,50.6238],[7.9477,50.6133],[7.9656,50.6124],[7.9705,50.6012],[7.9739,50.597],[7.9764,50.5969],[7.9956,50.6081],[8.0098,50.6091],[8.0061,50.6203],[8.0173,50.6274],[8.0212,50.6315],[8.012,50.6341]]]},"properties":{"AGS":"07143242","GEN":"Höhn","SN_L":"07"}},
{"type":"Feature","geometry":{"type":"Polygon","coordinates":[[[7.8961,50.5575],[7.8955,50.5473],[7.9219,50.5437],[7.9189,50.553],[7.8961,50.5575]]]},"properties":{"AGS":"07143247","GEN":"Kaden","SN_L":"07"}},
{"type":"Feature","geometry":{"type":"Polygon","coordinates":[[[7.9384,50.5424],[7.9536,50.5504],[7.9324,50.565],[7.9189,50.553],[7.9219,50.5437],[7.9306,50.5393],[7.9384,50.5424]]]},"properties":{"AGS":"07143249","GEN":"Kölbingen","SN_L":"07"}},
{"type":"Feature","geometry":{"type":"Polygon","coordinates":[[[7.9238,50.6017],[7.9135,50.5962],[7.9097,50.5868],[7.8912,50.5826],[7.8937,50.5751],[7.9126,50.5724],[7.9236,50.5755],[7.9373,50.587],[7.9238,50.6017]]]},"properties":{"AGS":"07143254","GEN":"Langenhahn","SN_L":"07"}},
{"type":"Feature","geometry":{"type":"Polygon","coordinates":[[[8.023,50.5906],[8.0098,50.6091],[7.9956,50.6081],[7.9764,50.5969],[8.0004,50.5875],[8.0165,50.5842],[8.023,50.5906]]]},"properties":{"AGS":"07143284","GEN":"Pottum","SN_L":"07"}},
{"type":"Feature","geometry":{"type":"Polygon","coordinates":[[[7.8933,50.6],[7.8887,50.6057],[7.8783,50.6179],[7.873,50.6143],[7.866,50.5923],[7.8709,50.5839],[7.8933,50.6]]]},"properties":{"AGS":"07143288","GEN":"Rotenhain","SN_L":"07"}},
{"type":"Feature","geometry":{"type":"Polygon","coordinates":[[[7.9126,50.5724],[7.8937,50.5751],[7.8826,50.5751],[7.867,50.5543],[7.8799,50.5416],[7.888,50.5407],[7.892,50.5415],[7.8955,50.5473],[7.8961,50.5575],[7.9091,50.559],[7.9126,50.5724]]]},"properties":{"AGS":"07143289","GEN":"Rothenbach","SN_L":"07"}},
{"type":"Feature","geometry":{"type":"Polygon","coordinates":[[[7.9764,50.5969],[7.9739,50.597],[7.9718,50.5886],[7.9765,50.58],[7.991,50.5794],[8.0004,50.5875],[7.9764,50.5969]]]},"properties":{"AGS":"07143293","GEN":"Stahlhofen am Wiesensee","SN_L":"07"}},
{"type":"Feature","geometry":{"type":"Polygon","coordinates":[[[7.9099,50.6155],[7.896,50.6132],[7.8887,50.6057],[7.8933,50.6],[7.9135,50.5962],[7.9238,50.6017],[7.924,50.6083],[7.9099,50.6155]]]},"properties":{"AGS":"07143298","GEN":"Stockum-Püschen","SN_L":"07"}},
{"type":"Feature","geometry":{"type":"Polygon","coordinates":[[[7.9861,50.5274],[7.9671,50.5355],[7.9659,50.5353],[7.9414,50.5163],[7.9445,50.515],[7.9567,50.516],[7.9749,50.5276],[7.9947,50.5253],[7.9861,50.5274]]]},"properties":{"AGS":"07143307","GEN":"Weltersburg","SN_L":"07"}},
{"type":"Feature","geometry":{"type":"Polygon","coordinates":[[[7.9448,50.5905],[7.9373,50.587],[7.9236,50.5755],[7.9324,50.565],[7.9536,50.5504],[7.9384,50.5424],[7.9465,50.5368],[7.9659,50.5353],[7.9671,50.5355],[7.9681,50.5496],[7.9964,50.5446],[8.0058,50.5479],[7.9994,50.5543],[8.0083,50.5667],[7.991,50.5794],[7.9765,50.58],[7.9628,50.5752],[7.9485,50.5856],[7.9448,50.5905]]]},"properties":{"AGS":"07143308","GEN":"Westerburg","SN_L":"07"}},
{"type":"Feature","geometry":{"type":"Polygon","coordinates":[[[7.9964,50.5446],[7.9681,50.5496],[7.9671,50.5355],[7.9861,50.5274],[7.9964,50.5446]]]},"properties":{"AGS":"07143312","GEN":"Willmenrod","SN_L":"07"}},
{"type":"Feature","geometry":{"type":"Polygon","coordinates":[[[8.0165,50.5842],[8.0004,50.5875],[7.991,50.5794],[8.0083,50.5667],[8.0258,50.5726],[8.0165,50.5842]]]},"properties":{"AGS":"07143314","GEN":"Winnen","SN_L":"07"}},
{"type":"Feature","geometry":{"type":"Polygon","coordinates":[[[7.8533,50.4727],[7.8262,50.4754],[7.8265,50.472],[7.8464,50.4627],[7.8533,50.4727]]]},"properties":{"AGS":"07143003","GEN":"Bannberscheid","SN_L":"07"}},
{"type":"Feature","geometry":{"type":"Polygon","coordinates":[[[7.8118,50.4633],[7.7872,50.4653],[7.771,50.4613],[7.7483,50.4359],[7.7388,50.4458],[7.7364,50.4483],[7.7367,50.4362],[7.7333,50.4295],[7.7713,50.4369],[7.7706,50.4432],[7.82,50.4569],[7.8118,50.4633]]]},"properties":{"AGS":"07143010","GEN":"Dernbach (Westerwald)","SN_L":"07"}},
{"type":"Feature","geometry":{"type":"Polygon","coordinates":[[[7.7791,50.4757],[7.7542,50.4766],[7.7584,50.4679],[7.7364,50.4483],[7.7388,50.4458],[7.7513,50.4581],[7.7778,50.4667],[7.7791,50.4757]]]},"properties":{"AGS":"07143012","GEN":"Ebernhahn","SN_L":"07"}},
{"type":"Feature","geometry":{"type":"Polygon","coordinates":[[[7.8321,50.5176],[7.8219,50.522],[7.8117,50.5299],[7.7957,50.5137],[7.7983,50.5013],[7.7959,50.4995],[7.8143,50.5019],[7.8321,50.5176]]]},"properties":{"AGS":"07143028","GEN":"Helferskirchen","SN_L":"07"}},
{"type":"Feature","geometry":{"type":"Polygon","coordinates":[[[7.8288,50.4908],[7.8143,50.5019],[7.7959,50.4995],[7.7857,50.4956],[7.7935,50.4816],[7.8114,50.4896],[7.8224,50.4845],[7.8288,50.4908]]]},"properties":{"AGS":"07143042","GEN":"Leuterod","SN_L":"07"}},
{"type":"Feature","geometry":{"type":"Polygon","coordinates":[[[7.7527,50.4987],[7.7382,50.4992],[7.7374,50.4961],[7.7268,50.4853],[7.7509,50.4812],[7.7625,50.4923],[7.7758,50.4944],[7.7527,50.4987]]]},"properties":{"AGS":"07143047","GEN":"Mogendorf","SN_L":"07"}},
{"type":"Feature","geometry":{"type":"Polygon","coordinates":[[[7.8417,50.4945],[7.8288,50.4908],[7.8224,50.4845],[7.8262,50.4754],[7.8533,50.4727],[7.8538,50.4874],[7.8417,50.4945]]]},"properties":{"AGS":"07143049","GEN":"Moschheim","SN_L":"07"}},
{"type":"Feature","geometry":{"type":"Polygon","coordinates":[[[7.8499,50.5119],[7.8606,50.5195],[7.863,50.5236],[7.8533,50.5273],[7.8321,50.5176],[7.8143,50.5019],[7.8288,50.4908],[7.8417,50.4945],[7.8499,50.5119]]]},"properties":{"AGS":"07143060","GEN":"Ötzingen","SN_L":"07"}},
{"type":"Feature","geometry":{"type":"Polygon","coordinates":[[[7.7935,50.4816],[7.7857,50.4956],[7.7758,50.4944],[7.7625,50.4923],[7.7509,50.4812],[7.7542,50.4766],[7.7791,50.4757],[7.7935,50.4816]]]},"properties":{"AGS":"07143070","GEN":"Siershahn","SN_L":"07"}},
{"type":"Feature","geometry":{"type":"Polygon","coordinates":[[[7.8464,50.4627],[7.8265,50.472],[7.8118,50.4633],[7.82,50.4569],[7.843,50.4548],[7.8507,50.4573],[7.8464,50.4627]]]},"properties":{"AGS":"07143073","GEN":"Staudt","SN_L":"07"}},
{"type":"Feature","geometry":{"type":"Polygon","coordinates":[[[7.8224,50.4845],[7.8114,50.4896],[7.7935,50.4816],[7.7791,50.4757],[7.7778,50.4667],[7.7513,50.4581],[7.7388,50.4458],[7.7483,50.4359],[7.771,50.4613],[7.7872,50.4653],[7.8118,50.4633],[7.8265,50.472],[7.8262,50.4754],[7.8224,50.4845]]]},"properties":{"AGS":"07143081","GEN":"Wirges","SN_L":"07"}},
{"type":"Feature","geometry":{"type":"Polygon","coordinates":[[[7.8533,50.5273],[7.8482,50.5399],[7.8351,50.5389],[7.8349,50.5298],[7.8219,50.522],[7.8321,50.5176],[7.8533,50.5273]]]},"properties":{"AGS":"07143275","GEN":"Niedersayn","SN_L":"07"}},
{"type":"Feature","geometry":{"type":"Polygon","coordinates":[[[6.7464,49.8143],[6.7135,49.8211],[6.7036,49.8472],[6.6909,49.8577],[6.6796,49.8544],[6.6599,49.8225],[6.6561,49.8093],[6.6355,49.8028],[6.6292,49.785],[6.5893,49.7767],[6.6127,49.7682],[6.6156,49.7622],[6.5955,49.7547],[6.5788,49.7573],[6.5542,49.7398],[6.5529,49.7286],[6.5623,49.7132],[6.5598,49.7018],[6.5626,49.7014],[6.6095,49.7189],[6.6101,49.7086],[6.6228,49.7],[6.6522,49.7029],[6.6573,49.7115],[6.6793,49.7077],[6.6965,49.71],[6.7133,49.717],[6.7149,49.7339],[6.735,49.73],[6.7425,49.7389],[6.7298,49.7384],[6.7154,49.7482],[6.7136,49.7609],[6.6984,49.763],[6.6966,49.7719],[6.7312,49.7766],[6.7391,49.7833],[6.7213,49.7929],[6.7025,49.7932],[6.7024,49.8042],[6.7465,49.8135],[6.7464,49.8143]]]},"properties":{"AGS":"07211000","GEN":"Trier","SN_L":"07"}},
{"type":"Feature","geometry":{"type":"Polygon","coordinates":[[[6.9044,50.0156],[6.8998,50.0307],[6.8729,50.0198],[6.866,50.0085],[6.8556,49.996],[6.835,49.9905],[6.8418,49.9763],[6.8615,49.9593],[6.8653,49.9565],[6.89,49.9627],[6.8967,49.9714],[6.9129,49.9692],[6.9343,49.9551],[6.9458,49.9633],[6.9606,49.9613],[6.9557,49.9746],[6.9767,49.9928],[6.9768,50.0087],[6.9538,50.0187],[6.9359,50.0109],[6.9109,50.0089],[6.9044,50.0156]]]},"properties":{"AGS":"07231134","GEN":"Wittlich","SN_L":"07"}},
{"type":"Feature","geometry":{"type":"Polygon","coordinates":[[[7.1892,49.8633],[7.154,49.8762],[7.1434,49.8585],[7.1271,49.8669],[7.1047,49.8667],[7.0745,49.8633],[7.0777,49.8525],[7.0654,49.8419],[7.0393,49.8389],[7.0326,49.8352],[7.0037,49.8275],[7.0048,49.8192],[7.0169,49.8167],[7.0171,49.8019],[7.0064,49.7957],[7.0082,49.7927],[7.0206,49.795],[7.0364,49.7834],[7.0383,49.7822],[7.0577,49.78],[7.0648,49.7673],[7.0699,49.7509],[7.0829,49.7458],[7.1061,49.7397],[7.1303,49.7583],[7.1275,49.7666],[7.1279,49.7774],[7.1514,49.7904],[7.1766,49.8059],[7.1892,49.8125],[7.2057,49.824],[7.2264,49.8345],[7.1892,49.8633]]]},"properties":{"AGS":"07231502","GEN":"Morbach","SN_L":"07"}},
{"type":"Feature","geometry":{"type":"Polygon","coordinates":[[[7.0456,49.9493],[7.0348,49.9467],[7.0031,49.9563],[6.9792,49.9562],[6.9775,49.9512],[7.0132,49.9435],[7.0304,49.9293],[7.0434,49.9249],[7.0348,49.9153],[7.0342,49.8981],[7.0537,49.8934],[7.0721,49.9003],[7.1028,49.8962],[7.1066,49.9131],[7.08,49.9297],[7.0669,49.9265],[7.0456,49.9493]]]},"properties":{"AGS":"07231008","GEN":"Bernkastel-Kues","SN_L":"07"}},
{"type":"Feature","geometry":{"type":"Polygon","coordinates":[[[7.0047,49.8923],[7.0006,49.9051],[7.006,49.9146],[6.9807,49.9142],[6.9781,49.9126],[6.9596,49.9011],[6.9854,49.8747],[6.9847,49.8664],[7.0102,49.8463],[7.0326,49.8352],[7.0393,49.8389],[7.0224,49.8546],[6.9896,49.8643],[6.9857,49.8802],[7.0047,49.8923]]]},"properties":{"AGS":"07231012","GEN":"Brauneberg","SN_L":"07"}},
{"type":"Feature","geometry":{"type":"Polygon","coordinates":[[[7.008,49.8936],[7.0047,49.8923],[6.9857,49.8802],[6.9896,49.8643],[7.0224,49.8546],[7.0314,49.8608],[7.0105,49.8833],[7.008,49.8936]]]},"properties":{"AGS":"07231016","GEN":"Burgen","SN_L":"07"}},
{"type":"Feature","geometry":{"type":"Polygon","coordinates":[[[7.0444,49.9806],[7.0273,49.9852],[7.024,49.993],[7.019,49.9812],[7.0085,49.9782],[7.021,49.9654],[7.0357,49.9646],[7.0315,49.9707],[7.0444,49.9806]]]},"properties":{"AGS":"07231030","GEN":"Erden","SN_L":"07"}},
{"type":"Feature","geometry":{"type":"Polygon","coordinates":[[[7.0654,49.8419],[7.0438,49.8651],[7.0314,49.8608],[7.0224,49.8546],[7.0393,49.8389],[7.0654,49.8419]]]},"properties":{"AGS":"07231040","GEN":"Gornhausen","SN_L":"07"}},
{"type":"Feature","geometry":{"type":"Polygon","coordinates":[[[7.1091,49.9117],[7.1151,49.9218],[7.0972,49.928],[7.0917,49.9412],[7.0659,49.9542],[7.0488,49.9494],[7.0456,49.9493],[7.0669,49.9265],[7.08,49.9297],[7.1066,49.9131],[7.1091,49.9117]]]},"properties":{"AGS":"07231041","GEN":"Graach an der Mosel","SN_L":"07"}},
{"type":"Feature","geometry":{"type":"Polygon","coordinates":[[[7.2592,49.8617],[7.2264,49.8798],[7.2225,49.885],[7.2209,49.8872],[7.1892,49.8633],[7.2264,49.8345],[7.232,49.8382],[7.2638,49.8556],[7.2592,49.8617]]]},"properties":{"AGS":"07231056","GEN":"Hochscheid","SN_L":"07"}},
{"type":"Feature","geometry":{"type":"Polygon","coordinates":[[[6.9596,49.9011],[6.9781,49.9126],[6.9571,49.9041],[6.9369,49.9043],[6.9199,49.8998],[6.9461,49.8842],[6.9596,49.9011]]]},"properties":{"AGS":"07231066","GEN":"Kesten","SN_L":"07"}},
{"type":"Feature","geometry":{"type":"Polygon","coordinates":[[[7.2195,49.9064],[7.198,49.9013],[7.1764,49.9047],[7.1477,49.9163],[7.1402,49.9066],[7.1392,49.8898],[7.1519,49.8786],[7.154,49.8762],[7.1892,49.8633],[7.2209,49.8872],[7.2118,49.9001],[7.2195,49.9064]]]},"properties":{"AGS":"07231070","GEN":"Kleinich","SN_L":"07"}},
{"type":"Feature","geometry":{"type":"Polygon","coordinates":[[[7.1519,49.8786],[7.1372,49.8839],[7.124,49.8799],[7.1301,49.8688],[7.1434,49.8585],[7.154,49.8762],[7.1519,49.8786]]]},"properties":{"AGS":"07231071","GEN":"Kommen","SN_L":"07"}},
{"type":"Feature","geometry":{"type":"Polygon","coordinates":[[[7.0348,49.9153],[7.0434,49.9249],[7.0304,49.9293],[7.0132,49.9435],[7.0036,49.9311],[7.0114,49.9235],[7.0068,49.9146],[7.0348,49.9153]]]},"properties":{"AGS":"07231075","GEN":"Lieser","SN_L":"07"}},
{"type":"Feature","geometry":{"type":"Polygon","coordinates":[[[7.0713,49.962],[7.0484,49.9643],[7.0444,49.9806],[7.0315,49.9707],[7.0357,49.9646],[7.0603,49.9579],[7.0713,49.962]]]},"properties":{"AGS":"07231076","GEN":"Lösnich","SN_L":"07"}},
{"type":"Feature","geometry":{"type":"Polygon","coordinates":[[[7.1402,49.9066],[7.1091,49.9117],[7.1066,49.9131],[7.1028,49.8962],[7.1047,49.8667],[7.1271,49.8669],[7.1434,49.8585],[7.1301,49.8688],[7.124,49.8799],[7.1372,49.8839],[7.1519,49.8786],[7.1392,49.8898],[7.1402,49.9066]]]},"properties":{"AGS":"07231077","GEN":"Longkamp","SN_L":"07"}},
{"type":"Feature","geometry":{"type":"Polygon","coordinates":[[[6.9775,49.9512],[6.9669,49.9505],[6.9458,49.9367],[6.9526,49.926],[6.9717,49.9257],[6.9807,49.9142],[7.006,49.9146],[7.0068,49.9146],[7.0114,49.9235],[7.0036,49.9311],[7.0132,49.9435],[6.9775,49.9512]]]},"properties":{"AGS":"07231081","GEN":"Maring-Noviand","SN_L":"07"}},
{"type":"Feature","geometry":{"type":"Polygon","coordinates":[[[6.9199,49.8998],[6.9024,49.9083],[6.8937,49.9058],[6.8978,49.8954],[6.9334,49.8884],[6.9467,49.8694],[6.9461,49.8842],[6.9199,49.8998]]]},"properties":{"AGS":"07231086","GEN":"Minheim","SN_L":"07"}},
{"type":"Feature","geometry":{"type":"Polygon","coordinates":[[[7.1028,49.8962],[7.0721,49.9003],[7.0537,49.8934],[7.0529,49.886],[7.0667,49.8809],[7.0745,49.8633],[7.1047,49.8667],[7.1028,49.8962]]]},"properties":{"AGS":"07231087","GEN":"Monzelfeld","SN_L":"07"}},
{"type":"Feature","geometry":{"type":"Polygon","coordinates":[[[7.0537,49.8934],[7.0342,49.8981],[7.0348,49.9153],[7.0068,49.9146],[7.006,49.9146],[7.0006,49.9051],[7.0047,49.8923],[7.008,49.8936],[7.0236,49.8994],[7.0529,49.886],[7.0537,49.8934]]]},"properties":{"AGS":"07231090","GEN":"Mülheim an der Mosel","SN_L":"07"}},
{"type":"Feature","geometry":{"type":"Polygon","coordinates":[[[6.9514,49.833],[6.9433,49.8313],[6.9301,49.8528],[6.8973,49.8671],[6.8883,49.8787],[6.8724,49.8805],[6.8715,49.8798],[6.8845,49.8594],[6.8861,49.8472],[6.9011,49.8318],[6.9482,49.8181],[6.9515,49.8186],[6.9514,49.833]]]},"properties":{"AGS":"07231092","GEN":"Neumagen-Dhron","SN_L":"07"}},
{"type":"Feature","geometry":{"type":"Polygon","coordinates":[[[6.9467,49.8694],[6.9334,49.8884],[6.8978,49.8954],[6.8926,49.8884],[6.8731,49.8839],[6.8724,49.8805],[6.8883,49.8787],[6.8973,49.8671],[6.9301,49.8528],[6.9433,49.8313],[6.9514,49.833],[6.9581,49.8317],[6.9824,49.8419],[6.9748,49.8519],[6.9467,49.8694]]]},"properties":{"AGS":"07231105","GEN":"Piesport","SN_L":"07"}},
{"type":"Feature","geometry":{"type":"Polygon","coordinates":[[[7.0085,49.9782],[7.019,49.9812],[7.024,49.993],[7.0079,50.0032],[6.9955,50.0038],[6.9814,49.9888],[6.9988,49.9765],[7.0085,49.9782]]]},"properties":{"AGS":"07231125","GEN":"Ürzig","SN_L":"07"}},
{"type":"Feature","geometry":{"type":"Polygon","coordinates":[[[7.0529,49.886],[7.0236,49.8994],[7.008,49.8936],[7.0105,49.8833],[7.0314,49.8608],[7.0438,49.8651],[7.0654,49.8419],[7.0777,49.8525],[7.0745,49.8633],[7.0667,49.8809],[7.0529,49.886]]]},"properties":{"AGS":"07231126","GEN":"Veldenz","SN_L":"07"}},
{"type":"Feature","geometry":{"type":"Polygon","coordinates":[[[7.0326,49.8352],[7.0102,49.8463],[6.9847,49.8664],[6.9854,49.8747],[6.9596,49.9011],[6.9461,49.8842],[6.9467,49.8694],[6.9748,49.8519],[6.9824,49.8419],[6.9875,49.8299],[7.0037,49.8275],[7.0326,49.8352]]]},"properties":{"AGS":"07231133","GEN":"Wintrich","SN_L":"07"}},
{"type":"Feature","geometry":{"type":"Polygon","coordinates":[[[6.9955,50.0038],[6.9768,50.0087],[6.9767,49.9928],[6.9557,49.9746],[6.9606,49.9613],[6.9792,49.9562],[7.0031,49.9563],[7.0348,49.9467],[7.0456,49.9493],[7.0488,49.9494],[7.0603,49.9579],[7.0357,49.9646],[7.021,49.9654],[7.0085,49.9782],[6.9988,49.9765],[6.9814,49.9888],[6.9955,50.0038]]]},"properties":{"AGS":"07231136","GEN":"Zeltingen-Rachtig","SN_L":"07"}},
{"type":"Feature","geometry":{"type":"Polygon","coordinates":[[[6.9853,49.7884],[6.968,49.7969],[6.9636,49.8091],[6.9588,49.8122],[6.9412,49.7792],[6.9456,49.7704],[6.973,49.7761],[6.9853,49.7884]]]},"properties":{"AGS":"07231006","GEN":"Berglicht","SN_L":"07"}},
{"type":"Feature","geometry":{"type":"Polygon","coordinates":[[[6.9758,49.7364],[6.9811,49.7435],[6.9636,49.7374],[6.9533,49.7413],[6.9462,49.7356],[6.9486,49.7301],[6.9535,49.7242],[6.9634,49.7226],[6.9677,49.7262],[6.9758,49.7364]]]},"properties":{"AGS":"07231017","GEN":"Burtscheid","SN_L":"07"}},
{"type":"Feature","geometry":{"type":"Polygon","coordinates":[[[7.0699,49.7509],[7.0648,49.7673],[7.0379,49.7612],[7.0328,49.7564],[7.0491,49.7469],[7.0699,49.7509]]]},"properties":{"AGS":"07231018","GEN":"Deuselbach","SN_L":"07"}},
{"type":"Feature","geometry":{"type":"Polygon","coordinates":[[[6.9882,49.7255],[6.9758,49.7364],[6.9677,49.7262],[6.9882,49.7255]]]},"properties":{"AGS":"07231019","GEN":"Dhronecken","SN_L":"07"}},
{"type":"Feature","geometry":{"type":"Polygon","coordinates":[[[7.0364,49.7834],[7.0206,49.795],[7.0082,49.7927],[7.0045,49.7896],[7.0115,49.7752],[7.0217,49.7713],[7.0364,49.7834]]]},"properties":{"AGS":"07231032","GEN":"Etgert","SN_L":"07"}},
{"type":"Feature","geometry":{"type":"Polygon","coordinates":[[[7.0045,49.7896],[6.9853,49.7884],[6.973,49.7761],[6.9738,49.7743],[6.9845,49.777],[7.0073,49.7643],[7.0115,49.7752],[7.0045,49.7896]]]},"properties":{"AGS":"07231035","GEN":"Gielert","SN_L":"07"}},
{"type":"Feature","geometry":{"type":"Polygon","coordinates":[[[6.9934,49.802],[6.9768,49.7994],[6.9636,49.8091],[6.968,49.7969],[6.9853,49.7884],[7.0045,49.7896],[7.0082,49.7927],[7.0064,49.7957],[6.9934,49.802]]]},"properties":{"AGS":"07231042","GEN":"Gräfendhron","SN_L":"07"}},
{"type":"Feature","geometry":{"type":"Polygon","coordinates":[[[6.9811,49.7435],[6.9758,49.7364],[6.9882,49.7255],[7.0024,49.7262],[7.025,49.7215],[7.0405,49.7071],[7.0718,49.7104],[7.1061,49.7397],[7.0829,49.7458],[7.077,49.7404],[7.0404,49.7273],[7.0234,49.7379],[6.9811,49.7435]]]},"properties":{"AGS":"07231054","GEN":"Hilscheid","SN_L":"07"}},
{"type":"Feature","geometry":{"type":"Polygon","coordinates":[[[6.9824,49.8419],[6.9581,49.8317],[6.9514,49.833],[6.9515,49.8186],[6.9588,49.8122],[6.9636,49.8091],[6.9768,49.7994],[6.9934,49.802],[7.0048,49.8192],[7.0037,49.8275],[6.9875,49.8299],[6.9824,49.8419]]]},"properties":{"AGS":"07231058","GEN":"Horath","SN_L":"07"}},
{"type":"Feature","geometry":{"type":"Polygon","coordinates":[[[7.0379,49.7612],[7.0383,49.7822],[7.0364,49.7834],[7.0217,49.7713],[7.0115,49.7752],[7.0073,49.7643],[7.0328,49.7564],[7.0379,49.7612]]]},"properties":{"AGS":"07231064","GEN":"Immert","SN_L":"07"}},
{"type":"Feature","geometry":{"type":"Polygon","coordinates":[[[6.9811,49.7435],[6.9759,49.7552],[6.9501,49.749],[6.9533,49.7413],[6.9636,49.7374],[6.9811,49.7435]]]},"properties":{"AGS":"07231078","GEN":"Lückenburg","SN_L":"07"}},
{"type":"Feature","geometry":{"type":"Polygon","coordinates":[[[6.9882,49.7255],[6.9677,49.7262],[6.9634,49.7226],[6.9742,49.7128],[6.9656,49.7047],[6.9715,49.6909],[6.9783,49.6776],[7.0043,49.673],[7.0139,49.6769],[7.0315,49.6803],[7.0443,49.6893],[7.0718,49.7104],[7.0405,49.7071],[7.025,49.7215],[7.0024,49.7262],[6.9882,49.7255]]]},"properties":{"AGS":"07231079","GEN":"Malborn","SN_L":"07"}},
{"type":"Feature","geometry":{"type":"Polygon","coordinates":[[[7.0064,49.7957],[7.0171,49.8019],[7.0169,49.8167],[7.0048,49.8192],[6.9934,49.802],[7.0064,49.7957]]]},"properties":{"AGS":"07231083","GEN":"Merschbach","SN_L":"07"}},
{"type":"Feature","geometry":{"type":"Polygon","coordinates":[[[6.9447,49.7556],[6.9166,49.7479],[6.9462,49.7356],[6.9533,49.7413],[6.9501,49.749],[6.9447,49.7556]]]},"properties":{"AGS":"07231093","GEN":"Neunkirchen","SN_L":"07"}},
{"type":"Feature","geometry":{"type":"Polygon","coordinates":[[[7.0648,49.7673],[7.0577,49.78],[7.0383,49.7822],[7.0379,49.7612],[7.0648,49.7673]]]},"properties":{"AGS":"07231112","GEN":"Rorodt","SN_L":"07"}},
{"type":"Feature","geometry":{"type":"Polygon","coordinates":[[[6.9447,49.7556],[6.9456,49.7704],[6.9412,49.7792],[6.9332,49.7692],[6.9058,49.7615],[6.9012,49.7644],[6.9012,49.7599],[6.9116,49.7491],[6.9166,49.7479],[6.9447,49.7556]]]},"properties":{"AGS":"07231115","GEN":"Schönberg","SN_L":"07"}},
{"type":"Feature","geometry":{"type":"Polygon","coordinates":[[[6.9759,49.7552],[6.9593,49.7667],[6.9738,49.7743],[6.973,49.7761],[6.9456,49.7704],[6.9447,49.7556],[6.9501,49.749],[6.9759,49.7552]]]},"properties":{"AGS":"07231122","GEN":"Talling","SN_L":"07"}},
{"type":"Feature","geometry":{"type":"Polygon","coordinates":[[[7.0073,49.7643],[6.9845,49.777],[6.9738,49.7743],[6.9593,49.7667],[6.9759,49.7552],[6.9811,49.7435],[7.0234,49.7379],[7.0404,49.7273],[7.077,49.7404],[7.0829,49.7458],[7.0699,49.7509],[7.0491,49.7469],[7.0328,49.7564],[7.0073,49.7643]]]},"properties":{"AGS":"07231123","GEN":"Thalfang","SN_L":"07"}},
{"type":"Feature","geometry":{"type":"Polygon","coordinates":[[[6.9388,49.7794],[6.9352,49.7745],[6.9112,49.7805],[6.8959,49.7735],[6.9012,49.7644],[6.9058,49.7615],[6.9332,49.7692],[6.9412,49.7792],[6.9388,49.7794]]]},"properties":{"AGS":"07231202","GEN":"Breit","SN_L":"07"}},
{"type":"Feature","geometry":{"type":"Polygon","coordinates":[[[6.9388,49.7794],[6.8986,49.7913],[6.8788,49.7834],[6.8754,49.7796],[6.8959,49.7735],[6.9112,49.7805],[6.9352,49.7745],[6.9388,49.7794]]]},"properties":{"AGS":"07231203","GEN":"Büdlich","SN_L":"07"}},
{"type":"Feature","geometry":{"type":"Polygon","coordinates":[[[6.9412,49.7792],[6.9588,49.8122],[6.9515,49.8186],[6.9482,49.8181],[6.9422,49.8047],[6.9237,49.803],[6.9127,49.8074],[6.8986,49.7913],[6.9388,49.7794],[6.9412,49.7792]]]},"properties":{"AGS":"07231204","GEN":"Heidenburg","SN_L":"07"}},
{"type":"Feature","geometry":{"type":"Polygon","coordinates":[[[6.9343,49.9551],[6.9129,49.9692],[6.8967,49.9714],[6.89,49.9627],[6.8653,49.9565],[6.8592,49.9501],[6.8848,49.9329],[6.8865,49.9272],[6.9027,49.9211],[6.9267,49.9392],[6.9228,49.9494],[6.9343,49.9551]]]},"properties":{"AGS":"07231001","GEN":"Altrich","SN_L":"07"}},
{"type":"Feature","geometry":{"type":"Polygon","coordinates":[[[6.7649,49.9677],[6.7423,49.9703],[6.741,49.9564],[6.7045,49.9482],[6.7078,49.9409],[6.7406,49.9481],[6.7704,49.9453],[6.7649,49.9677]]]},"properties":{"AGS":"07231003","GEN":"Arenrath","SN_L":"07"}},
{"type":"Feature","geometry":{"type":"Polygon","coordinates":[[[6.835,49.9905],[6.7997,49.9905],[6.7738,49.9764],[6.7851,49.9794],[6.8009,49.9699],[6.8082,49.9514],[6.8148,49.9555],[6.8475,49.9625],[6.8615,49.9593],[6.8418,49.9763],[6.835,49.9905]]]},"properties":{"AGS":"07231007","GEN":"Bergweiler","SN_L":"07"}},
{"type":"Feature","geometry":{"type":"Polygon","coordinates":[[[6.789,50.0958],[6.7557,50.0909],[6.7497,50.0829],[6.7152,50.0704],[6.724,50.0706],[6.7393,50.0549],[6.7603,50.0476],[6.7574,50.0533],[6.7626,50.0598],[6.8083,50.0668],[6.789,50.0958]]]},"properties":{"AGS":"07231009","GEN":"Bettenfeld","SN_L":"07"}},
{"type":"Feature","geometry":{"type":"Polygon","coordinates":[[[6.7423,49.9703],[6.7182,49.9689],[6.7216,49.9828],[6.7139,49.9849],[6.6812,49.9649],[6.6864,49.9561],[6.7045,49.9482],[6.741,49.9564],[6.7423,49.9703]]]},"properties":{"AGS":"07231010","GEN":"Binsfeld","SN_L":"07"}},
{"type":"Feature","geometry":{"type":"Polygon","coordinates":[[[6.8082,49.9514],[6.8009,49.9699],[6.7851,49.9794],[6.7738,49.9764],[6.7649,49.9677],[6.7704,49.9453],[6.7713,49.9399],[6.7936,49.9456],[6.8082,49.9514]]]},"properties":{"AGS":"07231013","GEN":"Bruch","SN_L":"07"}},
{"type":"Feature","geometry":{"type":"Polygon","coordinates":[[[6.9028,50.087],[6.8841,50.0806],[6.9054,50.0785],[6.9028,50.087]]]},"properties":{"AGS":"07231021","GEN":"Dierfeld","SN_L":"07"}},
{"type":"Feature","geometry":{"type":"Polygon","coordinates":[[[6.7725,49.8945],[6.7691,49.9105],[6.7611,49.9105],[6.7449,49.8884],[6.763,49.8915],[6.7725,49.8945]]]},"properties":{"AGS":"07231022","GEN":"Dierscheid","SN_L":"07"}},
{"type":"Feature","geometry":{"type":"Polygon","coordinates":[[[6.7965,49.927],[6.7945,49.9329],[6.7741,49.9296],[6.7658,49.9229],[6.7611,49.9105],[6.7691,49.9105],[6.7845,49.9094],[6.7941,49.9181],[6.7939,49.9186],[6.7965,49.927]]]},"properties":{"AGS":"07231023","GEN":"Dodenburg","SN_L":"07"}},
{"type":"Feature","geometry":{"type":"Polygon","coordinates":[[[6.8615,49.9593],[6.8475,49.9625],[6.8148,49.9555],[6.8082,49.9514],[6.7936,49.9456],[6.7945,49.9329],[6.7965,49.927],[6.8592,49.9501],[6.8653,49.9565],[6.8615,49.9593]]]},"properties":{"AGS":"07231024","GEN":"Dreis","SN_L":"07"}},
{"type":"Feature","geometry":{"type":"Polygon","coordinates":[[[6.8606,50.1294],[6.8143,50.1239],[6.8124,50.1194],[6.8238,50.0983],[6.8541,50.0992],[6.8775,50.1084],[6.8798,50.1153],[6.8659,50.1228],[6.8606,50.1294]]]},"properties":{"AGS":"07231025","GEN":"Eckfeld","SN_L":"07"}},
{"type":"Feature","geometry":{"type":"Polygon","coordinates":[[[6.7152,50.0704],[6.6972,50.0812],[6.6985,50.0594],[6.717,50.0425],[6.7341,50.0392],[6.7513,50.0294],[6.7603,50.0476],[6.7393,50.0549],[6.724,50.0706],[6.7152,50.0704]]]},"properties":{"AGS":"07231026","GEN":"Eisenschmitt","SN_L":"07"}},
{"type":"Feature","geometry":{"type":"Polygon","coordinates":[[[6.8575,49.9077],[6.838,49.8982],[6.8435,49.8869],[6.8636,49.8949],[6.8575,49.9077]]]},"properties":{"AGS":"07231031","GEN":"Esch","SN_L":"07"}},
{"type":"Feature","geometry":{"type":"Polygon","coordinates":[[[6.8525,50.0315],[6.8764,50.0369],[6.8682,50.0565],[6.8441,50.0489],[6.8438,50.0371],[6.8525,50.0315]]]},"properties":{"AGS":"07231036","GEN":"Gipperath","SN_L":"07"}},
{"type":"Feature","geometry":{"type":"Polygon","coordinates":[[[6.7936,49.9456],[6.7713,49.9399],[6.7609,49.9357],[6.7658,49.9229],[6.7741,49.9296],[6.7945,49.9329],[6.7936,49.9456]]]},"properties":{"AGS":"07231037","GEN":"Gladbach","SN_L":"07"}},
{"type":"Feature","geometry":{"type":"Polygon","coordinates":[[[6.9214,50.0374],[6.9163,50.0449],[6.8954,50.0459],[6.8856,50.0418],[6.8998,50.0307],[6.9044,50.0156],[6.9195,50.0315],[6.9214,50.0374]]]},"properties":{"AGS":"07231044","GEN":"Greimerath","SN_L":"07"}},
{"type":"Feature","geometry":{"type":"Polygon","coordinates":[[[6.8198,50.0374],[6.7881,50.0367],[6.7655,50.0542],[6.7574,50.0533],[6.7603,50.0476],[6.7513,50.0294],[6.7799,50.0145],[6.7913,50.0128],[6.8153,50.0142],[6.8334,50.0269],[6.8198,50.0374]]]},"properties":{"AGS":"07231046","GEN":"Großlittgen","SN_L":"07"}},
{"type":"Feature","geometry":{"type":"Polygon","coordinates":[[[6.9375,50.0457],[6.9268,50.0599],[6.9103,50.0734],[6.9096,50.0736],[6.8954,50.0459],[6.9163,50.0449],[6.9214,50.0374],[6.9375,50.0457]]]},"properties":{"AGS":"07231049","GEN":"Hasborn","SN_L":"07"}},
{"type":"Feature","geometry":{"type":"Polygon","coordinates":[[[6.8047,49.8949],[6.81,49.9015],[6.7941,49.9181],[6.7845,49.9094],[6.7691,49.9105],[6.7725,49.8945],[6.791,49.8978],[6.8047,49.8949]]]},"properties":{"AGS":"07231050","GEN":"Heckenmünster","SN_L":"07"}},
{"type":"Feature","geometry":{"type":"Polygon","coordinates":[[[6.7611,49.9105],[6.7658,49.9229],[6.7584,49.9186],[6.7133,49.9146],[6.7116,49.9055],[6.7224,49.8951],[6.7239,49.8812],[6.7321,49.8794],[6.7449,49.8884],[6.7611,49.9105]]]},"properties":{"AGS":"07231051","GEN":"Heidweiler","SN_L":"07"}},
{"type":"Feature","geometry":{"type":"Polygon","coordinates":[[[6.8047,49.8949],[6.791,49.8978],[6.7725,49.8945],[6.763,49.8915],[6.7604,49.8788],[6.7846,49.8776],[6.7976,49.8607],[6.7947,49.8539],[6.7981,49.8517],[6.8142,49.8621],[6.8231,49.859],[6.8385,49.864],[6.8255,49.8852],[6.8146,49.8834],[6.8047,49.8949]]]},"properties":{"AGS":"07231053","GEN":"Hetzerath","SN_L":"07"}},
{"type":"Feature","geometry":{"type":"Polygon","coordinates":[[[6.8556,49.996],[6.8423,50.0022],[6.8094,49.9993],[6.7975,49.998],[6.7997,49.9905],[6.835,49.9905],[6.8556,49.996]]]},"properties":{"AGS":"07231062","GEN":"Hupperath","SN_L":"07"}},
{"type":"Feature","geometry":{"type":"Polygon","coordinates":[[[6.814,50.0633],[6.8083,50.0668],[6.7626,50.0598],[6.7574,50.0533],[6.7655,50.0542],[6.7881,50.0367],[6.8198,50.0374],[6.8176,50.0503],[6.814,50.0633]]]},"properties":{"AGS":"07231065","GEN":"Karl","SN_L":"07"}},
{"type":"Feature","geometry":{"type":"Polygon","coordinates":[[[6.9027,49.9211],[6.8865,49.9272],[6.8691,49.9157],[6.8575,49.9077],[6.8636,49.8949],[6.8731,49.8839],[6.8926,49.8884],[6.8978,49.8954],[6.8937,49.9058],[6.9027,49.9211]]]},"properties":{"AGS":"07231069","GEN":"Klausen","SN_L":"07"}},
{"type":"Feature","geometry":{"type":"Polygon","coordinates":[[[6.8787,50.0789],[6.8715,50.091],[6.8562,50.0933],[6.8248,50.075],[6.8226,50.0667],[6.8463,50.0724],[6.8785,50.0727],[6.8787,50.0789]]]},"properties":{"AGS":"07231074","GEN":"Laufeld","SN_L":"07"}},
{"type":"Feature","geometry":{"type":"Polygon","coordinates":[[[6.8238,50.0983],[6.8124,50.1194],[6.8122,50.1199],[6.7758,50.1081],[6.789,50.0958],[6.8083,50.0668],[6.814,50.0633],[6.8226,50.0667],[6.8248,50.075],[6.8152,50.0804],[6.8238,50.0983]]]},"properties":{"AGS":"07231080","GEN":"Manderscheid","SN_L":"07"}},
{"type":"Feature","geometry":{"type":"Polygon","coordinates":[[[6.7758,50.1081],[6.7623,50.1178],[6.7327,50.0968],[6.7301,50.0907],[6.7012,50.0887],[6.7003,50.0845],[6.6972,50.0812],[6.7152,50.0704],[6.7497,50.0829],[6.7557,50.0909],[6.789,50.0958],[6.7758,50.1081]]]},"properties":{"AGS":"07231082","GEN":"Meerfeld","SN_L":"07"}},
{"type":"Feature","geometry":{"type":"Polygon","coordinates":[[[6.8485,50.0258],[6.8334,50.0269],[6.8153,50.0142],[6.8188,50.0052],[6.8094,49.9993],[6.8423,50.0022],[6.8556,49.996],[6.866,50.0085],[6.8544,50.0126],[6.8485,50.0258]]]},"properties":{"AGS":"07231085","GEN":"Minderlittgen","SN_L":"07"}},
{"type":"Feature","geometry":{"type":"Polygon","coordinates":[[[6.8153,50.0142],[6.7913,50.0128],[6.7975,49.998],[6.8094,49.9993],[6.8188,50.0052],[6.8153,50.0142]]]},"properties":{"AGS":"07231091","GEN":"Musweiler","SN_L":"07"}},
{"type":"Feature","geometry":{"type":"Polygon","coordinates":[[[6.9054,50.0785],[6.8841,50.0806],[6.8787,50.0789],[6.8785,50.0727],[6.8682,50.0565],[6.8764,50.0369],[6.8856,50.0418],[6.8954,50.0459],[6.9096,50.0736],[6.9054,50.0785]]]},"properties":{"AGS":"07231095","GEN":"Niederöfflingen","SN_L":"07"}},
{"type":"Feature","geometry":{"type":"Polygon","coordinates":[[[6.9624,50.0441],[6.9638,50.0723],[6.9533,50.08],[6.951,50.0801],[6.9268,50.0599],[6.9375,50.0457],[6.945,50.0425],[6.9635,50.0389],[6.9624,50.0441]]]},"properties":{"AGS":"07231096","GEN":"Niederscheidweiler","SN_L":"07"}},
{"type":"Feature","geometry":{"type":"Polygon","coordinates":[[[6.8785,50.0727],[6.8463,50.0724],[6.8226,50.0667],[6.814,50.0633],[6.8176,50.0503],[6.8291,50.0535],[6.8441,50.0489],[6.8682,50.0565],[6.8785,50.0727]]]},"properties":{"AGS":"07231100","GEN":"Oberöfflingen","SN_L":"07"}},
{"type":"Feature","geometry":{"type":"Polygon","coordinates":[[[6.951,50.0801],[6.9425,50.0887],[6.9103,50.0734],[6.9268,50.0599],[6.951,50.0801]]]},"properties":{"AGS":"07231101","GEN":"Oberscheidweiler","SN_L":"07"}},
{"type":"Feature","geometry":{"type":"Polygon","coordinates":[[[6.9458,49.9367],[6.9267,49.9392],[6.9027,49.9211],[6.8937,49.9058],[6.9024,49.9083],[6.9199,49.8998],[6.9369,49.9043],[6.9571,49.9041],[6.9781,49.9126],[6.9807,49.9142],[6.9717,49.9257],[6.9526,49.926],[6.9458,49.9367]]]},"properties":{"AGS":"07231103","GEN":"Osann-Monzel","SN_L":"07"}},
{"type":"Feature","geometry":{"type":"Polygon","coordinates":[[[6.8541,50.0992],[6.8238,50.0983],[6.8152,50.0804],[6.8248,50.075],[6.8562,50.0933],[6.8541,50.0992]]]},"properties":{"AGS":"07231104","GEN":"Pantenburg","SN_L":"07"}},
{"type":"Feature","geometry":{"type":"Polygon","coordinates":[[[6.9606,49.9613],[6.9458,49.9633],[6.9343,49.9551],[6.9228,49.9494],[6.9267,49.9392],[6.9458,49.9367],[6.9669,49.9505],[6.9775,49.9512],[6.9792,49.9562],[6.9606,49.9613]]]},"properties":{"AGS":"07231107","GEN":"Platten","SN_L":"07"}},
{"type":"Feature","geometry":{"type":"Polygon","coordinates":[[[6.8998,50.0307],[6.8856,50.0418],[6.8764,50.0369],[6.8525,50.0315],[6.8485,50.0258],[6.8544,50.0126],[6.866,50.0085],[6.8729,50.0198],[6.8998,50.0307]]]},"properties":{"AGS":"07231108","GEN":"Plein","SN_L":"07"}},
{"type":"Feature","geometry":{"type":"Polygon","coordinates":[[[6.8731,49.8839],[6.8636,49.8949],[6.8435,49.8869],[6.8255,49.8852],[6.8385,49.864],[6.8677,49.8652],[6.8715,49.8798],[6.8724,49.8805],[6.8731,49.8839]]]},"properties":{"AGS":"07231111","GEN":"Rivenich","SN_L":"07"}},
{"type":"Feature","geometry":{"type":"Polygon","coordinates":[[[6.8865,49.9272],[6.8848,49.9329],[6.8592,49.9501],[6.7965,49.927],[6.7939,49.9186],[6.8214,49.9129],[6.8456,49.9209],[6.8691,49.9157],[6.8865,49.9272]]]},"properties":{"AGS":"07231113","GEN":"Salmtal","SN_L":"07"}},
{"type":"Feature","geometry":{"type":"Polygon","coordinates":[[[6.8441,50.0489],[6.8291,50.0535],[6.8176,50.0503],[6.8198,50.0374],[6.8334,50.0269],[6.8485,50.0258],[6.8525,50.0315],[6.8438,50.0371],[6.8441,50.0489]]]},"properties":{"AGS":"07231114","GEN":"Schladt","SN_L":"07"}},
{"type":"Feature","geometry":{"type":"Polygon","coordinates":[[[6.717,50.0425],[6.6995,50.0405],[6.6991,50.0261],[6.7036,50.0203],[6.7317,50.0309],[6.7513,50.0294],[6.7341,50.0392],[6.717,50.0425]]]},"properties":{"AGS":"07231116","GEN":"Schwarzenborn","SN_L":"07"}},
{"type":"Feature","geometry":{"type":"Polygon","coordinates":[[[6.8691,49.9157],[6.8456,49.9209],[6.8214,49.9129],[6.7939,49.9186],[6.7941,49.9181],[6.81,49.9015],[6.8047,49.8949],[6.8146,49.8834],[6.8255,49.8852],[6.8435,49.8869],[6.838,49.8982],[6.8575,49.9077],[6.8691,49.9157]]]},"properties":{"AGS":"07231117","GEN":"Sehlem","SN_L":"07"}},
{"type":"Feature","geometry":{"type":"Polygon","coordinates":[[[6.8981,50.1029],[6.8775,50.1084],[6.8541,50.0992],[6.8562,50.0933],[6.8715,50.091],[6.8787,50.0789],[6.8841,50.0806],[6.9028,50.087],[6.902,50.0911],[6.8981,50.1029]]]},"properties":{"AGS":"07231127","GEN":"Wallscheid","SN_L":"07"}},
{"type":"Feature","geometry":{"type":"Polygon","coordinates":[[[6.7513,50.0294],[6.7317,50.0309],[6.7036,50.0203],[6.7121,50.0091],[6.7282,49.984],[6.7216,49.9828],[6.7182,49.9689],[6.7423,49.9703],[6.7649,49.9677],[6.7738,49.9764],[6.7997,49.9905],[6.7975,49.998],[6.7913,50.0128],[6.7799,50.0145],[6.7513,50.0294]]]},"properties":{"AGS":"07231503","GEN":"Landscheid","SN_L":"07"}},
{"type":"Feature","geometry":{"type":"Polygon","coordinates":[[[6.7704,49.9453],[6.7406,49.9481],[6.7078,49.9409],[6.6995,49.9249],[6.7133,49.9146],[6.7584,49.9186],[6.7658,49.9229],[6.7609,49.9357],[6.7713,49.9399],[6.7704,49.9453]]]},"properties":{"AGS":"07231504","GEN":"Niersbach","SN_L":"07"}},
{"type":"Feature","geometry":{"type":"Polygon","coordinates":[[[6.9889,50.0383],[6.9624,50.0441],[6.9635,50.0389],[6.9485,50.0295],[6.9538,50.0187],[6.9768,50.0087],[6.9955,50.0038],[7.0079,50.0032],[7.01,50.0049],[7.0135,50.0209],[7.0011,50.0252],[6.9889,50.0383]]]},"properties":{"AGS":"07231004","GEN":"Bausendorf","SN_L":"07"}},
{"type":"Feature","geometry":{"type":"Polygon","coordinates":[[[7.0852,50.0661],[7.0597,50.0678],[7.0349,50.0462],[7.0143,50.0448],[6.9889,50.0383],[7.0011,50.0252],[7.0135,50.0209],[7.0266,50.0256],[7.0463,50.0071],[7.0604,50.0044],[7.0837,50.0207],[7.0752,50.0313],[7.099,50.0498],[7.1005,50.0616],[7.0852,50.0661]]]},"properties":{"AGS":"07231005","GEN":"Bengel","SN_L":"07"}},
{"type":"Feature","geometry":{"type":"Polygon","coordinates":[[[7.1467,49.9957],[7.1362,49.9999],[7.1282,50.0177],[7.1259,50.0242],[7.1149,49.9985],[7.1148,49.9955],[7.1467,49.9957]]]},"properties":{"AGS":"07231014","GEN":"Burg (Mosel)","SN_L":"07"}},
{"type":"Feature","geometry":{"type":"Polygon","coordinates":[[[6.9635,50.0389],[6.945,50.0425],[6.9322,50.0285],[6.9485,50.0295],[6.9635,50.0389]]]},"properties":{"AGS":"07231020","GEN":"Diefenbach","SN_L":"07"}},
{"type":"Feature","geometry":{"type":"Polygon","coordinates":[[[7.2027,49.9663],[7.1897,49.977],[7.1965,49.9864],[7.1467,49.9957],[7.1148,49.9955],[7.1228,49.9779],[7.138,49.9633],[7.1579,49.9515],[7.1735,49.9461],[7.1878,49.9414],[7.2106,49.9474],[7.2143,49.9567],[7.2027,49.9663]]]},"properties":{"AGS":"07231029","GEN":"Enkirch","SN_L":"07"}},
{"type":"Feature","geometry":{"type":"Polygon","coordinates":[[[6.9195,50.0315],[6.9044,50.0156],[6.9109,50.0089],[6.9359,50.0109],[6.9538,50.0187],[6.9485,50.0295],[6.9322,50.0285],[6.9195,50.0315]]]},"properties":{"AGS":"07231033","GEN":"Flußbach","SN_L":"07"}},
{"type":"Feature","geometry":{"type":"Polygon","coordinates":[[[7.0031,50.0854],[6.9828,50.0826],[6.979,50.0979],[6.9533,50.08],[6.9638,50.0723],[6.9624,50.0441],[6.9889,50.0383],[7.0143,50.0448],[7.0349,50.0462],[7.0597,50.0678],[7.0557,50.0698],[7.0424,50.0655],[7.0227,50.0667],[7.0031,50.0854]]]},"properties":{"AGS":"07231057","GEN":"Hontheim","SN_L":"07"}},
{"type":"Feature","geometry":{"type":"Polygon","coordinates":[[[7.0463,50.0071],[7.0266,50.0256],[7.0135,50.0209],[7.01,50.0049],[7.0205,50.0042],[7.0353,49.9933],[7.0463,50.0071]]]},"properties":{"AGS":"07231067","GEN":"Kinderbeuern","SN_L":"07"}},
{"type":"Feature","geometry":{"type":"Polygon","coordinates":[[[7.0604,50.0044],[7.0463,50.0071],[7.0353,49.9933],[7.0205,50.0042],[7.01,50.0049],[7.0079,50.0032],[7.024,49.993],[7.0273,49.9852],[7.0444,49.9806],[7.0484,49.9643],[7.0713,49.962],[7.0839,49.9671],[7.072,49.9675],[7.056,49.9881],[7.0604,50.0044]]]},"properties":{"AGS":"07231068","GEN":"Kinheim","SN_L":"07"}},
{"type":"Feature","geometry":{"type":"Polygon","coordinates":[[[7.1149,49.9985],[7.1075,49.9987],[7.08,50.0167],[7.0837,50.0207],[7.0604,50.0044],[7.056,49.9881],[7.072,49.9675],[7.0839,49.9671],[7.0928,49.981],[7.1082,49.9848],[7.1228,49.9779],[7.1148,49.9955],[7.1149,49.9985]]]},"properties":{"AGS":"07231072","GEN":"Kröv","SN_L":"07"}},
{"type":"Feature","geometry":{"type":"Polygon","coordinates":[[[7.1032,50.0473],[7.099,50.0498],[7.0752,50.0313],[7.0837,50.0207],[7.08,50.0167],[7.1075,49.9987],[7.1149,49.9985],[7.1259,50.0242],[7.1033,50.0361],[7.1032,50.0473]]]},"properties":{"AGS":"07231110","GEN":"Reil","SN_L":"07"}},
{"type":"Feature","geometry":{"type":"Polygon","coordinates":[[[7.1579,49.9515],[7.138,49.9633],[7.137,49.9516],[7.148,49.9431],[7.1579,49.9515]]]},"properties":{"AGS":"07231120","GEN":"Starkenburg","SN_L":"07"}},
{"type":"Feature","geometry":{"type":"Polygon","coordinates":[[[7.1228,49.9779],[7.1082,49.9848],[7.0928,49.981],[7.0839,49.9671],[7.0713,49.962],[7.0603,49.9579],[7.0488,49.9494],[7.0659,49.9542],[7.0917,49.9412],[7.0972,49.928],[7.1151,49.9218],[7.1091,49.9117],[7.1402,49.9066],[7.1477,49.9163],[7.155,49.9342],[7.1695,49.9375],[7.1735,49.9461],[7.1579,49.9515],[7.148,49.9431],[7.137,49.9516],[7.138,49.9633],[7.1228,49.9779]]]},"properties":{"AGS":"07231124","GEN":"Traben-Trarbach","SN_L":"07"}},
{"type":"Feature","geometry":{"type":"Polygon","coordinates":[[[6.9375,50.0457],[6.9214,50.0374],[6.9195,50.0315],[6.9322,50.0285],[6.945,50.0425],[6.9375,50.0457]]]},"properties":{"AGS":"07231132","GEN":"Willwerscheid","SN_L":"07"}},
{"type":"Feature","geometry":{"type":"Polygon","coordinates":[[[7.2541,49.9412],[7.2216,49.9485],[7.2143,49.9567],[7.2106,49.9474],[7.1878,49.9414],[7.2048,49.9353],[7.2168,49.9171],[7.2239,49.9138],[7.2389,49.9221],[7.2498,49.935],[7.2541,49.9412]]]},"properties":{"AGS":"07231206","GEN":"Lötzbeuren","SN_L":"07"}},
{"type":"Feature","geometry":{"type":"Polygon","coordinates":[[[7.1878,49.9414],[7.1735,49.9461],[7.1695,49.9375],[7.155,49.9342],[7.1477,49.9163],[7.1764,49.9047],[7.198,49.9013],[7.2195,49.9064],[7.2238,49.9118],[7.2239,49.9138],[7.2168,49.9171],[7.2048,49.9353],[7.1878,49.9414]]]},"properties":{"AGS":"07231501","GEN":"Irmenach","SN_L":"07"}},
{"type":"Feature","geometry":{"type":"Polygon","coordinates":[[[6.5832,49.9923],[6.588,50.0128],[6.5777,50.0162],[6.5716,50.0189],[6.5357,50.0058],[6.5265,50.0024],[6.5273,49.9955],[6.5075,49.9913],[6.4961,49.9809],[6.4553,49.98],[6.4534,49.9687],[6.4564,49.9631],[6.4721,49.9629],[6.5042,49.9485],[6.5122,49.9445],[6.5319,49.9353],[6.5578,49.942],[6.5868,49.9548],[6.5684,49.9761],[6.5832,49.9923]]]},"properties":{"AGS":"07232018","GEN":"Bitburg","SN_L":"07"}},
{"type":"Feature","geometry":{"type":"Polygon","coordinates":[[[6.2778,50.1173],[6.2374,50.1038],[6.2366,50.0956],[6.2492,50.0762],[6.2502,50.059],[6.2728,50.067],[6.2795,50.064],[6.2935,50.0795],[6.3175,50.0704],[6.3278,50.0768],[6.3029,50.0889],[6.3,50.0913],[6.2871,50.1026],[6.269,50.1115],[6.2778,50.1173]]]},"properties":{"AGS":"07232201","GEN":"Arzfeld","SN_L":"07"}},
{"type":"Feature","geometry":{"type":"Polygon","coordinates":[[[6.4126,50.1304],[6.4064,50.1311],[6.3796,50.1247],[6.3764,50.1183],[6.3798,50.1058],[6.395,50.1071],[6.4177,50.1198],[6.4126,50.1304]]]},"properties":{"AGS":"07232211","GEN":"Dackscheid","SN_L":"07"}},
{"type":"Feature","geometry":{"type":"Polygon","coordinates":[[[6.1601,50.1105],[6.1284,50.1172],[6.1332,50.1025],[6.1195,50.0896],[6.1291,50.073],[6.1139,50.0642],[6.1328,50.0582],[6.1566,50.0643],[6.1673,50.0746],[6.1648,50.0925],[6.1762,50.1044],[6.1708,50.1076],[6.1601,50.1105]]]},"properties":{"AGS":"07232212","GEN":"Dahnen","SN_L":"07"}},
{"type":"Feature","geometry":{"type":"Polygon","coordinates":[[[6.2084,50.0673],[6.196,50.0865],[6.1831,50.0743],[6.1673,50.0746],[6.1566,50.0643],[6.1613,50.0491],[6.1598,50.0426],[6.1799,50.0279],[6.1993,50.0291],[6.2074,50.0387],[6.2062,50.0457],[6.1963,50.0566],[6.2084,50.0673]]]},"properties":{"AGS":"07232213","GEN":"Daleiden","SN_L":"07"}},
{"type":"Feature","geometry":{"type":"Polygon","coordinates":[[[6.1566,50.0643],[6.1328,50.0582],[6.1139,50.0642],[6.1335,50.0419],[6.1613,50.0491],[6.1566,50.0643]]]},"properties":{"AGS":"07232214","GEN":"Dasburg","SN_L":"07"}},
{"type":"Feature","geometry":{"type":"Polygon","coordinates":[[[6.4064,50.1311],[6.4036,50.1382],[6.3858,50.1382],[6.3756,50.1297],[6.3796,50.1247],[6.4064,50.1311]]]},"properties":{"AGS":"07232217","GEN":"Eilscheid","SN_L":"07"}},
{"type":"Feature","geometry":{"type":"Polygon","coordinates":[[[6.2131,50.1209],[6.2068,50.1214],[6.2023,50.1206],[6.1708,50.1076],[6.1762,50.1044],[6.1993,50.0896],[6.201,50.0947],[6.2131,50.1209]]]},"properties":{"AGS":"07232220","GEN":"Eschfeld","SN_L":"07"}},
{"type":"Feature","geometry":{"type":"Polygon","coordinates":[[[6.315,50.1442],[6.3126,50.1497],[6.2928,50.1464],[6.2898,50.1328],[6.3016,50.1251],[6.3133,50.1315],[6.315,50.1442]]]},"properties":{"AGS":"07232221","GEN":"Euscheid","SN_L":"07"}},
{"type":"Feature","geometry":{"type":"Polygon","coordinates":[[[6.2246,50.1644],[6.1987,50.1793],[6.1855,50.1714],[6.1978,50.1475],[6.2186,50.1506],[6.2246,50.1644]]]},"properties":{"AGS":"07232229","GEN":"Großkampenberg","SN_L":"07"}},
{"type":"Feature","geometry":{"type":"Polygon","coordinates":[[[6.4262,50.1066],[6.3951,50.1011],[6.4077,50.0941],[6.4262,50.1066]]]},"properties":{"AGS":"07232233","GEN":"Hargarten","SN_L":"07"}},
{"type":"Feature","geometry":{"type":"Polygon","coordinates":[[[6.19,50.135],[6.1859,50.1428],[6.1694,50.1418],[6.1529,50.1501],[6.1547,50.1419],[6.1384,50.1313],[6.165,50.1345],[6.1745,50.1306],[6.1894,50.1312],[6.2023,50.1206],[6.2068,50.1214],[6.19,50.135]]]},"properties":{"AGS":"07232234","GEN":"Harspelt","SN_L":"07"}},
{"type":"Feature","geometry":{"type":"Polygon","coordinates":[[[6.2006,50.1409],[6.19,50.135],[6.2068,50.1214],[6.2131,50.1209],[6.2156,50.1229],[6.2214,50.1255],[6.2117,50.1382],[6.2006,50.1409]]]},"properties":{"AGS":"07232240","GEN":"Herzfeld","SN_L":"07"}},
{"type":"Feature","geometry":{"type":"Polygon","coordinates":[[[6.2492,50.0762],[6.2366,50.0956],[6.2247,50.0884],[6.201,50.0947],[6.1993,50.0896],[6.196,50.0865],[6.2084,50.0673],[6.2344,50.0727],[6.2492,50.0762]]]},"properties":{"AGS":"07232245","GEN":"Irrhausen","SN_L":"07"}},
{"type":"Feature","geometry":{"type":"Polygon","coordinates":[[[6.241,50.058],[6.212,50.0528],[6.2062,50.0457],[6.2074,50.0387],[6.2353,50.0373],[6.2526,50.0445],[6.2502,50.059],[6.241,50.058]]]},"properties":{"AGS":"07232246","GEN":"Jucken","SN_L":"07"}},
{"type":"Feature","geometry":{"type":"Polygon","coordinates":[[[6.257,50.1567],[6.2413,50.1663],[6.2246,50.1644],[6.2186,50.1506],[6.2434,50.1435],[6.257,50.1567]]]},"properties":{"AGS":"07232247","GEN":"Kesfeld","SN_L":"07"}},
{"type":"Feature","geometry":{"type":"Polygon","coordinates":[[[6.2502,50.059],[6.2492,50.0762],[6.2344,50.0727],[6.241,50.058],[6.2502,50.059]]]},"properties":{"AGS":"07232248","GEN":"Kickeshausen","SN_L":"07"}},
{"type":"Feature","geometry":{"type":"Polygon","coordinates":[[[6.3439,50.1227],[6.3235,50.121],[6.3391,50.1119],[6.342,50.1124],[6.343,50.1144],[6.3439,50.1227]]]},"properties":{"AGS":"07232249","GEN":"Kinzenburg","SN_L":"07"}},
{"type":"Feature","geometry":{"type":"Polygon","coordinates":[[[6.363,50.0753],[6.3618,50.0859],[6.3609,50.0851],[6.3579,50.0796],[6.3278,50.0768],[6.3175,50.0704],[6.3113,50.0553],[6.3336,50.0531],[6.3503,50.0549],[6.3627,50.0627],[6.363,50.0753]]]},"properties":{"AGS":"07232253","GEN":"Krautscheid","SN_L":"07"}},
{"type":"Feature","geometry":{"type":"Polygon","coordinates":[[[6.4077,50.0941],[6.3951,50.1011],[6.3921,50.0995],[6.3795,50.0929],[6.3826,50.0832],[6.394,50.079],[6.4109,50.0883],[6.4077,50.0941]]]},"properties":{"AGS":"07232254","GEN":"Lambertsberg","SN_L":"07"}},
{"type":"Feature","geometry":{"type":"Polygon","coordinates":[[[6.4177,50.1198],[6.395,50.1071],[6.3798,50.1058],[6.3776,50.1044],[6.3921,50.0995],[6.3951,50.1011],[6.4262,50.1066],[6.4299,50.1096],[6.426,50.1155],[6.4177,50.1198]]]},"properties":{"AGS":"07232255","GEN":"Lascheid","SN_L":"07"}},
{"type":"Feature","geometry":{"type":"Polygon","coordinates":[[[6.3504,50.0967],[6.3029,50.0889],[6.3278,50.0768],[6.3579,50.0796],[6.3609,50.0851],[6.3504,50.0967]]]},"properties":{"AGS":"07232258","GEN":"Lauperath","SN_L":"07"}},
{"type":"Feature","geometry":{"type":"Polygon","coordinates":[[[6.2186,50.1506],[6.1978,50.1475],[6.2006,50.1409],[6.2117,50.1382],[6.2214,50.1255],[6.2354,50.125],[6.2443,50.1326],[6.2434,50.1435],[6.2186,50.1506]]]},"properties":{"AGS":"07232259","GEN":"Leidenborn","SN_L":"07"}},
{"type":"Feature","geometry":{"type":"Polygon","coordinates":[[[6.3016,50.1251],[6.2898,50.1328],[6.2757,50.1265],[6.2778,50.1173],[6.269,50.1115],[6.2871,50.1026],[6.3,50.0913],[6.3144,50.1004],[6.3394,50.1055],[6.3391,50.1119],[6.3235,50.121],[6.3016,50.1251]]]},"properties":{"AGS":"07232260","GEN":"Lichtenborn","SN_L":"07"}},
{"type":"Feature","geometry":{"type":"Polygon","coordinates":[[[6.3858,50.1382],[6.3707,50.1446],[6.3585,50.1306],[6.3756,50.1297],[6.3858,50.1382]]]},"properties":{"AGS":"07232261","GEN":"Lierfeld","SN_L":"07"}},
{"type":"Feature","geometry":{"type":"Polygon","coordinates":[[[6.3665,50.1515],[6.3427,50.1485],[6.3187,50.1546],[6.3126,50.1497],[6.315,50.1442],[6.3267,50.1367],[6.3133,50.1315],[6.3016,50.1251],[6.3235,50.121],[6.3439,50.1227],[6.3585,50.1306],[6.3707,50.1446],[6.3665,50.1515]]]},"properties":{"AGS":"07232262","GEN":"Lünebach","SN_L":"07"}},
{"type":"Feature","geometry":{"type":"Polygon","coordinates":[[[6.1612,50.1746],[6.1469,50.1778],[6.1475,50.1606],[6.1529,50.1501],[6.1694,50.1418],[6.1859,50.1428],[6.19,50.135],[6.2006,50.1409],[6.1978,50.1475],[6.1855,50.1714],[6.1612,50.1746]]]},"properties":{"AGS":"07232263","GEN":"Lützkampen","SN_L":"07"}},
{"type":"Feature","geometry":{"type":"Polygon","coordinates":[[[6.3504,50.0967],[6.3549,50.1056],[6.342,50.1124],[6.3391,50.1119],[6.3394,50.1055],[6.3144,50.1004],[6.3,50.0913],[6.3029,50.0889],[6.3504,50.0967]]]},"properties":{"AGS":"07232264","GEN":"Manderscheid","SN_L":"07"}},
{"type":"Feature","geometry":{"type":"Polygon","coordinates":[[[6.3826,50.0832],[6.3772,50.0827],[6.3812,50.0658],[6.3819,50.0547],[6.4124,50.0506],[6.4183,50.0596],[6.3979,50.0686],[6.394,50.079],[6.3826,50.0832]]]},"properties":{"AGS":"07232267","GEN":"Mauel","SN_L":"07"}},
{"type":"Feature","geometry":{"type":"Polygon","coordinates":[[[6.3756,50.1297],[6.3585,50.1306],[6.3439,50.1227],[6.343,50.1144],[6.3548,50.1168],[6.3764,50.1183],[6.3796,50.1247],[6.3756,50.1297]]]},"properties":{"AGS":"07232270","GEN":"Merlscheid","SN_L":"07"}},
{"type":"Feature","geometry":{"type":"Polygon","coordinates":[[[6.3772,50.0827],[6.3618,50.0859],[6.363,50.0753],[6.3812,50.0658],[6.3772,50.0827]]]},"properties":{"AGS":"07232277","GEN":"Niederpierscheid","SN_L":"07"}},
{"type":"Feature","geometry":{"type":"Polygon","coordinates":[[[6.363,50.0753],[6.3627,50.0627],[6.3503,50.0549],[6.3552,50.0478],[6.3799,50.037],[6.3962,50.0346],[6.4115,50.031],[6.417,50.0423],[6.4124,50.0506],[6.3819,50.0547],[6.3812,50.0658],[6.363,50.0753]]]},"properties":{"AGS":"07232285","GEN":"Oberpierscheid","SN_L":"07"}},
{"type":"Feature","geometry":{"type":"Polygon","coordinates":[[[6.2344,50.0727],[6.2084,50.0673],[6.1963,50.0566],[6.2062,50.0457],[6.212,50.0528],[6.241,50.058],[6.2344,50.0727]]]},"properties":{"AGS":"07232287","GEN":"Olmscheid","SN_L":"07"}},
{"type":"Feature","geometry":{"type":"Polygon","coordinates":[[[6.3764,50.1183],[6.3548,50.1168],[6.3613,50.1015],[6.3776,50.1044],[6.3798,50.1058],[6.3764,50.1183]]]},"properties":{"AGS":"07232291","GEN":"Pintesfeld","SN_L":"07"}},
{"type":"Feature","geometry":{"type":"Polygon","coordinates":[[[6.4461,50.0841],[6.4407,50.0854],[6.4299,50.1096],[6.4262,50.1066],[6.4077,50.0941],[6.4109,50.0883],[6.394,50.079],[6.3979,50.0686],[6.4183,50.0596],[6.4454,50.0516],[6.4471,50.0624],[6.4398,50.0707],[6.4461,50.0841]]]},"properties":{"AGS":"07232293","GEN":"Plütscheid","SN_L":"07"}},
{"type":"Feature","geometry":{"type":"Polygon","coordinates":[[[6.1799,50.0279],[6.1598,50.0426],[6.1613,50.0491],[6.1335,50.0419],[6.1302,50.0293],[6.1454,50.0231],[6.1685,50.0234],[6.1799,50.0279]]]},"properties":{"AGS":"07232294","GEN":"Preischeid","SN_L":"07"}},
{"type":"Feature","geometry":{"type":"Polygon","coordinates":[[[6.2374,50.1038],[6.2242,50.1159],[6.2156,50.1229],[6.2131,50.1209],[6.201,50.0947],[6.2247,50.0884],[6.2366,50.0956],[6.2374,50.1038]]]},"properties":{"AGS":"07232297","GEN":"Reiff","SN_L":"07"}},
{"type":"Feature","geometry":{"type":"Polygon","coordinates":[[[6.1993,50.0896],[6.1762,50.1044],[6.1648,50.0925],[6.1673,50.0746],[6.1831,50.0743],[6.196,50.0865],[6.1993,50.0896]]]},"properties":{"AGS":"07232298","GEN":"Reipeldingen","SN_L":"07"}},
{"type":"Feature","geometry":{"type":"Polygon","coordinates":[[[6.2023,50.1206],[6.1894,50.1312],[6.1745,50.1306],[6.156,50.118],[6.1601,50.1105],[6.1708,50.1076],[6.2023,50.1206]]]},"properties":{"AGS":"07232301","GEN":"Roscheid","SN_L":"07"}},
{"type":"Feature","geometry":{"type":"Polygon","coordinates":[[[6.2354,50.125],[6.2214,50.1255],[6.2156,50.1229],[6.2242,50.1159],[6.2354,50.125]]]},"properties":{"AGS":"07232309","GEN":"Sengerich","SN_L":"07"}},
{"type":"Feature","geometry":{"type":"Polygon","coordinates":[[[6.1745,50.1306],[6.165,50.1345],[6.1384,50.1313],[6.1284,50.1172],[6.1601,50.1105],[6.156,50.118],[6.1745,50.1306]]]},"properties":{"AGS":"07232310","GEN":"Sevenig (Our)","SN_L":"07"}},
{"type":"Feature","geometry":{"type":"Polygon","coordinates":[[[6.315,50.1442],[6.3133,50.1315],[6.3267,50.1367],[6.315,50.1442]]]},"properties":{"AGS":"07232315","GEN":"Strickscheid","SN_L":"07"}},
{"type":"Feature","geometry":{"type":"Polygon","coordinates":[[[6.3548,50.1168],[6.343,50.1144],[6.342,50.1124],[6.3549,50.1056],[6.3504,50.0967],[6.3609,50.0851],[6.3618,50.0859],[6.3772,50.0827],[6.3826,50.0832],[6.3795,50.0929],[6.3921,50.0995],[6.3776,50.1044],[6.3613,50.1015],[6.3548,50.1168]]]},"properties":{"AGS":"07232322","GEN":"Waxweiler","SN_L":"07"}},
{"type":"Feature","geometry":{"type":"Polygon","coordinates":[[[6.2928,50.1464],[6.2756,50.1451],[6.2711,50.1517],[6.257,50.1567],[6.2434,50.1435],[6.2443,50.1326],[6.2354,50.125],[6.2242,50.1159],[6.2374,50.1038],[6.2778,50.1173],[6.2757,50.1265],[6.2898,50.1328],[6.2928,50.1464]]]},"properties":{"AGS":"07232333","GEN":"Üttfeld","SN_L":"07"}},
{"type":"Feature","geometry":{"type":"Polygon","coordinates":[[[6.1685,50.0234],[6.1454,50.0231],[6.1375,50.0117],[6.1652,50.0163],[6.1685,50.0234]]]},"properties":{"AGS":"07232001","GEN":"Affler","SN_L":"07"}},
{"type":"Feature","geometry":{"type":"Polygon","coordinates":[[[6.4926,49.898],[6.4558,49.8971],[6.4414,49.8928],[6.4417,49.8834],[6.448,49.8765],[6.4726,49.8774],[6.4951,49.8924],[6.4926,49.898]]]},"properties":{"AGS":"07232002","GEN":"Alsdorf","SN_L":"07"}},
{"type":"Feature","geometry":{"type":"Polygon","coordinates":[[[6.3962,50.0346],[6.3799,50.037],[6.3611,50.0298],[6.3772,50.0177],[6.4012,50.0084],[6.411,50.005],[6.4129,50.0052],[6.4144,50.0122],[6.4146,50.0188],[6.3942,50.0274],[6.3962,50.0346]]]},"properties":{"AGS":"07232003","GEN":"Altscheid","SN_L":"07"}},
{"type":"Feature","geometry":{"type":"Polygon","coordinates":[[[6.2753,49.8914],[6.2643,49.9067],[6.2451,49.8956],[6.2591,49.8836],[6.2753,49.8914]]]},"properties":{"AGS":"07232004","GEN":"Ammeldingen an der Our","SN_L":"07"}},
{"type":"Feature","geometry":{"type":"Polygon","coordinates":[[[6.2754,50.0284],[6.2875,50.0462],[6.2789,50.0628],[6.2571,50.0438],[6.2707,50.033],[6.2754,50.0284]]]},"properties":{"AGS":"07232005","GEN":"Ammeldingen bei Neuerburg","SN_L":"07"}},
{"type":"Feature","geometry":{"type":"Polygon","coordinates":[[[6.2201,49.9849],[6.1847,49.979],[6.1931,49.976],[6.208,49.9592],[6.2047,49.955],[6.2239,49.9499],[6.2381,49.9559],[6.2268,49.9647],[6.2201,49.9849]]]},"properties":{"AGS":"07232008","GEN":"Bauler","SN_L":"07"}},
{"type":"Feature","geometry":{"type":"Polygon","coordinates":[[[6.3503,50.0549],[6.3336,50.0531],[6.3237,50.0378],[6.3373,50.0255],[6.354,50.0267],[6.3611,50.0298],[6.3799,50.037],[6.3552,50.0478],[6.3503,50.0549]]]},"properties":{"AGS":"07232011","GEN":"Berkoth","SN_L":"07"}},
{"type":"Feature","geometry":{"type":"Polygon","coordinates":[[[6.2505,49.9885],[6.2348,49.9864],[6.2192,49.9958],[6.2201,49.9849],[6.2268,49.9647],[6.2381,49.9559],[6.2412,49.9546],[6.255,49.9621],[6.2537,49.9685],[6.2504,49.9833],[6.2505,49.9885]]]},"properties":{"AGS":"07232012","GEN":"Berscheid","SN_L":"07"}},
{"type":"Feature","geometry":{"type":"Polygon","coordinates":[[[6.3401,49.8828],[6.303,49.8939],[6.287,49.8895],[6.3073,49.8735],[6.3288,49.8804],[6.3428,49.8734],[6.3401,49.8828]]]},"properties":{"AGS":"07232016","GEN":"Biesdorf","SN_L":"07"}},
{"type":"Feature","geometry":{"type":"Polygon","coordinates":[[[6.3742,49.8743],[6.3516,49.8693],[6.3316,49.8557],[6.3213,49.8533],[6.3205,49.8397],[6.3379,49.8407],[6.3401,49.8482],[6.3642,49.8508],[6.3914,49.8282],[6.3908,49.8331],[6.3917,49.8412],[6.3988,49.8568],[6.3742,49.8743]]]},"properties":{"AGS":"07232019","GEN":"Bollendorf","SN_L":"07"}},
{"type":"Feature","geometry":{"type":"Polygon","coordinates":[[[6.3642,49.9598],[6.3438,49.9744],[6.3364,49.9585],[6.352,49.9512],[6.3642,49.9598]]]},"properties":{"AGS":"07232022","GEN":"Burg","SN_L":"07"}},
{"type":"Feature","geometry":{"type":"Polygon","coordinates":[[[6.1899,50.0111],[6.1748,50.0003],[6.1791,49.9987],[6.2006,50.0014],[6.1899,50.0111]]]},"properties":{"AGS":"07232025","GEN":"Dauwelshausen","SN_L":"07"}},
{"type":"Feature","geometry":{"type":"Polygon","coordinates":[[[6.4406,49.8296],[6.4241,49.8197],[6.4033,49.824],[6.3908,49.8331],[6.3914,49.8282],[6.4103,49.8176],[6.432,49.8106],[6.4536,49.8114],[6.4569,49.818],[6.4447,49.8281],[6.4406,49.8296]]]},"properties":{"AGS":"07232028","GEN":"Echternacherbrück","SN_L":"07"}},
{"type":"Feature","geometry":{"type":"Polygon","coordinates":[[[6.2795,50.064],[6.2728,50.067],[6.2502,50.059],[6.2526,50.0445],[6.2571,50.0438],[6.2789,50.0628],[6.2795,50.064]]]},"properties":{"AGS":"07232031","GEN":"Emmelbaum","SN_L":"07"}},
{"type":"Feature","geometry":{"type":"Polygon","coordinates":[[[6.4406,49.8296],[6.4337,49.8581],[6.4061,49.8504],[6.3917,49.8412],[6.3908,49.8331],[6.4033,49.824],[6.4241,49.8197],[6.4406,49.8296]]]},"properties":{"AGS":"07232033","GEN":"Ernzen","SN_L":"07"}},
{"type":"Feature","geometry":{"type":"Polygon","coordinates":[[[6.4155,49.8719],[6.3856,49.8816],[6.3816,49.8793],[6.3742,49.8743],[6.3988,49.8568],[6.3917,49.8412],[6.4061,49.8504],[6.4337,49.8581],[6.4343,49.8584],[6.4195,49.8636],[6.4155,49.8719]]]},"properties":{"AGS":"07232037","GEN":"Ferschweiler","SN_L":"07"}},
{"type":"Feature","geometry":{"type":"Polygon","coordinates":[[[6.354,50.0267],[6.3373,50.0255],[6.3284,50.0224],[6.318,50.0086],[6.3209,49.9927],[6.3316,49.9919],[6.348,50.002],[6.3516,50.0117],[6.354,50.0267]]]},"properties":{"AGS":"07232038","GEN":"Fischbach-Oberraden","SN_L":"07"}},
{"type":"Feature","geometry":{"type":"Polygon","coordinates":[[[6.2725,49.9399],[6.2827,49.947],[6.2756,49.9628],[6.255,49.9621],[6.2412,49.9546],[6.2517,49.9442],[6.2725,49.9399]]]},"properties":{"AGS":"07232040","GEN":"Geichlingen","SN_L":"07"}},
{"type":"Feature","geometry":{"type":"Polygon","coordinates":[[[6.1595,50.0021],[6.1535,49.9894],[6.1684,49.9807],[6.1741,49.9836],[6.1791,49.9987],[6.1748,50.0003],[6.1595,50.0021]]]},"properties":{"AGS":"07232041","GEN":"Gemünd","SN_L":"07"}},
{"type":"Feature","geometry":{"type":"Polygon","coordinates":[[[6.2643,49.9067],[6.2544,49.9197],[6.2434,49.9186],[6.2338,49.9142],[6.234,49.9],[6.2451,49.8956],[6.2643,49.9067]]]},"properties":{"AGS":"07232042","GEN":"Gentingen","SN_L":"07"}},
{"type":"Feature","geometry":{"type":"Polygon","coordinates":[[[6.3175,50.0704],[6.2935,50.0795],[6.2795,50.064],[6.2789,50.0628],[6.2875,50.0462],[6.3038,50.042],[6.3113,50.0553],[6.3175,50.0704]]]},"properties":{"AGS":"07232047","GEN":"Heilbach","SN_L":"07"}},
{"type":"Feature","geometry":{"type":"Polygon","coordinates":[[[6.2357,50.0125],[6.2169,50.0106],[6.2136,49.9967],[6.2199,49.9966],[6.2418,50.0083],[6.2357,50.0125]]]},"properties":{"AGS":"07232049","GEN":"Herbstmühle","SN_L":"07"}},
{"type":"Feature","geometry":{"type":"Polygon","coordinates":[[[6.4316,49.905],[6.3994,49.8985],[6.4016,49.8939],[6.3856,49.8816],[6.4155,49.8719],[6.4272,49.8729],[6.4417,49.8834],[6.4414,49.8928],[6.4316,49.905]]]},"properties":{"AGS":"07232053","GEN":"Holsthum","SN_L":"07"}},
{"type":"Feature","geometry":{"type":"Polygon","coordinates":[[[6.3105,49.9205],[6.3029,49.9169],[6.2953,49.9062],[6.3301,49.9077],[6.3105,49.9205]]]},"properties":{"AGS":"07232054","GEN":"Hommerdingen","SN_L":"07"}},
{"type":"Feature","geometry":{"type":"Polygon","coordinates":[[[6.2693,50.0187],[6.2404,50.0207],[6.2357,50.0125],[6.2418,50.0083],[6.2614,50.0048],[6.2636,50.0047],[6.2693,50.0187]]]},"properties":{"AGS":"07232056","GEN":"Hütten","SN_L":"07"}},
{"type":"Feature","geometry":{"type":"Polygon","coordinates":[[[6.3047,49.9409],[6.2807,49.9358],[6.2892,49.9181],[6.3029,49.9169],[6.3105,49.9205],[6.3179,49.9296],[6.3047,49.9409]]]},"properties":{"AGS":"07232059","GEN":"Hüttingen bei Lahr","SN_L":"07"}},
{"type":"Feature","geometry":{"type":"Polygon","coordinates":[[[6.4876,49.8465],[6.4487,49.8622],[6.4343,49.8584],[6.4337,49.8581],[6.4406,49.8296],[6.4447,49.8281],[6.456,49.8333],[6.472,49.8484],[6.4876,49.8465]]]},"properties":{"AGS":"07232063","GEN":"Irrel","SN_L":"07"}},
{"type":"Feature","geometry":{"type":"Polygon","coordinates":[[[6.2353,50.0373],[6.2074,50.0387],[6.1993,50.0291],[6.2016,50.02],[6.2169,50.0106],[6.2357,50.0125],[6.2404,50.0207],[6.2432,50.0335],[6.2353,50.0373]]]},"properties":{"AGS":"07232064","GEN":"Karlshausen","SN_L":"07"}},
{"type":"Feature","geometry":{"type":"Polygon","coordinates":[[[6.5116,49.871],[6.4923,49.8842],[6.4951,49.8924],[6.4726,49.8774],[6.491,49.8616],[6.5037,49.8603],[6.5081,49.8632],[6.5116,49.871]]]},"properties":{"AGS":"07232065","GEN":"Kaschenbach","SN_L":"07"}},
{"type":"Feature","geometry":{"type":"Polygon","coordinates":[[[6.1847,49.979],[6.1741,49.9836],[6.1684,49.9807],[6.1649,49.9705],[6.176,49.9613],[6.1931,49.976],[6.1847,49.979]]]},"properties":{"AGS":"07232066","GEN":"Keppeshausen","SN_L":"07"}},
{"type":"Feature","geometry":{"type":"Polygon","coordinates":[[[6.2381,49.9559],[6.2239,49.9499],[6.2199,49.9433],[6.2262,49.9294],[6.2384,49.9321],[6.2434,49.9186],[6.2544,49.9197],[6.2643,49.9067],[6.2753,49.8914],[6.287,49.8895],[6.303,49.8939],[6.2953,49.9062],[6.3029,49.9169],[6.2892,49.9181],[6.2807,49.9358],[6.2725,49.9399],[6.2517,49.9442],[6.2412,49.9546],[6.2381,49.9559]]]},"properties":{"AGS":"07232067","GEN":"Körperich","SN_L":"07"}},
{"type":"Feature","geometry":{"type":"Polygon","coordinates":[[[6.2418,50.0083],[6.2199,49.9966],[6.2192,49.9958],[6.2348,49.9864],[6.2505,49.9885],[6.2614,50.0048],[6.2418,50.0083]]]},"properties":{"AGS":"07232068","GEN":"Koxhausen","SN_L":"07"}},
{"type":"Feature","geometry":{"type":"Polygon","coordinates":[[[6.3301,49.9077],[6.2953,49.9062],[6.303,49.8939],[6.3401,49.8828],[6.3442,49.8917],[6.3301,49.9077]]]},"properties":{"AGS":"07232069","GEN":"Kruchten","SN_L":"07"}},
{"type":"Feature","geometry":{"type":"Polygon","coordinates":[[[6.2739,49.9733],[6.2537,49.9685],[6.255,49.9621],[6.2756,49.9628],[6.2827,49.947],[6.2725,49.9399],[6.2807,49.9358],[6.3047,49.9409],[6.3033,49.9631],[6.2727,49.968],[6.2739,49.9733]]]},"properties":{"AGS":"07232072","GEN":"Lahr","SN_L":"07"}},
{"type":"Feature","geometry":{"type":"Polygon","coordinates":[[[6.2707,50.033],[6.2432,50.0335],[6.2404,50.0207],[6.2693,50.0187],[6.2758,50.0281],[6.2754,50.0284],[6.2707,50.033]]]},"properties":{"AGS":"07232073","GEN":"Leimbach","SN_L":"07"}},
{"type":"Feature","geometry":{"type":"Polygon","coordinates":[[[6.4876,49.8465],[6.472,49.8484],[6.456,49.8333],[6.4868,49.8348],[6.4913,49.8316],[6.4986,49.8356],[6.4876,49.8465]]]},"properties":{"AGS":"07232078","GEN":"Menningen","SN_L":"07"}},
{"type":"Feature","geometry":{"type":"Polygon","coordinates":[[[6.3457,49.9785],[6.342,49.9845],[6.341,49.9807],[6.3301,49.9715],[6.3142,49.9677],[6.3033,49.9631],[6.3047,49.9409],[6.3179,49.9296],[6.3368,49.9338],[6.3564,49.9276],[6.3613,49.9305],[6.3663,49.9438],[6.352,49.9512],[6.3364,49.9585],[6.3438,49.9744],[6.3457,49.9785]]]},"properties":{"AGS":"07232080","GEN":"Mettendorf","SN_L":"07"}},
{"type":"Feature","geometry":{"type":"Polygon","coordinates":[[[6.4913,49.8316],[6.4868,49.8348],[6.456,49.8333],[6.4447,49.8281],[6.4569,49.818],[6.4536,49.8114],[6.475,49.8213],[6.4913,49.8316]]]},"properties":{"AGS":"07232082","GEN":"Minden","SN_L":"07"}},
{"type":"Feature","geometry":{"type":"Polygon","coordinates":[[[6.2773,49.9785],[6.2825,49.9929],[6.2765,50.0021],[6.2636,50.0047],[6.2614,50.0048],[6.2505,49.9885],[6.2504,49.9833],[6.2699,49.986],[6.2773,49.9785]]]},"properties":{"AGS":"07232084","GEN":"Muxerath","SN_L":"07"}},
{"type":"Feature","geometry":{"type":"Polygon","coordinates":[[[6.2773,49.9785],[6.2699,49.986],[6.2504,49.9833],[6.2537,49.9685],[6.2739,49.9733],[6.2773,49.9785]]]},"properties":{"AGS":"07232085","GEN":"Nasingen","SN_L":"07"}},
{"type":"Feature","geometry":{"type":"Polygon","coordinates":[[[6.2951,50.0282],[6.2758,50.0281],[6.2693,50.0187],[6.2636,50.0047],[6.2765,50.0021],[6.2825,49.9929],[6.2965,49.9991],[6.3084,49.9861],[6.3185,49.9846],[6.3209,49.9927],[6.318,50.0086],[6.3046,50.0129],[6.2951,50.0282]]]},"properties":{"AGS":"07232088","GEN":"Neuerburg","SN_L":"07"}},
{"type":"Feature","geometry":{"type":"Polygon","coordinates":[[[6.3209,49.9927],[6.3185,49.9846],[6.3242,49.9781],[6.341,49.9807],[6.342,49.9845],[6.3316,49.9919],[6.3209,49.9927]]]},"properties":{"AGS":"07232090","GEN":"Niederraden","SN_L":"07"}},
{"type":"Feature","geometry":{"type":"Polygon","coordinates":[[[6.4726,49.8774],[6.448,49.8765],[6.4487,49.8622],[6.4876,49.8465],[6.5037,49.8603],[6.491,49.8616],[6.4726,49.8774]]]},"properties":{"AGS":"07232093","GEN":"Niederweis","SN_L":"07"}},
{"type":"Feature","geometry":{"type":"Polygon","coordinates":[[[6.3762,49.955],[6.3642,49.9598],[6.352,49.9512],[6.3663,49.9438],[6.3742,49.9443],[6.3762,49.955]]]},"properties":{"AGS":"07232094","GEN":"Niehl","SN_L":"07"}},
{"type":"Feature","geometry":{"type":"Polygon","coordinates":[[[6.3564,49.9276],[6.3368,49.9338],[6.3179,49.9296],[6.3105,49.9205],[6.3301,49.9077],[6.3442,49.8917],[6.3401,49.8828],[6.3428,49.8734],[6.3516,49.8693],[6.3742,49.8743],[6.3816,49.8793],[6.3654,49.8877],[6.3631,49.8999],[6.3726,49.9121],[6.3564,49.9276]]]},"properties":{"AGS":"07232095","GEN":"Nusbaum","SN_L":"07"}},
{"type":"Feature","geometry":{"type":"Polygon","coordinates":[[[6.3693,50.0007],[6.3555,50.0028],[6.3516,50.0117],[6.348,50.002],[6.3316,49.9919],[6.342,49.9845],[6.3457,49.9785],[6.3688,49.9842],[6.3698,49.9972],[6.3693,50.0007]]]},"properties":{"AGS":"07232102","GEN":"Utscheid","SN_L":"07"}},
{"type":"Feature","geometry":{"type":"Polygon","coordinates":[[[6.4247,49.9189],[6.4083,49.9197],[6.3884,49.9172],[6.3861,49.9108],[6.3994,49.8985],[6.4316,49.905],[6.4309,49.9064],[6.4247,49.9189]]]},"properties":{"AGS":"07232103","GEN":"Peffingen","SN_L":"07"}},
{"type":"Feature","geometry":{"type":"Polygon","coordinates":[[[6.3038,50.042],[6.2875,50.0462],[6.2754,50.0284],[6.2758,50.0281],[6.2951,50.0282],[6.3002,50.0385],[6.3038,50.042]]]},"properties":{"AGS":"07232106","GEN":"Plascheid","SN_L":"07"}},
{"type":"Feature","geometry":{"type":"Polygon","coordinates":[[[6.4417,49.8834],[6.4272,49.8729],[6.4155,49.8719],[6.4195,49.8636],[6.4343,49.8584],[6.4487,49.8622],[6.448,49.8765],[6.4417,49.8834]]]},"properties":{"AGS":"07232108","GEN":"Prümzurlay","SN_L":"07"}},
{"type":"Feature","geometry":{"type":"Polygon","coordinates":[[[6.2136,49.9967],[6.2006,50.0014],[6.1791,49.9987],[6.1741,49.9836],[6.1847,49.979],[6.2201,49.9849],[6.2192,49.9958],[6.2199,49.9966],[6.2136,49.9967]]]},"properties":{"AGS":"07232110","GEN":"Rodershausen","SN_L":"07"}},
{"type":"Feature","geometry":{"type":"Polygon","coordinates":[[[6.2434,49.9186],[6.2384,49.9321],[6.2262,49.9294],[6.2338,49.9142],[6.2434,49.9186]]]},"properties":{"AGS":"07232112","GEN":"Roth an der Our","SN_L":"07"}},
{"type":"Feature","geometry":{"type":"Polygon","coordinates":[[[6.3856,49.8816],[6.4016,49.8939],[6.3994,49.8985],[6.3861,49.9108],[6.3794,49.9119],[6.3726,49.9121],[6.3631,49.8999],[6.3654,49.8877],[6.3816,49.8793],[6.3856,49.8816]]]},"properties":{"AGS":"07232114","GEN":"Schankweiler","SN_L":"07"}},
{"type":"Feature","geometry":{"type":"Polygon","coordinates":[[[6.2169,50.0106],[6.2016,50.02],[6.1899,50.0111],[6.2006,50.0014],[6.2136,49.9967],[6.2169,50.0106]]]},"properties":{"AGS":"07232116","GEN":"Scheitenkorb","SN_L":"07"}},
{"type":"Feature","geometry":{"type":"Polygon","coordinates":[[[6.3237,50.0378],[6.3002,50.0385],[6.2951,50.0282],[6.3046,50.0129],[6.318,50.0086],[6.3284,50.0224],[6.3373,50.0255],[6.3237,50.0378]]]},"properties":{"AGS":"07232117","GEN":"Scheuern","SN_L":"07"}},
{"type":"Feature","geometry":{"type":"Polygon","coordinates":[[[6.1993,50.0291],[6.1799,50.0279],[6.1685,50.0234],[6.1652,50.0163],[6.1595,50.0021],[6.1748,50.0003],[6.1899,50.0111],[6.2016,50.02],[6.1993,50.0291]]]},"properties":{"AGS":"07232121","GEN":"Sevenig bei Neuerburg","SN_L":"07"}},
{"type":"Feature","geometry":{"type":"Polygon","coordinates":[[[6.3185,49.9846],[6.3084,49.9861],[6.3142,49.9677],[6.3301,49.9715],[6.341,49.9807],[6.3242,49.9781],[6.3185,49.9846]]]},"properties":{"AGS":"07232122","GEN":"Sinspelt","SN_L":"07"}},
{"type":"Feature","geometry":{"type":"Polygon","coordinates":[[[6.1652,50.0163],[6.1375,50.0117],[6.1494,50.0063],[6.1426,49.9947],[6.1535,49.9894],[6.1595,50.0021],[6.1652,50.0163]]]},"properties":{"AGS":"07232127","GEN":"Übereisenbach","SN_L":"07"}},
{"type":"Feature","geometry":{"type":"Polygon","coordinates":[[[6.3336,50.0531],[6.3113,50.0553],[6.3038,50.042],[6.3002,50.0385],[6.3237,50.0378],[6.3336,50.0531]]]},"properties":{"AGS":"07232128","GEN":"Uppershausen","SN_L":"07"}},
{"type":"Feature","geometry":{"type":"Polygon","coordinates":[[[6.2047,49.955],[6.208,49.9592],[6.1931,49.976],[6.176,49.9613],[6.2047,49.955]]]},"properties":{"AGS":"07232130","GEN":"Waldhof-Falkenstein","SN_L":"07"}},
{"type":"Feature","geometry":{"type":"Polygon","coordinates":[[[6.287,49.8895],[6.2753,49.8914],[6.2591,49.8836],[6.311,49.8699],[6.3213,49.8533],[6.3316,49.8557],[6.3516,49.8693],[6.3428,49.8734],[6.3288,49.8804],[6.3073,49.8735],[6.287,49.8895]]]},"properties":{"AGS":"07232131","GEN":"Wallendorf","SN_L":"07"}},
{"type":"Feature","geometry":{"type":"Polygon","coordinates":[[[6.4012,50.0084],[6.3772,50.0177],[6.3611,50.0298],[6.354,50.0267],[6.3516,50.0117],[6.3555,50.0028],[6.3693,50.0007],[6.3873,50.0055],[6.4012,50.0084]]]},"properties":{"AGS":"07232132","GEN":"Weidingen","SN_L":"07"}},
{"type":"Feature","geometry":{"type":"Polygon","coordinates":[[[6.2526,50.0445],[6.2353,50.0373],[6.2432,50.0335],[6.2707,50.033],[6.2571,50.0438],[6.2526,50.0445]]]},"properties":{"AGS":"07232138","GEN":"Zweifelscheid","SN_L":"07"}},
{"type":"Feature","geometry":{"type":"Polygon","coordinates":[[[6.5326,49.8578],[6.5081,49.8632],[6.5037,49.8603],[6.4876,49.8465],[6.4986,49.8356],[6.5177,49.8418],[6.531,49.8383],[6.5326,49.8578]]]},"properties":{"AGS":"07232218","GEN":"Eisenach","SN_L":"07"}},
{"type":"Feature","geometry":{"type":"Polygon","coordinates":[[[6.5431,49.8829],[6.5172,49.8765],[6.5116,49.871],[6.5081,49.8632],[6.5326,49.8578],[6.5427,49.8629],[6.5431,49.8829]]]},"properties":{"AGS":"07232225","GEN":"Gilzem","SN_L":"07"}},
{"type":"Feature","geometry":{"type":"Polygon","coordinates":[[[6.3084,49.9861],[6.2965,49.9991],[6.2825,49.9929],[6.2773,49.9785],[6.2739,49.9733],[6.2727,49.968],[6.3033,49.9631],[6.3142,49.9677],[6.3084,49.9861]]]},"properties":{"AGS":"07232503","GEN":"Obergeckler","SN_L":"07"}},
{"type":"Feature","geometry":{"type":"Polygon","coordinates":[[[6.3559,50.3094],[6.3273,50.3245],[6.3055,50.3176],[6.2854,50.286],[6.2921,50.2788],[6.3306,50.2872],[6.3389,50.2797],[6.3728,50.2622],[6.3859,50.2747],[6.3753,50.2851],[6.3577,50.2924],[6.3559,50.3094]]]},"properties":{"AGS":"07232202","GEN":"Auw bei Prüm","SN_L":"07"}},
{"type":"Feature","geometry":{"type":"Polygon","coordinates":[[[6.2996,50.2508],[6.284,50.2571],[6.2783,50.2667],[6.277,50.2661],[6.2714,50.2482],[6.2616,50.2391],[6.2603,50.2283],[6.275,50.2253],[6.2836,50.2316],[6.3151,50.2342],[6.2984,50.2395],[6.2996,50.2508]]]},"properties":{"AGS":"07232206","GEN":"Bleialf","SN_L":"07"}},
{"type":"Feature","geometry":{"type":"Polygon","coordinates":[[[6.3252,50.1981],[6.3384,50.2045],[6.3319,50.2185],[6.3333,50.2387],[6.3151,50.2342],[6.2836,50.2316],[6.275,50.2253],[6.2719,50.2201],[6.2857,50.2094],[6.2834,50.2015],[6.2873,50.193],[6.3075,50.1852],[6.3061,50.2006],[6.3201,50.2006],[6.3252,50.1981]]]},"properties":{"AGS":"07232207","GEN":"Brandscheid","SN_L":"07"}},
{"type":"Feature","geometry":{"type":"Polygon","coordinates":[[[6.3728,50.2622],[6.3389,50.2797],[6.3234,50.2661],[6.2996,50.2508],[6.2984,50.2395],[6.3151,50.2342],[6.3333,50.2387],[6.3471,50.2498],[6.3711,50.261],[6.3728,50.2622]]]},"properties":{"AGS":"07232208","GEN":"Buchet","SN_L":"07"}},
{"type":"Feature","geometry":{"type":"Polygon","coordinates":[[[6.5892,50.1957],[6.5867,50.2256],[6.5626,50.2299],[6.5613,50.2356],[6.532,50.2185],[6.5621,50.1892],[6.5892,50.1957]]]},"properties":{"AGS":"07232209","GEN":"Büdesheim","SN_L":"07"}},
{"type":"Feature","geometry":{"type":"Polygon","coordinates":[[[6.4471,50.1594],[6.4369,50.1609],[6.4254,50.1538],[6.4106,50.1388],[6.4162,50.1341],[6.4395,50.1406],[6.4461,50.1456],[6.4471,50.1594]]]},"properties":{"AGS":"07232216","GEN":"Dingdorf","SN_L":"07"}},
{"type":"Feature","geometry":{"type":"Polygon","coordinates":[[[6.4683,50.1058],[6.4419,50.1134],[6.4299,50.1096],[6.4407,50.0854],[6.4461,50.0841],[6.4734,50.0992],[6.4683,50.1058]]]},"properties":{"AGS":"07232222","GEN":"Feuerscheid","SN_L":"07"}},
{"type":"Feature","geometry":{"type":"Polygon","coordinates":[[[6.5202,50.2163],[6.505,50.2204],[6.4799,50.2144],[6.4921,50.1824],[6.5119,50.188],[6.508,50.2001],[6.5219,50.2061],[6.5202,50.2163]]]},"properties":{"AGS":"07232223","GEN":"Fleringen","SN_L":"07"}},
{"type":"Feature","geometry":{"type":"Polygon","coordinates":[[[6.4774,50.1795],[6.4438,50.1856],[6.4364,50.1743],[6.4504,50.1687],[6.4603,50.1778],[6.4733,50.177],[6.4774,50.1795]]]},"properties":{"AGS":"07232224","GEN":"Giesdorf","SN_L":"07"}},
{"type":"Feature","geometry":{"type":"Polygon","coordinates":[[[6.511,50.2677],[6.4986,50.2618],[6.4651,50.2631],[6.4471,50.2543],[6.4345,50.2551],[6.4331,50.234],[6.4447,50.2329],[6.4577,50.2205],[6.4514,50.215],[6.4799,50.2144],[6.505,50.2204],[6.5154,50.2392],[6.51,50.2504],[6.511,50.2677]]]},"properties":{"AGS":"07232226","GEN":"Weinsheim","SN_L":"07"}},
{"type":"Feature","geometry":{"type":"Polygon","coordinates":[[[6.4345,50.2551],[6.4196,50.2694],[6.4004,50.276],[6.3969,50.2831],[6.3859,50.2747],[6.3728,50.2622],[6.3711,50.261],[6.3828,50.2473],[6.3859,50.2312],[6.3787,50.221],[6.3761,50.2117],[6.3863,50.2057],[6.4045,50.2113],[6.4122,50.2205],[6.4331,50.234],[6.4345,50.2551]]]},"properties":{"AGS":"07232227","GEN":"Gondenbrett","SN_L":"07"}},
{"type":"Feature","geometry":{"type":"Polygon","coordinates":[[[6.2603,50.2283],[6.239,50.2248],[6.2398,50.216],[6.2557,50.2025],[6.2834,50.2015],[6.2857,50.2094],[6.2719,50.2201],[6.275,50.2253],[6.2603,50.2283]]]},"properties":{"AGS":"07232230","GEN":"Großlangenfeld","SN_L":"07"}},
{"type":"Feature","geometry":{"type":"Polygon","coordinates":[[[6.2834,50.2015],[6.2557,50.2025],[6.2397,50.1787],[6.2413,50.1663],[6.257,50.1567],[6.2711,50.1517],[6.2793,50.1595],[6.3042,50.1645],[6.2933,50.1833],[6.3075,50.1852],[6.2873,50.193],[6.2834,50.2015]]]},"properties":{"AGS":"07232231","GEN":"Habscheid","SN_L":"07"}},
{"type":"Feature","geometry":{"type":"Polygon","coordinates":[[[6.2397,50.1787],[6.2238,50.1958],[6.1997,50.1878],[6.1928,50.1819],[6.1653,50.1791],[6.1612,50.1746],[6.1855,50.1714],[6.1987,50.1793],[6.2246,50.1644],[6.2413,50.1663],[6.2397,50.1787]]]},"properties":{"AGS":"07232236","GEN":"Heckhuscheid","SN_L":"07"}},
{"type":"Feature","geometry":{"type":"Polygon","coordinates":[[[6.4395,50.1406],[6.4162,50.1341],[6.4126,50.1304],[6.4177,50.1198],[6.426,50.1155],[6.432,50.1202],[6.4436,50.1334],[6.4395,50.1406]]]},"properties":{"AGS":"07232238","GEN":"Heisdorf","SN_L":"07"}},
{"type":"Feature","geometry":{"type":"Polygon","coordinates":[[[6.5112,50.2858],[6.4837,50.2845],[6.473,50.2793],[6.4651,50.2631],[6.4986,50.2618],[6.511,50.2677],[6.5212,50.277],[6.5112,50.2858]]]},"properties":{"AGS":"07232250","GEN":"Kleinlangenfeld","SN_L":"07"}},
{"type":"Feature","geometry":{"type":"Polygon","coordinates":[[[6.4694,50.124],[6.432,50.1202],[6.426,50.1155],[6.4299,50.1096],[6.4419,50.1134],[6.4683,50.1058],[6.4743,50.1071],[6.4694,50.124]]]},"properties":{"AGS":"07232256","GEN":"Lasel","SN_L":"07"}},
{"type":"Feature","geometry":{"type":"Polygon","coordinates":[[[6.3042,50.1645],[6.2793,50.1595],[6.2711,50.1517],[6.2756,50.1451],[6.2928,50.1464],[6.3126,50.1497],[6.3187,50.1546],[6.3042,50.1645]]]},"properties":{"AGS":"07232265","GEN":"Masthorn","SN_L":"07"}},
{"type":"Feature","geometry":{"type":"Polygon","coordinates":[[[6.4035,50.1547],[6.3712,50.1526],[6.3665,50.1515],[6.3707,50.1446],[6.3858,50.1382],[6.4036,50.1382],[6.4064,50.1311],[6.4126,50.1304],[6.4162,50.1341],[6.4106,50.1388],[6.4035,50.1547]]]},"properties":{"AGS":"07232266","GEN":"Matzerath","SN_L":"07"}},
{"type":"Feature","geometry":{"type":"Polygon","coordinates":[[[6.277,50.2661],[6.2587,50.2678],[6.2272,50.2587],[6.2381,50.2487],[6.2616,50.2391],[6.2714,50.2482],[6.277,50.2661]]]},"properties":{"AGS":"07232271","GEN":"Mützenich","SN_L":"07"}},
{"type":"Feature","geometry":{"type":"Polygon","coordinates":[[[6.4706,50.3135],[6.4454,50.2946],[6.4628,50.279],[6.4774,50.2847],[6.4801,50.2899],[6.4706,50.3135]]]},"properties":{"AGS":"07232272","GEN":"Neuendorf","SN_L":"07"}},
{"type":"Feature","geometry":{"type":"Polygon","coordinates":[[[6.4202,50.1616],[6.4254,50.1538],[6.4369,50.1609],[6.4202,50.1616]]]},"properties":{"AGS":"07232276","GEN":"Niederlauch","SN_L":"07"}},
{"type":"Feature","geometry":{"type":"Polygon","coordinates":[[[6.5037,50.0937],[6.5049,50.1124],[6.4743,50.1071],[6.4683,50.1058],[6.4734,50.0992],[6.4745,50.0932],[6.4865,50.0837],[6.5037,50.0937]]]},"properties":{"AGS":"07232279","GEN":"Nimshuscheid","SN_L":"07"}},
{"type":"Feature","geometry":{"type":"Polygon","coordinates":[[[6.4688,50.1247],[6.4683,50.133],[6.4461,50.1456],[6.4395,50.1406],[6.4436,50.1334],[6.432,50.1202],[6.4694,50.124],[6.4688,50.1247]]]},"properties":{"AGS":"07232280","GEN":"Nimsreuland","SN_L":"07"}},
{"type":"Feature","geometry":{"type":"Polygon","coordinates":[[[6.3389,50.2797],[6.3306,50.2872],[6.2921,50.2788],[6.2783,50.2667],[6.284,50.2571],[6.2996,50.2508],[6.3234,50.2661],[6.3389,50.2797]]]},"properties":{"AGS":"07232283","GEN":"Oberlascheid","SN_L":"07"}},
{"type":"Feature","geometry":{"type":"Polygon","coordinates":[[[6.4364,50.1743],[6.4091,50.1703],[6.4094,50.1587],[6.4202,50.1616],[6.4369,50.1609],[6.4471,50.1594],[6.4504,50.1687],[6.4364,50.1743]]]},"properties":{"AGS":"07232284","GEN":"Oberlauch","SN_L":"07"}},
{"type":"Feature","geometry":{"type":"Polygon","coordinates":[[[6.4411,50.2966],[6.4238,50.2974],[6.3969,50.2831],[6.4004,50.276],[6.4196,50.2694],[6.4345,50.2551],[6.4471,50.2543],[6.4651,50.2631],[6.473,50.2793],[6.4837,50.2845],[6.4774,50.2847],[6.4628,50.279],[6.4454,50.2946],[6.4411,50.2966]]]},"properties":{"AGS":"07232288","GEN":"Olzheim","SN_L":"07"}},
{"type":"Feature","geometry":{"type":"Polygon","coordinates":[[[6.4091,50.1703],[6.398,50.1779],[6.3872,50.1755],[6.375,50.1747],[6.3727,50.1706],[6.3712,50.1526],[6.4035,50.1547],[6.4094,50.1587],[6.4091,50.1703]]]},"properties":{"AGS":"07232290","GEN":"Orlenbach","SN_L":"07"}},
{"type":"Feature","geometry":{"type":"Polygon","coordinates":[[[6.375,50.1747],[6.3498,50.1791],[6.3297,50.1868],[6.3251,50.1774],[6.3417,50.1698],[6.3727,50.1706],[6.375,50.1747]]]},"properties":{"AGS":"07232292","GEN":"Pittenbach","SN_L":"07"}},
{"type":"Feature","geometry":{"type":"Polygon","coordinates":[[[6.3201,50.2006],[6.3061,50.2006],[6.3075,50.1852],[6.2933,50.1833],[6.3042,50.1645],[6.3187,50.1546],[6.3427,50.1485],[6.3665,50.1515],[6.3712,50.1526],[6.3727,50.1706],[6.3417,50.1698],[6.3251,50.1774],[6.3297,50.1868],[6.3201,50.2006]]]},"properties":{"AGS":"07232295","GEN":"Pronsfeld","SN_L":"07"}},
{"type":"Feature","geometry":{"type":"Polygon","coordinates":[[[6.4514,50.215],[6.4577,50.2205],[6.4447,50.2329],[6.4331,50.234],[6.4122,50.2205],[6.4045,50.2113],[6.3863,50.2057],[6.3761,50.2117],[6.3787,50.221],[6.3579,50.2072],[6.349,50.1968],[6.3517,50.1891],[6.3748,50.1871],[6.3872,50.1755],[6.398,50.1779],[6.4212,50.1879],[6.4226,50.1985],[6.4363,50.2104],[6.4514,50.215]]]},"properties":{"AGS":"07232296","GEN":"Prüm","SN_L":"07"}},
{"type":"Feature","geometry":{"type":"Polygon","coordinates":[[[6.4799,50.2144],[6.4514,50.215],[6.4363,50.2104],[6.4226,50.1985],[6.4212,50.1879],[6.398,50.1779],[6.4091,50.1703],[6.4364,50.1743],[6.4438,50.1856],[6.4774,50.1795],[6.4921,50.1824],[6.4799,50.2144]]]},"properties":{"AGS":"07232300","GEN":"Rommersheim","SN_L":"07"}},
{"type":"Feature","geometry":{"type":"Polygon","coordinates":[[[6.4253,50.323],[6.405,50.3233],[6.3826,50.322],[6.3751,50.3138],[6.3559,50.3094],[6.3577,50.2924],[6.3753,50.2851],[6.3859,50.2747],[6.3969,50.2831],[6.4238,50.2974],[6.4411,50.2966],[6.4442,50.3041],[6.4207,50.3137],[6.4253,50.323]]]},"properties":{"AGS":"07232302","GEN":"Roth bei Prüm","SN_L":"07"}},
{"type":"Feature","geometry":{"type":"Polygon","coordinates":[[[6.4733,50.177],[6.4603,50.1778],[6.4504,50.1687],[6.4471,50.1594],[6.4461,50.1456],[6.4683,50.133],[6.4688,50.1247],[6.489,50.1332],[6.4852,50.1438],[6.5036,50.1588],[6.4733,50.177]]]},"properties":{"AGS":"07232304","GEN":"Schönecken","SN_L":"07"}},
{"type":"Feature","geometry":{"type":"Polygon","coordinates":[[[6.5673,50.2445],[6.553,50.2535],[6.5338,50.2504],[6.5195,50.2655],[6.5213,50.2761],[6.5212,50.277],[6.511,50.2677],[6.51,50.2504],[6.5154,50.2392],[6.505,50.2204],[6.5202,50.2163],[6.532,50.2185],[6.5613,50.2356],[6.5673,50.2445]]]},"properties":{"AGS":"07232305","GEN":"Schwirzheim","SN_L":"07"}},
{"type":"Feature","geometry":{"type":"Polygon","coordinates":[[[6.5484,50.1458],[6.5223,50.1487],[6.5036,50.1588],[6.4852,50.1438],[6.489,50.1332],[6.5205,50.1335],[6.5402,50.1272],[6.5484,50.1458]]]},"properties":{"AGS":"07232307","GEN":"Seiwerath","SN_L":"07"}},
{"type":"Feature","geometry":{"type":"Polygon","coordinates":[[[6.3787,50.221],[6.3859,50.2312],[6.3828,50.2473],[6.3711,50.261],[6.3471,50.2498],[6.3333,50.2387],[6.3319,50.2185],[6.3384,50.2045],[6.3252,50.1981],[6.3517,50.1891],[6.349,50.1968],[6.3579,50.2072],[6.3787,50.221]]]},"properties":{"AGS":"07232308","GEN":"Sellerich","SN_L":"07"}},
{"type":"Feature","geometry":{"type":"Polygon","coordinates":[[[6.532,50.2185],[6.5202,50.2163],[6.5219,50.2061],[6.508,50.2001],[6.5119,50.188],[6.5315,50.18],[6.5339,50.1663],[6.5525,50.1549],[6.5627,50.1576],[6.5543,50.166],[6.5613,50.1723],[6.5621,50.1892],[6.532,50.2185]]]},"properties":{"AGS":"07232318","GEN":"Wallersheim","SN_L":"07"}},
{"type":"Feature","geometry":{"type":"Polygon","coordinates":[[[6.3201,50.2006],[6.3297,50.1868],[6.3498,50.1791],[6.375,50.1747],[6.3872,50.1755],[6.3748,50.1871],[6.3517,50.1891],[6.3252,50.1981],[6.3201,50.2006]]]},"properties":{"AGS":"07232320","GEN":"Watzerath","SN_L":"07"}},
{"type":"Feature","geometry":{"type":"Polygon","coordinates":[[[6.5205,50.1335],[6.489,50.1332],[6.4688,50.1247],[6.4694,50.124],[6.4743,50.1071],[6.5049,50.1124],[6.5211,50.1254],[6.5205,50.1335]]]},"properties":{"AGS":"07232321","GEN":"Wawern","SN_L":"07"}},
{"type":"Feature","geometry":{"type":"Polygon","coordinates":[[[6.4254,50.1538],[6.4202,50.1616],[6.4094,50.1587],[6.4035,50.1547],[6.4106,50.1388],[6.4254,50.1538]]]},"properties":{"AGS":"07232327","GEN":"Winringen","SN_L":"07"}},
{"type":"Feature","geometry":{"type":"Polygon","coordinates":[[[6.2616,50.2391],[6.2381,50.2487],[6.2272,50.2587],[6.2228,50.2572],[6.2188,50.2235],[6.239,50.2248],[6.2603,50.2283],[6.2616,50.2391]]]},"properties":{"AGS":"07232328","GEN":"Winterscheid","SN_L":"07"}},
{"type":"Feature","geometry":{"type":"Polygon","coordinates":[[[6.2228,50.2572],[6.2158,50.257],[6.2003,50.2398],[6.1755,50.2351],[6.1777,50.2167],[6.1856,50.2033],[6.1849,50.1918],[6.1928,50.1819],[6.1997,50.1878],[6.2238,50.1958],[6.2397,50.1787],[6.2557,50.2025],[6.2398,50.216],[6.239,50.2248],[6.2188,50.2235],[6.2228,50.2572]]]},"properties":{"AGS":"07232329","GEN":"Winterspelt","SN_L":"07"}},
{"type":"Feature","geometry":{"type":"Polygon","coordinates":[[[6.5525,50.1549],[6.5339,50.1663],[6.5315,50.18],[6.5119,50.188],[6.4921,50.1824],[6.4774,50.1795],[6.4733,50.177],[6.5036,50.1588],[6.5223,50.1487],[6.5484,50.1458],[6.5525,50.1549]]]},"properties":{"AGS":"07232332","GEN":"Hersdorf","SN_L":"07"}},
{"type":"Feature","geometry":{"type":"Polygon","coordinates":[[[6.6285,49.8972],[6.6144,49.9052],[6.6049,49.8966],[6.6061,49.8923],[6.6264,49.8929],[6.6285,49.8972]]]},"properties":{"AGS":"07232006","GEN":"Auw an der Kyll","SN_L":"07"}},
{"type":"Feature","geometry":{"type":"Polygon","coordinates":[[[6.6745,49.9542],[6.6634,49.9663],[6.64,49.9569],[6.6365,49.9525],[6.6804,49.9403],[6.6745,49.9542]]]},"properties":{"AGS":"07232010","GEN":"Beilingen","SN_L":"07"}},
{"type":"Feature","geometry":{"type":"Polygon","coordinates":[[[6.6864,49.9561],[6.6745,49.9542],[6.6804,49.9403],[6.6959,49.9388],[6.6962,49.9246],[6.6995,49.9249],[6.7078,49.9409],[6.7045,49.9482],[6.6864,49.9561]]]},"properties":{"AGS":"07232050","GEN":"Herforst","SN_L":"07"}},
{"type":"Feature","geometry":{"type":"Polygon","coordinates":[[[6.6264,49.8929],[6.6061,49.8923],[6.6363,49.8757],[6.6366,49.8787],[6.6264,49.8929]]]},"properties":{"AGS":"07232055","GEN":"Hosten","SN_L":"07"}},
{"type":"Feature","geometry":{"type":"Polygon","coordinates":[[[6.64,49.9569],[6.6279,49.96],[6.6221,49.9548],[6.6282,49.9498],[6.6365,49.9525],[6.64,49.9569]]]},"properties":{"AGS":"07232104","GEN":"Philippsheim","SN_L":"07"}},
{"type":"Feature","geometry":{"type":"Polygon","coordinates":[[[6.6666,49.9173],[6.6366,49.9177],[6.6214,49.9236],[6.6148,49.9218],[6.6144,49.9052],[6.6285,49.8972],[6.642,49.8985],[6.6471,49.9098],[6.6666,49.9173]]]},"properties":{"AGS":"07232107","GEN":"Preist","SN_L":"07"}},
{"type":"Feature","geometry":{"type":"Polygon","coordinates":[[[6.6804,49.9403],[6.6365,49.9525],[6.6282,49.9498],[6.6273,49.9367],[6.614,49.9329],[6.6214,49.9236],[6.6366,49.9177],[6.6666,49.9173],[6.6962,49.9246],[6.6959,49.9388],[6.6804,49.9403]]]},"properties":{"AGS":"07232123","GEN":"Speicher","SN_L":"07"}},
{"type":"Feature","geometry":{"type":"Polygon","coordinates":[[[6.7133,49.9146],[6.6995,49.9249],[6.6962,49.9246],[6.6666,49.9173],[6.6471,49.9098],[6.642,49.8985],[6.6285,49.8972],[6.6264,49.8929],[6.6366,49.8787],[6.6518,49.8893],[6.6654,49.8916],[6.6817,49.91],[6.6968,49.9146],[6.7116,49.9055],[6.7133,49.9146]]]},"properties":{"AGS":"07232289","GEN":"Orenhofen","SN_L":"07"}},
{"type":"Feature","geometry":{"type":"Polygon","coordinates":[[[6.7121,50.0091],[6.6711,50.0067],[6.6647,50.002],[6.674,49.9882],[6.6709,49.9814],[6.6812,49.9649],[6.7139,49.9849],[6.7216,49.9828],[6.7282,49.984],[6.7121,50.0091]]]},"properties":{"AGS":"07232311","GEN":"Spangdahlem","SN_L":"07"}},
{"type":"Feature","geometry":{"type":"Polygon","coordinates":[[[6.6237,50.0168],[6.6141,50.0211],[6.5777,50.0162],[6.588,50.0128],[6.5832,49.9923],[6.6048,49.9948],[6.6163,49.9887],[6.6291,49.9929],[6.6318,50.0012],[6.6237,50.0168]]]},"properties":{"AGS":"07232007","GEN":"Badem","SN_L":"07"}},
{"type":"Feature","geometry":{"type":"Polygon","coordinates":[[[6.3982,49.9929],[6.3825,49.9881],[6.3698,49.9972],[6.3688,49.9842],[6.3898,49.9691],[6.4103,49.9758],[6.4077,49.9804],[6.3982,49.9929]]]},"properties":{"AGS":"07232009","GEN":"Baustert","SN_L":"07"}},
{"type":"Feature","geometry":{"type":"Polygon","coordinates":[[[6.4472,49.9477],[6.4368,49.9553],[6.4116,49.9487],[6.403,49.9536],[6.3838,49.9423],[6.3886,49.9372],[6.3973,49.9337],[6.4275,49.9359],[6.4486,49.9428],[6.4472,49.9477]]]},"properties":{"AGS":"07232013","GEN":"Bettingen","SN_L":"07"}},
{"type":"Feature","geometry":{"type":"Polygon","coordinates":[[[6.5032,50.0524],[6.4864,50.046],[6.4847,50.0333],[6.4904,50.0258],[6.5132,50.0283],[6.5212,50.0425],[6.5023,50.0491],[6.5032,50.0524]]]},"properties":{"AGS":"07232014","GEN":"Bickendorf","SN_L":"07"}},
{"type":"Feature","geometry":{"type":"Polygon","coordinates":[[[6.4632,50.0291],[6.4438,50.0225],[6.4317,50.0241],[6.4315,50.0147],[6.4474,50.0107],[6.4711,50.0185],[6.4632,50.0291]]]},"properties":{"AGS":"07232015","GEN":"Biersdorf am See","SN_L":"07"}},
{"type":"Feature","geometry":{"type":"Polygon","coordinates":[[[6.4564,49.9631],[6.4581,49.9603],[6.4747,49.9541],[6.4823,49.9434],[6.5006,49.9448],[6.5042,49.9485],[6.4721,49.9629],[6.4564,49.9631]]]},"properties":{"AGS":"07232017","GEN":"Birtlingen","SN_L":"07"}},
{"type":"Feature","geometry":{"type":"Polygon","coordinates":[[[6.4543,49.9816],[6.432,49.9887],[6.4308,49.9944],[6.4129,50.0052],[6.411,50.005],[6.4219,49.9865],[6.4293,49.978],[6.4534,49.9687],[6.4553,49.98],[6.4543,49.9816]]]},"properties":{"AGS":"07232020","GEN":"Brecht","SN_L":"07"}},
{"type":"Feature","geometry":{"type":"Polygon","coordinates":[[[6.6148,49.9218],[6.5966,49.9218],[6.5882,49.9141],[6.5998,49.8965],[6.6049,49.8966],[6.6144,49.9052],[6.6148,49.9218]]]},"properties":{"AGS":"07232024","GEN":"Dahlem","SN_L":"07"}},
{"type":"Feature","geometry":{"type":"Polygon","coordinates":[[[6.4703,49.926],[6.4699,49.9328],[6.4351,49.9266],[6.4247,49.9189],[6.4309,49.9064],[6.4597,49.9181],[6.4711,49.9168],[6.4703,49.926]]]},"properties":{"AGS":"07232026","GEN":"Dockendorf","SN_L":"07"}},
{"type":"Feature","geometry":{"type":"Polygon","coordinates":[[[6.6291,49.9929],[6.6163,49.9887],[6.6154,49.9793],[6.6279,49.96],[6.64,49.9569],[6.6634,49.9663],[6.6745,49.9542],[6.6864,49.9561],[6.6812,49.9649],[6.6709,49.9814],[6.6405,49.9815],[6.6291,49.9929]]]},"properties":{"AGS":"07232027","GEN":"Dudeldorf","SN_L":"07"}},
{"type":"Feature","geometry":{"type":"Polygon","coordinates":[[[6.4115,50.031],[6.3962,50.0346],[6.3942,50.0274],[6.4146,50.0188],[6.4257,50.0224],[6.4115,50.031]]]},"properties":{"AGS":"07232029","GEN":"Echtershausen","SN_L":"07"}},
{"type":"Feature","geometry":{"type":"Polygon","coordinates":[[[6.4768,50.0508],[6.4471,50.0624],[6.4454,50.0516],[6.4569,50.037],[6.466,50.0297],[6.4847,50.0333],[6.4864,50.046],[6.4768,50.0508]]]},"properties":{"AGS":"07232030","GEN":"Ehlenz","SN_L":"07"}},
{"type":"Feature","geometry":{"type":"Polygon","coordinates":[[[6.3613,49.9305],[6.3564,49.9276],[6.3726,49.9121],[6.3794,49.9119],[6.374,49.9236],[6.3613,49.9305]]]},"properties":{"AGS":"07232032","GEN":"Enzen","SN_L":"07"}},
{"type":"Feature","geometry":{"type":"Polygon","coordinates":[[[6.5347,49.9237],[6.5054,49.918],[6.5054,49.9143],[6.5076,49.9053],[6.5172,49.9009],[6.543,49.9057],[6.5518,49.9108],[6.5521,49.9155],[6.5347,49.9237]]]},"properties":{"AGS":"07232034","GEN":"Eßlingen","SN_L":"07"}},
{"type":"Feature","geometry":{"type":"Polygon","coordinates":[[[6.5759,50.0385],[6.5595,50.0311],[6.5708,50.025],[6.5875,50.0297],[6.5802,50.0381],[6.5759,50.0385]]]},"properties":{"AGS":"07232035","GEN":"Etteldorf","SN_L":"07"}},
{"type":"Feature","geometry":{"type":"Polygon","coordinates":[[[6.4012,50.0084],[6.3873,50.0055],[6.3982,49.9929],[6.4077,49.9804],[6.4219,49.9865],[6.411,50.005],[6.4012,50.0084]]]},"properties":{"AGS":"07232036","GEN":"Feilsdorf","SN_L":"07"}},
{"type":"Feature","geometry":{"type":"Polygon","coordinates":[[[6.547,50.0405],[6.5292,50.0436],[6.5253,50.0263],[6.5347,50.0171],[6.5357,50.0058],[6.5716,50.0189],[6.5708,50.025],[6.5595,50.0311],[6.547,50.0405]]]},"properties":{"AGS":"07232039","GEN":"Fließem","SN_L":"07"}},
{"type":"Feature","geometry":{"type":"Polygon","coordinates":[[[6.6457,50.0284],[6.6237,50.0168],[6.6318,50.0012],[6.6571,50.0025],[6.6671,50.0183],[6.6644,50.026],[6.6457,50.0284]]]},"properties":{"AGS":"07232043","GEN":"Gindorf","SN_L":"07"}},
{"type":"Feature","geometry":{"type":"Polygon","coordinates":[[[6.6279,49.96],[6.6154,49.9793],[6.6028,49.9731],[6.5965,49.9597],[6.6058,49.957],[6.6221,49.9548],[6.6279,49.96]]]},"properties":{"AGS":"07232044","GEN":"Gondorf","SN_L":"07"}},
{"type":"Feature","geometry":{"type":"Polygon","coordinates":[[[6.3742,49.9443],[6.3663,49.9438],[6.3613,49.9305],[6.374,49.9236],[6.3886,49.9372],[6.3838,49.9423],[6.3742,49.9443]]]},"properties":{"AGS":"07232045","GEN":"Halsdorf","SN_L":"07"}},
{"type":"Feature","geometry":{"type":"Polygon","coordinates":[[[6.4315,50.0147],[6.4317,50.0241],[6.4257,50.0224],[6.4146,50.0188],[6.4144,50.0122],[6.4315,50.0088],[6.4315,50.0147]]]},"properties":{"AGS":"07232046","GEN":"Hamm","SN_L":"07"}},
{"type":"Feature","geometry":{"type":"Polygon","coordinates":[[[6.4745,50.0932],[6.4734,50.0992],[6.4461,50.0841],[6.4398,50.0707],[6.4471,50.0624],[6.4768,50.0508],[6.4794,50.0658],[6.4676,50.0755],[6.4745,50.0932]]]},"properties":{"AGS":"07232048","GEN":"Heilenbach","SN_L":"07"}},
{"type":"Feature","geometry":{"type":"Polygon","coordinates":[[[6.3982,49.9929],[6.3873,50.0055],[6.3693,50.0007],[6.3698,49.9972],[6.3825,49.9881],[6.3982,49.9929]]]},"properties":{"AGS":"07232057","GEN":"Hütterscheid","SN_L":"07"}},
{"type":"Feature","geometry":{"type":"Polygon","coordinates":[[[6.6028,49.9731],[6.5879,49.9697],[6.5684,49.9761],[6.5868,49.9548],[6.6058,49.957],[6.5965,49.9597],[6.6028,49.9731]]]},"properties":{"AGS":"07232058","GEN":"Hüttingen an der Kyll","SN_L":"07"}},
{"type":"Feature","geometry":{"type":"Polygon","coordinates":[[[6.5721,49.9099],[6.5518,49.9108],[6.543,49.9057],[6.5467,49.8855],[6.5624,49.8841],[6.5938,49.8901],[6.5968,49.8945],[6.5839,49.8977],[6.5721,49.9099]]]},"properties":{"AGS":"07232060","GEN":"Idenheim","SN_L":"07"}},
{"type":"Feature","geometry":{"type":"Polygon","coordinates":[[[6.5427,49.8629],[6.5796,49.8674],[6.5834,49.8834],[6.5938,49.8901],[6.5624,49.8841],[6.5467,49.8855],[6.5431,49.8829],[6.5427,49.8629]]]},"properties":{"AGS":"07232061","GEN":"Idesheim","SN_L":"07"}},
{"type":"Feature","geometry":{"type":"Polygon","coordinates":[[[6.4699,49.9328],[6.4645,49.9423],[6.4486,49.9428],[6.4275,49.9359],[6.4351,49.9266],[6.4699,49.9328]]]},"properties":{"AGS":"07232062","GEN":"Ingendorf","SN_L":"07"}},
{"type":"Feature","geometry":{"type":"Polygon","coordinates":[[[6.6173,50.0384],[6.6107,50.0528],[6.6022,50.0559],[6.6011,50.0545],[6.5997,50.0479],[6.5802,50.0381],[6.5875,50.0297],[6.6082,50.0266],[6.6173,50.0384]]]},"properties":{"AGS":"07232070","GEN":"Kyllburg","SN_L":"07"}},
{"type":"Feature","geometry":{"type":"Polygon","coordinates":[[[6.6312,50.0546],[6.6148,50.0779],[6.6211,50.0834],[6.6061,50.0846],[6.6022,50.0559],[6.6107,50.0528],[6.6173,50.0384],[6.6364,50.0444],[6.6312,50.0546]]]},"properties":{"AGS":"07232071","GEN":"Kyllburgweiler","SN_L":"07"}},
{"type":"Feature","geometry":{"type":"Polygon","coordinates":[[[6.4904,50.0258],[6.4847,50.0333],[6.466,50.0297],[6.4632,50.0291],[6.4711,50.0185],[6.4757,50.0121],[6.4944,50.0177],[6.4904,50.0258]]]},"properties":{"AGS":"07232074","GEN":"Ließem","SN_L":"07"}},
{"type":"Feature","geometry":{"type":"Polygon","coordinates":[[[6.6011,50.0545],[6.5868,50.0592],[6.5785,50.0711],[6.5624,50.0603],[6.5624,50.0487],[6.5474,50.0437],[6.5632,50.0377],[6.5759,50.0385],[6.5802,50.0381],[6.5997,50.0479],[6.6011,50.0545]]]},"properties":{"AGS":"07232075","GEN":"Malberg","SN_L":"07"}},
{"type":"Feature","geometry":{"type":"Polygon","coordinates":[[[6.5785,50.0711],[6.5765,50.0908],[6.5451,50.073],[6.5403,50.0787],[6.5393,50.0585],[6.5292,50.0436],[6.547,50.0405],[6.5474,50.0437],[6.5624,50.0487],[6.5624,50.0603],[6.5785,50.0711]]]},"properties":{"AGS":"07232076","GEN":"Malbergweich","SN_L":"07"}},
{"type":"Feature","geometry":{"type":"Polygon","coordinates":[[[6.543,49.9057],[6.5172,49.9009],[6.5076,49.9053],[6.4926,49.898],[6.4951,49.8924],[6.4923,49.8842],[6.5116,49.871],[6.5172,49.8765],[6.5431,49.8829],[6.5467,49.8855],[6.543,49.9057]]]},"properties":{"AGS":"07232077","GEN":"Meckel","SN_L":"07"}},
{"type":"Feature","geometry":{"type":"Polygon","coordinates":[[[6.5006,49.9448],[6.4823,49.9434],[6.4747,49.9541],[6.4581,49.9603],[6.4472,49.9477],[6.4486,49.9428],[6.4645,49.9423],[6.4699,49.9328],[6.4703,49.926],[6.4784,49.9256],[6.5006,49.9448]]]},"properties":{"AGS":"07232079","GEN":"Messerich","SN_L":"07"}},
{"type":"Feature","geometry":{"type":"Polygon","coordinates":[[[6.6163,49.9887],[6.6048,49.9948],[6.5832,49.9923],[6.5684,49.9761],[6.5879,49.9697],[6.6028,49.9731],[6.6154,49.9793],[6.6163,49.9887]]]},"properties":{"AGS":"07232081","GEN":"Metterich","SN_L":"07"}},
{"type":"Feature","geometry":{"type":"Polygon","coordinates":[[[6.4103,49.9758],[6.3898,49.9691],[6.392,49.9642],[6.4021,49.962],[6.4103,49.9758]]]},"properties":{"AGS":"07232083","GEN":"Mülbach","SN_L":"07"}},
{"type":"Feature","geometry":{"type":"Polygon","coordinates":[[[6.5357,50.0058],[6.5347,50.0171],[6.5253,50.0263],[6.5292,50.0436],[6.5212,50.0425],[6.5132,50.0283],[6.4904,50.0258],[6.4944,50.0177],[6.5074,50.0074],[6.5265,50.0024],[6.5357,50.0058]]]},"properties":{"AGS":"07232086","GEN":"Nattenheim","SN_L":"07"}},
{"type":"Feature","geometry":{"type":"Polygon","coordinates":[[[6.5836,50.1139],[6.5707,50.1109],[6.545,50.1068],[6.5413,50.0968],[6.5403,50.0787],[6.5451,50.073],[6.5765,50.0908],[6.5933,50.0985],[6.5848,50.1092],[6.5836,50.1139]]]},"properties":{"AGS":"07232087","GEN":"Neidenbach","SN_L":"07"}},
{"type":"Feature","geometry":{"type":"Polygon","coordinates":[[[6.5054,49.918],[6.5012,49.931],[6.5122,49.9445],[6.5042,49.9485],[6.5006,49.9448],[6.4784,49.9256],[6.4703,49.926],[6.4711,49.9168],[6.5054,49.9143],[6.5054,49.918]]]},"properties":{"AGS":"07232091","GEN":"Niederstedem","SN_L":"07"}},
{"type":"Feature","geometry":{"type":"Polygon","coordinates":[[[6.4569,50.037],[6.4284,50.0349],[6.417,50.0423],[6.4115,50.031],[6.4257,50.0224],[6.4317,50.0241],[6.4438,50.0225],[6.4632,50.0291],[6.466,50.0297],[6.4569,50.037]]]},"properties":{"AGS":"07232092","GEN":"Niederweiler","SN_L":"07"}},
{"type":"Feature","geometry":{"type":"Polygon","coordinates":[[[6.5319,49.9353],[6.5122,49.9445],[6.5012,49.931],[6.5054,49.918],[6.5347,49.9237],[6.5319,49.9353]]]},"properties":{"AGS":"07232097","GEN":"Oberstedem","SN_L":"07"}},
{"type":"Feature","geometry":{"type":"Polygon","coordinates":[[[6.4454,50.0516],[6.4183,50.0596],[6.4124,50.0506],[6.417,50.0423],[6.4284,50.0349],[6.4569,50.037],[6.4454,50.0516]]]},"properties":{"AGS":"07232098","GEN":"Oberweiler","SN_L":"07"}},
{"type":"Feature","geometry":{"type":"Polygon","coordinates":[[[6.4534,49.9687],[6.4293,49.978],[6.4219,49.9865],[6.4077,49.9804],[6.4103,49.9758],[6.4021,49.962],[6.403,49.9536],[6.4116,49.9487],[6.4368,49.9553],[6.4472,49.9477],[6.4581,49.9603],[6.4564,49.9631],[6.4534,49.9687]]]},"properties":{"AGS":"07232099","GEN":"Oberweis","SN_L":"07"}},
{"type":"Feature","geometry":{"type":"Polygon","coordinates":[[[6.392,49.9642],[6.3762,49.955],[6.3742,49.9443],[6.3838,49.9423],[6.403,49.9536],[6.4021,49.962],[6.392,49.9642]]]},"properties":{"AGS":"07232100","GEN":"Olsdorf","SN_L":"07"}},
{"type":"Feature","geometry":{"type":"Polygon","coordinates":[[[6.6457,50.0284],[6.6418,50.0428],[6.6364,50.0444],[6.6173,50.0384],[6.6082,50.0266],[6.6141,50.0211],[6.6237,50.0168],[6.6457,50.0284]]]},"properties":{"AGS":"07232101","GEN":"Orsfeld","SN_L":"07"}},
{"type":"Feature","geometry":{"type":"Polygon","coordinates":[[[6.6571,50.0025],[6.6318,50.0012],[6.6291,49.9929],[6.6405,49.9815],[6.6709,49.9814],[6.674,49.9882],[6.6647,50.002],[6.6571,50.0025]]]},"properties":{"AGS":"07232105","GEN":"Pickließem","SN_L":"07"}},
{"type":"Feature","geometry":{"type":"Polygon","coordinates":[[[6.4944,50.0177],[6.4757,50.0121],[6.4725,50.0036],[6.4543,49.9816],[6.4553,49.98],[6.4961,49.9809],[6.5075,49.9913],[6.5273,49.9955],[6.5265,50.0024],[6.5074,50.0074],[6.4944,50.0177]]]},"properties":{"AGS":"07232109","GEN":"Rittersdorf","SN_L":"07"}},
{"type":"Feature","geometry":{"type":"Polygon","coordinates":[[[6.6221,49.9548],[6.6058,49.957],[6.5868,49.9548],[6.5578,49.942],[6.5684,49.9342],[6.5768,49.9297],[6.614,49.9329],[6.6273,49.9367],[6.6282,49.9498],[6.6221,49.9548]]]},"properties":{"AGS":"07232111","GEN":"Röhl","SN_L":"07"}},
{"type":"Feature","geometry":{"type":"Polygon","coordinates":[[[6.6238,50.0933],[6.603,50.0986],[6.5933,50.0985],[6.5765,50.0908],[6.5785,50.0711],[6.5868,50.0592],[6.6011,50.0545],[6.6022,50.0559],[6.6061,50.0846],[6.6211,50.0834],[6.6238,50.0933]]]},"properties":{"AGS":"07232113","GEN":"Sankt Thomas","SN_L":"07"}},
{"type":"Feature","geometry":{"type":"Polygon","coordinates":[[[6.5578,49.942],[6.5319,49.9353],[6.5347,49.9237],[6.5521,49.9155],[6.5684,49.9342],[6.5578,49.942]]]},"properties":{"AGS":"07232115","GEN":"Scharfbillig","SN_L":"07"}},
{"type":"Feature","geometry":{"type":"Polygon","coordinates":[[[6.4865,50.0837],[6.4745,50.0932],[6.4676,50.0755],[6.4794,50.0658],[6.4768,50.0508],[6.4864,50.046],[6.5032,50.0524],[6.4865,50.0837]]]},"properties":{"AGS":"07232118","GEN":"Schleid","SN_L":"07"}},
{"type":"Feature","geometry":{"type":"Polygon","coordinates":[[[6.5121,50.0858],[6.5037,50.0937],[6.4865,50.0837],[6.5032,50.0524],[6.5023,50.0491],[6.5123,50.0679],[6.5121,50.0858]]]},"properties":{"AGS":"07232119","GEN":"Seffern","SN_L":"07"}},
{"type":"Feature","geometry":{"type":"Polygon","coordinates":[[[6.5403,50.0787],[6.5413,50.0968],[6.5257,50.0957],[6.5121,50.0858],[6.5123,50.0679],[6.5023,50.0491],[6.5212,50.0425],[6.5292,50.0436],[6.5393,50.0585],[6.5403,50.0787]]]},"properties":{"AGS":"07232120","GEN":"Sefferweich","SN_L":"07"}},
{"type":"Feature","geometry":{"type":"Polygon","coordinates":[[[6.3973,49.9337],[6.3886,49.9372],[6.374,49.9236],[6.3794,49.9119],[6.3861,49.9108],[6.3884,49.9172],[6.4083,49.9197],[6.3973,49.9337]]]},"properties":{"AGS":"07232124","GEN":"Stockem","SN_L":"07"}},
{"type":"Feature","geometry":{"type":"Polygon","coordinates":[[[6.614,49.9329],[6.5768,49.9297],[6.5684,49.9342],[6.5521,49.9155],[6.5518,49.9108],[6.5721,49.9099],[6.5882,49.9141],[6.5966,49.9218],[6.6148,49.9218],[6.6214,49.9236],[6.614,49.9329]]]},"properties":{"AGS":"07232125","GEN":"Sülm","SN_L":"07"}},
{"type":"Feature","geometry":{"type":"Polygon","coordinates":[[[6.5998,49.8965],[6.5882,49.9141],[6.5721,49.9099],[6.5839,49.8977],[6.5968,49.8945],[6.5998,49.8965]]]},"properties":{"AGS":"07232126","GEN":"Trimport","SN_L":"07"}},
{"type":"Feature","geometry":{"type":"Polygon","coordinates":[[[6.6082,50.1064],[6.5848,50.1092],[6.5933,50.0985],[6.603,50.0986],[6.6082,50.1064]]]},"properties":{"AGS":"07232129","GEN":"Usch","SN_L":"07"}},
{"type":"Feature","geometry":{"type":"Polygon","coordinates":[[[6.4275,49.9359],[6.3973,49.9337],[6.4083,49.9197],[6.4247,49.9189],[6.4351,49.9266],[6.4275,49.9359]]]},"properties":{"AGS":"07232133","GEN":"Wettlingen","SN_L":"07"}},
{"type":"Feature","geometry":{"type":"Polygon","coordinates":[[[6.4711,50.0185],[6.4474,50.0107],[6.4315,50.0147],[6.4315,50.0088],[6.4496,49.9996],[6.4725,50.0036],[6.4757,50.0121],[6.4711,50.0185]]]},"properties":{"AGS":"07232134","GEN":"Wiersdorf","SN_L":"07"}},
{"type":"Feature","geometry":{"type":"MultiPolygon","coordinates":[[[[6.5759,50.0385],[6.5632,50.0377],[6.5474,50.0437],[6.547,50.0405],[6.5595,50.0311],[6.5759,50.0385]]],[[[6.6082,50.0266],[6.5875,50.0297],[6.5708,50.025],[6.5716,50.0189],[6.5777,50.0162],[6.6141,50.0211],[6.6082,50.0266]]]]},"properties":{"AGS":"07232135","GEN":"Wilsecker","SN_L":"07"}},
{"type":"Feature","geometry":{"type":"Polygon","coordinates":[[[6.4711,49.9168],[6.4597,49.9181],[6.4309,49.9064],[6.4316,49.905],[6.4414,49.8928],[6.4558,49.8971],[6.4926,49.898],[6.5076,49.9053],[6.5054,49.9143],[6.4711,49.9168]]]},"properties":{"AGS":"07232137","GEN":"Wolsfeld","SN_L":"07"}},
{"type":"Feature","geometry":{"type":"Polygon","coordinates":[[[6.5478,50.1116],[6.5333,50.1138],[6.5257,50.0957],[6.5413,50.0968],[6.545,50.1068],[6.5478,50.1116]]]},"properties":{"AGS":"07232203","GEN":"Balesfeld","SN_L":"07"}},
{"type":"Feature","geometry":{"type":"Polygon","coordinates":[[[6.5828,50.136],[6.5484,50.1458],[6.5402,50.1272],[6.5205,50.1335],[6.5211,50.1254],[6.5049,50.1124],[6.5037,50.0937],[6.5121,50.0858],[6.5257,50.0957],[6.5333,50.1138],[6.5478,50.1116],[6.5707,50.1109],[6.5836,50.1139],[6.5911,50.118],[6.575,50.1297],[6.5828,50.136]]]},"properties":{"AGS":"07232210","GEN":"Burbach","SN_L":"07"}},
{"type":"Feature","geometry":{"type":"Polygon","coordinates":[[[6.6991,50.0261],[6.6838,50.0295],[6.6671,50.0183],[6.6571,50.0025],[6.6647,50.002],[6.6711,50.0067],[6.7121,50.0091],[6.7036,50.0203],[6.6991,50.0261]]]},"properties":{"AGS":"07232228","GEN":"Gransdorf","SN_L":"07"}},
{"type":"Feature","geometry":{"type":"Polygon","coordinates":[[[6.5707,50.1109],[6.5478,50.1116],[6.545,50.1068],[6.5707,50.1109]]]},"properties":{"AGS":"07232273","GEN":"Neuheilenbach","SN_L":"07"}},
{"type":"Feature","geometry":{"type":"Polygon","coordinates":[[[6.7003,50.0845],[6.663,50.0947],[6.6582,50.0858],[6.6684,50.0813],[6.674,50.0685],[6.6592,50.0618],[6.6418,50.0428],[6.6457,50.0284],[6.6644,50.026],[6.6671,50.0183],[6.6838,50.0295],[6.6991,50.0261],[6.6995,50.0405],[6.717,50.0425],[6.6985,50.0594],[6.6972,50.0812],[6.7003,50.0845]]]},"properties":{"AGS":"07232282","GEN":"Oberkail","SN_L":"07"}},
{"type":"Feature","geometry":{"type":"Polygon","coordinates":[[[6.6418,50.0428],[6.6592,50.0618],[6.674,50.0685],[6.6684,50.0813],[6.6582,50.0858],[6.6312,50.0546],[6.6364,50.0444],[6.6418,50.0428]]]},"properties":{"AGS":"07232306","GEN":"Seinsfeld","SN_L":"07"}},
{"type":"Feature","geometry":{"type":"Polygon","coordinates":[[[6.663,50.0947],[6.6602,50.1],[6.6498,50.1114],[6.6319,50.1148],[6.6238,50.0933],[6.6211,50.0834],[6.6148,50.0779],[6.6312,50.0546],[6.6582,50.0858],[6.663,50.0947]]]},"properties":{"AGS":"07232313","GEN":"Steinborn","SN_L":"07"}},
{"type":"Feature","geometry":{"type":"Polygon","coordinates":[[[6.6238,50.0933],[6.6319,50.1148],[6.6082,50.1064],[6.603,50.0986],[6.6238,50.0933]]]},"properties":{"AGS":"07232331","GEN":"Zendscheid","SN_L":"07"}},
{"type":"Feature","geometry":{"type":"Polygon","coordinates":[[[6.4315,50.0088],[6.4144,50.0122],[6.4129,50.0052],[6.4308,49.9944],[6.432,49.9887],[6.4543,49.9816],[6.4725,50.0036],[6.4496,49.9996],[6.4315,50.0088]]]},"properties":{"AGS":"07232501","GEN":"Wißmannsdorf","SN_L":"07"}},
{"type":"Feature","geometry":{"type":"Polygon","coordinates":[[[6.3898,49.9691],[6.3688,49.9842],[6.3457,49.9785],[6.3438,49.9744],[6.3642,49.9598],[6.3762,49.955],[6.392,49.9642],[6.3898,49.9691]]]},"properties":{"AGS":"07232502","GEN":"Brimingen","SN_L":"07"}},
{"type":"Feature","geometry":{"type":"Polygon","coordinates":[[[6.7687,50.2609],[6.7476,50.2653],[6.7421,50.2612],[6.744,50.2449],[6.7639,50.2485],[6.7698,50.2576],[6.7687,50.2609]]]},"properties":{"AGS":"07233006","GEN":"Betteldorf","SN_L":"07"}},
{"type":"Feature","geometry":{"type":"Polygon","coordinates":[[[6.8122,50.1199],[6.7795,50.1335],[6.7582,50.1263],[6.7623,50.1178],[6.7758,50.1081],[6.8122,50.1199]]]},"properties":{"AGS":"07233008","GEN":"Bleckhausen","SN_L":"07"}},
{"type":"Feature","geometry":{"type":"Polygon","coordinates":[[[6.8491,50.1361],[6.8337,50.1344],[6.8143,50.1239],[6.8606,50.1294],[6.8491,50.1361]]]},"properties":{"AGS":"07233011","GEN":"Brockscheid","SN_L":"07"}},
{"type":"Feature","geometry":{"type":"Polygon","coordinates":[[[6.9138,50.2112],[6.9066,50.2273],[6.8983,50.2296],[6.8904,50.2186],[6.8724,50.2047],[6.8755,50.2],[6.8876,50.1969],[6.9081,50.2037],[6.9133,50.2101],[6.9138,50.2112]]]},"properties":{"AGS":"07233014","GEN":"Darscheid","SN_L":"07"}},
{"type":"Feature","geometry":{"type":"Polygon","coordinates":[[[6.9699,50.1768],[6.9561,50.2015],[6.9525,50.2004],[6.947,50.194],[6.9309,50.1848],[6.9209,50.1739],[6.9309,50.1668],[6.933,50.1573],[6.9564,50.1586],[6.9716,50.1627],[6.9699,50.1768]]]},"properties":{"AGS":"07233016","GEN":"Demerath","SN_L":"07"}},
{"type":"Feature","geometry":{"type":"Polygon","coordinates":[[[6.7623,50.1178],[6.7387,50.1214],[6.7237,50.1095],[6.6974,50.1102],[6.6932,50.1012],[6.7012,50.0887],[6.7301,50.0907],[6.7327,50.0968],[6.7623,50.1178]]]},"properties":{"AGS":"07233017","GEN":"Deudesfeld","SN_L":"07"}},
{"type":"Feature","geometry":{"type":"Polygon","coordinates":[[[6.8219,50.2418],[6.8019,50.2538],[6.7854,50.2596],[6.7698,50.2576],[6.7639,50.2485],[6.775,50.2415],[6.8051,50.2352],[6.8219,50.2418]]]},"properties":{"AGS":"07233018","GEN":"Dockweiler","SN_L":"07"}},
{"type":"Feature","geometry":{"type":"Polygon","coordinates":[[[6.8168,50.2888],[6.8022,50.2895],[6.8049,50.2798],[6.789,50.2788],[6.7679,50.2679],[6.7687,50.2609],[6.7698,50.2576],[6.7854,50.2596],[6.8019,50.2538],[6.8219,50.2418],[6.8334,50.2462],[6.842,50.2516],[6.8515,50.2619],[6.8482,50.2644],[6.8423,50.2776],[6.8323,50.2858],[6.8168,50.2888]]]},"properties":{"AGS":"07233020","GEN":"Dreis-Brück","SN_L":"07"}},
{"type":"Feature","geometry":{"type":"Polygon","coordinates":[[[6.933,50.1573],[6.9309,50.1668],[6.9122,50.1638],[6.8927,50.1504],[6.9049,50.1393],[6.9203,50.1457],[6.9313,50.1408],[6.933,50.1573]]]},"properties":{"AGS":"07233021","GEN":"Ellscheid","SN_L":"07"}},
{"type":"Feature","geometry":{"type":"Polygon","coordinates":[[[6.899,50.2437],[6.8887,50.2334],[6.8983,50.2296],[6.9066,50.2273],[6.9267,50.2382],[6.914,50.2419],[6.899,50.2437]]]},"properties":{"AGS":"07233025","GEN":"Gefell","SN_L":"07"}},
{"type":"Feature","geometry":{"type":"Polygon","coordinates":[[[6.9313,50.1408],[6.9203,50.1457],[6.9049,50.1393],[6.8897,50.1334],[6.8659,50.1228],[6.8798,50.1153],[6.8775,50.1084],[6.8981,50.1029],[6.9147,50.1126],[6.9283,50.126],[6.9426,50.1107],[6.9536,50.1083],[6.9568,50.1162],[6.9388,50.1337],[6.9313,50.1408]]]},"properties":{"AGS":"07233027","GEN":"Gillenfeld","SN_L":"07"}},
{"type":"Feature","geometry":{"type":"Polygon","coordinates":[[[6.775,50.2415],[6.7639,50.2485],[6.744,50.2449],[6.7355,50.2419],[6.7304,50.2386],[6.7617,50.2319],[6.7688,50.2213],[6.7794,50.2211],[6.775,50.2415]]]},"properties":{"AGS":"07233030","GEN":"Hinterweiler","SN_L":"07"}},
{"type":"Feature","geometry":{"type":"Polygon","coordinates":[[[6.8983,50.2296],[6.8887,50.2334],[6.8801,50.2313],[6.8699,50.2251],[6.861,50.2148],[6.8724,50.2047],[6.8904,50.2186],[6.8983,50.2296]]]},"properties":{"AGS":"07233031","GEN":"Hörscheid","SN_L":"07"}},
{"type":"Feature","geometry":{"type":"Polygon","coordinates":[[[6.99,50.1371],[6.9762,50.1395],[6.9388,50.1337],[6.9568,50.1162],[6.9807,50.1171],[6.99,50.1371]]]},"properties":{"AGS":"07233034","GEN":"Immerath","SN_L":"07"}},
{"type":"Feature","geometry":{"type":"Polygon","coordinates":[[[6.7304,50.2386],[6.7246,50.2239],[6.7331,50.2191],[6.7271,50.2083],[6.7439,50.2091],[6.7649,50.2152],[6.7688,50.2213],[6.7617,50.2319],[6.7304,50.2386]]]},"properties":{"AGS":"07233039","GEN":"Kirchweiler","SN_L":"07"}},
{"type":"Feature","geometry":{"type":"Polygon","coordinates":[[[6.8649,50.2501],[6.8515,50.2619],[6.842,50.2516],[6.861,50.2448],[6.8649,50.2501]]]},"properties":{"AGS":"07233040","GEN":"Kradenbach","SN_L":"07"}},
{"type":"Feature","geometry":{"type":"Polygon","coordinates":[[[6.9056,50.1803],[6.8876,50.1969],[6.8755,50.2],[6.8579,50.1867],[6.8555,50.1772],[6.8755,50.1666],[6.8773,50.1498],[6.8814,50.1474],[6.8927,50.1504],[6.9122,50.1638],[6.9056,50.1803]]]},"properties":{"AGS":"07233042","GEN":"Mehren","SN_L":"07"}},
{"type":"Feature","geometry":{"type":"Polygon","coordinates":[[[6.7012,50.0887],[6.6932,50.1012],[6.6974,50.1102],[6.697,50.1177],[6.6756,50.1204],[6.668,50.1121],[6.6602,50.1],[6.663,50.0947],[6.7003,50.0845],[6.7012,50.0887]]]},"properties":{"AGS":"07233043","GEN":"Meisburg","SN_L":"07"}},
{"type":"Feature","geometry":{"type":"Polygon","coordinates":[[[6.9482,50.0934],[6.9213,50.096],[6.902,50.0911],[6.9028,50.087],[6.9054,50.0785],[6.9096,50.0736],[6.9103,50.0734],[6.9425,50.0887],[6.9482,50.0934]]]},"properties":{"AGS":"07233046","GEN":"Mückeln","SN_L":"07"}},
{"type":"Feature","geometry":{"type":"Polygon","coordinates":[[[6.861,50.2448],[6.842,50.2516],[6.8334,50.2462],[6.8596,50.2269],[6.8699,50.2251],[6.8801,50.2313],[6.861,50.2448]]]},"properties":{"AGS":"07233049","GEN":"Nerdlen","SN_L":"07"}},
{"type":"Feature","geometry":{"type":"Polygon","coordinates":[[[6.7829,50.1673],[6.751,50.1715],[6.7357,50.1676],[6.7373,50.144],[6.758,50.14],[6.7686,50.1433],[6.7832,50.1504],[6.7829,50.1673]]]},"properties":{"AGS":"07233052","GEN":"Niederstadtfeld","SN_L":"07"}},
{"type":"Feature","geometry":{"type":"Polygon","coordinates":[[[6.7571,50.1905],[6.724,50.1807],[6.7195,50.1699],[6.7357,50.1676],[6.751,50.1715],[6.7829,50.1673],[6.7925,50.1698],[6.7842,50.1851],[6.7571,50.1905]]]},"properties":{"AGS":"07233055","GEN":"Oberstadtfeld","SN_L":"07"}},
{"type":"Feature","geometry":{"type":"Polygon","coordinates":[[[6.899,50.2437],[6.9056,50.2591],[6.8873,50.2554],[6.8649,50.2501],[6.861,50.2448],[6.8801,50.2313],[6.8887,50.2334],[6.899,50.2437]]]},"properties":{"AGS":"07233061","GEN":"Sarmersbach","SN_L":"07"}},
{"type":"Feature","geometry":{"type":"Polygon","coordinates":[[[6.8927,50.1504],[6.8814,50.1474],[6.8897,50.1334],[6.9049,50.1393],[6.8927,50.1504]]]},"properties":{"AGS":"07233062","GEN":"Saxler","SN_L":"07"}},
{"type":"Feature","geometry":{"type":"Polygon","coordinates":[[[6.8773,50.1498],[6.8755,50.1666],[6.8555,50.1772],[6.8579,50.1867],[6.8441,50.1835],[6.8223,50.1719],[6.8317,50.1659],[6.842,50.1458],[6.8773,50.1498]]]},"properties":{"AGS":"07233063","GEN":"Schalkenmehren","SN_L":"07"}},
{"type":"Feature","geometry":{"type":"Polygon","coordinates":[[[6.9586,50.2263],[6.942,50.2307],[6.9435,50.2171],[6.9138,50.2112],[6.9133,50.2101],[6.9525,50.2004],[6.9561,50.2015],[6.9539,50.2135],[6.9586,50.2263]]]},"properties":{"AGS":"07233064","GEN":"Schönbach","SN_L":"07"}},
{"type":"Feature","geometry":{"type":"Polygon","coordinates":[[[6.7686,50.1433],[6.758,50.14],[6.7373,50.144],[6.7444,50.134],[6.7218,50.1227],[6.697,50.1177],[6.6974,50.1102],[6.7237,50.1095],[6.7387,50.1214],[6.7623,50.1178],[6.7582,50.1263],[6.7795,50.1335],[6.7686,50.1433]]]},"properties":{"AGS":"07233065","GEN":"Schutz","SN_L":"07"}},
{"type":"Feature","geometry":{"type":"Polygon","coordinates":[[[6.9309,50.1668],[6.9209,50.1739],[6.9309,50.1848],[6.947,50.194],[6.9056,50.1803],[6.9122,50.1638],[6.9309,50.1668]]]},"properties":{"AGS":"07233067","GEN":"Steineberg","SN_L":"07"}},
{"type":"Feature","geometry":{"type":"Polygon","coordinates":[[[6.9525,50.2004],[6.9133,50.2101],[6.9081,50.2037],[6.8876,50.1969],[6.9056,50.1803],[6.947,50.194],[6.9525,50.2004]]]},"properties":{"AGS":"07233068","GEN":"Steiningen","SN_L":"07"}},
{"type":"Feature","geometry":{"type":"Polygon","coordinates":[[[6.9536,50.1083],[6.9426,50.1107],[6.9283,50.126],[6.9147,50.1126],[6.8981,50.1029],[6.902,50.0911],[6.9213,50.096],[6.9482,50.0934],[6.9536,50.1083]]]},"properties":{"AGS":"07233070","GEN":"Strohn","SN_L":"07"}},
{"type":"Feature","geometry":{"type":"Polygon","coordinates":[[[6.9807,50.1171],[6.9568,50.1162],[6.9536,50.1083],[6.9482,50.0934],[6.9425,50.0887],[6.951,50.0801],[6.9533,50.08],[6.979,50.0979],[6.9807,50.1171]]]},"properties":{"AGS":"07233071","GEN":"Strotzbüsch","SN_L":"07"}},
{"type":"Feature","geometry":{"type":"Polygon","coordinates":[[[6.8773,50.1498],[6.842,50.1458],[6.8491,50.1361],[6.8606,50.1294],[6.8659,50.1228],[6.8897,50.1334],[6.8814,50.1474],[6.8773,50.1498]]]},"properties":{"AGS":"07233074","GEN":"Udler","SN_L":"07"}},
{"type":"Feature","geometry":{"type":"Polygon","coordinates":[[[6.842,50.1458],[6.8317,50.1659],[6.8223,50.1719],[6.8151,50.16],[6.7925,50.1698],[6.7829,50.1673],[6.7832,50.1504],[6.7686,50.1433],[6.7795,50.1335],[6.8122,50.1199],[6.8124,50.1194],[6.8143,50.1239],[6.8337,50.1344],[6.8491,50.1361],[6.842,50.1458]]]},"properties":{"AGS":"07233075","GEN":"Üdersdorf","SN_L":"07"}},
{"type":"Feature","geometry":{"type":"Polygon","coordinates":[[[6.9267,50.2382],[6.9066,50.2273],[6.9138,50.2112],[6.9435,50.2171],[6.942,50.2307],[6.9415,50.2338],[6.9267,50.2382]]]},"properties":{"AGS":"07233077","GEN":"Utzerath","SN_L":"07"}},
{"type":"Feature","geometry":{"type":"Polygon","coordinates":[[[6.7357,50.1676],[6.7195,50.1699],[6.724,50.1807],[6.7113,50.1875],[6.6921,50.1601],[6.7119,50.1478],[6.7225,50.1468],[6.7373,50.144],[6.7357,50.1676]]]},"properties":{"AGS":"07233079","GEN":"Wallenborn","SN_L":"07"}},
{"type":"Feature","geometry":{"type":"Polygon","coordinates":[[[6.7373,50.144],[6.7225,50.1468],[6.7168,50.1423],[6.6872,50.1371],[6.671,50.1301],[6.6711,50.1233],[6.6551,50.118],[6.668,50.1121],[6.6756,50.1204],[6.697,50.1177],[6.7218,50.1227],[6.7444,50.134],[6.7373,50.144]]]},"properties":{"AGS":"07233081","GEN":"Weidenbach","SN_L":"07"}},
{"type":"Feature","geometry":{"type":"Polygon","coordinates":[[[6.9716,50.1468],[6.9564,50.1586],[6.933,50.1573],[6.9313,50.1408],[6.9388,50.1337],[6.9762,50.1395],[6.9716,50.1468]]]},"properties":{"AGS":"07233084","GEN":"Winkel (Eifel)","SN_L":"07"}},
{"type":"Feature","geometry":{"type":"Polygon","coordinates":[[[6.8699,50.2251],[6.8596,50.2269],[6.8334,50.2462],[6.8219,50.2418],[6.8051,50.2352],[6.775,50.2415],[6.7794,50.2211],[6.7688,50.2213],[6.7649,50.2152],[6.7439,50.2091],[6.763,50.2058],[6.7571,50.1905],[6.7842,50.1851],[6.7925,50.1698],[6.8151,50.16],[6.8223,50.1719],[6.8441,50.1835],[6.8579,50.1867],[6.8755,50.2],[6.8724,50.2047],[6.861,50.2148],[6.8699,50.2251]]]},"properties":{"AGS":"07233501","GEN":"Daun","SN_L":"07"}},
{"type":"Feature","geometry":{"type":"Polygon","coordinates":[[[6.8898,50.2754],[6.875,50.2674],[6.8873,50.2554],[6.9056,50.2591],[6.8997,50.2698],[6.8898,50.2754]]]},"properties":{"AGS":"07233003","GEN":"Beinhausen","SN_L":"07"}},
{"type":"Feature","geometry":{"type":"Polygon","coordinates":[[[6.857,50.2842],[6.8423,50.2776],[6.8482,50.2644],[6.875,50.2674],[6.8898,50.2754],[6.8801,50.2834],[6.857,50.2842]]]},"properties":{"AGS":"07233010","GEN":"Boxberg","SN_L":"07"}},
{"type":"Feature","geometry":{"type":"Polygon","coordinates":[[[6.9395,50.25],[6.914,50.2419],[6.9267,50.2382],[6.9415,50.2338],[6.9482,50.2389],[6.9395,50.25]]]},"properties":{"AGS":"07233032","GEN":"Hörschhausen","SN_L":"07"}},
{"type":"Feature","geometry":{"type":"Polygon","coordinates":[[[6.9113,50.2635],[6.8997,50.2698],[6.9056,50.2591],[6.899,50.2437],[6.914,50.2419],[6.9395,50.25],[6.9246,50.2523],[6.9113,50.2635]]]},"properties":{"AGS":"07233037","GEN":"Katzwinkel","SN_L":"07"}},
{"type":"Feature","geometry":{"type":"Polygon","coordinates":[[[6.875,50.2674],[6.8482,50.2644],[6.8515,50.2619],[6.8649,50.2501],[6.8873,50.2554],[6.875,50.2674]]]},"properties":{"AGS":"07233048","GEN":"Neichen","SN_L":"07"}},
{"type":"Feature","geometry":{"type":"Polygon","coordinates":[[[7.0659,50.2808],[7.0424,50.2893],[7.0171,50.2937],[7.0066,50.2899],[7.0049,50.282],[7.0298,50.2749],[7.0659,50.2808]]]},"properties":{"AGS":"07233201","GEN":"Arbach","SN_L":"07"}},
{"type":"Feature","geometry":{"type":"Polygon","coordinates":[[[6.9574,50.2921],[6.9513,50.2789],[6.9771,50.2764],[6.9662,50.2919],[6.9574,50.2921]]]},"properties":{"AGS":"07233202","GEN":"Bereborn","SN_L":"07"}},
{"type":"Feature","geometry":{"type":"Polygon","coordinates":[[[6.9788,50.2368],[6.9712,50.2444],[6.9701,50.2448],[6.9482,50.2389],[6.9415,50.2338],[6.942,50.2307],[6.9586,50.2263],[6.9788,50.2368]]]},"properties":{"AGS":"07233203","GEN":"Berenbach","SN_L":"07"}},
{"type":"Feature","geometry":{"type":"Polygon","coordinates":[[[6.8645,50.3237],[6.8532,50.3271],[6.8362,50.3181],[6.8372,50.3045],[6.8485,50.3021],[6.8687,50.3024],[6.8726,50.3129],[6.8645,50.3237]]]},"properties":{"AGS":"07233205","GEN":"Bodenbach","SN_L":"07"}},
{"type":"Feature","geometry":{"type":"Polygon","coordinates":[[[6.8485,50.3021],[6.8372,50.3045],[6.8137,50.3037],[6.8035,50.3035],[6.8168,50.2888],[6.8323,50.2858],[6.8423,50.2776],[6.857,50.2842],[6.8485,50.3021]]]},"properties":{"AGS":"07233206","GEN":"Bongard","SN_L":"07"}},
{"type":"Feature","geometry":{"type":"Polygon","coordinates":[[[6.8362,50.3181],[6.8188,50.3239],[6.8015,50.3085],[6.8137,50.3037],[6.8372,50.3045],[6.8362,50.3181]]]},"properties":{"AGS":"07233207","GEN":"Borler","SN_L":"07"}},
{"type":"Feature","geometry":{"type":"MultiPolygon","coordinates":[[[[6.9739,50.3309],[6.9774,50.3383],[6.9766,50.3381],[6.9737,50.3377],[6.9739,50.3309]]],[[[6.9912,50.3191],[6.9726,50.3286],[6.9717,50.3149],[6.9717,50.3067],[6.9738,50.3064],[6.9879,50.3103],[6.9912,50.3191]]]]},"properties":{"AGS":"07233208","GEN":"Brücktal","SN_L":"07"}},
{"type":"Feature","geometry":{"type":"Polygon","coordinates":[[[7.0128,50.3409],[7.0091,50.3496],[6.9843,50.3489],[6.9766,50.3381],[6.9774,50.3383],[6.9954,50.3292],[7.0102,50.3319],[7.0162,50.3405],[7.0128,50.3409]]]},"properties":{"AGS":"07233210","GEN":"Drees","SN_L":"07"}},
{"type":"Feature","geometry":{"type":"Polygon","coordinates":[[[6.8687,50.3024],[6.8485,50.3021],[6.857,50.2842],[6.8801,50.2834],[6.8885,50.2979],[6.8687,50.3024]]]},"properties":{"AGS":"07233212","GEN":"Gelenberg","SN_L":"07"}},
{"type":"Feature","geometry":{"type":"Polygon","coordinates":[[[6.9712,50.2444],[6.9819,50.2589],[6.9686,50.2453],[6.9701,50.2448],[6.9712,50.2444]]]},"properties":{"AGS":"07233213","GEN":"Gunderath","SN_L":"07"}},
{"type":"Feature","geometry":{"type":"Polygon","coordinates":[[[7.0179,50.2461],[6.9915,50.245],[6.9948,50.2366],[7.0048,50.2277],[7.0232,50.2256],[7.0258,50.2322],[7.0179,50.2461]]]},"properties":{"AGS":"07233215","GEN":"Höchstberg","SN_L":"07"}},
{"type":"Feature","geometry":{"type":"Polygon","coordinates":[[[6.9551,50.2539],[6.9417,50.2548],[6.9395,50.25],[6.9482,50.2389],[6.9701,50.2448],[6.9686,50.2453],[6.9551,50.2539]]]},"properties":{"AGS":"07233216","GEN":"Horperath","SN_L":"07"}},
{"type":"Feature","geometry":{"type":"Polygon","coordinates":[[[7.0362,50.2363],[7.0246,50.2531],[7.0179,50.2461],[7.0258,50.2322],[7.0232,50.2256],[7.0362,50.2363]]]},"properties":{"AGS":"07233217","GEN":"Kaperich","SN_L":"07"}},
{"type":"Feature","geometry":{"type":"Polygon","coordinates":[[[6.8858,50.322],[6.8645,50.3237],[6.8726,50.3129],[6.8687,50.3024],[6.8885,50.2979],[6.8801,50.2834],[6.8898,50.2754],[6.8997,50.2698],[6.9113,50.2635],[6.9133,50.265],[6.917,50.2715],[6.9504,50.2709],[6.9509,50.2713],[6.9513,50.2789],[6.9574,50.2921],[6.9524,50.2953],[6.9447,50.3138],[6.9277,50.3069],[6.9166,50.3083],[6.8889,50.3217],[6.8858,50.322]]]},"properties":{"AGS":"07233218","GEN":"Kelberg","SN_L":"07"}},
{"type":"Feature","geometry":{"type":"Polygon","coordinates":[[[7.0102,50.3319],[6.9954,50.3292],[6.9774,50.3383],[6.9739,50.3309],[6.9726,50.3286],[6.9912,50.3191],[7.0147,50.3265],[7.018,50.3303],[7.0102,50.3319]]]},"properties":{"AGS":"07233220","GEN":"Kirsbach","SN_L":"07"}},
{"type":"Feature","geometry":{"type":"Polygon","coordinates":[[[6.9788,50.2368],[6.9948,50.2366],[6.9915,50.245],[6.9712,50.2444],[6.9788,50.2368]]]},"properties":{"AGS":"07233221","GEN":"Kötterichen","SN_L":"07"}},
{"type":"Feature","geometry":{"type":"Polygon","coordinates":[[[6.9771,50.2764],[6.9513,50.2789],[6.9509,50.2713],[6.9863,50.2648],[6.987,50.2648],[6.9927,50.2729],[6.9771,50.2764]]]},"properties":{"AGS":"07233222","GEN":"Kolverath","SN_L":"07"}},
{"type":"Feature","geometry":{"type":"Polygon","coordinates":[[[7.0586,50.2505],[7.0353,50.2678],[7.0222,50.2622],[6.9924,50.2597],[7.0167,50.2601],[7.0246,50.2531],[7.0362,50.2363],[7.0458,50.2389],[7.0586,50.2505]]]},"properties":{"AGS":"07233224","GEN":"Lirstal","SN_L":"07"}},
{"type":"Feature","geometry":{"type":"Polygon","coordinates":[[[6.9717,50.3067],[6.9542,50.3025],[6.9524,50.2953],[6.9574,50.2921],[6.9662,50.2919],[6.9771,50.2764],[6.9927,50.2729],[7.0049,50.282],[7.0066,50.2899],[6.9738,50.3064],[6.9717,50.3067]]]},"properties":{"AGS":"07233225","GEN":"Mannebach","SN_L":"07"}},
{"type":"Feature","geometry":{"type":"Polygon","coordinates":[[[6.9504,50.2709],[6.917,50.2715],[6.9133,50.265],[6.9417,50.2548],[6.9551,50.2539],[6.9504,50.2709]]]},"properties":{"AGS":"07233226","GEN":"Mosbruch","SN_L":"07"}},
{"type":"Feature","geometry":{"type":"Polygon","coordinates":[[[7.018,50.3303],[7.0383,50.3352],[7.0162,50.3405],[7.0102,50.3319],[7.018,50.3303]]]},"properties":{"AGS":"07233228","GEN":"Nitz","SN_L":"07"}},
{"type":"Feature","geometry":{"type":"Polygon","coordinates":[[[7.0659,50.2808],[7.0298,50.2749],[7.0353,50.2678],[7.0586,50.2505],[7.0585,50.2509],[7.0688,50.2798],[7.0659,50.2808]]]},"properties":{"AGS":"07233230","GEN":"Oberelz","SN_L":"07"}},
{"type":"Feature","geometry":{"type":"Polygon","coordinates":[[[6.9717,50.3149],[6.9436,50.315],[6.9447,50.3138],[6.9524,50.2953],[6.9542,50.3025],[6.9717,50.3067],[6.9717,50.3149]]]},"properties":{"AGS":"07233233","GEN":"Reimerath","SN_L":"07"}},
{"type":"Feature","geometry":{"type":"Polygon","coordinates":[[[7.0298,50.2749],[7.0049,50.282],[6.9927,50.2729],[6.987,50.2648],[6.9924,50.2597],[7.0222,50.2622],[7.0353,50.2678],[7.0298,50.2749]]]},"properties":{"AGS":"07233234","GEN":"Retterath","SN_L":"07"}},
{"type":"Feature","geometry":{"type":"Polygon","coordinates":[[[6.9863,50.2648],[6.9509,50.2713],[6.9504,50.2709],[6.9551,50.2539],[6.9686,50.2453],[6.9819,50.2589],[6.9863,50.2648]]]},"properties":{"AGS":"07233236","GEN":"Sassen","SN_L":"07"}},
{"type":"Feature","geometry":{"type":"Polygon","coordinates":[[[7.0246,50.2531],[7.0167,50.2601],[6.9924,50.2597],[6.987,50.2648],[6.9863,50.2648],[6.9819,50.2589],[6.9712,50.2444],[6.9915,50.245],[7.0179,50.2461],[7.0246,50.2531]]]},"properties":{"AGS":"07233242","GEN":"Uersfeld","SN_L":"07"}},
{"type":"Feature","geometry":{"type":"Polygon","coordinates":[[[6.9417,50.2548],[6.9133,50.265],[6.9113,50.2635],[6.9246,50.2523],[6.9395,50.25],[6.9417,50.2548]]]},"properties":{"AGS":"07233243","GEN":"Ueß","SN_L":"07"}},
{"type":"Feature","geometry":{"type":"Polygon","coordinates":[[[6.9737,50.3377],[6.9662,50.3291],[6.9524,50.3296],[6.9486,50.3259],[6.9436,50.315],[6.9717,50.3149],[6.9726,50.3286],[6.9739,50.3309],[6.9737,50.3377]]]},"properties":{"AGS":"07233244","GEN":"Welcherath","SN_L":"07"}},
{"type":"Feature","geometry":{"type":"Polygon","coordinates":[[[6.6248,50.2991],[6.6116,50.306],[6.598,50.3023],[6.6025,50.2889],[6.6248,50.2991]]]},"properties":{"AGS":"07233002","GEN":"Basberg","SN_L":"07"}},
{"type":"Feature","geometry":{"type":"Polygon","coordinates":[[[6.7129,50.2481],[6.699,50.2423],[6.7155,50.2271],[6.7246,50.2239],[6.7304,50.2386],[6.7355,50.2419],[6.7129,50.2481]]]},"properties":{"AGS":"07233004","GEN":"Berlingen","SN_L":"07"}},
{"type":"Feature","geometry":{"type":"Polygon","coordinates":[[[6.7162,50.2965],[6.716,50.3054],[6.6892,50.3268],[6.6814,50.3291],[6.6585,50.3203],[6.6894,50.2952],[6.7065,50.2914],[6.7162,50.2965]]]},"properties":{"AGS":"07233005","GEN":"Berndorf","SN_L":"07"}},
{"type":"Feature","geometry":{"type":"Polygon","coordinates":[[[6.6363,50.3395],[6.617,50.3343],[6.6094,50.3264],[6.6329,50.3052],[6.6352,50.3035],[6.653,50.3177],[6.6363,50.3395]]]},"properties":{"AGS":"07233007","GEN":"Birgel","SN_L":"07"}},
{"type":"Feature","geometry":{"type":"Polygon","coordinates":[[[6.6698,50.2531],[6.6841,50.2637],[6.6893,50.2768],[6.691,50.278],[6.6662,50.2717],[6.6439,50.2552],[6.66,50.258],[6.6698,50.2531]]]},"properties":{"AGS":"07233019","GEN":"Dohm-Lammersdorf","SN_L":"07"}},
{"type":"Feature","geometry":{"type":"Polygon","coordinates":[[[6.6222,50.3537],[6.6254,50.3749],[6.5888,50.3839],[6.5819,50.3775],[6.5827,50.362],[6.5737,50.3558],[6.5922,50.3488],[6.6065,50.3474],[6.6222,50.3537]]]},"properties":{"AGS":"07233022","GEN":"Esch","SN_L":"07"}},
{"type":"Feature","geometry":{"type":"Polygon","coordinates":[[[6.6222,50.3537],[6.6065,50.3474],[6.5922,50.3488],[6.6037,50.3362],[6.617,50.3343],[6.6363,50.3395],[6.6379,50.3453],[6.6222,50.3537]]]},"properties":{"AGS":"07233023","GEN":"Feusdorf","SN_L":"07"}},
{"type":"Feature","geometry":{"type":"Polygon","coordinates":[[[6.6439,50.2552],[6.6291,50.2634],[6.6092,50.2608],[6.6057,50.2537],[6.5704,50.2472],[6.5673,50.2445],[6.5613,50.2356],[6.5626,50.2299],[6.5867,50.2256],[6.5892,50.1957],[6.5917,50.1913],[6.6063,50.2006],[6.6246,50.1933],[6.6363,50.199],[6.6433,50.1874],[6.6596,50.1822],[6.6845,50.1638],[6.6921,50.1601],[6.7113,50.1875],[6.7271,50.2083],[6.7331,50.2191],[6.7246,50.2239],[6.7155,50.2271],[6.6919,50.2232],[6.693,50.2157],[6.7132,50.2014],[6.6963,50.1962],[6.6817,50.2082],[6.6722,50.2354],[6.6785,50.2463],[6.6698,50.2531],[6.66,50.258],[6.6439,50.2552]]]},"properties":{"AGS":"07233026","GEN":"Gerolstein","SN_L":"07"}},
{"type":"Feature","geometry":{"type":"Polygon","coordinates":[[[6.6037,50.3362],[6.5867,50.3323],[6.5477,50.3226],[6.5476,50.3197],[6.5653,50.3216],[6.5926,50.3179],[6.6094,50.3264],[6.617,50.3343],[6.6037,50.3362]]]},"properties":{"AGS":"07233028","GEN":"Gönnersdorf","SN_L":"07"}},
{"type":"Feature","geometry":{"type":"Polygon","coordinates":[[[6.7065,50.2914],[6.6894,50.2952],[6.6585,50.3203],[6.653,50.3177],[6.6352,50.3035],[6.6344,50.28],[6.6272,50.2717],[6.6291,50.2634],[6.6439,50.2552],[6.6662,50.2717],[6.691,50.278],[6.7065,50.2914]]]},"properties":{"AGS":"07233029","GEN":"Hillesheim","SN_L":"07"}},
{"type":"Feature","geometry":{"type":"Polygon","coordinates":[[[6.744,50.2449],[6.7421,50.2612],[6.7377,50.267],[6.7148,50.264],[6.7129,50.2481],[6.7355,50.2419],[6.744,50.2449]]]},"properties":{"AGS":"07233033","GEN":"Hohenfels-Essingen","SN_L":"07"}},
{"type":"Feature","geometry":{"type":"Polygon","coordinates":[[[6.5819,50.3775],[6.559,50.3694],[6.5331,50.3694],[6.5553,50.3549],[6.5459,50.3338],[6.5739,50.344],[6.5867,50.3323],[6.6037,50.3362],[6.5922,50.3488],[6.5737,50.3558],[6.5827,50.362],[6.5819,50.3775]]]},"properties":{"AGS":"07233035","GEN":"Jünkerath","SN_L":"07"}},
{"type":"Feature","geometry":{"type":"Polygon","coordinates":[[[6.6013,50.2789],[6.578,50.2718],[6.5792,50.2566],[6.5704,50.2472],[6.6057,50.2537],[6.6092,50.2608],[6.6291,50.2634],[6.6272,50.2717],[6.6013,50.2789]]]},"properties":{"AGS":"07233036","GEN":"Kalenborn-Scheuern","SN_L":"07"}},
{"type":"Feature","geometry":{"type":"Polygon","coordinates":[[[6.7551,50.297],[6.7365,50.3092],[6.7451,50.317],[6.7082,50.3228],[6.6973,50.3346],[6.6814,50.3291],[6.6892,50.3268],[6.716,50.3054],[6.7162,50.2965],[6.7351,50.2901],[6.7551,50.297]]]},"properties":{"AGS":"07233038","GEN":"Kerpen (Eifel)","SN_L":"07"}},
{"type":"Feature","geometry":{"type":"Polygon","coordinates":[[[6.6329,50.3052],[6.6094,50.3264],[6.5926,50.3179],[6.5653,50.3216],[6.5476,50.3197],[6.5357,50.3112],[6.5574,50.3034],[6.5933,50.3067],[6.598,50.3023],[6.6116,50.306],[6.6248,50.2991],[6.6329,50.3052]]]},"properties":{"AGS":"07233041","GEN":"Lissendorf","SN_L":"07"}},
{"type":"Feature","geometry":{"type":"Polygon","coordinates":[[[6.7439,50.2091],[6.7271,50.2083],[6.7113,50.1875],[6.724,50.1807],[6.7571,50.1905],[6.763,50.2058],[6.7439,50.2091]]]},"properties":{"AGS":"07233050","GEN":"Neroth","SN_L":"07"}},
{"type":"Feature","geometry":{"type":"Polygon","coordinates":[[[6.6272,50.2717],[6.6344,50.28],[6.6352,50.3035],[6.6329,50.3052],[6.6248,50.2991],[6.6025,50.2889],[6.6013,50.2789],[6.6272,50.2717]]]},"properties":{"AGS":"07233053","GEN":"Oberbettingen","SN_L":"07"}},
{"type":"Feature","geometry":{"type":"Polygon","coordinates":[[[6.8022,50.2895],[6.7791,50.2897],[6.7551,50.297],[6.7351,50.2901],[6.7525,50.2783],[6.7377,50.267],[6.7421,50.2612],[6.7476,50.2653],[6.7687,50.2609],[6.7679,50.2679],[6.789,50.2788],[6.8049,50.2798],[6.8022,50.2895]]]},"properties":{"AGS":"07233054","GEN":"Oberehe-Stroheich","SN_L":"07"}},
{"type":"Feature","geometry":{"type":"Polygon","coordinates":[[[6.699,50.2423],[6.6785,50.2463],[6.6722,50.2354],[6.6817,50.2082],[6.6963,50.1962],[6.7132,50.2014],[6.693,50.2157],[6.6919,50.2232],[6.7155,50.2271],[6.699,50.2423]]]},"properties":{"AGS":"07233056","GEN":"Pelm","SN_L":"07"}},
{"type":"Feature","geometry":{"type":"Polygon","coordinates":[[[6.7148,50.264],[6.6943,50.262],[6.6893,50.2768],[6.6841,50.2637],[6.6698,50.2531],[6.6785,50.2463],[6.699,50.2423],[6.7129,50.2481],[6.7148,50.264]]]},"properties":{"AGS":"07233058","GEN":"Rockeskyll","SN_L":"07"}},
{"type":"Feature","geometry":{"type":"Polygon","coordinates":[[[6.6921,50.1601],[6.6845,50.1638],[6.6722,50.1521],[6.6689,50.1408],[6.644,50.1293],[6.6551,50.118],[6.6711,50.1233],[6.671,50.1301],[6.6872,50.1371],[6.7168,50.1423],[6.7225,50.1468],[6.7119,50.1478],[6.6921,50.1601]]]},"properties":{"AGS":"07233060","GEN":"Salm","SN_L":"07"}},
{"type":"Feature","geometry":{"type":"Polygon","coordinates":[[[6.7954,50.3605],[6.7709,50.3612],[6.7535,50.3541],[6.7324,50.3525],[6.706,50.3428],[6.6992,50.3361],[6.6973,50.3346],[6.7082,50.3228],[6.7451,50.317],[6.7365,50.3092],[6.7551,50.297],[6.7791,50.2897],[6.8022,50.2895],[6.8168,50.2888],[6.8035,50.3035],[6.7852,50.3087],[6.7691,50.3241],[6.7954,50.3605]]]},"properties":{"AGS":"07233076","GEN":"Üxheim","SN_L":"07"}},
{"type":"Feature","geometry":{"type":"Polygon","coordinates":[[[6.7351,50.2901],[6.7162,50.2965],[6.7065,50.2914],[6.691,50.278],[6.6893,50.2768],[6.6943,50.262],[6.7148,50.264],[6.7377,50.267],[6.7525,50.2783],[6.7351,50.2901]]]},"properties":{"AGS":"07233080","GEN":"Walsdorf","SN_L":"07"}},
{"type":"Feature","geometry":{"type":"Polygon","coordinates":[[[6.6992,50.3361],[6.6868,50.3584],[6.6674,50.372],[6.656,50.3674],[6.6575,50.357],[6.6379,50.3453],[6.6363,50.3395],[6.653,50.3177],[6.6585,50.3203],[6.6814,50.3291],[6.6973,50.3346],[6.6992,50.3361]]]},"properties":{"AGS":"07233083","GEN":"Wiesbaum","SN_L":"07"}},
{"type":"Feature","geometry":{"type":"Polygon","coordinates":[[[6.6845,50.1638],[6.6596,50.1822],[6.6433,50.1874],[6.6363,50.199],[6.6246,50.1933],[6.6063,50.2006],[6.5917,50.1913],[6.5978,50.1843],[6.5868,50.1613],[6.5984,50.1625],[6.6154,50.1564],[6.6429,50.1636],[6.6722,50.1521],[6.6845,50.1638]]]},"properties":{"AGS":"07233204","GEN":"Birresborn","SN_L":"07"}},
{"type":"Feature","geometry":{"type":"Polygon","coordinates":[[[6.644,50.1293],[6.6294,50.1265],[6.6024,50.1397],[6.5828,50.136],[6.575,50.1297],[6.5911,50.118],[6.5836,50.1139],[6.5848,50.1092],[6.6082,50.1064],[6.6319,50.1148],[6.6498,50.1114],[6.6602,50.1],[6.668,50.1121],[6.6551,50.118],[6.644,50.1293]]]},"properties":{"AGS":"07233209","GEN":"Densborn","SN_L":"07"}},
{"type":"Feature","geometry":{"type":"Polygon","coordinates":[[[6.578,50.2718],[6.5213,50.2761],[6.5195,50.2655],[6.5338,50.2504],[6.553,50.2535],[6.5673,50.2445],[6.5704,50.2472],[6.5792,50.2566],[6.578,50.2718]]]},"properties":{"AGS":"07233211","GEN":"Duppach","SN_L":"07"}},
{"type":"Feature","geometry":{"type":"MultiPolygon","coordinates":[[[[6.4209,50.3689],[6.4217,50.3806],[6.413,50.3895],[6.3949,50.386],[6.4209,50.3689]]],[[[6.4209,50.3689],[6.4319,50.358],[6.4043,50.3509],[6.415,50.3327],[6.4241,50.3338],[6.4496,50.3384],[6.4587,50.344],[6.4612,50.359],[6.4486,50.3713],[6.4209,50.3689]]]]},"properties":{"AGS":"07233214","GEN":"Hallschlag","SN_L":"07"}},
{"type":"Feature","geometry":{"type":"Polygon","coordinates":[[[6.4858,50.3121],[6.5039,50.3244],[6.5048,50.3524],[6.4847,50.3386],[6.4684,50.3258],[6.4743,50.3146],[6.4858,50.3121]]]},"properties":{"AGS":"07233219","GEN":"Kerschenbach","SN_L":"07"}},
{"type":"Feature","geometry":{"type":"Polygon","coordinates":[[[6.5917,50.1913],[6.5892,50.1957],[6.5621,50.1892],[6.5613,50.1723],[6.5543,50.166],[6.5627,50.1576],[6.5868,50.1613],[6.5978,50.1843],[6.5917,50.1913]]]},"properties":{"AGS":"07233223","GEN":"Kopp","SN_L":"07"}},
{"type":"Feature","geometry":{"type":"Polygon","coordinates":[[[6.6722,50.1521],[6.6429,50.1636],[6.6154,50.1564],[6.5984,50.1625],[6.5868,50.1613],[6.5627,50.1576],[6.5525,50.1549],[6.5484,50.1458],[6.5828,50.136],[6.6024,50.1397],[6.6294,50.1265],[6.644,50.1293],[6.6689,50.1408],[6.6722,50.1521]]]},"properties":{"AGS":"07233227","GEN":"Mürlenbach","SN_L":"07"}},
{"type":"Feature","geometry":{"type":"Polygon","coordinates":[[[6.8089,50.3594],[6.8007,50.3618],[6.7954,50.3605],[6.7691,50.3241],[6.7852,50.3087],[6.8035,50.3035],[6.8137,50.3037],[6.8015,50.3085],[6.8188,50.3239],[6.8149,50.3291],[6.7935,50.3276],[6.8116,50.3368],[6.7984,50.3448],[6.8089,50.3594]]]},"properties":{"AGS":"07233229","GEN":"Nohn","SN_L":"07"}},
{"type":"Feature","geometry":{"type":"Polygon","coordinates":[[[6.4847,50.3386],[6.4644,50.3423],[6.4496,50.3384],[6.4241,50.3338],[6.4253,50.323],[6.4207,50.3137],[6.4442,50.3041],[6.4411,50.2966],[6.4454,50.2946],[6.4706,50.3135],[6.4743,50.3146],[6.4684,50.3258],[6.4847,50.3386]]]},"properties":{"AGS":"07233232","GEN":"Ormont","SN_L":"07"}},
{"type":"Feature","geometry":{"type":"Polygon","coordinates":[[[6.4858,50.3121],[6.4743,50.3146],[6.4706,50.3135],[6.4801,50.2899],[6.4774,50.2847],[6.4837,50.2845],[6.5112,50.2858],[6.5195,50.2988],[6.4858,50.3121]]]},"properties":{"AGS":"07233235","GEN":"Reuth","SN_L":"07"}},
{"type":"Feature","geometry":{"type":"Polygon","coordinates":[[[6.4043,50.3509],[6.4319,50.358],[6.4209,50.3689],[6.3949,50.386],[6.3895,50.3726],[6.4043,50.3509]]]},"properties":{"AGS":"07233237","GEN":"Scheid","SN_L":"07"}},
{"type":"Feature","geometry":{"type":"Polygon","coordinates":[[[6.5867,50.3323],[6.5739,50.344],[6.5459,50.3338],[6.5477,50.3226],[6.5867,50.3323]]]},"properties":{"AGS":"07233239","GEN":"Schüller","SN_L":"07"}},
{"type":"Feature","geometry":{"type":"Polygon","coordinates":[[[6.5459,50.3338],[6.5553,50.3549],[6.5331,50.3694],[6.5048,50.3524],[6.5039,50.3244],[6.4858,50.3121],[6.5195,50.2988],[6.5357,50.3112],[6.5476,50.3197],[6.5477,50.3226],[6.5459,50.3338]]]},"properties":{"AGS":"07233240","GEN":"Stadtkyll","SN_L":"07"}},
{"type":"Feature","geometry":{"type":"Polygon","coordinates":[[[6.598,50.3023],[6.5933,50.3067],[6.5574,50.3034],[6.5357,50.3112],[6.5195,50.2988],[6.5112,50.2858],[6.5212,50.277],[6.5213,50.2761],[6.578,50.2718],[6.6013,50.2789],[6.6025,50.2889],[6.598,50.3023]]]},"properties":{"AGS":"07233241","GEN":"Steffeln","SN_L":"07"}},
{"type":"Feature","geometry":{"type":"Polygon","coordinates":[[[6.9012,49.7599],[6.884,49.7503],[6.8702,49.7505],[6.8639,49.7508],[6.8676,49.7295],[6.8941,49.7326],[6.9075,49.7374],[6.9116,49.7491],[6.9012,49.7599]]]},"properties":{"AGS":"07235005","GEN":"Bescheid","SN_L":"07"}},
{"type":"Feature","geometry":{"type":"Polygon","coordinates":[[[6.9166,49.7479],[6.9116,49.7491],[6.9075,49.7374],[6.8941,49.7326],[6.8676,49.7295],[6.8585,49.7285],[6.8593,49.7077],[6.8707,49.6938],[6.8829,49.6966],[6.8933,49.7074],[6.9127,49.7108],[6.9245,49.7177],[6.9486,49.7301],[6.9462,49.7356],[6.9166,49.7479]]]},"properties":{"AGS":"07235008","GEN":"Beuren (Hochwald)","SN_L":"07"}},
{"type":"Feature","geometry":{"type":"Polygon","coordinates":[[[7.0139,49.6769],[7.0043,49.673],[6.9783,49.6776],[6.9796,49.6575],[6.9989,49.6567],[7.0221,49.6715],[7.0139,49.6769]]]},"properties":{"AGS":"07235014","GEN":"Damflos","SN_L":"07"}},
{"type":"Feature","geometry":{"type":"Polygon","coordinates":[[[6.9634,49.7226],[6.9535,49.7242],[6.9425,49.7042],[6.9292,49.6883],[6.9415,49.6774],[6.9715,49.6909],[6.9656,49.7047],[6.9742,49.7128],[6.9634,49.7226]]]},"properties":{"AGS":"07235030","GEN":"Geisfeld","SN_L":"07"}},
{"type":"Feature","geometry":{"type":"Polygon","coordinates":[[[6.9351,49.6194],[6.9255,49.6184],[6.8909,49.6299],[6.8908,49.6547],[6.869,49.6427],[6.8642,49.6079],[6.88,49.6062],[6.8915,49.6134],[6.9351,49.6194]]]},"properties":{"AGS":"07235035","GEN":"Grimburg","SN_L":"07"}},
{"type":"Feature","geometry":{"type":"Polygon","coordinates":[[[6.9328,49.631],[6.9138,49.6392],[6.8991,49.6599],[6.8908,49.6547],[6.8909,49.6299],[6.9255,49.6184],[6.9351,49.6194],[6.9328,49.631]]]},"properties":{"AGS":"07235036","GEN":"Gusenburg","SN_L":"07"}},
{"type":"Feature","geometry":{"type":"Polygon","coordinates":[[[6.9783,49.6776],[6.9715,49.6909],[6.9415,49.6774],[6.9234,49.6735],[6.9163,49.6794],[6.9006,49.6725],[6.8991,49.6599],[6.9138,49.6392],[6.9328,49.631],[6.9494,49.6261],[6.9747,49.6339],[6.9915,49.6355],[6.9796,49.6575],[6.9783,49.6776]]]},"properties":{"AGS":"07235045","GEN":"Hermeskeil","SN_L":"07"}},
{"type":"Feature","geometry":{"type":"Polygon","coordinates":[[[6.9151,49.6908],[6.9245,49.7177],[6.9127,49.7108],[6.8933,49.7074],[6.8829,49.6966],[6.9101,49.6884],[6.9151,49.6908]]]},"properties":{"AGS":"07235047","GEN":"Hinzert-Pölert","SN_L":"07"}},
{"type":"Feature","geometry":{"type":"Polygon","coordinates":[[[6.8959,49.7735],[6.8754,49.7796],[6.8663,49.7782],[6.8727,49.7576],[6.8702,49.7505],[6.884,49.7503],[6.9012,49.7599],[6.9012,49.7644],[6.8959,49.7735]]]},"properties":{"AGS":"07235092","GEN":"Naurath (Wald)","SN_L":"07"}},
{"type":"Feature","geometry":{"type":"Polygon","coordinates":[[[7.0651,49.6769],[7.0443,49.6893],[7.0315,49.6803],[7.0139,49.6769],[7.0221,49.6715],[7.0364,49.6613],[7.0289,49.6533],[7.0068,49.6406],[7.001,49.6309],[7.0083,49.6295],[7.028,49.6394],[7.0508,49.6546],[7.044,49.6716],[7.0537,49.6762],[7.0651,49.6769]]]},"properties":{"AGS":"07235093","GEN":"Neuhütten","SN_L":"07"}},
{"type":"Feature","geometry":{"type":"Polygon","coordinates":[[[6.9415,49.6774],[6.9292,49.6883],[6.9425,49.7042],[6.9535,49.7242],[6.9486,49.7301],[6.9245,49.7177],[6.9151,49.6908],[6.9163,49.6794],[6.9234,49.6735],[6.9415,49.6774]]]},"properties":{"AGS":"07235112","GEN":"Rascheid","SN_L":"07"}},
{"type":"Feature","geometry":{"type":"Polygon","coordinates":[[[6.9151,49.6908],[6.9101,49.6884],[6.8829,49.6966],[6.8707,49.6938],[6.8515,49.6878],[6.8422,49.6629],[6.855,49.6578],[6.869,49.6427],[6.8908,49.6547],[6.8991,49.6599],[6.9006,49.6725],[6.9163,49.6794],[6.9151,49.6908]]]},"properties":{"AGS":"07235114","GEN":"Reinsfeld","SN_L":"07"}},
{"type":"Feature","geometry":{"type":"Polygon","coordinates":[[[7.001,49.6309],[7.0068,49.6406],[7.0289,49.6533],[7.0364,49.6613],[7.0221,49.6715],[6.9989,49.6567],[6.9796,49.6575],[6.9915,49.6355],[7.001,49.6309]]]},"properties":{"AGS":"07235153","GEN":"Züsch","SN_L":"07"}},
{"type":"Feature","geometry":{"type":"Polygon","coordinates":[[[6.5746,49.6466],[6.5818,49.6516],[6.5875,49.6688],[6.5793,49.6736],[6.5601,49.6573],[6.559,49.6457],[6.5746,49.6466]]]},"properties":{"AGS":"07235055","GEN":"Kanzem","SN_L":"07"}},
{"type":"Feature","geometry":{"type":"Polygon","coordinates":[[[6.6522,49.7029],[6.6228,49.7],[6.6101,49.7086],[6.6095,49.7189],[6.5626,49.7014],[6.5622,49.6925],[6.5345,49.6871],[6.5197,49.6877],[6.5365,49.6811],[6.5402,49.6636],[6.5354,49.6594],[6.55,49.6625],[6.5601,49.6573],[6.5793,49.6736],[6.5918,49.6763],[6.6074,49.6721],[6.611,49.6544],[6.6438,49.6342],[6.6518,49.6371],[6.6713,49.6513],[6.6617,49.6535],[6.6533,49.6736],[6.666,49.69],[6.6546,49.6891],[6.6522,49.7029]]]},"properties":{"AGS":"07235068","GEN":"Konz","SN_L":"07"}},
{"type":"Feature","geometry":{"type":"Polygon","coordinates":[[[6.4669,49.668],[6.4318,49.6605],[6.4408,49.6559],[6.4228,49.6223],[6.4436,49.6206],[6.4671,49.6381],[6.4786,49.652],[6.4911,49.6582],[6.5084,49.6452],[6.5216,49.6434],[6.5233,49.6548],[6.5204,49.6592],[6.4917,49.6598],[6.4769,49.6686],[6.4669,49.668]]]},"properties":{"AGS":"07235095","GEN":"Nittel","SN_L":"07"}},
{"type":"Feature","geometry":{"type":"Polygon","coordinates":[[[6.5203,49.7124],[6.507,49.7126],[6.4962,49.7097],[6.4793,49.6964],[6.4884,49.6854],[6.5119,49.6892],[6.5203,49.7124]]]},"properties":{"AGS":"07235096","GEN":"Oberbillig","SN_L":"07"}},
{"type":"Feature","geometry":{"type":"Polygon","coordinates":[[[6.5084,49.6452],[6.4911,49.6582],[6.4786,49.652],[6.4671,49.6381],[6.4844,49.6315],[6.4944,49.6448],[6.5084,49.6452]]]},"properties":{"AGS":"07235101","GEN":"Onsdorf","SN_L":"07"}},
{"type":"Feature","geometry":{"type":"Polygon","coordinates":[[[6.6888,49.6823],[6.666,49.69],[6.6533,49.6736],[6.6617,49.6535],[6.6713,49.6513],[6.6733,49.6521],[6.689,49.6699],[6.6888,49.6823]]]},"properties":{"AGS":"07235106","GEN":"Pellingen","SN_L":"07"}},
{"type":"Feature","geometry":{"type":"Polygon","coordinates":[[[6.5119,49.6892],[6.4884,49.6854],[6.4873,49.6758],[6.4974,49.6684],[6.4917,49.6598],[6.5204,49.6592],[6.5233,49.6548],[6.5354,49.6594],[6.5402,49.6636],[6.5365,49.6811],[6.5197,49.6877],[6.5119,49.6892]]]},"properties":{"AGS":"07235132","GEN":"Tawern","SN_L":"07"}},
{"type":"Feature","geometry":{"type":"Polygon","coordinates":[[[6.4917,49.6598],[6.4974,49.6684],[6.4873,49.6758],[6.4884,49.6854],[6.4793,49.6964],[6.4615,49.692],[6.4498,49.6807],[6.4669,49.668],[6.4769,49.6686],[6.4917,49.6598]]]},"properties":{"AGS":"07235133","GEN":"Temmels","SN_L":"07"}},
{"type":"Feature","geometry":{"type":"Polygon","coordinates":[[[6.5197,49.6877],[6.5345,49.6871],[6.5622,49.6925],[6.5626,49.7014],[6.5598,49.7018],[6.5256,49.7136],[6.5203,49.7124],[6.5119,49.6892],[6.5197,49.6877]]]},"properties":{"AGS":"07235143","GEN":"Wasserliesch","SN_L":"07"}},
{"type":"Feature","geometry":{"type":"Polygon","coordinates":[[[6.5601,49.6573],[6.55,49.6625],[6.5354,49.6594],[6.5233,49.6548],[6.5216,49.6434],[6.5281,49.6368],[6.5335,49.6417],[6.559,49.6457],[6.5601,49.6573]]]},"properties":{"AGS":"07235144","GEN":"Wawern","SN_L":"07"}},
{"type":"Feature","geometry":{"type":"Polygon","coordinates":[[[6.4669,49.668],[6.4498,49.6807],[6.4307,49.6695],[6.4318,49.6605],[6.4669,49.668]]]},"properties":{"AGS":"07235146","GEN":"Wellen","SN_L":"07"}},
{"type":"Feature","geometry":{"type":"Polygon","coordinates":[[[6.6438,49.6342],[6.611,49.6544],[6.6074,49.6721],[6.5918,49.6763],[6.5793,49.6736],[6.5875,49.6688],[6.5818,49.6516],[6.5746,49.6466],[6.5746,49.6413],[6.5974,49.6423],[6.6228,49.6292],[6.6089,49.619],[6.6184,49.6129],[6.6525,49.6111],[6.6438,49.6342]]]},"properties":{"AGS":"07235148","GEN":"Wiltingen","SN_L":"07"}},
{"type":"Feature","geometry":{"type":"Polygon","coordinates":[[[6.7978,49.6842],[6.7635,49.7008],[6.7576,49.6979],[6.7507,49.6989],[6.7535,49.6828],[6.7719,49.689],[6.7978,49.6842]]]},"properties":{"AGS":"07235010","GEN":"Bonerath","SN_L":"07"}},
{"type":"Feature","geometry":{"type":"Polygon","coordinates":[[[6.8585,49.7285],[6.832,49.7346],[6.8122,49.7286],[6.8125,49.7279],[6.823,49.7122],[6.8593,49.7077],[6.8585,49.7285]]]},"properties":{"AGS":"07235021","GEN":"Farschweiler","SN_L":"07"}},
{"type":"Feature","geometry":{"type":"Polygon","coordinates":[[[6.7133,49.717],[6.6965,49.71],[6.6946,49.7006],[6.7126,49.6955],[6.7265,49.6985],[6.7318,49.7034],[6.7148,49.7171],[6.7133,49.717]]]},"properties":{"AGS":"07235037","GEN":"Gusterath","SN_L":"07"}},
{"type":"Feature","geometry":{"type":"Polygon","coordinates":[[[6.7417,49.7118],[6.7316,49.7188],[6.7352,49.7274],[6.7148,49.7171],[6.7318,49.7034],[6.7394,49.7069],[6.7417,49.7118]]]},"properties":{"AGS":"07235038","GEN":"Gutweiler","SN_L":"07"}},
{"type":"Feature","geometry":{"type":"Polygon","coordinates":[[[6.8302,49.7464],[6.8112,49.7514],[6.8183,49.7427],[6.8122,49.7286],[6.832,49.7346],[6.8302,49.7464]]]},"properties":{"AGS":"07235044","GEN":"Herl","SN_L":"07"}},
{"type":"Feature","geometry":{"type":"Polygon","coordinates":[[[6.7572,49.6532],[6.721,49.6726],[6.7184,49.6631],[6.7427,49.6515],[6.7572,49.6532]]]},"properties":{"AGS":"07235046","GEN":"Hinzenburg","SN_L":"07"}},
{"type":"Feature","geometry":{"type":"Polygon","coordinates":[[[6.7978,49.6842],[6.7719,49.689],[6.7535,49.6828],[6.7737,49.6627],[6.7817,49.6651],[6.806,49.6715],[6.7978,49.6842]]]},"properties":{"AGS":"07235050","GEN":"Holzerath","SN_L":"07"}},
{"type":"Feature","geometry":{"type":"Polygon","coordinates":[[[6.7593,49.768],[6.7185,49.7687],[6.7136,49.7609],[6.7154,49.7482],[6.7234,49.7561],[6.7527,49.7556],[6.7612,49.766],[6.7593,49.768]]]},"properties":{"AGS":"07235056","GEN":"Kasel","SN_L":"07"}},
{"type":"Feature","geometry":{"type":"Polygon","coordinates":[[[6.7148,49.7171],[6.7352,49.7274],[6.7359,49.7287],[6.735,49.73],[6.7149,49.7339],[6.7133,49.717],[6.7148,49.7171]]]},"properties":{"AGS":"07235070","GEN":"Korlingen","SN_L":"07"}},
{"type":"Feature","geometry":{"type":"Polygon","coordinates":[[[6.8639,49.7508],[6.8309,49.7475],[6.8302,49.7464],[6.832,49.7346],[6.8585,49.7285],[6.8676,49.7295],[6.8639,49.7508]]]},"properties":{"AGS":"07235080","GEN":"Lorscheid","SN_L":"07"}},
{"type":"Feature","geometry":{"type":"Polygon","coordinates":[[[6.7575,49.7817],[6.7391,49.7833],[6.7312,49.7766],[6.6966,49.7719],[6.6984,49.763],[6.7136,49.7609],[6.7185,49.7687],[6.7593,49.768],[6.7575,49.7817]]]},"properties":{"AGS":"07235085","GEN":"Mertesdorf","SN_L":"07"}},
{"type":"Feature","geometry":{"type":"Polygon","coordinates":[[[6.7555,49.7368],[6.7425,49.7389],[6.735,49.73],[6.7359,49.7287],[6.7417,49.7118],[6.7394,49.7069],[6.7507,49.6989],[6.7576,49.6979],[6.7632,49.7019],[6.761,49.7267],[6.7555,49.7368]]]},"properties":{"AGS":"07235090","GEN":"Morscheid","SN_L":"07"}},
{"type":"Feature","geometry":{"type":"Polygon","coordinates":[[[6.7187,49.6761],[6.6991,49.6853],[6.6888,49.6823],[6.689,49.6699],[6.706,49.6624],[6.7184,49.6631],[6.721,49.6726],[6.7187,49.6761]]]},"properties":{"AGS":"07235100","GEN":"Ollmuth","SN_L":"07"}},
{"type":"Feature","geometry":{"type":"Polygon","coordinates":[[[6.8125,49.7279],[6.7883,49.7365],[6.7869,49.7281],[6.7696,49.7279],[6.7726,49.7182],[6.7635,49.7008],[6.7978,49.6842],[6.806,49.6715],[6.7817,49.6651],[6.795,49.6609],[6.7986,49.6619],[6.8152,49.6591],[6.8422,49.6629],[6.8515,49.6878],[6.8707,49.6938],[6.8593,49.7077],[6.823,49.7122],[6.8125,49.7279]]]},"properties":{"AGS":"07235103","GEN":"Osburg","SN_L":"07"}},
{"type":"Feature","geometry":{"type":"Polygon","coordinates":[[[6.7265,49.6985],[6.7126,49.6955],[6.6946,49.7006],[6.6933,49.6929],[6.6991,49.6853],[6.7187,49.6761],[6.7301,49.6829],[6.7265,49.6985]]]},"properties":{"AGS":"07235107","GEN":"Pluwig","SN_L":"07"}},
{"type":"Feature","geometry":{"type":"Polygon","coordinates":[[[6.7635,49.7008],[6.7726,49.7182],[6.7696,49.7279],[6.7555,49.7368],[6.761,49.7267],[6.7632,49.7019],[6.7576,49.6979],[6.7635,49.7008]]]},"properties":{"AGS":"07235116","GEN":"Riveris","SN_L":"07"}},
{"type":"Feature","geometry":{"type":"Polygon","coordinates":[[[6.7507,49.6989],[6.7394,49.7069],[6.7318,49.7034],[6.7265,49.6985],[6.7301,49.6829],[6.7187,49.6761],[6.721,49.6726],[6.7572,49.6532],[6.762,49.657],[6.7665,49.6586],[6.7737,49.6627],[6.7535,49.6828],[6.7507,49.6989]]]},"properties":{"AGS":"07235124","GEN":"Schöndorf","SN_L":"07"}},
{"type":"Feature","geometry":{"type":"Polygon","coordinates":[[[6.7417,49.7118],[6.7359,49.7287],[6.7352,49.7274],[6.7316,49.7188],[6.7417,49.7118]]]},"properties":{"AGS":"07235129","GEN":"Sommerau","SN_L":"07"}},
{"type":"Feature","geometry":{"type":"Polygon","coordinates":[[[6.8112,49.7514],[6.788,49.7574],[6.785,49.7511],[6.7883,49.7365],[6.8125,49.7279],[6.8122,49.7286],[6.8183,49.7427],[6.8112,49.7514]]]},"properties":{"AGS":"07235135","GEN":"Thomm","SN_L":"07"}},
{"type":"Feature","geometry":{"type":"Polygon","coordinates":[[[6.785,49.7511],[6.7612,49.766],[6.7527,49.7556],[6.7234,49.7561],[6.7154,49.7482],[6.7298,49.7384],[6.7425,49.7389],[6.7555,49.7368],[6.7696,49.7279],[6.7869,49.7281],[6.7883,49.7365],[6.785,49.7511]]]},"properties":{"AGS":"07235141","GEN":"Waldrach","SN_L":"07"}},
{"type":"Feature","geometry":{"type":"Polygon","coordinates":[[[6.8301,49.8479],[6.8231,49.859],[6.8142,49.8621],[6.7981,49.8517],[6.7895,49.8434],[6.7949,49.8317],[6.803,49.8364],[6.8046,49.8469],[6.8257,49.8436],[6.8301,49.8479]]]},"properties":{"AGS":"07235004","GEN":"Bekond","SN_L":"07"}},
{"type":"Feature","geometry":{"type":"Polygon","coordinates":[[[6.8581,49.8283],[6.8375,49.8267],[6.843,49.817],[6.8446,49.8122],[6.8581,49.8013],[6.8584,49.7847],[6.8663,49.7782],[6.8754,49.7796],[6.8788,49.7834],[6.8593,49.811],[6.8581,49.8283]]]},"properties":{"AGS":"07235015","GEN":"Detzem","SN_L":"07"}},
{"type":"Feature","geometry":{"type":"Polygon","coordinates":[[[6.8375,49.8267],[6.8257,49.8436],[6.8046,49.8469],[6.803,49.8364],[6.8094,49.8182],[6.843,49.817],[6.8375,49.8267]]]},"properties":{"AGS":"07235019","GEN":"Ensch","SN_L":"07"}},
{"type":"Feature","geometry":{"type":"Polygon","coordinates":[[[6.7782,49.7958],[6.7667,49.7931],[6.7575,49.7817],[6.7593,49.768],[6.7612,49.766],[6.785,49.7511],[6.788,49.7574],[6.8112,49.7514],[6.8302,49.7464],[6.8309,49.7475],[6.8339,49.7754],[6.8182,49.7742],[6.7895,49.7785],[6.7782,49.7958]]]},"properties":{"AGS":"07235022","GEN":"Fell","SN_L":"07"}},
{"type":"Feature","geometry":{"type":"Polygon","coordinates":[[[6.7947,49.8539],[6.7976,49.8607],[6.7846,49.8776],[6.7604,49.8788],[6.7521,49.8685],[6.733,49.8641],[6.7497,49.8578],[6.7569,49.8489],[6.7947,49.8539]]]},"properties":{"AGS":"07235026","GEN":"Föhren","SN_L":"07"}},
{"type":"Feature","geometry":{"type":"Polygon","coordinates":[[[6.7213,49.7929],[6.7326,49.7926],[6.7488,49.8095],[6.7465,49.8135],[6.7024,49.8042],[6.7025,49.7932],[6.7213,49.7929]]]},"properties":{"AGS":"07235060","GEN":"Kenn","SN_L":"07"}},
{"type":"Feature","geometry":{"type":"Polygon","coordinates":[[[6.8861,49.8472],[6.8845,49.8594],[6.8715,49.8798],[6.8677,49.8652],[6.8385,49.864],[6.8231,49.859],[6.8301,49.8479],[6.8341,49.8404],[6.8557,49.8405],[6.8831,49.8401],[6.8861,49.8472]]]},"properties":{"AGS":"07235063","GEN":"Klüsserath","SN_L":"07"}},
{"type":"Feature","geometry":{"type":"Polygon","coordinates":[[[6.8831,49.8401],[6.8557,49.8405],[6.8572,49.8367],[6.8663,49.829],[6.8867,49.8325],[6.8831,49.8401]]]},"properties":{"AGS":"07235067","GEN":"Köwerich","SN_L":"07"}},
{"type":"Feature","geometry":{"type":"Polygon","coordinates":[[[6.8867,49.8325],[6.8663,49.829],[6.8572,49.8367],[6.8581,49.8283],[6.8593,49.811],[6.8788,49.7834],[6.8986,49.7913],[6.9127,49.8074],[6.9049,49.8154],[6.887,49.8192],[6.8867,49.8325]]]},"properties":{"AGS":"07235074","GEN":"Leiwen","SN_L":"07"}},
{"type":"Feature","geometry":{"type":"Polygon","coordinates":[[[6.7883,49.8017],[6.7942,49.8066],[6.7871,49.8203],[6.7845,49.8074],[6.7851,49.8031],[6.7883,49.8017]]]},"properties":{"AGS":"07235077","GEN":"Longen","SN_L":"07"}},
{"type":"Feature","geometry":{"type":"Polygon","coordinates":[[[6.7845,49.8074],[6.7749,49.8136],[6.7464,49.8143],[6.7465,49.8135],[6.7488,49.8095],[6.7326,49.7926],[6.7213,49.7929],[6.7391,49.7833],[6.7575,49.7817],[6.7667,49.7931],[6.7782,49.7958],[6.7851,49.8031],[6.7845,49.8074]]]},"properties":{"AGS":"07235078","GEN":"Longuich","SN_L":"07"}},
{"type":"Feature","geometry":{"type":"Polygon","coordinates":[[[6.803,49.8364],[6.7949,49.8317],[6.7871,49.8203],[6.7942,49.8066],[6.7883,49.8017],[6.816,49.7927],[6.8167,49.7801],[6.8339,49.7754],[6.8309,49.7475],[6.8639,49.7508],[6.8702,49.7505],[6.8727,49.7576],[6.8663,49.7782],[6.8584,49.7847],[6.835,49.8056],[6.8243,49.8109],[6.8094,49.8182],[6.803,49.8364]]]},"properties":{"AGS":"07235083","GEN":"Mehring","SN_L":"07"}},
{"type":"Feature","geometry":{"type":"Polygon","coordinates":[[[6.733,49.8641],[6.7521,49.8685],[6.7604,49.8788],[6.763,49.8915],[6.7449,49.8884],[6.7321,49.8794],[6.733,49.8641]]]},"properties":{"AGS":"07235091","GEN":"Naurath (Eifel)","SN_L":"07"}},
{"type":"Feature","geometry":{"type":"Polygon","coordinates":[[[6.8584,49.7847],[6.8581,49.8013],[6.8446,49.8122],[6.8243,49.8109],[6.835,49.8056],[6.8584,49.7847]]]},"properties":{"AGS":"07235108","GEN":"Pölich","SN_L":"07"}},
{"type":"Feature","geometry":{"type":"Polygon","coordinates":[[[6.8339,49.7754],[6.8167,49.7801],[6.816,49.7927],[6.7883,49.8017],[6.7851,49.8031],[6.7782,49.7958],[6.7895,49.7785],[6.8182,49.7742],[6.8339,49.7754]]]},"properties":{"AGS":"07235115","GEN":"Riol","SN_L":"07"}},
{"type":"Feature","geometry":{"type":"Polygon","coordinates":[[[6.843,49.817],[6.8094,49.8182],[6.8243,49.8109],[6.8446,49.8122],[6.843,49.817]]]},"properties":{"AGS":"07235120","GEN":"Schleich","SN_L":"07"}},
{"type":"Feature","geometry":{"type":"Polygon","coordinates":[[[6.733,49.8641],[6.7321,49.8794],[6.7239,49.8812],[6.6911,49.863],[6.6909,49.8577],[6.7036,49.8472],[6.7135,49.8211],[6.7464,49.8143],[6.7749,49.8136],[6.7845,49.8074],[6.7871,49.8203],[6.7949,49.8317],[6.7895,49.8434],[6.7981,49.8517],[6.7947,49.8539],[6.7569,49.8489],[6.7497,49.8578],[6.733,49.8641]]]},"properties":{"AGS":"07235125","GEN":"Schweich","SN_L":"07"}},
{"type":"Feature","geometry":{"type":"Polygon","coordinates":[[[6.8557,49.8405],[6.8341,49.8404],[6.8301,49.8479],[6.8257,49.8436],[6.8375,49.8267],[6.8581,49.8283],[6.8572,49.8367],[6.8557,49.8405]]]},"properties":{"AGS":"07235134","GEN":"Thörnich","SN_L":"07"}},
{"type":"Feature","geometry":{"type":"Polygon","coordinates":[[[6.9482,49.8181],[6.9011,49.8318],[6.8861,49.8472],[6.8831,49.8401],[6.8867,49.8325],[6.887,49.8192],[6.9049,49.8154],[6.9127,49.8074],[6.9237,49.803],[6.9422,49.8047],[6.9482,49.8181]]]},"properties":{"AGS":"07235207","GEN":"Trittenheim","SN_L":"07"}},
{"type":"Feature","geometry":{"type":"Polygon","coordinates":[[[6.6292,49.785],[6.6232,49.795],[6.5899,49.7998],[6.578,49.7916],[6.5654,49.7907],[6.5769,49.7793],[6.5893,49.7767],[6.6292,49.785]]]},"properties":{"AGS":"07235001","GEN":"Aach","SN_L":"07"}},
{"type":"Feature","geometry":{"type":"Polygon","coordinates":[[[6.6793,49.7077],[6.6573,49.7115],[6.6522,49.7029],[6.6546,49.6891],[6.666,49.69],[6.6888,49.6823],[6.6991,49.6853],[6.6933,49.6929],[6.6793,49.7077]]]},"properties":{"AGS":"07235027","GEN":"Franzenheim","SN_L":"07"}},
{"type":"Feature","geometry":{"type":"Polygon","coordinates":[[[6.6965,49.71],[6.6793,49.7077],[6.6933,49.6929],[6.6946,49.7006],[6.6965,49.71]]]},"properties":{"AGS":"07235048","GEN":"Hockweiler","SN_L":"07"}},
{"type":"Feature","geometry":{"type":"Polygon","coordinates":[[[6.5542,49.7398],[6.5398,49.7399],[6.5322,49.735],[6.5256,49.7136],[6.5598,49.7018],[6.5623,49.7132],[6.5529,49.7286],[6.5542,49.7398]]]},"properties":{"AGS":"07235051","GEN":"Igel","SN_L":"07"}},
{"type":"Feature","geometry":{"type":"Polygon","coordinates":[[[6.6796,49.8544],[6.6481,49.8601],[6.6398,49.8704],[6.6337,49.8573],[6.6368,49.8461],[6.624,49.8345],[6.6097,49.8344],[6.5846,49.8235],[6.5977,49.8193],[6.6179,49.8302],[6.6385,49.8205],[6.6355,49.8028],[6.6561,49.8093],[6.6599,49.8225],[6.6796,49.8544]]]},"properties":{"AGS":"07235069","GEN":"Kordel","SN_L":"07"}},
{"type":"Feature","geometry":{"type":"Polygon","coordinates":[[[6.5353,49.763],[6.5186,49.7624],[6.5005,49.7521],[6.5016,49.7347],[6.4951,49.7247],[6.507,49.7126],[6.5203,49.7124],[6.5256,49.7136],[6.5322,49.735],[6.5398,49.7399],[6.5472,49.7456],[6.5353,49.763]]]},"properties":{"AGS":"07235073","GEN":"Langsur","SN_L":"07"}},
{"type":"Feature","geometry":{"type":"Polygon","coordinates":[[[6.6355,49.8028],[6.6385,49.8205],[6.6179,49.8302],[6.5977,49.8193],[6.5846,49.8235],[6.5694,49.8268],[6.5708,49.8089],[6.5641,49.7922],[6.5654,49.7907],[6.578,49.7916],[6.5899,49.7998],[6.6232,49.795],[6.6292,49.785],[6.6355,49.8028]]]},"properties":{"AGS":"07235094","GEN":"Newel","SN_L":"07"}},
{"type":"Feature","geometry":{"type":"Polygon","coordinates":[[[6.531,49.8383],[6.5177,49.8418],[6.4986,49.8356],[6.4913,49.8316],[6.475,49.8213],[6.4888,49.8119],[6.505,49.8096],[6.5216,49.8132],[6.5308,49.8056],[6.5079,49.7919],[6.5168,49.7818],[6.5098,49.7742],[6.5186,49.7624],[6.5353,49.763],[6.5271,49.7759],[6.5641,49.7922],[6.5708,49.8089],[6.5694,49.8268],[6.5537,49.8252],[6.5335,49.8323],[6.531,49.8383]]]},"properties":{"AGS":"07235111","GEN":"Ralingen","SN_L":"07"}},
{"type":"Feature","geometry":{"type":"Polygon","coordinates":[[[6.5654,49.7907],[6.5641,49.7922],[6.5271,49.7759],[6.5353,49.763],[6.5472,49.7456],[6.5398,49.7399],[6.5542,49.7398],[6.5788,49.7573],[6.5955,49.7547],[6.6156,49.7622],[6.6127,49.7682],[6.5893,49.7767],[6.5769,49.7793],[6.5654,49.7907]]]},"properties":{"AGS":"07235137","GEN":"Trierweiler","SN_L":"07"}},
{"type":"Feature","geometry":{"type":"Polygon","coordinates":[[[6.7116,49.9055],[6.6968,49.9146],[6.6817,49.91],[6.6654,49.8916],[6.6518,49.8893],[6.6366,49.8787],[6.6363,49.8757],[6.6398,49.8704],[6.6481,49.8601],[6.6796,49.8544],[6.6909,49.8577],[6.6911,49.863],[6.7239,49.8812],[6.7224,49.8951],[6.7116,49.9055]]]},"properties":{"AGS":"07235151","GEN":"Zemmer","SN_L":"07"}},
{"type":"Feature","geometry":{"type":"Polygon","coordinates":[[[6.6363,49.8757],[6.6061,49.8923],[6.6049,49.8966],[6.5998,49.8965],[6.5968,49.8945],[6.5938,49.8901],[6.5834,49.8834],[6.5796,49.8674],[6.5427,49.8629],[6.5326,49.8578],[6.531,49.8383],[6.5335,49.8323],[6.5537,49.8252],[6.5694,49.8268],[6.5846,49.8235],[6.6097,49.8344],[6.624,49.8345],[6.6368,49.8461],[6.6337,49.8573],[6.6398,49.8704],[6.6363,49.8757]]]},"properties":{"AGS":"07235501","GEN":"Welschbillig","SN_L":"07"}},
{"type":"Feature","geometry":{"type":"Polygon","coordinates":[[[6.5746,49.6466],[6.559,49.6457],[6.5335,49.6417],[6.5281,49.6368],[6.5296,49.629],[6.5448,49.6226],[6.5682,49.6229],[6.5741,49.6277],[6.5746,49.6413],[6.5746,49.6466]]]},"properties":{"AGS":"07235002","GEN":"Ayl","SN_L":"07"}},
{"type":"Feature","geometry":{"type":"Polygon","coordinates":[[[6.6982,49.6089],[6.6804,49.618],[6.6654,49.6179],[6.6667,49.6157],[6.6769,49.6098],[6.6982,49.6089]]]},"properties":{"AGS":"07235003","GEN":"Baldringen","SN_L":"07"}},
{"type":"Feature","geometry":{"type":"Polygon","coordinates":[[[6.5207,49.6214],[6.4823,49.6282],[6.4684,49.6077],[6.5047,49.6041],[6.5229,49.6169],[6.5207,49.6214]]]},"properties":{"AGS":"07235025","GEN":"Fisch","SN_L":"07"}},
{"type":"Feature","geometry":{"type":"Polygon","coordinates":[[[6.579,49.5611],[6.5689,49.5562],[6.5415,49.5543],[6.5346,49.5647],[6.5317,49.5642],[6.5072,49.5487],[6.5149,49.5351],[6.5229,49.5283],[6.5386,49.5395],[6.5548,49.536],[6.564,49.5406],[6.579,49.5611]]]},"properties":{"AGS":"07235028","GEN":"Freudenburg","SN_L":"07"}},
{"type":"Feature","geometry":{"type":"Polygon","coordinates":[[[6.7184,49.5554],[6.6977,49.5765],[6.6855,49.5682],[6.6503,49.5706],[6.6491,49.5562],[6.6528,49.5509],[6.6641,49.5427],[6.6842,49.5482],[6.7009,49.5423],[6.7086,49.5533],[6.7184,49.5554]]]},"properties":{"AGS":"07235033","GEN":"Greimerath","SN_L":"07"}},
{"type":"Feature","geometry":{"type":"Polygon","coordinates":[[[6.7572,49.6532],[6.7427,49.6515],[6.7184,49.6631],[6.7299,49.6503],[6.739,49.6431],[6.7652,49.637],[6.7747,49.6468],[6.762,49.657],[6.7572,49.6532]]]},"properties":{"AGS":"07235040","GEN":"Heddert","SN_L":"07"}},
{"type":"Feature","geometry":{"type":"Polygon","coordinates":[[[6.6833,49.6334],[6.6742,49.6273],[6.6551,49.6378],[6.6625,49.6322],[6.6654,49.6179],[6.6804,49.618],[6.6982,49.6089],[6.7054,49.6105],[6.7232,49.6217],[6.709,49.6282],[6.6906,49.6262],[6.6833,49.6334]]]},"properties":{"AGS":"07235043","GEN":"Hentern","SN_L":"07"}},
{"type":"Feature","geometry":{"type":"Polygon","coordinates":[[[6.6046,49.62],[6.5927,49.6148],[6.573,49.6186],[6.5914,49.5932],[6.6221,49.5878],[6.6361,49.5732],[6.629,49.5689],[6.6491,49.5562],[6.6503,49.5706],[6.6505,49.5825],[6.6302,49.5937],[6.6525,49.6111],[6.6184,49.6129],[6.6089,49.619],[6.6046,49.62]]]},"properties":{"AGS":"07235052","GEN":"Irsch","SN_L":"07"}},
{"type":"Feature","geometry":{"type":"Polygon","coordinates":[[[6.5835,49.5649],[6.5652,49.5752],[6.5487,49.5765],[6.5346,49.5647],[6.5415,49.5543],[6.5689,49.5562],[6.579,49.5611],[6.5835,49.5649]]]},"properties":{"AGS":"07235057","GEN":"Kastel-Staadt","SN_L":"07"}},
{"type":"Feature","geometry":{"type":"MultiPolygon","coordinates":[[[[6.7665,49.6586],[6.779,49.6505],[6.795,49.6609],[6.7817,49.6651],[6.7737,49.6627],[6.7665,49.6586]]],[[[6.8422,49.6629],[6.8152,49.6591],[6.7986,49.6619],[6.8008,49.6328],[6.791,49.6245],[6.7943,49.6223],[6.8199,49.6251],[6.8336,49.6169],[6.8391,49.5926],[6.846,49.5896],[6.8642,49.6079],[6.869,49.6427],[6.855,49.6578],[6.8422,49.6629]]]]},"properties":{"AGS":"07235058","GEN":"Kell am See","SN_L":"07"}},
{"type":"Feature","geometry":{"type":"Polygon","coordinates":[[[6.5205,49.5688],[6.4934,49.5662],[6.4792,49.5686],[6.4667,49.562],[6.4501,49.5658],[6.4321,49.5638],[6.4245,49.5477],[6.4495,49.542],[6.467,49.543],[6.4941,49.5306],[6.5149,49.5351],[6.5072,49.5487],[6.5317,49.5642],[6.5205,49.5688]]]},"properties":{"AGS":"07235062","GEN":"Kirf","SN_L":"07"}},
{"type":"Feature","geometry":{"type":"Polygon","coordinates":[[[6.7184,49.6631],[6.706,49.6624],[6.689,49.6699],[6.6733,49.6521],[6.6762,49.6453],[6.7044,49.6416],[6.718,49.637],[6.7299,49.6503],[6.7184,49.6631]]]},"properties":{"AGS":"07235072","GEN":"Lampaden","SN_L":"07"}},
{"type":"Feature","geometry":{"type":"Polygon","coordinates":[[[6.791,49.6245],[6.7601,49.6219],[6.7647,49.6147],[6.7455,49.6112],[6.7328,49.6134],[6.7159,49.6045],[6.717,49.5964],[6.7342,49.5854],[6.7697,49.5689],[6.7782,49.5702],[6.7982,49.5863],[6.8134,49.592],[6.8243,49.5884],[6.7882,49.602],[6.7835,49.6101],[6.7943,49.6223],[6.791,49.6245]]]},"properties":{"AGS":"07235081","GEN":"Mandern","SN_L":"07"}},
{"type":"Feature","geometry":{"type":"Polygon","coordinates":[[[6.5084,49.6452],[6.4944,49.6448],[6.4844,49.6315],[6.4823,49.6282],[6.5207,49.6214],[6.5296,49.629],[6.5281,49.6368],[6.5216,49.6434],[6.5084,49.6452]]]},"properties":{"AGS":"07235082","GEN":"Mannebach","SN_L":"07"}},
{"type":"Feature","geometry":{"type":"Polygon","coordinates":[[[6.6046,49.62],[6.5894,49.6295],[6.5741,49.6277],[6.5682,49.6229],[6.573,49.6186],[6.5927,49.6148],[6.6046,49.62]]]},"properties":{"AGS":"07235098","GEN":"Ockfen","SN_L":"07"}},
{"type":"Feature","geometry":{"type":"Polygon","coordinates":[[[6.4405,49.5814],[6.429,49.597],[6.3919,49.5886],[6.3924,49.6003],[6.3744,49.5911],[6.3815,49.5814],[6.3596,49.5754],[6.359,49.5703],[6.3801,49.5595],[6.3801,49.5511],[6.4245,49.5477],[6.4321,49.5638],[6.4286,49.5702],[6.4405,49.5814]]]},"properties":{"AGS":"07235104","GEN":"Palzem","SN_L":"07"}},
{"type":"Feature","geometry":{"type":"Polygon","coordinates":[[[6.7044,49.6416],[6.6762,49.6453],[6.6733,49.6521],[6.6713,49.6513],[6.6518,49.6371],[6.6551,49.6378],[6.6742,49.6273],[6.6833,49.6334],[6.7044,49.6416]]]},"properties":{"AGS":"07235105","GEN":"Paschel","SN_L":"07"}},
{"type":"Feature","geometry":{"type":"Polygon","coordinates":[[[6.5682,49.6229],[6.5448,49.6226],[6.5296,49.629],[6.5207,49.6214],[6.5229,49.6169],[6.5047,49.6041],[6.49,49.5876],[6.5151,49.5856],[6.5384,49.5986],[6.5472,49.5957],[6.5546,49.5826],[6.5682,49.5852],[6.5707,49.5934],[6.6036,49.5861],[6.6221,49.5878],[6.5914,49.5932],[6.573,49.6186],[6.5682,49.6229]]]},"properties":{"AGS":"07235118","GEN":"Saarburg","SN_L":"07"}},
{"type":"Feature","geometry":{"type":"Polygon","coordinates":[[[6.791,49.6245],[6.8008,49.6328],[6.7986,49.6619],[6.795,49.6609],[6.779,49.6505],[6.7665,49.6586],[6.762,49.657],[6.7747,49.6468],[6.7652,49.637],[6.739,49.6431],[6.7299,49.6503],[6.718,49.637],[6.709,49.6282],[6.7232,49.6217],[6.7054,49.6105],[6.7159,49.6045],[6.7328,49.6134],[6.7455,49.6112],[6.7647,49.6147],[6.7601,49.6219],[6.791,49.6245]]]},"properties":{"AGS":"07235119","GEN":"Schillingen","SN_L":"07"}},
{"type":"Feature","geometry":{"type":"Polygon","coordinates":[[[6.6089,49.619],[6.6228,49.6292],[6.5974,49.6423],[6.5746,49.6413],[6.5741,49.6277],[6.5894,49.6295],[6.6046,49.62],[6.6089,49.619]]]},"properties":{"AGS":"07235122","GEN":"Schoden","SN_L":"07"}},
{"type":"Feature","geometry":{"type":"Polygon","coordinates":[[[6.718,49.637],[6.7044,49.6416],[6.6833,49.6334],[6.6906,49.6262],[6.709,49.6282],[6.718,49.637]]]},"properties":{"AGS":"07235123","GEN":"Schömerich","SN_L":"07"}},
{"type":"Feature","geometry":{"type":"Polygon","coordinates":[[[6.6221,49.5878],[6.6036,49.5861],[6.5707,49.5934],[6.5682,49.5852],[6.5546,49.5826],[6.5487,49.5765],[6.5652,49.5752],[6.5835,49.5649],[6.599,49.5687],[6.5959,49.5538],[6.6163,49.5476],[6.6309,49.551],[6.6504,49.5495],[6.6528,49.5509],[6.6491,49.5562],[6.629,49.5689],[6.6361,49.5732],[6.6221,49.5878]]]},"properties":{"AGS":"07235126","GEN":"Serrig","SN_L":"07"}},
{"type":"Feature","geometry":{"type":"Polygon","coordinates":[[[6.6504,49.5495],[6.6309,49.551],[6.6163,49.5476],[6.5959,49.5538],[6.599,49.5687],[6.5835,49.5649],[6.579,49.5611],[6.564,49.5406],[6.5884,49.5175],[6.6036,49.518],[6.6184,49.5295],[6.617,49.5355],[6.651,49.5434],[6.6504,49.5495]]]},"properties":{"AGS":"07235131","GEN":"Taben-Rodt","SN_L":"07"}},
{"type":"Feature","geometry":{"type":"Polygon","coordinates":[[[6.5546,49.5826],[6.5472,49.5957],[6.5384,49.5986],[6.5151,49.5856],[6.5073,49.5747],[6.5205,49.5688],[6.5317,49.5642],[6.5346,49.5647],[6.5487,49.5765],[6.5546,49.5826]]]},"properties":{"AGS":"07235136","GEN":"Trassem","SN_L":"07"}},
{"type":"Feature","geometry":{"type":"Polygon","coordinates":[[[6.6654,49.6179],[6.6625,49.6322],[6.6551,49.6378],[6.6518,49.6371],[6.6438,49.6342],[6.6525,49.6111],[6.6302,49.5937],[6.6505,49.5825],[6.6538,49.6004],[6.6718,49.5977],[6.6667,49.6157],[6.6654,49.6179]]]},"properties":{"AGS":"07235140","GEN":"Vierherrenborn","SN_L":"07"}},
{"type":"Feature","geometry":{"type":"Polygon","coordinates":[[[6.8391,49.5926],[6.8336,49.6169],[6.8199,49.6251],[6.7943,49.6223],[6.7835,49.6101],[6.7882,49.602],[6.8243,49.5884],[6.8354,49.5829],[6.8391,49.5926]]]},"properties":{"AGS":"07235142","GEN":"Waldweiler","SN_L":"07"}},
{"type":"Feature","geometry":{"type":"Polygon","coordinates":[[[6.4671,49.6381],[6.4436,49.6206],[6.4228,49.6223],[6.4023,49.6045],[6.3924,49.6003],[6.3919,49.5886],[6.429,49.597],[6.4405,49.5814],[6.457,49.5904],[6.4684,49.6077],[6.4823,49.6282],[6.4844,49.6315],[6.4671,49.6381]]]},"properties":{"AGS":"07235149","GEN":"Wincheringen","SN_L":"07"}},
{"type":"Feature","geometry":{"type":"Polygon","coordinates":[[[6.6982,49.6089],[6.6769,49.6098],[6.6667,49.6157],[6.6718,49.5977],[6.6538,49.6004],[6.6505,49.5825],[6.6503,49.5706],[6.6855,49.5682],[6.6977,49.5765],[6.7184,49.5554],[6.7569,49.5614],[6.7697,49.5689],[6.7342,49.5854],[6.717,49.5964],[6.7159,49.6045],[6.7054,49.6105],[6.6982,49.6089]]]},"properties":{"AGS":"07235152","GEN":"Zerf","SN_L":"07"}},
{"type":"Feature","geometry":{"type":"Polygon","coordinates":[[[6.4684,49.6077],[6.457,49.5904],[6.4405,49.5814],[6.4286,49.5702],[6.4321,49.5638],[6.4501,49.5658],[6.4667,49.562],[6.4792,49.5686],[6.4934,49.5662],[6.5205,49.5688],[6.5073,49.5747],[6.5151,49.5856],[6.49,49.5876],[6.5047,49.6041],[6.4684,49.6077]]]},"properties":{"AGS":"07235154","GEN":"Merzkirchen","SN_L":"07"}},
{"type":"Feature","geometry":{"type":"Polygon","coordinates":[[[8.4227,49.5742],[8.4071,49.582],[8.3768,49.5655],[8.3577,49.5711],[8.3565,49.5611],[8.3426,49.5581],[8.3376,49.5505],[8.3129,49.5497],[8.3223,49.5394],[8.312,49.5333],[8.3094,49.523],[8.3136,49.5065],[8.3087,49.5019],[8.3094,49.4853],[8.3456,49.4903],[8.3691,49.4994],[8.3792,49.539],[8.393,49.5501],[8.4231,49.5418],[8.4146,49.562],[8.4227,49.5742]]]},"properties":{"AGS":"07311000","GEN":"Frankenthal (Pfalz)","SN_L":"07"}},
{"type":"Feature","geometry":{"type":"Polygon","coordinates":[[[7.7574,49.4886],[7.7555,49.476],[7.7377,49.4729],[7.7216,49.4865],[7.7031,49.4951],[7.6818,49.4879],[7.6824,49.4598],[7.7003,49.4531],[7.6982,49.4438],[7.671,49.4494],[7.6548,49.4467],[7.6352,49.4466],[7.6312,49.4354],[7.6299,49.4252],[7.6496,49.4299],[7.6683,49.4186],[7.6786,49.3983],[7.6915,49.3873],[7.6988,49.3852],[7.7088,49.394],[7.7406,49.3919],[7.7697,49.3952],[7.7757,49.3883],[7.7953,49.3801],[7.8165,49.3638],[7.8405,49.3589],[7.8488,49.3622],[7.8273,49.3726],[7.8152,49.3957],[7.8442,49.3989],[7.8691,49.4084],[7.8707,49.4214],[7.8611,49.4433],[7.8582,49.4516],[7.8439,49.4651],[7.8138,49.4621],[7.7984,49.4708],[7.8021,49.4818],[7.7783,49.4907],[7.7574,49.4886]]]},"properties":{"AGS":"07312000","GEN":"Kaiserslautern","SN_L":"07"}},
{"type":"Feature","geometry":{"type":"MultiPolygon","coordinates":[[[[7.9927,49.1801],[7.9836,49.1742],[7.9923,49.1697],[7.9952,49.1779],[7.9927,49.1801]]],[[[7.9367,49.309],[7.9133,49.3164],[7.8931,49.3117],[7.8677,49.3133],[7.8676,49.2946],[7.8721,49.2831],[7.8807,49.2756],[7.8894,49.2798],[7.9186,49.2831],[7.9274,49.279],[7.9459,49.2618],[7.9583,49.2589],[7.9722,49.2641],[7.9632,49.2744],[7.9628,49.2804],[7.9633,49.2837],[7.964,49.2951],[7.9519,49.2976],[7.9387,49.3009],[7.9367,49.309]]],[[[8.1063,49.2339],[8.0923,49.2293],[8.0746,49.2299],[8.0576,49.2219],[8.0605,49.2086],[8.0491,49.2023],[8.0421,49.2009],[8.0182,49.193],[8.0207,49.192],[8.0389,49.1923],[8.0706,49.1863],[8.0586,49.1707],[8.064,49.1557],[8.0916,49.1567],[8.1041,49.1717],[8.1329,49.171],[8.1567,49.1698],[8.1753,49.1646],[8.1774,49.1687],[8.1778,49.193],[8.1697,49.2027],[8.1808,49.2081],[8.157,49.2067],[8.1565,49.2263],[8.1522,49.2285],[8.1359,49.2274],[8.1063,49.2339]]]]},"properties":{"AGS":"07313000","GEN":"Landau in der Pfalz","SN_L":"07"}},
{"type":"Feature","geometry":{"type":"Polygon","coordinates":[[[8.4231,49.5418],[8.393,49.5501],[8.3792,49.539],[8.3691,49.4994],[8.3456,49.4903],[8.3094,49.4853],[8.3009,49.4722],[8.319,49.4591],[8.3578,49.4711],[8.3592,49.4633],[8.3849,49.4342],[8.4114,49.4267],[8.4465,49.439],[8.4587,49.4359],[8.4725,49.4435],[8.4555,49.4438],[8.4427,49.4502],[8.4473,49.461],[8.4629,49.4729],[8.4453,49.4895],[8.4231,49.5418]]]},"properties":{"AGS":"07314000","GEN":"Ludwigshafen am Rhein","SN_L":"07"}},
{"type":"Feature","geometry":{"type":"Polygon","coordinates":[[[8.2882,49.9951],[8.2724,50.0103],[8.2446,50.0276],[8.2295,50.0314],[8.19,50.0353],[8.1998,50.0219],[8.1816,50.0059],[8.158,50.0037],[8.1436,49.983],[8.1486,49.9639],[8.1551,49.9646],[8.1792,49.9675],[8.1908,49.9526],[8.2123,49.9561],[8.2271,49.948],[8.2432,49.9482],[8.245,49.9398],[8.2349,49.9288],[8.2284,49.9211],[8.2271,49.9002],[8.2487,49.8956],[8.2531,49.8969],[8.259,49.9141],[8.2716,49.9271],[8.2798,49.9409],[8.311,49.9413],[8.3262,49.9455],[8.343,49.9405],[8.3422,49.949],[8.3223,49.9736],[8.2882,49.9951]]]},"properties":{"AGS":"07315000","GEN":"Mainz","SN_L":"07"}},
{"type":"Feature","geometry":{"type":"Polygon","coordinates":[[[8.1988,49.3855],[8.1818,49.39],[8.1481,49.3919],[8.1329,49.4009],[8.1371,49.3887],[8.1231,49.3812],[8.1004,49.3922],[8.0974,49.3724],[8.1035,49.3649],[8.0807,49.3626],[8.0502,49.353],[8.0255,49.3556],[7.9996,49.3438],[8.0216,49.3347],[8.0129,49.3213],[8.0375,49.324],[8.0644,49.3186],[8.0824,49.3236],[8.1057,49.3153],[8.143,49.3123],[8.1578,49.3147],[8.1991,49.3076],[8.1967,49.2965],[8.2365,49.2988],[8.2527,49.2961],[8.3174,49.3081],[8.3174,49.3109],[8.3144,49.3115],[8.2552,49.323],[8.2267,49.3329],[8.2274,49.3469],[8.2177,49.3475],[8.2234,49.3798],[8.2087,49.3783],[8.1988,49.3855]]]},"properties":{"AGS":"07316000","GEN":"Neustadt an der Weinstraße","SN_L":"07"}},
{"type":"Feature","geometry":{"type":"Polygon","coordinates":[[[7.598,49.2333],[7.5708,49.2347],[7.5546,49.2202],[7.5409,49.2172],[7.52,49.2112],[7.5149,49.2004],[7.5304,49.1903],[7.5609,49.1664],[7.5707,49.1665],[7.5901,49.1736],[7.5909,49.1615],[7.5774,49.1413],[7.5899,49.1481],[7.609,49.163],[7.6353,49.1626],[7.6415,49.1714],[7.6325,49.178],[7.6557,49.1866],[7.6544,49.1915],[7.6665,49.2079],[7.6602,49.212],[7.6734,49.2286],[7.6278,49.2218],[7.6002,49.2264],[7.598,49.2333]]]},"properties":{"AGS":"07317000","GEN":"Pirmasens","SN_L":"07"}},
{"type":"Feature","geometry":{"type":"Polygon","coordinates":[[[8.4226,49.3761],[8.4183,49.3755],[8.4068,49.3719],[8.3874,49.3535],[8.3754,49.342],[8.4056,49.3296],[8.3997,49.3197],[8.4035,49.3053],[8.4323,49.2938],[8.467,49.283],[8.4873,49.29],[8.4872,49.3017],[8.4781,49.3083],[8.4586,49.3129],[8.4505,49.3217],[8.4555,49.3321],[8.4709,49.3407],[8.4668,49.3611],[8.4448,49.3646],[8.442,49.3513],[8.4242,49.3658],[8.4226,49.3761]]]},"properties":{"AGS":"07318000","GEN":"Speyer","SN_L":"07"}},
{"type":"Feature","geometry":{"type":"Polygon","coordinates":[[[8.4464,49.7308],[8.4225,49.7262],[8.4078,49.7347],[8.3995,49.7367],[8.3696,49.7303],[8.3524,49.7305],[8.3519,49.7243],[8.3468,49.711],[8.3499,49.6955],[8.3428,49.6827],[8.3092,49.6841],[8.2797,49.692],[8.2576,49.6887],[8.2614,49.6716],[8.2726,49.6686],[8.2788,49.655],[8.2452,49.6502],[8.2415,49.647],[8.2385,49.6277],[8.2444,49.6171],[8.2529,49.6181],[8.2562,49.5913],[8.281,49.5868],[8.288,49.5878],[8.2941,49.5903],[8.343,49.5951],[8.352,49.6076],[8.3625,49.6022],[8.3865,49.6037],[8.4052,49.5937],[8.4148,49.5951],[8.4105,49.6034],[8.3929,49.6153],[8.3808,49.6293],[8.3662,49.6628],[8.3565,49.678],[8.3634,49.6986],[8.3883,49.7093],[8.4255,49.7168],[8.4464,49.7308]]]},"properties":{"AGS":"07319000","GEN":"Worms","SN_L":"07"}},
{"type":"Feature","geometry":{"type":"Polygon","coordinates":[[[7.4081,49.3099],[7.3945,49.3164],[7.3807,49.3067],[7.3854,49.2941],[7.3653,49.2781],[7.3415,49.2815],[7.3391,49.2639],[7.3159,49.2515],[7.3122,49.257],[7.289,49.2306],[7.3029,49.2233],[7.2983,49.214],[7.3057,49.201],[7.3203,49.1895],[7.3327,49.2055],[7.3463,49.2027],[7.3574,49.2159],[7.3669,49.2101],[7.399,49.2146],[7.4171,49.228],[7.4018,49.2338],[7.4047,49.2462],[7.4215,49.2631],[7.437,49.2702],[7.4483,49.2691],[7.429,49.2823],[7.4063,49.2905],[7.4081,49.3099]]]},"properties":{"AGS":"07320000","GEN":"Zweibrücken","SN_L":"07"}},
{"type":"Feature","geometry":{"type":"Polygon","coordinates":[[[8.0881,49.7723],[8.0662,49.7712],[8.0594,49.7632],[8.0578,49.7556],[8.0404,49.744],[8.0526,49.7279],[8.0726,49.7215],[8.08,49.7203],[8.1061,49.7286],[8.116,49.7259],[8.1354,49.7316],[8.1536,49.7219],[8.1653,49.7266],[8.1617,49.7521],[8.1489,49.7666],[8.1433,49.7633],[8.1112,49.7635],[8.0982,49.7724],[8.0881,49.7723]]]},"properties":{"AGS":"07331003","GEN":"Alzey","SN_L":"07"}},
{"type":"Feature","geometry":{"type":"Polygon","coordinates":[[[8.1573,49.7863],[8.1348,49.7938],[8.1164,49.7906],[8.0982,49.7724],[8.1112,49.7635],[8.1433,49.7633],[8.1489,49.7666],[8.1571,49.7753],[8.1573,49.7863]]]},"properties":{"AGS":"07331001","GEN":"Albig","SN_L":"07"}},
{"type":"Feature","geometry":{"type":"Polygon","coordinates":[[[7.9882,49.7222],[8.0039,49.7216],[8.0215,49.7279],[8.0165,49.7363],[7.9987,49.7348],[7.9882,49.7222]]]},"properties":{"AGS":"07331005","GEN":"Bechenheim","SN_L":"07"}},
{"type":"Feature","geometry":{"type":"Polygon","coordinates":[[[8.2336,49.823],[8.1953,49.8234],[8.1736,49.8151],[8.1837,49.7985],[8.196,49.7915],[8.2286,49.8029],[8.2354,49.8133],[8.2336,49.823]]]},"properties":{"AGS":"07331007","GEN":"Bechtolsheim","SN_L":"07"}},
{"type":"Feature","geometry":{"type":"Polygon","coordinates":[[[8.1164,49.7906],[8.1147,49.7936],[8.1001,49.7909],[8.0881,49.7723],[8.0982,49.7724],[8.1164,49.7906]]]},"properties":{"AGS":"07331008","GEN":"Bermersheim vor der Höhe","SN_L":"07"}},
{"type":"Feature","geometry":{"type":"Polygon","coordinates":[[[8.1837,49.7985],[8.1736,49.8151],[8.1569,49.81],[8.1417,49.8046],[8.1348,49.7938],[8.1573,49.7863],[8.1837,49.7985]]]},"properties":{"AGS":"07331010","GEN":"Biebelnheim","SN_L":"07"}},
{"type":"Feature","geometry":{"type":"Polygon","coordinates":[[[8.0807,49.7998],[8.0688,49.7977],[8.0489,49.7834],[8.0491,49.7694],[8.0594,49.7632],[8.0662,49.7712],[8.0822,49.7958],[8.0807,49.7998]]]},"properties":{"AGS":"07331012","GEN":"Bornheim","SN_L":"07"}},
{"type":"Feature","geometry":{"type":"Polygon","coordinates":[[[8.1413,49.7169],[8.133,49.7059],[8.1444,49.7034],[8.1534,49.71],[8.1525,49.7213],[8.1413,49.7169]]]},"properties":{"AGS":"07331014","GEN":"Dintesheim","SN_L":"07"}},
{"type":"Feature","geometry":{"type":"Polygon","coordinates":[[[8.1858,49.7001],[8.1707,49.7278],[8.1653,49.7266],[8.1536,49.7219],[8.1525,49.7213],[8.1534,49.71],[8.1444,49.7034],[8.1486,49.6974],[8.1858,49.7001]]]},"properties":{"AGS":"07331020","GEN":"Eppelsheim","SN_L":"07"}},
{"type":"Feature","geometry":{"type":"Polygon","coordinates":[[[8.0491,49.7694],[8.0203,49.7742],[8.0137,49.769],[8.0015,49.7597],[8.0145,49.7516],[8.023,49.7387],[8.0404,49.744],[8.0578,49.7556],[8.0594,49.7632],[8.0491,49.7694]]]},"properties":{"AGS":"07331021","GEN":"Erbes-Büdesheim","SN_L":"07"}},
{"type":"Feature","geometry":{"type":"Polygon","coordinates":[[[8.1014,49.7048],[8.1024,49.6983],[8.133,49.7059],[8.1413,49.7169],[8.1294,49.7206],[8.1152,49.7155],[8.1014,49.7048]]]},"properties":{"AGS":"07331022","GEN":"Esselborn","SN_L":"07"}},
{"type":"Feature","geometry":{"type":"Polygon","coordinates":[[[8.133,49.7059],[8.1024,49.6983],[8.1038,49.6929],[8.1185,49.6812],[8.1713,49.6931],[8.1858,49.7001],[8.1486,49.6974],[8.1444,49.7034],[8.133,49.7059]]]},"properties":{"AGS":"07331024","GEN":"Flomborn","SN_L":"07"}},
{"type":"Feature","geometry":{"type":"Polygon","coordinates":[[[8.0688,49.7977],[8.0613,49.7965],[8.0309,49.8086],[8.0267,49.8145],[8.0198,49.8132],[8.0142,49.8091],[8.0177,49.8052],[7.9956,49.7829],[8.0137,49.769],[8.0203,49.7742],[8.0491,49.7694],[8.0489,49.7834],[8.0688,49.7977]]]},"properties":{"AGS":"07331025","GEN":"Flonheim","SN_L":"07"}},
{"type":"Feature","geometry":{"type":"Polygon","coordinates":[[[8.1571,49.7753],[8.1489,49.7666],[8.1617,49.7521],[8.1867,49.7428],[8.2038,49.7445],[8.2151,49.7559],[8.2006,49.761],[8.1907,49.7706],[8.1806,49.7649],[8.1571,49.7753]]]},"properties":{"AGS":"07331026","GEN":"Framersheim","SN_L":"07"}},
{"type":"Feature","geometry":{"type":"Polygon","coordinates":[[[8.0726,49.7215],[8.0512,49.7021],[8.0571,49.6993],[8.1024,49.6983],[8.1014,49.7048],[8.08,49.7203],[8.0726,49.7215]]]},"properties":{"AGS":"07331027","GEN":"Freimersheim","SN_L":"07"}},
{"type":"Feature","geometry":{"type":"Polygon","coordinates":[[[8.2038,49.7445],[8.1867,49.7428],[8.1617,49.7521],[8.1653,49.7266],[8.1707,49.7278],[8.1865,49.7327],[8.2079,49.738],[8.2038,49.7445]]]},"properties":{"AGS":"07331031","GEN":"Gau-Heppenheim","SN_L":"07"}},
{"type":"Feature","geometry":{"type":"Polygon","coordinates":[[[8.2286,49.8029],[8.196,49.7915],[8.1837,49.7985],[8.1573,49.7863],[8.1571,49.7753],[8.1806,49.7649],[8.1907,49.7706],[8.2006,49.761],[8.2151,49.7559],[8.2294,49.7591],[8.2337,49.7685],[8.2327,49.7889],[8.2286,49.8029]]]},"properties":{"AGS":"07331032","GEN":"Gau-Odernheim","SN_L":"07"}},
{"type":"Feature","geometry":{"type":"Polygon","coordinates":[[[8.1536,49.7219],[8.1354,49.7316],[8.116,49.7259],[8.1061,49.7286],[8.1152,49.7155],[8.1294,49.7206],[8.1413,49.7169],[8.1525,49.7213],[8.1536,49.7219]]]},"properties":{"AGS":"07331042","GEN":"Kettenheim","SN_L":"07"}},
{"type":"Feature","geometry":{"type":"Polygon","coordinates":[[[8.1001,49.7909],[8.0861,49.8018],[8.0807,49.7998],[8.0822,49.7958],[8.0662,49.7712],[8.0881,49.7723],[8.1001,49.7909]]]},"properties":{"AGS":"07331043","GEN":"Lonsheim","SN_L":"07"}},
{"type":"Feature","geometry":{"type":"Polygon","coordinates":[[[8.0512,49.7021],[8.0726,49.7215],[8.0526,49.7279],[8.0293,49.7201],[8.0185,49.7109],[8.0512,49.7021]]]},"properties":{"AGS":"07331044","GEN":"Mauchenheim","SN_L":"07"}},
{"type":"Feature","geometry":{"type":"Polygon","coordinates":[[[8.023,49.7387],[8.0145,49.7516],[8.0015,49.7597],[7.9782,49.7437],[7.984,49.7355],[7.9987,49.7348],[8.0165,49.7363],[8.023,49.7387]]]},"properties":{"AGS":"07331050","GEN":"Nack","SN_L":"07"}},
{"type":"Feature","geometry":{"type":"Polygon","coordinates":[[[7.9987,49.7348],[7.984,49.7355],[7.9782,49.7437],[7.9637,49.741],[7.9535,49.7305],[7.9759,49.7179],[7.9882,49.7222],[7.9987,49.7348]]]},"properties":{"AGS":"07331051","GEN":"Nieder-Wiesen","SN_L":"07"}},
{"type":"Feature","geometry":{"type":"Polygon","coordinates":[[[8.1853,49.6729],[8.1713,49.6931],[8.1185,49.6812],[8.1209,49.6707],[8.1324,49.6735],[8.1457,49.661],[8.1502,49.6612],[8.1735,49.6668],[8.1853,49.6729]]]},"properties":{"AGS":"07331052","GEN":"Ober-Flörsheim","SN_L":"07"}},
{"type":"Feature","geometry":{"type":"Polygon","coordinates":[[[8.0185,49.7109],[8.0293,49.7201],[8.0526,49.7279],[8.0404,49.744],[8.023,49.7387],[8.0165,49.7363],[8.0215,49.7279],[8.0039,49.7216],[7.9882,49.7222],[7.9759,49.7179],[7.9639,49.7131],[7.9603,49.7017],[7.9862,49.6968],[8.0029,49.7035],[8.0185,49.7109]]]},"properties":{"AGS":"07331053","GEN":"Offenheim","SN_L":"07"}},
{"type":"Feature","geometry":{"type":"Polygon","coordinates":[[[8.1061,49.7286],[8.08,49.7203],[8.1014,49.7048],[8.1152,49.7155],[8.1061,49.7286]]]},"properties":{"AGS":"07331067","GEN":"Wahlheim","SN_L":"07"}},
{"type":"Feature","geometry":{"type":"Polygon","coordinates":[[[8.3545,49.7818],[8.3156,49.7842],[8.3124,49.7832],[8.3008,49.7708],[8.2873,49.7491],[8.2865,49.7462],[8.322,49.7492],[8.3502,49.7443],[8.3509,49.7716],[8.3545,49.7818]]]},"properties":{"AGS":"07331002","GEN":"Alsheim","SN_L":"07"}},
{"type":"Feature","geometry":{"type":"Polygon","coordinates":[[[8.4176,49.7725],[8.3846,49.7641],[8.3764,49.7522],[8.3536,49.7441],[8.3523,49.7326],[8.3524,49.7305],[8.3696,49.7303],[8.3995,49.7367],[8.4078,49.7347],[8.4299,49.7365],[8.4338,49.746],[8.4467,49.7496],[8.4581,49.7606],[8.4431,49.7657],[8.4176,49.7725]]]},"properties":{"AGS":"07331018","GEN":"Eich","SN_L":"07"}},
{"type":"Feature","geometry":{"type":"Polygon","coordinates":[[[8.4131,49.7839],[8.4001,49.8037],[8.3746,49.7977],[8.3545,49.7818],[8.3509,49.7716],[8.3502,49.7443],[8.3536,49.7441],[8.3764,49.7522],[8.3846,49.7641],[8.4176,49.7725],[8.4131,49.7839]]]},"properties":{"AGS":"07331034","GEN":"Gimbsheim","SN_L":"07"}},
{"type":"Feature","geometry":{"type":"Polygon","coordinates":[[[8.4484,49.7337],[8.4774,49.7572],[8.4735,49.7685],[8.4431,49.7657],[8.4581,49.7606],[8.4467,49.7496],[8.4338,49.746],[8.4299,49.7365],[8.4078,49.7347],[8.4225,49.7262],[8.4464,49.7308],[8.4484,49.7337]]]},"properties":{"AGS":"07331038","GEN":"Hamm am Rhein","SN_L":"07"}},
{"type":"Feature","geometry":{"type":"Polygon","coordinates":[[[8.3502,49.7443],[8.322,49.7492],[8.2865,49.7462],[8.2875,49.7401],[8.3041,49.7403],[8.3154,49.7335],[8.3523,49.7326],[8.3536,49.7441],[8.3502,49.7443]]]},"properties":{"AGS":"07331045","GEN":"Mettenheim","SN_L":"07"}},
{"type":"Feature","geometry":{"type":"Polygon","coordinates":[[[8.2327,49.6657],[8.2247,49.6761],[8.2062,49.6763],[8.1853,49.6729],[8.1735,49.6668],[8.1874,49.6441],[8.2364,49.6469],[8.2327,49.6657]]]},"properties":{"AGS":"07331023","GEN":"Flörsheim-Dalsheim","SN_L":"07"}},
{"type":"Feature","geometry":{"type":"Polygon","coordinates":[[[8.2444,49.6171],[8.2385,49.6277],[8.2065,49.6212],[8.2189,49.61],[8.2444,49.6171]]]},"properties":{"AGS":"07331041","GEN":"Hohen-Sülzen","SN_L":"07"}},
{"type":"Feature","geometry":{"type":"Polygon","coordinates":[[[8.1874,49.6441],[8.1735,49.6668],[8.1502,49.6612],[8.1612,49.6422],[8.1784,49.6416],[8.1874,49.6441]]]},"properties":{"AGS":"07331046","GEN":"Mölsheim","SN_L":"07"}},
{"type":"Feature","geometry":{"type":"Polygon","coordinates":[[[8.2415,49.647],[8.2452,49.6502],[8.2788,49.655],[8.2726,49.6686],[8.2614,49.6716],[8.2327,49.6657],[8.2364,49.6469],[8.2415,49.647]]]},"properties":{"AGS":"07331047","GEN":"Mörstadt","SN_L":"07"}},
{"type":"Feature","geometry":{"type":"Polygon","coordinates":[[[8.2415,49.647],[8.2364,49.6469],[8.1874,49.6441],[8.1784,49.6416],[8.1833,49.6289],[8.2065,49.6212],[8.2385,49.6277],[8.2415,49.647]]]},"properties":{"AGS":"07331048","GEN":"Monsheim","SN_L":"07"}},
{"type":"Feature","geometry":{"type":"Polygon","coordinates":[[[8.2562,49.5913],[8.2529,49.6181],[8.2444,49.6171],[8.2189,49.61],[8.223,49.6034],[8.233,49.5881],[8.2562,49.5913]]]},"properties":{"AGS":"07331054","GEN":"Offstein","SN_L":"07"}},
{"type":"Feature","geometry":{"type":"Polygon","coordinates":[[[8.1784,49.6416],[8.1612,49.6422],[8.1524,49.6269],[8.1671,49.6253],[8.1833,49.6289],[8.1784,49.6416]]]},"properties":{"AGS":"07331066","GEN":"Wachenheim","SN_L":"07"}},
{"type":"Feature","geometry":{"type":"Polygon","coordinates":[[[8.0142,49.8091],[7.981,49.8059],[7.9767,49.7924],[7.989,49.7799],[7.9956,49.7829],[8.0177,49.8052],[8.0142,49.8091]]]},"properties":{"AGS":"07331017","GEN":"Eckelsheim","SN_L":"07"}},
{"type":"Feature","geometry":{"type":"Polygon","coordinates":[[[8.0156,49.8523],[7.9938,49.8444],[7.9929,49.8344],[8.0114,49.8209],[8.0159,49.8177],[8.043,49.8289],[8.0368,49.8384],[8.0333,49.848],[8.0282,49.8503],[8.0156,49.8523]]]},"properties":{"AGS":"07331030","GEN":"Gau-Bickelheim","SN_L":"07"}},
{"type":"Feature","geometry":{"type":"Polygon","coordinates":[[[8.0159,49.8177],[8.0114,49.8209],[7.9795,49.8152],[7.9768,49.8087],[7.981,49.8059],[8.0142,49.8091],[8.0198,49.8132],[8.0159,49.8177]]]},"properties":{"AGS":"07331035","GEN":"Gumbsheim","SN_L":"07"}},
{"type":"Feature","geometry":{"type":"Polygon","coordinates":[[[7.9767,49.7924],[7.981,49.8059],[7.9768,49.8087],[7.9328,49.8004],[7.9323,49.7805],[7.9436,49.7877],[7.9767,49.7924]]]},"properties":{"AGS":"07331060","GEN":"Siefersheim","SN_L":"07"}},
{"type":"Feature","geometry":{"type":"Polygon","coordinates":[[[7.9739,49.7714],[7.9606,49.7774],[7.9441,49.7754],[7.9346,49.768],[7.9329,49.7666],[7.9233,49.7537],[7.93,49.7498],[7.9486,49.7558],[7.9645,49.7622],[7.9739,49.7714]]]},"properties":{"AGS":"07331062","GEN":"Stein-Bockenheim","SN_L":"07"}},
{"type":"Feature","geometry":{"type":"Polygon","coordinates":[[[7.9782,49.7437],[8.0015,49.7597],[8.0137,49.769],[7.9956,49.7829],[7.989,49.7799],[7.9739,49.7714],[7.9645,49.7622],[7.9486,49.7558],[7.9487,49.7459],[7.9354,49.7386],[7.9414,49.7313],[7.9535,49.7305],[7.9637,49.741],[7.9782,49.7437]]]},"properties":{"AGS":"07331070","GEN":"Wendelsheim","SN_L":"07"}},
{"type":"Feature","geometry":{"type":"Polygon","coordinates":[[[7.9929,49.8344],[7.9636,49.8331],[7.9416,49.8239],[7.9276,49.8114],[7.925,49.8035],[7.9328,49.8004],[7.9768,49.8087],[7.9795,49.8152],[8.0114,49.8209],[7.9929,49.8344]]]},"properties":{"AGS":"07331072","GEN":"Wöllstein","SN_L":"07"}},
{"type":"Feature","geometry":{"type":"MultiPolygon","coordinates":[[[[7.93,49.7498],[7.9233,49.7537],[7.9329,49.7666],[7.9206,49.7639],[7.9148,49.7581],[7.9054,49.7523],[7.9175,49.7433],[7.93,49.7498]]],[[[7.989,49.7799],[7.9767,49.7924],[7.9436,49.7877],[7.9323,49.7805],[7.9288,49.7762],[7.9346,49.768],[7.9441,49.7754],[7.9606,49.7774],[7.9739,49.7714],[7.989,49.7799]]]]},"properties":{"AGS":"07331075","GEN":"Wonsheim","SN_L":"07"}},
{"type":"Feature","geometry":{"type":"Polygon","coordinates":[[[8.0267,49.8145],[8.0309,49.8086],[8.0613,49.7965],[8.0688,49.7977],[8.0807,49.7998],[8.0861,49.8018],[8.0994,49.8101],[8.075,49.8272],[8.0727,49.8291],[8.0543,49.8262],[8.0472,49.8185],[8.0267,49.8145]]]},"properties":{"AGS":"07331004","GEN":"Armsheim","SN_L":"07"}},
{"type":"Feature","geometry":{"type":"Polygon","coordinates":[[[8.1147,49.7936],[8.1206,49.8054],[8.1113,49.8142],[8.0994,49.8101],[8.0861,49.8018],[8.1001,49.7909],[8.1147,49.7936]]]},"properties":{"AGS":"07331019","GEN":"Ensheim","SN_L":"07"}},
{"type":"Feature","geometry":{"type":"Polygon","coordinates":[[[8.1953,49.8234],[8.1899,49.8385],[8.1486,49.8362],[8.1461,49.8248],[8.1569,49.81],[8.1736,49.8151],[8.1953,49.8234]]]},"properties":{"AGS":"07331029","GEN":"Gabsheim","SN_L":"07"}},
{"type":"Feature","geometry":{"type":"Polygon","coordinates":[[[8.0368,49.8384],[8.0535,49.8437],[8.0626,49.8532],[8.0456,49.8607],[8.0442,49.863],[8.0293,49.857],[8.0306,49.853],[8.0333,49.848],[8.0368,49.8384]]]},"properties":{"AGS":"07331033","GEN":"Gau-Weinheim","SN_L":"07"}},
{"type":"Feature","geometry":{"type":"Polygon","coordinates":[[[8.1207,49.8968],[8.1189,49.8994],[8.0917,49.889],[8.0504,49.8849],[8.0649,49.8713],[8.0925,49.8702],[8.107,49.8748],[8.1207,49.8968]]]},"properties":{"AGS":"07331056","GEN":"Partenheim","SN_L":"07"}},
{"type":"Feature","geometry":{"type":"Polygon","coordinates":[[[8.1769,49.9],[8.16,49.8936],[8.1277,49.8907],[8.1207,49.8968],[8.107,49.8748],[8.0925,49.8702],[8.0948,49.8667],[8.1257,49.8595],[8.1434,49.8461],[8.1514,49.8526],[8.1845,49.8879],[8.1769,49.9]]]},"properties":{"AGS":"07331058","GEN":"Saulheim","SN_L":"07"}},
{"type":"Feature","geometry":{"type":"Polygon","coordinates":[[[8.2129,49.8523],[8.2032,49.8598],[8.1514,49.8526],[8.1434,49.8461],[8.1486,49.8362],[8.1899,49.8385],[8.2129,49.8523]]]},"properties":{"AGS":"07331059","GEN":"Schornsheim","SN_L":"07"}},
{"type":"Feature","geometry":{"type":"Polygon","coordinates":[[[8.1461,49.8248],[8.1129,49.8209],[8.1113,49.8142],[8.1206,49.8054],[8.1147,49.7936],[8.1164,49.7906],[8.1348,49.7938],[8.1417,49.8046],[8.1569,49.81],[8.1461,49.8248]]]},"properties":{"AGS":"07331061","GEN":"Spiesheim","SN_L":"07"}},
{"type":"Feature","geometry":{"type":"Polygon","coordinates":[[[8.0883,49.8601],[8.0689,49.8522],[8.0767,49.8417],[8.0727,49.8291],[8.075,49.8272],[8.0908,49.8303],[8.106,49.8432],[8.1014,49.8565],[8.0883,49.8601]]]},"properties":{"AGS":"07331063","GEN":"Sulzheim","SN_L":"07"}},
{"type":"Feature","geometry":{"type":"Polygon","coordinates":[[[8.2043,49.868],[8.1932,49.8796],[8.1845,49.8879],[8.1514,49.8526],[8.2032,49.8598],[8.2043,49.868]]]},"properties":{"AGS":"07331064","GEN":"Udenheim","SN_L":"07"}},
{"type":"Feature","geometry":{"type":"Polygon","coordinates":[[[8.0925,49.8702],[8.0649,49.8713],[8.0442,49.863],[8.0456,49.8607],[8.0548,49.8623],[8.0689,49.8522],[8.0883,49.8601],[8.0948,49.8667],[8.0925,49.8702]]]},"properties":{"AGS":"07331065","GEN":"Vendersheim","SN_L":"07"}},
{"type":"Feature","geometry":{"type":"MultiPolygon","coordinates":[[[[8.0333,49.848],[8.0306,49.853],[8.0282,49.8503],[8.0333,49.848]]],[[[8.0727,49.8291],[8.0767,49.8417],[8.0689,49.8522],[8.0548,49.8623],[8.0456,49.8607],[8.0626,49.8532],[8.0535,49.8437],[8.0368,49.8384],[8.043,49.8289],[8.0159,49.8177],[8.0198,49.8132],[8.0267,49.8145],[8.0472,49.8185],[8.0543,49.8262],[8.0727,49.8291]]]]},"properties":{"AGS":"07331068","GEN":"Wallertheim","SN_L":"07"}},
{"type":"Feature","geometry":{"type":"Polygon","coordinates":[[[8.0948,49.8667],[8.0883,49.8601],[8.1014,49.8565],[8.106,49.8432],[8.0908,49.8303],[8.075,49.8272],[8.0994,49.8101],[8.1113,49.8142],[8.1129,49.8209],[8.1461,49.8248],[8.1486,49.8362],[8.1434,49.8461],[8.1257,49.8595],[8.0948,49.8667]]]},"properties":{"AGS":"07331073","GEN":"Wörrstadt","SN_L":"07"}},
{"type":"Feature","geometry":{"type":"Polygon","coordinates":[[[8.3523,49.7326],[8.3154,49.7335],[8.3041,49.7403],[8.2875,49.7401],[8.2707,49.7391],[8.2471,49.7292],[8.2516,49.7204],[8.2762,49.7144],[8.3274,49.7226],[8.3519,49.7243],[8.3524,49.7305],[8.3523,49.7326]]]},"properties":{"AGS":"07331006","GEN":"Bechtheim","SN_L":"07"}},
{"type":"Feature","geometry":{"type":"Polygon","coordinates":[[[8.2348,49.6862],[8.2211,49.6896],[8.2023,49.6822],[8.2062,49.6763],[8.2247,49.6761],[8.2348,49.6862]]]},"properties":{"AGS":"07331009","GEN":"Bermersheim","SN_L":"07"}},
{"type":"Feature","geometry":{"type":"Polygon","coordinates":[[[8.2079,49.738],[8.1865,49.7327],[8.19,49.7231],[8.2095,49.7139],[8.2159,49.715],[8.2162,49.733],[8.2079,49.738]]]},"properties":{"AGS":"07331011","GEN":"Hochborn","SN_L":"07"}},
{"type":"Feature","geometry":{"type":"Polygon","coordinates":[[[8.2873,49.7491],[8.2722,49.7596],[8.2605,49.7611],[8.2325,49.7543],[8.2294,49.7591],[8.2151,49.7559],[8.2038,49.7445],[8.2079,49.738],[8.2162,49.733],[8.2372,49.7335],[8.2471,49.7292],[8.2707,49.7391],[8.2875,49.7401],[8.2865,49.7462],[8.2873,49.7491]]]},"properties":{"AGS":"07331015","GEN":"Dittelsheim-Heßloch","SN_L":"07"}},
{"type":"Feature","geometry":{"type":"Polygon","coordinates":[[[8.254,49.7677],[8.2337,49.7685],[8.2294,49.7591],[8.2325,49.7543],[8.2605,49.7611],[8.254,49.7677]]]},"properties":{"AGS":"07331028","GEN":"Frettenheim","SN_L":"07"}},
{"type":"Feature","geometry":{"type":"Polygon","coordinates":[[[8.2062,49.6763],[8.2023,49.6822],[8.2211,49.6896],[8.2104,49.7115],[8.1858,49.7001],[8.1713,49.6931],[8.1853,49.6729],[8.2062,49.6763]]]},"properties":{"AGS":"07331036","GEN":"Gundersheim","SN_L":"07"}},
{"type":"Feature","geometry":{"type":"Polygon","coordinates":[[[8.2614,49.6716],[8.2576,49.6887],[8.2348,49.6862],[8.2247,49.6761],[8.2327,49.6657],[8.2614,49.6716]]]},"properties":{"AGS":"07331037","GEN":"Gundheim","SN_L":"07"}},
{"type":"Feature","geometry":{"type":"Polygon","coordinates":[[[8.2095,49.7139],[8.19,49.7231],[8.1865,49.7327],[8.1707,49.7278],[8.1858,49.7001],[8.2104,49.7115],[8.2095,49.7139]]]},"properties":{"AGS":"07331039","GEN":"Hangen-Weisheim","SN_L":"07"}},
{"type":"Feature","geometry":{"type":"Polygon","coordinates":[[[8.2471,49.7292],[8.2372,49.7335],[8.2162,49.733],[8.2159,49.715],[8.2516,49.7204],[8.2471,49.7292]]]},"properties":{"AGS":"07331049","GEN":"Monzernheim","SN_L":"07"}},
{"type":"Feature","geometry":{"type":"Polygon","coordinates":[[[8.2797,49.692],[8.3092,49.6841],[8.3428,49.6827],[8.3499,49.6955],[8.3468,49.711],[8.3519,49.7243],[8.3274,49.7226],[8.2762,49.7144],[8.2797,49.692]]]},"properties":{"AGS":"07331055","GEN":"Osthofen","SN_L":"07"}},
{"type":"Feature","geometry":{"type":"Polygon","coordinates":[[[8.2762,49.7144],[8.2516,49.7204],[8.2159,49.715],[8.2095,49.7139],[8.2104,49.7115],[8.2211,49.6896],[8.2348,49.6862],[8.2576,49.6887],[8.2797,49.692],[8.2762,49.7144]]]},"properties":{"AGS":"07331071","GEN":"Westhofen","SN_L":"07"}},
{"type":"Feature","geometry":{"type":"Polygon","coordinates":[[[8.1687,49.5008],[8.1651,49.5042],[8.1256,49.4977],[8.123,49.4882],[8.122,49.4847],[8.1253,49.4786],[8.1233,49.4723],[8.0971,49.4842],[8.0924,49.4722],[8.0726,49.4658],[8.0725,49.4777],[8.0678,49.4753],[8.0666,49.4729],[8.064,49.4531],[8.0397,49.4605],[8.0376,49.4643],[8.0244,49.461],[8.0191,49.4635],[8.0052,49.4727],[7.9951,49.4861],[7.9523,49.4741],[7.9513,49.4612],[7.9664,49.4417],[7.9817,49.4413],[7.9827,49.4296],[8.026,49.3995],[8.037,49.4056],[8.0598,49.4042],[8.0799,49.4177],[8.1004,49.4185],[8.1337,49.4459],[8.1543,49.4457],[8.1716,49.4518],[8.2088,49.4585],[8.228,49.4666],[8.234,49.4688],[8.2544,49.4775],[8.2394,49.4889],[8.2132,49.4804],[8.2032,49.4949],[8.1942,49.4944],[8.1554,49.4754],[8.1687,49.5008]]]},"properties":{"AGS":"07332002","GEN":"Bad Dürkheim","SN_L":"07"}},
{"type":"Feature","geometry":{"type":"MultiPolygon","coordinates":[[[[8.038,49.4915],[8.0513,49.4964],[8.0483,49.4994],[8.038,49.4915]]],[[[8.0118,49.477],[8.0218,49.4721],[8.0296,49.4809],[8.0243,49.4864],[8.0118,49.477]]],[[[8.0118,49.477],[8.0061,49.4855],[8.0039,49.4893],[7.9951,49.4861],[8.0052,49.4727],[8.0118,49.477]]],[[[8.1414,49.5913],[8.1406,49.5816],[8.1447,49.5662],[8.1264,49.5637],[8.1234,49.5632],[8.1251,49.553],[8.127,49.5518],[8.1389,49.5566],[8.152,49.5437],[8.1707,49.5459],[8.1686,49.5523],[8.1994,49.5568],[8.1967,49.5733],[8.173,49.5735],[8.1564,49.5963],[8.1414,49.5913]]]]},"properties":{"AGS":"07332024","GEN":"Grünstadt","SN_L":"07"}},
{"type":"Feature","geometry":{"type":"Polygon","coordinates":[[[8.3174,49.3161],[8.304,49.3499],[8.2929,49.3658],[8.295,49.3735],[8.2795,49.3891],[8.2696,49.3891],[8.2234,49.3798],[8.2177,49.3475],[8.2274,49.3469],[8.2267,49.3329],[8.2552,49.323],[8.3144,49.3115],[8.3174,49.3161]]]},"properties":{"AGS":"07332025","GEN":"Haßloch","SN_L":"07"}},
{"type":"Feature","geometry":{"type":"Polygon","coordinates":[[[8.2343,49.4374],[8.2094,49.4373],[8.1945,49.4194],[8.1733,49.4245],[8.1499,49.4203],[8.1273,49.4156],[8.1042,49.4033],[8.0671,49.3987],[8.0525,49.3863],[8.0519,49.3784],[8.0536,49.377],[8.0802,49.3807],[8.0827,49.3892],[8.1004,49.3922],[8.1231,49.3812],[8.1371,49.3887],[8.1329,49.4009],[8.1543,49.3997],[8.1758,49.4037],[8.2116,49.4041],[8.2128,49.4042],[8.2056,49.4177],[8.2333,49.43],[8.2343,49.4374]]]},"properties":{"AGS":"07332009","GEN":"Deidesheim","SN_L":"07"}},
{"type":"Feature","geometry":{"type":"Polygon","coordinates":[[[8.1499,49.4203],[8.1733,49.4245],[8.1945,49.4194],[8.2094,49.4373],[8.2069,49.4377],[8.174,49.4306],[8.1499,49.4203]]]},"properties":{"AGS":"07332017","GEN":"Forst an der Weinstraße","SN_L":"07"}},
{"type":"Feature","geometry":{"type":"Polygon","coordinates":[[[8.2579,49.4209],[8.2378,49.4183],[8.2128,49.4042],[8.2116,49.4041],[8.2164,49.3895],[8.1988,49.3855],[8.2087,49.3783],[8.2234,49.3798],[8.2696,49.3891],[8.2697,49.3948],[8.2579,49.4209]]]},"properties":{"AGS":"07332035","GEN":"Meckenheim","SN_L":"07"}},
{"type":"Feature","geometry":{"type":"Polygon","coordinates":[[[8.2378,49.4183],[8.2333,49.43],[8.2056,49.4177],[8.2128,49.4042],[8.2378,49.4183]]]},"properties":{"AGS":"07332039","GEN":"Niederkirchen bei Deidesheim","SN_L":"07"}},
{"type":"Feature","geometry":{"type":"Polygon","coordinates":[[[8.2116,49.4041],[8.1758,49.4037],[8.1543,49.3997],[8.1329,49.4009],[8.1481,49.3919],[8.1818,49.39],[8.1988,49.3855],[8.2164,49.3895],[8.2116,49.4041]]]},"properties":{"AGS":"07332043","GEN":"Ruppertsberg","SN_L":"07"}},
{"type":"Feature","geometry":{"type":"MultiPolygon","coordinates":[[[[8.04,49.4726],[8.0191,49.4635],[8.0244,49.461],[8.04,49.4726]]],[[[8.1669,49.5291],[8.1482,49.5307],[8.1195,49.5108],[8.0991,49.507],[8.0843,49.4947],[8.1007,49.4955],[8.1406,49.5174],[8.1664,49.5268],[8.1669,49.5291]]]]},"properties":{"AGS":"07332005","GEN":"Bobenheim am Berg","SN_L":"07"}},
{"type":"Feature","geometry":{"type":"MultiPolygon","coordinates":[[[[8.0678,49.4753],[8.0502,49.4749],[8.0469,49.4738],[8.0461,49.4706],[8.0632,49.4723],[8.0666,49.4729],[8.0678,49.4753]]],[[[8.198,49.5291],[8.1687,49.5261],[8.1753,49.514],[8.1912,49.5165],[8.1996,49.5242],[8.198,49.5291]]]]},"properties":{"AGS":"07332008","GEN":"Dackenheim","SN_L":"07"}},
{"type":"Feature","geometry":{"type":"Polygon","coordinates":[[[8.2032,49.4949],[8.2132,49.4804],[8.2394,49.4889],[8.2388,49.4921],[8.2363,49.4989],[8.2032,49.4949]]]},"properties":{"AGS":"07332015","GEN":"Erpolzheim","SN_L":"07"}},
{"type":"Feature","geometry":{"type":"MultiPolygon","coordinates":[[[[8.122,49.4847],[8.1053,49.4856],[8.1046,49.4938],[8.0822,49.4824],[8.0725,49.4777],[8.0726,49.4658],[8.0924,49.4722],[8.0971,49.4842],[8.1165,49.4772],[8.1253,49.4786],[8.122,49.4847]]],[[[8.2141,49.5236],[8.1996,49.5242],[8.1912,49.5165],[8.1945,49.5046],[8.1867,49.4999],[8.1942,49.4944],[8.2032,49.4949],[8.2363,49.4989],[8.2367,49.5107],[8.23,49.5255],[8.2141,49.5236]]]]},"properties":{"AGS":"07332019","GEN":"Freinsheim","SN_L":"07"}},
{"type":"Feature","geometry":{"type":"MultiPolygon","coordinates":[[[[8.1256,49.4977],[8.1158,49.4971],[8.123,49.4882],[8.1256,49.4977]]],[[[8.0632,49.4723],[8.0461,49.4706],[8.0376,49.4643],[8.0397,49.4605],[8.0536,49.4661],[8.0632,49.4723]]],[[[8.1912,49.5165],[8.1753,49.514],[8.1651,49.5042],[8.1687,49.5008],[8.1867,49.4999],[8.1945,49.5046],[8.1912,49.5165]]]]},"properties":{"AGS":"07332026","GEN":"Herxheim am Berg","SN_L":"07"}},
{"type":"Feature","geometry":{"type":"MultiPolygon","coordinates":[[[[8.064,49.4531],[8.0536,49.4661],[8.0397,49.4605],[8.064,49.4531]]],[[[8.1253,49.4786],[8.1165,49.4772],[8.0971,49.4842],[8.1233,49.4723],[8.1253,49.4786]]],[[[8.1867,49.4999],[8.1687,49.5008],[8.1554,49.4754],[8.1942,49.4944],[8.1867,49.4999]]]]},"properties":{"AGS":"07332028","GEN":"Kallstadt","SN_L":"07"}},
{"type":"Feature","geometry":{"type":"MultiPolygon","coordinates":[[[[8.0244,49.461],[8.0376,49.4643],[8.0461,49.4706],[8.0469,49.4738],[8.04,49.4726],[8.0244,49.461]]],[[[8.1753,49.514],[8.1687,49.5261],[8.1664,49.5268],[8.1406,49.5174],[8.1007,49.4955],[8.0843,49.4947],[8.0822,49.4824],[8.1046,49.4938],[8.1158,49.4971],[8.1256,49.4977],[8.1651,49.5042],[8.1753,49.514]]]]},"properties":{"AGS":"07332049","GEN":"Weisenheim am Berg","SN_L":"07"}},
{"type":"Feature","geometry":{"type":"MultiPolygon","coordinates":[[[[8.122,49.4847],[8.123,49.4882],[8.1158,49.4971],[8.1046,49.4938],[8.1053,49.4856],[8.122,49.4847]]],[[[8.064,49.4531],[8.0666,49.4729],[8.0632,49.4723],[8.0536,49.4661],[8.064,49.4531]]],[[[8.2564,49.5335],[8.239,49.5337],[8.23,49.5255],[8.2367,49.5107],[8.2363,49.4989],[8.2388,49.4921],[8.2706,49.4981],[8.266,49.5284],[8.2564,49.5335]]]]},"properties":{"AGS":"07332050","GEN":"Weisenheim am Sand","SN_L":"07"}},
{"type":"Feature","geometry":{"type":"Polygon","coordinates":[[[7.9841,49.3424],[7.9875,49.3485],[7.9686,49.3819],[7.9761,49.3949],[7.9634,49.4005],[7.9427,49.3881],[7.9231,49.3933],[7.906,49.3881],[7.8963,49.3792],[7.8839,49.38],[7.8571,49.3735],[7.8488,49.3622],[7.8405,49.3589],[7.8342,49.3559],[7.8246,49.3348],[7.832,49.3238],[7.8553,49.3331],[7.8677,49.3133],[7.8931,49.3117],[7.9133,49.3164],[7.9367,49.309],[7.9393,49.32],[7.962,49.3252],[7.9772,49.3334],[7.9815,49.3339],[7.9841,49.3424]]]},"properties":{"AGS":"07332014","GEN":"Elmstein","SN_L":"07"}},
{"type":"Feature","geometry":{"type":"Polygon","coordinates":[[[7.9761,49.3949],[7.9686,49.3819],[7.9875,49.3485],[7.9841,49.3424],[7.9996,49.3438],[8.0255,49.3556],[8.0367,49.3678],[8.0195,49.3792],[7.9945,49.3864],[7.9849,49.393],[7.9761,49.3949]]]},"properties":{"AGS":"07332016","GEN":"Esthal","SN_L":"07"}},
{"type":"Feature","geometry":{"type":"Polygon","coordinates":[[[8.0124,49.3894],[7.9849,49.393],[7.9945,49.3864],[8.0195,49.3792],[8.0367,49.3678],[8.0536,49.377],[8.0519,49.3784],[8.0323,49.3862],[8.0124,49.3894]]]},"properties":{"AGS":"07332018","GEN":"Frankeneck","SN_L":"07"}},
{"type":"Feature","geometry":{"type":"Polygon","coordinates":[[[8.0802,49.3807],[8.0536,49.377],[8.0367,49.3678],[8.0255,49.3556],[8.0502,49.353],[8.0807,49.3626],[8.0884,49.3712],[8.0802,49.3807]]]},"properties":{"AGS":"07332032","GEN":"Lambrecht (Pfalz)","SN_L":"07"}},
{"type":"Feature","geometry":{"type":"Polygon","coordinates":[[[8.0807,49.3626],[8.1035,49.3649],[8.0974,49.3724],[8.1004,49.3922],[8.0827,49.3892],[8.0802,49.3807],[8.0884,49.3712],[8.0807,49.3626]]]},"properties":{"AGS":"07332034","GEN":"Lindenberg","SN_L":"07"}},
{"type":"Feature","geometry":{"type":"Polygon","coordinates":[[[8.0598,49.4042],[8.037,49.4056],[8.026,49.3995],[8.0124,49.3894],[8.0323,49.3862],[8.0519,49.3784],[8.0525,49.3863],[8.0671,49.3987],[8.0598,49.4042]]]},"properties":{"AGS":"07332037","GEN":"Neidenfels","SN_L":"07"}},
{"type":"Feature","geometry":{"type":"Polygon","coordinates":[[[8.026,49.3995],[7.9827,49.4296],[7.9637,49.4235],[7.9506,49.4131],[7.9634,49.4005],[7.9761,49.3949],[7.9849,49.393],[8.0124,49.3894],[8.026,49.3995]]]},"properties":{"AGS":"07332048","GEN":"Weidenthal","SN_L":"07"}},
{"type":"Feature","geometry":{"type":"Polygon","coordinates":[[[8.2759,49.4568],[8.2712,49.4788],[8.2544,49.4775],[8.234,49.4688],[8.2339,49.462],[8.2611,49.4533],[8.2759,49.4568]]]},"properties":{"AGS":"07332013","GEN":"Ellerstadt","SN_L":"07"}},
{"type":"Feature","geometry":{"type":"Polygon","coordinates":[[[8.2358,49.4396],[8.2315,49.4412],[8.228,49.4666],[8.2088,49.4585],[8.2069,49.4377],[8.2094,49.4373],[8.2343,49.4374],[8.2358,49.4396]]]},"properties":{"AGS":"07332020","GEN":"Friedelsheim","SN_L":"07"}},
{"type":"Feature","geometry":{"type":"Polygon","coordinates":[[[8.2759,49.4568],[8.2611,49.4533],[8.2339,49.462],[8.234,49.4688],[8.228,49.4666],[8.2315,49.4412],[8.2358,49.4396],[8.2806,49.4467],[8.2837,49.4469],[8.2759,49.4568]]]},"properties":{"AGS":"07332022","GEN":"Gönnheim","SN_L":"07"}},
{"type":"Feature","geometry":{"type":"Polygon","coordinates":[[[8.2088,49.4585],[8.1716,49.4518],[8.1543,49.4457],[8.1337,49.4459],[8.1004,49.4185],[8.0799,49.4177],[8.0598,49.4042],[8.0671,49.3987],[8.1042,49.4033],[8.1273,49.4156],[8.1499,49.4203],[8.174,49.4306],[8.2069,49.4377],[8.2088,49.4585]]]},"properties":{"AGS":"07332046","GEN":"Wachenheim an der Weinstraße","SN_L":"07"}},
{"type":"Feature","geometry":{"type":"Polygon","coordinates":[[[8.0991,49.507],[8.1068,49.5199],[8.0919,49.514],[8.0816,49.5191],[8.0698,49.5144],[8.0483,49.4994],[8.0513,49.4964],[8.0498,49.4912],[8.0497,49.4903],[8.0502,49.4749],[8.0678,49.4753],[8.0725,49.4777],[8.0822,49.4824],[8.0843,49.4947],[8.0991,49.507]]]},"properties":{"AGS":"07332001","GEN":"Altleiningen","SN_L":"07"}},
{"type":"Feature","geometry":{"type":"Polygon","coordinates":[[[8.0991,49.507],[8.1195,49.5108],[8.1482,49.5307],[8.1416,49.5386],[8.1185,49.532],[8.1068,49.5199],[8.0991,49.507]]]},"properties":{"AGS":"07332003","GEN":"Battenberg (Pfalz)","SN_L":"07"}},
{"type":"Feature","geometry":{"type":"Polygon","coordinates":[[[8.2071,49.548],[8.1962,49.5404],[8.198,49.5291],[8.1996,49.5242],[8.2141,49.5236],[8.2071,49.548]]]},"properties":{"AGS":"07332004","GEN":"Bissersheim","SN_L":"07"}},
{"type":"Feature","geometry":{"type":"Polygon","coordinates":[[[8.1833,49.6289],[8.1671,49.6253],[8.1775,49.6109],[8.1395,49.5955],[8.1414,49.5913],[8.1564,49.5963],[8.1824,49.5929],[8.223,49.6034],[8.2189,49.61],[8.2065,49.6212],[8.1833,49.6289]]]},"properties":{"AGS":"07332006","GEN":"Bockenheim an der Weinstraße","SN_L":"07"}},
{"type":"Feature","geometry":{"type":"Polygon","coordinates":[[[8.0698,49.5144],[8.0492,49.5147],[8.0035,49.4937],[8.0039,49.4893],[8.0061,49.4855],[8.0243,49.4864],[8.0296,49.4809],[8.0497,49.4903],[8.0498,49.4912],[8.038,49.4915],[8.0483,49.4994],[8.0698,49.5144]]]},"properties":{"AGS":"07332007","GEN":"Carlsberg","SN_L":"07"}},
{"type":"Feature","geometry":{"type":"Polygon","coordinates":[[[8.2562,49.5913],[8.233,49.5881],[8.2201,49.5792],[8.2178,49.5606],[8.229,49.562],[8.2489,49.5532],[8.2825,49.558],[8.281,49.5868],[8.2562,49.5913]]]},"properties":{"AGS":"07332010","GEN":"Dirmstein","SN_L":"07"}},
{"type":"Feature","geometry":{"type":"Polygon","coordinates":[[[8.1234,49.5632],[8.1141,49.5676],[8.112,49.5835],[8.0895,49.5764],[8.0869,49.5672],[8.1014,49.554],[8.1251,49.553],[8.1234,49.5632]]]},"properties":{"AGS":"07332012","GEN":"Ebertsheim","SN_L":"07"}},
{"type":"Feature","geometry":{"type":"Polygon","coordinates":[[[8.2825,49.558],[8.2489,49.5532],[8.2562,49.5362],[8.2817,49.5428],[8.2806,49.5483],[8.2825,49.558]]]},"properties":{"AGS":"07332021","GEN":"Gerolsheim","SN_L":"07"}},
{"type":"Feature","geometry":{"type":"Polygon","coordinates":[[[8.239,49.5337],[8.2334,49.5462],[8.2109,49.5535],[8.2064,49.5531],[8.2071,49.548],[8.2141,49.5236],[8.23,49.5255],[8.239,49.5337]]]},"properties":{"AGS":"07332023","GEN":"Großkarlbach","SN_L":"07"}},
{"type":"Feature","geometry":{"type":"Polygon","coordinates":[[[8.0859,49.5468],[8.0631,49.5427],[8.0443,49.5241],[8.0623,49.5312],[8.0895,49.5281],[8.1011,49.5345],[8.0859,49.5468]]]},"properties":{"AGS":"07332027","GEN":"Hettenleidelheim","SN_L":"07"}},
{"type":"Feature","geometry":{"type":"Polygon","coordinates":[[[8.1524,49.6269],[8.1406,49.6197],[8.1361,49.6156],[8.129,49.6134],[8.1156,49.6047],[8.1212,49.5961],[8.1395,49.5955],[8.1775,49.6109],[8.1671,49.6253],[8.1524,49.6269]]]},"properties":{"AGS":"07332029","GEN":"Kindenheim","SN_L":"07"}},
{"type":"Feature","geometry":{"type":"MultiPolygon","coordinates":[[[[8.04,49.4726],[8.0469,49.4738],[8.0502,49.4749],[8.0497,49.4903],[8.0296,49.4809],[8.0218,49.4721],[8.0191,49.4635],[8.04,49.4726]]],[[[8.1994,49.5568],[8.1686,49.5523],[8.1707,49.5459],[8.1669,49.5291],[8.1664,49.5268],[8.1687,49.5261],[8.198,49.5291],[8.1962,49.5404],[8.2071,49.548],[8.2064,49.5531],[8.1994,49.5568]]]]},"properties":{"AGS":"07332030","GEN":"Kirchheim an der Weinstraße","SN_L":"07"}},
{"type":"Feature","geometry":{"type":"Polygon","coordinates":[[[8.1669,49.5291],[8.1707,49.5459],[8.152,49.5437],[8.1416,49.5386],[8.1482,49.5307],[8.1669,49.5291]]]},"properties":{"AGS":"07332031","GEN":"Kleinkarlbach","SN_L":"07"}},
{"type":"Feature","geometry":{"type":"Polygon","coordinates":[[[8.2489,49.5532],[8.229,49.562],[8.2178,49.5606],[8.2109,49.5535],[8.2334,49.5462],[8.239,49.5337],[8.2564,49.5335],[8.2562,49.5362],[8.2489,49.5532]]]},"properties":{"AGS":"07332033","GEN":"Laumersheim","SN_L":"07"}},
{"type":"Feature","geometry":{"type":"Polygon","coordinates":[[[8.1264,49.5637],[8.1447,49.5662],[8.1406,49.5816],[8.1311,49.5787],[8.1264,49.5637]]]},"properties":{"AGS":"07332036","GEN":"Mertesheim","SN_L":"07"}},
{"type":"Feature","geometry":{"type":"MultiPolygon","coordinates":[[[[8.038,49.4915],[8.0498,49.4912],[8.0513,49.4964],[8.038,49.4915]]],[[[8.0118,49.477],[8.0243,49.4864],[8.0061,49.4855],[8.0118,49.477]]],[[[8.0052,49.4727],[8.0191,49.4635],[8.0218,49.4721],[8.0118,49.477],[8.0052,49.4727]]],[[[8.152,49.5437],[8.1389,49.5566],[8.127,49.5518],[8.1217,49.5439],[8.1011,49.5345],[8.0895,49.5281],[8.0816,49.5191],[8.0919,49.514],[8.1068,49.5199],[8.1185,49.532],[8.1416,49.5386],[8.152,49.5437]]]]},"properties":{"AGS":"07332038","GEN":"Neuleiningen","SN_L":"07"}},
{"type":"Feature","geometry":{"type":"Polygon","coordinates":[[[8.2178,49.5606],[8.2201,49.5792],[8.1967,49.5733],[8.1994,49.5568],[8.2064,49.5531],[8.2109,49.5535],[8.2178,49.5606]]]},"properties":{"AGS":"07332040","GEN":"Obersülzen","SN_L":"07"}},
{"type":"Feature","geometry":{"type":"Polygon","coordinates":[[[8.233,49.5881],[8.223,49.6034],[8.1824,49.5929],[8.1564,49.5963],[8.173,49.5735],[8.1967,49.5733],[8.2201,49.5792],[8.233,49.5881]]]},"properties":{"AGS":"07332041","GEN":"Obrigheim (Pfalz)","SN_L":"07"}},
{"type":"Feature","geometry":{"type":"Polygon","coordinates":[[[8.1395,49.5955],[8.1212,49.5961],[8.1118,49.5921],[8.112,49.5835],[8.1141,49.5676],[8.1234,49.5632],[8.1264,49.5637],[8.1311,49.5787],[8.1406,49.5816],[8.1414,49.5913],[8.1395,49.5955]]]},"properties":{"AGS":"07332042","GEN":"Quirnheim","SN_L":"07"}},
{"type":"Feature","geometry":{"type":"Polygon","coordinates":[[[8.1011,49.5345],[8.1217,49.5439],[8.127,49.5518],[8.1251,49.553],[8.1014,49.554],[8.0859,49.5468],[8.1011,49.5345]]]},"properties":{"AGS":"07332044","GEN":"Tiefenthal","SN_L":"07"}},
{"type":"Feature","geometry":{"type":"Polygon","coordinates":[[[8.0895,49.5281],[8.0623,49.5312],[8.0443,49.5241],[8.0211,49.5137],[8.0088,49.4984],[7.9901,49.4928],[7.9641,49.4896],[7.9511,49.4844],[7.9523,49.4741],[7.9951,49.4861],[8.0039,49.4893],[8.0035,49.4937],[8.0492,49.5147],[8.0698,49.5144],[8.0816,49.5191],[8.0895,49.5281]]]},"properties":{"AGS":"07332047","GEN":"Wattenheim","SN_L":"07"}},
{"type":"Feature","geometry":{"type":"Polygon","coordinates":[[[8.1014,49.554],[8.0869,49.5672],[8.0579,49.5657],[8.0292,49.5553],[8.0078,49.5582],[7.9832,49.5502],[7.9904,49.5442],[8.0224,49.5468],[8.0376,49.5452],[8.0157,49.5208],[8.0211,49.5137],[8.0443,49.5241],[8.0631,49.5427],[8.0859,49.5468],[8.1014,49.554]]]},"properties":{"AGS":"07333019","GEN":"Eisenberg (Pfalz)","SN_L":"07"}},
{"type":"Feature","geometry":{"type":"Polygon","coordinates":[[[8.0794,49.5881],[8.0494,49.5849],[8.0335,49.5761],[7.9803,49.5634],[7.9725,49.5677],[7.9667,49.5572],[7.9724,49.5518],[7.9594,49.5431],[7.9578,49.5329],[7.9575,49.5297],[7.9718,49.5341],[7.9627,49.5443],[7.9832,49.5502],[8.0078,49.5582],[8.0292,49.5553],[8.0579,49.5657],[8.0869,49.5672],[8.0895,49.5764],[8.0794,49.5881]]]},"properties":{"AGS":"07333038","GEN":"Kerzenheim","SN_L":"07"}},
{"type":"Feature","geometry":{"type":"Polygon","coordinates":[[[8.0211,49.5137],[8.0157,49.5208],[8.0376,49.5452],[8.0224,49.5468],[7.9904,49.5442],[7.9832,49.5502],[7.9627,49.5443],[7.9718,49.5341],[7.9575,49.5297],[7.951,49.5143],[7.957,49.5095],[7.9566,49.493],[7.9641,49.4896],[7.9901,49.4928],[8.0088,49.4984],[8.0211,49.5137]]]},"properties":{"AGS":"07333060","GEN":"Ramsen","SN_L":"07"}},
{"type":"Feature","geometry":{"type":"Polygon","coordinates":[[[8.1116,49.6658],[8.0874,49.6629],[8.0865,49.653],[8.0489,49.6454],[8.0635,49.6252],[8.0757,49.6276],[8.0991,49.6368],[8.1099,49.6475],[8.1116,49.6658]]]},"properties":{"AGS":"07333001","GEN":"Albisheim (Pfrimm)","SN_L":"07"}},
{"type":"Feature","geometry":{"type":"Polygon","coordinates":[[[8.129,49.6134],[8.1056,49.6158],[8.0874,49.6111],[8.0832,49.5925],[8.1118,49.5921],[8.1212,49.5961],[8.1156,49.6047],[8.129,49.6134]]]},"properties":{"AGS":"07333006","GEN":"Biedesheim","SN_L":"07"}},
{"type":"Feature","geometry":{"type":"Polygon","coordinates":[[[8.1177,49.6366],[8.1099,49.6331],[8.1143,49.6251],[8.1361,49.6156],[8.1406,49.6197],[8.1274,49.6353],[8.1177,49.6366]]]},"properties":{"AGS":"07333012","GEN":"Bubenheim","SN_L":"07"}},
{"type":"Feature","geometry":{"type":"Polygon","coordinates":[[[8.0278,49.6019],[8.0207,49.6146],[7.9995,49.6086],[7.9768,49.608],[7.9738,49.6025],[7.9741,49.59],[7.9711,49.5795],[7.9839,49.5816],[8.026,49.5959],[8.0278,49.6019]]]},"properties":{"AGS":"07333017","GEN":"Dreisen","SN_L":"07"}},
{"type":"Feature","geometry":{"type":"Polygon","coordinates":[[[8.1195,49.6465],[8.1461,49.6513],[8.1457,49.661],[8.1324,49.6735],[8.1209,49.6707],[8.1116,49.6658],[8.1099,49.6475],[8.1195,49.6465]]]},"properties":{"AGS":"07333018","GEN":"Einselthum","SN_L":"07"}},
{"type":"Feature","geometry":{"type":"Polygon","coordinates":[[[8.0874,49.6111],[8.0679,49.6064],[8.0278,49.6019],[8.026,49.5959],[7.9839,49.5816],[7.9711,49.5795],[7.9725,49.5677],[7.9803,49.5634],[8.0335,49.5761],[8.0494,49.5849],[8.0794,49.5881],[8.0832,49.5925],[8.0874,49.6111]]]},"properties":{"AGS":"07333026","GEN":"Göllheim","SN_L":"07"}},
{"type":"Feature","geometry":{"type":"Polygon","coordinates":[[[8.1099,49.6475],[8.0991,49.6368],[8.0757,49.6276],[8.089,49.6264],[8.1099,49.6331],[8.1177,49.6366],[8.1195,49.6465],[8.1099,49.6475]]]},"properties":{"AGS":"07333032","GEN":"Immesheim","SN_L":"07"}},
{"type":"Feature","geometry":{"type":"Polygon","coordinates":[[[8.1118,49.5921],[8.0832,49.5925],[8.0794,49.5881],[8.0895,49.5764],[8.112,49.5835],[8.1118,49.5921]]]},"properties":{"AGS":"07333041","GEN":"Lautersheim","SN_L":"07"}},
{"type":"Feature","geometry":{"type":"Polygon","coordinates":[[[8.1361,49.6156],[8.1143,49.6251],[8.1099,49.6331],[8.089,49.6264],[8.1056,49.6158],[8.129,49.6134],[8.1361,49.6156]]]},"properties":{"AGS":"07333058","GEN":"Ottersheim","SN_L":"07"}},
{"type":"Feature","geometry":{"type":"Polygon","coordinates":[[[8.0757,49.6276],[8.0635,49.6252],[8.058,49.6205],[8.0679,49.6064],[8.0874,49.6111],[8.1056,49.6158],[8.089,49.6264],[8.0757,49.6276]]]},"properties":{"AGS":"07333064","GEN":"Rüssingen","SN_L":"07"}},
{"type":"Feature","geometry":{"type":"Polygon","coordinates":[[[7.9741,49.59],[7.9738,49.6025],[7.9685,49.5964],[7.9741,49.59]]]},"properties":{"AGS":"07333074","GEN":"Standenbühl","SN_L":"07"}},
{"type":"Feature","geometry":{"type":"Polygon","coordinates":[[[8.0207,49.6146],[8.012,49.621],[8.0085,49.6239],[7.9782,49.619],[7.9688,49.6115],[7.9512,49.6072],[7.9768,49.608],[7.9995,49.6086],[8.0207,49.6146]]]},"properties":{"AGS":"07333081","GEN":"Weitersweiler","SN_L":"07"}},
{"type":"Feature","geometry":{"type":"Polygon","coordinates":[[[8.1502,49.6612],[8.1457,49.661],[8.1461,49.6513],[8.1195,49.6465],[8.1177,49.6366],[8.1274,49.6353],[8.1406,49.6197],[8.1524,49.6269],[8.1612,49.6422],[8.1502,49.6612]]]},"properties":{"AGS":"07333501","GEN":"Zellertal","SN_L":"07"}},
{"type":"Feature","geometry":{"type":"Polygon","coordinates":[[[8.0085,49.6239],[7.9892,49.627],[7.97,49.6232],[7.9782,49.619],[8.0085,49.6239]]]},"properties":{"AGS":"07333005","GEN":"Bennhausen","SN_L":"07"}},
{"type":"Feature","geometry":{"type":"Polygon","coordinates":[[[8.0548,49.6803],[8.0432,49.6883],[8.0216,49.6856],[8.0164,49.6782],[8.0221,49.666],[8.0421,49.6554],[8.0445,49.6565],[8.0548,49.6803]]]},"properties":{"AGS":"07333007","GEN":"Bischheim","SN_L":"07"}},
{"type":"Feature","geometry":{"type":"Polygon","coordinates":[[[8.0447,49.6508],[8.026,49.6473],[8.0188,49.6518],[7.9803,49.6493],[7.9338,49.655],[7.9249,49.6455],[7.9491,49.6417],[7.9687,49.631],[7.97,49.6232],[7.9892,49.627],[8.0085,49.6239],[8.012,49.621],[8.0328,49.6277],[8.0355,49.641],[8.0478,49.6469],[8.0447,49.6508]]]},"properties":{"AGS":"07333010","GEN":"Bolanden","SN_L":"07"}},
{"type":"Feature","geometry":{"type":"Polygon","coordinates":[[[7.97,49.6232],[7.9687,49.631],[7.9491,49.6417],[7.9249,49.6455],[7.9105,49.6425],[7.891,49.6299],[7.8919,49.6208],[7.9355,49.6057],[7.9435,49.6057],[7.9485,49.6091],[7.9489,49.6191],[7.97,49.6232]]]},"properties":{"AGS":"07333013","GEN":"Dannenfels","SN_L":"07"}},
{"type":"Feature","geometry":{"type":"Polygon","coordinates":[[[8.0874,49.6629],[8.0732,49.68],[8.0694,49.6684],[8.059,49.6583],[8.0445,49.6565],[8.0421,49.6554],[8.0447,49.6508],[8.0478,49.6469],[8.0489,49.6454],[8.0865,49.653],[8.0874,49.6629]]]},"properties":{"AGS":"07333022","GEN":"Gauersheim","SN_L":"07"}},
{"type":"Feature","geometry":{"type":"Polygon","coordinates":[[[8.0571,49.6993],[8.0432,49.6883],[8.0548,49.6803],[8.0736,49.6822],[8.1038,49.6929],[8.1024,49.6983],[8.0571,49.6993]]]},"properties":{"AGS":"07333031","GEN":"Ilbesheim","SN_L":"07"}},
{"type":"Feature","geometry":{"type":"Polygon","coordinates":[[[7.97,49.6232],[7.9489,49.6191],[7.9485,49.6091],[7.9512,49.6072],[7.9688,49.6115],[7.9782,49.619],[7.97,49.6232]]]},"properties":{"AGS":"07333035","GEN":"Jakobsweiler","SN_L":"07"}},
{"type":"Feature","geometry":{"type":"Polygon","coordinates":[[[8.0064,49.6828],[7.9749,49.6804],[7.9657,49.6912],[7.9572,49.6918],[7.9386,49.6833],[7.926,49.6698],[7.9502,49.6681],[7.9368,49.6579],[7.9127,49.6548],[7.9096,49.6463],[7.9105,49.6425],[7.9249,49.6455],[7.9338,49.655],[7.9803,49.6493],[8.0188,49.6518],[8.026,49.6473],[8.0447,49.6508],[8.0421,49.6554],[8.0221,49.666],[8.0164,49.6782],[8.0216,49.6856],[8.0064,49.6828]]]},"properties":{"AGS":"07333039","GEN":"Kirchheimbolanden","SN_L":"07"}},
{"type":"Feature","geometry":{"type":"Polygon","coordinates":[[[7.9414,49.7313],[7.9147,49.7261],[7.8998,49.7178],[7.9006,49.706],[7.8934,49.697],[7.908,49.6941],[7.9055,49.6802],[7.8913,49.6703],[7.9178,49.6602],[7.9502,49.6681],[7.926,49.6698],[7.9386,49.6833],[7.9572,49.6918],[7.9584,49.7074],[7.9639,49.7131],[7.9759,49.7179],[7.9535,49.7305],[7.9414,49.7313]]]},"properties":{"AGS":"07333040","GEN":"Kriegsfeld","SN_L":"07"}},
{"type":"Feature","geometry":{"type":"Polygon","coordinates":[[[8.0635,49.6252],[8.0489,49.6454],[8.0478,49.6469],[8.0355,49.641],[8.0328,49.6277],[8.012,49.621],[8.0207,49.6146],[8.0278,49.6019],[8.0679,49.6064],[8.058,49.6205],[8.0635,49.6252]]]},"properties":{"AGS":"07333045","GEN":"Marnheim","SN_L":"07"}},
{"type":"Feature","geometry":{"type":"Polygon","coordinates":[[[7.9414,49.7313],[7.9354,49.7386],[7.9487,49.7459],[7.9486,49.7558],[7.93,49.7498],[7.9175,49.7433],[7.9121,49.7326],[7.908,49.7278],[7.9147,49.7261],[7.9414,49.7313]]]},"properties":{"AGS":"07333046","GEN":"Mörsfeld","SN_L":"07"}},
{"type":"Feature","geometry":{"type":"Polygon","coordinates":[[[8.0185,49.7109],[8.0029,49.7035],[8.0082,49.6977],[8.0064,49.6828],[8.0216,49.6856],[8.0432,49.6883],[8.0571,49.6993],[8.0512,49.7021],[8.0185,49.7109]]]},"properties":{"AGS":"07333047","GEN":"Morschheim","SN_L":"07"}},
{"type":"Feature","geometry":{"type":"Polygon","coordinates":[[[7.9862,49.6968],[7.9603,49.7017],[7.9639,49.7131],[7.9584,49.7074],[7.9572,49.6918],[7.9657,49.6912],[7.9862,49.6968]]]},"properties":{"AGS":"07333056","GEN":"Oberwiesen","SN_L":"07"}},
{"type":"Feature","geometry":{"type":"Polygon","coordinates":[[[8.0064,49.6828],[8.0082,49.6977],[8.0029,49.7035],[7.9862,49.6968],[7.9657,49.6912],[7.9749,49.6804],[8.0064,49.6828]]]},"properties":{"AGS":"07333057","GEN":"Orbis","SN_L":"07"}},
{"type":"Feature","geometry":{"type":"Polygon","coordinates":[[[8.0445,49.6565],[8.059,49.6583],[8.0694,49.6684],[8.0732,49.68],[8.0736,49.6822],[8.0548,49.6803],[8.0445,49.6565]]]},"properties":{"AGS":"07333062","GEN":"Rittersheim","SN_L":"07"}},
{"type":"Feature","geometry":{"type":"Polygon","coordinates":[[[8.1185,49.6812],[8.1038,49.6929],[8.0736,49.6822],[8.0732,49.68],[8.0874,49.6629],[8.1116,49.6658],[8.1209,49.6707],[8.1185,49.6812]]]},"properties":{"AGS":"07333076","GEN":"Stetten","SN_L":"07"}},
{"type":"Feature","geometry":{"type":"Polygon","coordinates":[[[7.9429,49.604],[7.8935,49.6021],[7.9073,49.5947],[7.9108,49.5763],[7.9008,49.5743],[7.9122,49.5628],[7.9478,49.565],[7.9433,49.5693],[7.9711,49.5795],[7.9741,49.59],[7.9685,49.5964],[7.9383,49.5883],[7.9292,49.595],[7.9429,49.604]]]},"properties":{"AGS":"07333009","GEN":"Börrstadt","SN_L":"07"}},
{"type":"Feature","geometry":{"type":"Polygon","coordinates":[[[7.9667,49.5572],[7.9725,49.5677],[7.9711,49.5795],[7.9433,49.5693],[7.9478,49.565],[7.9667,49.5572]]]},"properties":{"AGS":"07333011","GEN":"Breunigweiler","SN_L":"07"}},
{"type":"Feature","geometry":{"type":"Polygon","coordinates":[[[7.8848,49.6099],[7.8876,49.6222],[7.8802,49.6306],[7.8665,49.625],[7.8643,49.6159],[7.8447,49.6039],[7.8502,49.588],[7.858,49.5881],[7.8687,49.5907],[7.8848,49.6099]]]},"properties":{"AGS":"07333020","GEN":"Falkenstein","SN_L":"07"}},
{"type":"Feature","geometry":{"type":"Polygon","coordinates":[[[7.9042,49.5586],[7.8966,49.5574],[7.9001,49.5399],[7.8916,49.5297],[7.8956,49.5277],[7.9149,49.5353],[7.9042,49.5586]]]},"properties":{"AGS":"07333027","GEN":"Gonbach","SN_L":"07"}},
{"type":"Feature","geometry":{"type":"Polygon","coordinates":[[[7.8003,49.5374],[7.8194,49.5633],[7.8088,49.5781],[7.8048,49.5801],[7.7959,49.5672],[7.7815,49.5615],[7.7668,49.5422],[7.7723,49.5325],[7.8003,49.5374]]]},"properties":{"AGS":"07333030","GEN":"Höringen","SN_L":"07"}},
{"type":"Feature","geometry":{"type":"Polygon","coordinates":[[[7.9008,49.5743],[7.9108,49.5763],[7.9073,49.5947],[7.8935,49.6021],[7.8848,49.6099],[7.8687,49.5907],[7.858,49.5881],[7.8652,49.5809],[7.8938,49.5817],[7.9008,49.5743]]]},"properties":{"AGS":"07333033","GEN":"Imsbach","SN_L":"07"}},
{"type":"Feature","geometry":{"type":"Polygon","coordinates":[[[7.8767,49.5576],[7.8616,49.5627],[7.8316,49.5553],[7.8378,49.5394],[7.8263,49.5306],[7.8346,49.5308],[7.8631,49.5355],[7.8609,49.5453],[7.8767,49.5576]]]},"properties":{"AGS":"07333042","GEN":"Lohnsfeld","SN_L":"07"}},
{"type":"Feature","geometry":{"type":"Polygon","coordinates":[[[7.8966,49.5574],[7.8767,49.5576],[7.8609,49.5453],[7.8631,49.5355],[7.8822,49.5268],[7.8916,49.5297],[7.9001,49.5399],[7.8966,49.5574]]]},"properties":{"AGS":"07333048","GEN":"Münchweiler an der Alsenz","SN_L":"07"}},
{"type":"Feature","geometry":{"type":"Polygon","coordinates":[[[7.8502,49.588],[7.8447,49.6039],[7.8354,49.6014],[7.8048,49.5801],[7.8088,49.5781],[7.8502,49.588]]]},"properties":{"AGS":"07333069","GEN":"Schweisweiler","SN_L":"07"}},
{"type":"Feature","geometry":{"type":"Polygon","coordinates":[[[7.9478,49.565],[7.9122,49.5628],[7.9042,49.5586],[7.9149,49.5353],[7.9369,49.5286],[7.9578,49.5329],[7.9594,49.5431],[7.9724,49.5518],[7.9667,49.5572],[7.9478,49.565]]]},"properties":{"AGS":"07333071","GEN":"Sippersfeld","SN_L":"07"}},
{"type":"Feature","geometry":{"type":"Polygon","coordinates":[[[7.9512,49.6072],[7.9485,49.6091],[7.9435,49.6057],[7.9429,49.604],[7.9292,49.595],[7.9383,49.5883],[7.9685,49.5964],[7.9738,49.6025],[7.9768,49.608],[7.9512,49.6072]]]},"properties":{"AGS":"07333075","GEN":"Steinbach am Donnersberg","SN_L":"07"}},
{"type":"Feature","geometry":{"type":"Polygon","coordinates":[[[7.8631,49.5355],[7.8346,49.5308],[7.8341,49.5196],[7.8339,49.513],[7.8535,49.5206],[7.8719,49.5215],[7.8822,49.5268],[7.8631,49.5355]]]},"properties":{"AGS":"07333080","GEN":"Wartenberg-Rohrbach","SN_L":"07"}},
{"type":"Feature","geometry":{"type":"Polygon","coordinates":[[[7.858,49.5881],[7.8502,49.588],[7.8088,49.5781],[7.8194,49.5633],[7.8003,49.5374],[7.8263,49.5306],[7.8378,49.5394],[7.8316,49.5553],[7.8616,49.5627],[7.8767,49.5576],[7.8966,49.5574],[7.9042,49.5586],[7.9122,49.5628],[7.9008,49.5743],[7.8938,49.5817],[7.8652,49.5809],[7.858,49.5881]]]},"properties":{"AGS":"07333503","GEN":"Winnweiler","SN_L":"07"}},
{"type":"Feature","geometry":{"type":"Polygon","coordinates":[[[7.8386,49.7563],[7.8242,49.7518],[7.7951,49.7579],[7.7976,49.7537],[7.8123,49.7477],[7.8065,49.7304],[7.7948,49.7229],[7.795,49.7071],[7.8,49.7055],[7.8102,49.7154],[7.8393,49.7053],[7.8431,49.7063],[7.8469,49.7111],[7.8468,49.7243],[7.8441,49.7275],[7.8269,49.7416],[7.8386,49.7563]]]},"properties":{"AGS":"07333003","GEN":"Alsenz","SN_L":"07"}},
{"type":"Feature","geometry":{"type":"Polygon","coordinates":[[[7.8431,49.7063],[7.8393,49.7053],[7.821,49.6981],[7.8201,49.6902],[7.803,49.6826],[7.777,49.6823],[7.7761,49.6719],[7.7785,49.6699],[7.7983,49.6656],[7.8236,49.6785],[7.8408,49.6808],[7.8447,49.6926],[7.8431,49.7063]]]},"properties":{"AGS":"07333004","GEN":"Bayerfeld-Steckweiler","SN_L":"07"}},
{"type":"Feature","geometry":{"type":"Polygon","coordinates":[[[7.7602,49.6462],[7.745,49.6586],[7.7269,49.6499],[7.7279,49.6418],[7.746,49.631],[7.7627,49.6315],[7.7602,49.6462]]]},"properties":{"AGS":"07333008","GEN":"Bisterschied","SN_L":"07"}},
{"type":"Feature","geometry":{"type":"Polygon","coordinates":[[[7.8408,49.6808],[7.8236,49.6785],[7.7983,49.6656],[7.8026,49.6572],[7.8211,49.6552],[7.8223,49.6475],[7.8302,49.6542],[7.8544,49.6582],[7.8542,49.6613],[7.8496,49.672],[7.8408,49.6808]]]},"properties":{"AGS":"07333014","GEN":"Dielkirchen","SN_L":"07"}},
{"type":"Feature","geometry":{"type":"Polygon","coordinates":[[[7.7591,49.611],[7.7691,49.6237],[7.7655,49.6303],[7.7627,49.6315],[7.746,49.631],[7.7408,49.6187],[7.745,49.6121],[7.7591,49.611]]]},"properties":{"AGS":"07333016","GEN":"Dörrmoschel","SN_L":"07"}},
{"type":"Feature","geometry":{"type":"Polygon","coordinates":[[[7.7666,49.6685],[7.7648,49.6794],[7.7456,49.7033],[7.7352,49.6974],[7.7295,49.6922],[7.7199,49.6832],[7.7217,49.6732],[7.746,49.6768],[7.7605,49.668],[7.7666,49.6685]]]},"properties":{"AGS":"07333021","GEN":"Finkenbach-Gersweiler","SN_L":"07"}},
{"type":"Feature","geometry":{"type":"Polygon","coordinates":[[[7.8934,49.697],[7.9006,49.706],[7.8998,49.7178],[7.9147,49.7261],[7.908,49.7278],[7.8908,49.7185],[7.8469,49.7111],[7.8431,49.7063],[7.8447,49.6926],[7.8662,49.6948],[7.8819,49.69],[7.8934,49.697]]]},"properties":{"AGS":"07333023","GEN":"Gaugrehweiler","SN_L":"07"}},
{"type":"Feature","geometry":{"type":"Polygon","coordinates":[[[7.8026,49.5809],[7.7754,49.5791],[7.7554,49.5729],[7.7815,49.5615],[7.7959,49.5672],[7.8048,49.5801],[7.8026,49.5809]]]},"properties":{"AGS":"07333024","GEN":"Gehrweiler","SN_L":"07"}},
{"type":"Feature","geometry":{"type":"Polygon","coordinates":[[[7.8934,49.697],[7.8819,49.69],[7.8757,49.6818],[7.8496,49.672],[7.8542,49.6613],[7.8663,49.6618],[7.8913,49.6703],[7.9055,49.6802],[7.908,49.6941],[7.8934,49.697]]]},"properties":{"AGS":"07333025","GEN":"Gerbach","SN_L":"07"}},
{"type":"Feature","geometry":{"type":"Polygon","coordinates":[[[7.8026,49.5809],[7.7968,49.596],[7.7748,49.602],[7.7478,49.5948],[7.7396,49.5854],[7.7469,49.5739],[7.7554,49.5729],[7.7754,49.5791],[7.8026,49.5809]]]},"properties":{"AGS":"07333028","GEN":"Gundersweiler","SN_L":"07"}},
{"type":"Feature","geometry":{"type":"Polygon","coordinates":[[[7.7591,49.611],[7.745,49.6121],[7.7344,49.6044],[7.7448,49.5971],[7.7478,49.5948],[7.7748,49.602],[7.7968,49.596],[7.8026,49.5809],[7.8048,49.5801],[7.8354,49.6014],[7.8217,49.6011],[7.8109,49.6147],[7.7778,49.6038],[7.7591,49.611]]]},"properties":{"AGS":"07333034","GEN":"Imsweiler","SN_L":"07"}},
{"type":"Feature","geometry":{"type":"Polygon","coordinates":[[[7.8543,49.7333],[7.8269,49.7416],[7.8441,49.7275],[7.8543,49.7333]]]},"properties":{"AGS":"07333036","GEN":"Kalkofen","SN_L":"07"}},
{"type":"Feature","geometry":{"type":"Polygon","coordinates":[[[7.8223,49.6475],[7.8211,49.6552],[7.8026,49.6572],[7.7839,49.6507],[7.7834,49.6496],[7.7822,49.6387],[7.7981,49.6336],[7.8179,49.6379],[7.8223,49.6475]]]},"properties":{"AGS":"07333037","GEN":"Katzenbach","SN_L":"07"}},
{"type":"Feature","geometry":{"type":"Polygon","coordinates":[[[7.821,49.6981],[7.7986,49.7042],[7.777,49.6823],[7.803,49.6826],[7.8201,49.6902],[7.821,49.6981]]]},"properties":{"AGS":"07333043","GEN":"Mannweiler-Cölln","SN_L":"07"}},
{"type":"Feature","geometry":{"type":"Polygon","coordinates":[[[7.9121,49.7326],[7.8752,49.7412],[7.8543,49.7333],[7.8441,49.7275],[7.8468,49.7243],[7.8728,49.7295],[7.8908,49.7185],[7.908,49.7278],[7.9121,49.7326]]]},"properties":{"AGS":"07333049","GEN":"Münsterappel","SN_L":"07"}},
{"type":"Feature","geometry":{"type":"Polygon","coordinates":[[[7.9054,49.7523],[7.8979,49.762],[7.8701,49.756],[7.8752,49.7412],[7.9121,49.7326],[7.9175,49.7433],[7.9054,49.7523]]]},"properties":{"AGS":"07333050","GEN":"Niederhausen an der Appel","SN_L":"07"}},
{"type":"Feature","geometry":{"type":"Polygon","coordinates":[[[7.7976,49.7537],[7.7744,49.7525],[7.7692,49.7431],[7.7908,49.7236],[7.7948,49.7229],[7.8065,49.7304],[7.8123,49.7477],[7.7976,49.7537]]]},"properties":{"AGS":"07333051","GEN":"Niedermoschel","SN_L":"07"}},
{"type":"Feature","geometry":{"type":"Polygon","coordinates":[[[7.8908,49.7185],[7.8728,49.7295],[7.8468,49.7243],[7.8469,49.7111],[7.8908,49.7185]]]},"properties":{"AGS":"07333053","GEN":"Oberhausen an der Appel","SN_L":"07"}},
{"type":"Feature","geometry":{"type":"Polygon","coordinates":[[[7.7744,49.7525],[7.7662,49.7641],[7.7578,49.7589],[7.7649,49.743],[7.7393,49.7275],[7.7564,49.7219],[7.7561,49.7074],[7.7782,49.71],[7.7908,49.7236],[7.7692,49.7431],[7.7744,49.7525]]]},"properties":{"AGS":"07333054","GEN":"Obermoschel","SN_L":"07"}},
{"type":"Feature","geometry":{"type":"Polygon","coordinates":[[[7.8393,49.7053],[7.8102,49.7154],[7.8,49.7055],[7.7986,49.7042],[7.821,49.6981],[7.8393,49.7053]]]},"properties":{"AGS":"07333055","GEN":"Oberndorf","SN_L":"07"}},
{"type":"Feature","geometry":{"type":"Polygon","coordinates":[[[7.7785,49.6699],[7.7761,49.6719],[7.7666,49.6685],[7.7605,49.668],[7.745,49.6586],[7.7602,49.6462],[7.7834,49.6496],[7.7839,49.6507],[7.7785,49.6699]]]},"properties":{"AGS":"07333061","GEN":"Ransweiler","SN_L":"07"}},
{"type":"Feature","geometry":{"type":"Polygon","coordinates":[[[7.9502,49.6681],[7.9178,49.6602],[7.8913,49.6703],[7.8663,49.6618],[7.8787,49.6492],[7.8722,49.6424],[7.9096,49.6463],[7.9127,49.6548],[7.9368,49.6579],[7.9502,49.6681]]]},"properties":{"AGS":"07333065","GEN":"Ruppertsecken","SN_L":"07"}},
{"type":"Feature","geometry":{"type":"Polygon","coordinates":[[[7.8819,49.69],[7.8662,49.6948],[7.8447,49.6926],[7.8408,49.6808],[7.8496,49.672],[7.8757,49.6818],[7.8819,49.69]]]},"properties":{"AGS":"07333066","GEN":"Sankt Alban","SN_L":"07"}},
{"type":"Feature","geometry":{"type":"Polygon","coordinates":[[[7.7561,49.7074],[7.7456,49.7033],[7.7648,49.6794],[7.7666,49.6685],[7.7761,49.6719],[7.777,49.6823],[7.7986,49.7042],[7.8,49.7055],[7.795,49.7071],[7.7765,49.7025],[7.7561,49.7074]]]},"properties":{"AGS":"07333067","GEN":"Schiersfeld","SN_L":"07"}},
{"type":"Feature","geometry":{"type":"Polygon","coordinates":[[[7.7834,49.6496],[7.7602,49.6462],[7.7627,49.6315],[7.7655,49.6303],[7.7822,49.6387],[7.7834,49.6496]]]},"properties":{"AGS":"07333068","GEN":"Schönborn","SN_L":"07"}},
{"type":"Feature","geometry":{"type":"Polygon","coordinates":[[[7.7948,49.7229],[7.7908,49.7236],[7.7782,49.71],[7.7561,49.7074],[7.7765,49.7025],[7.795,49.7071],[7.7948,49.7229]]]},"properties":{"AGS":"07333072","GEN":"Sitters","SN_L":"07"}},
{"type":"Feature","geometry":{"type":"Polygon","coordinates":[[[7.7983,49.6656],[7.7785,49.6699],[7.7839,49.6507],[7.8026,49.6572],[7.7983,49.6656]]]},"properties":{"AGS":"07333073","GEN":"Stahlberg","SN_L":"07"}},
{"type":"Feature","geometry":{"type":"Polygon","coordinates":[[[7.746,49.631],[7.7279,49.6418],[7.7188,49.6393],[7.7141,49.6247],[7.7408,49.6187],[7.746,49.631]]]},"properties":{"AGS":"07333077","GEN":"Teschenmoschel","SN_L":"07"}},
{"type":"Feature","geometry":{"type":"Polygon","coordinates":[[[7.7561,49.7074],[7.7564,49.7219],[7.7393,49.7275],[7.7244,49.7207],[7.7227,49.7142],[7.7352,49.6974],[7.7456,49.7033],[7.7561,49.7074]]]},"properties":{"AGS":"07333078","GEN":"Unkenbach","SN_L":"07"}},
{"type":"Feature","geometry":{"type":"Polygon","coordinates":[[[7.7605,49.668],[7.746,49.6768],[7.7217,49.6732],[7.7125,49.6667],[7.7033,49.6525],[7.7269,49.6499],[7.745,49.6586],[7.7605,49.668]]]},"properties":{"AGS":"07333079","GEN":"Waldgrehweiler","SN_L":"07"}},
{"type":"Feature","geometry":{"type":"Polygon","coordinates":[[[7.8701,49.756],[7.8599,49.7658],[7.8386,49.7563],[7.8269,49.7416],[7.8543,49.7333],[7.8752,49.7412],[7.8701,49.756]]]},"properties":{"AGS":"07333083","GEN":"Winterborn","SN_L":"07"}},
{"type":"Feature","geometry":{"type":"Polygon","coordinates":[[[7.8722,49.6424],[7.8787,49.6492],[7.8663,49.6618],[7.8542,49.6613],[7.8544,49.6582],[7.8587,49.6453],[7.8722,49.6424]]]},"properties":{"AGS":"07333084","GEN":"Würzweiler","SN_L":"07"}},
{"type":"Feature","geometry":{"type":"Polygon","coordinates":[[[7.7141,49.6247],[7.6969,49.62],[7.7023,49.6052],[7.7137,49.6117],[7.7247,49.6021],[7.7344,49.6044],[7.745,49.6121],[7.7408,49.6187],[7.7141,49.6247]]]},"properties":{"AGS":"07333201","GEN":"Rathskirchen","SN_L":"07"}},
{"type":"Feature","geometry":{"type":"Polygon","coordinates":[[[7.7211,49.589],[7.7351,49.5862],[7.7448,49.5971],[7.7344,49.6044],[7.7247,49.6021],[7.7211,49.589]]]},"properties":{"AGS":"07333202","GEN":"Reichsthal","SN_L":"07"}},
{"type":"Feature","geometry":{"type":"Polygon","coordinates":[[[7.7247,49.6021],[7.7137,49.6117],[7.7023,49.6052],[7.705,49.5967],[7.6963,49.5887],[7.7211,49.589],[7.7247,49.6021]]]},"properties":{"AGS":"07333203","GEN":"Seelen","SN_L":"07"}},
{"type":"Feature","geometry":{"type":"Polygon","coordinates":[[[7.8544,49.6582],[7.8302,49.6542],[7.8223,49.6475],[7.8179,49.6379],[7.7981,49.6336],[7.7822,49.6387],[7.7655,49.6303],[7.7691,49.6237],[7.7591,49.611],[7.7778,49.6038],[7.8109,49.6147],[7.8217,49.6011],[7.8354,49.6014],[7.8447,49.6039],[7.8643,49.6159],[7.8665,49.625],[7.8802,49.6306],[7.8876,49.6222],[7.8848,49.6099],[7.8935,49.6021],[7.9429,49.604],[7.9435,49.6057],[7.9355,49.6057],[7.8919,49.6208],[7.891,49.6299],[7.9105,49.6425],[7.9096,49.6463],[7.8722,49.6424],[7.8587,49.6453],[7.8544,49.6582]]]},"properties":{"AGS":"07333502","GEN":"Rockenhausen","SN_L":"07"}},
{"type":"Feature","geometry":{"type":"Polygon","coordinates":[[[8.3975,49.242],[8.3849,49.2428],[8.3693,49.2553],[8.3586,49.2542],[8.3583,49.2385],[8.3647,49.2276],[8.351,49.2186],[8.3472,49.2098],[8.3398,49.2036],[8.3499,49.2012],[8.3416,49.1857],[8.3568,49.1796],[8.3774,49.1806],[8.3812,49.1857],[8.385,49.1983],[8.3985,49.2077],[8.4032,49.2247],[8.3858,49.2266],[8.3975,49.242]]]},"properties":{"AGS":"07334007","GEN":"Germersheim","SN_L":"07"}},
{"type":"Feature","geometry":{"type":"Polygon","coordinates":[[[8.3505,49.0889],[8.3269,49.0868],[8.3112,49.0789],[8.3003,49.0794],[8.2729,49.07],[8.2519,49.0774],[8.2531,49.0878],[8.2098,49.0752],[8.1782,49.059],[8.1644,49.0555],[8.1176,49.0548],[8.1128,49.0622],[8.0836,49.0657],[8.0696,49.0631],[8.0764,49.0333],[8.0691,49.0007],[8.1371,48.9844],[8.164,48.9823],[8.1921,48.9846],[8.2262,48.999],[8.2218,49.0069],[8.2247,49.0258],[8.2445,49.0404],[8.2675,49.028],[8.2819,49.0071],[8.2915,49.0036],[8.3002,49.0217],[8.3041,49.0407],[8.3164,49.0605],[8.34,49.0802],[8.3505,49.0889]]]},"properties":{"AGS":"07334501","GEN":"Wörth am Rhein","SN_L":"07"}},
{"type":"Feature","geometry":{"type":"Polygon","coordinates":[[[8.2869,49.211],[8.2606,49.2114],[8.2575,49.1812],[8.2595,49.173],[8.3061,49.1741],[8.3122,49.1869],[8.3416,49.1857],[8.3499,49.2012],[8.3398,49.2036],[8.3122,49.2093],[8.2869,49.211]]]},"properties":{"AGS":"07334001","GEN":"Bellheim","SN_L":"07"}},
{"type":"Feature","geometry":{"type":"Polygon","coordinates":[[[8.2606,49.2114],[8.2439,49.213],[8.2408,49.1785],[8.2376,49.1716],[8.2419,49.1705],[8.2568,49.1702],[8.2595,49.173],[8.2575,49.1812],[8.2606,49.2114]]]},"properties":{"AGS":"07334014","GEN":"Knittelsheim","SN_L":"07"}},
{"type":"Feature","geometry":{"type":"Polygon","coordinates":[[[8.2376,49.1716],[8.2408,49.1785],[8.2439,49.213],[8.2378,49.2129],[8.2173,49.2098],[8.2163,49.1711],[8.2376,49.1716]]]},"properties":{"AGS":"07334023","GEN":"Ottersheim bei Landau","SN_L":"07"}},
{"type":"Feature","geometry":{"type":"Polygon","coordinates":[[[8.2869,49.211],[8.2842,49.2193],[8.2666,49.2219],[8.2499,49.2399],[8.2412,49.2614],[8.2318,49.2603],[8.2371,49.245],[8.2378,49.2129],[8.2439,49.213],[8.2606,49.2114],[8.2869,49.211]]]},"properties":{"AGS":"07334036","GEN":"Zeiskam","SN_L":"07"}},
{"type":"Feature","geometry":{"type":"Polygon","coordinates":[[[8.2262,48.999],[8.1921,48.9846],[8.164,48.9823],[8.1631,48.9776],[8.1944,48.9771],[8.1993,48.9669],[8.2151,48.9752],[8.2282,48.9722],[8.2212,48.9875],[8.2295,48.9951],[8.2262,48.999]]]},"properties":{"AGS":"07334002","GEN":"Berg (Pfalz)","SN_L":"07"}},
{"type":"Feature","geometry":{"type":"Polygon","coordinates":[[[8.2915,49.0036],[8.2819,49.0071],[8.2675,49.028],[8.2445,49.0404],[8.2247,49.0258],[8.2218,49.0069],[8.2262,48.999],[8.2295,48.9951],[8.2464,48.9991],[8.265,48.9975],[8.2763,48.9907],[8.2876,48.9984],[8.2915,49.0036]]]},"properties":{"AGS":"07334008","GEN":"Hagenbach","SN_L":"07"}},
{"type":"Feature","geometry":{"type":"Polygon","coordinates":[[[8.2876,48.9984],[8.2763,48.9907],[8.265,48.9975],[8.2464,48.9991],[8.2295,48.9951],[8.2212,48.9875],[8.2282,48.9722],[8.2326,48.9666],[8.2613,48.9809],[8.2773,48.9899],[8.2876,48.9984]]]},"properties":{"AGS":"07334021","GEN":"Neuburg am Rhein","SN_L":"07"}},
{"type":"Feature","geometry":{"type":"Polygon","coordinates":[[[8.164,48.9823],[8.1371,48.9844],[8.0691,49.0007],[8.0684,48.9993],[8.0701,48.9963],[8.1254,48.9847],[8.1365,48.9796],[8.1631,48.9776],[8.164,48.9823]]]},"properties":{"AGS":"07334027","GEN":"Scheibenhardt","SN_L":"07"}},
{"type":"Feature","geometry":{"type":"Polygon","coordinates":[[[8.264,49.1258],[8.2301,49.124],[8.2106,49.1091],[8.2163,49.1055],[8.2494,49.1053],[8.2557,49.1108],[8.2721,49.1204],[8.264,49.1258]]]},"properties":{"AGS":"07334009","GEN":"Hatzenbühl","SN_L":"07"}},
{"type":"Feature","geometry":{"type":"Polygon","coordinates":[[[8.3269,49.0868],[8.3117,49.1087],[8.3184,49.0916],[8.3033,49.0888],[8.2859,49.0957],[8.2843,49.1036],[8.2597,49.1018],[8.2531,49.0878],[8.2519,49.0774],[8.2729,49.07],[8.3003,49.0794],[8.3112,49.0789],[8.3269,49.0868]]]},"properties":{"AGS":"07334012","GEN":"Jockgrim","SN_L":"07"}},
{"type":"Feature","geometry":{"type":"Polygon","coordinates":[[[8.3596,49.1013],[8.339,49.1125],[8.3166,49.1201],[8.3154,49.1264],[8.3117,49.1087],[8.3269,49.0868],[8.3505,49.0889],[8.3596,49.1013]]]},"properties":{"AGS":"07334022","GEN":"Neupotz","SN_L":"07"}},
{"type":"Feature","geometry":{"type":"Polygon","coordinates":[[[8.3154,49.1264],[8.2912,49.1346],[8.2904,49.1348],[8.2721,49.1204],[8.2557,49.1108],[8.2597,49.1018],[8.2843,49.1036],[8.2859,49.0957],[8.3033,49.0888],[8.3184,49.0916],[8.3117,49.1087],[8.3154,49.1264]]]},"properties":{"AGS":"07334024","GEN":"Rheinzabern","SN_L":"07"}},
{"type":"Feature","geometry":{"type":"Polygon","coordinates":[[[8.2106,49.1091],[8.2016,49.1108],[8.1754,49.1275],[8.1744,49.1275],[8.1652,49.11],[8.171,49.1021],[8.1836,49.1004],[8.2163,49.1055],[8.2106,49.1091]]]},"properties":{"AGS":"07334004","GEN":"Erlenbach bei Kandel","SN_L":"07"}},
{"type":"Feature","geometry":{"type":"Polygon","coordinates":[[[8.1193,49.0894],[8.1024,49.0853],[8.0849,49.0871],[8.084,49.085],[8.0789,49.0786],[8.0836,49.0657],[8.1128,49.0622],[8.1176,49.0548],[8.1644,49.0555],[8.15,49.0607],[8.1305,49.0753],[8.1151,49.0768],[8.1193,49.0894]]]},"properties":{"AGS":"07334005","GEN":"Freckenfeld","SN_L":"07"}},
{"type":"Feature","geometry":{"type":"Polygon","coordinates":[[[8.2597,49.1018],[8.2557,49.1108],[8.2494,49.1053],[8.2163,49.1055],[8.1836,49.1004],[8.171,49.1021],[8.1388,49.1003],[8.1335,49.0934],[8.1589,49.0832],[8.165,49.0629],[8.1782,49.059],[8.2098,49.0752],[8.2531,49.0878],[8.2597,49.1018]]]},"properties":{"AGS":"07334013","GEN":"Kandel","SN_L":"07"}},
{"type":"Feature","geometry":{"type":"Polygon","coordinates":[[[8.1782,49.059],[8.165,49.0629],[8.1589,49.0832],[8.1335,49.0934],[8.1193,49.0894],[8.1151,49.0768],[8.1305,49.0753],[8.15,49.0607],[8.1644,49.0555],[8.1782,49.059]]]},"properties":{"AGS":"07334020","GEN":"Minfeld","SN_L":"07"}},
{"type":"Feature","geometry":{"type":"Polygon","coordinates":[[[8.1744,49.1275],[8.17,49.1371],[8.1395,49.1271],[8.118,49.1318],[8.119,49.1017],[8.1388,49.1003],[8.171,49.1021],[8.1652,49.11],[8.1744,49.1275]]]},"properties":{"AGS":"07334030","GEN":"Steinweiler","SN_L":"07"}},
{"type":"Feature","geometry":{"type":"Polygon","coordinates":[[[8.0836,49.0657],[8.0789,49.0786],[8.0757,49.0722],[8.0556,49.0738],[8.0571,49.0607],[8.0696,49.0631],[8.0836,49.0657]]]},"properties":{"AGS":"07334031","GEN":"Vollmersweiler","SN_L":"07"}},
{"type":"Feature","geometry":{"type":"Polygon","coordinates":[[[8.1388,49.1003],[8.119,49.1017],[8.1012,49.0988],[8.1024,49.0853],[8.1193,49.0894],[8.1335,49.0934],[8.1388,49.1003]]]},"properties":{"AGS":"07334034","GEN":"Winden","SN_L":"07"}},
{"type":"Feature","geometry":{"type":"Polygon","coordinates":[[[8.269,49.2644],[8.2905,49.2713],[8.2998,49.2841],[8.2698,49.2803],[8.2476,49.2756],[8.2511,49.2634],[8.269,49.2644]]]},"properties":{"AGS":"07334006","GEN":"Freisbach","SN_L":"07"}},
{"type":"Feature","geometry":{"type":"Polygon","coordinates":[[[8.3689,49.2681],[8.3294,49.2598],[8.3367,49.2401],[8.3278,49.2204],[8.351,49.2186],[8.3647,49.2276],[8.3583,49.2385],[8.3586,49.2542],[8.3693,49.2553],[8.3849,49.2428],[8.3975,49.242],[8.4131,49.2498],[8.3908,49.2533],[8.3689,49.2681]]]},"properties":{"AGS":"07334017","GEN":"Lingenfeld","SN_L":"07"}},
{"type":"Feature","geometry":{"type":"Polygon","coordinates":[[[8.269,49.2644],[8.2511,49.2634],[8.2412,49.2614],[8.2499,49.2399],[8.2666,49.2219],[8.2842,49.2193],[8.2869,49.211],[8.3122,49.2093],[8.3398,49.2036],[8.3472,49.2098],[8.3359,49.2177],[8.3132,49.2228],[8.3065,49.2542],[8.2751,49.2526],[8.269,49.2644]]]},"properties":{"AGS":"07334018","GEN":"Lustadt","SN_L":"07"}},
{"type":"Feature","geometry":{"type":"Polygon","coordinates":[[[8.3629,49.2852],[8.3203,49.2967],[8.3052,49.2875],[8.3153,49.2604],[8.3294,49.2598],[8.3689,49.2681],[8.3629,49.2852]]]},"properties":{"AGS":"07334028","GEN":"Schwegenheim","SN_L":"07"}},
{"type":"Feature","geometry":{"type":"Polygon","coordinates":[[[8.3065,49.2542],[8.3153,49.2604],[8.3052,49.2875],[8.2998,49.2841],[8.2905,49.2713],[8.269,49.2644],[8.2751,49.2526],[8.3065,49.2542]]]},"properties":{"AGS":"07334032","GEN":"Weingarten (Pfalz)","SN_L":"07"}},
{"type":"Feature","geometry":{"type":"Polygon","coordinates":[[[8.3153,49.2604],[8.3065,49.2542],[8.3132,49.2228],[8.3359,49.2177],[8.3472,49.2098],[8.351,49.2186],[8.3278,49.2204],[8.3367,49.2401],[8.3294,49.2598],[8.3153,49.2604]]]},"properties":{"AGS":"07334033","GEN":"Westheim (Pfalz)","SN_L":"07"}},
{"type":"Feature","geometry":{"type":"Polygon","coordinates":[[[8.3416,49.1857],[8.3122,49.1869],[8.3061,49.1741],[8.3142,49.1548],[8.3228,49.1467],[8.3415,49.1507],[8.3493,49.1451],[8.3711,49.1452],[8.371,49.1573],[8.3676,49.1642],[8.3774,49.1806],[8.3568,49.1796],[8.3416,49.1857]]]},"properties":{"AGS":"07334011","GEN":"Hördt","SN_L":"07"}},
{"type":"Feature","geometry":{"type":"Polygon","coordinates":[[[8.3493,49.1451],[8.3415,49.1507],[8.3228,49.1467],[8.3142,49.1548],[8.3084,49.1543],[8.2904,49.1348],[8.2912,49.1346],[8.3169,49.1341],[8.3493,49.1451]]]},"properties":{"AGS":"07334015","GEN":"Kuhardt","SN_L":"07"}},
{"type":"Feature","geometry":{"type":"Polygon","coordinates":[[[8.3711,49.1452],[8.3493,49.1451],[8.3169,49.1341],[8.2912,49.1346],[8.3154,49.1264],[8.3166,49.1201],[8.339,49.1125],[8.3596,49.1013],[8.3674,49.1295],[8.3711,49.1452]]]},"properties":{"AGS":"07334016","GEN":"Leimersheim","SN_L":"07"}},
{"type":"Feature","geometry":{"type":"Polygon","coordinates":[[[8.3142,49.1548],[8.3061,49.1741],[8.2595,49.173],[8.2568,49.1702],[8.2558,49.1509],[8.26,49.1349],[8.264,49.1258],[8.2721,49.1204],[8.2904,49.1348],[8.3084,49.1543],[8.3142,49.1548]]]},"properties":{"AGS":"07334025","GEN":"Rülzheim","SN_L":"07"}},
{"type":"Feature","geometry":{"type":"Polygon","coordinates":[[[7.4748,49.4041],[7.464,49.4154],[7.4473,49.4139],[7.4212,49.4205],[7.4138,49.4146],[7.3987,49.3908],[7.4028,49.3789],[7.3959,49.372],[7.4021,49.3677],[7.409,49.3635],[7.4155,49.3713],[7.4433,49.3696],[7.4574,49.3656],[7.4604,49.3746],[7.481,49.3781],[7.4866,49.3861],[7.473,49.3974],[7.4748,49.4041]]]},"properties":{"AGS":"07335003","GEN":"Bruchmühlbach-Miesau","SN_L":"07"}},
{"type":"Feature","geometry":{"type":"Polygon","coordinates":[[[7.5266,49.3741],[7.5052,49.3651],[7.5029,49.356],[7.5182,49.3431],[7.5374,49.3391],[7.559,49.3526],[7.5597,49.3545],[7.5266,49.3741]]]},"properties":{"AGS":"07335011","GEN":"Gerhardsbrunn","SN_L":"07"}},
{"type":"Feature","geometry":{"type":"Polygon","coordinates":[[[7.4574,49.3656],[7.4433,49.3696],[7.4155,49.3713],[7.409,49.3635],[7.4379,49.3538],[7.4436,49.3538],[7.4574,49.3656]]]},"properties":{"AGS":"07335201","GEN":"Lambsborn","SN_L":"07"}},
{"type":"Feature","geometry":{"type":"Polygon","coordinates":[[[7.5392,49.3866],[7.5284,49.384],[7.5196,49.3961],[7.4866,49.3861],[7.481,49.3781],[7.5052,49.3651],[7.5266,49.3741],[7.5392,49.3866]]]},"properties":{"AGS":"07335202","GEN":"Langwieden","SN_L":"07"}},
{"type":"Feature","geometry":{"type":"Polygon","coordinates":[[[7.481,49.3781],[7.4604,49.3746],[7.4574,49.3656],[7.4436,49.3538],[7.4526,49.3509],[7.478,49.3412],[7.4861,49.3399],[7.5029,49.356],[7.5052,49.3651],[7.481,49.3781]]]},"properties":{"AGS":"07335203","GEN":"Martinshöhe","SN_L":"07"}},
{"type":"Feature","geometry":{"type":"Polygon","coordinates":[[[7.9575,49.5297],[7.9578,49.5329],[7.9369,49.5286],[7.9374,49.5154],[7.9092,49.5142],[7.8956,49.5078],[7.8928,49.5248],[7.8824,49.5101],[7.8842,49.4989],[7.8767,49.4814],[7.8439,49.4651],[7.8582,49.4516],[7.8847,49.4655],[7.9197,49.4785],[7.9389,49.4793],[7.9511,49.4844],[7.9641,49.4896],[7.9566,49.493],[7.957,49.5095],[7.951,49.5143],[7.9575,49.5297]]]},"properties":{"AGS":"07335004","GEN":"Enkenbach-Alsenborn","SN_L":"07"}},
{"type":"Feature","geometry":{"type":"Polygon","coordinates":[[[7.9523,49.4741],[7.9511,49.4844],[7.9389,49.4793],[7.9197,49.4785],[7.8847,49.4655],[7.8582,49.4516],[7.8611,49.4433],[7.8877,49.4519],[7.9222,49.4462],[7.9378,49.4624],[7.9513,49.4612],[7.9523,49.4741]]]},"properties":{"AGS":"07335007","GEN":"Fischbach","SN_L":"07"}},
{"type":"Feature","geometry":{"type":"Polygon","coordinates":[[[7.9513,49.4612],[7.9378,49.4624],[7.9222,49.4462],[7.9358,49.4366],[7.9303,49.43],[7.9433,49.4227],[7.9506,49.4131],[7.9637,49.4235],[7.9827,49.4296],[7.9817,49.4413],[7.9664,49.4417],[7.9513,49.4612]]]},"properties":{"AGS":"07335010","GEN":"Frankenstein","SN_L":"07"}},
{"type":"Feature","geometry":{"type":"Polygon","coordinates":[[[7.9222,49.4462],[7.8877,49.4519],[7.8611,49.4433],[7.8707,49.4214],[7.8691,49.4084],[7.8442,49.3989],[7.868,49.3961],[7.9002,49.4035],[7.9235,49.4183],[7.9433,49.4227],[7.9303,49.43],[7.9358,49.4366],[7.9222,49.4462]]]},"properties":{"AGS":"07335015","GEN":"Hochspeyer","SN_L":"07"}},
{"type":"Feature","geometry":{"type":"MultiPolygon","coordinates":[[[[7.8263,49.5306],[7.8341,49.5196],[7.8346,49.5308],[7.8263,49.5306]]],[[[7.8344,49.5124],[7.8279,49.4938],[7.8021,49.4818],[7.7984,49.4708],[7.8138,49.4621],[7.8439,49.4651],[7.8767,49.4814],[7.8842,49.4989],[7.8824,49.5101],[7.8609,49.5044],[7.8344,49.5124]]]]},"properties":{"AGS":"07335026","GEN":"Mehlingen","SN_L":"07"}},
{"type":"Feature","geometry":{"type":"Polygon","coordinates":[[[7.8928,49.5248],[7.8956,49.5078],[7.9092,49.5142],[7.9374,49.5154],[7.9369,49.5286],[7.9149,49.5353],[7.8956,49.5277],[7.8928,49.5248]]]},"properties":{"AGS":"07335028","GEN":"Neuhemsbach","SN_L":"07"}},
{"type":"Feature","geometry":{"type":"Polygon","coordinates":[[[7.9506,49.4131],[7.9433,49.4227],[7.9235,49.4183],[7.9002,49.4035],[7.868,49.3961],[7.8442,49.3989],[7.8152,49.3957],[7.8273,49.3726],[7.8488,49.3622],[7.8571,49.3735],[7.8839,49.38],[7.8963,49.3792],[7.906,49.3881],[7.9231,49.3933],[7.9427,49.3881],[7.9634,49.4005],[7.9506,49.4131]]]},"properties":{"AGS":"07335048","GEN":"Waldleiningen","SN_L":"07"}},
{"type":"Feature","geometry":{"type":"Polygon","coordinates":[[[7.8956,49.5277],[7.8916,49.5297],[7.8822,49.5268],[7.8719,49.5215],[7.8535,49.5206],[7.8339,49.513],[7.8344,49.5124],[7.8609,49.5044],[7.8824,49.5101],[7.8928,49.5248],[7.8956,49.5277]]]},"properties":{"AGS":"07335205","GEN":"Sembach","SN_L":"07"}},
{"type":"Feature","geometry":{"type":"Polygon","coordinates":[[[7.4927,49.4421],[7.4721,49.4415],[7.4601,49.4365],[7.421,49.424],[7.4212,49.4205],[7.4473,49.4139],[7.464,49.4154],[7.4748,49.4041],[7.5056,49.4049],[7.4955,49.4103],[7.5156,49.419],[7.5165,49.4394],[7.5065,49.4423],[7.4927,49.4421]]]},"properties":{"AGS":"07335016","GEN":"Hütschenhausen","SN_L":"07"}},
{"type":"Feature","geometry":{"type":"Polygon","coordinates":[[[7.5576,49.4843],[7.5378,49.4915],[7.5064,49.4925],[7.4987,49.485],[7.5389,49.4638],[7.5576,49.4843]]]},"properties":{"AGS":"07335020","GEN":"Kottweiler-Schwanden","SN_L":"07"}},
{"type":"Feature","geometry":{"type":"Polygon","coordinates":[[[7.4977,49.4854],[7.4811,49.4875],[7.4728,49.4801],[7.4595,49.4712],[7.4507,49.4578],[7.4633,49.44],[7.4601,49.4365],[7.4721,49.4415],[7.4927,49.4421],[7.4962,49.4565],[7.4861,49.4673],[7.4977,49.4854]]]},"properties":{"AGS":"07335030","GEN":"Niedermohr","SN_L":"07"}},
{"type":"Feature","geometry":{"type":"Polygon","coordinates":[[[7.6077,49.4689],[7.5876,49.4636],[7.5576,49.4843],[7.5389,49.4638],[7.5447,49.4575],[7.528,49.4496],[7.5253,49.4429],[7.5065,49.4423],[7.5165,49.4394],[7.5156,49.419],[7.4955,49.4103],[7.5056,49.4049],[7.518,49.4051],[7.5259,49.4088],[7.572,49.4193],[7.5989,49.4201],[7.6299,49.4252],[7.6312,49.4354],[7.618,49.4491],[7.6077,49.4689]]]},"properties":{"AGS":"07335038","GEN":"Ramstein-Miesenbach","SN_L":"07"}},
{"type":"Feature","geometry":{"type":"Polygon","coordinates":[[[7.5389,49.4638],[7.4987,49.485],[7.4977,49.4854],[7.4861,49.4673],[7.4962,49.4565],[7.4927,49.4421],[7.5065,49.4423],[7.5253,49.4429],[7.528,49.4496],[7.5447,49.4575],[7.5389,49.4638]]]},"properties":{"AGS":"07335044","GEN":"Steinwenden","SN_L":"07"}},
{"type":"Feature","geometry":{"type":"Polygon","coordinates":[[[7.6234,49.5146],[7.6065,49.5216],[7.5959,49.5134],[7.6072,49.4989],[7.6188,49.4954],[7.6491,49.4889],[7.6458,49.4978],[7.6234,49.5146]]]},"properties":{"AGS":"07335005","GEN":"Erzenhausen","SN_L":"07"}},
{"type":"Feature","geometry":{"type":"Polygon","coordinates":[[[7.6234,49.5146],[7.6458,49.4978],[7.6491,49.4889],[7.6511,49.4879],[7.6643,49.4945],[7.6693,49.5096],[7.6234,49.5146]]]},"properties":{"AGS":"07335006","GEN":"Eulenbis","SN_L":"07"}},
{"type":"Feature","geometry":{"type":"Polygon","coordinates":[[[7.6065,49.5216],[7.5846,49.53],[7.5618,49.5184],[7.5624,49.5074],[7.5727,49.5014],[7.5959,49.5134],[7.6065,49.5216]]]},"properties":{"AGS":"07335019","GEN":"Kollweiler","SN_L":"07"}},
{"type":"Feature","geometry":{"type":"Polygon","coordinates":[[[7.5876,49.4825],[7.5576,49.4843],[7.5876,49.4636],[7.6077,49.4689],[7.5876,49.4825]]]},"properties":{"AGS":"07335024","GEN":"Mackenbach","SN_L":"07"}},
{"type":"Feature","geometry":{"type":"Polygon","coordinates":[[[7.6818,49.4879],[7.6643,49.4945],[7.6511,49.4879],[7.6523,49.4768],[7.6393,49.474],[7.6548,49.4467],[7.671,49.4494],[7.6982,49.4438],[7.7003,49.4531],[7.6824,49.4598],[7.6818,49.4879]]]},"properties":{"AGS":"07335040","GEN":"Rodenbach","SN_L":"07"}},
{"type":"Feature","geometry":{"type":"Polygon","coordinates":[[[7.5876,49.4825],[7.6029,49.484],[7.6188,49.4954],[7.6072,49.4989],[7.5959,49.5134],[7.5727,49.5014],[7.5609,49.494],[7.5576,49.4843],[7.5876,49.4825]]]},"properties":{"AGS":"07335043","GEN":"Schwedelbach","SN_L":"07"}},
{"type":"Feature","geometry":{"type":"Polygon","coordinates":[[[7.6491,49.4889],[7.6188,49.4954],[7.6029,49.484],[7.5876,49.4825],[7.6077,49.4689],[7.618,49.4491],[7.6312,49.4354],[7.6352,49.4466],[7.6548,49.4467],[7.6393,49.474],[7.6523,49.4768],[7.6511,49.4879],[7.6491,49.4889]]]},"properties":{"AGS":"07335049","GEN":"Weilerbach","SN_L":"07"}},
{"type":"Feature","geometry":{"type":"Polygon","coordinates":[[[7.5618,49.5184],[7.537,49.5185],[7.5309,49.5277],[7.5267,49.5263],[7.5278,49.5229],[7.5278,49.5165],[7.5114,49.5059],[7.5003,49.5043],[7.4946,49.4975],[7.4793,49.4971],[7.4811,49.4875],[7.4977,49.4854],[7.4987,49.485],[7.5064,49.4925],[7.5378,49.4915],[7.5576,49.4843],[7.5609,49.494],[7.5727,49.5014],[7.5624,49.5074],[7.5618,49.5184]]]},"properties":{"AGS":"07335501","GEN":"Reichenbach-Steegen","SN_L":"07"}},
{"type":"Feature","geometry":{"type":"Polygon","coordinates":[[[7.6622,49.5311],[7.6414,49.5429],[7.6121,49.5304],[7.608,49.522],[7.6199,49.5188],[7.6434,49.5284],[7.6622,49.5311]]]},"properties":{"AGS":"07335009","GEN":"Frankelbach","SN_L":"07"}},
{"type":"Feature","geometry":{"type":"Polygon","coordinates":[[[7.7815,49.5615],[7.7554,49.5729],[7.7469,49.5739],[7.7336,49.5589],[7.7381,49.5535],[7.7549,49.5369],[7.7671,49.5336],[7.7723,49.5325],[7.7668,49.5422],[7.7815,49.5615]]]},"properties":{"AGS":"07335013","GEN":"Heiligenmoschel","SN_L":"07"}},
{"type":"Feature","geometry":{"type":"Polygon","coordinates":[[[7.6968,49.5171],[7.6996,49.5234],[7.6855,49.532],[7.6628,49.5219],[7.6766,49.5185],[7.6968,49.5171]]]},"properties":{"AGS":"07335014","GEN":"Hirschhorn/Pfalz","SN_L":"07"}},
{"type":"Feature","geometry":{"type":"Polygon","coordinates":[[[7.6968,49.5171],[7.6766,49.5185],[7.6693,49.5096],[7.6643,49.4945],[7.6818,49.4879],[7.7031,49.4951],[7.7251,49.5026],[7.7361,49.5088],[7.6968,49.5171]]]},"properties":{"AGS":"07335017","GEN":"Katzweiler","SN_L":"07"}},
{"type":"Feature","geometry":{"type":"Polygon","coordinates":[[[7.7262,49.5402],[7.6889,49.5348],[7.6855,49.532],[7.6996,49.5234],[7.6968,49.5171],[7.7361,49.5088],[7.7453,49.514],[7.7467,49.5258],[7.7262,49.5402]]]},"properties":{"AGS":"07335025","GEN":"Mehlbach","SN_L":"07"}},
{"type":"Feature","geometry":{"type":"Polygon","coordinates":[[[7.7469,49.5739],[7.7396,49.5854],[7.7478,49.5948],[7.7448,49.5971],[7.7351,49.5862],[7.7211,49.589],[7.6963,49.5887],[7.6845,49.5923],[7.6717,49.5859],[7.6517,49.5881],[7.6393,49.575],[7.6558,49.5711],[7.6601,49.5604],[7.685,49.546],[7.7135,49.5585],[7.7336,49.5589],[7.7469,49.5739]]]},"properties":{"AGS":"07335029","GEN":"Niederkirchen","SN_L":"07"}},
{"type":"Feature","geometry":{"type":"Polygon","coordinates":[[[7.685,49.546],[7.6601,49.5604],[7.6414,49.5429],[7.6622,49.5311],[7.6628,49.5219],[7.6855,49.532],[7.6889,49.5348],[7.685,49.546]]]},"properties":{"AGS":"07335033","GEN":"Olsbrücken","SN_L":"07"}},
{"type":"Feature","geometry":{"type":"Polygon","coordinates":[[[7.7574,49.4886],[7.7251,49.5026],[7.7031,49.4951],[7.7216,49.4865],[7.7377,49.4729],[7.7555,49.476],[7.7574,49.4886]]]},"properties":{"AGS":"07335034","GEN":"Otterbach","SN_L":"07"}},
{"type":"Feature","geometry":{"type":"Polygon","coordinates":[[[7.8003,49.5374],[7.7723,49.5325],[7.7671,49.5336],[7.7467,49.5258],[7.7453,49.514],[7.7361,49.5088],[7.7251,49.5026],[7.7574,49.4886],[7.7783,49.4907],[7.8021,49.4818],[7.8279,49.4938],[7.8344,49.5124],[7.8339,49.513],[7.8341,49.5196],[7.8263,49.5306],[7.8003,49.5374]]]},"properties":{"AGS":"07335035","GEN":"Otterberg","SN_L":"07"}},
{"type":"Feature","geometry":{"type":"Polygon","coordinates":[[[7.7336,49.5589],[7.7135,49.5585],[7.685,49.546],[7.6889,49.5348],[7.7262,49.5402],[7.7381,49.5535],[7.7336,49.5589]]]},"properties":{"AGS":"07335041","GEN":"Schallodenbach","SN_L":"07"}},
{"type":"Feature","geometry":{"type":"Polygon","coordinates":[[[7.7671,49.5336],[7.7549,49.5369],[7.7381,49.5535],[7.7262,49.5402],[7.7467,49.5258],[7.7671,49.5336]]]},"properties":{"AGS":"07335042","GEN":"Schneckenhausen","SN_L":"07"}},
{"type":"Feature","geometry":{"type":"Polygon","coordinates":[[[7.6628,49.5219],[7.6622,49.5311],[7.6434,49.5284],[7.6199,49.5188],[7.608,49.522],[7.6065,49.5216],[7.6234,49.5146],[7.6693,49.5096],[7.6766,49.5185],[7.6628,49.5219]]]},"properties":{"AGS":"07335046","GEN":"Sulzbachtal","SN_L":"07"}},
{"type":"Feature","geometry":{"type":"Polygon","coordinates":[[[7.6786,49.3983],[7.6683,49.4186],[7.6232,49.4036],[7.6046,49.4037],[7.5955,49.3994],[7.6032,49.3849],[7.6014,49.3763],[7.6039,49.3761],[7.6311,49.3869],[7.6512,49.3981],[7.6641,49.3947],[7.6786,49.3983]]]},"properties":{"AGS":"07335002","GEN":"Bann","SN_L":"07"}},
{"type":"Feature","geometry":{"type":"Polygon","coordinates":[[[7.5056,49.4049],[7.4748,49.4041],[7.473,49.3974],[7.4866,49.3861],[7.5196,49.3961],[7.518,49.4051],[7.5056,49.4049]]]},"properties":{"AGS":"07335012","GEN":"Hauptstuhl","SN_L":"07"}},
{"type":"Feature","geometry":{"type":"Polygon","coordinates":[[[7.6683,49.4186],[7.6496,49.4299],[7.6299,49.4252],[7.5989,49.4201],[7.5925,49.4109],[7.6046,49.4037],[7.6232,49.4036],[7.6683,49.4186]]]},"properties":{"AGS":"07335018","GEN":"Kindsbach","SN_L":"07"}},
{"type":"Feature","geometry":{"type":"Polygon","coordinates":[[[7.6988,49.3852],[7.6915,49.3873],[7.6469,49.369],[7.649,49.3607],[7.6726,49.3434],[7.6917,49.3661],[7.6988,49.3852]]]},"properties":{"AGS":"07335021","GEN":"Krickenbach","SN_L":"07"}},
{"type":"Feature","geometry":{"type":"Polygon","coordinates":[[[7.5989,49.4201],[7.572,49.4193],[7.5259,49.4088],[7.518,49.4051],[7.5196,49.3961],[7.5284,49.384],[7.5392,49.3866],[7.5523,49.3918],[7.5743,49.3907],[7.5955,49.3994],[7.6046,49.4037],[7.5925,49.4109],[7.5989,49.4201]]]},"properties":{"AGS":"07335022","GEN":"Landstuhl","SN_L":"07"}},
{"type":"Feature","geometry":{"type":"Polygon","coordinates":[[[7.649,49.3607],[7.6287,49.359],[7.6278,49.3421],[7.6689,49.3419],[7.6726,49.3434],[7.649,49.3607]]]},"properties":{"AGS":"07335023","GEN":"Linden","SN_L":"07"}},
{"type":"Feature","geometry":{"type":"Polygon","coordinates":[[[7.5743,49.3907],[7.5523,49.3918],[7.5392,49.3866],[7.5266,49.3741],[7.5597,49.3545],[7.5707,49.3692],[7.5743,49.3907]]]},"properties":{"AGS":"07335027","GEN":"Mittelbrunn","SN_L":"07"}},
{"type":"Feature","geometry":{"type":"Polygon","coordinates":[[[7.6014,49.3763],[7.6032,49.3849],[7.5955,49.3994],[7.5743,49.3907],[7.5707,49.3692],[7.6014,49.3763]]]},"properties":{"AGS":"07335031","GEN":"Oberarnbach","SN_L":"07"}},
{"type":"Feature","geometry":{"type":"Polygon","coordinates":[[[7.6786,49.3983],[7.6641,49.3947],[7.6512,49.3981],[7.6311,49.3869],[7.6039,49.3761],[7.6063,49.3637],[7.6287,49.359],[7.649,49.3607],[7.6469,49.369],[7.6915,49.3873],[7.6786,49.3983]]]},"properties":{"AGS":"07335037","GEN":"Queidersbach","SN_L":"07"}},
{"type":"Feature","geometry":{"type":"Polygon","coordinates":[[[7.7406,49.3919],[7.7088,49.394],[7.6988,49.3852],[7.6917,49.3661],[7.7242,49.368],[7.7362,49.3622],[7.7482,49.366],[7.7406,49.3919]]]},"properties":{"AGS":"07335045","GEN":"Stelzenberg","SN_L":"07"}},
{"type":"Feature","geometry":{"type":"Polygon","coordinates":[[[7.8405,49.3589],[7.8165,49.3638],[7.7953,49.3801],[7.7757,49.3883],[7.7697,49.3952],[7.7406,49.3919],[7.7482,49.366],[7.7362,49.3622],[7.7265,49.3453],[7.765,49.3404],[7.7678,49.3144],[7.788,49.3123],[7.7987,49.3068],[7.8115,49.3182],[7.8336,49.3213],[7.832,49.3238],[7.8246,49.3348],[7.8342,49.3559],[7.8405,49.3589]]]},"properties":{"AGS":"07335047","GEN":"Trippstadt","SN_L":"07"}},
{"type":"Feature","geometry":{"type":"Polygon","coordinates":[[[7.7362,49.3622],[7.7242,49.368],[7.6917,49.3661],[7.6726,49.3434],[7.6689,49.3419],[7.6696,49.3324],[7.6814,49.3385],[7.6976,49.3384],[7.7265,49.3453],[7.7362,49.3622]]]},"properties":{"AGS":"07335204","GEN":"Schopp","SN_L":"07"}},
{"type":"Feature","geometry":{"type":"Polygon","coordinates":[[[7.6721,49.6703],[7.6463,49.6725],[7.6351,49.659],[7.6356,49.6561],[7.6573,49.6559],[7.6721,49.6703]]]},"properties":{"AGS":"07336001","GEN":"Adenbach","SN_L":"07"}},
{"type":"Feature","geometry":{"type":"Polygon","coordinates":[[[7.5878,49.574],[7.5866,49.6139],[7.5692,49.6125],[7.5619,49.5993],[7.5819,49.5798],[7.578,49.5746],[7.5818,49.5745],[7.5878,49.574]]]},"properties":{"AGS":"07336005","GEN":"Aschbach","SN_L":"07"}},
{"type":"Feature","geometry":{"type":"Polygon","coordinates":[[[7.561,49.6404],[7.5464,49.6473],[7.5458,49.6483],[7.5267,49.64],[7.529,49.6307],[7.5486,49.6295],[7.561,49.6404]]]},"properties":{"AGS":"07336012","GEN":"Buborn","SN_L":"07"}},
{"type":"Feature","geometry":{"type":"Polygon","coordinates":[[[7.6295,49.6602],[7.6151,49.6575],[7.6145,49.641],[7.6335,49.642],[7.6356,49.6561],[7.6351,49.659],[7.6295,49.6602]]]},"properties":{"AGS":"07336013","GEN":"Cronenberg","SN_L":"07"}},
{"type":"Feature","geometry":{"type":"Polygon","coordinates":[[[7.5145,49.6428],[7.504,49.6247],[7.5056,49.6206],[7.5279,49.6276],[7.529,49.6307],[7.5267,49.64],[7.5145,49.6428]]]},"properties":{"AGS":"07336014","GEN":"Deimberg","SN_L":"07"}},
{"type":"Feature","geometry":{"type":"Polygon","coordinates":[[[7.6521,49.6079],[7.6436,49.6236],[7.6271,49.6101],[7.6338,49.5903],[7.6483,49.5949],[7.6521,49.6079]]]},"properties":{"AGS":"07336019","GEN":"Einöllen","SN_L":"07"}},
{"type":"Feature","geometry":{"type":"Polygon","coordinates":[[[7.5818,49.5745],[7.5733,49.5682],[7.5403,49.5645],[7.5221,49.5578],[7.5257,49.5553],[7.5373,49.5486],[7.5598,49.5527],[7.5674,49.5487],[7.5857,49.5556],[7.5904,49.5674],[7.5883,49.5736],[7.5878,49.574],[7.5818,49.5745]]]},"properties":{"AGS":"07336023","GEN":"Eßweiler","SN_L":"07"}},
{"type":"Feature","geometry":{"type":"Polygon","coordinates":[[[7.6573,49.6559],[7.6356,49.6561],[7.6335,49.642],[7.6384,49.6309],[7.6545,49.6395],[7.6573,49.6559]]]},"properties":{"AGS":"07336029","GEN":"Ginsweiler","SN_L":"07"}},
{"type":"Feature","geometry":{"type":"Polygon","coordinates":[[[7.5442,49.6041],[7.5279,49.6276],[7.5056,49.6206],[7.5278,49.6069],[7.5167,49.5998],[7.5433,49.5989],[7.5442,49.6041]]]},"properties":{"AGS":"07336030","GEN":"Glanbrücken","SN_L":"07"}},
{"type":"Feature","geometry":{"type":"MultiPolygon","coordinates":[[[[7.5687,49.6659],[7.5852,49.673],[7.5838,49.6737],[7.5687,49.6659]]],[[[7.57,49.6531],[7.5679,49.6644],[7.5533,49.6624],[7.5397,49.6608],[7.5458,49.6483],[7.5464,49.6473],[7.57,49.6531]]]]},"properties":{"AGS":"07336033","GEN":"Grumbach","SN_L":"07"}},
{"type":"Feature","geometry":{"type":"Polygon","coordinates":[[[7.561,49.6404],[7.5735,49.6484],[7.57,49.6531],[7.5464,49.6473],[7.561,49.6404]]]},"properties":{"AGS":"07336035","GEN":"Hausweiler","SN_L":"07"}},
{"type":"Feature","geometry":{"type":"Polygon","coordinates":[[[7.7023,49.6052],[7.6969,49.62],[7.6842,49.6214],[7.6613,49.6105],[7.6845,49.5923],[7.6963,49.5887],[7.705,49.5967],[7.7023,49.6052]]]},"properties":{"AGS":"07336036","GEN":"Hefersweiler","SN_L":"07"}},
{"type":"Feature","geometry":{"type":"Polygon","coordinates":[[[7.6157,49.6144],[7.6213,49.6262],[7.6154,49.6341],[7.6047,49.6216],[7.6084,49.6127],[7.6156,49.6135],[7.6157,49.6144]]]},"properties":{"AGS":"07336038","GEN":"Heinzenhausen","SN_L":"07"}},
{"type":"Feature","geometry":{"type":"Polygon","coordinates":[[[7.5397,49.6608],[7.5287,49.6608],[7.5133,49.6442],[7.5145,49.6428],[7.5267,49.64],[7.5458,49.6483],[7.5397,49.6608]]]},"properties":{"AGS":"07336040","GEN":"Herren-Sulzbach","SN_L":"07"}},
{"type":"Feature","geometry":{"type":"Polygon","coordinates":[[[7.5619,49.5993],[7.5433,49.5989],[7.5359,49.5821],[7.5551,49.5857],[7.5589,49.5781],[7.578,49.5746],[7.5819,49.5798],[7.5619,49.5993]]]},"properties":{"AGS":"07336042","GEN":"Hinzweiler","SN_L":"07"}},
{"type":"Feature","geometry":{"type":"Polygon","coordinates":[[[7.6335,49.642],[7.6145,49.641],[7.6126,49.6365],[7.6154,49.6341],[7.6213,49.6262],[7.6157,49.6144],[7.6271,49.6101],[7.6436,49.6236],[7.6384,49.6309],[7.6335,49.642]]]},"properties":{"AGS":"07336043","GEN":"Hohenöllen","SN_L":"07"}},
{"type":"Feature","geometry":{"type":"Polygon","coordinates":[[[7.5089,49.6607],[7.4914,49.6518],[7.4762,49.6577],[7.4452,49.664],[7.4255,49.6493],[7.4338,49.6405],[7.4625,49.6435],[7.4659,49.6431],[7.4811,49.6492],[7.4966,49.643],[7.5133,49.6442],[7.5287,49.6608],[7.5089,49.6607]]]},"properties":{"AGS":"07336044","GEN":"Homberg","SN_L":"07"}},
{"type":"Feature","geometry":{"type":"Polygon","coordinates":[[[7.5362,49.714],[7.5276,49.7087],[7.5228,49.7076],[7.5192,49.6965],[7.5219,49.6788],[7.5286,49.6755],[7.5402,49.6763],[7.5554,49.6916],[7.5397,49.7025],[7.5362,49.714]]]},"properties":{"AGS":"07336045","GEN":"Hoppstädten","SN_L":"07"}},
{"type":"Feature","geometry":{"type":"Polygon","coordinates":[[[7.5674,49.5487],[7.5598,49.5527],[7.5373,49.5486],[7.5421,49.531],[7.5309,49.5277],[7.537,49.5185],[7.5618,49.5184],[7.5846,49.53],[7.5674,49.5487]]]},"properties":{"AGS":"07336048","GEN":"Jettenbach","SN_L":"07"}},
{"type":"Feature","geometry":{"type":"Polygon","coordinates":[[[7.5997,49.6798],[7.5773,49.6887],[7.5554,49.6916],[7.5402,49.6763],[7.5533,49.6624],[7.5679,49.6644],[7.5687,49.6659],[7.5838,49.6737],[7.5997,49.6798]]]},"properties":{"AGS":"07336049","GEN":"Kappeln","SN_L":"07"}},
{"type":"Feature","geometry":{"type":"Polygon","coordinates":[[[7.5133,49.6442],[7.4966,49.643],[7.4811,49.6492],[7.4659,49.6431],[7.4728,49.6315],[7.4887,49.6231],[7.504,49.6247],[7.5145,49.6428],[7.5133,49.6442]]]},"properties":{"AGS":"07336050","GEN":"Kirrweiler","SN_L":"07"}},
{"type":"Feature","geometry":{"type":"Polygon","coordinates":[[[7.6601,49.5604],[7.6558,49.5711],[7.6442,49.5702],[7.6217,49.5592],[7.6083,49.5521],[7.6068,49.5366],[7.6121,49.5304],[7.6414,49.5429],[7.6601,49.5604]]]},"properties":{"AGS":"07336053","GEN":"Kreimbach-Kaulbach","SN_L":"07"}},
{"type":"Feature","geometry":{"type":"Polygon","coordinates":[[[7.5219,49.6788],[7.4907,49.6749],[7.5011,49.6611],[7.5089,49.6607],[7.5287,49.6608],[7.5286,49.6755],[7.5219,49.6788]]]},"properties":{"AGS":"07336057","GEN":"Langweiler","SN_L":"07"}},
{"type":"Feature","geometry":{"type":"Polygon","coordinates":[[[7.6151,49.6575],[7.5852,49.673],[7.5687,49.6659],[7.5679,49.6644],[7.57,49.6531],[7.5735,49.6484],[7.5836,49.6374],[7.6074,49.6419],[7.6126,49.6365],[7.6145,49.641],[7.6151,49.6575]]]},"properties":{"AGS":"07336058","GEN":"Lauterecken","SN_L":"07"}},
{"type":"Feature","geometry":{"type":"Polygon","coordinates":[[[7.6126,49.6365],[7.6074,49.6419],[7.5836,49.6374],[7.5825,49.6224],[7.5864,49.6144],[7.6084,49.6127],[7.6047,49.6216],[7.6154,49.6341],[7.6126,49.6365]]]},"properties":{"AGS":"07336060","GEN":"Lohnweiler","SN_L":"07"}},
{"type":"Feature","geometry":{"type":"Polygon","coordinates":[[[7.6295,49.6602],[7.6337,49.6656],[7.6212,49.6794],[7.6237,49.6844],[7.6091,49.6843],[7.5997,49.6798],[7.5838,49.6737],[7.5852,49.673],[7.6151,49.6575],[7.6295,49.6602]]]},"properties":{"AGS":"07336061","GEN":"Medard","SN_L":"07"}},
{"type":"Feature","geometry":{"type":"Polygon","coordinates":[[[7.5533,49.6624],[7.5402,49.6763],[7.5286,49.6755],[7.5287,49.6608],[7.5397,49.6608],[7.5533,49.6624]]]},"properties":{"AGS":"07336062","GEN":"Merzweiler","SN_L":"07"}},
{"type":"Feature","geometry":{"type":"Polygon","coordinates":[[[7.5619,49.5993],[7.5692,49.6125],[7.5442,49.6041],[7.5433,49.5989],[7.5619,49.5993]]]},"properties":{"AGS":"07336065","GEN":"Nerzweiler","SN_L":"07"}},
{"type":"Feature","geometry":{"type":"Polygon","coordinates":[[[7.7033,49.6525],[7.6774,49.6398],[7.677,49.6281],[7.6842,49.6214],[7.6969,49.62],[7.7141,49.6247],[7.7188,49.6393],[7.7279,49.6418],[7.7269,49.6499],[7.7033,49.6525]]]},"properties":{"AGS":"07336069","GEN":"Nußbach","SN_L":"07"}},
{"type":"Feature","geometry":{"type":"Polygon","coordinates":[[[7.578,49.5746],[7.5589,49.5781],[7.5551,49.5857],[7.5359,49.5821],[7.5403,49.5645],[7.5733,49.5682],[7.5818,49.5745],[7.578,49.5746]]]},"properties":{"AGS":"07336072","GEN":"Oberweiler im Tal","SN_L":"07"}},
{"type":"Feature","geometry":{"type":"Polygon","coordinates":[[[7.6271,49.6101],[7.6157,49.6144],[7.6156,49.6135],[7.6089,49.593],[7.6338,49.5903],[7.6271,49.6101]]]},"properties":{"AGS":"07336073","GEN":"Oberweiler-Tiefenbach","SN_L":"07"}},
{"type":"Feature","geometry":{"type":"Polygon","coordinates":[[[7.6736,49.6879],[7.6528,49.6987],[7.6426,49.687],[7.6237,49.6844],[7.6212,49.6794],[7.6337,49.6656],[7.6295,49.6602],[7.6351,49.659],[7.6463,49.6725],[7.6721,49.6703],[7.6652,49.6795],[7.6736,49.6857],[7.6736,49.6879]]]},"properties":{"AGS":"07336074","GEN":"Odenbach","SN_L":"07"}},
{"type":"Feature","geometry":{"type":"Polygon","coordinates":[[[7.5825,49.6224],[7.5642,49.634],[7.5486,49.6295],[7.529,49.6307],[7.5279,49.6276],[7.5442,49.6041],[7.5692,49.6125],[7.5866,49.6139],[7.5864,49.6144],[7.5825,49.6224]]]},"properties":{"AGS":"07336075","GEN":"Offenbach-Hundheim","SN_L":"07"}},
{"type":"Feature","geometry":{"type":"Polygon","coordinates":[[[7.6774,49.6398],[7.6545,49.6395],[7.6384,49.6309],[7.6436,49.6236],[7.6521,49.6079],[7.6613,49.6105],[7.6842,49.6214],[7.677,49.6281],[7.6774,49.6398]]]},"properties":{"AGS":"07336085","GEN":"Reipoltskirchen","SN_L":"07"}},
{"type":"Feature","geometry":{"type":"Polygon","coordinates":[[[7.6613,49.6105],[7.6521,49.6079],[7.6483,49.5949],[7.6517,49.5881],[7.6717,49.5859],[7.6845,49.5923],[7.6613,49.6105]]]},"properties":{"AGS":"07336086","GEN":"Relsberg","SN_L":"07"}},
{"type":"Feature","geometry":{"type":"Polygon","coordinates":[[[7.6083,49.5521],[7.5993,49.5655],[7.5904,49.5674],[7.5857,49.5556],[7.5674,49.5487],[7.5846,49.53],[7.6065,49.5216],[7.608,49.522],[7.6121,49.5304],[7.6068,49.5366],[7.6083,49.5521]]]},"properties":{"AGS":"07336087","GEN":"Rothselberg","SN_L":"07"}},
{"type":"Feature","geometry":{"type":"Polygon","coordinates":[[[7.6217,49.5592],[7.6197,49.5787],[7.5883,49.5736],[7.5904,49.5674],[7.5993,49.5655],[7.6083,49.5521],[7.6217,49.5592]]]},"properties":{"AGS":"07336090","GEN":"Rutsweiler an der Lauter","SN_L":"07"}},
{"type":"Feature","geometry":{"type":"Polygon","coordinates":[[[7.504,49.6247],[7.4887,49.6231],[7.4728,49.6315],[7.4659,49.6431],[7.4625,49.6435],[7.453,49.6331],[7.4836,49.6178],[7.4842,49.6079],[7.4736,49.5984],[7.4874,49.5779],[7.4993,49.5845],[7.5167,49.5998],[7.5278,49.6069],[7.5056,49.6206],[7.504,49.6247]]]},"properties":{"AGS":"07336095","GEN":"Sankt Julian","SN_L":"07"}},
{"type":"Feature","geometry":{"type":"Polygon","coordinates":[[[7.4907,49.6749],[7.4785,49.678],[7.4538,49.674],[7.4452,49.664],[7.4762,49.6577],[7.4914,49.6518],[7.5089,49.6607],[7.5011,49.6611],[7.4907,49.6749]]]},"properties":{"AGS":"07336100","GEN":"Unterjeckenbach","SN_L":"07"}},
{"type":"Feature","geometry":{"type":"Polygon","coordinates":[[[7.5836,49.6374],[7.5735,49.6484],[7.561,49.6404],[7.5486,49.6295],[7.5642,49.634],[7.5825,49.6224],[7.5836,49.6374]]]},"properties":{"AGS":"07336104","GEN":"Wiesweiler","SN_L":"07"}},
{"type":"Feature","geometry":{"type":"Polygon","coordinates":[[[7.6084,49.6127],[7.5864,49.6144],[7.5866,49.6139],[7.5878,49.574],[7.5883,49.5736],[7.6197,49.5787],[7.6217,49.5592],[7.6442,49.5702],[7.6558,49.5711],[7.6393,49.575],[7.6517,49.5881],[7.6483,49.5949],[7.6338,49.5903],[7.6089,49.593],[7.6156,49.6135],[7.6084,49.6127]]]},"properties":{"AGS":"07336105","GEN":"Wolfstein","SN_L":"07"}},
{"type":"Feature","geometry":{"type":"Polygon","coordinates":[[[7.3374,49.4402],[7.3325,49.4564],[7.3184,49.4502],[7.2844,49.4452],[7.2907,49.4322],[7.3289,49.4364],[7.3374,49.4402]]]},"properties":{"AGS":"07336004","GEN":"Altenkirchen","SN_L":"07"}},
{"type":"Feature","geometry":{"type":"Polygon","coordinates":[[[7.4149,49.4519],[7.4144,49.4566],[7.4071,49.4546],[7.3812,49.44],[7.3894,49.435],[7.4117,49.4306],[7.418,49.4369],[7.4149,49.4519]]]},"properties":{"AGS":"07336008","GEN":"Börsborn","SN_L":"07"}},
{"type":"Feature","geometry":{"type":"Polygon","coordinates":[[[7.2844,49.4452],[7.2869,49.4577],[7.2464,49.4455],[7.2526,49.4315],[7.2901,49.4147],[7.2937,49.4273],[7.2907,49.4322],[7.2844,49.4452]]]},"properties":{"AGS":"07336010","GEN":"Breitenbach","SN_L":"07"}},
{"type":"Feature","geometry":{"type":"Polygon","coordinates":[[[7.3812,49.44],[7.3563,49.4425],[7.3411,49.4388],[7.3486,49.4309],[7.3283,49.4169],[7.3504,49.4144],[7.3823,49.4214],[7.3894,49.435],[7.3812,49.44]]]},"properties":{"AGS":"07336011","GEN":"Brücken (Pfalz)","SN_L":"07"}},
{"type":"Feature","geometry":{"type":"Polygon","coordinates":[[[7.3374,49.4402],[7.3289,49.4364],[7.2907,49.4322],[7.2937,49.4273],[7.3198,49.4179],[7.3283,49.4169],[7.3486,49.4309],[7.3411,49.4388],[7.3374,49.4402]]]},"properties":{"AGS":"07336016","GEN":"Dittweiler","SN_L":"07"}},
{"type":"Feature","geometry":{"type":"Polygon","coordinates":[[[7.3198,49.4179],[7.2937,49.4273],[7.2901,49.4147],[7.2926,49.4082],[7.2989,49.3985],[7.326,49.4009],[7.3198,49.4179]]]},"properties":{"AGS":"07336017","GEN":"Dunzweiler","SN_L":"07"}},
{"type":"Feature","geometry":{"type":"Polygon","coordinates":[[[7.3325,49.4564],[7.3056,49.4594],[7.2994,49.466],[7.2869,49.4577],[7.2844,49.4452],[7.3184,49.4502],[7.3325,49.4564]]]},"properties":{"AGS":"07336027","GEN":"Frohnhofen","SN_L":"07"}},
{"type":"Feature","geometry":{"type":"Polygon","coordinates":[[[7.4595,49.4712],[7.4387,49.4786],[7.4179,49.4691],[7.4144,49.4566],[7.4149,49.4519],[7.4234,49.4576],[7.4507,49.4578],[7.4595,49.4712]]]},"properties":{"AGS":"07336031","GEN":"Glan-Münchweiler","SN_L":"07"}},
{"type":"Feature","geometry":{"type":"Polygon","coordinates":[[[7.4117,49.4306],[7.3894,49.435],[7.3823,49.4214],[7.3933,49.4162],[7.4138,49.4146],[7.4212,49.4205],[7.421,49.424],[7.4117,49.4306]]]},"properties":{"AGS":"07336032","GEN":"Gries","SN_L":"07"}},
{"type":"Feature","geometry":{"type":"Polygon","coordinates":[[[7.4179,49.4691],[7.3933,49.4768],[7.3801,49.47],[7.3804,49.4671],[7.3843,49.4642],[7.3996,49.463],[7.4071,49.4546],[7.4144,49.4566],[7.4179,49.4691]]]},"properties":{"AGS":"07336037","GEN":"Henschtal","SN_L":"07"}},
{"type":"Feature","geometry":{"type":"Polygon","coordinates":[[[7.3591,49.4942],[7.3478,49.4943],[7.3246,49.4816],[7.3209,49.4759],[7.3455,49.4704],[7.3496,49.4585],[7.3639,49.4601],[7.3684,49.4643],[7.3657,49.4886],[7.3591,49.4942]]]},"properties":{"AGS":"07336041","GEN":"Herschweiler-Pettersheim","SN_L":"07"}},
{"type":"Feature","geometry":{"type":"Polygon","coordinates":[[[7.4075,49.5039],[7.3777,49.5043],[7.3722,49.4989],[7.3873,49.4827],[7.3982,49.4929],[7.4059,49.4985],[7.4075,49.5039]]]},"properties":{"AGS":"07336047","GEN":"Hüffler","SN_L":"07"}},
{"type":"Feature","geometry":{"type":"Polygon","coordinates":[[[7.3496,49.4585],[7.3455,49.4704],[7.3209,49.4759],[7.3049,49.4742],[7.2994,49.466],[7.3056,49.4594],[7.3325,49.4564],[7.3496,49.4585]]]},"properties":{"AGS":"07336054","GEN":"Krottelbach","SN_L":"07"}},
{"type":"Feature","geometry":{"type":"Polygon","coordinates":[[[7.3478,49.4943],[7.3343,49.4957],[7.3191,49.5066],[7.3127,49.5097],[7.3081,49.4911],[7.2968,49.4835],[7.3049,49.4742],[7.3209,49.4759],[7.3246,49.4816],[7.3478,49.4943]]]},"properties":{"AGS":"07336056","GEN":"Langenbach","SN_L":"07"}},
{"type":"Feature","geometry":{"type":"Polygon","coordinates":[[[7.4507,49.4578],[7.4234,49.4576],[7.4149,49.4519],[7.418,49.4369],[7.4117,49.4306],[7.421,49.424],[7.4601,49.4365],[7.4633,49.44],[7.4507,49.4578]]]},"properties":{"AGS":"07336064","GEN":"Nanzdietschweiler","SN_L":"07"}},
{"type":"Feature","geometry":{"type":"Polygon","coordinates":[[[7.3496,49.4585],[7.3325,49.4564],[7.3374,49.4402],[7.3411,49.4388],[7.3563,49.4425],[7.3639,49.4601],[7.3496,49.4585]]]},"properties":{"AGS":"07336076","GEN":"Ohmbach","SN_L":"07"}},
{"type":"Feature","geometry":{"type":"Polygon","coordinates":[[[7.4363,49.4979],[7.4187,49.4973],[7.4059,49.4985],[7.3982,49.4929],[7.4231,49.4814],[7.4387,49.4786],[7.4595,49.4712],[7.4728,49.4801],[7.4363,49.4979]]]},"properties":{"AGS":"07336082","GEN":"Rehweiler","SN_L":"07"}},
{"type":"Feature","geometry":{"type":"Polygon","coordinates":[[[7.4138,49.4146],[7.3933,49.4162],[7.3823,49.4214],[7.3504,49.4144],[7.3283,49.4169],[7.3198,49.4179],[7.326,49.4009],[7.3564,49.398],[7.3565,49.3861],[7.4028,49.3789],[7.3987,49.3908],[7.4138,49.4146]]]},"properties":{"AGS":"07336092","GEN":"Schönenberg-Kübelberg","SN_L":"07"}},
{"type":"Feature","geometry":{"type":"Polygon","coordinates":[[[7.4071,49.4546],[7.3996,49.463],[7.3843,49.4642],[7.3795,49.4621],[7.3684,49.4643],[7.3639,49.4601],[7.3563,49.4425],[7.3812,49.44],[7.4071,49.4546]]]},"properties":{"AGS":"07336096","GEN":"Steinbach am Glan","SN_L":"07"}},
{"type":"Feature","geometry":{"type":"Polygon","coordinates":[[[7.3873,49.4827],[7.3722,49.4989],[7.3591,49.4942],[7.3657,49.4886],[7.3684,49.4643],[7.3795,49.4621],[7.3804,49.4671],[7.3801,49.47],[7.3873,49.4827]]]},"properties":{"AGS":"07336101","GEN":"Wahnwegen","SN_L":"07"}},
{"type":"Feature","geometry":{"type":"Polygon","coordinates":[[[7.4028,49.3789],[7.3565,49.3861],[7.3564,49.398],[7.326,49.4009],[7.2989,49.3985],[7.303,49.3874],[7.3294,49.3802],[7.3558,49.3798],[7.3691,49.374],[7.3664,49.3634],[7.3959,49.372],[7.4028,49.3789]]]},"properties":{"AGS":"07336102","GEN":"Waldmohr","SN_L":"07"}},
{"type":"Feature","geometry":{"type":"Polygon","coordinates":[[[7.4793,49.4971],[7.4698,49.5211],[7.4677,49.5189],[7.4486,49.5093],[7.4494,49.4989],[7.4363,49.4979],[7.4728,49.4801],[7.4811,49.4875],[7.4793,49.4971]]]},"properties":{"AGS":"07336107","GEN":"Matzenbach","SN_L":"07"}},
{"type":"Feature","geometry":{"type":"MultiPolygon","coordinates":[[[[7.3843,49.4642],[7.3804,49.4671],[7.3795,49.4621],[7.3843,49.4642]]],[[[7.4387,49.4786],[7.4231,49.4814],[7.3982,49.4929],[7.3873,49.4827],[7.3801,49.47],[7.3933,49.4768],[7.4179,49.4691],[7.4387,49.4786]]]]},"properties":{"AGS":"07336501","GEN":"Quirnbach/Pfalz","SN_L":"07"}},
{"type":"Feature","geometry":{"type":"Polygon","coordinates":[[[7.3418,49.5279],[7.3258,49.5211],[7.3098,49.5199],[7.3088,49.5105],[7.3127,49.5097],[7.3191,49.5066],[7.3515,49.5167],[7.3418,49.5279]]]},"properties":{"AGS":"07336002","GEN":"Albessen","SN_L":"07"}},
{"type":"Feature","geometry":{"type":"Polygon","coordinates":[[[7.4929,49.564],[7.4582,49.5595],[7.4511,49.5723],[7.4336,49.5625],[7.417,49.5594],[7.4205,49.5563],[7.4314,49.5495],[7.4538,49.5454],[7.4503,49.5341],[7.4558,49.5316],[7.4735,49.5287],[7.4863,49.5349],[7.485,49.5479],[7.5095,49.5583],[7.4929,49.564]]]},"properties":{"AGS":"07336003","GEN":"Altenglan","SN_L":"07"}},
{"type":"Feature","geometry":{"type":"Polygon","coordinates":[[[7.4148,49.5656],[7.3998,49.5702],[7.3861,49.5557],[7.3998,49.5494],[7.4205,49.5563],[7.417,49.5594],[7.4148,49.5656]]]},"properties":{"AGS":"07336006","GEN":"Blaubach","SN_L":"07"}},
{"type":"Feature","geometry":{"type":"Polygon","coordinates":[[[7.5257,49.5553],[7.5095,49.5583],[7.485,49.5479],[7.4863,49.5349],[7.5051,49.5322],[7.5163,49.5371],[7.5267,49.5263],[7.5309,49.5277],[7.5421,49.531],[7.5373,49.5486],[7.5257,49.5553]]]},"properties":{"AGS":"07336009","GEN":"Bosenbach","SN_L":"07"}},
{"type":"Feature","geometry":{"type":"Polygon","coordinates":[[[7.3943,49.5954],[7.3836,49.6],[7.363,49.5959],[7.3522,49.5875],[7.3651,49.5867],[7.3786,49.5696],[7.3929,49.5685],[7.3943,49.5954]]]},"properties":{"AGS":"07336015","GEN":"Dennweiler-Frohnbach","SN_L":"07"}},
{"type":"Feature","geometry":{"type":"Polygon","coordinates":[[[7.3862,49.5219],[7.3503,49.5339],[7.3418,49.5279],[7.3515,49.5167],[7.3781,49.5142],[7.3862,49.5219]]]},"properties":{"AGS":"07336018","GEN":"Ehweiler","SN_L":"07"}},
{"type":"Feature","geometry":{"type":"Polygon","coordinates":[[[7.5095,49.5583],[7.5257,49.5553],[7.5221,49.5578],[7.5172,49.5835],[7.5102,49.5789],[7.5095,49.5583]]]},"properties":{"AGS":"07336021","GEN":"Elzweiler","SN_L":"07"}},
{"type":"Feature","geometry":{"type":"Polygon","coordinates":[[[7.4597,49.575],[7.4458,49.5811],[7.4204,49.5757],[7.4148,49.5656],[7.417,49.5594],[7.4336,49.5625],[7.4511,49.5723],[7.4597,49.575]]]},"properties":{"AGS":"07336022","GEN":"Erdesbach","SN_L":"07"}},
{"type":"Feature","geometry":{"type":"Polygon","coordinates":[[[7.4357,49.5162],[7.4294,49.5204],[7.4099,49.517],[7.4075,49.5039],[7.4059,49.4985],[7.4187,49.4973],[7.4357,49.5162]]]},"properties":{"AGS":"07336024","GEN":"Etschberg","SN_L":"07"}},
{"type":"Feature","geometry":{"type":"Polygon","coordinates":[[[7.501,49.5183],[7.5066,49.5237],[7.5051,49.5322],[7.4863,49.5349],[7.4735,49.5287],[7.4745,49.5226],[7.501,49.5183]]]},"properties":{"AGS":"07336025","GEN":"Föckelberg","SN_L":"07"}},
{"type":"Feature","geometry":{"type":"Polygon","coordinates":[[[7.4503,49.5341],[7.4258,49.5355],[7.4097,49.5191],[7.4099,49.517],[7.4294,49.5204],[7.4357,49.5162],[7.4503,49.5341]]]},"properties":{"AGS":"07336034","GEN":"Haschbach am Remigiusberg","SN_L":"07"}},
{"type":"Feature","geometry":{"type":"Polygon","coordinates":[[[7.3078,49.52],[7.2857,49.5169],[7.2809,49.5055],[7.2871,49.4991],[7.3088,49.5105],[7.3098,49.5199],[7.3078,49.52]]]},"properties":{"AGS":"07336039","GEN":"Herchweiler","SN_L":"07"}},
{"type":"Feature","geometry":{"type":"Polygon","coordinates":[[[7.5167,49.5998],[7.4993,49.5845],[7.5172,49.5835],[7.5221,49.5578],[7.5403,49.5645],[7.5359,49.5821],[7.5433,49.5989],[7.5167,49.5998]]]},"properties":{"AGS":"07336046","GEN":"Horschbach","SN_L":"07"}},
{"type":"Feature","geometry":{"type":"Polygon","coordinates":[[[7.3522,49.5875],[7.346,49.579],[7.3641,49.5709],[7.3588,49.5559],[7.3806,49.5507],[7.3861,49.5557],[7.3998,49.5702],[7.3929,49.5685],[7.3786,49.5696],[7.3651,49.5867],[7.3522,49.5875]]]},"properties":{"AGS":"07336051","GEN":"Körborn","SN_L":"07"}},
{"type":"Feature","geometry":{"type":"Polygon","coordinates":[[[7.3781,49.5142],[7.3515,49.5167],[7.3191,49.5066],[7.3343,49.4957],[7.3478,49.4943],[7.3591,49.4942],[7.3722,49.4989],[7.3777,49.5043],[7.3781,49.5142]]]},"properties":{"AGS":"07336052","GEN":"Konken","SN_L":"07"}},
{"type":"Feature","geometry":{"type":"Polygon","coordinates":[[[7.4205,49.5563],[7.3998,49.5494],[7.3861,49.5557],[7.3806,49.5507],[7.3789,49.5449],[7.348,49.5373],[7.3503,49.5339],[7.3862,49.5219],[7.4097,49.5191],[7.4258,49.5355],[7.4314,49.5495],[7.4205,49.5563]]]},"properties":{"AGS":"07336055","GEN":"Kusel","SN_L":"07"}},
{"type":"Feature","geometry":{"type":"Polygon","coordinates":[[[7.501,49.5183],[7.4745,49.5226],[7.4698,49.5211],[7.4793,49.4971],[7.4946,49.4975],[7.5003,49.5043],[7.501,49.5183]]]},"properties":{"AGS":"07336066","GEN":"Neunkirchen am Potzberg","SN_L":"07"}},
{"type":"Feature","geometry":{"type":"Polygon","coordinates":[[[7.4625,49.6435],[7.4338,49.6405],[7.4365,49.6201],[7.4489,49.6153],[7.4629,49.6054],[7.4628,49.5947],[7.4736,49.5984],[7.4842,49.6079],[7.4836,49.6178],[7.453,49.6331],[7.4625,49.6435]]]},"properties":{"AGS":"07336067","GEN":"Niederalben","SN_L":"07"}},
{"type":"Feature","geometry":{"type":"Polygon","coordinates":[[[7.5267,49.5263],[7.5163,49.5371],[7.5051,49.5322],[7.5066,49.5237],[7.5278,49.5229],[7.5267,49.5263]]]},"properties":{"AGS":"07336068","GEN":"Niederstaufenbach","SN_L":"07"}},
{"type":"Feature","geometry":{"type":"Polygon","coordinates":[[[7.4155,49.5913],[7.3943,49.5954],[7.3929,49.5685],[7.3998,49.5702],[7.4148,49.5656],[7.4204,49.5757],[7.4155,49.5913]]]},"properties":{"AGS":"07336070","GEN":"Oberalben","SN_L":"07"}},
{"type":"Feature","geometry":{"type":"Polygon","coordinates":[[[7.5278,49.5229],[7.5066,49.5237],[7.501,49.5183],[7.5003,49.5043],[7.5114,49.5059],[7.5278,49.5165],[7.5278,49.5229]]]},"properties":{"AGS":"07336071","GEN":"Oberstaufenbach","SN_L":"07"}},
{"type":"Feature","geometry":{"type":"Polygon","coordinates":[[[7.3496,49.5537],[7.3246,49.5565],[7.3138,49.5568],[7.3075,49.5534],[7.2998,49.548],[7.3028,49.5345],[7.3078,49.52],[7.3098,49.5199],[7.3258,49.5211],[7.3418,49.5279],[7.3503,49.5339],[7.348,49.5373],[7.357,49.5475],[7.3496,49.5537]]]},"properties":{"AGS":"07336077","GEN":"Pfeffelbach","SN_L":"07"}},
{"type":"Feature","geometry":{"type":"Polygon","coordinates":[[[7.4503,49.5341],[7.4538,49.5454],[7.4314,49.5495],[7.4258,49.5355],[7.4503,49.5341]]]},"properties":{"AGS":"07336079","GEN":"Rammelsbach","SN_L":"07"}},
{"type":"Feature","geometry":{"type":"Polygon","coordinates":[[[7.4628,49.5947],[7.4629,49.6054],[7.4489,49.6153],[7.4404,49.6075],[7.4367,49.5924],[7.4205,49.5898],[7.4378,49.5885],[7.4628,49.5947]]]},"properties":{"AGS":"07336081","GEN":"Rathsweiler","SN_L":"07"}},
{"type":"Feature","geometry":{"type":"Polygon","coordinates":[[[7.3075,49.5534],[7.2766,49.5486],[7.2761,49.5379],[7.3028,49.5345],[7.2998,49.548],[7.3075,49.5534]]]},"properties":{"AGS":"07336084","GEN":"Reichweiler","SN_L":"07"}},
{"type":"Feature","geometry":{"type":"Polygon","coordinates":[[[7.3806,49.5507],[7.3588,49.5559],[7.3496,49.5537],[7.357,49.5475],[7.348,49.5373],[7.3789,49.5449],[7.3806,49.5507]]]},"properties":{"AGS":"07336088","GEN":"Ruthweiler","SN_L":"07"}},
{"type":"Feature","geometry":{"type":"Polygon","coordinates":[[[7.4745,49.5226],[7.4735,49.5287],[7.4558,49.5316],[7.4497,49.523],[7.4677,49.5189],[7.4698,49.5211],[7.4745,49.5226]]]},"properties":{"AGS":"07336089","GEN":"Rutsweiler am Glan","SN_L":"07"}},
{"type":"Feature","geometry":{"type":"Polygon","coordinates":[[[7.4097,49.5191],[7.3862,49.5219],[7.3781,49.5142],[7.3777,49.5043],[7.4075,49.5039],[7.4099,49.517],[7.4097,49.5191]]]},"properties":{"AGS":"07336091","GEN":"Schellweiler","SN_L":"07"}},
{"type":"Feature","geometry":{"type":"Polygon","coordinates":[[[7.2968,49.4835],[7.3081,49.4911],[7.3127,49.5097],[7.3088,49.5105],[7.2871,49.4991],[7.2795,49.4837],[7.2968,49.4835]]]},"properties":{"AGS":"07336094","GEN":"Selchenbach","SN_L":"07"}},
{"type":"Feature","geometry":{"type":"Polygon","coordinates":[[[7.3588,49.5559],[7.3641,49.5709],[7.346,49.579],[7.3408,49.5785],[7.3339,49.565],[7.322,49.565],[7.3246,49.5565],[7.3496,49.5537],[7.3588,49.5559]]]},"properties":{"AGS":"07336097","GEN":"Thallichtenberg","SN_L":"07"}},
{"type":"Feature","geometry":{"type":"Polygon","coordinates":[[[7.4677,49.5189],[7.4497,49.523],[7.4558,49.5316],[7.4503,49.5341],[7.4357,49.5162],[7.4187,49.4973],[7.4363,49.4979],[7.4494,49.4989],[7.4486,49.5093],[7.4677,49.5189]]]},"properties":{"AGS":"07336098","GEN":"Theisbergstegen","SN_L":"07"}},
{"type":"Feature","geometry":{"type":"Polygon","coordinates":[[[7.4874,49.5779],[7.4736,49.5984],[7.4628,49.5947],[7.4378,49.5885],[7.4205,49.5898],[7.4155,49.5913],[7.4204,49.5757],[7.4458,49.5811],[7.4597,49.575],[7.4852,49.5767],[7.4874,49.5779]]]},"properties":{"AGS":"07336099","GEN":"Ulmet","SN_L":"07"}},
{"type":"Feature","geometry":{"type":"Polygon","coordinates":[[[7.5095,49.5583],[7.5102,49.5789],[7.5172,49.5835],[7.4993,49.5845],[7.4874,49.5779],[7.4852,49.5767],[7.4929,49.564],[7.5095,49.5583]]]},"properties":{"AGS":"07336103","GEN":"Welchweiler","SN_L":"07"}},
{"type":"Feature","geometry":{"type":"Polygon","coordinates":[[[7.4852,49.5767],[7.4597,49.575],[7.4511,49.5723],[7.4582,49.5595],[7.4929,49.564],[7.4852,49.5767]]]},"properties":{"AGS":"07336106","GEN":"Bedesbach","SN_L":"07"}},
{"type":"Feature","geometry":{"type":"MultiPolygon","coordinates":[[[[7.922,49.2799],[7.9186,49.2831],[7.8894,49.2798],[7.8807,49.2756],[7.898,49.2575],[7.9179,49.2647],[7.922,49.2799]]],[[[8.0121,49.2359],[8.0051,49.2354],[7.9981,49.2301],[8.0225,49.2282],[8.0174,49.2101],[8.0414,49.2112],[8.0434,49.223],[8.035,49.2316],[8.0121,49.2359]]]]},"properties":{"AGS":"07337001","GEN":"Albersweiler","SN_L":"07"}},
{"type":"Feature","geometry":{"type":"Polygon","coordinates":[[[7.9855,49.266],[7.9822,49.2668],[7.975,49.2635],[7.9961,49.2522],[8.0051,49.2354],[8.0121,49.2359],[8.0205,49.2425],[8.0218,49.2515],[8.024,49.2571],[7.9956,49.2546],[7.9855,49.266]]]},"properties":{"AGS":"07337017","GEN":"Dernbach","SN_L":"07"}},
{"type":"Feature","geometry":{"type":"Polygon","coordinates":[[[8.0051,49.2354],[7.9961,49.2522],[7.975,49.2635],[7.9722,49.2641],[7.9583,49.2589],[7.9396,49.2487],[7.9345,49.2453],[7.9502,49.2325],[7.9981,49.2301],[8.0051,49.2354]]]},"properties":{"AGS":"07337024","GEN":"Eußerthal","SN_L":"07"}},
{"type":"Feature","geometry":{"type":"Polygon","coordinates":[[[7.948,49.1639],[7.9264,49.1661],[7.9133,49.1716],[7.9092,49.1684],[7.9,49.1555],[7.897,49.1476],[7.9104,49.1372],[7.9352,49.1519],[7.9536,49.1566],[7.948,49.1639]]]},"properties":{"AGS":"07337033","GEN":"Gossersweiler-Stein","SN_L":"07"}},
{"type":"Feature","geometry":{"type":"Polygon","coordinates":[[[7.9738,49.1575],[7.9602,49.156],[7.9618,49.1394],[7.9818,49.1536],[7.9738,49.1575]]]},"properties":{"AGS":"07337054","GEN":"Münchweiler am Klingbach","SN_L":"07"}},
{"type":"Feature","geometry":{"type":"Polygon","coordinates":[[[8.0141,49.2794],[7.9914,49.2827],[7.9865,49.2804],[7.987,49.2746],[7.9855,49.266],[7.9956,49.2546],[8.024,49.2571],[8.0232,49.2582],[8.0183,49.2592],[8.0248,49.2711],[8.0438,49.2712],[8.0259,49.2805],[8.0223,49.2824],[8.0141,49.2794]]]},"properties":{"AGS":"07337064","GEN":"Ramberg","SN_L":"07"}},
{"type":"Feature","geometry":{"type":"Polygon","coordinates":[[[7.9315,49.2454],[7.8826,49.2444],[7.8671,49.2394],[7.8692,49.2316],[7.9015,49.2327],[7.9058,49.2211],[7.9005,49.211],[7.9148,49.2098],[7.918,49.2111],[7.9477,49.2199],[7.9502,49.2325],[7.9345,49.2453],[7.9315,49.2454]]]},"properties":{"AGS":"07337067","GEN":"Rinnthal","SN_L":"07"}},
{"type":"Feature","geometry":{"type":"Polygon","coordinates":[[[7.9618,49.1394],[7.9602,49.156],[7.9536,49.1566],[7.9352,49.1519],[7.9104,49.1372],[7.9207,49.128],[7.9119,49.1208],[7.9365,49.1239],[7.9573,49.1316],[7.9583,49.1341],[7.9618,49.1394]]]},"properties":{"AGS":"07337074","GEN":"Silz","SN_L":"07"}},
{"type":"Feature","geometry":{"type":"Polygon","coordinates":[[[7.948,49.1639],[7.9562,49.1854],[7.9501,49.1854],[7.9412,49.1782],[7.9167,49.1779],[7.9133,49.1716],[7.9264,49.1661],[7.948,49.1639]]]},"properties":{"AGS":"07337078","GEN":"Völkersweiler","SN_L":"07"}},
{"type":"Feature","geometry":{"type":"Polygon","coordinates":[[[7.9923,49.1697],[7.9836,49.1742],[7.9751,49.1731],[7.9738,49.1575],[7.9818,49.1536],[8.011,49.1585],[7.9923,49.1697]]]},"properties":{"AGS":"07337080","GEN":"Waldhambach","SN_L":"07"}},
{"type":"Feature","geometry":{"type":"Polygon","coordinates":[[[7.9833,49.1844],[7.9643,49.1886],[7.9562,49.1854],[7.948,49.1639],[7.9536,49.1566],[7.9602,49.156],[7.9738,49.1575],[7.9751,49.1731],[7.9833,49.1844]]]},"properties":{"AGS":"07337081","GEN":"Waldrohrbach","SN_L":"07"}},
{"type":"Feature","geometry":{"type":"Polygon","coordinates":[[[7.9501,49.1854],[7.9477,49.1915],[7.918,49.2111],[7.9148,49.2098],[7.9095,49.1987],[7.8881,49.1905],[7.904,49.1899],[7.9167,49.1779],[7.9412,49.1782],[7.9501,49.1854]]]},"properties":{"AGS":"07337083","GEN":"Wernersberg","SN_L":"07"}},
{"type":"Feature","geometry":{"type":"MultiPolygon","coordinates":[[[[7.8807,49.2756],[7.8721,49.2831],[7.8564,49.2723],[7.8313,49.269],[7.8289,49.2458],[7.8419,49.2553],[7.8713,49.2519],[7.8826,49.2444],[7.9315,49.2454],[7.9212,49.2605],[7.9179,49.2647],[7.898,49.2575],[7.8807,49.2756]]],[[[7.9981,49.2301],[7.9502,49.2325],[7.9477,49.2199],[7.918,49.2111],[7.9477,49.1915],[7.9501,49.1854],[7.9562,49.1854],[7.9643,49.1886],[7.9833,49.1844],[7.9848,49.1853],[7.9817,49.1951],[8.0008,49.1971],[8.0041,49.1977],[8.0019,49.2048],[8.0174,49.2101],[8.0225,49.2282],[7.9981,49.2301]]]]},"properties":{"AGS":"07337501","GEN":"Annweiler am Trifels","SN_L":"07"}},
{"type":"Feature","geometry":{"type":"Polygon","coordinates":[[[7.9573,49.1316],[7.9365,49.1239],[7.9638,49.1193],[7.9535,49.1108],[7.9505,49.0996],[7.9612,49.1023],[7.9836,49.0932],[8.0113,49.0915],[8.0138,49.1056],[8.0111,49.1127],[7.9772,49.1095],[7.9812,49.1219],[7.9573,49.1316]]]},"properties":{"AGS":"07337005","GEN":"Bad Bergzabern","SN_L":"07"}},
{"type":"Feature","geometry":{"type":"Polygon","coordinates":[[[8.0929,49.0992],[8.0701,49.1126],[8.0584,49.115],[8.0513,49.1082],[8.0674,49.1033],[8.067,49.0893],[8.084,49.085],[8.0849,49.0871],[8.0929,49.0992]]]},"properties":{"AGS":"07337006","GEN":"Barbelroth","SN_L":"07"}},
{"type":"Feature","geometry":{"type":"Polygon","coordinates":[[[7.9365,49.1239],[7.9119,49.1208],[7.9048,49.118],[7.9127,49.1008],[7.9463,49.0981],[7.9505,49.0996],[7.9535,49.1108],[7.9638,49.1193],[7.9365,49.1239]]]},"properties":{"AGS":"07337008","GEN":"Birkenhördt","SN_L":"07"}},
{"type":"Feature","geometry":{"type":"Polygon","coordinates":[[[7.9127,49.1008],[7.9096,49.0915],[7.8914,49.0924],[7.8856,49.0851],[7.895,49.0778],[7.8992,49.0841],[7.9266,49.0873],[7.9463,49.0981],[7.9127,49.1008]]]},"properties":{"AGS":"07337013","GEN":"Böllenborn","SN_L":"07"}},
{"type":"Feature","geometry":{"type":"Polygon","coordinates":[[[8.0272,49.074],[8.0556,49.0738],[8.0757,49.0722],[8.0789,49.0786],[8.084,49.085],[8.067,49.0893],[8.0518,49.0832],[8.0334,49.0838],[8.0275,49.0766],[8.0272,49.074]]]},"properties":{"AGS":"07337018","GEN":"Dierbach","SN_L":"07"}},
{"type":"Feature","geometry":{"type":"Polygon","coordinates":[[[8.0113,49.0915],[7.9836,49.0932],[7.9612,49.1023],[7.9505,49.0996],[7.9463,49.0981],[7.9266,49.0873],[7.9495,49.0851],[7.9733,49.0763],[8.0132,49.0819],[8.0113,49.0915]]]},"properties":{"AGS":"07337019","GEN":"Dörrenbach","SN_L":"07"}},
{"type":"Feature","geometry":{"type":"Polygon","coordinates":[[[8.0335,49.1335],[8.0066,49.1345],[7.9746,49.1317],[7.9583,49.1341],[7.9573,49.1316],[7.9812,49.1219],[8.0315,49.1267],[8.0335,49.1335]]]},"properties":{"AGS":"07337029","GEN":"Gleiszellen-Gleishorbach","SN_L":"07"}},
{"type":"Feature","geometry":{"type":"Polygon","coordinates":[[[8.1024,49.0853],[8.1012,49.0988],[8.0929,49.0992],[8.0849,49.0871],[8.1024,49.0853]]]},"properties":{"AGS":"07337037","GEN":"Hergersweiler","SN_L":"07"}},
{"type":"Feature","geometry":{"type":"Polygon","coordinates":[[[8.0447,49.1051],[8.0188,49.1057],[8.0138,49.1056],[8.0113,49.0915],[8.0132,49.0819],[8.0275,49.0766],[8.0334,49.0838],[8.0447,49.1051]]]},"properties":{"AGS":"07337045","GEN":"Kapellen-Drusweiler","SN_L":"07"}},
{"type":"Feature","geometry":{"type":"Polygon","coordinates":[[[8.0204,49.0605],[8.0074,49.0611],[8.0066,49.0474],[8.015,49.0272],[8.0233,49.0181],[8.0417,49.0158],[8.0394,49.0407],[8.0293,49.0442],[8.0205,49.0597],[8.0204,49.0605]]]},"properties":{"AGS":"07337046","GEN":"Kapsweyer","SN_L":"07"}},
{"type":"Feature","geometry":{"type":"Polygon","coordinates":[[[8.0299,49.1498],[8.011,49.1585],[7.9818,49.1536],[7.9618,49.1394],[7.9583,49.1341],[7.9746,49.1317],[8.0066,49.1345],[8.0335,49.1335],[8.0299,49.1498]]]},"properties":{"AGS":"07337049","GEN":"Klingenmünster","SN_L":"07"}},
{"type":"Feature","geometry":{"type":"Polygon","coordinates":[[[8.0421,49.1228],[8.0324,49.1267],[8.0221,49.1201],[8.0188,49.1057],[8.0447,49.1051],[8.0513,49.1082],[8.0584,49.115],[8.0421,49.1228]]]},"properties":{"AGS":"07337055","GEN":"Niederhorbach","SN_L":"07"}},
{"type":"Feature","geometry":{"type":"Polygon","coordinates":[[[8.0556,49.0738],[8.0272,49.074],[8.0204,49.0605],[8.0205,49.0597],[8.0571,49.0607],[8.0556,49.0738]]]},"properties":{"AGS":"07337056","GEN":"Niederotterbach","SN_L":"07"}},
{"type":"Feature","geometry":{"type":"Polygon","coordinates":[[[8.067,49.0893],[8.0674,49.1033],[8.0513,49.1082],[8.0447,49.1051],[8.0334,49.0838],[8.0518,49.0832],[8.067,49.0893]]]},"properties":{"AGS":"07337058","GEN":"Oberhausen","SN_L":"07"}},
{"type":"Feature","geometry":{"type":"Polygon","coordinates":[[[7.9266,49.0873],[7.8992,49.0841],[7.895,49.0778],[7.8942,49.0742],[7.9107,49.0658],[7.9339,49.0735],[7.9944,49.0609],[8.0074,49.0611],[8.0204,49.0605],[8.0272,49.074],[8.0275,49.0766],[8.0132,49.0819],[7.9733,49.0763],[7.9495,49.0851],[7.9266,49.0873]]]},"properties":{"AGS":"07337059","GEN":"Oberotterbach","SN_L":"07"}},
{"type":"Feature","geometry":{"type":"Polygon","coordinates":[[[7.8875,49.1423],[7.872,49.1531],[7.8625,49.1561],[7.8533,49.1313],[7.8854,49.1367],[7.8875,49.1423]]]},"properties":{"AGS":"07337060","GEN":"Oberschlettenbach","SN_L":"07"}},
{"type":"Feature","geometry":{"type":"Polygon","coordinates":[[[8.0315,49.1267],[7.9812,49.1219],[7.9772,49.1095],[8.0111,49.1127],[8.0138,49.1056],[8.0188,49.1057],[8.0221,49.1201],[8.0324,49.1267],[8.0315,49.1267]]]},"properties":{"AGS":"07337062","GEN":"Pleisweiler-Oberhofen","SN_L":"07"}},
{"type":"Feature","geometry":{"type":"Polygon","coordinates":[[[7.9944,49.0609],[7.9339,49.0735],[7.9107,49.0658],[7.8942,49.0742],[7.8804,49.0554],[7.9028,49.0567],[7.9107,49.0451],[7.923,49.0437],[7.9318,49.0581],[7.9451,49.0554],[7.949,49.0472],[7.9644,49.0429],[7.9577,49.0497],[7.9944,49.0609]]]},"properties":{"AGS":"07337071","GEN":"Schweigen-Rechtenbach","SN_L":"07"}},
{"type":"Feature","geometry":{"type":"Polygon","coordinates":[[[7.9944,49.0609],[7.9577,49.0497],[7.9644,49.0429],[7.9745,49.0272],[7.994,49.029],[8.0233,49.0181],[8.015,49.0272],[8.0066,49.0474],[8.0074,49.0611],[7.9944,49.0609]]]},"properties":{"AGS":"07337072","GEN":"Schweighofen","SN_L":"07"}},
{"type":"Feature","geometry":{"type":"Polygon","coordinates":[[[8.0696,49.0631],[8.0571,49.0607],[8.0205,49.0597],[8.0293,49.0442],[8.0394,49.0407],[8.0417,49.0158],[8.0639,49.0055],[8.0684,48.9993],[8.0691,49.0007],[8.0764,49.0333],[8.0696,49.0631]]]},"properties":{"AGS":"07337076","GEN":"Steinfeld","SN_L":"07"}},
{"type":"Feature","geometry":{"type":"Polygon","coordinates":[[[7.9104,49.1372],[7.897,49.1476],[7.8875,49.1423],[7.8854,49.1367],[7.8533,49.1313],[7.8642,49.116],[7.8785,49.1144],[7.9048,49.118],[7.9119,49.1208],[7.9207,49.128],[7.9104,49.1372]]]},"properties":{"AGS":"07337079","GEN":"Vorderweidenthal","SN_L":"07"}},
{"type":"Feature","geometry":{"type":"MultiPolygon","coordinates":[[[[8.0508,49.2999],[8.0476,49.3016],[8.0362,49.2884],[8.0398,49.2875],[8.0508,49.2999]]],[[[7.9855,49.3233],[7.9979,49.3238],[7.9869,49.3325],[7.9855,49.3233]]],[[[8.2223,49.2781],[8.2287,49.295],[8.2365,49.2988],[8.1967,49.2965],[8.1971,49.2772],[8.2063,49.275],[8.2223,49.2781]]]]},"properties":{"AGS":"07337002","GEN":"Altdorf","SN_L":"07"}},
{"type":"Feature","geometry":{"type":"MultiPolygon","coordinates":[[[[7.9979,49.3238],[7.9855,49.3233],[7.9856,49.3198],[7.9975,49.3189],[7.9979,49.3238]]],[[[8.0362,49.2884],[8.0476,49.3016],[8.043,49.304],[8.0325,49.2903],[8.0362,49.2884]]],[[[8.2527,49.2961],[8.2365,49.2988],[8.2287,49.295],[8.2223,49.2781],[8.2476,49.2756],[8.2698,49.2803],[8.2621,49.2818],[8.2527,49.2961]]]]},"properties":{"AGS":"07337011","GEN":"Böbingen","SN_L":"07"}},
{"type":"Feature","geometry":{"type":"MultiPolygon","coordinates":[[[[7.9892,49.2921],[7.9729,49.2858],[7.9726,49.2838],[7.9865,49.2804],[7.9914,49.2827],[8.0033,49.2856],[8.0033,49.2906],[7.9892,49.2921]]],[[[8.043,49.2604],[8.0252,49.2645],[8.0248,49.2711],[8.0183,49.2592],[8.0236,49.2612],[8.0535,49.2494],[8.0773,49.2415],[8.0854,49.2414],[8.0869,49.2543],[8.0825,49.2605],[8.0694,49.2589],[8.0557,49.2543],[8.043,49.2604]]]]},"properties":{"AGS":"07337015","GEN":"Burrweiler","SN_L":"07"}},
{"type":"Feature","geometry":{"type":"MultiPolygon","coordinates":[[[[8.025,49.2991],[8.0006,49.3063],[7.9961,49.3112],[7.9816,49.3178],[7.973,49.3192],[7.9622,49.3065],[7.961,49.2998],[7.9913,49.295],[8.0087,49.297],[8.0243,49.2974],[8.025,49.2991]]],[[[8.0508,49.2999],[8.0398,49.2875],[8.0591,49.2811],[8.073,49.2856],[8.0864,49.2783],[8.1221,49.2733],[8.1485,49.2737],[8.1502,49.2906],[8.1384,49.2876],[8.1213,49.2924],[8.1183,49.2882],[8.0824,49.2933],[8.0635,49.2984],[8.0508,49.2999]]]]},"properties":{"AGS":"07337020","GEN":"Edenkoben","SN_L":"07"}},
{"type":"Feature","geometry":{"type":"MultiPolygon","coordinates":[[[[8.0694,49.2589],[8.0438,49.2712],[8.043,49.2604],[8.0557,49.2543],[8.0694,49.2589]]],[[[8.0223,49.2824],[8.0243,49.2974],[8.0087,49.297],[8.0033,49.2906],[8.0033,49.2856],[8.0141,49.2794],[8.0223,49.2824]]],[[[7.962,49.3252],[7.9393,49.32],[7.9367,49.309],[7.9387,49.3009],[7.9505,49.3017],[7.9532,49.3095],[7.962,49.3252]]],[[[8.1631,49.2722],[8.1485,49.2737],[8.1221,49.2733],[8.1079,49.2643],[8.1089,49.2519],[8.1358,49.2524],[8.1389,49.2486],[8.1455,49.2502],[8.1661,49.2536],[8.1631,49.2722]]]]},"properties":{"AGS":"07337021","GEN":"Edesheim","SN_L":"07"}},
{"type":"Feature","geometry":{"type":"MultiPolygon","coordinates":[[[[7.9739,49.2924],[7.964,49.2951],[7.9633,49.2837],[7.9726,49.2838],[7.9729,49.2858],[7.9739,49.2924]]],[[[8.0343,49.252],[8.0232,49.2582],[8.024,49.2571],[8.0218,49.2515],[8.035,49.2477],[8.0343,49.252]]],[[[8.1062,49.2518],[8.0869,49.2543],[8.0854,49.2414],[8.1051,49.2403],[8.1118,49.2434],[8.1062,49.2518]]]]},"properties":{"AGS":"07337025","GEN":"Flemlingen","SN_L":"07"}},
{"type":"Feature","geometry":{"type":"Polygon","coordinates":[[[8.2223,49.2781],[8.2063,49.275],[8.2063,49.2683],[8.209,49.2594],[8.2318,49.2603],[8.2412,49.2614],[8.2511,49.2634],[8.2476,49.2756],[8.2223,49.2781]]]},"properties":{"AGS":"07337027","GEN":"Freimersheim (Pfalz)","SN_L":"07"}},
{"type":"Feature","geometry":{"type":"MultiPolygon","coordinates":[[[[7.9632,49.2744],[7.9722,49.2641],[7.975,49.2635],[7.9822,49.2668],[7.9632,49.2744]]],[[[8.0535,49.2494],[8.0343,49.252],[8.035,49.2477],[8.0552,49.2354],[8.0699,49.2359],[8.0773,49.2415],[8.0535,49.2494]]]]},"properties":{"AGS":"07337028","GEN":"Gleisweiler","SN_L":"07"}},
{"type":"Feature","geometry":{"type":"MultiPolygon","coordinates":[[[[7.9975,49.3189],[7.9856,49.3198],[7.9816,49.3178],[7.9961,49.3112],[7.9984,49.3171],[7.9975,49.3189]]],[[[8.043,49.304],[8.0323,49.3015],[8.025,49.2991],[8.0243,49.2974],[8.0325,49.2903],[8.043,49.304]]],[[[8.3174,49.3081],[8.2527,49.2961],[8.2621,49.2818],[8.2698,49.2803],[8.2998,49.2841],[8.3052,49.2875],[8.3203,49.2967],[8.3174,49.3081]]]]},"properties":{"AGS":"07337032","GEN":"Gommersheim","SN_L":"07"}},
{"type":"Feature","geometry":{"type":"Polygon","coordinates":[[[8.1971,49.2772],[8.1631,49.2722],[8.1661,49.2536],[8.1759,49.254],[8.1763,49.2656],[8.2063,49.2683],[8.2063,49.275],[8.1971,49.2772]]]},"properties":{"AGS":"07337035","GEN":"Großfischlingen","SN_L":"07"}},
{"type":"Feature","geometry":{"type":"MultiPolygon","coordinates":[[[[8.0438,49.2712],[8.0248,49.2711],[8.0252,49.2645],[8.043,49.2604],[8.0438,49.2712]]],[[[8.0087,49.297],[7.9913,49.295],[7.961,49.2998],[7.9622,49.3065],[7.9532,49.3095],[7.9505,49.3017],[7.9519,49.2976],[7.964,49.2951],[7.9739,49.2924],[7.9892,49.2921],[8.0033,49.2906],[8.0087,49.297]]],[[[8.0944,49.266],[8.0825,49.2605],[8.0869,49.2543],[8.1062,49.2518],[8.1089,49.2519],[8.1079,49.2643],[8.0944,49.266]]]]},"properties":{"AGS":"07337036","GEN":"Hainfeld","SN_L":"07"}},
{"type":"Feature","geometry":{"type":"Polygon","coordinates":[[[8.2063,49.2683],[8.1763,49.2656],[8.1759,49.254],[8.1859,49.2556],[8.209,49.2594],[8.2063,49.2683]]]},"properties":{"AGS":"07337048","GEN":"Kleinfischlingen","SN_L":"07"}},
{"type":"Feature","geometry":{"type":"MultiPolygon","coordinates":[[[[7.973,49.3192],[7.9772,49.3334],[7.962,49.3252],[7.9532,49.3095],[7.9622,49.3065],[7.973,49.3192]]],[[[8.0398,49.2875],[8.0362,49.2884],[8.0325,49.2903],[8.0243,49.2974],[8.0223,49.2824],[8.0259,49.2805],[8.0344,49.2851],[8.0654,49.2683],[8.0944,49.266],[8.1079,49.2643],[8.1221,49.2733],[8.0864,49.2783],[8.0591,49.2811],[8.0398,49.2875]]]]},"properties":{"AGS":"07337066","GEN":"Rhodt unter Rietburg","SN_L":"07"}},
{"type":"Feature","geometry":{"type":"MultiPolygon","coordinates":[[[[7.9729,49.2858],[7.9892,49.2921],[7.9739,49.2924],[7.9729,49.2858]]],[[[8.0141,49.2794],[8.0033,49.2856],[7.9914,49.2827],[8.0141,49.2794]]],[[[8.1389,49.2486],[8.1358,49.2524],[8.1089,49.2519],[8.1062,49.2518],[8.1118,49.2434],[8.1377,49.2483],[8.1389,49.2486]]]]},"properties":{"AGS":"07337069","GEN":"Roschbach","SN_L":"07"}},
{"type":"Feature","geometry":{"type":"MultiPolygon","coordinates":[[[[8.0864,49.2783],[8.073,49.2856],[8.0591,49.2811],[8.0864,49.2783]]],[[[7.9869,49.3325],[7.9815,49.3339],[7.9772,49.3334],[7.973,49.3192],[7.9816,49.3178],[7.9856,49.3198],[7.9855,49.3233],[7.9869,49.3325]]],[[[8.1967,49.2965],[8.1765,49.2961],[8.1502,49.2906],[8.1485,49.2737],[8.1631,49.2722],[8.1971,49.2772],[8.1967,49.2965]]]]},"properties":{"AGS":"07337077","GEN":"Venningen","SN_L":"07"}},
{"type":"Feature","geometry":{"type":"MultiPolygon","coordinates":[[[[7.9505,49.3017],[7.9387,49.3009],[7.9519,49.2976],[7.9505,49.3017]]],[[[8.0944,49.266],[8.0654,49.2683],[8.0344,49.2851],[8.0259,49.2805],[8.0438,49.2712],[8.0694,49.2589],[8.0825,49.2605],[8.0944,49.266]]]]},"properties":{"AGS":"07337084","GEN":"Weyher in der Pfalz","SN_L":"07"}},
{"type":"Feature","geometry":{"type":"Polygon","coordinates":[[[8.2376,49.1716],[8.2163,49.1711],[8.1835,49.1649],[8.1774,49.1687],[8.1753,49.1646],[8.1678,49.1455],[8.1754,49.1275],[8.2016,49.1108],[8.2106,49.1091],[8.2301,49.124],[8.264,49.1258],[8.26,49.1349],[8.246,49.1413],[8.2493,49.1586],[8.2419,49.1705],[8.2376,49.1716]]]},"properties":{"AGS":"07337038","GEN":"Herxheim bei Landau/Pfalz","SN_L":"07"}},
{"type":"Feature","geometry":{"type":"Polygon","coordinates":[[[8.26,49.1349],[8.2558,49.1509],[8.2568,49.1702],[8.2419,49.1705],[8.2493,49.1586],[8.246,49.1413],[8.26,49.1349]]]},"properties":{"AGS":"07337039","GEN":"Herxheimweyher","SN_L":"07"}},
{"type":"Feature","geometry":{"type":"Polygon","coordinates":[[[8.1753,49.1646],[8.1567,49.1698],[8.1329,49.171],[8.1324,49.1556],[8.165,49.1482],[8.17,49.1371],[8.1744,49.1275],[8.1754,49.1275],[8.1678,49.1455],[8.1753,49.1646]]]},"properties":{"AGS":"07337044","GEN":"Insheim","SN_L":"07"}},
{"type":"Feature","geometry":{"type":"Polygon","coordinates":[[[8.17,49.1371],[8.165,49.1482],[8.1324,49.1556],[8.1167,49.1526],[8.118,49.1318],[8.1395,49.1271],[8.17,49.1371]]]},"properties":{"AGS":"07337068","GEN":"Rohrbach","SN_L":"07"}},
{"type":"Feature","geometry":{"type":"Polygon","coordinates":[[[8.0916,49.1567],[8.064,49.1557],[8.0639,49.1546],[8.0721,49.1412],[8.0421,49.1228],[8.0584,49.115],[8.0701,49.1126],[8.0929,49.0992],[8.1012,49.0988],[8.119,49.1017],[8.118,49.1318],[8.1167,49.1526],[8.0916,49.1567]]]},"properties":{"AGS":"07337007","GEN":"Billigheim-Ingenheim","SN_L":"07"}},
{"type":"Feature","geometry":{"type":"MultiPolygon","coordinates":[[[[7.9396,49.2487],[7.9369,49.2565],[7.9212,49.2605],[7.9315,49.2454],[7.9345,49.2453],[7.9396,49.2487]]],[[[8.0174,49.2101],[8.0019,49.2048],[8.0041,49.1977],[8.0421,49.2009],[8.0491,49.2023],[8.0414,49.2112],[8.0174,49.2101]]]]},"properties":{"AGS":"07337009","GEN":"Birkweiler","SN_L":"07"}},
{"type":"Feature","geometry":{"type":"MultiPolygon","coordinates":[[[[7.987,49.2746],[7.9628,49.2804],[7.9632,49.2744],[7.9822,49.2668],[7.9855,49.266],[7.987,49.2746]]],[[[8.0552,49.2354],[8.035,49.2477],[8.0218,49.2515],[8.0205,49.2425],[8.0401,49.2428],[8.0552,49.2354]]],[[[8.1051,49.2403],[8.0854,49.2414],[8.0773,49.2415],[8.0699,49.2359],[8.0746,49.2299],[8.0923,49.2293],[8.1063,49.2339],[8.1051,49.2403]]]]},"properties":{"AGS":"07337012","GEN":"Böchingen","SN_L":"07"}},
{"type":"Feature","geometry":{"type":"Polygon","coordinates":[[[8.0365,49.1773],[8.0143,49.1803],[7.9952,49.1779],[7.9923,49.1697],[8.011,49.1585],[8.0169,49.1676],[8.035,49.172],[8.0365,49.1773]]]},"properties":{"AGS":"07337022","GEN":"Eschbach","SN_L":"07"}},
{"type":"Feature","geometry":{"type":"MultiPolygon","coordinates":[[[[7.9274,49.279],[7.9186,49.2831],[7.922,49.2799],[7.9274,49.279]]],[[[8.0552,49.2354],[8.0401,49.2428],[8.0205,49.2425],[8.0121,49.2359],[8.035,49.2316],[8.0434,49.223],[8.0576,49.2219],[8.0746,49.2299],[8.0699,49.2359],[8.0552,49.2354]]]]},"properties":{"AGS":"07337026","GEN":"Frankweiler","SN_L":"07"}},
{"type":"Feature","geometry":{"type":"Polygon","coordinates":[[[8.035,49.172],[8.0169,49.1676],[8.011,49.1585],[8.0299,49.1498],[8.0639,49.1546],[8.064,49.1557],[8.0586,49.1707],[8.035,49.172]]]},"properties":{"AGS":"07337031","GEN":"Göcklingen","SN_L":"07"}},
{"type":"Feature","geometry":{"type":"Polygon","coordinates":[[[8.0639,49.1546],[8.0299,49.1498],[8.0335,49.1335],[8.0315,49.1267],[8.0324,49.1267],[8.0421,49.1228],[8.0721,49.1412],[8.0639,49.1546]]]},"properties":{"AGS":"07337040","GEN":"Heuchelheim-Klingen","SN_L":"07"}},
{"type":"Feature","geometry":{"type":"MultiPolygon","coordinates":[[[[7.9927,49.1801],[7.9848,49.1853],[7.9833,49.1844],[7.9751,49.1731],[7.9836,49.1742],[7.9927,49.1801]]],[[[8.0586,49.1707],[8.0706,49.1863],[8.0389,49.1923],[8.0207,49.192],[8.0365,49.1773],[8.035,49.172],[8.0586,49.1707]]]]},"properties":{"AGS":"07337042","GEN":"Ilbesheim bei Landau in der Pfalz","SN_L":"07"}},
{"type":"Feature","geometry":{"type":"Polygon","coordinates":[[[8.1329,49.171],[8.1041,49.1717],[8.0916,49.1567],[8.1167,49.1526],[8.1324,49.1556],[8.1329,49.171]]]},"properties":{"AGS":"07337043","GEN":"Impflingen","SN_L":"07"}},
{"type":"Feature","geometry":{"type":"Polygon","coordinates":[[[8.1522,49.2285],[8.1522,49.2448],[8.1455,49.2502],[8.1389,49.2486],[8.1377,49.2483],[8.1359,49.2274],[8.1522,49.2285]]]},"properties":{"AGS":"07337050","GEN":"Knöringen","SN_L":"07"}},
{"type":"Feature","geometry":{"type":"Polygon","coordinates":[[[8.0008,49.1971],[7.9817,49.1951],[7.9848,49.1853],[7.9927,49.1801],[7.9952,49.1779],[8.0143,49.1803],[8.0365,49.1773],[8.0207,49.192],[8.0182,49.193],[8.0008,49.1971]]]},"properties":{"AGS":"07337051","GEN":"Leinsweiler","SN_L":"07"}},
{"type":"Feature","geometry":{"type":"Polygon","coordinates":[[[8.0182,49.193],[8.0421,49.2009],[8.0041,49.1977],[8.0008,49.1971],[8.0182,49.193]]]},"properties":{"AGS":"07337065","GEN":"Ranschbach","SN_L":"07"}},
{"type":"Feature","geometry":{"type":"MultiPolygon","coordinates":[[[[8.0576,49.2219],[8.0434,49.223],[8.0414,49.2112],[8.0491,49.2023],[8.0605,49.2086],[8.0576,49.2219]]],[[[7.9583,49.2589],[7.9459,49.2618],[7.9274,49.279],[7.922,49.2799],[7.9179,49.2647],[7.9212,49.2605],[7.9369,49.2565],[7.9396,49.2487],[7.9583,49.2589]]]]},"properties":{"AGS":"07337073","GEN":"Siebeldingen","SN_L":"07"}},
{"type":"Feature","geometry":{"type":"MultiPolygon","coordinates":[[[[7.9865,49.2804],[7.9726,49.2838],[7.9633,49.2837],[7.9628,49.2804],[7.987,49.2746],[7.9865,49.2804]]],[[[8.0535,49.2494],[8.0236,49.2612],[8.0183,49.2592],[8.0232,49.2582],[8.0343,49.252],[8.0535,49.2494]]],[[[8.1359,49.2274],[8.1377,49.2483],[8.1118,49.2434],[8.1051,49.2403],[8.1063,49.2339],[8.1359,49.2274]]]]},"properties":{"AGS":"07337082","GEN":"Walsheim","SN_L":"07"}},
{"type":"Feature","geometry":{"type":"MultiPolygon","coordinates":[[[[8.0635,49.2984],[8.0481,49.3084],[8.0323,49.3015],[8.043,49.304],[8.0476,49.3016],[8.0508,49.2999],[8.0635,49.2984]]],[[[8.0129,49.3213],[8.0216,49.3347],[7.9996,49.3438],[7.9841,49.3424],[7.9815,49.3339],[7.9869,49.3325],[7.9979,49.3238],[7.9975,49.3189],[7.9984,49.3171],[8.0129,49.3213]]],[[[8.1967,49.2965],[8.1991,49.3076],[8.1578,49.3147],[8.143,49.3123],[8.1384,49.2876],[8.1502,49.2906],[8.1765,49.2961],[8.1967,49.2965]]]]},"properties":{"AGS":"07337047","GEN":"Kirrweiler (Pfalz)","SN_L":"07"}},
{"type":"Feature","geometry":{"type":"Polygon","coordinates":[[[8.143,49.3123],[8.1057,49.3153],[8.0824,49.3236],[8.0644,49.3186],[8.0375,49.324],[8.0129,49.3213],[7.9984,49.3171],[7.9961,49.3112],[8.0006,49.3063],[8.0329,49.3144],[8.042,49.3096],[8.0617,49.3144],[8.0814,49.314],[8.0948,49.3054],[8.1193,49.3025],[8.1213,49.2924],[8.1384,49.2876],[8.143,49.3123]]]},"properties":{"AGS":"07337052","GEN":"Maikammer","SN_L":"07"}},
{"type":"Feature","geometry":{"type":"Polygon","coordinates":[[[8.1213,49.2924],[8.1193,49.3025],[8.0948,49.3054],[8.0814,49.314],[8.0617,49.3144],[8.042,49.3096],[8.0329,49.3144],[8.0006,49.3063],[8.025,49.2991],[8.0323,49.3015],[8.0481,49.3084],[8.0635,49.2984],[8.0824,49.2933],[8.1183,49.2882],[8.1213,49.2924]]]},"properties":{"AGS":"07337070","GEN":"Sankt Martin","SN_L":"07"}},
{"type":"Feature","geometry":{"type":"Polygon","coordinates":[[[8.1804,49.2115],[8.1727,49.2284],[8.1565,49.2263],[8.157,49.2067],[8.1808,49.2081],[8.1804,49.2115]]]},"properties":{"AGS":"07337014","GEN":"Bornheim","SN_L":"07"}},
{"type":"Feature","geometry":{"type":"Polygon","coordinates":[[[8.1859,49.2556],[8.1759,49.254],[8.1661,49.2536],[8.1455,49.2502],[8.1522,49.2448],[8.1522,49.2285],[8.1565,49.2263],[8.1727,49.2284],[8.1804,49.2115],[8.2073,49.2179],[8.1953,49.2294],[8.1859,49.2556]]]},"properties":{"AGS":"07337023","GEN":"Essingen","SN_L":"07"}},
{"type":"Feature","geometry":{"type":"Polygon","coordinates":[[[8.2378,49.2129],[8.2371,49.245],[8.2318,49.2603],[8.209,49.2594],[8.1859,49.2556],[8.1953,49.2294],[8.2073,49.2179],[8.2173,49.2098],[8.2378,49.2129]]]},"properties":{"AGS":"07337041","GEN":"Hochstadt (Pfalz)","SN_L":"07"}},
{"type":"Feature","geometry":{"type":"Polygon","coordinates":[[[8.2173,49.2098],[8.2073,49.2179],[8.1804,49.2115],[8.1808,49.2081],[8.1697,49.2027],[8.1778,49.193],[8.1774,49.1687],[8.1835,49.1649],[8.2163,49.1711],[8.2173,49.2098]]]},"properties":{"AGS":"07337061","GEN":"Offenbach an der Queich","SN_L":"07"}},
{"type":"Feature","geometry":{"type":"Polygon","coordinates":[[[8.4148,49.5951],[8.4052,49.5937],[8.3865,49.6037],[8.3625,49.6022],[8.352,49.6076],[8.343,49.5951],[8.3333,49.5837],[8.3379,49.5816],[8.3426,49.5581],[8.3565,49.5611],[8.3577,49.5711],[8.3768,49.5655],[8.4071,49.582],[8.4227,49.5742],[8.4224,49.5834],[8.4148,49.5951]]]},"properties":{"AGS":"07338004","GEN":"Bobenheim-Roxheim","SN_L":"07"}},
{"type":"Feature","geometry":{"type":"Polygon","coordinates":[[[8.3269,49.3955],[8.3071,49.3989],[8.2987,49.4054],[8.2697,49.3948],[8.2696,49.3891],[8.2795,49.3891],[8.295,49.3735],[8.2929,49.3658],[8.304,49.3499],[8.3174,49.3161],[8.3331,49.3206],[8.3565,49.3342],[8.3797,49.3494],[8.3625,49.3474],[8.3528,49.3561],[8.3529,49.3683],[8.3381,49.3804],[8.3269,49.3955]]]},"properties":{"AGS":"07338005","GEN":"Böhl-Iggelheim","SN_L":"07"}},
{"type":"Feature","geometry":{"type":"Polygon","coordinates":[[[8.3849,49.4342],[8.3684,49.4268],[8.3751,49.4142],[8.3872,49.4026],[8.4063,49.3938],[8.4151,49.3988],[8.4114,49.4267],[8.3849,49.4342]]]},"properties":{"AGS":"07338017","GEN":"Limburgerhof","SN_L":"07"}},
{"type":"Feature","geometry":{"type":"Polygon","coordinates":[[[8.3849,49.4342],[8.3592,49.4633],[8.3578,49.4711],[8.319,49.4591],[8.3073,49.4531],[8.3122,49.4407],[8.3528,49.412],[8.3751,49.4142],[8.3684,49.4268],[8.3849,49.4342]]]},"properties":{"AGS":"07338019","GEN":"Mutterstadt","SN_L":"07"}},
{"type":"Feature","geometry":{"type":"Polygon","coordinates":[[[8.3751,49.4142],[8.3528,49.412],[8.3558,49.4068],[8.3269,49.3955],[8.3381,49.3804],[8.3529,49.3683],[8.3528,49.3561],[8.3625,49.3474],[8.3797,49.3494],[8.3874,49.3535],[8.4068,49.3719],[8.4183,49.3755],[8.4134,49.3821],[8.4063,49.3938],[8.3872,49.4026],[8.3751,49.4142]]]},"properties":{"AGS":"07338025","GEN":"Schifferstadt","SN_L":"07"}},
{"type":"Feature","geometry":{"type":"Polygon","coordinates":[[[8.3528,49.412],[8.3122,49.4407],[8.3073,49.4531],[8.2837,49.4469],[8.2806,49.4467],[8.2845,49.4348],[8.3065,49.4315],[8.2987,49.4054],[8.3071,49.3989],[8.3269,49.3955],[8.3558,49.4068],[8.3528,49.412]]]},"properties":{"AGS":"07338006","GEN":"Dannstadt-Schauernheim","SN_L":"07"}},
{"type":"Feature","geometry":{"type":"Polygon","coordinates":[[[8.2987,49.4054],[8.3065,49.4315],[8.2845,49.4348],[8.2806,49.4237],[8.2579,49.4209],[8.2697,49.3948],[8.2987,49.4054]]]},"properties":{"AGS":"07338014","GEN":"Hochdorf-Assenheim","SN_L":"07"}},
{"type":"Feature","geometry":{"type":"Polygon","coordinates":[[[8.2845,49.4348],[8.2806,49.4467],[8.2358,49.4396],[8.2343,49.4374],[8.2333,49.43],[8.2378,49.4183],[8.2579,49.4209],[8.2806,49.4237],[8.2845,49.4348]]]},"properties":{"AGS":"07338022","GEN":"Rödersheim-Gronau","SN_L":"07"}},
{"type":"Feature","geometry":{"type":"Polygon","coordinates":[[[8.2687,49.4955],[8.2706,49.4981],[8.2388,49.4921],[8.2394,49.4889],[8.2544,49.4775],[8.2712,49.4788],[8.2687,49.4955]]]},"properties":{"AGS":"07338003","GEN":"Birkenheide","SN_L":"07"}},
{"type":"Feature","geometry":{"type":"Polygon","coordinates":[[[8.3009,49.4722],[8.2836,49.4703],[8.2712,49.4788],[8.2759,49.4568],[8.2837,49.4469],[8.3073,49.4531],[8.319,49.4591],[8.3009,49.4722]]]},"properties":{"AGS":"07338008","GEN":"Fußgönheim","SN_L":"07"}},
{"type":"Feature","geometry":{"type":"Polygon","coordinates":[[[8.3087,49.5019],[8.2687,49.4955],[8.2712,49.4788],[8.2836,49.4703],[8.3009,49.4722],[8.3094,49.4853],[8.3087,49.5019]]]},"properties":{"AGS":"07338018","GEN":"Maxdorf","SN_L":"07"}},
{"type":"Feature","geometry":{"type":"Polygon","coordinates":[[[8.3333,49.5837],[8.3233,49.5795],[8.3174,49.5666],[8.3077,49.5588],[8.3129,49.5497],[8.3376,49.5505],[8.3426,49.5581],[8.3379,49.5816],[8.3333,49.5837]]]},"properties":{"AGS":"07338002","GEN":"Beindersheim","SN_L":"07"}},
{"type":"Feature","geometry":{"type":"Polygon","coordinates":[[[8.3233,49.5795],[8.3069,49.5821],[8.2941,49.5903],[8.288,49.5878],[8.295,49.573],[8.3091,49.5639],[8.3174,49.5666],[8.3233,49.5795]]]},"properties":{"AGS":"07338009","GEN":"Großniedesheim","SN_L":"07"}},
{"type":"Feature","geometry":{"type":"Polygon","coordinates":[[[8.3077,49.5588],[8.2975,49.55],[8.2806,49.5483],[8.2817,49.5428],[8.2562,49.5362],[8.2564,49.5335],[8.2888,49.5375],[8.312,49.5333],[8.3223,49.5394],[8.3129,49.5497],[8.3077,49.5588]]]},"properties":{"AGS":"07338012","GEN":"Heßheim","SN_L":"07"}},
{"type":"Feature","geometry":{"type":"Polygon","coordinates":[[[8.3174,49.5666],[8.3091,49.5639],[8.295,49.573],[8.288,49.5878],[8.281,49.5868],[8.2825,49.558],[8.2806,49.5483],[8.2975,49.55],[8.3077,49.5588],[8.3174,49.5666]]]},"properties":{"AGS":"07338013","GEN":"Heuchelheim bei Frankenthal","SN_L":"07"}},
{"type":"Feature","geometry":{"type":"Polygon","coordinates":[[[8.3233,49.5795],[8.3333,49.5837],[8.343,49.5951],[8.2941,49.5903],[8.3069,49.5821],[8.3233,49.5795]]]},"properties":{"AGS":"07338015","GEN":"Kleinniedesheim","SN_L":"07"}},
{"type":"Feature","geometry":{"type":"Polygon","coordinates":[[[8.3087,49.5019],[8.3136,49.5065],[8.3094,49.523],[8.312,49.5333],[8.2888,49.5375],[8.2564,49.5335],[8.266,49.5284],[8.2706,49.4981],[8.2687,49.4955],[8.3087,49.5019]]]},"properties":{"AGS":"07338016","GEN":"Lambsheim","SN_L":"07"}},
{"type":"Feature","geometry":{"type":"Polygon","coordinates":[[[8.4035,49.3053],[8.3997,49.3197],[8.4056,49.3296],[8.3754,49.342],[8.3874,49.3535],[8.3797,49.3494],[8.3565,49.3342],[8.3659,49.3154],[8.3538,49.3085],[8.3706,49.3051],[8.3745,49.2978],[8.4035,49.3053]]]},"properties":{"AGS":"07338007","GEN":"Dudenhofen","SN_L":"07"}},
{"type":"Feature","geometry":{"type":"Polygon","coordinates":[[[8.3565,49.3342],[8.3331,49.3206],[8.3174,49.3161],[8.3144,49.3115],[8.3174,49.3109],[8.3538,49.3085],[8.3659,49.3154],[8.3565,49.3342]]]},"properties":{"AGS":"07338010","GEN":"Hanhofen","SN_L":"07"}},
{"type":"Feature","geometry":{"type":"Polygon","coordinates":[[[8.3538,49.3085],[8.3174,49.3109],[8.3174,49.3081],[8.3203,49.2967],[8.3629,49.2852],[8.3745,49.2978],[8.3706,49.3051],[8.3538,49.3085]]]},"properties":{"AGS":"07338011","GEN":"Harthausen","SN_L":"07"}},
{"type":"Feature","geometry":{"type":"Polygon","coordinates":[[[8.467,49.283],[8.4323,49.2938],[8.4035,49.3053],[8.3745,49.2978],[8.3629,49.2852],[8.3689,49.2681],[8.3908,49.2533],[8.4131,49.2498],[8.4455,49.2669],[8.467,49.283]]]},"properties":{"AGS":"07338023","GEN":"Römerberg","SN_L":"07"}},
{"type":"Feature","geometry":{"type":"Polygon","coordinates":[[[8.4973,49.4113],[8.508,49.4311],[8.4989,49.4427],[8.4725,49.4435],[8.4587,49.4359],[8.4555,49.4204],[8.4785,49.4154],[8.4965,49.4081],[8.4967,49.4095],[8.4973,49.4113]]]},"properties":{"AGS":"07338001","GEN":"Altrip","SN_L":"07"}},
{"type":"Feature","geometry":{"type":"Polygon","coordinates":[[[8.4587,49.4359],[8.4465,49.439],[8.4114,49.4267],[8.4151,49.3988],[8.4063,49.3938],[8.4134,49.3821],[8.4167,49.3976],[8.4367,49.4089],[8.4561,49.4098],[8.4785,49.4154],[8.4555,49.4204],[8.4587,49.4359]]]},"properties":{"AGS":"07338020","GEN":"Neuhofen","SN_L":"07"}},
{"type":"Feature","geometry":{"type":"Polygon","coordinates":[[[8.496,49.4043],[8.4661,49.3923],[8.4541,49.3918],[8.4409,49.3806],[8.4226,49.3761],[8.4242,49.3658],[8.442,49.3513],[8.4448,49.3646],[8.4668,49.3611],[8.4709,49.3407],[8.4921,49.3572],[8.5009,49.3764],[8.5004,49.389],[8.4782,49.3751],[8.4635,49.378],[8.4654,49.3873],[8.4962,49.4021],[8.496,49.4043]]]},"properties":{"AGS":"07338021","GEN":"Otterstadt","SN_L":"07"}},
{"type":"Feature","geometry":{"type":"Polygon","coordinates":[[[8.4965,49.4081],[8.4785,49.4154],[8.4561,49.4098],[8.4367,49.4089],[8.4167,49.3976],[8.4134,49.3821],[8.4183,49.3755],[8.4226,49.3761],[8.4409,49.3806],[8.4541,49.3918],[8.4661,49.3923],[8.496,49.4043],[8.4962,49.4066],[8.4965,49.4081]]]},"properties":{"AGS":"07338026","GEN":"Waldsee","SN_L":"07"}},
{"type":"Feature","geometry":{"type":"Polygon","coordinates":[[[7.9469,49.975],[7.8873,49.9718],[7.868,49.9787],[7.8766,49.9616],[7.8885,49.9561],[7.8989,49.9538],[7.903,49.9406],[7.8982,49.9305],[7.8987,49.9198],[7.9417,49.9209],[7.9447,49.9127],[7.9528,49.913],[7.9606,49.9132],[7.9953,49.9211],[8.0024,49.9257],[7.985,49.9336],[7.9756,49.9301],[7.9569,49.9353],[7.952,49.9518],[7.9833,49.9558],[7.9829,49.964],[7.9764,49.9804],[7.9469,49.975]]]},"properties":{"AGS":"07339005","GEN":"Bingen am Rhein","SN_L":"07"}},
{"type":"Feature","geometry":{"type":"Polygon","coordinates":[[[8.158,50.0037],[8.1816,50.0059],[8.1998,50.0219],[8.19,50.0353],[8.1751,50.0343],[8.1582,50.0299],[8.1381,50.0255],[8.158,50.0037]]]},"properties":{"AGS":"07339009","GEN":"Budenheim","SN_L":"07"}},
{"type":"Feature","geometry":{"type":"Polygon","coordinates":[[[8.1486,49.9639],[8.1436,49.983],[8.158,50.0037],[8.1381,50.0255],[8.1114,50.0189],[8.0796,50.0069],[8.0543,50.0051],[8.0364,50.0023],[7.9853,49.9835],[7.9764,49.9804],[7.9829,49.964],[8.0234,49.9724],[8.0386,49.9477],[8.0367,49.9419],[8.0522,49.9316],[8.0565,49.93],[8.059,49.9312],[8.0791,49.9323],[8.1007,49.946],[8.1375,49.9589],[8.1486,49.9639]]]},"properties":{"AGS":"07339030","GEN":"Ingelheim am Rhein","SN_L":"07"}},
{"type":"Feature","geometry":{"type":"Polygon","coordinates":[[[7.7648,50.0826],[7.7469,50.0796],[7.7171,50.0676],[7.7134,50.0654],[7.7207,50.0588],[7.6852,50.0315],[7.6934,50.0238],[7.6951,50.0214],[7.7047,50.0188],[7.722,50.0247],[7.7308,50.0369],[7.7574,50.0401],[7.7847,50.0484],[7.7734,50.0569],[7.774,50.0665],[7.7648,50.0826]]]},"properties":{"AGS":"07339003","GEN":"Bacharach","SN_L":"07"}},
{"type":"Feature","geometry":{"type":"Polygon","coordinates":[[[7.6852,50.0315],[7.7207,50.0588],[7.7134,50.0654],[7.6648,50.0332],[7.6852,50.0315]]]},"properties":{"AGS":"07339007","GEN":"Breitscheid","SN_L":"07"}},
{"type":"Feature","geometry":{"type":"Polygon","coordinates":[[[7.7145,50.0101],[7.7245,50.0183],[7.7673,50.0291],[7.7574,50.0401],[7.7308,50.0369],[7.722,50.0247],[7.7047,50.0188],[7.6951,50.0214],[7.7026,50.0114],[7.7145,50.0101]]]},"properties":{"AGS":"07339036","GEN":"Manubach","SN_L":"07"}},
{"type":"Feature","geometry":{"type":"Polygon","coordinates":[[[7.8982,49.9305],[7.903,49.9406],[7.8989,49.9538],[7.8885,49.9561],[7.8666,49.9481],[7.8492,49.9491],[7.8464,49.9428],[7.8689,49.9351],[7.8905,49.9301],[7.8982,49.9305]]]},"properties":{"AGS":"07339038","GEN":"Münster-Sarmsheim","SN_L":"07"}},
{"type":"Feature","geometry":{"type":"Polygon","coordinates":[[[7.8087,50.0365],[7.7943,50.031],[7.7887,50.0119],[7.7943,50.0054],[7.8031,50.0005],[7.8249,50.0098],[7.8301,50.0216],[7.8087,50.0365]]]},"properties":{"AGS":"07339040","GEN":"Niederheimbach","SN_L":"07"}},
{"type":"Feature","geometry":{"type":"Polygon","coordinates":[[[7.8087,50.0365],[7.7847,50.0484],[7.7574,50.0401],[7.7673,50.0291],[7.7245,50.0183],[7.7145,50.0101],[7.7297,50.0065],[7.7501,50.0177],[7.7943,50.031],[7.8087,50.0365]]]},"properties":{"AGS":"07339044","GEN":"Oberdiebach","SN_L":"07"}},
{"type":"Feature","geometry":{"type":"Polygon","coordinates":[[[7.7324,50.0048],[7.7717,49.9993],[7.7943,50.0054],[7.7887,50.0119],[7.7943,50.031],[7.7501,50.0177],[7.7297,50.0065],[7.7324,50.0048]]]},"properties":{"AGS":"07339045","GEN":"Oberheimbach","SN_L":"07"}},
{"type":"Feature","geometry":{"type":"Polygon","coordinates":[[[7.8644,49.9827],[7.8582,50.0063],[7.8484,50.015],[7.8301,50.0216],[7.8249,50.0098],[7.8031,50.0005],[7.8529,49.9899],[7.8644,49.9827]]]},"properties":{"AGS":"07339058","GEN":"Trechtingshausen","SN_L":"07"}},
{"type":"Feature","geometry":{"type":"Polygon","coordinates":[[[7.8492,49.9491],[7.8501,49.9625],[7.8288,49.9718],[7.8164,49.9829],[7.7966,49.9809],[7.7782,49.9858],[7.7706,49.9821],[7.77,49.98],[7.7735,49.9732],[7.8025,49.9593],[7.8049,49.9481],[7.8018,49.938],[7.8145,49.9336],[7.8369,49.94],[7.8464,49.9428],[7.8492,49.9491]]]},"properties":{"AGS":"07339062","GEN":"Waldalgesheim","SN_L":"07"}},
{"type":"Feature","geometry":{"type":"Polygon","coordinates":[[[7.7943,50.0054],[7.7717,49.9993],[7.7324,50.0048],[7.7346,49.9987],[7.7584,49.994],[7.7706,49.9821],[7.7782,49.9858],[7.7966,49.9809],[7.8164,49.9829],[7.8288,49.9718],[7.8501,49.9625],[7.8492,49.9491],[7.8666,49.9481],[7.8885,49.9561],[7.8766,49.9616],[7.868,49.9787],[7.8644,49.9827],[7.8529,49.9899],[7.8031,50.0005],[7.7943,50.0054]]]},"properties":{"AGS":"07339063","GEN":"Weiler bei Bingen","SN_L":"07"}},
{"type":"Feature","geometry":{"type":"Polygon","coordinates":[[[8.343,49.9405],[8.3262,49.9455],[8.311,49.9413],[8.2798,49.9409],[8.2716,49.9271],[8.2757,49.9229],[8.2918,49.9165],[8.2978,49.9075],[8.307,49.909],[8.3238,49.9156],[8.3298,49.9254],[8.3478,49.9302],[8.3463,49.9336],[8.343,49.9405]]]},"properties":{"AGS":"07339006","GEN":"Bodenheim","SN_L":"07"}},
{"type":"Feature","geometry":{"type":"Polygon","coordinates":[[[8.2978,49.9075],[8.2918,49.9165],[8.2757,49.9229],[8.2703,49.9108],[8.2845,49.904],[8.2978,49.9075]]]},"properties":{"AGS":"07339020","GEN":"Gau-Bischofsheim","SN_L":"07"}},
{"type":"Feature","geometry":{"type":"Polygon","coordinates":[[[8.2716,49.9271],[8.259,49.9141],[8.2531,49.8969],[8.2777,49.8986],[8.2845,49.904],[8.2703,49.9108],[8.2757,49.9229],[8.2716,49.9271]]]},"properties":{"AGS":"07339026","GEN":"Harxheim","SN_L":"07"}},
{"type":"Feature","geometry":{"type":"Polygon","coordinates":[[[8.307,49.909],[8.2978,49.9075],[8.2845,49.904],[8.2777,49.8986],[8.2897,49.8785],[8.3191,49.8897],[8.307,49.909]]]},"properties":{"AGS":"07339034","GEN":"Lörzweiler","SN_L":"07"}},
{"type":"Feature","geometry":{"type":"Polygon","coordinates":[[[8.349,49.9022],[8.3534,49.92],[8.3478,49.9302],[8.3298,49.9254],[8.3238,49.9156],[8.307,49.909],[8.3191,49.8897],[8.3408,49.9034],[8.349,49.9022]]]},"properties":{"AGS":"07339039","GEN":"Nackenheim","SN_L":"07"}},
{"type":"Feature","geometry":{"type":"Polygon","coordinates":[[[8.0367,49.9419],[8.0024,49.9257],[7.9953,49.9211],[8.0076,49.9124],[8.0418,49.9208],[8.0522,49.9316],[8.0367,49.9419]]]},"properties":{"AGS":"07339001","GEN":"Appenheim","SN_L":"07"}},
{"type":"Feature","geometry":{"type":"Polygon","coordinates":[[[8.1019,49.9215],[8.0855,49.9293],[8.059,49.9312],[8.0565,49.93],[8.0596,49.9117],[8.0802,49.9113],[8.1019,49.9215]]]},"properties":{"AGS":"07339008","GEN":"Bubenheim","SN_L":"07"}},
{"type":"Feature","geometry":{"type":"Polygon","coordinates":[[[8.1156,49.9069],[8.1048,49.9186],[8.1019,49.9215],[8.0802,49.9113],[8.0596,49.9117],[8.049,49.9062],[8.0486,49.8929],[8.0967,49.9057],[8.1156,49.9069]]]},"properties":{"AGS":"07339016","GEN":"Engelstadt","SN_L":"07"}},
{"type":"Feature","geometry":{"type":"Polygon","coordinates":[[[8.0024,49.9257],[8.0367,49.9419],[8.0386,49.9477],[8.0234,49.9724],[7.9829,49.964],[7.9833,49.9558],[7.9946,49.9386],[7.985,49.9336],[8.0024,49.9257]]]},"properties":{"AGS":"07339019","GEN":"Gau-Algesheim","SN_L":"07"}},
{"type":"Feature","geometry":{"type":"Polygon","coordinates":[[[8.0522,49.9316],[8.0418,49.9208],[8.0076,49.9124],[8.0074,49.9071],[8.0279,49.9116],[8.049,49.9062],[8.0596,49.9117],[8.0565,49.93],[8.0522,49.9316]]]},"properties":{"AGS":"07339041","GEN":"Nieder-Hilbersheim","SN_L":"07"}},
{"type":"Feature","geometry":{"type":"Polygon","coordinates":[[[8.049,49.9062],[8.0279,49.9116],[8.0074,49.9071],[7.9937,49.9017],[7.9914,49.893],[8.0016,49.896],[8.0225,49.8866],[8.0291,49.8863],[8.0428,49.8885],[8.0486,49.8929],[8.049,49.9062]]]},"properties":{"AGS":"07339046","GEN":"Ober-Hilbersheim","SN_L":"07"}},
{"type":"Feature","geometry":{"type":"Polygon","coordinates":[[[7.985,49.9336],[7.9946,49.9386],[7.9833,49.9558],[7.952,49.9518],[7.9569,49.9353],[7.9756,49.9301],[7.985,49.9336]]]},"properties":{"AGS":"07339048","GEN":"Ockenheim","SN_L":"07"}},
{"type":"Feature","geometry":{"type":"Polygon","coordinates":[[[8.1375,49.9465],[8.1375,49.9589],[8.1007,49.946],[8.0791,49.9323],[8.059,49.9312],[8.0855,49.9293],[8.1019,49.9215],[8.1048,49.9186],[8.1315,49.9375],[8.1375,49.9465]]]},"properties":{"AGS":"07339051","GEN":"Schwabenheim an der Selz","SN_L":"07"}},
{"type":"Feature","geometry":{"type":"Polygon","coordinates":[[[8.1797,49.9175],[8.158,49.9519],[8.1551,49.9646],[8.1486,49.9639],[8.1375,49.9589],[8.1375,49.9465],[8.1455,49.9216],[8.152,49.9122],[8.1705,49.9157],[8.1797,49.9175]]]},"properties":{"AGS":"07339017","GEN":"Essenheim","SN_L":"07"}},
{"type":"Feature","geometry":{"type":"Polygon","coordinates":[[[8.0428,49.8885],[8.0504,49.8849],[8.0917,49.889],[8.1189,49.8994],[8.1156,49.9069],[8.0967,49.9057],[8.0486,49.8929],[8.0428,49.8885]]]},"properties":{"AGS":"07339031","GEN":"Jugenheim in Rheinhessen","SN_L":"07"}},
{"type":"Feature","geometry":{"type":"Polygon","coordinates":[[[8.2349,49.9288],[8.245,49.9398],[8.2432,49.9482],[8.2271,49.948],[8.2123,49.9561],[8.2003,49.9421],[8.2209,49.9297],[8.2349,49.9288]]]},"properties":{"AGS":"07339032","GEN":"Klein-Winternheim","SN_L":"07"}},
{"type":"Feature","geometry":{"type":"Polygon","coordinates":[[[8.2271,49.9002],[8.2284,49.9211],[8.1998,49.9165],[8.1797,49.9175],[8.1705,49.9157],[8.1769,49.9],[8.1845,49.8879],[8.1932,49.8796],[8.2111,49.8873],[8.2271,49.9002]]]},"properties":{"AGS":"07339042","GEN":"Nieder-Olm","SN_L":"07"}},
{"type":"Feature","geometry":{"type":"Polygon","coordinates":[[[8.2123,49.9561],[8.1908,49.9526],[8.1792,49.9675],[8.1551,49.9646],[8.158,49.9519],[8.1797,49.9175],[8.1998,49.9165],[8.2284,49.9211],[8.2349,49.9288],[8.2209,49.9297],[8.2003,49.9421],[8.2123,49.9561]]]},"properties":{"AGS":"07339047","GEN":"Ober-Olm","SN_L":"07"}},
{"type":"Feature","geometry":{"type":"Polygon","coordinates":[[[8.2111,49.8873],[8.1932,49.8796],[8.2043,49.868],[8.2112,49.8743],[8.2111,49.8873]]]},"properties":{"AGS":"07339054","GEN":"Sörgenloch","SN_L":"07"}},
{"type":"Feature","geometry":{"type":"Polygon","coordinates":[[[8.1705,49.9157],[8.152,49.9122],[8.1455,49.9216],[8.1375,49.9465],[8.1315,49.9375],[8.1048,49.9186],[8.1156,49.9069],[8.1189,49.8994],[8.1207,49.8968],[8.1277,49.8907],[8.16,49.8936],[8.1769,49.9],[8.1705,49.9157]]]},"properties":{"AGS":"07339057","GEN":"Stadecken-Elsheim","SN_L":"07"}},
{"type":"Feature","geometry":{"type":"Polygon","coordinates":[[[8.2487,49.8956],[8.2271,49.9002],[8.2111,49.8873],[8.2112,49.8743],[8.2327,49.878],[8.2472,49.8815],[8.2487,49.8956]]]},"properties":{"AGS":"07339067","GEN":"Zornheim","SN_L":"07"}},
{"type":"Feature","geometry":{"type":"Polygon","coordinates":[[[8.2898,49.8451],[8.2827,49.844],[8.2657,49.8383],[8.2674,49.8286],[8.2788,49.8174],[8.3111,49.8257],[8.2898,49.8451]]]},"properties":{"AGS":"07339010","GEN":"Dalheim","SN_L":"07"}},
{"type":"Feature","geometry":{"type":"Polygon","coordinates":[[[8.3324,49.8516],[8.3212,49.8559],[8.2898,49.8451],[8.3111,49.8257],[8.3146,49.826],[8.3229,49.8303],[8.3307,49.845],[8.3324,49.8516]]]},"properties":{"AGS":"07339011","GEN":"Dexheim","SN_L":"07"}},
{"type":"Feature","geometry":{"type":"Polygon","coordinates":[[[8.3782,49.8325],[8.3573,49.8445],[8.3307,49.845],[8.3229,49.8303],[8.3146,49.826],[8.3154,49.8212],[8.3362,49.8139],[8.3405,49.82],[8.3625,49.8198],[8.3778,49.8275],[8.3782,49.8325]]]},"properties":{"AGS":"07339012","GEN":"Dienheim","SN_L":"07"}},
{"type":"Feature","geometry":{"type":"Polygon","coordinates":[[[8.2683,49.8053],[8.2444,49.8082],[8.2354,49.8133],[8.2286,49.8029],[8.2327,49.7889],[8.2742,49.7892],[8.2714,49.7974],[8.2683,49.8053]]]},"properties":{"AGS":"07339013","GEN":"Dolgesheim","SN_L":"07"}},
{"type":"Feature","geometry":{"type":"Polygon","coordinates":[[[8.3127,49.8022],[8.2904,49.803],[8.2714,49.7974],[8.2742,49.7892],[8.2801,49.7854],[8.288,49.7878],[8.3124,49.7832],[8.3156,49.7842],[8.3127,49.8022]]]},"properties":{"AGS":"07339015","GEN":"Eimsheim","SN_L":"07"}},
{"type":"Feature","geometry":{"type":"Polygon","coordinates":[[[8.2674,49.8286],[8.2657,49.8383],[8.2827,49.844],[8.2799,49.8476],[8.2705,49.8416],[8.2487,49.8396],[8.246,49.831],[8.2674,49.8286]]]},"properties":{"AGS":"07339018","GEN":"Friesenheim","SN_L":"07"}},
{"type":"Feature","geometry":{"type":"Polygon","coordinates":[[[8.3362,49.8139],[8.3154,49.8212],[8.3127,49.8022],[8.3156,49.7842],[8.3545,49.7818],[8.3746,49.7977],[8.4001,49.8037],[8.3846,49.8173],[8.3608,49.8116],[8.3374,49.8117],[8.3362,49.8139]]]},"properties":{"AGS":"07339024","GEN":"Guntersblum","SN_L":"07"}},
{"type":"Feature","geometry":{"type":"Polygon","coordinates":[[[8.2433,49.8545],[8.2327,49.878],[8.2112,49.8743],[8.2043,49.868],[8.2032,49.8598],[8.2129,49.8523],[8.236,49.8499],[8.2433,49.8545]]]},"properties":{"AGS":"07339025","GEN":"Hahnheim","SN_L":"07"}},
{"type":"Feature","geometry":{"type":"Polygon","coordinates":[[[8.2742,49.7892],[8.2327,49.7889],[8.2337,49.7685],[8.254,49.7677],[8.2687,49.7763],[8.2801,49.7854],[8.2742,49.7892]]]},"properties":{"AGS":"07339028","GEN":"Hillesheim","SN_L":"07"}},
{"type":"Feature","geometry":{"type":"Polygon","coordinates":[[[8.2433,49.8545],[8.236,49.8499],[8.2487,49.8396],[8.2705,49.8416],[8.2799,49.8476],[8.2786,49.8525],[8.2433,49.8545]]]},"properties":{"AGS":"07339033","GEN":"Köngernheim","SN_L":"07"}},
{"type":"Feature","geometry":{"type":"Polygon","coordinates":[[[8.3846,49.8173],[8.3778,49.8275],[8.3625,49.8198],[8.3405,49.82],[8.3374,49.8117],[8.3608,49.8116],[8.3846,49.8173]]]},"properties":{"AGS":"07339035","GEN":"Ludwigshöhe","SN_L":"07"}},
{"type":"Feature","geometry":{"type":"Polygon","coordinates":[[[8.2777,49.8986],[8.2531,49.8969],[8.2487,49.8956],[8.2472,49.8815],[8.274,49.8657],[8.289,49.8687],[8.2897,49.8785],[8.2777,49.8986]]]},"properties":{"AGS":"07339037","GEN":"Mommenheim","SN_L":"07"}},
{"type":"Feature","geometry":{"type":"Polygon","coordinates":[[[8.3591,49.8642],[8.3465,49.8748],[8.3426,49.8886],[8.349,49.9022],[8.3408,49.9034],[8.3191,49.8897],[8.2897,49.8785],[8.289,49.8687],[8.274,49.8657],[8.2786,49.8525],[8.2799,49.8476],[8.2827,49.844],[8.2898,49.8451],[8.3212,49.8559],[8.3324,49.8516],[8.3591,49.8642]]]},"properties":{"AGS":"07339043","GEN":"Nierstein","SN_L":"07"}},
{"type":"Feature","geometry":{"type":"Polygon","coordinates":[[[8.3782,49.8325],[8.3843,49.8545],[8.3764,49.8609],[8.3591,49.8642],[8.3324,49.8516],[8.3307,49.845],[8.3573,49.8445],[8.3782,49.8325]]]},"properties":{"AGS":"07339049","GEN":"Oppenheim","SN_L":"07"}},
{"type":"Feature","geometry":{"type":"Polygon","coordinates":[[[8.274,49.8657],[8.2472,49.8815],[8.2327,49.878],[8.2433,49.8545],[8.2786,49.8525],[8.274,49.8657]]]},"properties":{"AGS":"07339053","GEN":"Selzen","SN_L":"07"}},
{"type":"Feature","geometry":{"type":"MultiPolygon","coordinates":[[[[8.3405,49.82],[8.3362,49.8139],[8.3374,49.8117],[8.3405,49.82]]],[[[8.3154,49.8212],[8.3146,49.826],[8.3111,49.8257],[8.2788,49.8174],[8.2683,49.8053],[8.2714,49.7974],[8.2904,49.803],[8.3127,49.8022],[8.3154,49.8212]]]]},"properties":{"AGS":"07339059","GEN":"Uelversheim","SN_L":"07"}},
{"type":"Feature","geometry":{"type":"Polygon","coordinates":[[[8.2129,49.8523],[8.1899,49.8385],[8.1953,49.8234],[8.2336,49.823],[8.246,49.831],[8.2487,49.8396],[8.236,49.8499],[8.2129,49.8523]]]},"properties":{"AGS":"07339060","GEN":"Undenheim","SN_L":"07"}},
{"type":"Feature","geometry":{"type":"Polygon","coordinates":[[[8.2674,49.8286],[8.246,49.831],[8.2336,49.823],[8.2354,49.8133],[8.2444,49.8082],[8.2683,49.8053],[8.2788,49.8174],[8.2674,49.8286]]]},"properties":{"AGS":"07339064","GEN":"Weinolsheim","SN_L":"07"}},
{"type":"Feature","geometry":{"type":"Polygon","coordinates":[[[8.3008,49.7708],[8.3124,49.7832],[8.288,49.7878],[8.2801,49.7854],[8.2687,49.7763],[8.3008,49.7708]]]},"properties":{"AGS":"07339066","GEN":"Wintersheim","SN_L":"07"}},
{"type":"Feature","geometry":{"type":"Polygon","coordinates":[[[8.3008,49.7708],[8.2687,49.7763],[8.254,49.7677],[8.2605,49.7611],[8.2722,49.7596],[8.2873,49.7491],[8.3008,49.7708]]]},"properties":{"AGS":"07339201","GEN":"Dorn-Dürkheim","SN_L":"07"}},
{"type":"Feature","geometry":{"type":"Polygon","coordinates":[[[7.9953,49.9211],[7.9606,49.9132],[7.9834,49.8901],[7.9861,49.8898],[7.9914,49.893],[7.9937,49.9017],[8.0074,49.9071],[8.0076,49.9124],[7.9953,49.9211]]]},"properties":{"AGS":"07339002","GEN":"Aspisheim","SN_L":"07"}},
{"type":"Feature","geometry":{"type":"Polygon","coordinates":[[[7.9938,49.8444],[7.9688,49.8541],[7.9527,49.8419],[7.9636,49.8331],[7.9929,49.8344],[7.9938,49.8444]]]},"properties":{"AGS":"07339004","GEN":"Badenheim","SN_L":"07"}},
{"type":"Feature","geometry":{"type":"Polygon","coordinates":[[[7.9526,49.8827],[7.9555,49.8966],[7.9528,49.913],[7.9447,49.9127],[7.9126,49.9038],[7.9191,49.8857],[7.9194,49.8818],[7.9348,49.8786],[7.9477,49.8806],[7.9526,49.8827]]]},"properties":{"AGS":"07339021","GEN":"Gensingen","SN_L":"07"}},
{"type":"Feature","geometry":{"type":"Polygon","coordinates":[[[7.9447,49.9127],[7.9417,49.9209],[7.8987,49.9198],[7.9085,49.9129],[7.9126,49.9038],[7.9447,49.9127]]]},"properties":{"AGS":"07339022","GEN":"Grolsheim","SN_L":"07"}},
{"type":"Feature","geometry":{"type":"Polygon","coordinates":[[[7.9834,49.8901],[7.9606,49.9132],[7.9528,49.913],[7.9555,49.8966],[7.9526,49.8827],[7.9834,49.8901]]]},"properties":{"AGS":"07339029","GEN":"Horrweiler","SN_L":"07"}},
{"type":"Feature","geometry":{"type":"Polygon","coordinates":[[[8.0291,49.8863],[8.0225,49.8866],[8.0099,49.8833],[8.0063,49.8636],[8.0156,49.8523],[8.0282,49.8503],[8.0306,49.853],[8.0293,49.857],[8.024,49.8701],[8.0358,49.876],[8.0291,49.8863]]]},"properties":{"AGS":"07339050","GEN":"Sankt Johann","SN_L":"07"}},
{"type":"Feature","geometry":{"type":"Polygon","coordinates":[[[8.0156,49.8523],[8.0063,49.8636],[8.0099,49.8833],[8.0225,49.8866],[8.0016,49.896],[7.9914,49.893],[7.9861,49.8898],[7.9879,49.8894],[7.9842,49.8738],[7.9612,49.8626],[7.9688,49.8541],[7.9938,49.8444],[8.0156,49.8523]]]},"properties":{"AGS":"07339056","GEN":"Sprendlingen","SN_L":"07"}},
{"type":"Feature","geometry":{"type":"Polygon","coordinates":[[[7.9879,49.8894],[7.9861,49.8898],[7.9834,49.8901],[7.9526,49.8827],[7.9477,49.8806],[7.9521,49.873],[7.98,49.8822],[7.9879,49.8894]]]},"properties":{"AGS":"07339065","GEN":"Welgesheim","SN_L":"07"}},
{"type":"Feature","geometry":{"type":"Polygon","coordinates":[[[7.9879,49.8894],[7.98,49.8822],[7.9521,49.873],[7.9599,49.8639],[7.9612,49.8626],[7.9842,49.8738],[7.9879,49.8894]]]},"properties":{"AGS":"07339068","GEN":"Zotzenheim","SN_L":"07"}},
{"type":"Feature","geometry":{"type":"Polygon","coordinates":[[[8.0428,49.8885],[8.0291,49.8863],[8.0358,49.876],[8.024,49.8701],[8.0293,49.857],[8.0442,49.863],[8.0649,49.8713],[8.0504,49.8849],[8.0428,49.8885]]]},"properties":{"AGS":"07339202","GEN":"Wolfsheim","SN_L":"07"}},
{"type":"Feature","geometry":{"type":"Polygon","coordinates":[[[7.8914,49.0924],[7.8715,49.0907],[7.8658,49.0965],[7.859,49.0689],[7.8379,49.0764],[7.8272,49.0754],[7.8167,49.0715],[7.8275,49.0589],[7.8187,49.0545],[7.8516,49.0423],[7.8668,49.0329],[7.8891,49.049],[7.9107,49.0451],[7.9028,49.0567],[7.8804,49.0554],[7.8942,49.0742],[7.895,49.0778],[7.8856,49.0851],[7.8914,49.0924]]]},"properties":{"AGS":"07340001","GEN":"Bobenthal","SN_L":"07"}},
{"type":"Feature","geometry":{"type":"Polygon","coordinates":[[[7.8533,49.1313],[7.8625,49.1561],[7.8555,49.1623],[7.8274,49.1501],[7.8217,49.1246],[7.8257,49.1165],[7.84,49.114],[7.8642,49.116],[7.8533,49.1313]]]},"properties":{"AGS":"07340002","GEN":"Busenberg","SN_L":"07"}},
{"type":"Feature","geometry":{"type":"Polygon","coordinates":[[[7.8042,49.1775],[7.8062,49.1874],[7.7861,49.1805],[7.7597,49.1818],[7.7302,49.1646],[7.7113,49.1471],[7.7104,49.1302],[7.7185,49.1149],[7.7309,49.1157],[7.7543,49.1097],[7.7697,49.1209],[7.8017,49.1271],[7.8077,49.1443],[7.7989,49.1738],[7.8042,49.1775]]]},"properties":{"AGS":"07340004","GEN":"Dahn","SN_L":"07"}},
{"type":"Feature","geometry":{"type":"Polygon","coordinates":[[[7.8623,49.1681],[7.8481,49.1624],[7.8335,49.1734],[7.8042,49.1775],[7.7989,49.1738],[7.8077,49.1443],[7.8274,49.1501],[7.8555,49.1623],[7.8623,49.1681]]]},"properties":{"AGS":"07340009","GEN":"Erfweiler","SN_L":"07"}},
{"type":"Feature","geometry":{"type":"Polygon","coordinates":[[[7.8642,49.116],[7.84,49.114],[7.8257,49.1165],[7.8389,49.1089],[7.8369,49.0995],[7.8658,49.0965],[7.8715,49.0907],[7.8914,49.0924],[7.9096,49.0915],[7.9127,49.1008],[7.9048,49.118],[7.8785,49.1144],[7.8642,49.116]]]},"properties":{"AGS":"07340010","GEN":"Erlenbach bei Dahn","SN_L":"07"}},
{"type":"Feature","geometry":{"type":"Polygon","coordinates":[[[7.7543,49.1097],[7.7309,49.1157],[7.7185,49.1149],[7.7104,49.1302],[7.6638,49.1169],[7.6519,49.1235],[7.6569,49.1115],[7.6744,49.1022],[7.682,49.0798],[7.6615,49.0677],[7.6483,49.0513],[7.6734,49.0451],[7.6923,49.0489],[7.6959,49.0578],[7.7135,49.0719],[7.7156,49.0851],[7.7297,49.0829],[7.743,49.099],[7.7598,49.104],[7.7543,49.1097]]]},"properties":{"AGS":"07340011","GEN":"Fischbach bei Dahn","SN_L":"07"}},
{"type":"Feature","geometry":{"type":"Polygon","coordinates":[[[7.7744,49.0547],[7.7564,49.0565],[7.7348,49.0441],[7.7693,49.0476],[7.7744,49.0547]]]},"properties":{"AGS":"07340021","GEN":"Hirschthal","SN_L":"07"}},
{"type":"Feature","geometry":{"type":"Polygon","coordinates":[[[7.6483,49.0513],[7.6615,49.0677],[7.682,49.0798],[7.6744,49.1022],[7.6569,49.1115],[7.6519,49.1235],[7.6442,49.1184],[7.6259,49.1045],[7.6429,49.0883],[7.606,49.0813],[7.6308,49.0726],[7.6312,49.0549],[7.6483,49.0513]]]},"properties":{"AGS":"07340029","GEN":"Ludwigswinkel","SN_L":"07"}},
{"type":"Feature","geometry":{"type":"Polygon","coordinates":[[[7.8658,49.0965],[7.8369,49.0995],[7.827,49.0939],[7.8272,49.0754],[7.8379,49.0764],[7.859,49.0689],[7.8658,49.0965]]]},"properties":{"AGS":"07340033","GEN":"Niederschlettenbach","SN_L":"07"}},
{"type":"Feature","geometry":{"type":"Polygon","coordinates":[[[7.8167,49.0715],[7.7926,49.0729],[7.7839,49.0584],[7.7944,49.0657],[7.8187,49.0545],[7.8275,49.0589],[7.8167,49.0715]]]},"properties":{"AGS":"07340034","GEN":"Nothweiler","SN_L":"07"}},
{"type":"Feature","geometry":{"type":"Polygon","coordinates":[[[7.8011,49.1067],[7.7859,49.1081],[7.7598,49.104],[7.743,49.099],[7.7297,49.0829],[7.7459,49.0716],[7.7669,49.0771],[7.7734,49.071],[7.7906,49.075],[7.7967,49.0845],[7.7925,49.0929],[7.8052,49.0969],[7.8011,49.1067]]]},"properties":{"AGS":"07340039","GEN":"Rumbach","SN_L":"07"}},
{"type":"Feature","geometry":{"type":"Polygon","coordinates":[[[7.8217,49.1246],[7.8274,49.1501],[7.8077,49.1443],[7.8017,49.1271],[7.8217,49.1246]]]},"properties":{"AGS":"07340043","GEN":"Schindhard","SN_L":"07"}},
{"type":"Feature","geometry":{"type":"Polygon","coordinates":[[[7.7297,49.0829],[7.7156,49.0851],[7.7135,49.0719],[7.6959,49.0578],[7.7202,49.0516],[7.7348,49.0441],[7.7564,49.0565],[7.7744,49.0547],[7.7839,49.0584],[7.7926,49.0729],[7.7906,49.075],[7.7734,49.071],[7.7669,49.0771],[7.7459,49.0716],[7.7297,49.0829]]]},"properties":{"AGS":"07340045","GEN":"Schönau (Pfalz)","SN_L":"07"}},
{"type":"Feature","geometry":{"type":"Polygon","coordinates":[[[7.8017,49.1271],[7.7697,49.1209],[7.7543,49.1097],[7.7598,49.104],[7.7859,49.1081],[7.8011,49.1067],[7.8257,49.1165],[7.8217,49.1246],[7.8017,49.1271]]]},"properties":{"AGS":"07340501","GEN":"Bruchweiler-Bärenbach","SN_L":"07"}},
{"type":"Feature","geometry":{"type":"Polygon","coordinates":[[[7.8369,49.0995],[7.8389,49.1089],[7.8257,49.1165],[7.8011,49.1067],[7.8052,49.0969],[7.7925,49.0929],[7.7967,49.0845],[7.7906,49.075],[7.7926,49.0729],[7.8167,49.0715],[7.8272,49.0754],[7.827,49.0939],[7.8369,49.0995]]]},"properties":{"AGS":"07340502","GEN":"Bundenthal","SN_L":"07"}},
{"type":"Feature","geometry":{"type":"Polygon","coordinates":[[[7.9,49.1555],[7.8889,49.1619],[7.872,49.1531],[7.8875,49.1423],[7.897,49.1476],[7.9,49.1555]]]},"properties":{"AGS":"07340005","GEN":"Darstein","SN_L":"07"}},
{"type":"Feature","geometry":{"type":"Polygon","coordinates":[[[7.9,49.1555],[7.9092,49.1684],[7.8984,49.1762],[7.8889,49.1619],[7.9,49.1555]]]},"properties":{"AGS":"07340006","GEN":"Dimbach","SN_L":"07"}},
{"type":"Feature","geometry":{"type":"Polygon","coordinates":[[[7.8324,49.2002],[7.8145,49.2036],[7.8037,49.2084],[7.8133,49.2004],[7.8062,49.1874],[7.8042,49.1775],[7.8335,49.1734],[7.8481,49.1624],[7.8623,49.1681],[7.8626,49.1771],[7.8727,49.1862],[7.868,49.1985],[7.8474,49.1969],[7.8324,49.2002]]]},"properties":{"AGS":"07340014","GEN":"Hauenstein","SN_L":"07"}},
{"type":"Feature","geometry":{"type":"Polygon","coordinates":[[[7.8037,49.2084],[7.7898,49.2097],[7.7692,49.2034],[7.7513,49.2032],[7.7381,49.199],[7.7238,49.1857],[7.7194,49.1792],[7.7302,49.1646],[7.7597,49.1818],[7.7861,49.1805],[7.8062,49.1874],[7.8133,49.2004],[7.8037,49.2084]]]},"properties":{"AGS":"07340020","GEN":"Hinterweidenthal","SN_L":"07"}},
{"type":"Feature","geometry":{"type":"Polygon","coordinates":[[[7.9167,49.1779],[7.904,49.1899],[7.8881,49.1905],[7.8815,49.182],[7.9061,49.1769],[7.9133,49.1716],[7.9167,49.1779]]]},"properties":{"AGS":"07340030","GEN":"Lug","SN_L":"07"}},
{"type":"Feature","geometry":{"type":"Polygon","coordinates":[[[7.8815,49.182],[7.8727,49.1862],[7.8626,49.1771],[7.8623,49.1681],[7.8555,49.1623],[7.8625,49.1561],[7.872,49.1531],[7.8889,49.1619],[7.8984,49.1762],[7.9092,49.1684],[7.9133,49.1716],[7.9061,49.1769],[7.8815,49.182]]]},"properties":{"AGS":"07340047","GEN":"Schwanheim","SN_L":"07"}},
{"type":"Feature","geometry":{"type":"MultiPolygon","coordinates":[[[[7.8324,49.2002],[7.8284,49.2154],[7.8145,49.2036],[7.8324,49.2002]]],[[[7.9148,49.2098],[7.9005,49.211],[7.868,49.1985],[7.8727,49.1862],[7.8815,49.182],[7.8881,49.1905],[7.9095,49.1987],[7.9148,49.2098]]]]},"properties":{"AGS":"07340049","GEN":"Spirkelbach","SN_L":"07"}},
{"type":"Feature","geometry":{"type":"MultiPolygon","coordinates":[[[[7.8721,49.2831],[7.8676,49.2946],[7.8677,49.3133],[7.8553,49.3331],[7.832,49.3238],[7.8336,49.3213],[7.8441,49.3072],[7.8423,49.296],[7.8262,49.2837],[7.8275,49.2734],[7.8313,49.269],[7.8564,49.2723],[7.8721,49.2831]]],[[[7.9005,49.211],[7.9058,49.2211],[7.9015,49.2327],[7.8692,49.2316],[7.8671,49.2394],[7.8826,49.2444],[7.8713,49.2519],[7.8419,49.2553],[7.8289,49.2458],[7.8138,49.2375],[7.7957,49.2384],[7.7677,49.2339],[7.7576,49.2243],[7.759,49.2125],[7.7513,49.2032],[7.7692,49.2034],[7.7898,49.2097],[7.8037,49.2084],[7.8145,49.2036],[7.8284,49.2154],[7.8324,49.2002],[7.8474,49.1969],[7.868,49.1985],[7.9005,49.211]]]]},"properties":{"AGS":"07340057","GEN":"Wilgartswiesen","SN_L":"07"}},
{"type":"Feature","geometry":{"type":"Polygon","coordinates":[[[7.5828,49.1338],[7.5717,49.1368],[7.5571,49.125],[7.5394,49.125],[7.5295,49.1021],[7.5287,49.0971],[7.5498,49.0858],[7.5691,49.0795],[7.606,49.0813],[7.6429,49.0883],[7.6259,49.1045],[7.6442,49.1184],[7.6163,49.1165],[7.6044,49.1222],[7.5995,49.1332],[7.5828,49.1338]]]},"properties":{"AGS":"07340008","GEN":"Eppenbrunn","SN_L":"07"}},
{"type":"Feature","geometry":{"type":"Polygon","coordinates":[[[7.526,49.1313],[7.5189,49.1333],[7.5246,49.1224],[7.5235,49.1061],[7.5295,49.1021],[7.5394,49.125],[7.526,49.1313]]]},"properties":{"AGS":"07340019","GEN":"Hilst","SN_L":"07"}},
{"type":"Feature","geometry":{"type":"MultiPolygon","coordinates":[[[[7.4816,49.1817],[7.4726,49.181],[7.479,49.1717],[7.4937,49.1762],[7.4816,49.1817]]],[[[7.5377,49.1473],[7.5366,49.1594],[7.5075,49.1735],[7.4938,49.1677],[7.4932,49.1606],[7.506,49.1505],[7.4977,49.1462],[7.5189,49.1333],[7.526,49.1313],[7.5377,49.1473]]]]},"properties":{"AGS":"07340026","GEN":"Kröppen","SN_L":"07"}},
{"type":"Feature","geometry":{"type":"Polygon","coordinates":[[[7.7238,49.1857],[7.7,49.1863],[7.692,49.1926],[7.6666,49.19],[7.6544,49.1915],[7.6557,49.1866],[7.6325,49.178],[7.6415,49.1714],[7.6353,49.1626],[7.609,49.163],[7.5899,49.1481],[7.5774,49.1413],[7.5835,49.1342],[7.5828,49.1338],[7.5995,49.1332],[7.6044,49.1222],[7.6163,49.1165],[7.6442,49.1184],[7.6519,49.1235],[7.6638,49.1169],[7.7104,49.1302],[7.7113,49.1471],[7.7302,49.1646],[7.7194,49.1792],[7.7238,49.1857]]]},"properties":{"AGS":"07340028","GEN":"Lemberg","SN_L":"07"}},
{"type":"Feature","geometry":{"type":"Polygon","coordinates":[[[7.5774,49.1413],[7.5909,49.1615],[7.5901,49.1736],[7.5707,49.1665],[7.5849,49.1585],[7.5747,49.1465],[7.5746,49.1411],[7.5835,49.1342],[7.5774,49.1413]]]},"properties":{"AGS":"07340036","GEN":"Obersimten","SN_L":"07"}},
{"type":"Feature","geometry":{"type":"Polygon","coordinates":[[[7.7381,49.199],[7.7074,49.1951],[7.689,49.2],[7.6666,49.19],[7.692,49.1926],[7.7,49.1863],[7.7238,49.1857],[7.7381,49.199]]]},"properties":{"AGS":"07340040","GEN":"Ruppertsweiler","SN_L":"07"}},
{"type":"Feature","geometry":{"type":"Polygon","coordinates":[[[7.5189,49.1333],[7.4977,49.1462],[7.4967,49.1354],[7.5055,49.1224],[7.5155,49.121],[7.5235,49.1061],[7.5246,49.1224],[7.5189,49.1333]]]},"properties":{"AGS":"07340048","GEN":"Schweix","SN_L":"07"}},
{"type":"Feature","geometry":{"type":"Polygon","coordinates":[[[7.5747,49.1465],[7.5613,49.1506],[7.5377,49.1473],[7.526,49.1313],[7.5394,49.125],[7.5571,49.125],[7.5717,49.1368],[7.5828,49.1338],[7.5835,49.1342],[7.5746,49.1411],[7.5747,49.1465]]]},"properties":{"AGS":"07340052","GEN":"Trulben","SN_L":"07"}},
{"type":"Feature","geometry":{"type":"Polygon","coordinates":[[[7.5707,49.1665],[7.5609,49.1664],[7.5304,49.1903],[7.5041,49.1755],[7.5075,49.1735],[7.5366,49.1594],[7.5377,49.1473],[7.5613,49.1506],[7.5747,49.1465],[7.5849,49.1585],[7.5707,49.1665]]]},"properties":{"AGS":"07340053","GEN":"Vinningen","SN_L":"07"}},
{"type":"Feature","geometry":{"type":"Polygon","coordinates":[[[7.5149,49.2004],[7.5083,49.1967],[7.4885,49.2014],[7.4816,49.1817],[7.4937,49.1762],[7.5041,49.1755],[7.5304,49.1903],[7.5149,49.2004]]]},"properties":{"AGS":"07340205","GEN":"Bottenbach","SN_L":"07"}},
{"type":"Feature","geometry":{"type":"Polygon","coordinates":[[[7.7419,49.2618],[7.7268,49.2769],[7.6994,49.2712],[7.6894,49.2651],[7.6552,49.261],[7.6524,49.2539],[7.6717,49.2398],[7.6849,49.2477],[7.7122,49.2573],[7.7379,49.2565],[7.7419,49.2618]]]},"properties":{"AGS":"07340003","GEN":"Clausen","SN_L":"07"}},
{"type":"Feature","geometry":{"type":"Polygon","coordinates":[[[7.6894,49.2651],[7.6283,49.2754],[7.6178,49.271],[7.6091,49.2662],[7.6072,49.2544],[7.6524,49.2539],[7.6552,49.261],[7.6894,49.2651]]]},"properties":{"AGS":"07340007","GEN":"Donsieders","SN_L":"07"}},
{"type":"Feature","geometry":{"type":"Polygon","coordinates":[[[7.8275,49.2734],[7.8262,49.2837],[7.8423,49.296],[7.8441,49.3072],[7.8336,49.3213],[7.8115,49.3182],[7.7987,49.3068],[7.7912,49.293],[7.7598,49.295],[7.7478,49.2852],[7.7268,49.2769],[7.7419,49.2618],[7.7634,49.2564],[7.7841,49.2666],[7.7954,49.2653],[7.8149,49.2732],[7.8275,49.2734]]]},"properties":{"AGS":"07340027","GEN":"Leimen","SN_L":"07"}},
{"type":"Feature","geometry":{"type":"Polygon","coordinates":[[[7.8313,49.269],[7.8275,49.2734],[7.8149,49.2732],[7.7954,49.2653],[7.7841,49.2666],[7.7634,49.2564],[7.7419,49.2618],[7.7379,49.2565],[7.7122,49.2573],[7.6849,49.2477],[7.7051,49.2338],[7.735,49.2307],[7.7576,49.2243],[7.7677,49.2339],[7.7957,49.2384],[7.8138,49.2375],[7.8289,49.2458],[7.8313,49.269]]]},"properties":{"AGS":"07340031","GEN":"Merzalben","SN_L":"07"}},
{"type":"Feature","geometry":{"type":"Polygon","coordinates":[[[7.7576,49.2243],[7.735,49.2307],[7.7051,49.2338],[7.6849,49.2477],[7.6717,49.2398],[7.6734,49.2286],[7.6602,49.212],[7.6665,49.2079],[7.6544,49.1915],[7.6666,49.19],[7.689,49.2],[7.7074,49.1951],[7.7381,49.199],[7.7513,49.2032],[7.759,49.2125],[7.7576,49.2243]]]},"properties":{"AGS":"07340032","GEN":"Münchweiler an der Rodalb","SN_L":"07"}},
{"type":"Feature","geometry":{"type":"Polygon","coordinates":[[[7.6524,49.2539],[7.6072,49.2544],[7.6035,49.2531],[7.598,49.2333],[7.6002,49.2264],[7.6278,49.2218],[7.6734,49.2286],[7.6717,49.2398],[7.6524,49.2539]]]},"properties":{"AGS":"07340038","GEN":"Rodalben","SN_L":"07"}},
{"type":"Feature","geometry":{"type":"Polygon","coordinates":[[[7.6976,49.3384],[7.6814,49.3385],[7.6696,49.3324],[7.6648,49.3256],[7.6837,49.315],[7.6844,49.3157],[7.6991,49.3221],[7.7242,49.3257],[7.6976,49.3384]]]},"properties":{"AGS":"07340012","GEN":"Geiselberg","SN_L":"07"}},
{"type":"Feature","geometry":{"type":"Polygon","coordinates":[[[7.7678,49.3144],[7.7242,49.3257],[7.6991,49.3221],[7.6844,49.3157],[7.6776,49.3024],[7.6977,49.2991],[7.701,49.2927],[7.6944,49.2745],[7.6994,49.2712],[7.7268,49.2769],[7.7478,49.2852],[7.7598,49.295],[7.7912,49.293],[7.7987,49.3068],[7.788,49.3123],[7.7678,49.3144]]]},"properties":{"AGS":"07340015","GEN":"Heltersberg","SN_L":"07"}},
{"type":"Feature","geometry":{"type":"Polygon","coordinates":[[[7.6505,49.3172],[7.6322,49.332],[7.6054,49.3239],[7.5911,49.3068],[7.5945,49.3004],[7.6091,49.3072],[7.6269,49.3075],[7.6373,49.3007],[7.6409,49.2915],[7.6639,49.297],[7.6605,49.3047],[7.6671,49.3111],[7.6505,49.3172]]]},"properties":{"AGS":"07340016","GEN":"Hermersberg","SN_L":"07"}},
{"type":"Feature","geometry":{"type":"Polygon","coordinates":[[[7.6373,49.3007],[7.6269,49.3075],[7.6091,49.3072],[7.5945,49.3004],[7.5851,49.2949],[7.5753,49.2911],[7.5692,49.2775],[7.5857,49.2822],[7.6091,49.2662],[7.6178,49.271],[7.6193,49.2901],[7.6373,49.3007]]]},"properties":{"AGS":"07340022","GEN":"Höheinöd","SN_L":"07"}},
{"type":"Feature","geometry":{"type":"Polygon","coordinates":[[[7.6689,49.3419],[7.6278,49.3421],[7.6322,49.332],[7.6505,49.3172],[7.6648,49.3256],[7.6696,49.3324],[7.6689,49.3419]]]},"properties":{"AGS":"07340025","GEN":"Horbach","SN_L":"07"}},
{"type":"Feature","geometry":{"type":"Polygon","coordinates":[[[7.7678,49.3144],[7.765,49.3404],[7.7265,49.3453],[7.6976,49.3384],[7.7242,49.3257],[7.7678,49.3144]]]},"properties":{"AGS":"07340044","GEN":"Schmalenberg","SN_L":"07"}},
{"type":"Feature","geometry":{"type":"Polygon","coordinates":[[[7.6648,49.3256],[7.6505,49.3172],[7.6671,49.3111],[7.6605,49.3047],[7.6837,49.315],[7.6648,49.3256]]]},"properties":{"AGS":"07340050","GEN":"Steinalben","SN_L":"07"}},
{"type":"Feature","geometry":{"type":"Polygon","coordinates":[[[7.6994,49.2712],[7.6944,49.2745],[7.701,49.2927],[7.6977,49.2991],[7.6776,49.3024],[7.6844,49.3157],[7.6837,49.315],[7.6605,49.3047],[7.6639,49.297],[7.6409,49.2915],[7.6373,49.3007],[7.6193,49.2901],[7.6178,49.271],[7.6283,49.2754],[7.6894,49.2651],[7.6994,49.2712]]]},"properties":{"AGS":"07340054","GEN":"Waldfischbach-Burgalben","SN_L":"07"}},
{"type":"Feature","geometry":{"type":"Polygon","coordinates":[[[7.399,49.2146],[7.3669,49.2101],[7.3574,49.2159],[7.3463,49.2027],[7.3856,49.195],[7.3973,49.1999],[7.3977,49.2007],[7.3974,49.2084],[7.399,49.2146]]]},"properties":{"AGS":"07340201","GEN":"Althornbach","SN_L":"07"}},
{"type":"Feature","geometry":{"type":"Polygon","coordinates":[[[7.4867,49.2946],[7.4595,49.2864],[7.4385,49.2885],[7.429,49.2823],[7.4483,49.2691],[7.4698,49.2753],[7.4867,49.2946]]]},"properties":{"AGS":"07340202","GEN":"Battweiler","SN_L":"07"}},
{"type":"Feature","geometry":{"type":"Polygon","coordinates":[[[7.4379,49.3538],[7.409,49.3635],[7.4021,49.3677],[7.3939,49.3541],[7.4038,49.3461],[7.4,49.3367],[7.4246,49.3338],[7.4379,49.3538]]]},"properties":{"AGS":"07340203","GEN":"Bechhofen","SN_L":"07"}},
{"type":"Feature","geometry":{"type":"Polygon","coordinates":[[[7.4698,49.2753],[7.4483,49.2691],[7.437,49.2702],[7.4215,49.2631],[7.4047,49.2462],[7.4018,49.2338],[7.4171,49.228],[7.399,49.2146],[7.3974,49.2084],[7.401,49.205],[7.4479,49.2196],[7.4587,49.2223],[7.4686,49.2436],[7.4847,49.2616],[7.4796,49.2684],[7.4698,49.2753]]]},"properties":{"AGS":"07340206","GEN":"Contwig","SN_L":"07"}},
{"type":"Feature","geometry":{"type":"Polygon","coordinates":[[[7.508,49.2355],[7.5029,49.2411],[7.4843,49.2415],[7.4847,49.2616],[7.4686,49.2436],[7.4587,49.2223],[7.4814,49.2219],[7.4932,49.2329],[7.508,49.2355]]]},"properties":{"AGS":"07340207","GEN":"Dellfeld","SN_L":"07"}},
{"type":"Feature","geometry":{"type":"Polygon","coordinates":[[[7.4479,49.2196],[7.401,49.205],[7.3977,49.2007],[7.3973,49.1999],[7.4116,49.1861],[7.4107,49.1793],[7.4456,49.1842],[7.4462,49.1853],[7.4334,49.1906],[7.4329,49.2026],[7.4471,49.2084],[7.4479,49.2196]]]},"properties":{"AGS":"07340208","GEN":"Dietrichingen","SN_L":"07"}},
{"type":"Feature","geometry":{"type":"Polygon","coordinates":[[[7.4413,49.2927],[7.4313,49.3093],[7.438,49.3213],[7.4081,49.3099],[7.4063,49.2905],[7.429,49.2823],[7.4385,49.2885],[7.4413,49.2927]]]},"properties":{"AGS":"07340209","GEN":"Großbundenbach","SN_L":"07"}},
{"type":"Feature","geometry":{"type":"Polygon","coordinates":[[[7.4471,49.2084],[7.4329,49.2026],[7.4334,49.1906],[7.4462,49.1853],[7.4726,49.181],[7.4695,49.1938],[7.4485,49.2006],[7.4511,49.2075],[7.4471,49.2084]]]},"properties":{"AGS":"07340210","GEN":"Großsteinhausen","SN_L":"07"}},
{"type":"Feature","geometry":{"type":"Polygon","coordinates":[[[7.3463,49.2027],[7.3327,49.2055],[7.3203,49.1895],[7.3385,49.1844],[7.3359,49.1759],[7.3501,49.1628],[7.3688,49.1615],[7.3651,49.1718],[7.3808,49.175],[7.3856,49.195],[7.3463,49.2027]]]},"properties":{"AGS":"07340211","GEN":"Hornbach","SN_L":"07"}},
{"type":"Feature","geometry":{"type":"Polygon","coordinates":[[[7.4246,49.3338],[7.4,49.3367],[7.3928,49.3283],[7.3945,49.3164],[7.4081,49.3099],[7.438,49.3213],[7.451,49.3249],[7.4501,49.3293],[7.435,49.3341],[7.4246,49.3338]]]},"properties":{"AGS":"07340212","GEN":"Käshofen","SN_L":"07"}},
{"type":"Feature","geometry":{"type":"Polygon","coordinates":[[[7.4413,49.2927],[7.4598,49.3009],[7.4574,49.3141],[7.451,49.3249],[7.438,49.3213],[7.4313,49.3093],[7.4413,49.2927]]]},"properties":{"AGS":"07340213","GEN":"Kleinbundenbach","SN_L":"07"}},
{"type":"Feature","geometry":{"type":"Polygon","coordinates":[[[7.4895,49.2041],[7.4803,49.2083],[7.4511,49.2075],[7.4485,49.2006],[7.4695,49.1938],[7.4726,49.181],[7.4816,49.1817],[7.4885,49.2014],[7.4895,49.2041]]]},"properties":{"AGS":"07340214","GEN":"Kleinsteinhausen","SN_L":"07"}},
{"type":"Feature","geometry":{"type":"MultiPolygon","coordinates":[[[[7.3977,49.2007],[7.401,49.205],[7.3974,49.2084],[7.3977,49.2007]]],[[[7.3973,49.1999],[7.3856,49.195],[7.3808,49.175],[7.4107,49.1793],[7.4116,49.1861],[7.3973,49.1999]]]]},"properties":{"AGS":"07340218","GEN":"Mauschbach","SN_L":"07"}},
{"type":"Feature","geometry":{"type":"Polygon","coordinates":[[[7.4726,49.181],[7.4462,49.1853],[7.4456,49.1842],[7.4359,49.1797],[7.4577,49.163],[7.4823,49.1697],[7.4938,49.1677],[7.5075,49.1735],[7.5041,49.1755],[7.4937,49.1762],[7.479,49.1717],[7.4726,49.181]]]},"properties":{"AGS":"07340221","GEN":"Riedelberg","SN_L":"07"}},
{"type":"Feature","geometry":{"type":"Polygon","coordinates":[[[7.4436,49.3538],[7.4379,49.3538],[7.4246,49.3338],[7.435,49.3341],[7.4526,49.3509],[7.4436,49.3538]]]},"properties":{"AGS":"07340223","GEN":"Rosenkopf","SN_L":"07"}},
{"type":"Feature","geometry":{"type":"Polygon","coordinates":[[[7.4587,49.2223],[7.4479,49.2196],[7.4471,49.2084],[7.4511,49.2075],[7.4803,49.2083],[7.4895,49.2041],[7.4951,49.2141],[7.4814,49.2219],[7.4587,49.2223]]]},"properties":{"AGS":"07340226","GEN":"Walshausen","SN_L":"07"}},
{"type":"Feature","geometry":{"type":"Polygon","coordinates":[[[7.4501,49.3293],[7.478,49.3412],[7.4526,49.3509],[7.435,49.3341],[7.4501,49.3293]]]},"properties":{"AGS":"07340227","GEN":"Wiesbach","SN_L":"07"}},
{"type":"Feature","geometry":{"type":"Polygon","coordinates":[[[7.5625,49.314],[7.5338,49.3168],[7.5248,49.312],[7.5342,49.2931],[7.5375,49.2853],[7.5548,49.2736],[7.5692,49.2775],[7.5753,49.2911],[7.5851,49.2949],[7.5742,49.2944],[7.5625,49.314]]]},"properties":{"AGS":"07340017","GEN":"Herschberg","SN_L":"07"}},
{"type":"Feature","geometry":{"type":"Polygon","coordinates":[[[7.5749,49.34],[7.559,49.3526],[7.5374,49.3391],[7.5315,49.3341],[7.5339,49.3298],[7.5573,49.3292],[7.5772,49.3364],[7.5749,49.34]]]},"properties":{"AGS":"07340018","GEN":"Hettenhausen","SN_L":"07"}},
{"type":"Feature","geometry":{"type":"Polygon","coordinates":[[[7.5424,49.24],[7.5282,49.2319],[7.5409,49.2172],[7.5546,49.2202],[7.5708,49.2347],[7.5619,49.2383],[7.5424,49.24]]]},"properties":{"AGS":"07340023","GEN":"Höheischweiler","SN_L":"07"}},
{"type":"Feature","geometry":{"type":"Polygon","coordinates":[[[7.5767,49.2438],[7.5687,49.2541],[7.5339,49.2501],[7.5283,49.2465],[7.5424,49.24],[7.5619,49.2383],[7.5767,49.2438]]]},"properties":{"AGS":"07340024","GEN":"Höhfröschen","SN_L":"07"}},
{"type":"Feature","geometry":{"type":"Polygon","coordinates":[[[7.508,49.2355],[7.4932,49.2329],[7.4814,49.2219],[7.4951,49.2141],[7.4895,49.2041],[7.4885,49.2014],[7.5083,49.1967],[7.5149,49.2004],[7.52,49.2112],[7.5409,49.2172],[7.5282,49.2319],[7.508,49.2355]]]},"properties":{"AGS":"07340035","GEN":"Nünschweiler","SN_L":"07"}},
{"type":"Feature","geometry":{"type":"Polygon","coordinates":[[[7.5708,49.2347],[7.598,49.2333],[7.6035,49.2531],[7.5767,49.2438],[7.5619,49.2383],[7.5708,49.2347]]]},"properties":{"AGS":"07340037","GEN":"Petersberg","SN_L":"07"}},
{"type":"Feature","geometry":{"type":"Polygon","coordinates":[[[7.5741,49.3233],[7.5772,49.3364],[7.5573,49.3292],[7.5339,49.3298],[7.5338,49.3168],[7.5625,49.314],[7.5741,49.3233]]]},"properties":{"AGS":"07340041","GEN":"Saalstadt","SN_L":"07"}},
{"type":"Feature","geometry":{"type":"Polygon","coordinates":[[[7.5625,49.314],[7.5742,49.2944],[7.5851,49.2949],[7.5945,49.3004],[7.5911,49.3068],[7.5741,49.3233],[7.5625,49.314]]]},"properties":{"AGS":"07340042","GEN":"Schauerberg","SN_L":"07"}},
{"type":"Feature","geometry":{"type":"Polygon","coordinates":[[[7.6091,49.2662],[7.5857,49.2822],[7.5692,49.2775],[7.5548,49.2736],[7.5339,49.2501],[7.5687,49.2541],[7.5767,49.2438],[7.6035,49.2531],[7.6072,49.2544],[7.6091,49.2662]]]},"properties":{"AGS":"07340051","GEN":"Thaleischweiler-Fröschen","SN_L":"07"}},
{"type":"Feature","geometry":{"type":"Polygon","coordinates":[[[7.6287,49.359],[7.6063,49.3637],[7.5851,49.344],[7.5749,49.34],[7.5772,49.3364],[7.5741,49.3233],[7.5911,49.3068],[7.6054,49.3239],[7.6322,49.332],[7.6278,49.3421],[7.6287,49.359]]]},"properties":{"AGS":"07340055","GEN":"Weselberg","SN_L":"07"}},
{"type":"Feature","geometry":{"type":"Polygon","coordinates":[[[7.4932,49.3054],[7.5049,49.3111],[7.494,49.3296],[7.4746,49.3208],[7.4876,49.3033],[7.4932,49.3054]]]},"properties":{"AGS":"07340204","GEN":"Biedershausen","SN_L":"07"}},
{"type":"Feature","geometry":{"type":"Polygon","coordinates":[[[7.5374,49.3391],[7.5182,49.3431],[7.5029,49.356],[7.4861,49.3399],[7.4949,49.3311],[7.5143,49.3288],[7.5315,49.3341],[7.5374,49.3391]]]},"properties":{"AGS":"07340215","GEN":"Knopp-Labach","SN_L":"07"}},
{"type":"Feature","geometry":{"type":"Polygon","coordinates":[[[7.4949,49.3311],[7.4861,49.3399],[7.478,49.3412],[7.4501,49.3293],[7.451,49.3249],[7.4574,49.3141],[7.4746,49.3208],[7.494,49.3296],[7.4949,49.3311]]]},"properties":{"AGS":"07340216","GEN":"Krähenberg","SN_L":"07"}},
{"type":"Feature","geometry":{"type":"Polygon","coordinates":[[[7.5548,49.2736],[7.5375,49.2853],[7.5342,49.2931],[7.5242,49.2905],[7.5126,49.2796],[7.4915,49.2714],[7.5148,49.2632],[7.5283,49.2465],[7.5339,49.2501],[7.5548,49.2736]]]},"properties":{"AGS":"07340217","GEN":"Maßweiler","SN_L":"07"}},
{"type":"Feature","geometry":{"type":"Polygon","coordinates":[[[7.6039,49.3761],[7.6014,49.3763],[7.5707,49.3692],[7.5597,49.3545],[7.559,49.3526],[7.5749,49.34],[7.5851,49.344],[7.6063,49.3637],[7.6039,49.3761]]]},"properties":{"AGS":"07340219","GEN":"Obernheim-Kirchenarnbach","SN_L":"07"}},
{"type":"Feature","geometry":{"type":"Polygon","coordinates":[[[7.5242,49.2905],[7.5096,49.2996],[7.4935,49.2954],[7.4867,49.2946],[7.4698,49.2753],[7.4796,49.2684],[7.4915,49.2714],[7.5126,49.2796],[7.5242,49.2905]]]},"properties":{"AGS":"07340220","GEN":"Reifenberg","SN_L":"07"}},
{"type":"Feature","geometry":{"type":"Polygon","coordinates":[[[7.5283,49.2465],[7.5148,49.2632],[7.4915,49.2714],[7.4796,49.2684],[7.4847,49.2616],[7.4843,49.2415],[7.5029,49.2411],[7.508,49.2355],[7.5282,49.2319],[7.5424,49.24],[7.5283,49.2465]]]},"properties":{"AGS":"07340222","GEN":"Rieschweiler-Mühlbach","SN_L":"07"}},
{"type":"Feature","geometry":{"type":"Polygon","coordinates":[[[7.5342,49.2931],[7.5248,49.312],[7.4932,49.3054],[7.4876,49.3033],[7.4935,49.2954],[7.5096,49.2996],[7.5242,49.2905],[7.5342,49.2931]]]},"properties":{"AGS":"07340224","GEN":"Schmitshausen","SN_L":"07"}},
{"type":"Feature","geometry":{"type":"Polygon","coordinates":[[[7.5338,49.3168],[7.5339,49.3298],[7.5315,49.3341],[7.5143,49.3288],[7.4949,49.3311],[7.494,49.3296],[7.5049,49.3111],[7.4932,49.3054],[7.5248,49.312],[7.5338,49.3168]]]},"properties":{"AGS":"07340225","GEN":"Wallhalben","SN_L":"07"}},
{"type":"Feature","geometry":{"type":"Polygon","coordinates":[[[7.4876,49.3033],[7.4746,49.3208],[7.4574,49.3141],[7.4598,49.3009],[7.4413,49.2927],[7.4385,49.2885],[7.4595,49.2864],[7.4867,49.2946],[7.4935,49.2954],[7.4876,49.3033]]]},"properties":{"AGS":"07340228","GEN":"Winterbach (Pfalz)","SN_L":"07"}}
]}