{"type":"FeatureCollection", "features": [
{"type":"Feature","geometry":{"type":"Polygon","coordinates":[[[11.4286,48.8108],[11.3939,48.8203],[11.3897,48.8162],[11.3912,48.7918],[11.3873,48.7826],[11.3544,48.7788],[11.3262,48.7862],[11.3048,48.7817],[11.2739,48.7908],[11.2602,48.7899],[11.2559,48.7794],[11.2698,48.7648],[11.3057,48.7449],[11.3151,48.7299],[11.3273,48.7215],[11.3466,48.7303],[11.3574,48.7114],[11.3683,48.7063],[11.3747,48.6899],[11.3928,48.6843],[11.4027,48.6947],[11.4331,48.6994],[11.4325,48.7116],[11.4542,48.7277],[11.4868,48.7274],[11.4893,48.745],[11.5033,48.7607],[11.4943,48.7761],[11.4992,48.7844],[11.4684,48.7932],[11.458,48.7929],[11.4336,48.8048],[11.4286,48.8108]]]},"properties":{"AGS":"09161000","GEN":"Ingolstadt","SN_L":"09"}},
{"type":"Feature","geometry":{"type":"Polygon","coordinates":[[[11.602,48.2168],[11.5853,48.2137],[11.5813,48.2298],[11.5471,48.2282],[11.5307,48.2321],[11.5262,48.2411],[11.4998,48.2481],[11.4907,48.2457],[11.4891,48.2227],[11.4609,48.215],[11.4567,48.2088],[11.4261,48.2042],[11.4029,48.2031],[11.3935,48.2005],[11.3924,48.184],[11.3741,48.1782],[11.3609,48.1581],[11.3826,48.1533],[11.3914,48.1418],[11.3879,48.1291],[11.4125,48.1271],[11.43,48.1376],[11.4645,48.1292],[11.4633,48.1154],[11.463,48.1052],[11.4718,48.1052],[11.471,48.0831],[11.5038,48.0692],[11.5087,48.0616],[11.5276,48.0685],[11.543,48.0684],[11.5441,48.0683],[11.5554,48.0848],[11.586,48.0937],[11.5913,48.0843],[11.6066,48.0867],[11.633,48.086],[11.6636,48.0783],[11.6857,48.0775],[11.6825,48.0914],[11.7131,48.105],[11.712,48.13],[11.7231,48.1368],[11.7087,48.1487],[11.6781,48.1449],[11.6748,48.1568],[11.696,48.1745],[11.691,48.1828],[11.6869,48.18],[11.6415,48.174],[11.6283,48.1839],[11.6452,48.2083],[11.6504,48.2173],[11.6379,48.2262],[11.6151,48.2292],[11.602,48.2168]]]},"properties":{"AGS":"09162000","GEN":"München","SN_L":"09"}},
{"type":"Feature","geometry":{"type":"Polygon","coordinates":[[[12.1522,47.8393],[12.1503,47.8486],[12.1379,47.858],[12.134,47.8715],[12.1382,47.8868],[12.1308,47.8828],[12.1029,47.8853],[12.0981,47.871],[12.0842,47.8676],[12.0782,47.8646],[12.0754,47.8327],[12.0572,47.8259],[12.0543,47.8177],[12.1095,47.8105],[12.1295,47.8137],[12.1447,47.8273],[12.1522,47.8393]]]},"properties":{"AGS":"09163000","GEN":"Rosenheim","SN_L":"09"}},
{"type":"Feature","geometry":{"type":"Polygon","coordinates":[[[12.6628,48.2509],[12.6244,48.2525],[12.6212,48.2476],[12.6077,48.2425],[12.6335,48.2287],[12.6332,48.2233],[12.6592,48.2221],[12.654,48.2037],[12.6482,48.2013],[12.6759,48.2001],[12.6833,48.2094],[12.7315,48.2179],[12.7033,48.2328],[12.6658,48.2392],[12.6628,48.2509]]]},"properties":{"AGS":"09171111","GEN":"Altötting","SN_L":"09"}},
{"type":"Feature","geometry":{"type":"Polygon","coordinates":[[[12.8544,48.1794],[12.8569,48.1877],[12.8336,48.2041],[12.8126,48.1923],[12.8223,48.1777],[12.8084,48.171],[12.8092,48.1641],[12.7887,48.1571],[12.7843,48.1479],[12.7592,48.1271],[12.7872,48.1238],[12.7977,48.1445],[12.8109,48.1513],[12.8264,48.1525],[12.8352,48.1639],[12.8477,48.1675],[12.8544,48.1794]]]},"properties":{"AGS":"09171112","GEN":"Burghausen","SN_L":"09"}},
{"type":"Feature","geometry":{"type":"Polygon","coordinates":[[[12.7887,48.1571],[12.7699,48.1504],[12.7689,48.162],[12.7497,48.1795],[12.7419,48.1865],[12.7498,48.1967],[12.7289,48.1975],[12.7093,48.1718],[12.6907,48.1672],[12.6814,48.1542],[12.6632,48.1541],[12.6315,48.1428],[12.6307,48.1312],[12.6496,48.1335],[12.6535,48.1385],[12.6876,48.1421],[12.7082,48.1408],[12.7156,48.1101],[12.7258,48.1021],[12.7516,48.1128],[12.7592,48.1271],[12.7843,48.1479],[12.7887,48.1571]]]},"properties":{"AGS":"09171113","GEN":"Burgkirchen a.d.Alz","SN_L":"09"}},
{"type":"Feature","geometry":{"type":"Polygon","coordinates":[[[12.6315,48.1428],[12.6099,48.1515],[12.5791,48.1684],[12.5662,48.1589],[12.5425,48.1395],[12.5482,48.125],[12.5659,48.124],[12.5745,48.1109],[12.5816,48.104],[12.6024,48.1116],[12.6223,48.1126],[12.6129,48.1204],[12.6307,48.1312],[12.6315,48.1428]]]},"properties":{"AGS":"09171117","GEN":"Garching a.d.Alz","SN_L":"09"}},
{"type":"Feature","geometry":{"type":"Polygon","coordinates":[[[12.8919,48.2365],[12.8721,48.2483],[12.8483,48.2457],[12.8328,48.2366],[12.8283,48.2167],[12.8336,48.2041],[12.8569,48.1877],[12.8544,48.1794],[12.8709,48.2019],[12.9134,48.2062],[12.9447,48.2067],[12.9161,48.2174],[12.8919,48.2365]]]},"properties":{"AGS":"09171118","GEN":"Haiming","SN_L":"09"}},
{"type":"Feature","geometry":{"type":"Polygon","coordinates":[[[12.7956,48.2292],[12.817,48.2479],[12.8044,48.2688],[12.787,48.2591],[12.7508,48.2529],[12.745,48.2596],[12.7257,48.2613],[12.7169,48.2609],[12.6628,48.2509],[12.6658,48.2392],[12.7033,48.2328],[12.7315,48.2179],[12.7375,48.2145],[12.7429,48.2223],[12.7614,48.221],[12.7869,48.2247],[12.7956,48.2292]]]},"properties":{"AGS":"09171125","GEN":"Neuötting","SN_L":"09"}},
{"type":"Feature","geometry":{"type":"Polygon","coordinates":[[[12.6904,48.3443],[12.6572,48.3371],[12.6396,48.3382],[12.6406,48.3481],[12.6073,48.3536],[12.5975,48.3524],[12.5967,48.339],[12.5702,48.3403],[12.5656,48.3343],[12.5756,48.317],[12.5631,48.308],[12.5699,48.2993],[12.5897,48.2926],[12.5997,48.2828],[12.6196,48.2851],[12.6534,48.2938],[12.6843,48.2904],[12.681,48.2999],[12.6903,48.3064],[12.6834,48.3235],[12.7022,48.331],[12.6904,48.3443]]]},"properties":{"AGS":"09171127","GEN":"Pleiskirchen","SN_L":"09"}},
{"type":"Feature","geometry":{"type":"Polygon","coordinates":[[[12.6332,48.2233],[12.6335,48.2287],[12.6077,48.2425],[12.5854,48.2389],[12.5955,48.2277],[12.619,48.22],[12.6332,48.2233]]]},"properties":{"AGS":"09171131","GEN":"Teising","SN_L":"09"}},
{"type":"Feature","geometry":{"type":"Polygon","coordinates":[[[12.6212,48.2476],[12.6128,48.252],[12.614,48.2769],[12.6196,48.2851],[12.5997,48.2828],[12.6003,48.2692],[12.5743,48.267],[12.5647,48.2565],[12.5647,48.2424],[12.5854,48.2389],[12.6077,48.2425],[12.6212,48.2476]]]},"properties":{"AGS":"09171132","GEN":"Töging a.Inn","SN_L":"09"}},
{"type":"Feature","geometry":{"type":"Polygon","coordinates":[[[12.5955,48.2277],[12.5835,48.2262],[12.5782,48.2034],[12.586,48.1803],[12.5895,48.1863],[12.613,48.1862],[12.6405,48.195],[12.6482,48.2013],[12.654,48.2037],[12.6592,48.2221],[12.6332,48.2233],[12.619,48.22],[12.5955,48.2277]]]},"properties":{"AGS":"09171133","GEN":"Tüßling","SN_L":"09"}},
{"type":"Feature","geometry":{"type":"Polygon","coordinates":[[[12.6843,48.2904],[12.6534,48.2938],[12.6196,48.2851],[12.614,48.2769],[12.6128,48.252],[12.6212,48.2476],[12.6244,48.2525],[12.6628,48.2509],[12.7169,48.2609],[12.6949,48.2646],[12.6803,48.2722],[12.6915,48.279],[12.6843,48.2904]]]},"properties":{"AGS":"09171137","GEN":"Winhöring","SN_L":"09"}},
{"type":"Feature","geometry":{"type":"Polygon","coordinates":[[[12.8043,48.22],[12.7956,48.2292],[12.7869,48.2247],[12.7614,48.221],[12.7429,48.2223],[12.7375,48.2145],[12.7289,48.1975],[12.7498,48.1967],[12.7419,48.1865],[12.7497,48.1795],[12.7842,48.2042],[12.7863,48.2122],[12.8043,48.22]]]},"properties":{"AGS":"09171114","GEN":"Emmerting","SN_L":"09"}},
{"type":"Feature","geometry":{"type":"Polygon","coordinates":[[[12.8336,48.2041],[12.8043,48.22],[12.7863,48.2122],[12.7842,48.2042],[12.7497,48.1795],[12.7689,48.162],[12.7699,48.1504],[12.7887,48.1571],[12.8092,48.1641],[12.8084,48.171],[12.8223,48.1777],[12.8126,48.1923],[12.8336,48.2041]]]},"properties":{"AGS":"09171124","GEN":"Mehring","SN_L":"09"}},
{"type":"Feature","geometry":{"type":"Polygon","coordinates":[[[12.6223,48.1126],[12.6024,48.1116],[12.5816,48.104],[12.5745,48.1109],[12.5674,48.1028],[12.5839,48.0677],[12.6163,48.0642],[12.6308,48.0717],[12.6207,48.0943],[12.6223,48.1126]]]},"properties":{"AGS":"09171116","GEN":"Feichten a.d.Alz","SN_L":"09"}},
{"type":"Feature","geometry":{"type":"Polygon","coordinates":[[[12.7156,48.1101],[12.7082,48.1408],[12.6876,48.1421],[12.6535,48.1385],[12.6496,48.1335],[12.6524,48.1085],[12.6811,48.0891],[12.6997,48.0947],[12.7036,48.1061],[12.7156,48.1101]]]},"properties":{"AGS":"09171119","GEN":"Halsbach","SN_L":"09"}},
{"type":"Feature","geometry":{"type":"Polygon","coordinates":[[[12.6811,48.0891],[12.6524,48.1085],[12.6496,48.1335],[12.6307,48.1312],[12.6129,48.1204],[12.6223,48.1126],[12.6207,48.0943],[12.6308,48.0717],[12.6554,48.0649],[12.6811,48.0891]]]},"properties":{"AGS":"09171122","GEN":"Kirchweidach","SN_L":"09"}},
{"type":"Feature","geometry":{"type":"Polygon","coordinates":[[[12.6816,48.046],[12.6878,48.0551],[12.7075,48.0667],[12.7046,48.0909],[12.6997,48.0947],[12.6811,48.0891],[12.6554,48.0649],[12.6308,48.0717],[12.6163,48.0642],[12.6164,48.045],[12.63,48.0475],[12.6816,48.046]]]},"properties":{"AGS":"09171134","GEN":"Tyrlaching","SN_L":"09"}},
{"type":"Feature","geometry":{"type":"Polygon","coordinates":[[[12.8502,48.289],[12.8173,48.2812],[12.8019,48.2805],[12.8044,48.2688],[12.817,48.2479],[12.7956,48.2292],[12.8043,48.22],[12.8336,48.2041],[12.8283,48.2167],[12.8328,48.2366],[12.8483,48.2457],[12.8539,48.2605],[12.8983,48.255],[12.9007,48.258],[12.8942,48.2666],[12.8776,48.2647],[12.8537,48.2816],[12.8502,48.289]]]},"properties":{"AGS":"09171123","GEN":"Marktl","SN_L":"09"}},
{"type":"Feature","geometry":{"type":"Polygon","coordinates":[[[12.8983,48.255],[12.8539,48.2605],[12.8483,48.2457],[12.8721,48.2483],[12.8919,48.2365],[12.8938,48.2408],[12.8983,48.255]]]},"properties":{"AGS":"09171130","GEN":"Stammham","SN_L":"09"}},
{"type":"Feature","geometry":{"type":"Polygon","coordinates":[[[12.779,48.3277],[12.7334,48.321],[12.7219,48.3284],[12.7334,48.3157],[12.7359,48.3017],[12.7518,48.2928],[12.767,48.2848],[12.7845,48.287],[12.8019,48.2805],[12.8173,48.2812],[12.8502,48.289],[12.8225,48.3022],[12.8229,48.3153],[12.779,48.3277]]]},"properties":{"AGS":"09171115","GEN":"Erlbach","SN_L":"09"}},
{"type":"Feature","geometry":{"type":"Polygon","coordinates":[[[12.8019,48.2805],[12.7845,48.287],[12.767,48.2848],[12.7518,48.2928],[12.7505,48.2764],[12.722,48.2658],[12.7257,48.2613],[12.745,48.2596],[12.7508,48.2529],[12.787,48.2591],[12.8044,48.2688],[12.8019,48.2805]]]},"properties":{"AGS":"09171126","GEN":"Perach","SN_L":"09"}},
{"type":"Feature","geometry":{"type":"Polygon","coordinates":[[[12.7219,48.3284],[12.7022,48.331],[12.6834,48.3235],[12.6903,48.3064],[12.681,48.2999],[12.6843,48.2904],[12.6915,48.279],[12.6803,48.2722],[12.6949,48.2646],[12.7169,48.2609],[12.7257,48.2613],[12.722,48.2658],[12.7505,48.2764],[12.7518,48.2928],[12.7359,48.3017],[12.7334,48.3157],[12.7219,48.3284]]]},"properties":{"AGS":"09171129","GEN":"Reischach","SN_L":"09"}},
{"type":"Feature","geometry":{"type":"Polygon","coordinates":[[[12.7375,48.2145],[12.7315,48.2179],[12.6833,48.2094],[12.6759,48.2001],[12.6482,48.2013],[12.6405,48.195],[12.6434,48.1831],[12.6604,48.1666],[12.6632,48.1541],[12.6814,48.1542],[12.6907,48.1672],[12.7093,48.1718],[12.7289,48.1975],[12.7375,48.2145]]]},"properties":{"AGS":"09171121","GEN":"Kastl","SN_L":"09"}},
{"type":"Feature","geometry":{"type":"Polygon","coordinates":[[[12.6632,48.1541],[12.6604,48.1666],[12.6434,48.1831],[12.6405,48.195],[12.613,48.1862],[12.5895,48.1863],[12.586,48.1803],[12.5791,48.1684],[12.6099,48.1515],[12.6315,48.1428],[12.6632,48.1541]]]},"properties":{"AGS":"09171135","GEN":"Unterneukirchen","SN_L":"09"}},
{"type":"Feature","geometry":{"type":"Polygon","coordinates":[[[12.9405,47.8441],[12.9181,47.8462],[12.9113,47.8513],[12.8937,47.8503],[12.8928,47.8435],[12.8749,47.8327],[12.8839,47.8209],[12.9062,47.8066],[12.9144,47.8052],[12.9278,47.7843],[12.9397,47.78],[12.9416,47.786],[12.9641,47.7999],[12.9788,47.8191],[12.9559,47.8277],[12.9567,47.8405],[12.9405,47.8441]]]},"properties":{"AGS":"09172111","GEN":"Ainring","SN_L":"09"}},
{"type":"Feature","geometry":{"type":"Polygon","coordinates":[[[12.8749,47.8327],[12.854,47.8199],[12.8288,47.8252],[12.8134,47.813],[12.764,47.8043],[12.7731,47.788],[12.8323,47.7836],[12.8361,47.7662],[12.8455,47.7693],[12.867,47.7604],[12.8869,47.7722],[12.8971,47.7736],[12.8977,47.7953],[12.9062,47.8066],[12.8839,47.8209],[12.8749,47.8327]]]},"properties":{"AGS":"09172112","GEN":"Anger","SN_L":"09"}},
{"type":"Feature","geometry":{"type":"Polygon","coordinates":[[[12.9136,47.7374],[12.931,47.7456],[12.9448,47.7646],[12.9277,47.7701],[12.9021,47.748],[12.8831,47.7526],[12.8486,47.7549],[12.8143,47.7557],[12.8098,47.7309],[12.8124,47.7189],[12.7957,47.7069],[12.8114,47.6967],[12.8285,47.6933],[12.8302,47.7022],[12.8426,47.711],[12.8602,47.7055],[12.8718,47.6843],[12.8874,47.6885],[12.8804,47.6966],[12.8857,47.7082],[12.882,47.723],[12.901,47.7377],[12.9136,47.7374]]]},"properties":{"AGS":"09172114","GEN":"Bad Reichenhall","SN_L":"09"}},
{"type":"Feature","geometry":{"type":"Polygon","coordinates":[[[12.9136,47.7374],[12.901,47.7377],[12.882,47.723],[12.8857,47.7082],[12.8804,47.6966],[12.8874,47.6885],[12.8977,47.6915],[12.91,47.6898],[12.9254,47.7008],[12.9299,47.7097],[12.9134,47.7171],[12.9047,47.7272],[12.9136,47.7374]]]},"properties":{"AGS":"09172115","GEN":"Bayerisch Gmain","SN_L":"09"}},
{"type":"Feature","geometry":{"type":"Polygon","coordinates":[[[13.0885,47.649],[13.0769,47.6731],[13.0585,47.665],[13.0393,47.6615],[13.032,47.6655],[13.0179,47.6582],[13.0112,47.6724],[12.9764,47.6717],[12.987,47.6516],[13.0001,47.6468],[12.9982,47.6353],[12.9864,47.624],[13.0183,47.6111],[13.0219,47.6048],[13.0394,47.5999],[13.0584,47.6029],[13.0233,47.6194],[13.0308,47.6255],[13.0584,47.6251],[13.057,47.6373],[13.0885,47.649]]]},"properties":{"AGS":"09172116","GEN":"Berchtesgaden","SN_L":"09"}},
{"type":"Feature","geometry":{"type":"Polygon","coordinates":[[[12.9764,47.6717],[12.97,47.6868],[12.9875,47.6946],[12.9984,47.7132],[12.9871,47.7074],[12.9567,47.7078],[12.9468,47.7121],[12.9299,47.7097],[12.9254,47.7008],[12.91,47.6898],[12.8977,47.6915],[12.8843,47.6586],[12.8954,47.6571],[12.8998,47.6372],[12.9206,47.6297],[12.9302,47.6154],[12.9431,47.6098],[12.9781,47.6183],[12.9864,47.624],[12.9982,47.6353],[13.0001,47.6468],[12.987,47.6516],[12.9764,47.6717]]]},"properties":{"AGS":"09172117","GEN":"Bischofswiesen","SN_L":"09"}},
{"type":"Feature","geometry":{"type":"Polygon","coordinates":[[[12.9882,47.8687],[12.9589,47.8557],[12.9405,47.8441],[12.9567,47.8405],[12.9559,47.8277],[12.9788,47.8191],[12.9841,47.8279],[13.004,47.8447],[13.0009,47.8548],[12.9882,47.8687]]]},"properties":{"AGS":"09172118","GEN":"Freilassing","SN_L":"09"}},
{"type":"Feature","geometry":{"type":"Polygon","coordinates":[[[12.9667,47.9004],[12.9464,47.9218],[12.9388,47.9387],[12.9221,47.9394],[12.9209,47.9518],[12.9133,47.9566],[12.8758,47.9626],[12.8758,47.9489],[12.8759,47.9373],[12.8623,47.9392],[12.8519,47.9235],[12.8494,47.9111],[12.8547,47.902],[12.8774,47.8941],[12.8807,47.9061],[12.9016,47.9133],[12.9255,47.9099],[12.9436,47.9037],[12.9501,47.8965],[12.9667,47.9004]]]},"properties":{"AGS":"09172122","GEN":"Laufen","SN_L":"09"}},
{"type":"Feature","geometry":{"type":"Polygon","coordinates":[[[13.048,47.7091],[13.0397,47.6971],[13.0005,47.6846],[13.0047,47.6758],[13.032,47.6655],[13.0393,47.6615],[13.0585,47.665],[13.0769,47.6731],[13.0802,47.6864],[13.0608,47.6971],[13.048,47.7091]]]},"properties":{"AGS":"09172124","GEN":"Marktschellenberg","SN_L":"09"}},
{"type":"Feature","geometry":{"type":"Polygon","coordinates":[[[12.9397,47.78],[12.9278,47.7843],[12.9144,47.8052],[12.9062,47.8066],[12.8977,47.7953],[12.8971,47.7736],[12.8869,47.7722],[12.867,47.7604],[12.8455,47.7693],[12.8361,47.7662],[12.8486,47.7549],[12.8831,47.7526],[12.9021,47.748],[12.9277,47.7701],[12.9397,47.78]]]},"properties":{"AGS":"09172128","GEN":"Piding","SN_L":"09"}},
{"type":"Feature","geometry":{"type":"Polygon","coordinates":[[[12.9431,47.6098],[12.9302,47.6154],[12.9206,47.6297],[12.8998,47.6372],[12.8954,47.6571],[12.8843,47.6586],[12.8721,47.6395],[12.8622,47.6431],[12.8384,47.6378],[12.8158,47.6402],[12.7998,47.6272],[12.8246,47.6121],[12.8043,47.6084],[12.7953,47.5933],[12.7815,47.5825],[12.7843,47.5688],[12.8038,47.5499],[12.8177,47.5449],[12.8476,47.546],[12.8572,47.527],[12.8804,47.5219],[12.8863,47.5123],[12.9087,47.497],[12.9103,47.5255],[12.9223,47.5544],[12.9381,47.5538],[12.9469,47.5651],[12.961,47.5714],[12.9554,47.5896],[12.9436,47.592],[12.9322,47.603],[12.9431,47.6098]]]},"properties":{"AGS":"09172129","GEN":"Ramsau b.Berchtesgaden","SN_L":"09"}},
{"type":"Feature","geometry":{"type":"Polygon","coordinates":[[[12.9667,47.9004],[12.9501,47.8965],[12.9436,47.9037],[12.9255,47.9099],[12.9016,47.9133],[12.8807,47.9061],[12.8774,47.8941],[12.8758,47.8775],[12.8969,47.8626],[12.9113,47.8593],[12.9113,47.8513],[12.9181,47.8462],[12.9405,47.8441],[12.9589,47.8557],[12.9882,47.8687],[12.9667,47.9004]]]},"properties":{"AGS":"09172130","GEN":"Saaldorf-Surheim","SN_L":"09"}},
{"type":"Feature","geometry":{"type":"Polygon","coordinates":[[[12.8143,47.7557],[12.7852,47.7538],[12.7801,47.7459],[12.7358,47.7329],[12.7195,47.7344],[12.7138,47.7119],[12.7171,47.7005],[12.6959,47.6822],[12.7152,47.6763],[12.7318,47.6796],[12.7559,47.6664],[12.7784,47.6608],[12.759,47.6509],[12.7807,47.6328],[12.7998,47.6272],[12.8158,47.6402],[12.8384,47.6378],[12.8622,47.6431],[12.8721,47.6395],[12.8843,47.6586],[12.8977,47.6915],[12.8874,47.6885],[12.8718,47.6843],[12.8602,47.7055],[12.8426,47.711],[12.8302,47.7022],[12.8285,47.6933],[12.8114,47.6967],[12.7957,47.7069],[12.8124,47.7189],[12.8098,47.7309],[12.8143,47.7557]]]},"properties":{"AGS":"09172131","GEN":"Schneizlreuth","SN_L":"09"}},
{"type":"Feature","geometry":{"type":"Polygon","coordinates":[[[13.0584,47.6029],[13.0394,47.5999],[13.0219,47.6048],[13.0183,47.6111],[12.9864,47.624],[12.9781,47.6183],[12.9431,47.6098],[12.9322,47.603],[12.9436,47.592],[12.9554,47.5896],[12.961,47.5714],[12.9469,47.5651],[12.9381,47.5538],[12.9223,47.5544],[12.9103,47.5255],[12.9087,47.497],[12.9638,47.4752],[12.9856,47.4815],[13.0011,47.4639],[13.022,47.4777],[13.0269,47.4867],[13.0475,47.4921],[13.0463,47.524],[13.0317,47.5356],[13.0557,47.5573],[13.0427,47.5738],[13.0436,47.5834],[13.0719,47.5884],[13.0627,47.6012],[13.0584,47.6029]]]},"properties":{"AGS":"09172132","GEN":"Schönau a.Königssee","SN_L":"09"}},
{"type":"Feature","geometry":{"type":"Polygon","coordinates":[[[12.7709,47.8913],[12.759,47.8841],[12.7476,47.8897],[12.7454,47.8797],[12.7363,47.8626],[12.7407,47.8592],[12.7285,47.8398],[12.7367,47.8172],[12.7432,47.8102],[12.764,47.8043],[12.8134,47.813],[12.8288,47.8252],[12.854,47.8199],[12.8749,47.8327],[12.8928,47.8435],[12.8937,47.8503],[12.9113,47.8513],[12.9113,47.8593],[12.8969,47.8626],[12.8758,47.8775],[12.8622,47.8832],[12.8405,47.8851],[12.8066,47.8822],[12.8018,47.8899],[12.7764,47.8864],[12.7709,47.8913]]]},"properties":{"AGS":"09172134","GEN":"Teisendorf","SN_L":"09"}},
{"type":"Feature","geometry":{"type":"Polygon","coordinates":[[[13.0969,47.632],[13.0885,47.649],[13.057,47.6373],[13.0584,47.6251],[13.0308,47.6255],[13.0233,47.6194],[13.0584,47.6029],[13.0627,47.6012],[13.0933,47.6269],[13.0969,47.632]]]},"properties":{"AGS":"09172452","GEN":"Eck","SN_L":"09"}},
{"type":"Feature","geometry":{"type":"Polygon","coordinates":[[[13.048,47.7091],[13.0187,47.7226],[12.9984,47.7132],[12.9875,47.6946],[12.97,47.6868],[12.9764,47.6717],[13.0112,47.6724],[13.0179,47.6582],[13.032,47.6655],[13.0047,47.6758],[13.0005,47.6846],[13.0397,47.6971],[13.048,47.7091]]]},"properties":{"AGS":"09172454","GEN":"Schellenberger Forst","SN_L":"09"}},
{"type":"Feature","geometry":{"type":"Polygon","coordinates":[[[11.4842,47.7241],[11.4993,47.7629],[11.4947,47.7732],[11.4991,47.7821],[11.4944,47.7921],[11.4765,47.7829],[11.4637,47.7695],[11.4464,47.7734],[11.4411,47.784],[11.4115,47.789],[11.398,47.7807],[11.4036,47.7647],[11.415,47.7558],[11.4115,47.748],[11.4238,47.7419],[11.4177,47.7319],[11.4289,47.7177],[11.4592,47.7226],[11.4842,47.7241]]]},"properties":{"AGS":"09173111","GEN":"Bad Heilbrunn","SN_L":"09"}},
{"type":"Feature","geometry":{"type":"Polygon","coordinates":[[[11.6012,47.8221],[11.5881,47.8218],[11.5655,47.808],[11.5521,47.8056],[11.5417,47.7903],[11.538,47.7756],[11.5461,47.746],[11.5608,47.7468],[11.5759,47.7542],[11.5896,47.7544],[11.5881,47.7638],[11.6021,47.7747],[11.5962,47.7866],[11.6059,47.7903],[11.6019,47.8057],[11.6102,47.8155],[11.6012,47.8221]]]},"properties":{"AGS":"09173112","GEN":"Bad Tölz","SN_L":"09"}},
{"type":"Feature","geometry":{"type":"Polygon","coordinates":[[[11.6035,47.924],[11.5852,47.9204],[11.5646,47.9247],[11.5632,47.9105],[11.573,47.8965],[11.5536,47.883],[11.5362,47.8781],[11.5169,47.8805],[11.5177,47.9013],[11.4915,47.9025],[11.4725,47.8918],[11.478,47.8887],[11.4953,47.8714],[11.5147,47.8596],[11.5151,47.8423],[11.5154,47.8346],[11.5338,47.8186],[11.5521,47.8056],[11.5655,47.808],[11.5881,47.8218],[11.6012,47.8221],[11.6104,47.8315],[11.6277,47.8475],[11.6357,47.8645],[11.6539,47.8747],[11.6639,47.889],[11.6501,47.9069],[11.6339,47.9114],[11.6235,47.9203],[11.6035,47.924]]]},"properties":{"AGS":"09173118","GEN":"Dietramszell","SN_L":"09"}},
{"type":"Feature","geometry":{"type":"Polygon","coordinates":[[[11.5649,47.9581],[11.5358,47.9497],[11.5099,47.9522],[11.5178,47.9624],[11.4955,47.9732],[11.4747,47.9715],[11.4663,47.9614],[11.4532,47.9565],[11.4356,47.9429],[11.4312,47.9348],[11.4318,47.93],[11.4417,47.9336],[11.4588,47.8989],[11.4725,47.8918],[11.4915,47.9025],[11.5177,47.9013],[11.5169,47.8805],[11.5362,47.8781],[11.5536,47.883],[11.573,47.8965],[11.5632,47.9105],[11.5646,47.9247],[11.5852,47.9204],[11.6035,47.924],[11.6054,47.9341],[11.5649,47.9581]]]},"properties":{"AGS":"09173120","GEN":"Egling","SN_L":"09"}},
{"type":"Feature","geometry":{"type":"Polygon","coordinates":[[[11.4128,47.8876],[11.4069,47.8852],[11.4055,47.8649],[11.3677,47.8703],[11.3593,47.862],[11.3731,47.8435],[11.3671,47.8353],[11.3626,47.8134],[11.372,47.7948],[11.3896,47.7986],[11.3916,47.7901],[11.4093,47.7899],[11.4051,47.8108],[11.4338,47.8134],[11.4395,47.8188],[11.4536,47.8498],[11.4443,47.8458],[11.4333,47.8624],[11.4114,47.868],[11.4128,47.8876]]]},"properties":{"AGS":"09173123","GEN":"Eurasburg","SN_L":"09"}},
{"type":"Feature","geometry":{"type":"Polygon","coordinates":[[[11.5896,47.7544],[11.5759,47.7542],[11.5608,47.7468],[11.5564,47.7285],[11.5591,47.7094],[11.5628,47.6984],[11.5839,47.7021],[11.6075,47.6992],[11.6241,47.7045],[11.6328,47.6909],[11.6482,47.6833],[11.6705,47.6886],[11.6641,47.7144],[11.6614,47.7264],[11.6273,47.7212],[11.6225,47.7275],[11.6152,47.7431],[11.5896,47.7544]]]},"properties":{"AGS":"09173124","GEN":"Gaißach","SN_L":"09"}},
{"type":"Feature","geometry":{"type":"Polygon","coordinates":[[[11.4511,47.8972],[11.4432,47.8935],[11.4182,47.8971],[11.4128,47.8876],[11.4114,47.868],[11.4333,47.8624],[11.4443,47.8458],[11.4536,47.8498],[11.4661,47.8545],[11.5026,47.8487],[11.5136,47.8432],[11.5109,47.8559],[11.4897,47.8624],[11.4744,47.8868],[11.4511,47.8972]]]},"properties":{"AGS":"09173126","GEN":"Geretsried","SN_L":"09"}},
{"type":"Feature","geometry":{"type":"Polygon","coordinates":[[[11.4532,47.9565],[11.4528,47.973],[11.4286,47.9785],[11.3961,47.9399],[11.406,47.931],[11.3939,47.9202],[11.4012,47.9083],[11.4158,47.9176],[11.4312,47.9348],[11.4356,47.9429],[11.4532,47.9565]]]},"properties":{"AGS":"09173130","GEN":"Icking","SN_L":"09"}},
{"type":"Feature","geometry":{"type":"Polygon","coordinates":[[[11.4786,47.6534],[11.4648,47.651],[11.4306,47.654],[11.4136,47.6522],[11.4163,47.6371],[11.4012,47.6301],[11.376,47.635],[11.3744,47.6274],[11.3576,47.618],[11.369,47.6078],[11.3744,47.5897],[11.3734,47.5779],[11.2949,47.5685],[11.2917,47.5529],[11.3117,47.553],[11.3225,47.5461],[11.3222,47.5364],[11.3321,47.5323],[11.3396,47.539],[11.3884,47.55],[11.428,47.5537],[11.4369,47.5604],[11.4756,47.5632],[11.4959,47.578],[11.519,47.5765],[11.5306,47.5826],[11.5278,47.597],[11.5396,47.6005],[11.5211,47.624],[11.5176,47.6363],[11.4874,47.6388],[11.4918,47.6534],[11.4786,47.6534]]]},"properties":{"AGS":"09173131","GEN":"Jachenau","SN_L":"09"}},
{"type":"Feature","geometry":{"type":"Polygon","coordinates":[[[11.5136,47.8432],[11.5026,47.8487],[11.4661,47.8545],[11.4536,47.8498],[11.4395,47.8188],[11.4338,47.8134],[11.4051,47.8108],[11.4093,47.7899],[11.4115,47.789],[11.4411,47.784],[11.4464,47.7734],[11.4637,47.7695],[11.4765,47.7829],[11.4944,47.7921],[11.5027,47.7979],[11.5081,47.8197],[11.5338,47.8186],[11.5154,47.8346],[11.5151,47.8423],[11.5136,47.8432]]]},"properties":{"AGS":"09173134","GEN":"Königsdorf","SN_L":"09"}},
{"type":"Feature","geometry":{"type":"Polygon","coordinates":[[[11.6482,47.6833],[11.6328,47.6909],[11.6241,47.7045],[11.6075,47.6992],[11.5839,47.7021],[11.5628,47.6984],[11.5591,47.7094],[11.5244,47.7011],[11.515,47.6932],[11.5177,47.6847],[11.5001,47.6697],[11.4817,47.6619],[11.4786,47.6534],[11.4918,47.6534],[11.4874,47.6388],[11.5176,47.6363],[11.5211,47.624],[11.5396,47.6005],[11.5278,47.597],[11.5306,47.5826],[11.519,47.5765],[11.4959,47.578],[11.4756,47.5632],[11.4369,47.5604],[11.428,47.5537],[11.3884,47.55],[11.3396,47.539],[11.3321,47.5323],[11.3346,47.532],[11.3539,47.5234],[11.3636,47.5133],[11.3751,47.5145],[11.3844,47.5007],[11.4102,47.4953],[11.4217,47.5061],[11.4417,47.5176],[11.4542,47.5087],[11.4876,47.509],[11.5125,47.5064],[11.5183,47.511],[11.5399,47.5095],[11.5688,47.5136],[11.588,47.5254],[11.5858,47.5456],[11.5905,47.5598],[11.601,47.5683],[11.605,47.5798],[11.6329,47.5924],[11.598,47.5918],[11.6085,47.6107],[11.6761,47.6294],[11.68,47.6424],[11.6695,47.645],[11.6703,47.6554],[11.6612,47.6628],[11.6436,47.6716],[11.6482,47.6833]]]},"properties":{"AGS":"09173135","GEN":"Lenggries","SN_L":"09"}},
{"type":"Feature","geometry":{"type":"Polygon","coordinates":[[[11.3939,47.9202],[11.3821,47.9202],[11.3723,47.9305],[11.3549,47.9312],[11.3441,47.9257],[11.334,47.9336],[11.3303,47.9196],[11.3335,47.9093],[11.3343,47.863],[11.3379,47.8469],[11.3373,47.827],[11.3292,47.8211],[11.3288,47.8156],[11.3417,47.8018],[11.3627,47.7931],[11.372,47.7948],[11.3626,47.8134],[11.3671,47.8353],[11.3731,47.8435],[11.3593,47.862],[11.3677,47.8703],[11.4055,47.8649],[11.4069,47.8852],[11.4128,47.8876],[11.4182,47.8971],[11.4023,47.8983],[11.4012,47.9083],[11.3939,47.9202]]]},"properties":{"AGS":"09173137","GEN":"Münsing","SN_L":"09"}},
{"type":"Feature","geometry":{"type":"Polygon","coordinates":[[[11.5338,47.8186],[11.5081,47.8197],[11.5027,47.7979],[11.4944,47.7921],[11.4991,47.7821],[11.4947,47.7732],[11.4993,47.7629],[11.4842,47.7241],[11.4826,47.7046],[11.471,47.6632],[11.4817,47.6619],[11.5001,47.6697],[11.5177,47.6847],[11.515,47.6932],[11.5244,47.7011],[11.5591,47.7094],[11.5564,47.7285],[11.5608,47.7468],[11.5461,47.746],[11.538,47.7756],[11.5417,47.7903],[11.5521,47.8056],[11.5338,47.8186]]]},"properties":{"AGS":"09173145","GEN":"Wackersberg","SN_L":"09"}},
{"type":"Feature","geometry":{"type":"Polygon","coordinates":[[[11.4312,47.9348],[11.4158,47.9176],[11.4012,47.9083],[11.4023,47.8983],[11.4182,47.8971],[11.4432,47.8935],[11.4511,47.8972],[11.449,47.9085],[11.4318,47.93],[11.4312,47.9348]]]},"properties":{"AGS":"09173147","GEN":"Wolfratshausen","SN_L":"09"}},
{"type":"Feature","geometry":{"type":"Polygon","coordinates":[[[11.4826,47.7046],[11.4613,47.6973],[11.4492,47.7015],[11.4426,47.713],[11.4089,47.7141],[11.3728,47.7245],[11.3654,47.7187],[11.372,47.7068],[11.3441,47.6937],[11.348,47.6748],[11.3535,47.675],[11.3561,47.6817],[11.4113,47.6987],[11.4259,47.6875],[11.4326,47.6709],[11.4306,47.654],[11.4648,47.651],[11.4786,47.6534],[11.4817,47.6619],[11.471,47.6632],[11.4826,47.7046]]]},"properties":{"AGS":"09173113","GEN":"Benediktbeuern","SN_L":"09"}},
{"type":"Feature","geometry":{"type":"Polygon","coordinates":[[[11.4842,47.7241],[11.4592,47.7226],[11.4289,47.7177],[11.4177,47.7319],[11.4238,47.7419],[11.3801,47.7323],[11.3736,47.729],[11.3728,47.7245],[11.4089,47.7141],[11.4426,47.713],[11.4492,47.7015],[11.4613,47.6973],[11.4826,47.7046],[11.4842,47.7241]]]},"properties":{"AGS":"09173115","GEN":"Bichl","SN_L":"09"}},
{"type":"Feature","geometry":{"type":"Polygon","coordinates":[[[11.4306,47.654],[11.4326,47.6709],[11.4259,47.6875],[11.4113,47.6987],[11.3561,47.6817],[11.3535,47.675],[11.3435,47.6567],[11.3174,47.6277],[11.3097,47.6135],[11.2811,47.6136],[11.2691,47.6021],[11.263,47.5869],[11.2627,47.5804],[11.2917,47.5727],[11.2949,47.5685],[11.3734,47.5779],[11.3744,47.5897],[11.369,47.6078],[11.3576,47.618],[11.3744,47.6274],[11.376,47.635],[11.4012,47.6301],[11.4163,47.6371],[11.4136,47.6522],[11.4306,47.654]]]},"properties":{"AGS":"09173133","GEN":"Kochel a.See","SN_L":"09"}},
{"type":"Feature","geometry":{"type":"Polygon","coordinates":[[[11.348,47.6748],[11.3152,47.6726],[11.3044,47.6644],[11.2806,47.6609],[11.2742,47.6527],[11.2733,47.63],[11.2811,47.6136],[11.3097,47.6135],[11.3174,47.6277],[11.3435,47.6567],[11.3535,47.675],[11.348,47.6748]]]},"properties":{"AGS":"09173142","GEN":"Schlehdorf","SN_L":"09"}},
{"type":"Feature","geometry":{"type":"Polygon","coordinates":[[[11.6292,47.7315],[11.6258,47.7466],[11.6183,47.7562],[11.6138,47.7737],[11.6021,47.7747],[11.5881,47.7638],[11.5896,47.7544],[11.6152,47.7431],[11.6225,47.7275],[11.6292,47.7315]]]},"properties":{"AGS":"09173127","GEN":"Greiling","SN_L":"09"}},
{"type":"Feature","geometry":{"type":"Polygon","coordinates":[[[11.6368,47.792],[11.6259,47.7942],[11.6059,47.7903],[11.5962,47.7866],[11.6021,47.7747],[11.6138,47.7737],[11.6183,47.7562],[11.6258,47.7466],[11.6292,47.7315],[11.6562,47.7397],[11.6625,47.7475],[11.6537,47.7657],[11.6316,47.7842],[11.6368,47.792]]]},"properties":{"AGS":"09173140","GEN":"Reichersbeuern","SN_L":"09"}},
{"type":"Feature","geometry":{"type":"Polygon","coordinates":[[[11.6104,47.8315],[11.6012,47.8221],[11.6102,47.8155],[11.6019,47.8057],[11.6059,47.7903],[11.6259,47.7942],[11.6368,47.792],[11.6619,47.7968],[11.6655,47.8025],[11.6512,47.8227],[11.6341,47.8218],[11.629,47.8277],[11.6104,47.8315]]]},"properties":{"AGS":"09173141","GEN":"Sachsenkam","SN_L":"09"}},
{"type":"Feature","geometry":{"type":"Polygon","coordinates":[[[11.4725,47.8918],[11.4588,47.8989],[11.4417,47.9336],[11.4318,47.93],[11.449,47.9085],[11.4511,47.8972],[11.4744,47.8868],[11.478,47.8887],[11.4725,47.8918]]]},"properties":{"AGS":"09173451","GEN":"Pupplinger Au","SN_L":"09"}},
{"type":"Feature","geometry":{"type":"Polygon","coordinates":[[[11.5151,47.8423],[11.5147,47.8596],[11.4953,47.8714],[11.478,47.8887],[11.4744,47.8868],[11.4897,47.8624],[11.5109,47.8559],[11.5136,47.8432],[11.5151,47.8423]]]},"properties":{"AGS":"09173452","GEN":"Wolfratshauser Forst","SN_L":"09"}},
{"type":"Feature","geometry":{"type":"Polygon","coordinates":[[[11.2565,48.4405],[11.2394,48.4307],[11.2143,48.4305],[11.1989,48.4202],[11.1782,48.4175],[11.197,48.3849],[11.1838,48.3663],[11.1659,48.3685],[11.1711,48.3544],[11.1643,48.3436],[11.1667,48.343],[11.2148,48.3424],[11.2238,48.3458],[11.2309,48.3544],[11.274,48.3566],[11.2907,48.3735],[11.2861,48.3873],[11.3001,48.3863],[11.3077,48.4036],[11.3317,48.4104],[11.2834,48.4169],[11.2732,48.4373],[11.2565,48.4405]]]},"properties":{"AGS":"09174111","GEN":"Altomünster","SN_L":"09"}},
{"type":"Feature","geometry":{"type":"Polygon","coordinates":[[[11.3844,48.2937],[11.3653,48.2932],[11.3451,48.2768],[11.3161,48.2844],[11.29,48.2876],[11.2763,48.2836],[11.2855,48.2623],[11.2937,48.2605],[11.3109,48.2321],[11.3249,48.2274],[11.3373,48.2337],[11.3787,48.2353],[11.3842,48.227],[11.3975,48.227],[11.405,48.219],[11.4029,48.2031],[11.4261,48.2042],[11.4333,48.2296],[11.4187,48.2295],[11.4174,48.2447],[11.4068,48.2561],[11.4147,48.2759],[11.3844,48.2937]]]},"properties":{"AGS":"09174113","GEN":"Bergkirchen","SN_L":"09"}},
{"type":"Feature","geometry":{"type":"Polygon","coordinates":[[[11.4199,48.3097],[11.4043,48.3108],[11.3844,48.2937],[11.4147,48.2759],[11.4068,48.2561],[11.4174,48.2447],[11.4187,48.2295],[11.4333,48.2296],[11.4691,48.2415],[11.4698,48.2553],[11.5006,48.253],[11.4998,48.2624],[11.4948,48.276],[11.4743,48.2743],[11.4621,48.285],[11.4265,48.2819],[11.4315,48.303],[11.4199,48.3097]]]},"properties":{"AGS":"09174115","GEN":"Dachau","SN_L":"09"}},
{"type":"Feature","geometry":{"type":"Polygon","coordinates":[[[11.3192,48.3394],[11.3117,48.3474],[11.3209,48.3638],[11.2907,48.3735],[11.274,48.3566],[11.2309,48.3544],[11.2238,48.3458],[11.2504,48.3425],[11.2547,48.3302],[11.2394,48.3221],[11.2388,48.3148],[11.2513,48.311],[11.2639,48.2987],[11.2907,48.302],[11.329,48.3175],[11.3295,48.3287],[11.3192,48.3394]]]},"properties":{"AGS":"09174118","GEN":"Erdweg","SN_L":"09"}},
{"type":"Feature","geometry":{"type":"Polygon","coordinates":[[[11.5744,48.3275],[11.573,48.3361],[11.5612,48.3409],[11.5154,48.3509],[11.5197,48.3398],[11.5063,48.3361],[11.5068,48.324],[11.5227,48.3215],[11.5315,48.3121],[11.513,48.3028],[11.5185,48.279],[11.5572,48.2938],[11.5787,48.2995],[11.5732,48.3098],[11.5744,48.3275]]]},"properties":{"AGS":"09174121","GEN":"Haimhausen","SN_L":"09"}},
{"type":"Feature","geometry":{"type":"Polygon","coordinates":[[[11.5068,48.324],[11.4976,48.3283],[11.4759,48.3069],[11.4607,48.3057],[11.4596,48.3152],[11.4391,48.3148],[11.4199,48.3097],[11.4315,48.303],[11.4265,48.2819],[11.4621,48.285],[11.4743,48.2743],[11.4948,48.276],[11.4998,48.2624],[11.5151,48.2684],[11.5185,48.279],[11.513,48.3028],[11.5315,48.3121],[11.5227,48.3215],[11.5068,48.324]]]},"properties":{"AGS":"09174122","GEN":"Hebertshausen","SN_L":"09"}},
{"type":"Feature","geometry":{"type":"Polygon","coordinates":[[[11.4261,48.2042],[11.4567,48.2088],[11.4609,48.215],[11.4891,48.2227],[11.4907,48.2457],[11.4998,48.2481],[11.5006,48.253],[11.4698,48.2553],[11.4691,48.2415],[11.4333,48.2296],[11.4261,48.2042]]]},"properties":{"AGS":"09174126","GEN":"Karlsfeld","SN_L":"09"}},
{"type":"Feature","geometry":{"type":"Polygon","coordinates":[[[11.4093,48.4095],[11.4009,48.4238],[11.3809,48.4241],[11.3507,48.4115],[11.3317,48.4104],[11.3077,48.4036],[11.3001,48.3863],[11.2861,48.3873],[11.2907,48.3735],[11.3209,48.3638],[11.3117,48.3474],[11.3192,48.3394],[11.3608,48.347],[11.3626,48.3144],[11.3783,48.3064],[11.3982,48.3206],[11.4261,48.3472],[11.4202,48.3563],[11.4144,48.3549],[11.3987,48.3756],[11.3803,48.3909],[11.3871,48.3976],[11.3838,48.4083],[11.4093,48.4095]]]},"properties":{"AGS":"09174131","GEN":"Markt Indersdorf","SN_L":"09"}},
{"type":"Feature","geometry":{"type":"Polygon","coordinates":[[[11.2388,48.3148],[11.2394,48.3221],[11.2547,48.3302],[11.2504,48.3425],[11.2238,48.3458],[11.2148,48.3424],[11.1667,48.343],[11.1598,48.3264],[11.173,48.3192],[11.1773,48.2967],[11.1968,48.2869],[11.2013,48.2788],[11.2263,48.2817],[11.238,48.2898],[11.2204,48.2973],[11.217,48.3076],[11.2388,48.3148]]]},"properties":{"AGS":"09174135","GEN":"Odelzhausen","SN_L":"09"}},
{"type":"Feature","geometry":{"type":"Polygon","coordinates":[[[11.5304,48.3914],[11.5252,48.4018],[11.513,48.4046],[11.5008,48.4158],[11.5091,48.4295],[11.4932,48.4405],[11.4717,48.4393],[11.4497,48.4325],[11.4372,48.4196],[11.421,48.4095],[11.4449,48.4016],[11.4499,48.3874],[11.4626,48.379],[11.5039,48.3771],[11.5107,48.3908],[11.5304,48.3914]]]},"properties":{"AGS":"09174136","GEN":"Petershausen","SN_L":"09"}},
{"type":"Feature","geometry":{"type":"Polygon","coordinates":[[[11.1773,48.2967],[11.173,48.3192],[11.1598,48.3264],[11.1282,48.3232],[11.1209,48.3146],[11.1257,48.3055],[11.1139,48.2977],[11.1168,48.2685],[11.1395,48.27],[11.1491,48.2697],[11.1487,48.2857],[11.1773,48.2967]]]},"properties":{"AGS":"09174137","GEN":"Pfaffenhofen a.d.Glonn","SN_L":"09"}},
{"type":"Feature","geometry":{"type":"Polygon","coordinates":[[[11.5087,48.3564],[11.4951,48.3496],[11.472,48.3551],[11.4261,48.3472],[11.3982,48.3206],[11.4043,48.3108],[11.4199,48.3097],[11.4391,48.3148],[11.4596,48.3152],[11.4607,48.3057],[11.4759,48.3069],[11.4976,48.3283],[11.5068,48.324],[11.5063,48.3361],[11.5197,48.3398],[11.5154,48.3509],[11.5087,48.3564]]]},"properties":{"AGS":"09174141","GEN":"Röhrmoos","SN_L":"09"}},
{"type":"Feature","geometry":{"type":"Polygon","coordinates":[[[11.3982,48.3206],[11.3783,48.3064],[11.3626,48.3144],[11.3608,48.347],[11.3192,48.3394],[11.3295,48.3287],[11.329,48.3175],[11.2907,48.302],[11.2997,48.2914],[11.29,48.2876],[11.3161,48.2844],[11.3451,48.2768],[11.3653,48.2932],[11.3844,48.2937],[11.4043,48.3108],[11.3982,48.3206]]]},"properties":{"AGS":"09174143","GEN":"Schwabhausen","SN_L":"09"}},
{"type":"Feature","geometry":{"type":"Polygon","coordinates":[[[11.2388,48.3148],[11.217,48.3076],[11.2204,48.2973],[11.238,48.2898],[11.2263,48.2817],[11.2324,48.2745],[11.2481,48.27],[11.2526,48.2623],[11.2855,48.2623],[11.2763,48.2836],[11.29,48.2876],[11.2997,48.2914],[11.2907,48.302],[11.2639,48.2987],[11.2513,48.311],[11.2388,48.3148]]]},"properties":{"AGS":"09174146","GEN":"Sulzemoos","SN_L":"09"}},
{"type":"Feature","geometry":{"type":"Polygon","coordinates":[[[11.3615,48.4447],[11.3451,48.455],[11.3243,48.4481],[11.3117,48.4523],[11.2565,48.4405],[11.2732,48.4373],[11.2834,48.4169],[11.3317,48.4104],[11.3507,48.4115],[11.3809,48.4241],[11.3856,48.4378],[11.3615,48.4447]]]},"properties":{"AGS":"09174147","GEN":"Hilgertshausen-Tandern","SN_L":"09"}},
{"type":"Feature","geometry":{"type":"Polygon","coordinates":[[[11.5039,48.3771],[11.4626,48.379],[11.4499,48.3874],[11.4301,48.3754],[11.4202,48.3563],[11.4261,48.3472],[11.472,48.3551],[11.4951,48.3496],[11.5087,48.3564],[11.5243,48.3631],[11.5039,48.3771]]]},"properties":{"AGS":"09174150","GEN":"Vierkirchen","SN_L":"09"}},
{"type":"Feature","geometry":{"type":"Polygon","coordinates":[[[11.4499,48.3874],[11.4449,48.4016],[11.421,48.4095],[11.4093,48.4095],[11.3838,48.4083],[11.3871,48.3976],[11.3803,48.3909],[11.3987,48.3756],[11.4144,48.3549],[11.4202,48.3563],[11.4301,48.3754],[11.4499,48.3874]]]},"properties":{"AGS":"09174151","GEN":"Weichs","SN_L":"09"}},
{"type":"Feature","geometry":{"type":"Polygon","coordinates":[[[11.8818,48.1775],[11.8673,48.1736],[11.8571,48.1816],[11.8377,48.1772],[11.8223,48.1631],[11.8237,48.1547],[11.8351,48.1466],[11.8336,48.1373],[11.8447,48.131],[11.8663,48.1418],[11.8684,48.1479],[11.888,48.1561],[11.8818,48.1775]]]},"properties":{"AGS":"09175111","GEN":"Anzing","SN_L":"09"}},
{"type":"Feature","geometry":{"type":"Polygon","coordinates":[[[11.9978,48.1185],[11.9877,48.1242],[11.9794,48.1182],[11.9543,48.1113],[11.9482,48.1057],[11.9307,48.0873],[11.9213,48.0844],[11.9291,48.0681],[11.9225,48.0574],[11.9283,48.0552],[11.9608,48.0658],[11.9825,48.0669],[11.9956,48.0585],[11.9989,48.0484],[12.0258,48.0515],[12.0404,48.0608],[12.0264,48.0835],[12.0083,48.0878],[11.9922,48.1094],[11.9978,48.1185]]]},"properties":{"AGS":"09175115","GEN":"Ebersberg","SN_L":"09"}},
{"type":"Feature","geometry":{"type":"Polygon","coordinates":[[[11.903,48.198],[11.886,48.1919],[11.8818,48.1775],[11.888,48.1561],[11.9167,48.1554],[11.9265,48.1668],[11.9433,48.1615],[11.9457,48.1669],[11.9352,48.1671],[11.9245,48.1795],[11.9262,48.1886],[11.9097,48.1851],[11.903,48.198]]]},"properties":{"AGS":"09175118","GEN":"Forstinning","SN_L":"09"}},
{"type":"Feature","geometry":{"type":"Polygon","coordinates":[[[11.9989,48.0484],[11.9956,48.0585],[11.9825,48.0669],[11.9608,48.0658],[11.9283,48.0552],[11.9351,48.0521],[11.9368,48.0374],[11.9513,48.0255],[11.9562,48.009],[12.0022,48.0119],[12.0202,48.0204],[12.0263,48.0279],[12.0092,48.0366],[11.9989,48.0484]]]},"properties":{"AGS":"09175122","GEN":"Grafing b.München","SN_L":"09"}},
{"type":"Feature","geometry":{"type":"Polygon","coordinates":[[[12.0106,48.1701],[11.9967,48.1705],[11.9855,48.1635],[11.9759,48.1713],[11.9577,48.1726],[11.9457,48.1669],[11.9433,48.1615],[11.9498,48.1592],[11.9772,48.1548],[12.0005,48.1402],[11.9877,48.1242],[11.9978,48.1185],[12.029,48.1379],[12.0498,48.1294],[12.0432,48.1417],[12.0141,48.1561],[12.0106,48.1701]]]},"properties":{"AGS":"09175123","GEN":"Hohenlinden","SN_L":"09"}},
{"type":"Feature","geometry":{"type":"Polygon","coordinates":[[[11.9213,48.0844],[11.8966,48.0746],[11.8552,48.0879],[11.8435,48.0881],[11.8513,48.0739],[11.8402,48.0647],[11.834,48.0481],[11.8691,48.0504],[11.9025,48.0599],[11.9143,48.0556],[11.9225,48.0574],[11.9291,48.0681],[11.9213,48.0844]]]},"properties":{"AGS":"09175124","GEN":"Kirchseeon","SN_L":"09"}},
{"type":"Feature","geometry":{"type":"Polygon","coordinates":[[[11.8542,48.2091],[11.8473,48.2066],[11.8324,48.182],[11.8377,48.1772],[11.8571,48.1816],[11.8673,48.1736],[11.8818,48.1775],[11.886,48.1919],[11.8768,48.2048],[11.8542,48.2091]]]},"properties":{"AGS":"09175127","GEN":"Markt Schwaben","SN_L":"09"}},
{"type":"Feature","geometry":{"type":"Polygon","coordinates":[[[11.8237,48.1547],[11.7876,48.1518],[11.7715,48.1547],[11.7583,48.1487],[11.7478,48.1376],[11.7565,48.1268],[11.7593,48.1083],[11.7711,48.0935],[11.7828,48.088],[11.8061,48.0943],[11.8042,48.107],[11.8171,48.1181],[11.8356,48.1178],[11.8398,48.1225],[11.8447,48.131],[11.8336,48.1373],[11.8351,48.1466],[11.8237,48.1547]]]},"properties":{"AGS":"09175132","GEN":"Vaterstetten","SN_L":"09"}},
{"type":"Feature","geometry":{"type":"Polygon","coordinates":[[[11.8473,48.2066],[11.827,48.2054],[11.8005,48.2126],[11.7855,48.2219],[11.7562,48.2211],[11.7633,48.2089],[11.758,48.1977],[11.7601,48.1824],[11.7704,48.1743],[11.7963,48.1859],[11.812,48.1796],[11.8324,48.182],[11.8473,48.2066]]]},"properties":{"AGS":"09175133","GEN":"Pliening","SN_L":"09"}},
{"type":"Feature","geometry":{"type":"Polygon","coordinates":[[[11.8324,48.182],[11.812,48.1796],[11.7963,48.1859],[11.7704,48.1743],[11.7758,48.1619],[11.7715,48.1547],[11.7876,48.1518],[11.8237,48.1547],[11.8223,48.1631],[11.8377,48.1772],[11.8324,48.182]]]},"properties":{"AGS":"09175135","GEN":"Poing","SN_L":"09"}},
{"type":"Feature","geometry":{"type":"Polygon","coordinates":[[[12.0498,48.1294],[12.029,48.1379],[11.9978,48.1185],[11.9922,48.1094],[12.0083,48.0878],[12.0264,48.0835],[12.0404,48.0608],[12.043,48.0513],[12.0591,48.0568],[12.0758,48.0552],[12.0745,48.0861],[12.0625,48.099],[12.081,48.0994],[12.0735,48.1086],[12.0857,48.1223],[12.0658,48.1226],[12.0498,48.1294]]]},"properties":{"AGS":"09175137","GEN":"Steinhöring","SN_L":"09"}},
{"type":"Feature","geometry":{"type":"Polygon","coordinates":[[[11.8356,48.1178],[11.8171,48.1181],[11.8042,48.107],[11.8061,48.0943],[11.7828,48.088],[11.7846,48.0696],[11.8027,48.0654],[11.8068,48.056],[11.8338,48.0457],[11.834,48.0481],[11.8402,48.0647],[11.8513,48.0739],[11.8435,48.0881],[11.8353,48.1024],[11.8356,48.1178]]]},"properties":{"AGS":"09175139","GEN":"Zorneding","SN_L":"09"}},
{"type":"Feature","geometry":{"type":"Polygon","coordinates":[[[12.0202,48.0204],[12.0022,48.0119],[11.9562,48.009],[11.9217,48.0011],[11.9347,47.9932],[11.9506,47.9852],[11.9686,47.9835],[11.9764,47.9737],[11.9877,47.9711],[11.9989,47.9609],[12.02,47.9612],[12.0271,47.9712],[12.0284,47.99],[12.0374,47.9921],[12.0404,48.0052],[12.0202,48.0204]]]},"properties":{"AGS":"09175112","GEN":"Aßling","SN_L":"09"}},
{"type":"Feature","geometry":{"type":"Polygon","coordinates":[[[12.0758,48.0552],[12.0591,48.0568],[12.043,48.0513],[12.0404,48.0608],[12.0258,48.0515],[11.9989,48.0484],[12.0092,48.0366],[12.0263,48.0279],[12.0202,48.0204],[12.0404,48.0052],[12.0513,48.005],[12.0665,48.0163],[12.077,48.0181],[12.0796,48.0335],[12.0758,48.0552]]]},"properties":{"AGS":"09175119","GEN":"Frauenneuharting","SN_L":"09"}},
{"type":"Feature","geometry":{"type":"Polygon","coordinates":[[[12.077,48.0181],[12.0665,48.0163],[12.0513,48.005],[12.0404,48.0052],[12.0374,47.9921],[12.0284,47.99],[12.0271,47.9712],[12.0577,47.9701],[12.0719,47.9792],[12.0729,47.9886],[12.0988,47.9928],[12.0984,48.0115],[12.077,48.0181]]]},"properties":{"AGS":"09175136","GEN":"Emmering","SN_L":"09"}},
{"type":"Feature","geometry":{"type":"Polygon","coordinates":[[[11.9217,48.0011],[11.9075,47.9991],[11.8994,47.9877],[11.9041,47.9783],[11.8819,47.9542],[11.8993,47.9419],[11.9253,47.9316],[11.9281,47.9389],[11.946,47.9435],[11.9369,47.9515],[11.9371,47.9617],[11.927,47.9824],[11.9347,47.9932],[11.9217,48.0011]]]},"properties":{"AGS":"09175113","GEN":"Baiern","SN_L":"09"}},
{"type":"Feature","geometry":{"type":"Polygon","coordinates":[[[11.9225,48.0574],[11.9143,48.0556],[11.9129,48.0484],[11.895,48.0302],[11.8802,48.0292],[11.8756,48.017],[11.8839,48.0078],[11.9075,47.9991],[11.9217,48.0011],[11.9562,48.009],[11.9513,48.0255],[11.9368,48.0374],[11.9351,48.0521],[11.9283,48.0552],[11.9225,48.0574]]]},"properties":{"AGS":"09175114","GEN":"Bruck","SN_L":"09"}},
{"type":"Feature","geometry":{"type":"Polygon","coordinates":[[[11.7887,48.0204],[11.7668,48.0225],[11.768,48.0034],[11.7621,47.9919],[11.7845,47.9905],[11.8015,47.9793],[11.8194,47.9733],[11.8277,47.9622],[11.84,47.9643],[11.8484,47.9707],[11.8186,47.9928],[11.8294,48.0076],[11.8081,48.0068],[11.8076,48.0143],[11.7887,48.0204]]]},"properties":{"AGS":"09175116","GEN":"Egmating","SN_L":"09"}},
{"type":"Feature","geometry":{"type":"Polygon","coordinates":[[[11.8756,48.017],[11.8614,48.0086],[11.8407,48.0177],[11.8294,48.0076],[11.8186,47.9928],[11.8484,47.9707],[11.84,47.9643],[11.8521,47.9544],[11.848,47.9483],[11.8607,47.9547],[11.8819,47.9542],[11.9041,47.9783],[11.8994,47.9877],[11.9075,47.9991],[11.8839,48.0078],[11.8756,48.017]]]},"properties":{"AGS":"09175121","GEN":"Glonn","SN_L":"09"}},
{"type":"Feature","geometry":{"type":"Polygon","coordinates":[[[11.9143,48.0556],[11.9025,48.0599],[11.8691,48.0504],[11.834,48.0481],[11.8338,48.0457],[11.8481,48.0302],[11.8407,48.0177],[11.8614,48.0086],[11.8756,48.017],[11.8802,48.0292],[11.895,48.0302],[11.9129,48.0484],[11.9143,48.0556]]]},"properties":{"AGS":"09175128","GEN":"Moosach","SN_L":"09"}},
{"type":"Feature","geometry":{"type":"Polygon","coordinates":[[[11.8338,48.0457],[11.8068,48.056],[11.7879,48.0572],[11.7842,48.0345],[11.7887,48.0204],[11.8076,48.0143],[11.8081,48.0068],[11.8294,48.0076],[11.8407,48.0177],[11.8481,48.0302],[11.8338,48.0457]]]},"properties":{"AGS":"09175131","GEN":"Oberpframmern","SN_L":"09"}},
{"type":"Feature","geometry":{"type":"Polygon","coordinates":[[[11.9433,48.1615],[11.9265,48.1668],[11.9167,48.1554],[11.888,48.1561],[11.8684,48.1479],[11.8663,48.1418],[11.8447,48.131],[11.8398,48.1225],[11.9326,48.1081],[11.9498,48.1592],[11.9433,48.1615]]]},"properties":{"AGS":"09175451","GEN":"Anzinger Forst","SN_L":"09"}},
{"type":"Feature","geometry":{"type":"Polygon","coordinates":[[[11.9877,48.1242],[12.0005,48.1402],[11.9772,48.1548],[11.9498,48.1592],[11.9326,48.1081],[11.9482,48.1057],[11.9543,48.1113],[11.9794,48.1182],[11.9877,48.1242]]]},"properties":{"AGS":"09175452","GEN":"Ebersberger Forst","SN_L":"09"}},
{"type":"Feature","geometry":{"type":"Polygon","coordinates":[[[11.9326,48.1081],[11.8398,48.1225],[11.8356,48.1178],[11.8353,48.1024],[11.8435,48.0881],[11.8552,48.0879],[11.8966,48.0746],[11.9213,48.0844],[11.9307,48.0873],[11.9482,48.1057],[11.9326,48.1081]]]},"properties":{"AGS":"09175453","GEN":"Eglhartinger Forst","SN_L":"09"}},
{"type":"Feature","geometry":{"type":"Polygon","coordinates":[[[11.5949,48.9537],[11.5754,48.9566],[11.5293,48.9594],[11.5213,48.9565],[11.5111,48.9376],[11.517,48.9187],[11.5108,48.9153],[11.5135,48.9008],[11.5427,48.8996],[11.5678,48.8948],[11.5683,48.8692],[11.6048,48.8623],[11.6195,48.8806],[11.6395,48.887],[11.6516,48.8767],[11.6525,48.8619],[11.6691,48.8578],[11.6877,48.8742],[11.7183,48.8654],[11.7435,48.8742],[11.7368,48.885],[11.717,48.8988],[11.7285,48.9301],[11.715,48.9191],[11.7025,48.9189],[11.6908,48.9311],[11.6671,48.9248],[11.6347,48.9326],[11.6229,48.9434],[11.5993,48.9515],[11.5949,48.9537]]]},"properties":{"AGS":"09176112","GEN":"Altmannstein","SN_L":"09"}},
{"type":"Feature","geometry":{"type":"Polygon","coordinates":[[[11.5296,49.0709],[11.499,49.0756],[11.4875,49.0634],[11.4364,49.065],[11.395,49.083],[11.3857,49.0789],[11.3968,49.0709],[11.4072,49.0381],[11.4159,49.0348],[11.4269,49.0416],[11.4443,49.041],[11.4426,49.0252],[11.4614,49.0209],[11.4568,48.9995],[11.448,48.9915],[11.4585,48.9751],[11.4462,48.9578],[11.5,48.9596],[11.5213,48.9565],[11.5293,48.9594],[11.5754,48.9566],[11.5949,48.9537],[11.5788,48.9743],[11.5783,48.9865],[11.5628,48.9894],[11.5411,49.01],[11.543,49.0251],[11.5163,49.032],[11.5304,49.0447],[11.5374,49.0584],[11.5296,49.0709]]]},"properties":{"AGS":"09176114","GEN":"Beilngries","SN_L":"09"}},
{"type":"Feature","geometry":{"type":"Polygon","coordinates":[[[11.3325,48.7936],[11.3149,48.8005],[11.3025,48.8305],[11.272,48.8444],[11.2819,48.8586],[11.2667,48.8554],[11.2496,48.8317],[11.258,48.8259],[11.2617,48.8103],[11.2714,48.8054],[11.2739,48.7908],[11.3048,48.7817],[11.3262,48.7862],[11.3325,48.7936]]]},"properties":{"AGS":"09176118","GEN":"Buxheim","SN_L":"09"}},
{"type":"Feature","geometry":{"type":"Polygon","coordinates":[[[11.5213,48.9565],[11.5,48.9596],[11.4462,48.9578],[11.4274,48.9594],[11.4146,48.9252],[11.4077,48.9152],[11.4549,48.9123],[11.4548,48.8878],[11.4865,48.8871],[11.5064,48.8922],[11.5135,48.9008],[11.5108,48.9153],[11.517,48.9187],[11.5111,48.9376],[11.5213,48.9565]]]},"properties":{"AGS":"09176120","GEN":"Denkendorf","SN_L":"09"}},
{"type":"Feature","geometry":{"type":"Polygon","coordinates":[[[11.1475,48.8903],[11.1223,48.9002],[11.1009,48.8924],[11.0908,48.9039],[11.0681,48.9],[11.0597,48.888],[11.0419,48.886],[11.0419,48.871],[11.0536,48.8629],[11.0469,48.8415],[11.0757,48.8344],[11.1052,48.8463],[11.1291,48.8473],[11.1285,48.8564],[11.1385,48.8639],[11.1344,48.8789],[11.1475,48.8903]]]},"properties":{"AGS":"09176121","GEN":"Dollnstein","SN_L":"09"}},
{"type":"Feature","geometry":{"type":"Polygon","coordinates":[[[11.2599,48.9206],[11.2323,48.9155],[11.2166,48.9087],[11.1922,48.9089],[11.1833,48.922],[11.1583,48.9141],[11.1491,48.9073],[11.1475,48.8903],[11.1344,48.8789],[11.1385,48.8639],[11.1285,48.8564],[11.1545,48.8555],[11.1614,48.8591],[11.1799,48.8538],[11.1966,48.8558],[11.2027,48.8711],[11.2296,48.873],[11.2542,48.8821],[11.2479,48.8904],[11.2676,48.9054],[11.2701,48.9184],[11.2599,48.9206]]]},"properties":{"AGS":"09176123","GEN":"Eichstätt","SN_L":"09"}},
{"type":"Feature","geometry":{"type":"Polygon","coordinates":[[[11.373,48.8465],[11.3494,48.8498],[11.337,48.8371],[11.3444,48.8309],[11.3386,48.7991],[11.3325,48.7936],[11.3262,48.7862],[11.3544,48.7788],[11.3873,48.7826],[11.3912,48.7918],[11.3897,48.8162],[11.3939,48.8203],[11.3968,48.8389],[11.373,48.8465]]]},"properties":{"AGS":"09176126","GEN":"Gaimersheim","SN_L":"09"}},
{"type":"Feature","geometry":{"type":"Polygon","coordinates":[[[11.6046,48.8138],[11.5624,48.8329],[11.5658,48.8248],[11.5497,48.8213],[11.5267,48.7958],[11.4985,48.791],[11.4992,48.7844],[11.4943,48.7761],[11.5033,48.7607],[11.4893,48.745],[11.5106,48.7329],[11.535,48.737],[11.5356,48.7477],[11.5552,48.7473],[11.5554,48.7582],[11.5667,48.7618],[11.5749,48.7724],[11.5719,48.7832],[11.5947,48.7988],[11.6046,48.8138]]]},"properties":{"AGS":"09176129","GEN":"Großmehring","SN_L":"09"}},
{"type":"Feature","geometry":{"type":"Polygon","coordinates":[[[11.4721,48.8373],[11.4532,48.8392],[11.4461,48.8328],[11.4433,48.8192],[11.4722,48.8184],[11.4721,48.8373]]]},"properties":{"AGS":"09176131","GEN":"Hepberg","SN_L":"09"}},
{"type":"Feature","geometry":{"type":"Polygon","coordinates":[[[11.3445,48.9004],[11.3375,48.911],[11.3199,48.9116],[11.3029,48.8996],[11.2803,48.8912],[11.2759,48.8656],[11.2859,48.8585],[11.2954,48.8402],[11.3223,48.8417],[11.337,48.8371],[11.3494,48.8498],[11.3424,48.865],[11.3535,48.8783],[11.3491,48.8958],[11.3445,48.9004]]]},"properties":{"AGS":"09176132","GEN":"Hitzhofen","SN_L":"09"}},
{"type":"Feature","geometry":{"type":"Polygon","coordinates":[[[11.4387,49.0215],[11.4197,49.0199],[11.4067,49.0324],[11.3864,49.031],[11.3818,49.017],[11.3707,49.015],[11.3503,49.0213],[11.3325,48.9997],[11.2875,49.0041],[11.2872,48.9797],[11.3058,48.9711],[11.3347,48.9784],[11.3626,48.9748],[11.3774,48.9793],[11.3972,48.9725],[11.4075,48.983],[11.429,48.9844],[11.448,48.9915],[11.4568,48.9995],[11.4614,49.0209],[11.4426,49.0252],[11.4387,49.0215]]]},"properties":{"AGS":"09176137","GEN":"Kinding","SN_L":"09"}},
{"type":"Feature","geometry":{"type":"Polygon","coordinates":[[[11.4462,48.9578],[11.4585,48.9751],[11.448,48.9915],[11.429,48.9844],[11.4075,48.983],[11.3972,48.9725],[11.3774,48.9793],[11.3626,48.9748],[11.3347,48.9784],[11.3058,48.9711],[11.2872,48.9797],[11.2772,48.9719],[11.2606,48.9681],[11.2731,48.9681],[11.2935,48.95],[11.3501,48.946],[11.3508,48.939],[11.3696,48.9201],[11.3539,48.9019],[11.3445,48.9004],[11.3491,48.8958],[11.3653,48.8991],[11.3822,48.8882],[11.3962,48.8718],[11.4069,48.8682],[11.4304,48.886],[11.4548,48.8878],[11.4549,48.9123],[11.4077,48.9152],[11.4146,48.9252],[11.4274,48.9594],[11.4462,48.9578]]]},"properties":{"AGS":"09176138","GEN":"Kipfenberg","SN_L":"09"}},
{"type":"Feature","geometry":{"type":"Polygon","coordinates":[[[11.5683,48.8692],[11.5678,48.8948],[11.5427,48.8996],[11.5232,48.8841],[11.5236,48.8752],[11.498,48.8692],[11.4934,48.8488],[11.4809,48.848],[11.4721,48.8373],[11.4722,48.8184],[11.4778,48.796],[11.4684,48.7932],[11.4992,48.7844],[11.4985,48.791],[11.5267,48.7958],[11.5497,48.8213],[11.5658,48.8248],[11.5624,48.8329],[11.5677,48.8588],[11.5683,48.8692]]]},"properties":{"AGS":"09176139","GEN":"Kösching","SN_L":"09"}},
{"type":"Feature","geometry":{"type":"Polygon","coordinates":[[[11.4722,48.8184],[11.4433,48.8192],[11.4461,48.8328],[11.4371,48.8357],[11.4396,48.8189],[11.4286,48.8108],[11.4336,48.8048],[11.458,48.7929],[11.4684,48.7932],[11.4778,48.796],[11.4722,48.8184]]]},"properties":{"AGS":"09176143","GEN":"Lenting","SN_L":"09"}},
{"type":"Feature","geometry":{"type":"Polygon","coordinates":[[[11.0419,48.886],[11.0313,48.8869],[11.014,48.8869],[10.9741,48.8787],[10.9518,48.8635],[10.9368,48.8633],[10.9376,48.8622],[10.9618,48.8566],[10.97,48.8423],[10.9883,48.8412],[11.0059,48.8219],[11.0349,48.8229],[11.0462,48.8273],[11.0469,48.8415],[11.0536,48.8629],[11.0419,48.871],[11.0419,48.886]]]},"properties":{"AGS":"09176148","GEN":"Mörnsheim","SN_L":"09"}},
{"type":"Feature","geometry":{"type":"Polygon","coordinates":[[[11.5427,48.8996],[11.5135,48.9008],[11.5064,48.8922],[11.4865,48.8871],[11.4548,48.8878],[11.4304,48.886],[11.4069,48.8682],[11.403,48.8627],[11.4078,48.8456],[11.4371,48.8357],[11.4461,48.8328],[11.4532,48.8392],[11.4721,48.8373],[11.4809,48.848],[11.4934,48.8488],[11.498,48.8692],[11.5236,48.8752],[11.5232,48.8841],[11.5427,48.8996]]]},"properties":{"AGS":"09176161","GEN":"Stammham","SN_L":"09"}},
{"type":"Feature","geometry":{"type":"Polygon","coordinates":[[[11.2875,49.0041],[11.2666,49.0109],[11.2664,49.0249],[11.2516,49.0464],[11.2554,49.0528],[11.2464,49.0472],[11.2312,49.0497],[11.2014,49.0466],[11.1799,49.0272],[11.1896,49.0228],[11.161,49.0119],[11.1635,48.9993],[11.1481,48.9856],[11.1424,48.9652],[11.193,48.9626],[11.2256,48.9702],[11.2606,48.9681],[11.2772,48.9719],[11.2872,48.9797],[11.2875,49.0041]]]},"properties":{"AGS":"09176164","GEN":"Titting","SN_L":"09"}},
{"type":"Feature","geometry":{"type":"Polygon","coordinates":[[[11.1698,48.8091],[11.1642,48.8269],[11.1444,48.836],[11.1172,48.8331],[11.096,48.8388],[11.1052,48.8463],[11.0757,48.8344],[11.0469,48.8415],[11.0462,48.8273],[11.0349,48.8229],[11.0448,48.8193],[11.0395,48.7995],[11.0557,48.7923],[11.0673,48.7934],[11.0731,48.8073],[11.115,48.8063],[11.1276,48.8102],[11.1363,48.8029],[11.1531,48.7971],[11.1698,48.8091]]]},"properties":{"AGS":"09176166","GEN":"Wellheim","SN_L":"09"}},
{"type":"Feature","geometry":{"type":"Polygon","coordinates":[[[11.4371,48.8357],[11.4078,48.8456],[11.403,48.8627],[11.3906,48.86],[11.373,48.8465],[11.3968,48.8389],[11.3939,48.8203],[11.4286,48.8108],[11.4396,48.8189],[11.4371,48.8357]]]},"properties":{"AGS":"09176167","GEN":"Wettstetten","SN_L":"09"}},
{"type":"Feature","geometry":{"type":"Polygon","coordinates":[[[11.2606,48.9681],[11.2256,48.9702],[11.193,48.9626],[11.1424,48.9652],[11.1251,48.9654],[11.123,48.9515],[11.1402,48.9542],[11.1613,48.9429],[11.1833,48.922],[11.1922,48.9089],[11.2166,48.9087],[11.2323,48.9155],[11.2599,48.9206],[11.2508,48.9237],[11.2597,48.9387],[11.2801,48.9407],[11.2935,48.95],[11.2731,48.9681],[11.2606,48.9681]]]},"properties":{"AGS":"09176155","GEN":"Pollenfeld","SN_L":"09"}},
{"type":"Feature","geometry":{"type":"Polygon","coordinates":[[[11.1251,48.9654],[11.1093,48.9669],[11.0882,48.9619],[11.0846,48.9611],[11.0506,48.9319],[11.0665,48.9247],[11.0594,48.9136],[11.042,48.9047],[11.032,48.9054],[11.0313,48.8869],[11.0419,48.886],[11.0597,48.888],[11.0681,48.9],[11.0908,48.9039],[11.1009,48.8924],[11.1223,48.9002],[11.1475,48.8903],[11.1491,48.9073],[11.1583,48.9141],[11.1833,48.922],[11.1613,48.9429],[11.1402,48.9542],[11.123,48.9515],[11.1251,48.9654]]]},"properties":{"AGS":"09176160","GEN":"Schernfeld","SN_L":"09"}},
{"type":"Feature","geometry":{"type":"Polygon","coordinates":[[[11.3445,48.9004],[11.3539,48.9019],[11.3696,48.9201],[11.3508,48.939],[11.3501,48.946],[11.2935,48.95],[11.2801,48.9407],[11.2597,48.9387],[11.2508,48.9237],[11.2599,48.9206],[11.2701,48.9184],[11.2676,48.9054],[11.2479,48.8904],[11.2542,48.8821],[11.2701,48.8781],[11.2759,48.8656],[11.2803,48.8912],[11.3029,48.8996],[11.3199,48.9116],[11.3375,48.911],[11.3445,48.9004]]]},"properties":{"AGS":"09176165","GEN":"Walting","SN_L":"09"}},
{"type":"Feature","geometry":{"type":"Polygon","coordinates":[[[11.4069,48.8682],[11.3962,48.8718],[11.3822,48.8882],[11.3653,48.8991],[11.3491,48.8958],[11.3535,48.8783],[11.3424,48.865],[11.3494,48.8498],[11.373,48.8465],[11.3906,48.86],[11.403,48.8627],[11.4069,48.8682]]]},"properties":{"AGS":"09176116","GEN":"Böhmfeld","SN_L":"09"}},
{"type":"Feature","geometry":{"type":"Polygon","coordinates":[[[11.337,48.8371],[11.3223,48.8417],[11.2954,48.8402],[11.2859,48.8585],[11.2819,48.8586],[11.272,48.8444],[11.3025,48.8305],[11.3149,48.8005],[11.3325,48.7936],[11.3386,48.7991],[11.3444,48.8309],[11.337,48.8371]]]},"properties":{"AGS":"09176124","GEN":"Eitensheim","SN_L":"09"}},
{"type":"Feature","geometry":{"type":"Polygon","coordinates":[[[11.2759,48.8656],[11.2701,48.8781],[11.2542,48.8821],[11.2296,48.873],[11.2027,48.8711],[11.1966,48.8558],[11.1799,48.8538],[11.1614,48.8591],[11.1545,48.8555],[11.1285,48.8564],[11.1291,48.8473],[11.1052,48.8463],[11.096,48.8388],[11.1172,48.8331],[11.1444,48.836],[11.1642,48.8269],[11.1698,48.8091],[11.1889,48.8111],[11.1952,48.8196],[11.2187,48.8221],[11.2184,48.8084],[11.2368,48.8092],[11.2489,48.8178],[11.2496,48.8317],[11.2667,48.8554],[11.2819,48.8586],[11.2859,48.8585],[11.2759,48.8656]]]},"properties":{"AGS":"09176111","GEN":"Adelschlag","SN_L":"09"}},
{"type":"Feature","geometry":{"type":"Polygon","coordinates":[[[11.2602,48.7899],[11.1964,48.7994],[11.1808,48.7974],[11.2049,48.781],[11.2342,48.7731],[11.2559,48.7794],[11.2602,48.7899]]]},"properties":{"AGS":"09176122","GEN":"Egweil","SN_L":"09"}},
{"type":"Feature","geometry":{"type":"Polygon","coordinates":[[[11.2739,48.7908],[11.2714,48.8054],[11.2617,48.8103],[11.258,48.8259],[11.2496,48.8317],[11.2489,48.8178],[11.2368,48.8092],[11.2184,48.8084],[11.2187,48.8221],[11.1952,48.8196],[11.1889,48.8111],[11.1698,48.8091],[11.1531,48.7971],[11.167,48.792],[11.1808,48.7974],[11.1964,48.7994],[11.2602,48.7899],[11.2739,48.7908]]]},"properties":{"AGS":"09176149","GEN":"Nassenfels","SN_L":"09"}},
{"type":"Feature","geometry":{"type":"Polygon","coordinates":[[[11.6691,48.8578],[11.6525,48.8619],[11.6516,48.8767],[11.6395,48.887],[11.6195,48.8806],[11.6048,48.8623],[11.5683,48.8692],[11.5677,48.8588],[11.5851,48.8631],[11.6009,48.8613],[11.6088,48.8439],[11.6226,48.8326],[11.6413,48.8246],[11.6598,48.836],[11.6766,48.8344],[11.6777,48.8458],[11.6691,48.8578]]]},"properties":{"AGS":"09176147","GEN":"Mindelstetten","SN_L":"09"}},
{"type":"Feature","geometry":{"type":"Polygon","coordinates":[[[11.6413,48.8246],[11.6226,48.8326],[11.6088,48.8439],[11.6009,48.8613],[11.5851,48.8631],[11.5677,48.8588],[11.5624,48.8329],[11.6046,48.8138],[11.6317,48.8123],[11.6413,48.8246]]]},"properties":{"AGS":"09176150","GEN":"Oberdolling","SN_L":"09"}},
{"type":"Feature","geometry":{"type":"Polygon","coordinates":[[[11.7183,48.8654],[11.6877,48.8742],[11.6691,48.8578],[11.6777,48.8458],[11.6766,48.8344],[11.6598,48.836],[11.6413,48.8246],[11.6317,48.8123],[11.6443,48.8121],[11.6396,48.7969],[11.6538,48.7853],[11.6701,48.7788],[11.6958,48.7896],[11.7196,48.7837],[11.7361,48.7905],[11.7388,48.801],[11.7259,48.8107],[11.7077,48.8126],[11.7023,48.8208],[11.7064,48.8403],[11.7188,48.8382],[11.7183,48.8654]]]},"properties":{"AGS":"09176153","GEN":"Pförring","SN_L":"09"}},
{"type":"Feature","geometry":{"type":"Polygon","coordinates":[[[11.4067,49.0324],[11.4197,49.0199],[11.4387,49.0215],[11.4426,49.0252],[11.4443,49.041],[11.4269,49.0416],[11.4159,49.0348],[11.4067,49.0324]]]},"properties":{"AGS":"09176451","GEN":"Haunstetter Forst","SN_L":"09"}},
{"type":"Feature","geometry":{"type":"Polygon","coordinates":[[[12.0416,48.3369],[12.0198,48.3374],[11.9923,48.3447],[11.9762,48.3324],[11.9596,48.3323],[11.9402,48.3086],[11.9446,48.3009],[11.9382,48.2905],[11.946,48.278],[11.9628,48.2735],[11.9734,48.2807],[11.9875,48.2724],[12.0046,48.2727],[12.0093,48.2825],[12.034,48.2846],[12.0409,48.2973],[12.0503,48.2977],[12.0461,48.3029],[12.0586,48.3127],[12.0486,48.318],[12.0476,48.329],[12.0416,48.3369]]]},"properties":{"AGS":"09177113","GEN":"Bockhorn","SN_L":"09"}},
{"type":"Feature","geometry":{"type":"Polygon","coordinates":[[[12.2461,48.3237],[12.2057,48.319],[12.1604,48.3225],[12.1323,48.3183],[12.1253,48.3104],[12.1025,48.3024],[12.1014,48.2977],[12.075,48.2937],[12.0778,48.2799],[12.0741,48.2678],[12.0873,48.2461],[12.0979,48.2393],[12.1145,48.2429],[12.1286,48.2392],[12.1477,48.2486],[12.1488,48.2559],[12.1646,48.2612],[12.1744,48.2512],[12.1703,48.2381],[12.19,48.2299],[12.2151,48.2298],[12.2269,48.2464],[12.2316,48.2581],[12.2217,48.262],[12.227,48.2765],[12.2425,48.2778],[12.2413,48.2876],[12.2549,48.295],[12.2506,48.3219],[12.2461,48.3237]]]},"properties":{"AGS":"09177115","GEN":"Dorfen","SN_L":"09"}},
{"type":"Feature","geometry":{"type":"Polygon","coordinates":[[[11.9339,48.3629],[11.9217,48.3677],[11.9001,48.3664],[11.8981,48.3402],[11.8923,48.3296],[11.8796,48.3085],[11.8794,48.2966],[11.8687,48.2882],[11.8721,48.267],[11.8863,48.2558],[11.9006,48.2646],[11.932,48.2533],[11.9476,48.274],[11.946,48.278],[11.9382,48.2905],[11.9446,48.3009],[11.9402,48.3086],[11.9596,48.3323],[11.9471,48.3414],[11.9339,48.3629]]]},"properties":{"AGS":"09177117","GEN":"Erding","SN_L":"09"}},
{"type":"Feature","geometry":{"type":"Polygon","coordinates":[[[11.7807,48.2526],[11.7786,48.2665],[11.7483,48.2645],[11.7593,48.255],[11.7494,48.24],[11.7556,48.222],[11.7562,48.2211],[11.7855,48.2219],[11.8005,48.2126],[11.827,48.2054],[11.8473,48.2066],[11.8542,48.2091],[11.8567,48.221],[11.8407,48.2231],[11.8206,48.2368],[11.7988,48.237],[11.7827,48.2436],[11.7807,48.2526]]]},"properties":{"AGS":"09177118","GEN":"Finsing","SN_L":"09"}},
{"type":"Feature","geometry":{"type":"Polygon","coordinates":[[[12.0172,48.1868],[12.0038,48.1831],[11.9806,48.1988],[11.9802,48.1952],[11.9443,48.1844],[11.9262,48.1886],[11.9245,48.1795],[11.9352,48.1671],[11.9457,48.1669],[11.9577,48.1726],[11.9759,48.1713],[11.9855,48.1635],[11.9967,48.1705],[12.0106,48.1701],[12.0261,48.1797],[12.0172,48.1868]]]},"properties":{"AGS":"09177119","GEN":"Forstern","SN_L":"09"}},
{"type":"Feature","geometry":{"type":"Polygon","coordinates":[[[12.0478,48.3853],[12.0358,48.3917],[11.9938,48.3877],[11.9784,48.3801],[11.9462,48.372],[11.9339,48.3629],[11.9471,48.3414],[11.9596,48.3323],[11.9762,48.3324],[11.9923,48.3447],[12.0198,48.3374],[12.0416,48.3369],[12.0555,48.3375],[12.0647,48.3562],[12.0633,48.3648],[12.0491,48.3657],[12.0478,48.3853]]]},"properties":{"AGS":"09177120","GEN":"Fraunberg","SN_L":"09"}},
{"type":"Feature","geometry":{"type":"Polygon","coordinates":[[[12.0818,48.2305],[12.0697,48.2356],[12.0468,48.2334],[12.0336,48.2224],[12.0349,48.2111],[12.0172,48.1868],[12.0261,48.1797],[12.0106,48.1701],[12.0141,48.1561],[12.0432,48.1417],[12.0432,48.1543],[12.0579,48.1642],[12.0993,48.1692],[12.1027,48.1741],[12.1113,48.1857],[12.1132,48.1932],[12.0833,48.2136],[12.0818,48.2305]]]},"properties":{"AGS":"09177123","GEN":"Isen","SN_L":"09"}},
{"type":"Feature","geometry":{"type":"Polygon","coordinates":[[[12.075,48.2937],[12.0503,48.2977],[12.0409,48.2973],[12.034,48.2846],[12.0093,48.2825],[12.0046,48.2727],[12.0133,48.2642],[12.014,48.2476],[12.0077,48.2426],[12.011,48.235],[12.032,48.2296],[12.0336,48.2224],[12.0468,48.2334],[12.0697,48.2356],[12.0818,48.2305],[12.0816,48.2401],[12.0979,48.2393],[12.0873,48.2461],[12.0741,48.2678],[12.0778,48.2799],[12.075,48.2937]]]},"properties":{"AGS":"09177127","GEN":"Lengdorf","SN_L":"09"}},
{"type":"Feature","geometry":{"type":"Polygon","coordinates":[[[11.8794,48.2966],[11.8125,48.2931],[11.8033,48.2981],[11.7662,48.2978],[11.7391,48.296],[11.7314,48.2888],[11.7382,48.2763],[11.7483,48.2645],[11.7786,48.2665],[11.7807,48.2526],[11.805,48.2557],[11.8395,48.2648],[11.8591,48.2605],[11.8714,48.2495],[11.8863,48.2558],[11.8721,48.267],[11.8687,48.2882],[11.8794,48.2966]]]},"properties":{"AGS":"09177130","GEN":"Moosinning","SN_L":"09"}},
{"type":"Feature","geometry":{"type":"Polygon","coordinates":[[[12.2151,48.2298],[12.19,48.2299],[12.1703,48.2381],[12.1744,48.2512],[12.1646,48.2612],[12.1488,48.2559],[12.1477,48.2486],[12.1286,48.2392],[12.1145,48.2429],[12.0979,48.2393],[12.0816,48.2401],[12.0818,48.2305],[12.0833,48.2136],[12.1132,48.1932],[12.1113,48.1857],[12.1322,48.184],[12.1372,48.1907],[12.1584,48.2006],[12.1779,48.2047],[12.1866,48.2175],[12.2193,48.2],[12.2324,48.2017],[12.2304,48.2136],[12.2151,48.2298]]]},"properties":{"AGS":"09177137","GEN":"Sankt Wolfgang","SN_L":"09"}},
{"type":"Feature","geometry":{"type":"Polygon","coordinates":[[[12.1967,48.3649],[12.1887,48.3901],[12.17,48.3982],[12.151,48.387],[12.1594,48.3757],[12.1359,48.3644],[12.1113,48.3677],[12.1196,48.3581],[12.0979,48.3527],[12.1003,48.3321],[12.0718,48.3267],[12.0476,48.329],[12.0486,48.318],[12.0586,48.3127],[12.0461,48.3029],[12.0503,48.2977],[12.075,48.2937],[12.1014,48.2977],[12.1025,48.3024],[12.1253,48.3104],[12.1323,48.3183],[12.1604,48.3225],[12.2057,48.319],[12.2461,48.3237],[12.233,48.3313],[12.2329,48.3492],[12.2189,48.3498],[12.2097,48.3608],[12.1967,48.3649]]]},"properties":{"AGS":"09177139","GEN":"Taufkirchen (Vils)","SN_L":"09"}},
{"type":"Feature","geometry":{"type":"Polygon","coordinates":[[[12.0077,48.2426],[11.9908,48.2438],[11.97,48.2383],[11.9622,48.2315],[11.9627,48.2205],[11.9735,48.2146],[11.9806,48.1988],[12.0038,48.1831],[12.0172,48.1868],[12.0349,48.2111],[12.0336,48.2224],[12.032,48.2296],[12.011,48.235],[12.0077,48.2426]]]},"properties":{"AGS":"09177114","GEN":"Buch a.Buchrain","SN_L":"09"}},
{"type":"Feature","geometry":{"type":"Polygon","coordinates":[[[11.9622,48.2315],[11.9461,48.2321],[11.933,48.2244],[11.9077,48.2258],[11.9173,48.2175],[11.9049,48.2104],[11.903,48.198],[11.9097,48.1851],[11.9262,48.1886],[11.9443,48.1844],[11.9802,48.1952],[11.9806,48.1988],[11.9735,48.2146],[11.9627,48.2205],[11.9622,48.2315]]]},"properties":{"AGS":"09177135","GEN":"Pastetten","SN_L":"09"}},
{"type":"Feature","geometry":{"type":"Polygon","coordinates":[[[12.0046,48.2727],[11.9875,48.2724],[11.9734,48.2807],[11.9628,48.2735],[11.946,48.278],[11.9476,48.274],[11.932,48.2533],[11.9477,48.2451],[11.963,48.2451],[11.97,48.2383],[11.9908,48.2438],[12.0077,48.2426],[12.014,48.2476],[12.0133,48.2642],[12.0046,48.2727]]]},"properties":{"AGS":"09177142","GEN":"Walpertskirchen","SN_L":"09"}},
{"type":"Feature","geometry":{"type":"Polygon","coordinates":[[[11.932,48.2533],[11.9006,48.2646],[11.8863,48.2558],[11.8714,48.2495],[11.8753,48.2264],[11.8803,48.2225],[11.9077,48.2258],[11.933,48.2244],[11.9461,48.2321],[11.9622,48.2315],[11.97,48.2383],[11.963,48.2451],[11.9477,48.2451],[11.932,48.2533]]]},"properties":{"AGS":"09177144","GEN":"Wörth","SN_L":"09"}},
{"type":"Feature","geometry":{"type":"Polygon","coordinates":[[[11.9023,48.4234],[11.8753,48.4129],[11.8481,48.414],[11.8398,48.4118],[11.8397,48.3953],[11.8085,48.3896],[11.8089,48.3812],[11.849,48.3858],[11.8558,48.3634],[11.8554,48.3465],[11.8775,48.3311],[11.8923,48.3296],[11.8981,48.3402],[11.9001,48.3664],[11.9009,48.384],[11.8958,48.4027],[11.9023,48.4234]]]},"properties":{"AGS":"09177116","GEN":"Eitting","SN_L":"09"}},
{"type":"Feature","geometry":{"type":"Polygon","coordinates":[[[11.8923,48.3296],[11.8775,48.3311],[11.8554,48.3465],[11.8558,48.3634],[11.849,48.3858],[11.8089,48.3812],[11.792,48.3661],[11.7816,48.3579],[11.7705,48.3324],[11.7644,48.3257],[11.7662,48.2978],[11.8033,48.2981],[11.8125,48.2931],[11.8794,48.2966],[11.8796,48.3085],[11.8923,48.3296]]]},"properties":{"AGS":"09177133","GEN":"Oberding","SN_L":"09"}},
{"type":"Feature","geometry":{"type":"Polygon","coordinates":[[[11.8714,48.2495],[11.8591,48.2605],[11.8395,48.2648],[11.805,48.2557],[11.7807,48.2526],[11.7827,48.2436],[11.7988,48.237],[11.8206,48.2368],[11.8407,48.2231],[11.8567,48.221],[11.8753,48.2264],[11.8714,48.2495]]]},"properties":{"AGS":"09177131","GEN":"Neuching","SN_L":"09"}},
{"type":"Feature","geometry":{"type":"Polygon","coordinates":[[[11.9077,48.2258],[11.8803,48.2225],[11.8753,48.2264],[11.8567,48.221],[11.8542,48.2091],[11.8768,48.2048],[11.886,48.1919],[11.903,48.198],[11.9049,48.2104],[11.9173,48.2175],[11.9077,48.2258]]]},"properties":{"AGS":"09177134","GEN":"Ottenhofen","SN_L":"09"}},
{"type":"Feature","geometry":{"type":"Polygon","coordinates":[[[12.1713,48.3995],[12.1653,48.4204],[12.1484,48.4256],[12.131,48.4162],[12.1085,48.4248],[12.0986,48.4246],[12.1064,48.4128],[12.0901,48.4017],[12.1122,48.385],[12.1113,48.3677],[12.1359,48.3644],[12.1594,48.3757],[12.151,48.387],[12.17,48.3982],[12.1713,48.3995]]]},"properties":{"AGS":"09177121","GEN":"Hohenpolding","SN_L":"09"}},
{"type":"Feature","geometry":{"type":"Polygon","coordinates":[[[12.0979,48.3527],[12.0795,48.3642],[12.0633,48.3648],[12.0647,48.3562],[12.0555,48.3375],[12.0416,48.3369],[12.0476,48.329],[12.0718,48.3267],[12.1003,48.3321],[12.0979,48.3527]]]},"properties":{"AGS":"09177122","GEN":"Inning a.Holz","SN_L":"09"}},
{"type":"Feature","geometry":{"type":"Polygon","coordinates":[[[12.0986,48.4246],[12.0821,48.429],[12.0208,48.4163],[12.025,48.4068],[12.0358,48.3917],[12.0478,48.3853],[12.0675,48.3987],[12.0901,48.4017],[12.1064,48.4128],[12.0986,48.4246]]]},"properties":{"AGS":"09177124","GEN":"Kirchberg","SN_L":"09"}},
{"type":"Feature","geometry":{"type":"Polygon","coordinates":[[[12.1113,48.3677],[12.1122,48.385],[12.0901,48.4017],[12.0675,48.3987],[12.0478,48.3853],[12.0491,48.3657],[12.0633,48.3648],[12.0795,48.3642],[12.0979,48.3527],[12.1196,48.3581],[12.1113,48.3677]]]},"properties":{"AGS":"09177138","GEN":"Steinkirchen","SN_L":"09"}},
{"type":"Feature","geometry":{"type":"Polygon","coordinates":[[[11.9134,48.4272],[11.9116,48.4276],[11.9023,48.4234],[11.8958,48.4027],[11.9009,48.384],[11.9001,48.3664],[11.9217,48.3677],[11.9339,48.3629],[11.9462,48.372],[11.943,48.3895],[11.9521,48.4021],[11.9275,48.41],[11.9134,48.4272]]]},"properties":{"AGS":"09177112","GEN":"Berglern","SN_L":"09"}},
{"type":"Feature","geometry":{"type":"Polygon","coordinates":[[[12.0171,48.4307],[11.9961,48.4312],[11.9948,48.4392],[11.9602,48.4548],[11.9351,48.4411],[11.9345,48.436],[11.9134,48.4272],[11.9275,48.41],[11.9521,48.4021],[11.9694,48.4112],[11.9854,48.413],[12.025,48.4068],[12.0208,48.4163],[12.0171,48.4307]]]},"properties":{"AGS":"09177126","GEN":"Langenpreising","SN_L":"09"}},
{"type":"Feature","geometry":{"type":"Polygon","coordinates":[[[12.025,48.4068],[11.9854,48.413],[11.9694,48.4112],[11.9521,48.4021],[11.943,48.3895],[11.9462,48.372],[11.9784,48.3801],[11.9938,48.3877],[12.0358,48.3917],[12.025,48.4068]]]},"properties":{"AGS":"09177143","GEN":"Wartenberg","SN_L":"09"}},
{"type":"Feature","geometry":{"type":"Polygon","coordinates":[[[11.7975,48.5608],[11.7804,48.5697],[11.7528,48.5739],[11.7337,48.5707],[11.7345,48.5866],[11.7211,48.5863],[11.7082,48.5947],[11.7039,48.5836],[11.6762,48.5749],[11.6579,48.5626],[11.66,48.5517],[11.6612,48.513],[11.6838,48.5117],[11.6943,48.52],[11.706,48.5194],[11.7097,48.5238],[11.7649,48.5243],[11.7753,48.535],[11.7755,48.5499],[11.7915,48.5536],[11.7975,48.5608]]]},"properties":{"AGS":"09178116","GEN":"Au i.d.Hallertau","SN_L":"09"}},
{"type":"Feature","geometry":{"type":"Polygon","coordinates":[[[11.6044,48.3313],[11.5744,48.3275],[11.5732,48.3098],[11.5787,48.2995],[11.5917,48.2874],[11.5945,48.2748],[11.615,48.27],[11.6435,48.2731],[11.6849,48.27],[11.6881,48.2725],[11.6981,48.2927],[11.6957,48.2988],[11.6738,48.2903],[11.6565,48.2929],[11.6501,48.3076],[11.6366,48.3222],[11.6163,48.3194],[11.6044,48.3313]]]},"properties":{"AGS":"09178120","GEN":"Eching","SN_L":"09"}},
{"type":"Feature","geometry":{"type":"Polygon","coordinates":[[[11.8169,48.6027],[11.799,48.6142],[11.7827,48.6111],[11.774,48.5996],[11.7515,48.6008],[11.7067,48.6166],[11.6967,48.6116],[11.7082,48.5947],[11.7211,48.5863],[11.7345,48.5866],[11.7337,48.5707],[11.7528,48.5739],[11.7804,48.5697],[11.7975,48.5608],[11.8282,48.5628],[11.8412,48.5709],[11.8661,48.5704],[11.8662,48.5791],[11.85,48.5905],[11.8295,48.5946],[11.8169,48.6027]]]},"properties":{"AGS":"09178122","GEN":"Rudelzhausen","SN_L":"09"}},
{"type":"Feature","geometry":{"type":"Polygon","coordinates":[[[11.6209,48.3743],[11.5872,48.383],[11.5785,48.3775],[11.5613,48.3814],[11.5497,48.3943],[11.5304,48.3914],[11.5107,48.3908],[11.5039,48.3771],[11.5243,48.3631],[11.5087,48.3564],[11.5154,48.3509],[11.5612,48.3409],[11.573,48.3361],[11.5744,48.3275],[11.6044,48.3313],[11.605,48.3402],[11.5961,48.3539],[11.6175,48.3571],[11.6209,48.3743]]]},"properties":{"AGS":"09178123","GEN":"Fahrenzhausen","SN_L":"09"}},
{"type":"Feature","geometry":{"type":"Polygon","coordinates":[[[11.7883,48.4394],[11.7834,48.4427],[11.7314,48.4455],[11.7191,48.449],[11.7033,48.447],[11.701,48.4268],[11.6912,48.4103],[11.6609,48.3998],[11.6514,48.4034],[11.6412,48.3874],[11.6491,48.3724],[11.6688,48.3733],[11.6829,48.3664],[11.6783,48.3584],[11.6853,48.3448],[11.7054,48.3311],[11.7413,48.3522],[11.7639,48.3497],[11.7816,48.3579],[11.792,48.3661],[11.7781,48.3763],[11.7851,48.3824],[11.7904,48.4097],[11.781,48.4175],[11.7811,48.4294],[11.7883,48.4394]]]},"properties":{"AGS":"09178124","GEN":"Freising","SN_L":"09"}},
{"type":"Feature","geometry":{"type":"Polygon","coordinates":[[[11.7662,48.2978],[11.7644,48.3257],[11.7705,48.3324],[11.7816,48.3579],[11.7639,48.3497],[11.7413,48.3522],[11.7054,48.3311],[11.6957,48.2988],[11.6981,48.2927],[11.6881,48.2725],[11.7022,48.2763],[11.7382,48.2763],[11.7314,48.2888],[11.7391,48.296],[11.7662,48.2978]]]},"properties":{"AGS":"09178130","GEN":"Hallbergmoos","SN_L":"09"}},
{"type":"Feature","geometry":{"type":"Polygon","coordinates":[[[11.555,48.4543],[11.5353,48.4602],[11.518,48.4524],[11.5086,48.4417],[11.4932,48.4405],[11.5091,48.4295],[11.5008,48.4158],[11.513,48.4046],[11.5252,48.4018],[11.5304,48.3914],[11.5497,48.3943],[11.5632,48.4051],[11.557,48.4208],[11.5632,48.4244],[11.555,48.4543]]]},"properties":{"AGS":"09178133","GEN":"Hohenkammer","SN_L":"09"}},
{"type":"Feature","geometry":{"type":"Polygon","coordinates":[[[11.6624,48.4985],[11.6485,48.4977],[11.6368,48.4866],[11.6354,48.4757],[11.614,48.4632],[11.6102,48.4554],[11.6198,48.4441],[11.6376,48.4442],[11.6594,48.4322],[11.6789,48.4275],[11.701,48.4268],[11.7033,48.447],[11.7191,48.449],[11.6989,48.4545],[11.6883,48.4704],[11.6735,48.4843],[11.6769,48.4929],[11.6624,48.4985]]]},"properties":{"AGS":"09178136","GEN":"Kirchdorf a.d.Amper","SN_L":"09"}},
{"type":"Feature","geometry":{"type":"Polygon","coordinates":[[[11.701,48.4268],[11.6789,48.4275],[11.6594,48.4322],[11.6376,48.4442],[11.6329,48.4312],[11.6136,48.4222],[11.6018,48.4232],[11.59,48.3992],[11.5632,48.4051],[11.5497,48.3943],[11.5613,48.3814],[11.5785,48.3775],[11.5872,48.383],[11.6209,48.3743],[11.6491,48.3724],[11.6412,48.3874],[11.6514,48.4034],[11.6609,48.3998],[11.6912,48.4103],[11.701,48.4268]]]},"properties":{"AGS":"09178137","GEN":"Kranzberg","SN_L":"09"}},
{"type":"Feature","geometry":{"type":"Polygon","coordinates":[[[11.8833,48.4554],[11.8519,48.4564],[11.8286,48.4481],[11.8103,48.4497],[11.7958,48.4395],[11.8083,48.4365],[11.8154,48.425],[11.8481,48.414],[11.8753,48.4129],[11.9023,48.4234],[11.9116,48.4276],[11.8946,48.4374],[11.8833,48.4554]]]},"properties":{"AGS":"09178138","GEN":"Langenbach","SN_L":"09"}},
{"type":"Feature","geometry":{"type":"Polygon","coordinates":[[[11.8481,48.414],[11.8154,48.425],[11.8083,48.4365],[11.7958,48.4395],[11.7883,48.4394],[11.7811,48.4294],[11.781,48.4175],[11.7904,48.4097],[11.7851,48.3824],[11.7781,48.3763],[11.792,48.3661],[11.8089,48.3812],[11.8085,48.3896],[11.8397,48.3953],[11.8398,48.4118],[11.8481,48.414]]]},"properties":{"AGS":"09178140","GEN":"Marzling","SN_L":"09"}},
{"type":"Feature","geometry":{"type":"Polygon","coordinates":[[[12.0084,48.4849],[11.9612,48.4746],[11.9539,48.4918],[11.9385,48.4919],[11.9269,48.4821],[11.91,48.4811],[11.8845,48.4872],[11.8672,48.4768],[11.8881,48.4579],[11.8833,48.4554],[11.8946,48.4374],[11.9116,48.4276],[11.9134,48.4272],[11.9345,48.436],[11.9351,48.4411],[11.9602,48.4548],[11.9948,48.4392],[11.9961,48.4312],[12.0171,48.4307],[12.0135,48.4444],[11.9953,48.4584],[12.0022,48.4743],[12.0084,48.4849]]]},"properties":{"AGS":"09178143","GEN":"Moosburg a.d.Isar","SN_L":"09"}},
{"type":"Feature","geometry":{"type":"Polygon","coordinates":[[[11.8576,48.5351],[11.8472,48.5355],[11.8427,48.5484],[11.8282,48.5628],[11.7975,48.5608],[11.7915,48.5536],[11.7755,48.5499],[11.7753,48.535],[11.7649,48.5243],[11.7669,48.508],[11.7863,48.5011],[11.7984,48.5119],[11.8352,48.5048],[11.8368,48.5101],[11.8633,48.5126],[11.8638,48.5188],[11.8553,48.5242],[11.8576,48.5351]]]},"properties":{"AGS":"09178144","GEN":"Nandlstadt","SN_L":"09"}},
{"type":"Feature","geometry":{"type":"Polygon","coordinates":[[[11.6491,48.3724],[11.6209,48.3743],[11.6175,48.3571],[11.5961,48.3539],[11.605,48.3402],[11.6044,48.3313],[11.6163,48.3194],[11.6366,48.3222],[11.6501,48.3076],[11.6565,48.2929],[11.6738,48.2903],[11.6957,48.2988],[11.7054,48.3311],[11.6853,48.3448],[11.6783,48.3584],[11.6829,48.3664],[11.6688,48.3733],[11.6491,48.3724]]]},"properties":{"AGS":"09178145","GEN":"Neufahrn b.Freising","SN_L":"09"}},
{"type":"Feature","geometry":{"type":"Polygon","coordinates":[[[11.614,48.4632],[11.6033,48.4671],[11.6008,48.4634],[11.555,48.4543],[11.5632,48.4244],[11.557,48.4208],[11.5632,48.4051],[11.59,48.3992],[11.6018,48.4232],[11.6136,48.4222],[11.6329,48.4312],[11.6376,48.4442],[11.6198,48.4441],[11.6102,48.4554],[11.614,48.4632]]]},"properties":{"AGS":"09178113","GEN":"Allershausen","SN_L":"09"}},
{"type":"Feature","geometry":{"type":"Polygon","coordinates":[[[11.6033,48.4671],[11.5933,48.4785],[11.576,48.4826],[11.5699,48.4899],[11.56,48.4908],[11.5487,48.4815],[11.5453,48.4737],[11.5291,48.469],[11.5353,48.4602],[11.555,48.4543],[11.6008,48.4634],[11.6033,48.4671]]]},"properties":{"AGS":"09178150","GEN":"Paunzhausen","SN_L":"09"}},
{"type":"Feature","geometry":{"type":"Polygon","coordinates":[[[11.9605,48.5764],[11.9424,48.5737],[11.9102,48.5852],[11.8954,48.5834],[11.9106,48.5711],[11.9078,48.5537],[11.9129,48.5413],[11.9257,48.5356],[11.9276,48.5274],[11.941,48.5244],[11.9614,48.5323],[11.9687,48.5396],[11.9579,48.5663],[11.9605,48.5764]]]},"properties":{"AGS":"09178125","GEN":"Gammelsdorf","SN_L":"09"}},
{"type":"Feature","geometry":{"type":"Polygon","coordinates":[[[11.8954,48.5834],[11.8662,48.5791],[11.8661,48.5704],[11.8412,48.5709],[11.8282,48.5628],[11.8427,48.5484],[11.8472,48.5355],[11.8576,48.5351],[11.881,48.5289],[11.9016,48.5417],[11.8928,48.5551],[11.9106,48.5711],[11.8954,48.5834]]]},"properties":{"AGS":"09178132","GEN":"Hörgertshausen","SN_L":"09"}},
{"type":"Feature","geometry":{"type":"Polygon","coordinates":[[[11.941,48.5244],[11.9276,48.5274],[11.9257,48.5356],[11.9129,48.5413],[11.9078,48.5537],[11.9106,48.5711],[11.8928,48.5551],[11.9016,48.5417],[11.881,48.5289],[11.8576,48.5351],[11.8553,48.5242],[11.8638,48.5188],[11.8825,48.5006],[11.8961,48.4934],[11.9079,48.4943],[11.92,48.5033],[11.9418,48.5104],[11.941,48.5244]]]},"properties":{"AGS":"09178142","GEN":"Mauern","SN_L":"09"}},
{"type":"Feature","geometry":{"type":"Polygon","coordinates":[[[11.9614,48.5323],[11.941,48.5244],[11.9418,48.5104],[11.92,48.5033],[11.9079,48.4943],[11.8961,48.4934],[11.8825,48.5006],[11.8638,48.5188],[11.8633,48.5126],[11.8368,48.5101],[11.8352,48.5048],[11.836,48.4938],[11.8672,48.4768],[11.8845,48.4872],[11.91,48.4811],[11.9269,48.4821],[11.9385,48.4919],[11.9539,48.4918],[11.9612,48.4746],[12.0084,48.4849],[12.0077,48.4966],[11.9885,48.4918],[11.9719,48.4926],[11.9583,48.4992],[11.9706,48.5139],[11.9614,48.5323]]]},"properties":{"AGS":"09178155","GEN":"Wang","SN_L":"09"}},
{"type":"Feature","geometry":{"type":"Polygon","coordinates":[[[11.7649,48.5243],[11.7097,48.5238],[11.706,48.5194],[11.7226,48.5104],[11.7542,48.4847],[11.7904,48.4868],[11.7863,48.5011],[11.7669,48.508],[11.7649,48.5243]]]},"properties":{"AGS":"09178115","GEN":"Attenkirchen","SN_L":"09"}},
{"type":"Feature","geometry":{"type":"Polygon","coordinates":[[[11.836,48.4938],[11.8032,48.4906],[11.7974,48.4649],[11.808,48.4616],[11.8103,48.4497],[11.8286,48.4481],[11.8519,48.4564],[11.8833,48.4554],[11.8881,48.4579],[11.8672,48.4768],[11.836,48.4938]]]},"properties":{"AGS":"09178129","GEN":"Haag a.d.Amper","SN_L":"09"}},
{"type":"Feature","geometry":{"type":"Polygon","coordinates":[[[11.7542,48.4847],[11.7226,48.5104],[11.706,48.5194],[11.6943,48.52],[11.6838,48.5117],[11.6612,48.513],[11.6624,48.4985],[11.6769,48.4929],[11.6735,48.4843],[11.6883,48.4704],[11.7391,48.469],[11.7531,48.471],[11.7542,48.4847]]]},"properties":{"AGS":"09178156","GEN":"Wolfersdorf","SN_L":"09"}},
{"type":"Feature","geometry":{"type":"Polygon","coordinates":[[[11.8352,48.5048],[11.7984,48.5119],[11.7863,48.5011],[11.7904,48.4868],[11.7542,48.4847],[11.7531,48.471],[11.7391,48.469],[11.6883,48.4704],[11.6989,48.4545],[11.7191,48.449],[11.7314,48.4455],[11.7834,48.4427],[11.7883,48.4394],[11.7958,48.4395],[11.8103,48.4497],[11.808,48.4616],[11.7974,48.4649],[11.8032,48.4906],[11.836,48.4938],[11.8352,48.5048]]]},"properties":{"AGS":"09178157","GEN":"Zolling","SN_L":"09"}},
{"type":"Feature","geometry":{"type":"Polygon","coordinates":[[[11.2843,48.1628],[11.2623,48.165],[11.2511,48.1537],[11.2305,48.146],[11.2234,48.1351],[11.2344,48.1291],[11.2632,48.1362],[11.2749,48.1304],[11.3013,48.1276],[11.3061,48.1201],[11.319,48.1235],[11.3298,48.1366],[11.3173,48.1524],[11.2919,48.159],[11.2843,48.1628]]]},"properties":{"AGS":"09179113","GEN":"Alling","SN_L":"09"}},
{"type":"Feature","geometry":{"type":"Polygon","coordinates":[[[11.2263,48.2817],[11.2013,48.2788],[11.1968,48.2869],[11.1773,48.2967],[11.1487,48.2857],[11.1491,48.2697],[11.1395,48.27],[11.1428,48.2576],[11.1688,48.2472],[11.1644,48.2311],[11.1726,48.2326],[11.1877,48.2186],[11.2011,48.2192],[11.2107,48.2307],[11.2117,48.2532],[11.2226,48.2567],[11.2324,48.2745],[11.2263,48.2817]]]},"properties":{"AGS":"09179117","GEN":"Egenhofen","SN_L":"09"}},
{"type":"Feature","geometry":{"type":"Polygon","coordinates":[[[11.3288,48.1801],[11.3033,48.1682],[11.2919,48.159],[11.3173,48.1524],[11.3304,48.1613],[11.3401,48.1781],[11.3288,48.1801]]]},"properties":{"AGS":"09179118","GEN":"Eichenau","SN_L":"09"}},
{"type":"Feature","geometry":{"type":"Polygon","coordinates":[[[11.3288,48.1801],[11.3278,48.1863],[11.312,48.1961],[11.3016,48.1907],[11.285,48.198],[11.2665,48.1912],[11.2843,48.1628],[11.2919,48.159],[11.3033,48.1682],[11.3288,48.1801]]]},"properties":{"AGS":"09179119","GEN":"Emmering","SN_L":"09"}},
{"type":"Feature","geometry":{"type":"Polygon","coordinates":[[[11.2838,48.1986],[11.233,48.203],[11.1933,48.1931],[11.1783,48.19],[11.173,48.1788],[11.1754,48.1737],[11.2048,48.1533],[11.2305,48.146],[11.2511,48.1537],[11.2623,48.165],[11.2843,48.1628],[11.2665,48.1912],[11.285,48.198],[11.2838,48.1986]]]},"properties":{"AGS":"09179121","GEN":"Fürstenfeldbruck","SN_L":"09"}},
{"type":"Feature","geometry":{"type":"Polygon","coordinates":[[[11.4125,48.1271],[11.3879,48.1291],[11.3914,48.1418],[11.3826,48.1533],[11.3609,48.1581],[11.3454,48.1385],[11.3298,48.1366],[11.319,48.1235],[11.3061,48.1201],[11.3485,48.1058],[11.3712,48.1152],[11.3852,48.112],[11.4004,48.1165],[11.4125,48.1271]]]},"properties":{"AGS":"09179123","GEN":"Germering","SN_L":"09"}},
{"type":"Feature","geometry":{"type":"Polygon","coordinates":[[[11.3935,48.2005],[11.3862,48.206],[11.3618,48.2006],[11.3594,48.1861],[11.3741,48.1782],[11.3924,48.184],[11.3935,48.2005]]]},"properties":{"AGS":"09179126","GEN":"Gröbenzell","SN_L":"09"}},
{"type":"Feature","geometry":{"type":"Polygon","coordinates":[[[11.2855,48.2623],[11.2526,48.2623],[11.2481,48.27],[11.2324,48.2745],[11.2226,48.2567],[11.2117,48.2532],[11.2107,48.2307],[11.2011,48.2192],[11.1877,48.2062],[11.1933,48.1931],[11.233,48.203],[11.2838,48.1986],[11.2937,48.2068],[11.3246,48.2233],[11.3249,48.2274],[11.3109,48.2321],[11.2937,48.2605],[11.2855,48.2623]]]},"properties":{"AGS":"09179134","GEN":"Maisach","SN_L":"09"}},
{"type":"Feature","geometry":{"type":"Polygon","coordinates":[[[11.0592,48.1961],[11.0345,48.193],[11.025,48.1782],[11.0148,48.1804],[10.9929,48.176],[11.0125,48.1608],[11.0047,48.1562],[11.0276,48.1482],[11.0419,48.1482],[11.0489,48.1304],[11.0598,48.1219],[11.073,48.1231],[11.0768,48.1314],[11.1031,48.1264],[11.1121,48.135],[11.1332,48.1353],[11.1359,48.1412],[11.1225,48.1405],[11.1042,48.1533],[11.1029,48.1676],[11.0979,48.1911],[11.075,48.1966],[11.0592,48.1961]]]},"properties":{"AGS":"09179138","GEN":"Moorenweis","SN_L":"09"}},
{"type":"Feature","geometry":{"type":"Polygon","coordinates":[[[11.4029,48.2031],[11.405,48.219],[11.3975,48.227],[11.3842,48.227],[11.3787,48.2353],[11.3373,48.2337],[11.3249,48.2274],[11.3246,48.2233],[11.2937,48.2068],[11.2838,48.1986],[11.285,48.198],[11.3016,48.1907],[11.312,48.1961],[11.3278,48.1863],[11.3288,48.1801],[11.3401,48.1781],[11.3594,48.1861],[11.3618,48.2006],[11.3862,48.206],[11.3935,48.2005],[11.4029,48.2031]]]},"properties":{"AGS":"09179142","GEN":"Olching","SN_L":"09"}},
{"type":"Feature","geometry":{"type":"Polygon","coordinates":[[[11.3741,48.1782],[11.3594,48.1861],[11.3401,48.1781],[11.3304,48.1613],[11.3173,48.1524],[11.3298,48.1366],[11.3454,48.1385],[11.3609,48.1581],[11.3741,48.1782]]]},"properties":{"AGS":"09179145","GEN":"Puchheim","SN_L":"09"}},
{"type":"Feature","geometry":{"type":"Polygon","coordinates":[[[11.1031,48.1264],[11.0768,48.1314],[11.073,48.1231],[11.0598,48.1219],[11.0556,48.1037],[11.0808,48.0965],[11.0993,48.0907],[11.137,48.0976],[11.1403,48.1061],[11.1074,48.1145],[11.1031,48.1264]]]},"properties":{"AGS":"09179149","GEN":"Türkenfeld","SN_L":"09"}},
{"type":"Feature","geometry":{"type":"Polygon","coordinates":[[[11.1171,48.2063],[11.1066,48.2028],[11.0954,48.2107],[11.0605,48.2007],[11.0592,48.1961],[11.075,48.1966],[11.0979,48.1911],[11.1029,48.1676],[11.12,48.1675],[11.1288,48.1904],[11.1429,48.1945],[11.1251,48.1982],[11.1171,48.2063]]]},"properties":{"AGS":"09179111","GEN":"Adelshofen","SN_L":"09"}},
{"type":"Feature","geometry":{"type":"Polygon","coordinates":[[[11.0634,48.2549],[11.0446,48.2547],[11.0571,48.2504],[11.0572,48.2412],[11.0402,48.236],[11.0386,48.2223],[11.0572,48.2123],[11.0605,48.2007],[11.0954,48.2107],[11.1066,48.2028],[11.1171,48.2063],[11.1165,48.2083],[11.1044,48.2204],[11.093,48.2205],[11.0892,48.2329],[11.0686,48.2454],[11.0634,48.2549]]]},"properties":{"AGS":"09179114","GEN":"Althegnenberg","SN_L":"09"}},
{"type":"Feature","geometry":{"type":"Polygon","coordinates":[[[11.1171,48.2341],[11.1038,48.237],[11.0892,48.2329],[11.093,48.2205],[11.1044,48.2204],[11.1165,48.2083],[11.1291,48.2095],[11.1353,48.2267],[11.1171,48.2341]]]},"properties":{"AGS":"09179128","GEN":"Hattenhofen","SN_L":"09"}},
{"type":"Feature","geometry":{"type":"Polygon","coordinates":[[[11.1607,48.1818],[11.1484,48.1841],[11.1429,48.1945],[11.1288,48.1904],[11.12,48.1675],[11.1029,48.1676],[11.1042,48.1533],[11.1225,48.1405],[11.1359,48.1412],[11.1507,48.1476],[11.1677,48.1483],[11.1492,48.1551],[11.1553,48.1641],[11.1528,48.1765],[11.1607,48.1818]]]},"properties":{"AGS":"09179130","GEN":"Jesenwang","SN_L":"09"}},
{"type":"Feature","geometry":{"type":"Polygon","coordinates":[[[11.173,48.1788],[11.1607,48.1818],[11.1528,48.1765],[11.1553,48.1641],[11.1492,48.1551],[11.1677,48.1483],[11.1693,48.1391],[11.2048,48.1533],[11.1754,48.1737],[11.173,48.1788]]]},"properties":{"AGS":"09179132","GEN":"Landsberied","SN_L":"09"}},
{"type":"Feature","geometry":{"type":"Polygon","coordinates":[[[11.1644,48.2311],[11.1493,48.2333],[11.1353,48.2267],[11.1291,48.2095],[11.1165,48.2083],[11.1171,48.2063],[11.1251,48.1982],[11.1429,48.1945],[11.1484,48.1841],[11.1607,48.1818],[11.173,48.1788],[11.1783,48.19],[11.1933,48.1931],[11.1877,48.2062],[11.2011,48.2192],[11.1877,48.2186],[11.1726,48.2326],[11.1644,48.2311]]]},"properties":{"AGS":"09179136","GEN":"Mammendorf","SN_L":"09"}},
{"type":"Feature","geometry":{"type":"Polygon","coordinates":[[[11.1168,48.2685],[11.0962,48.2603],[11.078,48.2784],[11.0619,48.2742],[11.0634,48.2549],[11.0686,48.2454],[11.0892,48.2329],[11.1038,48.237],[11.1171,48.2341],[11.1428,48.2576],[11.1395,48.27],[11.1168,48.2685]]]},"properties":{"AGS":"09179137","GEN":"Mittelstetten","SN_L":"09"}},
{"type":"Feature","geometry":{"type":"Polygon","coordinates":[[[11.1644,48.2311],[11.1688,48.2472],[11.1428,48.2576],[11.1171,48.2341],[11.1353,48.2267],[11.1493,48.2333],[11.1644,48.2311]]]},"properties":{"AGS":"09179140","GEN":"Oberschweinbach","SN_L":"09"}},
{"type":"Feature","geometry":{"type":"Polygon","coordinates":[[[11.1693,48.1391],[11.1677,48.1483],[11.1507,48.1476],[11.1359,48.1412],[11.1332,48.1353],[11.1499,48.1274],[11.1432,48.109],[11.186,48.0968],[11.1987,48.1123],[11.177,48.1192],[11.1918,48.1274],[11.1864,48.1372],[11.1693,48.1391]]]},"properties":{"AGS":"09179125","GEN":"Grafrath","SN_L":"09"}},
{"type":"Feature","geometry":{"type":"Polygon","coordinates":[[[11.1332,48.1353],[11.1121,48.135],[11.1031,48.1264],[11.1074,48.1145],[11.1403,48.1061],[11.1432,48.109],[11.1499,48.1274],[11.1332,48.1353]]]},"properties":{"AGS":"09179131","GEN":"Kottgeisering","SN_L":"09"}},
{"type":"Feature","geometry":{"type":"Polygon","coordinates":[[[11.2305,48.146],[11.2048,48.1533],[11.1693,48.1391],[11.1864,48.1372],[11.1918,48.1274],[11.177,48.1192],[11.1987,48.1123],[11.21,48.114],[11.2344,48.1291],[11.2234,48.1351],[11.2305,48.146]]]},"properties":{"AGS":"09179147","GEN":"Schöngeising","SN_L":"09"}},
{"type":"Feature","geometry":{"type":"Polygon","coordinates":[[[11.1249,47.6794],[11.0822,47.6828],[11.0492,47.6982],[11.0404,47.6917],[11.0331,47.6783],[11.0298,47.6533],[11.0536,47.6423],[11.0789,47.6308],[11.1051,47.6452],[11.1103,47.6575],[11.1214,47.6591],[11.1291,47.6721],[11.1249,47.6794]]]},"properties":{"AGS":"09180112","GEN":"Bad Kohlgrub","SN_L":"09"}},
{"type":"Feature","geometry":{"type":"Polygon","coordinates":[[[11.175,47.543],[11.1609,47.5429],[11.1378,47.5523],[11.117,47.5523],[11.0922,47.5444],[11.0698,47.5447],[11.0522,47.5495],[11.0462,47.5392],[11.0328,47.5337],[11.0517,47.524],[11.0729,47.5257],[11.1361,47.5117],[11.1536,47.5318],[11.175,47.543]]]},"properties":{"AGS":"09180116","GEN":"Farchant","SN_L":"09"}},
{"type":"Feature","geometry":{"type":"Polygon","coordinates":[[[11.2097,47.546],[11.1859,47.5487],[11.175,47.543],[11.1536,47.5318],[11.1361,47.5117],[11.0729,47.5257],[11.0517,47.524],[11.0328,47.5337],[11.0067,47.5303],[10.9798,47.508],[10.9613,47.5165],[10.9184,47.5173],[10.915,47.5128],[10.8765,47.5028],[10.8702,47.4991],[10.871,47.4819],[10.8813,47.4793],[10.9101,47.4855],[10.9383,47.4798],[10.9325,47.468],[10.9513,47.4791],[10.9781,47.4834],[11.0023,47.4798],[11.0357,47.4848],[11.0634,47.4711],[11.0611,47.445],[11.0341,47.4213],[11.0121,47.4184],[10.9848,47.421],[10.9723,47.4175],[10.9703,47.4],[11.0058,47.3941],[11.0241,47.397],[11.0491,47.394],[11.0615,47.3966],[11.0996,47.3943],[11.1155,47.3956],[11.1292,47.4128],[11.162,47.4217],[11.1567,47.4344],[11.1638,47.444],[11.1587,47.4557],[11.1924,47.48],[11.1975,47.5104],[11.2225,47.5166],[11.2097,47.546]]]},"properties":{"AGS":"09180117","GEN":"Garmisch-Partenkirchen","SN_L":"09"}},
{"type":"Feature","geometry":{"type":"Polygon","coordinates":[[[10.9848,47.421],[11.0121,47.4184],[11.0341,47.4213],[11.0611,47.445],[11.0634,47.4711],[11.0357,47.4848],[11.0023,47.4798],[10.9781,47.4834],[10.9513,47.4791],[10.9325,47.468],[10.9512,47.4563],[10.9836,47.43],[10.9848,47.421]]]},"properties":{"AGS":"09180118","GEN":"Grainau","SN_L":"09"}},
{"type":"Feature","geometry":{"type":"Polygon","coordinates":[[[11.2957,47.5146],[11.2809,47.51],[11.2601,47.5136],[11.2415,47.5254],[11.2359,47.5376],[11.2226,47.5472],[11.2097,47.546],[11.2225,47.5166],[11.1975,47.5104],[11.1924,47.48],[11.1587,47.4557],[11.1638,47.444],[11.1928,47.4432],[11.1853,47.4597],[11.194,47.4702],[11.2151,47.4697],[11.2369,47.4756],[11.2709,47.5008],[11.2814,47.494],[11.2957,47.5146]]]},"properties":{"AGS":"09180122","GEN":"Krün","SN_L":"09"}},
{"type":"Feature","geometry":{"type":"Polygon","coordinates":[[[11.3346,47.532],[11.3154,47.5283],[11.2957,47.5146],[11.2814,47.494],[11.2709,47.5008],[11.2369,47.4756],[11.2151,47.4697],[11.194,47.4702],[11.1853,47.4597],[11.1928,47.4432],[11.1638,47.444],[11.1567,47.4344],[11.162,47.4217],[11.1982,47.4275],[11.2052,47.4338],[11.2261,47.4309],[11.25,47.4323],[11.2534,47.4282],[11.2327,47.4111],[11.2224,47.3973],[11.2628,47.3993],[11.2729,47.3979],[11.29,47.4074],[11.2911,47.4272],[11.311,47.4302],[11.3362,47.4487],[11.3755,47.4491],[11.3884,47.4464],[11.4155,47.447],[11.4073,47.4667],[11.3902,47.4669],[11.3838,47.4722],[11.3917,47.4825],[11.4102,47.4953],[11.3844,47.5007],[11.3751,47.5145],[11.3636,47.5133],[11.3539,47.5234],[11.3346,47.532]]]},"properties":{"AGS":"09180123","GEN":"Mittenwald","SN_L":"09"}},
{"type":"Feature","geometry":{"type":"Polygon","coordinates":[[[11.2307,47.668],[11.2256,47.6794],[11.2358,47.685],[11.2264,47.7014],[11.2294,47.7137],[11.2018,47.6983],[11.192,47.6804],[11.1793,47.6739],[11.1607,47.6773],[11.1291,47.6721],[11.1214,47.6591],[11.1264,47.6569],[11.1342,47.6344],[11.1546,47.6227],[11.1625,47.6366],[11.1773,47.6405],[11.2039,47.6349],[11.2152,47.6599],[11.2307,47.668]]]},"properties":{"AGS":"09180124","GEN":"Murnau a.Staffelsee","SN_L":"09"}},
{"type":"Feature","geometry":{"type":"Polygon","coordinates":[[[11.1229,47.5922],[11.1227,47.6118],[11.0973,47.6141],[11.0787,47.629],[11.0563,47.6181],[11.0451,47.6012],[11.0293,47.5959],[11.0239,47.5839],[10.9898,47.5833],[10.9878,47.5803],[11.0011,47.5766],[11.042,47.5776],[11.0646,47.5729],[11.0838,47.5827],[11.1148,47.584],[11.1229,47.5922]]]},"properties":{"AGS":"09180125","GEN":"Oberammergau","SN_L":"09"}},
{"type":"Feature","geometry":{"type":"Polygon","coordinates":[[[11.1859,47.5487],[11.1933,47.5557],[11.1737,47.566],[11.1666,47.5809],[11.1511,47.5759],[11.1183,47.573],[11.103,47.5634],[11.0978,47.552],[11.0698,47.5447],[11.0922,47.5444],[11.117,47.5523],[11.1378,47.5523],[11.1609,47.5429],[11.175,47.543],[11.1859,47.5487]]]},"properties":{"AGS":"09180126","GEN":"Oberau","SN_L":"09"}},
{"type":"Feature","geometry":{"type":"Polygon","coordinates":[[[11.175,47.7148],[11.1594,47.7296],[11.1227,47.7366],[11.103,47.7268],[11.0938,47.733],[11.0744,47.7282],[11.0645,47.7278],[11.045,47.716],[11.0492,47.6982],[11.0822,47.6828],[11.1249,47.6794],[11.1374,47.6847],[11.1402,47.697],[11.1608,47.6916],[11.1597,47.7094],[11.175,47.7148]]]},"properties":{"AGS":"09180134","GEN":"Uffing a.Staffelsee","SN_L":"09"}},
{"type":"Feature","geometry":{"type":"Polygon","coordinates":[[[11.2627,47.5804],[11.2408,47.5486],[11.2226,47.5472],[11.2359,47.5376],[11.2415,47.5254],[11.2601,47.5136],[11.2809,47.51],[11.2957,47.5146],[11.3154,47.5283],[11.3346,47.532],[11.3321,47.5323],[11.3222,47.5364],[11.3225,47.5461],[11.3117,47.553],[11.2917,47.5529],[11.2949,47.5685],[11.2917,47.5727],[11.2627,47.5804]]]},"properties":{"AGS":"09180136","GEN":"Wallgau","SN_L":"09"}},
{"type":"Feature","geometry":{"type":"Polygon","coordinates":[[[11.0492,47.6982],[11.045,47.716],[11.0284,47.7107],[11.0014,47.7098],[10.9778,47.7132],[10.965,47.6978],[10.9673,47.6967],[10.9737,47.6864],[10.9911,47.6738],[11.0185,47.6792],[11.0404,47.6917],[11.0492,47.6982]]]},"properties":{"AGS":"09180113","GEN":"Bad Bayersoien","SN_L":"09"}},
{"type":"Feature","geometry":{"type":"Polygon","coordinates":[[[11.0536,47.6423],[11.0298,47.6533],[11.0331,47.6783],[11.0404,47.6917],[11.0185,47.6792],[10.9911,47.6738],[10.9823,47.6586],[10.9849,47.6502],[10.9655,47.6442],[10.9683,47.6318],[10.9528,47.6163],[10.9408,47.6097],[10.9423,47.5973],[10.9163,47.5834],[10.9574,47.5872],[10.9716,47.5853],[10.984,47.5858],[10.9857,47.6127],[10.9836,47.6269],[10.9968,47.6361],[11.0284,47.6426],[11.048,47.6365],[11.0536,47.6423]]]},"properties":{"AGS":"09180129","GEN":"Saulgrub","SN_L":"09"}},
{"type":"Feature","geometry":{"type":"Polygon","coordinates":[[[11.1183,47.573],[11.1148,47.584],[11.0838,47.5827],[11.0646,47.5729],[11.042,47.5776],[11.0011,47.5766],[10.9878,47.5803],[10.983,47.5751],[10.9578,47.5738],[10.9564,47.566],[10.9779,47.5637],[10.9976,47.5687],[11.0372,47.5654],[11.0576,47.5712],[11.103,47.5634],[11.1183,47.573]]]},"properties":{"AGS":"09180115","GEN":"Ettal","SN_L":"09"}},
{"type":"Feature","geometry":{"type":"Polygon","coordinates":[[[11.0536,47.6423],[11.048,47.6365],[11.0284,47.6426],[10.9968,47.6361],[10.9836,47.6269],[10.9857,47.6127],[10.984,47.5858],[10.9716,47.5853],[10.9898,47.5833],[11.0239,47.5839],[11.0293,47.5959],[11.0451,47.6012],[11.0563,47.6181],[11.0787,47.629],[11.0789,47.6308],[11.0536,47.6423]]]},"properties":{"AGS":"09180135","GEN":"Unterammergau","SN_L":"09"}},
{"type":"Feature","geometry":{"type":"Polygon","coordinates":[[[11.1773,47.6405],[11.1625,47.6366],[11.1546,47.6227],[11.1673,47.596],[11.1507,47.5965],[11.1229,47.5922],[11.1148,47.584],[11.1183,47.573],[11.1511,47.5759],[11.1666,47.5809],[11.1737,47.566],[11.1933,47.5557],[11.1859,47.5487],[11.2097,47.546],[11.2226,47.5472],[11.2408,47.5486],[11.2627,47.5804],[11.263,47.5869],[11.2568,47.5985],[11.2155,47.6047],[11.1996,47.6121],[11.1982,47.6228],[11.1853,47.6267],[11.1773,47.6405]]]},"properties":{"AGS":"09180114","GEN":"Eschenlohe","SN_L":"09"}},
{"type":"Feature","geometry":{"type":"Polygon","coordinates":[[[11.3441,47.6937],[11.3056,47.7092],[11.2886,47.7124],[11.2915,47.7005],[11.2807,47.6937],[11.2639,47.6756],[11.2463,47.669],[11.2731,47.6651],[11.2806,47.6609],[11.3044,47.6644],[11.3152,47.6726],[11.348,47.6748],[11.3441,47.6937]]]},"properties":{"AGS":"09180119","GEN":"Großweil","SN_L":"09"}},
{"type":"Feature","geometry":{"type":"Polygon","coordinates":[[[11.2463,47.669],[11.2307,47.668],[11.2152,47.6599],[11.2039,47.6349],[11.1773,47.6405],[11.1853,47.6267],[11.1982,47.6228],[11.1996,47.6121],[11.2155,47.6047],[11.2568,47.5985],[11.263,47.5869],[11.2691,47.6021],[11.2811,47.6136],[11.2733,47.63],[11.2742,47.6527],[11.2806,47.6609],[11.2731,47.6651],[11.2463,47.669]]]},"properties":{"AGS":"09180127","GEN":"Ohlstadt","SN_L":"09"}},
{"type":"Feature","geometry":{"type":"Polygon","coordinates":[[[11.1546,47.6227],[11.1342,47.6344],[11.1264,47.6569],[11.1214,47.6591],[11.1103,47.6575],[11.1051,47.6452],[11.0789,47.6308],[11.0787,47.629],[11.0973,47.6141],[11.1227,47.6118],[11.1229,47.5922],[11.1507,47.5965],[11.1673,47.596],[11.1546,47.6227]]]},"properties":{"AGS":"09180131","GEN":"Schwaigen","SN_L":"09"}},
{"type":"Feature","geometry":{"type":"Polygon","coordinates":[[[11.2579,47.7226],[11.2541,47.7174],[11.2231,47.7248],[11.2294,47.7137],[11.2264,47.7014],[11.2358,47.685],[11.2256,47.6794],[11.2307,47.668],[11.2463,47.669],[11.2639,47.6756],[11.2807,47.6937],[11.2915,47.7005],[11.2886,47.7124],[11.2616,47.7186],[11.2579,47.7226]]]},"properties":{"AGS":"09180128","GEN":"Riegsee","SN_L":"09"}},
{"type":"Feature","geometry":{"type":"Polygon","coordinates":[[[11.2018,47.6983],[11.1879,47.7149],[11.1792,47.7153],[11.175,47.7148],[11.1597,47.7094],[11.1608,47.6916],[11.1402,47.697],[11.1374,47.6847],[11.1249,47.6794],[11.1291,47.6721],[11.1607,47.6773],[11.1793,47.6739],[11.192,47.6804],[11.2018,47.6983]]]},"properties":{"AGS":"09180132","GEN":"Seehausen a.Staffelsee","SN_L":"09"}},
{"type":"Feature","geometry":{"type":"Polygon","coordinates":[[[11.2231,47.7248],[11.2006,47.7328],[11.1792,47.7153],[11.1879,47.7149],[11.2018,47.6983],[11.2294,47.7137],[11.2231,47.7248]]]},"properties":{"AGS":"09180133","GEN":"Spatzenhausen","SN_L":"09"}},
{"type":"Feature","geometry":{"type":"Polygon","coordinates":[[[10.9716,47.5853],[10.9574,47.5872],[10.9163,47.5834],[10.8907,47.5797],[10.8728,47.5725],[10.8714,47.5628],[10.8863,47.5367],[10.9062,47.5175],[10.9184,47.5173],[10.9613,47.5165],[10.9798,47.508],[11.0067,47.5303],[11.0328,47.5337],[11.0462,47.5392],[11.0522,47.5495],[11.0698,47.5447],[11.0978,47.552],[11.103,47.5634],[11.0576,47.5712],[11.0372,47.5654],[10.9976,47.5687],[10.9779,47.5637],[10.9564,47.566],[10.9578,47.5738],[10.983,47.5751],[10.9878,47.5803],[10.9898,47.5833],[10.9716,47.5853]]]},"properties":{"AGS":"09180451","GEN":"Ettaler Forst","SN_L":"09"}},
{"type":"Feature","geometry":{"type":"Polygon","coordinates":[[[10.8821,47.9332],[10.8688,47.9363],[10.8392,47.9236],[10.8237,47.9107],[10.8009,47.8854],[10.7895,47.8845],[10.7838,47.8745],[10.7723,47.8713],[10.7558,47.8625],[10.7492,47.854],[10.7674,47.8523],[10.7671,47.8438],[10.7948,47.8542],[10.8286,47.8532],[10.8486,47.8639],[10.8621,47.8685],[10.8683,47.8742],[10.8806,47.8834],[10.8988,47.889],[10.8971,47.8965],[10.9208,47.8979],[10.9322,47.9083],[10.9186,47.9024],[10.8821,47.9332]]]},"properties":{"AGS":"09181113","GEN":"Denklingen","SN_L":"09"}},
{"type":"Feature","geometry":{"type":"Polygon","coordinates":[[[11.1305,47.9439],[11.1104,47.9492],[11.1094,47.9606],[11.0983,47.9813],[11.0974,48.0005],[11.0714,47.9987],[11.0672,47.9918],[11.0504,47.9967],[11.0178,47.9926],[11.0055,47.9952],[10.9769,47.9902],[10.968,47.9847],[10.996,47.9717],[10.9777,47.9621],[10.9798,47.9516],[10.9991,47.9305],[11.0217,47.9262],[11.016,47.9166],[11.019,47.9048],[11.0352,47.8986],[11.0606,47.8991],[11.0836,47.9062],[11.072,47.9202],[11.1003,47.923],[11.1205,47.9299],[11.1305,47.9439]]]},"properties":{"AGS":"09181114","GEN":"Dießen am Ammersee","SN_L":"09"}},
{"type":"Feature","geometry":{"type":"Polygon","coordinates":[[[11.0345,48.193],[11.0252,48.1985],[10.982,48.2098],[10.961,48.1989],[10.9479,48.1835],[10.9538,48.1682],[10.9591,48.163],[10.9771,48.172],[11.0047,48.1562],[11.0125,48.1608],[10.9929,48.176],[11.0148,48.1804],[11.025,48.1782],[11.0345,48.193]]]},"properties":{"AGS":"09181116","GEN":"Egling a.d.Paar","SN_L":"09"}},
{"type":"Feature","geometry":{"type":"Polygon","coordinates":[[[11.0047,48.1562],[10.9771,48.172],[10.9591,48.163],[10.9646,48.1466],[10.9502,48.1445],[10.9573,48.1306],[10.9673,48.1239],[10.9811,48.1258],[10.9919,48.1154],[11.0078,48.1172],[11.0215,48.1054],[11.0556,48.1037],[11.0598,48.1219],[11.0489,48.1304],[11.0419,48.1482],[11.0276,48.1482],[11.0047,48.1562]]]},"properties":{"AGS":"09181122","GEN":"Geltendorf","SN_L":"09"}},
{"type":"Feature","geometry":{"type":"Polygon","coordinates":[[[10.8821,48.1242],[10.8627,48.1338],[10.859,48.1214],[10.8484,48.1002],[10.8465,48.0784],[10.8655,48.0791],[10.8754,48.0715],[10.8921,48.0774],[10.898,48.0963],[10.8861,48.1198],[10.8821,48.1242]]]},"properties":{"AGS":"09181128","GEN":"Kaufering","SN_L":"09"}},
{"type":"Feature","geometry":{"type":"Polygon","coordinates":[[[10.8921,48.0774],[10.8754,48.0715],[10.8655,48.0791],[10.8465,48.0784],[10.8261,48.0735],[10.8233,48.06],[10.8377,48.0526],[10.8095,48.0344],[10.8081,48.0204],[10.8118,48.0034],[10.8248,48.0005],[10.8257,47.9912],[10.8351,47.9878],[10.8607,47.997],[10.8793,47.9942],[10.8912,47.9992],[10.8877,48.0074],[10.8939,48.0191],[10.9136,48.0259],[10.9216,48.0343],[10.9236,48.0445],[10.9118,48.0592],[10.8921,48.0774]]]},"properties":{"AGS":"09181130","GEN":"Landsberg am Lech","SN_L":"09"}},
{"type":"Feature","geometry":{"type":"Polygon","coordinates":[[[10.9897,48.0868],[10.9764,48.0941],[10.9439,48.0951],[10.9269,48.1066],[10.9049,48.1087],[10.8861,48.1198],[10.898,48.0963],[10.8921,48.0774],[10.9118,48.0592],[10.9293,48.0651],[10.9457,48.0589],[10.9467,48.0484],[10.9696,48.0405],[10.985,48.0504],[10.9812,48.0727],[10.9897,48.0868]]]},"properties":{"AGS":"09181132","GEN":"Penzing","SN_L":"09"}},
{"type":"Feature","geometry":{"type":"Polygon","coordinates":[[[11.064,48.0416],[11.0384,48.0353],[11.0462,48.0192],[11.0504,47.9967],[11.0672,47.9918],[11.0714,47.9987],[11.0974,48.0005],[11.0975,48.0344],[11.0862,48.0431],[11.064,48.0416]]]},"properties":{"AGS":"09181144","GEN":"Utting am Ammersee","SN_L":"09"}},
{"type":"Feature","geometry":{"type":"Polygon","coordinates":[[[10.9538,48.1682],[10.9199,48.1603],[10.8958,48.1443],[10.8886,48.125],[10.8821,48.1242],[10.8861,48.1198],[10.9049,48.1087],[10.9269,48.1066],[10.9439,48.0951],[10.9764,48.0941],[10.9897,48.0868],[10.9985,48.0849],[11.0215,48.1054],[11.0078,48.1172],[10.9919,48.1154],[10.9811,48.1258],[10.9673,48.1239],[10.9573,48.1306],[10.9502,48.1445],[10.9646,48.1466],[10.9591,48.163],[10.9538,48.1682]]]},"properties":{"AGS":"09181145","GEN":"Weil","SN_L":"09"}},
{"type":"Feature","geometry":{"type":"Polygon","coordinates":[[[10.8808,47.9751],[10.8821,47.9798],[10.8583,47.9751],[10.854,47.9683],[10.8149,47.9626],[10.8074,47.9587],[10.7941,47.9547],[10.8,47.9464],[10.774,47.9312],[10.7834,47.9215],[10.7789,47.9062],[10.7859,47.9033],[10.7711,47.8879],[10.7895,47.8845],[10.8009,47.8854],[10.8237,47.9107],[10.8392,47.9236],[10.8688,47.9363],[10.8786,47.9452],[10.8669,47.9538],[10.8821,47.9642],[10.8808,47.9751]]]},"properties":{"AGS":"09181121","GEN":"Fuchstal","SN_L":"09"}},
{"type":"Feature","geometry":{"type":"Polygon","coordinates":[[[10.8793,47.9942],[10.8607,47.997],[10.8351,47.9878],[10.8257,47.9912],[10.8089,47.9717],[10.8074,47.9587],[10.8149,47.9626],[10.854,47.9683],[10.8583,47.9751],[10.8821,47.9798],[10.8793,47.9942]]]},"properties":{"AGS":"09181143","GEN":"Unterdießen","SN_L":"09"}},
{"type":"Feature","geometry":{"type":"Polygon","coordinates":[[[10.8559,48.1368],[10.8361,48.1389],[10.7928,48.1323],[10.7884,48.126],[10.8015,48.1042],[10.8163,48.1021],[10.8484,48.1002],[10.859,48.1214],[10.8559,48.1368]]]},"properties":{"AGS":"09181126","GEN":"Hurlach","SN_L":"09"}},
{"type":"Feature","geometry":{"type":"Polygon","coordinates":[[[10.8484,48.1002],[10.8163,48.1021],[10.808,48.0867],[10.784,48.0764],[10.7657,48.0481],[10.7563,48.0468],[10.7603,48.0345],[10.7894,48.0395],[10.8095,48.0344],[10.8377,48.0526],[10.8233,48.06],[10.8261,48.0735],[10.8465,48.0784],[10.8484,48.1002]]]},"properties":{"AGS":"09181127","GEN":"Igling","SN_L":"09"}},
{"type":"Feature","geometry":{"type":"Polygon","coordinates":[[[10.8559,48.1368],[10.8676,48.1528],[10.8673,48.1647],[10.8482,48.1586],[10.8486,48.1475],[10.8242,48.1504],[10.7865,48.1501],[10.7928,48.1323],[10.8361,48.1389],[10.8559,48.1368]]]},"properties":{"AGS":"09181131","GEN":"Obermeitingen","SN_L":"09"}},
{"type":"Feature","geometry":{"type":"Polygon","coordinates":[[[10.961,48.1989],[10.9457,48.2053],[10.947,48.2197],[10.9332,48.2247],[10.9281,48.2346],[10.9034,48.2367],[10.8979,48.2118],[10.8905,48.1911],[10.9037,48.1904],[10.9245,48.1659],[10.9199,48.1603],[10.9538,48.1682],[10.9479,48.1835],[10.961,48.1989]]]},"properties":{"AGS":"09181134","GEN":"Prittriching","SN_L":"09"}},
{"type":"Feature","geometry":{"type":"Polygon","coordinates":[[[10.8905,48.1911],[10.8775,48.1886],[10.8754,48.1781],[10.8673,48.1647],[10.8676,48.1528],[10.8559,48.1368],[10.859,48.1214],[10.8627,48.1338],[10.8821,48.1242],[10.8886,48.125],[10.8958,48.1443],[10.9199,48.1603],[10.9245,48.1659],[10.9037,48.1904],[10.8905,48.1911]]]},"properties":{"AGS":"09181138","GEN":"Scheuring","SN_L":"09"}},
{"type":"Feature","geometry":{"type":"Polygon","coordinates":[[[11.0055,47.9952],[10.9915,48.0188],[10.9751,48.0286],[10.9719,48.0282],[10.9626,48.0188],[10.9391,48.0142],[10.9434,47.9953],[10.9297,47.9833],[10.9306,47.9817],[10.9545,47.9804],[10.968,47.9847],[10.9769,47.9902],[11.0055,47.9952]]]},"properties":{"AGS":"09181124","GEN":"Hofstetten","SN_L":"09"}},
{"type":"Feature","geometry":{"type":"Polygon","coordinates":[[[10.9696,48.0405],[10.9467,48.0484],[10.9457,48.0589],[10.9293,48.0651],[10.9118,48.0592],[10.9236,48.0445],[10.9216,48.0343],[10.9361,48.0323],[10.9487,48.0238],[10.9719,48.0282],[10.9751,48.0286],[10.9696,48.0405]]]},"properties":{"AGS":"09181140","GEN":"Schwifting","SN_L":"09"}},
{"type":"Feature","geometry":{"type":"Polygon","coordinates":[[[10.9719,48.0282],[10.9487,48.0238],[10.9361,48.0323],[10.9216,48.0343],[10.9136,48.0259],[10.8939,48.0191],[10.8877,48.0074],[10.8912,47.9992],[10.8793,47.9942],[10.8821,47.9798],[10.8808,47.9751],[10.8961,47.9856],[10.9074,47.982],[10.9297,47.9833],[10.9434,47.9953],[10.9391,48.0142],[10.9626,48.0188],[10.9719,48.0282]]]},"properties":{"AGS":"09181141","GEN":"Pürgen","SN_L":"09"}},
{"type":"Feature","geometry":{"type":"Polygon","coordinates":[[[10.9744,47.8742],[10.9554,47.8898],[10.9617,47.8968],[10.9487,47.917],[10.9322,47.9083],[10.9208,47.8979],[10.9216,47.8873],[10.9336,47.8814],[10.9508,47.8681],[10.9651,47.862],[10.9834,47.8692],[10.9744,47.8742]]]},"properties":{"AGS":"09181111","GEN":"Apfeldorf","SN_L":"09"}},
{"type":"Feature","geometry":{"type":"Polygon","coordinates":[[[10.9208,47.8979],[10.8971,47.8965],[10.8988,47.889],[10.8806,47.8834],[10.8683,47.8742],[10.8966,47.8694],[10.8974,47.8618],[10.9172,47.8582],[10.9225,47.8646],[10.9215,47.8727],[10.9336,47.8814],[10.9216,47.8873],[10.9208,47.8979]]]},"properties":{"AGS":"09181129","GEN":"Kinsau","SN_L":"09"}},
{"type":"Feature","geometry":{"type":"Polygon","coordinates":[[[10.9297,47.9833],[10.9074,47.982],[10.8961,47.9856],[10.8808,47.9751],[10.8821,47.9642],[10.8669,47.9538],[10.8786,47.9452],[10.8688,47.9363],[10.8821,47.9332],[10.8873,47.9448],[10.9035,47.9474],[10.9207,47.9437],[10.9511,47.9418],[10.9773,47.9464],[10.9798,47.9516],[10.9777,47.9621],[10.9644,47.9608],[10.9431,47.9652],[10.9306,47.9817],[10.9297,47.9833]]]},"properties":{"AGS":"09181133","GEN":"Vilgertshofen","SN_L":"09"}},
{"type":"Feature","geometry":{"type":"Polygon","coordinates":[[[10.9991,47.9305],[10.9798,47.9516],[10.9773,47.9464],[10.9511,47.9418],[10.9207,47.9437],[10.9035,47.9474],[10.8873,47.9448],[10.8821,47.9332],[10.9186,47.9024],[10.9322,47.9083],[10.9487,47.917],[10.9542,47.9273],[10.9748,47.9247],[10.9991,47.9305]]]},"properties":{"AGS":"09181135","GEN":"Reichling","SN_L":"09"}},
{"type":"Feature","geometry":{"type":"Polygon","coordinates":[[[10.9991,47.9305],[10.9748,47.9247],[10.9542,47.9273],[10.9487,47.917],[10.9617,47.8968],[10.9554,47.8898],[10.9744,47.8742],[10.9746,47.8836],[10.9864,47.895],[11.0059,47.9047],[11.019,47.9048],[11.016,47.9166],[11.0217,47.9262],[10.9991,47.9305]]]},"properties":{"AGS":"09181137","GEN":"Rott","SN_L":"09"}},
{"type":"Feature","geometry":{"type":"Polygon","coordinates":[[[10.9777,47.9621],[10.996,47.9717],[10.968,47.9847],[10.9545,47.9804],[10.9306,47.9817],[10.9431,47.9652],[10.9644,47.9608],[10.9777,47.9621]]]},"properties":{"AGS":"09181142","GEN":"Thaining","SN_L":"09"}},
{"type":"Feature","geometry":{"type":"Polygon","coordinates":[[[11.1344,48.0813],[11.137,48.0976],[11.0993,48.0907],[11.1026,48.0773],[11.0979,48.0692],[11.1058,48.0637],[11.1097,48.0691],[11.1344,48.0813]]]},"properties":{"AGS":"09181115","GEN":"Eching am Ammersee","SN_L":"09"}},
{"type":"Feature","geometry":{"type":"Polygon","coordinates":[[[11.0993,48.0907],[11.0808,48.0965],[11.0554,48.0769],[11.052,48.0717],[11.0734,48.0618],[11.0979,48.0692],[11.1026,48.0773],[11.0993,48.0907]]]},"properties":{"AGS":"09181123","GEN":"Greifenberg","SN_L":"09"}},
{"type":"Feature","geometry":{"type":"Polygon","coordinates":[[[11.1058,48.0637],[11.0979,48.0692],[11.0734,48.0618],[11.064,48.0416],[11.0862,48.0431],[11.0975,48.0344],[11.1012,48.0592],[11.1058,48.0637]]]},"properties":{"AGS":"09181139","GEN":"Schondorf am Ammersee","SN_L":"09"}},
{"type":"Feature","geometry":{"type":"Polygon","coordinates":[[[11.0556,48.1037],[11.0215,48.1054],[10.9985,48.0849],[11.014,48.0741],[11.0272,48.08],[11.0554,48.0769],[11.0808,48.0965],[11.0556,48.1037]]]},"properties":{"AGS":"09181118","GEN":"Eresing","SN_L":"09"}},
{"type":"Feature","geometry":{"type":"Polygon","coordinates":[[[11.0384,48.0353],[11.0296,48.0355],[11.0174,48.0472],[10.9955,48.0443],[10.985,48.0504],[10.9696,48.0405],[10.9751,48.0286],[10.9915,48.0188],[11.0055,47.9952],[11.0178,47.9926],[11.0504,47.9967],[11.0462,48.0192],[11.0384,48.0353]]]},"properties":{"AGS":"09181120","GEN":"Finning","SN_L":"09"}},
{"type":"Feature","geometry":{"type":"Polygon","coordinates":[[[11.0554,48.0769],[11.0272,48.08],[11.014,48.0741],[10.9985,48.0849],[10.9897,48.0868],[10.9812,48.0727],[10.985,48.0504],[10.9955,48.0443],[11.0174,48.0472],[11.0296,48.0355],[11.0384,48.0353],[11.064,48.0416],[11.0734,48.0618],[11.052,48.0717],[11.0554,48.0769]]]},"properties":{"AGS":"09181146","GEN":"Windach","SN_L":"09"}},
{"type":"Feature","geometry":{"type":"Polygon","coordinates":[[[11.1293,48.0448],[11.1386,48.0653],[11.1344,48.0813],[11.1097,48.0691],[11.1058,48.0637],[11.1012,48.0592],[11.0975,48.0344],[11.0974,48.0005],[11.0983,47.9813],[11.1094,47.9606],[11.1104,47.9492],[11.1305,47.9439],[11.1394,47.9351],[11.1504,47.9437],[11.1496,47.9534],[11.1503,47.9576],[11.1495,47.9731],[11.1686,47.9895],[11.1676,48.0017],[11.1536,47.9998],[11.1358,48.0145],[11.1293,48.0448]]]},"properties":{"AGS":"09181451","GEN":"Ammersee","SN_L":"09"}},
{"type":"Feature","geometry":{"type":"Polygon","coordinates":[[[11.7192,47.7391],[11.7086,47.7461],[11.6971,47.7444],[11.6963,47.7263],[11.6794,47.7252],[11.6641,47.7144],[11.6705,47.6886],[11.6482,47.6833],[11.6436,47.6716],[11.6612,47.6628],[11.6789,47.6724],[11.7051,47.6661],[11.7144,47.6733],[11.7244,47.6958],[11.7382,47.6989],[11.7404,47.7051],[11.727,47.7131],[11.7192,47.7391]]]},"properties":{"AGS":"09182111","GEN":"Bad Wiessee","SN_L":"09"}},
{"type":"Feature","geometry":{"type":"Polygon","coordinates":[[[12.012,47.7035],[11.9827,47.7074],[11.9557,47.7073],[11.9202,47.6717],[11.9256,47.6522],[11.9204,47.6472],[11.9295,47.6318],[11.9331,47.6128],[12.0128,47.6232],[12.0194,47.6119],[12.0371,47.6176],[12.0607,47.6187],[12.0624,47.6281],[12.043,47.635],[12.0313,47.6441],[12.0358,47.6549],[12.0478,47.6705],[12.0298,47.6878],[12.0254,47.7009],[12.012,47.7035]]]},"properties":{"AGS":"09182112","GEN":"Bayrischzell","SN_L":"09"}},
{"type":"Feature","geometry":{"type":"Polygon","coordinates":[[[11.946,47.7864],[11.9373,47.7873],[11.9025,47.7742],[11.8886,47.7701],[11.8881,47.7596],[11.8926,47.7441],[11.8921,47.7347],[11.9072,47.7138],[11.9059,47.6734],[11.9202,47.6717],[11.9557,47.7073],[11.9827,47.7074],[12.012,47.7035],[12.0223,47.7362],[11.9974,47.7415],[11.992,47.7473],[11.9894,47.7768],[11.9817,47.7809],[11.946,47.7864]]]},"properties":{"AGS":"09182114","GEN":"Fischbachau","SN_L":"09"}},
{"type":"Feature","geometry":{"type":"Polygon","coordinates":[[[11.776,47.7741],[11.7655,47.7722],[11.7513,47.7799],[11.7251,47.7876],[11.7206,47.7693],[11.696,47.748],[11.6776,47.7389],[11.6794,47.7252],[11.6963,47.7263],[11.6971,47.7444],[11.7086,47.7461],[11.7192,47.7391],[11.735,47.7478],[11.7377,47.7331],[11.7483,47.7203],[11.7703,47.7292],[11.7957,47.7294],[11.7869,47.7453],[11.796,47.7689],[11.776,47.7741]]]},"properties":{"AGS":"09182116","GEN":"Gmund a.Tegernsee","SN_L":"09"}},
{"type":"Feature","geometry":{"type":"Polygon","coordinates":[[[11.8881,47.7596],[11.8814,47.757],[11.8319,47.7735],[11.796,47.7689],[11.7869,47.7453],[11.7957,47.7294],[11.796,47.7271],[11.8201,47.7301],[11.8326,47.7353],[11.855,47.7534],[11.8926,47.7441],[11.8881,47.7596]]]},"properties":{"AGS":"09182119","GEN":"Hausham","SN_L":"09"}},
{"type":"Feature","geometry":{"type":"Polygon","coordinates":[[[11.7206,47.8655],[11.7222,47.8816],[11.7345,47.8883],[11.7203,47.8973],[11.7353,47.9026],[11.7337,47.9188],[11.7167,47.917],[11.7049,47.9139],[11.6948,47.8969],[11.6639,47.889],[11.6539,47.8747],[11.6357,47.8645],[11.6277,47.8475],[11.6104,47.8315],[11.629,47.8277],[11.6341,47.8218],[11.6512,47.8227],[11.6786,47.8239],[11.7084,47.843],[11.7116,47.86],[11.7206,47.8655]]]},"properties":{"AGS":"09182120","GEN":"Holzkirchen","SN_L":"09"}},
{"type":"Feature","geometry":{"type":"Polygon","coordinates":[[[11.888,47.8638],[11.8694,47.859],[11.8594,47.8634],[11.8719,47.8472],[11.8602,47.8441],[11.8326,47.8459],[11.8307,47.8376],[11.8489,47.8309],[11.8599,47.8182],[11.844,47.8116],[11.8597,47.7992],[11.8869,47.7887],[11.878,47.7802],[11.9025,47.7742],[11.9373,47.7873],[11.946,47.7864],[11.9583,47.7932],[11.9208,47.8046],[11.9252,47.8166],[11.9419,47.8199],[11.953,47.8284],[11.9462,47.8425],[11.9118,47.8564],[11.9017,47.8512],[11.888,47.8638]]]},"properties":{"AGS":"09182123","GEN":"Irschenberg","SN_L":"09"}},
{"type":"Feature","geometry":{"type":"Polygon","coordinates":[[[11.7382,47.6989],[11.7244,47.6958],[11.7144,47.6733],[11.7051,47.6661],[11.6789,47.6724],[11.6612,47.6628],[11.6703,47.6554],[11.6695,47.645],[11.68,47.6424],[11.6761,47.6294],[11.6085,47.6107],[11.598,47.5918],[11.6329,47.5924],[11.6412,47.5936],[11.6581,47.5841],[11.6813,47.5838],[11.6975,47.5886],[11.745,47.5877],[11.781,47.5912],[11.79,47.5877],[11.8294,47.5821],[11.8473,47.5823],[11.8549,47.6023],[11.8286,47.6136],[11.8062,47.6154],[11.8107,47.628],[11.8036,47.6368],[11.788,47.6378],[11.785,47.6509],[11.7913,47.6594],[11.767,47.6686],[11.7642,47.6832],[11.7389,47.6927],[11.7382,47.6989]]]},"properties":{"AGS":"09182124","GEN":"Kreuth","SN_L":"09"}},
{"type":"Feature","geometry":{"type":"Polygon","coordinates":[[[11.844,47.8116],[11.8112,47.8248],[11.8004,47.8102],[11.776,47.7741],[11.796,47.7689],[11.8319,47.7735],[11.8814,47.757],[11.8881,47.7596],[11.8886,47.7701],[11.9025,47.7742],[11.878,47.7802],[11.8869,47.7887],[11.8597,47.7992],[11.844,47.8116]]]},"properties":{"AGS":"09182125","GEN":"Miesbach","SN_L":"09"}},
{"type":"Feature","geometry":{"type":"Polygon","coordinates":[[[11.7005,47.9389],[11.6848,47.9378],[11.6593,47.9227],[11.6552,47.9279],[11.6235,47.9203],[11.6339,47.9114],[11.6501,47.9069],[11.6639,47.889],[11.6948,47.8969],[11.7049,47.9139],[11.7167,47.917],[11.7071,47.9368],[11.7005,47.9389]]]},"properties":{"AGS":"09182127","GEN":"Otterfing","SN_L":"09"}},
{"type":"Feature","geometry":{"type":"Polygon","coordinates":[[[11.8941,47.6085],[11.8919,47.6183],[11.862,47.6556],[11.8339,47.6747],[11.8435,47.6923],[11.8119,47.7019],[11.7931,47.6989],[11.7884,47.6911],[11.7531,47.6985],[11.7389,47.6927],[11.7642,47.6832],[11.767,47.6686],[11.7913,47.6594],[11.785,47.6509],[11.788,47.6378],[11.8036,47.6368],[11.8107,47.628],[11.8062,47.6154],[11.8286,47.6136],[11.8549,47.6023],[11.8941,47.6085]]]},"properties":{"AGS":"09182129","GEN":"Rottach-Egern","SN_L":"09"}},
{"type":"Feature","geometry":{"type":"Polygon","coordinates":[[[11.8926,47.7441],[11.855,47.7534],[11.8326,47.7353],[11.8201,47.7301],[11.796,47.7271],[11.8114,47.7115],[11.8119,47.7019],[11.8435,47.6923],[11.8339,47.6747],[11.862,47.6556],[11.8919,47.6183],[11.8941,47.6085],[11.9137,47.6138],[11.9331,47.6128],[11.9295,47.6318],[11.9204,47.6472],[11.9256,47.6522],[11.9202,47.6717],[11.9059,47.6734],[11.9072,47.7138],[11.8921,47.7347],[11.8926,47.7441]]]},"properties":{"AGS":"09182131","GEN":"Schliersee","SN_L":"09"}},
{"type":"Feature","geometry":{"type":"Polygon","coordinates":[[[11.7957,47.7294],[11.7703,47.7292],[11.7483,47.7203],[11.7377,47.7331],[11.735,47.7478],[11.7192,47.7391],[11.727,47.7131],[11.7404,47.7051],[11.7382,47.6989],[11.7389,47.6927],[11.7531,47.6985],[11.7884,47.6911],[11.7931,47.6989],[11.8119,47.7019],[11.8114,47.7115],[11.796,47.7271],[11.7957,47.7294]]]},"properties":{"AGS":"09182132","GEN":"Tegernsee","SN_L":"09"}},
{"type":"Feature","geometry":{"type":"Polygon","coordinates":[[[11.8065,47.9257],[11.7877,47.9294],[11.777,47.9426],[11.7577,47.9384],[11.7575,47.9225],[11.7337,47.9188],[11.7353,47.9026],[11.7203,47.8973],[11.7345,47.8883],[11.7222,47.8816],[11.7206,47.8655],[11.7451,47.8607],[11.7458,47.8445],[11.7741,47.8351],[11.7799,47.8431],[11.7974,47.8456],[11.7835,47.8798],[11.784,47.9207],[11.8018,47.9208],[11.8065,47.9257]]]},"properties":{"AGS":"09182133","GEN":"Valley","SN_L":"09"}},
{"type":"Feature","geometry":{"type":"Polygon","coordinates":[[[11.6786,47.8239],[11.6512,47.8227],[11.6655,47.8025],[11.6619,47.7968],[11.6368,47.792],[11.6316,47.7842],[11.6537,47.7657],[11.6625,47.7475],[11.6562,47.7397],[11.6292,47.7315],[11.6225,47.7275],[11.6273,47.7212],[11.6614,47.7264],[11.6641,47.7144],[11.6794,47.7252],[11.6776,47.7389],[11.696,47.748],[11.7206,47.7693],[11.7251,47.7876],[11.7183,47.8018],[11.6851,47.7957],[11.6863,47.8091],[11.6786,47.8239]]]},"properties":{"AGS":"09182134","GEN":"Waakirchen","SN_L":"09"}},
{"type":"Feature","geometry":{"type":"Polygon","coordinates":[[[11.7741,47.8351],[11.7458,47.8445],[11.7451,47.8607],[11.7206,47.8655],[11.7116,47.86],[11.7084,47.843],[11.6786,47.8239],[11.6863,47.8091],[11.6851,47.7957],[11.7183,47.8018],[11.7251,47.7876],[11.7513,47.7799],[11.7655,47.7722],[11.776,47.7741],[11.8004,47.8102],[11.7824,47.808],[11.7741,47.8351]]]},"properties":{"AGS":"09182136","GEN":"Warngau","SN_L":"09"}},
{"type":"Feature","geometry":{"type":"Polygon","coordinates":[[[11.8018,47.9208],[11.784,47.9207],[11.7835,47.8798],[11.7974,47.8456],[11.7799,47.8431],[11.7741,47.8351],[11.7824,47.808],[11.8004,47.8102],[11.8112,47.8248],[11.844,47.8116],[11.8599,47.8182],[11.8489,47.8309],[11.8307,47.8376],[11.8326,47.8459],[11.8602,47.8441],[11.8719,47.8472],[11.8594,47.8634],[11.8492,47.8696],[11.8309,47.8887],[11.8088,47.9057],[11.8018,47.9208]]]},"properties":{"AGS":"09182137","GEN":"Weyarn","SN_L":"09"}},
{"type":"Feature","geometry":{"type":"Polygon","coordinates":[[[12.3691,48.2946],[12.35,48.29],[12.3391,48.2958],[12.3262,48.2882],[12.3211,48.2704],[12.3413,48.2666],[12.3573,48.2581],[12.3898,48.2607],[12.3939,48.2511],[12.3967,48.2248],[12.4104,48.2263],[12.4287,48.2397],[12.4416,48.2317],[12.4558,48.2328],[12.4542,48.2431],[12.4349,48.2482],[12.4313,48.2587],[12.4419,48.2704],[12.4072,48.2659],[12.4036,48.2769],[12.3792,48.2835],[12.3691,48.2946]]]},"properties":{"AGS":"09183112","GEN":"Ampfing","SN_L":"09"}},
{"type":"Feature","geometry":{"type":"Polygon","coordinates":[[[12.3928,48.2224],[12.3645,48.22],[12.365,48.2118],[12.3409,48.217],[12.3184,48.2123],[12.3049,48.2041],[12.3228,48.1961],[12.3222,48.1895],[12.3362,48.1863],[12.3495,48.1697],[12.3824,48.1761],[12.3815,48.201],[12.3929,48.2137],[12.3928,48.2224]]]},"properties":{"AGS":"09183113","GEN":"Aschau a.Inn","SN_L":"09"}},
{"type":"Feature","geometry":{"type":"Polygon","coordinates":[[[12.3022,48.3303],[12.266,48.3293],[12.2506,48.3219],[12.2549,48.295],[12.2795,48.2843],[12.2923,48.2891],[12.3262,48.2882],[12.3391,48.2958],[12.35,48.29],[12.3691,48.2946],[12.3651,48.3081],[12.3381,48.3153],[12.3277,48.3251],[12.3241,48.3198],[12.3032,48.3169],[12.3022,48.3303]]]},"properties":{"AGS":"09183114","GEN":"Buchbach","SN_L":"09"}},
{"type":"Feature","geometry":{"type":"Polygon","coordinates":[[[12.2046,48.1652],[12.1841,48.1685],[12.1645,48.1665],[12.1571,48.1758],[12.1322,48.184],[12.1113,48.1857],[12.1027,48.1741],[12.1117,48.1732],[12.1228,48.1573],[12.138,48.1621],[12.1542,48.1541],[12.1769,48.1445],[12.1894,48.131],[12.2097,48.1314],[12.2091,48.1432],[12.2069,48.1553],[12.2046,48.1652]]]},"properties":{"AGS":"09183119","GEN":"Haag i.OB","SN_L":"09"}},
{"type":"Feature","geometry":{"type":"Polygon","coordinates":[[[12.5116,48.2811],[12.5115,48.2925],[12.4998,48.3018],[12.4802,48.3073],[12.4767,48.3148],[12.4655,48.3086],[12.4649,48.2935],[12.457,48.2902],[12.4624,48.2797],[12.4419,48.2704],[12.4313,48.2587],[12.4349,48.2482],[12.4542,48.2431],[12.4558,48.2328],[12.4416,48.2317],[12.4526,48.2282],[12.464,48.2346],[12.4753,48.2562],[12.5053,48.2576],[12.5047,48.2774],[12.5116,48.2811]]]},"properties":{"AGS":"09183127","GEN":"Mettenheim","SN_L":"09"}},
{"type":"Feature","geometry":{"type":"Polygon","coordinates":[[[12.5116,48.2811],[12.5047,48.2774],[12.5053,48.2576],[12.4753,48.2562],[12.464,48.2346],[12.4526,48.2282],[12.4568,48.2149],[12.4724,48.2269],[12.4828,48.2394],[12.5014,48.2338],[12.5167,48.2245],[12.5342,48.2222],[12.5482,48.2345],[12.5647,48.2424],[12.5647,48.2565],[12.5495,48.2658],[12.5413,48.2805],[12.5116,48.2811]]]},"properties":{"AGS":"09183128","GEN":"Mühldorf a.Inn","SN_L":"09"}},
{"type":"Feature","geometry":{"type":"Polygon","coordinates":[[[12.3103,48.2675],[12.2836,48.2755],[12.2663,48.2642],[12.2641,48.2545],[12.2486,48.2543],[12.2419,48.2417],[12.2269,48.2464],[12.2151,48.2298],[12.2304,48.2136],[12.2324,48.2017],[12.2451,48.1945],[12.2609,48.2003],[12.2595,48.216],[12.2771,48.2188],[12.291,48.2145],[12.298,48.2258],[12.2946,48.2508],[12.3057,48.254],[12.3103,48.2675]]]},"properties":{"AGS":"09183135","GEN":"Obertaufkirchen","SN_L":"09"}},
{"type":"Feature","geometry":{"type":"Polygon","coordinates":[[[12.3262,48.2882],[12.2923,48.2891],[12.2795,48.2843],[12.2549,48.295],[12.2413,48.2876],[12.2425,48.2778],[12.227,48.2765],[12.2217,48.262],[12.2316,48.2581],[12.2269,48.2464],[12.2419,48.2417],[12.2486,48.2543],[12.2641,48.2545],[12.2663,48.2642],[12.2836,48.2755],[12.3103,48.2675],[12.3211,48.2704],[12.3262,48.2882]]]},"properties":{"AGS":"09183144","GEN":"Schwindegg","SN_L":"09"}},
{"type":"Feature","geometry":{"type":"Polygon","coordinates":[[[12.4842,48.2095],[12.4893,48.2156],[12.4724,48.2269],[12.4568,48.2149],[12.421,48.2098],[12.4104,48.2263],[12.3967,48.2248],[12.3928,48.2224],[12.3929,48.2137],[12.3815,48.201],[12.3824,48.1761],[12.3909,48.1681],[12.4012,48.1746],[12.4074,48.1901],[12.4347,48.1885],[12.432,48.2018],[12.4573,48.1931],[12.4638,48.2077],[12.4842,48.2095]]]},"properties":{"AGS":"09183148","GEN":"Waldkraiburg","SN_L":"09"}},
{"type":"Feature","geometry":{"type":"Polygon","coordinates":[[[12.3967,48.2248],[12.3939,48.2511],[12.3898,48.2607],[12.3573,48.2581],[12.3413,48.2666],[12.3335,48.2636],[12.3297,48.2481],[12.3417,48.2457],[12.3383,48.2337],[12.3409,48.217],[12.365,48.2118],[12.3645,48.22],[12.3928,48.2224],[12.3967,48.2248]]]},"properties":{"AGS":"09183120","GEN":"Heldenstein","SN_L":"09"}},
{"type":"Feature","geometry":{"type":"Polygon","coordinates":[[[12.3211,48.2704],[12.3103,48.2675],[12.3057,48.254],[12.2946,48.2508],[12.298,48.2258],[12.291,48.2145],[12.3049,48.2041],[12.3184,48.2123],[12.3409,48.217],[12.3383,48.2337],[12.3417,48.2457],[12.3297,48.2481],[12.3335,48.2636],[12.3413,48.2666],[12.3211,48.2704]]]},"properties":{"AGS":"09183138","GEN":"Rattenkirchen","SN_L":"09"}},
{"type":"Feature","geometry":{"type":"Polygon","coordinates":[[[12.3222,48.1895],[12.3111,48.1924],[12.2975,48.1799],[12.2627,48.1802],[12.2671,48.1666],[12.2545,48.161],[12.2324,48.1648],[12.2259,48.1533],[12.2069,48.1553],[12.2091,48.1432],[12.2439,48.1267],[12.2515,48.1352],[12.2649,48.1397],[12.2751,48.1358],[12.3109,48.1315],[12.3119,48.1354],[12.3473,48.1446],[12.3542,48.1488],[12.3495,48.1697],[12.3362,48.1863],[12.3222,48.1895]]]},"properties":{"AGS":"09183118","GEN":"Gars a.Inn","SN_L":"09"}},
{"type":"Feature","geometry":{"type":"Polygon","coordinates":[[[12.3936,48.1477],[12.3808,48.1534],[12.3542,48.1488],[12.3473,48.1446],[12.3119,48.1354],[12.3109,48.1315],[12.2751,48.1358],[12.2649,48.1397],[12.2515,48.1352],[12.2709,48.115],[12.2851,48.1157],[12.2872,48.1064],[12.3052,48.1097],[12.3273,48.1052],[12.3428,48.1139],[12.3501,48.1261],[12.3713,48.1281],[12.3876,48.1174],[12.3984,48.1261],[12.4163,48.1348],[12.4071,48.1442],[12.3936,48.1477]]]},"properties":{"AGS":"09183147","GEN":"Unterreit","SN_L":"09"}},
{"type":"Feature","geometry":{"type":"Polygon","coordinates":[[[12.2193,48.2],[12.1866,48.2175],[12.1779,48.2047],[12.1584,48.2006],[12.1372,48.1907],[12.1322,48.184],[12.1571,48.1758],[12.1645,48.1665],[12.1841,48.1685],[12.2046,48.1652],[12.2161,48.1686],[12.2059,48.1919],[12.2193,48.2]]]},"properties":{"AGS":"09183123","GEN":"Kirchdorf","SN_L":"09"}},
{"type":"Feature","geometry":{"type":"Polygon","coordinates":[[[12.291,48.2145],[12.2771,48.2188],[12.2595,48.216],[12.2609,48.2003],[12.2451,48.1945],[12.2324,48.2017],[12.2193,48.2],[12.2059,48.1919],[12.2161,48.1686],[12.2046,48.1652],[12.2069,48.1553],[12.2259,48.1533],[12.2324,48.1648],[12.2545,48.161],[12.2671,48.1666],[12.2627,48.1802],[12.2975,48.1799],[12.3111,48.1924],[12.3222,48.1895],[12.3228,48.1961],[12.3049,48.2041],[12.291,48.2145]]]},"properties":{"AGS":"09183140","GEN":"Reichertsheim","SN_L":"09"}},
{"type":"Feature","geometry":{"type":"Polygon","coordinates":[[[12.3909,48.1681],[12.3824,48.1761],[12.3495,48.1697],[12.3542,48.1488],[12.3808,48.1534],[12.3936,48.1477],[12.4023,48.1607],[12.3909,48.1681]]]},"properties":{"AGS":"09183122","GEN":"Jettenbach","SN_L":"09"}},
{"type":"Feature","geometry":{"type":"Polygon","coordinates":[[[12.4842,48.2095],[12.4638,48.2077],[12.4573,48.1931],[12.432,48.2018],[12.4347,48.1885],[12.4074,48.1901],[12.4012,48.1746],[12.3909,48.1681],[12.4023,48.1607],[12.3936,48.1477],[12.4071,48.1442],[12.4294,48.1703],[12.443,48.1729],[12.4785,48.1538],[12.4756,48.1644],[12.4866,48.1714],[12.4911,48.1888],[12.4981,48.1939],[12.4842,48.2095]]]},"properties":{"AGS":"09183124","GEN":"Kraiburg a.Inn","SN_L":"09"}},
{"type":"Feature","geometry":{"type":"Polygon","coordinates":[[[12.4785,48.1538],[12.443,48.1729],[12.4294,48.1703],[12.4071,48.1442],[12.4163,48.1348],[12.3984,48.1261],[12.4216,48.1312],[12.4408,48.1111],[12.462,48.1182],[12.472,48.1173],[12.4666,48.1226],[12.4872,48.1355],[12.4946,48.145],[12.4837,48.1529],[12.4785,48.1538]]]},"properties":{"AGS":"09183145","GEN":"Taufkirchen","SN_L":"09"}},
{"type":"Feature","geometry":{"type":"Polygon","coordinates":[[[12.4708,48.4154],[12.4386,48.4048],[12.4381,48.3853],[12.425,48.3721],[12.4453,48.3621],[12.4479,48.3756],[12.471,48.3752],[12.4796,48.3835],[12.4718,48.3932],[12.4708,48.4154]]]},"properties":{"AGS":"09183115","GEN":"Egglkofen","SN_L":"09"}},
{"type":"Feature","geometry":{"type":"Polygon","coordinates":[[[12.5661,48.4037],[12.5432,48.3997],[12.5272,48.4206],[12.4838,48.4297],[12.4708,48.4154],[12.4718,48.3932],[12.4796,48.3835],[12.471,48.3752],[12.4479,48.3756],[12.4453,48.3621],[12.4656,48.351],[12.4715,48.3353],[12.4806,48.3285],[12.5109,48.3446],[12.5153,48.3503],[12.5362,48.3502],[12.553,48.359],[12.5698,48.3615],[12.5629,48.3709],[12.5794,48.3758],[12.5661,48.4037]]]},"properties":{"AGS":"09183129","GEN":"Neumarkt-Sankt Veit","SN_L":"09"}},
{"type":"Feature","geometry":{"type":"Polygon","coordinates":[[[12.4715,48.3353],[12.4378,48.3294],[12.42,48.3177],[12.4255,48.3071],[12.4191,48.2962],[12.4248,48.292],[12.4462,48.2937],[12.457,48.2902],[12.4649,48.2935],[12.4655,48.3086],[12.4767,48.3148],[12.4806,48.3285],[12.4715,48.3353]]]},"properties":{"AGS":"09183125","GEN":"Lohkirchen","SN_L":"09"}},
{"type":"Feature","geometry":{"type":"Polygon","coordinates":[[[12.374,48.3468],[12.3625,48.3452],[12.3561,48.3301],[12.337,48.3343],[12.3277,48.3251],[12.3381,48.3153],[12.3651,48.3081],[12.3691,48.2946],[12.3792,48.2835],[12.4036,48.2769],[12.4051,48.2866],[12.4191,48.2962],[12.4255,48.3071],[12.42,48.3177],[12.3896,48.3335],[12.3744,48.3443],[12.374,48.3468]]]},"properties":{"AGS":"09183132","GEN":"Oberbergkirchen","SN_L":"09"}},
{"type":"Feature","geometry":{"type":"Polygon","coordinates":[[[12.4453,48.3621],[12.425,48.3721],[12.4135,48.361],[12.3855,48.3568],[12.3744,48.3443],[12.3896,48.3335],[12.42,48.3177],[12.4378,48.3294],[12.4715,48.3353],[12.4656,48.351],[12.4453,48.3621]]]},"properties":{"AGS":"09183143","GEN":"Schönberg","SN_L":"09"}},
{"type":"Feature","geometry":{"type":"Polygon","coordinates":[[[12.457,48.2902],[12.4462,48.2937],[12.4248,48.292],[12.4191,48.2962],[12.4051,48.2866],[12.4036,48.2769],[12.4072,48.2659],[12.4419,48.2704],[12.4624,48.2797],[12.457,48.2902]]]},"properties":{"AGS":"09183151","GEN":"Zangberg","SN_L":"09"}},
{"type":"Feature","geometry":{"type":"Polygon","coordinates":[[[12.5555,48.1639],[12.5574,48.18],[12.5363,48.1823],[12.5291,48.19],[12.4911,48.1888],[12.4866,48.1714],[12.4756,48.1644],[12.4785,48.1538],[12.4837,48.1529],[12.4894,48.1557],[12.5292,48.1448],[12.5297,48.152],[12.5555,48.1639]]]},"properties":{"AGS":"09183134","GEN":"Oberneukirchen","SN_L":"09"}},
{"type":"Feature","geometry":{"type":"Polygon","coordinates":[[[12.5647,48.2424],[12.5482,48.2345],[12.5342,48.2222],[12.5167,48.2245],[12.5014,48.2338],[12.4828,48.2394],[12.4724,48.2269],[12.4893,48.2156],[12.4842,48.2095],[12.4981,48.1939],[12.4911,48.1888],[12.5291,48.19],[12.5363,48.1823],[12.5574,48.18],[12.5555,48.1639],[12.5662,48.1589],[12.5791,48.1684],[12.586,48.1803],[12.5782,48.2034],[12.5835,48.2262],[12.5955,48.2277],[12.5854,48.2389],[12.5647,48.2424]]]},"properties":{"AGS":"09183136","GEN":"Polling","SN_L":"09"}},
{"type":"Feature","geometry":{"type":"Polygon","coordinates":[[[12.5997,48.2828],[12.5897,48.2926],[12.5699,48.2993],[12.5413,48.2805],[12.5495,48.2658],[12.5647,48.2565],[12.5743,48.267],[12.6003,48.2692],[12.5997,48.2828]]]},"properties":{"AGS":"09183116","GEN":"Erharting","SN_L":"09"}},
{"type":"Feature","geometry":{"type":"Polygon","coordinates":[[[12.5631,48.308],[12.55,48.3077],[12.5434,48.3195],[12.5109,48.3446],[12.4806,48.3285],[12.4767,48.3148],[12.4802,48.3073],[12.4998,48.3018],[12.5115,48.2925],[12.5116,48.2811],[12.5413,48.2805],[12.5699,48.2993],[12.5631,48.308]]]},"properties":{"AGS":"09183130","GEN":"Niederbergkirchen","SN_L":"09"}},
{"type":"Feature","geometry":{"type":"Polygon","coordinates":[[[12.6095,48.3595],[12.5931,48.3736],[12.5915,48.3868],[12.579,48.387],[12.5794,48.3758],[12.5629,48.3709],[12.5698,48.3615],[12.553,48.359],[12.5362,48.3502],[12.5153,48.3503],[12.5109,48.3446],[12.5434,48.3195],[12.55,48.3077],[12.5631,48.308],[12.5756,48.317],[12.5656,48.3343],[12.5702,48.3403],[12.5967,48.339],[12.5975,48.3524],[12.6073,48.3536],[12.6095,48.3595]]]},"properties":{"AGS":"09183131","GEN":"Niedertaufkirchen","SN_L":"09"}},
{"type":"Feature","geometry":{"type":"Polygon","coordinates":[[[12.1542,48.1541],[12.138,48.1621],[12.1228,48.1573],[12.1117,48.1732],[12.1027,48.1741],[12.0993,48.1692],[12.0579,48.1642],[12.0432,48.1543],[12.0432,48.1417],[12.0498,48.1294],[12.0658,48.1226],[12.0857,48.1223],[12.1211,48.1249],[12.1271,48.1312],[12.1325,48.1407],[12.1443,48.1414],[12.1542,48.1541]]]},"properties":{"AGS":"09183126","GEN":"Maitenbeth","SN_L":"09"}},
{"type":"Feature","geometry":{"type":"Polygon","coordinates":[[[12.2097,48.1314],[12.1894,48.131],[12.1769,48.1445],[12.1542,48.1541],[12.1443,48.1414],[12.1325,48.1407],[12.1271,48.1312],[12.1445,48.1123],[12.1343,48.0978],[12.1456,48.0851],[12.1642,48.0835],[12.1805,48.0957],[12.178,48.1015],[12.2097,48.1314]]]},"properties":{"AGS":"09183139","GEN":"Rechtmehring","SN_L":"09"}},
{"type":"Feature","geometry":{"type":"Polygon","coordinates":[[[12.4416,48.2317],[12.4287,48.2397],[12.4104,48.2263],[12.421,48.2098],[12.4568,48.2149],[12.4526,48.2282],[12.4416,48.2317]]]},"properties":{"AGS":"09183451","GEN":"Mühldorfer Hart","SN_L":"09"}},
{"type":"Feature","geometry":{"type":"Polygon","coordinates":[[[11.7354,48.1563],[11.743,48.1618],[11.7293,48.1967],[11.741,48.2138],[11.7556,48.222],[11.7494,48.24],[11.7407,48.2301],[11.7182,48.2217],[11.7181,48.2167],[11.6901,48.2053],[11.6967,48.1911],[11.691,48.1828],[11.696,48.1745],[11.6748,48.1568],[11.6781,48.1449],[11.7087,48.1487],[11.7248,48.1575],[11.7354,48.1563]]]},"properties":{"AGS":"09184112","GEN":"Aschheim","SN_L":"09"}},
{"type":"Feature","geometry":{"type":"Polygon","coordinates":[[[11.5089,48.0361],[11.4991,48.0373],[11.495,48.0316],[11.4712,48.0295],[11.4687,48.0114],[11.4608,48.0096],[11.4695,48.0016],[11.4716,47.986],[11.4779,47.9979],[11.4815,48.0105],[11.5069,48.0271],[11.5089,48.0361]]]},"properties":{"AGS":"09184113","GEN":"Baierbrunn","SN_L":"09"}},
{"type":"Feature","geometry":{"type":"Polygon","coordinates":[[[11.6939,48.0305],[11.6757,48.0447],[11.6559,48.0395],[11.6569,48.0229],[11.6667,48.0087],[11.6268,48.0064],[11.6244,48.0049],[11.6305,48.0005],[11.6678,47.9944],[11.6695,47.9831],[11.6866,47.9783],[11.6842,47.9706],[11.7005,47.9389],[11.7071,47.9368],[11.7261,47.9399],[11.7217,47.9519],[11.7437,47.9556],[11.7383,47.9691],[11.7241,47.9817],[11.7246,47.998],[11.7094,47.9975],[11.6942,48.0181],[11.6939,48.0305]]]},"properties":{"AGS":"09184114","GEN":"Brunnthal","SN_L":"09"}},
{"type":"Feature","geometry":{"type":"Polygon","coordinates":[[[11.7354,48.1563],[11.7248,48.1575],[11.7087,48.1487],[11.7231,48.1368],[11.7478,48.1376],[11.7583,48.1487],[11.7354,48.1563]]]},"properties":{"AGS":"09184118","GEN":"Feldkirchen","SN_L":"09"}},
{"type":"Feature","geometry":{"type":"Polygon","coordinates":[[[11.6849,48.27],[11.6435,48.2731],[11.615,48.27],[11.5989,48.2614],[11.6041,48.2448],[11.6001,48.2302],[11.602,48.2168],[11.6151,48.2292],[11.6379,48.2262],[11.6504,48.2173],[11.6702,48.2344],[11.6832,48.2512],[11.6792,48.2605],[11.6849,48.27]]]},"properties":{"AGS":"09184119","GEN":"Garching b.München","SN_L":"09"}},
{"type":"Feature","geometry":{"type":"Polygon","coordinates":[[[11.4633,48.1154],[11.4645,48.1292],[11.43,48.1376],[11.4125,48.1271],[11.4004,48.1165],[11.4136,48.1155],[11.4418,48.1068],[11.4505,48.1158],[11.4633,48.1154]]]},"properties":{"AGS":"09184120","GEN":"Gräfelfing","SN_L":"09"}},
{"type":"Feature","geometry":{"type":"Polygon","coordinates":[[[11.7828,48.088],[11.7711,48.0935],[11.7593,48.1083],[11.7231,48.0999],[11.719,48.0878],[11.728,48.0819],[11.731,48.0682],[11.7486,48.0609],[11.754,48.0387],[11.7746,48.0409],[11.7842,48.0345],[11.7879,48.0572],[11.8068,48.056],[11.8027,48.0654],[11.7846,48.0696],[11.7828,48.088]]]},"properties":{"AGS":"09184121","GEN":"Grasbrunn","SN_L":"09"}},
{"type":"Feature","geometry":{"type":"Polygon","coordinates":[[[11.543,48.0684],[11.5401,48.0595],[11.5266,48.0565],[11.5089,48.0361],[11.5236,48.0281],[11.5396,48.0382],[11.5516,48.0628],[11.5584,48.0634],[11.5441,48.0683],[11.543,48.0684]]]},"properties":{"AGS":"09184122","GEN":"Grünwald","SN_L":"09"}},
{"type":"Feature","geometry":{"type":"Polygon","coordinates":[[[11.7593,48.1083],[11.7565,48.1268],[11.7478,48.1376],[11.7231,48.1368],[11.712,48.13],[11.7131,48.105],[11.7231,48.0999],[11.7593,48.1083]]]},"properties":{"AGS":"09184123","GEN":"Haar","SN_L":"09"}},
{"type":"Feature","geometry":{"type":"Polygon","coordinates":[[[11.7842,48.0345],[11.7746,48.0409],[11.754,48.0387],[11.7143,48.0377],[11.6939,48.0305],[11.6942,48.0181],[11.7094,47.9975],[11.7246,47.998],[11.768,48.0034],[11.7668,48.0225],[11.7887,48.0204],[11.7842,48.0345]]]},"properties":{"AGS":"09184127","GEN":"Höhenkirchen-Siegertsbrunn","SN_L":"09"}},
{"type":"Feature","geometry":{"type":"Polygon","coordinates":[[[11.754,48.0387],[11.7486,48.0609],[11.731,48.0682],[11.72,48.0654],[11.6938,48.0662],[11.6717,48.0606],[11.6712,48.0523],[11.6757,48.0447],[11.6939,48.0305],[11.7143,48.0377],[11.754,48.0387]]]},"properties":{"AGS":"09184129","GEN":"Hohenbrunn","SN_L":"09"}},
{"type":"Feature","geometry":{"type":"Polygon","coordinates":[[[11.7382,48.2763],[11.7022,48.2763],[11.6881,48.2725],[11.6849,48.27],[11.6792,48.2605],[11.6832,48.2512],[11.6702,48.2344],[11.6504,48.2173],[11.6452,48.2083],[11.6602,48.2017],[11.6757,48.2067],[11.6901,48.2053],[11.7181,48.2167],[11.7182,48.2217],[11.7407,48.2301],[11.7494,48.24],[11.7593,48.255],[11.7483,48.2645],[11.7382,48.2763]]]},"properties":{"AGS":"09184130","GEN":"Ismaning","SN_L":"09"}},
{"type":"Feature","geometry":{"type":"Polygon","coordinates":[[[11.7704,48.1743],[11.7601,48.1824],[11.758,48.1977],[11.7633,48.2089],[11.7562,48.2211],[11.7556,48.222],[11.741,48.2138],[11.7293,48.1967],[11.743,48.1618],[11.7354,48.1563],[11.7583,48.1487],[11.7715,48.1547],[11.7758,48.1619],[11.7704,48.1743]]]},"properties":{"AGS":"09184131","GEN":"Kirchheim b.München","SN_L":"09"}},
{"type":"Feature","geometry":{"type":"Polygon","coordinates":[[[11.471,48.0831],[11.4718,48.1052],[11.463,48.1052],[11.4603,48.0952],[11.4336,48.0891],[11.4201,48.0785],[11.4114,48.0814],[11.4189,48.0534],[11.4444,48.0798],[11.4569,48.0853],[11.471,48.0831]]]},"properties":{"AGS":"09184132","GEN":"Neuried","SN_L":"09"}},
{"type":"Feature","geometry":{"type":"Polygon","coordinates":[[[11.5848,48.0436],[11.5713,48.0428],[11.5638,48.0207],[11.5664,48.0101],[11.5588,48.0005],[11.5482,47.9999],[11.54,47.9923],[11.5458,47.98],[11.5416,47.972],[11.5685,47.9614],[11.5832,47.9778],[11.5981,47.976],[11.6081,47.9824],[11.617,48.006],[11.6244,48.0049],[11.6268,48.0064],[11.6111,48.0151],[11.6058,48.0252],[11.6086,48.0379],[11.5848,48.0436]]]},"properties":{"AGS":"09184134","GEN":"Oberhaching","SN_L":"09"}},
{"type":"Feature","geometry":{"type":"Polygon","coordinates":[[[11.602,48.2168],[11.6001,48.2302],[11.6041,48.2448],[11.5989,48.2614],[11.615,48.27],[11.5945,48.2748],[11.5953,48.2594],[11.5831,48.2551],[11.5521,48.2761],[11.5477,48.2613],[11.5151,48.2684],[11.4998,48.2624],[11.5006,48.253],[11.4998,48.2481],[11.5262,48.2411],[11.5307,48.2321],[11.5471,48.2282],[11.5813,48.2298],[11.5853,48.2137],[11.602,48.2168]]]},"properties":{"AGS":"09184135","GEN":"Oberschleißheim","SN_L":"09"}},
{"type":"Feature","geometry":{"type":"Polygon","coordinates":[[[11.6912,48.0736],[11.6673,48.0687],[11.6465,48.0755],[11.6463,48.0541],[11.6712,48.0523],[11.6717,48.0606],[11.6938,48.0662],[11.6912,48.0736]]]},"properties":{"AGS":"09184136","GEN":"Ottobrunn","SN_L":"09"}},
{"type":"Feature","geometry":{"type":"Polygon","coordinates":[[[11.84,47.9643],[11.8277,47.9622],[11.8194,47.9733],[11.8015,47.9793],[11.7845,47.9905],[11.7621,47.9919],[11.768,48.0034],[11.7246,47.998],[11.7241,47.9817],[11.7383,47.9691],[11.7437,47.9556],[11.7217,47.9519],[11.7261,47.9399],[11.7071,47.9368],[11.7167,47.917],[11.7337,47.9188],[11.7575,47.9225],[11.7577,47.9384],[11.777,47.9426],[11.7877,47.9294],[11.8065,47.9257],[11.8272,47.9251],[11.8298,47.9388],[11.848,47.9483],[11.8521,47.9544],[11.84,47.9643]]]},"properties":{"AGS":"09184137","GEN":"Aying","SN_L":"09"}},
{"type":"Feature","geometry":{"type":"Polygon","coordinates":[[[11.4004,48.1165],[11.3852,48.112],[11.4213,48.1014],[11.4155,48.0865],[11.4114,48.0814],[11.4201,48.0785],[11.4336,48.0891],[11.4603,48.0952],[11.463,48.1052],[11.4633,48.1154],[11.4505,48.1158],[11.4418,48.1068],[11.4136,48.1155],[11.4004,48.1165]]]},"properties":{"AGS":"09184138","GEN":"Planegg","SN_L":"09"}},
{"type":"Feature","geometry":{"type":"Polygon","coordinates":[[[11.5089,48.0361],[11.5266,48.0565],[11.5401,48.0595],[11.543,48.0684],[11.5276,48.0685],[11.5087,48.0616],[11.4882,48.0427],[11.4991,48.0373],[11.5089,48.0361]]]},"properties":{"AGS":"09184139","GEN":"Pullach i.Isartal","SN_L":"09"}},
{"type":"Feature","geometry":{"type":"Polygon","coordinates":[[[11.731,48.0682],[11.728,48.0819],[11.719,48.0878],[11.7231,48.0999],[11.7131,48.105],[11.6825,48.0914],[11.6857,48.0775],[11.6912,48.0736],[11.6938,48.0662],[11.72,48.0654],[11.731,48.0682]]]},"properties":{"AGS":"09184140","GEN":"Putzbrunn","SN_L":"09"}},
{"type":"Feature","geometry":{"type":"Polygon","coordinates":[[[11.7005,47.9389],[11.6842,47.9706],[11.6866,47.9783],[11.6695,47.9831],[11.6678,47.9944],[11.6305,48.0005],[11.6244,48.0049],[11.617,48.006],[11.6081,47.9824],[11.5981,47.976],[11.5832,47.9778],[11.5685,47.9614],[11.5649,47.9581],[11.6054,47.9341],[11.6035,47.924],[11.6235,47.9203],[11.6552,47.9279],[11.6593,47.9227],[11.6848,47.9378],[11.7005,47.9389]]]},"properties":{"AGS":"09184141","GEN":"Sauerlach","SN_L":"09"}},
{"type":"Feature","geometry":{"type":"Polygon","coordinates":[[[11.4341,48.0126],[11.4207,48.0013],[11.4097,47.999],[11.4063,47.9894],[11.4286,47.9785],[11.4528,47.973],[11.4532,47.9565],[11.4663,47.9614],[11.4747,47.9715],[11.4716,47.986],[11.4695,48.0016],[11.4608,48.0096],[11.4341,48.0126]]]},"properties":{"AGS":"09184142","GEN":"Schäftlarn","SN_L":"09"}},
{"type":"Feature","geometry":{"type":"Polygon","coordinates":[[[11.5482,47.9999],[11.5316,48.0056],[11.5279,48.0123],[11.4919,48.0124],[11.499,48.0019],[11.4779,47.9979],[11.4716,47.986],[11.4747,47.9715],[11.4955,47.9732],[11.5178,47.9624],[11.5099,47.9522],[11.5358,47.9497],[11.5649,47.9581],[11.5685,47.9614],[11.5416,47.972],[11.5458,47.98],[11.54,47.9923],[11.5482,47.9999]]]},"properties":{"AGS":"09184144","GEN":"Straßlach-Dingharting","SN_L":"09"}},
{"type":"Feature","geometry":{"type":"Polygon","coordinates":[[[11.6463,48.0541],[11.5914,48.0546],[11.5848,48.0436],[11.6086,48.0379],[11.6058,48.0252],[11.6111,48.0151],[11.6268,48.0064],[11.6667,48.0087],[11.6569,48.0229],[11.6559,48.0395],[11.6757,48.0447],[11.6712,48.0523],[11.6463,48.0541]]]},"properties":{"AGS":"09184145","GEN":"Taufkirchen","SN_L":"09"}},
{"type":"Feature","geometry":{"type":"Polygon","coordinates":[[[11.6857,48.0775],[11.6636,48.0783],[11.633,48.086],[11.6066,48.0867],[11.6095,48.0754],[11.6465,48.0755],[11.6673,48.0687],[11.6912,48.0736],[11.6857,48.0775]]]},"properties":{"AGS":"09184146","GEN":"Neubiberg","SN_L":"09"}},
{"type":"Feature","geometry":{"type":"Polygon","coordinates":[[[11.6901,48.2053],[11.6757,48.2067],[11.6602,48.2017],[11.6452,48.2083],[11.6283,48.1839],[11.6415,48.174],[11.6869,48.18],[11.691,48.1828],[11.6967,48.1911],[11.6901,48.2053]]]},"properties":{"AGS":"09184147","GEN":"Unterföhring","SN_L":"09"}},
{"type":"Feature","geometry":{"type":"Polygon","coordinates":[[[11.6066,48.0867],[11.5913,48.0843],[11.5956,48.0711],[11.5914,48.0546],[11.6463,48.0541],[11.6465,48.0755],[11.6095,48.0754],[11.6066,48.0867]]]},"properties":{"AGS":"09184148","GEN":"Unterhaching","SN_L":"09"}},
{"type":"Feature","geometry":{"type":"Polygon","coordinates":[[[11.5945,48.2748],[11.5917,48.2874],[11.5787,48.2995],[11.5572,48.2938],[11.5185,48.279],[11.5151,48.2684],[11.5477,48.2613],[11.5521,48.2761],[11.5831,48.2551],[11.5953,48.2594],[11.5945,48.2748]]]},"properties":{"AGS":"09184149","GEN":"Unterschleißheim","SN_L":"09"}},
{"type":"Feature","geometry":{"type":"Polygon","coordinates":[[[11.471,48.0831],[11.4569,48.0853],[11.4444,48.0798],[11.4189,48.0534],[11.4201,48.0418],[11.4034,48.0322],[11.429,48.0289],[11.4341,48.0126],[11.4608,48.0096],[11.4687,48.0114],[11.4712,48.0295],[11.495,48.0316],[11.4991,48.0373],[11.4882,48.0427],[11.5087,48.0616],[11.5038,48.0692],[11.471,48.0831]]]},"properties":{"AGS":"09184452","GEN":"Forstenrieder Park","SN_L":"09"}},
{"type":"Feature","geometry":{"type":"Polygon","coordinates":[[[11.5584,48.0634],[11.5516,48.0628],[11.5396,48.0382],[11.5236,48.0281],[11.5089,48.0361],[11.5069,48.0271],[11.4815,48.0105],[11.4779,47.9979],[11.499,48.0019],[11.4919,48.0124],[11.5279,48.0123],[11.5316,48.0056],[11.5482,47.9999],[11.5588,48.0005],[11.5664,48.0101],[11.5638,48.0207],[11.5713,48.0428],[11.5721,48.0547],[11.5584,48.0634]]]},"properties":{"AGS":"09184454","GEN":"Grünwalder Forst","SN_L":"09"}},
{"type":"Feature","geometry":{"type":"Polygon","coordinates":[[[11.5914,48.0546],[11.5956,48.0711],[11.5913,48.0843],[11.586,48.0937],[11.5554,48.0848],[11.5441,48.0683],[11.5584,48.0634],[11.5721,48.0547],[11.5713,48.0428],[11.5848,48.0436],[11.5914,48.0546]]]},"properties":{"AGS":"09184457","GEN":"Perlacher Forst","SN_L":"09"}},
{"type":"Feature","geometry":{"type":"Polygon","coordinates":[[[11.3139,48.5486],[11.2951,48.5483],[11.2686,48.5374],[11.2516,48.54],[11.2463,48.5339],[11.2449,48.5153],[11.2851,48.5009],[11.294,48.5001],[11.3032,48.4837],[11.3143,48.4839],[11.3241,48.5178],[11.3414,48.5355],[11.3356,48.5471],[11.3139,48.5486]]]},"properties":{"AGS":"09185113","GEN":"Aresing","SN_L":"09"}},
{"type":"Feature","geometry":{"type":"Polygon","coordinates":[[[11.103,48.6743],[11.0916,48.6825],[11.0915,48.6929],[11.0704,48.7053],[11.0744,48.7109],[11.0586,48.7203],[11.0595,48.7335],[11.0444,48.7267],[11.0276,48.7281],[11.0018,48.7221],[10.9798,48.7244],[10.9812,48.719],[10.988,48.7021],[10.984,48.6931],[10.9938,48.6859],[11.0024,48.6659],[11.0218,48.6517],[11.0393,48.6457],[11.041,48.6649],[11.0802,48.6667],[11.102,48.6602],[11.103,48.6743]]]},"properties":{"AGS":"09185125","GEN":"Burgheim","SN_L":"09"}},
{"type":"Feature","geometry":{"type":"Polygon","coordinates":[[[11.1736,48.6603],[11.154,48.6713],[11.103,48.6743],[11.102,48.6602],[11.0802,48.6667],[11.041,48.6649],[11.0393,48.6457],[11.0345,48.6414],[11.0301,48.6266],[11.023,48.6202],[11.0507,48.6012],[11.0709,48.6038],[11.09,48.6018],[11.12,48.6075],[11.1216,48.5945],[11.1253,48.6049],[11.1444,48.6215],[11.169,48.6381],[11.1657,48.6499],[11.1736,48.6603]]]},"properties":{"AGS":"09185127","GEN":"Ehekirchen","SN_L":"09"}},
{"type":"Feature","geometry":{"type":"Polygon","coordinates":[[[11.3384,48.6811],[11.321,48.6838],[11.3209,48.6981],[11.2806,48.7043],[11.2469,48.6882],[11.2538,48.6811],[11.2451,48.668],[11.2541,48.6539],[11.2581,48.649],[11.2834,48.6605],[11.3056,48.6515],[11.3196,48.6611],[11.3448,48.6699],[11.3384,48.6811]]]},"properties":{"AGS":"09185139","GEN":"Karlshuld","SN_L":"09"}},
{"type":"Feature","geometry":{"type":"Polygon","coordinates":[[[11.4558,48.6984],[11.4331,48.6994],[11.4027,48.6947],[11.3928,48.6843],[11.3747,48.6899],[11.3384,48.6811],[11.3448,48.6699],[11.3617,48.6502],[11.3839,48.634],[11.4037,48.6428],[11.4273,48.643],[11.4395,48.6488],[11.4482,48.6663],[11.4452,48.684],[11.4558,48.6984]]]},"properties":{"AGS":"09185140","GEN":"Karlskron","SN_L":"09"}},
{"type":"Feature","geometry":{"type":"Polygon","coordinates":[[[11.1531,48.7971],[11.1363,48.8029],[11.1364,48.7961],[11.1181,48.777],[11.1056,48.7751],[11.1159,48.7613],[11.1273,48.7552],[11.1195,48.7404],[11.1496,48.7325],[11.1523,48.7279],[11.1417,48.7116],[11.1318,48.7044],[11.1756,48.7106],[11.173,48.7028],[11.2094,48.6911],[11.2257,48.7058],[11.2365,48.7018],[11.2469,48.6882],[11.2806,48.7043],[11.3045,48.7259],[11.2861,48.7383],[11.2737,48.7325],[11.2472,48.7463],[11.2211,48.7548],[11.1971,48.7563],[11.1604,48.7862],[11.167,48.792],[11.1531,48.7971]]]},"properties":{"AGS":"09185149","GEN":"Neuburg a.d.Donau","SN_L":"09"}},
{"type":"Feature","geometry":{"type":"Polygon","coordinates":[[[11.1318,48.7044],[11.1417,48.7116],[11.1523,48.7279],[11.1496,48.7325],[11.1195,48.7404],[11.0938,48.729],[11.0595,48.7335],[11.0586,48.7203],[11.0744,48.7109],[11.0704,48.7053],[11.0915,48.6929],[11.0916,48.6825],[11.103,48.6743],[11.154,48.6713],[11.1736,48.6603],[11.1809,48.6648],[11.164,48.6739],[11.1519,48.6718],[11.1302,48.6785],[11.1318,48.7044]]]},"properties":{"AGS":"09185150","GEN":"Oberhausen","SN_L":"09"}},
{"type":"Feature","geometry":{"type":"Polygon","coordinates":[[[11.0349,48.8229],[11.0059,48.8219],[10.9784,48.8091],[10.9522,48.8075],[10.9602,48.796],[10.978,48.7983],[10.9857,48.7884],[10.9704,48.7712],[10.9951,48.7651],[10.9965,48.7514],[10.9857,48.7462],[10.9997,48.7344],[11.0018,48.7221],[11.0276,48.7281],[11.0444,48.7267],[11.0595,48.7335],[11.0938,48.729],[11.1195,48.7404],[11.1273,48.7552],[11.1159,48.7613],[11.1056,48.7751],[11.1181,48.777],[11.1364,48.7961],[11.1363,48.8029],[11.1276,48.8102],[11.115,48.8063],[11.0731,48.8073],[11.0673,48.7934],[11.0557,48.7923],[11.0395,48.7995],[11.0448,48.8193],[11.0349,48.8229]]]},"properties":{"AGS":"09185153","GEN":"Rennertshofen","SN_L":"09"}},
{"type":"Feature","geometry":{"type":"Polygon","coordinates":[[[11.2796,48.6239],[11.2664,48.6284],[11.2506,48.6214],[11.2503,48.6102],[11.2617,48.594],[11.2368,48.5828],[11.1919,48.5865],[11.1674,48.6058],[11.1459,48.5921],[11.1549,48.5939],[11.1656,48.5794],[11.1553,48.5618],[11.129,48.5613],[11.134,48.5495],[11.1519,48.548],[11.2031,48.5304],[11.2161,48.5423],[11.2376,48.5447],[11.2516,48.54],[11.2686,48.5374],[11.2951,48.5483],[11.3139,48.5486],[11.3061,48.5599],[11.3166,48.5654],[11.2995,48.5785],[11.3037,48.6],[11.3154,48.6093],[11.2871,48.6182],[11.2796,48.6239]]]},"properties":{"AGS":"09185158","GEN":"Schrobenhausen","SN_L":"09"}},
{"type":"Feature","geometry":{"type":"Polygon","coordinates":[[[11.2469,48.6882],[11.2365,48.7018],[11.2257,48.7058],[11.2094,48.6911],[11.1835,48.6736],[11.1809,48.6648],[11.1736,48.6603],[11.1657,48.6499],[11.169,48.6381],[11.1444,48.6215],[11.1253,48.6049],[11.1216,48.5945],[11.1459,48.5921],[11.1674,48.6058],[11.1611,48.6111],[11.1772,48.6232],[11.2024,48.6327],[11.2129,48.6474],[11.2384,48.6563],[11.2541,48.6539],[11.2451,48.668],[11.2538,48.6811],[11.2469,48.6882]]]},"properties":{"AGS":"09185163","GEN":"Königsmoos","SN_L":"09"}},
{"type":"Feature","geometry":{"type":"Polygon","coordinates":[[[11.3747,48.6899],[11.3683,48.7063],[11.3574,48.7114],[11.3466,48.7303],[11.3273,48.7215],[11.3151,48.7299],[11.3057,48.7449],[11.2861,48.7383],[11.3045,48.7259],[11.2806,48.7043],[11.3209,48.6981],[11.321,48.6838],[11.3384,48.6811],[11.3747,48.6899]]]},"properties":{"AGS":"09185168","GEN":"Weichering","SN_L":"09"}},
{"type":"Feature","geometry":{"type":"Polygon","coordinates":[[[11.2559,48.7794],[11.2342,48.7731],[11.2049,48.781],[11.1808,48.7974],[11.167,48.792],[11.1604,48.7862],[11.1971,48.7563],[11.2211,48.7548],[11.2472,48.7463],[11.2737,48.7325],[11.2861,48.7383],[11.3057,48.7449],[11.2698,48.7648],[11.2559,48.7794]]]},"properties":{"AGS":"09185118","GEN":"Bergheim","SN_L":"09"}},
{"type":"Feature","geometry":{"type":"Polygon","coordinates":[[[11.2094,48.6911],[11.173,48.7028],[11.1756,48.7106],[11.1318,48.7044],[11.1302,48.6785],[11.1519,48.6718],[11.164,48.6739],[11.1809,48.6648],[11.1835,48.6736],[11.2094,48.6911]]]},"properties":{"AGS":"09185157","GEN":"Rohrenfels","SN_L":"09"}},
{"type":"Feature","geometry":{"type":"Polygon","coordinates":[[[11.3056,48.6515],[11.2834,48.6605],[11.2581,48.649],[11.2541,48.6539],[11.2384,48.6563],[11.2129,48.6474],[11.2024,48.6327],[11.2094,48.6203],[11.2243,48.6135],[11.2465,48.6163],[11.2503,48.6102],[11.2506,48.6214],[11.2664,48.6284],[11.2796,48.6239],[11.2888,48.6311],[11.2857,48.6412],[11.3056,48.6515]]]},"properties":{"AGS":"09185116","GEN":"Berg im Gau","SN_L":"09"}},
{"type":"Feature","geometry":{"type":"Polygon","coordinates":[[[11.3839,48.634],[11.3617,48.6502],[11.3448,48.6699],[11.3196,48.6611],[11.3056,48.6515],[11.2857,48.6412],[11.2888,48.6311],[11.2796,48.6239],[11.2871,48.6182],[11.3154,48.6093],[11.3394,48.6112],[11.3453,48.6065],[11.3612,48.615],[11.3839,48.634]]]},"properties":{"AGS":"09185123","GEN":"Brunnen","SN_L":"09"}},
{"type":"Feature","geometry":{"type":"Polygon","coordinates":[[[11.2516,48.54],[11.2376,48.5447],[11.2161,48.5423],[11.2031,48.5304],[11.2109,48.5136],[11.2101,48.5003],[11.2204,48.491],[11.2486,48.4859],[11.248,48.4773],[11.2586,48.4734],[11.2954,48.4746],[11.3032,48.4837],[11.294,48.5001],[11.2851,48.5009],[11.2449,48.5153],[11.2463,48.5339],[11.2516,48.54]]]},"properties":{"AGS":"09185131","GEN":"Gachenbach","SN_L":"09"}},
{"type":"Feature","geometry":{"type":"Polygon","coordinates":[[[11.2503,48.6102],[11.2465,48.6163],[11.2243,48.6135],[11.2094,48.6203],[11.2024,48.6327],[11.1772,48.6232],[11.1611,48.6111],[11.1674,48.6058],[11.1919,48.5865],[11.2368,48.5828],[11.2617,48.594],[11.2503,48.6102]]]},"properties":{"AGS":"09185143","GEN":"Langenmosen","SN_L":"09"}},
{"type":"Feature","geometry":{"type":"Polygon","coordinates":[[[11.3453,48.6065],[11.3394,48.6112],[11.3154,48.6093],[11.3037,48.6],[11.2995,48.5785],[11.3166,48.5654],[11.3061,48.5599],[11.3139,48.5486],[11.3356,48.5471],[11.3414,48.5355],[11.3649,48.542],[11.3501,48.5527],[11.3359,48.5706],[11.3437,48.577],[11.3647,48.5722],[11.3757,48.5909],[11.3484,48.5998],[11.3453,48.6065]]]},"properties":{"AGS":"09185166","GEN":"Waidhofen","SN_L":"09"}},
{"type":"Feature","geometry":{"type":"Polygon","coordinates":[[[11.5104,48.683],[11.499,48.6918],[11.4558,48.6984],[11.4452,48.684],[11.4482,48.6663],[11.4865,48.6605],[11.5104,48.683]]]},"properties":{"AGS":"09186113","GEN":"Baar-Ebenhausen","SN_L":"09"}},
{"type":"Feature","geometry":{"type":"Polygon","coordinates":[[[11.3834,48.5354],[11.3649,48.542],[11.3414,48.5355],[11.3241,48.5178],[11.3143,48.4839],[11.3032,48.4837],[11.2954,48.4746],[11.3013,48.4527],[11.3117,48.4523],[11.3243,48.4481],[11.3451,48.455],[11.3615,48.4447],[11.3835,48.4663],[11.397,48.4547],[11.4188,48.4634],[11.4068,48.4709],[11.4075,48.4847],[11.3981,48.493],[11.4012,48.5033],[11.3877,48.5083],[11.3903,48.5272],[11.3834,48.5354]]]},"properties":{"AGS":"09186125","GEN":"Gerolsbach","SN_L":"09"}},
{"type":"Feature","geometry":{"type":"Polygon","coordinates":[[[11.4273,48.643],[11.4037,48.6428],[11.3839,48.634],[11.3612,48.615],[11.3453,48.6065],[11.3484,48.5998],[11.3757,48.5909],[11.3647,48.5722],[11.3437,48.577],[11.3359,48.5706],[11.3501,48.5527],[11.3649,48.542],[11.3834,48.5354],[11.3979,48.5395],[11.3853,48.556],[11.389,48.5638],[11.4093,48.5681],[11.4136,48.5757],[11.4586,48.5872],[11.4459,48.606],[11.4305,48.6052],[11.4256,48.6134],[11.4432,48.6205],[11.4517,48.6293],[11.4273,48.643]]]},"properties":{"AGS":"09186128","GEN":"Hohenwart","SN_L":"09"}},
{"type":"Feature","geometry":{"type":"Polygon","coordinates":[[[11.4188,48.4634],[11.397,48.4547],[11.3835,48.4663],[11.3615,48.4447],[11.3856,48.4378],[11.3809,48.4241],[11.4009,48.4238],[11.4093,48.4095],[11.421,48.4095],[11.4372,48.4196],[11.4497,48.4325],[11.4384,48.4404],[11.4166,48.4466],[11.4347,48.4611],[11.4188,48.4634]]]},"properties":{"AGS":"09186132","GEN":"Jetzendorf","SN_L":"09"}},
{"type":"Feature","geometry":{"type":"Polygon","coordinates":[[[11.5552,48.7473],[11.5356,48.7477],[11.535,48.737],[11.5106,48.7329],[11.4893,48.745],[11.4868,48.7274],[11.4542,48.7277],[11.4325,48.7116],[11.4331,48.6994],[11.4558,48.6984],[11.499,48.6918],[11.5104,48.683],[11.519,48.6972],[11.5396,48.6968],[11.5541,48.7084],[11.5562,48.7218],[11.5656,48.7306],[11.565,48.7396],[11.5552,48.7473]]]},"properties":{"AGS":"09186137","GEN":"Manching","SN_L":"09"}},
{"type":"Feature","geometry":{"type":"Polygon","coordinates":[[[11.7196,48.7837],[11.6958,48.7896],[11.6701,48.7788],[11.6581,48.7794],[11.6358,48.7585],[11.6555,48.7427],[11.6662,48.7484],[11.7022,48.7523],[11.7121,48.7602],[11.695,48.7808],[11.7196,48.7837]]]},"properties":{"AGS":"09186139","GEN":"Münchsmünster","SN_L":"09"}},
{"type":"Feature","geometry":{"type":"Polygon","coordinates":[[[11.552,48.5852],[11.518,48.5944],[11.494,48.5932],[11.4788,48.5839],[11.4586,48.5872],[11.4136,48.5757],[11.4093,48.5681],[11.389,48.5638],[11.3853,48.556],[11.3979,48.5395],[11.422,48.5301],[11.4318,48.5331],[11.4457,48.5255],[11.4588,48.529],[11.4719,48.5237],[11.4828,48.5091],[11.5127,48.5194],[11.562,48.5162],[11.5646,48.511],[11.5865,48.5341],[11.5683,48.5509],[11.5844,48.5613],[11.5713,48.5714],[11.5492,48.5796],[11.552,48.5852]]]},"properties":{"AGS":"09186143","GEN":"Pfaffenhofen a.d.Ilm","SN_L":"09"}},
{"type":"Feature","geometry":{"type":"Polygon","coordinates":[[[11.5291,48.469],[11.497,48.4733],[11.4942,48.4681],[11.4657,48.4735],[11.4582,48.4649],[11.4347,48.4611],[11.4166,48.4466],[11.4384,48.4404],[11.4497,48.4325],[11.4717,48.4393],[11.4932,48.4405],[11.5086,48.4417],[11.518,48.4524],[11.5353,48.4602],[11.5291,48.469]]]},"properties":{"AGS":"09186146","GEN":"Reichertshausen","SN_L":"09"}},
{"type":"Feature","geometry":{"type":"Polygon","coordinates":[[[11.552,48.5852],[11.5642,48.5964],[11.5815,48.5992],[11.5847,48.6088],[11.5804,48.6401],[11.5858,48.6436],[11.5725,48.6473],[11.5547,48.64],[11.5427,48.6469],[11.5304,48.6241],[11.5044,48.6298],[11.5029,48.6133],[11.4905,48.6062],[11.494,48.5932],[11.518,48.5944],[11.552,48.5852]]]},"properties":{"AGS":"09186149","GEN":"Rohrbach","SN_L":"09"}},
{"type":"Feature","geometry":{"type":"Polygon","coordinates":[[[11.4828,48.5091],[11.4719,48.5237],[11.4588,48.529],[11.4457,48.5255],[11.4318,48.5331],[11.422,48.5301],[11.3979,48.5395],[11.3834,48.5354],[11.3903,48.5272],[11.3877,48.5083],[11.4012,48.5033],[11.3981,48.493],[11.4075,48.4847],[11.4068,48.4709],[11.4188,48.4634],[11.4347,48.4611],[11.4582,48.4649],[11.4657,48.4735],[11.4556,48.4809],[11.4617,48.4903],[11.4847,48.4951],[11.4828,48.5091]]]},"properties":{"AGS":"09186151","GEN":"Scheyern","SN_L":"09"}},
{"type":"Feature","geometry":{"type":"Polygon","coordinates":[[[11.66,48.5517],[11.6273,48.5499],[11.6066,48.5599],[11.5844,48.5613],[11.5683,48.5509],[11.5865,48.5341],[11.5646,48.511],[11.5753,48.4965],[11.5699,48.4899],[11.576,48.4826],[11.5933,48.4785],[11.6033,48.4671],[11.614,48.4632],[11.6354,48.4757],[11.6368,48.4866],[11.6485,48.4977],[11.6624,48.4985],[11.6612,48.513],[11.66,48.5517]]]},"properties":{"AGS":"09186152","GEN":"Schweitenkirchen","SN_L":"09"}},
{"type":"Feature","geometry":{"type":"Polygon","coordinates":[[[11.6317,48.8123],[11.6046,48.8138],[11.5947,48.7988],[11.5719,48.7832],[11.5749,48.7724],[11.5667,48.7618],[11.5554,48.7582],[11.5552,48.7473],[11.565,48.7396],[11.5815,48.7431],[11.5999,48.7299],[11.6176,48.7419],[11.637,48.7467],[11.6412,48.7315],[11.667,48.7201],[11.6672,48.7209],[11.6571,48.7297],[11.6555,48.7427],[11.6358,48.7585],[11.6581,48.7794],[11.6701,48.7788],[11.6538,48.7853],[11.6396,48.7969],[11.6443,48.8121],[11.6317,48.8123]]]},"properties":{"AGS":"09186158","GEN":"Vohburg a.d.Donau","SN_L":"09"}},
{"type":"Feature","geometry":{"type":"Polygon","coordinates":[[[11.6921,48.6303],[11.6702,48.633],[11.6554,48.6389],[11.6486,48.6552],[11.6086,48.6627],[11.5897,48.6531],[11.5858,48.6436],[11.5804,48.6401],[11.5847,48.6088],[11.5815,48.5992],[11.5642,48.5964],[11.552,48.5852],[11.5492,48.5796],[11.5713,48.5714],[11.5844,48.5613],[11.6066,48.5599],[11.6273,48.5499],[11.66,48.5517],[11.6579,48.5626],[11.6762,48.5749],[11.7039,48.5836],[11.7082,48.5947],[11.6967,48.6116],[11.7067,48.6166],[11.6943,48.618],[11.6921,48.6303]]]},"properties":{"AGS":"09186162","GEN":"Wolnzach","SN_L":"09"}},
{"type":"Feature","geometry":{"type":"Polygon","coordinates":[[[11.5999,48.7299],[11.5815,48.7431],[11.565,48.7396],[11.5656,48.7306],[11.5562,48.7218],[11.5541,48.7084],[11.5759,48.7154],[11.5824,48.7274],[11.5999,48.7299]]]},"properties":{"AGS":"09186116","GEN":"Ernsgaden","SN_L":"09"}},
{"type":"Feature","geometry":{"type":"Polygon","coordinates":[[[11.667,48.7201],[11.6412,48.7315],[11.637,48.7467],[11.6176,48.7419],[11.5999,48.7299],[11.5824,48.7274],[11.5759,48.7154],[11.5541,48.7084],[11.5396,48.6968],[11.5451,48.6833],[11.5414,48.6602],[11.5427,48.6469],[11.5547,48.64],[11.5725,48.6473],[11.5858,48.6436],[11.5897,48.6531],[11.6086,48.6627],[11.6486,48.6552],[11.6554,48.6389],[11.6702,48.633],[11.6921,48.6303],[11.7126,48.6482],[11.6901,48.6627],[11.6955,48.6837],[11.6753,48.6885],[11.6535,48.7006],[11.667,48.7201]]]},"properties":{"AGS":"09186122","GEN":"Geisenfeld","SN_L":"09"}},
{"type":"Feature","geometry":{"type":"Polygon","coordinates":[[[11.5646,48.511],[11.562,48.5162],[11.5127,48.5194],[11.4828,48.5091],[11.4847,48.4951],[11.53,48.4901],[11.5487,48.4815],[11.56,48.4908],[11.5699,48.4899],[11.5753,48.4965],[11.5646,48.511]]]},"properties":{"AGS":"09186126","GEN":"Hettenshausen","SN_L":"09"}},
{"type":"Feature","geometry":{"type":"Polygon","coordinates":[[[11.4847,48.4951],[11.4617,48.4903],[11.4556,48.4809],[11.4657,48.4735],[11.4942,48.4681],[11.497,48.4733],[11.5291,48.469],[11.5453,48.4737],[11.5487,48.4815],[11.53,48.4901],[11.4847,48.4951]]]},"properties":{"AGS":"09186130","GEN":"Ilmmünster","SN_L":"09"}},
{"type":"Feature","geometry":{"type":"Polygon","coordinates":[[[11.5044,48.6298],[11.4881,48.6405],[11.4673,48.6424],[11.4517,48.6293],[11.4432,48.6205],[11.4256,48.6134],[11.4305,48.6052],[11.4459,48.606],[11.4586,48.5872],[11.4788,48.5839],[11.494,48.5932],[11.4905,48.6062],[11.5029,48.6133],[11.5044,48.6298]]]},"properties":{"AGS":"09186144","GEN":"Pörnbach","SN_L":"09"}},
{"type":"Feature","geometry":{"type":"Polygon","coordinates":[[[11.5396,48.6968],[11.519,48.6972],[11.5104,48.683],[11.4865,48.6605],[11.4482,48.6663],[11.4395,48.6488],[11.4273,48.643],[11.4517,48.6293],[11.4673,48.6424],[11.4881,48.6405],[11.5044,48.6298],[11.5304,48.6241],[11.5427,48.6469],[11.5414,48.6602],[11.5451,48.6833],[11.5396,48.6968]]]},"properties":{"AGS":"09186147","GEN":"Reichertshofen","SN_L":"09"}},
{"type":"Feature","geometry":{"type":"Polygon","coordinates":[[[12.3574,48.0404],[12.3426,48.0546],[12.3275,48.0574],[12.3214,48.045],[12.3109,48.0462],[12.2991,48.0348],[12.2636,48.0316],[12.261,48.015],[12.2697,48.0087],[12.2847,48.0056],[12.2787,47.9809],[12.2888,47.9677],[12.3048,47.9657],[12.3082,47.9702],[12.333,47.9699],[12.3404,48.0048],[12.333,48.0124],[12.3574,48.0404]]]},"properties":{"AGS":"09187113","GEN":"Amerang","SN_L":"09"}},
{"type":"Feature","geometry":{"type":"Polygon","coordinates":[[[12.3785,47.7814],[12.3404,47.8076],[12.314,47.8008],[12.2969,47.7818],[12.3002,47.775],[12.2891,47.7616],[12.277,47.7631],[12.2492,47.7472],[12.257,47.743],[12.2649,47.7325],[12.2469,47.7108],[12.2412,47.6941],[12.2552,47.6793],[12.2775,47.6879],[12.338,47.6971],[12.3326,47.7015],[12.3331,47.7213],[12.3479,47.7447],[12.3756,47.7541],[12.3812,47.7615],[12.3785,47.7814]]]},"properties":{"AGS":"09187114","GEN":"Aschau i.Chiemgau","SN_L":"09"}},
{"type":"Feature","geometry":{"type":"Polygon","coordinates":[[[12.3876,48.1174],[12.3713,48.1281],[12.3501,48.1261],[12.3428,48.1139],[12.3273,48.1052],[12.3052,48.1097],[12.2872,48.1064],[12.2851,48.1157],[12.2709,48.115],[12.2402,48.1087],[12.2351,48.0922],[12.22,48.0878],[12.2167,48.0673],[12.221,48.0636],[12.2459,48.0692],[12.2514,48.0624],[12.2681,48.0629],[12.2812,48.0556],[12.3039,48.056],[12.3109,48.0462],[12.3214,48.045],[12.3275,48.0574],[12.3246,48.0661],[12.3387,48.0786],[12.3354,48.0901],[12.3501,48.0919],[12.3608,48.1036],[12.3814,48.104],[12.3876,48.1174]]]},"properties":{"AGS":"09187116","GEN":"Babensham","SN_L":"09"}},
{"type":"Feature","geometry":{"type":"Polygon","coordinates":[[[12.0544,47.8705],[12.0417,47.8902],[12.0278,47.904],[12.0332,47.9114],[12.0137,47.9106],[11.9994,47.891],[11.9808,47.8922],[11.9766,47.8711],[11.9648,47.8666],[11.964,47.8461],[11.9462,47.8425],[11.953,47.8284],[11.9686,47.8336],[11.9998,47.8228],[12.0307,47.8193],[12.0276,47.8378],[12.0062,47.8377],[12.0063,47.8546],[12.0329,47.8491],[12.0405,47.8632],[12.0544,47.8705]]]},"properties":{"AGS":"09187117","GEN":"Bad Aibling","SN_L":"09"}},
{"type":"Feature","geometry":{"type":"Polygon","coordinates":[[[12.4277,47.835],[12.3751,47.8347],[12.3636,47.8363],[12.3368,47.8265],[12.3113,47.8244],[12.3404,47.8076],[12.3785,47.7814],[12.3978,47.7945],[12.3891,47.8141],[12.3953,47.82],[12.4135,47.8197],[12.4242,47.8146],[12.4346,47.8154],[12.4355,47.8291],[12.4277,47.835]]]},"properties":{"AGS":"09187118","GEN":"Bernau a.Chiemsee","SN_L":"09"}},
{"type":"Feature","geometry":{"type":"Polygon","coordinates":[[[12.1316,47.7449],[12.1307,47.7582],[12.1308,47.7601],[12.1166,47.7557],[12.0966,47.756],[12.0553,47.7446],[12.0332,47.7358],[12.0223,47.7362],[12.012,47.7035],[12.0254,47.7009],[12.0464,47.6999],[12.0524,47.7124],[12.0708,47.714],[12.0891,47.7102],[12.0941,47.7174],[12.1107,47.7212],[12.1135,47.7312],[12.1316,47.7449]]]},"properties":{"AGS":"09187120","GEN":"Brannenburg","SN_L":"09"}},
{"type":"Feature","geometry":{"type":"Polygon","coordinates":[[[11.9808,47.8922],[11.9697,47.8979],[11.9751,47.9084],[11.9522,47.9247],[11.9585,47.9369],[11.946,47.9435],[11.9281,47.9389],[11.9253,47.9316],[11.9158,47.9194],[11.8902,47.8959],[11.8782,47.8955],[11.8791,47.8832],[11.8935,47.8788],[11.888,47.8638],[11.9017,47.8512],[11.9118,47.8564],[11.9462,47.8425],[11.964,47.8461],[11.9648,47.8666],[11.9766,47.8711],[11.9808,47.8922]]]},"properties":{"AGS":"09187122","GEN":"Bruckmühl","SN_L":"09"}},
{"type":"Feature","geometry":{"type":"Polygon","coordinates":[[[12.1642,48.0835],[12.1456,48.0851],[12.133,48.0881],[12.119,48.0832],[12.1089,48.0885],[12.1122,48.0732],[12.1307,48.0615],[12.146,48.0606],[12.15,48.0471],[12.1407,48.0335],[12.148,48.0244],[12.1687,48.0218],[12.1748,48.0392],[12.1758,48.055],[12.1691,48.0651],[12.1751,48.0768],[12.1642,48.0835]]]},"properties":{"AGS":"09187124","GEN":"Edling","SN_L":"09"}},
{"type":"Feature","geometry":{"type":"Polygon","coordinates":[[[12.42,47.951],[12.4007,47.9428],[12.3908,47.9429],[12.384,47.9544],[12.3512,47.9592],[12.3464,47.9363],[12.355,47.9298],[12.3601,47.9078],[12.3756,47.9021],[12.3968,47.9076],[12.3967,47.9212],[12.4139,47.9196],[12.4231,47.9343],[12.4324,47.9382],[12.42,47.951]]]},"properties":{"AGS":"09187125","GEN":"Eggstätt","SN_L":"09"}},
{"type":"Feature","geometry":{"type":"Polygon","coordinates":[[[12.3109,48.0462],[12.3039,48.056],[12.2812,48.0556],[12.2681,48.0629],[12.2514,48.0624],[12.2274,48.0436],[12.2074,48.0472],[12.1948,48.0417],[12.1919,48.0289],[12.196,48.0173],[12.2145,48.0148],[12.2332,47.9999],[12.2437,47.996],[12.2697,48.0087],[12.261,48.015],[12.2636,48.0316],[12.2991,48.0348],[12.3109,48.0462]]]},"properties":{"AGS":"09187126","GEN":"Eiselfing","SN_L":"09"}},
{"type":"Feature","geometry":{"type":"Polygon","coordinates":[[[12.3601,47.9078],[12.355,47.9298],[12.3464,47.9363],[12.3215,47.9326],[12.3017,47.9232],[12.2909,47.9286],[12.2628,47.9201],[12.2542,47.9256],[12.2519,47.9107],[12.2621,47.9048],[12.2386,47.8811],[12.2333,47.8756],[12.2483,47.8747],[12.267,47.8746],[12.2799,47.866],[12.3042,47.8808],[12.3278,47.889],[12.3449,47.9],[12.3589,47.896],[12.3601,47.9078]]]},"properties":{"AGS":"09187128","GEN":"Bad Endorf","SN_L":"09"}},
{"type":"Feature","geometry":{"type":"Polygon","coordinates":[[[12.0307,47.8193],[11.9998,47.8228],[11.9686,47.8336],[11.953,47.8284],[11.9419,47.8199],[11.9252,47.8166],[11.9208,47.8046],[11.9583,47.7932],[11.946,47.7864],[11.9817,47.7809],[11.9894,47.7768],[11.992,47.7473],[11.9974,47.7415],[12.0223,47.7362],[12.0332,47.7358],[12.0553,47.7446],[12.065,47.7595],[12.0524,47.7653],[12.0332,47.8066],[12.0307,47.8193]]]},"properties":{"AGS":"09187129","GEN":"Bad Feilnbach","SN_L":"09"}},
{"type":"Feature","geometry":{"type":"Polygon","coordinates":[[[11.8819,47.9542],[11.8607,47.9547],[11.848,47.9483],[11.8298,47.9388],[11.8272,47.9251],[11.8065,47.9257],[11.8018,47.9208],[11.8088,47.9057],[11.8309,47.8887],[11.8492,47.8696],[11.8594,47.8634],[11.8694,47.859],[11.888,47.8638],[11.8935,47.8788],[11.8791,47.8832],[11.8782,47.8955],[11.8902,47.8959],[11.9158,47.9194],[11.9253,47.9316],[11.8993,47.9419],[11.8819,47.9542]]]},"properties":{"AGS":"09187130","GEN":"Feldkirchen-Westerham","SN_L":"09"}},
{"type":"Feature","geometry":{"type":"Polygon","coordinates":[[[12.1626,47.7011],[12.1502,47.7146],[12.1316,47.7449],[12.1135,47.7312],[12.1107,47.7212],[12.0941,47.7174],[12.0891,47.7102],[12.0708,47.714],[12.0524,47.7124],[12.0464,47.6999],[12.0497,47.6813],[12.0781,47.6784],[12.1046,47.6853],[12.1312,47.6973],[12.1647,47.69],[12.1626,47.7011]]]},"properties":{"AGS":"09187131","GEN":"Flintsbach a.Inn","SN_L":"09"}},
{"type":"Feature","geometry":{"type":"Polygon","coordinates":[[[12.3113,47.8244],[12.2996,47.8374],[12.2818,47.8355],[12.2746,47.8222],[12.2512,47.8102],[12.2365,47.796],[12.2487,47.7903],[12.2561,47.781],[12.2492,47.7472],[12.277,47.7631],[12.2891,47.7616],[12.3002,47.775],[12.2969,47.7818],[12.314,47.8008],[12.3404,47.8076],[12.3113,47.8244]]]},"properties":{"AGS":"09187132","GEN":"Frasdorf","SN_L":"09"}},
{"type":"Feature","geometry":{"type":"Polygon","coordinates":[[[12.2437,47.996],[12.2332,47.9999],[12.2145,48.0148],[12.196,48.0173],[12.1919,48.0289],[12.1753,48.0218],[12.1725,48.0103],[12.1628,47.9996],[12.1518,47.9886],[12.1504,47.963],[12.1563,47.9574],[12.1648,47.966],[12.1758,47.9594],[12.2028,47.9634],[12.214,47.974],[12.2129,47.982],[12.2437,47.996]]]},"properties":{"AGS":"09187134","GEN":"Griesstätt","SN_L":"09"}},
{"type":"Feature","geometry":{"type":"Polygon","coordinates":[[[12.1029,47.8853],[12.0909,47.9012],[12.0822,47.9029],[12.0922,47.9246],[12.0944,47.9378],[12.0813,47.9349],[12.0555,47.9277],[12.0408,47.927],[12.0332,47.9114],[12.0278,47.904],[12.0417,47.8902],[12.0544,47.8705],[12.0612,47.8641],[12.0842,47.8676],[12.0981,47.871],[12.1029,47.8853]]]},"properties":{"AGS":"09187137","GEN":"Großkarolinenfeld","SN_L":"09"}},
{"type":"Feature","geometry":{"type":"Polygon","coordinates":[[[12.1504,47.963],[12.1357,47.9616],[12.1217,47.969],[12.1108,47.9607],[12.0964,47.9545],[12.0944,47.9378],[12.0922,47.9246],[12.0822,47.9029],[12.0909,47.9012],[12.1029,47.8853],[12.1308,47.8828],[12.1382,47.8868],[12.1382,47.8961],[12.1324,47.9075],[12.1447,47.9343],[12.1518,47.9382],[12.1563,47.9574],[12.1504,47.963]]]},"properties":{"AGS":"09187142","GEN":"Schechen","SN_L":"09"}},
{"type":"Feature","geometry":{"type":"Polygon","coordinates":[[[12.2017,47.633],[12.1858,47.6329],[12.1813,47.6414],[12.1432,47.6416],[12.1246,47.6451],[12.1146,47.6258],[12.0967,47.6296],[12.0822,47.6376],[12.0676,47.6386],[12.0545,47.6492],[12.0358,47.6549],[12.0313,47.6441],[12.043,47.635],[12.0624,47.6281],[12.0607,47.6187],[12.0824,47.6097],[12.1152,47.6114],[12.1398,47.6053],[12.1617,47.613],[12.179,47.6144],[12.1875,47.6049],[12.2059,47.6081],[12.2017,47.633]]]},"properties":{"AGS":"09187148","GEN":"Kiefersfelden","SN_L":"09"}},
{"type":"Feature","geometry":{"type":"Polygon","coordinates":[[[12.0842,47.8676],[12.0612,47.8641],[12.0544,47.8705],[12.0405,47.8632],[12.0329,47.8491],[12.0063,47.8546],[12.0062,47.8377],[12.0276,47.8378],[12.0307,47.8193],[12.0543,47.8177],[12.0572,47.8259],[12.0754,47.8327],[12.0782,47.8646],[12.0842,47.8676]]]},"properties":{"AGS":"09187150","GEN":"Kolbermoor","SN_L":"09"}},
{"type":"Feature","geometry":{"type":"Polygon","coordinates":[[[12.186,47.7795],[12.1686,47.7899],[12.1576,47.7916],[12.1517,47.8036],[12.1403,47.8044],[12.1281,47.79],[12.1257,47.7697],[12.1308,47.7601],[12.1307,47.7582],[12.1483,47.7582],[12.1768,47.7665],[12.186,47.7795]]]},"properties":{"AGS":"09187154","GEN":"Neubeuern","SN_L":"09"}},
{"type":"Feature","geometry":{"type":"Polygon","coordinates":[[[12.1483,47.7582],[12.1307,47.7582],[12.1316,47.7449],[12.1502,47.7146],[12.1626,47.7011],[12.1839,47.7004],[12.1977,47.7088],[12.2266,47.7183],[12.231,47.7346],[12.1937,47.7393],[12.186,47.7482],[12.1737,47.7419],[12.1654,47.7518],[12.1483,47.7582]]]},"properties":{"AGS":"09187156","GEN":"Nußdorf a.Inn","SN_L":"09"}},
{"type":"Feature","geometry":{"type":"Polygon","coordinates":[[[12.0464,47.6999],[12.0254,47.7009],[12.0298,47.6878],[12.0478,47.6705],[12.0358,47.6549],[12.0545,47.6492],[12.0676,47.6386],[12.0822,47.6376],[12.0967,47.6296],[12.1146,47.6258],[12.1246,47.6451],[12.1432,47.6416],[12.1813,47.6414],[12.1858,47.6329],[12.2017,47.633],[12.1988,47.6414],[12.1715,47.6766],[12.1647,47.69],[12.1312,47.6973],[12.1046,47.6853],[12.0781,47.6784],[12.0497,47.6813],[12.0464,47.6999]]]},"properties":{"AGS":"09187157","GEN":"Oberaudorf","SN_L":"09"}},
{"type":"Feature","geometry":{"type":"Polygon","coordinates":[[[12.3639,47.8699],[12.3459,47.8731],[12.3355,47.8552],[12.2894,47.8519],[12.2818,47.8355],[12.2996,47.8374],[12.3113,47.8244],[12.3368,47.8265],[12.3636,47.8363],[12.3751,47.8347],[12.3639,47.8699]]]},"properties":{"AGS":"09187162","GEN":"Prien a.Chiemsee","SN_L":"09"}},
{"type":"Feature","geometry":{"type":"Polygon","coordinates":[[[12.2099,47.9114],[12.2001,47.9096],[12.1645,47.8933],[12.1399,47.8959],[12.1584,47.8829],[12.1615,47.8722],[12.1796,47.8776],[12.2114,47.8768],[12.2213,47.8681],[12.2333,47.8756],[12.2386,47.8811],[12.2046,47.9008],[12.2099,47.9114]]]},"properties":{"AGS":"09187163","GEN":"Prutting","SN_L":"09"}},
{"type":"Feature","geometry":{"type":"Polygon","coordinates":[[[12.0543,47.8177],[12.0307,47.8193],[12.0332,47.8066],[12.0524,47.7653],[12.065,47.7595],[12.0553,47.7446],[12.0966,47.756],[12.1166,47.7557],[12.1308,47.7601],[12.1257,47.7697],[12.1281,47.79],[12.1403,47.8044],[12.1295,47.8137],[12.1095,47.8105],[12.0543,47.8177]]]},"properties":{"AGS":"09187165","GEN":"Raubling","SN_L":"09"}},
{"type":"Feature","geometry":{"type":"Polygon","coordinates":[[[12.2799,47.866],[12.267,47.8746],[12.2483,47.8747],[12.2365,47.8589],[12.2044,47.8457],[12.1921,47.8473],[12.1715,47.8365],[12.1797,47.8226],[12.1993,47.8231],[12.2023,47.8137],[12.2144,47.8098],[12.2275,47.8193],[12.2512,47.8102],[12.2746,47.8222],[12.2818,47.8355],[12.2894,47.8519],[12.2799,47.866]]]},"properties":{"AGS":"09187167","GEN":"Riedering","SN_L":"09"}},
{"type":"Feature","geometry":{"type":"Polygon","coordinates":[[[12.3589,47.896],[12.3449,47.9],[12.3278,47.889],[12.3042,47.8808],[12.2799,47.866],[12.2894,47.8519],[12.3355,47.8552],[12.3459,47.8731],[12.3639,47.8699],[12.3695,47.872],[12.3685,47.8871],[12.3589,47.896]]]},"properties":{"AGS":"09187168","GEN":"Rimsting","SN_L":"09"}},
{"type":"Feature","geometry":{"type":"Polygon","coordinates":[[[12.1715,47.8365],[12.1522,47.8393],[12.1447,47.8273],[12.1295,47.8137],[12.1403,47.8044],[12.1517,47.8036],[12.1576,47.7916],[12.1686,47.7899],[12.186,47.7795],[12.2167,47.7915],[12.226,47.7874],[12.2487,47.7903],[12.2365,47.796],[12.2512,47.8102],[12.2275,47.8193],[12.2144,47.8098],[12.2023,47.8137],[12.1993,47.8231],[12.1797,47.8226],[12.1715,47.8365]]]},"properties":{"AGS":"09187169","GEN":"Rohrdorf","SN_L":"09"}},
{"type":"Feature","geometry":{"type":"Polygon","coordinates":[[[12.2487,47.7903],[12.226,47.7874],[12.2167,47.7915],[12.186,47.7795],[12.1768,47.7665],[12.1483,47.7582],[12.1654,47.7518],[12.1737,47.7419],[12.186,47.7482],[12.1937,47.7393],[12.231,47.7346],[12.2266,47.7183],[12.2496,47.7414],[12.257,47.743],[12.2492,47.7472],[12.2561,47.781],[12.2487,47.7903]]]},"properties":{"AGS":"09187172","GEN":"Samerberg","SN_L":"09"}},
{"type":"Feature","geometry":{"type":"Polygon","coordinates":[[[12.2303,47.958],[12.2119,47.956],[12.2023,47.9443],[12.2057,47.9321],[12.1959,47.9218],[12.2099,47.9114],[12.2046,47.9008],[12.2386,47.8811],[12.2621,47.9048],[12.2519,47.9107],[12.2542,47.9256],[12.256,47.9366],[12.2303,47.958]]]},"properties":{"AGS":"09187174","GEN":"Söchtenau","SN_L":"09"}},
{"type":"Feature","geometry":{"type":"Polygon","coordinates":[[[12.2515,48.1352],[12.2439,48.1267],[12.2091,48.1432],[12.2097,48.1314],[12.178,48.1015],[12.1805,48.0957],[12.1642,48.0835],[12.1751,48.0768],[12.2008,48.0736],[12.2167,48.0673],[12.22,48.0878],[12.2351,48.0922],[12.2402,48.1087],[12.2709,48.115],[12.2515,48.1352]]]},"properties":{"AGS":"09187176","GEN":"Soyen","SN_L":"09"}},
{"type":"Feature","geometry":{"type":"Polygon","coordinates":[[[12.2333,47.8756],[12.2213,47.8681],[12.2114,47.8768],[12.1796,47.8776],[12.1615,47.8722],[12.1584,47.8829],[12.1399,47.8959],[12.1382,47.8961],[12.1382,47.8868],[12.134,47.8715],[12.1379,47.858],[12.1503,47.8486],[12.1522,47.8393],[12.1715,47.8365],[12.1921,47.8473],[12.2044,47.8457],[12.2365,47.8589],[12.2483,47.8747],[12.2333,47.8756]]]},"properties":{"AGS":"09187177","GEN":"Stephanskirchen","SN_L":"09"}},
{"type":"Feature","geometry":{"type":"Polygon","coordinates":[[[12.0271,47.9712],[12.02,47.9612],[11.9989,47.9609],[11.9877,47.9711],[11.9764,47.9737],[11.9686,47.9835],[11.9506,47.9852],[11.9347,47.9932],[11.927,47.9824],[11.9371,47.9617],[11.9369,47.9515],[11.946,47.9435],[11.9585,47.9369],[11.9522,47.9247],[11.9751,47.9084],[11.9697,47.8979],[11.9808,47.8922],[11.9994,47.891],[12.0137,47.9106],[12.0332,47.9114],[12.0408,47.927],[12.0555,47.9277],[12.0813,47.9349],[12.0861,47.9461],[12.0724,47.95],[12.0752,47.9591],[12.0869,47.9645],[12.0846,47.974],[12.0719,47.9792],[12.0577,47.9701],[12.0271,47.9712]]]},"properties":{"AGS":"09187179","GEN":"Tuntenhausen","SN_L":"09"}},
{"type":"Feature","geometry":{"type":"Polygon","coordinates":[[[12.2277,47.9693],[12.214,47.974],[12.2028,47.9634],[12.1758,47.9594],[12.1648,47.966],[12.1563,47.9574],[12.1518,47.9382],[12.1447,47.9343],[12.1324,47.9075],[12.1382,47.8961],[12.1399,47.8959],[12.1645,47.8933],[12.2001,47.9096],[12.2099,47.9114],[12.1959,47.9218],[12.2057,47.9321],[12.2023,47.9443],[12.2119,47.956],[12.2303,47.958],[12.2277,47.9693]]]},"properties":{"AGS":"09187181","GEN":"Vogtareuth","SN_L":"09"}},
{"type":"Feature","geometry":{"type":"Polygon","coordinates":[[[12.2167,48.0673],[12.2008,48.0736],[12.1751,48.0768],[12.1691,48.0651],[12.1758,48.055],[12.1748,48.0392],[12.1687,48.0218],[12.1753,48.0218],[12.1919,48.0289],[12.1948,48.0417],[12.2074,48.0472],[12.2274,48.0436],[12.2514,48.0624],[12.2459,48.0692],[12.221,48.0636],[12.2167,48.0673]]]},"properties":{"AGS":"09187182","GEN":"Wasserburg a.Inn","SN_L":"09"}},
{"type":"Feature","geometry":{"type":"Polygon","coordinates":[[[12.3985,47.881],[12.412,47.8862],[12.3968,47.9076],[12.3756,47.9021],[12.3601,47.9078],[12.3589,47.896],[12.3685,47.8871],[12.3695,47.872],[12.3724,47.8858],[12.3985,47.881]]]},"properties":{"AGS":"09187121","GEN":"Breitbrunn a.Chiemsee","SN_L":"09"}},
{"type":"Feature","geometry":{"type":"Polygon","coordinates":[[[12.4078,47.8624],[12.3949,47.8709],[12.385,47.8627],[12.3904,47.8538],[12.4095,47.8541],[12.4078,47.8624]]]},"properties":{"AGS":"09187123","GEN":"Chiemsee","SN_L":"09"}},
{"type":"Feature","geometry":{"type":"Polygon","coordinates":[[[12.444,47.9221],[12.4368,47.9269],[12.4139,47.9196],[12.3967,47.9212],[12.3968,47.9076],[12.412,47.8862],[12.3985,47.881],[12.407,47.8747],[12.431,47.8946],[12.4335,47.9078],[12.444,47.9221]]]},"properties":{"AGS":"09187138","GEN":"Gstadt a.Chiemsee","SN_L":"09"}},
{"type":"Feature","geometry":{"type":"Polygon","coordinates":[[[12.3048,47.9657],[12.2888,47.9677],[12.2787,47.9809],[12.2617,47.9716],[12.2343,47.9726],[12.2277,47.9693],[12.2303,47.958],[12.256,47.9366],[12.2542,47.9256],[12.2628,47.9201],[12.2909,47.9286],[12.3018,47.9449],[12.3048,47.9657]]]},"properties":{"AGS":"09187139","GEN":"Halfing","SN_L":"09"}},
{"type":"Feature","geometry":{"type":"Polygon","coordinates":[[[12.3512,47.9592],[12.333,47.9699],[12.3082,47.9702],[12.3048,47.9657],[12.3018,47.9449],[12.2909,47.9286],[12.3017,47.9232],[12.3215,47.9326],[12.3464,47.9363],[12.3512,47.9592]]]},"properties":{"AGS":"09187145","GEN":"Höslwang","SN_L":"09"}},
{"type":"Feature","geometry":{"type":"Polygon","coordinates":[[[12.2787,47.9809],[12.2847,48.0056],[12.2697,48.0087],[12.2437,47.996],[12.2129,47.982],[12.214,47.974],[12.2277,47.9693],[12.2343,47.9726],[12.2617,47.9716],[12.2787,47.9809]]]},"properties":{"AGS":"09187173","GEN":"Schonstett","SN_L":"09"}},
{"type":"Feature","geometry":{"type":"Polygon","coordinates":[[[12.1687,48.0218],[12.148,48.0244],[12.1407,48.0335],[12.1222,48.0141],[12.1307,48.0044],[12.15,48.0058],[12.1628,47.9996],[12.1725,48.0103],[12.1753,48.0218],[12.1687,48.0218]]]},"properties":{"AGS":"09187164","GEN":"Ramerberg","SN_L":"09"}},
{"type":"Feature","geometry":{"type":"Polygon","coordinates":[[[12.1222,48.0141],[12.0984,48.0115],[12.0988,47.9928],[12.1057,47.9859],[12.1057,47.9686],[12.1108,47.9607],[12.1217,47.969],[12.1357,47.9616],[12.1504,47.963],[12.1518,47.9886],[12.1628,47.9996],[12.15,48.0058],[12.1307,48.0044],[12.1222,48.0141]]]},"properties":{"AGS":"09187170","GEN":"Rott a.Inn","SN_L":"09"}},
{"type":"Feature","geometry":{"type":"Polygon","coordinates":[[[12.1089,48.0885],[12.081,48.0994],[12.0625,48.099],[12.0745,48.0861],[12.0758,48.0552],[12.0796,48.0335],[12.077,48.0181],[12.0984,48.0115],[12.1222,48.0141],[12.1407,48.0335],[12.15,48.0471],[12.146,48.0606],[12.1307,48.0615],[12.1122,48.0732],[12.1089,48.0885]]]},"properties":{"AGS":"09187159","GEN":"Pfaffing","SN_L":"09"}},
{"type":"Feature","geometry":{"type":"Polygon","coordinates":[[[12.1456,48.0851],[12.1343,48.0978],[12.1445,48.1123],[12.1271,48.1312],[12.1211,48.1249],[12.0857,48.1223],[12.0735,48.1086],[12.081,48.0994],[12.1089,48.0885],[12.119,48.0832],[12.133,48.0881],[12.1456,48.0851]]]},"properties":{"AGS":"09187186","GEN":"Albaching","SN_L":"09"}},
{"type":"Feature","geometry":{"type":"Polygon","coordinates":[[[12.0988,47.9928],[12.0729,47.9886],[12.0719,47.9792],[12.0846,47.974],[12.0869,47.9645],[12.0752,47.9591],[12.0964,47.9545],[12.1108,47.9607],[12.1057,47.9686],[12.1057,47.9859],[12.0988,47.9928]]]},"properties":{"AGS":"09187451","GEN":"Rotter Forst-Nord","SN_L":"09"}},
{"type":"Feature","geometry":{"type":"Polygon","coordinates":[[[12.0964,47.9545],[12.0752,47.9591],[12.0724,47.95],[12.0861,47.9461],[12.0813,47.9349],[12.0944,47.9378],[12.0964,47.9545]]]},"properties":{"AGS":"09187452","GEN":"Rotter Forst-Süd","SN_L":"09"}},
{"type":"Feature","geometry":{"type":"Polygon","coordinates":[[[11.4286,47.9785],[11.4063,47.9894],[11.4097,47.999],[11.3826,47.9921],[11.3588,47.9943],[11.359,47.9803],[11.3464,47.9626],[11.334,47.9336],[11.3441,47.9257],[11.3549,47.9312],[11.3723,47.9305],[11.3821,47.9202],[11.3939,47.9202],[11.406,47.931],[11.3961,47.9399],[11.4286,47.9785]]]},"properties":{"AGS":"09188113","GEN":"Berg","SN_L":"09"}},
{"type":"Feature","geometry":{"type":"Polygon","coordinates":[[[11.2403,47.997],[11.2336,48.0144],[11.2113,48.0224],[11.211,48.0105],[11.189,48.0008],[11.179,47.989],[11.1672,47.9647],[11.1503,47.9576],[11.1496,47.9534],[11.1816,47.95],[11.1909,47.9336],[11.2132,47.9346],[11.2356,47.9222],[11.2456,47.9372],[11.245,47.9548],[11.2327,47.9735],[11.2403,47.997]]]},"properties":{"AGS":"09188117","GEN":"Andechs","SN_L":"09"}},
{"type":"Feature","geometry":{"type":"Polygon","coordinates":[[[11.307,47.9481],[11.2848,47.958],[11.2745,47.9706],[11.2614,47.9555],[11.282,47.94],[11.2729,47.9279],[11.2903,47.9191],[11.307,47.9481]]]},"properties":{"AGS":"09188118","GEN":"Feldafing","SN_L":"09"}},
{"type":"Feature","geometry":{"type":"Polygon","coordinates":[[[11.4155,48.0865],[11.4043,48.0961],[11.3788,48.0989],[11.3754,48.0916],[11.358,48.09],[11.3539,48.0713],[11.3326,48.0781],[11.3136,48.0786],[11.316,48.0881],[11.295,48.09],[11.2913,48.0489],[11.2766,48.0407],[11.2807,48.0349],[11.3014,48.0323],[11.3127,48.039],[11.3252,48.0312],[11.3486,48.0306],[11.3887,48.0393],[11.4034,48.0322],[11.4201,48.0418],[11.4189,48.0534],[11.4114,48.0814],[11.4155,48.0865]]]},"properties":{"AGS":"09188120","GEN":"Gauting","SN_L":"09"}},
{"type":"Feature","geometry":{"type":"Polygon","coordinates":[[[11.3061,48.1201],[11.3013,48.1276],[11.2749,48.1304],[11.2632,48.1362],[11.2344,48.1291],[11.21,48.114],[11.2349,48.0967],[11.2668,48.1016],[11.275,48.0924],[11.295,48.09],[11.316,48.0881],[11.3165,48.0949],[11.3455,48.0982],[11.3485,48.1058],[11.3061,48.1201]]]},"properties":{"AGS":"09188121","GEN":"Gilching","SN_L":"09"}},
{"type":"Feature","geometry":{"type":"Polygon","coordinates":[[[11.173,48.0318],[11.1526,48.033],[11.1428,48.0443],[11.1293,48.0448],[11.1358,48.0145],[11.1536,47.9998],[11.1676,48.0017],[11.1686,47.9895],[11.1495,47.9731],[11.1503,47.9576],[11.1672,47.9647],[11.179,47.989],[11.189,48.0008],[11.211,48.0105],[11.2113,48.0224],[11.1949,48.0226],[11.1845,48.0146],[11.1633,48.0185],[11.173,48.0318]]]},"properties":{"AGS":"09188124","GEN":"Herrsching a.Ammersee","SN_L":"09"}},
{"type":"Feature","geometry":{"type":"Polygon","coordinates":[[[11.186,48.0968],[11.1432,48.109],[11.1403,48.1061],[11.137,48.0976],[11.1344,48.0813],[11.1386,48.0653],[11.1293,48.0448],[11.1428,48.0443],[11.1526,48.033],[11.173,48.0318],[11.1693,48.0411],[11.1823,48.055],[11.1674,48.0673],[11.175,48.073],[11.186,48.0968]]]},"properties":{"AGS":"09188126","GEN":"Inning a.Ammersee","SN_L":"09"}},
{"type":"Feature","geometry":{"type":"Polygon","coordinates":[[[11.3852,48.112],[11.3712,48.1152],[11.3485,48.1058],[11.3455,48.0982],[11.3165,48.0949],[11.316,48.0881],[11.3136,48.0786],[11.3326,48.0781],[11.3539,48.0713],[11.358,48.09],[11.3754,48.0916],[11.3788,48.0989],[11.4043,48.0961],[11.4155,48.0865],[11.4213,48.1014],[11.3852,48.112]]]},"properties":{"AGS":"09188127","GEN":"Krailling","SN_L":"09"}},
{"type":"Feature","geometry":{"type":"Polygon","coordinates":[[[11.2766,48.0407],[11.2592,48.057],[11.2565,48.0668],[11.2296,48.0676],[11.2245,48.0757],[11.2133,48.0534],[11.1982,48.0487],[11.1823,48.055],[11.1693,48.0411],[11.173,48.0318],[11.1633,48.0185],[11.1845,48.0146],[11.1949,48.0226],[11.2113,48.0224],[11.2336,48.0144],[11.2403,47.997],[11.2576,48.0208],[11.2807,48.0349],[11.2766,48.0407]]]},"properties":{"AGS":"09188132","GEN":"Seefeld","SN_L":"09"}},
{"type":"Feature","geometry":{"type":"Polygon","coordinates":[[[11.3318,47.979],[11.3017,47.9956],[11.2904,47.9937],[11.2641,47.9798],[11.255,47.9845],[11.2327,47.9735],[11.245,47.9548],[11.2614,47.9555],[11.2745,47.9706],[11.2848,47.958],[11.307,47.9481],[11.3318,47.979]]]},"properties":{"AGS":"09188137","GEN":"Pöcking","SN_L":"09"}},
{"type":"Feature","geometry":{"type":"Polygon","coordinates":[[[11.4034,48.0322],[11.3887,48.0393],[11.3486,48.0306],[11.3252,48.0312],[11.3127,48.039],[11.3014,48.0323],[11.2807,48.0349],[11.2576,48.0208],[11.2403,47.997],[11.2327,47.9735],[11.255,47.9845],[11.2641,47.9798],[11.2904,47.9937],[11.3017,47.9956],[11.3318,47.979],[11.342,47.9951],[11.3588,47.9943],[11.3826,47.9921],[11.4097,47.999],[11.4207,48.0013],[11.4341,48.0126],[11.429,48.0289],[11.4034,48.0322]]]},"properties":{"AGS":"09188139","GEN":"Starnberg","SN_L":"09"}},
{"type":"Feature","geometry":{"type":"Polygon","coordinates":[[[11.2614,47.9555],[11.245,47.9548],[11.2456,47.9372],[11.2356,47.9222],[11.2167,47.916],[11.1898,47.8997],[11.1862,47.8884],[11.2319,47.8791],[11.2416,47.8805],[11.2595,47.8751],[11.2748,47.8839],[11.2749,47.9008],[11.2903,47.9191],[11.2729,47.9279],[11.282,47.94],[11.2614,47.9555]]]},"properties":{"AGS":"09188141","GEN":"Tutzing","SN_L":"09"}},
{"type":"Feature","geometry":{"type":"Polygon","coordinates":[[[11.295,48.09],[11.275,48.0924],[11.2668,48.1016],[11.2349,48.0967],[11.2238,48.0849],[11.2245,48.0757],[11.2296,48.0676],[11.2565,48.0668],[11.2592,48.057],[11.2766,48.0407],[11.2913,48.0489],[11.295,48.09]]]},"properties":{"AGS":"09188144","GEN":"Weßling","SN_L":"09"}},
{"type":"Feature","geometry":{"type":"Polygon","coordinates":[[[11.2349,48.0967],[11.21,48.114],[11.1987,48.1123],[11.186,48.0968],[11.175,48.073],[11.1674,48.0673],[11.1823,48.055],[11.1982,48.0487],[11.2133,48.0534],[11.2245,48.0757],[11.2238,48.0849],[11.2349,48.0967]]]},"properties":{"AGS":"09188145","GEN":"Wörthsee","SN_L":"09"}},
{"type":"Feature","geometry":{"type":"Polygon","coordinates":[[[11.334,47.9336],[11.3464,47.9626],[11.359,47.9803],[11.3588,47.9943],[11.342,47.9951],[11.3318,47.979],[11.307,47.9481],[11.2903,47.9191],[11.2749,47.9008],[11.2748,47.8839],[11.3022,47.8594],[11.2918,47.8433],[11.2897,47.8338],[11.3139,47.8213],[11.3292,47.8211],[11.3373,47.827],[11.3379,47.8469],[11.3343,47.863],[11.3335,47.9093],[11.3303,47.9196],[11.334,47.9336]]]},"properties":{"AGS":"09188451","GEN":"Starnberger See","SN_L":"09"}},
{"type":"Feature","geometry":{"type":"Polygon","coordinates":[[[12.5428,47.9961],[12.5454,48.0125],[12.5241,48.017],[12.5181,48.028],[12.4991,48.028],[12.4869,48.0201],[12.4711,48.0197],[12.4551,48.0135],[12.4492,47.9948],[12.4676,47.9941],[12.4975,47.994],[12.5224,47.9838],[12.5135,47.9712],[12.5313,47.9694],[12.5463,47.9736],[12.5428,47.9961]]]},"properties":{"AGS":"09189111","GEN":"Altenmarkt a.d.Alz","SN_L":"09"}},
{"type":"Feature","geometry":{"type":"Polygon","coordinates":[[[12.5777,47.9325],[12.5506,47.954],[12.5309,47.9487],[12.5078,47.9447],[12.4904,47.9297],[12.501,47.9061],[12.5271,47.8972],[12.5334,47.8829],[12.529,47.8773],[12.5294,47.8683],[12.5431,47.8634],[12.5553,47.8767],[12.5669,47.8791],[12.5804,47.8929],[12.5839,47.8952],[12.5724,47.9057],[12.5629,47.9007],[12.548,47.9076],[12.5438,47.916],[12.5823,47.9181],[12.5777,47.9325]]]},"properties":{"AGS":"09189114","GEN":"Chieming","SN_L":"09"}},
{"type":"Feature","geometry":{"type":"Polygon","coordinates":[[[12.5662,48.1589],[12.5555,48.1639],[12.5297,48.152],[12.5292,48.1448],[12.4894,48.1557],[12.4837,48.1529],[12.4946,48.145],[12.4872,48.1355],[12.4666,48.1226],[12.472,48.1173],[12.4995,48.1038],[12.5191,48.1039],[12.5241,48.096],[12.5454,48.0968],[12.5674,48.1028],[12.5745,48.1109],[12.5659,48.124],[12.5482,48.125],[12.5425,48.1395],[12.5662,48.1589]]]},"properties":{"AGS":"09189115","GEN":"Engelsberg","SN_L":"09"}},
{"type":"Feature","geometry":{"type":"Polygon","coordinates":[[[12.8078,48.0434],[12.7977,48.0255],[12.7832,48.0223],[12.7756,48.0089],[12.7821,47.9884],[12.7718,47.9866],[12.772,47.9817],[12.7785,47.9694],[12.7879,47.9653],[12.8186,47.9745],[12.8439,47.9645],[12.8457,47.9532],[12.8758,47.9489],[12.8758,47.9626],[12.8671,47.9753],[12.8573,48.0075],[12.849,48.0171],[12.8078,48.0434]]]},"properties":{"AGS":"09189118","GEN":"Fridolfing","SN_L":"09"}},
{"type":"Feature","geometry":{"type":"Polygon","coordinates":[[[12.5804,47.8929],[12.5669,47.8791],[12.5553,47.8767],[12.5431,47.8634],[12.5294,47.8683],[12.529,47.8773],[12.5152,47.8582],[12.5179,47.8349],[12.5128,47.8225],[12.4997,47.8115],[12.5053,47.8035],[12.5261,47.8049],[12.536,47.7989],[12.5477,47.8113],[12.5654,47.821],[12.573,47.8341],[12.5765,47.8549],[12.5951,47.8604],[12.6105,47.8708],[12.5952,47.8856],[12.5804,47.8929]]]},"properties":{"AGS":"09189119","GEN":"Grabenstätt","SN_L":"09"}},
{"type":"Feature","geometry":{"type":"Polygon","coordinates":[[[12.4242,47.8146],[12.4135,47.8197],[12.3953,47.82],[12.3891,47.8141],[12.3978,47.7945],[12.3785,47.7814],[12.3812,47.7615],[12.3756,47.7541],[12.4049,47.751],[12.4071,47.7657],[12.4346,47.765],[12.4709,47.7702],[12.4769,47.7857],[12.4898,47.7947],[12.4771,47.8026],[12.4656,47.8002],[12.4408,47.806],[12.4242,47.8146]]]},"properties":{"AGS":"09189120","GEN":"Grassau","SN_L":"09"}},
{"type":"Feature","geometry":{"type":"Polygon","coordinates":[[[12.764,47.8043],[12.7432,47.8102],[12.7337,47.8048],[12.7357,47.7895],[12.7205,47.7849],[12.7172,47.7679],[12.7251,47.7565],[12.7195,47.7344],[12.7358,47.7329],[12.7801,47.7459],[12.7852,47.7538],[12.8143,47.7557],[12.8486,47.7549],[12.8361,47.7662],[12.8323,47.7836],[12.7731,47.788],[12.764,47.8043]]]},"properties":{"AGS":"09189124","GEN":"Inzell","SN_L":"09"}},
{"type":"Feature","geometry":{"type":"Polygon","coordinates":[[[12.8758,47.9489],[12.8457,47.9532],[12.8439,47.9645],[12.8186,47.9745],[12.7879,47.9653],[12.7535,47.9482],[12.7732,47.9488],[12.7944,47.9371],[12.816,47.9354],[12.8243,47.9271],[12.8519,47.9235],[12.8623,47.9392],[12.8759,47.9373],[12.8758,47.9489]]]},"properties":{"AGS":"09189127","GEN":"Kirchanschöring","SN_L":"09"}},
{"type":"Feature","geometry":{"type":"Polygon","coordinates":[[[12.6238,47.9206],[12.5985,47.9259],[12.5871,47.9348],[12.5777,47.9325],[12.5823,47.9181],[12.5438,47.916],[12.548,47.9076],[12.5629,47.9007],[12.5724,47.9057],[12.5839,47.8952],[12.5938,47.897],[12.6127,47.8906],[12.6335,47.8999],[12.6259,47.9072],[12.6238,47.9206]]]},"properties":{"AGS":"09189130","GEN":"Nußdorf","SN_L":"09"}},
{"type":"Feature","geometry":{"type":"Polygon","coordinates":[[[12.6816,48.046],[12.63,48.0475],[12.6164,48.045],[12.6147,48.0192],[12.6037,48.0076],[12.605,47.987],[12.6052,47.9757],[12.6265,47.9735],[12.632,47.9625],[12.651,47.957],[12.6702,47.9707],[12.6716,47.9792],[12.6934,47.9865],[12.7029,48.0067],[12.6987,48.0203],[12.688,48.0208],[12.6816,48.046]]]},"properties":{"AGS":"09189134","GEN":"Palling","SN_L":"09"}},
{"type":"Feature","geometry":{"type":"Polygon","coordinates":[[[12.8519,47.9235],[12.8243,47.9271],[12.816,47.9354],[12.7944,47.9371],[12.8014,47.9194],[12.7816,47.9281],[12.7787,47.9098],[12.7672,47.9007],[12.7709,47.8913],[12.7764,47.8864],[12.8018,47.8899],[12.8066,47.8822],[12.8405,47.8851],[12.8622,47.8832],[12.8758,47.8775],[12.8774,47.8941],[12.8547,47.902],[12.8494,47.9111],[12.8519,47.9235]]]},"properties":{"AGS":"09189135","GEN":"Petting","SN_L":"09"}},
{"type":"Feature","geometry":{"type":"Polygon","coordinates":[[[12.6046,47.6732],[12.5919,47.6798],[12.5666,47.6862],[12.5537,47.6986],[12.5374,47.7018],[12.5265,47.7094],[12.5023,47.7067],[12.5006,47.6996],[12.473,47.6913],[12.4425,47.6891],[12.4389,47.6761],[12.4528,47.6678],[12.4651,47.6496],[12.4911,47.637],[12.4992,47.625],[12.512,47.6253],[12.5363,47.6365],[12.575,47.6323],[12.5828,47.6475],[12.6046,47.6732]]]},"properties":{"AGS":"09189139","GEN":"Reit im Winkl","SN_L":"09"}},
{"type":"Feature","geometry":{"type":"Polygon","coordinates":[[[12.7172,47.7679],[12.7094,47.7725],[12.6732,47.7833],[12.6496,47.7819],[12.6375,47.7894],[12.6007,47.7883],[12.6034,47.7811],[12.5808,47.7668],[12.5448,47.761],[12.5241,47.7552],[12.5169,47.7512],[12.5234,47.7376],[12.5167,47.7266],[12.5309,47.7179],[12.5265,47.7094],[12.5374,47.7018],[12.5537,47.6986],[12.5666,47.6862],[12.5919,47.6798],[12.6046,47.6732],[12.6291,47.676],[12.6388,47.671],[12.6549,47.6721],[12.6661,47.6808],[12.6959,47.6822],[12.7171,47.7005],[12.7138,47.7119],[12.7195,47.7344],[12.7251,47.7565],[12.7172,47.7679]]]},"properties":{"AGS":"09189140","GEN":"Ruhpolding","SN_L":"09"}},
{"type":"Feature","geometry":{"type":"Polygon","coordinates":[[[12.4492,47.7435],[12.4201,47.7547],[12.4049,47.751],[12.3756,47.7541],[12.3479,47.7447],[12.3331,47.7213],[12.3326,47.7015],[12.338,47.6971],[12.357,47.6905],[12.3637,47.6838],[12.4122,47.6936],[12.4082,47.7019],[12.4199,47.7089],[12.4207,47.7254],[12.4345,47.7298],[12.4492,47.7435]]]},"properties":{"AGS":"09189141","GEN":"Schleching","SN_L":"09"}},
{"type":"Feature","geometry":{"type":"Polygon","coordinates":[[[12.4408,48.1111],[12.4216,48.1312],[12.3984,48.1261],[12.3876,48.1174],[12.3814,48.104],[12.3608,48.1036],[12.3501,48.0919],[12.3354,48.0901],[12.3387,48.0786],[12.3246,48.0661],[12.3275,48.0574],[12.3426,48.0546],[12.3574,48.0404],[12.3804,48.034],[12.3832,48.0446],[12.4242,48.0482],[12.4493,48.0662],[12.4408,48.1111]]]},"properties":{"AGS":"09189142","GEN":"Schnaitsee","SN_L":"09"}},
{"type":"Feature","geometry":{"type":"Polygon","coordinates":[[[12.5313,47.9694],[12.5135,47.9712],[12.5224,47.9838],[12.4975,47.994],[12.4676,47.9941],[12.4259,47.9776],[12.4175,47.9849],[12.406,47.9744],[12.4208,47.9694],[12.42,47.951],[12.4324,47.9382],[12.4231,47.9343],[12.4139,47.9196],[12.4368,47.9269],[12.444,47.9221],[12.4658,47.9334],[12.4904,47.9297],[12.5078,47.9447],[12.5309,47.9487],[12.5268,47.9607],[12.5313,47.9694]]]},"properties":{"AGS":"09189143","GEN":"Seeon-Seebruck","SN_L":"09"}},
{"type":"Feature","geometry":{"type":"Polygon","coordinates":[[[12.7285,47.8398],[12.6964,47.8468],[12.699,47.839],[12.679,47.8342],[12.6645,47.8395],[12.6405,47.8383],[12.6296,47.8436],[12.6307,47.8353],[12.6076,47.8309],[12.6055,47.8252],[12.609,47.8155],[12.6283,47.8045],[12.6235,47.7964],[12.6007,47.7883],[12.6375,47.7894],[12.6496,47.7819],[12.6732,47.7833],[12.7094,47.7725],[12.7172,47.7679],[12.7205,47.7849],[12.7357,47.7895],[12.7337,47.8048],[12.7432,47.8102],[12.7367,47.8172],[12.7285,47.8398]]]},"properties":{"AGS":"09189145","GEN":"Siegsdorf","SN_L":"09"}},
{"type":"Feature","geometry":{"type":"Polygon","coordinates":[[[12.7454,47.8797],[12.6807,47.8939],[12.6499,47.8869],[12.6545,47.8722],[12.6659,47.8713],[12.6893,47.8582],[12.6964,47.8468],[12.7285,47.8398],[12.7407,47.8592],[12.7363,47.8626],[12.7454,47.8797]]]},"properties":{"AGS":"09189148","GEN":"Surberg","SN_L":"09"}},
{"type":"Feature","geometry":{"type":"Polygon","coordinates":[[[12.472,48.1173],[12.462,48.1182],[12.4408,48.1111],[12.4493,48.0662],[12.4728,48.0554],[12.4873,48.0521],[12.5059,48.0578],[12.5141,48.07],[12.5539,48.0569],[12.5777,48.0523],[12.5839,48.0677],[12.5674,48.1028],[12.5454,48.0968],[12.5241,48.096],[12.5191,48.1039],[12.4995,48.1038],[12.472,48.1173]]]},"properties":{"AGS":"09189149","GEN":"Tacherting","SN_L":"09"}},
{"type":"Feature","geometry":{"type":"Polygon","coordinates":[[[12.7516,48.1128],[12.7258,48.1021],[12.7156,48.1101],[12.7036,48.1061],[12.6997,48.0947],[12.7046,48.0909],[12.7075,48.0667],[12.6878,48.0551],[12.6816,48.046],[12.688,48.0208],[12.6987,48.0203],[12.7029,48.0067],[12.7205,48.0136],[12.7355,48.0082],[12.7583,47.9902],[12.7718,47.9866],[12.7821,47.9884],[12.7756,48.0089],[12.7832,48.0223],[12.7977,48.0255],[12.8078,48.0434],[12.7682,48.0675],[12.7527,48.0882],[12.7516,48.1128]]]},"properties":{"AGS":"09189152","GEN":"Tittmoning","SN_L":"09"}},
{"type":"Feature","geometry":{"type":"Polygon","coordinates":[[[12.605,47.987],[12.5834,47.9918],[12.5428,47.9961],[12.5463,47.9736],[12.5313,47.9694],[12.5268,47.9607],[12.5309,47.9487],[12.5506,47.954],[12.5777,47.9325],[12.5871,47.9348],[12.5985,47.9259],[12.6238,47.9206],[12.6363,47.9355],[12.6587,47.9368],[12.6645,47.9471],[12.651,47.957],[12.632,47.9625],[12.6265,47.9735],[12.6052,47.9757],[12.605,47.987]]]},"properties":{"AGS":"09189154","GEN":"Traunreut","SN_L":"09"}},
{"type":"Feature","geometry":{"type":"Polygon","coordinates":[[[12.671,47.9071],[12.6626,47.9162],[12.6726,47.9246],[12.6587,47.9368],[12.6363,47.9355],[12.6238,47.9206],[12.6259,47.9072],[12.6335,47.8999],[12.6127,47.8906],[12.5938,47.897],[12.5839,47.8952],[12.5804,47.8929],[12.5952,47.8856],[12.6105,47.8708],[12.5951,47.8604],[12.6061,47.8472],[12.6296,47.8436],[12.6405,47.8383],[12.6645,47.8395],[12.679,47.8342],[12.699,47.839],[12.6964,47.8468],[12.6893,47.8582],[12.6659,47.8713],[12.6545,47.8722],[12.6499,47.8869],[12.6807,47.8939],[12.671,47.9071]]]},"properties":{"AGS":"09189155","GEN":"Traunstein","SN_L":"09"}},
{"type":"Feature","geometry":{"type":"Polygon","coordinates":[[[12.5839,48.0677],[12.5777,48.0523],[12.5539,48.0569],[12.5141,48.07],[12.5059,48.0578],[12.5062,48.04],[12.4991,48.028],[12.5181,48.028],[12.5241,48.017],[12.5454,48.0125],[12.5428,47.9961],[12.5834,47.9918],[12.605,47.987],[12.6037,48.0076],[12.6147,48.0192],[12.6164,48.045],[12.6163,48.0642],[12.5839,48.0677]]]},"properties":{"AGS":"09189157","GEN":"Trostberg","SN_L":"09"}},
{"type":"Feature","geometry":{"type":"Polygon","coordinates":[[[12.5152,47.8582],[12.4955,47.855],[12.4716,47.8561],[12.478,47.8405],[12.4478,47.8391],[12.4277,47.835],[12.4355,47.8291],[12.4346,47.8154],[12.4242,47.8146],[12.4408,47.806],[12.4656,47.8002],[12.4771,47.8026],[12.4898,47.7947],[12.5053,47.8035],[12.4997,47.8115],[12.5128,47.8225],[12.5179,47.8349],[12.5152,47.8582]]]},"properties":{"AGS":"09189159","GEN":"Übersee","SN_L":"09"}},
{"type":"Feature","geometry":{"type":"Polygon","coordinates":[[[12.5169,47.7512],[12.4984,47.7522],[12.4643,47.7483],[12.4492,47.7435],[12.4345,47.7298],[12.4207,47.7254],[12.4199,47.7089],[12.4082,47.7019],[12.4122,47.6936],[12.4401,47.6952],[12.4425,47.6891],[12.473,47.6913],[12.5006,47.6996],[12.5023,47.7067],[12.5265,47.7094],[12.5309,47.7179],[12.5167,47.7266],[12.5234,47.7376],[12.5169,47.7512]]]},"properties":{"AGS":"09189160","GEN":"Unterwössen","SN_L":"09"}},
{"type":"Feature","geometry":{"type":"Polygon","coordinates":[[[12.6055,47.8252],[12.5926,47.8318],[12.573,47.8341],[12.5654,47.821],[12.5477,47.8113],[12.536,47.7989],[12.543,47.7827],[12.5386,47.7756],[12.5235,47.7722],[12.5241,47.7552],[12.5448,47.761],[12.5808,47.7668],[12.6034,47.7811],[12.6007,47.7883],[12.6235,47.7964],[12.6283,47.8045],[12.609,47.8155],[12.6055,47.8252]]]},"properties":{"AGS":"09189113","GEN":"Bergen","SN_L":"09"}},
{"type":"Feature","geometry":{"type":"Polygon","coordinates":[[[12.6296,47.8436],[12.6061,47.8472],[12.5951,47.8604],[12.5765,47.8549],[12.573,47.8341],[12.5926,47.8318],[12.6055,47.8252],[12.6076,47.8309],[12.6307,47.8353],[12.6296,47.8436]]]},"properties":{"AGS":"09189161","GEN":"Vachendorf","SN_L":"09"}},
{"type":"Feature","geometry":{"type":"Polygon","coordinates":[[[12.4984,47.7522],[12.4788,47.77],[12.4709,47.7702],[12.4346,47.765],[12.4071,47.7657],[12.4049,47.751],[12.4201,47.7547],[12.4492,47.7435],[12.4643,47.7483],[12.4984,47.7522]]]},"properties":{"AGS":"09189129","GEN":"Marquartstein","SN_L":"09"}},
{"type":"Feature","geometry":{"type":"Polygon","coordinates":[[[12.536,47.7989],[12.5261,47.8049],[12.5053,47.8035],[12.4898,47.7947],[12.4769,47.7857],[12.4709,47.7702],[12.4788,47.77],[12.4984,47.7522],[12.5169,47.7512],[12.5241,47.7552],[12.5235,47.7722],[12.5386,47.7756],[12.543,47.7827],[12.536,47.7989]]]},"properties":{"AGS":"09189146","GEN":"Staudach-Egerndach","SN_L":"09"}},
{"type":"Feature","geometry":{"type":"Polygon","coordinates":[[[12.5059,48.0578],[12.4873,48.0521],[12.4728,48.0554],[12.4493,48.0662],[12.4242,48.0482],[12.4187,48.0379],[12.4397,48.0285],[12.4551,48.0135],[12.4711,48.0197],[12.4869,48.0201],[12.4991,48.028],[12.5062,48.04],[12.5059,48.0578]]]},"properties":{"AGS":"09189126","GEN":"Kienberg","SN_L":"09"}},
{"type":"Feature","geometry":{"type":"Polygon","coordinates":[[[12.4242,48.0482],[12.3832,48.0446],[12.3804,48.034],[12.3574,48.0404],[12.333,48.0124],[12.3404,48.0048],[12.3652,48.0034],[12.3738,47.9927],[12.4013,47.9911],[12.4175,47.9849],[12.4259,47.9776],[12.4676,47.9941],[12.4492,47.9948],[12.4551,48.0135],[12.4397,48.0285],[12.4187,48.0379],[12.4242,48.0482]]]},"properties":{"AGS":"09189133","GEN":"Obing","SN_L":"09"}},
{"type":"Feature","geometry":{"type":"Polygon","coordinates":[[[12.4175,47.9849],[12.4013,47.9911],[12.3738,47.9927],[12.3652,48.0034],[12.3404,48.0048],[12.333,47.9699],[12.3512,47.9592],[12.384,47.9544],[12.3908,47.9429],[12.4007,47.9428],[12.42,47.951],[12.4208,47.9694],[12.406,47.9744],[12.4175,47.9849]]]},"properties":{"AGS":"09189137","GEN":"Pittenhart","SN_L":"09"}},
{"type":"Feature","geometry":{"type":"Polygon","coordinates":[[[12.7718,47.9866],[12.7583,47.9902],[12.7355,48.0082],[12.7205,48.0136],[12.7029,48.0067],[12.6934,47.9865],[12.6716,47.9792],[12.6702,47.9707],[12.6893,47.9643],[12.6905,47.9576],[12.7136,47.9563],[12.7376,47.949],[12.7342,47.9601],[12.7473,47.9764],[12.772,47.9817],[12.7718,47.9866]]]},"properties":{"AGS":"09189150","GEN":"Taching a.See","SN_L":"09"}},
{"type":"Feature","geometry":{"type":"MultiPolygon","coordinates":[[[[12.7879,47.9653],[12.7785,47.9694],[12.772,47.9817],[12.7473,47.9764],[12.745,47.9615],[12.7535,47.9482],[12.7879,47.9653]]],[[[12.6702,47.9707],[12.651,47.957],[12.6645,47.9471],[12.6587,47.9368],[12.6726,47.9246],[12.6626,47.9162],[12.671,47.9071],[12.6885,47.9076],[12.6949,47.9182],[12.7269,47.9218],[12.7429,47.9205],[12.7509,47.9144],[12.7429,47.8965],[12.7476,47.8897],[12.759,47.8841],[12.7709,47.8913],[12.7672,47.9007],[12.7787,47.9098],[12.7816,47.9281],[12.7467,47.9467],[12.7376,47.949],[12.7136,47.9563],[12.6905,47.9576],[12.6893,47.9643],[12.6702,47.9707]]]]},"properties":{"AGS":"09189162","GEN":"Waging a.See","SN_L":"09"}},
{"type":"Feature","geometry":{"type":"Polygon","coordinates":[[[12.7476,47.8897],[12.7429,47.8965],[12.7509,47.9144],[12.7429,47.9205],[12.7269,47.9218],[12.6949,47.9182],[12.6885,47.9076],[12.671,47.9071],[12.6807,47.8939],[12.7454,47.8797],[12.7476,47.8897]]]},"properties":{"AGS":"09189165","GEN":"Wonneberg","SN_L":"09"}},
{"type":"Feature","geometry":{"type":"Polygon","coordinates":[[[12.4904,47.9297],[12.4658,47.9334],[12.444,47.9221],[12.4335,47.9078],[12.431,47.8946],[12.407,47.8747],[12.3985,47.881],[12.3724,47.8858],[12.3695,47.872],[12.3639,47.8699],[12.3751,47.8347],[12.4277,47.835],[12.4478,47.8391],[12.478,47.8405],[12.4716,47.8561],[12.4955,47.855],[12.5152,47.8582],[12.529,47.8773],[12.5334,47.8829],[12.5271,47.8972],[12.501,47.9061],[12.4904,47.9297]],[[12.4078,47.8624],[12.4095,47.8541],[12.3904,47.8538],[12.385,47.8627],[12.3949,47.8709],[12.4078,47.8624]]]},"properties":{"AGS":"09189451","GEN":"Chiemsee (See)","SN_L":"09"}},
{"type":"Feature","geometry":{"type":"Polygon","coordinates":[[[12.7535,47.9482],[12.745,47.9615],[12.7473,47.9764],[12.7342,47.9601],[12.7376,47.949],[12.7467,47.9467],[12.7816,47.9281],[12.8014,47.9194],[12.7944,47.9371],[12.7732,47.9488],[12.7535,47.9482]]]},"properties":{"AGS":"09189452","GEN":"Waginger See","SN_L":"09"}},
{"type":"Feature","geometry":{"type":"Polygon","coordinates":[[[11.2918,47.8433],[11.3022,47.8594],[11.2748,47.8839],[11.2595,47.8751],[11.2416,47.8805],[11.2465,47.8565],[11.2539,47.8581],[11.2713,47.8418],[11.2918,47.8433]]]},"properties":{"AGS":"09190115","GEN":"Bernried am Starnberger See","SN_L":"09"}},
{"type":"Feature","geometry":{"type":"Polygon","coordinates":[[[10.9965,47.8321],[10.9782,47.8249],[10.9637,47.8282],[10.9809,47.8001],[10.9932,47.7928],[11.0024,47.7735],[11.035,47.7724],[11.0371,47.779],[11.0331,47.7919],[11.0457,47.7932],[11.0302,47.8128],[11.0174,47.8196],[11.0018,47.8198],[10.9965,47.8321]]]},"properties":{"AGS":"09190130","GEN":"Hohenpeißenberg","SN_L":"09"}},
{"type":"Feature","geometry":{"type":"Polygon","coordinates":[[[11.2356,47.9222],[11.2132,47.9346],[11.1909,47.9336],[11.1816,47.95],[11.1496,47.9534],[11.1504,47.9437],[11.1394,47.9351],[11.1305,47.9439],[11.1205,47.9299],[11.1342,47.927],[11.144,47.8908],[11.157,47.8964],[11.1668,47.885],[11.1862,47.8884],[11.1898,47.8997],[11.2167,47.916],[11.2356,47.9222]]]},"properties":{"AGS":"09190138","GEN":"Pähl","SN_L":"09"}},
{"type":"Feature","geometry":{"type":"Polygon","coordinates":[[[11.1204,47.7904],[11.1024,47.8007],[11.111,47.8082],[11.092,47.8135],[11.0735,47.8266],[11.0798,47.8358],[11.0646,47.8402],[11.0496,47.8337],[11.0302,47.8128],[11.0457,47.7932],[11.0331,47.7919],[11.0371,47.779],[11.0617,47.7623],[11.0814,47.7657],[11.0933,47.785],[11.1204,47.7904]]]},"properties":{"AGS":"09190139","GEN":"Peißenberg","SN_L":"09"}},
{"type":"Feature","geometry":{"type":"Polygon","coordinates":[[[10.9834,47.8692],[10.9651,47.862],[10.9508,47.8681],[10.9336,47.8814],[10.9215,47.8727],[10.9225,47.8646],[10.9247,47.8391],[10.9314,47.8292],[10.9286,47.8089],[10.8883,47.7848],[10.8632,47.786],[10.8616,47.7854],[10.8588,47.7708],[10.8513,47.7661],[10.8642,47.7475],[10.8782,47.7477],[10.8923,47.742],[10.9121,47.7397],[10.9285,47.7504],[10.9374,47.7631],[10.95,47.7606],[10.9589,47.774],[11.0024,47.7735],[10.9932,47.7928],[10.9809,47.8001],[10.9637,47.8282],[10.9782,47.8249],[10.9965,47.8321],[10.9788,47.8385],[10.9882,47.8585],[10.9834,47.8692]]]},"properties":{"AGS":"09190140","GEN":"Peiting","SN_L":"09"}},
{"type":"Feature","geometry":{"type":"Polygon","coordinates":[[[11.4093,47.7899],[11.3916,47.7901],[11.3896,47.7986],[11.372,47.7948],[11.3627,47.7931],[11.3717,47.7804],[11.3361,47.7608],[11.3536,47.7412],[11.3676,47.7376],[11.3736,47.729],[11.3801,47.7323],[11.4238,47.7419],[11.4115,47.748],[11.415,47.7558],[11.4036,47.7647],[11.398,47.7807],[11.4115,47.789],[11.4093,47.7899]]]},"properties":{"AGS":"09190141","GEN":"Penzberg","SN_L":"09"}},
{"type":"Feature","geometry":{"type":"Polygon","coordinates":[[[11.1794,47.8079],[11.1651,47.8187],[11.1294,47.8221],[11.1244,47.8337],[11.0945,47.8405],[11.0698,47.8488],[11.0625,47.844],[11.0646,47.8402],[11.0798,47.8358],[11.0735,47.8266],[11.092,47.8135],[11.111,47.8082],[11.1024,47.8007],[11.1204,47.7904],[11.1362,47.7944],[11.1517,47.7911],[11.1557,47.7842],[11.1752,47.7809],[11.1856,47.773],[11.1822,47.7816],[11.184,47.8042],[11.1794,47.8079]]]},"properties":{"AGS":"09190142","GEN":"Polling","SN_L":"09"}},
{"type":"Feature","geometry":{"type":"Polygon","coordinates":[[[11.144,47.8908],[11.1342,47.927],[11.1205,47.9299],[11.1003,47.923],[11.072,47.9202],[11.0836,47.9062],[11.0606,47.8991],[11.0681,47.8863],[11.0819,47.8854],[11.144,47.8908]]]},"properties":{"AGS":"09190144","GEN":"Raisting","SN_L":"09"}},
{"type":"Feature","geometry":{"type":"Polygon","coordinates":[[[10.9247,47.8391],[10.8891,47.8394],[10.8802,47.8195],[10.8593,47.8045],[10.8731,47.7921],[10.8632,47.786],[10.8883,47.7848],[10.9286,47.8089],[10.9314,47.8292],[10.9247,47.8391]]]},"properties":{"AGS":"09190148","GEN":"Schongau","SN_L":"09"}},
{"type":"Feature","geometry":{"type":"Polygon","coordinates":[[[11.0819,47.8854],[11.0681,47.8863],[11.0627,47.8729],[11.0695,47.8594],[11.0625,47.844],[11.0698,47.8488],[11.0945,47.8405],[11.1244,47.8337],[11.1294,47.8221],[11.1651,47.8187],[11.1794,47.8079],[11.1999,47.8097],[11.23,47.7992],[11.2365,47.812],[11.2118,47.8273],[11.2111,47.85],[11.1828,47.8479],[11.1704,47.8607],[11.1475,47.8687],[11.1329,47.8782],[11.0939,47.8758],[11.0819,47.8854]]]},"properties":{"AGS":"09190157","GEN":"Weilheim i.OB","SN_L":"09"}},
{"type":"Feature","geometry":{"type":"Polygon","coordinates":[[[11.0606,47.8991],[11.0352,47.8986],[11.019,47.9048],[11.0059,47.9047],[10.9864,47.895],[10.9746,47.8836],[10.9744,47.8742],[10.9834,47.8692],[10.9882,47.8585],[10.9788,47.8385],[10.9965,47.8321],[11.0018,47.8198],[11.0174,47.8196],[11.0302,47.8128],[11.0496,47.8337],[11.0646,47.8402],[11.0625,47.844],[11.0695,47.8594],[11.0627,47.8729],[11.0681,47.8863],[11.0606,47.8991]]]},"properties":{"AGS":"09190158","GEN":"Wessobrunn","SN_L":"09"}},
{"type":"Feature","geometry":{"type":"Polygon","coordinates":[[[11.1862,47.8884],[11.1668,47.885],[11.157,47.8964],[11.144,47.8908],[11.0819,47.8854],[11.0939,47.8758],[11.1329,47.8782],[11.1475,47.8687],[11.1704,47.8607],[11.1828,47.8479],[11.2111,47.85],[11.2186,47.8454],[11.2436,47.8462],[11.2465,47.8565],[11.2416,47.8805],[11.2319,47.8791],[11.1862,47.8884]]]},"properties":{"AGS":"09190159","GEN":"Wielenbach","SN_L":"09"}},
{"type":"Feature","geometry":{"type":"Polygon","coordinates":[[[10.8621,47.8685],[10.8486,47.8639],[10.848,47.8501],[10.859,47.8401],[10.8538,47.8333],[10.8566,47.8248],[10.8316,47.8092],[10.8254,47.7997],[10.8616,47.7854],[10.8632,47.786],[10.8731,47.7921],[10.8593,47.8045],[10.8802,47.8195],[10.8891,47.8394],[10.8637,47.8583],[10.8621,47.8685]]]},"properties":{"AGS":"09190111","GEN":"Altenstadt","SN_L":"09"}},
{"type":"Feature","geometry":{"type":"Polygon","coordinates":[[[10.9225,47.8646],[10.9172,47.8582],[10.8974,47.8618],[10.8966,47.8694],[10.8683,47.8742],[10.8621,47.8685],[10.8637,47.8583],[10.8891,47.8394],[10.9247,47.8391],[10.9225,47.8646]]]},"properties":{"AGS":"09190129","GEN":"Hohenfurch","SN_L":"09"}},
{"type":"Feature","geometry":{"type":"Polygon","coordinates":[[[10.8019,47.8259],[10.7844,47.8248],[10.7628,47.8295],[10.7476,47.8114],[10.7486,47.7973],[10.7659,47.7861],[10.7774,47.7967],[10.7925,47.7974],[10.804,47.7898],[10.8254,47.7997],[10.8316,47.8092],[10.8082,47.8123],[10.8019,47.8259]]]},"properties":{"AGS":"09190133","GEN":"Ingenried","SN_L":"09"}},
{"type":"Feature","geometry":{"type":"Polygon","coordinates":[[[10.8538,47.8333],[10.8344,47.8319],[10.8219,47.8246],[10.8019,47.8259],[10.8082,47.8123],[10.8316,47.8092],[10.8566,47.8248],[10.8538,47.8333]]]},"properties":{"AGS":"09190149","GEN":"Schwabbruck","SN_L":"09"}},
{"type":"Feature","geometry":{"type":"Polygon","coordinates":[[[10.8538,47.8333],[10.859,47.8401],[10.848,47.8501],[10.8486,47.8639],[10.8286,47.8532],[10.7948,47.8542],[10.7671,47.8438],[10.7628,47.8295],[10.7844,47.8248],[10.8019,47.8259],[10.8219,47.8246],[10.8344,47.8319],[10.8538,47.8333]]]},"properties":{"AGS":"09190151","GEN":"Schwabsoien","SN_L":"09"}},
{"type":"Feature","geometry":{"type":"Polygon","coordinates":[[[10.7772,47.7668],[10.757,47.7689],[10.7381,47.7632],[10.7314,47.7195],[10.7159,47.7055],[10.7325,47.6893],[10.755,47.6883],[10.757,47.6943],[10.7837,47.7065],[10.7939,47.7186],[10.8073,47.725],[10.8291,47.7278],[10.8252,47.7425],[10.8139,47.7571],[10.7939,47.7483],[10.7818,47.7536],[10.7772,47.7668]]]},"properties":{"AGS":"09190114","GEN":"Bernbeuren","SN_L":"09"}},
{"type":"Feature","geometry":{"type":"Polygon","coordinates":[[[10.8616,47.7854],[10.8254,47.7997],[10.804,47.7898],[10.7925,47.7974],[10.7774,47.7967],[10.7659,47.7861],[10.7809,47.7807],[10.7772,47.7668],[10.7818,47.7536],[10.7939,47.7483],[10.8139,47.7571],[10.8252,47.7425],[10.8276,47.75],[10.8436,47.7569],[10.8513,47.7661],[10.8588,47.7708],[10.8616,47.7854]]]},"properties":{"AGS":"09190118","GEN":"Burggen","SN_L":"09"}},
{"type":"Feature","geometry":{"type":"Polygon","coordinates":[[[11.2767,47.7868],[11.2697,47.787],[11.2502,47.7738],[11.2656,47.7592],[11.2664,47.7486],[11.2814,47.7373],[11.3161,47.7374],[11.3536,47.7412],[11.3361,47.7608],[11.3087,47.7666],[11.2918,47.7645],[11.2938,47.7771],[11.2767,47.7868]]]},"properties":{"AGS":"09190113","GEN":"Antdorf","SN_L":"09"}},
{"type":"Feature","geometry":{"type":"Polygon","coordinates":[[[11.3161,47.7374],[11.2814,47.7373],[11.2664,47.7486],[11.2579,47.7226],[11.2616,47.7186],[11.2886,47.7124],[11.3056,47.7092],[11.3055,47.719],[11.3168,47.7227],[11.3161,47.7374]]]},"properties":{"AGS":"09190126","GEN":"Habach","SN_L":"09"}},
{"type":"Feature","geometry":{"type":"Polygon","coordinates":[[[11.2664,47.7486],[11.2656,47.7592],[11.2502,47.7738],[11.2467,47.7709],[11.2009,47.7615],[11.1938,47.7629],[11.1895,47.7494],[11.2006,47.7328],[11.2231,47.7248],[11.2541,47.7174],[11.2579,47.7226],[11.2664,47.7486]]]},"properties":{"AGS":"09190136","GEN":"Obersöchering","SN_L":"09"}},
{"type":"Feature","geometry":{"type":"Polygon","coordinates":[[[11.3736,47.729],[11.3676,47.7376],[11.3536,47.7412],[11.3161,47.7374],[11.3168,47.7227],[11.3055,47.719],[11.3056,47.7092],[11.3441,47.6937],[11.372,47.7068],[11.3654,47.7187],[11.3728,47.7245],[11.3736,47.729]]]},"properties":{"AGS":"09190153","GEN":"Sindelsdorf","SN_L":"09"}},
{"type":"Feature","geometry":{"type":"Polygon","coordinates":[[[11.2697,47.787],[11.2552,47.8086],[11.2365,47.812],[11.23,47.7992],[11.1999,47.8097],[11.1794,47.8079],[11.184,47.8042],[11.1822,47.7816],[11.1856,47.773],[11.1892,47.7685],[11.1938,47.7629],[11.2009,47.7615],[11.2467,47.7709],[11.2502,47.7738],[11.2697,47.787]]]},"properties":{"AGS":"09190120","GEN":"Eberfing","SN_L":"09"}},
{"type":"Feature","geometry":{"type":"Polygon","coordinates":[[[11.2006,47.7328],[11.1895,47.7494],[11.1938,47.7629],[11.1892,47.7685],[11.1812,47.7503],[11.1433,47.7444],[11.1287,47.75],[11.1051,47.7437],[11.0938,47.733],[11.103,47.7268],[11.1227,47.7366],[11.1594,47.7296],[11.175,47.7148],[11.1792,47.7153],[11.2006,47.7328]]]},"properties":{"AGS":"09190121","GEN":"Eglfing","SN_L":"09"}},
{"type":"Feature","geometry":{"type":"Polygon","coordinates":[[[11.1557,47.7842],[11.1387,47.7782],[11.1424,47.7692],[11.1157,47.7609],[11.107,47.7538],[11.0814,47.7657],[11.0617,47.7623],[11.0681,47.7561],[11.0744,47.7282],[11.0938,47.733],[11.1051,47.7437],[11.1287,47.75],[11.1433,47.7444],[11.1812,47.7503],[11.1892,47.7685],[11.1856,47.773],[11.1752,47.7809],[11.1557,47.7842]]]},"properties":{"AGS":"09190131","GEN":"Huglfing","SN_L":"09"}},
{"type":"Feature","geometry":{"type":"Polygon","coordinates":[[[11.1557,47.7842],[11.1517,47.7911],[11.1362,47.7944],[11.1204,47.7904],[11.0933,47.785],[11.0814,47.7657],[11.107,47.7538],[11.1157,47.7609],[11.1424,47.7692],[11.1387,47.7782],[11.1557,47.7842]]]},"properties":{"AGS":"09190135","GEN":"Oberhausen","SN_L":"09"}},
{"type":"Feature","geometry":{"type":"Polygon","coordinates":[[[11.0617,47.7623],[11.0371,47.779],[11.035,47.7724],[11.0024,47.7735],[10.9589,47.774],[10.95,47.7606],[10.9639,47.7534],[10.9649,47.7404],[10.9936,47.7298],[11.0148,47.7303],[11.0217,47.7216],[11.0369,47.7219],[11.045,47.716],[11.0645,47.7278],[11.0744,47.7282],[11.0681,47.7561],[11.0617,47.7623]]]},"properties":{"AGS":"09190117","GEN":"Böbing","SN_L":"09"}},
{"type":"Feature","geometry":{"type":"Polygon","coordinates":[[[10.965,47.6978],[10.9778,47.7132],[11.0014,47.7098],[11.0284,47.7107],[11.045,47.716],[11.0369,47.7219],[11.0217,47.7216],[11.0148,47.7303],[10.9936,47.7298],[10.9649,47.7404],[10.9639,47.7534],[10.95,47.7606],[10.9374,47.7631],[10.9285,47.7504],[10.9121,47.7397],[10.9061,47.7315],[10.9105,47.7218],[10.9477,47.7135],[10.965,47.6978]]]},"properties":{"AGS":"09190145","GEN":"Rottenbuch","SN_L":"09"}},
{"type":"Feature","geometry":{"type":"Polygon","coordinates":[[[11.3288,47.8156],[11.302,47.8117],[11.3001,47.8041],[11.2755,47.7947],[11.2767,47.7868],[11.2938,47.7771],[11.2918,47.7645],[11.3087,47.7666],[11.3361,47.7608],[11.3717,47.7804],[11.3627,47.7931],[11.3417,47.8018],[11.3288,47.8156]]]},"properties":{"AGS":"09190132","GEN":"Iffeldorf","SN_L":"09"}},
{"type":"Feature","geometry":{"type":"Polygon","coordinates":[[[11.2918,47.8433],[11.2713,47.8418],[11.2539,47.8581],[11.2465,47.8565],[11.2436,47.8462],[11.2186,47.8454],[11.2111,47.85],[11.2118,47.8273],[11.2365,47.812],[11.2552,47.8086],[11.2697,47.787],[11.2767,47.7868],[11.2755,47.7947],[11.3001,47.8041],[11.302,47.8117],[11.3288,47.8156],[11.3292,47.8211],[11.3139,47.8213],[11.2897,47.8338],[11.2918,47.8433]]]},"properties":{"AGS":"09190152","GEN":"Seeshaupt","SN_L":"09"}},
{"type":"Feature","geometry":{"type":"Polygon","coordinates":[[[10.841,47.6666],[10.8499,47.6774],[10.8356,47.6818],[10.8032,47.7073],[10.8007,47.6935],[10.7905,47.6745],[10.7781,47.6622],[10.7988,47.6562],[10.8242,47.6571],[10.841,47.6666]]]},"properties":{"AGS":"09190143","GEN":"Prem","SN_L":"09"}},
{"type":"Feature","geometry":{"type":"Polygon","coordinates":[[[10.8513,47.7661],[10.8436,47.7569],[10.8276,47.75],[10.8252,47.7425],[10.8291,47.7278],[10.8288,47.7189],[10.8157,47.7088],[10.8032,47.7073],[10.8356,47.6818],[10.8499,47.6774],[10.841,47.6666],[10.8766,47.656],[10.9152,47.6606],[10.9164,47.6682],[10.9062,47.6858],[10.9133,47.7018],[10.9044,47.718],[10.9105,47.7218],[10.9061,47.7315],[10.9121,47.7397],[10.8923,47.742],[10.8782,47.7477],[10.8642,47.7475],[10.8513,47.7661]]]},"properties":{"AGS":"09190154","GEN":"Steingaden","SN_L":"09"}},
{"type":"Feature","geometry":{"type":"Polygon","coordinates":[[[10.965,47.6978],[10.9477,47.7135],[10.9105,47.7218],[10.9044,47.718],[10.9133,47.7018],[10.9062,47.6858],[10.9164,47.6682],[10.9152,47.6606],[10.9176,47.6554],[10.9032,47.6373],[10.9258,47.6302],[10.9352,47.6169],[10.9528,47.6163],[10.9683,47.6318],[10.9655,47.6442],[10.9849,47.6502],[10.9823,47.6586],[10.9911,47.6738],[10.9737,47.6864],[10.9673,47.6967],[10.965,47.6978]]]},"properties":{"AGS":"09190160","GEN":"Wildsteig","SN_L":"09"}},
{"type":"Feature","geometry":{"type":"Polygon","coordinates":[[[12.2747,48.5809],[12.2759,48.5932],[12.2506,48.594],[12.2206,48.5832],[12.217,48.5763],[12.1883,48.5643],[12.1694,48.5504],[12.1334,48.5755],[12.1217,48.5727],[12.1258,48.5591],[12.1171,48.5462],[12.1058,48.5465],[12.0635,48.5351],[12.0528,48.5288],[12.0261,48.5219],[12.0233,48.5085],[12.0465,48.5128],[12.058,48.5104],[12.0754,48.5152],[12.0938,48.5148],[12.1277,48.5229],[12.1364,48.5114],[12.149,48.5119],[12.1895,48.523],[12.1875,48.5304],[12.2117,48.5338],[12.2205,48.5266],[12.2266,48.5304],[12.2166,48.5429],[12.2517,48.5577],[12.2507,48.5688],[12.2666,48.581],[12.2747,48.5809]]]},"properties":{"AGS":"09261000","GEN":"Landshut","SN_L":"09"}},
{"type":"Feature","geometry":{"type":"Polygon","coordinates":[[[13.4439,48.6095],[13.4133,48.61],[13.4076,48.6044],[13.3839,48.6123],[13.3518,48.6095],[13.3396,48.6023],[13.3081,48.608],[13.3025,48.6028],[13.317,48.5886],[13.3567,48.5721],[13.3691,48.556],[13.386,48.5555],[13.3929,48.545],[13.4083,48.5409],[13.4149,48.5472],[13.4384,48.5489],[13.4385,48.5582],[13.4501,48.564],[13.4637,48.554],[13.4754,48.5561],[13.5069,48.5764],[13.5134,48.591],[13.5138,48.6013],[13.5053,48.606],[13.4822,48.6043],[13.473,48.596],[13.4544,48.5979],[13.4439,48.6095]]]},"properties":{"AGS":"09262000","GEN":"Passau","SN_L":"09"}},
{"type":"Feature","geometry":{"type":"Polygon","coordinates":[[[12.5573,48.9196],[12.5377,48.924],[12.524,48.9105],[12.5237,48.8785],[12.5084,48.873],[12.4803,48.8704],[12.4805,48.8646],[12.4891,48.8555],[12.5026,48.8539],[12.5442,48.8427],[12.5612,48.8503],[12.5864,48.8498],[12.6228,48.8687],[12.6478,48.8636],[12.6626,48.8727],[12.6665,48.8884],[12.6584,48.8975],[12.6644,48.9045],[12.6404,48.9039],[12.6273,48.9075],[12.6159,48.8965],[12.5921,48.9011],[12.584,48.9121],[12.5573,48.9196]]]},"properties":{"AGS":"09263000","GEN":"Straubing","SN_L":"09"}},
{"type":"Feature","geometry":{"type":"Polygon","coordinates":[[[12.9308,48.7646],[12.9182,48.7652],[12.9011,48.7582],[12.8813,48.7654],[12.8599,48.7556],[12.8632,48.75],[12.8432,48.7323],[12.8674,48.7283],[12.8702,48.713],[12.8928,48.7173],[12.9008,48.7044],[12.9154,48.7059],[12.936,48.7275],[12.9308,48.7646]]]},"properties":{"AGS":"09271111","GEN":"Aholming","SN_L":"09"}},
{"type":"Feature","geometry":{"type":"Polygon","coordinates":[[[13.1217,48.8275],[13.0938,48.8375],[13.0713,48.8332],[13.0566,48.8203],[13.0551,48.8091],[13.0745,48.8012],[13.0858,48.7852],[13.1258,48.7793],[13.1144,48.7964],[13.1302,48.8058],[13.1377,48.82],[13.1217,48.8275]]]},"properties":{"AGS":"09271113","GEN":"Auerbach","SN_L":"09"}},
{"type":"Feature","geometry":{"type":"Polygon","coordinates":[[[12.9365,48.9383],[12.9133,48.9359],[12.8911,48.9546],[12.8699,48.9494],[12.862,48.9305],[12.8626,48.918],[12.8756,48.9119],[12.8611,48.8979],[12.8793,48.8899],[12.8877,48.896],[12.907,48.8891],[12.9043,48.8794],[12.9169,48.873],[12.9421,48.8782],[12.9493,48.9284],[12.9365,48.9383]]]},"properties":{"AGS":"09271116","GEN":"Bernried","SN_L":"09"}},
{"type":"Feature","geometry":{"type":"Polygon","coordinates":[[[13.0728,48.882],[13.0587,48.8838],[13.042,48.902],[13.0282,48.9059],[13.0395,48.8919],[13.0081,48.8864],[13.0089,48.8765],[12.9631,48.8688],[12.9479,48.8718],[12.9215,48.8378],[12.9094,48.8429],[12.8932,48.8414],[12.9053,48.8376],[12.8969,48.8265],[12.879,48.8276],[12.8766,48.8036],[12.9003,48.8038],[12.9263,48.8108],[12.9515,48.8047],[12.9655,48.7949],[12.9772,48.8032],[13.0065,48.7869],[13.017,48.7899],[13.0196,48.802],[13.0323,48.8056],[13.0332,48.8252],[13.0209,48.8261],[13.0111,48.8369],[13.0187,48.8473],[13.0336,48.8559],[13.0438,48.8698],[13.0728,48.882]]]},"properties":{"AGS":"09271119","GEN":"Deggendorf","SN_L":"09"}},
{"type":"Feature","geometry":{"type":"Polygon","coordinates":[[[13.0244,48.9422],[13.0093,48.9493],[12.9892,48.9484],[12.9768,48.957],[12.9622,48.9474],[12.9589,48.9299],[12.9493,48.9284],[12.9421,48.8782],[12.9479,48.8718],[12.9631,48.8688],[13.0089,48.8765],[13.0081,48.8864],[13.0395,48.8919],[13.0282,48.9059],[13.0139,48.9206],[13.0273,48.9243],[13.0244,48.9422]]]},"properties":{"AGS":"09271122","GEN":"Grafling","SN_L":"09"}},
{"type":"Feature","geometry":{"type":"Polygon","coordinates":[[[13.0566,48.8203],[13.0332,48.8252],[13.0323,48.8056],[13.0196,48.802],[13.017,48.7899],[13.039,48.7749],[13.0382,48.762],[13.0502,48.7583],[13.0552,48.7477],[13.0388,48.7422],[13.0355,48.735],[13.0518,48.7365],[13.0769,48.7468],[13.1157,48.7371],[13.1257,48.7412],[13.1471,48.7413],[13.1292,48.7528],[13.1399,48.7675],[13.1368,48.7791],[13.1258,48.7793],[13.0858,48.7852],[13.0745,48.8012],[13.0551,48.8091],[13.0566,48.8203]]]},"properties":{"AGS":"09271125","GEN":"Hengersberg","SN_L":"09"}},
{"type":"Feature","geometry":{"type":"Polygon","coordinates":[[[13.1852,48.7387],[13.1471,48.7413],[13.1257,48.7412],[13.1157,48.7371],[13.1376,48.7212],[13.1602,48.7099],[13.1562,48.7027],[13.1671,48.6988],[13.1854,48.7011],[13.2014,48.6981],[13.2014,48.7016],[13.1916,48.7127],[13.1929,48.7244],[13.1852,48.7387]]]},"properties":{"AGS":"09271127","GEN":"Iggensbach","SN_L":"09"}},
{"type":"Feature","geometry":{"type":"Polygon","coordinates":[[[13.0872,48.6844],[13.0589,48.689],[13.0378,48.6765],[13.0232,48.6635],[13.017,48.6498],[12.9943,48.6441],[13.0093,48.6304],[13.0273,48.6277],[13.0643,48.6218],[13.1062,48.6292],[13.097,48.638],[13.1051,48.646],[13.0963,48.655],[13.101,48.6714],[13.1094,48.6802],[13.1121,48.6825],[13.0872,48.6844]]]},"properties":{"AGS":"09271128","GEN":"Künzing","SN_L":"09"}},
{"type":"Feature","geometry":{"type":"Polygon","coordinates":[[[12.9479,48.8718],[12.9421,48.8782],[12.9169,48.873],[12.9028,48.8709],[12.9051,48.8602],[12.8948,48.8521],[12.8676,48.8484],[12.8677,48.8411],[12.8932,48.8414],[12.9094,48.8429],[12.9215,48.8378],[12.9479,48.8718]]]},"properties":{"AGS":"09271132","GEN":"Metten","SN_L":"09"}},
{"type":"Feature","geometry":{"type":"Polygon","coordinates":[[[13.0388,48.7422],[13.0552,48.7477],[13.0502,48.7583],[13.0382,48.762],[13.039,48.7749],[13.017,48.7899],[13.0065,48.7869],[12.9974,48.7743],[13.0112,48.7688],[13.0388,48.7422]]]},"properties":{"AGS":"09271138","GEN":"Niederalteich","SN_L":"09"}},
{"type":"Feature","geometry":{"type":"Polygon","coordinates":[[[12.8611,48.8979],[12.8452,48.8982],[12.8371,48.8888],[12.8475,48.8745],[12.8386,48.867],[12.8478,48.8543],[12.8488,48.8397],[12.8677,48.8411],[12.8676,48.8484],[12.8948,48.8521],[12.9051,48.8602],[12.9028,48.8709],[12.9169,48.873],[12.9043,48.8794],[12.907,48.8891],[12.8877,48.896],[12.8793,48.8899],[12.8611,48.8979]]]},"properties":{"AGS":"09271140","GEN":"Offenberg","SN_L":"09"}},
{"type":"Feature","geometry":{"type":"Polygon","coordinates":[[[13.0388,48.7422],[13.0112,48.7688],[12.9974,48.7743],[12.9872,48.7605],[12.9983,48.7425],[12.9773,48.7253],[12.9628,48.7227],[12.9532,48.7025],[12.9535,48.691],[12.9407,48.6906],[12.9238,48.6741],[12.9067,48.6796],[12.9116,48.67],[12.9051,48.6611],[12.9057,48.6543],[12.948,48.6498],[12.9504,48.6362],[12.9435,48.6285],[12.9564,48.6152],[12.9674,48.6113],[12.9838,48.6102],[12.9943,48.6006],[13.0184,48.6079],[13.0273,48.6277],[13.0093,48.6304],[12.9943,48.6441],[13.017,48.6498],[13.0232,48.6635],[13.0378,48.6765],[13.0589,48.689],[13.0872,48.6844],[13.1016,48.7059],[13.0829,48.7182],[13.0673,48.7168],[13.0483,48.7275],[13.0307,48.7184],[13.0197,48.7286],[13.0355,48.735],[13.0388,48.7422]]]},"properties":{"AGS":"09271141","GEN":"Osterhofen","SN_L":"09"}},
{"type":"Feature","geometry":{"type":"Polygon","coordinates":[[[12.9655,48.7949],[12.9515,48.8047],[12.9263,48.8108],[12.9003,48.8038],[12.8766,48.8036],[12.8572,48.7978],[12.8442,48.7872],[12.8445,48.7752],[12.8599,48.7556],[12.8813,48.7654],[12.9011,48.7582],[12.9182,48.7652],[12.9308,48.7646],[12.9417,48.7755],[12.9689,48.7876],[12.9655,48.7949]]]},"properties":{"AGS":"09271146","GEN":"Plattling","SN_L":"09"}},
{"type":"Feature","geometry":{"type":"Polygon","coordinates":[[[12.8932,48.8414],[12.8677,48.8411],[12.8488,48.8397],[12.8346,48.8283],[12.8067,48.8226],[12.7805,48.8305],[12.7694,48.8366],[12.7496,48.8186],[12.7657,48.8104],[12.764,48.7979],[12.7682,48.7858],[12.7794,48.7813],[12.8028,48.7806],[12.8273,48.7877],[12.8442,48.7872],[12.8572,48.7978],[12.8766,48.8036],[12.879,48.8276],[12.8969,48.8265],[12.9053,48.8376],[12.8932,48.8414]]]},"properties":{"AGS":"09271151","GEN":"Stephansposching","SN_L":"09"}},
{"type":"Feature","geometry":{"type":"Polygon","coordinates":[[[13.1157,48.7371],[13.0769,48.7468],[13.0518,48.7365],[13.0355,48.735],[13.0197,48.7286],[13.0307,48.7184],[13.0483,48.7275],[13.0673,48.7168],[13.0829,48.7182],[13.1016,48.7059],[13.0872,48.6844],[13.1121,48.6825],[13.1562,48.7027],[13.1602,48.7099],[13.1376,48.7212],[13.1157,48.7371]]]},"properties":{"AGS":"09271153","GEN":"Winzer","SN_L":"09"}},
{"type":"Feature","geometry":{"type":"Polygon","coordinates":[[[13.172,48.8214],[13.154,48.8344],[13.1401,48.8272],[13.1217,48.8275],[13.1377,48.82],[13.1302,48.8058],[13.1144,48.7964],[13.1258,48.7793],[13.1368,48.7791],[13.1506,48.7877],[13.1641,48.7826],[13.1871,48.7893],[13.203,48.7975],[13.2021,48.8145],[13.2193,48.8132],[13.2167,48.8193],[13.216,48.8205],[13.1755,48.8172],[13.172,48.8214]]]},"properties":{"AGS":"09271123","GEN":"Grattersdorf","SN_L":"09"}},
{"type":"Feature","geometry":{"type":"Polygon","coordinates":[[[13.189,48.8619],[13.1516,48.8642],[13.1424,48.8536],[13.145,48.839],[13.154,48.8344],[13.172,48.8214],[13.1807,48.8279],[13.1989,48.8294],[13.2073,48.8426],[13.189,48.8619]]]},"properties":{"AGS":"09271126","GEN":"Hunding","SN_L":"09"}},
{"type":"Feature","geometry":{"type":"Polygon","coordinates":[[[13.1955,48.8628],[13.1936,48.8732],[13.1744,48.8653],[13.1206,48.8878],[13.1149,48.8817],[13.0931,48.8823],[13.0864,48.8731],[13.0938,48.8375],[13.1217,48.8275],[13.1401,48.8272],[13.154,48.8344],[13.145,48.839],[13.1424,48.8536],[13.1516,48.8642],[13.189,48.8619],[13.1955,48.8628]]]},"properties":{"AGS":"09271130","GEN":"Lalling","SN_L":"09"}},
{"type":"Feature","geometry":{"type":"Polygon","coordinates":[[[13.0938,48.8375],[13.0864,48.8731],[13.0931,48.8823],[13.0728,48.882],[13.0438,48.8698],[13.0336,48.8559],[13.0187,48.8473],[13.0111,48.8369],[13.0209,48.8261],[13.0332,48.8252],[13.0566,48.8203],[13.0713,48.8332],[13.0938,48.8375]]]},"properties":{"AGS":"09271148","GEN":"Schaufling","SN_L":"09"}},
{"type":"Feature","geometry":{"type":"Polygon","coordinates":[[[12.8432,48.7323],[12.8153,48.7196],[12.8106,48.7233],[12.7952,48.721],[12.8287,48.6823],[12.8464,48.682],[12.8433,48.6941],[12.8598,48.7002],[12.8551,48.709],[12.8702,48.713],[12.8674,48.7283],[12.8432,48.7323]]]},"properties":{"AGS":"09271139","GEN":"Oberpöring","SN_L":"09"}},
{"type":"Feature","geometry":{"type":"Polygon","coordinates":[[[12.8442,48.7872],[12.8273,48.7877],[12.8028,48.7806],[12.7794,48.7813],[12.7699,48.7661],[12.7831,48.7452],[12.8081,48.7393],[12.8106,48.7233],[12.8153,48.7196],[12.8432,48.7323],[12.8632,48.75],[12.8599,48.7556],[12.8445,48.7752],[12.8442,48.7872]]]},"properties":{"AGS":"09271143","GEN":"Otzing","SN_L":"09"}},
{"type":"Feature","geometry":{"type":"Polygon","coordinates":[[[12.9008,48.7044],[12.8928,48.7173],[12.8702,48.713],[12.8551,48.709],[12.8598,48.7002],[12.8433,48.6941],[12.8464,48.682],[12.8563,48.6645],[12.8739,48.6677],[12.8877,48.6605],[12.9051,48.6611],[12.9116,48.67],[12.9067,48.6796],[12.8994,48.6854],[12.9008,48.7044]]]},"properties":{"AGS":"09271152","GEN":"Wallerfing","SN_L":"09"}},
{"type":"Feature","geometry":{"type":"Polygon","coordinates":[[[12.9628,48.7227],[12.936,48.7275],[12.9154,48.7059],[12.9008,48.7044],[12.8994,48.6854],[12.9067,48.6796],[12.9238,48.6741],[12.9407,48.6906],[12.9535,48.691],[12.9532,48.7025],[12.9628,48.7227]]]},"properties":{"AGS":"09271118","GEN":"Buchhofen","SN_L":"09"}},
{"type":"Feature","geometry":{"type":"Polygon","coordinates":[[[13.0065,48.7869],[12.9772,48.8032],[12.9655,48.7949],[12.9689,48.7876],[12.9417,48.7755],[12.9308,48.7646],[12.936,48.7275],[12.9628,48.7227],[12.9773,48.7253],[12.9983,48.7425],[12.9872,48.7605],[12.9974,48.7743],[13.0065,48.7869]]]},"properties":{"AGS":"09271135","GEN":"Moos","SN_L":"09"}},
{"type":"Feature","geometry":{"type":"Polygon","coordinates":[[[13.2468,48.7553],[13.228,48.76],[13.2178,48.7521],[13.1987,48.7533],[13.1852,48.7387],[13.1929,48.7244],[13.1916,48.7127],[13.2014,48.7016],[13.2241,48.715],[13.2496,48.7134],[13.2586,48.7412],[13.2578,48.7457],[13.2468,48.7553]]]},"properties":{"AGS":"09271114","GEN":"Außernzell","SN_L":"09"}},
{"type":"Feature","geometry":{"type":"Polygon","coordinates":[[[13.2193,48.8132],[13.2021,48.8145],[13.203,48.7975],[13.1871,48.7893],[13.1641,48.7826],[13.1506,48.7877],[13.1368,48.7791],[13.1399,48.7675],[13.1292,48.7528],[13.1471,48.7413],[13.1852,48.7387],[13.1987,48.7533],[13.2178,48.7521],[13.228,48.76],[13.2468,48.7553],[13.2556,48.7621],[13.226,48.7726],[13.225,48.7846],[13.2416,48.7912],[13.2411,48.8094],[13.2231,48.8135],[13.2193,48.8132]]]},"properties":{"AGS":"09271149","GEN":"Schöllnach","SN_L":"09"}},
{"type":"Feature","geometry":{"type":"Polygon","coordinates":[[[13.6106,48.8618],[13.6031,48.883],[13.586,48.8778],[13.5908,48.8652],[13.5718,48.858],[13.5581,48.8657],[13.5567,48.8578],[13.5415,48.8543],[13.5302,48.8428],[13.5233,48.825],[13.4868,48.81],[13.4771,48.8044],[13.4795,48.7884],[13.4864,48.7846],[13.519,48.7924],[13.536,48.7788],[13.552,48.7845],[13.5731,48.7847],[13.6041,48.7891],[13.5987,48.8008],[13.5663,48.8241],[13.5743,48.8331],[13.5989,48.8548],[13.6106,48.8618]]]},"properties":{"AGS":"09272118","GEN":"Freyung","SN_L":"09"}},
{"type":"Feature","geometry":{"type":"Polygon","coordinates":[[[13.3708,48.9028],[13.3561,48.8741],[13.3523,48.864],[13.3567,48.8459],[13.3532,48.8304],[13.3697,48.8176],[13.3709,48.8],[13.3748,48.7941],[13.401,48.7847],[13.4063,48.8034],[13.4225,48.8063],[13.435,48.818],[13.4364,48.8258],[13.4583,48.8336],[13.4445,48.8413],[13.4723,48.8632],[13.4444,48.8684],[13.4446,48.8737],[13.4344,48.8755],[13.4211,48.8873],[13.3889,48.8919],[13.3708,48.9028]]]},"properties":{"AGS":"09272120","GEN":"Grafenau","SN_L":"09"}},
{"type":"Feature","geometry":{"type":"Polygon","coordinates":[[[13.6653,48.8241],[13.6563,48.834],[13.6423,48.8204],[13.6206,48.8181],[13.6129,48.8],[13.5987,48.8008],[13.6041,48.7891],[13.6348,48.7852],[13.6402,48.7695],[13.6582,48.7663],[13.6774,48.7617],[13.6979,48.7736],[13.7165,48.7784],[13.7201,48.7904],[13.7039,48.8076],[13.6919,48.8131],[13.6711,48.8078],[13.66,48.8166],[13.6653,48.8241]]]},"properties":{"AGS":"09272121","GEN":"Grainet","SN_L":"09"}},
{"type":"Feature","geometry":{"type":"MultiPolygon","coordinates":[[[[13.6872,48.8365],[13.6751,48.8291],[13.6834,48.8274],[13.6872,48.8365]]],[[[13.7959,48.8198],[13.7656,48.8374],[13.7501,48.8583],[13.7506,48.8668],[13.7305,48.8871],[13.724,48.8813],[13.7205,48.8673],[13.7121,48.864],[13.7318,48.8435],[13.7507,48.8427],[13.7524,48.8211],[13.7664,48.8156],[13.7577,48.793],[13.7405,48.793],[13.7568,48.786],[13.7664,48.7867],[13.7711,48.786],[13.7725,48.7858],[13.7616,48.7956],[13.7673,48.8156],[13.7959,48.8198]]]]},"properties":{"AGS":"09272122","GEN":"Haidmühle","SN_L":"09"}},
{"type":"Feature","geometry":{"type":"Polygon","coordinates":[[[13.5581,48.8657],[13.5762,48.8792],[13.5622,48.915],[13.5681,48.8947],[13.5454,48.8986],[13.5362,48.8874],[13.5089,48.8964],[13.5009,48.8753],[13.4883,48.864],[13.4723,48.8632],[13.4445,48.8413],[13.4583,48.8336],[13.4751,48.8351],[13.4917,48.8248],[13.4868,48.81],[13.5233,48.825],[13.5302,48.8428],[13.5415,48.8543],[13.5567,48.8578],[13.5581,48.8657]]]},"properties":{"AGS":"09272127","GEN":"Hohenau","SN_L":"09"}},
{"type":"Feature","geometry":{"type":"Polygon","coordinates":[[[13.6979,48.7736],[13.6774,48.7617],[13.6582,48.7663],[13.6586,48.755],[13.6416,48.748],[13.6475,48.7271],[13.6612,48.7222],[13.6505,48.7095],[13.6739,48.6889],[13.6761,48.6875],[13.7054,48.6911],[13.7172,48.6861],[13.7356,48.6893],[13.7217,48.7085],[13.7305,48.7207],[13.7166,48.7271],[13.7111,48.7484],[13.7166,48.763],[13.6979,48.7736]]]},"properties":{"AGS":"09272129","GEN":"Jandelsbrunn","SN_L":"09"}},
{"type":"Feature","geometry":{"type":"Polygon","coordinates":[[[13.6159,48.9158],[13.6183,48.922],[13.6075,48.9377],[13.5763,48.9463],[13.5541,48.9368],[13.5543,48.9324],[13.5622,48.915],[13.5762,48.8792],[13.5581,48.8657],[13.5718,48.858],[13.5908,48.8652],[13.586,48.8778],[13.6031,48.883],[13.6106,48.8618],[13.6252,48.8699],[13.622,48.8861],[13.6011,48.8956],[13.6013,48.9068],[13.6159,48.9158]]]},"properties":{"AGS":"09272134","GEN":"Mauth","SN_L":"09"}},
{"type":"Feature","geometry":{"type":"Polygon","coordinates":[[[13.7405,48.793],[13.7201,48.7904],[13.7165,48.7784],[13.6979,48.7736],[13.7166,48.763],[13.7111,48.7484],[13.7166,48.7271],[13.7305,48.7207],[13.7579,48.7122],[13.7785,48.7247],[13.7961,48.7136],[13.8177,48.7309],[13.823,48.7566],[13.8286,48.7591],[13.8018,48.7616],[13.7809,48.7563],[13.7621,48.7599],[13.7568,48.786],[13.7405,48.793]]]},"properties":{"AGS":"09272136","GEN":"Neureichenau","SN_L":"09"}},
{"type":"Feature","geometry":{"type":"Polygon","coordinates":[[[13.4868,48.81],[13.4917,48.8248],[13.4751,48.8351],[13.4583,48.8336],[13.4364,48.8258],[13.435,48.818],[13.4283,48.8018],[13.4444,48.7863],[13.4644,48.7846],[13.4694,48.8036],[13.4771,48.8044],[13.4868,48.81]]]},"properties":{"AGS":"09272140","GEN":"Ringelai","SN_L":"09"}},
{"type":"Feature","geometry":{"type":"Polygon","coordinates":[[[13.552,48.7845],[13.536,48.7788],[13.519,48.7924],[13.4864,48.7846],[13.4918,48.7735],[13.4878,48.7654],[13.47,48.7584],[13.4725,48.7489],[13.4782,48.7335],[13.4731,48.7202],[13.4922,48.7204],[13.501,48.7289],[13.5199,48.7256],[13.5297,48.7139],[13.5435,48.7112],[13.5532,48.73],[13.5458,48.7408],[13.5581,48.7446],[13.5629,48.7611],[13.552,48.7845]]]},"properties":{"AGS":"09272141","GEN":"Röhrnbach","SN_L":"09"}},
{"type":"Feature","geometry":{"type":"Polygon","coordinates":[[[13.3709,48.8],[13.3564,48.7973],[13.3367,48.8056],[13.3239,48.8032],[13.3111,48.7902],[13.3124,48.7803],[13.3328,48.77],[13.3312,48.7542],[13.3398,48.7454],[13.351,48.7512],[13.3563,48.7559],[13.3834,48.7535],[13.3947,48.7617],[13.401,48.7847],[13.3748,48.7941],[13.3709,48.8]]]},"properties":{"AGS":"09272142","GEN":"Saldenburg","SN_L":"09"}},
{"type":"Feature","geometry":{"type":"Polygon","coordinates":[[[13.4328,48.9719],[13.4167,48.98],[13.3891,48.9782],[13.3888,48.9604],[13.382,48.9557],[13.3838,48.936],[13.3735,48.9264],[13.3708,48.9028],[13.3889,48.8919],[13.4211,48.8873],[13.4344,48.8755],[13.4446,48.8737],[13.4611,48.8857],[13.4534,48.8912],[13.4482,48.8981],[13.4472,48.8995],[13.4484,48.9025],[13.4234,48.9103],[13.4195,48.9237],[13.4342,48.9242],[13.4356,48.934],[13.422,48.9376],[13.4175,48.9493],[13.4319,48.9623],[13.4328,48.9719]]]},"properties":{"AGS":"09272143","GEN":"Sankt Oswald-Riedlhütte","SN_L":"09"}},
{"type":"Feature","geometry":{"type":"Polygon","coordinates":[[[13.5083,48.9422],[13.4901,48.9445],[13.483,48.9249],[13.4737,48.9321],[13.459,48.9313],[13.4526,48.9076],[13.4659,48.8983],[13.4534,48.8912],[13.4611,48.8857],[13.4446,48.8737],[13.4444,48.8684],[13.4723,48.8632],[13.4883,48.864],[13.5009,48.8753],[13.5089,48.8964],[13.5063,48.9213],[13.5145,48.9372],[13.5083,48.9422]]]},"properties":{"AGS":"09272146","GEN":"Neuschönau","SN_L":"09"}},
{"type":"Feature","geometry":{"type":"Polygon","coordinates":[[[13.3708,48.9028],[13.3735,48.9264],[13.3838,48.936],[13.382,48.9557],[13.3888,48.9604],[13.3891,48.9782],[13.3713,48.9834],[13.3578,48.9654],[13.3444,48.9606],[13.3299,48.9465],[13.3098,48.9492],[13.2832,48.958],[13.2794,48.9512],[13.2817,48.9385],[13.2934,48.923],[13.3041,48.9223],[13.3328,48.8998],[13.3243,48.881],[13.3392,48.8693],[13.3561,48.8741],[13.3708,48.9028]]]},"properties":{"AGS":"09272149","GEN":"Spiegelau","SN_L":"09"}},
{"type":"Feature","geometry":{"type":"Polygon","coordinates":[[[13.6041,48.7891],[13.5731,48.7847],[13.552,48.7845],[13.5629,48.7611],[13.5581,48.7446],[13.5458,48.7408],[13.5532,48.73],[13.5435,48.7112],[13.5537,48.7],[13.5902,48.6835],[13.6206,48.6847],[13.6407,48.6912],[13.6597,48.6835],[13.6739,48.6889],[13.6505,48.7095],[13.6612,48.7222],[13.6475,48.7271],[13.6416,48.748],[13.6586,48.755],[13.6582,48.7663],[13.6402,48.7695],[13.6348,48.7852],[13.6041,48.7891]]]},"properties":{"AGS":"09272151","GEN":"Waldkirchen","SN_L":"09"}},
{"type":"Feature","geometry":{"type":"Polygon","coordinates":[[[13.3243,48.881],[13.3328,48.8998],[13.3041,48.9223],[13.2934,48.923],[13.2806,48.9116],[13.286,48.9021],[13.2856,48.8771],[13.2799,48.8732],[13.306,48.8586],[13.3078,48.8696],[13.3243,48.881]]]},"properties":{"AGS":"09272116","GEN":"Eppenschlag","SN_L":"09"}},
{"type":"Feature","geometry":{"type":"Polygon","coordinates":[[[13.2799,48.8732],[13.2513,48.876],[13.2466,48.861],[13.2348,48.8594],[13.2585,48.8281],[13.2737,48.8154],[13.2835,48.8171],[13.287,48.8205],[13.2922,48.8341],[13.3109,48.8466],[13.306,48.8586],[13.2799,48.8732]]]},"properties":{"AGS":"09272128","GEN":"Innernzell","SN_L":"09"}},
{"type":"Feature","geometry":{"type":"MultiPolygon","coordinates":[[[[13.2231,48.8135],[13.2167,48.8193],[13.2193,48.8132],[13.2231,48.8135]]],[[[13.2348,48.8594],[13.2139,48.8587],[13.1955,48.8628],[13.189,48.8619],[13.2073,48.8426],[13.1989,48.8294],[13.1807,48.8279],[13.172,48.8214],[13.1755,48.8172],[13.216,48.8205],[13.2707,48.8137],[13.2737,48.8154],[13.2585,48.8281],[13.2348,48.8594]]]]},"properties":{"AGS":"09272145","GEN":"Schöfweg","SN_L":"09"}},
{"type":"Feature","geometry":{"type":"Polygon","coordinates":[[[13.3561,48.8741],[13.3392,48.8693],[13.3243,48.881],[13.3078,48.8696],[13.306,48.8586],[13.3109,48.8466],[13.2922,48.8341],[13.287,48.8205],[13.3194,48.8092],[13.3239,48.8032],[13.3367,48.8056],[13.3564,48.7973],[13.3709,48.8],[13.3697,48.8176],[13.3532,48.8304],[13.3567,48.8459],[13.3523,48.864],[13.3561,48.8741]]]},"properties":{"AGS":"09272147","GEN":"Schönberg","SN_L":"09"}},
{"type":"Feature","geometry":{"type":"Polygon","coordinates":[[[13.6687,48.8435],[13.6452,48.8503],[13.6271,48.8463],[13.6103,48.8459],[13.589,48.8396],[13.5892,48.846],[13.5989,48.8548],[13.5743,48.8331],[13.5663,48.8241],[13.5987,48.8008],[13.6129,48.8],[13.6206,48.8181],[13.6423,48.8204],[13.6563,48.834],[13.6619,48.8423],[13.6687,48.8435]]]},"properties":{"AGS":"09272126","GEN":"Hinterschmiding","SN_L":"09"}},
{"type":"Feature","geometry":{"type":"Polygon","coordinates":[[[13.7058,48.8806],[13.6716,48.8801],[13.6696,48.8903],[13.6552,48.8935],[13.6453,48.9114],[13.6365,48.9087],[13.6325,48.9041],[13.6494,48.8889],[13.6487,48.881],[13.6587,48.8678],[13.6799,48.8553],[13.6851,48.8584],[13.6867,48.8624],[13.6911,48.8729],[13.7058,48.8806]]]},"properties":{"AGS":"09272139","GEN":"Philippsreut","SN_L":"09"}},
{"type":"Feature","geometry":{"type":"Polygon","coordinates":[[[13.3239,48.8032],[13.3194,48.8092],[13.287,48.8205],[13.2835,48.8171],[13.2742,48.8066],[13.285,48.7925],[13.2794,48.7824],[13.2847,48.7675],[13.261,48.7582],[13.2578,48.7457],[13.2586,48.7412],[13.2973,48.7312],[13.3224,48.744],[13.3356,48.737],[13.3518,48.7425],[13.351,48.7512],[13.3398,48.7454],[13.3312,48.7542],[13.3328,48.77],[13.3124,48.7803],[13.3111,48.7902],[13.3239,48.8032]]]},"properties":{"AGS":"09272150","GEN":"Thurmansbang","SN_L":"09"}},
{"type":"Feature","geometry":{"type":"Polygon","coordinates":[[[13.2737,48.8154],[13.2707,48.8137],[13.216,48.8205],[13.2167,48.8193],[13.2231,48.8135],[13.2411,48.8094],[13.2416,48.7912],[13.225,48.7846],[13.226,48.7726],[13.2556,48.7621],[13.2468,48.7553],[13.2578,48.7457],[13.261,48.7582],[13.2847,48.7675],[13.2794,48.7824],[13.285,48.7925],[13.2742,48.8066],[13.2835,48.8171],[13.2737,48.8154]]]},"properties":{"AGS":"09272152","GEN":"Zenting","SN_L":"09"}},
{"type":"Feature","geometry":{"type":"Polygon","coordinates":[[[13.4725,48.7489],[13.4598,48.7456],[13.4381,48.7577],[13.4264,48.7523],[13.4417,48.7265],[13.4543,48.7183],[13.4731,48.7202],[13.4782,48.7335],[13.4725,48.7489]]]},"properties":{"AGS":"09272119","GEN":"Fürsteneck","SN_L":"09"}},
{"type":"Feature","geometry":{"type":"Polygon","coordinates":[[[13.4771,48.8044],[13.4694,48.8036],[13.4644,48.7846],[13.4444,48.7863],[13.4283,48.8018],[13.435,48.818],[13.4225,48.8063],[13.4063,48.8034],[13.401,48.7847],[13.3947,48.7617],[13.4036,48.7578],[13.4264,48.7523],[13.4381,48.7577],[13.4598,48.7456],[13.4725,48.7489],[13.47,48.7584],[13.4878,48.7654],[13.4918,48.7735],[13.4864,48.7846],[13.4795,48.7884],[13.4771,48.8044]]]},"properties":{"AGS":"09272138","GEN":"Perlesreut","SN_L":"09"}},
{"type":"Feature","geometry":{"type":"Polygon","coordinates":[[[13.6587,48.8678],[13.6487,48.881],[13.6494,48.8889],[13.6325,48.9041],[13.6365,48.9087],[13.6159,48.9158],[13.6013,48.9068],[13.6011,48.8956],[13.622,48.8861],[13.6252,48.8699],[13.6336,48.8748],[13.6587,48.8678]]]},"properties":{"AGS":"09272451","GEN":"Annathaler Wald","SN_L":"09"}},
{"type":"Feature","geometry":{"type":"MultiPolygon","coordinates":[[[[13.8041,48.7812],[13.8153,48.7969],[13.7957,48.815],[13.7959,48.8198],[13.7673,48.8156],[13.7616,48.7956],[13.7725,48.7858],[13.8041,48.7812]]],[[[13.7524,48.8211],[13.7389,48.8203],[13.7359,48.8204],[13.7303,48.8203],[13.727,48.8194],[13.7245,48.8168],[13.7236,48.8152],[13.7142,48.8114],[13.7039,48.8076],[13.7201,48.7904],[13.7405,48.793],[13.7577,48.793],[13.7664,48.8156],[13.7524,48.8211]]]]},"properties":{"AGS":"09272452","GEN":"Frauenberger und Duschlberger Wald","SN_L":"09"}},
{"type":"Feature","geometry":{"type":"Polygon","coordinates":[[[13.6751,48.8291],[13.6653,48.8241],[13.66,48.8166],[13.6711,48.8078],[13.6919,48.8131],[13.7039,48.8076],[13.7142,48.8114],[13.7236,48.8152],[13.7245,48.8168],[13.727,48.8194],[13.7303,48.8203],[13.6834,48.8274],[13.6751,48.8291]]]},"properties":{"AGS":"09272453","GEN":"Graineter Wald","SN_L":"09"}},
{"type":"Feature","geometry":{"type":"Polygon","coordinates":[[[13.7121,48.864],[13.6867,48.8624],[13.6851,48.8584],[13.6985,48.8425],[13.6872,48.8365],[13.6834,48.8274],[13.7303,48.8203],[13.7359,48.8204],[13.7389,48.8203],[13.7524,48.8211],[13.7507,48.8427],[13.7318,48.8435],[13.7121,48.864]]]},"properties":{"AGS":"09272455","GEN":"Leopoldsreuter Wald","SN_L":"09"}},
{"type":"Feature","geometry":{"type":"Polygon","coordinates":[[[13.6453,48.9114],[13.638,48.9257],[13.6223,48.939],[13.6055,48.9417],[13.5907,48.9528],[13.5855,48.9685],[13.5633,48.9705],[13.5435,48.9683],[13.5292,48.9741],[13.5071,48.9691],[13.5081,48.9483],[13.5433,48.9421],[13.5543,48.9324],[13.5541,48.9368],[13.5763,48.9463],[13.6075,48.9377],[13.6183,48.922],[13.6159,48.9158],[13.6365,48.9087],[13.6453,48.9114]]]},"properties":{"AGS":"09272456","GEN":"Mauther Forst","SN_L":"09"}},
{"type":"Feature","geometry":{"type":"Polygon","coordinates":[[[13.7121,48.864],[13.7205,48.8673],[13.724,48.8813],[13.7058,48.8806],[13.6911,48.8729],[13.6867,48.8624],[13.7121,48.864]]]},"properties":{"AGS":"09272457","GEN":"Philippsreuter Wald","SN_L":"09"}},
{"type":"Feature","geometry":{"type":"Polygon","coordinates":[[[13.7664,48.7867],[13.7568,48.786],[13.7621,48.7599],[13.7809,48.7563],[13.8018,48.7616],[13.8286,48.7591],[13.8392,48.766],[13.8132,48.774],[13.8041,48.7812],[13.7725,48.7858],[13.7711,48.786],[13.7664,48.7867]]]},"properties":{"AGS":"09272458","GEN":"Pleckensteiner Wald","SN_L":"09"}},
{"type":"Feature","geometry":{"type":"Polygon","coordinates":[[[13.4615,48.9606],[13.4328,48.9719],[13.4319,48.9623],[13.4175,48.9493],[13.422,48.9376],[13.4356,48.934],[13.4342,48.9242],[13.4195,48.9237],[13.4234,48.9103],[13.4484,48.9025],[13.4417,48.9188],[13.4542,48.9345],[13.4527,48.9548],[13.4615,48.9606]]]},"properties":{"AGS":"09272459","GEN":"Sankt Oswald","SN_L":"09"}},
{"type":"Feature","geometry":{"type":"Polygon","coordinates":[[[13.6851,48.8584],[13.6799,48.8553],[13.6587,48.8678],[13.6336,48.8748],[13.6252,48.8699],[13.6106,48.8618],[13.5989,48.8548],[13.5892,48.846],[13.589,48.8396],[13.6103,48.8459],[13.6271,48.8463],[13.6452,48.8503],[13.6687,48.8435],[13.6619,48.8423],[13.6563,48.834],[13.6653,48.8241],[13.6751,48.8291],[13.6872,48.8365],[13.6985,48.8425],[13.6851,48.8584]]]},"properties":{"AGS":"09272460","GEN":"Schlichtenberger Wald","SN_L":"09"}},
{"type":"Feature","geometry":{"type":"Polygon","coordinates":[[[13.5543,48.9324],[13.5433,48.9421],[13.5081,48.9483],[13.5083,48.9422],[13.5145,48.9372],[13.5063,48.9213],[13.5089,48.8964],[13.5362,48.8874],[13.5454,48.8986],[13.5681,48.8947],[13.5622,48.915],[13.5543,48.9324]]]},"properties":{"AGS":"09272461","GEN":"Schönbrunner Wald","SN_L":"09"}},
{"type":"Feature","geometry":{"type":"Polygon","coordinates":[[[13.4615,48.9606],[13.4527,48.9548],[13.4542,48.9345],[13.4417,48.9188],[13.4484,48.9025],[13.4472,48.8995],[13.4482,48.8981],[13.4534,48.8912],[13.4659,48.8983],[13.4526,48.9076],[13.459,48.9313],[13.4737,48.9321],[13.483,48.9249],[13.4901,48.9445],[13.4836,48.9513],[13.4615,48.9606]]]},"properties":{"AGS":"09272463","GEN":"Waldhäuserwald","SN_L":"09"}},
{"type":"Feature","geometry":{"type":"Polygon","coordinates":[[[11.8739,48.8618],[11.844,48.88],[11.8237,48.8796],[11.8276,48.8657],[11.8033,48.8537],[11.7919,48.8442],[11.8103,48.8258],[11.813,48.8087],[11.8283,48.7984],[11.8578,48.8061],[11.8695,48.8008],[11.8679,48.7892],[11.885,48.7755],[11.9038,48.7833],[11.9075,48.7949],[11.9182,48.8084],[11.9147,48.8218],[11.91,48.8319],[11.8749,48.8567],[11.8739,48.8618]]]},"properties":{"AGS":"09273111","GEN":"Abensberg","SN_L":"09"}},
{"type":"Feature","geometry":{"type":"Polygon","coordinates":[[[12.0946,48.9222],[12.0819,48.9236],[12.0691,48.9424],[12.0491,48.9435],[12.0203,48.9611],[12.0141,48.9536],[11.9956,48.9495],[12.0137,48.9457],[11.9981,48.9338],[11.9697,48.9183],[11.9688,48.9111],[11.9856,48.9029],[11.9943,48.9092],[12.0418,48.9069],[12.0469,48.8792],[12.0516,48.8736],[12.0744,48.8798],[12.0918,48.8642],[12.1155,48.8612],[12.13,48.8619],[12.1337,48.8768],[12.1158,48.882],[12.1208,48.8981],[12.1098,48.9065],[12.0797,48.9045],[12.0854,48.9202],[12.0946,48.9222]]]},"properties":{"AGS":"09273116","GEN":"Bad Abbach","SN_L":"09"}},
{"type":"Feature","geometry":{"type":"Polygon","coordinates":[[[11.9956,48.9495],[11.9872,48.9526],[11.9907,48.9647],[11.9661,48.9646],[11.9594,48.9536],[11.9419,48.9481],[11.9248,48.9477],[11.9122,48.9322],[11.8943,48.9256],[11.8851,48.9312],[11.8743,48.9262],[11.8414,48.9273],[11.833,48.92],[11.8147,48.9229],[11.7951,48.9197],[11.7905,48.9259],[11.7849,48.9232],[11.7795,48.9315],[11.7663,48.9388],[11.7491,48.9396],[11.7285,48.9301],[11.717,48.8988],[11.7368,48.885],[11.7663,48.8838],[11.7604,48.9012],[11.7671,48.9098],[11.7812,48.9104],[11.797,48.9046],[11.7879,48.8757],[11.8012,48.8715],[11.7955,48.862],[11.8033,48.8537],[11.8276,48.8657],[11.8237,48.8796],[11.844,48.88],[11.8739,48.8618],[11.8736,48.8707],[11.8964,48.8702],[11.9179,48.8852],[11.9194,48.9083],[11.9255,48.9127],[11.9516,48.9053],[11.9688,48.9111],[11.9697,48.9183],[11.9981,48.9338],[12.0137,48.9457],[11.9956,48.9495]]]},"properties":{"AGS":"09273137","GEN":"Kelheim","SN_L":"09"}},
{"type":"Feature","geometry":{"type":"Polygon","coordinates":[[[11.8233,48.683],[11.7999,48.6865],[11.7953,48.693],[11.7554,48.6872],[11.7521,48.6651],[11.7301,48.664],[11.7126,48.6482],[11.6921,48.6303],[11.6943,48.618],[11.7067,48.6166],[11.7515,48.6008],[11.774,48.5996],[11.7827,48.6111],[11.799,48.6142],[11.8169,48.6027],[11.8175,48.6145],[11.8265,48.6309],[11.8005,48.6398],[11.8037,48.6554],[11.8137,48.6553],[11.816,48.6811],[11.8233,48.683]]]},"properties":{"AGS":"09273147","GEN":"Mainburg","SN_L":"09"}},
{"type":"Feature","geometry":{"type":"Polygon","coordinates":[[[11.8033,48.8537],[11.7955,48.862],[11.8012,48.8715],[11.7879,48.8757],[11.797,48.9046],[11.7812,48.9104],[11.7671,48.9098],[11.7604,48.9012],[11.7663,48.8838],[11.7368,48.885],[11.7435,48.8742],[11.7183,48.8654],[11.7188,48.8382],[11.7064,48.8403],[11.7023,48.8208],[11.7077,48.8126],[11.7259,48.8107],[11.7388,48.801],[11.7361,48.7905],[11.7196,48.7837],[11.695,48.7808],[11.7121,48.7602],[11.7393,48.7642],[11.7651,48.7581],[11.7605,48.7687],[11.8047,48.7696],[11.8194,48.7654],[11.8205,48.7845],[11.8283,48.7984],[11.813,48.8087],[11.8103,48.8258],[11.7919,48.8442],[11.8033,48.8537]]]},"properties":{"AGS":"09273152","GEN":"Neustadt a.d.Donau","SN_L":"09"}},
{"type":"Feature","geometry":{"type":"Polygon","coordinates":[[[11.8693,49.0204],[11.8254,49.021],[11.8072,49.0187],[11.7858,48.9982],[11.784,48.9889],[11.7654,48.982],[11.7827,48.9736],[11.8038,48.9718],[11.806,48.9706],[11.8257,48.9719],[11.8355,48.9774],[11.8733,48.9769],[11.8877,48.9826],[11.8926,48.9924],[11.8973,49.0001],[11.8906,49.0131],[11.8785,49.0087],[11.8694,49.0193],[11.8693,49.0204]]]},"properties":{"AGS":"09273159","GEN":"Painten","SN_L":"09"}},
{"type":"Feature","geometry":{"type":"Polygon","coordinates":[[[11.7654,48.982],[11.763,48.988],[11.7398,48.9915],[11.7228,49.0115],[11.7121,49.0121],[11.6891,49.0216],[11.6825,49.0156],[11.6598,49.0161],[11.6462,49.0046],[11.6137,49.0084],[11.6127,48.9951],[11.6216,48.984],[11.61,48.9774],[11.5993,48.9515],[11.6229,48.9434],[11.6347,48.9326],[11.6671,48.9248],[11.6908,48.9311],[11.7025,48.9189],[11.715,48.9191],[11.7285,48.9301],[11.7491,48.9396],[11.7663,48.9388],[11.7861,48.9624],[11.8038,48.9718],[11.7827,48.9736],[11.7654,48.982]]]},"properties":{"AGS":"09273164","GEN":"Riedenburg","SN_L":"09"}},
{"type":"Feature","geometry":{"type":"Polygon","coordinates":[[[11.978,48.8067],[11.9505,48.8245],[11.9412,48.8257],[11.9288,48.8178],[11.9147,48.8218],[11.9182,48.8084],[11.9075,48.7949],[11.9102,48.7891],[11.9378,48.7684],[11.9451,48.757],[11.9405,48.738],[11.9463,48.7268],[11.9533,48.7245],[11.9699,48.7297],[11.9918,48.7523],[12.005,48.7507],[12.0414,48.7567],[12.0346,48.7697],[12.0391,48.7764],[12.0259,48.7849],[11.9995,48.7823],[11.9994,48.8005],[11.978,48.8067]]]},"properties":{"AGS":"09273165","GEN":"Rohr i.NB","SN_L":"09"}},
{"type":"Feature","geometry":{"type":"Polygon","coordinates":[[[11.8414,48.9273],[11.8225,48.9467],[11.8062,48.9551],[11.806,48.9706],[11.8038,48.9718],[11.7861,48.9624],[11.7663,48.9388],[11.7795,48.9315],[11.7905,48.9259],[11.7951,48.9197],[11.8147,48.9229],[11.833,48.92],[11.8414,48.9273]]]},"properties":{"AGS":"09273121","GEN":"Essing","SN_L":"09"}},
{"type":"Feature","geometry":{"type":"Polygon","coordinates":[[[11.8733,48.9769],[11.8355,48.9774],[11.8257,48.9719],[11.806,48.9706],[11.8062,48.9551],[11.8225,48.9467],[11.8414,48.9273],[11.8743,48.9262],[11.8851,48.9312],[11.8733,48.9769]]]},"properties":{"AGS":"09273133","GEN":"Ihrlerstein","SN_L":"09"}},
{"type":"Feature","geometry":{"type":"Polygon","coordinates":[[[11.9688,48.9111],[11.9516,48.9053],[11.9255,48.9127],[11.9194,48.9083],[11.9179,48.8852],[11.8964,48.8702],[11.8736,48.8707],[11.8739,48.8618],[11.8749,48.8567],[11.91,48.8319],[11.9147,48.8218],[11.9288,48.8178],[11.9412,48.8257],[11.9408,48.8384],[11.9593,48.8492],[11.9668,48.8623],[11.9548,48.8671],[11.9674,48.8796],[11.9871,48.8957],[11.9856,48.9029],[11.9688,48.9111]]]},"properties":{"AGS":"09273166","GEN":"Saal a.d.Donau","SN_L":"09"}},
{"type":"Feature","geometry":{"type":"Polygon","coordinates":[[[12.0469,48.8792],[12.0418,48.9069],[11.9943,48.9092],[11.9856,48.9029],[11.9871,48.8957],[11.9674,48.8796],[11.9774,48.8745],[12.0035,48.8779],[12.0239,48.8752],[12.0469,48.8792]]]},"properties":{"AGS":"09273175","GEN":"Teugn","SN_L":"09"}},
{"type":"Feature","geometry":{"type":"Polygon","coordinates":[[[12.0239,48.8752],[12.0035,48.8779],[11.9774,48.8745],[11.9674,48.8796],[11.9548,48.8671],[11.9668,48.8623],[11.9593,48.8492],[11.9408,48.8384],[11.9412,48.8257],[11.9505,48.8245],[11.978,48.8067],[11.9933,48.8175],[12.0262,48.8251],[12.0315,48.8496],[12.0234,48.8612],[12.0349,48.8676],[12.0239,48.8752]]]},"properties":{"AGS":"09273125","GEN":"Hausen","SN_L":"09"}},
{"type":"Feature","geometry":{"type":"Polygon","coordinates":[[[12.1042,48.7987],[12.098,48.8081],[12.0801,48.8062],[12.0675,48.8186],[12.046,48.8142],[12.0377,48.8036],[12.0539,48.785],[12.0391,48.7764],[12.0346,48.7697],[12.0414,48.7567],[12.0833,48.7527],[12.0975,48.772],[12.097,48.7905],[12.1042,48.7987]]]},"properties":{"AGS":"09273127","GEN":"Herrngiersdorf","SN_L":"09"}},
{"type":"Feature","geometry":{"type":"Polygon","coordinates":[[[12.1155,48.8612],[12.0918,48.8642],[12.0744,48.8798],[12.0516,48.8736],[12.0469,48.8792],[12.0239,48.8752],[12.0349,48.8676],[12.0234,48.8612],[12.0315,48.8496],[12.0262,48.8251],[11.9933,48.8175],[11.978,48.8067],[11.9994,48.8005],[11.9995,48.7823],[12.0259,48.7849],[12.0391,48.7764],[12.0539,48.785],[12.0377,48.8036],[12.046,48.8142],[12.0675,48.8186],[12.0801,48.8062],[12.098,48.8081],[12.1042,48.7987],[12.1087,48.8031],[12.1022,48.8265],[12.1008,48.8508],[12.1155,48.8612]]]},"properties":{"AGS":"09273141","GEN":"Langquaid","SN_L":"09"}},
{"type":"Feature","geometry":{"type":"Polygon","coordinates":[[[11.885,48.7755],[11.8679,48.7892],[11.8695,48.8008],[11.8578,48.8061],[11.8283,48.7984],[11.8205,48.7845],[11.8194,48.7654],[11.8376,48.7656],[11.8465,48.7724],[11.8623,48.7654],[11.884,48.7728],[11.885,48.7755]]]},"properties":{"AGS":"09273119","GEN":"Biburg","SN_L":"09"}},
{"type":"Feature","geometry":{"type":"Polygon","coordinates":[[[11.9075,48.7949],[11.9038,48.7833],[11.885,48.7755],[11.884,48.7728],[11.8798,48.7576],[11.8966,48.7466],[11.9162,48.7527],[11.9214,48.7414],[11.9405,48.738],[11.9451,48.757],[11.9378,48.7684],[11.9102,48.7891],[11.9075,48.7949]]]},"properties":{"AGS":"09273139","GEN":"Kirchdorf","SN_L":"09"}},
{"type":"Feature","geometry":{"type":"Polygon","coordinates":[[[11.8966,48.7466],[11.8798,48.7576],[11.884,48.7728],[11.8623,48.7654],[11.8465,48.7724],[11.8376,48.7656],[11.8194,48.7654],[11.8047,48.7696],[11.7872,48.7472],[11.803,48.7506],[11.815,48.7445],[11.8442,48.7383],[11.8439,48.7257],[11.8519,48.7106],[11.8812,48.71],[11.8765,48.7265],[11.8805,48.736],[11.8962,48.7385],[11.8966,48.7466]]]},"properties":{"AGS":"09273172","GEN":"Siegenburg","SN_L":"09"}},
{"type":"Feature","geometry":{"type":"Polygon","coordinates":[[[11.8519,48.7106],[11.8439,48.7257],[11.8442,48.7383],[11.815,48.7445],[11.8005,48.7297],[11.7847,48.7198],[11.8015,48.7231],[11.8519,48.7106]]]},"properties":{"AGS":"09273177","GEN":"Train","SN_L":"09"}},
{"type":"Feature","geometry":{"type":"Polygon","coordinates":[[[11.9405,48.738],[11.9214,48.7414],[11.9162,48.7527],[11.8966,48.7466],[11.8962,48.7385],[11.8805,48.736],[11.8765,48.7265],[11.8812,48.71],[11.8906,48.7001],[11.9083,48.7023],[11.9257,48.7108],[11.9463,48.7268],[11.9405,48.738]]]},"properties":{"AGS":"09273181","GEN":"Wildenberg","SN_L":"09"}},
{"type":"Feature","geometry":{"type":"Polygon","coordinates":[[[11.7582,48.7185],[11.7214,48.718],[11.692,48.7226],[11.6672,48.7209],[11.667,48.7201],[11.6535,48.7006],[11.6753,48.6885],[11.6955,48.6837],[11.6901,48.6627],[11.7126,48.6482],[11.7301,48.664],[11.7521,48.6651],[11.7554,48.6872],[11.7589,48.6944],[11.7538,48.7109],[11.7582,48.7185]]]},"properties":{"AGS":"09273113","GEN":"Aiglsbach","SN_L":"09"}},
{"type":"Feature","geometry":{"type":"Polygon","coordinates":[[[11.8853,48.6376],[11.8905,48.6431],[11.8805,48.6657],[11.893,48.6673],[11.8981,48.6822],[11.8912,48.6851],[11.8838,48.6788],[11.8682,48.6832],[11.8589,48.6774],[11.8318,48.6854],[11.8233,48.683],[11.816,48.6811],[11.8137,48.6553],[11.8037,48.6554],[11.8005,48.6398],[11.8265,48.6309],[11.8362,48.6352],[11.8523,48.6312],[11.8853,48.6376]]]},"properties":{"AGS":"09273115","GEN":"Attenhofen","SN_L":"09"}},
{"type":"Feature","geometry":{"type":"Polygon","coordinates":[[[11.8519,48.7106],[11.8015,48.7231],[11.7847,48.7198],[11.7582,48.7185],[11.7538,48.7109],[11.7589,48.6944],[11.7554,48.6872],[11.7953,48.693],[11.7999,48.6865],[11.8233,48.683],[11.8318,48.6854],[11.8589,48.6774],[11.8682,48.6832],[11.8838,48.6788],[11.8912,48.6851],[11.8906,48.7001],[11.8812,48.71],[11.8519,48.7106]]]},"properties":{"AGS":"09273163","GEN":"Elsendorf","SN_L":"09"}},
{"type":"Feature","geometry":{"type":"Polygon","coordinates":[[[11.8977,48.6227],[11.8853,48.6376],[11.8523,48.6312],[11.8362,48.6352],[11.8265,48.6309],[11.8175,48.6145],[11.8169,48.6027],[11.8295,48.5946],[11.85,48.5905],[11.8662,48.5791],[11.8954,48.5834],[11.9102,48.5852],[11.9048,48.6043],[11.8943,48.6136],[11.8977,48.6227]]]},"properties":{"AGS":"09273178","GEN":"Volkenschwand","SN_L":"09"}},
{"type":"Feature","geometry":{"type":"Polygon","coordinates":[[[11.815,48.7445],[11.803,48.7506],[11.7872,48.7472],[11.8047,48.7696],[11.7605,48.7687],[11.7651,48.7581],[11.7393,48.7642],[11.7121,48.7602],[11.7022,48.7523],[11.6662,48.7484],[11.6555,48.7427],[11.6571,48.7297],[11.6672,48.7209],[11.692,48.7226],[11.7214,48.718],[11.7582,48.7185],[11.7847,48.7198],[11.8005,48.7297],[11.815,48.7445]]]},"properties":{"AGS":"09273451","GEN":"Dürnbucher Forst","SN_L":"09"}},
{"type":"Feature","geometry":{"type":"Polygon","coordinates":[[[11.9114,48.9892],[11.8926,48.9924],[11.8877,48.9826],[11.8733,48.9769],[11.8851,48.9312],[11.8943,48.9256],[11.9122,48.9322],[11.9248,48.9477],[11.9312,48.9636],[11.9026,48.9776],[11.9114,48.9892]]]},"properties":{"AGS":"09273452","GEN":"Frauenforst","SN_L":"09"}},
{"type":"Feature","geometry":{"type":"Polygon","coordinates":[[[11.7905,48.9259],[11.7795,48.9315],[11.7849,48.9232],[11.7905,48.9259]]]},"properties":{"AGS":"09273453","GEN":"Hacklberg","SN_L":"09"}},
{"type":"Feature","geometry":{"type":"Polygon","coordinates":[[[12.3105,48.5497],[12.2897,48.5544],[12.2983,48.5643],[12.2939,48.5724],[12.2747,48.5809],[12.2666,48.581],[12.2507,48.5688],[12.2517,48.5577],[12.2166,48.5429],[12.2266,48.5304],[12.2205,48.5266],[12.2369,48.5165],[12.2464,48.5186],[12.2651,48.5062],[12.2921,48.5069],[12.2989,48.5149],[12.3286,48.5038],[12.3318,48.5102],[12.3547,48.5195],[12.349,48.5346],[12.3105,48.5497]]]},"properties":{"AGS":"09274111","GEN":"Adlkofen","SN_L":"09"}},
{"type":"Feature","geometry":{"type":"Polygon","coordinates":[[[12.1217,48.5727],[12.0865,48.5877],[12.0498,48.5754],[12.04,48.5648],[12.0635,48.5351],[12.1058,48.5465],[12.1171,48.5462],[12.1258,48.5591],[12.1217,48.5727]]]},"properties":{"AGS":"09274113","GEN":"Altdorf","SN_L":"09"}},
{"type":"Feature","geometry":{"type":"Polygon","coordinates":[[[12.48,48.456],[12.4283,48.4547],[12.4083,48.4392],[12.3754,48.4329],[12.3766,48.4177],[12.3632,48.4133],[12.3562,48.399],[12.36,48.3876],[12.346,48.3852],[12.3489,48.3814],[12.374,48.3513],[12.374,48.3468],[12.3744,48.3443],[12.3855,48.3568],[12.4135,48.361],[12.425,48.3721],[12.4381,48.3853],[12.4386,48.4048],[12.4708,48.4154],[12.4838,48.4297],[12.4773,48.4491],[12.48,48.456]]]},"properties":{"AGS":"09274120","GEN":"Bodenkirchen","SN_L":"09"}},
{"type":"Feature","geometry":{"type":"Polygon","coordinates":[[[12.0707,48.458],[12.0395,48.4592],[12.0022,48.4743],[11.9953,48.4584],[12.0135,48.4444],[12.0171,48.4307],[12.0208,48.4163],[12.0821,48.429],[12.0986,48.4246],[12.1085,48.4248],[12.1012,48.4332],[12.1037,48.4437],[12.0733,48.4437],[12.0707,48.458]]]},"properties":{"AGS":"09274121","GEN":"Buch a.Erlbach","SN_L":"09"}},
{"type":"Feature","geometry":{"type":"Polygon","coordinates":[[[12.0938,48.5148],[12.0754,48.5152],[12.058,48.5104],[12.0465,48.5128],[12.0233,48.5085],[12.0077,48.4966],[12.0084,48.4849],[12.0022,48.4743],[12.0395,48.4592],[12.0707,48.458],[12.0827,48.4625],[12.0744,48.4881],[12.0914,48.5025],[12.0938,48.5148]]]},"properties":{"AGS":"09274124","GEN":"Eching","SN_L":"09"}},
{"type":"Feature","geometry":{"type":"Polygon","coordinates":[[[12.1325,48.6226],[12.0949,48.6168],[12.0776,48.6092],[12.0713,48.6018],[12.0865,48.5877],[12.1217,48.5727],[12.1334,48.5755],[12.1694,48.5504],[12.1883,48.5643],[12.1961,48.5697],[12.191,48.5815],[12.1814,48.5834],[12.1558,48.6062],[12.1392,48.6125],[12.1325,48.6226]]]},"properties":{"AGS":"09274126","GEN":"Ergolding","SN_L":"09"}},
{"type":"Feature","geometry":{"type":"Polygon","coordinates":[[[12.3034,48.6237],[12.2972,48.6227],[12.2773,48.6411],[12.2737,48.6564],[12.256,48.6745],[12.2516,48.6619],[12.2385,48.6569],[12.2095,48.6589],[12.1876,48.6509],[12.174,48.6532],[12.1586,48.6471],[12.1498,48.6529],[12.1356,48.6467],[12.1325,48.6226],[12.1392,48.6125],[12.1558,48.6062],[12.1814,48.5834],[12.191,48.5815],[12.1961,48.5697],[12.1883,48.5643],[12.217,48.5763],[12.2206,48.5832],[12.2506,48.594],[12.2759,48.5932],[12.2948,48.5964],[12.3006,48.6024],[12.2887,48.6122],[12.3034,48.6237]]]},"properties":{"AGS":"09274128","GEN":"Essenbach","SN_L":"09"}},
{"type":"Feature","geometry":{"type":"Polygon","coordinates":[[[12.3286,48.5038],[12.2989,48.5149],[12.2921,48.5069],[12.2651,48.5062],[12.2537,48.5001],[12.2305,48.5039],[12.2121,48.4877],[12.2158,48.4768],[12.2014,48.4704],[12.1975,48.4584],[12.2188,48.4623],[12.2337,48.4396],[12.2331,48.4311],[12.2375,48.4237],[12.2511,48.4215],[12.2774,48.4128],[12.2953,48.4107],[12.2877,48.4272],[12.2913,48.4354],[12.2822,48.4432],[12.3043,48.4488],[12.3084,48.4761],[12.3214,48.4903],[12.3418,48.4939],[12.3286,48.5038]]]},"properties":{"AGS":"09274134","GEN":"Geisenhausen","SN_L":"09"}},
{"type":"Feature","geometry":{"type":"Polygon","coordinates":[[[12.174,48.6532],[12.1638,48.6594],[12.1673,48.6699],[12.1488,48.6764],[12.1478,48.6843],[12.1646,48.7013],[12.1553,48.7082],[12.1377,48.7012],[12.1285,48.7072],[12.1283,48.6965],[12.0848,48.6957],[12.0761,48.6831],[12.0484,48.6835],[12.038,48.6692],[12.0118,48.6681],[12.0075,48.6569],[12.0256,48.6473],[12.0448,48.6441],[12.0577,48.6256],[12.0682,48.6236],[12.0776,48.6092],[12.0949,48.6168],[12.1325,48.6226],[12.1356,48.6467],[12.1498,48.6529],[12.1586,48.6471],[12.174,48.6532]]]},"properties":{"AGS":"09274141","GEN":"Hohenthann","SN_L":"09"}},
{"type":"Feature","geometry":{"type":"Polygon","coordinates":[[[12.2205,48.5266],[12.2117,48.5338],[12.1875,48.5304],[12.1895,48.523],[12.149,48.5119],[12.1538,48.5054],[12.1333,48.4861],[12.1478,48.4791],[12.141,48.473],[12.161,48.4636],[12.1741,48.4729],[12.2014,48.4704],[12.2158,48.4768],[12.2121,48.4877],[12.2305,48.5039],[12.2537,48.5001],[12.2651,48.5062],[12.2464,48.5186],[12.2369,48.5165],[12.2205,48.5266]]]},"properties":{"AGS":"09274146","GEN":"Kumhausen","SN_L":"09"}},
{"type":"Feature","geometry":{"type":"Polygon","coordinates":[[[12.1353,48.7659],[12.1129,48.769],[12.1068,48.7649],[12.1105,48.7372],[12.1028,48.7195],[12.1312,48.7139],[12.1285,48.7072],[12.1377,48.7012],[12.1553,48.7082],[12.1948,48.7187],[12.2021,48.7257],[12.2234,48.7291],[12.2181,48.7366],[12.1983,48.745],[12.1871,48.7452],[12.1649,48.7584],[12.1353,48.7659]]]},"properties":{"AGS":"09274153","GEN":"Neufahrn i.NB","SN_L":"09"}},
{"type":"Feature","geometry":{"type":"Polygon","coordinates":[[[12.3557,48.6232],[12.3441,48.615],[12.3322,48.6173],[12.3168,48.6284],[12.3205,48.6345],[12.3064,48.6327],[12.3034,48.6237],[12.2887,48.6122],[12.3006,48.6024],[12.2948,48.5964],[12.2759,48.5932],[12.2747,48.5809],[12.2939,48.5724],[12.2983,48.5643],[12.2897,48.5544],[12.3105,48.5497],[12.3259,48.5599],[12.3236,48.5679],[12.349,48.5718],[12.3556,48.5995],[12.3714,48.6042],[12.3557,48.6232]]]},"properties":{"AGS":"09274156","GEN":"Niederaichbach","SN_L":"09"}},
{"type":"Feature","geometry":{"type":"Polygon","coordinates":[[[12.0118,48.6681],[11.9858,48.6784],[11.9802,48.686],[11.957,48.6859],[11.9631,48.6969],[11.947,48.7192],[11.9533,48.7245],[11.9463,48.7268],[11.9257,48.7108],[11.9083,48.7023],[11.8906,48.7001],[11.8912,48.6851],[11.8981,48.6822],[11.893,48.6673],[11.8805,48.6657],[11.8905,48.6431],[11.8853,48.6376],[11.8977,48.6227],[11.9096,48.626],[11.9365,48.6183],[11.9654,48.6234],[11.9633,48.6303],[11.9745,48.639],[11.9937,48.6345],[12.002,48.6408],[12.0186,48.6344],[12.0256,48.6473],[12.0075,48.6569],[12.0118,48.6681]]]},"properties":{"AGS":"09274172","GEN":"Pfeffenhausen","SN_L":"09"}},
{"type":"Feature","geometry":{"type":"Polygon","coordinates":[[[12.1068,48.7649],[12.0975,48.772],[12.0833,48.7527],[12.0414,48.7567],[12.005,48.7507],[11.9918,48.7523],[11.9699,48.7297],[11.9533,48.7245],[11.947,48.7192],[11.9631,48.6969],[11.957,48.6859],[11.9802,48.686],[11.9858,48.6784],[12.0118,48.6681],[12.038,48.6692],[12.0484,48.6835],[12.0761,48.6831],[12.0848,48.6957],[12.1283,48.6965],[12.1285,48.7072],[12.1312,48.7139],[12.1028,48.7195],[12.1105,48.7372],[12.1068,48.7649]]]},"properties":{"AGS":"09274176","GEN":"Rottenburg a.d.Laaber","SN_L":"09"}},
{"type":"Feature","geometry":{"type":"Polygon","coordinates":[[[12.149,48.5119],[12.1364,48.5114],[12.1277,48.5229],[12.0938,48.5148],[12.0914,48.5025],[12.0744,48.4881],[12.0827,48.4625],[12.1101,48.4602],[12.1268,48.4713],[12.141,48.473],[12.1478,48.4791],[12.1333,48.4861],[12.1538,48.5054],[12.149,48.5119]]]},"properties":{"AGS":"09274182","GEN":"Tiefenbach","SN_L":"09"}},
{"type":"Feature","geometry":{"type":"Polygon","coordinates":[[[12.3513,48.4917],[12.3418,48.4939],[12.3214,48.4903],[12.3084,48.4761],[12.3043,48.4488],[12.2822,48.4432],[12.2913,48.4354],[12.2877,48.4272],[12.2953,48.4107],[12.3176,48.3928],[12.346,48.3852],[12.36,48.3876],[12.3562,48.399],[12.3632,48.4133],[12.3766,48.4177],[12.3754,48.4329],[12.4083,48.4392],[12.4283,48.4547],[12.4001,48.4724],[12.3958,48.4793],[12.3593,48.4755],[12.3513,48.4917]]]},"properties":{"AGS":"09274184","GEN":"Vilsbiburg","SN_L":"09"}},
{"type":"Feature","geometry":{"type":"Polygon","coordinates":[[[12.161,48.4636],[12.141,48.473],[12.1268,48.4713],[12.1101,48.4602],[12.0827,48.4625],[12.0707,48.458],[12.0733,48.4437],[12.1037,48.4437],[12.1012,48.4332],[12.1085,48.4248],[12.131,48.4162],[12.1484,48.4256],[12.1478,48.4321],[12.1445,48.4434],[12.161,48.4636]]]},"properties":{"AGS":"09274185","GEN":"Vilsheim","SN_L":"09"}},
{"type":"Feature","geometry":{"type":"Polygon","coordinates":[[[12.0498,48.5754],[12.0338,48.5775],[12.0109,48.5718],[11.9947,48.5777],[11.9671,48.5802],[11.9605,48.5764],[11.9579,48.5663],[11.9687,48.5396],[11.9614,48.5323],[11.9706,48.5139],[11.9583,48.4992],[11.9719,48.4926],[11.9885,48.4918],[12.0077,48.4966],[12.0233,48.5085],[12.0261,48.5219],[12.0528,48.5288],[12.0635,48.5351],[12.04,48.5648],[12.0498,48.5754]]]},"properties":{"AGS":"09274194","GEN":"Bruckberg","SN_L":"09"}},
{"type":"Feature","geometry":{"type":"Polygon","coordinates":[[[12.3294,48.7214],[12.3149,48.7249],[12.2963,48.7432],[12.2866,48.7445],[12.2698,48.7359],[12.2695,48.7264],[12.2652,48.7071],[12.274,48.6965],[12.2687,48.6785],[12.2809,48.676],[12.2969,48.6815],[12.2939,48.692],[12.3166,48.6923],[12.337,48.6884],[12.3395,48.6903],[12.3455,48.7019],[12.3297,48.713],[12.3294,48.7214]]]},"properties":{"AGS":"09274119","GEN":"Bayerbach b.Ergoldsbach","SN_L":"09"}},
{"type":"Feature","geometry":{"type":"Polygon","coordinates":[[[12.2695,48.7264],[12.2251,48.7265],[12.2234,48.7291],[12.2021,48.7257],[12.1948,48.7187],[12.1553,48.7082],[12.1646,48.7013],[12.1478,48.6843],[12.1488,48.6764],[12.1673,48.6699],[12.1638,48.6594],[12.174,48.6532],[12.1876,48.6509],[12.2095,48.6589],[12.2385,48.6569],[12.2516,48.6619],[12.256,48.6745],[12.2687,48.6785],[12.274,48.6965],[12.2652,48.7071],[12.2695,48.7264]]]},"properties":{"AGS":"09274127","GEN":"Ergoldsbach","SN_L":"09"}},
{"type":"Feature","geometry":{"type":"Polygon","coordinates":[[[12.0713,48.6018],[12.0514,48.5912],[12.0417,48.5964],[12.0099,48.6031],[11.9788,48.5999],[11.9538,48.595],[11.9671,48.5802],[11.9947,48.5777],[12.0109,48.5718],[12.0338,48.5775],[12.0498,48.5754],[12.0865,48.5877],[12.0713,48.6018]]]},"properties":{"AGS":"09274132","GEN":"Furth","SN_L":"09"}},
{"type":"Feature","geometry":{"type":"Polygon","coordinates":[[[11.9654,48.6234],[11.9365,48.6183],[11.9096,48.626],[11.8977,48.6227],[11.8943,48.6136],[11.9048,48.6043],[11.9102,48.5852],[11.9424,48.5737],[11.9605,48.5764],[11.9671,48.5802],[11.9538,48.595],[11.9788,48.5999],[11.9654,48.6234]]]},"properties":{"AGS":"09274165","GEN":"Obersüßbach","SN_L":"09"}},
{"type":"Feature","geometry":{"type":"Polygon","coordinates":[[[12.0776,48.6092],[12.0682,48.6236],[12.0577,48.6256],[12.0448,48.6441],[12.0256,48.6473],[12.0186,48.6344],[12.002,48.6408],[11.9937,48.6345],[11.9745,48.639],[11.9633,48.6303],[11.9654,48.6234],[11.9788,48.5999],[12.0099,48.6031],[12.0417,48.5964],[12.0514,48.5912],[12.0713,48.6018],[12.0776,48.6092]]]},"properties":{"AGS":"09274187","GEN":"Weihmichl","SN_L":"09"}},
{"type":"Feature","geometry":{"type":"Polygon","coordinates":[[[12.337,48.6884],[12.3166,48.6923],[12.2939,48.692],[12.2969,48.6815],[12.2809,48.676],[12.2687,48.6785],[12.256,48.6745],[12.2737,48.6564],[12.2773,48.6411],[12.2972,48.6227],[12.3034,48.6237],[12.3064,48.6327],[12.3205,48.6345],[12.3345,48.6299],[12.3664,48.6335],[12.3709,48.6423],[12.3461,48.6567],[12.3478,48.6666],[12.3302,48.6748],[12.337,48.6884]]]},"properties":{"AGS":"09274174","GEN":"Postau","SN_L":"09"}},
{"type":"Feature","geometry":{"type":"Polygon","coordinates":[[[12.3395,48.6903],[12.337,48.6884],[12.3302,48.6748],[12.3478,48.6666],[12.3461,48.6567],[12.3709,48.6423],[12.3985,48.6451],[12.3832,48.6636],[12.386,48.6778],[12.3774,48.6848],[12.3572,48.6837],[12.3395,48.6903]]]},"properties":{"AGS":"09274188","GEN":"Weng","SN_L":"09"}},
{"type":"Feature","geometry":{"type":"Polygon","coordinates":[[[12.3664,48.6335],[12.3345,48.6299],[12.3205,48.6345],[12.3168,48.6284],[12.3322,48.6173],[12.3441,48.615],[12.3557,48.6232],[12.3664,48.6335]]]},"properties":{"AGS":"09274191","GEN":"Wörth a.d.Isar","SN_L":"09"}},
{"type":"Feature","geometry":{"type":"Polygon","coordinates":[[[12.4954,48.5575],[12.4732,48.5591],[12.4398,48.5573],[12.4361,48.5512],[12.4116,48.5398],[12.4292,48.5212],[12.4472,48.5149],[12.4381,48.506],[12.4401,48.498],[12.4544,48.4854],[12.4706,48.4864],[12.5082,48.503],[12.5082,48.5153],[12.495,48.5164],[12.4861,48.5344],[12.5084,48.5433],[12.4954,48.5575]]]},"properties":{"AGS":"09274112","GEN":"Aham","SN_L":"09"}},
{"type":"Feature","geometry":{"type":"Polygon","coordinates":[[[12.4401,48.498],[12.4381,48.506],[12.4472,48.5149],[12.4292,48.5212],[12.4073,48.5107],[12.3896,48.5111],[12.3623,48.4935],[12.3513,48.4917],[12.3593,48.4755],[12.3958,48.4793],[12.3922,48.4903],[12.4289,48.5006],[12.4401,48.498]]]},"properties":{"AGS":"09274135","GEN":"Gerzen","SN_L":"09"}},
{"type":"Feature","geometry":{"type":"Polygon","coordinates":[[[12.349,48.5718],[12.3236,48.5679],[12.3259,48.5599],[12.3105,48.5497],[12.349,48.5346],[12.3547,48.5195],[12.3318,48.5102],[12.3286,48.5038],[12.3418,48.4939],[12.3513,48.4917],[12.3623,48.4935],[12.3896,48.5111],[12.4073,48.5107],[12.4292,48.5212],[12.4116,48.5398],[12.3978,48.5418],[12.3937,48.5594],[12.3718,48.5698],[12.349,48.5718]]]},"properties":{"AGS":"09274145","GEN":"Kröning","SN_L":"09"}},
{"type":"Feature","geometry":{"type":"Polygon","coordinates":[[[12.4401,48.498],[12.4289,48.5006],[12.3922,48.4903],[12.3958,48.4793],[12.4001,48.4724],[12.4283,48.4547],[12.48,48.456],[12.4706,48.4864],[12.4544,48.4854],[12.4401,48.498]]]},"properties":{"AGS":"09274179","GEN":"Schalkham","SN_L":"09"}},
{"type":"Feature","geometry":{"type":"Polygon","coordinates":[[[12.2014,48.4704],[12.1741,48.4729],[12.161,48.4636],[12.1445,48.4434],[12.1478,48.4321],[12.1792,48.4265],[12.2153,48.4239],[12.2331,48.4311],[12.2337,48.4396],[12.2188,48.4623],[12.1975,48.4584],[12.2014,48.4704]]]},"properties":{"AGS":"09274114","GEN":"Altfraunhofen","SN_L":"09"}},
{"type":"Feature","geometry":{"type":"Polygon","coordinates":[[[12.2331,48.4311],[12.2153,48.4239],[12.1792,48.4265],[12.1478,48.4321],[12.1484,48.4256],[12.1653,48.4204],[12.1713,48.3995],[12.1949,48.3998],[12.205,48.3943],[12.2269,48.3983],[12.2348,48.4093],[12.2375,48.4237],[12.2331,48.4311]]]},"properties":{"AGS":"09274118","GEN":"Baierbach","SN_L":"09"}},
{"type":"Feature","geometry":{"type":"Polygon","coordinates":[[[12.2511,48.4215],[12.2375,48.4237],[12.2348,48.4093],[12.2269,48.3983],[12.205,48.3943],[12.1949,48.3998],[12.1713,48.3995],[12.17,48.3982],[12.1887,48.3901],[12.1967,48.3649],[12.218,48.3693],[12.2372,48.384],[12.2495,48.3853],[12.2649,48.4081],[12.2511,48.4215]]]},"properties":{"AGS":"09274154","GEN":"Neufraunhofen","SN_L":"09"}},
{"type":"Feature","geometry":{"type":"Polygon","coordinates":[[[12.2953,48.4107],[12.2774,48.4128],[12.2511,48.4215],[12.2649,48.4081],[12.2495,48.3853],[12.2372,48.384],[12.218,48.3693],[12.1967,48.3649],[12.2097,48.3608],[12.2189,48.3498],[12.2329,48.3492],[12.233,48.3313],[12.2461,48.3237],[12.2506,48.3219],[12.266,48.3293],[12.3022,48.3303],[12.2867,48.3462],[12.2921,48.3558],[12.2844,48.3678],[12.314,48.3768],[12.3489,48.3814],[12.346,48.3852],[12.3176,48.3928],[12.2953,48.4107]]]},"properties":{"AGS":"09274183","GEN":"Velden","SN_L":"09"}},
{"type":"Feature","geometry":{"type":"Polygon","coordinates":[[[12.374,48.3468],[12.374,48.3513],[12.3489,48.3814],[12.314,48.3768],[12.2844,48.3678],[12.2921,48.3558],[12.2867,48.3462],[12.3022,48.3303],[12.3032,48.3169],[12.3241,48.3198],[12.3277,48.3251],[12.337,48.3343],[12.3561,48.3301],[12.3625,48.3452],[12.374,48.3468]]]},"properties":{"AGS":"09274193","GEN":"Wurmsham","SN_L":"09"}},
{"type":"Feature","geometry":{"type":"Polygon","coordinates":[[[13.2868,48.7033],[13.284,48.6968],[13.2627,48.6902],[13.2616,48.6816],[13.2853,48.676],[13.2942,48.6657],[13.2936,48.6559],[13.3114,48.6588],[13.3262,48.6716],[13.3485,48.669],[13.3621,48.6765],[13.3555,48.6862],[13.3291,48.7001],[13.304,48.6912],[13.2868,48.7033]]]},"properties":{"AGS":"09275111","GEN":"Aicha vorm Wald","SN_L":"09"}},
{"type":"Feature","geometry":{"type":"Polygon","coordinates":[[[13.1126,48.579],[13.1089,48.5978],[13.0952,48.6017],[13.1038,48.615],[13.1172,48.6168],[13.1182,48.6269],[13.1062,48.6292],[13.0643,48.6218],[13.0273,48.6277],[13.0184,48.6079],[12.9943,48.6006],[12.9837,48.5871],[12.9943,48.5801],[13.0113,48.5834],[13.0232,48.5612],[13.013,48.553],[13.0292,48.5622],[13.0905,48.5793],[13.1108,48.5787],[13.1126,48.579]]]},"properties":{"AGS":"09275114","GEN":"Aldersbach","SN_L":"09"}},
{"type":"Feature","geometry":{"type":"Polygon","coordinates":[[[13.4003,48.3687],[13.3848,48.3726],[13.3626,48.3846],[13.3486,48.3865],[13.3311,48.3737],[13.2912,48.3674],[13.2976,48.3604],[13.2832,48.3393],[13.2721,48.3337],[13.2347,48.3284],[13.2238,48.3248],[13.2227,48.3056],[13.2131,48.2947],[13.2498,48.2929],[13.2614,48.295],[13.3251,48.3209],[13.3679,48.3533],[13.4003,48.3687]]]},"properties":{"AGS":"09275116","GEN":"Bad Füssing","SN_L":"09"}},
{"type":"Feature","geometry":{"type":"Polygon","coordinates":[[[13.7961,48.7136],[13.7785,48.7247],[13.7579,48.7122],[13.7305,48.7207],[13.7217,48.7085],[13.7356,48.6893],[13.7596,48.6777],[13.7909,48.67],[13.8178,48.6606],[13.8191,48.6753],[13.8153,48.6939],[13.8199,48.6994],[13.7961,48.7136]]]},"properties":{"AGS":"09275118","GEN":"Breitenberg","SN_L":"09"}},
{"type":"Feature","geometry":{"type":"Polygon","coordinates":[[[13.5435,48.7112],[13.5297,48.7139],[13.5311,48.6972],[13.5243,48.6899],[13.5021,48.6852],[13.4892,48.6716],[13.4836,48.6533],[13.4879,48.6476],[13.5085,48.6495],[13.5223,48.6437],[13.5445,48.6464],[13.5592,48.6534],[13.5485,48.6649],[13.5491,48.6741],[13.562,48.6867],[13.5902,48.6835],[13.5537,48.7],[13.5435,48.7112]]]},"properties":{"AGS":"09275119","GEN":"Büchlberg","SN_L":"09"}},
{"type":"Feature","geometry":{"type":"Polygon","coordinates":[[[13.2586,48.7412],[13.2496,48.7134],[13.2241,48.715],[13.2014,48.7016],[13.2014,48.6981],[13.213,48.6879],[13.229,48.6856],[13.2379,48.6882],[13.2616,48.6816],[13.2627,48.6902],[13.284,48.6968],[13.2868,48.7033],[13.2973,48.7312],[13.2586,48.7412]]]},"properties":{"AGS":"09275120","GEN":"Eging a.See","SN_L":"09"}},
{"type":"Feature","geometry":{"type":"Polygon","coordinates":[[[13.3356,48.737],[13.3224,48.744],[13.2973,48.7312],[13.2868,48.7033],[13.304,48.6912],[13.3291,48.7001],[13.3555,48.6862],[13.3574,48.7029],[13.3515,48.7203],[13.3351,48.7259],[13.3356,48.737]]]},"properties":{"AGS":"09275121","GEN":"Fürstenstein","SN_L":"09"}},
{"type":"Feature","geometry":{"type":"Polygon","coordinates":[[[13.386,48.5555],[13.3691,48.556],[13.3567,48.5721],[13.317,48.5886],[13.2969,48.5794],[13.2725,48.5836],[13.2553,48.5716],[13.2669,48.562],[13.2687,48.5508],[13.288,48.5357],[13.287,48.5284],[13.2677,48.5172],[13.267,48.5109],[13.2742,48.5011],[13.2969,48.4978],[13.3126,48.4789],[13.3359,48.4578],[13.3491,48.4604],[13.3633,48.4721],[13.3749,48.4727],[13.3764,48.484],[13.3595,48.481],[13.3604,48.4993],[13.3567,48.5186],[13.3467,48.5294],[13.3795,48.5403],[13.386,48.5555]]]},"properties":{"AGS":"09275122","GEN":"Fürstenzell","SN_L":"09"}},
{"type":"Feature","geometry":{"type":"Polygon","coordinates":[[[13.2559,48.5089],[13.2384,48.5117],[13.2072,48.5329],[13.191,48.5314],[13.1854,48.52],[13.1866,48.5077],[13.2026,48.4784],[13.1995,48.4729],[13.1766,48.4741],[13.1278,48.4686],[13.1173,48.4695],[13.1176,48.4481],[13.1432,48.436],[13.1719,48.424],[13.174,48.4134],[13.2045,48.4122],[13.221,48.4063],[13.2322,48.4107],[13.2297,48.4244],[13.2324,48.4481],[13.2414,48.4581],[13.2539,48.4557],[13.2688,48.462],[13.2412,48.4764],[13.2461,48.488],[13.2343,48.4974],[13.2559,48.5089]]]},"properties":{"AGS":"09275124","GEN":"Bad Griesbach i.Rottal","SN_L":"09"}},
{"type":"Feature","geometry":{"type":"Polygon","coordinates":[[[13.191,48.5314],[13.1806,48.5353],[13.1638,48.5286],[13.1493,48.5354],[13.1102,48.5324],[13.1044,48.5365],[13.0953,48.528],[13.0949,48.5089],[13.0854,48.489],[13.114,48.485],[13.1173,48.4695],[13.1278,48.4686],[13.1766,48.4741],[13.1995,48.4729],[13.2026,48.4784],[13.1866,48.5077],[13.1854,48.52],[13.191,48.5314]]]},"properties":{"AGS":"09275125","GEN":"Haarbach","SN_L":"09"}},
{"type":"Feature","geometry":{"type":"Polygon","coordinates":[[[13.6739,48.6889],[13.6597,48.6835],[13.6407,48.6912],[13.6206,48.6847],[13.5902,48.6835],[13.562,48.6867],[13.5491,48.6741],[13.5485,48.6649],[13.5592,48.6534],[13.5652,48.6341],[13.5868,48.6015],[13.6154,48.6015],[13.6389,48.6115],[13.6468,48.6201],[13.6638,48.6228],[13.6907,48.6216],[13.7196,48.6359],[13.7215,48.6431],[13.7046,48.6518],[13.6912,48.6758],[13.6772,48.678],[13.6761,48.6875],[13.6739,48.6889]]]},"properties":{"AGS":"09275126","GEN":"Hauzenberg","SN_L":"09"}},
{"type":"Feature","geometry":{"type":"Polygon","coordinates":[[[13.1562,48.7027],[13.1121,48.6825],[13.1094,48.6802],[13.1123,48.6657],[13.1512,48.6598],[13.1667,48.6506],[13.1887,48.6621],[13.2017,48.6603],[13.2155,48.6665],[13.229,48.6856],[13.213,48.6879],[13.2014,48.6981],[13.1854,48.7011],[13.1671,48.6988],[13.1562,48.7027]]]},"properties":{"AGS":"09275127","GEN":"Hofkirchen","SN_L":"09"}},
{"type":"Feature","geometry":{"type":"Polygon","coordinates":[[[13.5297,48.7139],[13.5199,48.7256],[13.501,48.7289],[13.4922,48.7204],[13.4731,48.7202],[13.4543,48.7183],[13.4524,48.6971],[13.4349,48.6721],[13.4448,48.6507],[13.4762,48.6514],[13.4879,48.6476],[13.4836,48.6533],[13.4892,48.6716],[13.5021,48.6852],[13.5243,48.6899],[13.5311,48.6972],[13.5297,48.7139]]]},"properties":{"AGS":"09275128","GEN":"Hutthurm","SN_L":"09"}},
{"type":"Feature","geometry":{"type":"Polygon","coordinates":[[[13.2238,48.3248],[13.2347,48.3284],[13.2721,48.3337],[13.2832,48.3393],[13.2976,48.3604],[13.2912,48.3674],[13.2654,48.3607],[13.2472,48.3633],[13.2067,48.3436],[13.2073,48.3348],[13.2238,48.3248]]]},"properties":{"AGS":"09275130","GEN":"Kirchham","SN_L":"09"}},
{"type":"Feature","geometry":{"type":"Polygon","coordinates":[[[13.1465,48.3977],[13.0996,48.392],[13.0845,48.384],[13.0917,48.3813],[13.0849,48.367],[13.0982,48.3509],[13.1158,48.3429],[13.1224,48.347],[13.1268,48.3564],[13.167,48.343],[13.155,48.3781],[13.1452,48.3824],[13.1465,48.3977]]]},"properties":{"AGS":"09275131","GEN":"Kößlarn","SN_L":"09"}},
{"type":"Feature","geometry":{"type":"Polygon","coordinates":[[[13.4384,48.5489],[13.4149,48.5472],[13.4083,48.5409],[13.3929,48.545],[13.386,48.5555],[13.3795,48.5403],[13.3467,48.5294],[13.3567,48.5186],[13.3604,48.4993],[13.3595,48.481],[13.3764,48.484],[13.3982,48.4921],[13.4037,48.4876],[13.41,48.4948],[13.4244,48.4896],[13.4473,48.4944],[13.4577,48.5104],[13.4465,48.5232],[13.4487,48.5396],[13.4384,48.5489]]]},"properties":{"AGS":"09275133","GEN":"Neuburg a.Inn","SN_L":"09"}},
{"type":"Feature","geometry":{"type":"Polygon","coordinates":[[[13.4473,48.4944],[13.4244,48.4896],[13.41,48.4948],[13.4037,48.4876],[13.3907,48.4734],[13.4007,48.4611],[13.3946,48.4521],[13.3663,48.4388],[13.3746,48.4357],[13.3796,48.4188],[13.3872,48.4141],[13.407,48.4153],[13.4232,48.407],[13.4383,48.429],[13.438,48.4401],[13.427,48.4553],[13.4473,48.4944]]]},"properties":{"AGS":"09275134","GEN":"Neuhaus a.Inn","SN_L":"09"}},
{"type":"Feature","geometry":{"type":"Polygon","coordinates":[[[13.388,48.706],[13.3693,48.7069],[13.3515,48.7203],[13.3574,48.7029],[13.3555,48.6862],[13.3621,48.6765],[13.3485,48.669],[13.3566,48.6645],[13.3661,48.6732],[13.4017,48.6735],[13.4107,48.6686],[13.423,48.6759],[13.4349,48.6721],[13.4524,48.6971],[13.4381,48.7027],[13.388,48.706]]]},"properties":{"AGS":"09275135","GEN":"Neukirchen vorm Wald","SN_L":"09"}},
{"type":"Feature","geometry":{"type":"Polygon","coordinates":[[[13.656,48.5459],[13.6546,48.5618],[13.6365,48.5699],[13.6499,48.5858],[13.6061,48.5932],[13.5844,48.5898],[13.572,48.565],[13.552,48.5703],[13.5782,48.5596],[13.5995,48.5694],[13.6258,48.554],[13.656,48.5459]]]},"properties":{"AGS":"09275137","GEN":"Obernzell","SN_L":"09"}},
{"type":"Feature","geometry":{"type":"Polygon","coordinates":[[[13.2725,48.5836],[13.2496,48.5869],[13.2268,48.5838],[13.2086,48.5867],[13.2066,48.6043],[13.1898,48.5962],[13.1679,48.5933],[13.1544,48.5791],[13.1506,48.5647],[13.1714,48.5646],[13.1561,48.5404],[13.1493,48.5354],[13.1638,48.5286],[13.1806,48.5353],[13.191,48.5314],[13.2072,48.5329],[13.2384,48.5117],[13.2559,48.5089],[13.267,48.5109],[13.2677,48.5172],[13.287,48.5284],[13.288,48.5357],[13.2687,48.5508],[13.2669,48.562],[13.2553,48.5716],[13.2725,48.5836]]]},"properties":{"AGS":"09275138","GEN":"Ortenburg","SN_L":"09"}},
{"type":"Feature","geometry":{"type":"Polygon","coordinates":[[[13.4232,48.407],[13.407,48.4153],[13.3872,48.4141],[13.3796,48.4188],[13.3746,48.4357],[13.3663,48.4388],[13.3588,48.4318],[13.3388,48.4295],[13.3166,48.4201],[13.3153,48.4142],[13.2415,48.4099],[13.2403,48.3786],[13.2291,48.3727],[13.2472,48.3633],[13.2654,48.3607],[13.2912,48.3674],[13.3311,48.3737],[13.3486,48.3865],[13.3626,48.3846],[13.3848,48.3726],[13.4003,48.3687],[13.4176,48.3838],[13.4232,48.407]]]},"properties":{"AGS":"09275141","GEN":"Pocking","SN_L":"09"}},
{"type":"Feature","geometry":{"type":"Polygon","coordinates":[[[13.4448,48.6507],[13.4349,48.6721],[13.423,48.6759],[13.4107,48.6686],[13.4017,48.6735],[13.3661,48.6732],[13.3566,48.6645],[13.3715,48.659],[13.3854,48.6619],[13.4033,48.6446],[13.4399,48.643],[13.4448,48.6507]]]},"properties":{"AGS":"09275144","GEN":"Ruderting","SN_L":"09"}},
{"type":"Feature","geometry":{"type":"Polygon","coordinates":[[[13.267,48.5109],[13.2559,48.5089],[13.2343,48.4974],[13.2461,48.488],[13.2412,48.4764],[13.2688,48.462],[13.2809,48.4644],[13.2899,48.4509],[13.3046,48.4397],[13.3166,48.4201],[13.3388,48.4295],[13.3588,48.4318],[13.3663,48.4388],[13.3946,48.4521],[13.4007,48.4611],[13.3907,48.4734],[13.4037,48.4876],[13.3982,48.4921],[13.3764,48.484],[13.3749,48.4727],[13.3633,48.4721],[13.3491,48.4604],[13.3359,48.4578],[13.3126,48.4789],[13.2969,48.4978],[13.2742,48.5011],[13.267,48.5109]]]},"properties":{"AGS":"09275145","GEN":"Ruhstorf a.d.Rott","SN_L":"09"}},
{"type":"Feature","geometry":{"type":"Polygon","coordinates":[[[13.4879,48.6476],[13.4762,48.6514],[13.4448,48.6507],[13.4399,48.643],[13.437,48.6171],[13.4439,48.6095],[13.4544,48.5979],[13.473,48.596],[13.4822,48.6043],[13.5053,48.606],[13.5138,48.6013],[13.52,48.6021],[13.5258,48.6219],[13.5191,48.6318],[13.5223,48.6437],[13.5085,48.6495],[13.4879,48.6476]]]},"properties":{"AGS":"09275146","GEN":"Salzweg","SN_L":"09"}},
{"type":"Feature","geometry":{"type":"Polygon","coordinates":[[[13.7356,48.6893],[13.7172,48.6861],[13.7054,48.6911],[13.6761,48.6875],[13.6772,48.678],[13.6912,48.6758],[13.7046,48.6518],[13.7215,48.6431],[13.7376,48.6704],[13.7596,48.6777],[13.7356,48.6893]]]},"properties":{"AGS":"09275148","GEN":"Sonnen","SN_L":"09"}},
{"type":"Feature","geometry":{"type":"Polygon","coordinates":[[[13.3166,48.4201],[13.3046,48.4397],[13.2899,48.4509],[13.2809,48.4644],[13.2688,48.462],[13.2539,48.4557],[13.2414,48.4581],[13.2324,48.4481],[13.2297,48.4244],[13.2322,48.4107],[13.2415,48.4099],[13.3153,48.4142],[13.3166,48.4201]]]},"properties":{"AGS":"09275149","GEN":"Tettenweis","SN_L":"09"}},
{"type":"Feature","geometry":{"type":"Polygon","coordinates":[[[13.5592,48.6534],[13.5445,48.6464],[13.5223,48.6437],[13.5191,48.6318],[13.5258,48.6219],[13.52,48.6021],[13.5138,48.6013],[13.5134,48.591],[13.5306,48.5854],[13.552,48.5703],[13.572,48.565],[13.5844,48.5898],[13.5868,48.6015],[13.5652,48.6341],[13.5592,48.6534]]]},"properties":{"AGS":"09275150","GEN":"Thyrnau","SN_L":"09"}},
{"type":"Feature","geometry":{"type":"Polygon","coordinates":[[[13.3485,48.669],[13.3262,48.6716],[13.3114,48.6588],[13.2936,48.6559],[13.2987,48.6488],[13.3186,48.6428],[13.3184,48.6345],[13.3364,48.6266],[13.3313,48.6125],[13.3396,48.6023],[13.3518,48.6095],[13.3839,48.6123],[13.4076,48.6044],[13.4133,48.61],[13.4439,48.6095],[13.437,48.6171],[13.4399,48.643],[13.4033,48.6446],[13.3854,48.6619],[13.3715,48.659],[13.3566,48.6645],[13.3485,48.669]]]},"properties":{"AGS":"09275151","GEN":"Tiefenbach","SN_L":"09"}},
{"type":"Feature","geometry":{"type":"Polygon","coordinates":[[[13.7564,48.5652],[13.7331,48.5597],[13.7254,48.5651],[13.7244,48.5805],[13.7068,48.5977],[13.7065,48.6091],[13.7217,48.6152],[13.7256,48.6293],[13.7196,48.6359],[13.6907,48.6216],[13.6638,48.6228],[13.6468,48.6201],[13.6389,48.6115],[13.6154,48.6015],[13.5868,48.6015],[13.5844,48.5898],[13.6061,48.5932],[13.6499,48.5858],[13.6365,48.5699],[13.6546,48.5618],[13.656,48.5459],[13.6628,48.5349],[13.6853,48.5287],[13.7066,48.5173],[13.7274,48.513],[13.735,48.5261],[13.7456,48.5283],[13.7437,48.5441],[13.7564,48.5652]]]},"properties":{"AGS":"09275153","GEN":"Untergriesbach","SN_L":"09"}},
{"type":"Feature","geometry":{"type":"Polygon","coordinates":[[[13.2017,48.6603],[13.1887,48.6621],[13.1667,48.6506],[13.1512,48.6598],[13.1123,48.6657],[13.1094,48.6802],[13.101,48.6714],[13.0963,48.655],[13.1051,48.646],[13.097,48.638],[13.1062,48.6292],[13.1182,48.6269],[13.1172,48.6168],[13.1038,48.615],[13.0952,48.6017],[13.1089,48.5978],[13.1126,48.579],[13.1304,48.5725],[13.1452,48.5721],[13.1544,48.5791],[13.1679,48.5933],[13.1898,48.5962],[13.2066,48.6043],[13.2086,48.5867],[13.2268,48.5838],[13.2496,48.5869],[13.2725,48.5836],[13.2969,48.5794],[13.317,48.5886],[13.3025,48.6028],[13.3081,48.608],[13.2835,48.6126],[13.2562,48.6084],[13.2362,48.6117],[13.2116,48.6242],[13.2109,48.6508],[13.2017,48.6603]]]},"properties":{"AGS":"09275154","GEN":"Vilshofen an der Donau","SN_L":"09"}},
{"type":"Feature","geometry":{"type":"Polygon","coordinates":[[[13.8178,48.6606],[13.7909,48.67],[13.7596,48.6777],[13.7376,48.6704],[13.7215,48.6431],[13.7196,48.6359],[13.7256,48.6293],[13.7217,48.6152],[13.7065,48.6091],[13.7068,48.5977],[13.7244,48.5805],[13.7254,48.5651],[13.7331,48.5597],[13.7564,48.5652],[13.7679,48.5541],[13.7905,48.5719],[13.8005,48.5734],[13.8072,48.5847],[13.8081,48.5997],[13.8159,48.6144],[13.8252,48.6179],[13.8231,48.6427],[13.8145,48.6493],[13.8178,48.6606]]]},"properties":{"AGS":"09275156","GEN":"Wegscheid","SN_L":"09"}},
{"type":"Feature","geometry":{"type":"Polygon","coordinates":[[[13.2616,48.6816],[13.2379,48.6882],[13.229,48.6856],[13.2155,48.6665],[13.2017,48.6603],[13.2109,48.6508],[13.2116,48.6242],[13.2362,48.6117],[13.2562,48.6084],[13.2835,48.6126],[13.3081,48.608],[13.3396,48.6023],[13.3313,48.6125],[13.3364,48.6266],[13.3184,48.6345],[13.3186,48.6428],[13.2987,48.6488],[13.2936,48.6559],[13.2942,48.6657],[13.2853,48.676],[13.2616,48.6816]]]},"properties":{"AGS":"09275159","GEN":"Windorf","SN_L":"09"}},
{"type":"Feature","geometry":{"type":"Polygon","coordinates":[[[13.4036,48.7578],[13.3947,48.7617],[13.3834,48.7535],[13.3563,48.7559],[13.351,48.7512],[13.3518,48.7425],[13.3356,48.737],[13.3351,48.7259],[13.3515,48.7203],[13.3693,48.7069],[13.388,48.706],[13.406,48.727],[13.3935,48.7311],[13.4023,48.7407],[13.4036,48.7578]]]},"properties":{"AGS":"09275152","GEN":"Tittling","SN_L":"09"}},
{"type":"Feature","geometry":{"type":"Polygon","coordinates":[[[13.4264,48.7523],[13.4036,48.7578],[13.4023,48.7407],[13.3935,48.7311],[13.406,48.727],[13.388,48.706],[13.4381,48.7027],[13.4524,48.6971],[13.4543,48.7183],[13.4417,48.7265],[13.4264,48.7523]]]},"properties":{"AGS":"09275160","GEN":"Witzmannsberg","SN_L":"09"}},
{"type":"Feature","geometry":{"type":"Polygon","coordinates":[[[13.1108,48.5787],[13.0905,48.5793],[13.0292,48.5622],[13.013,48.553],[13.0004,48.5472],[13.0006,48.5339],[13.002,48.5335],[13.0431,48.5499],[13.0764,48.5541],[13.0794,48.5508],[13.0982,48.5492],[13.1116,48.5674],[13.1108,48.5787]]]},"properties":{"AGS":"09275112","GEN":"Aidenbach","SN_L":"09"}},
{"type":"Feature","geometry":{"type":"Polygon","coordinates":[[[13.1493,48.5354],[13.1561,48.5404],[13.1714,48.5646],[13.1506,48.5647],[13.1544,48.5791],[13.1452,48.5721],[13.1304,48.5725],[13.1126,48.579],[13.1108,48.5787],[13.1116,48.5674],[13.0982,48.5492],[13.0794,48.5508],[13.0916,48.5495],[13.1044,48.5365],[13.1102,48.5324],[13.1493,48.5354]]]},"properties":{"AGS":"09275117","GEN":"Beutelsbach","SN_L":"09"}},
{"type":"Feature","geometry":{"type":"Polygon","coordinates":[[[13.167,48.343],[13.1268,48.3564],[13.1224,48.347],[13.1538,48.3351],[13.151,48.3246],[13.1731,48.3114],[13.177,48.2944],[13.2131,48.2947],[13.2227,48.3056],[13.2238,48.3248],[13.2073,48.3348],[13.2067,48.3436],[13.1919,48.3478],[13.167,48.343]]]},"properties":{"AGS":"09275132","GEN":"Malching","SN_L":"09"}},
{"type":"Feature","geometry":{"type":"Polygon","coordinates":[[[13.174,48.4134],[13.1534,48.4105],[13.1465,48.3977],[13.1452,48.3824],[13.155,48.3781],[13.167,48.343],[13.1919,48.3478],[13.2067,48.3436],[13.2472,48.3633],[13.2291,48.3727],[13.2403,48.3786],[13.2415,48.4099],[13.2322,48.4107],[13.221,48.4063],[13.2045,48.4122],[13.174,48.4134]]]},"properties":{"AGS":"09275143","GEN":"Rotthalmünster","SN_L":"09"}},
{"type":"Feature","geometry":{"type":"Polygon","coordinates":[[[13.0264,49.1585],[13.0044,49.1612],[12.9949,49.1576],[12.9712,49.1664],[12.9452,49.1391],[12.9178,49.1493],[12.9147,49.139],[12.9242,49.1335],[12.952,49.1181],[12.9637,49.104],[12.9843,49.1027],[13.0001,49.1071],[13.0069,49.1157],[13.0339,49.1298],[13.0337,49.1364],[13.0654,49.1423],[13.0451,49.155],[13.0264,49.1585]]]},"properties":{"AGS":"09276113","GEN":"Arnbruck","SN_L":"09"}},
{"type":"Feature","geometry":{"type":"Polygon","coordinates":[[[13.2278,49.065],[13.2338,49.0871],[13.2359,49.1137],[13.2057,49.1221],[13.1703,49.144],[13.1769,49.1642],[13.1709,49.1736],[13.1598,49.1575],[13.1648,49.1488],[13.1358,49.1277],[13.1335,49.1118],[13.1486,49.0886],[13.1653,49.082],[13.1668,49.0724],[13.1897,49.0621],[13.2149,49.0708],[13.2278,49.065]]]},"properties":{"AGS":"09276115","GEN":"Bayerisch Eisenstein","SN_L":"09"}},
{"type":"Feature","geometry":{"type":"Polygon","coordinates":[[[13.0528,48.9521],[13.0392,48.9587],[13.0229,48.9495],[13.0244,48.9422],[13.0273,48.9243],[13.0139,48.9206],[13.0282,48.9059],[13.042,48.902],[13.0587,48.8838],[13.0728,48.882],[13.0931,48.8823],[13.1149,48.8817],[13.1206,48.8878],[13.1361,48.9246],[13.0821,48.94],[13.0688,48.938],[13.0528,48.9521]]]},"properties":{"AGS":"09276116","GEN":"Bischofsmais","SN_L":"09"}},
{"type":"Feature","geometry":{"type":"Polygon","coordinates":[[[13.1335,49.1118],[13.106,49.1147],[13.0834,49.1236],[13.0887,49.0918],[13.0688,49.0895],[13.0469,49.0716],[13.0543,49.0592],[13.0864,49.041],[13.0983,49.0438],[13.108,49.0348],[13.1404,49.0572],[13.1491,49.0691],[13.1636,49.0649],[13.1668,49.0724],[13.1653,49.082],[13.1486,49.0886],[13.1335,49.1118]]]},"properties":{"AGS":"09276117","GEN":"Bodenmais","SN_L":"09"}},
{"type":"Feature","geometry":{"type":"Polygon","coordinates":[[[13.0469,49.0716],[13.0391,49.0769],[13.0212,49.0742],[13.0052,49.066],[13.0149,49.0513],[12.9959,49.0465],[13.0402,49.0333],[13.0599,49.0192],[13.088,49.015],[13.0978,49.0095],[13.1159,49.0067],[13.1082,49.0219],[13.108,49.0348],[13.0983,49.0438],[13.0864,49.041],[13.0543,49.0592],[13.0469,49.0716]]]},"properties":{"AGS":"09276118","GEN":"Böbrach","SN_L":"09"}},
{"type":"Feature","geometry":{"type":"Polygon","coordinates":[[[13.0469,49.0716],[13.0688,49.0895],[13.0887,49.0918],[13.0834,49.1236],[13.0682,49.1295],[13.0654,49.1423],[13.0337,49.1364],[13.0339,49.1298],[13.0069,49.1157],[13.0001,49.1071],[12.9843,49.1027],[12.9637,49.104],[12.9675,49.0943],[12.9866,49.0866],[12.9949,49.0725],[13.0052,49.066],[13.0212,49.0742],[13.0391,49.0769],[13.0469,49.0716]]]},"properties":{"AGS":"09276120","GEN":"Drachselsried","SN_L":"09"}},
{"type":"Feature","geometry":{"type":"Polygon","coordinates":[[[13.4167,48.98],[13.4029,48.9873],[13.4093,49.0031],[13.4004,49.0164],[13.3904,49.0189],[13.3794,49.008],[13.3606,49.0129],[13.3165,49.0198],[13.2938,49.0064],[13.2537,49.0163],[13.2472,49.0111],[13.2629,48.997],[13.2592,48.981],[13.2246,48.9796],[13.2388,48.9792],[13.2709,48.9603],[13.2794,48.9512],[13.2832,48.958],[13.3098,48.9492],[13.3299,48.9465],[13.3444,48.9606],[13.3578,48.9654],[13.3713,48.9834],[13.3891,48.9782],[13.4167,48.98]]]},"properties":{"AGS":"09276121","GEN":"Frauenau","SN_L":"09"}},
{"type":"Feature","geometry":{"type":"Polygon","coordinates":[[[13.0052,49.066],[12.9949,49.0725],[12.9516,49.069],[12.9404,49.0624],[12.9487,49.0442],[12.9474,49.0226],[12.9753,49.0166],[12.9963,49.0199],[12.987,49.0368],[12.9959,49.0465],[13.0149,49.0513],[13.0052,49.066]]]},"properties":{"AGS":"09276122","GEN":"Geiersthal","SN_L":"09"}},
{"type":"Feature","geometry":{"type":"Polygon","coordinates":[[[13.2147,48.9185],[13.1548,48.9299],[13.1503,48.9365],[13.1482,48.9277],[13.1361,48.9246],[13.1206,48.8878],[13.1744,48.8653],[13.1936,48.8732],[13.1955,48.8628],[13.2139,48.8587],[13.2348,48.8594],[13.2466,48.861],[13.2513,48.876],[13.2383,48.8811],[13.2473,48.8976],[13.2225,48.9002],[13.2147,48.9185]]]},"properties":{"AGS":"09276126","GEN":"Kirchberg i.Wald","SN_L":"09"}},
{"type":"Feature","geometry":{"type":"Polygon","coordinates":[[[13.2709,48.9603],[13.2576,48.9439],[13.2439,48.9371],[13.2325,48.9255],[13.2147,48.9185],[13.2225,48.9002],[13.2473,48.8976],[13.2383,48.8811],[13.2513,48.876],[13.2799,48.8732],[13.2856,48.8771],[13.286,48.9021],[13.2806,48.9116],[13.2934,48.923],[13.2817,48.9385],[13.2794,48.9512],[13.2709,48.9603]]]},"properties":{"AGS":"09276127","GEN":"Kirchdorf i.Wald","SN_L":"09"}},
{"type":"Feature","geometry":{"type":"Polygon","coordinates":[[[12.9487,49.0442],[12.9335,49.0504],[12.9064,49.05],[12.8782,49.0666],[12.8567,49.0666],[12.8417,49.0711],[12.8215,49.0714],[12.8061,49.0565],[12.8057,49.0548],[12.8088,49.0384],[12.8384,49.0089],[12.8479,49.0087],[12.8687,49.0051],[12.884,48.9955],[12.9107,48.9936],[12.922,49.0055],[12.9364,49.0032],[12.9373,49.0192],[12.9474,49.0226],[12.9487,49.0442]]]},"properties":{"AGS":"09276128","GEN":"Kollnburg","SN_L":"09"}},
{"type":"Feature","geometry":{"type":"Polygon","coordinates":[[[13.1636,49.0649],[13.1491,49.0691],[13.1404,49.0572],[13.108,49.0348],[13.1082,49.0219],[13.1159,49.0067],[13.139,48.9999],[13.1734,48.9998],[13.1942,49.0039],[13.2063,49.0118],[13.1855,49.0271],[13.186,49.0331],[13.1677,49.0478],[13.1716,49.0576],[13.1636,49.0649]]]},"properties":{"AGS":"09276129","GEN":"Langdorf","SN_L":"09"}},
{"type":"Feature","geometry":{"type":"Polygon","coordinates":[[[13.4004,49.0164],[13.4031,49.0265],[13.3923,49.0543],[13.3759,49.0584],[13.344,49.0889],[13.3278,49.0962],[13.2892,49.1186],[13.2764,49.1205],[13.2359,49.1137],[13.2338,49.0871],[13.2278,49.065],[13.2397,49.0537],[13.2359,49.0352],[13.2478,49.0272],[13.2537,49.0163],[13.2938,49.0064],[13.3165,49.0198],[13.3606,49.0129],[13.3794,49.008],[13.3904,49.0189],[13.4004,49.0164]]]},"properties":{"AGS":"09276130","GEN":"Lindberg","SN_L":"09"}},
{"type":"Feature","geometry":{"type":"Polygon","coordinates":[[[12.9963,49.0199],[12.9753,49.0166],[12.9474,49.0226],[12.9373,49.0192],[12.9364,49.0032],[12.9367,48.9895],[12.9512,48.9844],[12.9518,48.9704],[12.9583,48.9738],[12.9751,48.9899],[13.0018,48.9994],[13.0154,49.0065],[12.9963,49.0199]]]},"properties":{"AGS":"09276134","GEN":"Patersdorf","SN_L":"09"}},
{"type":"Feature","geometry":{"type":"Polygon","coordinates":[[[12.8636,49.1298],[12.8401,49.1351],[12.8232,49.1269],[12.794,49.1221],[12.7673,49.1265],[12.7682,49.1148],[12.7871,49.0966],[12.797,49.0804],[12.7979,49.0612],[12.8061,49.0565],[12.8215,49.0714],[12.8417,49.0711],[12.8504,49.0845],[12.8767,49.0925],[12.8641,49.1158],[12.8636,49.1298]]]},"properties":{"AGS":"09276135","GEN":"Prackenbach","SN_L":"09"}},
{"type":"Feature","geometry":{"type":"Polygon","coordinates":[[[13.1159,49.0067],[13.0978,49.0095],[13.0969,49.0006],[13.0757,48.9968],[13.0589,48.9888],[13.0478,48.9897],[13.067,48.9664],[13.0659,48.9576],[13.0528,48.9521],[13.0688,48.938],[13.0821,48.94],[13.1361,48.9246],[13.1482,48.9277],[13.1503,48.9365],[13.1617,48.9453],[13.1709,48.9717],[13.1794,48.9767],[13.212,48.981],[13.1942,49.0039],[13.1734,48.9998],[13.139,48.9999],[13.1159,49.0067]]]},"properties":{"AGS":"09276138","GEN":"Regen","SN_L":"09"}},
{"type":"Feature","geometry":{"type":"Polygon","coordinates":[[[13.2246,48.9796],[13.212,48.981],[13.1794,48.9767],[13.1709,48.9717],[13.1617,48.9453],[13.1503,48.9365],[13.1548,48.9299],[13.2147,48.9185],[13.2325,48.9255],[13.2439,48.9371],[13.2576,48.9439],[13.2709,48.9603],[13.2388,48.9792],[13.2246,48.9796]]]},"properties":{"AGS":"09276139","GEN":"Rinchnach","SN_L":"09"}},
{"type":"Feature","geometry":{"type":"Polygon","coordinates":[[[13.0978,49.0095],[13.088,49.015],[13.0599,49.0192],[13.0402,49.0333],[12.9959,49.0465],[12.987,49.0368],[12.9963,49.0199],[13.0154,49.0065],[13.0383,48.9979],[13.0478,48.9897],[13.0589,48.9888],[13.0757,48.9968],[13.0969,49.0006],[13.0978,49.0095]]]},"properties":{"AGS":"09276143","GEN":"Teisnach","SN_L":"09"}},
{"type":"Feature","geometry":{"type":"Polygon","coordinates":[[[12.9242,49.1335],[12.8989,49.1275],[12.8795,49.1376],[12.8636,49.1298],[12.8641,49.1158],[12.8767,49.0925],[12.8504,49.0845],[12.8417,49.0711],[12.8567,49.0666],[12.8782,49.0666],[12.9064,49.05],[12.9335,49.0504],[12.9487,49.0442],[12.9404,49.0624],[12.9516,49.069],[12.9949,49.0725],[12.9866,49.0866],[12.9675,49.0943],[12.9637,49.104],[12.952,49.1181],[12.9242,49.1335]]]},"properties":{"AGS":"09276144","GEN":"Viechtach","SN_L":"09"}},
{"type":"Feature","geometry":{"type":"Polygon","coordinates":[[[13.2278,49.065],[13.2149,49.0708],[13.1897,49.0621],[13.1668,49.0724],[13.1636,49.0649],[13.1716,49.0576],[13.1677,49.0478],[13.186,49.0331],[13.1855,49.0271],[13.2063,49.0118],[13.1942,49.0039],[13.212,48.981],[13.2246,48.9796],[13.2592,48.981],[13.2629,48.997],[13.2472,49.0111],[13.2537,49.0163],[13.2478,49.0272],[13.2359,49.0352],[13.2397,49.0537],[13.2278,49.065]]]},"properties":{"AGS":"09276148","GEN":"Zwiesel","SN_L":"09"}},
{"type":"Feature","geometry":{"type":"Polygon","coordinates":[[[12.9364,49.0032],[12.922,49.0055],[12.9107,48.9936],[12.884,48.9955],[12.8687,49.0051],[12.8479,49.0087],[12.8733,48.99],[12.8808,48.9764],[12.8777,48.9678],[12.8911,48.9546],[12.9133,48.9359],[12.9365,48.9383],[12.9418,48.9438],[12.9352,48.9623],[12.9518,48.9704],[12.9512,48.9844],[12.9367,48.9895],[12.9364,49.0032]]]},"properties":{"AGS":"09276111","GEN":"Achslach","SN_L":"09"}},
{"type":"Feature","geometry":{"type":"Polygon","coordinates":[[[12.98,48.9643],[12.9583,48.9738],[12.9518,48.9704],[12.9352,48.9623],[12.9418,48.9438],[12.9365,48.9383],[12.9493,48.9284],[12.9589,48.9299],[12.9622,48.9474],[12.9768,48.957],[12.98,48.9643]]]},"properties":{"AGS":"09276123","GEN":"Gotteszell","SN_L":"09"}},
{"type":"Feature","geometry":{"type":"Polygon","coordinates":[[[13.0018,48.9994],[12.9751,48.9899],[12.9583,48.9738],[12.98,48.9643],[12.993,48.9813],[12.9939,48.9958],[13.0018,48.9994]]]},"properties":{"AGS":"09276142","GEN":"Ruhmannsfelden","SN_L":"09"}},
{"type":"Feature","geometry":{"type":"Polygon","coordinates":[[[13.0478,48.9897],[13.0383,48.9979],[13.0154,49.0065],[13.0018,48.9994],[12.9939,48.9958],[12.993,48.9813],[12.98,48.9643],[12.9768,48.957],[12.9892,48.9484],[13.0093,48.9493],[13.0244,48.9422],[13.0229,48.9495],[13.0392,48.9587],[13.0528,48.9521],[13.0659,48.9576],[13.067,48.9664],[13.0478,48.9897]]]},"properties":{"AGS":"09276146","GEN":"Zachenberg","SN_L":"09"}},
{"type":"Feature","geometry":{"type":"Polygon","coordinates":[[[12.8787,48.603],[12.8751,48.6057],[12.8406,48.6031],[12.8423,48.5912],[12.8248,48.5929],[12.8148,48.6022],[12.7856,48.5996],[12.7728,48.5903],[12.7609,48.5566],[12.7694,48.5435],[12.7579,48.5368],[12.7618,48.5243],[12.7521,48.5083],[12.7629,48.5116],[12.7907,48.5043],[12.8089,48.5033],[12.8274,48.5117],[12.8396,48.5282],[12.8523,48.5195],[12.8665,48.5188],[12.8673,48.5298],[12.89,48.5293],[12.8959,48.5408],[12.879,48.5535],[12.8819,48.5695],[12.8741,48.5803],[12.8787,48.603]]]},"properties":{"AGS":"09277111","GEN":"Arnstorf","SN_L":"09"}},
{"type":"Feature","geometry":{"type":"Polygon","coordinates":[[[13.0379,48.4865],[13.0285,48.4912],[13.026,48.5093],[13.016,48.5228],[13.002,48.5335],[13.0006,48.5339],[12.9801,48.5242],[12.9832,48.5164],[12.9634,48.5113],[12.9338,48.5113],[12.924,48.5215],[12.8973,48.524],[12.89,48.5293],[12.8673,48.5298],[12.8665,48.5188],[12.8788,48.5207],[12.8911,48.5006],[12.887,48.4848],[12.879,48.4756],[12.8844,48.4652],[12.8985,48.466],[12.9514,48.4793],[12.9906,48.4849],[13.0113,48.4765],[13.0295,48.476],[13.0379,48.4865]]]},"properties":{"AGS":"09277114","GEN":"Dietersburg","SN_L":"09"}},
{"type":"Feature","geometry":{"type":"Polygon","coordinates":[[[12.7737,48.4445],[12.7476,48.4446],[12.7309,48.4381],[12.6986,48.4118],[12.7075,48.4077],[12.7014,48.3921],[12.7031,48.3798],[12.7134,48.3706],[12.7376,48.3768],[12.7702,48.3734],[12.7967,48.386],[12.7957,48.4094],[12.7842,48.4225],[12.789,48.4323],[12.7737,48.4445]]]},"properties":{"AGS":"09277116","GEN":"Eggenfelden","SN_L":"09"}},
{"type":"Feature","geometry":{"type":"Polygon","coordinates":[[[13.0794,48.5508],[13.0764,48.5541],[13.0431,48.5499],[13.002,48.5335],[13.016,48.5228],[13.026,48.5093],[13.0285,48.4912],[13.0379,48.4865],[13.0619,48.4841],[13.0731,48.4915],[13.0854,48.489],[13.0949,48.5089],[13.0953,48.528],[13.1044,48.5365],[13.0916,48.5495],[13.0794,48.5508]]]},"properties":{"AGS":"09277117","GEN":"Egglham","SN_L":"09"}},
{"type":"Feature","geometry":{"type":"Polygon","coordinates":[[[12.5943,48.5215],[12.5837,48.5164],[12.5662,48.5165],[12.5555,48.524],[12.5502,48.5163],[12.5625,48.4967],[12.5554,48.4845],[12.5348,48.4807],[12.522,48.4835],[12.5082,48.503],[12.4706,48.4864],[12.48,48.456],[12.4773,48.4491],[12.4838,48.4297],[12.5272,48.4206],[12.5432,48.3997],[12.5661,48.4037],[12.583,48.4083],[12.6097,48.4304],[12.6221,48.4353],[12.6536,48.4341],[12.6496,48.4527],[12.6407,48.4577],[12.6286,48.4814],[12.6233,48.4957],[12.6341,48.4976],[12.6282,48.5112],[12.5943,48.5215]]]},"properties":{"AGS":"09277121","GEN":"Gangkofen","SN_L":"09"}},
{"type":"Feature","geometry":{"type":"Polygon","coordinates":[[[12.7811,48.4847],[12.7782,48.4711],[12.7852,48.4532],[12.7737,48.4445],[12.789,48.4323],[12.7842,48.4225],[12.7957,48.4094],[12.7967,48.386],[12.8179,48.3789],[12.8595,48.3906],[12.8658,48.3897],[12.8681,48.3962],[12.8572,48.4312],[12.8382,48.4547],[12.8391,48.4582],[12.8359,48.4699],[12.8038,48.4717],[12.7811,48.4847]]]},"properties":{"AGS":"09277124","GEN":"Hebertsfelden","SN_L":"09"}},
{"type":"Feature","geometry":{"type":"Polygon","coordinates":[[[13.013,48.553],[13.0232,48.5612],[13.0113,48.5834],[12.9943,48.5801],[12.9793,48.5685],[12.9576,48.5733],[12.9428,48.5535],[12.8959,48.5408],[12.89,48.5293],[12.8973,48.524],[12.924,48.5215],[12.9338,48.5113],[12.9634,48.5113],[12.9832,48.5164],[12.9801,48.5242],[13.0006,48.5339],[13.0004,48.5472],[13.013,48.553]]]},"properties":{"AGS":"09277126","GEN":"Johanniskirchen","SN_L":"09"}},
{"type":"Feature","geometry":{"type":"Polygon","coordinates":[[[12.8938,48.2408],[12.915,48.2376],[12.9637,48.2472],[12.964,48.2632],[12.9576,48.2728],[12.9214,48.2582],[12.9076,48.2636],[12.9007,48.258],[12.8983,48.255],[12.8938,48.2408]]]},"properties":{"AGS":"09277127","GEN":"Julbach","SN_L":"09"}},
{"type":"Feature","geometry":{"type":"Polygon","coordinates":[[[13.0129,48.2529],[12.988,48.2669],[12.9714,48.2809],[12.9501,48.2789],[12.9576,48.2728],[12.964,48.2632],[12.9637,48.2472],[12.915,48.2376],[12.8938,48.2408],[12.8919,48.2365],[12.9161,48.2174],[12.9447,48.2067],[12.962,48.2118],[13.0034,48.2411],[13.0129,48.2529]]]},"properties":{"AGS":"09277128","GEN":"Kirchdorf a.Inn","SN_L":"09"}},
{"type":"Feature","geometry":{"type":"Polygon","coordinates":[[[12.7376,48.3768],[12.7134,48.3706],[12.7031,48.3798],[12.6966,48.3721],[12.7042,48.3617],[12.6876,48.3534],[12.6904,48.3443],[12.7022,48.331],[12.7219,48.3284],[12.7334,48.321],[12.779,48.3277],[12.7665,48.3386],[12.7612,48.3529],[12.7517,48.3527],[12.7376,48.3768]]]},"properties":{"AGS":"09277134","GEN":"Mitterskirchen","SN_L":"09"}},
{"type":"Feature","geometry":{"type":"Polygon","coordinates":[[[13.0113,48.4765],[12.9906,48.4849],[12.9514,48.4793],[12.8985,48.466],[12.9107,48.4548],[12.9202,48.4301],[12.9225,48.4101],[12.9276,48.4027],[12.9469,48.3922],[12.971,48.3974],[12.9778,48.4032],[13.0019,48.4098],[12.9959,48.4262],[13.0035,48.4336],[12.9986,48.4483],[12.9873,48.4627],[13.0028,48.4671],[13.0113,48.4765]]]},"properties":{"AGS":"09277138","GEN":"Pfarrkirchen","SN_L":"09"}},
{"type":"Feature","geometry":{"type":"Polygon","coordinates":[[[12.879,48.4756],[12.8635,48.4771],[12.8539,48.4641],[12.8391,48.4582],[12.8382,48.4547],[12.8572,48.4312],[12.8681,48.3962],[12.8802,48.389],[12.8987,48.3922],[12.9247,48.38],[12.9469,48.3922],[12.9276,48.4027],[12.9225,48.4101],[12.9202,48.4301],[12.9107,48.4548],[12.8985,48.466],[12.8844,48.4652],[12.879,48.4756]]]},"properties":{"AGS":"09277139","GEN":"Postmünster","SN_L":"09"}},
{"type":"Feature","geometry":{"type":"Polygon","coordinates":[[[12.9674,48.6113],[12.9386,48.6059],[12.9109,48.6171],[12.9066,48.6061],[12.8899,48.5984],[12.8787,48.603],[12.8741,48.5803],[12.8819,48.5695],[12.879,48.5535],[12.8959,48.5408],[12.9428,48.5535],[12.9576,48.5733],[12.9793,48.5685],[12.9943,48.5801],[12.9837,48.5871],[12.9943,48.6006],[12.9838,48.6102],[12.9674,48.6113]]]},"properties":{"AGS":"09277142","GEN":"Roßbach","SN_L":"09"}},
{"type":"Feature","geometry":{"type":"Polygon","coordinates":[[[12.8665,48.5188],[12.8523,48.5195],[12.8396,48.5282],[12.8274,48.5117],[12.8089,48.5033],[12.7907,48.5043],[12.7811,48.4847],[12.8038,48.4717],[12.8359,48.4699],[12.8391,48.4582],[12.8539,48.4641],[12.8635,48.4771],[12.879,48.4756],[12.887,48.4848],[12.8911,48.5006],[12.8788,48.5207],[12.8665,48.5188]]]},"properties":{"AGS":"09277144","GEN":"Schönau","SN_L":"09"}},
{"type":"Feature","geometry":{"type":"Polygon","coordinates":[[[13.0367,48.3149],[13.0358,48.3097],[12.9858,48.3199],[12.9661,48.3177],[12.9698,48.3106],[12.9501,48.3008],[12.9501,48.2789],[12.9714,48.2809],[12.988,48.2669],[13.0129,48.2529],[13.0245,48.2587],[13.0524,48.2647],[13.0812,48.2773],[13.0711,48.292],[13.0746,48.3018],[13.068,48.3103],[13.0367,48.3149]]]},"properties":{"AGS":"09277145","GEN":"Simbach a.Inn","SN_L":"09"}},
{"type":"Feature","geometry":{"type":"Polygon","coordinates":[[[13.0845,48.384],[13.0621,48.3808],[13.0629,48.3924],[13.0454,48.4124],[13.043,48.4417],[13.0309,48.443],[13.0035,48.4336],[12.9959,48.4262],[13.0019,48.4098],[12.9778,48.4032],[12.971,48.3974],[12.9469,48.3922],[12.9247,48.38],[12.9191,48.3726],[12.9348,48.3636],[12.9265,48.3574],[12.9529,48.3463],[12.9739,48.3571],[12.9887,48.3573],[12.9894,48.368],[13.0149,48.3622],[13.0348,48.3697],[13.0789,48.36],[13.0849,48.367],[13.0917,48.3813],[13.0845,48.384]]]},"properties":{"AGS":"09277149","GEN":"Triftern","SN_L":"09"}},
{"type":"Feature","geometry":{"type":"Polygon","coordinates":[[[12.6715,48.4307],[12.6569,48.4341],[12.662,48.4255],[12.6505,48.4187],[12.6521,48.4034],[12.6492,48.3767],[12.6328,48.3675],[12.6499,48.3602],[12.671,48.3642],[12.6869,48.3624],[12.6876,48.3534],[12.7042,48.3617],[12.6966,48.3721],[12.7031,48.3798],[12.7014,48.3921],[12.7075,48.4077],[12.6986,48.4118],[12.682,48.4127],[12.6682,48.4185],[12.6715,48.4307]]]},"properties":{"AGS":"09277151","GEN":"Unterdietfurt","SN_L":"09"}},
{"type":"Feature","geometry":{"type":"Polygon","coordinates":[[[13.0789,48.36],[13.0348,48.3697],[13.0149,48.3622],[12.9894,48.368],[12.9887,48.3573],[12.9739,48.3571],[12.9529,48.3463],[12.9496,48.3356],[12.9632,48.3291],[12.9661,48.3177],[12.9858,48.3199],[13.0358,48.3097],[13.0367,48.3149],[13.0365,48.3221],[13.054,48.33],[13.0512,48.3372],[13.0604,48.3492],[13.0789,48.36]]]},"properties":{"AGS":"09277152","GEN":"Wittibreut","SN_L":"09"}},
{"type":"Feature","geometry":{"type":"Polygon","coordinates":[[[12.8658,48.3897],[12.8595,48.3906],[12.8179,48.3789],[12.7967,48.386],[12.7702,48.3734],[12.7376,48.3768],[12.7517,48.3527],[12.7612,48.3529],[12.7665,48.3386],[12.779,48.3277],[12.8229,48.3153],[12.832,48.32],[12.8259,48.3351],[12.8496,48.3335],[12.8594,48.3363],[12.8651,48.356],[12.8766,48.36],[12.8658,48.3897]]]},"properties":{"AGS":"09277153","GEN":"Wurmannsquick","SN_L":"09"}},
{"type":"Feature","geometry":{"type":"Polygon","coordinates":[[[12.8496,48.3335],[12.8259,48.3351],[12.832,48.32],[12.8229,48.3153],[12.8225,48.3022],[12.8502,48.289],[12.8537,48.2816],[12.8776,48.2647],[12.8942,48.2666],[12.9007,48.258],[12.9076,48.2636],[12.9136,48.272],[12.9003,48.2775],[12.9176,48.2964],[12.9048,48.3044],[12.8885,48.3029],[12.8744,48.3196],[12.8562,48.3228],[12.8496,48.3335]]]},"properties":{"AGS":"09277154","GEN":"Zeilarn","SN_L":"09"}},
{"type":"Feature","geometry":{"type":"Polygon","coordinates":[[[12.7193,48.5232],[12.7079,48.5199],[12.6896,48.522],[12.6948,48.5097],[12.6826,48.5087],[12.6699,48.5021],[12.6798,48.4918],[12.6865,48.4757],[12.6842,48.4526],[12.6884,48.4426],[12.6715,48.4307],[12.6682,48.4185],[12.682,48.4127],[12.6986,48.4118],[12.7309,48.4381],[12.7476,48.4446],[12.7737,48.4445],[12.7852,48.4532],[12.7782,48.4711],[12.7811,48.4847],[12.7907,48.5043],[12.7629,48.5116],[12.7521,48.5083],[12.7291,48.5087],[12.7193,48.5232]]]},"properties":{"AGS":"09277119","GEN":"Falkenberg","SN_L":"09"}},
{"type":"Feature","geometry":{"type":"Polygon","coordinates":[[[12.7579,48.5368],[12.7493,48.5419],[12.7203,48.5468],[12.714,48.5324],[12.7193,48.5232],[12.7291,48.5087],[12.7521,48.5083],[12.7618,48.5243],[12.7579,48.5368]]]},"properties":{"AGS":"09277131","GEN":"Malgersdorf","SN_L":"09"}},
{"type":"Feature","geometry":{"type":"Polygon","coordinates":[[[12.6715,48.4307],[12.6884,48.4426],[12.6842,48.4526],[12.6865,48.4757],[12.6798,48.4918],[12.6699,48.5021],[12.6426,48.4915],[12.6286,48.4814],[12.6407,48.4577],[12.6496,48.4527],[12.6536,48.4341],[12.6569,48.4341],[12.6715,48.4307]]]},"properties":{"AGS":"09277141","GEN":"Rimbach","SN_L":"09"}},
{"type":"Feature","geometry":{"type":"Polygon","coordinates":[[[12.6876,48.3534],[12.6869,48.3624],[12.671,48.3642],[12.6499,48.3602],[12.6328,48.3675],[12.6095,48.3595],[12.6073,48.3536],[12.6406,48.3481],[12.6396,48.3382],[12.6572,48.3371],[12.6904,48.3443],[12.6876,48.3534]]]},"properties":{"AGS":"09277122","GEN":"Geratskirchen","SN_L":"09"}},
{"type":"Feature","geometry":{"type":"Polygon","coordinates":[[[12.6536,48.4341],[12.6221,48.4353],[12.6097,48.4304],[12.583,48.4083],[12.5661,48.4037],[12.5794,48.3758],[12.579,48.387],[12.5915,48.3868],[12.5931,48.3736],[12.6095,48.3595],[12.6328,48.3675],[12.6492,48.3767],[12.6521,48.4034],[12.6505,48.4187],[12.662,48.4255],[12.6569,48.4341],[12.6536,48.4341]]]},"properties":{"AGS":"09277133","GEN":"Massing","SN_L":"09"}},
{"type":"Feature","geometry":{"type":"Polygon","coordinates":[[[13.1432,48.436],[13.1389,48.4284],[13.1238,48.4255],[13.11,48.4316],[13.0954,48.4279],[13.0896,48.3938],[13.0996,48.392],[13.1465,48.3977],[13.1534,48.4105],[13.174,48.4134],[13.1719,48.424],[13.1432,48.436]]]},"properties":{"AGS":"09277112","GEN":"Bayerbach","SN_L":"09"}},
{"type":"Feature","geometry":{"type":"Polygon","coordinates":[[[13.1173,48.4695],[13.114,48.485],[13.0854,48.489],[13.0731,48.4915],[13.0619,48.4841],[13.0379,48.4865],[13.0295,48.476],[13.0113,48.4765],[13.0028,48.4671],[12.9873,48.4627],[12.9986,48.4483],[13.0035,48.4336],[13.0309,48.443],[13.043,48.4417],[13.0454,48.4124],[13.0629,48.3924],[13.0621,48.3808],[13.0845,48.384],[13.0996,48.392],[13.0896,48.3938],[13.0954,48.4279],[13.11,48.4316],[13.1238,48.4255],[13.1389,48.4284],[13.1432,48.436],[13.1176,48.4481],[13.1173,48.4695]]]},"properties":{"AGS":"09277113","GEN":"Bad Birnbach","SN_L":"09"}},
{"type":"Feature","geometry":{"type":"Polygon","coordinates":[[[12.9496,48.3356],[12.9103,48.3374],[12.8908,48.3323],[12.9075,48.3138],[12.9048,48.3044],[12.9176,48.2964],[12.9003,48.2775],[12.9136,48.272],[12.9076,48.2636],[12.9214,48.2582],[12.9576,48.2728],[12.9501,48.2789],[12.9501,48.3008],[12.9698,48.3106],[12.9661,48.3177],[12.9632,48.3291],[12.9496,48.3356]]]},"properties":{"AGS":"09277140","GEN":"Reut","SN_L":"09"}},
{"type":"Feature","geometry":{"type":"Polygon","coordinates":[[[12.9247,48.38],[12.8987,48.3922],[12.8802,48.389],[12.8681,48.3962],[12.8658,48.3897],[12.8766,48.36],[12.8651,48.356],[12.8594,48.3363],[12.8496,48.3335],[12.8562,48.3228],[12.8744,48.3196],[12.8885,48.3029],[12.9048,48.3044],[12.9075,48.3138],[12.8908,48.3323],[12.9103,48.3374],[12.9496,48.3356],[12.9529,48.3463],[12.9265,48.3574],[12.9348,48.3636],[12.9191,48.3726],[12.9247,48.38]]]},"properties":{"AGS":"09277148","GEN":"Tann","SN_L":"09"}},
{"type":"Feature","geometry":{"type":"Polygon","coordinates":[[[13.0982,48.3509],[13.0747,48.3463],[13.0737,48.3372],[13.0982,48.3028],[13.0986,48.2779],[13.1315,48.2792],[13.177,48.2944],[13.1731,48.3114],[13.151,48.3246],[13.1538,48.3351],[13.1224,48.347],[13.1158,48.3429],[13.0982,48.3509]]]},"properties":{"AGS":"09277118","GEN":"Ering","SN_L":"09"}},
{"type":"Feature","geometry":{"type":"Polygon","coordinates":[[[13.0982,48.3509],[13.0849,48.367],[13.0789,48.36],[13.0604,48.3492],[13.0512,48.3372],[13.054,48.33],[13.0365,48.3221],[13.0367,48.3149],[13.068,48.3103],[13.0746,48.3018],[13.0711,48.292],[13.0812,48.2773],[13.0986,48.2779],[13.0982,48.3028],[13.0737,48.3372],[13.0747,48.3463],[13.0982,48.3509]]]},"properties":{"AGS":"09277147","GEN":"Stubenberg","SN_L":"09"}},
{"type":"Feature","geometry":{"type":"Polygon","coordinates":[[[12.6754,48.9499],[12.656,48.9501],[12.6465,48.9451],[12.648,48.9333],[12.6334,48.933],[12.6515,48.9088],[12.6628,48.9073],[12.6802,48.9062],[12.7202,48.8875],[12.7336,48.8856],[12.7559,48.8715],[12.7664,48.8895],[12.7964,48.9034],[12.7983,48.9207],[12.791,48.9259],[12.7856,48.9353],[12.7682,48.9309],[12.7423,48.9312],[12.7423,48.9209],[12.7164,48.919],[12.7008,48.9249],[12.7065,48.9334],[12.6928,48.9462],[12.6754,48.9499]]]},"properties":{"AGS":"09278118","GEN":"Bogen","SN_L":"09"}},
{"type":"Feature","geometry":{"type":"Polygon","coordinates":[[[12.5864,48.8498],[12.5612,48.8503],[12.5442,48.8427],[12.5026,48.8539],[12.5039,48.8395],[12.4826,48.821],[12.4914,48.8206],[12.5045,48.8038],[12.5402,48.8079],[12.5523,48.8246],[12.5784,48.8339],[12.5864,48.8498]]]},"properties":{"AGS":"09278121","GEN":"Feldkirchen","SN_L":"09"}},
{"type":"Feature","geometry":{"type":"Polygon","coordinates":[[[12.5026,48.8539],[12.4891,48.8555],[12.4805,48.8646],[12.4535,48.842],[12.4037,48.8638],[12.388,48.8568],[12.3722,48.8466],[12.3591,48.8479],[12.3484,48.8557],[12.328,48.8568],[12.3221,48.8625],[12.3004,48.8551],[12.2943,48.8397],[12.302,48.8229],[12.3167,48.8273],[12.3319,48.8224],[12.3329,48.7982],[12.3475,48.7862],[12.3763,48.7782],[12.3846,48.7628],[12.3991,48.7582],[12.4312,48.7668],[12.4411,48.7794],[12.4533,48.7821],[12.4481,48.7952],[12.4501,48.8153],[12.4826,48.821],[12.5039,48.8395],[12.5026,48.8539]]]},"properties":{"AGS":"09278123","GEN":"Geiselhöring","SN_L":"09"}},
{"type":"Feature","geometry":{"type":"Polygon","coordinates":[[[12.7706,49.0376],[12.7613,49.0533],[12.7479,49.0508],[12.7396,49.0576],[12.7206,49.053],[12.7167,49.0396],[12.6862,49.0464],[12.6781,49.0341],[12.6827,49.0171],[12.6908,49.016],[12.7104,49.0018],[12.7276,48.9995],[12.7316,49.004],[12.7631,49.0019],[12.78,49.0071],[12.7728,49.0202],[12.7706,49.0376]]]},"properties":{"AGS":"09278129","GEN":"Haibach","SN_L":"09"}},
{"type":"Feature","geometry":{"type":"Polygon","coordinates":[[[12.5683,48.9826],[12.5388,48.9835],[12.5206,48.9902],[12.4853,48.9888],[12.4892,48.9806],[12.4772,48.9746],[12.4519,48.9828],[12.4429,48.982],[12.4375,48.9714],[12.449,48.9665],[12.4639,48.9657],[12.4679,48.9529],[12.4859,48.9586],[12.507,48.946],[12.5143,48.9158],[12.524,48.9105],[12.5377,48.924],[12.5573,48.9196],[12.5682,48.9288],[12.5652,48.9398],[12.5583,48.9537],[12.5652,48.9653],[12.5675,48.9818],[12.5683,48.9826]]]},"properties":{"AGS":"09278141","GEN":"Kirchroth","SN_L":"09"}},
{"type":"Feature","geometry":{"type":"Polygon","coordinates":[[[12.7178,49.1124],[12.7127,49.1114],[12.6857,49.1014],[12.6788,49.0809],[12.6814,49.0591],[12.6697,49.0443],[12.6726,49.0417],[12.6862,49.0464],[12.7167,49.0396],[12.7206,49.053],[12.7396,49.0576],[12.7412,49.0756],[12.7178,49.1124]]]},"properties":{"AGS":"09278143","GEN":"Konzell","SN_L":"09"}},
{"type":"Feature","geometry":{"type":"Polygon","coordinates":[[[12.2943,48.8397],[12.2849,48.8472],[12.2727,48.8424],[12.2612,48.8611],[12.2513,48.8506],[12.2585,48.8455],[12.2521,48.8338],[12.2629,48.8096],[12.2353,48.8012],[12.2587,48.7884],[12.2754,48.7909],[12.2942,48.7816],[12.2822,48.7701],[12.2779,48.7549],[12.2866,48.7445],[12.2963,48.7432],[12.3149,48.7249],[12.3294,48.7214],[12.3444,48.7249],[12.3594,48.7366],[12.3903,48.7348],[12.3855,48.7498],[12.3991,48.7582],[12.3846,48.7628],[12.3763,48.7782],[12.3475,48.7862],[12.3329,48.7982],[12.3319,48.8224],[12.3167,48.8273],[12.302,48.8229],[12.2943,48.8397]]]},"properties":{"AGS":"09278144","GEN":"Laberweinting","SN_L":"09"}},
{"type":"Feature","geometry":{"type":"Polygon","coordinates":[[[12.4826,48.821],[12.4501,48.8153],[12.4481,48.7952],[12.4533,48.7821],[12.4411,48.7794],[12.4312,48.7668],[12.4504,48.7456],[12.4586,48.756],[12.4938,48.7623],[12.5105,48.7597],[12.5253,48.75],[12.527,48.7368],[12.5377,48.7325],[12.5376,48.7159],[12.5544,48.7301],[12.5962,48.7237],[12.5997,48.7361],[12.5988,48.7486],[12.6105,48.7702],[12.6015,48.7796],[12.5584,48.7908],[12.552,48.8042],[12.5402,48.8079],[12.5045,48.8038],[12.4914,48.8206],[12.4826,48.821]]]},"properties":{"AGS":"09278146","GEN":"Leiblfing","SN_L":"09"}},
{"type":"Feature","geometry":{"type":"Polygon","coordinates":[[[12.2521,48.8338],[12.2331,48.8374],[12.2264,48.8148],[12.2103,48.8044],[12.1946,48.806],[12.1917,48.793],[12.1749,48.7972],[12.1667,48.7893],[12.1297,48.7796],[12.1353,48.7659],[12.1649,48.7584],[12.1871,48.7452],[12.1983,48.745],[12.2181,48.7366],[12.2234,48.7291],[12.2251,48.7265],[12.2695,48.7264],[12.2698,48.7359],[12.2866,48.7445],[12.2779,48.7549],[12.2822,48.7701],[12.2942,48.7816],[12.2754,48.7909],[12.2587,48.7884],[12.2353,48.8012],[12.2629,48.8096],[12.2521,48.8338]]]},"properties":{"AGS":"09278148","GEN":"Mallersdorf-Pfaffenberg","SN_L":"09"}},
{"type":"Feature","geometry":{"type":"Polygon","coordinates":[[[12.667,48.8238],[12.6376,48.8272],[12.6265,48.8246],[12.631,48.8148],[12.6221,48.8067],[12.6023,48.8014],[12.5942,48.7859],[12.6015,48.7796],[12.6105,48.7702],[12.5988,48.7486],[12.5997,48.7361],[12.621,48.7355],[12.6284,48.7432],[12.6517,48.7423],[12.6645,48.7574],[12.6745,48.7505],[12.6873,48.759],[12.6983,48.7583],[12.7255,48.778],[12.7327,48.79],[12.7241,48.7996],[12.6957,48.7971],[12.6829,48.817],[12.667,48.8238]]]},"properties":{"AGS":"09278167","GEN":"Oberschneiding","SN_L":"09"}},
{"type":"Feature","geometry":{"type":"Polygon","coordinates":[[[12.6334,48.933],[12.6112,48.9365],[12.5652,48.9398],[12.5682,48.9288],[12.5573,48.9196],[12.584,48.9121],[12.5921,48.9011],[12.6159,48.8965],[12.6273,48.9075],[12.6404,48.9039],[12.6644,48.9045],[12.6628,48.9073],[12.6515,48.9088],[12.6334,48.933]]]},"properties":{"AGS":"09278170","GEN":"Parkstetten","SN_L":"09"}},
{"type":"Feature","geometry":{"type":"Polygon","coordinates":[[[12.7682,49.1148],[12.7518,49.1112],[12.736,49.1195],[12.7178,49.1124],[12.7412,49.0756],[12.7396,49.0576],[12.7479,49.0508],[12.7613,49.0533],[12.7706,49.0376],[12.7918,49.0389],[12.7906,49.0496],[12.8057,49.0548],[12.8061,49.0565],[12.7979,49.0612],[12.797,49.0804],[12.7871,49.0966],[12.7682,49.1148]]]},"properties":{"AGS":"09278178","GEN":"Rattenberg","SN_L":"09"}},
{"type":"Feature","geometry":{"type":"Polygon","coordinates":[[[12.8057,49.0548],[12.7906,49.0496],[12.7918,49.0389],[12.7706,49.0376],[12.7728,49.0202],[12.78,49.0071],[12.7773,48.9935],[12.795,48.9939],[12.8155,48.9863],[12.8122,48.9767],[12.8291,48.9776],[12.8493,48.965],[12.8693,48.9622],[12.8777,48.9678],[12.8808,48.9764],[12.8733,48.99],[12.8479,49.0087],[12.8384,49.0089],[12.8088,49.0384],[12.8057,49.0548]]]},"properties":{"AGS":"09278184","GEN":"Sankt Englmar","SN_L":"09"}},
{"type":"Feature","geometry":{"type":"Polygon","coordinates":[[[12.5856,48.9718],[12.5675,48.9818],[12.5652,48.9653],[12.5583,48.9537],[12.5652,48.9398],[12.6112,48.9365],[12.6334,48.933],[12.648,48.9333],[12.6465,48.9451],[12.656,48.9501],[12.632,48.9531],[12.6446,48.9651],[12.6188,48.9742],[12.6133,48.9595],[12.5856,48.9718]]]},"properties":{"AGS":"09278190","GEN":"Steinach","SN_L":"09"}},
{"type":"Feature","geometry":{"type":"Polygon","coordinates":[[[12.6182,49.0957],[12.5891,49.0991],[12.5876,49.0937],[12.5548,49.0887],[12.546,49.0829],[12.5319,49.0747],[12.5273,49.0577],[12.5049,49.0611],[12.4872,49.0507],[12.4726,49.0364],[12.479,49.032],[12.4894,49.022],[12.4833,48.9998],[12.4853,48.9888],[12.5206,48.9902],[12.5388,48.9835],[12.5683,48.9826],[12.5842,49.0036],[12.5744,49.0101],[12.5732,49.0225],[12.5934,49.0289],[12.5954,49.0592],[12.6035,49.0775],[12.6065,49.0945],[12.6182,49.0957]]]},"properties":{"AGS":"09278197","GEN":"Wiesenfelden","SN_L":"09"}},
{"type":"Feature","geometry":{"type":"Polygon","coordinates":[[[12.6857,49.1014],[12.653,49.11],[12.6427,49.1031],[12.6204,49.1029],[12.6182,49.0957],[12.6258,49.0844],[12.649,49.08],[12.6788,49.0809],[12.6857,49.1014]]]},"properties":{"AGS":"09278147","GEN":"Loitzendorf","SN_L":"09"}},
{"type":"Feature","geometry":{"type":"Polygon","coordinates":[[[12.6697,49.0443],[12.653,49.0322],[12.6441,49.0508],[12.622,49.0606],[12.5954,49.0592],[12.5934,49.0289],[12.6169,49.0181],[12.6502,49.013],[12.652,49.0066],[12.664,49.0064],[12.6743,49.0306],[12.6726,49.0417],[12.6697,49.0443]]]},"properties":{"AGS":"09278179","GEN":"Rattiszell","SN_L":"09"}},
{"type":"Feature","geometry":{"type":"Polygon","coordinates":[[[12.6182,49.0957],[12.6065,49.0945],[12.6035,49.0775],[12.5954,49.0592],[12.622,49.0606],[12.6441,49.0508],[12.653,49.0322],[12.6697,49.0443],[12.6814,49.0591],[12.6788,49.0809],[12.649,49.08],[12.6258,49.0844],[12.6182,49.0957]]]},"properties":{"AGS":"09278189","GEN":"Stallwang","SN_L":"09"}},
{"type":"Feature","geometry":{"type":"Polygon","coordinates":[[[12.652,49.0066],[12.6502,49.013],[12.6169,49.0181],[12.6063,49.0061],[12.6047,48.9927],[12.5896,48.9887],[12.5946,48.978],[12.5856,48.9718],[12.6133,48.9595],[12.6188,48.9742],[12.6446,48.9651],[12.6531,48.9791],[12.6454,48.982],[12.6457,48.9921],[12.6559,48.9913],[12.652,49.0066]]]},"properties":{"AGS":"09278116","GEN":"Ascha","SN_L":"09"}},
{"type":"Feature","geometry":{"type":"Polygon","coordinates":[[[12.6169,49.0181],[12.5934,49.0289],[12.5732,49.0225],[12.5744,49.0101],[12.5842,49.0036],[12.5683,48.9826],[12.5675,48.9818],[12.5856,48.9718],[12.5946,48.978],[12.5896,48.9887],[12.6047,48.9927],[12.6063,49.0061],[12.6169,49.0181]]]},"properties":{"AGS":"09278120","GEN":"Falkenfels","SN_L":"09"}},
{"type":"Feature","geometry":{"type":"Polygon","coordinates":[[[12.6862,49.0464],[12.6726,49.0417],[12.6743,49.0306],[12.664,49.0064],[12.652,49.0066],[12.6559,48.9913],[12.6457,48.9921],[12.6454,48.982],[12.6495,48.9878],[12.669,48.9914],[12.701,48.9713],[12.7091,48.9776],[12.718,48.9801],[12.7276,48.9995],[12.7104,49.0018],[12.6908,49.016],[12.6827,49.0171],[12.6781,49.0341],[12.6862,49.0464]]]},"properties":{"AGS":"09278134","GEN":"Haselbach","SN_L":"09"}},
{"type":"Feature","geometry":{"type":"Polygon","coordinates":[[[12.7091,48.9776],[12.701,48.9713],[12.669,48.9914],[12.6495,48.9878],[12.6454,48.982],[12.6531,48.9791],[12.6446,48.9651],[12.632,48.9531],[12.656,48.9501],[12.6754,48.9499],[12.6931,48.9585],[12.7091,48.9776]]]},"properties":{"AGS":"09278151","GEN":"Mitterfels","SN_L":"09"}},
{"type":"Feature","geometry":{"type":"Polygon","coordinates":[[[12.7621,48.9603],[12.758,48.9685],[12.718,48.9801],[12.7091,48.9776],[12.6931,48.9585],[12.6754,48.9499],[12.6928,48.9462],[12.7065,48.9334],[12.7008,48.9249],[12.7164,48.919],[12.7423,48.9209],[12.7423,48.9312],[12.7403,48.9488],[12.7508,48.9587],[12.7621,48.9603]]]},"properties":{"AGS":"09278139","GEN":"Hunderdorf","SN_L":"09"}},
{"type":"Feature","geometry":{"type":"Polygon","coordinates":[[[12.78,49.0071],[12.7631,49.0019],[12.7316,49.004],[12.7276,48.9995],[12.718,48.9801],[12.758,48.9685],[12.7621,48.9603],[12.771,48.959],[12.7787,48.954],[12.8009,48.9622],[12.7985,48.9705],[12.8122,48.9767],[12.8155,48.9863],[12.795,48.9939],[12.7773,48.9935],[12.78,49.0071]]]},"properties":{"AGS":"09278154","GEN":"Neukirchen","SN_L":"09"}},
{"type":"Feature","geometry":{"type":"Polygon","coordinates":[[[12.771,48.959],[12.7621,48.9603],[12.7508,48.9587],[12.7403,48.9488],[12.7423,48.9312],[12.7682,48.9309],[12.7856,48.9353],[12.771,48.959]]]},"properties":{"AGS":"09278198","GEN":"Windberg","SN_L":"09"}},
{"type":"Feature","geometry":{"type":"Polygon","coordinates":[[[12.5143,48.9158],[12.507,48.946],[12.4859,48.9586],[12.4679,48.9529],[12.4639,48.9657],[12.449,48.9665],[12.439,48.9352],[12.4574,48.9202],[12.4782,48.9216],[12.4886,48.9097],[12.5143,48.9158]]]},"properties":{"AGS":"09278112","GEN":"Aholfing","SN_L":"09"}},
{"type":"Feature","geometry":{"type":"Polygon","coordinates":[[[12.524,48.9105],[12.5143,48.9158],[12.4886,48.9097],[12.4727,48.9015],[12.4681,48.8817],[12.4747,48.8691],[12.4803,48.8704],[12.5084,48.873],[12.5237,48.8785],[12.524,48.9105]]]},"properties":{"AGS":"09278117","GEN":"Atting","SN_L":"09"}},
{"type":"Feature","geometry":{"type":"Polygon","coordinates":[[[12.4747,48.8691],[12.4457,48.8832],[12.4304,48.8845],[12.4037,48.8638],[12.4535,48.842],[12.4805,48.8646],[12.4803,48.8704],[12.4747,48.8691]]]},"properties":{"AGS":"09278172","GEN":"Perkam","SN_L":"09"}},
{"type":"Feature","geometry":{"type":"Polygon","coordinates":[[[12.4886,48.9097],[12.4782,48.9216],[12.4574,48.9202],[12.4421,48.9151],[12.4271,48.8993],[12.4304,48.8845],[12.4457,48.8832],[12.4747,48.8691],[12.4681,48.8817],[12.4727,48.9015],[12.4886,48.9097]]]},"properties":{"AGS":"09278177","GEN":"Rain","SN_L":"09"}},
{"type":"Feature","geometry":{"type":"Polygon","coordinates":[[[12.8386,48.867],[12.8001,48.8673],[12.8039,48.8586],[12.7787,48.8385],[12.7805,48.8305],[12.8067,48.8226],[12.8346,48.8283],[12.8488,48.8397],[12.8478,48.8543],[12.8386,48.867]]]},"properties":{"AGS":"09278149","GEN":"Mariaposching","SN_L":"09"}},
{"type":"Feature","geometry":{"type":"Polygon","coordinates":[[[12.8371,48.8888],[12.8133,48.8902],[12.7964,48.9034],[12.7664,48.8895],[12.7559,48.8715],[12.7694,48.8366],[12.7805,48.8305],[12.7787,48.8385],[12.8039,48.8586],[12.8001,48.8673],[12.8386,48.867],[12.8475,48.8745],[12.8371,48.8888]]]},"properties":{"AGS":"09278159","GEN":"Niederwinkling","SN_L":"09"}},
{"type":"Feature","geometry":{"type":"Polygon","coordinates":[[[12.8493,48.965],[12.8291,48.9776],[12.8122,48.9767],[12.7985,48.9705],[12.8009,48.9622],[12.7787,48.954],[12.771,48.959],[12.7856,48.9353],[12.791,48.9259],[12.7995,48.9283],[12.8243,48.9486],[12.8336,48.9471],[12.8493,48.965]]]},"properties":{"AGS":"09278171","GEN":"Perasdorf","SN_L":"09"}},
{"type":"Feature","geometry":{"type":"Polygon","coordinates":[[[12.8911,48.9546],[12.8777,48.9678],[12.8693,48.9622],[12.8493,48.965],[12.8336,48.9471],[12.8243,48.9486],[12.7995,48.9283],[12.791,48.9259],[12.7983,48.9207],[12.7964,48.9034],[12.8133,48.8902],[12.8371,48.8888],[12.8452,48.8982],[12.8611,48.8979],[12.8756,48.9119],[12.8626,48.918],[12.862,48.9305],[12.8699,48.9494],[12.8911,48.9546]]]},"properties":{"AGS":"09278187","GEN":"Schwarzach","SN_L":"09"}},
{"type":"Feature","geometry":{"type":"Polygon","coordinates":[[[12.7336,48.8856],[12.7202,48.8875],[12.6802,48.9062],[12.6628,48.9073],[12.6644,48.9045],[12.6584,48.8975],[12.6665,48.8884],[12.6626,48.8727],[12.6478,48.8636],[12.6228,48.8687],[12.5864,48.8498],[12.5784,48.8339],[12.59,48.83],[12.5989,48.8188],[12.6169,48.8279],[12.6265,48.8246],[12.6376,48.8272],[12.667,48.8238],[12.6746,48.8289],[12.676,48.8419],[12.663,48.8431],[12.6672,48.8554],[12.6799,48.8676],[12.7072,48.8743],[12.7155,48.8717],[12.7336,48.8856]]]},"properties":{"AGS":"09278113","GEN":"Aiterhofen","SN_L":"09"}},
{"type":"Feature","geometry":{"type":"Polygon","coordinates":[[[12.5784,48.8339],[12.5523,48.8246],[12.5402,48.8079],[12.552,48.8042],[12.5584,48.7908],[12.6015,48.7796],[12.5942,48.7859],[12.6023,48.8014],[12.6221,48.8067],[12.631,48.8148],[12.6265,48.8246],[12.6169,48.8279],[12.5989,48.8188],[12.59,48.83],[12.5784,48.8339]]]},"properties":{"AGS":"09278182","GEN":"Salching","SN_L":"09"}},
{"type":"Feature","geometry":{"type":"Polygon","coordinates":[[[12.7559,48.8715],[12.7336,48.8856],[12.7155,48.8717],[12.7199,48.8479],[12.7348,48.8445],[12.7399,48.8276],[12.7496,48.8186],[12.7694,48.8366],[12.7559,48.8715]]]},"properties":{"AGS":"09278140","GEN":"Irlbach","SN_L":"09"}},
{"type":"Feature","geometry":{"type":"Polygon","coordinates":[[[12.7155,48.8717],[12.7072,48.8743],[12.6799,48.8676],[12.6672,48.8554],[12.663,48.8431],[12.676,48.8419],[12.6746,48.8289],[12.667,48.8238],[12.6829,48.817],[12.6957,48.7971],[12.7241,48.7996],[12.7327,48.79],[12.7529,48.7993],[12.764,48.7979],[12.7657,48.8104],[12.7496,48.8186],[12.7399,48.8276],[12.7348,48.8445],[12.7199,48.8479],[12.7155,48.8717]]]},"properties":{"AGS":"09278192","GEN":"Straßkirchen","SN_L":"09"}},
{"type":"Feature","geometry":{"type":"Polygon","coordinates":[[[12.5158,48.6622],[12.4827,48.6606],[12.4772,48.6555],[12.457,48.6563],[12.4341,48.6496],[12.4302,48.6397],[12.4444,48.618],[12.4689,48.6039],[12.454,48.5789],[12.4582,48.5666],[12.4728,48.5648],[12.4753,48.5761],[12.503,48.5738],[12.5087,48.5843],[12.5019,48.603],[12.5139,48.6147],[12.5127,48.6289],[12.5238,48.6549],[12.5158,48.6622]]]},"properties":{"AGS":"09279112","GEN":"Dingolfing","SN_L":"09"}},
{"type":"Feature","geometry":{"type":"Polygon","coordinates":[[[12.9051,48.6611],[12.8877,48.6605],[12.8739,48.6677],[12.8563,48.6645],[12.8464,48.682],[12.8287,48.6823],[12.8169,48.6759],[12.7893,48.671],[12.7885,48.6636],[12.7733,48.6487],[12.7548,48.6387],[12.7614,48.6254],[12.7395,48.6178],[12.7456,48.6039],[12.7728,48.5903],[12.7856,48.5996],[12.8148,48.6022],[12.8248,48.5929],[12.8423,48.5912],[12.8406,48.6031],[12.8751,48.6057],[12.8787,48.603],[12.8899,48.5984],[12.9066,48.6061],[12.9109,48.6171],[12.9386,48.6059],[12.9674,48.6113],[12.9564,48.6152],[12.9435,48.6285],[12.9504,48.6362],[12.948,48.6498],[12.9057,48.6543],[12.9051,48.6611]]]},"properties":{"AGS":"09279113","GEN":"Eichendorf","SN_L":"09"}},
{"type":"Feature","geometry":{"type":"Polygon","coordinates":[[[12.5555,48.524],[12.5476,48.5523],[12.5082,48.5579],[12.4954,48.5575],[12.5084,48.5433],[12.4861,48.5344],[12.495,48.5164],[12.5082,48.5153],[12.5082,48.503],[12.522,48.4835],[12.5348,48.4807],[12.5554,48.4845],[12.5625,48.4967],[12.5502,48.5163],[12.5555,48.524]]]},"properties":{"AGS":"09279115","GEN":"Frontenhausen","SN_L":"09"}},
{"type":"Feature","geometry":{"type":"Polygon","coordinates":[[[12.7893,48.671],[12.7706,48.7087],[12.7585,48.7107],[12.7405,48.7031],[12.7119,48.7031],[12.6855,48.699],[12.6733,48.6883],[12.6732,48.6731],[12.659,48.665],[12.6273,48.6627],[12.6431,48.6481],[12.6541,48.6231],[12.6832,48.6194],[12.6815,48.6073],[12.6942,48.6062],[12.7091,48.6122],[12.7253,48.6135],[12.7456,48.6039],[12.7395,48.6178],[12.7614,48.6254],[12.7548,48.6387],[12.7733,48.6487],[12.7885,48.6636],[12.7893,48.671]]]},"properties":{"AGS":"09279122","GEN":"Landau a.d.Isar","SN_L":"09"}},
{"type":"Feature","geometry":{"type":"Polygon","coordinates":[[[12.4728,48.5648],[12.4582,48.5666],[12.454,48.5789],[12.4689,48.6039],[12.4444,48.618],[12.4302,48.6397],[12.4341,48.6496],[12.3993,48.6451],[12.412,48.6267],[12.4144,48.6042],[12.4002,48.5933],[12.4027,48.561],[12.3937,48.5594],[12.3978,48.5418],[12.4116,48.5398],[12.4361,48.5512],[12.4398,48.5573],[12.4732,48.5591],[12.4728,48.5648]]]},"properties":{"AGS":"09279124","GEN":"Loiching","SN_L":"09"}},
{"type":"Feature","geometry":{"type":"Polygon","coordinates":[[[12.5943,48.5215],[12.591,48.5298],[12.6041,48.5445],[12.6002,48.562],[12.5927,48.5718],[12.6066,48.5756],[12.5978,48.5959],[12.5571,48.5818],[12.528,48.5834],[12.5087,48.5843],[12.503,48.5738],[12.4753,48.5761],[12.4728,48.5648],[12.4732,48.5591],[12.4954,48.5575],[12.5082,48.5579],[12.5476,48.5523],[12.5555,48.524],[12.5662,48.5165],[12.5837,48.5164],[12.5943,48.5215]]]},"properties":{"AGS":"09279126","GEN":"Marklkofen","SN_L":"09"}},
{"type":"Feature","geometry":{"type":"Polygon","coordinates":[[[12.4312,48.7668],[12.3991,48.7582],[12.3855,48.7498],[12.3903,48.7348],[12.3594,48.7366],[12.3444,48.7249],[12.3294,48.7214],[12.3297,48.713],[12.3455,48.7019],[12.3395,48.6903],[12.3572,48.6837],[12.3774,48.6848],[12.386,48.6778],[12.401,48.6817],[12.4179,48.6931],[12.417,48.7023],[12.4573,48.7051],[12.4602,48.699],[12.4923,48.6999],[12.5087,48.7084],[12.5127,48.727],[12.527,48.7368],[12.5253,48.75],[12.5105,48.7597],[12.4938,48.7623],[12.4586,48.756],[12.4504,48.7456],[12.4312,48.7668]]]},"properties":{"AGS":"09279127","GEN":"Mengkofen","SN_L":"09"}},
{"type":"Feature","geometry":{"type":"Polygon","coordinates":[[[12.5376,48.7159],[12.5377,48.7325],[12.527,48.7368],[12.5127,48.727],[12.5087,48.7084],[12.4923,48.6999],[12.4602,48.699],[12.4573,48.7051],[12.417,48.7023],[12.4179,48.6931],[12.401,48.6817],[12.386,48.6778],[12.3832,48.6636],[12.3985,48.6451],[12.3993,48.6451],[12.4341,48.6496],[12.457,48.6563],[12.4772,48.6555],[12.4827,48.6606],[12.5158,48.6622],[12.5399,48.6725],[12.5521,48.669],[12.578,48.6783],[12.5741,48.6961],[12.5551,48.6962],[12.5376,48.7159]]]},"properties":{"AGS":"09279128","GEN":"Moosthenning","SN_L":"09"}},
{"type":"Feature","geometry":{"type":"Polygon","coordinates":[[[12.3985,48.6451],[12.3709,48.6423],[12.3664,48.6335],[12.3557,48.6232],[12.3714,48.6042],[12.3556,48.5995],[12.349,48.5718],[12.3718,48.5698],[12.3937,48.5594],[12.4027,48.561],[12.4002,48.5933],[12.4144,48.6042],[12.412,48.6267],[12.3993,48.6451],[12.3985,48.6451]]]},"properties":{"AGS":"09279130","GEN":"Niederviehbach","SN_L":"09"}},
{"type":"Feature","geometry":{"type":"Polygon","coordinates":[[[12.6745,48.7505],[12.6645,48.7574],[12.6517,48.7423],[12.6284,48.7432],[12.621,48.7355],[12.5997,48.7361],[12.5962,48.7237],[12.5544,48.7301],[12.5376,48.7159],[12.5551,48.6962],[12.5741,48.6961],[12.578,48.6783],[12.6059,48.6829],[12.6273,48.6627],[12.659,48.665],[12.6732,48.6731],[12.6733,48.6883],[12.6855,48.699],[12.7119,48.7031],[12.6994,48.7311],[12.6736,48.7403],[12.6745,48.7505]]]},"properties":{"AGS":"09279132","GEN":"Pilsting","SN_L":"09"}},
{"type":"Feature","geometry":{"type":"Polygon","coordinates":[[[12.7091,48.6122],[12.6942,48.6062],[12.6815,48.6073],[12.6832,48.6194],[12.6541,48.6231],[12.6505,48.6161],[12.6338,48.6128],[12.6231,48.6054],[12.6018,48.5991],[12.5756,48.6197],[12.5319,48.6034],[12.528,48.5834],[12.5571,48.5818],[12.5978,48.5959],[12.6066,48.5756],[12.5927,48.5718],[12.6002,48.562],[12.6041,48.5445],[12.591,48.5298],[12.5943,48.5215],[12.6282,48.5112],[12.6341,48.4976],[12.6233,48.4957],[12.6286,48.4814],[12.6426,48.4915],[12.6699,48.5021],[12.6826,48.5087],[12.6757,48.5227],[12.6586,48.5223],[12.6559,48.5418],[12.6729,48.5564],[12.6864,48.5539],[12.6942,48.5618],[12.6896,48.5778],[12.7013,48.5888],[12.7171,48.596],[12.7091,48.6122]]]},"properties":{"AGS":"09279134","GEN":"Reisbach","SN_L":"09"}},
{"type":"Feature","geometry":{"type":"Polygon","coordinates":[[[12.7456,48.6039],[12.7253,48.6135],[12.7091,48.6122],[12.7171,48.596],[12.7013,48.5888],[12.6896,48.5778],[12.6942,48.5618],[12.6864,48.5539],[12.6729,48.5564],[12.6559,48.5418],[12.6586,48.5223],[12.6757,48.5227],[12.6826,48.5087],[12.6948,48.5097],[12.6896,48.522],[12.7079,48.5199],[12.7193,48.5232],[12.714,48.5324],[12.7203,48.5468],[12.7493,48.5419],[12.7579,48.5368],[12.7694,48.5435],[12.7609,48.5566],[12.7728,48.5903],[12.7456,48.6039]]]},"properties":{"AGS":"09279135","GEN":"Simbach","SN_L":"09"}},
{"type":"Feature","geometry":{"type":"Polygon","coordinates":[[[12.764,48.7979],[12.7529,48.7993],[12.7327,48.79],[12.7255,48.778],[12.6983,48.7583],[12.6873,48.759],[12.6745,48.7505],[12.6736,48.7403],[12.6994,48.7311],[12.7119,48.7031],[12.7405,48.7031],[12.7585,48.7107],[12.7706,48.7087],[12.7893,48.671],[12.8169,48.6759],[12.8287,48.6823],[12.7952,48.721],[12.8106,48.7233],[12.8081,48.7393],[12.7831,48.7452],[12.7699,48.7661],[12.7794,48.7813],[12.7682,48.7858],[12.764,48.7979]]]},"properties":{"AGS":"09279137","GEN":"Wallersdorf","SN_L":"09"}},
{"type":"Feature","geometry":{"type":"Polygon","coordinates":[[[12.5521,48.669],[12.5399,48.6725],[12.5158,48.6622],[12.5238,48.6549],[12.5127,48.6289],[12.5139,48.6147],[12.5019,48.603],[12.5087,48.5843],[12.528,48.5834],[12.5319,48.6034],[12.5756,48.6197],[12.5584,48.6332],[12.555,48.6491],[12.5638,48.6542],[12.5521,48.669]]]},"properties":{"AGS":"09279116","GEN":"Gottfrieding","SN_L":"09"}},
{"type":"Feature","geometry":{"type":"Polygon","coordinates":[[[12.6273,48.6627],[12.6059,48.6829],[12.578,48.6783],[12.5521,48.669],[12.5638,48.6542],[12.555,48.6491],[12.5584,48.6332],[12.5756,48.6197],[12.6018,48.5991],[12.6231,48.6054],[12.6338,48.6128],[12.6505,48.6161],[12.6541,48.6231],[12.6431,48.6481],[12.6273,48.6627]]]},"properties":{"AGS":"09279125","GEN":"Mamming","SN_L":"09"}},
{"type":"Feature","geometry":{"type":"Polygon","coordinates":[[[11.9133,49.4616],[11.8945,49.4623],[11.8838,49.4867],[11.8744,49.4971],[11.8647,49.4886],[11.8445,49.4864],[11.8461,49.469],[11.8315,49.4721],[11.8156,49.4663],[11.7937,49.471],[11.7787,49.4642],[11.7869,49.4547],[11.7811,49.4276],[11.8062,49.4244],[11.8364,49.4118],[11.8389,49.4195],[11.8602,49.4206],[11.877,49.4306],[11.9065,49.4417],[11.9133,49.4616]]]},"properties":{"AGS":"09361000","GEN":"Amberg","SN_L":"09"}},
{"type":"Feature","geometry":{"type":"Polygon","coordinates":[[[12.1325,49.075],[12.0947,49.0632],[12.0996,49.0447],[12.0909,49.036],[12.0748,49.0329],[12.0581,49.0371],[12.0468,49.0491],[12.0372,49.0365],[12.0452,49.0243],[12.0332,49.0151],[12.0397,49.0007],[12.0574,49.0015],[12.0656,48.9957],[12.0749,48.9742],[12.0962,48.973],[12.1076,48.9674],[12.1268,48.9669],[12.1528,48.9787],[12.175,48.9733],[12.1892,48.9908],[12.1869,48.9976],[12.1917,49.0068],[12.1589,49.0193],[12.1659,49.0401],[12.1644,49.0485],[12.1454,49.047],[12.1357,49.0554],[12.1391,49.0688],[12.1325,49.075]]]},"properties":{"AGS":"09362000","GEN":"Regensburg","SN_L":"09"}},
{"type":"Feature","geometry":{"type":"Polygon","coordinates":[[[12.1669,49.7072],[12.1521,49.7044],[12.1306,49.7119],[12.1155,49.6983],[12.0789,49.7017],[12.0843,49.6906],[12.0728,49.6818],[12.0692,49.6713],[12.086,49.668],[12.0831,49.6573],[12.0976,49.6533],[12.092,49.645],[12.1137,49.6423],[12.1157,49.6247],[12.1258,49.6175],[12.14,49.6162],[12.1467,49.6268],[12.1453,49.6377],[12.1574,49.6413],[12.1571,49.6488],[12.1727,49.663],[12.1861,49.6533],[12.1995,49.6531],[12.2092,49.6626],[12.2293,49.6435],[12.2409,49.6318],[12.2578,49.6395],[12.2634,49.6529],[12.2579,49.6674],[12.2556,49.6702],[12.2474,49.6644],[12.2236,49.6727],[12.2235,49.686],[12.1936,49.6857],[12.1816,49.7028],[12.1669,49.7072]]]},"properties":{"AGS":"09363000","GEN":"Weiden i.d.OPf.","SN_L":"09"}},
{"type":"Feature","geometry":{"type":"Polygon","coordinates":[[[11.7811,49.4276],[11.7869,49.4547],[11.7787,49.4642],[11.7777,49.4644],[11.7778,49.4581],[11.7588,49.453],[11.7544,49.4405],[11.7426,49.4283],[11.7587,49.4193],[11.7811,49.4276]]]},"properties":{"AGS":"09371111","GEN":"Ammerthal","SN_L":"09"}},
{"type":"Feature","geometry":{"type":"Polygon","coordinates":[[[11.6307,49.7606],[11.594,49.7536],[11.5956,49.7354],[11.5638,49.7236],[11.5604,49.7143],[11.5605,49.6993],[11.5527,49.6913],[11.5647,49.6864],[11.5612,49.6788],[11.5756,49.6642],[11.5646,49.6611],[11.5739,49.6474],[11.5933,49.6386],[11.6016,49.6231],[11.6179,49.6315],[11.6318,49.6439],[11.6428,49.6454],[11.6536,49.6545],[11.6486,49.6845],[11.6547,49.7019],[11.6649,49.7029],[11.6641,49.7178],[11.6479,49.7276],[11.6473,49.7492],[11.6307,49.7606]]]},"properties":{"AGS":"09371113","GEN":"Auerbach i.d.OPf.","SN_L":"09"}},
{"type":"Feature","geometry":{"type":"Polygon","coordinates":[[[12.0639,49.3801],[12.0532,49.3784],[12.047,49.3938],[12.0218,49.3972],[11.9771,49.4222],[11.946,49.4146],[11.9448,49.4048],[11.9203,49.3984],[11.9264,49.3869],[11.9599,49.3791],[11.9688,49.365],[11.9944,49.3605],[11.9941,49.3518],[12.0379,49.3544],[12.0622,49.3529],[12.0567,49.3666],[12.0639,49.3801]]]},"properties":{"AGS":"09371118","GEN":"Ebermannsdorf","SN_L":"09"}},
{"type":"Feature","geometry":{"type":"Polygon","coordinates":[[[11.7369,49.625],[11.7144,49.6238],[11.7062,49.6119],[11.6891,49.6089],[11.6859,49.5995],[11.6648,49.589],[11.6621,49.5697],[11.6952,49.561],[11.7011,49.552],[11.7153,49.5507],[11.7343,49.5584],[11.7707,49.5596],[11.7724,49.5649],[11.7459,49.5805],[11.7365,49.5962],[11.7246,49.6021],[11.7399,49.6159],[11.7369,49.625]]]},"properties":{"AGS":"09371119","GEN":"Edelsfeld","SN_L":"09"}},
{"type":"Feature","geometry":{"type":"Polygon","coordinates":[[[11.9264,49.3869],[11.926,49.3773],[11.856,49.3769],[11.836,49.3681],[11.8391,49.35],[11.8703,49.3332],[11.8881,49.3331],[11.8993,49.3253],[11.9154,49.3239],[11.939,49.3322],[11.9694,49.3306],[11.977,49.3156],[11.9919,49.3187],[12.006,49.3429],[11.9941,49.3518],[11.9944,49.3605],[11.9688,49.365],[11.9599,49.3791],[11.9264,49.3869]]]},"properties":{"AGS":"09371120","GEN":"Ensdorf","SN_L":"09"}},
{"type":"Feature","geometry":{"type":"Polygon","coordinates":[[[11.9754,49.6351],[11.9744,49.6402],[11.9123,49.6452],[11.8758,49.6348],[11.863,49.6368],[11.8769,49.6209],[11.8654,49.6195],[11.8539,49.5863],[11.859,49.5765],[11.8642,49.5643],[11.8788,49.5681],[11.9002,49.5618],[11.9126,49.5624],[11.9069,49.5785],[11.9192,49.5859],[11.9074,49.5931],[11.9176,49.6058],[11.9537,49.6065],[11.9684,49.6143],[11.9817,49.6218],[11.9754,49.6351]]]},"properties":{"AGS":"09371121","GEN":"Freihung","SN_L":"09"}},
{"type":"Feature","geometry":{"type":"Polygon","coordinates":[[[12.0333,49.4937],[12.0204,49.5108],[12.0099,49.51],[11.9801,49.5074],[11.9687,49.5021],[11.9415,49.5094],[11.9222,49.5053],[11.9147,49.4907],[11.9006,49.4986],[11.8766,49.502],[11.8744,49.4971],[11.8838,49.4867],[11.8945,49.4623],[11.9133,49.4616],[11.9252,49.464],[11.9376,49.4429],[11.9227,49.427],[11.9416,49.4213],[11.946,49.4146],[11.9771,49.4222],[11.9833,49.4337],[12.0328,49.4297],[12.0412,49.4611],[12.0328,49.4804],[12.0333,49.4937]]]},"properties":{"AGS":"09371122","GEN":"Freudenberg","SN_L":"09"}},
{"type":"Feature","geometry":{"type":"Polygon","coordinates":[[[11.9977,49.5753],[11.9836,49.5812],[11.9827,49.597],[11.9932,49.6032],[11.9854,49.6107],[11.9684,49.6143],[11.9537,49.6065],[11.9176,49.6058],[11.9074,49.5931],[11.9192,49.5859],[11.9069,49.5785],[11.9126,49.5624],[11.9002,49.5618],[11.8788,49.5681],[11.8726,49.5605],[11.9117,49.5491],[11.9211,49.5345],[11.8832,49.5246],[11.8725,49.512],[11.8766,49.502],[11.9006,49.4986],[11.9147,49.4907],[11.9222,49.5053],[11.9415,49.5094],[11.9687,49.5021],[11.9801,49.5074],[12.0099,49.51],[11.997,49.5207],[11.9789,49.5255],[11.9916,49.5572],[11.9876,49.569],[11.9977,49.5753]]]},"properties":{"AGS":"09371127","GEN":"Hirschau","SN_L":"09"}},
{"type":"Feature","geometry":{"type":"Polygon","coordinates":[[[11.8836,49.3086],[11.8737,49.3115],[11.8703,49.3332],[11.8391,49.35],[11.8335,49.3311],[11.7987,49.3301],[11.784,49.3255],[11.7727,49.3381],[11.7468,49.3363],[11.7332,49.3308],[11.7221,49.3377],[11.7424,49.3243],[11.7406,49.3177],[11.7597,49.3147],[11.7876,49.2987],[11.8001,49.2917],[11.8598,49.2851],[11.8746,49.279],[11.87,49.2983],[11.8836,49.3086]]]},"properties":{"AGS":"09371129","GEN":"Hohenburg","SN_L":"09"}},
{"type":"Feature","geometry":{"type":"Polygon","coordinates":[[[11.7149,49.4153],[11.6893,49.417],[11.6775,49.4116],[11.6567,49.3974],[11.6333,49.3891],[11.6384,49.3727],[11.6293,49.3621],[11.6292,49.343],[11.6366,49.3363],[11.658,49.3338],[11.6618,49.3195],[11.6781,49.3197],[11.7022,49.3138],[11.7087,49.3357],[11.7221,49.3377],[11.7332,49.3308],[11.7468,49.3363],[11.7393,49.3797],[11.7404,49.3949],[11.7265,49.3985],[11.7078,49.3963],[11.7043,49.4041],[11.7149,49.4153]]]},"properties":{"AGS":"09371132","GEN":"Kastl","SN_L":"09"}},
{"type":"Feature","geometry":{"type":"Polygon","coordinates":[[[11.946,49.4146],[11.9416,49.4213],[11.9227,49.427],[11.9376,49.4429],[11.9252,49.464],[11.9133,49.4616],[11.9065,49.4417],[11.877,49.4306],[11.8602,49.4206],[11.8389,49.4195],[11.8364,49.4118],[11.837,49.405],[11.8128,49.3939],[11.8124,49.3862],[11.853,49.3902],[11.856,49.3769],[11.926,49.3773],[11.9264,49.3869],[11.9203,49.3984],[11.9448,49.4048],[11.946,49.4146]]]},"properties":{"AGS":"09371136","GEN":"Kümmersbruck","SN_L":"09"}},
{"type":"Feature","geometry":{"type":"Polygon","coordinates":[[[11.8445,49.4864],[11.8393,49.4923],[11.8124,49.5013],[11.8156,49.4966],[11.8046,49.4816],[11.7818,49.4791],[11.7636,49.4712],[11.7777,49.4644],[11.7787,49.4642],[11.7937,49.471],[11.8156,49.4663],[11.8315,49.4721],[11.8461,49.469],[11.8445,49.4864]]]},"properties":{"AGS":"09371144","GEN":"Poppenricht","SN_L":"09"}},
{"type":"Feature","geometry":{"type":"Polygon","coordinates":[[[11.977,49.3156],[11.9694,49.3306],[11.939,49.3322],[11.9154,49.3239],[11.8993,49.3253],[11.8881,49.3331],[11.8703,49.3332],[11.8737,49.3115],[11.8836,49.3086],[11.9026,49.3055],[11.9127,49.2883],[11.9452,49.2787],[11.9732,49.2839],[11.9781,49.2889],[11.9666,49.3044],[11.977,49.3156]]]},"properties":{"AGS":"09371146","GEN":"Rieden","SN_L":"09"}},
{"type":"Feature","geometry":{"type":"Polygon","coordinates":[[[11.9452,49.2787],[11.9127,49.2883],[11.9026,49.3055],[11.8836,49.3086],[11.87,49.2983],[11.8746,49.279],[11.9143,49.2679],[11.9284,49.2568],[11.9342,49.2211],[11.9467,49.2408],[11.9834,49.2519],[11.9672,49.2572],[11.966,49.2641],[11.9444,49.2681],[11.9452,49.2787]]]},"properties":{"AGS":"09371148","GEN":"Schmidmühlen","SN_L":"09"}},
{"type":"Feature","geometry":{"type":"Polygon","coordinates":[[[12.0691,49.5776],[12.0297,49.5782],[11.9977,49.5753],[11.9876,49.569],[11.9916,49.5572],[11.9789,49.5255],[11.997,49.5207],[12.0099,49.51],[12.0204,49.5108],[12.0333,49.4937],[12.0685,49.4904],[12.0682,49.4833],[12.0932,49.4882],[12.0943,49.5007],[12.0724,49.5286],[12.088,49.5328],[12.086,49.5415],[12.1155,49.548],[12.1192,49.5588],[12.0683,49.5649],[12.0691,49.5776]]]},"properties":{"AGS":"09371150","GEN":"Schnaittenbach","SN_L":"09"}},
{"type":"Feature","geometry":{"type":"Polygon","coordinates":[[[11.8124,49.5013],[11.7774,49.5116],[11.7747,49.5182],[11.7445,49.5349],[11.7312,49.5372],[11.7343,49.5584],[11.7153,49.5507],[11.7011,49.552],[11.6913,49.5509],[11.6901,49.5506],[11.703,49.5354],[11.7041,49.5257],[11.673,49.5227],[11.6745,49.4926],[11.6875,49.4854],[11.7071,49.4869],[11.7235,49.4925],[11.7318,49.4847],[11.7193,49.4675],[11.7492,49.4661],[11.7636,49.4712],[11.7818,49.4791],[11.8046,49.4816],[11.8156,49.4966],[11.8124,49.5013]]]},"properties":{"AGS":"09371151","GEN":"Sulzbach-Rosenberg","SN_L":"09"}},
{"type":"Feature","geometry":{"type":"Polygon","coordinates":[[[11.8364,49.4118],[11.8062,49.4244],[11.7811,49.4276],[11.7587,49.4193],[11.7426,49.4283],[11.7311,49.4129],[11.7149,49.4153],[11.7043,49.4041],[11.7078,49.3963],[11.7265,49.3985],[11.7404,49.3949],[11.7393,49.3797],[11.7468,49.3363],[11.7727,49.3381],[11.784,49.3255],[11.7987,49.3301],[11.8335,49.3311],[11.8391,49.35],[11.836,49.3681],[11.856,49.3769],[11.853,49.3902],[11.8124,49.3862],[11.8128,49.3939],[11.837,49.405],[11.8364,49.4118]]]},"properties":{"AGS":"09371154","GEN":"Ursensollen","SN_L":"09"}},
{"type":"Feature","geometry":{"type":"Polygon","coordinates":[[[11.863,49.6368],[11.8321,49.641],[11.8094,49.6529],[11.7797,49.6486],[11.772,49.6396],[11.7457,49.6327],[11.7369,49.625],[11.7399,49.6159],[11.7246,49.6021],[11.7365,49.5962],[11.7459,49.5805],[11.7724,49.5649],[11.7932,49.5703],[11.8114,49.5894],[11.8539,49.5863],[11.8654,49.6195],[11.8769,49.6209],[11.863,49.6368]]]},"properties":{"AGS":"09371156","GEN":"Vilseck","SN_L":"09"}},
{"type":"Feature","geometry":{"type":"Polygon","coordinates":[[[11.8788,49.5681],[11.8642,49.5643],[11.859,49.5765],[11.8427,49.5712],[11.847,49.5632],[11.8327,49.5522],[11.849,49.5334],[11.8588,49.5364],[11.8832,49.5246],[11.9211,49.5345],[11.9117,49.5491],[11.8726,49.5605],[11.8788,49.5681]]]},"properties":{"AGS":"09371123","GEN":"Gebenbach","SN_L":"09"}},
{"type":"Feature","geometry":{"type":"Polygon","coordinates":[[[11.8539,49.5863],[11.8114,49.5894],[11.7932,49.5703],[11.7724,49.5649],[11.7707,49.5596],[11.7343,49.5584],[11.7312,49.5372],[11.7445,49.5349],[11.7747,49.5182],[11.7774,49.5116],[11.8124,49.5013],[11.8393,49.4923],[11.8445,49.4864],[11.8647,49.4886],[11.8744,49.4971],[11.8766,49.502],[11.8725,49.512],[11.8832,49.5246],[11.8588,49.5364],[11.849,49.5334],[11.8327,49.5522],[11.847,49.5632],[11.8427,49.5712],[11.859,49.5765],[11.8539,49.5863]]]},"properties":{"AGS":"09371126","GEN":"Hahnbach","SN_L":"09"}},
{"type":"Feature","geometry":{"type":"Polygon","coordinates":[[[11.6527,49.5776],[11.646,49.5882],[11.6227,49.5991],[11.5862,49.5979],[11.5693,49.601],[11.5624,49.6092],[11.5517,49.6058],[11.5532,49.6009],[11.5697,49.5927],[11.5613,49.5761],[11.5541,49.5651],[11.5424,49.5598],[11.5308,49.5651],[11.5109,49.5532],[11.5155,49.548],[11.5491,49.5445],[11.5626,49.558],[11.5813,49.5511],[11.6087,49.5564],[11.6036,49.5629],[11.624,49.5708],[11.6422,49.5701],[11.6527,49.5776]]]},"properties":{"AGS":"09371128","GEN":"Hirschbach","SN_L":"09"}},
{"type":"Feature","geometry":{"type":"Polygon","coordinates":[[[11.6428,49.6454],[11.6318,49.6439],[11.6179,49.6315],[11.6016,49.6231],[11.5905,49.6117],[11.5783,49.6147],[11.5624,49.6092],[11.5693,49.601],[11.5862,49.5979],[11.6227,49.5991],[11.646,49.5882],[11.6527,49.5776],[11.6621,49.5697],[11.6648,49.589],[11.6859,49.5995],[11.6891,49.6089],[11.7062,49.6119],[11.7144,49.6238],[11.7054,49.6282],[11.6908,49.6236],[11.6634,49.6246],[11.6403,49.6315],[11.6428,49.6454]]]},"properties":{"AGS":"09371135","GEN":"Königstein","SN_L":"09"}},
{"type":"Feature","geometry":{"type":"Polygon","coordinates":[[[11.6087,49.5564],[11.5813,49.5511],[11.5626,49.558],[11.5491,49.5445],[11.5425,49.5358],[11.5452,49.5168],[11.5582,49.5123],[11.5904,49.5137],[11.6163,49.5223],[11.6142,49.5467],[11.6087,49.5564]]]},"properties":{"AGS":"09371140","GEN":"Etzelwang","SN_L":"09"}},
{"type":"Feature","geometry":{"type":"Polygon","coordinates":[[[11.6621,49.5697],[11.6527,49.5776],[11.6422,49.5701],[11.624,49.5708],[11.6036,49.5629],[11.6087,49.5564],[11.6142,49.5467],[11.6163,49.5223],[11.5904,49.5137],[11.6172,49.4993],[11.6266,49.4843],[11.6308,49.4863],[11.6424,49.4974],[11.6645,49.4981],[11.6745,49.4926],[11.673,49.5227],[11.7041,49.5257],[11.703,49.5354],[11.6901,49.5506],[11.6913,49.5509],[11.7011,49.552],[11.6952,49.561],[11.6621,49.5697]]]},"properties":{"AGS":"09371141","GEN":"Neukirchen b.Sulzbach-Rosenberg","SN_L":"09"}},
{"type":"Feature","geometry":{"type":"Polygon","coordinates":[[[11.5904,49.5137],[11.5582,49.5123],[11.5452,49.5168],[11.5375,49.5056],[11.5664,49.5039],[11.5698,49.491],[11.5915,49.485],[11.6266,49.4843],[11.6172,49.4993],[11.5904,49.5137]]]},"properties":{"AGS":"09371157","GEN":"Weigendorf","SN_L":"09"}},
{"type":"Feature","geometry":{"type":"Polygon","coordinates":[[[11.6775,49.4116],[11.6682,49.4213],[11.656,49.4238],[11.6568,49.4465],[11.651,49.4523],[11.6531,49.4694],[11.6641,49.4761],[11.6308,49.4863],[11.6266,49.4843],[11.5915,49.485],[11.5921,49.4657],[11.5778,49.4512],[11.5572,49.433],[11.5578,49.419],[11.5731,49.415],[11.5732,49.402],[11.5977,49.3881],[11.613,49.397],[11.6333,49.3891],[11.6567,49.3974],[11.6775,49.4116]]]},"properties":{"AGS":"09371116","GEN":"Birgland","SN_L":"09"}},
{"type":"Feature","geometry":{"type":"Polygon","coordinates":[[[11.6745,49.4926],[11.6645,49.4981],[11.6424,49.4974],[11.6308,49.4863],[11.6641,49.4761],[11.6531,49.4694],[11.651,49.4523],[11.6568,49.4465],[11.656,49.4238],[11.6682,49.4213],[11.6775,49.4116],[11.6893,49.417],[11.7149,49.4153],[11.7311,49.4129],[11.7426,49.4283],[11.7544,49.4405],[11.7588,49.453],[11.7492,49.4661],[11.7193,49.4675],[11.7318,49.4847],[11.7235,49.4925],[11.7071,49.4869],[11.6875,49.4854],[11.6745,49.4926]]]},"properties":{"AGS":"09371131","GEN":"Illschwang","SN_L":"09"}},
{"type":"Feature","geometry":{"type":"Polygon","coordinates":[[[11.7636,49.4712],[11.7492,49.4661],[11.7588,49.453],[11.7778,49.4581],[11.7777,49.4644],[11.7636,49.4712]]]},"properties":{"AGS":"09371452","GEN":"Eichen","SN_L":"09"}},
{"type":"Feature","geometry":{"type":"Polygon","coordinates":[[[12.858,49.2516],[12.8665,49.2659],[12.8565,49.2789],[12.8398,49.2788],[12.8309,49.2928],[12.815,49.2975],[12.784,49.2805],[12.7785,49.2687],[12.7923,49.247],[12.8065,49.2415],[12.8104,49.2337],[12.826,49.2259],[12.8334,49.2345],[12.8365,49.2473],[12.858,49.2516]]]},"properties":{"AGS":"09372112","GEN":"Arnschwang","SN_L":"09"}},
{"type":"Feature","geometry":{"type":"Polygon","coordinates":[[[13.0264,49.1585],[13.014,49.173],[13.024,49.1926],[13.0102,49.197],[13.026,49.2102],[13.0237,49.2283],[12.972,49.2237],[12.9595,49.2036],[12.9627,49.1872],[12.9717,49.1807],[12.9592,49.1712],[12.9712,49.1664],[12.9949,49.1576],[13.0044,49.1612],[13.0264,49.1585]]]},"properties":{"AGS":"09372113","GEN":"Arrach","SN_L":"09"}},
{"type":"Feature","geometry":{"type":"Polygon","coordinates":[[[12.8401,49.1351],[12.8362,49.1471],[12.8365,49.1712],[12.8223,49.1889],[12.8068,49.1891],[12.7809,49.1777],[12.7924,49.1768],[12.787,49.1639],[12.7989,49.1491],[12.8246,49.1335],[12.8232,49.1269],[12.8401,49.1351]]]},"properties":{"AGS":"09372115","GEN":"Blaibach","SN_L":"09"}},
{"type":"Feature","geometry":{"type":"Polygon","coordinates":[[[12.7099,49.2686],[12.6987,49.267],[12.7092,49.2499],[12.7018,49.2372],[12.6737,49.2339],[12.6548,49.2473],[12.6408,49.2505],[12.6361,49.242],[12.6153,49.2408],[12.6135,49.2223],[12.5973,49.2249],[12.5845,49.2339],[12.5641,49.2202],[12.5578,49.2056],[12.5649,49.1985],[12.5782,49.2058],[12.5965,49.2052],[12.6039,49.1995],[12.6488,49.185],[12.6579,49.1743],[12.6754,49.1655],[12.6707,49.1576],[12.677,49.146],[12.6912,49.1358],[12.7075,49.1578],[12.7136,49.1726],[12.725,49.1732],[12.719,49.1789],[12.7277,49.1987],[12.7275,49.2107],[12.6983,49.217],[12.703,49.2249],[12.717,49.2251],[12.7404,49.2334],[12.7529,49.2498],[12.7307,49.2564],[12.7099,49.2686]]]},"properties":{"AGS":"09372116","GEN":"Cham","SN_L":"09"}},
{"type":"Feature","geometry":{"type":"Polygon","coordinates":[[[12.826,49.2259],[12.8104,49.2337],[12.8031,49.2259],[12.803,49.2147],[12.7862,49.2115],[12.7818,49.2019],[12.7275,49.2107],[12.7277,49.1987],[12.719,49.1789],[12.725,49.1732],[12.7526,49.1747],[12.7664,49.1819],[12.7809,49.1777],[12.8068,49.1891],[12.8171,49.1979],[12.8141,49.2075],[12.826,49.2259]]]},"properties":{"AGS":"09372117","GEN":"Chamerau","SN_L":"09"}},
{"type":"Feature","geometry":{"type":"Polygon","coordinates":[[[13.0076,49.306],[13.0046,49.3111],[12.9726,49.3339],[12.95,49.3429],[12.9199,49.3434],[12.8956,49.322],[12.898,49.3127],[12.8887,49.2959],[12.8934,49.2857],[12.8848,49.2706],[12.875,49.2657],[12.8765,49.2562],[12.9282,49.2444],[12.942,49.2635],[12.9353,49.2722],[12.9593,49.2894],[12.9722,49.2834],[12.992,49.2864],[13.0099,49.2841],[13.0131,49.2926],[13.0076,49.306]]]},"properties":{"AGS":"09372124","GEN":"Eschlkam","SN_L":"09"}},
{"type":"Feature","geometry":{"type":"Polygon","coordinates":[[[12.9199,49.3434],[12.9066,49.3485],[12.8802,49.3505],[12.8889,49.333],[12.8768,49.3324],[12.8479,49.3443],[12.837,49.3407],[12.8025,49.3416],[12.7863,49.3454],[12.7864,49.3365],[12.7868,49.3213],[12.7581,49.3216],[12.7474,49.3177],[12.7458,49.2981],[12.7582,49.2914],[12.7591,49.2835],[12.784,49.2805],[12.815,49.2975],[12.8309,49.2928],[12.8398,49.2788],[12.8565,49.2789],[12.8665,49.2659],[12.858,49.2516],[12.8765,49.2562],[12.875,49.2657],[12.8848,49.2706],[12.8934,49.2857],[12.8887,49.2959],[12.898,49.3127],[12.8956,49.322],[12.9199,49.3434]]]},"properties":{"AGS":"09372126","GEN":"Furth im Wald","SN_L":"09"}},
{"type":"Feature","geometry":{"type":"Polygon","coordinates":[[[12.9008,49.2071],[12.8852,49.2075],[12.884,49.2191],[12.8572,49.224],[12.8553,49.2067],[12.8636,49.2052],[12.8679,49.1846],[12.887,49.1914],[12.894,49.1851],[12.909,49.1894],[12.9008,49.2071]]]},"properties":{"AGS":"09372130","GEN":"Grafenwiesen","SN_L":"09"}},
{"type":"Feature","geometry":{"type":"Polygon","coordinates":[[[12.972,49.2237],[12.9577,49.2313],[12.9292,49.2258],[12.9188,49.2287],[12.9069,49.2198],[12.9008,49.2071],[12.909,49.1894],[12.923,49.1765],[12.9592,49.1712],[12.9717,49.1807],[12.9627,49.1872],[12.9595,49.2036],[12.972,49.2237]]]},"properties":{"AGS":"09372135","GEN":"Hohenwarth","SN_L":"09"}},
{"type":"Feature","geometry":{"type":"Polygon","coordinates":[[[12.8572,49.224],[12.8334,49.2345],[12.826,49.2259],[12.8141,49.2075],[12.8171,49.1979],[12.8068,49.1891],[12.8223,49.1889],[12.8365,49.1712],[12.8362,49.1471],[12.8401,49.1351],[12.8636,49.1298],[12.8795,49.1376],[12.8989,49.1275],[12.9242,49.1335],[12.9147,49.139],[12.9178,49.1493],[12.9452,49.1391],[12.9712,49.1664],[12.9592,49.1712],[12.923,49.1765],[12.909,49.1894],[12.894,49.1851],[12.887,49.1914],[12.8679,49.1846],[12.8636,49.2052],[12.8553,49.2067],[12.8572,49.224]]]},"properties":{"AGS":"09372137","GEN":"Bad Kötzting","SN_L":"09"}},
{"type":"Feature","geometry":{"type":"Polygon","coordinates":[[[13.094,49.2251],[13.0545,49.2319],[13.0237,49.2283],[13.026,49.2102],[13.0102,49.197],[13.024,49.1926],[13.014,49.173],[13.0264,49.1585],[13.0451,49.155],[13.0654,49.1686],[13.0546,49.1787],[13.0573,49.1904],[13.0875,49.2],[13.0965,49.2066],[13.11,49.2032],[13.1131,49.2192],[13.094,49.2251]]]},"properties":{"AGS":"09372138","GEN":"Lam","SN_L":"09"}},
{"type":"Feature","geometry":{"type":"Polygon","coordinates":[[[12.7809,49.1777],[12.7664,49.1819],[12.7526,49.1747],[12.7491,49.1618],[12.7513,49.1425],[12.7412,49.1359],[12.736,49.1195],[12.7518,49.1112],[12.7682,49.1148],[12.7673,49.1265],[12.794,49.1221],[12.8232,49.1269],[12.8246,49.1335],[12.7989,49.1491],[12.787,49.1639],[12.7924,49.1768],[12.7809,49.1777]]]},"properties":{"AGS":"09372143","GEN":"Miltach","SN_L":"09"}},
{"type":"Feature","geometry":{"type":"Polygon","coordinates":[[[13.094,49.2251],[13.0808,49.2474],[13.0578,49.2532],[13.05,49.2649],[13.0339,49.2639],[13.0257,49.2789],[13.0306,49.2876],[13.0291,49.3043],[13.0076,49.306],[13.0131,49.2926],[13.0099,49.2841],[12.992,49.2864],[12.9722,49.2834],[12.9593,49.2894],[12.9353,49.2722],[12.942,49.2635],[12.9282,49.2444],[12.9334,49.2361],[12.9577,49.2313],[12.972,49.2237],[13.0237,49.2283],[13.0545,49.2319],[13.094,49.2251]]]},"properties":{"AGS":"09372144","GEN":"Neukirchen b.Hl.Blut","SN_L":"09"}},
{"type":"Feature","geometry":{"type":"Polygon","coordinates":[[[12.6475,49.3133],[12.6342,49.3227],[12.6022,49.3202],[12.5832,49.3124],[12.5689,49.2928],[12.5672,49.2773],[12.5768,49.2706],[12.5701,49.2478],[12.5746,49.2332],[12.5845,49.2339],[12.5973,49.2249],[12.6135,49.2223],[12.6153,49.2408],[12.6361,49.242],[12.6408,49.2505],[12.6464,49.2581],[12.6342,49.2725],[12.6324,49.2898],[12.6506,49.2967],[12.6475,49.3133]]]},"properties":{"AGS":"09372146","GEN":"Pemfling","SN_L":"09"}},
{"type":"Feature","geometry":{"type":"Polygon","coordinates":[[[12.9282,49.2444],[12.8765,49.2562],[12.858,49.2516],[12.8365,49.2473],[12.8334,49.2345],[12.8572,49.224],[12.884,49.2191],[12.8852,49.2075],[12.9008,49.2071],[12.9069,49.2198],[12.9188,49.2287],[12.9292,49.2258],[12.9577,49.2313],[12.9334,49.2361],[12.9282,49.2444]]]},"properties":{"AGS":"09372151","GEN":"Rimbach","SN_L":"09"}},
{"type":"Feature","geometry":{"type":"Polygon","coordinates":[[[12.4595,49.2608],[12.4498,49.2729],[12.4222,49.2755],[12.4229,49.263],[12.4015,49.2611],[12.3837,49.2637],[12.3747,49.2584],[12.3742,49.2394],[12.3884,49.2326],[12.4155,49.2236],[12.4257,49.21],[12.4471,49.2056],[12.42,49.1833],[12.4444,49.1725],[12.4661,49.1394],[12.4769,49.1403],[12.4863,49.1514],[12.5025,49.1443],[12.5201,49.1426],[12.5358,49.147],[12.5429,49.137],[12.5605,49.1456],[12.5697,49.1495],[12.562,49.1607],[12.5666,49.1699],[12.555,49.1803],[12.5493,49.1927],[12.5649,49.1985],[12.5578,49.2056],[12.5641,49.2202],[12.5415,49.2253],[12.5248,49.224],[12.5182,49.2392],[12.509,49.2418],[12.4944,49.2572],[12.4849,49.2561],[12.4671,49.2643],[12.4595,49.2608]]]},"properties":{"AGS":"09372153","GEN":"Roding","SN_L":"09"}},
{"type":"Feature","geometry":{"type":"Polygon","coordinates":[[[12.5494,49.4138],[12.5349,49.4092],[12.5003,49.408],[12.4853,49.3939],[12.5021,49.3797],[12.4878,49.3656],[12.4816,49.3599],[12.4769,49.3385],[12.4855,49.3315],[12.4829,49.3194],[12.5102,49.3159],[12.5114,49.3073],[12.5327,49.306],[12.5689,49.2928],[12.5832,49.3124],[12.5728,49.3265],[12.5819,49.3318],[12.5733,49.3548],[12.5471,49.3656],[12.5485,49.3759],[12.5615,49.3768],[12.5618,49.3921],[12.5494,49.4138]]]},"properties":{"AGS":"09372154","GEN":"Rötz","SN_L":"09"}},
{"type":"Feature","geometry":{"type":"Polygon","coordinates":[[[12.7529,49.2498],[12.7404,49.2334],[12.717,49.2251],[12.703,49.2249],[12.6983,49.217],[12.7275,49.2107],[12.7818,49.2019],[12.7862,49.2115],[12.803,49.2147],[12.8031,49.2259],[12.795,49.2243],[12.7808,49.2379],[12.7529,49.2498]]]},"properties":{"AGS":"09372155","GEN":"Runding","SN_L":"09"}},
{"type":"Feature","geometry":{"type":"Polygon","coordinates":[[[12.6111,49.3947],[12.5946,49.3981],[12.5618,49.3921],[12.5615,49.3768],[12.5485,49.3759],[12.5471,49.3656],[12.5733,49.3548],[12.5819,49.3318],[12.5728,49.3265],[12.5832,49.3124],[12.6022,49.3202],[12.6342,49.3227],[12.6475,49.3133],[12.6532,49.3229],[12.6444,49.3351],[12.6455,49.3493],[12.64,49.3651],[12.6098,49.3749],[12.6278,49.3824],[12.6111,49.3947]]]},"properties":{"AGS":"09372157","GEN":"Schönthal","SN_L":"09"}},
{"type":"Feature","geometry":{"type":"Polygon","coordinates":[[[12.6488,49.185],[12.6039,49.1995],[12.5965,49.2052],[12.5782,49.2058],[12.5649,49.1985],[12.5493,49.1927],[12.555,49.1803],[12.5666,49.1699],[12.562,49.1607],[12.5697,49.1495],[12.5605,49.1456],[12.5961,49.1242],[12.6058,49.1344],[12.6216,49.1306],[12.6398,49.1442],[12.6296,49.1514],[12.6208,49.1696],[12.6417,49.1769],[12.6488,49.185]]]},"properties":{"AGS":"09372158","GEN":"Schorndorf","SN_L":"09"}},
{"type":"Feature","geometry":{"type":"Polygon","coordinates":[[[12.6912,49.1358],[12.677,49.146],[12.6707,49.1576],[12.6754,49.1655],[12.6579,49.1743],[12.6488,49.185],[12.6417,49.1769],[12.6208,49.1696],[12.6296,49.1514],[12.6398,49.1442],[12.6216,49.1306],[12.6058,49.1344],[12.5961,49.1242],[12.5808,49.1218],[12.5891,49.0991],[12.6182,49.0957],[12.6204,49.1029],[12.6427,49.1031],[12.653,49.11],[12.6857,49.1014],[12.7127,49.1114],[12.693,49.1273],[12.6912,49.1358]]]},"properties":{"AGS":"09372164","GEN":"Traitsching","SN_L":"09"}},
{"type":"Feature","geometry":{"type":"Polygon","coordinates":[[[12.7,49.2918],[12.6791,49.303],[12.6822,49.3131],[12.6722,49.3201],[12.6532,49.3229],[12.6475,49.3133],[12.6506,49.2967],[12.6324,49.2898],[12.6342,49.2725],[12.6464,49.2581],[12.6408,49.2505],[12.6548,49.2473],[12.6738,49.2575],[12.68,49.2704],[12.6987,49.267],[12.7099,49.2686],[12.705,49.2724],[12.7118,49.2883],[12.7,49.2918]]]},"properties":{"AGS":"09372168","GEN":"Waffenbrunn","SN_L":"09"}},
{"type":"Feature","geometry":{"type":"Polygon","coordinates":[[[12.7863,49.3454],[12.7823,49.3592],[12.7581,49.3752],[12.7576,49.3948],[12.7329,49.4099],[12.7147,49.414],[12.7087,49.4247],[12.6792,49.4263],[12.6559,49.4345],[12.6369,49.4214],[12.6459,49.4132],[12.6453,49.3915],[12.6278,49.3824],[12.6098,49.3749],[12.64,49.3651],[12.6455,49.3493],[12.6444,49.3351],[12.6532,49.3229],[12.6722,49.3201],[12.6822,49.3131],[12.6791,49.303],[12.7,49.2918],[12.7147,49.3032],[12.7296,49.3222],[12.7129,49.3413],[12.7208,49.3469],[12.758,49.34],[12.7733,49.3321],[12.7864,49.3365],[12.7863,49.3454]]]},"properties":{"AGS":"09372171","GEN":"Waldmünchen","SN_L":"09"}},
{"type":"Feature","geometry":{"type":"Polygon","coordinates":[[[12.6987,49.267],[12.68,49.2704],[12.6738,49.2575],[12.6548,49.2473],[12.6737,49.2339],[12.7018,49.2372],[12.7092,49.2499],[12.6987,49.267]]]},"properties":{"AGS":"09372175","GEN":"Willmering","SN_L":"09"}},
{"type":"Feature","geometry":{"type":"Polygon","coordinates":[[[12.736,49.1195],[12.7412,49.1359],[12.7513,49.1425],[12.7491,49.1618],[12.7526,49.1747],[12.725,49.1732],[12.7136,49.1726],[12.7075,49.1578],[12.6912,49.1358],[12.693,49.1273],[12.7127,49.1114],[12.7178,49.1124],[12.736,49.1195]]]},"properties":{"AGS":"09372177","GEN":"Zandt","SN_L":"09"}},
{"type":"Feature","geometry":{"type":"Polygon","coordinates":[[[13.11,49.2032],[13.0965,49.2066],[13.0875,49.2],[13.0573,49.1904],[13.0546,49.1787],[13.0654,49.1686],[13.0451,49.155],[13.0654,49.1423],[13.0682,49.1295],[13.0834,49.1236],[13.106,49.1147],[13.1335,49.1118],[13.1358,49.1277],[13.1648,49.1488],[13.1598,49.1575],[13.1709,49.1736],[13.1619,49.1746],[13.1293,49.1969],[13.11,49.2032]]]},"properties":{"AGS":"09372178","GEN":"Lohberg","SN_L":"09"}},
{"type":"Feature","geometry":{"type":"Polygon","coordinates":[[[12.6338,49.4762],[12.6148,49.4882],[12.6111,49.4761],[12.5974,49.4739],[12.5554,49.4608],[12.5403,49.4531],[12.5369,49.4445],[12.5494,49.4138],[12.5618,49.3921],[12.5946,49.3981],[12.6111,49.3947],[12.5933,49.4182],[12.5986,49.4287],[12.6264,49.4473],[12.657,49.4449],[12.6485,49.4683],[12.6338,49.4762]]]},"properties":{"AGS":"09372163","GEN":"Tiefenbach","SN_L":"09"}},
{"type":"Feature","geometry":{"type":"Polygon","coordinates":[[[12.657,49.4449],[12.6264,49.4473],[12.5986,49.4287],[12.5933,49.4182],[12.6111,49.3947],[12.6278,49.3824],[12.6453,49.3915],[12.6459,49.4132],[12.6369,49.4214],[12.6559,49.4345],[12.657,49.4449]]]},"properties":{"AGS":"09372165","GEN":"Treffelstein","SN_L":"09"}},
{"type":"Feature","geometry":{"type":"Polygon","coordinates":[[[12.5845,49.2339],[12.5746,49.2332],[12.5701,49.2478],[12.5244,49.2422],[12.5182,49.2392],[12.5248,49.224],[12.5415,49.2253],[12.5641,49.2202],[12.5845,49.2339]]]},"properties":{"AGS":"09372147","GEN":"Pösing","SN_L":"09"}},
{"type":"Feature","geometry":{"type":"Polygon","coordinates":[[[12.5689,49.2928],[12.5327,49.306],[12.5114,49.3073],[12.5102,49.3159],[12.4805,49.2958],[12.4873,49.2858],[12.4793,49.2725],[12.4582,49.272],[12.4595,49.2608],[12.4671,49.2643],[12.4849,49.2561],[12.4944,49.2572],[12.509,49.2418],[12.5182,49.2392],[12.5244,49.2422],[12.5701,49.2478],[12.5768,49.2706],[12.5672,49.2773],[12.5689,49.2928]]]},"properties":{"AGS":"09372161","GEN":"Stamsried","SN_L":"09"}},
{"type":"Feature","geometry":{"type":"Polygon","coordinates":[[[12.7864,49.3365],[12.7733,49.3321],[12.758,49.34],[12.7208,49.3469],[12.7129,49.3413],[12.7296,49.3222],[12.7147,49.3032],[12.7458,49.2981],[12.7474,49.3177],[12.7581,49.3216],[12.7868,49.3213],[12.7864,49.3365]]]},"properties":{"AGS":"09372128","GEN":"Gleißenberg","SN_L":"09"}},
{"type":"Feature","geometry":{"type":"Polygon","coordinates":[[[12.7458,49.2981],[12.7147,49.3032],[12.7,49.2918],[12.7118,49.2883],[12.705,49.2724],[12.7099,49.2686],[12.7307,49.2564],[12.7529,49.2498],[12.7808,49.2379],[12.795,49.2243],[12.8031,49.2259],[12.8104,49.2337],[12.8065,49.2415],[12.7923,49.247],[12.7785,49.2687],[12.784,49.2805],[12.7591,49.2835],[12.7582,49.2914],[12.7458,49.2981]]]},"properties":{"AGS":"09372174","GEN":"Weiding","SN_L":"09"}},
{"type":"Feature","geometry":{"type":"Polygon","coordinates":[[[12.3679,49.1601],[12.3707,49.1822],[12.349,49.1914],[12.3485,49.2043],[12.3269,49.1841],[12.3228,49.171],[12.3368,49.1679],[12.3405,49.1565],[12.3574,49.1625],[12.3679,49.1601]]]},"properties":{"AGS":"09372149","GEN":"Reichenbach","SN_L":"09"}},
{"type":"Feature","geometry":{"type":"Polygon","coordinates":[[[12.42,49.1833],[12.4471,49.2056],[12.4257,49.21],[12.4155,49.2236],[12.3884,49.2326],[12.3599,49.2287],[12.3485,49.2043],[12.349,49.1914],[12.3707,49.1822],[12.3679,49.1601],[12.3893,49.1601],[12.4045,49.1695],[12.4176,49.1707],[12.42,49.1833]]]},"properties":{"AGS":"09372170","GEN":"Walderbach","SN_L":"09"}},
{"type":"Feature","geometry":{"type":"Polygon","coordinates":[[[12.4661,49.1394],[12.4444,49.1725],[12.42,49.1833],[12.4176,49.1707],[12.4045,49.1695],[12.3893,49.1601],[12.3853,49.1348],[12.4025,49.1189],[12.3789,49.1036],[12.4097,49.099],[12.416,49.1088],[12.444,49.1086],[12.4343,49.1172],[12.4329,49.1346],[12.4661,49.1394]]]},"properties":{"AGS":"09372167","GEN":"Zell","SN_L":"09"}},
{"type":"Feature","geometry":{"type":"Polygon","coordinates":[[[12.3679,49.1601],[12.3574,49.1625],[12.3405,49.1565],[12.3368,49.1679],[12.3228,49.171],[12.311,49.1525],[12.3231,49.1317],[12.3066,49.1237],[12.3235,49.111],[12.3393,49.1109],[12.3423,49.1032],[12.3227,49.0978],[12.329,49.0879],[12.3493,49.0907],[12.3682,49.0884],[12.3866,49.0979],[12.3789,49.1036],[12.4025,49.1189],[12.3853,49.1348],[12.3893,49.1601],[12.3679,49.1601]]]},"properties":{"AGS":"09372169","GEN":"Wald","SN_L":"09"}},
{"type":"Feature","geometry":{"type":"Polygon","coordinates":[[[12.4661,49.1394],[12.4329,49.1346],[12.4343,49.1172],[12.444,49.1086],[12.416,49.1088],[12.4097,49.099],[12.4253,49.0927],[12.4603,49.0943],[12.4657,49.0811],[12.4824,49.0801],[12.4985,49.073],[12.5049,49.0611],[12.5273,49.0577],[12.5319,49.0747],[12.546,49.0829],[12.54,49.1002],[12.5316,49.0995],[12.5111,49.1231],[12.5031,49.121],[12.486,49.1288],[12.4769,49.1403],[12.4661,49.1394]]]},"properties":{"AGS":"09372125","GEN":"Falkenstein","SN_L":"09"}},
{"type":"Feature","geometry":{"type":"Polygon","coordinates":[[[12.5605,49.1456],[12.5429,49.137],[12.5358,49.147],[12.5201,49.1426],[12.5025,49.1443],[12.4863,49.1514],[12.4769,49.1403],[12.486,49.1288],[12.5031,49.121],[12.5111,49.1231],[12.5316,49.0995],[12.54,49.1002],[12.546,49.0829],[12.5548,49.0887],[12.5876,49.0937],[12.5891,49.0991],[12.5808,49.1218],[12.5961,49.1242],[12.5605,49.1456]]]},"properties":{"AGS":"09372142","GEN":"Michelsneukirchen","SN_L":"09"}},
{"type":"Feature","geometry":{"type":"Polygon","coordinates":[[[12.5049,49.0611],[12.4985,49.073],[12.4824,49.0801],[12.4657,49.0811],[12.4603,49.0943],[12.4253,49.0927],[12.4249,49.0684],[12.4387,49.0587],[12.4092,49.0528],[12.4163,49.0462],[12.4472,49.0425],[12.4473,49.0357],[12.479,49.032],[12.4726,49.0364],[12.4872,49.0507],[12.5049,49.0611]]]},"properties":{"AGS":"09372150","GEN":"Rettenbach","SN_L":"09"}},
{"type":"Feature","geometry":{"type":"Polygon","coordinates":[[[11.5604,49.1597],[11.5561,49.1714],[11.5227,49.1709],[11.5106,49.1842],[11.4883,49.1807],[11.4872,49.17],[11.45,49.1635],[11.4495,49.147],[11.4307,49.1532],[11.3821,49.1636],[11.3799,49.1505],[11.3961,49.1331],[11.3815,49.1188],[11.3568,49.1135],[11.3672,49.0917],[11.3857,49.0789],[11.395,49.083],[11.4364,49.065],[11.4875,49.0634],[11.499,49.0756],[11.5296,49.0709],[11.5436,49.0743],[11.5465,49.0892],[11.5381,49.0953],[11.551,49.1129],[11.575,49.1167],[11.5477,49.1255],[11.5499,49.1368],[11.5423,49.1425],[11.5437,49.1535],[11.5604,49.1597]]]},"properties":{"AGS":"09373112","GEN":"Berching","SN_L":"09"}},
{"type":"Feature","geometry":{"type":"Polygon","coordinates":[[[11.4602,49.4106],[11.4429,49.4042],[11.4381,49.3957],[11.4185,49.3831],[11.4209,49.3759],[11.3937,49.3566],[11.3728,49.357],[11.3762,49.3487],[11.3896,49.3421],[11.3831,49.3276],[11.3913,49.3125],[11.429,49.3191],[11.4366,49.3079],[11.4668,49.3071],[11.4842,49.3168],[11.4889,49.3285],[11.4887,49.3498],[11.4946,49.3588],[11.4983,49.3792],[11.4807,49.3825],[11.4847,49.399],[11.4602,49.4106]]]},"properties":{"AGS":"09373113","GEN":"Berg b.Neumarkt i.d.OPf.","SN_L":"09"}},
{"type":"Feature","geometry":{"type":"Polygon","coordinates":[[[11.6914,49.1339],[11.6884,49.1236],[11.6641,49.1231],[11.6465,49.1314],[11.6226,49.1211],[11.5857,49.1128],[11.575,49.1167],[11.551,49.1129],[11.5381,49.0953],[11.5455,49.0903],[11.569,49.088],[11.5739,49.0765],[11.5868,49.0738],[11.5869,49.0589],[11.6126,49.0501],[11.6478,49.0564],[11.6636,49.0568],[11.675,49.0511],[11.6743,49.0729],[11.6884,49.0774],[11.7011,49.0952],[11.7125,49.0964],[11.7052,49.098],[11.7042,49.1179],[11.6914,49.1339]]]},"properties":{"AGS":"09373115","GEN":"Breitenbrunn","SN_L":"09"}},
{"type":"Feature","geometry":{"type":"Polygon","coordinates":[[[11.6006,49.2049],[11.5797,49.2376],[11.5819,49.2457],[11.5655,49.2544],[11.5531,49.2701],[11.522,49.2558],[11.4942,49.25],[11.4898,49.2132],[11.4777,49.2079],[11.4708,49.197],[11.4883,49.1807],[11.5106,49.1842],[11.5227,49.1709],[11.5561,49.1714],[11.5604,49.1597],[11.5847,49.1653],[11.59,49.1753],[11.5853,49.1903],[11.6006,49.2049]]]},"properties":{"AGS":"09373119","GEN":"Deining","SN_L":"09"}},
{"type":"Feature","geometry":{"type":"Polygon","coordinates":[[[11.5381,49.0953],[11.5465,49.0892],[11.5436,49.0743],[11.5296,49.0709],[11.5374,49.0584],[11.5304,49.0447],[11.5163,49.032],[11.543,49.0251],[11.5411,49.01],[11.5628,48.9894],[11.5783,48.9865],[11.5788,48.9743],[11.5949,48.9537],[11.5993,48.9515],[11.61,48.9774],[11.6216,48.984],[11.6127,48.9951],[11.6137,49.0084],[11.6462,49.0046],[11.6598,49.0161],[11.6633,49.0323],[11.675,49.0511],[11.6636,49.0568],[11.6478,49.0564],[11.6126,49.0501],[11.5869,49.0589],[11.5868,49.0738],[11.5739,49.0765],[11.569,49.088],[11.5455,49.0903],[11.5381,49.0953]]]},"properties":{"AGS":"09373121","GEN":"Dietfurt a.d.Altmühl","SN_L":"09"}},
{"type":"Feature","geometry":{"type":"Polygon","coordinates":[[[11.3945,49.2207],[11.3923,49.2254],[11.3683,49.2256],[11.3453,49.23],[11.3508,49.2546],[11.3226,49.2538],[11.303,49.2438],[11.2933,49.2355],[11.319,49.2101],[11.2922,49.2106],[11.2628,49.2082],[11.2716,49.1961],[11.287,49.1874],[11.3136,49.1781],[11.308,49.1631],[11.3248,49.1565],[11.3278,49.143],[11.3211,49.1317],[11.3251,49.1173],[11.3568,49.1135],[11.3815,49.1188],[11.3961,49.1331],[11.3799,49.1505],[11.3821,49.1636],[11.3826,49.1806],[11.3747,49.2036],[11.4008,49.2075],[11.3945,49.2207]]]},"properties":{"AGS":"09373126","GEN":"Freystadt","SN_L":"09"}},
{"type":"Feature","geometry":{"type":"Polygon","coordinates":[[[11.8746,49.279],[11.8598,49.2851],[11.8001,49.2917],[11.7876,49.2987],[11.7755,49.2901],[11.772,49.2774],[11.7827,49.2674],[11.7778,49.2589],[11.7878,49.2446],[11.7796,49.2263],[11.7825,49.2177],[11.7903,49.2061],[11.778,49.2004],[11.7863,49.1893],[11.7849,49.1761],[11.7981,49.1679],[11.8109,49.1744],[11.8231,49.157],[11.8434,49.1509],[11.8617,49.1554],[11.8613,49.1703],[11.8816,49.17],[11.8908,49.1753],[11.9065,49.1734],[11.9359,49.1951],[11.9424,49.2037],[11.9342,49.2211],[11.9284,49.2568],[11.9143,49.2679],[11.8746,49.279]]]},"properties":{"AGS":"09373134","GEN":"Hohenfels","SN_L":"09"}},
{"type":"Feature","geometry":{"type":"Polygon","coordinates":[[[11.4857,49.4252],[11.4648,49.4218],[11.4587,49.4325],[11.4485,49.4214],[11.4602,49.4106],[11.4847,49.399],[11.4807,49.3825],[11.4983,49.3792],[11.5198,49.3714],[11.5395,49.3561],[11.5437,49.3418],[11.5658,49.3396],[11.5855,49.3266],[11.6107,49.3157],[11.6286,49.3125],[11.6377,49.3218],[11.6567,49.3144],[11.6618,49.3195],[11.658,49.3338],[11.6366,49.3363],[11.6292,49.343],[11.6293,49.3621],[11.6384,49.3727],[11.6333,49.3891],[11.613,49.397],[11.5977,49.3881],[11.5732,49.402],[11.5731,49.415],[11.5578,49.419],[11.5369,49.4106],[11.4913,49.4203],[11.4857,49.4252]]]},"properties":{"AGS":"09373140","GEN":"Lauterhofen","SN_L":"09"}},
{"type":"Feature","geometry":{"type":"Polygon","coordinates":[[[11.7981,49.1679],[11.7849,49.1761],[11.7863,49.1893],[11.778,49.2004],[11.7596,49.1969],[11.7442,49.1805],[11.7348,49.1801],[11.7397,49.1525],[11.7107,49.1477],[11.7087,49.1406],[11.7269,49.127],[11.7468,49.1202],[11.7646,49.1259],[11.7657,49.1321],[11.7855,49.1413],[11.7959,49.1548],[11.7981,49.1679]]]},"properties":{"AGS":"09373143","GEN":"Lupburg","SN_L":"09"}},
{"type":"Feature","geometry":{"type":"Polygon","coordinates":[[[11.4777,49.2079],[11.4479,49.2068],[11.4451,49.1939],[11.4371,49.1896],[11.4008,49.2075],[11.3747,49.2036],[11.3826,49.1806],[11.3821,49.1636],[11.4307,49.1532],[11.4495,49.147],[11.45,49.1635],[11.4872,49.17],[11.4883,49.1807],[11.4708,49.197],[11.4777,49.2079]]]},"properties":{"AGS":"09373146","GEN":"Mühlhausen","SN_L":"09"}},
{"type":"Feature","geometry":{"type":"Polygon","coordinates":[[[11.4842,49.3168],[11.4668,49.3071],[11.4366,49.3079],[11.429,49.3191],[11.3913,49.3125],[11.3748,49.3086],[11.3879,49.2966],[11.3828,49.2893],[11.3907,49.2718],[11.4097,49.2738],[11.4191,49.2621],[11.4194,49.2381],[11.4415,49.2471],[11.4557,49.2434],[11.4942,49.25],[11.522,49.2558],[11.5531,49.2701],[11.5752,49.2719],[11.5808,49.2858],[11.5634,49.2888],[11.5523,49.3025],[11.5201,49.3147],[11.4953,49.3067],[11.4842,49.3168]]]},"properties":{"AGS":"09373147","GEN":"Neumarkt i.d.OPf.","SN_L":"09"}},
{"type":"Feature","geometry":{"type":"Polygon","coordinates":[[[11.7825,49.2177],[11.7576,49.2286],[11.7274,49.228],[11.7273,49.216],[11.7164,49.2077],[11.7032,49.1883],[11.6912,49.1877],[11.6816,49.2044],[11.6655,49.1951],[11.6716,49.1834],[11.6641,49.1729],[11.6772,49.1551],[11.68,49.1437],[11.6914,49.1339],[11.7042,49.1179],[11.7052,49.098],[11.7125,49.0964],[11.7499,49.105],[11.7468,49.1202],[11.7269,49.127],[11.7087,49.1406],[11.7107,49.1477],[11.7397,49.1525],[11.7348,49.1801],[11.7442,49.1805],[11.7596,49.1969],[11.778,49.2004],[11.7903,49.2061],[11.7825,49.2177]]]},"properties":{"AGS":"09373151","GEN":"Parsberg","SN_L":"09"}},
{"type":"Feature","geometry":{"type":"Polygon","coordinates":[[[11.3913,49.3125],[11.3831,49.3276],[11.3655,49.3265],[11.3583,49.3182],[11.3262,49.3024],[11.332,49.2977],[11.335,49.279],[11.3192,49.2703],[11.3226,49.2538],[11.3508,49.2546],[11.3616,49.2594],[11.3605,49.2775],[11.3718,49.279],[11.3828,49.2893],[11.3879,49.2966],[11.3748,49.3086],[11.3913,49.3125]]]},"properties":{"AGS":"09373155","GEN":"Postbauer-Heng","SN_L":"09"}},
{"type":"Feature","geometry":{"type":"Polygon","coordinates":[[[11.2472,49.3254],[11.2514,49.3089],[11.2436,49.3067],[11.2198,49.3154],[11.1872,49.2978],[11.1988,49.2893],[11.2039,49.2774],[11.2063,49.2741],[11.2389,49.2761],[11.2462,49.2695],[11.2616,49.2737],[11.2804,49.2732],[11.275,49.2604],[11.2864,49.2575],[11.303,49.2438],[11.3226,49.2538],[11.3192,49.2703],[11.335,49.279],[11.332,49.2977],[11.3262,49.3024],[11.3038,49.309],[11.2926,49.3173],[11.2719,49.3224],[11.2472,49.3254]]]},"properties":{"AGS":"09373156","GEN":"Pyrbaum","SN_L":"09"}},
{"type":"Feature","geometry":{"type":"Polygon","coordinates":[[[11.6655,49.1951],[11.6544,49.1908],[11.6347,49.194],[11.6297,49.2017],[11.6006,49.2049],[11.5853,49.1903],[11.59,49.1753],[11.5847,49.1653],[11.5604,49.1597],[11.5437,49.1535],[11.5423,49.1425],[11.5499,49.1368],[11.5477,49.1255],[11.575,49.1167],[11.5857,49.1128],[11.6226,49.1211],[11.6465,49.1314],[11.6641,49.1231],[11.6884,49.1236],[11.6914,49.1339],[11.68,49.1437],[11.6772,49.1551],[11.6641,49.1729],[11.6716,49.1834],[11.6655,49.1951]]]},"properties":{"AGS":"09373160","GEN":"Seubersdorf i.d.OPf.","SN_L":"09"}},
{"type":"Feature","geometry":{"type":"Polygon","coordinates":[[[11.7876,49.2987],[11.7597,49.3147],[11.7406,49.3177],[11.7424,49.3243],[11.7221,49.3377],[11.7087,49.3357],[11.7022,49.3138],[11.6781,49.3197],[11.6618,49.3195],[11.6567,49.3144],[11.6377,49.3218],[11.6286,49.3125],[11.6107,49.3157],[11.6037,49.2918],[11.5956,49.2823],[11.5808,49.2858],[11.5752,49.2719],[11.5531,49.2701],[11.5655,49.2544],[11.5819,49.2457],[11.5797,49.2376],[11.6006,49.2049],[11.6297,49.2017],[11.6347,49.194],[11.6544,49.1908],[11.6655,49.1951],[11.6816,49.2044],[11.6912,49.1877],[11.7032,49.1883],[11.7164,49.2077],[11.7273,49.216],[11.7274,49.228],[11.7576,49.2286],[11.7825,49.2177],[11.7796,49.2263],[11.7878,49.2446],[11.7778,49.2589],[11.7827,49.2674],[11.772,49.2774],[11.7755,49.2901],[11.7876,49.2987]]]},"properties":{"AGS":"09373167","GEN":"Velburg","SN_L":"09"}},
{"type":"Feature","geometry":{"type":"Polygon","coordinates":[[[11.4194,49.2381],[11.4191,49.2621],[11.4097,49.2738],[11.3907,49.2718],[11.3828,49.2893],[11.3718,49.279],[11.3605,49.2775],[11.3616,49.2594],[11.3508,49.2546],[11.3453,49.23],[11.3683,49.2256],[11.3923,49.2254],[11.3945,49.2207],[11.411,49.2235],[11.4083,49.2353],[11.4194,49.2381]]]},"properties":{"AGS":"09373114","GEN":"Berngau","SN_L":"09"}},
{"type":"Feature","geometry":{"type":"Polygon","coordinates":[[[11.6107,49.3157],[11.5855,49.3266],[11.5658,49.3396],[11.5437,49.3418],[11.5395,49.3561],[11.5198,49.3714],[11.4983,49.3792],[11.4946,49.3588],[11.4887,49.3498],[11.4889,49.3285],[11.4842,49.3168],[11.4953,49.3067],[11.5201,49.3147],[11.5523,49.3025],[11.5634,49.2888],[11.5808,49.2858],[11.5956,49.2823],[11.6037,49.2918],[11.6107,49.3157]]]},"properties":{"AGS":"09373153","GEN":"Pilsach","SN_L":"09"}},
{"type":"Feature","geometry":{"type":"Polygon","coordinates":[[[11.4942,49.25],[11.4557,49.2434],[11.4415,49.2471],[11.4194,49.2381],[11.4083,49.2353],[11.411,49.2235],[11.3945,49.2207],[11.4008,49.2075],[11.4371,49.1896],[11.4451,49.1939],[11.4479,49.2068],[11.4777,49.2079],[11.4898,49.2132],[11.4942,49.25]]]},"properties":{"AGS":"09373159","GEN":"Sengenthal","SN_L":"09"}},
{"type":"Feature","geometry":{"type":"Polygon","coordinates":[[[12.1381,49.747],[12.1054,49.7391],[12.0953,49.7427],[12.0868,49.736],[12.0859,49.7203],[12.1155,49.6983],[12.1306,49.7119],[12.1521,49.7044],[12.1669,49.7072],[12.1702,49.7207],[12.1491,49.735],[12.1381,49.747]]]},"properties":{"AGS":"09374111","GEN":"Altenstadt a.d.Waldnaab","SN_L":"09"}},
{"type":"Feature","geometry":{"type":"Polygon","coordinates":[[[12.5938,49.5422],[12.5742,49.5594],[12.5713,49.5685],[12.5771,49.5863],[12.5642,49.5962],[12.5637,49.6059],[12.546,49.6213],[12.5282,49.6182],[12.5234,49.6284],[12.5251,49.6182],[12.5062,49.6199],[12.4957,49.6053],[12.4807,49.6071],[12.4532,49.6092],[12.4728,49.5971],[12.4767,49.5862],[12.4705,49.5781],[12.4819,49.5534],[12.4901,49.545],[12.5031,49.5479],[12.5146,49.5416],[12.5286,49.5349],[12.5467,49.5428],[12.5776,49.5477],[12.5938,49.5422]]]},"properties":{"AGS":"09374118","GEN":"Eslarn","SN_L":"09"}},
{"type":"Feature","geometry":{"type":"Polygon","coordinates":[[[12.3352,49.7584],[12.3233,49.7587],[12.2858,49.7715],[12.2634,49.7627],[12.266,49.7513],[12.2527,49.7504],[12.2365,49.7405],[12.2093,49.7227],[12.2239,49.7166],[12.2265,49.6977],[12.247,49.6946],[12.2513,49.6879],[12.2822,49.683],[12.2807,49.6889],[12.3221,49.6978],[12.3219,49.7096],[12.3326,49.7159],[12.3247,49.7261],[12.3352,49.7584]]]},"properties":{"AGS":"09374121","GEN":"Floß","SN_L":"09"}},
{"type":"Feature","geometry":{"type":"Polygon","coordinates":[[[12.4015,49.7584],[12.3878,49.7538],[12.3733,49.771],[12.3514,49.7666],[12.3352,49.7584],[12.3247,49.7261],[12.3326,49.7159],[12.3549,49.7133],[12.3866,49.7385],[12.4045,49.7449],[12.4015,49.7584]]]},"properties":{"AGS":"09374122","GEN":"Flossenbürg","SN_L":"09"}},
{"type":"Feature","geometry":{"type":"Polygon","coordinates":[[[11.8935,49.7493],[11.8675,49.7385],[11.8579,49.7213],[11.839,49.7277],[11.826,49.724],[11.8098,49.7119],[11.7995,49.7214],[11.779,49.7182],[11.7772,49.7262],[11.7876,49.7358],[11.7765,49.7376],[11.7731,49.7312],[11.7454,49.7242],[11.7046,49.7216],[11.6916,49.7338],[11.6641,49.7178],[11.6649,49.7029],[11.6547,49.7019],[11.6486,49.6845],[11.6536,49.6545],[11.6428,49.6454],[11.6403,49.6315],[11.6634,49.6246],[11.6908,49.6236],[11.7054,49.6282],[11.7144,49.6238],[11.7369,49.625],[11.7457,49.6327],[11.772,49.6396],[11.7797,49.6486],[11.8094,49.6529],[11.8321,49.641],[11.863,49.6368],[11.8758,49.6348],[11.9123,49.6452],[11.9063,49.6504],[11.9126,49.6686],[11.9523,49.6746],[11.9713,49.6676],[11.9795,49.6753],[11.9937,49.6735],[11.9904,49.6811],[11.9725,49.6955],[11.9758,49.7018],[11.9734,49.7077],[11.9592,49.7078],[11.9499,49.7172],[11.9446,49.7357],[11.9249,49.733],[11.9172,49.7401],[11.9044,49.7409],[11.8935,49.7493]]]},"properties":{"AGS":"09374124","GEN":"Grafenwöhr","SN_L":"09"}},
{"type":"Feature","geometry":{"type":"Polygon","coordinates":[[[12.14,49.6162],[12.1258,49.6175],[12.101,49.6066],[12.0923,49.5965],[12.0733,49.6028],[12.0793,49.585],[12.0691,49.5776],[12.0683,49.5649],[12.1192,49.5588],[12.1155,49.548],[12.1315,49.5502],[12.1295,49.5617],[12.1614,49.5686],[12.1847,49.5708],[12.1845,49.5815],[12.1977,49.5934],[12.1875,49.6003],[12.168,49.5978],[12.1424,49.6056],[12.14,49.6162]]]},"properties":{"AGS":"09374133","GEN":"Luhe-Wildenau","SN_L":"09"}},
{"type":"Feature","geometry":{"type":"Polygon","coordinates":[[[11.9937,49.6735],[11.9795,49.6753],[11.9713,49.6676],[12.0375,49.644],[12.0516,49.6366],[12.0749,49.6462],[12.0831,49.6573],[12.086,49.668],[12.0692,49.6713],[12.0427,49.6634],[12.0236,49.6664],[12.0127,49.6602],[11.9937,49.6735]]]},"properties":{"AGS":"09374134","GEN":"Mantel","SN_L":"09"}},
{"type":"Feature","geometry":{"type":"Polygon","coordinates":[[[12.4532,49.6092],[12.4429,49.6216],[12.4128,49.6178],[12.3982,49.6079],[12.3632,49.607],[12.3786,49.5882],[12.3812,49.5712],[12.3524,49.5593],[12.3834,49.5476],[12.4036,49.5323],[12.4307,49.529],[12.4319,49.5214],[12.4414,49.5216],[12.4819,49.5534],[12.4705,49.5781],[12.4767,49.5862],[12.4728,49.5971],[12.4532,49.6092]]]},"properties":{"AGS":"09374137","GEN":"Moosbach","SN_L":"09"}},
{"type":"Feature","geometry":{"type":"Polygon","coordinates":[[[12.1947,49.7264],[12.1874,49.7475],[12.1678,49.7513],[12.1381,49.747],[12.1491,49.735],[12.1702,49.7207],[12.1669,49.7072],[12.1816,49.7028],[12.1749,49.7155],[12.1947,49.7264]]]},"properties":{"AGS":"09374139","GEN":"Neustadt a.d.Waldnaab","SN_L":"09"}},
{"type":"Feature","geometry":{"type":"Polygon","coordinates":[[[12.2579,49.6674],[12.2634,49.6529],[12.2578,49.6395],[12.2409,49.6318],[12.2394,49.6209],[12.2466,49.6164],[12.2717,49.6152],[12.2926,49.6201],[12.2905,49.6074],[12.3052,49.6],[12.2958,49.5929],[12.3034,49.5804],[12.3178,49.5826],[12.3333,49.5784],[12.3502,49.5683],[12.3524,49.5593],[12.3812,49.5712],[12.3786,49.5882],[12.3632,49.607],[12.3982,49.6079],[12.4128,49.6178],[12.4049,49.6286],[12.3751,49.634],[12.3679,49.6603],[12.3446,49.662],[12.3049,49.6565],[12.2789,49.6643],[12.2579,49.6674]]]},"properties":{"AGS":"09374162","GEN":"Vohenstrauß","SN_L":"09"}},
{"type":"Feature","geometry":{"type":"Polygon","coordinates":[[[12.5234,49.6284],[12.5288,49.6386],[12.5179,49.6435],[12.5298,49.6662],[12.5216,49.6868],[12.4852,49.6879],[12.4645,49.6905],[12.4549,49.6767],[12.4575,49.6608],[12.4807,49.6071],[12.4957,49.6053],[12.5062,49.6199],[12.5251,49.6182],[12.5234,49.6284]]]},"properties":{"AGS":"09374164","GEN":"Waidhaus","SN_L":"09"}},
{"type":"Feature","geometry":{"type":"Polygon","coordinates":[[[12.3549,49.7133],[12.3326,49.7159],[12.3219,49.7096],[12.3221,49.6978],[12.2807,49.6889],[12.2822,49.683],[12.2923,49.6742],[12.2857,49.6673],[12.2556,49.6702],[12.2579,49.6674],[12.2789,49.6643],[12.3049,49.6565],[12.3446,49.662],[12.3679,49.6603],[12.3822,49.6698],[12.3723,49.6766],[12.3795,49.6837],[12.3542,49.6899],[12.354,49.6982],[12.3683,49.7031],[12.3549,49.7133]]]},"properties":{"AGS":"09374165","GEN":"Waldthurn","SN_L":"09"}},
{"type":"Feature","geometry":{"type":"Polygon","coordinates":[[[12.1987,49.8164],[12.1916,49.8327],[12.1821,49.8387],[12.1694,49.8557],[12.1659,49.8438],[12.1455,49.8394],[12.1369,49.8285],[12.1329,49.8221],[12.1087,49.8227],[12.0939,49.8139],[12.0995,49.8012],[12.1349,49.7929],[12.1369,49.7834],[12.1627,49.7858],[12.1799,49.7942],[12.1958,49.7877],[12.2096,49.7926],[12.2029,49.8023],[12.2117,49.8102],[12.1987,49.8164]]]},"properties":{"AGS":"09374168","GEN":"Windischeschenbach","SN_L":"09"}},
{"type":"Feature","geometry":{"type":"Polygon","coordinates":[[[12.1627,49.7858],[12.1369,49.7834],[12.1349,49.7929],[12.0995,49.8012],[12.0883,49.7859],[12.078,49.784],[12.0618,49.7899],[12.042,49.7861],[12.0468,49.774],[12.0539,49.7603],[12.0687,49.7593],[12.0953,49.7427],[12.1054,49.7391],[12.1381,49.747],[12.1678,49.7513],[12.1822,49.7602],[12.1761,49.773],[12.1627,49.7858]]]},"properties":{"AGS":"09374128","GEN":"Kirchendemenreuth","SN_L":"09"}},
{"type":"Feature","geometry":{"type":"Polygon","coordinates":[[[12.0953,49.7427],[12.0687,49.7593],[12.0539,49.7603],[12.0468,49.774],[12.0225,49.7702],[12.0199,49.7579],[12.0269,49.7492],[12.011,49.7434],[12.0093,49.7352],[12.0129,49.7313],[12.0426,49.7259],[12.0465,49.7166],[12.0702,49.7155],[12.0519,49.6947],[12.0728,49.6818],[12.0843,49.6906],[12.0789,49.7017],[12.1155,49.6983],[12.0859,49.7203],[12.0868,49.736],[12.0953,49.7427]]]},"properties":{"AGS":"09374144","GEN":"Parkstein","SN_L":"09"}},
{"type":"Feature","geometry":{"type":"Polygon","coordinates":[[[12.2634,49.7627],[12.2367,49.7711],[12.2263,49.8007],[12.2029,49.8023],[12.2096,49.7926],[12.1958,49.7877],[12.1799,49.7942],[12.1627,49.7858],[12.1761,49.773],[12.1822,49.7602],[12.2188,49.758],[12.2365,49.7405],[12.2527,49.7504],[12.266,49.7513],[12.2634,49.7627]]]},"properties":{"AGS":"09374150","GEN":"Püchersreuth","SN_L":"09"}},
{"type":"Feature","geometry":{"type":"Polygon","coordinates":[[[12.2365,49.7405],[12.2188,49.758],[12.1822,49.7602],[12.1678,49.7513],[12.1874,49.7475],[12.1947,49.7264],[12.2093,49.7227],[12.2365,49.7405]]]},"properties":{"AGS":"09374158","GEN":"Störnstein","SN_L":"09"}},
{"type":"Feature","geometry":{"type":"Polygon","coordinates":[[[12.2093,49.7227],[12.1947,49.7264],[12.1749,49.7155],[12.1816,49.7028],[12.1936,49.6857],[12.2235,49.686],[12.2236,49.6727],[12.2474,49.6644],[12.2556,49.6702],[12.2857,49.6673],[12.2923,49.6742],[12.2822,49.683],[12.2513,49.6879],[12.247,49.6946],[12.2265,49.6977],[12.2239,49.7166],[12.2093,49.7227]]]},"properties":{"AGS":"09374160","GEN":"Theisseil","SN_L":"09"}},
{"type":"Feature","geometry":{"type":"Polygon","coordinates":[[[11.8859,49.8092],[11.8754,49.8099],[11.8495,49.8023],[11.8674,49.7831],[11.8721,49.7713],[11.8877,49.7683],[11.8935,49.7493],[11.9044,49.7409],[11.9172,49.7401],[11.9173,49.7598],[11.9093,49.7742],[11.9401,49.7822],[11.9447,49.8049],[11.9332,49.81],[11.9217,49.8056],[11.9062,49.8034],[11.8859,49.8092]]]},"properties":{"AGS":"09374148","GEN":"Trabitz","SN_L":"09"}},
{"type":"Feature","geometry":{"type":"Polygon","coordinates":[[[12.042,49.7861],[12.0254,49.7923],[12.0186,49.8059],[12.005,49.8165],[11.9816,49.818],[11.9707,49.8124],[11.9513,49.8055],[11.9353,49.8122],[11.9217,49.8056],[11.9332,49.81],[11.9447,49.8049],[11.9401,49.7822],[11.9093,49.7742],[11.9173,49.7598],[11.9172,49.7401],[11.9249,49.733],[11.9446,49.7357],[11.9499,49.7172],[11.9592,49.7078],[11.9734,49.7077],[11.985,49.7264],[11.9798,49.7405],[12.0093,49.7352],[12.011,49.7434],[12.0269,49.7492],[12.0199,49.7579],[12.0225,49.7702],[12.0468,49.774],[12.042,49.7861]]]},"properties":{"AGS":"09374149","GEN":"Pressath","SN_L":"09"}},
{"type":"Feature","geometry":{"type":"Polygon","coordinates":[[[12.0093,49.7352],[11.9798,49.7405],[11.985,49.7264],[11.9734,49.7077],[11.9758,49.7018],[11.9898,49.7079],[12.0104,49.7094],[12.0465,49.7166],[12.0426,49.7259],[12.0129,49.7313],[12.0093,49.7352]]]},"properties":{"AGS":"09374156","GEN":"Schwarzenbach","SN_L":"09"}},
{"type":"Feature","geometry":{"type":"Polygon","coordinates":[[[12.1258,49.6175],[12.1157,49.6247],[12.1137,49.6423],[12.092,49.645],[12.074,49.6405],[12.0832,49.623],[12.0648,49.6114],[12.0733,49.6028],[12.0923,49.5965],[12.101,49.6066],[12.1258,49.6175]]]},"properties":{"AGS":"09374119","GEN":"Etzenricht","SN_L":"09"}},
{"type":"Feature","geometry":{"type":"Polygon","coordinates":[[[12.0648,49.6114],[12.0493,49.6067],[12.0431,49.6187],[12.0262,49.6203],[12.0275,49.6297],[12.003,49.6295],[11.9754,49.6351],[11.9817,49.6218],[11.9684,49.6143],[11.9854,49.6107],[11.9932,49.6032],[11.9827,49.597],[11.9836,49.5812],[11.9977,49.5753],[12.0297,49.5782],[12.0691,49.5776],[12.0793,49.585],[12.0733,49.6028],[12.0648,49.6114]]]},"properties":{"AGS":"09374131","GEN":"Kohlberg","SN_L":"09"}},
{"type":"Feature","geometry":{"type":"Polygon","coordinates":[[[11.9713,49.6676],[11.9523,49.6746],[11.9126,49.6686],[11.9063,49.6504],[11.9123,49.6452],[11.9744,49.6402],[11.9754,49.6351],[12.003,49.6295],[12.0275,49.6297],[12.0262,49.6203],[12.0431,49.6187],[12.0493,49.6067],[12.0648,49.6114],[12.0832,49.623],[12.074,49.6405],[12.092,49.645],[12.0976,49.6533],[12.0831,49.6573],[12.0749,49.6462],[12.0516,49.6366],[12.0375,49.644],[11.9713,49.6676]]]},"properties":{"AGS":"09374166","GEN":"Weiherhammer","SN_L":"09"}},
{"type":"Feature","geometry":{"type":"MultiPolygon","coordinates":[[[[11.7995,49.7214],[11.7876,49.7358],[11.7772,49.7262],[11.779,49.7182],[11.7995,49.7214]]],[[[11.692,49.8036],[11.6737,49.8111],[11.6589,49.8021],[11.6376,49.7977],[11.642,49.7756],[11.6305,49.7717],[11.6307,49.7606],[11.6473,49.7492],[11.6479,49.7276],[11.6641,49.7178],[11.6916,49.7338],[11.7046,49.7216],[11.7454,49.7242],[11.7731,49.7312],[11.7765,49.7376],[11.7848,49.7555],[11.7618,49.7619],[11.7581,49.7718],[11.7333,49.7747],[11.692,49.8036]]]]},"properties":{"AGS":"09374129","GEN":"Kirchenthumbach","SN_L":"09"}},
{"type":"Feature","geometry":{"type":"Polygon","coordinates":[[[11.7235,49.8185],[11.7215,49.8179],[11.6997,49.8072],[11.692,49.8036],[11.7333,49.7747],[11.7581,49.7718],[11.7618,49.7619],[11.7706,49.7693],[11.7878,49.7714],[11.7782,49.7942],[11.7476,49.8046],[11.7449,49.8119],[11.7235,49.8185]]]},"properties":{"AGS":"09374155","GEN":"Schlammersdorf","SN_L":"09"}},
{"type":"Feature","geometry":{"type":"MultiPolygon","coordinates":[[[[11.7215,49.8179],[11.7004,49.82],[11.6997,49.8072],[11.7215,49.8179]]],[[[11.7954,49.8074],[11.7796,49.8249],[11.766,49.8205],[11.7397,49.8348],[11.721,49.8275],[11.7235,49.8185],[11.7449,49.8119],[11.7476,49.8046],[11.7782,49.7942],[11.7954,49.8074]]]]},"properties":{"AGS":"09374163","GEN":"Vorbach","SN_L":"09"}},
{"type":"Feature","geometry":{"type":"Polygon","coordinates":[[[11.8721,49.7713],[11.8596,49.7665],[11.8435,49.7714],[11.8352,49.7626],[11.8091,49.7582],[11.7878,49.7714],[11.7706,49.7693],[11.7618,49.7619],[11.7848,49.7555],[11.7765,49.7376],[11.7876,49.7358],[11.7995,49.7214],[11.8098,49.7119],[11.826,49.724],[11.839,49.7277],[11.8579,49.7213],[11.8675,49.7385],[11.8935,49.7493],[11.8877,49.7683],[11.8721,49.7713]]]},"properties":{"AGS":"09374117","GEN":"Eschenbach i.d.OPf.","SN_L":"09"}},
{"type":"Feature","geometry":{"type":"Polygon","coordinates":[[[11.8548,49.8471],[11.8382,49.8525],[11.8334,49.845],[11.8039,49.849],[11.7893,49.8366],[11.7882,49.831],[11.8162,49.8164],[11.8288,49.8088],[11.8405,49.8026],[11.8495,49.8023],[11.8754,49.8099],[11.8859,49.8092],[11.8586,49.8288],[11.8618,49.8376],[11.8548,49.8471]]]},"properties":{"AGS":"09374140","GEN":"Neustadt am Kulm","SN_L":"09"}},
{"type":"Feature","geometry":{"type":"MultiPolygon","coordinates":[[[[11.7893,49.8366],[11.7687,49.8411],[11.7882,49.831],[11.7893,49.8366]]],[[[11.8288,49.8088],[11.8162,49.8164],[11.8194,49.805],[11.8133,49.7925],[11.7954,49.8074],[11.7782,49.7942],[11.7878,49.7714],[11.8091,49.7582],[11.8352,49.7626],[11.8435,49.7714],[11.8596,49.7665],[11.8721,49.7713],[11.8674,49.7831],[11.8495,49.8023],[11.8405,49.8026],[11.8288,49.8088]]]]},"properties":{"AGS":"09374157","GEN":"Speinshart","SN_L":"09"}},
{"type":"Feature","geometry":{"type":"Polygon","coordinates":[[[12.2409,49.6318],[12.2293,49.6435],[12.2122,49.6335],[12.2192,49.6265],[12.2122,49.6164],[12.2232,49.6122],[12.2394,49.6209],[12.2409,49.6318]]]},"properties":{"AGS":"09374127","GEN":"Irchenrieth","SN_L":"09"}},
{"type":"Feature","geometry":{"type":"Polygon","coordinates":[[[12.2122,49.6335],[12.1918,49.6423],[12.1574,49.6413],[12.1453,49.6377],[12.1467,49.6268],[12.14,49.6162],[12.1424,49.6056],[12.168,49.5978],[12.1875,49.6003],[12.1977,49.5934],[12.2205,49.586],[12.2274,49.5891],[12.234,49.5913],[12.2184,49.6089],[12.2232,49.6122],[12.2122,49.6164],[12.2192,49.6265],[12.2122,49.6335]]]},"properties":{"AGS":"09374146","GEN":"Pirk","SN_L":"09"}},
{"type":"Feature","geometry":{"type":"Polygon","coordinates":[[[12.1995,49.6531],[12.1861,49.6533],[12.1727,49.663],[12.1571,49.6488],[12.1574,49.6413],[12.1918,49.6423],[12.1995,49.6531]]]},"properties":{"AGS":"09374154","GEN":"Schirmitz","SN_L":"09"}},
{"type":"Feature","geometry":{"type":"Polygon","coordinates":[[[12.2293,49.6435],[12.2092,49.6626],[12.1995,49.6531],[12.1918,49.6423],[12.2122,49.6335],[12.2293,49.6435]]]},"properties":{"AGS":"09374170","GEN":"Bechtsrieth","SN_L":"09"}},
{"type":"Feature","geometry":{"type":"Polygon","coordinates":[[[12.3034,49.5804],[12.2958,49.5929],[12.3052,49.6],[12.2905,49.6074],[12.2926,49.6201],[12.2717,49.6152],[12.2466,49.6164],[12.2394,49.6209],[12.2232,49.6122],[12.2184,49.6089],[12.234,49.5913],[12.2274,49.5891],[12.2267,49.5838],[12.2459,49.575],[12.2436,49.5578],[12.2609,49.5479],[12.2824,49.553],[12.2833,49.5637],[12.3034,49.5804]]]},"properties":{"AGS":"09374132","GEN":"Leuchtenberg","SN_L":"09"}},
{"type":"Feature","geometry":{"type":"Polygon","coordinates":[[[12.3524,49.5593],[12.3502,49.5683],[12.3333,49.5784],[12.3178,49.5826],[12.3034,49.5804],[12.2833,49.5637],[12.2824,49.553],[12.2609,49.5479],[12.283,49.537],[12.302,49.5361],[12.3032,49.5186],[12.3365,49.5115],[12.3421,49.5053],[12.3476,49.5122],[12.374,49.5216],[12.3965,49.5205],[12.4036,49.5323],[12.3834,49.5476],[12.3524,49.5593]]]},"properties":{"AGS":"09374159","GEN":"Tännesberg","SN_L":"09"}},
{"type":"Feature","geometry":{"type":"Polygon","coordinates":[[[12.4852,49.6879],[12.4809,49.695],[12.4403,49.7058],[12.4257,49.7305],[12.4125,49.7328],[12.4045,49.7449],[12.3866,49.7385],[12.3549,49.7133],[12.3683,49.7031],[12.354,49.6982],[12.3542,49.6899],[12.3795,49.6837],[12.3978,49.6807],[12.42,49.6848],[12.4305,49.6752],[12.4549,49.6767],[12.4645,49.6905],[12.4852,49.6879]]]},"properties":{"AGS":"09374123","GEN":"Georgenberg","SN_L":"09"}},
{"type":"Feature","geometry":{"type":"Polygon","coordinates":[[[12.4549,49.6767],[12.4305,49.6752],[12.42,49.6848],[12.3978,49.6807],[12.3795,49.6837],[12.3723,49.6766],[12.3822,49.6698],[12.3679,49.6603],[12.3751,49.634],[12.4049,49.6286],[12.4128,49.6178],[12.4429,49.6216],[12.4532,49.6092],[12.4807,49.6071],[12.4575,49.6608],[12.4549,49.6767]]]},"properties":{"AGS":"09374147","GEN":"Pleystein","SN_L":"09"}},
{"type":"Feature","geometry":{"type":"Polygon","coordinates":[[[12.0465,49.7166],[12.0104,49.7094],[11.9898,49.7079],[11.9758,49.7018],[11.9725,49.6955],[11.9904,49.6811],[11.9937,49.6735],[12.0127,49.6602],[12.0236,49.6664],[12.0427,49.6634],[12.0692,49.6713],[12.0728,49.6818],[12.0519,49.6947],[12.0702,49.7155],[12.0465,49.7166]]]},"properties":{"AGS":"09374452","GEN":"Manteler Forst","SN_L":"09"}},
{"type":"Feature","geometry":{"type":"Polygon","coordinates":[[[11.7882,49.831],[11.7687,49.8411],[11.7359,49.8361],[11.7397,49.8348],[11.766,49.8205],[11.7796,49.8249],[11.7954,49.8074],[11.8133,49.7925],[11.8194,49.805],[11.8162,49.8164],[11.7882,49.831]]]},"properties":{"AGS":"09374458","GEN":"Speinsharter Forst","SN_L":"09"}},
{"type":"Feature","geometry":{"type":"Polygon","coordinates":[[[12.2439,49.0204],[12.2216,49.0228],[12.2137,49.0188],[12.2046,49.0095],[12.1917,49.0068],[12.1869,48.9976],[12.2328,48.9904],[12.2528,48.9911],[12.2679,48.984],[12.3026,48.978],[12.3245,48.9823],[12.3388,49.0022],[12.3293,49.0079],[12.3145,49.0129],[12.293,49.0136],[12.2691,49.008],[12.2451,49.0147],[12.2439,49.0204]]]},"properties":{"AGS":"09375117","GEN":"Barbing","SN_L":"09"}},
{"type":"Feature","geometry":{"type":"Polygon","coordinates":[[[11.8617,49.1554],[11.8434,49.1509],[11.8231,49.157],[11.8109,49.1744],[11.7981,49.1679],[11.7959,49.1548],[11.7855,49.1413],[11.7657,49.1321],[11.7646,49.1259],[11.7468,49.1202],[11.7499,49.105],[11.7628,49.1037],[11.7776,49.0896],[11.7718,49.0775],[11.7877,49.0718],[11.8055,49.0812],[11.8136,49.0702],[11.8395,49.0735],[11.8561,49.0795],[11.8558,49.0946],[11.875,49.1082],[11.8707,49.1149],[11.8926,49.127],[11.8967,49.1375],[11.8863,49.1468],[11.8617,49.1554]]]},"properties":{"AGS":"09375118","GEN":"Beratzhausen","SN_L":"09"}},
{"type":"Feature","geometry":{"type":"MultiPolygon","coordinates":[[[[12.2547,49.0432],[12.2371,49.0494],[12.2211,49.065],[12.1977,49.0561],[12.2057,49.0479],[12.1951,49.036],[12.2165,49.0385],[12.2419,49.0357],[12.2547,49.0432]]],[[[12.311,49.1525],[12.289,49.166],[12.263,49.1557],[12.2487,49.158],[12.2362,49.1525],[12.2077,49.1379],[12.192,49.1354],[12.1862,49.1181],[12.1664,49.114],[12.1662,49.1114],[12.1613,49.1058],[12.1935,49.1028],[12.1914,49.0866],[12.2212,49.0915],[12.2251,49.0752],[12.2356,49.0786],[12.2577,49.0724],[12.2739,49.0722],[12.2831,49.0865],[12.2781,49.108],[12.285,49.115],[12.3066,49.1237],[12.3231,49.1317],[12.311,49.1525]]]]},"properties":{"AGS":"09375119","GEN":"Bernhardswald","SN_L":"09"}},
{"type":"Feature","geometry":{"type":"Polygon","coordinates":[[[12.2901,48.9005],[12.2723,48.9106],[12.2458,48.9166],[12.2439,48.9208],[12.2276,48.9191],[12.2079,48.8961],[12.1972,48.8961],[12.1962,48.883],[12.1834,48.8831],[12.1726,48.874],[12.1873,48.8673],[12.1931,48.8718],[12.2363,48.8781],[12.2467,48.8943],[12.2783,48.893],[12.2901,48.9005]]]},"properties":{"AGS":"09375143","GEN":"Hagelstadt","SN_L":"09"}},
{"type":"Feature","geometry":{"type":"Polygon","coordinates":[[[11.7499,49.105],[11.7125,49.0964],[11.7011,49.0952],[11.6884,49.0774],[11.6743,49.0729],[11.675,49.0511],[11.6633,49.0323],[11.6598,49.0161],[11.6825,49.0156],[11.6891,49.0216],[11.7121,49.0121],[11.7228,49.0115],[11.7398,48.9915],[11.763,48.988],[11.7654,48.982],[11.784,48.9889],[11.7858,48.9982],[11.8072,49.0187],[11.8254,49.021],[11.8693,49.0204],[11.8784,49.0297],[11.8932,49.0322],[11.8963,49.0433],[11.869,49.0393],[11.8589,49.0673],[11.8395,49.0735],[11.8136,49.0702],[11.8055,49.0812],[11.7877,49.0718],[11.7718,49.0775],[11.7776,49.0896],[11.7628,49.1037],[11.7499,49.105]]]},"properties":{"AGS":"09375148","GEN":"Hemau","SN_L":"09"}},
{"type":"Feature","geometry":{"type":"Polygon","coordinates":[[[12.1944,48.9474],[12.1764,48.9503],[12.1525,48.9475],[12.1589,48.9407],[12.1741,48.9391],[12.1778,48.9287],[12.1848,48.9254],[12.1952,48.932],[12.2106,48.9307],[12.1944,48.9474]]]},"properties":{"AGS":"09375161","GEN":"Köfering","SN_L":"09"}},
{"type":"Feature","geometry":{"type":"Polygon","coordinates":[[[12.091,49.0941],[12.0723,49.0881],[12.0639,49.1057],[12.0464,49.111],[12.0158,49.1093],[12.0119,49.097],[12.0176,49.088],[12.018,49.0752],[12.0391,49.066],[12.0318,49.0585],[12.0468,49.0491],[12.0581,49.0371],[12.0748,49.0329],[12.0909,49.036],[12.0996,49.0447],[12.0947,49.0632],[12.1047,49.0786],[12.091,49.0941]]]},"properties":{"AGS":"09375165","GEN":"Lappersdorf","SN_L":"09"}},
{"type":"Feature","geometry":{"type":"Polygon","coordinates":[[[12.3026,48.978],[12.2679,48.984],[12.2528,48.9911],[12.2328,48.9904],[12.2313,48.9733],[12.2185,48.9726],[12.2132,48.9625],[12.1992,48.9659],[12.1944,48.9474],[12.2106,48.9307],[12.2357,48.9346],[12.2439,48.9208],[12.2458,48.9166],[12.2723,48.9106],[12.2901,48.9005],[12.2948,48.9037],[12.3054,48.9292],[12.3292,48.9452],[12.3077,48.9519],[12.3126,48.9583],[12.3038,48.9714],[12.2803,48.9692],[12.2844,48.9788],[12.3026,48.978]]]},"properties":{"AGS":"09375170","GEN":"Mintraching","SN_L":"09"}},
{"type":"Feature","geometry":{"type":"Polygon","coordinates":[[[12.2328,48.9904],[12.1869,48.9976],[12.1892,48.9908],[12.175,48.9733],[12.1982,48.9741],[12.1992,48.9659],[12.2132,48.9625],[12.2185,48.9726],[12.2313,48.9733],[12.2328,48.9904]]]},"properties":{"AGS":"09375174","GEN":"Neutraubling","SN_L":"09"}},
{"type":"Feature","geometry":{"type":"Polygon","coordinates":[[[11.9654,49.0498],[11.9591,49.0526],[11.9588,49.0469],[11.9233,49.041],[11.9181,49.0237],[11.9086,49.0173],[11.8694,49.0193],[11.8785,49.0087],[11.8906,49.0131],[11.8973,49.0001],[11.8926,48.9924],[11.9114,48.9892],[11.9329,48.9913],[11.9419,48.9871],[11.9645,48.9974],[11.9664,49.011],[11.9863,49.0092],[11.9997,49.0189],[11.9887,49.0259],[11.9989,49.034],[11.9859,49.0453],[11.9712,49.0424],[11.9654,49.0498]]]},"properties":{"AGS":"09375175","GEN":"Nittendorf","SN_L":"09"}},
{"type":"Feature","geometry":{"type":"Polygon","coordinates":[[[12.175,48.9733],[12.1528,48.9787],[12.1268,48.9669],[12.1076,48.9674],[12.1137,48.9548],[12.0987,48.9551],[12.108,48.9369],[12.1407,48.9486],[12.1507,48.9324],[12.1466,48.9225],[12.172,48.9247],[12.1778,48.9287],[12.1741,48.9391],[12.1589,48.9407],[12.1525,48.9475],[12.1764,48.9503],[12.1944,48.9474],[12.1992,48.9659],[12.1982,48.9741],[12.175,48.9733]]]},"properties":{"AGS":"09375179","GEN":"Obertraubling","SN_L":"09"}},
{"type":"Feature","geometry":{"type":"Polygon","coordinates":[[[12.1076,48.9674],[12.0962,48.973],[12.0749,48.9742],[12.0656,48.9957],[12.0574,49.0015],[12.0397,49.0007],[12.0472,48.9903],[12.035,48.9747],[12.0135,48.974],[11.9907,48.9647],[11.9872,48.9526],[11.9956,48.9495],[12.0141,48.9536],[12.0203,48.9611],[12.0491,48.9435],[12.0691,48.9424],[12.0819,48.9236],[12.0946,48.9222],[12.108,48.9369],[12.0987,48.9551],[12.1137,48.9548],[12.1076,48.9674]]]},"properties":{"AGS":"09375180","GEN":"Pentling","SN_L":"09"}},
{"type":"Feature","geometry":{"type":"Polygon","coordinates":[[[12.018,49.0752],[11.9816,49.0725],[11.9781,49.0595],[11.9654,49.0498],[11.9712,49.0424],[11.9859,49.0453],[11.9989,49.034],[11.9887,49.0259],[12.0188,49.0156],[12.0332,49.0151],[12.0452,49.0243],[12.0372,49.0365],[12.0468,49.0491],[12.0318,49.0585],[12.0391,49.066],[12.018,49.0752]]]},"properties":{"AGS":"09375181","GEN":"Pettendorf","SN_L":"09"}},
{"type":"Feature","geometry":{"type":"Polygon","coordinates":[[[12.4429,48.982],[12.4183,48.9783],[12.3963,48.9891],[12.3783,48.9895],[12.3595,48.9765],[12.3273,48.9783],[12.3245,48.9823],[12.3026,48.978],[12.2844,48.9788],[12.2803,48.9692],[12.3038,48.9714],[12.3126,48.9583],[12.3077,48.9519],[12.3292,48.9452],[12.3688,48.9421],[12.3738,48.9301],[12.439,48.9352],[12.449,48.9665],[12.4375,48.9714],[12.4429,48.982]]]},"properties":{"AGS":"09375183","GEN":"Pfatter","SN_L":"09"}},
{"type":"Feature","geometry":{"type":"Polygon","coordinates":[[[12.2362,49.1525],[12.2277,49.1767],[12.1996,49.1811],[12.1867,49.1987],[12.1805,49.2231],[12.172,49.2218],[12.1469,49.2032],[12.1517,49.1874],[12.147,49.1772],[12.1233,49.1685],[12.1237,49.1623],[12.1045,49.1583],[12.0953,49.1435],[12.0726,49.15],[12.0565,49.1693],[12.044,49.1684],[12.0322,49.1605],[12.0339,49.1456],[12.0179,49.1302],[12.0021,49.1222],[12.0158,49.1093],[12.0464,49.111],[12.0639,49.1057],[12.0723,49.0881],[12.091,49.0941],[12.089,49.1038],[12.112,49.1009],[12.137,49.1093],[12.1662,49.1114],[12.1664,49.114],[12.1862,49.1181],[12.192,49.1354],[12.2077,49.1379],[12.2362,49.1525]]]},"properties":{"AGS":"09375190","GEN":"Regenstauf","SN_L":"09"}},
{"type":"Feature","geometry":{"type":"Polygon","coordinates":[[[12.1726,48.874],[12.1337,48.8768],[12.13,48.8619],[12.1155,48.8612],[12.1008,48.8508],[12.1022,48.8265],[12.1087,48.8031],[12.1042,48.7987],[12.097,48.7905],[12.0975,48.772],[12.1068,48.7649],[12.1129,48.769],[12.1353,48.7659],[12.1297,48.7796],[12.1667,48.7893],[12.1749,48.7972],[12.1917,48.793],[12.1946,48.806],[12.2103,48.8044],[12.2264,48.8148],[12.2331,48.8374],[12.2521,48.8338],[12.2585,48.8455],[12.2513,48.8506],[12.2284,48.8436],[12.1929,48.8433],[12.1873,48.8673],[12.1726,48.874]]]},"properties":{"AGS":"09375196","GEN":"Schierling","SN_L":"09"}},
{"type":"Feature","geometry":{"type":"Polygon","coordinates":[[[12.0332,49.0151],[12.0188,49.0156],[11.9887,49.0259],[11.9997,49.0189],[11.9863,49.0092],[11.9664,49.011],[11.9645,48.9974],[11.9419,48.9871],[11.9329,48.9913],[11.9114,48.9892],[11.9026,48.9776],[11.9312,48.9636],[11.9248,48.9477],[11.9419,48.9481],[11.9594,48.9536],[11.9661,48.9646],[11.9907,48.9647],[12.0135,48.974],[12.035,48.9747],[12.0472,48.9903],[12.0397,49.0007],[12.0332,49.0151]]]},"properties":{"AGS":"09375199","GEN":"Sinzing","SN_L":"09"}},
{"type":"Feature","geometry":{"type":"Polygon","coordinates":[[[12.1951,49.036],[12.2057,49.0479],[12.1977,49.0561],[12.1758,49.0486],[12.1644,49.0485],[12.1659,49.0401],[12.1589,49.0193],[12.1917,49.0068],[12.2046,49.0095],[12.2137,49.0188],[12.1954,49.0181],[12.1951,49.036]]]},"properties":{"AGS":"09375204","GEN":"Tegernheim","SN_L":"09"}},
{"type":"Feature","geometry":{"type":"Polygon","coordinates":[[[12.1778,48.9287],[12.172,48.9247],[12.1466,48.9225],[12.1507,48.9324],[12.1407,48.9486],[12.108,48.9369],[12.0946,48.9222],[12.0854,48.9202],[12.0797,48.9045],[12.1098,48.9065],[12.1208,48.8981],[12.1158,48.882],[12.1337,48.8768],[12.1726,48.874],[12.1834,48.8831],[12.1962,48.883],[12.1972,48.8961],[12.1689,48.9126],[12.1848,48.9254],[12.1778,48.9287]]]},"properties":{"AGS":"09375205","GEN":"Thalmassing","SN_L":"09"}},
{"type":"Feature","geometry":{"type":"Polygon","coordinates":[[[12.2251,49.0752],[12.2212,49.0915],[12.1914,49.0866],[12.1935,49.1028],[12.1613,49.1058],[12.1325,49.075],[12.1391,49.0688],[12.1357,49.0554],[12.1454,49.047],[12.1644,49.0485],[12.1758,49.0486],[12.1977,49.0561],[12.2211,49.065],[12.2251,49.0752]]]},"properties":{"AGS":"09375208","GEN":"Wenzenbach","SN_L":"09"}},
{"type":"Feature","geometry":{"type":"Polygon","coordinates":[[[12.4092,49.0528],[12.3921,49.0481],[12.3616,49.0519],[12.3323,49.0392],[12.324,49.0202],[12.3293,49.0079],[12.3388,49.0022],[12.3438,49.007],[12.3705,49.0042],[12.3846,49.006],[12.4081,49.0195],[12.412,49.0313],[12.4025,49.0355],[12.4163,49.0462],[12.4092,49.0528]]]},"properties":{"AGS":"09375209","GEN":"Wiesent","SN_L":"09"}},
{"type":"Feature","geometry":{"type":"Polygon","coordinates":[[[12.1662,49.1114],[12.137,49.1093],[12.112,49.1009],[12.089,49.1038],[12.091,49.0941],[12.1047,49.0786],[12.0947,49.0632],[12.1325,49.075],[12.1613,49.1058],[12.1662,49.1114]]]},"properties":{"AGS":"09375213","GEN":"Zeitlarn","SN_L":"09"}},
{"type":"Feature","geometry":{"type":"Polygon","coordinates":[[[11.9644,49.1274],[11.9438,49.1267],[11.9536,49.1516],[11.9426,49.1527],[11.9307,49.14],[11.9032,49.1458],[11.8967,49.1375],[11.8926,49.127],[11.8707,49.1149],[11.875,49.1082],[11.881,49.1084],[11.9062,49.1133],[11.9097,49.1044],[11.9381,49.0949],[11.9557,49.0956],[11.9445,49.1114],[11.9456,49.1194],[11.9788,49.1177],[11.9644,49.1274]]]},"properties":{"AGS":"09375131","GEN":"Duggendorf","SN_L":"09"}},
{"type":"Feature","geometry":{"type":"Polygon","coordinates":[[[12.0322,49.1605],[11.9995,49.1621],[11.9801,49.1514],[11.9848,49.1395],[11.9644,49.1274],[11.9788,49.1177],[12.0021,49.1222],[12.0179,49.1302],[12.0339,49.1456],[12.0322,49.1605]]]},"properties":{"AGS":"09375153","GEN":"Holzheim a.Forst","SN_L":"09"}},
{"type":"Feature","geometry":{"type":"Polygon","coordinates":[[[11.9995,49.1621],[12.0116,49.1742],[11.9985,49.186],[11.9548,49.1855],[11.9489,49.1943],[11.9359,49.1951],[11.9065,49.1734],[11.8908,49.1753],[11.8816,49.17],[11.8613,49.1703],[11.8617,49.1554],[11.8863,49.1468],[11.8967,49.1375],[11.9032,49.1458],[11.9307,49.14],[11.9426,49.1527],[11.9536,49.1516],[11.9438,49.1267],[11.9644,49.1274],[11.9848,49.1395],[11.9801,49.1514],[11.9995,49.1621]]]},"properties":{"AGS":"09375156","GEN":"Kallmünz","SN_L":"09"}},
{"type":"Feature","geometry":{"type":"Polygon","coordinates":[[[11.9381,49.0949],[11.9097,49.1044],[11.9062,49.1133],[11.881,49.1084],[11.8842,49.0901],[11.9036,49.0892],[11.9071,49.0693],[11.9253,49.0688],[11.9459,49.0562],[11.9549,49.058],[11.9516,49.0748],[11.939,49.0854],[11.9381,49.0949]]]},"properties":{"AGS":"09375122","GEN":"Brunn","SN_L":"09"}},
{"type":"Feature","geometry":{"type":"Polygon","coordinates":[[[11.9233,49.041],[11.8963,49.0433],[11.8932,49.0322],[11.8784,49.0297],[11.8693,49.0204],[11.8694,49.0193],[11.9086,49.0173],[11.9181,49.0237],[11.9233,49.041]]]},"properties":{"AGS":"09375127","GEN":"Deuerling","SN_L":"09"}},
{"type":"Feature","geometry":{"type":"Polygon","coordinates":[[[11.9549,49.058],[11.9459,49.0562],[11.9253,49.0688],[11.9071,49.0693],[11.9036,49.0892],[11.8842,49.0901],[11.881,49.1084],[11.875,49.1082],[11.8558,49.0946],[11.8561,49.0795],[11.8395,49.0735],[11.8589,49.0673],[11.869,49.0393],[11.8963,49.0433],[11.9233,49.041],[11.9588,49.0469],[11.9591,49.0526],[11.9549,49.058]]]},"properties":{"AGS":"09375162","GEN":"Laaber","SN_L":"09"}},
{"type":"Feature","geometry":{"type":"Polygon","coordinates":[[[11.9557,49.0956],[11.9381,49.0949],[11.939,49.0854],[11.9516,49.0748],[11.9549,49.058],[11.9591,49.0526],[11.9654,49.0498],[11.9781,49.0595],[11.9816,49.0725],[12.018,49.0752],[12.0176,49.088],[12.002,49.0873],[11.9906,49.0933],[11.9595,49.0842],[11.9557,49.0956]]]},"properties":{"AGS":"09375184","GEN":"Pielenhofen","SN_L":"09"}},
{"type":"Feature","geometry":{"type":"Polygon","coordinates":[[[12.0021,49.1222],[11.9788,49.1177],[11.9456,49.1194],[11.9445,49.1114],[11.9557,49.0956],[11.9595,49.0842],[11.9906,49.0933],[12.002,49.0873],[12.0176,49.088],[12.0119,49.097],[12.0158,49.1093],[12.0021,49.1222]]]},"properties":{"AGS":"09375211","GEN":"Wolfsegg","SN_L":"09"}},
{"type":"Feature","geometry":{"type":"Polygon","coordinates":[[[12.3066,49.1237],[12.285,49.115],[12.2781,49.108],[12.2831,49.0865],[12.2739,49.0722],[12.2577,49.0724],[12.264,49.0618],[12.2545,49.0495],[12.2574,49.0478],[12.2913,49.0715],[12.2987,49.0684],[12.3253,49.0778],[12.329,49.0879],[12.3227,49.0978],[12.3423,49.1032],[12.3393,49.1109],[12.3235,49.111],[12.3066,49.1237]]]},"properties":{"AGS":"09375114","GEN":"Altenthann","SN_L":"09"}},
{"type":"Feature","geometry":{"type":"Polygon","coordinates":[[[12.3323,49.0392],[12.304,49.0434],[12.2924,49.0289],[12.2767,49.027],[12.2526,49.0269],[12.2439,49.0204],[12.2451,49.0147],[12.2691,49.008],[12.293,49.0136],[12.3145,49.0129],[12.3293,49.0079],[12.324,49.0202],[12.3323,49.0392]]]},"properties":{"AGS":"09375116","GEN":"Bach a.d.Donau","SN_L":"09"}},
{"type":"Feature","geometry":{"type":"Polygon","coordinates":[[[12.2767,49.027],[12.262,49.0295],[12.2574,49.0478],[12.2545,49.0495],[12.2547,49.0432],[12.2419,49.0357],[12.2165,49.0385],[12.1951,49.036],[12.1954,49.0181],[12.2137,49.0188],[12.2216,49.0228],[12.2439,49.0204],[12.2526,49.0269],[12.2767,49.027]]]},"properties":{"AGS":"09375130","GEN":"Donaustauf","SN_L":"09"}},
{"type":"Feature","geometry":{"type":"Polygon","coordinates":[[[12.4097,49.099],[12.3789,49.1036],[12.3866,49.0979],[12.3682,49.0884],[12.3493,49.0907],[12.329,49.0879],[12.3253,49.0778],[12.3519,49.0615],[12.3616,49.0519],[12.3921,49.0481],[12.4092,49.0528],[12.4387,49.0587],[12.4249,49.0684],[12.4253,49.0927],[12.4097,49.099]]]},"properties":{"AGS":"09375120","GEN":"Brennberg","SN_L":"09"}},
{"type":"Feature","geometry":{"type":"Polygon","coordinates":[[[12.479,49.032],[12.4473,49.0357],[12.4472,49.0425],[12.4163,49.0462],[12.4025,49.0355],[12.412,49.0313],[12.4081,49.0195],[12.3846,49.006],[12.3705,49.0042],[12.3438,49.007],[12.3388,49.0022],[12.3245,48.9823],[12.3273,48.9783],[12.3595,48.9765],[12.3783,48.9895],[12.3963,48.9891],[12.4183,48.9783],[12.4429,48.982],[12.4519,48.9828],[12.4772,48.9746],[12.4892,48.9806],[12.4853,48.9888],[12.4833,48.9998],[12.4894,49.022],[12.479,49.032]]]},"properties":{"AGS":"09375210","GEN":"Wörth a.d.Donau","SN_L":"09"}},
{"type":"Feature","geometry":{"type":"Polygon","coordinates":[[[12.2439,48.9208],[12.2357,48.9346],[12.2106,48.9307],[12.1952,48.932],[12.1848,48.9254],[12.1689,48.9126],[12.1972,48.8961],[12.2079,48.8961],[12.2276,48.9191],[12.2439,48.9208]]]},"properties":{"AGS":"09375113","GEN":"Alteglofsheim","SN_L":"09"}},
{"type":"Feature","geometry":{"type":"Polygon","coordinates":[[[12.2363,48.8781],[12.1931,48.8718],[12.1873,48.8673],[12.1929,48.8433],[12.2284,48.8436],[12.2513,48.8506],[12.2612,48.8611],[12.2461,48.8668],[12.2363,48.8781]]]},"properties":{"AGS":"09375182","GEN":"Pfakofen","SN_L":"09"}},
{"type":"Feature","geometry":{"type":"Polygon","coordinates":[[[12.3231,48.8893],[12.3026,48.9038],[12.2948,48.9037],[12.2901,48.9005],[12.2783,48.893],[12.2467,48.8943],[12.2363,48.8781],[12.2461,48.8668],[12.2612,48.8611],[12.2727,48.8424],[12.2849,48.8472],[12.2943,48.8397],[12.3004,48.8551],[12.3221,48.8625],[12.3231,48.8893]]]},"properties":{"AGS":"09375115","GEN":"Aufhausen","SN_L":"09"}},
{"type":"Feature","geometry":{"type":"Polygon","coordinates":[[[12.439,48.9352],[12.3738,48.9301],[12.357,48.9141],[12.354,48.8958],[12.3741,48.8787],[12.3915,48.8765],[12.388,48.8568],[12.4037,48.8638],[12.4304,48.8845],[12.4271,48.8993],[12.4421,48.9151],[12.4574,48.9202],[12.439,48.9352]]]},"properties":{"AGS":"09375171","GEN":"Mötzing","SN_L":"09"}},
{"type":"Feature","geometry":{"type":"Polygon","coordinates":[[[12.3738,48.9301],[12.3688,48.9421],[12.3292,48.9452],[12.3054,48.9292],[12.2948,48.9037],[12.3026,48.9038],[12.3231,48.8893],[12.3334,48.8877],[12.354,48.8958],[12.357,48.9141],[12.3738,48.9301]]]},"properties":{"AGS":"09375191","GEN":"Riekofen","SN_L":"09"}},
{"type":"Feature","geometry":{"type":"Polygon","coordinates":[[[12.354,48.8958],[12.3334,48.8877],[12.3231,48.8893],[12.3221,48.8625],[12.328,48.8568],[12.3484,48.8557],[12.3591,48.8479],[12.3722,48.8466],[12.388,48.8568],[12.3915,48.8765],[12.3741,48.8787],[12.354,48.8958]]]},"properties":{"AGS":"09375201","GEN":"Sünching","SN_L":"09"}},
{"type":"Feature","geometry":{"type":"Polygon","coordinates":[[[12.3616,49.0519],[12.3519,49.0615],[12.3253,49.0778],[12.2987,49.0684],[12.2913,49.0715],[12.2574,49.0478],[12.262,49.0295],[12.2767,49.027],[12.2924,49.0289],[12.304,49.0434],[12.3323,49.0392],[12.3616,49.0519]]]},"properties":{"AGS":"09375451","GEN":"Forstmühler Forst","SN_L":"09"}},
{"type":"Feature","geometry":{"type":"Polygon","coordinates":[[[12.2577,49.0724],[12.2356,49.0786],[12.2251,49.0752],[12.2211,49.065],[12.2371,49.0494],[12.2547,49.0432],[12.2545,49.0495],[12.264,49.0618],[12.2577,49.0724]]]},"properties":{"AGS":"09375452","GEN":"Kreuther Forst","SN_L":"09"}},
{"type":"Feature","geometry":{"type":"Polygon","coordinates":[[[12.3544,49.305],[12.3533,49.3118],[12.3008,49.3303],[12.2672,49.3281],[12.2537,49.3153],[12.2402,49.3211],[12.2381,49.3121],[12.2187,49.3128],[12.224,49.286],[12.2076,49.2803],[12.2208,49.2656],[12.239,49.2754],[12.2788,49.2729],[12.2784,49.2671],[12.3091,49.2668],[12.338,49.2732],[12.3719,49.2624],[12.3837,49.2637],[12.3503,49.2764],[12.3344,49.2757],[12.3333,49.2895],[12.3589,49.3002],[12.3544,49.305]]]},"properties":{"AGS":"09376116","GEN":"Bodenwöhr","SN_L":"09"}},
{"type":"Feature","geometry":{"type":"Polygon","coordinates":[[[12.3837,49.2637],[12.3719,49.2624],[12.338,49.2732],[12.3091,49.2668],[12.2784,49.2671],[12.2788,49.2729],[12.239,49.2754],[12.2208,49.2656],[12.2172,49.2613],[12.2217,49.2481],[12.2509,49.2385],[12.2725,49.2364],[12.3001,49.2234],[12.3019,49.2157],[12.3367,49.2137],[12.3599,49.2287],[12.3884,49.2326],[12.3742,49.2394],[12.3747,49.2584],[12.3837,49.2637]]]},"properties":{"AGS":"09376117","GEN":"Bruck i.d.OPf.","SN_L":"09"}},
{"type":"Feature","geometry":{"type":"Polygon","coordinates":[[[12.0384,49.2525],[12.052,49.265],[12.0323,49.2747],[12.0245,49.2959],[12.0012,49.3081],[11.9781,49.2889],[11.9732,49.2839],[11.9452,49.2787],[11.9444,49.2681],[11.966,49.2641],[11.9672,49.2572],[11.9834,49.2519],[11.9467,49.2408],[11.9342,49.2211],[11.9424,49.2037],[11.9359,49.1951],[11.9489,49.1943],[11.9548,49.1855],[11.9985,49.186],[12.0116,49.1742],[11.9995,49.1621],[12.0322,49.1605],[12.044,49.1684],[12.0565,49.1693],[12.0618,49.1766],[12.0646,49.2014],[12.0753,49.205],[12.0671,49.2032],[12.0541,49.2197],[12.0399,49.2218],[12.0447,49.2314],[12.0369,49.2419],[12.0384,49.2525]]]},"properties":{"AGS":"09376119","GEN":"Burglengenfeld","SN_L":"09"}},
{"type":"Feature","geometry":{"type":"Polygon","coordinates":[[[12.0328,49.4297],[11.9833,49.4337],[11.9771,49.4222],[12.0218,49.3972],[12.047,49.3938],[12.0532,49.3784],[12.0639,49.3801],[12.0732,49.3824],[12.1002,49.3801],[12.0929,49.3927],[12.0949,49.404],[12.063,49.412],[12.0363,49.4241],[12.0328,49.4297]]]},"properties":{"AGS":"09376125","GEN":"Fensterbach","SN_L":"09"}},
{"type":"Feature","geometry":{"type":"Polygon","coordinates":[[[12.1517,49.1874],[12.1393,49.1886],[12.14,49.2213],[12.1009,49.2124],[12.0904,49.2052],[12.0753,49.205],[12.0646,49.2014],[12.0618,49.1766],[12.0565,49.1693],[12.0726,49.15],[12.0953,49.1435],[12.1045,49.1583],[12.1237,49.1623],[12.1233,49.1685],[12.147,49.1772],[12.1517,49.1874]]]},"properties":{"AGS":"09376141","GEN":"Maxhütte-Haidhof","SN_L":"09"}},
{"type":"Feature","geometry":{"type":"Polygon","coordinates":[[[12.2804,49.3898],[12.2714,49.3925],[12.2514,49.3809],[12.2255,49.3906],[12.2201,49.3755],[12.2393,49.373],[12.2342,49.3644],[12.243,49.3471],[12.2318,49.3338],[12.2402,49.3211],[12.2537,49.3153],[12.2672,49.3281],[12.3008,49.3303],[12.3533,49.3118],[12.3544,49.305],[12.3694,49.3059],[12.3749,49.3144],[12.4045,49.3111],[12.4175,49.314],[12.4284,49.3057],[12.4544,49.3061],[12.4693,49.3188],[12.4829,49.3194],[12.4855,49.3315],[12.4769,49.3385],[12.4816,49.3599],[12.4878,49.3656],[12.4501,49.3687],[12.4363,49.3626],[12.4173,49.3738],[12.402,49.3808],[12.3721,49.3852],[12.3573,49.3639],[12.3328,49.3628],[12.3122,49.3493],[12.2962,49.3547],[12.2837,49.3657],[12.2973,49.378],[12.2804,49.3898]]]},"properties":{"AGS":"09376147","GEN":"Neunburg vorm Wald","SN_L":"09"}},
{"type":"Feature","geometry":{"type":"Polygon","coordinates":[[[12.3599,49.2287],[12.3367,49.2137],[12.3019,49.2157],[12.3001,49.2234],[12.2725,49.2364],[12.2509,49.2385],[12.2217,49.2481],[12.2172,49.2613],[12.2029,49.255],[12.1585,49.2542],[12.1533,49.2244],[12.14,49.2213],[12.1393,49.1886],[12.1517,49.1874],[12.1469,49.2032],[12.172,49.2218],[12.1805,49.2231],[12.1867,49.1987],[12.1996,49.1811],[12.2277,49.1767],[12.2362,49.1525],[12.2487,49.158],[12.263,49.1557],[12.289,49.166],[12.311,49.1525],[12.3228,49.171],[12.3269,49.1841],[12.3485,49.2043],[12.3599,49.2287]]]},"properties":{"AGS":"09376149","GEN":"Nittenau","SN_L":"09"}},
{"type":"Feature","geometry":{"type":"Polygon","coordinates":[[[12.1977,49.5934],[12.1845,49.5815],[12.1847,49.5708],[12.1614,49.5686],[12.1295,49.5617],[12.1315,49.5502],[12.1155,49.548],[12.086,49.5415],[12.088,49.5328],[12.0724,49.5286],[12.0943,49.5007],[12.0932,49.4882],[12.0926,49.4868],[12.1051,49.4848],[12.1153,49.4867],[12.1181,49.4991],[12.1273,49.5053],[12.1502,49.5021],[12.1524,49.5125],[12.1674,49.5245],[12.186,49.5212],[12.1934,49.5339],[12.2068,49.5404],[12.2279,49.5381],[12.2436,49.5578],[12.2459,49.575],[12.2267,49.5838],[12.2274,49.5891],[12.2205,49.586],[12.1977,49.5934]]]},"properties":{"AGS":"09376150","GEN":"Wernberg-Köblitz","SN_L":"09"}},
{"type":"Feature","geometry":{"type":"Polygon","coordinates":[[[12.5146,49.5416],[12.5031,49.5479],[12.4901,49.545],[12.4819,49.5534],[12.4414,49.5216],[12.4319,49.5214],[12.4247,49.5088],[12.4333,49.496],[12.4182,49.4884],[12.4248,49.4813],[12.3759,49.4678],[12.3811,49.4441],[12.394,49.4337],[12.4116,49.4374],[12.4354,49.4407],[12.4462,49.4365],[12.474,49.4443],[12.4858,49.4524],[12.4971,49.4693],[12.4753,49.4714],[12.4771,49.4889],[12.4728,49.4975],[12.4866,49.5034],[12.501,49.5271],[12.5146,49.5416]]]},"properties":{"AGS":"09376151","GEN":"Oberviechtach","SN_L":"09"}},
{"type":"Feature","geometry":{"type":"Polygon","coordinates":[[[12.0932,49.4882],[12.0682,49.4833],[12.0685,49.4904],[12.0333,49.4937],[12.0328,49.4804],[12.0412,49.4611],[12.0328,49.4297],[12.0363,49.4241],[12.063,49.412],[12.0949,49.404],[12.1074,49.405],[12.1068,49.4191],[12.0997,49.4349],[12.1071,49.4426],[12.0954,49.4536],[12.1023,49.4722],[12.0926,49.4868],[12.0932,49.4882]]]},"properties":{"AGS":"09376159","GEN":"Schmidgaden","SN_L":"09"}},
{"type":"Feature","geometry":{"type":"Polygon","coordinates":[[[12.1927,49.3509],[12.1741,49.3601],[12.1624,49.3703],[12.1287,49.3605],[12.0915,49.3777],[12.0732,49.3824],[12.0639,49.3801],[12.0567,49.3666],[12.0622,49.3529],[12.0379,49.3544],[11.9941,49.3518],[12.006,49.3429],[11.9919,49.3187],[12.0202,49.3165],[12.018,49.309],[12.0012,49.3081],[12.0245,49.2959],[12.0323,49.2747],[12.052,49.265],[12.0384,49.2525],[12.0504,49.2557],[12.0634,49.2481],[12.0987,49.2533],[12.1064,49.2618],[12.1427,49.263],[12.1326,49.2882],[12.1446,49.296],[12.1378,49.3059],[12.1582,49.3228],[12.1529,49.3431],[12.1623,49.3446],[12.1826,49.3356],[12.1927,49.3509]]]},"properties":{"AGS":"09376161","GEN":"Schwandorf","SN_L":"09"}},
{"type":"Feature","geometry":{"type":"Polygon","coordinates":[[[12.1427,49.263],[12.1064,49.2618],[12.0987,49.2533],[12.0634,49.2481],[12.0504,49.2557],[12.0384,49.2525],[12.0369,49.2419],[12.0447,49.2314],[12.0399,49.2218],[12.0541,49.2197],[12.0671,49.2032],[12.0753,49.205],[12.0904,49.2052],[12.1009,49.2124],[12.14,49.2213],[12.1533,49.2244],[12.1585,49.2542],[12.1427,49.263]]]},"properties":{"AGS":"09376170","GEN":"Teublitz","SN_L":"09"}},
{"type":"Feature","geometry":{"type":"Polygon","coordinates":[[[12.3421,49.5053],[12.3365,49.5115],[12.3032,49.5186],[12.2902,49.5088],[12.2863,49.4978],[12.3003,49.4886],[12.3284,49.4875],[12.35,49.4937],[12.3421,49.5053]]]},"properties":{"AGS":"09376131","GEN":"Gleiritsch","SN_L":"09"}},
{"type":"Feature","geometry":{"type":"Polygon","coordinates":[[[12.3759,49.4678],[12.3686,49.4825],[12.3468,49.479],[12.3287,49.4739],[12.334,49.4613],[12.3226,49.4468],[12.3191,49.4368],[12.3401,49.4173],[12.351,49.4143],[12.386,49.4169],[12.4102,49.4225],[12.4116,49.4374],[12.394,49.4337],[12.3811,49.4441],[12.3759,49.4678]]]},"properties":{"AGS":"09376148","GEN":"Niedermurach","SN_L":"09"}},
{"type":"Feature","geometry":{"type":"Polygon","coordinates":[[[12.4036,49.5323],[12.3965,49.5205],[12.374,49.5216],[12.3476,49.5122],[12.3421,49.5053],[12.35,49.4937],[12.3284,49.4875],[12.3468,49.479],[12.3686,49.4825],[12.3759,49.4678],[12.4248,49.4813],[12.4182,49.4884],[12.4333,49.496],[12.4247,49.5088],[12.4319,49.5214],[12.4307,49.529],[12.4036,49.5323]]]},"properties":{"AGS":"09376171","GEN":"Teunz","SN_L":"09"}},
{"type":"Feature","geometry":{"type":"Polygon","coordinates":[[[12.5254,49.4746],[12.4971,49.4693],[12.4858,49.4524],[12.474,49.4443],[12.4462,49.4365],[12.4497,49.4273],[12.4619,49.4203],[12.4896,49.4146],[12.5003,49.408],[12.5349,49.4092],[12.5494,49.4138],[12.5369,49.4445],[12.5403,49.4531],[12.5254,49.4746]]]},"properties":{"AGS":"09376178","GEN":"Winklarn","SN_L":"09"}},
{"type":"Feature","geometry":{"type":"Polygon","coordinates":[[[12.3226,49.4468],[12.3062,49.4434],[12.2779,49.4269],[12.2623,49.4299],[12.2358,49.429],[12.2349,49.424],[12.2377,49.4125],[12.2679,49.3983],[12.2714,49.3925],[12.2804,49.3898],[12.2868,49.3993],[12.3292,49.416],[12.3401,49.4173],[12.3191,49.4368],[12.3226,49.4468]]]},"properties":{"AGS":"09376112","GEN":"Altendorf","SN_L":"09"}},
{"type":"Feature","geometry":{"type":"Polygon","coordinates":[[[12.3284,49.4875],[12.3003,49.4886],[12.263,49.4833],[12.2596,49.4728],[12.2337,49.4606],[12.2411,49.4327],[12.2358,49.429],[12.2623,49.4299],[12.2779,49.4269],[12.3062,49.4434],[12.3226,49.4468],[12.334,49.4613],[12.3287,49.4739],[12.3468,49.479],[12.3284,49.4875]]]},"properties":{"AGS":"09376133","GEN":"Guteneck","SN_L":"09"}},
{"type":"Feature","geometry":{"type":"Polygon","coordinates":[[[12.263,49.4833],[12.2373,49.4821],[12.2227,49.4847],[12.2005,49.4792],[12.1912,49.4726],[12.169,49.4801],[12.1477,49.4821],[12.1152,49.4814],[12.1051,49.4848],[12.0926,49.4868],[12.1023,49.4722],[12.0954,49.4536],[12.1071,49.4426],[12.1096,49.437],[12.14,49.434],[12.1512,49.4383],[12.1667,49.4339],[12.167,49.4203],[12.1843,49.4167],[12.2174,49.416],[12.2349,49.424],[12.2358,49.429],[12.2411,49.4327],[12.2337,49.4606],[12.2596,49.4728],[12.263,49.4833]]]},"properties":{"AGS":"09376144","GEN":"Nabburg","SN_L":"09"}},
{"type":"Feature","geometry":{"type":"Polygon","coordinates":[[[12.2349,49.424],[12.2174,49.416],[12.1843,49.4167],[12.167,49.4203],[12.1607,49.403],[12.1511,49.393],[12.1717,49.4001],[12.188,49.3962],[12.1908,49.3874],[12.1789,49.3755],[12.1882,49.3684],[12.2201,49.3755],[12.2255,49.3906],[12.2514,49.3809],[12.2714,49.3925],[12.2679,49.3983],[12.2377,49.4125],[12.2349,49.424]]]},"properties":{"AGS":"09376162","GEN":"Schwarzach b.Nabburg","SN_L":"09"}},
{"type":"Feature","geometry":{"type":"Polygon","coordinates":[[[12.1511,49.393],[12.1418,49.4106],[12.1304,49.4056],[12.1074,49.405],[12.0949,49.404],[12.0929,49.3927],[12.1002,49.3801],[12.0732,49.3824],[12.0915,49.3777],[12.1287,49.3605],[12.1624,49.3703],[12.1741,49.3601],[12.1927,49.3509],[12.2159,49.3477],[12.2136,49.3396],[12.2318,49.3338],[12.243,49.3471],[12.2342,49.3644],[12.2393,49.373],[12.2201,49.3755],[12.1882,49.3684],[12.1789,49.3755],[12.1908,49.3874],[12.188,49.3962],[12.1717,49.4001],[12.1511,49.393]]]},"properties":{"AGS":"09376163","GEN":"Schwarzenfeld","SN_L":"09"}},
{"type":"Feature","geometry":{"type":"Polygon","coordinates":[[[12.167,49.4203],[12.1667,49.4339],[12.1512,49.4383],[12.14,49.434],[12.1096,49.437],[12.1071,49.4426],[12.0997,49.4349],[12.1068,49.4191],[12.1074,49.405],[12.1304,49.4056],[12.1418,49.4106],[12.1511,49.393],[12.1607,49.403],[12.167,49.4203]]]},"properties":{"AGS":"09376169","GEN":"Stulln","SN_L":"09"}},
{"type":"Feature","geometry":{"type":"Polygon","coordinates":[[[12.2279,49.5381],[12.2068,49.5404],[12.1934,49.5339],[12.186,49.5212],[12.1674,49.5245],[12.1524,49.5125],[12.1502,49.5021],[12.1273,49.5053],[12.1181,49.4991],[12.1153,49.4867],[12.1051,49.4848],[12.1152,49.4814],[12.1477,49.4821],[12.169,49.4801],[12.1912,49.4726],[12.2005,49.4792],[12.2227,49.4847],[12.2373,49.4821],[12.263,49.4833],[12.3003,49.4886],[12.2863,49.4978],[12.2902,49.5088],[12.2499,49.5123],[12.2304,49.5261],[12.2279,49.5381]]]},"properties":{"AGS":"09376153","GEN":"Pfreimd","SN_L":"09"}},
{"type":"Feature","geometry":{"type":"Polygon","coordinates":[[[12.2609,49.5479],[12.2436,49.5578],[12.2279,49.5381],[12.2304,49.5261],[12.2499,49.5123],[12.2902,49.5088],[12.3032,49.5186],[12.302,49.5361],[12.283,49.537],[12.2609,49.5479]]]},"properties":{"AGS":"09376173","GEN":"Trausnitz","SN_L":"09"}},
{"type":"Feature","geometry":{"type":"Polygon","coordinates":[[[12.5938,49.5422],[12.5776,49.5477],[12.5467,49.5428],[12.5286,49.5349],[12.5146,49.5416],[12.501,49.5271],[12.4866,49.5034],[12.4728,49.4975],[12.4771,49.4889],[12.4753,49.4714],[12.4971,49.4693],[12.5254,49.4746],[12.5066,49.4913],[12.5281,49.4912],[12.5366,49.4975],[12.5595,49.4937],[12.5859,49.5022],[12.5981,49.5008],[12.6015,49.5106],[12.6414,49.5268],[12.6017,49.5325],[12.5938,49.5422]]]},"properties":{"AGS":"09376160","GEN":"Schönsee","SN_L":"09"}},
{"type":"Feature","geometry":{"type":"Polygon","coordinates":[[[12.6338,49.4762],[12.6439,49.4844],[12.6399,49.499],[12.6438,49.5108],[12.6414,49.5268],[12.6015,49.5106],[12.5981,49.5008],[12.6148,49.4882],[12.6338,49.4762]]]},"properties":{"AGS":"09376167","GEN":"Stadlern","SN_L":"09"}},
{"type":"Feature","geometry":{"type":"Polygon","coordinates":[[[12.5981,49.5008],[12.5859,49.5022],[12.5595,49.4937],[12.5366,49.4975],[12.5281,49.4912],[12.5066,49.4913],[12.5254,49.4746],[12.5403,49.4531],[12.5554,49.4608],[12.5974,49.4739],[12.6111,49.4761],[12.6148,49.4882],[12.5981,49.5008]]]},"properties":{"AGS":"09376176","GEN":"Weiding","SN_L":"09"}},
{"type":"Feature","geometry":{"type":"Polygon","coordinates":[[[12.4462,49.4365],[12.4354,49.4407],[12.4116,49.4374],[12.4102,49.4225],[12.386,49.4169],[12.3624,49.3932],[12.3721,49.3852],[12.402,49.3808],[12.4173,49.3738],[12.4133,49.3916],[12.4398,49.3883],[12.4451,49.3954],[12.432,49.402],[12.4497,49.4273],[12.4462,49.4365]]]},"properties":{"AGS":"09376122","GEN":"Dieterskirchen","SN_L":"09"}},
{"type":"Feature","geometry":{"type":"Polygon","coordinates":[[[12.4829,49.3194],[12.4693,49.3188],[12.4544,49.3061],[12.4284,49.3057],[12.4175,49.314],[12.4045,49.3111],[12.3749,49.3144],[12.3694,49.3059],[12.3544,49.305],[12.3589,49.3002],[12.3333,49.2895],[12.3344,49.2757],[12.3503,49.2764],[12.3837,49.2637],[12.4015,49.2611],[12.4229,49.263],[12.4222,49.2755],[12.4498,49.2729],[12.4595,49.2608],[12.4582,49.272],[12.4793,49.2725],[12.4873,49.2858],[12.4805,49.2958],[12.5102,49.3159],[12.4829,49.3194]]]},"properties":{"AGS":"09376146","GEN":"Neukirchen-Balbini","SN_L":"09"}},
{"type":"Feature","geometry":{"type":"Polygon","coordinates":[[[12.3721,49.3852],[12.3624,49.3932],[12.386,49.4169],[12.351,49.4143],[12.3401,49.4173],[12.3292,49.416],[12.2868,49.3993],[12.2804,49.3898],[12.2973,49.378],[12.2837,49.3657],[12.2962,49.3547],[12.3122,49.3493],[12.3328,49.3628],[12.3573,49.3639],[12.3721,49.3852]]]},"properties":{"AGS":"09376164","GEN":"Schwarzhofen","SN_L":"09"}},
{"type":"Feature","geometry":{"type":"Polygon","coordinates":[[[12.5003,49.408],[12.4896,49.4146],[12.4619,49.4203],[12.4497,49.4273],[12.432,49.402],[12.4451,49.3954],[12.4398,49.3883],[12.4133,49.3916],[12.4173,49.3738],[12.4363,49.3626],[12.4501,49.3687],[12.4878,49.3656],[12.5021,49.3797],[12.4853,49.3939],[12.5003,49.408]]]},"properties":{"AGS":"09376172","GEN":"Thanstein","SN_L":"09"}},
{"type":"Feature","geometry":{"type":"Polygon","coordinates":[[[12.2076,49.2803],[12.1846,49.2828],[12.1616,49.2965],[12.1446,49.296],[12.1326,49.2882],[12.1427,49.263],[12.1585,49.2542],[12.2029,49.255],[12.2172,49.2613],[12.2208,49.2656],[12.2076,49.2803]]]},"properties":{"AGS":"09376168","GEN":"Steinberg am See","SN_L":"09"}},
{"type":"Feature","geometry":{"type":"Polygon","coordinates":[[[12.2318,49.3338],[12.2136,49.3396],[12.2159,49.3477],[12.1927,49.3509],[12.1826,49.3356],[12.1623,49.3446],[12.1529,49.3431],[12.1582,49.3228],[12.1378,49.3059],[12.1446,49.296],[12.1616,49.2965],[12.1846,49.2828],[12.2076,49.2803],[12.224,49.286],[12.2187,49.3128],[12.2381,49.3121],[12.2402,49.3211],[12.2318,49.3338]]]},"properties":{"AGS":"09376175","GEN":"Wackersdorf","SN_L":"09"}},
{"type":"Feature","geometry":{"type":"Polygon","coordinates":[[[12.0012,49.3081],[12.018,49.309],[12.0202,49.3165],[11.9919,49.3187],[11.977,49.3156],[11.9666,49.3044],[11.9781,49.2889],[12.0012,49.3081]]]},"properties":{"AGS":"09376455","GEN":"Wolferlohe","SN_L":"09"}},
{"type":"Feature","geometry":{"type":"Polygon","coordinates":[[[12.4865,49.8416],[12.4743,49.8486],[12.4502,49.8493],[12.4416,49.8586],[12.416,49.8465],[12.3872,49.8478],[12.3626,49.8569],[12.3489,49.849],[12.3531,49.836],[12.3654,49.8365],[12.3635,49.806],[12.358,49.7942],[12.3462,49.7861],[12.3514,49.7666],[12.3733,49.771],[12.3878,49.7538],[12.4015,49.7584],[12.4032,49.7619],[12.467,49.7854],[12.4733,49.8151],[12.4729,49.8336],[12.4865,49.8416]]]},"properties":{"AGS":"09377112","GEN":"Bärnau","SN_L":"09"}},
{"type":"Feature","geometry":{"type":"Polygon","coordinates":[[[12.0468,49.9022],[12.0133,49.8968],[12.0191,49.8844],[12.0087,49.8698],[12.0172,49.8597],[11.9964,49.8425],[11.9848,49.8403],[11.9753,49.8292],[11.9816,49.818],[12.005,49.8165],[12.0186,49.8059],[12.0254,49.7923],[12.042,49.7861],[12.0618,49.7899],[12.078,49.784],[12.0883,49.7859],[12.0995,49.8012],[12.0939,49.8139],[12.0791,49.8462],[12.0858,49.859],[12.071,49.8804],[12.0569,49.8898],[12.0578,49.8969],[12.0468,49.9022]]]},"properties":{"AGS":"09377116","GEN":"Erbendorf","SN_L":"09"}},
{"type":"Feature","geometry":{"type":"Polygon","coordinates":[[[12.1165,49.9105],[12.0822,49.9066],[12.0761,49.8981],[12.0578,49.8969],[12.0569,49.8898],[12.071,49.8804],[12.0756,49.8846],[12.1145,49.8678],[12.1334,49.8781],[12.1334,49.8935],[12.1254,49.8955],[12.1165,49.9105]]]},"properties":{"AGS":"09377118","GEN":"Friedenfels","SN_L":"09"}},
{"type":"Feature","geometry":{"type":"Polygon","coordinates":[[[12.1391,49.9447],[12.1154,49.944],[12.1034,49.9246],[12.1165,49.9105],[12.1254,49.8955],[12.1334,49.8935],[12.1524,49.9105],[12.158,49.9264],[12.1391,49.9447]]]},"properties":{"AGS":"09377119","GEN":"Fuchsmühl","SN_L":"09"}},
{"type":"Feature","geometry":{"type":"Polygon","coordinates":[[[11.8297,49.9624],[11.8116,49.9606],[11.8126,49.9464],[11.8268,49.9358],[11.8381,49.9138],[11.8373,49.905],[11.8228,49.9026],[11.8408,49.8987],[11.8529,49.8878],[11.8702,49.8899],[11.8751,49.9067],[11.8825,49.9116],[11.8819,49.9295],[11.8756,49.9391],[11.8551,49.941],[11.8616,49.9502],[11.8514,49.9585],[11.8487,49.9613],[11.8297,49.9624]]]},"properties":{"AGS":"09377127","GEN":"Immenreuth","SN_L":"09"}},
{"type":"Feature","geometry":{"type":"Polygon","coordinates":[[[12.2679,49.9958],[12.2471,50.017],[12.2385,50.0316],[12.2442,50.0381],[12.22,50.0336],[12.1976,50.0328],[12.2012,50.0168],[12.1927,49.9989],[12.1878,49.9929],[12.1985,49.9816],[12.2093,49.9794],[12.2326,49.9773],[12.2449,49.9889],[12.2679,49.9958]]]},"properties":{"AGS":"09377131","GEN":"Konnersreuth","SN_L":"09"}},
{"type":"Feature","geometry":{"type":"Polygon","coordinates":[[[11.8684,49.9611],[11.8514,49.9585],[11.8616,49.9502],[11.8551,49.941],[11.8756,49.9391],[11.8819,49.9295],[11.8825,49.9116],[11.8751,49.9067],[11.8702,49.8899],[11.886,49.8808],[11.9175,49.8881],[11.9392,49.8819],[11.9577,49.8924],[11.9712,49.9064],[11.9442,49.9094],[11.9481,49.9309],[11.9412,49.9387],[11.9132,49.9346],[11.904,49.9481],[11.8873,49.9468],[11.8668,49.956],[11.8684,49.9611]]]},"properties":{"AGS":"09377133","GEN":"Kulmain","SN_L":"09"}},
{"type":"Feature","geometry":{"type":"Polygon","coordinates":[[[12.4784,49.9357],[12.4418,49.9379],[12.4417,49.912],[12.4509,49.9054],[12.4147,49.8939],[12.3931,49.8918],[12.389,49.8767],[12.406,49.8645],[12.4291,49.8652],[12.4416,49.8586],[12.4502,49.8493],[12.4743,49.8486],[12.4865,49.8416],[12.498,49.8376],[12.4978,49.8569],[12.5107,49.8584],[12.5219,49.8817],[12.54,49.8912],[12.5506,49.9026],[12.5477,49.9203],[12.5385,49.9248],[12.5122,49.9276],[12.4784,49.9357]]]},"properties":{"AGS":"09377139","GEN":"Mähring","SN_L":"09"}},
{"type":"Feature","geometry":{"type":"Polygon","coordinates":[[[12.4784,49.9357],[12.4705,49.949],[12.4906,49.9586],[12.4899,49.9818],[12.4765,49.9808],[12.4607,49.9949],[12.4352,49.9938],[12.4241,50.0005],[12.3771,49.9866],[12.3644,49.9791],[12.3425,49.9795],[12.3595,49.9706],[12.3635,49.9546],[12.3686,49.9472],[12.3857,49.9527],[12.408,49.9348],[12.4247,49.9321],[12.4418,49.9379],[12.4784,49.9357]]]},"properties":{"AGS":"09377142","GEN":"Bad Neualbenreuth","SN_L":"09"}},
{"type":"Feature","geometry":{"type":"Polygon","coordinates":[[[12.3489,49.849],[12.3409,49.8542],[12.3263,49.8481],[12.3118,49.8336],[12.2916,49.8229],[12.2484,49.8338],[12.2367,49.8277],[12.1987,49.8164],[12.2117,49.8102],[12.2029,49.8023],[12.2263,49.8007],[12.2367,49.7711],[12.2634,49.7627],[12.2858,49.7715],[12.3233,49.7587],[12.3352,49.7584],[12.3514,49.7666],[12.3462,49.7861],[12.358,49.7942],[12.3635,49.806],[12.3654,49.8365],[12.3531,49.836],[12.3489,49.849]]]},"properties":{"AGS":"09377146","GEN":"Plößberg","SN_L":"09"}},
{"type":"Feature","geometry":{"type":"Polygon","coordinates":[[[12.4418,49.9379],[12.4247,49.9321],[12.408,49.9348],[12.3857,49.9527],[12.3686,49.9472],[12.3635,49.9546],[12.339,49.9268],[12.3375,49.9187],[12.3084,49.907],[12.2901,49.9046],[12.2745,49.8942],[12.2653,49.8972],[12.2638,49.8905],[12.262,49.8853],[12.2786,49.8696],[12.2807,49.8496],[12.2665,49.8484],[12.2484,49.8338],[12.2916,49.8229],[12.3118,49.8336],[12.3263,49.8481],[12.3409,49.8542],[12.3489,49.849],[12.3626,49.8569],[12.3872,49.8478],[12.416,49.8465],[12.4416,49.8586],[12.4291,49.8652],[12.406,49.8645],[12.389,49.8767],[12.3931,49.8918],[12.4147,49.8939],[12.4509,49.9054],[12.4417,49.912],[12.4418,49.9379]]]},"properties":{"AGS":"09377154","GEN":"Tirschenreuth","SN_L":"09"}},
{"type":"Feature","geometry":{"type":"Polygon","coordinates":[[[12.1428,49.9877],[12.1196,49.9862],[12.1082,49.9782],[12.0934,49.9779],[12.0771,49.9854],[12.0698,49.9954],[12.0497,49.9805],[12.033,49.9891],[12.0284,49.9836],[11.9733,49.9827],[11.9686,49.9793],[11.9698,49.9754],[11.9803,49.9683],[11.9993,49.9666],[12.0213,49.9623],[12.0455,49.9653],[12.0486,49.9586],[12.0308,49.9382],[12.0488,49.9241],[12.0526,49.9146],[12.0468,49.9022],[12.0578,49.8969],[12.0761,49.8981],[12.0822,49.9066],[12.1165,49.9105],[12.1034,49.9246],[12.1154,49.944],[12.1394,49.9585],[12.1428,49.9877]]]},"properties":{"AGS":"09377157","GEN":"Waldershof","SN_L":"09"}},
{"type":"Feature","geometry":{"type":"Polygon","coordinates":[[[12.4241,50.0005],[12.3674,50.0194],[12.3376,50.0399],[12.2991,50.0587],[12.2609,50.0584],[12.2579,50.0491],[12.2442,50.0381],[12.2385,50.0316],[12.2471,50.017],[12.2679,49.9958],[12.2859,49.979],[12.3223,49.9909],[12.3425,49.9795],[12.3644,49.9791],[12.3771,49.9866],[12.4241,50.0005]]]},"properties":{"AGS":"09377158","GEN":"Waldsassen","SN_L":"09"}},
{"type":"Feature","geometry":{"type":"Polygon","coordinates":[[[12.3425,49.9795],[12.3223,49.9909],[12.2859,49.979],[12.2758,49.9696],[12.258,49.9737],[12.2529,49.9604],[12.2719,49.9398],[12.2767,49.9263],[12.2511,49.9072],[12.2653,49.8972],[12.2745,49.8942],[12.2901,49.9046],[12.3084,49.907],[12.3375,49.9187],[12.339,49.9268],[12.3635,49.9546],[12.3595,49.9706],[12.3425,49.9795]]]},"properties":{"AGS":"09377137","GEN":"Leonberg","SN_L":"09"}},
{"type":"Feature","geometry":{"type":"Polygon","coordinates":[[[12.2859,49.979],[12.2679,49.9958],[12.2449,49.9889],[12.2326,49.9773],[12.2093,49.9794],[12.2067,49.9635],[12.2112,49.9531],[12.1911,49.9466],[12.1851,49.9385],[12.2139,49.9335],[12.2246,49.9169],[12.2224,49.9096],[12.2373,49.8931],[12.2513,49.8866],[12.2638,49.8905],[12.2653,49.8972],[12.2511,49.9072],[12.2767,49.9263],[12.2719,49.9398],[12.2529,49.9604],[12.258,49.9737],[12.2758,49.9696],[12.2859,49.979]]]},"properties":{"AGS":"09377141","GEN":"Mitterteich","SN_L":"09"}},
{"type":"Feature","geometry":{"type":"Polygon","coordinates":[[[12.1927,49.9989],[12.1723,49.9979],[12.147,49.9929],[12.1428,49.9877],[12.1394,49.9585],[12.1154,49.944],[12.1391,49.9447],[12.1474,49.948],[12.1911,49.9466],[12.2112,49.9531],[12.2067,49.9635],[12.2093,49.9794],[12.1985,49.9816],[12.1878,49.9929],[12.1927,49.9989]]]},"properties":{"AGS":"09377145","GEN":"Pechbrunn","SN_L":"09"}},
{"type":"Feature","geometry":{"type":"Polygon","coordinates":[[[11.9707,49.8124],[11.9534,49.8268],[11.931,49.8327],[11.9277,49.8448],[11.9123,49.8527],[11.8997,49.8418],[11.8618,49.8376],[11.8586,49.8288],[11.8859,49.8092],[11.9062,49.8034],[11.9217,49.8056],[11.9353,49.8122],[11.9513,49.8055],[11.9707,49.8124]]]},"properties":{"AGS":"09377128","GEN":"Kastl","SN_L":"09"}},
{"type":"Feature","geometry":{"type":"Polygon","coordinates":[[[12.0087,49.8698],[11.9976,49.8688],[11.9863,49.8809],[11.9695,49.8748],[11.9603,49.8777],[11.9577,49.8924],[11.9392,49.8819],[11.9175,49.8881],[11.886,49.8808],[11.8702,49.8899],[11.8529,49.8878],[11.8393,49.8787],[11.8419,49.8687],[11.862,49.8523],[11.8548,49.8471],[11.8618,49.8376],[11.8997,49.8418],[11.9123,49.8527],[11.9277,49.8448],[11.931,49.8327],[11.9534,49.8268],[11.9707,49.8124],[11.9816,49.818],[11.9753,49.8292],[11.9848,49.8403],[11.9964,49.8425],[12.0172,49.8597],[12.0087,49.8698]]]},"properties":{"AGS":"09377129","GEN":"Kemnath","SN_L":"09"}},
{"type":"Feature","geometry":{"type":"Polygon","coordinates":[[[11.9241,49.9721],[11.9037,49.979],[11.8986,49.9694],[11.8702,49.9653],[11.8684,49.9611],[11.8668,49.956],[11.8873,49.9468],[11.904,49.9481],[11.9266,49.9536],[11.9317,49.9686],[11.9241,49.9721]]]},"properties":{"AGS":"09377113","GEN":"Brand","SN_L":"09"}},
{"type":"Feature","geometry":{"type":"Polygon","coordinates":[[[11.9698,49.9754],[11.9686,49.9793],[11.9241,49.9721],[11.9317,49.9686],[11.9266,49.9536],[11.904,49.9481],[11.9132,49.9346],[11.9412,49.9387],[11.9481,49.9309],[11.9574,49.9493],[11.9548,49.9602],[11.9698,49.9754]]]},"properties":{"AGS":"09377115","GEN":"Ebnath","SN_L":"09"}},
{"type":"Feature","geometry":{"type":"Polygon","coordinates":[[[11.9993,49.9666],[11.9803,49.9683],[11.9698,49.9754],[11.9548,49.9602],[11.9574,49.9493],[11.9481,49.9309],[11.9442,49.9094],[11.9712,49.9064],[11.9956,49.941],[11.9844,49.9469],[11.9847,49.957],[11.9993,49.9666]]]},"properties":{"AGS":"09377143","GEN":"Neusorg","SN_L":"09"}},
{"type":"Feature","geometry":{"type":"Polygon","coordinates":[[[12.0468,49.9022],[12.0526,49.9146],[12.0488,49.9241],[12.0308,49.9382],[12.0486,49.9586],[12.0455,49.9653],[12.0213,49.9623],[11.9993,49.9666],[11.9847,49.957],[11.9844,49.9469],[11.9956,49.941],[11.9712,49.9064],[11.9577,49.8924],[11.9603,49.8777],[11.9695,49.8748],[11.9863,49.8809],[11.9976,49.8688],[12.0087,49.8698],[12.0191,49.8844],[12.0133,49.8968],[12.0468,49.9022]]]},"properties":{"AGS":"09377148","GEN":"Pullenreuth","SN_L":"09"}},
{"type":"Feature","geometry":{"type":"Polygon","coordinates":[[[12.1145,49.8678],[12.0756,49.8846],[12.071,49.8804],[12.0858,49.859],[12.0791,49.8462],[12.0939,49.8139],[12.1087,49.8227],[12.1329,49.8221],[12.1369,49.8285],[12.1177,49.8394],[12.1128,49.8534],[12.1145,49.8678]]]},"properties":{"AGS":"09377132","GEN":"Krummennaab","SN_L":"09"}},
{"type":"Feature","geometry":{"type":"Polygon","coordinates":[[[12.1704,49.864],[12.1592,49.8742],[12.1334,49.8781],[12.1145,49.8678],[12.1128,49.8534],[12.1177,49.8394],[12.1369,49.8285],[12.1455,49.8394],[12.1659,49.8438],[12.1694,49.8557],[12.1704,49.864]]]},"properties":{"AGS":"09377149","GEN":"Reuth b.Erbendorf","SN_L":"09"}},
{"type":"Feature","geometry":{"type":"Polygon","coordinates":[[[12.2484,49.8338],[12.2665,49.8484],[12.2807,49.8496],[12.2786,49.8696],[12.262,49.8853],[12.2638,49.8905],[12.2513,49.8866],[12.2197,49.8827],[12.2042,49.8754],[12.184,49.8736],[12.1704,49.864],[12.1694,49.8557],[12.1821,49.8387],[12.1916,49.8327],[12.1987,49.8164],[12.2367,49.8277],[12.2484,49.8338]]]},"properties":{"AGS":"09377117","GEN":"Falkenberg","SN_L":"09"}},
{"type":"Feature","geometry":{"type":"Polygon","coordinates":[[[12.1911,49.9466],[12.1474,49.948],[12.1391,49.9447],[12.158,49.9264],[12.1524,49.9105],[12.1334,49.8935],[12.1334,49.8781],[12.1592,49.8742],[12.1704,49.864],[12.184,49.8736],[12.2042,49.8754],[12.2197,49.8827],[12.2513,49.8866],[12.2373,49.8931],[12.2224,49.9096],[12.2246,49.9169],[12.2139,49.9335],[12.1851,49.9385],[12.1911,49.9466]]]},"properties":{"AGS":"09377159","GEN":"Wiesau","SN_L":"09"}},
{"type":"Feature","geometry":{"type":"Polygon","coordinates":[[[10.9258,49.9251],[10.9135,49.9254],[10.8864,49.9207],[10.868,49.9124],[10.859,49.9164],[10.8378,49.9154],[10.8328,49.9146],[10.8474,49.9084],[10.8264,49.8984],[10.8333,49.8808],[10.8666,49.8682],[10.8831,49.8557],[10.9135,49.8465],[10.9286,49.8503],[10.9511,49.856],[10.96,49.8496],[10.9469,49.8712],[10.9523,49.8754],[10.947,49.906],[10.9314,49.9212],[10.9258,49.9251]]]},"properties":{"AGS":"09461000","GEN":"Bamberg","SN_L":"09"}},
{"type":"Feature","geometry":{"type":"Polygon","coordinates":[[[11.6553,49.972],[11.6078,49.9696],[11.5816,49.977],[11.5613,49.9747],[11.546,49.9611],[11.5221,49.9577],[11.4973,49.9563],[11.4966,49.9457],[11.5104,49.9455],[11.5282,49.9348],[11.5262,49.9234],[11.5371,49.9225],[11.5605,49.9038],[11.5547,49.8927],[11.6003,49.8898],[11.6255,49.9051],[11.6191,49.9145],[11.6286,49.9239],[11.6385,49.9313],[11.6686,49.9397],[11.6482,49.9527],[11.6553,49.972]]]},"properties":{"AGS":"09462000","GEN":"Bayreuth","SN_L":"09"}},
{"type":"Feature","geometry":{"type":"Polygon","coordinates":[[[10.9601,50.2977],[10.9203,50.2947],[10.9059,50.2861],[10.8874,50.2823],[10.8974,50.2789],[10.9209,50.2598],[10.9146,50.2538],[10.892,50.2506],[10.9093,50.2413],[10.9602,50.244],[10.971,50.2371],[10.9778,50.2217],[10.9985,50.2328],[10.9943,50.2395],[11.01,50.2472],[11.0293,50.2493],[11.0332,50.2567],[11.0637,50.265],[11.0435,50.2751],[11.0126,50.2666],[10.9966,50.2761],[10.9804,50.2815],[10.9894,50.2917],[10.967,50.2903],[10.9601,50.2977]]]},"properties":{"AGS":"09463000","GEN":"Coburg","SN_L":"09"}},
{"type":"Feature","geometry":{"type":"Polygon","coordinates":[[[11.9428,50.3448],[11.9253,50.3402],[11.9188,50.3525],[11.8993,50.3487],[11.8723,50.3507],[11.8804,50.3272],[11.8419,50.3157],[11.8336,50.3196],[11.8089,50.3149],[11.8084,50.3083],[11.8268,50.2984],[11.8397,50.2873],[11.8634,50.2855],[11.8893,50.2688],[11.9094,50.2704],[11.931,50.2824],[11.9383,50.3021],[11.9577,50.3093],[11.9719,50.3158],[11.9688,50.3288],[11.9508,50.3449],[11.9428,50.3448]]]},"properties":{"AGS":"09464000","GEN":"Hof","SN_L":"09"}},
{"type":"Feature","geometry":{"type":"Polygon","coordinates":[[[11.0165,49.8081],[10.994,49.8071],[10.976,49.7994],[10.9824,49.7856],[11.0094,49.7821],[11.0492,49.795],[11.026,49.7922],[11.0165,49.8081]]]},"properties":{"AGS":"09471111","GEN":"Altendorf","SN_L":"09"}},
{"type":"Feature","geometry":{"type":"Polygon","coordinates":[[[10.8328,49.9146],[10.8009,49.9235],[10.7868,49.9107],[10.7637,49.9107],[10.7559,49.9033],[10.7586,49.8992],[10.7625,49.892],[10.7799,49.8917],[10.8086,49.885],[10.8333,49.8808],[10.8264,49.8984],[10.8474,49.9084],[10.8328,49.9146]]]},"properties":{"AGS":"09471117","GEN":"Bischberg","SN_L":"09"}},
{"type":"Feature","geometry":{"type":"Polygon","coordinates":[[[10.9704,49.9921],[10.9342,49.98],[10.9156,49.9874],[10.915,49.9938],[10.8887,49.9856],[10.8782,49.9874],[10.8675,49.9749],[10.8773,49.9619],[10.8934,49.9594],[10.931,49.9608],[10.9303,49.9681],[10.962,49.9776],[10.9704,49.9921]]]},"properties":{"AGS":"09471119","GEN":"Breitengüßbach","SN_L":"09"}},
{"type":"Feature","geometry":{"type":"Polygon","coordinates":[[[11.1044,49.8356],[11.0992,49.8488],[11.0823,49.8612],[11.0713,49.8608],[11.0511,49.8494],[11.0471,49.8265],[11.0401,49.8183],[11.0165,49.8081],[11.026,49.7922],[11.0492,49.795],[11.0813,49.7941],[11.1002,49.8059],[11.1044,49.8356]]]},"properties":{"AGS":"09471123","GEN":"Buttenheim","SN_L":"09"}},
{"type":"Feature","geometry":{"type":"Polygon","coordinates":[[[10.9053,49.8369],[10.8719,49.8389],[10.8325,49.8472],[10.8128,49.8405],[10.8162,49.8198],[10.8257,49.8138],[10.8275,49.8023],[10.8521,49.7887],[10.853,49.7779],[10.8725,49.7707],[10.9115,49.7816],[10.9313,49.7849],[10.921,49.795],[10.9083,49.7951],[10.9074,49.8062],[10.9329,49.8194],[10.9136,49.8191],[10.9005,49.8324],[10.9053,49.8369]]]},"properties":{"AGS":"09471131","GEN":"Frensdorf","SN_L":"09"}},
{"type":"Feature","geometry":{"type":"Polygon","coordinates":[[[10.9369,49.9423],[10.9221,49.9482],[10.9076,49.9442],[10.9135,49.9254],[10.9258,49.9251],[10.9369,49.9423]]]},"properties":{"AGS":"09471137","GEN":"Gundelsheim","SN_L":"09"}},
{"type":"Feature","geometry":{"type":"Polygon","coordinates":[[[10.8925,49.9495],[10.8702,49.9402],[10.8558,49.9435],[10.8454,49.9413],[10.8377,49.9285],[10.8378,49.9154],[10.859,49.9164],[10.868,49.9124],[10.8864,49.9207],[10.9135,49.9254],[10.9076,49.9442],[10.8925,49.9495]]]},"properties":{"AGS":"09471140","GEN":"Hallstadt","SN_L":"09"}},
{"type":"Feature","geometry":{"type":"Polygon","coordinates":[[[11.1843,49.9088],[11.1745,49.9181],[11.1458,49.9197],[11.1243,49.907],[11.1151,49.9068],[11.1054,49.9202],[11.0763,49.904],[11.0636,49.9052],[11.0779,49.8973],[11.0815,49.877],[11.0823,49.8612],[11.0992,49.8488],[11.1044,49.8356],[11.1161,49.8401],[11.1378,49.84],[11.1592,49.8436],[11.1751,49.8323],[11.1942,49.838],[11.1996,49.8327],[11.2032,49.8387],[11.2236,49.835],[11.2345,49.8526],[11.2276,49.8622],[11.2381,49.8705],[11.1985,49.8812],[11.1978,49.8932],[11.1843,49.9088]]]},"properties":{"AGS":"09471142","GEN":"Heiligenstadt i.OFr.","SN_L":"09"}},
{"type":"Feature","geometry":{"type":"Polygon","coordinates":[[[11.0511,49.8494],[11.0301,49.8469],[11.0089,49.8434],[10.9789,49.8293],[10.9584,49.832],[10.9587,49.817],[10.9329,49.8194],[10.9074,49.8062],[10.9083,49.7951],[10.921,49.795],[10.9313,49.7849],[10.9175,49.7764],[10.9273,49.7684],[10.9346,49.7791],[10.9662,49.7708],[10.9766,49.7744],[10.9824,49.7856],[10.976,49.7994],[10.994,49.8071],[11.0165,49.8081],[11.0401,49.8183],[11.0471,49.8265],[11.0511,49.8494]]]},"properties":{"AGS":"09471145","GEN":"Hirschaid","SN_L":"09"}},
{"type":"Feature","geometry":{"type":"Polygon","coordinates":[[[10.8934,49.9594],[10.8773,49.9619],[10.8675,49.9749],[10.8457,49.9688],[10.8428,49.9626],[10.8558,49.9435],[10.8702,49.9402],[10.8925,49.9495],[10.8934,49.9594]]]},"properties":{"AGS":"09471150","GEN":"Kemmern","SN_L":"09"}},
{"type":"Feature","geometry":{"type":"Polygon","coordinates":[[[11.0944,49.9341],[11.0534,49.9312],[11.0358,49.9258],[11.0208,49.9247],[11.0021,49.9313],[10.9732,49.9177],[10.9972,49.8978],[11.0249,49.8967],[11.0355,49.8931],[11.06,49.8979],[11.0636,49.9052],[11.0763,49.904],[11.1054,49.9202],[11.0944,49.9341]]]},"properties":{"AGS":"09471155","GEN":"Litzendorf","SN_L":"09"}},
{"type":"Feature","geometry":{"type":"Polygon","coordinates":[[[11.0358,49.9258],[11.0065,49.9483],[10.9847,49.9469],[10.962,49.9776],[10.9303,49.9681],[10.931,49.9608],[10.9451,49.9488],[10.9369,49.9423],[10.9258,49.9251],[10.9314,49.9212],[10.9531,49.9239],[10.9732,49.9177],[11.0021,49.9313],[11.0208,49.9247],[11.0358,49.9258]]]},"properties":{"AGS":"09471159","GEN":"Memmelsdorf","SN_L":"09"}},
{"type":"Feature","geometry":{"type":"Polygon","coordinates":[[[10.8126,49.9653],[10.783,49.9583],[10.7611,49.9682],[10.7545,49.9623],[10.7315,49.9622],[10.7232,49.9551],[10.743,49.9481],[10.7366,49.9388],[10.7522,49.9413],[10.7779,49.9298],[10.8009,49.9235],[10.8328,49.9146],[10.8378,49.9154],[10.8377,49.9285],[10.8454,49.9413],[10.8379,49.9542],[10.8204,49.9578],[10.8154,49.9646],[10.8126,49.9653]]]},"properties":{"AGS":"09471165","GEN":"Oberhaid","SN_L":"09"}},
{"type":"Feature","geometry":{"type":"Polygon","coordinates":[[[10.9584,49.832],[10.9418,49.8369],[10.9286,49.8503],[10.9135,49.8465],[10.9053,49.8369],[10.9005,49.8324],[10.9136,49.8191],[10.9329,49.8194],[10.9587,49.817],[10.9584,49.832]]]},"properties":{"AGS":"09471169","GEN":"Pettstadt","SN_L":"09"}},
{"type":"Feature","geometry":{"type":"Polygon","coordinates":[[[10.8725,49.7707],[10.853,49.7779],[10.8521,49.7887],[10.8275,49.8023],[10.7877,49.8018],[10.7694,49.786],[10.7684,49.7741],[10.756,49.7723],[10.7757,49.7674],[10.8007,49.7479],[10.8042,49.7384],[10.8234,49.7406],[10.8364,49.7529],[10.8653,49.7587],[10.8725,49.7707]]]},"properties":{"AGS":"09471172","GEN":"Pommersfelden","SN_L":"09"}},
{"type":"Feature","geometry":{"type":"Polygon","coordinates":[[[10.8848,50.0931],[10.8601,50.0918],[10.8593,50.0736],[10.8415,50.074],[10.8324,50.0647],[10.8391,50.0499],[10.8588,50.0437],[10.8538,50.0247],[10.8564,50.0147],[10.8744,50.0083],[10.8813,49.9958],[10.8782,49.9874],[10.8887,49.9856],[10.915,49.9938],[10.9197,50.0079],[10.9095,50.0193],[10.9265,50.0248],[10.9311,50.0352],[10.9167,50.042],[10.9025,50.0372],[10.9013,50.0466],[10.896,50.0581],[10.8818,50.0654],[10.8919,50.0877],[10.8848,50.0931]]]},"properties":{"AGS":"09471174","GEN":"Rattelsdorf","SN_L":"09"}},
{"type":"Feature","geometry":{"type":"Polygon","coordinates":[[[11.0909,50.0353],[11.0619,50.0347],[11.046,50.0246],[11.0219,50.0292],[11.0082,50.0161],[10.9704,49.9921],[10.962,49.9776],[10.9847,49.9469],[11.0065,49.9483],[11.0358,49.9258],[11.0534,49.9312],[11.0944,49.9341],[11.1079,49.9387],[11.105,49.9491],[11.1258,49.9551],[11.1197,49.9583],[11.125,49.9802],[11.1106,49.9884],[11.1147,49.9957],[11.0947,50.0193],[11.0909,50.0353]]]},"properties":{"AGS":"09471185","GEN":"Scheßlitz","SN_L":"09"}},
{"type":"Feature","geometry":{"type":"Polygon","coordinates":[[[10.8333,49.8808],[10.8086,49.885],[10.8065,49.8676],[10.785,49.8574],[10.7856,49.8521],[10.8101,49.8477],[10.8128,49.8405],[10.8325,49.8472],[10.8719,49.8389],[10.9053,49.8369],[10.9135,49.8465],[10.8831,49.8557],[10.8666,49.8682],[10.8333,49.8808]]]},"properties":{"AGS":"09471191","GEN":"Stegaurach","SN_L":"09"}},
{"type":"Feature","geometry":{"type":"Polygon","coordinates":[[[11.0815,49.877],[11.0558,49.8834],[11.0335,49.8782],[10.9867,49.8922],[10.9932,49.8969],[10.9784,49.8887],[10.9914,49.8807],[10.9886,49.8577],[10.96,49.8496],[10.9511,49.856],[10.9286,49.8503],[10.9418,49.8369],[10.9584,49.832],[10.9789,49.8293],[11.0089,49.8434],[11.0301,49.8469],[11.023,49.8571],[11.0555,49.8689],[11.0713,49.8608],[11.0823,49.8612],[11.0815,49.877]]]},"properties":{"AGS":"09471195","GEN":"Strullendorf","SN_L":"09"}},
{"type":"Feature","geometry":{"type":"Polygon","coordinates":[[[10.8009,49.9235],[10.7779,49.9298],[10.7522,49.9413],[10.7366,49.9388],[10.7168,49.9327],[10.7142,49.9231],[10.7349,49.9105],[10.7559,49.9033],[10.7637,49.9107],[10.7868,49.9107],[10.8009,49.9235]]]},"properties":{"AGS":"09471207","GEN":"Viereth-Trunstadt","SN_L":"09"}},
{"type":"Feature","geometry":{"type":"Polygon","coordinates":[[[10.8086,49.885],[10.7799,49.8917],[10.7625,49.892],[10.7586,49.8992],[10.7417,49.8941],[10.7415,49.8709],[10.7674,49.8529],[10.7856,49.8521],[10.785,49.8574],[10.8065,49.8676],[10.8086,49.885]]]},"properties":{"AGS":"09471208","GEN":"Walsdorf","SN_L":"09"}},
{"type":"Feature","geometry":{"type":"Polygon","coordinates":[[[11.0082,50.0161],[10.9842,50.0201],[10.994,50.0297],[10.9803,50.0408],[10.9658,50.0393],[10.9541,50.048],[10.9352,50.0428],[10.9311,50.0352],[10.9265,50.0248],[10.9095,50.0193],[10.9197,50.0079],[10.915,49.9938],[10.9156,49.9874],[10.9342,49.98],[10.9704,49.9921],[11.0082,50.0161]]]},"properties":{"AGS":"09471214","GEN":"Zapfendorf","SN_L":"09"}},
{"type":"Feature","geometry":{"type":"Polygon","coordinates":[[[10.7208,49.7882],[10.7146,49.7957],[10.6807,49.7971],[10.6183,49.7944],[10.598,49.7983],[10.5671,49.7953],[10.5355,49.7929],[10.5392,49.7713],[10.5537,49.7701],[10.5514,49.7558],[10.5765,49.7512],[10.5891,49.7445],[10.6306,49.7379],[10.6544,49.7211],[10.6714,49.7224],[10.6859,49.7332],[10.7028,49.733],[10.7066,49.7461],[10.6719,49.7566],[10.6775,49.7643],[10.6968,49.7756],[10.7156,49.7802],[10.7208,49.7882]]]},"properties":{"AGS":"09471220","GEN":"Schlüsselfeld","SN_L":"09"}},
{"type":"Feature","geometry":{"type":"Polygon","coordinates":[[[10.768,50.0233],[10.7511,50.0205],[10.7531,50.0128],[10.7653,50.0134],[10.7648,50.0004],[10.7775,49.9886],[10.807,49.9809],[10.8126,49.9653],[10.8154,49.9646],[10.8335,49.9747],[10.8457,49.9688],[10.8675,49.9749],[10.8782,49.9874],[10.8813,49.9958],[10.8744,50.0083],[10.8564,50.0147],[10.8127,50.0088],[10.7843,50.0174],[10.768,50.0233]]]},"properties":{"AGS":"09471115","GEN":"Baunach","SN_L":"09"}},
{"type":"Feature","geometry":{"type":"Polygon","coordinates":[[[10.8109,50.0376],[10.7918,50.0472],[10.7758,50.0433],[10.768,50.0233],[10.7843,50.0174],[10.8041,50.0189],[10.8184,50.0276],[10.8109,50.0376]]]},"properties":{"AGS":"09471133","GEN":"Gerach","SN_L":"09"}},
{"type":"Feature","geometry":{"type":"Polygon","coordinates":[[[10.7648,50.0004],[10.7407,49.9917],[10.7483,49.987],[10.7611,49.9682],[10.783,49.9583],[10.8126,49.9653],[10.807,49.9809],[10.7775,49.9886],[10.7648,50.0004]]]},"properties":{"AGS":"09471152","GEN":"Lauter","SN_L":"09"}},
{"type":"Feature","geometry":{"type":"Polygon","coordinates":[[[10.8564,50.0147],[10.8538,50.0247],[10.8588,50.0437],[10.8391,50.0499],[10.824,50.0402],[10.8109,50.0376],[10.8184,50.0276],[10.8041,50.0189],[10.7843,50.0174],[10.8127,50.0088],[10.8564,50.0147]]]},"properties":{"AGS":"09471175","GEN":"Reckendorf","SN_L":"09"}},
{"type":"Feature","geometry":{"type":"Polygon","coordinates":[[[11.2187,49.9732],[11.2033,49.9783],[11.1815,49.9722],[11.1715,49.9649],[11.1384,49.964],[11.1258,49.9551],[11.105,49.9491],[11.1079,49.9387],[11.0944,49.9341],[11.1054,49.9202],[11.1151,49.9068],[11.1243,49.907],[11.1458,49.9197],[11.1745,49.9181],[11.1843,49.9088],[11.2028,49.913],[11.2152,49.9366],[11.1955,49.9541],[11.2164,49.9627],[11.2187,49.9732]]]},"properties":{"AGS":"09471151","GEN":"Königsfeld","SN_L":"09"}},
{"type":"Feature","geometry":{"type":"Polygon","coordinates":[[[11.2464,49.9896],[11.2207,50.0043],[11.2126,50.0159],[11.1909,50.0082],[11.1875,50.0246],[11.1687,50.0161],[11.1474,50.0214],[11.1441,50.009],[11.1339,49.9982],[11.1147,49.9957],[11.1106,49.9884],[11.125,49.9802],[11.1197,49.9583],[11.1258,49.9551],[11.1384,49.964],[11.1715,49.9649],[11.1815,49.9722],[11.2033,49.9783],[11.2187,49.9732],[11.2372,49.9738],[11.2464,49.9896]]]},"properties":{"AGS":"09471189","GEN":"Stadelhofen","SN_L":"09"}},
{"type":"Feature","geometry":{"type":"Polygon","coordinates":[[[11.1474,50.0214],[11.1536,50.0319],[11.1732,50.0335],[11.1904,50.0438],[11.1938,50.0522],[11.179,50.0579],[11.1437,50.044],[11.1237,50.0484],[11.0909,50.0353],[11.0947,50.0193],[11.1147,49.9957],[11.1339,49.9982],[11.1441,50.009],[11.1474,50.0214]]]},"properties":{"AGS":"09471209","GEN":"Wattendorf","SN_L":"09"}},
{"type":"Feature","geometry":{"type":"Polygon","coordinates":[[[10.6051,49.8552],[10.5814,49.8598],[10.5509,49.8346],[10.5535,49.8312],[10.5462,49.8226],[10.5311,49.822],[10.5234,49.8108],[10.5254,49.8084],[10.5502,49.8039],[10.5571,49.8171],[10.5699,49.8071],[10.5671,49.7953],[10.598,49.7983],[10.6183,49.7944],[10.6286,49.8115],[10.6436,49.8132],[10.6412,49.8303],[10.6307,49.8356],[10.6331,49.8447],[10.6051,49.8552]]]},"properties":{"AGS":"09471122","GEN":"Burgwindheim","SN_L":"09"}},
{"type":"Feature","geometry":{"type":"Polygon","coordinates":[[[10.5435,49.8759],[10.5252,49.8755],[10.5129,49.8611],[10.4985,49.8584],[10.4856,49.8499],[10.4696,49.8607],[10.4526,49.8667],[10.4419,49.8462],[10.4611,49.8354],[10.449,49.8222],[10.4623,49.8084],[10.4828,49.8058],[10.4662,49.7916],[10.4894,49.7864],[10.5164,49.803],[10.5254,49.8084],[10.5234,49.8108],[10.5002,49.8181],[10.5066,49.8431],[10.5535,49.8312],[10.5509,49.8346],[10.5227,49.8418],[10.5237,49.8549],[10.5435,49.8759]]]},"properties":{"AGS":"09471128","GEN":"Ebrach","SN_L":"09"}},
{"type":"Feature","geometry":{"type":"Polygon","coordinates":[[[10.7856,49.8521],[10.7674,49.8529],[10.7415,49.8709],[10.7321,49.8676],[10.7348,49.8618],[10.7131,49.8531],[10.7005,49.8417],[10.6672,49.8439],[10.6331,49.8447],[10.6307,49.8356],[10.6412,49.8303],[10.6436,49.8132],[10.6286,49.8115],[10.6183,49.7944],[10.6807,49.7971],[10.7146,49.7957],[10.7208,49.7882],[10.7499,49.7724],[10.756,49.7723],[10.7684,49.7741],[10.7694,49.786],[10.7877,49.8018],[10.8275,49.8023],[10.8257,49.8138],[10.8162,49.8198],[10.8128,49.8405],[10.8101,49.8477],[10.7856,49.8521]]]},"properties":{"AGS":"09471120","GEN":"Burgebrach","SN_L":"09"}},
{"type":"Feature","geometry":{"type":"Polygon","coordinates":[[[10.687,49.8863],[10.6631,49.8911],[10.632,49.8736],[10.6262,49.8629],[10.6689,49.8547],[10.6672,49.8439],[10.7005,49.8417],[10.7131,49.8531],[10.7348,49.8618],[10.7321,49.8676],[10.7229,49.8771],[10.6944,49.8829],[10.687,49.8863]]]},"properties":{"AGS":"09471186","GEN":"Schönbrunn i.Steigerwald","SN_L":"09"}},
{"type":"Feature","geometry":{"type":"Polygon","coordinates":[[[10.7415,49.8709],[10.7417,49.8941],[10.7586,49.8992],[10.7559,49.9033],[10.7349,49.9105],[10.717,49.8983],[10.7166,49.8901],[10.6944,49.8829],[10.7229,49.8771],[10.7321,49.8676],[10.7415,49.8709]]]},"properties":{"AGS":"09471154","GEN":"Lisberg","SN_L":"09"}},
{"type":"Feature","geometry":{"type":"Polygon","coordinates":[[[10.7072,49.9243],[10.6915,49.9125],[10.7024,49.904],[10.6866,49.8967],[10.687,49.8863],[10.6944,49.8829],[10.7166,49.8901],[10.717,49.8983],[10.7349,49.9105],[10.7142,49.9231],[10.7072,49.9243]]]},"properties":{"AGS":"09471173","GEN":"Priesendorf","SN_L":"09"}},
{"type":"Feature","geometry":{"type":"Polygon","coordinates":[[[10.4594,49.8788],[10.4529,49.8722],[10.4526,49.8667],[10.4696,49.8607],[10.4856,49.8499],[10.4985,49.8584],[10.5129,49.8611],[10.5252,49.8755],[10.5052,49.8767],[10.4905,49.8726],[10.4594,49.8788]]]},"properties":{"AGS":"09471452","GEN":"Ebracher Forst","SN_L":"09"}},
{"type":"Feature","geometry":{"type":"Polygon","coordinates":[[[11.0713,49.8608],[11.0555,49.8689],[11.023,49.8571],[11.0301,49.8469],[11.0511,49.8494],[11.0713,49.8608]]]},"properties":{"AGS":"09471453","GEN":"Eichwald","SN_L":"09"}},
{"type":"Feature","geometry":{"type":"Polygon","coordinates":[[[11.0636,49.9052],[11.06,49.8979],[11.0355,49.8931],[11.0249,49.8967],[10.9972,49.8978],[10.9932,49.8969],[10.9867,49.8922],[11.0335,49.8782],[11.0558,49.8834],[11.0815,49.877],[11.0779,49.8973],[11.0636,49.9052]]]},"properties":{"AGS":"09471454","GEN":"Geisberger Forst","SN_L":"09"}},
{"type":"Feature","geometry":{"type":"Polygon","coordinates":[[[10.9732,49.9177],[10.9531,49.9239],[10.9314,49.9212],[10.947,49.906],[10.9523,49.8754],[10.9469,49.8712],[10.96,49.8496],[10.9886,49.8577],[10.9914,49.8807],[10.9784,49.8887],[10.9932,49.8969],[10.9972,49.8978],[10.9732,49.9177]]]},"properties":{"AGS":"09471455","GEN":"Hauptsmoor","SN_L":"09"}},
{"type":"Feature","geometry":{"type":"Polygon","coordinates":[[[10.5814,49.8598],[10.5759,49.8738],[10.5592,49.8675],[10.5435,49.8759],[10.5237,49.8549],[10.5227,49.8418],[10.5509,49.8346],[10.5814,49.8598]]]},"properties":{"AGS":"09471456","GEN":"Koppenwinder Forst","SN_L":"09"}},
{"type":"Feature","geometry":{"type":"Polygon","coordinates":[[[10.6672,49.8439],[10.6689,49.8547],[10.6262,49.8629],[10.6051,49.8552],[10.6331,49.8447],[10.6672,49.8439]]]},"properties":{"AGS":"09471457","GEN":"Lindach","SN_L":"09"}},
{"type":"Feature","geometry":{"type":"Polygon","coordinates":[[[10.8457,49.9688],[10.8335,49.9747],[10.8154,49.9646],[10.8204,49.9578],[10.8379,49.9542],[10.8454,49.9413],[10.8558,49.9435],[10.8428,49.9626],[10.8457,49.9688]]]},"properties":{"AGS":"09471459","GEN":"Semberg","SN_L":"09"}},
{"type":"Feature","geometry":{"type":"Polygon","coordinates":[[[10.5671,49.7953],[10.5699,49.8071],[10.5571,49.8171],[10.5502,49.8039],[10.5254,49.8084],[10.5164,49.803],[10.5355,49.7929],[10.5671,49.7953]]]},"properties":{"AGS":"09471460","GEN":"Steinachsrangen","SN_L":"09"}},
{"type":"Feature","geometry":{"type":"Polygon","coordinates":[[[10.5535,49.8312],[10.5066,49.8431],[10.5002,49.8181],[10.5234,49.8108],[10.5311,49.822],[10.5462,49.8226],[10.5535,49.8312]]]},"properties":{"AGS":"09471461","GEN":"Winkelhofer Forst","SN_L":"09"}},
{"type":"Feature","geometry":{"type":"Polygon","coordinates":[[[10.931,49.9608],[10.8934,49.9594],[10.8925,49.9495],[10.9076,49.9442],[10.9221,49.9482],[10.9369,49.9423],[10.9451,49.9488],[10.931,49.9608]]]},"properties":{"AGS":"09471462","GEN":"Zückshuter Forst","SN_L":"09"}},
{"type":"Feature","geometry":{"type":"Polygon","coordinates":[[[11.4866,49.8597],[11.4774,49.8662],[11.4465,49.8704],[11.4342,49.8769],[11.4095,49.877],[11.399,49.871],[11.3993,49.8592],[11.3824,49.8473],[11.3885,49.8406],[11.3837,49.8286],[11.3547,49.8267],[11.3426,49.8128],[11.3669,49.8034],[11.3975,49.8072],[11.3999,49.8155],[11.4264,49.8154],[11.4567,49.8248],[11.4703,49.8364],[11.4736,49.8486],[11.4866,49.8597]]]},"properties":{"AGS":"09472111","GEN":"Ahorntal","SN_L":"09"}},
{"type":"Feature","geometry":{"type":"Polygon","coordinates":[[[11.7293,50.0494],[11.6967,50.0608],[11.6858,50.0707],[11.6925,50.0784],[11.6847,50.0874],[11.6555,50.0749],[11.6415,50.0729],[11.6324,50.0691],[11.6379,50.0576],[11.6501,50.0514],[11.6469,50.042],[11.6322,50.0354],[11.6139,50.0345],[11.6012,50.0273],[11.6026,50.0173],[11.6365,50.0303],[11.6558,50.0196],[11.68,50.0281],[11.6998,50.0202],[11.7278,50.0217],[11.7473,50.0258],[11.7542,50.0384],[11.7334,50.0392],[11.7293,50.0494]]]},"properties":{"AGS":"09472116","GEN":"Bad Berneck i.Fichtelgebirge","SN_L":"09"}},
{"type":"Feature","geometry":{"type":"Polygon","coordinates":[[[11.6558,50.0196],[11.6365,50.0303],[11.6026,50.0173],[11.5811,50.0113],[11.567,50.0129],[11.5338,49.999],[11.5389,49.9847],[11.5484,49.9761],[11.5613,49.9747],[11.5816,49.977],[11.6078,49.9696],[11.6553,49.972],[11.6414,49.9895],[11.6515,50.0004],[11.6558,50.0196]]]},"properties":{"AGS":"09472119","GEN":"Bindlach","SN_L":"09"}},
{"type":"Feature","geometry":{"type":"MultiPolygon","coordinates":[[[[11.7592,50.0649],[11.7274,50.0635],[11.7342,50.0551],[11.7461,50.0484],[11.7626,50.0529],[11.7592,50.0649]]],[[[11.7907,50.0625],[11.7801,50.0489],[11.8,50.0456],[11.8228,50.0553],[11.7986,50.0649],[11.7907,50.0625]]]]},"properties":{"AGS":"09472121","GEN":"Bischofsgrün","SN_L":"09"}},
{"type":"Feature","geometry":{"type":"Polygon","coordinates":[[[11.4563,49.9805],[11.4171,49.9873],[11.416,49.9735],[11.4294,49.9626],[11.425,49.9572],[11.3965,49.9613],[11.3831,49.9349],[11.4081,49.9213],[11.4257,49.9322],[11.4548,49.9342],[11.4511,49.9258],[11.472,49.921],[11.4899,49.9209],[11.5077,49.9193],[11.5262,49.9234],[11.5282,49.9348],[11.5104,49.9455],[11.4966,49.9457],[11.4748,49.9437],[11.4617,49.9567],[11.4473,49.9691],[11.4563,49.9805]]]},"properties":{"AGS":"09472131","GEN":"Eckersdorf","SN_L":"09"}},
{"type":"Feature","geometry":{"type":"Polygon","coordinates":[[[11.8738,49.9947],[11.8611,49.9979],[11.8598,50.0181],[11.836,50.0145],[11.8415,49.9981],[11.8345,49.9918],[11.8372,49.9832],[11.8459,49.9739],[11.8455,49.9949],[11.8738,49.9947]]]},"properties":{"AGS":"09472138","GEN":"Fichtelberg","SN_L":"09"}},
{"type":"Feature","geometry":{"type":"Polygon","coordinates":[[[11.7416,50.1209],[11.7174,50.1197],[11.7066,50.1233],[11.6781,50.1246],[11.6758,50.0959],[11.6847,50.0874],[11.6925,50.0784],[11.6858,50.0707],[11.6967,50.0608],[11.7293,50.0494],[11.7342,50.0551],[11.7274,50.0635],[11.7592,50.0649],[11.7721,50.0945],[11.7826,50.0954],[11.7981,50.0817],[11.8106,50.0907],[11.8092,50.0974],[11.7891,50.1032],[11.7753,50.1268],[11.7449,50.117],[11.7416,50.1209]]]},"properties":{"AGS":"09472139","GEN":"Gefrees","SN_L":"09"}},
{"type":"Feature","geometry":{"type":"Polygon","coordinates":[[[11.7278,50.0217],[11.6998,50.0202],[11.68,50.0281],[11.6558,50.0196],[11.6515,50.0004],[11.6414,49.9895],[11.6553,49.972],[11.6848,49.9775],[11.6907,49.9827],[11.7139,49.9805],[11.7429,49.99],[11.7374,50.0166],[11.7278,50.0217]]]},"properties":{"AGS":"09472143","GEN":"Goldkronach","SN_L":"09"}},
{"type":"Feature","geometry":{"type":"Polygon","coordinates":[[[11.4872,49.9906],[11.4936,49.977],[11.5221,49.9577],[11.546,49.9611],[11.5613,49.9747],[11.5484,49.9761],[11.5389,49.9847],[11.5338,49.999],[11.5116,49.9986],[11.4872,49.9906]]]},"properties":{"AGS":"09472150","GEN":"Heinersreuth","SN_L":"09"}},
{"type":"Feature","geometry":{"type":"Polygon","coordinates":[[[11.9,49.9853],[11.8887,49.9988],[11.8738,49.9947],[11.8455,49.9949],[11.8459,49.9739],[11.8311,49.9654],[11.8297,49.9624],[11.8487,49.9613],[11.8702,49.9653],[11.8986,49.9694],[11.9037,49.979],[11.9,49.9853]]]},"properties":{"AGS":"09472164","GEN":"Mehlmeisel","SN_L":"09"}},
{"type":"Feature","geometry":{"type":"Polygon","coordinates":[[[11.5488,49.8235],[11.5282,49.8131],[11.5006,49.8382],[11.4794,49.8341],[11.4755,49.8161],[11.4912,49.8042],[11.4671,49.7796],[11.4619,49.7626],[11.466,49.7456],[11.4528,49.7315],[11.4379,49.7352],[11.4274,49.7239],[11.4331,49.7204],[11.4596,49.7231],[11.469,49.7159],[11.489,49.7295],[11.5503,49.7255],[11.5574,49.7151],[11.5604,49.7143],[11.5638,49.7236],[11.5956,49.7354],[11.594,49.7536],[11.6307,49.7606],[11.6305,49.7717],[11.6017,49.7862],[11.5925,49.7959],[11.5769,49.7981],[11.5488,49.8235]]]},"properties":{"AGS":"09472175","GEN":"Pegnitz","SN_L":"09"}},
{"type":"Feature","geometry":{"type":"Polygon","coordinates":[[[11.4274,49.7239],[11.4379,49.7352],[11.4528,49.7315],[11.466,49.7456],[11.4619,49.7626],[11.4671,49.7796],[11.4912,49.8042],[11.4755,49.8161],[11.4794,49.8341],[11.4703,49.8364],[11.4567,49.8248],[11.4264,49.8154],[11.3999,49.8155],[11.3975,49.8072],[11.3669,49.8034],[11.3538,49.7907],[11.3546,49.7836],[11.3765,49.7773],[11.384,49.7556],[11.3632,49.7392],[11.3608,49.7279],[11.389,49.7282],[11.3872,49.7175],[11.3778,49.7131],[11.3627,49.7196],[11.3571,49.7052],[11.3828,49.7003],[11.3919,49.7083],[11.3897,49.7174],[11.4036,49.7297],[11.4238,49.7191],[11.4274,49.7239]],[[11.4305,49.781],[11.4526,49.7698],[11.4477,49.7656],[11.4175,49.7764],[11.4305,49.781]]]},"properties":{"AGS":"09472179","GEN":"Pottenstein","SN_L":"09"}},
{"type":"Feature","geometry":{"type":"Polygon","coordinates":[[[11.8228,49.9026],[11.8033,49.8994],[11.7824,49.8909],[11.7531,49.9003],[11.7382,49.8945],[11.7434,49.8855],[11.7235,49.875],[11.7203,49.8673],[11.7313,49.8509],[11.7095,49.8453],[11.7359,49.8361],[11.7687,49.8411],[11.7893,49.8366],[11.8039,49.849],[11.8334,49.845],[11.8382,49.8525],[11.8548,49.8471],[11.862,49.8523],[11.8419,49.8687],[11.8393,49.8787],[11.8529,49.8878],[11.8408,49.8987],[11.8228,49.9026]]]},"properties":{"AGS":"09472190","GEN":"Speichersdorf","SN_L":"09"}},
{"type":"Feature","geometry":{"type":"Polygon","coordinates":[[[11.4095,49.877],[11.3847,49.8736],[11.3697,49.882],[11.3284,49.8745],[11.3132,49.8752],[11.2906,49.8735],[11.2816,49.8663],[11.2612,49.8731],[11.2704,49.8605],[11.2634,49.8447],[11.2973,49.8048],[11.3112,49.8],[11.3426,49.8128],[11.3547,49.8267],[11.3837,49.8286],[11.3885,49.8406],[11.3824,49.8473],[11.3993,49.8592],[11.399,49.871],[11.4095,49.877]]]},"properties":{"AGS":"09472197","GEN":"Waischenfeld","SN_L":"09"}},
{"type":"Feature","geometry":{"type":"Polygon","coordinates":[[[11.7984,50.0318],[11.7724,50.0276],[11.7542,50.0384],[11.7473,50.0258],[11.7278,50.0217],[11.7374,50.0166],[11.7429,49.99],[11.7602,49.9691],[11.8017,49.9707],[11.8068,49.977],[11.7945,49.9903],[11.8103,49.9943],[11.82,50.0029],[11.8124,50.0116],[11.8164,50.0249],[11.8151,50.0256],[11.7984,50.0318]]]},"properties":{"AGS":"09472198","GEN":"Warmensteinach","SN_L":"09"}},
{"type":"Feature","geometry":{"type":"Polygon","coordinates":[[[11.2924,49.887],[11.2593,49.8919],[11.2475,49.8964],[11.2666,49.908],[11.2637,49.9178],[11.2511,49.9253],[11.2028,49.913],[11.1843,49.9088],[11.1978,49.8932],[11.1985,49.8812],[11.2381,49.8705],[11.2612,49.8731],[11.2816,49.8663],[11.2906,49.8735],[11.3132,49.8752],[11.2924,49.887]]]},"properties":{"AGS":"09472115","GEN":"Aufseß","SN_L":"09"}},
{"type":"Feature","geometry":{"type":"Polygon","coordinates":[[[11.3548,49.9448],[11.3429,49.9535],[11.3108,49.9629],[11.2783,49.9671],[11.287,49.9783],[11.285,49.9879],[11.2645,49.9922],[11.2568,50],[11.2464,49.9896],[11.2372,49.9738],[11.2187,49.9732],[11.2164,49.9627],[11.1955,49.9541],[11.2152,49.9366],[11.2028,49.913],[11.2511,49.9253],[11.2637,49.9178],[11.2666,49.908],[11.2475,49.8964],[11.2593,49.8919],[11.2924,49.887],[11.3111,49.8917],[11.321,49.8998],[11.3485,49.906],[11.3591,49.9149],[11.3613,49.925],[11.3759,49.9369],[11.3548,49.9448]]]},"properties":{"AGS":"09472154","GEN":"Hollfeld","SN_L":"09"}},
{"type":"Feature","geometry":{"type":"Polygon","coordinates":[[[11.3697,49.882],[11.3843,49.8885],[11.3662,49.8979],[11.3591,49.9149],[11.3485,49.906],[11.321,49.8998],[11.3111,49.8917],[11.2924,49.887],[11.3132,49.8752],[11.3284,49.8745],[11.3697,49.882]]]},"properties":{"AGS":"09472176","GEN":"Plankenfels","SN_L":"09"}},
{"type":"Feature","geometry":{"type":"Polygon","coordinates":[[[11.4626,49.8836],[11.4608,49.8923],[11.448,49.9007],[11.4299,49.89],[11.4311,49.8816],[11.4626,49.8836]]]},"properties":{"AGS":"09472141","GEN":"Glashütten","SN_L":"09"}},
{"type":"Feature","geometry":{"type":"Polygon","coordinates":[[[11.4899,49.9209],[11.472,49.921],[11.4511,49.9258],[11.4548,49.9342],[11.4257,49.9322],[11.4081,49.9213],[11.3831,49.9349],[11.3759,49.9369],[11.3613,49.925],[11.3591,49.9149],[11.3662,49.8979],[11.3843,49.8885],[11.3697,49.882],[11.3847,49.8736],[11.4095,49.877],[11.4342,49.8769],[11.4311,49.8816],[11.4299,49.89],[11.448,49.9007],[11.4608,49.8923],[11.4626,49.8836],[11.485,49.8874],[11.4837,49.9043],[11.4899,49.9209]]]},"properties":{"AGS":"09472167","GEN":"Mistelgau","SN_L":"09"}},
{"type":"Feature","geometry":{"type":"Polygon","coordinates":[[[11.5547,49.8927],[11.5605,49.9038],[11.5371,49.9225],[11.5149,49.9031],[11.5297,49.8876],[11.5196,49.8697],[11.5379,49.8744],[11.5513,49.8832],[11.5547,49.8927]]]},"properties":{"AGS":"09472140","GEN":"Gesees","SN_L":"09"}},
{"type":"Feature","geometry":{"type":"Polygon","coordinates":[[[11.5149,49.9031],[11.493,49.8998],[11.4837,49.9043],[11.485,49.8874],[11.4626,49.8836],[11.4782,49.8768],[11.4866,49.8597],[11.4736,49.8486],[11.4703,49.8364],[11.4794,49.8341],[11.5006,49.8382],[11.5162,49.8442],[11.5166,49.8647],[11.5196,49.8697],[11.5297,49.8876],[11.5149,49.9031]]]},"properties":{"AGS":"09472155","GEN":"Hummeltal","SN_L":"09"}},
{"type":"Feature","geometry":{"type":"Polygon","coordinates":[[[11.5149,49.9031],[11.5371,49.9225],[11.5262,49.9234],[11.5077,49.9193],[11.4899,49.9209],[11.4837,49.9043],[11.493,49.8998],[11.5149,49.9031]]]},"properties":{"AGS":"09472166","GEN":"Mistelbach","SN_L":"09"}},
{"type":"Feature","geometry":{"type":"Polygon","coordinates":[[[11.6732,49.9004],[11.6514,49.9027],[11.634,49.914],[11.6286,49.9239],[11.6191,49.9145],[11.6255,49.9051],[11.6285,49.8856],[11.6188,49.8789],[11.6332,49.8671],[11.6597,49.8656],[11.6766,49.8707],[11.684,49.861],[11.7109,49.8632],[11.7203,49.8673],[11.7235,49.875],[11.6939,49.8759],[11.6732,49.9004]]]},"properties":{"AGS":"09472133","GEN":"Emtmannsberg","SN_L":"09"}},
{"type":"Feature","geometry":{"type":"Polygon","coordinates":[[[11.8311,49.9654],[11.8155,49.9678],[11.8068,49.977],[11.8017,49.9707],[11.7921,49.954],[11.7775,49.9458],[11.7654,49.9457],[11.7712,49.9317],[11.749,49.9227],[11.7418,49.9091],[11.7531,49.9003],[11.7824,49.8909],[11.8033,49.8994],[11.8228,49.9026],[11.8373,49.905],[11.8381,49.9138],[11.8268,49.9358],[11.8126,49.9464],[11.8116,49.9606],[11.8297,49.9624],[11.8311,49.9654]]]},"properties":{"AGS":"09472156","GEN":"Kirchenpingarten","SN_L":"09"}},
{"type":"Feature","geometry":{"type":"Polygon","coordinates":[[[11.7418,49.9091],[11.7277,49.9125],[11.7171,49.9226],[11.69,49.9103],[11.6907,49.9018],[11.6732,49.9004],[11.6939,49.8759],[11.7235,49.875],[11.7434,49.8855],[11.7382,49.8945],[11.7531,49.9003],[11.7418,49.9091]]]},"properties":{"AGS":"09472188","GEN":"Seybothenreuth","SN_L":"09"}},
{"type":"Feature","geometry":{"type":"Polygon","coordinates":[[[11.7429,49.99],[11.7139,49.9805],[11.6907,49.9827],[11.6848,49.9775],[11.6553,49.972],[11.6482,49.9527],[11.6686,49.9397],[11.6385,49.9313],[11.6286,49.9239],[11.634,49.914],[11.6514,49.9027],[11.6732,49.9004],[11.6907,49.9018],[11.69,49.9103],[11.7171,49.9226],[11.7277,49.9125],[11.7418,49.9091],[11.749,49.9227],[11.7712,49.9317],[11.7654,49.9457],[11.7775,49.9458],[11.7921,49.954],[11.8017,49.9707],[11.7602,49.9691],[11.7429,49.99]]]},"properties":{"AGS":"09472199","GEN":"Weidenberg","SN_L":"09"}},
{"type":"Feature","geometry":{"type":"Polygon","coordinates":[[[11.7203,49.8673],[11.7109,49.8632],[11.684,49.861],[11.6766,49.8707],[11.6597,49.8656],[11.6332,49.8671],[11.6188,49.8789],[11.6285,49.8856],[11.6255,49.9051],[11.6003,49.8898],[11.6098,49.8766],[11.5893,49.8642],[11.5766,49.8716],[11.5547,49.8546],[11.5166,49.8647],[11.5162,49.8442],[11.5006,49.8382],[11.5282,49.8131],[11.5488,49.8235],[11.5513,49.8292],[11.5739,49.8341],[11.5825,49.8284],[11.6,49.8279],[11.6245,49.8167],[11.6298,49.8096],[11.6388,49.8145],[11.6422,49.8273],[11.6638,49.8326],[11.674,49.8437],[11.6871,49.8414],[11.7095,49.8453],[11.7313,49.8509],[11.7203,49.8673]]]},"properties":{"AGS":"09472127","GEN":"Creußen","SN_L":"09"}},
{"type":"Feature","geometry":{"type":"Polygon","coordinates":[[[11.6003,49.8898],[11.5547,49.8927],[11.5513,49.8832],[11.5379,49.8744],[11.5196,49.8697],[11.5166,49.8647],[11.5547,49.8546],[11.5766,49.8716],[11.5893,49.8642],[11.6098,49.8766],[11.6003,49.8898]]]},"properties":{"AGS":"09472146","GEN":"Haag","SN_L":"09"}},
{"type":"Feature","geometry":{"type":"Polygon","coordinates":[[[11.7359,49.8361],[11.7095,49.8453],[11.6871,49.8414],[11.674,49.8437],[11.6638,49.8326],[11.6422,49.8273],[11.6388,49.8145],[11.6298,49.8096],[11.6376,49.7977],[11.6589,49.8021],[11.6737,49.8111],[11.692,49.8036],[11.6997,49.8072],[11.7004,49.82],[11.7215,49.8179],[11.7235,49.8185],[11.721,49.8275],[11.7397,49.8348],[11.7359,49.8361]]]},"properties":{"AGS":"09472180","GEN":"Prebitz","SN_L":"09"}},
{"type":"Feature","geometry":{"type":"Polygon","coordinates":[[[11.6298,49.8096],[11.6245,49.8167],[11.6,49.8279],[11.5825,49.8284],[11.5739,49.8341],[11.5513,49.8292],[11.5488,49.8235],[11.5769,49.7981],[11.5925,49.7959],[11.6017,49.7862],[11.6305,49.7717],[11.642,49.7756],[11.6376,49.7977],[11.6298,49.8096]]]},"properties":{"AGS":"09472184","GEN":"Schnabelwaid","SN_L":"09"}},
{"type":"Feature","geometry":{"type":"Polygon","coordinates":[[[11.4274,49.7239],[11.4238,49.7191],[11.4163,49.7129],[11.3919,49.7083],[11.3828,49.7003],[11.3765,49.6891],[11.3533,49.6789],[11.3687,49.6667],[11.3711,49.6589],[11.3875,49.6542],[11.3921,49.6325],[11.4265,49.6139],[11.4309,49.6179],[11.4306,49.6274],[11.456,49.627],[11.4606,49.6356],[11.4376,49.6509],[11.4427,49.6634],[11.4366,49.6727],[11.4555,49.6816],[11.4475,49.6928],[11.4584,49.7096],[11.469,49.7159],[11.4596,49.7231],[11.4331,49.7204],[11.4274,49.7239]]]},"properties":{"AGS":"09472118","GEN":"Betzenstein","SN_L":"09"}},
{"type":"Feature","geometry":{"type":"Polygon","coordinates":[[[11.4808,49.6449],[11.485,49.6615],[11.4992,49.6651],[11.5068,49.6757],[11.4836,49.6761],[11.4555,49.6816],[11.4366,49.6727],[11.4427,49.6634],[11.4376,49.6509],[11.4606,49.6356],[11.4808,49.6449]]]},"properties":{"AGS":"09472177","GEN":"Plech","SN_L":"09"}},
{"type":"Feature","geometry":{"type":"Polygon","coordinates":[[[11.7981,50.0817],[11.7826,50.0954],[11.7721,50.0945],[11.7592,50.0649],[11.7626,50.0529],[11.7461,50.0484],[11.7342,50.0551],[11.7293,50.0494],[11.7334,50.0392],[11.7542,50.0384],[11.7724,50.0276],[11.7984,50.0318],[11.8089,50.0306],[11.8151,50.0256],[11.8164,50.0249],[11.8232,50.0259],[11.8371,50.0359],[11.8368,50.0385],[11.8488,50.0467],[11.8354,50.0543],[11.8347,50.0653],[11.8119,50.0715],[11.7981,50.0817]],[[11.7907,50.0625],[11.7986,50.0649],[11.8228,50.0553],[11.8,50.0456],[11.7801,50.0489],[11.7907,50.0625]]]},"properties":{"AGS":"09472451","GEN":"Bischofsgrüner Forst","SN_L":"09"}},
{"type":"Feature","geometry":{"type":"MultiPolygon","coordinates":[[[[11.8702,49.9653],[11.8487,49.9613],[11.8514,49.9585],[11.8684,49.9611],[11.8702,49.9653]]],[[[11.8589,50.0231],[11.839,50.0271],[11.8232,50.0259],[11.8164,50.0249],[11.8124,50.0116],[11.82,50.0029],[11.8103,49.9943],[11.7945,49.9903],[11.8068,49.977],[11.8155,49.9678],[11.8311,49.9654],[11.8459,49.9739],[11.8372,49.9832],[11.8345,49.9918],[11.8415,49.9981],[11.836,50.0145],[11.8598,50.0181],[11.8611,49.9979],[11.8738,49.9947],[11.8887,49.9988],[11.9,49.9853],[11.899,49.9899],[11.8939,50.0024],[11.8757,50.017],[11.8589,50.0231]]]]},"properties":{"AGS":"09472453","GEN":"Fichtelberg","SN_L":"09"}},
{"type":"Feature","geometry":{"type":"Polygon","coordinates":[[[11.4936,49.977],[11.4872,49.9906],[11.4741,49.9939],[11.4649,49.9826],[11.4563,49.9805],[11.4473,49.9691],[11.4617,49.9567],[11.4936,49.977]]]},"properties":{"AGS":"09472454","GEN":"Forst Neustädtlein a.Forst","SN_L":"09"}},
{"type":"Feature","geometry":{"type":"Polygon","coordinates":[[[11.4626,49.8836],[11.4311,49.8816],[11.4342,49.8769],[11.4465,49.8704],[11.4774,49.8662],[11.4866,49.8597],[11.4782,49.8768],[11.4626,49.8836]]]},"properties":{"AGS":"09472456","GEN":"Glashüttener Forst","SN_L":"09"}},
{"type":"Feature","geometry":{"type":"Polygon","coordinates":[[[11.5221,49.9577],[11.4936,49.977],[11.4617,49.9567],[11.4748,49.9437],[11.4966,49.9457],[11.4973,49.9563],[11.5221,49.9577]]]},"properties":{"AGS":"09472458","GEN":"Heinersreuther Forst","SN_L":"09"}},
{"type":"Feature","geometry":{"type":"Polygon","coordinates":[[[11.8738,50.0324],[11.8595,50.0449],[11.8488,50.0467],[11.8368,50.0385],[11.8371,50.0359],[11.8232,50.0259],[11.839,50.0271],[11.8589,50.0231],[11.8738,50.0324]]]},"properties":{"AGS":"09472463","GEN":"Neubauer Forst-Nord","SN_L":"09"}},
{"type":"Feature","geometry":{"type":"Polygon","coordinates":[[[11.4305,49.781],[11.4175,49.7764],[11.4477,49.7656],[11.4526,49.7698],[11.4305,49.781]]]},"properties":{"AGS":"09472464","GEN":"Prüll","SN_L":"09"}},
{"type":"Feature","geometry":{"type":"Polygon","coordinates":[[[11.5574,49.7151],[11.5503,49.7255],[11.489,49.7295],[11.469,49.7159],[11.4584,49.7096],[11.4475,49.6928],[11.4555,49.6816],[11.4836,49.6761],[11.5068,49.6757],[11.4992,49.6651],[11.485,49.6615],[11.4808,49.6449],[11.4901,49.641],[11.5135,49.6499],[11.5349,49.6434],[11.5507,49.6407],[11.5601,49.6466],[11.5643,49.6649],[11.5557,49.6774],[11.5634,49.6858],[11.5467,49.6902],[11.5568,49.6978],[11.5574,49.7151]]]},"properties":{"AGS":"09472468","GEN":"Veldensteiner Forst","SN_L":"09"}},
{"type":"Feature","geometry":{"type":"MultiPolygon","coordinates":[[[[11.3627,49.7196],[11.3778,49.7131],[11.3872,49.7175],[11.389,49.7282],[11.3608,49.7279],[11.3558,49.7237],[11.3586,49.7233],[11.3633,49.7214],[11.3627,49.7196]]],[[[11.4238,49.7191],[11.4036,49.7297],[11.3897,49.7174],[11.3919,49.7083],[11.4163,49.7129],[11.4238,49.7191]]]]},"properties":{"AGS":"09472469","GEN":"Waidacher Forst","SN_L":"09"}},
{"type":"Feature","geometry":{"type":"Polygon","coordinates":[[[11.8151,50.0256],[11.8089,50.0306],[11.7984,50.0318],[11.8151,50.0256]]]},"properties":{"AGS":"09472470","GEN":"Warmensteinacher Forst-Nord","SN_L":"09"}},
{"type":"Feature","geometry":{"type":"Polygon","coordinates":[[[10.9778,50.2217],[10.971,50.2371],[10.9602,50.244],[10.9093,50.2413],[10.9024,50.2267],[10.8895,50.2178],[10.8721,50.2192],[10.855,50.2102],[10.8628,50.206],[10.8812,50.212],[10.894,50.2059],[10.9142,50.2008],[10.9442,50.2128],[10.9445,50.2269],[10.9757,50.2176],[10.9778,50.2217]]]},"properties":{"AGS":"09473112","GEN":"Ahorn","SN_L":"09"}},
{"type":"Feature","geometry":{"type":"Polygon","coordinates":[[[10.9966,50.2761],[11.0162,50.281],[11.0092,50.2963],[10.9991,50.2997],[10.9894,50.2917],[10.9804,50.2815],[10.9966,50.2761]]]},"properties":{"AGS":"09473120","GEN":"Dörfles-Esbach","SN_L":"09"}},
{"type":"Feature","geometry":{"type":"Polygon","coordinates":[[[11.0932,50.2642],[11.0637,50.265],[11.0332,50.2567],[11.0293,50.2493],[11.0442,50.246],[11.049,50.2118],[11.0739,50.2101],[11.0895,50.2046],[11.1026,50.2104],[11.1181,50.2196],[11.0999,50.2282],[11.1071,50.2368],[11.0984,50.2617],[11.0932,50.2642]]]},"properties":{"AGS":"09473121","GEN":"Ebersdorf b.Coburg","SN_L":"09"}},
{"type":"Feature","geometry":{"type":"Polygon","coordinates":[[[10.894,50.2059],[10.8891,50.1981],[10.8699,50.1877],[10.8774,50.1765],[10.8877,50.1706],[10.9186,50.1672],[10.9233,50.1503],[10.9484,50.1545],[10.9566,50.1627],[10.9527,50.1711],[10.9801,50.175],[10.9618,50.1892],[10.9376,50.1847],[10.9201,50.1887],[10.9142,50.2008],[10.894,50.2059]]]},"properties":{"AGS":"09473132","GEN":"Großheirath","SN_L":"09"}},
{"type":"Feature","geometry":{"type":"Polygon","coordinates":[[[10.9233,50.1503],[10.9186,50.1672],[10.8877,50.1706],[10.8774,50.1765],[10.8518,50.1575],[10.8731,50.1479],[10.8683,50.1261],[10.8604,50.1159],[10.8601,50.0918],[10.8848,50.0931],[10.8906,50.1111],[10.9095,50.1129],[10.9172,50.1197],[10.9375,50.1127],[10.9477,50.1279],[10.9221,50.1413],[10.9233,50.1503]]]},"properties":{"AGS":"09473138","GEN":"Itzgrund","SN_L":"09"}},
{"type":"Feature","geometry":{"type":"Polygon","coordinates":[[[10.9858,50.3473],[10.963,50.3659],[10.9627,50.3719],[10.9457,50.3865],[10.9328,50.3924],[10.9101,50.3867],[10.9145,50.3738],[10.9261,50.3591],[10.9543,50.3363],[10.9481,50.3292],[10.9657,50.3212],[10.9601,50.2977],[10.967,50.2903],[10.9894,50.2917],[10.9991,50.2997],[11.0016,50.3233],[10.9873,50.3256],[10.9858,50.3473]]]},"properties":{"AGS":"09473141","GEN":"Lautertal","SN_L":"09"}},
{"type":"Feature","geometry":{"type":"Polygon","coordinates":[[[10.9101,50.3867],[10.8915,50.3806],[10.8727,50.3968],[10.8572,50.3878],[10.8402,50.3699],[10.8459,50.36],[10.8608,50.3606],[10.856,50.3444],[10.834,50.3425],[10.8263,50.326],[10.8546,50.3196],[10.8468,50.3021],[10.8591,50.2893],[10.8578,50.2866],[10.8725,50.2912],[10.8874,50.2823],[10.9059,50.2861],[10.9203,50.2947],[10.9601,50.2977],[10.9657,50.3212],[10.9481,50.3292],[10.9543,50.3363],[10.9261,50.3591],[10.9145,50.3738],[10.9101,50.3867]]]},"properties":{"AGS":"09473144","GEN":"Meeder","SN_L":"09"}},
{"type":"Feature","geometry":{"type":"Polygon","coordinates":[[[11.1153,50.367],[11.0897,50.3659],[11.0806,50.3522],[11.0456,50.346],[11.042,50.3245],[11.0739,50.3172],[11.0796,50.3049],[11.0773,50.2931],[11.0989,50.2856],[11.0932,50.2642],[11.0984,50.2617],[11.1246,50.261],[11.1304,50.2534],[11.1629,50.2588],[11.1755,50.2698],[11.1773,50.2811],[11.1655,50.2823],[11.1332,50.3002],[11.1348,50.3141],[11.1585,50.3247],[11.1592,50.3304],[11.1319,50.3551],[11.1153,50.367]]]},"properties":{"AGS":"09473151","GEN":"Neustadt b.Coburg","SN_L":"09"}},
{"type":"Feature","geometry":{"type":"Polygon","coordinates":[[[10.8572,50.3878],[10.8304,50.3926],[10.8043,50.3791],[10.7854,50.3852],[10.7738,50.372],[10.7494,50.358],[10.7387,50.3629],[10.7153,50.3636],[10.7281,50.3381],[10.7147,50.3265],[10.7154,50.3212],[10.7418,50.3159],[10.7707,50.2927],[10.7942,50.2954],[10.8039,50.2798],[10.8175,50.2776],[10.8445,50.2759],[10.8455,50.2777],[10.8291,50.2801],[10.8352,50.2901],[10.8509,50.2951],[10.8591,50.2893],[10.8468,50.3021],[10.8546,50.3196],[10.8263,50.326],[10.834,50.3425],[10.856,50.3444],[10.8608,50.3606],[10.8459,50.36],[10.8402,50.3699],[10.8572,50.3878]]]},"properties":{"AGS":"09473158","GEN":"Bad Rodach","SN_L":"09"}},
{"type":"Feature","geometry":{"type":"Polygon","coordinates":[[[11.0358,50.3602],[10.9935,50.3655],[10.993,50.349],[10.9858,50.3473],[10.9873,50.3256],[11.0016,50.3233],[10.9991,50.2997],[11.0092,50.2963],[11.0162,50.281],[10.9966,50.2761],[11.0126,50.2666],[11.0435,50.2751],[11.0637,50.265],[11.0932,50.2642],[11.0989,50.2856],[11.0773,50.2931],[11.0796,50.3049],[11.0739,50.3172],[11.042,50.3245],[11.0456,50.346],[11.0358,50.3602]]]},"properties":{"AGS":"09473159","GEN":"Rödental","SN_L":"09"}},
{"type":"Feature","geometry":{"type":"Polygon","coordinates":[[[10.7818,50.2513],[10.7696,50.2408],[10.7265,50.2476],[10.7294,50.2303],[10.7616,50.2229],[10.7537,50.2132],[10.7802,50.1944],[10.7814,50.1765],[10.7729,50.1658],[10.7758,50.1557],[10.7763,50.1499],[10.8044,50.141],[10.8026,50.1468],[10.8396,50.1464],[10.8518,50.1575],[10.8774,50.1765],[10.8699,50.1877],[10.8891,50.1981],[10.894,50.2059],[10.8812,50.212],[10.8628,50.206],[10.855,50.2102],[10.8417,50.2164],[10.8252,50.2376],[10.8073,50.2402],[10.8006,50.2514],[10.7818,50.2513]]]},"properties":{"AGS":"09473165","GEN":"Seßlach","SN_L":"09"}},
{"type":"Feature","geometry":{"type":"Polygon","coordinates":[[[11.1912,50.2282],[11.1885,50.2442],[11.2018,50.2562],[11.1899,50.2712],[11.1755,50.2698],[11.1629,50.2588],[11.1304,50.2534],[11.1246,50.261],[11.0984,50.2617],[11.1071,50.2368],[11.0999,50.2282],[11.1181,50.2196],[11.1026,50.2104],[11.1168,50.2076],[11.149,50.2075],[11.1582,50.2046],[11.1819,50.2135],[11.1799,50.2247],[11.1912,50.2282]]]},"properties":{"AGS":"09473166","GEN":"Sonnefeld","SN_L":"09"}},
{"type":"Feature","geometry":{"type":"Polygon","coordinates":[[[10.9757,50.2176],[10.9445,50.2269],[10.9442,50.2128],[10.9142,50.2008],[10.9201,50.1887],[10.9376,50.1847],[10.9618,50.1892],[10.9801,50.175],[10.9806,50.1731],[11.0078,50.1774],[11.0002,50.1849],[11.0092,50.1939],[10.9878,50.2049],[10.9854,50.2117],[10.9757,50.2176]]]},"properties":{"AGS":"09473170","GEN":"Untersiemau","SN_L":"09"}},
{"type":"Feature","geometry":{"type":"Polygon","coordinates":[[[11.1819,50.2135],[11.1582,50.2046],[11.149,50.2075],[11.1168,50.2076],[11.1026,50.2104],[11.1102,50.1941],[11.1369,50.1927],[11.153,50.1982],[11.1704,50.1865],[11.1797,50.1851],[11.1983,50.2015],[11.1982,50.2021],[11.1856,50.1997],[11.1685,50.2064],[11.1819,50.2135]]]},"properties":{"AGS":"09473174","GEN":"Weidhausen b.Coburg","SN_L":"09"}},
{"type":"Feature","geometry":{"type":"Polygon","coordinates":[[[10.8874,50.2823],[10.8725,50.2912],[10.8578,50.2866],[10.8543,50.2845],[10.8464,50.2751],[10.852,50.2516],[10.8477,50.245],[10.8252,50.2376],[10.8417,50.2164],[10.855,50.2102],[10.8721,50.2192],[10.8895,50.2178],[10.9024,50.2267],[10.9093,50.2413],[10.892,50.2506],[10.9146,50.2538],[10.9209,50.2598],[10.8974,50.2789],[10.8874,50.2823]]]},"properties":{"AGS":"09473175","GEN":"Weitramsdorf","SN_L":"09"}},
{"type":"Feature","geometry":{"type":"Polygon","coordinates":[[[11.0293,50.2493],[11.01,50.2472],[10.9943,50.2395],[10.9985,50.2328],[11.0031,50.2152],[11.0341,50.2186],[11.049,50.2118],[11.0442,50.246],[11.0293,50.2493]]]},"properties":{"AGS":"09473134","GEN":"Grub a.Forst","SN_L":"09"}},
{"type":"Feature","geometry":{"type":"Polygon","coordinates":[[[10.9854,50.2117],[11.0031,50.2152],[10.9985,50.2328],[10.9778,50.2217],[10.9757,50.2176],[10.9854,50.2117]]]},"properties":{"AGS":"09473153","GEN":"Niederfüllbach","SN_L":"09"}},
{"type":"Feature","geometry":{"type":"Polygon","coordinates":[[[10.8591,50.2893],[10.8509,50.2951],[10.8352,50.2901],[10.8291,50.2801],[10.8455,50.2777],[10.8543,50.2845],[10.8578,50.2866],[10.8591,50.2893]]]},"properties":{"AGS":"09473452","GEN":"Callenberger Forst-West","SN_L":"09"}},
{"type":"Feature","geometry":{"type":"Polygon","coordinates":[[[10.8543,50.2845],[10.8455,50.2777],[10.8445,50.2759],[10.8464,50.2751],[10.8543,50.2845]]]},"properties":{"AGS":"09473454","GEN":"Köllnholz","SN_L":"09"}},
{"type":"Feature","geometry":{"type":"Polygon","coordinates":[[[11.1597,49.8167],[11.1381,49.8296],[11.1378,49.84],[11.1161,49.8401],[11.1044,49.8356],[11.1002,49.8059],[11.0813,49.7941],[11.0492,49.795],[11.0094,49.7821],[11.0322,49.7668],[11.0415,49.7493],[11.0769,49.7418],[11.1048,49.7488],[11.1207,49.7666],[11.1157,49.7747],[11.1263,49.7938],[11.1368,49.7963],[11.1355,49.8108],[11.1436,49.8189],[11.1597,49.8167]]]},"properties":{"AGS":"09474123","GEN":"Eggolsheim","SN_L":"09"}},
{"type":"Feature","geometry":{"type":"Polygon","coordinates":[[[11.3133,49.7256],[11.3101,49.735],[11.296,49.7399],[11.2582,49.7292],[11.2385,49.7347],[11.2496,49.7241],[11.2397,49.7199],[11.2225,49.7261],[11.2061,49.7141],[11.2114,49.6978],[11.2342,49.7005],[11.2768,49.6871],[11.2885,49.6899],[11.3028,49.7072],[11.303,49.716],[11.3133,49.7256]]]},"properties":{"AGS":"09474124","GEN":"Egloffstein","SN_L":"09"}},
{"type":"Feature","geometry":{"type":"Polygon","coordinates":[[[11.0415,49.7493],[11.0207,49.746],[11.0055,49.7388],[11.0059,49.7247],[11.021,49.7126],[11.0243,49.6975],[11.0526,49.7033],[11.0475,49.6904],[11.0512,49.6826],[11.0554,49.68],[11.0875,49.674],[11.0795,49.6947],[11.0937,49.7069],[11.1183,49.7155],[11.1247,49.7246],[11.1264,49.7288],[11.1244,49.7375],[11.1048,49.7488],[11.0769,49.7418],[11.0415,49.7493]]]},"properties":{"AGS":"09474126","GEN":"Forchheim","SN_L":"09"}},
{"type":"Feature","geometry":{"type":"Polygon","coordinates":[[[11.3426,49.8128],[11.3112,49.8],[11.2994,49.7916],[11.2928,49.7787],[11.2961,49.7714],[11.2864,49.762],[11.2624,49.7601],[11.2442,49.7531],[11.2447,49.7473],[11.2385,49.7347],[11.2582,49.7292],[11.296,49.7399],[11.3101,49.735],[11.3133,49.7256],[11.3184,49.72],[11.3396,49.7193],[11.3558,49.7237],[11.3608,49.7279],[11.3632,49.7392],[11.384,49.7556],[11.3765,49.7773],[11.3546,49.7836],[11.3538,49.7907],[11.3669,49.8034],[11.3426,49.8128]]]},"properties":{"AGS":"09474129","GEN":"Gößweinstein","SN_L":"09"}},
{"type":"Feature","geometry":{"type":"Polygon","coordinates":[[[11.0094,49.7821],[10.9824,49.7856],[10.9766,49.7744],[10.9662,49.7708],[10.9346,49.7791],[10.9273,49.7684],[10.934,49.755],[10.9199,49.743],[10.9313,49.7264],[10.9628,49.7167],[10.9734,49.7225],[11.0059,49.7247],[11.0055,49.7388],[11.0207,49.746],[11.0415,49.7493],[11.0322,49.7668],[11.0094,49.7821]]]},"properties":{"AGS":"09474133","GEN":"Hallerndorf","SN_L":"09"}},
{"type":"Feature","geometry":{"type":"Polygon","coordinates":[[[11.0059,49.7247],[10.9734,49.7225],[10.9837,49.7117],[11.0018,49.706],[11.0169,49.692],[11.0148,49.6837],[11.0035,49.674],[11.0328,49.6717],[11.0512,49.6826],[11.0475,49.6904],[11.0526,49.7033],[11.0243,49.6975],[11.021,49.7126],[11.0059,49.7247]]]},"properties":{"AGS":"09474134","GEN":"Hausen","SN_L":"09"}},
{"type":"Feature","geometry":{"type":"Polygon","coordinates":[[[11.0148,49.6837],[11.0169,49.692],[11.0018,49.706],[10.9837,49.7117],[10.9734,49.7225],[10.9628,49.7167],[10.9405,49.7166],[10.9307,49.7111],[10.9324,49.7013],[10.9613,49.6913],[10.9723,49.6817],[11.0148,49.6837]]]},"properties":{"AGS":"09474135","GEN":"Heroldsbach","SN_L":"09"}},
{"type":"Feature","geometry":{"type":"MultiPolygon","coordinates":[[[[11.2,49.654],[11.1695,49.6618],[11.1506,49.6573],[11.1561,49.6463],[11.1711,49.6459],[11.2,49.654]]],[[[11.2359,49.6375],[11.225,49.6426],[11.2083,49.6418],[11.1811,49.6253],[11.1807,49.6137],[11.188,49.5904],[11.2079,49.5945],[11.2079,49.6016],[11.2262,49.6082],[11.2313,49.5976],[11.2563,49.5967],[11.2601,49.6052],[11.2803,49.6043],[11.2876,49.6186],[11.2584,49.62],[11.2359,49.6375]]]]},"properties":{"AGS":"09474140","GEN":"Igensdorf","SN_L":"09"}},
{"type":"Feature","geometry":{"type":"Polygon","coordinates":[[[11.0732,49.6529],[11.0606,49.6559],[11.0492,49.6523],[11.049,49.6418],[11.032,49.6381],[11.0326,49.6259],[11.0598,49.6378],[11.0801,49.6266],[11.0947,49.6384],[11.0932,49.6458],[11.0732,49.6529]]]},"properties":{"AGS":"09474146","GEN":"Langensendelbach","SN_L":"09"}},
{"type":"Feature","geometry":{"type":"Polygon","coordinates":[[[11.2083,49.6418],[11.2,49.654],[11.1711,49.6459],[11.1561,49.6463],[11.159,49.6323],[11.1341,49.6254],[11.1084,49.6304],[11.0947,49.6384],[11.0801,49.6266],[11.0778,49.6136],[11.0878,49.6018],[11.1015,49.6004],[11.14,49.6027],[11.1641,49.6139],[11.1807,49.6137],[11.1811,49.6253],[11.2083,49.6418]]]},"properties":{"AGS":"09474154","GEN":"Neunkirchen a.Brand","SN_L":"09"}},
{"type":"Feature","geometry":{"type":"Polygon","coordinates":[[[11.3558,49.7237],[11.3396,49.7193],[11.3184,49.72],[11.3133,49.7256],[11.303,49.716],[11.3028,49.7072],[11.2885,49.6899],[11.2768,49.6871],[11.2835,49.681],[11.2989,49.6791],[11.3237,49.6896],[11.3533,49.6789],[11.3765,49.6891],[11.3828,49.7003],[11.3571,49.7052],[11.3627,49.7196],[11.3633,49.7214],[11.3586,49.7233],[11.3558,49.7237]]]},"properties":{"AGS":"09474156","GEN":"Obertrubach","SN_L":"09"}},
{"type":"Feature","geometry":{"type":"Polygon","coordinates":[[[11.2447,49.7473],[11.2348,49.7549],[11.2157,49.7543],[11.2071,49.7652],[11.1711,49.7695],[11.16,49.7578],[11.153,49.7485],[11.1816,49.7358],[11.181,49.7257],[11.1813,49.7179],[11.2061,49.7141],[11.2225,49.7261],[11.2397,49.7199],[11.2496,49.7241],[11.2385,49.7347],[11.2447,49.7473]]]},"properties":{"AGS":"09474161","GEN":"Pretzfeld","SN_L":"09"}},
{"type":"Feature","geometry":{"type":"Polygon","coordinates":[[[11.2612,49.8731],[11.2381,49.8705],[11.2276,49.8622],[11.2345,49.8526],[11.2236,49.835],[11.2032,49.8387],[11.1996,49.8327],[11.2029,49.8167],[11.2128,49.8042],[11.2072,49.796],[11.2149,49.7841],[11.2333,49.7839],[11.2402,49.7778],[11.2565,49.7842],[11.2796,49.7848],[11.2928,49.7787],[11.2994,49.7916],[11.3112,49.8],[11.2973,49.8048],[11.2634,49.8447],[11.2704,49.8605],[11.2612,49.8731]]]},"properties":{"AGS":"09474176","GEN":"Wiesenttal","SN_L":"09"}},
{"type":"Feature","geometry":{"type":"Polygon","coordinates":[[[11.1597,49.8167],[11.1436,49.8189],[11.1355,49.8108],[11.1368,49.7963],[11.1263,49.7938],[11.1157,49.7747],[11.1207,49.7666],[11.1359,49.7606],[11.16,49.7578],[11.1711,49.7695],[11.2071,49.7652],[11.2157,49.7543],[11.2348,49.7549],[11.2447,49.7473],[11.2442,49.7531],[11.2624,49.7601],[11.2864,49.762],[11.2961,49.7714],[11.2928,49.7787],[11.2796,49.7848],[11.2565,49.7842],[11.2402,49.7778],[11.2333,49.7839],[11.2149,49.7841],[11.2072,49.796],[11.2128,49.8042],[11.2029,49.8167],[11.1838,49.8121],[11.1597,49.8167]]]},"properties":{"AGS":"09474121","GEN":"Ebermannstadt","SN_L":"09"}},
{"type":"Feature","geometry":{"type":"Polygon","coordinates":[[[11.1996,49.8327],[11.1942,49.838],[11.1751,49.8323],[11.1592,49.8436],[11.1378,49.84],[11.1381,49.8296],[11.1597,49.8167],[11.1838,49.8121],[11.2029,49.8167],[11.1996,49.8327]]]},"properties":{"AGS":"09474168","GEN":"Unterleinleiter","SN_L":"09"}},
{"type":"Feature","geometry":{"type":"Polygon","coordinates":[[[11.1975,49.6727],[11.1738,49.6838],[11.147,49.6899],[11.1342,49.6812],[11.1392,49.6581],[11.1506,49.6573],[11.1695,49.6618],[11.1975,49.6727]]]},"properties":{"AGS":"09474145","GEN":"Kunreuth","SN_L":"09"}},
{"type":"Feature","geometry":{"type":"Polygon","coordinates":[[[11.1452,49.6947],[11.1309,49.6998],[11.1183,49.7155],[11.0937,49.7069],[11.0795,49.6947],[11.0875,49.674],[11.0882,49.6737],[11.1044,49.6716],[11.1141,49.6819],[11.1342,49.6812],[11.147,49.6899],[11.1452,49.6947]]]},"properties":{"AGS":"09474158","GEN":"Pinzberg","SN_L":"09"}},
{"type":"Feature","geometry":{"type":"Polygon","coordinates":[[[11.1247,49.7246],[11.1183,49.7155],[11.1309,49.6998],[11.1452,49.6947],[11.1569,49.6995],[11.1616,49.7108],[11.1565,49.7183],[11.1247,49.7246]]]},"properties":{"AGS":"09474175","GEN":"Wiesenthau","SN_L":"09"}},
{"type":"Feature","geometry":{"type":"Polygon","coordinates":[[[11.181,49.7257],[11.1816,49.7358],[11.153,49.7485],[11.1264,49.7288],[11.1247,49.7246],[11.1565,49.7183],[11.181,49.7257]]]},"properties":{"AGS":"09474143","GEN":"Kirchehrenbach","SN_L":"09"}},
{"type":"Feature","geometry":{"type":"Polygon","coordinates":[[[11.2061,49.7141],[11.1813,49.7179],[11.181,49.7257],[11.1565,49.7183],[11.1616,49.7108],[11.1569,49.6995],[11.1452,49.6947],[11.147,49.6899],[11.1738,49.6838],[11.1975,49.6727],[11.2233,49.6716],[11.2212,49.6841],[11.2114,49.6978],[11.2061,49.7141]]]},"properties":{"AGS":"09474147","GEN":"Leutenbach","SN_L":"09"}},
{"type":"Feature","geometry":{"type":"Polygon","coordinates":[[[11.16,49.7578],[11.1359,49.7606],[11.1207,49.7666],[11.1048,49.7488],[11.1244,49.7375],[11.1264,49.7288],[11.153,49.7485],[11.16,49.7578]]]},"properties":{"AGS":"09474171","GEN":"Weilersbach","SN_L":"09"}},
{"type":"Feature","geometry":{"type":"Polygon","coordinates":[[[11.1342,49.6812],[11.1141,49.6819],[11.1044,49.6716],[11.0882,49.6737],[11.0732,49.6529],[11.0932,49.6458],[11.1191,49.6488],[11.1211,49.6576],[11.1392,49.6581],[11.1342,49.6812]]]},"properties":{"AGS":"09474122","GEN":"Effeltrich","SN_L":"09"}},
{"type":"Feature","geometry":{"type":"Polygon","coordinates":[[[11.0875,49.674],[11.0554,49.68],[11.0461,49.6681],[11.0606,49.6559],[11.0732,49.6529],[11.0882,49.6737],[11.0875,49.674]]]},"properties":{"AGS":"09474160","GEN":"Poxdorf","SN_L":"09"}},
{"type":"Feature","geometry":{"type":"Polygon","coordinates":[[[11.14,49.6027],[11.1015,49.6004],[11.1179,49.5892],[11.1363,49.5894],[11.14,49.6027]]]},"properties":{"AGS":"09474119","GEN":"Dormitz","SN_L":"09"}},
{"type":"Feature","geometry":{"type":"Polygon","coordinates":[[[11.1392,49.6581],[11.1211,49.6576],[11.1191,49.6488],[11.0932,49.6458],[11.0947,49.6384],[11.1084,49.6304],[11.1341,49.6254],[11.159,49.6323],[11.1561,49.6463],[11.1506,49.6573],[11.1392,49.6581]]]},"properties":{"AGS":"09474137","GEN":"Hetzles","SN_L":"09"}},
{"type":"Feature","geometry":{"type":"Polygon","coordinates":[[[11.1807,49.6137],[11.1641,49.6139],[11.14,49.6027],[11.1363,49.5894],[11.1463,49.5888],[11.188,49.5904],[11.1807,49.6137]]]},"properties":{"AGS":"09474144","GEN":"Kleinsendelbach","SN_L":"09"}},
{"type":"Feature","geometry":{"type":"Polygon","coordinates":[[[11.2768,49.6871],[11.2342,49.7005],[11.2114,49.6978],[11.2212,49.6841],[11.2233,49.6716],[11.1975,49.6727],[11.1695,49.6618],[11.2,49.654],[11.2083,49.6418],[11.225,49.6426],[11.2359,49.6375],[11.2803,49.6266],[11.2973,49.6274],[11.3082,49.6332],[11.2741,49.6542],[11.2726,49.669],[11.2835,49.681],[11.2768,49.6871]]]},"properties":{"AGS":"09474132","GEN":"Gräfenberg","SN_L":"09"}},
{"type":"Feature","geometry":{"type":"Polygon","coordinates":[[[11.3533,49.6789],[11.3237,49.6896],[11.2989,49.6791],[11.2835,49.681],[11.2726,49.669],[11.2741,49.6542],[11.3082,49.6332],[11.3324,49.637],[11.3335,49.6474],[11.3529,49.6649],[11.3687,49.6667],[11.3533,49.6789]]]},"properties":{"AGS":"09474138","GEN":"Hiltpoltstein","SN_L":"09"}},
{"type":"Feature","geometry":{"type":"Polygon","coordinates":[[[11.2973,49.6274],[11.2803,49.6266],[11.2359,49.6375],[11.2584,49.62],[11.2876,49.6186],[11.2927,49.6161],[11.2973,49.6274]]]},"properties":{"AGS":"09474173","GEN":"Weißenohe","SN_L":"09"}},
{"type":"Feature","geometry":{"type":"Polygon","coordinates":[[[11.6379,50.3898],[11.6187,50.3884],[11.6033,50.3988],[11.6104,50.3888],[11.6004,50.3847],[11.6048,50.378],[11.5994,50.3553],[11.6187,50.3435],[11.6176,50.3331],[11.603,50.3296],[11.6177,50.3107],[11.6188,50.3103],[11.6258,50.3133],[11.6611,50.3222],[11.669,50.3375],[11.6721,50.3586],[11.6575,50.3634],[11.6487,50.3851],[11.6379,50.3898]]]},"properties":{"AGS":"09475112","GEN":"Bad Steben","SN_L":"09"}},
{"type":"Feature","geometry":{"type":"Polygon","coordinates":[[[11.8197,50.3958],[11.7953,50.4182],[11.779,50.4185],[11.7705,50.4117],[11.7522,50.4154],[11.7358,50.4063],[11.7395,50.3773],[11.7451,50.3696],[11.7338,50.359],[11.7366,50.3522],[11.7402,50.3503],[11.7619,50.3536],[11.7921,50.3382],[11.7941,50.3492],[11.8185,50.3568],[11.8246,50.3751],[11.8053,50.3794],[11.8094,50.3906],[11.8197,50.3958]]]},"properties":{"AGS":"09475113","GEN":"Berg","SN_L":"09"}},
{"type":"Feature","geometry":{"type":"Polygon","coordinates":[[[11.9767,50.298],[11.9577,50.3093],[11.9383,50.3021],[11.931,50.2824],[11.9529,50.2706],[11.9694,50.2659],[11.9917,50.2656],[12.0013,50.2795],[11.9881,50.2941],[11.9767,50.298]]]},"properties":{"AGS":"09475120","GEN":"Döhlau","SN_L":"09"}},
{"type":"Feature","geometry":{"type":"Polygon","coordinates":[[[11.6004,50.3847],[11.5806,50.3856],[11.566,50.378],[11.5805,50.3719],[11.5793,50.3644],[11.5532,50.356],[11.5357,50.3596],[11.5347,50.3584],[11.5411,50.3555],[11.5565,50.3543],[11.5826,50.3389],[11.5788,50.3286],[11.5922,50.3217],[11.603,50.3296],[11.6176,50.3331],[11.6187,50.3435],[11.5994,50.3553],[11.6048,50.378],[11.6004,50.3847]]]},"properties":{"AGS":"09475128","GEN":"Geroldsgrün","SN_L":"09"}},
{"type":"Feature","geometry":{"type":"Polygon","coordinates":[[[11.7845,50.2707],[11.783,50.2607],[11.7695,50.2521],[11.7433,50.2599],[11.7404,50.249],[11.7217,50.2522],[11.7077,50.271],[11.6874,50.2768],[11.672,50.2712],[11.666,50.2592],[11.6349,50.2562],[11.6241,50.2637],[11.6091,50.261],[11.6116,50.2338],[11.601,50.2234],[11.6277,50.2291],[11.6548,50.2301],[11.6544,50.2039],[11.6733,50.2014],[11.7024,50.206],[11.7303,50.2155],[11.7466,50.2176],[11.7483,50.236],[11.782,50.24],[11.792,50.2484],[11.8026,50.2721],[11.7845,50.2707]]]},"properties":{"AGS":"09475136","GEN":"Helmbrechts","SN_L":"09"}},
{"type":"Feature","geometry":{"type":"Polygon","coordinates":[[[11.8349,50.3934],[11.8197,50.3958],[11.8094,50.3906],[11.8053,50.3794],[11.8246,50.3751],[11.8185,50.3568],[11.7941,50.3492],[11.7921,50.3382],[11.7929,50.3274],[11.8018,50.3176],[11.8089,50.3149],[11.8336,50.3196],[11.8419,50.3157],[11.8804,50.3272],[11.8723,50.3507],[11.8598,50.3576],[11.8513,50.3711],[11.8348,50.3794],[11.8349,50.3934]]]},"properties":{"AGS":"09475141","GEN":"Köditz","SN_L":"09"}},
{"type":"Feature","geometry":{"type":"Polygon","coordinates":[[[11.8893,50.2688],[11.8634,50.2855],[11.8397,50.2873],[11.8268,50.2984],[11.809,50.2875],[11.8026,50.2721],[11.792,50.2484],[11.782,50.24],[11.8061,50.2327],[11.8098,50.226],[11.8271,50.2274],[11.8469,50.2131],[11.862,50.2237],[11.8638,50.2353],[11.8884,50.2395],[11.8957,50.2459],[11.8893,50.2688]]]},"properties":{"AGS":"09475142","GEN":"Konradsreuth","SN_L":"09"}},
{"type":"Feature","geometry":{"type":"Polygon","coordinates":[[[11.782,50.24],[11.7483,50.236],[11.7466,50.2176],[11.7303,50.2155],[11.7024,50.206],[11.6733,50.2014],[11.6799,50.1797],[11.6937,50.1808],[11.7197,50.1669],[11.7599,50.1594],[11.7584,50.1483],[11.7845,50.1527],[11.7907,50.1661],[11.8066,50.1674],[11.8226,50.1716],[11.8266,50.1813],[11.8162,50.1964],[11.8469,50.2131],[11.8271,50.2274],[11.8098,50.226],[11.8061,50.2327],[11.782,50.24]]]},"properties":{"AGS":"09475154","GEN":"Münchberg","SN_L":"09"}},
{"type":"Feature","geometry":{"type":"Polygon","coordinates":[[[11.6907,50.3723],[11.6721,50.3586],[11.669,50.3375],[11.6611,50.3222],[11.6258,50.3133],[11.6367,50.3045],[11.6332,50.2976],[11.6475,50.2917],[11.6432,50.2883],[11.6545,50.2868],[11.6675,50.296],[11.678,50.2859],[11.7086,50.2952],[11.7319,50.3297],[11.7255,50.3361],[11.7402,50.3503],[11.7366,50.3522],[11.7235,50.3458],[11.7037,50.3501],[11.7082,50.3587],[11.6907,50.3723]]]},"properties":{"AGS":"09475156","GEN":"Naila","SN_L":"09"}},
{"type":"Feature","geometry":{"type":"Polygon","coordinates":[[[11.9694,50.2659],[11.9529,50.2706],[11.931,50.2824],[11.9094,50.2704],[11.8893,50.2688],[11.8957,50.2459],[11.8884,50.2395],[11.9133,50.2454],[11.9284,50.2325],[11.95,50.2405],[11.971,50.2417],[11.9786,50.2503],[11.9624,50.2557],[11.9694,50.2659]]]},"properties":{"AGS":"09475158","GEN":"Oberkotzau","SN_L":"09"}},
{"type":"Feature","geometry":{"type":"Polygon","coordinates":[[[12.0924,50.3289],[12.0799,50.3268],[12.0642,50.333],[12.0333,50.3297],[12.0321,50.3245],[11.997,50.3022],[11.9767,50.298],[11.9881,50.2941],[12.0013,50.2795],[12.0248,50.2712],[12.0361,50.262],[12.0534,50.2834],[12.0801,50.2868],[12.093,50.2981],[12.1196,50.2989],[12.126,50.3072],[12.1009,50.318],[12.0924,50.3289]]]},"properties":{"AGS":"09475161","GEN":"Regnitzlosau","SN_L":"09"}},
{"type":"Feature","geometry":{"type":"Polygon","coordinates":[[[12.1196,50.2989],[12.093,50.2981],[12.0801,50.2868],[12.0534,50.2834],[12.0361,50.262],[12.0248,50.2712],[12.0013,50.2795],[11.9917,50.2656],[11.9694,50.2659],[11.9624,50.2557],[11.9786,50.2503],[11.971,50.2417],[11.9883,50.2388],[11.9919,50.2291],[12.0063,50.2252],[12.0093,50.2145],[12.0008,50.2084],[12.0203,50.1902],[12.0262,50.1911],[12.0472,50.1976],[12.054,50.2118],[12.0768,50.2206],[12.131,50.2122],[12.1607,50.2198],[12.1585,50.2265],[12.1089,50.2379],[12.0991,50.2624],[12.1384,50.2753],[12.1359,50.2835],[12.1196,50.2989]]]},"properties":{"AGS":"09475162","GEN":"Rehau","SN_L":"09"}},
{"type":"Feature","geometry":{"type":"Polygon","coordinates":[[[11.971,50.2417],[11.95,50.2405],[11.9284,50.2325],[11.9133,50.2454],[11.8884,50.2395],[11.8638,50.2353],[11.862,50.2237],[11.8469,50.2131],[11.8584,50.1985],[11.8675,50.203],[11.8836,50.1991],[11.8931,50.1881],[11.8867,50.1772],[11.8941,50.1663],[11.9119,50.1612],[11.9427,50.1804],[11.9344,50.1967],[11.9512,50.2013],[11.9837,50.1892],[11.991,50.1738],[11.9993,50.1705],[12.0219,50.18],[12.0203,50.1902],[12.0008,50.2084],[12.0093,50.2145],[12.0063,50.2252],[11.9919,50.2291],[11.9883,50.2388],[11.971,50.2417]]]},"properties":{"AGS":"09475168","GEN":"Schwarzenbach a.d.Saale","SN_L":"09"}},
{"type":"Feature","geometry":{"type":"Polygon","coordinates":[[[11.6332,50.2976],[11.6227,50.2966],[11.6188,50.3103],[11.6177,50.3107],[11.597,50.3002],[11.5606,50.2919],[11.5534,50.2811],[11.5363,50.2756],[11.5408,50.2655],[11.5826,50.2549],[11.6053,50.2681],[11.6241,50.2637],[11.6349,50.2562],[11.666,50.2592],[11.672,50.2712],[11.6874,50.2768],[11.678,50.2859],[11.6675,50.296],[11.6545,50.2868],[11.6432,50.2883],[11.6475,50.2917],[11.6332,50.2976]]]},"properties":{"AGS":"09475169","GEN":"Schwarzenbach a.Wald","SN_L":"09"}},
{"type":"Feature","geometry":{"type":"Polygon","coordinates":[[[11.7921,50.3382],[11.7619,50.3536],[11.7402,50.3503],[11.7255,50.3361],[11.7319,50.3297],[11.7086,50.2952],[11.7545,50.2932],[11.7629,50.2984],[11.7838,50.298],[11.778,50.3082],[11.8018,50.3176],[11.7929,50.3274],[11.7921,50.3382]]]},"properties":{"AGS":"09475171","GEN":"Selbitz","SN_L":"09"}},
{"type":"Feature","geometry":{"type":"Polygon","coordinates":[[[11.7584,50.1483],[11.7599,50.1594],[11.7197,50.1669],[11.6937,50.1808],[11.6799,50.1797],[11.6597,50.1764],[11.6519,50.1629],[11.6725,50.1599],[11.6837,50.152],[11.6734,50.1458],[11.6477,50.1388],[11.6459,50.1216],[11.6561,50.1153],[11.6673,50.1247],[11.6781,50.1246],[11.7066,50.1233],[11.7174,50.1197],[11.7416,50.1209],[11.7461,50.1384],[11.7584,50.1483]]]},"properties":{"AGS":"09475175","GEN":"Stammbach","SN_L":"09"}},
{"type":"Feature","geometry":{"type":"Polygon","coordinates":[[[11.8655,50.1302],[11.8372,50.1357],[11.8297,50.1504],[11.8145,50.1566],[11.8066,50.1674],[11.7907,50.1661],[11.7845,50.1527],[11.7584,50.1483],[11.7461,50.1384],[11.7416,50.1209],[11.7449,50.117],[11.7753,50.1268],[11.7891,50.1032],[11.8248,50.109],[11.8522,50.1261],[11.8655,50.1302]]]},"properties":{"AGS":"09475189","GEN":"Zell im Fichtelgebirge","SN_L":"09"}},
{"type":"Feature","geometry":{"type":"Polygon","coordinates":[[[11.7366,50.3522],[11.7338,50.359],[11.7451,50.3696],[11.7395,50.3773],[11.7358,50.4063],[11.7271,50.4004],[11.7083,50.4039],[11.6943,50.3958],[11.6896,50.3893],[11.6907,50.3723],[11.7082,50.3587],[11.7037,50.3501],[11.7235,50.3458],[11.7366,50.3522]]]},"properties":{"AGS":"09475137","GEN":"Issigau","SN_L":"09"}},
{"type":"Feature","geometry":{"type":"Polygon","coordinates":[[[11.6907,50.3723],[11.6896,50.3893],[11.6943,50.3958],[11.6379,50.3898],[11.6487,50.3851],[11.6575,50.3634],[11.6721,50.3586],[11.6907,50.3723]]]},"properties":{"AGS":"09475146","GEN":"Lichtenberg","SN_L":"09"}},
{"type":"Feature","geometry":{"type":"Polygon","coordinates":[[[11.9515,50.3944],[11.9536,50.4055],[11.9347,50.4237],[11.9199,50.4244],[11.9018,50.4164],[11.9177,50.4003],[11.9057,50.3898],[11.9063,50.3813],[11.8925,50.3774],[11.8598,50.3576],[11.8723,50.3507],[11.8993,50.3487],[11.9188,50.3525],[11.9253,50.3402],[11.9428,50.3448],[11.9399,50.3516],[11.9515,50.3944]]]},"properties":{"AGS":"09475123","GEN":"Feilitzsch","SN_L":"09"}},
{"type":"Feature","geometry":{"type":"Polygon","coordinates":[[[12.0333,50.3297],[12.0276,50.3409],[11.9984,50.3465],[11.997,50.354],[11.976,50.3523],[11.9602,50.3537],[11.9508,50.3449],[11.9688,50.3288],[11.9719,50.3158],[11.9577,50.3093],[11.9767,50.298],[11.997,50.3022],[12.0321,50.3245],[12.0333,50.3297]]]},"properties":{"AGS":"09475127","GEN":"Gattendorf","SN_L":"09"}},
{"type":"Feature","geometry":{"type":"Polygon","coordinates":[[[11.8598,50.3576],[11.8925,50.3774],[11.9063,50.3813],[11.9057,50.3898],[11.9177,50.4003],[11.9018,50.4164],[11.8854,50.4159],[11.8625,50.4],[11.8505,50.4012],[11.8349,50.3934],[11.8348,50.3794],[11.8513,50.3711],[11.8598,50.3576]]]},"properties":{"AGS":"09475181","GEN":"Töpen","SN_L":"09"}},
{"type":"Feature","geometry":{"type":"Polygon","coordinates":[[[11.9813,50.3848],[11.9646,50.3999],[11.9515,50.3944],[11.9399,50.3516],[11.9428,50.3448],[11.9508,50.3449],[11.9602,50.3537],[11.976,50.3523],[11.9826,50.3567],[11.979,50.3695],[11.9813,50.3848]]]},"properties":{"AGS":"09475182","GEN":"Trogen","SN_L":"09"}},
{"type":"Feature","geometry":{"type":"Polygon","coordinates":[[[11.8268,50.2984],[11.8084,50.3083],[11.8089,50.3149],[11.8018,50.3176],[11.778,50.3082],[11.7838,50.298],[11.7845,50.2707],[11.8026,50.2721],[11.809,50.2875],[11.8268,50.2984]]]},"properties":{"AGS":"09475145","GEN":"Leupoldsgrün","SN_L":"09"}},
{"type":"Feature","geometry":{"type":"Polygon","coordinates":[[[11.7838,50.298],[11.7629,50.2984],[11.7545,50.2932],[11.7086,50.2952],[11.678,50.2859],[11.6874,50.2768],[11.7077,50.271],[11.7217,50.2522],[11.7404,50.249],[11.7433,50.2599],[11.7695,50.2521],[11.783,50.2607],[11.7845,50.2707],[11.7838,50.298]]]},"properties":{"AGS":"09475165","GEN":"Schauenstein","SN_L":"09"}},
{"type":"Feature","geometry":{"type":"Polygon","coordinates":[[[11.8852,50.1454],[11.8764,50.1635],[11.8619,50.1627],[11.8473,50.1749],[11.8226,50.1716],[11.8066,50.1674],[11.8145,50.1566],[11.8297,50.1504],[11.8372,50.1357],[11.8655,50.1302],[11.8862,50.1437],[11.8852,50.1454]]]},"properties":{"AGS":"09475174","GEN":"Sparneck","SN_L":"09"}},
{"type":"Feature","geometry":{"type":"Polygon","coordinates":[[[11.9119,50.1612],[11.8941,50.1663],[11.8867,50.1772],[11.8931,50.1881],[11.8836,50.1991],[11.8675,50.203],[11.8584,50.1985],[11.8469,50.2131],[11.8162,50.1964],[11.8266,50.1813],[11.8226,50.1716],[11.8473,50.1749],[11.8619,50.1627],[11.8764,50.1635],[11.8852,50.1454],[11.9119,50.1612]]]},"properties":{"AGS":"09475184","GEN":"Weißdorf","SN_L":"09"}},
{"type":"Feature","geometry":{"type":"MultiPolygon","coordinates":[[[[11.6332,50.2976],[11.6367,50.3045],[11.6258,50.3133],[11.6188,50.3103],[11.6227,50.2966],[11.6332,50.2976]]],[[[11.5606,50.2919],[11.597,50.3002],[11.6177,50.3107],[11.603,50.3296],[11.5922,50.3217],[11.5725,50.3031],[11.5621,50.3001],[11.5606,50.2919]]]]},"properties":{"AGS":"09475451","GEN":"Forst Schwarzenbach a.Wald","SN_L":"09"}},
{"type":"Feature","geometry":{"type":"Polygon","coordinates":[[[11.5922,50.3217],[11.5788,50.3286],[11.5826,50.3389],[11.5565,50.3543],[11.5411,50.3555],[11.5331,50.3251],[11.5543,50.3111],[11.5621,50.3001],[11.5725,50.3031],[11.5922,50.3217]]]},"properties":{"AGS":"09475453","GEN":"Geroldsgrüner Forst","SN_L":"09"}},
{"type":"Feature","geometry":{"type":"Polygon","coordinates":[[[12.0262,50.1911],[12.0203,50.1902],[12.0219,50.18],[12.0262,50.1911]]]},"properties":{"AGS":"09475454","GEN":"Martinlamitzer Forst-Nord","SN_L":"09"}},
{"type":"Feature","geometry":{"type":"Polygon","coordinates":[[[11.3757,50.2572],[11.3811,50.267],[11.3755,50.2748],[11.3563,50.2766],[11.3341,50.3032],[11.2974,50.2888],[11.2938,50.2796],[11.2666,50.2683],[11.2661,50.2578],[11.2791,50.2492],[11.2647,50.2433],[11.2707,50.2343],[11.2953,50.2246],[11.2909,50.2132],[11.2953,50.2046],[11.3341,50.2142],[11.3518,50.2052],[11.3717,50.2027],[11.3802,50.1934],[11.4135,50.1987],[11.4154,50.2015],[11.4079,50.2235],[11.3837,50.2314],[11.3746,50.2379],[11.3579,50.2379],[11.3481,50.2452],[11.3516,50.2543],[11.3757,50.2572]]]},"properties":{"AGS":"09476145","GEN":"Kronach","SN_L":"09"}},
{"type":"Feature","geometry":{"type":"Polygon","coordinates":[[[11.2953,50.2046],[11.2909,50.2132],[11.2953,50.2246],[11.2707,50.2343],[11.2459,50.2284],[11.2395,50.22],[11.2336,50.2006],[11.2243,50.1846],[11.2494,50.1842],[11.2511,50.1746],[11.2815,50.1604],[11.3033,50.164],[11.3422,50.1603],[11.3487,50.1633],[11.3278,50.1688],[11.2953,50.2046]]]},"properties":{"AGS":"09476146","GEN":"Küps","SN_L":"09"}},
{"type":"Feature","geometry":{"type":"Polygon","coordinates":[[[11.441,50.5007],[11.4246,50.5159],[11.389,50.5157],[11.3698,50.5232],[11.3458,50.5153],[11.3433,50.5102],[11.3214,50.5086],[11.3249,50.4984],[11.3189,50.489],[11.3052,50.4892],[11.2975,50.4813],[11.3189,50.4677],[11.3304,50.4654],[11.3442,50.4449],[11.3722,50.4401],[11.3758,50.4492],[11.3895,50.4483],[11.3869,50.4365],[11.3927,50.4405],[11.4206,50.4434],[11.4233,50.4609],[11.4155,50.4678],[11.4251,50.4838],[11.441,50.5007]]]},"properties":{"AGS":"09476152","GEN":"Ludwigsstadt","SN_L":"09"}},
{"type":"Feature","geometry":{"type":"Polygon","coordinates":[[[11.5335,50.3795],[11.5199,50.3743],[11.5189,50.3957],[11.503,50.3996],[11.4899,50.3968],[11.4677,50.3949],[11.4679,50.3751],[11.4874,50.3566],[11.4866,50.3448],[11.503,50.3309],[11.5143,50.356],[11.5347,50.3584],[11.5357,50.3596],[11.5478,50.3716],[11.5335,50.3795]]]},"properties":{"AGS":"09476159","GEN":"Nordhalben","SN_L":"09"}},
{"type":"Feature","geometry":{"type":"Polygon","coordinates":[[[11.356,50.4035],[11.3223,50.3927],[11.3078,50.4023],[11.2895,50.4011],[11.2809,50.4125],[11.2709,50.3942],[11.2843,50.3603],[11.2662,50.352],[11.2771,50.336],[11.3055,50.3402],[11.315,50.3151],[11.3333,50.3052],[11.3362,50.3144],[11.3675,50.3523],[11.3737,50.3616],[11.3538,50.3763],[11.3633,50.3858],[11.356,50.4035]]]},"properties":{"AGS":"09476164","GEN":"Pressig","SN_L":"09"}},
{"type":"Feature","geometry":{"type":"Polygon","coordinates":[[[11.3189,50.4677],[11.3053,50.4648],[11.2984,50.4537],[11.3016,50.442],[11.2889,50.432],[11.2809,50.4125],[11.2895,50.4011],[11.3078,50.4023],[11.3223,50.3927],[11.356,50.4035],[11.3741,50.4289],[11.3869,50.4365],[11.3895,50.4483],[11.3758,50.4492],[11.3722,50.4401],[11.3442,50.4449],[11.3304,50.4654],[11.3189,50.4677]]]},"properties":{"AGS":"09476175","GEN":"Steinbach a.Wald","SN_L":"09"}},
{"type":"Feature","geometry":{"type":"Polygon","coordinates":[[[11.5347,50.3584],[11.5143,50.356],[11.503,50.3309],[11.4866,50.3448],[11.4874,50.3566],[11.4706,50.3556],[11.4261,50.3439],[11.4162,50.3453],[11.4052,50.3295],[11.405,50.3143],[11.3966,50.3092],[11.3992,50.2913],[11.4197,50.2836],[11.4327,50.2784],[11.4696,50.2898],[11.4833,50.2914],[11.4871,50.2996],[11.5128,50.309],[11.5331,50.3251],[11.5411,50.3555],[11.5347,50.3584]]]},"properties":{"AGS":"09476177","GEN":"Steinwiesen","SN_L":"09"}},
{"type":"Feature","geometry":{"type":"Polygon","coordinates":[[[11.3333,50.3052],[11.315,50.3151],[11.3055,50.3402],[11.2771,50.336],[11.2613,50.3379],[11.2565,50.3231],[11.2703,50.3073],[11.2556,50.2993],[11.2598,50.2749],[11.2666,50.2683],[11.2938,50.2796],[11.2974,50.2888],[11.3341,50.3032],[11.3333,50.3052]]]},"properties":{"AGS":"09476178","GEN":"Stockheim","SN_L":"09"}},
{"type":"Feature","geometry":{"type":"Polygon","coordinates":[[[11.2975,50.4813],[11.2855,50.4854],[11.2657,50.4796],[11.2477,50.4784],[11.2456,50.4696],[11.2549,50.4564],[11.2471,50.4489],[11.2632,50.4429],[11.2688,50.4192],[11.2581,50.4],[11.2709,50.3942],[11.2809,50.4125],[11.2889,50.432],[11.3016,50.442],[11.2984,50.4537],[11.3053,50.4648],[11.3189,50.4677],[11.2975,50.4813]]]},"properties":{"AGS":"09476179","GEN":"Tettau","SN_L":"09"}},
{"type":"Feature","geometry":{"type":"Polygon","coordinates":[[[11.4197,50.2836],[11.4002,50.2776],[11.3983,50.2684],[11.3757,50.2572],[11.3516,50.2543],[11.3481,50.2452],[11.3579,50.2379],[11.3746,50.2379],[11.3837,50.2314],[11.4079,50.2235],[11.4154,50.2015],[11.4231,50.2085],[11.4591,50.2255],[11.4599,50.2358],[11.4435,50.2541],[11.4358,50.2569],[11.4396,50.2765],[11.4327,50.2784],[11.4197,50.2836]]]},"properties":{"AGS":"09476183","GEN":"Marktrodach","SN_L":"09"}},
{"type":"Feature","geometry":{"type":"Polygon","coordinates":[[[11.5621,50.3001],[11.5543,50.3111],[11.5331,50.3251],[11.5128,50.309],[11.4871,50.2996],[11.4833,50.2914],[11.4696,50.2898],[11.4327,50.2784],[11.4396,50.2765],[11.4358,50.2569],[11.4435,50.2541],[11.4599,50.2358],[11.4757,50.2332],[11.487,50.2504],[11.5149,50.2557],[11.5408,50.2655],[11.5363,50.2756],[11.5534,50.2811],[11.5606,50.2919],[11.5621,50.3001]]]},"properties":{"AGS":"09476184","GEN":"Wallenfels","SN_L":"09"}},
{"type":"Feature","geometry":{"type":"Polygon","coordinates":[[[11.4135,50.1987],[11.3802,50.1934],[11.3717,50.2027],[11.3518,50.2052],[11.3341,50.2142],[11.2953,50.2046],[11.3278,50.1688],[11.3487,50.1633],[11.3606,50.1666],[11.3645,50.1868],[11.3767,50.1929],[11.3967,50.1758],[11.4346,50.1834],[11.4135,50.1987]]]},"properties":{"AGS":"09476185","GEN":"Weißenbrunn","SN_L":"09"}},
{"type":"Feature","geometry":{"type":"Polygon","coordinates":[[[11.4336,50.3833],[11.4232,50.3848],[11.4125,50.3667],[11.3987,50.3553],[11.3675,50.3523],[11.3362,50.3144],[11.3333,50.3052],[11.3341,50.3032],[11.3563,50.2766],[11.3755,50.2748],[11.3811,50.267],[11.3757,50.2572],[11.3983,50.2684],[11.4002,50.2776],[11.4197,50.2836],[11.3992,50.2913],[11.3966,50.3092],[11.405,50.3143],[11.4052,50.3295],[11.4162,50.3453],[11.4282,50.3556],[11.4355,50.382],[11.4336,50.3833]]]},"properties":{"AGS":"09476189","GEN":"Wilhelmsthal","SN_L":"09"}},
{"type":"Feature","geometry":{"type":"Polygon","coordinates":[[[11.4421,50.4146],[11.4434,50.4208],[11.4513,50.431],[11.4405,50.4386],[11.4239,50.4418],[11.4018,50.4302],[11.3958,50.4166],[11.4194,50.4093],[11.4238,50.4161],[11.4421,50.4146]]]},"properties":{"AGS":"09476166","GEN":"Reichenbach","SN_L":"09"}},
{"type":"Feature","geometry":{"type":"Polygon","coordinates":[[[11.4239,50.4418],[11.4206,50.4434],[11.3927,50.4405],[11.3869,50.4365],[11.3741,50.4289],[11.356,50.4035],[11.3633,50.3858],[11.3538,50.3763],[11.3737,50.3616],[11.3675,50.3523],[11.3987,50.3553],[11.4125,50.3667],[11.4232,50.3848],[11.4325,50.3898],[11.4318,50.4041],[11.4421,50.4146],[11.4238,50.4161],[11.4194,50.4093],[11.3958,50.4166],[11.4018,50.4302],[11.4239,50.4418]]]},"properties":{"AGS":"09476180","GEN":"Teuschnitz","SN_L":"09"}},
{"type":"Feature","geometry":{"type":"Polygon","coordinates":[[[11.4816,50.4316],[11.4632,50.4322],[11.4434,50.4208],[11.4421,50.4146],[11.4318,50.4041],[11.4325,50.3898],[11.4336,50.3833],[11.4355,50.382],[11.4477,50.3792],[11.4557,50.3647],[11.4706,50.3556],[11.4874,50.3566],[11.4679,50.3751],[11.4677,50.3949],[11.4899,50.3968],[11.4787,50.4012],[11.4876,50.4179],[11.4816,50.4316]]]},"properties":{"AGS":"09476182","GEN":"Tschirn","SN_L":"09"}},
{"type":"Feature","geometry":{"type":"Polygon","coordinates":[[[11.2598,50.2749],[11.2473,50.2686],[11.2243,50.2773],[11.1978,50.2919],[11.1899,50.2712],[11.2018,50.2562],[11.1885,50.2442],[11.1912,50.2282],[11.2237,50.2176],[11.2395,50.22],[11.2459,50.2284],[11.2707,50.2343],[11.2647,50.2433],[11.2791,50.2492],[11.2661,50.2578],[11.2666,50.2683],[11.2598,50.2749]]]},"properties":{"AGS":"09476154","GEN":"Mitwitz","SN_L":"09"}},
{"type":"Feature","geometry":{"type":"Polygon","coordinates":[[[11.2395,50.22],[11.2237,50.2176],[11.1912,50.2282],[11.1799,50.2247],[11.1819,50.2135],[11.1685,50.2064],[11.1856,50.1997],[11.1982,50.2021],[11.2336,50.2006],[11.2395,50.22]]]},"properties":{"AGS":"09476171","GEN":"Schneckenlohe","SN_L":"09"}},
{"type":"Feature","geometry":{"type":"MultiPolygon","coordinates":[[[[11.4232,50.3848],[11.4336,50.3833],[11.4325,50.3898],[11.4232,50.3848]]],[[[11.4706,50.3556],[11.4557,50.3647],[11.4477,50.3792],[11.4355,50.382],[11.4282,50.3556],[11.4162,50.3453],[11.4261,50.3439],[11.4706,50.3556]]]]},"properties":{"AGS":"09476451","GEN":"Birnbaum","SN_L":"09"}},
{"type":"Feature","geometry":{"type":"Polygon","coordinates":[[[11.6033,50.3988],[11.5938,50.4027],[11.5744,50.4],[11.5664,50.3907],[11.5601,50.3841],[11.5335,50.3795],[11.5478,50.3716],[11.5357,50.3596],[11.5532,50.356],[11.5793,50.3644],[11.5805,50.3719],[11.566,50.378],[11.5806,50.3856],[11.6004,50.3847],[11.6104,50.3888],[11.6033,50.3988]]]},"properties":{"AGS":"09476453","GEN":"Langenbacher Forst","SN_L":"09"}},
{"type":"Feature","geometry":{"type":"Polygon","coordinates":[[[11.6181,50.0854],[11.6083,50.0873],[11.6039,50.0801],[11.5873,50.0748],[11.5726,50.0586],[11.5684,50.0508],[11.6012,50.0273],[11.6139,50.0345],[11.6322,50.0354],[11.6469,50.042],[11.6501,50.0514],[11.6379,50.0576],[11.6324,50.0691],[11.6415,50.0729],[11.6181,50.0854]]]},"properties":{"AGS":"09477121","GEN":"Himmelkron","SN_L":"09"}},
{"type":"Feature","geometry":{"type":"Polygon","coordinates":[[[11.4346,50.1834],[11.3967,50.1758],[11.3767,50.1929],[11.3645,50.1868],[11.3606,50.1666],[11.384,50.1612],[11.3778,50.1541],[11.3849,50.1358],[11.4082,50.123],[11.3944,50.1134],[11.393,50.0988],[11.38,50.0823],[11.3909,50.0671],[11.4028,50.0646],[11.4032,50.055],[11.4238,50.0591],[11.4316,50.0658],[11.4486,50.0608],[11.4641,50.0579],[11.4861,50.0619],[11.4876,50.07],[11.5023,50.0717],[11.4782,50.0913],[11.4875,50.1089],[11.4977,50.1109],[11.492,50.1276],[11.4757,50.1407],[11.4758,50.1508],[11.476,50.1616],[11.4584,50.173],[11.4346,50.1834]]]},"properties":{"AGS":"09477128","GEN":"Kulmbach","SN_L":"09"}},
{"type":"Feature","geometry":{"type":"Polygon","coordinates":[[[11.3909,50.0671],[11.38,50.0823],[11.393,50.0988],[11.3944,50.1134],[11.4082,50.123],[11.3849,50.1358],[11.3778,50.1541],[11.384,50.1612],[11.3606,50.1666],[11.3487,50.1633],[11.3422,50.1603],[11.3405,50.1493],[11.3558,50.144],[11.325,50.1122],[11.3143,50.1164],[11.3072,50.1067],[11.3183,50.0875],[11.297,50.0786],[11.3093,50.0587],[11.3199,50.0556],[11.3332,50.0679],[11.3494,50.0739],[11.3561,50.0667],[11.3724,50.0697],[11.3909,50.0671]]]},"properties":{"AGS":"09477136","GEN":"Mainleus","SN_L":"09"}},
{"type":"Feature","geometry":{"type":"Polygon","coordinates":[[[11.6847,50.0874],[11.6758,50.0959],[11.6781,50.1246],[11.6673,50.1247],[11.6561,50.1153],[11.6459,50.1216],[11.6424,50.1035],[11.6298,50.0999],[11.6181,50.0854],[11.6415,50.0729],[11.6555,50.0749],[11.6847,50.0874]]]},"properties":{"AGS":"09477139","GEN":"Marktschorgast","SN_L":"09"}},
{"type":"Feature","geometry":{"type":"Polygon","coordinates":[[[11.4861,50.0619],[11.4641,50.0579],[11.4486,50.0608],[11.4495,50.0459],[11.4373,50.0363],[11.4576,50.0054],[11.4513,49.9955],[11.4649,49.9826],[11.4741,49.9939],[11.4872,49.9906],[11.5116,49.9986],[11.5338,49.999],[11.567,50.0129],[11.5811,50.0113],[11.5527,50.0277],[11.553,50.0381],[11.5439,50.0502],[11.504,50.0536],[11.4861,50.0619]]]},"properties":{"AGS":"09477142","GEN":"Neudrossenfeld","SN_L":"09"}},
{"type":"Feature","geometry":{"type":"Polygon","coordinates":[[[11.5838,50.1108],[11.5436,50.1189],[11.5327,50.1151],[11.5276,50.1046],[11.5439,50.092],[11.5598,50.0891],[11.5653,50.0821],[11.5656,50.0656],[11.5726,50.0586],[11.5873,50.0748],[11.6039,50.0801],[11.6083,50.0873],[11.6027,50.0993],[11.5838,50.1108]]]},"properties":{"AGS":"09477143","GEN":"Neuenmarkt","SN_L":"09"}},
{"type":"Feature","geometry":{"type":"Polygon","coordinates":[[[11.6241,50.2637],[11.6053,50.2681],[11.5826,50.2549],[11.5408,50.2655],[11.5149,50.2557],[11.487,50.2504],[11.4757,50.2332],[11.4599,50.2358],[11.4591,50.2255],[11.4716,50.2168],[11.4783,50.2041],[11.4903,50.1978],[11.4953,50.2089],[11.5158,50.2186],[11.5439,50.2074],[11.5464,50.1952],[11.5696,50.1868],[11.5768,50.2125],[11.601,50.2234],[11.6116,50.2338],[11.6091,50.261],[11.6241,50.2637]]]},"properties":{"AGS":"09477148","GEN":"Presseck","SN_L":"09"}},
{"type":"Feature","geometry":{"type":"Polygon","coordinates":[[[11.4486,50.0608],[11.4316,50.0658],[11.4238,50.0591],[11.4032,50.055],[11.4141,50.043],[11.3894,50.0418],[11.3698,50.0332],[11.377,50.0248],[11.3646,50.0127],[11.3292,50.0074],[11.3326,49.9964],[11.3605,49.9971],[11.361,49.9761],[11.3559,49.971],[11.3548,49.9448],[11.3759,49.9369],[11.3831,49.9349],[11.3965,49.9613],[11.425,49.9572],[11.4294,49.9626],[11.416,49.9735],[11.4171,49.9873],[11.4563,49.9805],[11.4649,49.9826],[11.4513,49.9955],[11.4576,50.0054],[11.4373,50.0363],[11.4495,50.0459],[11.4486,50.0608]]]},"properties":{"AGS":"09477157","GEN":"Thurnau","SN_L":"09"}},
{"type":"Feature","geometry":{"type":"Polygon","coordinates":[[[11.6459,50.1216],[11.6477,50.1388],[11.6341,50.1442],[11.6188,50.1356],[11.5873,50.1322],[11.5882,50.1221],[11.5838,50.1108],[11.6027,50.0993],[11.6083,50.0873],[11.6181,50.0854],[11.6298,50.0999],[11.6424,50.1035],[11.6459,50.1216]]]},"properties":{"AGS":"09477163","GEN":"Wirsberg","SN_L":"09"}},
{"type":"Feature","geometry":{"type":"Polygon","coordinates":[[[11.4903,50.1978],[11.4783,50.2041],[11.4716,50.2168],[11.4591,50.2255],[11.4231,50.2085],[11.4154,50.2015],[11.4135,50.1987],[11.4346,50.1834],[11.4584,50.173],[11.4614,50.18],[11.48,50.1838],[11.4903,50.1978]]]},"properties":{"AGS":"09477151","GEN":"Rugendorf","SN_L":"09"}},
{"type":"Feature","geometry":{"type":"Polygon","coordinates":[[[11.5696,50.1868],[11.5464,50.1952],[11.5439,50.2074],[11.5158,50.2186],[11.4953,50.2089],[11.4903,50.1978],[11.48,50.1838],[11.4614,50.18],[11.4584,50.173],[11.476,50.1616],[11.4758,50.1508],[11.493,50.1459],[11.5302,50.1435],[11.5435,50.1507],[11.5514,50.1667],[11.5661,50.1726],[11.5744,50.1852],[11.5696,50.1868]]]},"properties":{"AGS":"09477156","GEN":"Stadtsteinach","SN_L":"09"}},
{"type":"Feature","geometry":{"type":"Polygon","coordinates":[[[11.6544,50.2039],[11.6548,50.2301],[11.6277,50.2291],[11.601,50.2234],[11.5768,50.2125],[11.5696,50.1868],[11.5744,50.1852],[11.592,50.1741],[11.607,50.1784],[11.5929,50.1922],[11.6101,50.1998],[11.6322,50.1939],[11.6393,50.2036],[11.6544,50.2039]]]},"properties":{"AGS":"09477117","GEN":"Grafengehaig","SN_L":"09"}},
{"type":"Feature","geometry":{"type":"Polygon","coordinates":[[[11.6733,50.2014],[11.6544,50.2039],[11.6393,50.2036],[11.6322,50.1939],[11.6101,50.1998],[11.5929,50.1922],[11.607,50.1784],[11.592,50.1741],[11.6061,50.1634],[11.5976,50.1404],[11.6188,50.1356],[11.6341,50.1442],[11.6477,50.1388],[11.6734,50.1458],[11.6837,50.152],[11.6725,50.1599],[11.6519,50.1629],[11.6597,50.1764],[11.6799,50.1797],[11.6733,50.2014]]]},"properties":{"AGS":"09477138","GEN":"Marktleugast","SN_L":"09"}},
{"type":"Feature","geometry":{"type":"Polygon","coordinates":[[[11.592,50.1741],[11.5744,50.1852],[11.5661,50.1726],[11.5514,50.1667],[11.5435,50.1507],[11.5555,50.1385],[11.5681,50.1486],[11.5818,50.1496],[11.5932,50.1598],[11.6061,50.1634],[11.592,50.1741]]]},"properties":{"AGS":"09477118","GEN":"Guttenberg","SN_L":"09"}},
{"type":"Feature","geometry":{"type":"Polygon","coordinates":[[[11.6061,50.1634],[11.5932,50.1598],[11.5818,50.1496],[11.5681,50.1486],[11.5555,50.1385],[11.5553,50.136],[11.569,50.1344],[11.5882,50.1221],[11.5873,50.1322],[11.6188,50.1356],[11.5976,50.1404],[11.6061,50.1634]]]},"properties":{"AGS":"09477129","GEN":"Kupferberg","SN_L":"09"}},
{"type":"Feature","geometry":{"type":"Polygon","coordinates":[[[11.5882,50.1221],[11.569,50.1344],[11.5553,50.136],[11.5402,50.1286],[11.5436,50.1189],[11.5838,50.1108],[11.5882,50.1221]]]},"properties":{"AGS":"09477135","GEN":"Ludwigschorgast","SN_L":"09"}},
{"type":"Feature","geometry":{"type":"Polygon","coordinates":[[[11.5555,50.1385],[11.5435,50.1507],[11.5302,50.1435],[11.493,50.1459],[11.4758,50.1508],[11.4757,50.1407],[11.492,50.1276],[11.5092,50.1327],[11.5327,50.1151],[11.5436,50.1189],[11.5402,50.1286],[11.5553,50.136],[11.5555,50.1385]]]},"properties":{"AGS":"09477159","GEN":"Untersteinach","SN_L":"09"}},
{"type":"Feature","geometry":{"type":"Polygon","coordinates":[[[11.3909,50.0671],[11.3724,50.0697],[11.3561,50.0667],[11.3494,50.0739],[11.3332,50.0679],[11.3199,50.0556],[11.3093,50.0587],[11.304,50.0394],[11.2831,50.0233],[11.3292,50.0074],[11.3646,50.0127],[11.377,50.0248],[11.3698,50.0332],[11.3894,50.0418],[11.4141,50.043],[11.4032,50.055],[11.4028,50.0646],[11.3909,50.0671]]]},"properties":{"AGS":"09477124","GEN":"Kasendorf","SN_L":"09"}},
{"type":"Feature","geometry":{"type":"Polygon","coordinates":[[[11.3292,50.0074],[11.2831,50.0233],[11.2515,50.0124],[11.2568,50],[11.2645,49.9922],[11.285,49.9879],[11.287,49.9783],[11.2783,49.9671],[11.3108,49.9629],[11.3429,49.9535],[11.3548,49.9448],[11.3559,49.971],[11.361,49.9761],[11.3605,49.9971],[11.3326,49.9964],[11.3292,50.0074]]]},"properties":{"AGS":"09477164","GEN":"Wonsees","SN_L":"09"}},
{"type":"Feature","geometry":{"type":"Polygon","coordinates":[[[11.5684,50.0508],[11.5573,50.0582],[11.5439,50.0502],[11.553,50.0381],[11.5527,50.0277],[11.5811,50.0113],[11.6026,50.0173],[11.6012,50.0273],[11.5684,50.0508]]]},"properties":{"AGS":"09477119","GEN":"Harsdorf","SN_L":"09"}},
{"type":"Feature","geometry":{"type":"Polygon","coordinates":[[[11.5327,50.1151],[11.5092,50.1327],[11.492,50.1276],[11.4977,50.1109],[11.4875,50.1089],[11.4782,50.0913],[11.5023,50.0717],[11.5132,50.0681],[11.5317,50.0718],[11.526,50.085],[11.5439,50.092],[11.5276,50.1046],[11.5327,50.1151]]]},"properties":{"AGS":"09477127","GEN":"Ködnitz","SN_L":"09"}},
{"type":"Feature","geometry":{"type":"Polygon","coordinates":[[[11.5726,50.0586],[11.5656,50.0656],[11.5653,50.0821],[11.5598,50.0891],[11.5439,50.092],[11.526,50.085],[11.5317,50.0718],[11.5132,50.0681],[11.5023,50.0717],[11.4876,50.07],[11.4861,50.0619],[11.504,50.0536],[11.5439,50.0502],[11.5573,50.0582],[11.5684,50.0508],[11.5726,50.0586]]]},"properties":{"AGS":"09477158","GEN":"Trebgast","SN_L":"09"}},
{"type":"Feature","geometry":{"type":"Polygon","coordinates":[[[11.3143,50.1164],[11.2745,50.1239],[11.2283,50.1419],[11.2089,50.1453],[11.194,50.1411],[11.1758,50.1276],[11.1788,50.114],[11.1842,50.0939],[11.198,50.0928],[11.2405,50.11],[11.2534,50.1026],[11.2798,50.1023],[11.3183,50.0875],[11.3072,50.1067],[11.3143,50.1164]]]},"properties":{"AGS":"09478111","GEN":"Altenkunstadt","SN_L":"09"}},
{"type":"Feature","geometry":{"type":"Polygon","coordinates":[[[11.3422,50.1603],[11.3033,50.164],[11.2815,50.1604],[11.2511,50.1746],[11.2386,50.1608],[11.2249,50.1523],[11.2129,50.1608],[11.2024,50.1518],[11.2089,50.1453],[11.2283,50.1419],[11.2745,50.1239],[11.3143,50.1164],[11.325,50.1122],[11.3558,50.144],[11.3405,50.1493],[11.3422,50.1603]]]},"properties":{"AGS":"09478116","GEN":"Burgkunstadt","SN_L":"09"}},
{"type":"Feature","geometry":{"type":"Polygon","coordinates":[[[10.9375,50.1127],[10.9172,50.1197],[10.9095,50.1129],[10.8906,50.1111],[10.8848,50.0931],[10.8919,50.0877],[10.8818,50.0654],[10.896,50.0581],[10.9013,50.0466],[10.9167,50.042],[10.9311,50.0352],[10.9352,50.0428],[10.9541,50.048],[10.9658,50.0393],[10.9803,50.0408],[10.994,50.0297],[10.9842,50.0201],[11.0082,50.0161],[11.0219,50.0292],[11.046,50.0246],[11.0619,50.0347],[11.0565,50.0492],[11.0286,50.0616],[11.0062,50.0827],[10.9808,50.0855],[10.9337,50.0873],[10.9256,50.0987],[10.9439,50.1069],[10.9375,50.1127]]]},"properties":{"AGS":"09478120","GEN":"Ebensfeld","SN_L":"09"}},
{"type":"Feature","geometry":{"type":"Polygon","coordinates":[[[11.049,50.2118],[11.0341,50.2186],[11.0031,50.2152],[10.9854,50.2117],[10.9878,50.2049],[11.0092,50.1939],[11.0002,50.1849],[11.0078,50.1774],[10.9806,50.1731],[10.9758,50.1661],[10.9942,50.1574],[11.0106,50.1327],[11.0255,50.1253],[11.0334,50.1297],[11.0623,50.1212],[11.0766,50.11],[11.0901,50.0913],[11.1185,50.0848],[11.1256,50.0621],[11.1237,50.0484],[11.1437,50.044],[11.179,50.0579],[11.1854,50.0687],[11.1807,50.0776],[11.1589,50.08],[11.1554,50.0908],[11.1842,50.0939],[11.1788,50.114],[11.1558,50.1217],[11.1389,50.1236],[11.1354,50.1367],[11.1547,50.1421],[11.1578,50.1536],[11.1479,50.1603],[11.0986,50.154],[11.0872,50.1587],[11.0953,50.1709],[11.0833,50.1881],[11.0895,50.2046],[11.0739,50.2101],[11.049,50.2118]]]},"properties":{"AGS":"09478139","GEN":"Lichtenfels","SN_L":"09"}},
{"type":"Feature","geometry":{"type":"Polygon","coordinates":[[[11.1704,50.1865],[11.153,50.1982],[11.1369,50.1927],[11.1102,50.1941],[11.1211,50.182],[11.103,50.1821],[11.0833,50.1881],[11.0953,50.1709],[11.0872,50.1587],[11.0986,50.154],[11.1479,50.1603],[11.1502,50.1597],[11.1542,50.1693],[11.1687,50.1803],[11.1787,50.1801],[11.1704,50.1865]]]},"properties":{"AGS":"09478145","GEN":"Michelau i.OFr.","SN_L":"09"}},
{"type":"Feature","geometry":{"type":"Polygon","coordinates":[[[10.9806,50.1731],[10.9801,50.175],[10.9527,50.1711],[10.9566,50.1627],[10.9484,50.1545],[10.9233,50.1503],[10.9221,50.1413],[10.9477,50.1279],[10.9375,50.1127],[10.9439,50.1069],[10.9256,50.0987],[10.9337,50.0873],[10.9808,50.0855],[11.0062,50.0827],[11.0286,50.0616],[11.0565,50.0492],[11.0619,50.0347],[11.0909,50.0353],[11.1237,50.0484],[11.1256,50.0621],[11.1185,50.0848],[11.0901,50.0913],[11.0766,50.11],[11.0623,50.1212],[11.0334,50.1297],[11.0255,50.1253],[11.0106,50.1327],[10.9942,50.1574],[10.9758,50.1661],[10.9806,50.1731]]]},"properties":{"AGS":"09478165","GEN":"Bad Staffelstein","SN_L":"09"}},
{"type":"Feature","geometry":{"type":"Polygon","coordinates":[[[11.3183,50.0875],[11.2798,50.1023],[11.2534,50.1026],[11.2405,50.11],[11.198,50.0928],[11.1842,50.0939],[11.1554,50.0908],[11.1589,50.08],[11.1807,50.0776],[11.1854,50.0687],[11.179,50.0579],[11.1938,50.0522],[11.1904,50.0438],[11.1732,50.0335],[11.1536,50.0319],[11.1474,50.0214],[11.1687,50.0161],[11.1875,50.0246],[11.1909,50.0082],[11.2126,50.0159],[11.2207,50.0043],[11.2464,49.9896],[11.2568,50],[11.2515,50.0124],[11.2831,50.0233],[11.304,50.0394],[11.3093,50.0587],[11.297,50.0786],[11.3183,50.0875]]]},"properties":{"AGS":"09478176","GEN":"Weismain","SN_L":"09"}},
{"type":"Feature","geometry":{"type":"Polygon","coordinates":[[[11.1917,50.1748],[11.2056,50.1893],[11.1983,50.2015],[11.1797,50.1851],[11.1704,50.1865],[11.1787,50.1801],[11.1917,50.1748]]]},"properties":{"AGS":"09478143","GEN":"Marktgraitz","SN_L":"09"}},
{"type":"Feature","geometry":{"type":"Polygon","coordinates":[[[11.2336,50.2006],[11.1982,50.2021],[11.1983,50.2015],[11.2056,50.1893],[11.1917,50.1748],[11.1902,50.1619],[11.2129,50.1608],[11.2249,50.1523],[11.2386,50.1608],[11.2511,50.1746],[11.2494,50.1842],[11.2243,50.1846],[11.2336,50.2006]]]},"properties":{"AGS":"09478155","GEN":"Redwitz a.d.Rodach","SN_L":"09"}},
{"type":"Feature","geometry":{"type":"Polygon","coordinates":[[[11.2024,50.1518],[11.1805,50.158],[11.1502,50.1597],[11.1479,50.1603],[11.1578,50.1536],[11.1547,50.1421],[11.1354,50.1367],[11.1389,50.1236],[11.1558,50.1217],[11.1788,50.114],[11.1758,50.1276],[11.194,50.1411],[11.2089,50.1453],[11.2024,50.1518]]]},"properties":{"AGS":"09478127","GEN":"Hochstadt a.Main","SN_L":"09"}},
{"type":"Feature","geometry":{"type":"Polygon","coordinates":[[[11.1787,50.1801],[11.1687,50.1803],[11.1542,50.1693],[11.1502,50.1597],[11.1805,50.158],[11.2024,50.1518],[11.2129,50.1608],[11.1902,50.1619],[11.1917,50.1748],[11.1787,50.1801]]]},"properties":{"AGS":"09478144","GEN":"Marktzeuln","SN_L":"09"}},
{"type":"Feature","geometry":{"type":"Polygon","coordinates":[[[10.9167,50.042],[10.9013,50.0466],[10.9025,50.0372],[10.9167,50.042]]]},"properties":{"AGS":"09478451","GEN":"Breitengüßbacher Forst","SN_L":"09"}},
{"type":"Feature","geometry":{"type":"Polygon","coordinates":[[[11.1102,50.1941],[11.1026,50.2104],[11.0895,50.2046],[11.0833,50.1881],[11.103,50.1821],[11.1211,50.182],[11.1102,50.1941]]]},"properties":{"AGS":"09478453","GEN":"Neuensorger Forst","SN_L":"09"}},
{"type":"Feature","geometry":{"type":"Polygon","coordinates":[[[12.2442,50.0381],[12.2303,50.044],[12.2355,50.0573],[12.2177,50.0777],[12.1966,50.0754],[12.1795,50.0801],[12.1761,50.0802],[12.1673,50.0737],[12.149,50.0735],[12.1243,50.0628],[12.1287,50.0421],[12.1453,50.0279],[12.1747,50.0158],[12.1723,49.9979],[12.1927,49.9989],[12.2012,50.0168],[12.1976,50.0328],[12.22,50.0336],[12.2442,50.0381]]]},"properties":{"AGS":"09479112","GEN":"Arzberg","SN_L":"09"}},
{"type":"Feature","geometry":{"type":"Polygon","coordinates":[[[11.9993,50.1705],[11.991,50.1738],[11.9837,50.1892],[11.9512,50.2013],[11.9344,50.1967],[11.9427,50.1804],[11.9119,50.1612],[11.8852,50.1454],[11.8862,50.1437],[11.9015,50.1386],[11.9031,50.1295],[11.9257,50.1135],[11.9447,50.1072],[11.9455,50.1068],[11.9828,50.1262],[11.9819,50.1361],[11.9979,50.1369],[11.9965,50.155],[11.9993,50.1705]]]},"properties":{"AGS":"09479129","GEN":"Kirchenlamitz","SN_L":"09"}},
{"type":"Feature","geometry":{"type":"Polygon","coordinates":[[[12.0197,50.1603],[11.9965,50.155],[11.9979,50.1369],[11.9819,50.1361],[11.9828,50.1262],[11.9455,50.1068],[11.95,50.1041],[11.9795,50.1115],[11.9902,50.1083],[12.0009,50.0877],[12.0155,50.0885],[12.0314,50.0969],[12.0663,50.115],[12.0592,50.1261],[12.0673,50.1406],[12.031,50.1407],[12.0313,50.1506],[12.0197,50.1603]]]},"properties":{"AGS":"09479135","GEN":"Marktleuthen","SN_L":"09"}},
{"type":"Feature","geometry":{"type":"Polygon","coordinates":[[[12.0855,50.0464],[12.0592,50.0375],[12.0558,50.0258],[12.0434,50.0153],[12.0301,49.9931],[12.033,49.9891],[12.0497,49.9805],[12.0698,49.9954],[12.0771,49.9854],[12.0934,49.9779],[12.1082,49.9782],[12.1196,49.9862],[12.1428,49.9877],[12.147,49.9929],[12.1723,49.9979],[12.1747,50.0158],[12.1453,50.0279],[12.1287,50.0421],[12.1127,50.0404],[12.0855,50.0464]]]},"properties":{"AGS":"09479136","GEN":"Marktredwitz","SN_L":"09"}},
{"type":"Feature","geometry":{"type":"Polygon","coordinates":[[[12.0314,50.0969],[12.0155,50.0885],[12.0009,50.0877],[11.9902,50.1083],[11.9795,50.1115],[11.95,50.1041],[11.9455,50.1068],[11.9447,50.1072],[11.9472,50.094],[11.9347,50.069],[11.9476,50.0604],[11.9691,50.0579],[11.9814,50.0624],[11.9906,50.0557],[12.0137,50.0585],[12.0174,50.0712],[12.0341,50.0742],[12.0454,50.0832],[12.0314,50.0969]]]},"properties":{"AGS":"09479145","GEN":"Röslau","SN_L":"09"}},
{"type":"Feature","geometry":{"type":"Polygon","coordinates":[[[12.131,50.2122],[12.0768,50.2206],[12.054,50.2118],[12.0472,50.1976],[12.0619,50.1799],[12.0847,50.1746],[12.0924,50.1867],[12.1027,50.1914],[12.1149,50.2075],[12.131,50.2122]]]},"properties":{"AGS":"09479150","GEN":"Schönwald","SN_L":"09"}},
{"type":"Feature","geometry":{"type":"Polygon","coordinates":[[[12.1965,50.1277],[12.1945,50.1377],[12.2112,50.1588],[12.2013,50.1888],[12.1902,50.2008],[12.1619,50.2118],[12.1607,50.2198],[12.131,50.2122],[12.1149,50.2075],[12.1027,50.1914],[12.0924,50.1867],[12.0847,50.1746],[12.0619,50.1799],[12.0402,50.1753],[12.0332,50.1631],[12.0197,50.1603],[12.0313,50.1506],[12.031,50.1407],[12.0673,50.1406],[12.0879,50.144],[12.1051,50.1392],[12.1412,50.1195],[12.158,50.1178],[12.1965,50.1277]]]},"properties":{"AGS":"09479152","GEN":"Selb","SN_L":"09"}},
{"type":"Feature","geometry":{"type":"Polygon","coordinates":[[[11.9447,50.1072],[11.9257,50.1135],[11.9031,50.1295],[11.9015,50.1386],[11.8862,50.1437],[11.8655,50.1302],[11.8522,50.1261],[11.8248,50.109],[11.7891,50.1032],[11.8092,50.0974],[11.8106,50.0907],[11.7981,50.0817],[11.8119,50.0715],[11.8347,50.0653],[11.8354,50.0543],[11.8488,50.0467],[11.8595,50.0449],[11.8578,50.0553],[11.9006,50.0631],[11.9271,50.0649],[11.9347,50.069],[11.9472,50.094],[11.9447,50.1072]]]},"properties":{"AGS":"09479166","GEN":"Bad Weißenstadt","SN_L":"09"}},
{"type":"Feature","geometry":{"type":"Polygon","coordinates":[[[12.0921,50.0766],[12.0837,50.0847],[12.0678,50.0871],[12.0454,50.0832],[12.0341,50.0742],[12.0174,50.0712],[12.0137,50.0585],[11.9906,50.0557],[11.9814,50.0624],[11.9691,50.0579],[11.9476,50.0604],[11.9463,50.0523],[11.9286,50.041],[11.9489,50.0326],[11.9637,50.0217],[11.9637,50.0091],[11.9738,50.0161],[11.9876,50.0101],[11.9903,49.9961],[12.0072,49.9965],[12.0132,50.0034],[12.0049,50.0183],[12.0392,50.0302],[12.0558,50.0258],[12.0592,50.0375],[12.0855,50.0464],[12.0921,50.0766]]]},"properties":{"AGS":"09479169","GEN":"Wunsiedel","SN_L":"09"}},
{"type":"Feature","geometry":{"type":"Polygon","coordinates":[[[12.116,50.0972],[12.1009,50.0998],[12.0912,50.112],[12.0663,50.115],[12.0314,50.0969],[12.0454,50.0832],[12.0678,50.0871],[12.0837,50.0847],[12.0921,50.0766],[12.1075,50.0788],[12.116,50.0972]]]},"properties":{"AGS":"09479126","GEN":"Höchstädt i.Fichtelgebirge","SN_L":"09"}},
{"type":"Feature","geometry":{"type":"Polygon","coordinates":[[[12.1761,50.0802],[12.1761,50.0915],[12.159,50.1012],[12.1459,50.0997],[12.116,50.0972],[12.1075,50.0788],[12.0921,50.0766],[12.0855,50.0464],[12.1127,50.0404],[12.1287,50.0421],[12.1243,50.0628],[12.149,50.0735],[12.1673,50.0737],[12.1761,50.0802]]]},"properties":{"AGS":"09479158","GEN":"Thiersheim","SN_L":"09"}},
{"type":"Feature","geometry":{"type":"Polygon","coordinates":[[[12.1412,50.1195],[12.1051,50.1392],[12.0879,50.144],[12.0673,50.1406],[12.0592,50.1261],[12.0663,50.115],[12.0912,50.112],[12.1009,50.0998],[12.116,50.0972],[12.1459,50.0997],[12.1412,50.1195]]]},"properties":{"AGS":"09479159","GEN":"Thierstein","SN_L":"09"}},
{"type":"Feature","geometry":{"type":"Polygon","coordinates":[[[12.2336,50.0941],[12.2211,50.1039],[12.209,50.1024],[12.1996,50.1117],[12.1965,50.1277],[12.158,50.1178],[12.1412,50.1195],[12.1459,50.0997],[12.159,50.1012],[12.1761,50.0915],[12.1761,50.0802],[12.1795,50.0801],[12.1988,50.0876],[12.2286,50.09],[12.2336,50.0941]]]},"properties":{"AGS":"09479127","GEN":"Hohenberg a.d.Eger","SN_L":"09"}},
{"type":"Feature","geometry":{"type":"Polygon","coordinates":[[[12.2609,50.0584],[12.2666,50.0784],[12.2462,50.0923],[12.2336,50.0941],[12.2286,50.09],[12.1988,50.0876],[12.1795,50.0801],[12.1966,50.0754],[12.2177,50.0777],[12.2355,50.0573],[12.2303,50.044],[12.2442,50.0381],[12.2579,50.0491],[12.2609,50.0584]]]},"properties":{"AGS":"09479147","GEN":"Schirnding","SN_L":"09"}},
{"type":"Feature","geometry":{"type":"Polygon","coordinates":[[[12.0558,50.0258],[12.0392,50.0302],[12.0049,50.0183],[12.0132,50.0034],[12.0072,49.9965],[12.0301,49.9931],[12.0434,50.0153],[12.0558,50.0258]]]},"properties":{"AGS":"09479111","GEN":"Bad Alexandersbad","SN_L":"09"}},
{"type":"Feature","geometry":{"type":"Polygon","coordinates":[[[11.9529,49.9958],[11.9175,49.9848],[11.899,49.9899],[11.9,49.9853],[11.9037,49.979],[11.9241,49.9721],[11.9686,49.9793],[11.9733,49.9827],[11.9608,49.9924],[11.9529,49.9958]]]},"properties":{"AGS":"09479138","GEN":"Nagel","SN_L":"09"}},
{"type":"Feature","geometry":{"type":"Polygon","coordinates":[[[11.9476,50.0604],[11.9347,50.069],[11.9271,50.0649],[11.9006,50.0631],[11.887,50.0478],[11.9056,50.0429],[11.9165,50.0332],[11.9133,50.0249],[11.9529,49.9958],[11.9608,49.9924],[11.9637,50.0091],[11.9637,50.0217],[11.9489,50.0326],[11.9286,50.041],[11.9463,50.0523],[11.9476,50.0604]]]},"properties":{"AGS":"09479161","GEN":"Tröstau","SN_L":"09"}},
{"type":"Feature","geometry":{"type":"Polygon","coordinates":[[[12.0619,50.1799],[12.0472,50.1976],[12.0262,50.1911],[12.0219,50.18],[11.9993,50.1705],[11.9965,50.155],[12.0197,50.1603],[12.0332,50.1631],[12.0402,50.1753],[12.0619,50.1799]]]},"properties":{"AGS":"09479455","GEN":"Martinlamitzer Forst-Süd","SN_L":"09"}},
{"type":"Feature","geometry":{"type":"Polygon","coordinates":[[[11.8814,50.0242],[11.8738,50.0324],[11.8589,50.0231],[11.8757,50.017],[11.8939,50.0024],[11.8814,50.0242]]]},"properties":{"AGS":"09479457","GEN":"Neubauer Forst-Süd","SN_L":"09"}},
{"type":"Feature","geometry":{"type":"Polygon","coordinates":[[[12.0072,49.9965],[11.9903,49.9961],[11.9876,50.0101],[11.9738,50.0161],[11.9637,50.0091],[11.9608,49.9924],[11.9733,49.9827],[12.0284,49.9836],[12.033,49.9891],[12.0301,49.9931],[12.0072,49.9965]]]},"properties":{"AGS":"09479459","GEN":"Tröstauer Forst-Ost","SN_L":"09"}},
{"type":"Feature","geometry":{"type":"Polygon","coordinates":[[[11.9165,50.0332],[11.8949,50.0361],[11.8814,50.0242],[11.8939,50.0024],[11.899,49.9899],[11.9175,49.9848],[11.9529,49.9958],[11.9133,50.0249],[11.9165,50.0332]]]},"properties":{"AGS":"09479460","GEN":"Tröstauer Forst-West","SN_L":"09"}},
{"type":"Feature","geometry":{"type":"Polygon","coordinates":[[[11.9006,50.0631],[11.8578,50.0553],[11.8595,50.0449],[11.8738,50.0324],[11.8814,50.0242],[11.8949,50.0361],[11.9165,50.0332],[11.9056,50.0429],[11.887,50.0478],[11.9006,50.0631]]]},"properties":{"AGS":"09479461","GEN":"Vordorfer Forst","SN_L":"09"}},
{"type":"Feature","geometry":{"type":"Polygon","coordinates":[[[10.65,49.3224],[10.6026,49.3298],[10.5772,49.3436],[10.5505,49.3394],[10.5179,49.3252],[10.4833,49.3273],[10.4736,49.326],[10.4768,49.3118],[10.4932,49.3057],[10.4985,49.2917],[10.4832,49.2891],[10.4649,49.2932],[10.4559,49.2842],[10.4741,49.2672],[10.5009,49.2665],[10.5176,49.2576],[10.5293,49.2625],[10.5525,49.2603],[10.5809,49.2456],[10.6087,49.2382],[10.6402,49.2346],[10.6357,49.2474],[10.6459,49.2573],[10.6259,49.2642],[10.617,49.2728],[10.619,49.2865],[10.6303,49.2873],[10.6351,49.3023],[10.6568,49.315],[10.65,49.3224]]]},"properties":{"AGS":"09561000","GEN":"Ansbach","SN_L":"09"}},
{"type":"Feature","geometry":{"type":"Polygon","coordinates":[[[10.9591,49.626],[10.9537,49.6346],[10.9287,49.6457],[10.9194,49.6319],[10.9251,49.6059],[10.9249,49.5761],[10.9201,49.5614],[10.936,49.5627],[10.9328,49.5383],[10.934,49.5345],[10.9663,49.5333],[10.9747,49.5411],[10.9879,49.5368],[10.9892,49.5403],[11.0295,49.5354],[11.0359,49.5471],[11.0345,49.5784],[11.0417,49.5909],[11.0534,49.5968],[11.0495,49.6082],[11.039,49.6156],[11.0216,49.6161],[11.0037,49.6125],[10.9954,49.6197],[10.9751,49.616],[10.9591,49.626]]]},"properties":{"AGS":"09562000","GEN":"Erlangen","SN_L":"09"}},
{"type":"Feature","geometry":{"type":"Polygon","coordinates":[[[10.9905,49.4365],[10.9945,49.4488],[11.0077,49.4537],[11.0098,49.4645],[11.0259,49.4739],[11.0197,49.4884],[11.025,49.5073],[10.9999,49.5127],[10.9952,49.5353],[10.9879,49.5368],[10.9747,49.5411],[10.9663,49.5333],[10.934,49.5345],[10.9316,49.5157],[10.9203,49.5083],[10.9067,49.5058],[10.8932,49.4957],[10.902,49.4883],[10.9072,49.4672],[10.9127,49.462],[10.9634,49.4577],[10.9848,49.4453],[10.9905,49.4365]]]},"properties":{"AGS":"09563000","GEN":"Fürth","SN_L":"09"}},
{"type":"Feature","geometry":{"type":"MultiPolygon","coordinates":[[[[11.2671,49.436],[11.2566,49.4311],[11.2592,49.4093],[11.2625,49.4164],[11.2801,49.4166],[11.2671,49.436]]],[[[11.0295,49.5354],[10.9892,49.5403],[10.9879,49.5368],[10.9952,49.5353],[10.9999,49.5127],[11.025,49.5073],[11.0197,49.4884],[11.0259,49.4739],[11.0098,49.4645],[11.0077,49.4537],[10.9945,49.4488],[10.9905,49.4365],[10.9988,49.4262],[11.0157,49.4171],[11.0254,49.3987],[10.9927,49.3815],[10.9978,49.3759],[11.0143,49.3706],[11.0321,49.3721],[11.0454,49.3599],[11.0409,49.3519],[11.0694,49.3336],[11.0798,49.3393],[11.1194,49.3574],[11.1112,49.3641],[11.1054,49.3796],[11.1158,49.3897],[11.1349,49.3911],[11.1584,49.3876],[11.1692,49.3885],[11.1882,49.3896],[11.1903,49.3897],[11.1799,49.4085],[11.1931,49.408],[11.2076,49.4209],[11.1941,49.4255],[11.179,49.4171],[11.134,49.4336],[11.1362,49.4386],[11.1558,49.4461],[11.1485,49.459],[11.1725,49.4619],[11.1857,49.4677],[11.1782,49.4741],[11.1504,49.4713],[11.1431,49.4875],[11.1268,49.4924],[11.1201,49.5128],[11.096,49.5077],[11.0973,49.5011],[11.0586,49.5056],[11.0603,49.5161],[11.0693,49.523],[11.0295,49.5354]]]]},"properties":{"AGS":"09564000","GEN":"Nürnberg","SN_L":"09"}},
{"type":"Feature","geometry":{"type":"Polygon","coordinates":[[[11.0798,49.3393],[11.0694,49.3336],[11.0409,49.3519],[11.0454,49.3599],[11.0321,49.3721],[11.0143,49.3706],[10.9978,49.3759],[10.9864,49.3655],[10.9712,49.359],[10.9723,49.352],[10.9925,49.3383],[10.9766,49.3253],[10.9951,49.3211],[11.0142,49.2941],[11.0424,49.2981],[11.0413,49.3065],[11.0555,49.3169],[11.078,49.3189],[11.0874,49.3142],[11.0798,49.3393]]]},"properties":{"AGS":"09565000","GEN":"Schwabach","SN_L":"09"}},
{"type":"Feature","geometry":{"type":"Polygon","coordinates":[[[10.6937,49.1518],[10.6809,49.1582],[10.6269,49.1616],[10.6135,49.1542],[10.5917,49.1544],[10.5864,49.1292],[10.5772,49.1255],[10.5808,49.1197],[10.604,49.1201],[10.6262,49.1013],[10.6483,49.1023],[10.6563,49.1095],[10.6543,49.1315],[10.6372,49.1321],[10.6404,49.1417],[10.6551,49.1326],[10.6681,49.1336],[10.68,49.1459],[10.6937,49.1518]]]},"properties":{"AGS":"09571113","GEN":"Arberg","SN_L":"09"}},
{"type":"Feature","geometry":{"type":"Polygon","coordinates":[[[10.4378,49.2736],[10.4286,49.2732],[10.381,49.2571],[10.372,49.2445],[10.3529,49.2434],[10.3285,49.2515],[10.3324,49.2406],[10.3173,49.2359],[10.3304,49.2271],[10.3521,49.2252],[10.3673,49.2199],[10.369,49.2082],[10.386,49.2098],[10.3967,49.2091],[10.4133,49.2255],[10.463,49.2338],[10.4621,49.2479],[10.436,49.2616],[10.4378,49.2736]]]},"properties":{"AGS":"09571114","GEN":"Aurach","SN_L":"09"}},
{"type":"Feature","geometry":{"type":"Polygon","coordinates":[[[10.5699,49.2115],[10.529,49.217],[10.5163,49.2025],[10.5001,49.2035],[10.4873,49.1954],[10.5105,49.1788],[10.5078,49.1691],[10.5156,49.1602],[10.5127,49.1345],[10.5071,49.1327],[10.5369,49.1316],[10.5382,49.1253],[10.5772,49.1255],[10.5864,49.1292],[10.5917,49.1544],[10.6135,49.1542],[10.6269,49.1616],[10.6253,49.1809],[10.6125,49.186],[10.5958,49.1977],[10.5729,49.1995],[10.5699,49.2115]]]},"properties":{"AGS":"09571115","GEN":"Bechhofen","SN_L":"09"}},
{"type":"Feature","geometry":{"type":"Polygon","coordinates":[[[10.6087,49.2382],[10.5809,49.2456],[10.5682,49.2413],[10.5639,49.2219],[10.5699,49.2115],[10.5729,49.1995],[10.5958,49.1977],[10.6029,49.211],[10.6012,49.2258],[10.6087,49.2382]]]},"properties":{"AGS":"09571127","GEN":"Burgoberbach","SN_L":"09"}},
{"type":"Feature","geometry":{"type":"Polygon","coordinates":[[[10.3871,49.4125],[10.3646,49.4126],[10.3655,49.3964],[10.3524,49.3942],[10.3524,49.3807],[10.3642,49.3762],[10.3735,49.3581],[10.3705,49.3471],[10.3803,49.3454],[10.3992,49.3318],[10.4184,49.3309],[10.4355,49.342],[10.4607,49.3354],[10.465,49.3418],[10.4597,49.3572],[10.419,49.3633],[10.4131,49.3749],[10.4212,49.3928],[10.4021,49.4022],[10.383,49.4011],[10.3871,49.4125]]]},"properties":{"AGS":"09571130","GEN":"Colmberg","SN_L":"09"}},
{"type":"Feature","geometry":{"type":"Polygon","coordinates":[[[10.7383,49.4338],[10.7132,49.4329],[10.6974,49.4363],[10.6424,49.4224],[10.6137,49.4307],[10.598,49.4223],[10.5973,49.4061],[10.6092,49.3975],[10.6307,49.3913],[10.6313,49.3856],[10.6578,49.3798],[10.6555,49.3672],[10.6747,49.3609],[10.6973,49.3626],[10.707,49.3678],[10.7175,49.3661],[10.7289,49.3729],[10.7315,49.383],[10.7491,49.3794],[10.7758,49.3889],[10.7431,49.4003],[10.7507,49.4226],[10.7383,49.4338]]]},"properties":{"AGS":"09571135","GEN":"Dietenhofen","SN_L":"09"}},
{"type":"Feature","geometry":{"type":"Polygon","coordinates":[[[10.2569,49.1291],[10.2303,49.119],[10.2266,49.111],[10.205,49.0981],[10.2228,49.0979],[10.2291,49.0898],[10.2491,49.0916],[10.2455,49.0743],[10.2582,49.0702],[10.2568,49.0595],[10.2517,49.0496],[10.2848,49.0366],[10.3166,49.0285],[10.3338,49.0451],[10.3512,49.0457],[10.3654,49.0525],[10.3808,49.0494],[10.3946,49.0578],[10.4257,49.0674],[10.4306,49.0765],[10.4183,49.0871],[10.3945,49.0781],[10.3766,49.0809],[10.3422,49.0974],[10.3388,49.1039],[10.3203,49.0963],[10.2739,49.0971],[10.2626,49.1012],[10.2618,49.115],[10.2687,49.1193],[10.2569,49.1291]]]},"properties":{"AGS":"09571136","GEN":"Dinkelsbühl","SN_L":"09"}},
{"type":"Feature","geometry":{"type":"Polygon","coordinates":[[[10.4108,49.1071],[10.3686,49.1226],[10.3633,49.1315],[10.3336,49.1215],[10.3388,49.1039],[10.3422,49.0974],[10.3766,49.0809],[10.3945,49.0781],[10.4183,49.0871],[10.4299,49.0941],[10.4187,49.1058],[10.4108,49.1071]]]},"properties":{"AGS":"09571139","GEN":"Dürrwangen","SN_L":"09"}},
{"type":"Feature","geometry":{"type":"Polygon","coordinates":[[[10.2742,49.238],[10.2502,49.2336],[10.2511,49.2259],[10.2346,49.2199],[10.2287,49.2084],[10.2416,49.1822],[10.2311,49.1571],[10.248,49.1493],[10.2569,49.1291],[10.2687,49.1193],[10.2929,49.1128],[10.288,49.1283],[10.3039,49.1336],[10.3336,49.1215],[10.3633,49.1315],[10.3686,49.1226],[10.4108,49.1071],[10.4039,49.1214],[10.4175,49.1293],[10.4115,49.1379],[10.3971,49.1377],[10.3914,49.1599],[10.4077,49.1599],[10.4219,49.1747],[10.4354,49.1743],[10.4388,49.1771],[10.4386,49.1854],[10.4191,49.1924],[10.3915,49.1902],[10.386,49.2098],[10.369,49.2082],[10.3673,49.2199],[10.3521,49.2252],[10.3304,49.2271],[10.3173,49.2359],[10.3011,49.2313],[10.2742,49.238]]]},"properties":{"AGS":"09571145","GEN":"Feuchtwangen","SN_L":"09"}},
{"type":"Feature","geometry":{"type":"Polygon","coordinates":[[[10.5551,49.4375],[10.538,49.4382],[10.5204,49.4508],[10.5042,49.437],[10.4788,49.4273],[10.481,49.4159],[10.4898,49.3976],[10.468,49.3896],[10.4896,49.3752],[10.518,49.3684],[10.5488,49.3659],[10.5491,49.3845],[10.5656,49.3882],[10.568,49.4027],[10.5406,49.4178],[10.5538,49.4279],[10.5551,49.4375]]]},"properties":{"AGS":"09571146","GEN":"Flachslanden","SN_L":"09"}},
{"type":"Feature","geometry":{"type":"Polygon","coordinates":[[[10.8244,49.374],[10.8064,49.3758],[10.8018,49.3825],[10.7758,49.3889],[10.7491,49.3794],[10.7315,49.383],[10.7289,49.3729],[10.7175,49.3661],[10.7376,49.361],[10.7371,49.3506],[10.7538,49.3371],[10.7563,49.3286],[10.77,49.3171],[10.7835,49.3207],[10.8226,49.3147],[10.8378,49.3039],[10.8497,49.3031],[10.861,49.3111],[10.8655,49.3148],[10.8698,49.3195],[10.8616,49.343],[10.8678,49.3561],[10.8411,49.3633],[10.8244,49.374]]]},"properties":{"AGS":"09571165","GEN":"Heilsbronn","SN_L":"09"}},
{"type":"Feature","geometry":{"type":"Polygon","coordinates":[[[10.4559,49.2842],[10.4378,49.2736],[10.436,49.2616],[10.4621,49.2479],[10.463,49.2338],[10.4133,49.2255],[10.3967,49.2091],[10.386,49.2098],[10.3915,49.1902],[10.4191,49.1924],[10.4386,49.1854],[10.4388,49.1771],[10.4559,49.1779],[10.4873,49.1954],[10.5001,49.2035],[10.5163,49.2025],[10.529,49.217],[10.5699,49.2115],[10.5639,49.2219],[10.5682,49.2413],[10.5809,49.2456],[10.5525,49.2603],[10.5293,49.2625],[10.5176,49.2576],[10.5009,49.2665],[10.4741,49.2672],[10.4559,49.2842]]]},"properties":{"AGS":"09571166","GEN":"Herrieden","SN_L":"09"}},
{"type":"Feature","geometry":{"type":"Polygon","coordinates":[[[10.4839,49.1204],[10.4492,49.1265],[10.4288,49.1226],[10.4187,49.1058],[10.4299,49.0941],[10.4183,49.0871],[10.4306,49.0765],[10.4449,49.0741],[10.4672,49.0828],[10.4941,49.0993],[10.4835,49.1104],[10.4839,49.1204]]]},"properties":{"AGS":"09571170","GEN":"Langfurth","SN_L":"09"}},
{"type":"Feature","geometry":{"type":"Polygon","coordinates":[[[10.468,49.3896],[10.455,49.3849],[10.4212,49.3928],[10.4131,49.3749],[10.419,49.3633],[10.4597,49.3572],[10.465,49.3418],[10.4607,49.3354],[10.4833,49.3273],[10.5179,49.3252],[10.5505,49.3394],[10.5772,49.3436],[10.5732,49.3582],[10.5765,49.3826],[10.5656,49.3882],[10.5491,49.3845],[10.5488,49.3659],[10.518,49.3684],[10.4896,49.3752],[10.468,49.3896]]]},"properties":{"AGS":"09571171","GEN":"Lehrberg","SN_L":"09"}},
{"type":"Feature","geometry":{"type":"Polygon","coordinates":[[[10.4607,49.3354],[10.4355,49.342],[10.4184,49.3309],[10.3992,49.3318],[10.3803,49.3454],[10.3705,49.3471],[10.347,49.3402],[10.3635,49.3346],[10.365,49.323],[10.3479,49.3205],[10.3455,49.3042],[10.3204,49.2908],[10.3221,49.2774],[10.3094,49.2756],[10.3285,49.2515],[10.3529,49.2434],[10.372,49.2445],[10.381,49.2571],[10.4286,49.2732],[10.4378,49.2736],[10.4559,49.2842],[10.4649,49.2932],[10.4832,49.2891],[10.4985,49.2917],[10.4932,49.3057],[10.4768,49.3118],[10.4736,49.326],[10.4833,49.3273],[10.4607,49.3354]]]},"properties":{"AGS":"09571174","GEN":"Leutershausen","SN_L":"09"}},
{"type":"Feature","geometry":{"type":"Polygon","coordinates":[[[10.7588,49.285],[10.7363,49.2897],[10.7394,49.2961],[10.6947,49.2976],[10.6888,49.2836],[10.6762,49.2836],[10.6716,49.2698],[10.6459,49.2573],[10.6357,49.2474],[10.6402,49.2346],[10.6507,49.2301],[10.6719,49.2322],[10.6811,49.2424],[10.6997,49.2378],[10.7116,49.2507],[10.7445,49.2508],[10.7677,49.2583],[10.7708,49.2753],[10.7588,49.285]]]},"properties":{"AGS":"09571175","GEN":"Lichtenau","SN_L":"09"}},
{"type":"Feature","geometry":{"type":"Polygon","coordinates":[[[10.6997,49.2378],[10.6811,49.2424],[10.6719,49.2322],[10.6507,49.2301],[10.6625,49.2196],[10.6668,49.1965],[10.666,49.1872],[10.6758,49.1745],[10.6911,49.1707],[10.6984,49.1616],[10.7103,49.1685],[10.7087,49.1784],[10.7311,49.1858],[10.7165,49.2001],[10.7303,49.2093],[10.7158,49.2203],[10.7051,49.2154],[10.6883,49.2172],[10.6864,49.2312],[10.6997,49.2378]]]},"properties":{"AGS":"09571177","GEN":"Merkendorf","SN_L":"09"}},
{"type":"Feature","geometry":{"type":"Polygon","coordinates":[[[10.861,49.3111],[10.8497,49.3031],[10.8378,49.3039],[10.8226,49.3147],[10.7835,49.3207],[10.77,49.3171],[10.7878,49.3011],[10.7745,49.2896],[10.7588,49.285],[10.7708,49.2753],[10.7677,49.2583],[10.7889,49.2514],[10.7971,49.2589],[10.82,49.2588],[10.8222,49.2713],[10.8492,49.2809],[10.8638,49.2891],[10.8671,49.3058],[10.861,49.3111]]]},"properties":{"AGS":"09571180","GEN":"Neuendettelsau","SN_L":"09"}},
{"type":"Feature","geometry":{"type":"Polygon","coordinates":[[[10.481,49.4159],[10.4458,49.4166],[10.4353,49.4283],[10.4228,49.4294],[10.3968,49.4291],[10.3871,49.4125],[10.383,49.4011],[10.4021,49.4022],[10.4212,49.3928],[10.455,49.3849],[10.468,49.3896],[10.4898,49.3976],[10.481,49.4159]]]},"properties":{"AGS":"09571183","GEN":"Oberdachstetten","SN_L":"09"}},
{"type":"Feature","geometry":{"type":"Polygon","coordinates":[[[10.7175,49.3661],[10.707,49.3678],[10.7047,49.3536],[10.7168,49.3487],[10.691,49.3339],[10.6703,49.3347],[10.6624,49.3229],[10.65,49.3224],[10.6568,49.315],[10.6698,49.3074],[10.6973,49.3045],[10.6947,49.2976],[10.7394,49.2961],[10.7363,49.2897],[10.7588,49.285],[10.7745,49.2896],[10.7878,49.3011],[10.77,49.3171],[10.7563,49.3286],[10.7538,49.3371],[10.7371,49.3506],[10.7376,49.361],[10.7175,49.3661]]]},"properties":{"AGS":"09571190","GEN":"Petersaurach","SN_L":"09"}},
{"type":"Feature","geometry":{"type":"Polygon","coordinates":[[[10.2082,49.4008],[10.1959,49.4002],[10.1737,49.4069],[10.1522,49.401],[10.1612,49.3904],[10.1449,49.3844],[10.1266,49.3879],[10.112,49.3849],[10.1073,49.3788],[10.1174,49.369],[10.1039,49.347],[10.108,49.3325],[10.1237,49.3249],[10.1327,49.3277],[10.1636,49.3391],[10.1719,49.3556],[10.1807,49.3626],[10.2121,49.3611],[10.2062,49.3677],[10.2219,49.3927],[10.2082,49.4008]]]},"properties":{"AGS":"09571193","GEN":"Rothenburg ob der Tauber","SN_L":"09"}},
{"type":"Feature","geometry":{"type":"Polygon","coordinates":[[[10.6947,49.2976],[10.6973,49.3045],[10.6698,49.3074],[10.6568,49.315],[10.6351,49.3023],[10.6303,49.2873],[10.619,49.2865],[10.617,49.2728],[10.6259,49.2642],[10.6459,49.2573],[10.6716,49.2698],[10.6762,49.2836],[10.6888,49.2836],[10.6947,49.2976]]]},"properties":{"AGS":"09571196","GEN":"Sachsen b.Ansbach","SN_L":"09"}},
{"type":"Feature","geometry":{"type":"Polygon","coordinates":[[[10.1812,49.2358],[10.1583,49.2369],[10.1354,49.2445],[10.1315,49.251],[10.1198,49.2474],[10.135,49.21],[10.1268,49.2073],[10.1424,49.1954],[10.1568,49.1927],[10.171,49.1783],[10.1927,49.1676],[10.2046,49.1555],[10.2184,49.1635],[10.2311,49.1571],[10.2416,49.1822],[10.2287,49.2084],[10.2123,49.2243],[10.2097,49.2336],[10.1812,49.2358]]]},"properties":{"AGS":"09571199","GEN":"Schnelldorf","SN_L":"09"}},
{"type":"Feature","geometry":{"type":"Polygon","coordinates":[[[10.3336,49.1215],[10.3039,49.1336],[10.288,49.1283],[10.2929,49.1128],[10.2687,49.1193],[10.2618,49.115],[10.2626,49.1012],[10.2739,49.0971],[10.3203,49.0963],[10.3388,49.1039],[10.3336,49.1215]]]},"properties":{"AGS":"09571200","GEN":"Schopfloch","SN_L":"09"}},
{"type":"Feature","geometry":{"type":"Polygon","coordinates":[[[10.6882,49.0713],[10.6735,49.0723],[10.674,49.0828],[10.6577,49.0821],[10.6525,49.0706],[10.6239,49.0679],[10.6067,49.0715],[10.5898,49.0708],[10.5788,49.0606],[10.5847,49.0489],[10.5706,49.0405],[10.5402,49.0359],[10.5081,49.0324],[10.4934,49.0265],[10.4875,49.0099],[10.499,49.006],[10.52,49.0072],[10.5409,49.006],[10.5392,49.0218],[10.5557,49.0341],[10.5955,49.0345],[10.6056,49.0175],[10.6281,49.0204],[10.6423,49.0166],[10.6671,49.0173],[10.6766,49.0388],[10.6878,49.0471],[10.6806,49.0605],[10.6882,49.0713]]]},"properties":{"AGS":"09571214","GEN":"Wassertrüdingen","SN_L":"09"}},
{"type":"Feature","geometry":{"type":"Polygon","coordinates":[[[10.8884,49.3165],[10.8655,49.3148],[10.861,49.3111],[10.8671,49.3058],[10.8638,49.2891],[10.8492,49.2809],[10.8222,49.2713],[10.82,49.2588],[10.7971,49.2589],[10.7889,49.2514],[10.7677,49.2583],[10.7445,49.2508],[10.7439,49.2412],[10.7628,49.2362],[10.7738,49.2213],[10.7933,49.2269],[10.8138,49.2286],[10.8235,49.2044],[10.8372,49.1985],[10.8639,49.2073],[10.8603,49.2203],[10.8764,49.2308],[10.8972,49.2373],[10.9134,49.2466],[10.8997,49.2736],[10.905,49.2936],[10.8998,49.3],[10.8884,49.3165]]]},"properties":{"AGS":"09571226","GEN":"Windsbach","SN_L":"09"}},
{"type":"Feature","geometry":{"type":"Polygon","coordinates":[[[10.1684,49.4745],[10.1372,49.4785],[10.1183,49.4732],[10.1223,49.4639],[10.097,49.4559],[10.0947,49.4479],[10.1188,49.4439],[10.1337,49.4371],[10.1394,49.4239],[10.167,49.4242],[10.1927,49.4343],[10.1902,49.4432],[10.1884,49.454],[10.1777,49.4722],[10.1684,49.4745]]]},"properties":{"AGS":"09571111","GEN":"Adelshofen","SN_L":"09"}},
{"type":"Feature","geometry":{"type":"Polygon","coordinates":[[[10.2121,49.3611],[10.1807,49.3626],[10.1719,49.3556],[10.1785,49.3415],[10.188,49.3356],[10.186,49.3247],[10.2243,49.3232],[10.2465,49.3302],[10.2652,49.3259],[10.275,49.3326],[10.2487,49.3385],[10.2605,49.3514],[10.2253,49.3518],[10.2121,49.3611]]]},"properties":{"AGS":"09571152","GEN":"Gebsattel","SN_L":"09"}},
{"type":"Feature","geometry":{"type":"Polygon","coordinates":[[[10.3705,49.3471],[10.3735,49.3581],[10.3642,49.3762],[10.3524,49.3807],[10.3524,49.3942],[10.3248,49.3768],[10.3052,49.3904],[10.2812,49.3909],[10.2711,49.3762],[10.2562,49.3646],[10.2621,49.3539],[10.2605,49.3514],[10.2487,49.3385],[10.275,49.3326],[10.2915,49.3306],[10.309,49.3361],[10.347,49.3402],[10.3705,49.3471]]]},"properties":{"AGS":"09571155","GEN":"Geslau","SN_L":"09"}},
{"type":"Feature","geometry":{"type":"Polygon","coordinates":[[[10.186,49.3247],[10.188,49.3356],[10.1785,49.3415],[10.1719,49.3556],[10.1636,49.3391],[10.1327,49.3277],[10.1452,49.3165],[10.1317,49.3051],[10.1383,49.2915],[10.1566,49.2808],[10.1828,49.2839],[10.1857,49.3002],[10.1776,49.304],[10.1719,49.3176],[10.186,49.3247]]]},"properties":{"AGS":"09571169","GEN":"Insingen","SN_L":"09"}},
{"type":"Feature","geometry":{"type":"Polygon","coordinates":[[[10.2396,49.4096],[10.2267,49.4103],[10.2082,49.4008],[10.2219,49.3927],[10.2062,49.3677],[10.2121,49.3611],[10.2253,49.3518],[10.2605,49.3514],[10.2621,49.3539],[10.2385,49.3689],[10.2463,49.3741],[10.2455,49.3953],[10.2396,49.4096]]]},"properties":{"AGS":"09571181","GEN":"Neusitz","SN_L":"09"}},
{"type":"Feature","geometry":{"type":"Polygon","coordinates":[[[10.2317,49.4881],[10.2052,49.492],[10.1807,49.4897],[10.1684,49.4745],[10.1777,49.4722],[10.1884,49.454],[10.1902,49.4432],[10.2178,49.4466],[10.2126,49.4576],[10.2431,49.4582],[10.2483,49.4527],[10.2635,49.4656],[10.2614,49.473],[10.2438,49.4748],[10.2317,49.4881]]]},"properties":{"AGS":"09571188","GEN":"Ohrenbach","SN_L":"09"}},
{"type":"Feature","geometry":{"type":"Polygon","coordinates":[[[10.2483,49.4527],[10.2431,49.4582],[10.2126,49.4576],[10.2178,49.4466],[10.1902,49.4432],[10.1927,49.4343],[10.167,49.4242],[10.1394,49.4239],[10.1517,49.4123],[10.1522,49.401],[10.1737,49.4069],[10.1959,49.4002],[10.2082,49.4008],[10.2267,49.4103],[10.2396,49.4096],[10.247,49.4225],[10.2702,49.4242],[10.265,49.4342],[10.2483,49.4527]]]},"properties":{"AGS":"09571205","GEN":"Steinsfeld","SN_L":"09"}},
{"type":"Feature","geometry":{"type":"Polygon","coordinates":[[[10.2761,49.4319],[10.265,49.4342],[10.2702,49.4242],[10.247,49.4225],[10.2396,49.4096],[10.2455,49.3953],[10.2463,49.3741],[10.2385,49.3689],[10.2621,49.3539],[10.2562,49.3646],[10.2711,49.3762],[10.2812,49.3909],[10.3052,49.3904],[10.3248,49.3768],[10.3524,49.3942],[10.3655,49.3964],[10.3646,49.4126],[10.3494,49.4105],[10.3442,49.4304],[10.3386,49.433],[10.2954,49.4126],[10.2802,49.4205],[10.2761,49.4319]]]},"properties":{"AGS":"09571225","GEN":"Windelsbach","SN_L":"09"}},
{"type":"Feature","geometry":{"type":"Polygon","coordinates":[[[10.347,49.3402],[10.309,49.3361],[10.2915,49.3306],[10.275,49.3326],[10.2652,49.3259],[10.2642,49.3031],[10.274,49.2982],[10.2935,49.3022],[10.3067,49.2953],[10.3191,49.3016],[10.3455,49.3042],[10.3479,49.3205],[10.365,49.323],[10.3635,49.3346],[10.347,49.3402]]]},"properties":{"AGS":"09571125","GEN":"Buch a.Wald","SN_L":"09"}},
{"type":"Feature","geometry":{"type":"Polygon","coordinates":[[[10.2243,49.3232],[10.186,49.3247],[10.1719,49.3176],[10.1776,49.304],[10.1857,49.3002],[10.1828,49.2839],[10.2006,49.2698],[10.2146,49.2672],[10.2328,49.2701],[10.2329,49.2852],[10.2483,49.2969],[10.2345,49.3192],[10.2243,49.3232]]]},"properties":{"AGS":"09571134","GEN":"Diebach","SN_L":"09"}},
{"type":"Feature","geometry":{"type":"Polygon","coordinates":[[[10.3094,49.2756],[10.2992,49.2829],[10.2649,49.2633],[10.2761,49.2503],[10.2742,49.238],[10.3011,49.2313],[10.3173,49.2359],[10.3324,49.2406],[10.3285,49.2515],[10.3094,49.2756]]]},"properties":{"AGS":"09571137","GEN":"Dombühl","SN_L":"09"}},
{"type":"Feature","geometry":{"type":"Polygon","coordinates":[[[10.2652,49.3259],[10.2465,49.3302],[10.2243,49.3232],[10.2345,49.3192],[10.2483,49.2969],[10.2329,49.2852],[10.2328,49.2701],[10.2569,49.2712],[10.2649,49.2633],[10.2992,49.2829],[10.3094,49.2756],[10.3221,49.2774],[10.3204,49.2908],[10.3455,49.3042],[10.3191,49.3016],[10.3067,49.2953],[10.2935,49.3022],[10.274,49.2982],[10.2642,49.3031],[10.2652,49.3259]]]},"properties":{"AGS":"09571198","GEN":"Schillingsfürst","SN_L":"09"}},
{"type":"Feature","geometry":{"type":"Polygon","coordinates":[[[10.2146,49.2672],[10.2006,49.2698],[10.1828,49.2839],[10.1566,49.2808],[10.1474,49.2685],[10.1266,49.2624],[10.1315,49.251],[10.1354,49.2445],[10.1583,49.2369],[10.1812,49.2358],[10.1761,49.2494],[10.195,49.2519],[10.2146,49.2592],[10.2146,49.2672]]]},"properties":{"AGS":"09571222","GEN":"Wettringen","SN_L":"09"}},
{"type":"Feature","geometry":{"type":"Polygon","coordinates":[[[10.2649,49.2633],[10.2569,49.2712],[10.2328,49.2701],[10.2146,49.2672],[10.2146,49.2592],[10.195,49.2519],[10.1761,49.2494],[10.1812,49.2358],[10.2097,49.2336],[10.2123,49.2243],[10.2287,49.2084],[10.2346,49.2199],[10.2511,49.2259],[10.2502,49.2336],[10.2742,49.238],[10.2761,49.2503],[10.2649,49.2633]]]},"properties":{"AGS":"09571228","GEN":"Wörnitz","SN_L":"09"}},
{"type":"Feature","geometry":{"type":"Polygon","coordinates":[[[10.707,49.3678],[10.6973,49.3626],[10.6747,49.3609],[10.678,49.3432],[10.6703,49.3347],[10.691,49.3339],[10.7168,49.3487],[10.7047,49.3536],[10.707,49.3678]]]},"properties":{"AGS":"09571122","GEN":"Bruckberg","SN_L":"09"}},
{"type":"Feature","geometry":{"type":"Polygon","coordinates":[[[10.598,49.4223],[10.6092,49.4314],[10.614,49.4458],[10.6037,49.4466],[10.5732,49.4381],[10.5573,49.4453],[10.5551,49.4375],[10.5538,49.4279],[10.5406,49.4178],[10.568,49.4027],[10.5656,49.3882],[10.5765,49.3826],[10.5908,49.3948],[10.6092,49.3975],[10.5973,49.4061],[10.598,49.4223]]]},"properties":{"AGS":"09571194","GEN":"Rügland","SN_L":"09"}},
{"type":"Feature","geometry":{"type":"Polygon","coordinates":[[[10.6092,49.3975],[10.5908,49.3948],[10.5765,49.3826],[10.5732,49.3582],[10.5772,49.3436],[10.6026,49.3298],[10.65,49.3224],[10.6624,49.3229],[10.6703,49.3347],[10.678,49.3432],[10.6747,49.3609],[10.6555,49.3672],[10.6578,49.3798],[10.6313,49.3856],[10.6307,49.3913],[10.6092,49.3975]]]},"properties":{"AGS":"09571217","GEN":"Weihenzell","SN_L":"09"}},
{"type":"Feature","geometry":{"type":"Polygon","coordinates":[[[10.6984,49.1616],[10.6911,49.1707],[10.6758,49.1745],[10.666,49.1872],[10.6668,49.1965],[10.6425,49.188],[10.6247,49.1901],[10.6125,49.186],[10.6253,49.1809],[10.6269,49.1616],[10.6809,49.1582],[10.6937,49.1518],[10.6952,49.1519],[10.6984,49.1616]]]},"properties":{"AGS":"09571189","GEN":"Ornbau","SN_L":"09"}},
{"type":"Feature","geometry":{"type":"Polygon","coordinates":[[[10.6402,49.2346],[10.6087,49.2382],[10.6012,49.2258],[10.6029,49.211],[10.5958,49.1977],[10.6125,49.186],[10.6247,49.1901],[10.6425,49.188],[10.6668,49.1965],[10.6625,49.2196],[10.6507,49.2301],[10.6402,49.2346]]]},"properties":{"AGS":"09571216","GEN":"Weidenbach","SN_L":"09"}},
{"type":"Feature","geometry":{"type":"Polygon","coordinates":[[[10.5071,49.1327],[10.5127,49.1345],[10.5156,49.1602],[10.4749,49.1454],[10.4551,49.1473],[10.4584,49.1432],[10.4288,49.1226],[10.4492,49.1265],[10.4839,49.1204],[10.4946,49.1298],[10.5071,49.1327]]]},"properties":{"AGS":"09571128","GEN":"Burk","SN_L":"09"}},
{"type":"Feature","geometry":{"type":"Polygon","coordinates":[[[10.4354,49.1743],[10.4219,49.1747],[10.4077,49.1599],[10.3914,49.1599],[10.3971,49.1377],[10.4115,49.1379],[10.4175,49.1293],[10.4039,49.1214],[10.4108,49.1071],[10.4187,49.1058],[10.4288,49.1226],[10.4584,49.1432],[10.4551,49.1473],[10.4439,49.1532],[10.4307,49.1711],[10.4354,49.1743]]]},"properties":{"AGS":"09571132","GEN":"Dentlein a.Forst","SN_L":"09"}},
{"type":"Feature","geometry":{"type":"Polygon","coordinates":[[[10.4873,49.1954],[10.4559,49.1779],[10.4388,49.1771],[10.4354,49.1743],[10.4307,49.1711],[10.4439,49.1532],[10.4551,49.1473],[10.4749,49.1454],[10.5156,49.1602],[10.5078,49.1691],[10.5105,49.1788],[10.4873,49.1954]]]},"properties":{"AGS":"09571223","GEN":"Wieseth","SN_L":"09"}},
{"type":"Feature","geometry":{"type":"Polygon","coordinates":[[[10.3512,49.0457],[10.3338,49.0451],[10.3166,49.0285],[10.3205,49.0257],[10.3296,49.0296],[10.3503,49.0284],[10.3454,49.0166],[10.3522,49.006],[10.3728,49.0032],[10.3887,49.0182],[10.3844,49.0292],[10.36,49.038],[10.3512,49.0457]]]},"properties":{"AGS":"09571179","GEN":"Mönchsroth","SN_L":"09"}},
{"type":"Feature","geometry":{"type":"Polygon","coordinates":[[[10.486,49.0429],[10.4684,49.0561],[10.4329,49.0545],[10.4247,49.0427],[10.4111,49.0322],[10.4122,49.0245],[10.4336,49.0047],[10.4694,49.0108],[10.4875,49.0099],[10.4934,49.0265],[10.486,49.0429]]]},"properties":{"AGS":"09571218","GEN":"Weiltingen","SN_L":"09"}},
{"type":"Feature","geometry":{"type":"Polygon","coordinates":[[[10.4247,49.0427],[10.403,49.0451],[10.3946,49.0578],[10.3808,49.0494],[10.3654,49.0525],[10.3512,49.0457],[10.36,49.038],[10.3844,49.0292],[10.3887,49.0182],[10.3728,49.0032],[10.3818,48.9885],[10.4013,48.9862],[10.4098,48.9774],[10.4273,48.9817],[10.4212,48.9924],[10.4336,49.0047],[10.4122,49.0245],[10.4111,49.0322],[10.4247,49.0427]]]},"properties":{"AGS":"09571224","GEN":"Wilburgstetten","SN_L":"09"}},
{"type":"Feature","geometry":{"type":"Polygon","coordinates":[[[10.5772,49.1255],[10.5382,49.1253],[10.5369,49.1316],[10.5071,49.1327],[10.4946,49.1298],[10.4839,49.1204],[10.4835,49.1104],[10.4941,49.0993],[10.5096,49.087],[10.5026,49.0695],[10.5326,49.0673],[10.5549,49.0682],[10.5788,49.0606],[10.5898,49.0708],[10.6067,49.0715],[10.5973,49.096],[10.5786,49.1067],[10.5808,49.1197],[10.5772,49.1255]]]},"properties":{"AGS":"09571141","GEN":"Ehingen","SN_L":"09"}},
{"type":"Feature","geometry":{"type":"Polygon","coordinates":[[[10.5326,49.0673],[10.5026,49.0695],[10.4903,49.0575],[10.486,49.0429],[10.4934,49.0265],[10.5081,49.0324],[10.5402,49.0359],[10.5296,49.0489],[10.5326,49.0673]]]},"properties":{"AGS":"09571154","GEN":"Gerolfingen","SN_L":"09"}},
{"type":"Feature","geometry":{"type":"Polygon","coordinates":[[[10.5788,49.0606],[10.5549,49.0682],[10.5326,49.0673],[10.5296,49.0489],[10.5402,49.0359],[10.5706,49.0405],[10.5847,49.0489],[10.5788,49.0606]]]},"properties":{"AGS":"09571192","GEN":"Röckingen","SN_L":"09"}},
{"type":"Feature","geometry":{"type":"Polygon","coordinates":[[[10.6483,49.1023],[10.6262,49.1013],[10.604,49.1201],[10.5808,49.1197],[10.5786,49.1067],[10.5973,49.096],[10.6067,49.0715],[10.6239,49.0679],[10.6525,49.0706],[10.6577,49.0821],[10.6465,49.0916],[10.6483,49.1023]]]},"properties":{"AGS":"09571208","GEN":"Unterschwaningen","SN_L":"09"}},
{"type":"Feature","geometry":{"type":"Polygon","coordinates":[[[10.5026,49.0695],[10.5096,49.087],[10.4941,49.0993],[10.4672,49.0828],[10.4449,49.0741],[10.4306,49.0765],[10.4257,49.0674],[10.3946,49.0578],[10.403,49.0451],[10.4247,49.0427],[10.4329,49.0545],[10.4684,49.0561],[10.486,49.0429],[10.4903,49.0575],[10.5026,49.0695]]]},"properties":{"AGS":"09571227","GEN":"Wittelshofen","SN_L":"09"}},
{"type":"Feature","geometry":{"type":"Polygon","coordinates":[[[10.8372,49.1985],[10.8235,49.2044],[10.8138,49.2286],[10.7933,49.2269],[10.7738,49.2213],[10.7842,49.2032],[10.8277,49.196],[10.8376,49.1978],[10.8372,49.1985]]]},"properties":{"AGS":"09571178","GEN":"Mitteleschenbach","SN_L":"09"}},
{"type":"Feature","geometry":{"type":"Polygon","coordinates":[[[10.7445,49.2508],[10.7116,49.2507],[10.6997,49.2378],[10.6864,49.2312],[10.6883,49.2172],[10.7051,49.2154],[10.7158,49.2203],[10.7303,49.2093],[10.7165,49.2001],[10.7311,49.1858],[10.7403,49.1968],[10.7598,49.2032],[10.7842,49.2032],[10.7738,49.2213],[10.7628,49.2362],[10.7439,49.2412],[10.7445,49.2508]]]},"properties":{"AGS":"09571229","GEN":"Wolframs-Eschenbach","SN_L":"09"}},
{"type":"Feature","geometry":{"type":"Polygon","coordinates":[[[10.6551,49.1326],[10.6404,49.1417],[10.6372,49.1321],[10.6543,49.1315],[10.6551,49.1326]]]},"properties":{"AGS":"09571451","GEN":"Unterer Wald","SN_L":"09"}},
{"type":"Feature","geometry":{"type":"Polygon","coordinates":[[[10.9199,49.743],[10.8936,49.7403],[10.8933,49.7376],[10.869,49.7374],[10.863,49.7305],[10.8708,49.7122],[10.8643,49.7048],[10.8762,49.6737],[10.8884,49.6676],[10.9072,49.6751],[10.9173,49.6853],[10.9324,49.7013],[10.9307,49.7111],[10.9405,49.7166],[10.9628,49.7167],[10.9313,49.7264],[10.9199,49.743]]]},"properties":{"AGS":"09572111","GEN":"Adelsdorf","SN_L":"09"}},
{"type":"Feature","geometry":{"type":"Polygon","coordinates":[[[11.0554,49.68],[11.0512,49.6826],[11.0328,49.6717],[11.0035,49.674],[10.9935,49.6624],[11.016,49.6579],[11.0166,49.639],[11.032,49.6381],[11.049,49.6418],[11.0492,49.6523],[11.0606,49.6559],[11.0461,49.6681],[11.0554,49.68]]]},"properties":{"AGS":"09572115","GEN":"Baiersdorf","SN_L":"09"}},
{"type":"Feature","geometry":{"type":"Polygon","coordinates":[[[11.032,49.6381],[11.0166,49.639],[10.9954,49.6197],[11.0037,49.6125],[11.0216,49.6161],[11.0326,49.6259],[11.032,49.6381]]]},"properties":{"AGS":"09572119","GEN":"Bubenreuth","SN_L":"09"}},
{"type":"Feature","geometry":{"type":"Polygon","coordinates":[[[11.2803,49.6043],[11.2601,49.6052],[11.2563,49.5967],[11.2313,49.5976],[11.2262,49.6082],[11.2079,49.6016],[11.2079,49.5945],[11.188,49.5904],[11.1463,49.5888],[11.1467,49.5854],[11.1506,49.5752],[11.157,49.5638],[11.1747,49.5663],[11.1911,49.5608],[11.216,49.5684],[11.2349,49.5673],[11.2386,49.5738],[11.2632,49.5707],[11.2756,49.5784],[11.2723,49.587],[11.2854,49.5906],[11.2803,49.6043]]]},"properties":{"AGS":"09572121","GEN":"Eckental","SN_L":"09"}},
{"type":"Feature","geometry":{"type":"Polygon","coordinates":[[[10.9324,49.7013],[10.9173,49.6853],[10.9417,49.6751],[10.9506,49.6841],[10.9723,49.6817],[10.9613,49.6913],[10.9324,49.7013]]]},"properties":{"AGS":"09572130","GEN":"Hemhofen","SN_L":"09"}},
{"type":"Feature","geometry":{"type":"MultiPolygon","coordinates":[[[[11.1911,49.5608],[11.1747,49.5663],[11.157,49.5638],[11.1627,49.5507],[11.1906,49.5516],[11.1956,49.5481],[11.1911,49.5608]]],[[[11.1385,49.5242],[11.1675,49.5235],[11.1752,49.5302],[11.1601,49.5491],[11.1367,49.5469],[11.1359,49.536],[11.1385,49.5242]]]]},"properties":{"AGS":"09572131","GEN":"Heroldsberg","SN_L":"09"}},
{"type":"Feature","geometry":{"type":"Polygon","coordinates":[[[10.8556,49.6117],[10.839,49.6127],[10.8366,49.5927],[10.8523,49.5807],[10.8308,49.5543],[10.8214,49.5516],[10.8104,49.5439],[10.8158,49.5356],[10.8342,49.5342],[10.8669,49.5427],[10.8834,49.5366],[10.8897,49.5417],[10.9152,49.5424],[10.9328,49.5383],[10.936,49.5627],[10.9201,49.5614],[10.9249,49.5761],[10.9251,49.6059],[10.9138,49.601],[10.8855,49.6017],[10.87,49.6082],[10.8556,49.6117]]]},"properties":{"AGS":"09572132","GEN":"Herzogenaurach","SN_L":"09"}},
{"type":"Feature","geometry":{"type":"Polygon","coordinates":[[[10.9313,49.7849],[10.9115,49.7816],[10.8725,49.7707],[10.8653,49.7587],[10.8364,49.7529],[10.8234,49.7406],[10.8042,49.7384],[10.7884,49.7312],[10.771,49.7197],[10.7833,49.7025],[10.7801,49.6965],[10.7504,49.6758],[10.7445,49.6749],[10.7675,49.6585],[10.788,49.6521],[10.8178,49.6641],[10.8205,49.6487],[10.8296,49.6472],[10.8482,49.6541],[10.8469,49.663],[10.8256,49.6724],[10.8312,49.684],[10.8254,49.6997],[10.8643,49.7048],[10.8708,49.7122],[10.863,49.7305],[10.869,49.7374],[10.8933,49.7376],[10.8936,49.7403],[10.9199,49.743],[10.934,49.755],[10.9273,49.7684],[10.9175,49.7764],[10.9313,49.7849]]]},"properties":{"AGS":"09572135","GEN":"Höchstadt a.d.Aisch","SN_L":"09"}},
{"type":"Feature","geometry":{"type":"Polygon","coordinates":[[[11.1363,49.5894],[11.1179,49.5892],[11.1179,49.5883],[11.132,49.5783],[11.1122,49.5722],[11.1171,49.5617],[11.108,49.5575],[11.1333,49.5434],[11.1359,49.536],[11.1367,49.5469],[11.1601,49.5491],[11.1627,49.5507],[11.157,49.5638],[11.1506,49.5752],[11.1351,49.5744],[11.1312,49.5868],[11.1467,49.5854],[11.1463,49.5888],[11.1363,49.5894]]]},"properties":{"AGS":"09572137","GEN":"Kalchreuth","SN_L":"09"}},
{"type":"Feature","geometry":{"type":"Polygon","coordinates":[[[10.9935,49.6624],[10.9801,49.6623],[10.972,49.6414],[10.9788,49.6304],[10.9591,49.626],[10.9751,49.616],[10.9954,49.6197],[11.0166,49.639],[11.016,49.6579],[10.9935,49.6624]]]},"properties":{"AGS":"09572142","GEN":"Möhrendorf","SN_L":"09"}},
{"type":"Feature","geometry":{"type":"Polygon","coordinates":[[[10.9417,49.6751],[10.9173,49.6853],[10.9072,49.6751],[10.8884,49.6676],[10.9263,49.6514],[10.9417,49.6751]]]},"properties":{"AGS":"09572149","GEN":"Röttenbach","SN_L":"09"}},
{"type":"Feature","geometry":{"type":"Polygon","coordinates":[[[10.7645,49.7345],[10.7597,49.7449],[10.7291,49.7497],[10.7232,49.7548],[10.7339,49.766],[10.7156,49.7802],[10.6968,49.7756],[10.6775,49.7643],[10.6719,49.7566],[10.7066,49.7461],[10.7028,49.733],[10.6859,49.7332],[10.6714,49.7224],[10.7027,49.7175],[10.7072,49.7258],[10.7389,49.7294],[10.7481,49.7272],[10.7645,49.7345]]]},"properties":{"AGS":"09572160","GEN":"Wachenroth","SN_L":"09"}},
{"type":"Feature","geometry":{"type":"Polygon","coordinates":[[[10.8482,49.6541],[10.8296,49.6472],[10.8205,49.6487],[10.8178,49.6641],[10.788,49.6521],[10.7812,49.6421],[10.7842,49.6343],[10.7615,49.6273],[10.763,49.6058],[10.7749,49.6054],[10.7906,49.6035],[10.8113,49.6015],[10.8193,49.5901],[10.8366,49.5927],[10.839,49.6127],[10.8556,49.6117],[10.8612,49.6216],[10.8545,49.6333],[10.8754,49.637],[10.8616,49.6513],[10.8482,49.6541]]]},"properties":{"AGS":"09572164","GEN":"Weisendorf","SN_L":"09"}},
{"type":"Feature","geometry":{"type":"Polygon","coordinates":[[[10.8643,49.7048],[10.8254,49.6997],[10.8312,49.684],[10.8256,49.6724],[10.8469,49.663],[10.8762,49.6737],[10.8643,49.7048]]]},"properties":{"AGS":"09572126","GEN":"Gremsdorf","SN_L":"09"}},
{"type":"Feature","geometry":{"type":"Polygon","coordinates":[[[10.771,49.7197],[10.7481,49.7272],[10.7389,49.7294],[10.7072,49.7258],[10.7027,49.7175],[10.7271,49.7103],[10.712,49.6951],[10.6969,49.6915],[10.7294,49.6858],[10.7445,49.6749],[10.7504,49.6758],[10.7801,49.6965],[10.7833,49.7025],[10.771,49.7197]]]},"properties":{"AGS":"09572139","GEN":"Lonnerstadt","SN_L":"09"}},
{"type":"Feature","geometry":{"type":"Polygon","coordinates":[[[10.756,49.7723],[10.7499,49.7724],[10.7208,49.7882],[10.7156,49.7802],[10.7339,49.766],[10.7232,49.7548],[10.7291,49.7497],[10.7597,49.7449],[10.7645,49.7345],[10.7884,49.7312],[10.8042,49.7384],[10.8007,49.7479],[10.7757,49.7674],[10.756,49.7723]]]},"properties":{"AGS":"09572143","GEN":"Mühlhausen","SN_L":"09"}},
{"type":"Feature","geometry":{"type":"Polygon","coordinates":[[[10.7027,49.7175],[10.6714,49.7224],[10.6544,49.7211],[10.6261,49.7206],[10.6156,49.7087],[10.5981,49.7095],[10.5944,49.6916],[10.6135,49.6894],[10.6039,49.6793],[10.6242,49.6776],[10.6709,49.6828],[10.6969,49.6915],[10.712,49.6951],[10.7271,49.7103],[10.7027,49.7175]]]},"properties":{"AGS":"09572159","GEN":"Vestenbergsgreuth","SN_L":"09"}},
{"type":"Feature","geometry":{"type":"Polygon","coordinates":[[[10.8366,49.5927],[10.8193,49.5901],[10.8113,49.6015],[10.7906,49.6035],[10.7807,49.593],[10.782,49.5847],[10.7957,49.5777],[10.7959,49.5671],[10.8214,49.5516],[10.8308,49.5543],[10.8523,49.5807],[10.8366,49.5927]]]},"properties":{"AGS":"09572114","GEN":"Aurachtal","SN_L":"09"}},
{"type":"Feature","geometry":{"type":"Polygon","coordinates":[[[10.7906,49.6035],[10.7749,49.6054],[10.7555,49.6018],[10.7544,49.5916],[10.758,49.5805],[10.782,49.5847],[10.7807,49.593],[10.7906,49.6035]]]},"properties":{"AGS":"09572147","GEN":"Oberreichenbach","SN_L":"09"}},
{"type":"Feature","geometry":{"type":"Polygon","coordinates":[[[11.0654,49.5883],[11.0596,49.5994],[11.0534,49.5968],[11.0417,49.5909],[11.0654,49.5883]]]},"properties":{"AGS":"09572120","GEN":"Buckenhof","SN_L":"09"}},
{"type":"Feature","geometry":{"type":"Polygon","coordinates":[[[11.0801,49.6266],[11.0598,49.6378],[11.0326,49.6259],[11.0216,49.6161],[11.039,49.6156],[11.0609,49.6162],[11.0715,49.6091],[11.0778,49.6136],[11.0801,49.6266]]]},"properties":{"AGS":"09572141","GEN":"Marloffstein","SN_L":"09"}},
{"type":"Feature","geometry":{"type":"Polygon","coordinates":[[[11.0715,49.6091],[11.0609,49.6162],[11.039,49.6156],[11.0495,49.6082],[11.0534,49.5968],[11.0596,49.5994],[11.0715,49.6091]]]},"properties":{"AGS":"09572154","GEN":"Spardorf","SN_L":"09"}},
{"type":"Feature","geometry":{"type":"Polygon","coordinates":[[[11.1015,49.6004],[11.0878,49.6018],[11.0778,49.6136],[11.0715,49.6091],[11.0596,49.5994],[11.0654,49.5883],[11.0918,49.5887],[11.1028,49.5849],[11.1179,49.5883],[11.1179,49.5892],[11.1015,49.6004]]]},"properties":{"AGS":"09572158","GEN":"Uttenreuth","SN_L":"09"}},
{"type":"Feature","geometry":{"type":"Polygon","coordinates":[[[10.87,49.6082],[10.8932,49.6172],[10.8884,49.6412],[10.8754,49.637],[10.8545,49.6333],[10.8612,49.6216],[10.8556,49.6117],[10.87,49.6082]]]},"properties":{"AGS":"09572127","GEN":"Großenseebach","SN_L":"09"}},
{"type":"Feature","geometry":{"type":"Polygon","coordinates":[[[10.8884,49.6676],[10.8762,49.6737],[10.8469,49.663],[10.8482,49.6541],[10.8616,49.6513],[10.8754,49.637],[10.8884,49.6412],[10.8932,49.6172],[10.87,49.6082],[10.8855,49.6017],[10.9138,49.601],[10.9251,49.6059],[10.9194,49.6319],[10.9287,49.6457],[10.9263,49.6514],[10.8884,49.6676]]]},"properties":{"AGS":"09572133","GEN":"Heßdorf","SN_L":"09"}},
{"type":"Feature","geometry":{"type":"Polygon","coordinates":[[[10.7884,49.7312],[10.7645,49.7345],[10.7481,49.7272],[10.771,49.7197],[10.7884,49.7312]]]},"properties":{"AGS":"09572451","GEN":"Birkach","SN_L":"09"}},
{"type":"Feature","geometry":{"type":"Polygon","coordinates":[[[11.0654,49.5883],[11.0417,49.5909],[11.0345,49.5784],[11.0584,49.5762],[11.0749,49.5667],[11.0903,49.5674],[11.1028,49.5849],[11.0918,49.5887],[11.0654,49.5883]]]},"properties":{"AGS":"09572452","GEN":"Buckenhofer Forst","SN_L":"09"}},
{"type":"Feature","geometry":{"type":"MultiPolygon","coordinates":[[[[11.1467,49.5854],[11.1312,49.5868],[11.1351,49.5744],[11.1506,49.5752],[11.1467,49.5854]]],[[[11.108,49.5575],[11.1171,49.5617],[11.1122,49.5722],[11.132,49.5783],[11.1179,49.5883],[11.1028,49.5849],[11.0903,49.5674],[11.0749,49.5667],[11.0758,49.5533],[11.108,49.5575]]]]},"properties":{"AGS":"09572453","GEN":"Dormitzer Forst","SN_L":"09"}},
{"type":"Feature","geometry":{"type":"Polygon","coordinates":[[[11.1823,49.5119],[11.1802,49.5146],[11.1413,49.511],[11.1324,49.5066],[11.1268,49.4924],[11.1431,49.4875],[11.1504,49.4713],[11.1782,49.4741],[11.1831,49.4792],[11.1727,49.4779],[11.1678,49.4909],[11.1838,49.5025],[11.1823,49.5119]]]},"properties":{"AGS":"09572454","GEN":"Erlenstegener Forst","SN_L":"09"}},
{"type":"Feature","geometry":{"type":"Polygon","coordinates":[[[11.0749,49.5667],[11.0584,49.5762],[11.0345,49.5784],[11.0359,49.5471],[11.0295,49.5354],[11.0587,49.544],[11.0759,49.5443],[11.0758,49.5533],[11.0749,49.5667]]]},"properties":{"AGS":"09572455","GEN":"Forst Tennenlohe","SN_L":"09"}},
{"type":"Feature","geometry":{"type":"Polygon","coordinates":[[[11.1956,49.5481],[11.1906,49.5516],[11.1627,49.5507],[11.1601,49.5491],[11.1752,49.5302],[11.1675,49.5235],[11.1385,49.5242],[11.1323,49.5256],[11.1413,49.511],[11.1802,49.5146],[11.191,49.5336],[11.1956,49.5481]]]},"properties":{"AGS":"09572456","GEN":"Geschaidt","SN_L":"09"}},
{"type":"Feature","geometry":{"type":"Polygon","coordinates":[[[11.108,49.5575],[11.0758,49.5533],[11.0759,49.5443],[11.1016,49.5414],[11.1031,49.5409],[11.1042,49.5396],[11.1323,49.5256],[11.1385,49.5242],[11.1359,49.536],[11.1333,49.5434],[11.108,49.5575]]]},"properties":{"AGS":"09572457","GEN":"Kalchreuther Forst","SN_L":"09"}},
{"type":"Feature","geometry":{"type":"Polygon","coordinates":[[[11.1413,49.511],[11.1323,49.5256],[11.1042,49.5396],[11.102,49.5216],[11.0603,49.5161],[11.0586,49.5056],[11.0973,49.5011],[11.096,49.5077],[11.1201,49.5128],[11.1268,49.4924],[11.1324,49.5066],[11.1413,49.511]]]},"properties":{"AGS":"09572458","GEN":"Kraftshofer Forst","SN_L":"09"}},
{"type":"Feature","geometry":{"type":"Polygon","coordinates":[[[11.0035,49.674],[11.0148,49.6837],[10.9723,49.6817],[10.9506,49.6841],[10.9417,49.6751],[10.9263,49.6514],[10.9287,49.6457],[10.9537,49.6346],[10.9591,49.626],[10.9788,49.6304],[10.972,49.6414],[10.9801,49.6623],[10.9935,49.6624],[11.0035,49.674]]]},"properties":{"AGS":"09572459","GEN":"Mark","SN_L":"09"}},
{"type":"Feature","geometry":{"type":"Polygon","coordinates":[[[11.1016,49.5414],[11.0759,49.5443],[11.0587,49.544],[11.0295,49.5354],[11.0693,49.523],[11.0603,49.5161],[11.102,49.5216],[11.1042,49.5396],[11.1031,49.5409],[11.1016,49.5414]]]},"properties":{"AGS":"09572460","GEN":"Neunhofer Forst","SN_L":"09"}},
{"type":"Feature","geometry":{"type":"Polygon","coordinates":[[[10.881,49.4219],[10.8698,49.435],[10.8575,49.4287],[10.8361,49.427],[10.823,49.4216],[10.8282,49.4111],[10.8358,49.4164],[10.8609,49.4167],[10.881,49.4219]]]},"properties":{"AGS":"09573111","GEN":"Ammerndorf","SN_L":"09"}},
{"type":"Feature","geometry":{"type":"Polygon","coordinates":[[[10.8563,49.4933],[10.8472,49.4952],[10.8316,49.4818],[10.8057,49.4804],[10.801,49.4758],[10.8106,49.4607],[10.7793,49.4468],[10.7799,49.4385],[10.7938,49.4336],[10.7913,49.4261],[10.823,49.4216],[10.8361,49.427],[10.8575,49.4287],[10.8698,49.435],[10.897,49.4325],[10.8934,49.4477],[10.9083,49.4499],[10.9127,49.462],[10.9072,49.4672],[10.8587,49.482],[10.8563,49.4933]]]},"properties":{"AGS":"09573114","GEN":"Cadolzburg","SN_L":"09"}},
{"type":"Feature","geometry":{"type":"Polygon","coordinates":[[[10.7793,49.4468],[10.7595,49.4467],[10.7383,49.4338],[10.7507,49.4226],[10.7431,49.4003],[10.7758,49.3889],[10.8018,49.3825],[10.8064,49.3758],[10.8244,49.374],[10.8373,49.3774],[10.8453,49.3864],[10.8443,49.3961],[10.8309,49.4019],[10.8282,49.4111],[10.823,49.4216],[10.7913,49.4261],[10.7938,49.4336],[10.7799,49.4385],[10.7793,49.4468]]]},"properties":{"AGS":"09573115","GEN":"Großhabersdorf","SN_L":"09"}},
{"type":"Feature","geometry":{"type":"Polygon","coordinates":[[[10.8099,49.5297],[10.7874,49.5254],[10.7896,49.5101],[10.7749,49.5106],[10.7631,49.5199],[10.7435,49.5146],[10.741,49.5033],[10.7213,49.5021],[10.7339,49.4708],[10.7597,49.4687],[10.7491,49.457],[10.7595,49.4467],[10.7793,49.4468],[10.8106,49.4607],[10.801,49.4758],[10.8057,49.4804],[10.8316,49.4818],[10.8472,49.4952],[10.8372,49.5005],[10.8317,49.5129],[10.8099,49.5297]]]},"properties":{"AGS":"09573120","GEN":"Langenzenn","SN_L":"09"}},
{"type":"Feature","geometry":{"type":"Polygon","coordinates":[[[10.9848,49.4453],[10.9641,49.436],[10.9473,49.4326],[10.9399,49.4162],[10.9417,49.4044],[10.9562,49.4016],[10.9775,49.4134],[10.9985,49.4185],[10.9988,49.4262],[10.9905,49.4365],[10.9848,49.4453]]]},"properties":{"AGS":"09573122","GEN":"Oberasbach","SN_L":"09"}},
{"type":"Feature","geometry":{"type":"Polygon","coordinates":[[[10.8158,49.5356],[10.8099,49.5297],[10.8317,49.5129],[10.8429,49.5238],[10.8342,49.5342],[10.8158,49.5356]]]},"properties":{"AGS":"09573124","GEN":"Puschendorf","SN_L":"09"}},
{"type":"Feature","geometry":{"type":"Polygon","coordinates":[[[10.881,49.4219],[10.8609,49.4167],[10.8358,49.4164],[10.8282,49.4111],[10.8309,49.4019],[10.8443,49.3961],[10.8453,49.3864],[10.8373,49.3774],[10.8244,49.374],[10.8411,49.3633],[10.8678,49.3561],[10.8737,49.3546],[10.9142,49.3603],[10.9292,49.3567],[10.9373,49.3689],[10.9554,49.3819],[10.9419,49.3892],[10.9249,49.3907],[10.9286,49.404],[10.9182,49.4134],[10.8877,49.4104],[10.881,49.4219]]]},"properties":{"AGS":"09573125","GEN":"Roßtal","SN_L":"09"}},
{"type":"Feature","geometry":{"type":"Polygon","coordinates":[[[10.9927,49.3815],[11.0254,49.3987],[11.0157,49.4171],[10.9988,49.4262],[10.9985,49.4185],[10.9775,49.4134],[10.9562,49.4016],[10.9417,49.4044],[10.9286,49.404],[10.9249,49.3907],[10.9419,49.3892],[10.9554,49.3819],[10.9927,49.3815]]]},"properties":{"AGS":"09573127","GEN":"Stein","SN_L":"09"}},
{"type":"Feature","geometry":{"type":"Polygon","coordinates":[[[10.7113,49.5048],[10.7052,49.4965],[10.6804,49.4942],[10.6917,49.4782],[10.7008,49.4717],[10.6904,49.4524],[10.6974,49.4363],[10.7132,49.4329],[10.7383,49.4338],[10.7595,49.4467],[10.7491,49.457],[10.7597,49.4687],[10.7339,49.4708],[10.7213,49.5021],[10.7113,49.5048]]]},"properties":{"AGS":"09573133","GEN":"Wilhermsdorf","SN_L":"09"}},
{"type":"Feature","geometry":{"type":"Polygon","coordinates":[[[10.9848,49.4453],[10.9634,49.4577],[10.9127,49.462],[10.9083,49.4499],[10.8934,49.4477],[10.897,49.4325],[10.8698,49.435],[10.881,49.4219],[10.8877,49.4104],[10.9182,49.4134],[10.9286,49.404],[10.9417,49.4044],[10.9399,49.4162],[10.9473,49.4326],[10.9641,49.436],[10.9848,49.4453]]]},"properties":{"AGS":"09573134","GEN":"Zirndorf","SN_L":"09"}},
{"type":"Feature","geometry":{"type":"Polygon","coordinates":[[[10.8932,49.4957],[10.8836,49.5005],[10.8563,49.4933],[10.8587,49.482],[10.9072,49.4672],[10.902,49.4883],[10.8932,49.4957]]]},"properties":{"AGS":"09573126","GEN":"Seukendorf","SN_L":"09"}},
{"type":"Feature","geometry":{"type":"Polygon","coordinates":[[[10.9203,49.5083],[10.9167,49.5186],[10.8845,49.5285],[10.8762,49.5196],[10.8429,49.5238],[10.8317,49.5129],[10.8372,49.5005],[10.8472,49.4952],[10.8563,49.4933],[10.8836,49.5005],[10.8932,49.4957],[10.9067,49.5058],[10.9203,49.5083]]]},"properties":{"AGS":"09573130","GEN":"Veitsbronn","SN_L":"09"}},
{"type":"Feature","geometry":{"type":"Polygon","coordinates":[[[10.9328,49.5383],[10.9152,49.5424],[10.8897,49.5417],[10.8834,49.5366],[10.8845,49.5285],[10.9167,49.5186],[10.9203,49.5083],[10.9316,49.5157],[10.934,49.5345],[10.9328,49.5383]]]},"properties":{"AGS":"09573123","GEN":"Obermichelbach","SN_L":"09"}},
{"type":"Feature","geometry":{"type":"Polygon","coordinates":[[[10.8834,49.5366],[10.8669,49.5427],[10.8342,49.5342],[10.8429,49.5238],[10.8762,49.5196],[10.8845,49.5285],[10.8834,49.5366]]]},"properties":{"AGS":"09573129","GEN":"Tuchenbach","SN_L":"09"}},
{"type":"Feature","geometry":{"type":"Polygon","coordinates":[[[11.4485,49.4214],[11.3984,49.4246],[11.3745,49.4329],[11.3761,49.425],[11.3482,49.4089],[11.3115,49.3976],[11.3133,49.3788],[11.3209,49.3746],[11.3228,49.3662],[11.3338,49.3705],[11.3548,49.3681],[11.3728,49.357],[11.3937,49.3566],[11.4209,49.3759],[11.4185,49.3831],[11.4381,49.3957],[11.4429,49.4042],[11.4602,49.4106],[11.4485,49.4214]]]},"properties":{"AGS":"09574112","GEN":"Altdorf b.Nürnberg","SN_L":"09"}},
{"type":"Feature","geometry":{"type":"Polygon","coordinates":[[[11.3728,49.357],[11.3548,49.3681],[11.3338,49.3705],[11.3228,49.3662],[11.306,49.3613],[11.2933,49.3639],[11.273,49.3582],[11.2653,49.3516],[11.2948,49.3414],[11.2954,49.3358],[11.2719,49.3224],[11.2926,49.3173],[11.3038,49.309],[11.3262,49.3024],[11.3583,49.3182],[11.3655,49.3265],[11.3831,49.3276],[11.3896,49.3421],[11.3762,49.3487],[11.3728,49.357]]]},"properties":{"AGS":"09574117","GEN":"Burgthann","SN_L":"09"}},
{"type":"Feature","geometry":{"type":"MultiPolygon","coordinates":[[[[11.284,49.386],[11.2665,49.3873],[11.2724,49.3729],[11.2887,49.3769],[11.284,49.386]]],[[[11.1882,49.3896],[11.1692,49.3885],[11.1532,49.379],[11.1645,49.3769],[11.1925,49.3803],[11.1982,49.3782],[11.1884,49.3706],[11.2116,49.3614],[11.2283,49.379],[11.2065,49.3877],[11.1882,49.3896]]]]},"properties":{"AGS":"09574123","GEN":"Feucht","SN_L":"09"}},
{"type":"Feature","geometry":{"type":"Polygon","coordinates":[[[11.4589,49.5319],[11.4268,49.5285],[11.3975,49.5322],[11.3915,49.525],[11.3851,49.5101],[11.4204,49.4983],[11.4012,49.489],[11.4147,49.4788],[11.4357,49.471],[11.452,49.4845],[11.4501,49.5014],[11.4582,49.5096],[11.4616,49.5245],[11.4589,49.5319]]]},"properties":{"AGS":"09574132","GEN":"Hersbruck","SN_L":"09"}},
{"type":"Feature","geometry":{"type":"Polygon","coordinates":[[[11.4309,49.6179],[11.4265,49.6139],[11.4059,49.6058],[11.3903,49.593],[11.3911,49.5769],[11.3822,49.5677],[11.393,49.5557],[11.3818,49.5457],[11.3793,49.5369],[11.3915,49.525],[11.3975,49.5322],[11.4268,49.5285],[11.4589,49.5319],[11.4464,49.5571],[11.4621,49.5782],[11.466,49.593],[11.4624,49.6075],[11.4484,49.6156],[11.4309,49.6179]]]},"properties":{"AGS":"09574135","GEN":"Kirchensittenbach","SN_L":"09"}},
{"type":"Feature","geometry":{"type":"Polygon","coordinates":[[[11.2632,49.5707],[11.2386,49.5738],[11.2349,49.5673],[11.216,49.5684],[11.1911,49.5608],[11.1956,49.5481],[11.191,49.5336],[11.2297,49.5306],[11.2491,49.5246],[11.2585,49.5104],[11.2652,49.5022],[11.2538,49.4944],[11.2754,49.4855],[11.2771,49.4854],[11.2987,49.4781],[11.3158,49.4656],[11.3269,49.4735],[11.3398,49.4745],[11.3497,49.4832],[11.3381,49.4993],[11.3177,49.5022],[11.3202,49.5141],[11.3101,49.5235],[11.318,49.5447],[11.3081,49.5552],[11.2904,49.5563],[11.2632,49.5707]],[[11.297,49.5027],[11.3059,49.4917],[11.2859,49.4837],[11.2826,49.4931],[11.297,49.5027]]]},"properties":{"AGS":"09574138","GEN":"Lauf a.d.Pegnitz","SN_L":"09"}},
{"type":"Feature","geometry":{"type":"MultiPolygon","coordinates":[[[[11.3279,49.4272],[11.2925,49.4354],[11.28,49.445],[11.2834,49.4376],[11.3024,49.4323],[11.3279,49.4272]]],[[[11.3497,49.4832],[11.3398,49.4745],[11.3269,49.4735],[11.3158,49.4656],[11.2927,49.4662],[11.2788,49.4706],[11.2746,49.4543],[11.2819,49.4451],[11.3001,49.4447],[11.3159,49.4388],[11.3278,49.4427],[11.3475,49.4303],[11.3542,49.4208],[11.3482,49.4089],[11.3761,49.425],[11.3745,49.4329],[11.3858,49.455],[11.3634,49.4583],[11.364,49.4642],[11.3595,49.4808],[11.3497,49.4832]]]]},"properties":{"AGS":"09574139","GEN":"Leinburg","SN_L":"09"}},
{"type":"Feature","geometry":{"type":"MultiPolygon","coordinates":[[[[11.5532,49.6009],[11.5503,49.593],[11.5611,49.5855],[11.5613,49.5761],[11.5697,49.5927],[11.5532,49.6009]]],[[[11.5349,49.6434],[11.5135,49.6499],[11.4901,49.641],[11.5049,49.6371],[11.5349,49.6434]]],[[[11.5349,49.6434],[11.5263,49.6293],[11.5291,49.6134],[11.5517,49.6058],[11.5624,49.6092],[11.5783,49.6147],[11.5905,49.6117],[11.6016,49.6231],[11.5933,49.6386],[11.5739,49.6474],[11.5646,49.6611],[11.5756,49.6642],[11.5612,49.6788],[11.5647,49.6864],[11.5527,49.6913],[11.5605,49.6993],[11.5604,49.7143],[11.5574,49.7151],[11.5568,49.6978],[11.5467,49.6902],[11.5634,49.6858],[11.5557,49.6774],[11.5643,49.6649],[11.5601,49.6466],[11.5507,49.6407],[11.5349,49.6434]]]]},"properties":{"AGS":"09574140","GEN":"Neuhaus a.d.Pegnitz","SN_L":"09"}},
{"type":"Feature","geometry":{"type":"Polygon","coordinates":[[[11.3818,49.5457],[11.3656,49.5543],[11.3524,49.5462],[11.318,49.5447],[11.3101,49.5235],[11.3202,49.5141],[11.3382,49.521],[11.3548,49.5182],[11.3793,49.5369],[11.3818,49.5457]]]},"properties":{"AGS":"09574141","GEN":"Neunkirchen a.Sand","SN_L":"09"}},
{"type":"Feature","geometry":{"type":"Polygon","coordinates":[[[11.3548,49.5182],[11.3382,49.521],[11.3202,49.5141],[11.3177,49.5022],[11.3381,49.4993],[11.3497,49.4832],[11.3595,49.4808],[11.3708,49.4923],[11.3702,49.4999],[11.3548,49.5182]]]},"properties":{"AGS":"09574146","GEN":"Ottensoos","SN_L":"09"}},
{"type":"Feature","geometry":{"type":"Polygon","coordinates":[[[11.5491,49.5445],[11.5155,49.548],[11.5109,49.5532],[11.4954,49.5448],[11.4836,49.5473],[11.4711,49.5243],[11.4616,49.5245],[11.4582,49.5096],[11.4945,49.4984],[11.4965,49.4889],[11.5247,49.4763],[11.5479,49.4765],[11.5494,49.4583],[11.5567,49.4555],[11.5778,49.4512],[11.5921,49.4657],[11.5915,49.485],[11.5698,49.491],[11.5664,49.5039],[11.5375,49.5056],[11.5452,49.5168],[11.5425,49.5358],[11.5491,49.5445]]]},"properties":{"AGS":"09574147","GEN":"Pommelsbrunn","SN_L":"09"}},
{"type":"Feature","geometry":{"type":"Polygon","coordinates":[[[11.3915,49.525],[11.3793,49.5369],[11.3548,49.5182],[11.3702,49.4999],[11.3851,49.5101],[11.3915,49.525]]]},"properties":{"AGS":"09574150","GEN":"Reichenschwand","SN_L":"09"}},
{"type":"Feature","geometry":{"type":"Polygon","coordinates":[[[11.2754,49.4855],[11.2538,49.4944],[11.2287,49.485],[11.2197,49.4812],[11.2201,49.4697],[11.2487,49.4638],[11.2669,49.4546],[11.254,49.4668],[11.2605,49.4719],[11.2788,49.4706],[11.2927,49.4662],[11.3158,49.4656],[11.2987,49.4781],[11.2771,49.4854],[11.2754,49.4855]]]},"properties":{"AGS":"09574152","GEN":"Röthenbach a.d.Pegnitz","SN_L":"09"}},
{"type":"Feature","geometry":{"type":"Polygon","coordinates":[[[11.2538,49.4944],[11.2652,49.5022],[11.2585,49.5104],[11.2316,49.4984],[11.2237,49.4893],[11.2287,49.485],[11.2538,49.4944]]]},"properties":{"AGS":"09574154","GEN":"Rückersdorf","SN_L":"09"}},
{"type":"Feature","geometry":{"type":"Polygon","coordinates":[[[11.4265,49.6139],[11.3921,49.6325],[11.376,49.622],[11.3683,49.6101],[11.3726,49.5989],[11.3524,49.594],[11.3398,49.577],[11.329,49.5764],[11.3149,49.5855],[11.293,49.6083],[11.2927,49.6161],[11.2876,49.6186],[11.2803,49.6043],[11.2854,49.5906],[11.2723,49.587],[11.2756,49.5784],[11.2632,49.5707],[11.2904,49.5563],[11.3081,49.5552],[11.318,49.5447],[11.3524,49.5462],[11.3656,49.5543],[11.3818,49.5457],[11.393,49.5557],[11.3822,49.5677],[11.3911,49.5769],[11.3903,49.593],[11.4059,49.6058],[11.4265,49.6139]]]},"properties":{"AGS":"09574155","GEN":"Schnaittach","SN_L":"09"}},
{"type":"Feature","geometry":{"type":"Polygon","coordinates":[[[11.2237,49.4893],[11.1907,49.4858],[11.1831,49.4792],[11.1782,49.4741],[11.1857,49.4677],[11.2004,49.466],[11.2201,49.4697],[11.2197,49.4812],[11.2287,49.485],[11.2237,49.4893]]]},"properties":{"AGS":"09574156","GEN":"Schwaig b.Nürnberg","SN_L":"09"}},
{"type":"Feature","geometry":{"type":"Polygon","coordinates":[[[11.3209,49.3746],[11.2887,49.3769],[11.2724,49.3729],[11.2509,49.3659],[11.2448,49.3592],[11.2181,49.3611],[11.2304,49.3434],[11.2468,49.3334],[11.2472,49.3254],[11.2719,49.3224],[11.2954,49.3358],[11.2948,49.3414],[11.2653,49.3516],[11.273,49.3582],[11.2933,49.3639],[11.306,49.3613],[11.3228,49.3662],[11.3209,49.3746]]]},"properties":{"AGS":"09574157","GEN":"Schwarzenbruck","SN_L":"09"}},
{"type":"Feature","geometry":{"type":"Polygon","coordinates":[[[11.3921,49.6325],[11.3875,49.6542],[11.3711,49.6589],[11.3687,49.6667],[11.3529,49.6649],[11.3335,49.6474],[11.3324,49.637],[11.3082,49.6332],[11.2973,49.6274],[11.2927,49.6161],[11.293,49.6083],[11.3149,49.5855],[11.329,49.5764],[11.3398,49.577],[11.3524,49.594],[11.3726,49.5989],[11.3683,49.6101],[11.376,49.622],[11.3921,49.6325]]]},"properties":{"AGS":"09574158","GEN":"Simmelsdorf","SN_L":"09"}},
{"type":"Feature","geometry":{"type":"Polygon","coordinates":[[[11.3115,49.3976],[11.2881,49.399],[11.284,49.386],[11.2887,49.3769],[11.3209,49.3746],[11.3133,49.3788],[11.3115,49.3976]]]},"properties":{"AGS":"09574164","GEN":"Winkelhaid","SN_L":"09"}},
{"type":"Feature","geometry":{"type":"Polygon","coordinates":[[[11.5517,49.6058],[11.5291,49.6134],[11.4813,49.6077],[11.466,49.593],[11.4621,49.5782],[11.4793,49.5805],[11.501,49.5888],[11.5192,49.5678],[11.5308,49.5651],[11.5424,49.5598],[11.5541,49.5651],[11.5613,49.5761],[11.5611,49.5855],[11.5503,49.593],[11.5532,49.6009],[11.5517,49.6058]]]},"properties":{"AGS":"09574129","GEN":"Hartenstein","SN_L":"09"}},
{"type":"Feature","geometry":{"type":"Polygon","coordinates":[[[11.4808,49.6449],[11.4606,49.6356],[11.456,49.627],[11.4306,49.6274],[11.4309,49.6179],[11.4484,49.6156],[11.4624,49.6075],[11.466,49.593],[11.4813,49.6077],[11.5291,49.6134],[11.5263,49.6293],[11.5349,49.6434],[11.5049,49.6371],[11.4901,49.641],[11.4808,49.6449]]]},"properties":{"AGS":"09574160","GEN":"Velden","SN_L":"09"}},
{"type":"Feature","geometry":{"type":"Polygon","coordinates":[[[11.5308,49.5651],[11.5192,49.5678],[11.501,49.5888],[11.4793,49.5805],[11.4621,49.5782],[11.4464,49.5571],[11.4589,49.5319],[11.4616,49.5245],[11.4711,49.5243],[11.4836,49.5473],[11.4954,49.5448],[11.5109,49.5532],[11.5308,49.5651]]]},"properties":{"AGS":"09574161","GEN":"Vorra","SN_L":"09"}},
{"type":"Feature","geometry":{"type":"Polygon","coordinates":[[[11.5778,49.4512],[11.5567,49.4555],[11.5449,49.4435],[11.5209,49.4428],[11.5064,49.4492],[11.4981,49.438],[11.5009,49.4301],[11.4857,49.4252],[11.4913,49.4203],[11.5369,49.4106],[11.5578,49.419],[11.5572,49.433],[11.5778,49.4512]]]},"properties":{"AGS":"09574111","GEN":"Alfeld","SN_L":"09"}},
{"type":"Feature","geometry":{"type":"Polygon","coordinates":[[[11.5567,49.4555],[11.5494,49.4583],[11.5479,49.4765],[11.5247,49.4763],[11.4965,49.4889],[11.4945,49.4984],[11.4582,49.5096],[11.4501,49.5014],[11.452,49.4845],[11.4357,49.471],[11.448,49.4702],[11.4496,49.4558],[11.4643,49.4445],[11.4587,49.4325],[11.4648,49.4218],[11.4857,49.4252],[11.5009,49.4301],[11.4981,49.438],[11.5064,49.4492],[11.5209,49.4428],[11.5449,49.4435],[11.5567,49.4555]]]},"properties":{"AGS":"09574128","GEN":"Happurg","SN_L":"09"}},
{"type":"Feature","geometry":{"type":"Polygon","coordinates":[[[11.4012,49.489],[11.388,49.4842],[11.3708,49.4923],[11.3595,49.4808],[11.364,49.4642],[11.391,49.4667],[11.3989,49.4637],[11.4102,49.4653],[11.4246,49.4561],[11.4496,49.4558],[11.448,49.4702],[11.4357,49.471],[11.4147,49.4788],[11.4012,49.489]]]},"properties":{"AGS":"09574120","GEN":"Engelthal","SN_L":"09"}},
{"type":"Feature","geometry":{"type":"Polygon","coordinates":[[[11.3851,49.5101],[11.3702,49.4999],[11.3708,49.4923],[11.388,49.4842],[11.4012,49.489],[11.4204,49.4983],[11.3851,49.5101]]]},"properties":{"AGS":"09574131","GEN":"Henfenfeld","SN_L":"09"}},
{"type":"Feature","geometry":{"type":"Polygon","coordinates":[[[11.4496,49.4558],[11.4246,49.4561],[11.4102,49.4653],[11.3989,49.4637],[11.3858,49.455],[11.3745,49.4329],[11.3984,49.4246],[11.4485,49.4214],[11.4587,49.4325],[11.4643,49.4445],[11.4496,49.4558]]]},"properties":{"AGS":"09574145","GEN":"Offenhausen","SN_L":"09"}},
{"type":"Feature","geometry":{"type":"Polygon","coordinates":[[[11.2316,49.4984],[11.2202,49.5147],[11.2048,49.5172],[11.1975,49.51],[11.1823,49.5119],[11.1838,49.5025],[11.1678,49.4909],[11.1727,49.4779],[11.1831,49.4792],[11.1907,49.4858],[11.2237,49.4893],[11.2316,49.4984]]]},"properties":{"AGS":"09574451","GEN":"Behringersdorfer Forst","SN_L":"09"}},
{"type":"Feature","geometry":{"type":"Polygon","coordinates":[[[11.2669,49.4546],[11.2487,49.4638],[11.2261,49.4462],[11.2122,49.4482],[11.2055,49.4384],[11.2566,49.4311],[11.2671,49.436],[11.2786,49.4299],[11.3024,49.4323],[11.2834,49.4376],[11.28,49.445],[11.2819,49.4451],[11.2746,49.4543],[11.2669,49.4546]]]},"properties":{"AGS":"09574452","GEN":"Brunn","SN_L":"09"}},
{"type":"Feature","geometry":{"type":"Polygon","coordinates":[[[11.3989,49.4637],[11.391,49.4667],[11.364,49.4642],[11.3634,49.4583],[11.3858,49.455],[11.3989,49.4637]]]},"properties":{"AGS":"09574453","GEN":"Engelthaler Forst","SN_L":"09"}},
{"type":"Feature","geometry":{"type":"Polygon","coordinates":[[[11.2561,49.4042],[11.2261,49.4082],[11.2202,49.4011],[11.2036,49.398],[11.1903,49.3897],[11.1882,49.3896],[11.2065,49.3877],[11.2283,49.379],[11.2116,49.3614],[11.2181,49.3611],[11.2448,49.3592],[11.2509,49.3659],[11.2724,49.3729],[11.2665,49.3873],[11.284,49.386],[11.2881,49.399],[11.2561,49.4042]]]},"properties":{"AGS":"09574454","GEN":"Feuchter Forst","SN_L":"09"}},
{"type":"Feature","geometry":{"type":"Polygon","coordinates":[[[11.2566,49.4311],[11.2055,49.4384],[11.1929,49.4378],[11.1941,49.4255],[11.2076,49.4209],[11.1931,49.408],[11.1799,49.4085],[11.1903,49.3897],[11.2036,49.398],[11.2202,49.4011],[11.2261,49.4082],[11.2561,49.4042],[11.2592,49.4093],[11.2566,49.4311]]]},"properties":{"AGS":"09574455","GEN":"Fischbach","SN_L":"09"}},
{"type":"Feature","geometry":{"type":"Polygon","coordinates":[[[11.1929,49.4378],[11.182,49.442],[11.1505,49.4369],[11.1362,49.4386],[11.134,49.4336],[11.179,49.4171],[11.1941,49.4255],[11.1929,49.4378]]]},"properties":{"AGS":"09574456","GEN":"Forsthof","SN_L":"09"}},
{"type":"Feature","geometry":{"type":"Polygon","coordinates":[[[11.2491,49.5246],[11.2297,49.5306],[11.191,49.5336],[11.1802,49.5146],[11.1823,49.5119],[11.1975,49.51],[11.2048,49.5172],[11.2202,49.5147],[11.2491,49.5246]]]},"properties":{"AGS":"09574457","GEN":"Günthersbühler Forst","SN_L":"09"}},
{"type":"Feature","geometry":{"type":"MultiPolygon","coordinates":[[[[11.2788,49.4706],[11.2605,49.4719],[11.254,49.4668],[11.2669,49.4546],[11.2746,49.4543],[11.2788,49.4706]]],[[[11.2487,49.4638],[11.2201,49.4697],[11.2004,49.466],[11.2131,49.4558],[11.2122,49.4482],[11.2261,49.4462],[11.2487,49.4638]]]]},"properties":{"AGS":"09574458","GEN":"Haimendorfer Forst","SN_L":"09"}},
{"type":"Feature","geometry":{"type":"Polygon","coordinates":[[[11.2004,49.466],[11.1857,49.4677],[11.1725,49.4619],[11.179,49.4587],[11.182,49.442],[11.1929,49.4378],[11.2055,49.4384],[11.2122,49.4482],[11.2131,49.4558],[11.2004,49.466]]]},"properties":{"AGS":"09574460","GEN":"Laufamholzer Forst","SN_L":"09"}},
{"type":"Feature","geometry":{"type":"Polygon","coordinates":[[[11.2819,49.4451],[11.28,49.445],[11.2925,49.4354],[11.3279,49.4272],[11.3475,49.4303],[11.3278,49.4427],[11.3159,49.4388],[11.3001,49.4447],[11.2819,49.4451]]]},"properties":{"AGS":"09574461","GEN":"Leinburg","SN_L":"09"}},
{"type":"Feature","geometry":{"type":"Polygon","coordinates":[[[11.2585,49.5104],[11.2491,49.5246],[11.2202,49.5147],[11.2316,49.4984],[11.2585,49.5104]]]},"properties":{"AGS":"09574462","GEN":"Rückersdorfer Forst","SN_L":"09"}},
{"type":"Feature","geometry":{"type":"Polygon","coordinates":[[[11.297,49.5027],[11.2826,49.4931],[11.2859,49.4837],[11.3059,49.4917],[11.297,49.5027]]]},"properties":{"AGS":"09574463","GEN":"Schönberg","SN_L":"09"}},
{"type":"Feature","geometry":{"type":"Polygon","coordinates":[[[11.3024,49.4323],[11.2786,49.4299],[11.2671,49.436],[11.2801,49.4166],[11.2625,49.4164],[11.2592,49.4093],[11.2561,49.4042],[11.2881,49.399],[11.3115,49.3976],[11.3482,49.4089],[11.3542,49.4208],[11.3475,49.4303],[11.3279,49.4272],[11.3024,49.4323]]]},"properties":{"AGS":"09574464","GEN":"Winkelhaid","SN_L":"09"}},
{"type":"Feature","geometry":{"type":"Polygon","coordinates":[[[11.182,49.442],[11.179,49.4587],[11.1725,49.4619],[11.1485,49.459],[11.1558,49.4461],[11.1362,49.4386],[11.1505,49.4369],[11.182,49.442]]]},"properties":{"AGS":"09574465","GEN":"Zerzabelshofer Forst","SN_L":"09"}},
{"type":"Feature","geometry":{"type":"Polygon","coordinates":[[[10.4565,49.576],[10.4413,49.5808],[10.4191,49.5741],[10.3796,49.5593],[10.3804,49.552],[10.3591,49.5442],[10.3609,49.5338],[10.3556,49.5112],[10.3472,49.502],[10.37,49.4914],[10.3781,49.4944],[10.4048,49.4934],[10.4063,49.4831],[10.4319,49.4667],[10.4514,49.4619],[10.5039,49.4753],[10.5119,49.4851],[10.5295,49.4842],[10.5343,49.4838],[10.529,49.4884],[10.5039,49.4934],[10.4879,49.5019],[10.4703,49.5059],[10.4518,49.5171],[10.4371,49.531],[10.4489,49.5399],[10.4555,49.5532],[10.4565,49.576]]]},"properties":{"AGS":"09575112","GEN":"Bad Windsheim","SN_L":"09"}},
{"type":"Feature","geometry":{"type":"Polygon","coordinates":[[[10.6544,49.7211],[10.6306,49.7379],[10.5891,49.7445],[10.5765,49.7512],[10.5514,49.7558],[10.4963,49.7534],[10.4914,49.7429],[10.5061,49.7387],[10.4827,49.7288],[10.4848,49.7124],[10.4797,49.7071],[10.4907,49.7041],[10.5129,49.7094],[10.5508,49.7125],[10.5745,49.725],[10.5743,49.7099],[10.5981,49.7095],[10.6156,49.7087],[10.6261,49.7206],[10.6544,49.7211]]]},"properties":{"AGS":"09575116","GEN":"Burghaslach","SN_L":"09"}},
{"type":"Feature","geometry":{"type":"Polygon","coordinates":[[[10.6012,49.5294],[10.6072,49.5459],[10.5903,49.5513],[10.5752,49.5506],[10.5619,49.5665],[10.5326,49.5639],[10.5128,49.57],[10.4889,49.5712],[10.4742,49.5664],[10.484,49.558],[10.4983,49.5359],[10.5335,49.5272],[10.5555,49.5258],[10.5703,49.5296],[10.5837,49.5182],[10.5883,49.5284],[10.6012,49.5294]]]},"properties":{"AGS":"09575119","GEN":"Dietersheim","SN_L":"09"}},
{"type":"Feature","geometry":{"type":"Polygon","coordinates":[[[10.7544,49.5916],[10.7555,49.6018],[10.7401,49.603],[10.7293,49.5969],[10.7117,49.5974],[10.6988,49.587],[10.6838,49.5855],[10.6791,49.5771],[10.6708,49.5615],[10.6464,49.5545],[10.6466,49.5423],[10.6702,49.5182],[10.7104,49.5143],[10.7113,49.5048],[10.7213,49.5021],[10.741,49.5033],[10.7435,49.5146],[10.726,49.5232],[10.7548,49.5376],[10.7626,49.5522],[10.7794,49.5473],[10.7792,49.5272],[10.7874,49.5254],[10.8099,49.5297],[10.8158,49.5356],[10.8104,49.5439],[10.8214,49.5516],[10.7959,49.5671],[10.7957,49.5777],[10.782,49.5847],[10.758,49.5805],[10.7449,49.5682],[10.752,49.5579],[10.7286,49.5596],[10.7261,49.5735],[10.7139,49.5762],[10.7337,49.5915],[10.7544,49.5916]]]},"properties":{"AGS":"09575121","GEN":"Emskirchen","SN_L":"09"}},
{"type":"Feature","geometry":{"type":"Polygon","coordinates":[[[10.4616,49.5763],[10.4565,49.576],[10.4555,49.5532],[10.4489,49.5399],[10.4371,49.531],[10.4518,49.5171],[10.4703,49.5059],[10.4879,49.5019],[10.5039,49.4934],[10.5243,49.5039],[10.5473,49.4952],[10.5607,49.4964],[10.5837,49.5182],[10.5703,49.5296],[10.5555,49.5258],[10.5335,49.5272],[10.4983,49.5359],[10.484,49.558],[10.4742,49.5664],[10.4616,49.5763]]]},"properties":{"AGS":"09575135","GEN":"Ipsheim","SN_L":"09"}},
{"type":"Feature","geometry":{"type":"Polygon","coordinates":[[[10.7113,49.5048],[10.7104,49.5143],[10.6702,49.5182],[10.6466,49.5423],[10.6383,49.5348],[10.6012,49.5294],[10.5883,49.5284],[10.5837,49.5182],[10.5607,49.4964],[10.5473,49.4952],[10.5243,49.5039],[10.5039,49.4934],[10.529,49.4884],[10.5343,49.4838],[10.5561,49.473],[10.5805,49.4749],[10.5947,49.4815],[10.6154,49.4695],[10.6402,49.477],[10.6533,49.4686],[10.678,49.4774],[10.6917,49.4782],[10.6804,49.4942],[10.7052,49.4965],[10.7113,49.5048]]]},"properties":{"AGS":"09575145","GEN":"Markt Erlbach","SN_L":"09"}},
{"type":"Feature","geometry":{"type":"Polygon","coordinates":[[[10.5698,49.5997],[10.5407,49.6001],[10.51,49.5964],[10.4999,49.6002],[10.4905,49.6006],[10.4647,49.587],[10.4616,49.5763],[10.4742,49.5664],[10.4889,49.5712],[10.5128,49.57],[10.5326,49.5639],[10.5619,49.5665],[10.5752,49.5506],[10.5903,49.5513],[10.6072,49.5459],[10.6012,49.5294],[10.6383,49.5348],[10.6466,49.5423],[10.6464,49.5545],[10.6708,49.5615],[10.6791,49.5771],[10.6495,49.5773],[10.5857,49.6019],[10.5698,49.5997]]]},"properties":{"AGS":"09575153","GEN":"Neustadt a.d.Aisch","SN_L":"09"}},
{"type":"Feature","geometry":{"type":"Polygon","coordinates":[[[10.5295,49.4842],[10.5119,49.4851],[10.5039,49.4753],[10.4514,49.4619],[10.4531,49.4551],[10.4297,49.4496],[10.4193,49.4423],[10.4228,49.4294],[10.4353,49.4283],[10.4458,49.4166],[10.481,49.4159],[10.4788,49.4273],[10.5042,49.437],[10.5204,49.4508],[10.538,49.4382],[10.5551,49.4375],[10.5573,49.4453],[10.5505,49.4469],[10.551,49.4694],[10.5372,49.4711],[10.5295,49.4842]]]},"properties":{"AGS":"09575156","GEN":"Obernzenn","SN_L":"09"}},
{"type":"Feature","geometry":{"type":"Polygon","coordinates":[[[10.5407,49.6001],[10.526,49.6219],[10.5053,49.6262],[10.4881,49.6339],[10.4828,49.6308],[10.4996,49.6234],[10.4999,49.6002],[10.51,49.5964],[10.5407,49.6001]]]},"properties":{"AGS":"09575138","GEN":"Langenfeld","SN_L":"09"}},
{"type":"Feature","geometry":{"type":"MultiPolygon","coordinates":[[[[10.3827,49.694],[10.3682,49.7108],[10.3436,49.7003],[10.3387,49.7042],[10.341,49.6956],[10.3589,49.6924],[10.3827,49.694]]],[[[10.4021,49.6796],[10.3871,49.69],[10.3619,49.6769],[10.3638,49.6645],[10.3792,49.6505],[10.388,49.6343],[10.4371,49.6343],[10.4556,49.6317],[10.4568,49.6488],[10.4479,49.6575],[10.4237,49.6645],[10.4219,49.6722],[10.4021,49.672],[10.4021,49.6796]]]]},"properties":{"AGS":"09575144","GEN":"Markt Bibart","SN_L":"09"}},
{"type":"Feature","geometry":{"type":"Polygon","coordinates":[[[10.5981,49.7095],[10.5743,49.7099],[10.5745,49.725],[10.5508,49.7125],[10.5129,49.7094],[10.5181,49.6862],[10.5093,49.6621],[10.5272,49.6566],[10.5564,49.6571],[10.5581,49.684],[10.5861,49.6868],[10.5944,49.6916],[10.5981,49.7095]]]},"properties":{"AGS":"09575147","GEN":"Markt Taschendorf","SN_L":"09"}},
{"type":"Feature","geometry":{"type":"Polygon","coordinates":[[[10.4914,49.7429],[10.464,49.7414],[10.4355,49.75],[10.4195,49.7403],[10.3752,49.7224],[10.3715,49.7139],[10.3682,49.7108],[10.3827,49.694],[10.3871,49.69],[10.4021,49.6796],[10.4314,49.6884],[10.4409,49.6867],[10.4616,49.6938],[10.4521,49.7118],[10.4667,49.7139],[10.4797,49.7071],[10.4848,49.7124],[10.4827,49.7288],[10.5061,49.7387],[10.4914,49.7429]]]},"properties":{"AGS":"09575157","GEN":"Oberscheinfeld","SN_L":"09"}},
{"type":"Feature","geometry":{"type":"Polygon","coordinates":[[[10.5129,49.7094],[10.4907,49.7041],[10.4797,49.7071],[10.4667,49.7139],[10.4521,49.7118],[10.4616,49.6938],[10.4409,49.6867],[10.4314,49.6884],[10.4021,49.6796],[10.4021,49.672],[10.4219,49.6722],[10.4237,49.6645],[10.4479,49.6575],[10.4568,49.6488],[10.4556,49.6317],[10.4828,49.6308],[10.4881,49.6339],[10.5084,49.6427],[10.5272,49.6566],[10.5093,49.6621],[10.5181,49.6862],[10.5129,49.7094]]]},"properties":{"AGS":"09575161","GEN":"Scheinfeld","SN_L":"09"}},
{"type":"Feature","geometry":{"type":"Polygon","coordinates":[[[10.4556,49.6317],[10.4371,49.6343],[10.388,49.6343],[10.3651,49.6318],[10.3487,49.6224],[10.3012,49.6271],[10.2931,49.6257],[10.2881,49.6209],[10.294,49.6147],[10.3292,49.6102],[10.3652,49.6039],[10.3741,49.5839],[10.3679,49.5761],[10.3769,49.5657],[10.4191,49.5741],[10.4413,49.5808],[10.4565,49.576],[10.4616,49.5763],[10.4647,49.587],[10.4905,49.6006],[10.4999,49.6002],[10.4996,49.6234],[10.4828,49.6308],[10.4556,49.6317]]]},"properties":{"AGS":"09575165","GEN":"Sugenheim","SN_L":"09"}},
{"type":"Feature","geometry":{"type":"Polygon","coordinates":[[[10.3591,49.5442],[10.3306,49.5382],[10.3241,49.5435],[10.2943,49.5422],[10.2853,49.5372],[10.2831,49.5229],[10.2546,49.5119],[10.2455,49.4974],[10.2712,49.4876],[10.2851,49.4929],[10.2872,49.4938],[10.2973,49.509],[10.3187,49.5015],[10.3472,49.502],[10.3556,49.5112],[10.3609,49.5338],[10.3591,49.5442]]]},"properties":{"AGS":"09575122","GEN":"Ergersheim","SN_L":"09"}},
{"type":"Feature","geometry":{"type":"Polygon","coordinates":[[[10.2131,49.5799],[10.1855,49.5813],[10.17,49.5872],[10.1689,49.5816],[10.1414,49.5748],[10.1344,49.5684],[10.1401,49.5548],[10.1482,49.5513],[10.1657,49.5529],[10.1695,49.561],[10.211,49.5538],[10.2233,49.5615],[10.2198,49.5784],[10.2131,49.5799]]]},"properties":{"AGS":"09575127","GEN":"Gollhofen","SN_L":"09"}},
{"type":"Feature","geometry":{"type":"Polygon","coordinates":[[[10.1414,49.5748],[10.1129,49.5788],[10.1044,49.5949],[10.0825,49.6015],[10.0696,49.5926],[10.0758,49.5776],[10.0719,49.5673],[10.0814,49.559],[10.0837,49.5436],[10.0875,49.5376],[10.0955,49.5332],[10.1229,49.545],[10.1482,49.5513],[10.1401,49.5548],[10.1344,49.5684],[10.1414,49.5748]]]},"properties":{"AGS":"09575130","GEN":"Hemmersheim","SN_L":"09"}},
{"type":"Feature","geometry":{"type":"Polygon","coordinates":[[[10.2697,49.6252],[10.2491,49.6253],[10.2233,49.6323],[10.1997,49.6242],[10.2,49.6028],[10.172,49.5957],[10.1687,49.5905],[10.17,49.5872],[10.1855,49.5813],[10.2131,49.5799],[10.2216,49.5922],[10.2311,49.5901],[10.2586,49.605],[10.2632,49.6137],[10.294,49.6147],[10.2881,49.6209],[10.2697,49.6252]]]},"properties":{"AGS":"09575134","GEN":"Ippesheim","SN_L":"09"}},
{"type":"Feature","geometry":{"type":"Polygon","coordinates":[[[10.3769,49.5657],[10.3679,49.5761],[10.3741,49.5839],[10.3652,49.6039],[10.3292,49.6102],[10.3306,49.6038],[10.2998,49.5985],[10.3219,49.5922],[10.3126,49.5785],[10.2835,49.5701],[10.2694,49.5587],[10.2579,49.5554],[10.2853,49.5503],[10.2943,49.5422],[10.3241,49.5435],[10.3306,49.5382],[10.3591,49.5442],[10.3804,49.552],[10.3769,49.5657]]]},"properties":{"AGS":"09575146","GEN":"Markt Nordheim","SN_L":"09"}},
{"type":"Feature","geometry":{"type":"Polygon","coordinates":[[[10.1178,49.6221],[10.1103,49.6214],[10.0973,49.6181],[10.0825,49.6015],[10.1044,49.5949],[10.1129,49.5788],[10.1414,49.5748],[10.1689,49.5816],[10.17,49.5872],[10.1687,49.5905],[10.1552,49.5968],[10.1487,49.6084],[10.1266,49.614],[10.1178,49.6221]]]},"properties":{"AGS":"09575155","GEN":"Oberickelsheim","SN_L":"09"}},
{"type":"Feature","geometry":{"type":"Polygon","coordinates":[[[10.1372,49.4785],[10.1392,49.4886],[10.1608,49.4958],[10.1706,49.5059],[10.1541,49.5236],[10.1695,49.5286],[10.18,49.5398],[10.1657,49.5529],[10.1482,49.5513],[10.1229,49.545],[10.0955,49.5332],[10.0875,49.5376],[10.0786,49.5273],[10.0841,49.5118],[10.1057,49.5151],[10.1213,49.511],[10.1013,49.494],[10.1012,49.4856],[10.1183,49.4732],[10.1372,49.4785]]]},"properties":{"AGS":"09575163","GEN":"Simmershofen","SN_L":"09"}},
{"type":"Feature","geometry":{"type":"Polygon","coordinates":[[[10.2579,49.5554],[10.2233,49.5615],[10.211,49.5538],[10.1695,49.561],[10.1657,49.5529],[10.18,49.5398],[10.1695,49.5286],[10.1541,49.5236],[10.1706,49.5059],[10.1608,49.4958],[10.1392,49.4886],[10.1372,49.4785],[10.1684,49.4745],[10.1807,49.4897],[10.2052,49.492],[10.2317,49.4881],[10.2455,49.4974],[10.2546,49.5119],[10.2831,49.5229],[10.2853,49.5372],[10.2943,49.5422],[10.2853,49.5503],[10.2579,49.5554]]]},"properties":{"AGS":"09575168","GEN":"Uffenheim","SN_L":"09"}},
{"type":"Feature","geometry":{"type":"Polygon","coordinates":[[[10.294,49.6147],[10.2632,49.6137],[10.2586,49.605],[10.2311,49.5901],[10.2216,49.5922],[10.2131,49.5799],[10.2198,49.5784],[10.2233,49.5615],[10.2579,49.5554],[10.2694,49.5587],[10.2835,49.5701],[10.3126,49.5785],[10.3219,49.5922],[10.2998,49.5985],[10.3306,49.6038],[10.3292,49.6102],[10.294,49.6147]]]},"properties":{"AGS":"09575179","GEN":"Weigenheim","SN_L":"09"}},
{"type":"Feature","geometry":{"type":"Polygon","coordinates":[[[10.7874,49.5254],[10.7792,49.5272],[10.7794,49.5473],[10.7626,49.5522],[10.7548,49.5376],[10.726,49.5232],[10.7435,49.5146],[10.7631,49.5199],[10.7749,49.5106],[10.7896,49.5101],[10.7874,49.5254]]]},"properties":{"AGS":"09575129","GEN":"Hagenbüchach","SN_L":"09"}},
{"type":"Feature","geometry":{"type":"Polygon","coordinates":[[[10.7544,49.5916],[10.7337,49.5915],[10.7139,49.5762],[10.7261,49.5735],[10.7286,49.5596],[10.752,49.5579],[10.7449,49.5682],[10.758,49.5805],[10.7544,49.5916]]]},"properties":{"AGS":"09575181","GEN":"Wilhelmsdorf","SN_L":"09"}},
{"type":"Feature","geometry":{"type":"Polygon","coordinates":[[[10.5553,49.6197],[10.5838,49.6505],[10.5564,49.6571],[10.5272,49.6566],[10.5084,49.6427],[10.4881,49.6339],[10.5053,49.6262],[10.526,49.6219],[10.5407,49.6001],[10.5698,49.5997],[10.554,49.6083],[10.5553,49.6197]]]},"properties":{"AGS":"09575113","GEN":"Baudenbach","SN_L":"09"}},
{"type":"Feature","geometry":{"type":"Polygon","coordinates":[[[10.6681,49.5998],[10.6575,49.5964],[10.6305,49.6106],[10.6107,49.6047],[10.6095,49.6145],[10.59,49.6215],[10.5773,49.6184],[10.5553,49.6197],[10.554,49.6083],[10.5698,49.5997],[10.5857,49.6019],[10.6495,49.5773],[10.6791,49.5771],[10.6838,49.5855],[10.6988,49.587],[10.687,49.5997],[10.6681,49.5998]]]},"properties":{"AGS":"09575118","GEN":"Diespeck","SN_L":"09"}},
{"type":"Feature","geometry":{"type":"Polygon","coordinates":[[[10.6509,49.6528],[10.6371,49.6559],[10.6161,49.6435],[10.59,49.6215],[10.6095,49.6145],[10.6107,49.6047],[10.6305,49.6106],[10.6575,49.5964],[10.6681,49.5998],[10.6754,49.6112],[10.6577,49.6339],[10.6673,49.6365],[10.6509,49.6528]]]},"properties":{"AGS":"09575128","GEN":"Gutenstetten","SN_L":"09"}},
{"type":"Feature","geometry":{"type":"Polygon","coordinates":[[[10.6242,49.6776],[10.6039,49.6793],[10.6135,49.6894],[10.5944,49.6916],[10.5861,49.6868],[10.5581,49.684],[10.5564,49.6571],[10.5838,49.6505],[10.5553,49.6197],[10.5773,49.6184],[10.59,49.6215],[10.6161,49.6435],[10.6371,49.6559],[10.6306,49.6568],[10.6242,49.6776]]]},"properties":{"AGS":"09575150","GEN":"Münchsteinach","SN_L":"09"}},
{"type":"Feature","geometry":{"type":"Polygon","coordinates":[[[10.7812,49.6421],[10.7658,49.6488],[10.7197,49.6575],[10.6772,49.66],[10.6509,49.6528],[10.6673,49.6365],[10.6881,49.6379],[10.7101,49.632],[10.7372,49.6355],[10.7615,49.6273],[10.7842,49.6343],[10.7812,49.6421]]]},"properties":{"AGS":"09575117","GEN":"Dachsbach","SN_L":"09"}},
{"type":"Feature","geometry":{"type":"Polygon","coordinates":[[[10.7615,49.6273],[10.7372,49.6355],[10.7101,49.632],[10.6881,49.6379],[10.6673,49.6365],[10.6577,49.6339],[10.6754,49.6112],[10.6681,49.5998],[10.687,49.5997],[10.6988,49.587],[10.7117,49.5974],[10.7293,49.5969],[10.7401,49.603],[10.7555,49.6018],[10.7749,49.6054],[10.763,49.6058],[10.7615,49.6273]]]},"properties":{"AGS":"09575125","GEN":"Gerhardshofen","SN_L":"09"}},
{"type":"Feature","geometry":{"type":"Polygon","coordinates":[[[10.6969,49.6915],[10.6709,49.6828],[10.6242,49.6776],[10.6306,49.6568],[10.6371,49.6559],[10.6509,49.6528],[10.6772,49.66],[10.7197,49.6575],[10.7658,49.6488],[10.7812,49.6421],[10.788,49.6521],[10.7675,49.6585],[10.7445,49.6749],[10.7294,49.6858],[10.6969,49.6915]]]},"properties":{"AGS":"09575167","GEN":"Uehlfeld","SN_L":"09"}},
{"type":"Feature","geometry":{"type":"Polygon","coordinates":[[[10.3472,49.502],[10.3187,49.5015],[10.2973,49.509],[10.2872,49.4938],[10.2962,49.4815],[10.2743,49.4764],[10.2902,49.4448],[10.2761,49.4319],[10.2802,49.4205],[10.2954,49.4126],[10.3386,49.433],[10.3337,49.4431],[10.3457,49.4743],[10.3574,49.4757],[10.3795,49.4903],[10.3781,49.4944],[10.37,49.4914],[10.3472,49.502]]]},"properties":{"AGS":"09575115","GEN":"Burgbernheim","SN_L":"09"}},
{"type":"Feature","geometry":{"type":"Polygon","coordinates":[[[10.2712,49.4876],[10.2455,49.4974],[10.2317,49.4881],[10.2438,49.4748],[10.2614,49.473],[10.2635,49.4656],[10.2483,49.4527],[10.265,49.4342],[10.2761,49.4319],[10.2902,49.4448],[10.2743,49.4764],[10.2962,49.4815],[10.2872,49.4938],[10.2851,49.4929],[10.2712,49.4876]]]},"properties":{"AGS":"09575124","GEN":"Gallmersgarten","SN_L":"09"}},
{"type":"Feature","geometry":{"type":"Polygon","coordinates":[[[10.4514,49.4619],[10.4319,49.4667],[10.4063,49.4831],[10.4048,49.4934],[10.3781,49.4944],[10.3795,49.4903],[10.3574,49.4757],[10.3908,49.4594],[10.3968,49.4291],[10.4228,49.4294],[10.4193,49.4423],[10.4297,49.4496],[10.4531,49.4551],[10.4514,49.4619]]]},"properties":{"AGS":"09575133","GEN":"Illesheim","SN_L":"09"}},
{"type":"Feature","geometry":{"type":"Polygon","coordinates":[[[10.3574,49.4757],[10.3457,49.4743],[10.3337,49.4431],[10.3386,49.433],[10.3442,49.4304],[10.3494,49.4105],[10.3646,49.4126],[10.3871,49.4125],[10.3968,49.4291],[10.3908,49.4594],[10.3574,49.4757]]]},"properties":{"AGS":"09575143","GEN":"Marktbergel","SN_L":"09"}},
{"type":"Feature","geometry":{"type":"Polygon","coordinates":[[[10.6974,49.4363],[10.6904,49.4524],[10.7008,49.4717],[10.6917,49.4782],[10.678,49.4774],[10.6533,49.4686],[10.6402,49.477],[10.6154,49.4695],[10.614,49.4458],[10.6092,49.4314],[10.598,49.4223],[10.6137,49.4307],[10.6424,49.4224],[10.6974,49.4363]]]},"properties":{"AGS":"09575152","GEN":"Neuhof a.d.Zenn","SN_L":"09"}},
{"type":"Feature","geometry":{"type":"Polygon","coordinates":[[[10.6154,49.4695],[10.5947,49.4815],[10.5805,49.4749],[10.5561,49.473],[10.5343,49.4838],[10.5295,49.4842],[10.5372,49.4711],[10.551,49.4694],[10.5505,49.4469],[10.5573,49.4453],[10.5732,49.4381],[10.6037,49.4466],[10.614,49.4458],[10.6154,49.4695]]]},"properties":{"AGS":"09575166","GEN":"Trautskirchen","SN_L":"09"}},
{"type":"Feature","geometry":{"type":"Polygon","coordinates":[[[10.4191,49.5741],[10.3769,49.5657],[10.3804,49.552],[10.3796,49.5593],[10.4191,49.5741]]]},"properties":{"AGS":"09575451","GEN":"Osing","SN_L":"09"}},
{"type":"Feature","geometry":{"type":"Polygon","coordinates":[[[10.9753,49.2696],[10.9401,49.2631],[10.9088,49.2686],[10.8997,49.2736],[10.9134,49.2466],[10.8972,49.2373],[10.8764,49.2308],[10.8603,49.2203],[10.8639,49.2073],[10.8974,49.2093],[10.9083,49.1985],[10.9579,49.2039],[10.9645,49.2245],[10.976,49.2366],[10.9996,49.2378],[11.0071,49.2533],[10.9902,49.2556],[10.9881,49.2667],[10.9753,49.2696]]]},"properties":{"AGS":"09576111","GEN":"Abenberg","SN_L":"09"}},
{"type":"Feature","geometry":{"type":"Polygon","coordinates":[[[11.2039,49.2774],[11.1814,49.2816],[11.1641,49.2768],[11.1696,49.2582],[11.1635,49.2472],[11.1866,49.2464],[11.2043,49.2363],[11.1862,49.2176],[11.2026,49.2125],[11.2266,49.2154],[11.2347,49.2055],[11.2628,49.2082],[11.2922,49.2106],[11.319,49.2101],[11.2933,49.2355],[11.303,49.2438],[11.2864,49.2575],[11.275,49.2604],[11.2804,49.2732],[11.2616,49.2737],[11.2462,49.2695],[11.2389,49.2761],[11.2063,49.2741],[11.2039,49.2774]]]},"properties":{"AGS":"09576113","GEN":"Allersberg","SN_L":"09"}},
{"type":"Feature","geometry":{"type":"Polygon","coordinates":[[[11.0765,49.2721],[11.0588,49.2752],[11.0424,49.2981],[11.0142,49.2941],[11.0069,49.2943],[10.9994,49.2786],[10.9821,49.2827],[10.9753,49.2696],[10.9881,49.2667],[10.9902,49.2556],[11.0071,49.2533],[10.9996,49.2378],[10.9988,49.2336],[11.0157,49.2314],[11.033,49.239],[11.0466,49.2538],[11.0802,49.2519],[11.0765,49.2721]]]},"properties":{"AGS":"09576117","GEN":"Büchenbach","SN_L":"09"}},
{"type":"Feature","geometry":{"type":"Polygon","coordinates":[[[11.0958,49.177],[11.0759,49.1902],[11.0499,49.1891],[11.0413,49.1961],[11.0497,49.2044],[11.0513,49.2202],[11.0389,49.2256],[11.033,49.239],[11.0157,49.2314],[10.9988,49.2336],[10.9902,49.224],[10.9645,49.2245],[10.9579,49.2039],[10.9876,49.1924],[10.9819,49.1843],[10.987,49.1727],[10.987,49.1667],[11.0162,49.1666],[11.0173,49.1742],[11.0474,49.1699],[11.0662,49.1613],[11.0692,49.1533],[11.0988,49.1622],[11.0958,49.177]]]},"properties":{"AGS":"09576121","GEN":"Georgensgmünd","SN_L":"09"}},
{"type":"Feature","geometry":{"type":"Polygon","coordinates":[[[11.3568,49.1135],[11.3251,49.1173],[11.3211,49.1317],[11.2927,49.1266],[11.2847,49.1309],[11.2885,49.1054],[11.2688,49.0957],[11.294,49.0757],[11.2554,49.0528],[11.2516,49.0464],[11.2664,49.0249],[11.2666,49.0109],[11.2875,49.0041],[11.3325,48.9997],[11.3503,49.0213],[11.3707,49.015],[11.3818,49.017],[11.3864,49.031],[11.4067,49.0324],[11.4159,49.0348],[11.4072,49.0381],[11.3968,49.0709],[11.3857,49.0789],[11.3672,49.0917],[11.3568,49.1135]]]},"properties":{"AGS":"09576122","GEN":"Greding","SN_L":"09"}},
{"type":"Feature","geometry":{"type":"Polygon","coordinates":[[[11.1376,49.1772],[11.0958,49.177],[11.0988,49.1622],[11.0692,49.1533],[11.0654,49.1297],[11.0821,49.1156],[11.0818,49.1062],[11.0934,49.1028],[11.1145,49.0894],[11.1525,49.0805],[11.1624,49.0863],[11.1698,49.0922],[11.1658,49.137],[11.1597,49.1413],[11.1376,49.1772]]]},"properties":{"AGS":"09576126","GEN":"Heideck","SN_L":"09"}},
{"type":"Feature","geometry":{"type":"Polygon","coordinates":[[[11.2628,49.2082],[11.2347,49.2055],[11.2266,49.2154],[11.2026,49.2125],[11.1862,49.2176],[11.1814,49.2112],[11.1495,49.2067],[11.1524,49.1975],[11.1293,49.1917],[11.115,49.1828],[11.1376,49.1772],[11.1597,49.1413],[11.176,49.142],[11.1951,49.1378],[11.2039,49.1565],[11.2209,49.156],[11.2404,49.1327],[11.2501,49.1287],[11.2847,49.1309],[11.2927,49.1266],[11.3211,49.1317],[11.3278,49.143],[11.3248,49.1565],[11.308,49.1631],[11.3136,49.1781],[11.287,49.1874],[11.2716,49.1961],[11.2628,49.2082]]]},"properties":{"AGS":"09576127","GEN":"Hilpoltstein","SN_L":"09"}},
{"type":"Feature","geometry":{"type":"Polygon","coordinates":[[[10.9766,49.3253],[10.9294,49.3291],[10.925,49.303],[10.9116,49.3026],[10.9076,49.3001],[10.905,49.2936],[10.8997,49.2736],[10.9088,49.2686],[10.9401,49.2631],[10.9753,49.2696],[10.9821,49.2827],[10.9854,49.2932],[11.0069,49.2943],[11.0142,49.2941],[10.9951,49.3211],[10.9766,49.3253]]]},"properties":{"AGS":"09576128","GEN":"Kammerstein","SN_L":"09"}},
{"type":"Feature","geometry":{"type":"Polygon","coordinates":[[[11.1857,49.2979],[11.1752,49.3189],[11.1597,49.3298],[11.1358,49.3351],[11.1207,49.3337],[11.0997,49.3233],[11.09,49.3139],[11.0928,49.297],[11.1037,49.2989],[11.1083,49.2956],[11.0991,49.2911],[11.0872,49.2915],[11.093,49.2856],[11.1117,49.2844],[11.1197,49.2782],[11.1367,49.2819],[11.1521,49.277],[11.1866,49.2861],[11.1857,49.2979]]]},"properties":{"AGS":"09576132","GEN":"Schwanstetten","SN_L":"09"}},
{"type":"Feature","geometry":{"type":"Polygon","coordinates":[[[11.0874,49.3142],[11.078,49.3189],[11.0555,49.3169],[11.0413,49.3065],[11.0424,49.2981],[11.0588,49.2752],[11.0765,49.2721],[11.0789,49.2837],[11.093,49.2856],[11.0872,49.2915],[11.0928,49.297],[11.09,49.3139],[11.0874,49.3142]]]},"properties":{"AGS":"09576137","GEN":"Rednitzhembach","SN_L":"09"}},
{"type":"Feature","geometry":{"type":"Polygon","coordinates":[[[10.987,49.1727],[10.9628,49.1597],[10.9659,49.1518],[10.985,49.1571],[10.9971,49.1551],[11.0008,49.1436],[11.0132,49.145],[11.0514,49.1249],[11.0654,49.1297],[11.0692,49.1533],[11.0662,49.1613],[11.0474,49.1699],[11.0173,49.1742],[11.0162,49.1666],[10.987,49.1667],[10.987,49.1727]]]},"properties":{"AGS":"09576141","GEN":"Röttenbach","SN_L":"09"}},
{"type":"Feature","geometry":{"type":"MultiPolygon","coordinates":[[[[10.905,49.2936],[10.9076,49.3001],[10.8998,49.3],[10.905,49.2936]]],[[[10.9927,49.3815],[10.9554,49.3819],[10.9373,49.3689],[10.9292,49.3567],[10.9142,49.3603],[10.8737,49.3546],[10.8678,49.3561],[10.8616,49.343],[10.8698,49.3195],[10.8655,49.3148],[10.8884,49.3165],[10.9099,49.3084],[10.9116,49.3026],[10.925,49.303],[10.9294,49.3291],[10.9766,49.3253],[10.9925,49.3383],[10.9723,49.352],[10.9712,49.359],[10.9864,49.3655],[10.9978,49.3759],[10.9927,49.3815]]]]},"properties":{"AGS":"09576142","GEN":"Rohr","SN_L":"09"}},
{"type":"Feature","geometry":{"type":"Polygon","coordinates":[[[11.2039,49.2774],[11.1988,49.2893],[11.1872,49.2978],[11.1857,49.2979],[11.1866,49.2861],[11.1521,49.277],[11.1367,49.2819],[11.1197,49.2782],[11.1117,49.2844],[11.093,49.2856],[11.0789,49.2837],[11.0765,49.2721],[11.0802,49.2519],[11.0466,49.2538],[11.033,49.239],[11.0389,49.2256],[11.0513,49.2202],[11.0497,49.2044],[11.0413,49.1961],[11.0499,49.1891],[11.0759,49.1902],[11.0958,49.177],[11.1376,49.1772],[11.115,49.1828],[11.1293,49.1917],[11.1524,49.1975],[11.1495,49.2067],[11.1814,49.2112],[11.1862,49.2176],[11.2043,49.2363],[11.1866,49.2464],[11.1635,49.2472],[11.1696,49.2582],[11.1641,49.2768],[11.1814,49.2816],[11.2039,49.2774]]]},"properties":{"AGS":"09576143","GEN":"Roth","SN_L":"09"}},
{"type":"Feature","geometry":{"type":"Polygon","coordinates":[[[10.9579,49.2039],[10.9083,49.1985],[10.8974,49.2093],[10.8639,49.2073],[10.8372,49.1985],[10.8376,49.1978],[10.842,49.1881],[10.8701,49.1875],[10.8545,49.1615],[10.8836,49.1516],[10.8943,49.1517],[10.9143,49.138],[10.9378,49.1312],[10.9386,49.1485],[10.9659,49.1518],[10.9628,49.1597],[10.987,49.1727],[10.9819,49.1843],[10.9876,49.1924],[10.9579,49.2039]]]},"properties":{"AGS":"09576147","GEN":"Spalt","SN_L":"09"}},
{"type":"Feature","geometry":{"type":"Polygon","coordinates":[[[11.2847,49.1309],[11.2501,49.1287],[11.2404,49.1327],[11.2209,49.156],[11.2039,49.1565],[11.1951,49.1378],[11.176,49.142],[11.1597,49.1413],[11.1658,49.137],[11.1698,49.0922],[11.1624,49.0863],[11.1724,49.0677],[11.1812,49.058],[11.2014,49.0466],[11.2312,49.0497],[11.2464,49.0472],[11.2554,49.0528],[11.294,49.0757],[11.2688,49.0957],[11.2885,49.1054],[11.2847,49.1309]]]},"properties":{"AGS":"09576148","GEN":"Thalmässing","SN_L":"09"}},
{"type":"Feature","geometry":{"type":"MultiPolygon","coordinates":[[[[11.1532,49.379],[11.1692,49.3885],[11.1584,49.3876],[11.1532,49.379]]],[[[11.1884,49.3706],[11.1578,49.3621],[11.1194,49.3574],[11.0798,49.3393],[11.0874,49.3142],[11.09,49.3139],[11.0997,49.3233],[11.1207,49.3337],[11.1358,49.3351],[11.1597,49.3298],[11.1752,49.3189],[11.1857,49.2979],[11.1872,49.2978],[11.2198,49.3154],[11.2436,49.3067],[11.2514,49.3089],[11.2472,49.3254],[11.2468,49.3334],[11.2304,49.3434],[11.2181,49.3611],[11.2116,49.3614],[11.1884,49.3706]]]]},"properties":{"AGS":"09576151","GEN":"Wendelstein","SN_L":"09"}},
{"type":"Feature","geometry":{"type":"Polygon","coordinates":[[[10.9996,49.2378],[10.976,49.2366],[10.9645,49.2245],[10.9902,49.224],[10.9988,49.2336],[10.9996,49.2378]]]},"properties":{"AGS":"09576451","GEN":"Abenberger Wald","SN_L":"09"}},
{"type":"Feature","geometry":{"type":"Polygon","coordinates":[[[10.8884,49.3165],[10.8998,49.3],[10.9076,49.3001],[10.9116,49.3026],[10.9099,49.3084],[10.8884,49.3165]]]},"properties":{"AGS":"09576452","GEN":"Dechenwald","SN_L":"09"}},
{"type":"Feature","geometry":{"type":"Polygon","coordinates":[[[11.1584,49.3876],[11.1349,49.3911],[11.1158,49.3897],[11.1054,49.3796],[11.1112,49.3641],[11.1194,49.3574],[11.1578,49.3621],[11.1884,49.3706],[11.1982,49.3782],[11.1925,49.3803],[11.1645,49.3769],[11.1532,49.379],[11.1584,49.3876]]]},"properties":{"AGS":"09576453","GEN":"Forst Kleinschwarzenlohe","SN_L":"09"}},
{"type":"Feature","geometry":{"type":"Polygon","coordinates":[[[11.0069,49.2943],[10.9854,49.2932],[10.9821,49.2827],[10.9994,49.2786],[11.0069,49.2943]]]},"properties":{"AGS":"09576454","GEN":"Heidenberg","SN_L":"09"}},
{"type":"Feature","geometry":{"type":"Polygon","coordinates":[[[11.0872,49.2915],[11.0991,49.2911],[11.1083,49.2956],[11.1037,49.2989],[11.0928,49.297],[11.0872,49.2915]]]},"properties":{"AGS":"09576455","GEN":"Soos","SN_L":"09"}},
{"type":"Feature","geometry":{"type":"Polygon","coordinates":[[[10.7364,49.1591],[10.7311,49.1858],[10.7087,49.1784],[10.7103,49.1685],[10.6984,49.1616],[10.6952,49.1519],[10.7006,49.1437],[10.7324,49.1411],[10.7407,49.1484],[10.7364,49.1591]]]},"properties":{"AGS":"09577114","GEN":"Muhr a.See","SN_L":"09"}},
{"type":"Feature","geometry":{"type":"Polygon","coordinates":[[[10.8193,49.1192],[10.777,49.1341],[10.7621,49.1637],[10.7364,49.1591],[10.7407,49.1484],[10.7324,49.1411],[10.7006,49.1437],[10.6952,49.1519],[10.6937,49.1518],[10.68,49.1459],[10.6681,49.1336],[10.6551,49.1326],[10.6543,49.1315],[10.6563,49.1095],[10.6483,49.1023],[10.6465,49.0916],[10.6577,49.0821],[10.674,49.0828],[10.6735,49.0723],[10.6882,49.0713],[10.7144,49.0735],[10.7368,49.0691],[10.7838,49.0873],[10.8009,49.0852],[10.8012,49.0969],[10.8112,49.0991],[10.8112,49.1099],[10.8193,49.1192]]]},"properties":{"AGS":"09577136","GEN":"Gunzenhausen","SN_L":"09"}},
{"type":"Feature","geometry":{"type":"Polygon","coordinates":[[[10.9222,48.9232],[10.9054,48.9184],[10.8955,48.9253],[10.874,48.9235],[10.8599,48.9102],[10.8682,48.9018],[10.8638,48.8935],[10.8533,48.8846],[10.8677,48.8756],[10.9061,48.8826],[10.9368,48.8633],[10.9518,48.8635],[10.9741,48.8787],[10.9667,48.8965],[10.9392,48.9074],[10.9409,48.9237],[10.9222,48.9232]]]},"properties":{"AGS":"09577148","GEN":"Langenaltheim","SN_L":"09"}},
{"type":"Feature","geometry":{"type":"Polygon","coordinates":[[[11.0846,48.9611],[11.0606,48.9602],[11.0489,48.9764],[11.0189,48.9751],[10.9826,48.9789],[10.9847,48.9714],[10.9463,48.9599],[10.9493,48.9416],[10.9389,48.9285],[10.9222,48.9232],[10.9409,48.9237],[10.9392,48.9074],[10.9667,48.8965],[10.9901,48.9139],[11.0101,48.9145],[11.032,48.9054],[11.042,48.9047],[11.0594,48.9136],[11.0665,48.9247],[11.0506,48.9319],[11.0846,48.9611]]]},"properties":{"AGS":"09577158","GEN":"Pappenheim","SN_L":"09"}},
{"type":"Feature","geometry":{"type":"Polygon","coordinates":[[[11.0654,49.1297],[11.0514,49.1249],[11.0132,49.145],[11.0008,49.1436],[10.9971,49.1551],[10.985,49.1571],[10.9659,49.1518],[10.9386,49.1485],[10.9378,49.1312],[10.9143,49.138],[10.9062,49.132],[10.8997,49.1027],[10.878,49.1053],[10.8866,49.097],[10.9063,49.0833],[10.9224,49.0938],[10.9385,49.0899],[10.9771,49.0874],[10.9772,49.0828],[10.9864,49.0924],[11.0036,49.0892],[11.0481,49.0919],[11.0587,49.0945],[11.0768,49.0881],[11.0934,49.1028],[11.0818,49.1062],[11.0821,49.1156],[11.0654,49.1297]]]},"properties":{"AGS":"09577161","GEN":"Pleinfeld","SN_L":"09"}},
{"type":"Feature","geometry":{"type":"Polygon","coordinates":[[[10.7079,48.9614],[10.6922,48.9599],[10.6921,48.9399],[10.6849,48.9297],[10.6693,48.9209],[10.6961,48.9058],[10.714,48.8998],[10.7229,48.9005],[10.7389,48.9253],[10.77,48.9252],[10.7882,48.94],[10.7984,48.943],[10.7553,48.9589],[10.743,48.9503],[10.722,48.9538],[10.7079,48.9614]]]},"properties":{"AGS":"09577162","GEN":"Polsingen","SN_L":"09"}},
{"type":"Feature","geometry":{"type":"Polygon","coordinates":[[[11.032,48.9054],[11.0101,48.9145],[10.9901,48.9139],[10.9667,48.8965],[10.9741,48.8787],[11.014,48.8869],[11.0313,48.8869],[11.032,48.9054]]]},"properties":{"AGS":"09577168","GEN":"Solnhofen","SN_L":"09"}},
{"type":"Feature","geometry":{"type":"Polygon","coordinates":[[[10.8884,49.011],[10.869,49.0047],[10.8583,48.9949],[10.815,48.9836],[10.8014,48.9747],[10.7924,48.9823],[10.77,48.9784],[10.7553,48.9589],[10.7984,48.943],[10.8259,48.9312],[10.8325,48.9149],[10.8079,48.9077],[10.8154,48.9011],[10.8249,48.8962],[10.8545,48.8969],[10.8638,48.8935],[10.8682,48.9018],[10.8599,48.9102],[10.874,48.9235],[10.8955,48.9253],[10.9054,48.9184],[10.9222,48.9232],[10.9389,48.9285],[10.9493,48.9416],[10.9463,48.9599],[10.9847,48.9714],[10.9826,48.9789],[10.9361,48.9784],[10.9369,49.0006],[10.9051,49.0095],[10.8884,49.011]]]},"properties":{"AGS":"09577173","GEN":"Treuchtlingen","SN_L":"09"}},
{"type":"Feature","geometry":{"type":"Polygon","coordinates":[[[10.9767,49.0475],[10.9601,49.0445],[10.9564,49.0529],[10.9356,49.0613],[10.8996,49.0555],[10.889,49.0405],[10.8884,49.011],[10.9051,49.0095],[10.9369,49.0006],[10.9361,48.9784],[10.9826,48.9789],[11.0189,48.9751],[11.0489,48.9764],[11.0606,48.9602],[11.0846,48.9611],[11.0882,48.9619],[11.0585,48.9728],[11.0517,48.9786],[11.0724,48.9986],[11.0762,49.0325],[11.0643,49.0418],[11.029,49.0534],[11.0013,49.0409],[10.9767,49.0475]]]},"properties":{"AGS":"09577177","GEN":"Weißenburg i.Bay.","SN_L":"09"}},
{"type":"Feature","geometry":{"type":"Polygon","coordinates":[[[10.9143,49.138],[10.8943,49.1517],[10.8836,49.1516],[10.8545,49.1615],[10.8701,49.1875],[10.842,49.1881],[10.8335,49.1866],[10.8151,49.1664],[10.8374,49.1617],[10.8347,49.154],[10.8618,49.1486],[10.8472,49.1339],[10.8563,49.1308],[10.8939,49.1361],[10.9062,49.132],[10.9143,49.138]]]},"properties":{"AGS":"09577111","GEN":"Absberg","SN_L":"09"}},
{"type":"Feature","geometry":{"type":"Polygon","coordinates":[[[10.7842,49.2032],[10.7598,49.2032],[10.7403,49.1968],[10.7311,49.1858],[10.7364,49.1591],[10.7621,49.1637],[10.777,49.1341],[10.8193,49.1192],[10.8456,49.1295],[10.8472,49.1339],[10.8618,49.1486],[10.8347,49.154],[10.8374,49.1617],[10.8151,49.1664],[10.8335,49.1866],[10.842,49.1881],[10.8376,49.1978],[10.8277,49.196],[10.7842,49.2032]]]},"properties":{"AGS":"09577138","GEN":"Haundorf","SN_L":"09"}},
{"type":"Feature","geometry":{"type":"Polygon","coordinates":[[[10.8472,49.1339],[10.8456,49.1295],[10.8193,49.1192],[10.8112,49.1099],[10.8112,49.0991],[10.8417,49.0896],[10.8618,49.0949],[10.8604,49.1076],[10.878,49.1053],[10.8997,49.1027],[10.9062,49.132],[10.8939,49.1361],[10.8563,49.1308],[10.8472,49.1339]]]},"properties":{"AGS":"09577159","GEN":"Pfofeld","SN_L":"09"}},
{"type":"Feature","geometry":{"type":"Polygon","coordinates":[[[10.878,49.1053],[10.8604,49.1076],[10.8618,49.0949],[10.8417,49.0896],[10.8112,49.0991],[10.8012,49.0969],[10.8009,49.0852],[10.8145,49.0605],[10.8319,49.0464],[10.8432,49.0624],[10.8683,49.0688],[10.8775,49.0916],[10.8866,49.097],[10.878,49.1053]]]},"properties":{"AGS":"09577172","GEN":"Theilenhofen","SN_L":"09"}},
{"type":"Feature","geometry":{"type":"Polygon","coordinates":[[[10.8683,49.0688],[10.8432,49.0624],[10.8319,49.0464],[10.8373,49.0451],[10.8511,49.0306],[10.8636,49.0228],[10.8586,49.0117],[10.869,49.0047],[10.8884,49.011],[10.889,49.0405],[10.8996,49.0555],[10.8814,49.0564],[10.8683,49.0688]]]},"properties":{"AGS":"09577113","GEN":"Alesheim","SN_L":"09"}},
{"type":"Feature","geometry":{"type":"Polygon","coordinates":[[[10.8009,49.0852],[10.7838,49.0873],[10.7368,49.0691],[10.729,49.0468],[10.7365,49.0406],[10.7553,49.0335],[10.7632,49.0357],[10.772,49.0386],[10.7965,49.0342],[10.8103,49.0417],[10.8373,49.0451],[10.8319,49.0464],[10.8145,49.0605],[10.8009,49.0852]]]},"properties":{"AGS":"09577122","GEN":"Dittenheim","SN_L":"09"}},
{"type":"Feature","geometry":{"type":"Polygon","coordinates":[[[10.869,49.0047],[10.8586,49.0117],[10.8636,49.0228],[10.8511,49.0306],[10.8371,49.0277],[10.8124,49.0157],[10.8064,49.0005],[10.815,48.9836],[10.8583,48.9949],[10.869,49.0047]]]},"properties":{"AGS":"09577149","GEN":"Markt Berolzheim","SN_L":"09"}},
{"type":"Feature","geometry":{"type":"Polygon","coordinates":[[[10.8511,49.0306],[10.8373,49.0451],[10.8103,49.0417],[10.7965,49.0342],[10.772,49.0386],[10.7632,49.0357],[10.7609,49.0242],[10.7749,49.021],[10.7774,49.0114],[10.8064,49.0005],[10.8124,49.0157],[10.8371,49.0277],[10.8511,49.0306]]]},"properties":{"AGS":"09577150","GEN":"Meinheim","SN_L":"09"}},
{"type":"Feature","geometry":{"type":"Polygon","coordinates":[[[10.8866,49.097],[10.8775,49.0916],[10.8683,49.0688],[10.8814,49.0564],[10.8996,49.0555],[10.9356,49.0613],[10.9564,49.0529],[10.9601,49.0445],[10.9767,49.0475],[10.9937,49.0613],[10.9892,49.0759],[10.9772,49.0828],[10.9771,49.0874],[10.9385,49.0899],[10.9224,49.0938],[10.9063,49.0833],[10.8866,49.097]]]},"properties":{"AGS":"09577125","GEN":"Ellingen","SN_L":"09"}},
{"type":"Feature","geometry":{"type":"Polygon","coordinates":[[[11.1145,49.0894],[11.0934,49.1028],[11.0768,49.0881],[11.0587,49.0945],[11.0481,49.0919],[11.03,49.0785],[11.0371,49.0601],[11.029,49.0534],[11.0643,49.0418],[11.0651,49.0463],[11.0579,49.0617],[11.0745,49.0704],[11.0777,49.0838],[11.103,49.0817],[11.1145,49.0894]]]},"properties":{"AGS":"09577127","GEN":"Ettenstatt","SN_L":"09"}},
{"type":"Feature","geometry":{"type":"Polygon","coordinates":[[[11.0481,49.0919],[11.0036,49.0892],[10.9864,49.0924],[10.9772,49.0828],[10.9892,49.0759],[10.9937,49.0613],[10.9767,49.0475],[11.0013,49.0409],[11.029,49.0534],[11.0371,49.0601],[11.03,49.0785],[11.0481,49.0919]]]},"properties":{"AGS":"09577141","GEN":"Höttingen","SN_L":"09"}},
{"type":"Feature","geometry":{"type":"Polygon","coordinates":[[[11.1624,49.0863],[11.1525,49.0805],[11.1145,49.0894],[11.103,49.0817],[11.0777,49.0838],[11.0745,49.0704],[11.0579,49.0617],[11.0651,49.0463],[11.0813,49.065],[11.1011,49.0662],[11.1146,49.0581],[11.1339,49.0553],[11.1724,49.0677],[11.1624,49.0863]]]},"properties":{"AGS":"09577115","GEN":"Bergen","SN_L":"09"}},
{"type":"Feature","geometry":{"type":"Polygon","coordinates":[[[11.1146,49.0581],[11.1011,49.0662],[11.0813,49.065],[11.0651,49.0463],[11.0643,49.0418],[11.0762,49.0325],[11.0724,48.9986],[11.0851,48.9958],[11.0973,49.0066],[11.1075,49.0234],[11.1194,49.0298],[11.1074,49.0467],[11.1146,49.0581]]]},"properties":{"AGS":"09577120","GEN":"Burgsalach","SN_L":"09"}},
{"type":"Feature","geometry":{"type":"Polygon","coordinates":[[[11.1724,49.0677],[11.1339,49.0553],[11.1146,49.0581],[11.1074,49.0467],[11.1194,49.0298],[11.136,49.0313],[11.1473,49.0179],[11.1799,49.0272],[11.2014,49.0466],[11.1812,49.058],[11.1724,49.0677]]]},"properties":{"AGS":"09577151","GEN":"Nennslingen","SN_L":"09"}},
{"type":"Feature","geometry":{"type":"Polygon","coordinates":[[[11.1799,49.0272],[11.1473,49.0179],[11.136,49.0313],[11.1194,49.0298],[11.1075,49.0234],[11.0973,49.0066],[11.0851,48.9958],[11.0724,48.9986],[11.0517,48.9786],[11.0585,48.9728],[11.0882,48.9619],[11.1093,48.9669],[11.1251,48.9654],[11.1424,48.9652],[11.1481,48.9856],[11.1635,48.9993],[11.161,49.0119],[11.1896,49.0228],[11.1799,49.0272]]]},"properties":{"AGS":"09577163","GEN":"Raitenbuch","SN_L":"09"}},
{"type":"Feature","geometry":{"type":"Polygon","coordinates":[[[10.7368,49.0691],[10.7144,49.0735],[10.6882,49.0713],[10.6806,49.0605],[10.6878,49.0471],[10.7109,49.0361],[10.7185,49.0429],[10.7365,49.0406],[10.729,49.0468],[10.7368,49.0691]]]},"properties":{"AGS":"09577133","GEN":"Gnotzheim","SN_L":"09"}},
{"type":"Feature","geometry":{"type":"Polygon","coordinates":[[[10.7365,49.0406],[10.7185,49.0429],[10.7109,49.0361],[10.7136,49.0081],[10.6854,49.0049],[10.6837,48.9937],[10.7051,48.9847],[10.7079,48.9614],[10.722,48.9538],[10.743,48.9503],[10.7553,48.9589],[10.77,48.9784],[10.7924,48.9823],[10.8014,48.9747],[10.815,48.9836],[10.8064,49.0005],[10.7774,49.0114],[10.7749,49.021],[10.7609,49.0242],[10.7632,49.0357],[10.7553,49.0335],[10.7365,49.0406]]]},"properties":{"AGS":"09577140","GEN":"Heidenheim","SN_L":"09"}},
{"type":"Feature","geometry":{"type":"Polygon","coordinates":[[[10.7109,49.0361],[10.6878,49.0471],[10.6766,49.0388],[10.6671,49.0173],[10.6423,49.0166],[10.6367,48.991],[10.6415,48.9813],[10.6424,48.9816],[10.6663,48.9848],[10.6749,48.9737],[10.6864,48.9604],[10.6922,48.9599],[10.7079,48.9614],[10.7051,48.9847],[10.6837,48.9937],[10.6854,49.0049],[10.7136,49.0081],[10.7109,49.0361]]]},"properties":{"AGS":"09577179","GEN":"Westheim","SN_L":"09"}},
{"type":"Feature","geometry":{"type":"Polygon","coordinates":[[[9.127,50.014],[9.1135,50.0071],[9.1029,50.0213],[9.0801,50.0078],[9.0866,49.9973],[9.1133,49.9832],[9.1079,49.9747],[9.0869,49.9745],[9.0837,49.9562],[9.1072,49.9309],[9.1142,49.9385],[9.1367,49.9296],[9.1442,49.9206],[9.1665,49.9271],[9.1904,49.9273],[9.2157,49.9347],[9.2378,49.9348],[9.236,49.9369],[9.2114,49.9549],[9.186,49.9596],[9.193,49.9792],[9.1877,49.9821],[9.1687,49.9891],[9.1591,49.9996],[9.1377,50.0022],[9.127,50.014]]]},"properties":{"AGS":"09661000","GEN":"Aschaffenburg","SN_L":"09"}},
{"type":"Feature","geometry":{"type":"Polygon","coordinates":[[[10.2348,50.0948],[10.2218,50.0913],[10.2284,50.0764],[10.2241,50.0658],[10.2004,50.0716],[10.1872,50.0545],[10.1796,50.0542],[10.1874,50.0445],[10.1653,50.0312],[10.1985,50.0128],[10.2178,50.01],[10.2321,50.0151],[10.2474,50.0217],[10.2419,50.0403],[10.2722,50.0558],[10.2607,50.0761],[10.2374,50.079],[10.2348,50.0948]]]},"properties":{"AGS":"09662000","GEN":"Schweinfurt","SN_L":"09"}},
{"type":"Feature","geometry":{"type":"Polygon","coordinates":[[[9.9877,49.8391],[9.9721,49.8397],[9.9468,49.8334],[9.9338,49.8353],[9.9199,49.8456],[9.9096,49.8441],[9.9072,49.8252],[9.8947,49.8271],[9.8724,49.8222],[9.8825,49.7947],[9.8964,49.789],[9.8903,49.7759],[9.8745,49.7664],[9.8963,49.7674],[9.8768,49.7531],[9.8876,49.7444],[9.8984,49.7447],[9.9356,49.735],[9.9393,49.7241],[9.9616,49.7102],[9.9824,49.7134],[9.9858,49.7201],[9.9741,49.728],[9.9856,49.737],[9.9845,49.7476],[9.9639,49.7722],[9.9797,49.7731],[9.9761,49.7836],[9.9889,49.7901],[9.9999,49.7876],[10.0133,49.8043],[10.004,49.8193],[9.9871,49.8269],[9.9877,49.8391]]]},"properties":{"AGS":"09663000","GEN":"Würzburg","SN_L":"09"}},
{"type":"Feature","geometry":{"type":"Polygon","coordinates":[[[9.1464,50.095],[9.1564,50.112],[9.145,50.1141],[9.1215,50.1261],[9.0982,50.1264],[9.0893,50.1168],[9.0713,50.1194],[9.037,50.1144],[9.0255,50.0868],[9.0209,50.0613],[9.0301,50.0484],[9.0445,50.0439],[9.0908,50.0408],[9.1059,50.0461],[9.1025,50.0542],[9.1126,50.0615],[9.1144,50.0744],[9.1252,50.0886],[9.1464,50.095]]]},"properties":{"AGS":"09671111","GEN":"Alzenau","SN_L":"09"}},
{"type":"Feature","geometry":{"type":"Polygon","coordinates":[[[9.2884,49.991],[9.2795,50.0043],[9.2525,50.0046],[9.2364,49.9993],[9.2389,49.9738],[9.2223,49.9662],[9.2314,49.9567],[9.236,49.9369],[9.2378,49.9348],[9.2472,49.9269],[9.2661,49.9278],[9.2716,49.9356],[9.29,49.9432],[9.2992,49.9398],[9.3005,49.9514],[9.2852,49.9645],[9.2715,49.9761],[9.2777,49.9835],[9.2964,49.985],[9.2968,49.9865],[9.2884,49.991]]]},"properties":{"AGS":"09671112","GEN":"Bessenbach","SN_L":"09"}},
{"type":"Feature","geometry":{"type":"Polygon","coordinates":[[[9.0209,50.0613],[9.0007,50.0591],[8.9878,50.0633],[8.9813,50.0559],[8.9759,50.0488],[8.9888,50.0416],[9.0134,50.0456],[9.023,50.0436],[9.0313,50.0396],[9.0301,50.0266],[9.0557,50.0339],[9.069,50.031],[9.0959,50.0351],[9.0908,50.0408],[9.0445,50.0439],[9.0301,50.0484],[9.0209,50.0613]]]},"properties":{"AGS":"09671114","GEN":"Karlstein a.Main","SN_L":"09"}},
{"type":"Feature","geometry":{"type":"Polygon","coordinates":[[[9.2219,50.1223],[9.2236,50.1394],[9.2147,50.1467],[9.2111,50.1447],[9.194,50.1386],[9.1917,50.1283],[9.1746,50.1195],[9.1625,50.0982],[9.1875,50.0973],[9.1995,50.1034],[9.2219,50.1223]]]},"properties":{"AGS":"09671119","GEN":"Geiselbach","SN_L":"09"}},
{"type":"Feature","geometry":{"type":"Polygon","coordinates":[[[9.1507,50.0198],[9.127,50.014],[9.1377,50.0022],[9.1591,49.9996],[9.1507,50.0198]]]},"properties":{"AGS":"09671120","GEN":"Glattbach","SN_L":"09"}},
{"type":"Feature","geometry":{"type":"Polygon","coordinates":[[[9.1738,50.0276],[9.1507,50.0198],[9.1591,49.9996],[9.1687,49.9891],[9.1877,49.9821],[9.1939,49.9845],[9.1971,50.0141],[9.1738,50.0276]]]},"properties":{"AGS":"09671121","GEN":"Goldbach","SN_L":"09"}},
{"type":"Feature","geometry":{"type":"Polygon","coordinates":[[[9.0837,49.9562],[9.0264,49.9551],[9.0215,49.9499],[9.0323,49.9247],[9.0319,49.9094],[9.0372,49.8793],[9.0501,49.8663],[9.0702,49.8805],[9.0951,49.8743],[9.1001,49.8824],[9.0938,49.8912],[9.1094,49.9021],[9.1031,49.9153],[9.1072,49.9309],[9.0837,49.9562]]]},"properties":{"AGS":"09671122","GEN":"Großostheim","SN_L":"09"}},
{"type":"Feature","geometry":{"type":"Polygon","coordinates":[[[9.2223,49.9662],[9.2024,49.9799],[9.193,49.9792],[9.186,49.9596],[9.2114,49.9549],[9.236,49.9369],[9.2314,49.9567],[9.2223,49.9662]]]},"properties":{"AGS":"09671124","GEN":"Haibach","SN_L":"09"}},
{"type":"Feature","geometry":{"type":"Polygon","coordinates":[[[9.2364,49.9993],[9.2326,50.0284],[9.2471,50.0345],[9.2525,50.0445],[9.23,50.0553],[9.2165,50.0522],[9.1941,50.0465],[9.1772,50.0374],[9.1738,50.0276],[9.1971,50.0141],[9.1939,49.9845],[9.1877,49.9821],[9.193,49.9792],[9.2024,49.9799],[9.2223,49.9662],[9.2389,49.9738],[9.2364,49.9993]]]},"properties":{"AGS":"09671130","GEN":"Hösbach","SN_L":"09"}},
{"type":"Feature","geometry":{"type":"Polygon","coordinates":[[[9.1772,50.0374],[9.1059,50.0461],[9.0908,50.0408],[9.0959,50.0351],[9.1018,50.0264],[9.1029,50.0213],[9.1135,50.0071],[9.127,50.014],[9.1507,50.0198],[9.1738,50.0276],[9.1772,50.0374]]]},"properties":{"AGS":"09671133","GEN":"Johannesberg","SN_L":"09"}},
{"type":"Feature","geometry":{"type":"Polygon","coordinates":[[[9.0209,50.0613],[9.0255,50.0868],[9.037,50.1144],[9.0301,50.1127],[9.0183,50.1116],[9.0043,50.097],[8.9974,50.0916],[8.9993,50.0694],[8.9906,50.0671],[8.9878,50.0633],[9.0007,50.0591],[9.0209,50.0613]]]},"properties":{"AGS":"09671134","GEN":"Kahl a.Main","SN_L":"09"}},
{"type":"Feature","geometry":{"type":"Polygon","coordinates":[[[9.0959,50.0351],[9.069,50.031],[9.0557,50.0339],[9.0301,50.0266],[9.0398,50.0104],[9.0576,50.0015],[9.0649,49.9881],[9.0868,49.9937],[9.0797,50.0059],[9.0691,50.0111],[9.1018,50.0264],[9.0959,50.0351]]]},"properties":{"AGS":"09671136","GEN":"Kleinostheim","SN_L":"09"}},
{"type":"Feature","geometry":{"type":"Polygon","coordinates":[[[9.3362,50.0267],[9.3212,50.0227],[9.3121,50.0308],[9.2859,50.0277],[9.2765,50.0202],[9.2578,50.0158],[9.2525,50.0046],[9.2795,50.0043],[9.2884,49.991],[9.2899,50.0016],[9.3083,50.0058],[9.3292,50.0054],[9.3526,50.0147],[9.3362,50.0267]]]},"properties":{"AGS":"09671139","GEN":"Laufach","SN_L":"09"}},
{"type":"Feature","geometry":{"type":"Polygon","coordinates":[[[9.0869,49.9745],[9.1079,49.9747],[9.1133,49.9832],[9.0866,49.9973],[9.0801,50.0078],[9.1029,50.0213],[9.1018,50.0264],[9.0691,50.0111],[9.0797,50.0059],[9.0868,49.9937],[9.0649,49.9881],[9.0673,49.9812],[9.0869,49.9745]]]},"properties":{"AGS":"09671140","GEN":"Mainaschaff","SN_L":"09"}},
{"type":"Feature","geometry":{"type":"Polygon","coordinates":[[[9.1875,50.0973],[9.1625,50.0982],[9.1464,50.095],[9.1252,50.0886],[9.1144,50.0744],[9.1126,50.0615],[9.1025,50.0542],[9.1059,50.0461],[9.1772,50.0374],[9.1941,50.0465],[9.2165,50.0522],[9.2142,50.0685],[9.1987,50.0702],[9.1786,50.0603],[9.1875,50.0973]]]},"properties":{"AGS":"09671143","GEN":"Mömbris","SN_L":"09"}},
{"type":"Feature","geometry":{"type":"Polygon","coordinates":[[[9.4528,49.9485],[9.4299,49.9427],[9.415,49.9346],[9.4046,49.9375],[9.3908,49.9485],[9.4151,49.9719],[9.383,49.9796],[9.3763,49.967],[9.3889,49.96],[9.3895,49.9482],[9.4044,49.9367],[9.399,49.9274],[9.4044,49.9352],[9.4155,49.9337],[9.43,49.9416],[9.461,49.9488],[9.4801,49.9435],[9.4835,49.9444],[9.4664,49.9494],[9.4528,49.9485]]]},"properties":{"AGS":"09671148","GEN":"Rothenbuch","SN_L":"09"}},
{"type":"Feature","geometry":{"type":"Polygon","coordinates":[[[9.2859,50.0277],[9.2854,50.0348],[9.2693,50.0404],[9.2659,50.0531],[9.2568,50.0583],[9.25,50.0609],[9.23,50.0553],[9.2525,50.0445],[9.2471,50.0345],[9.2326,50.0284],[9.2364,49.9993],[9.2525,50.0046],[9.2578,50.0158],[9.2765,50.0202],[9.2859,50.0277]]]},"properties":{"AGS":"09671150","GEN":"Sailauf","SN_L":"09"}},
{"type":"Feature","geometry":{"type":"Polygon","coordinates":[[[9.0649,49.9881],[9.0576,50.0015],[9.0398,50.0104],[9.0355,50.0018],[9.0461,49.99],[9.0161,49.9913],[9.0264,49.9551],[9.0837,49.9562],[9.0869,49.9745],[9.0673,49.9812],[9.0649,49.9881]]]},"properties":{"AGS":"09671155","GEN":"Stockstadt a.Main","SN_L":"09"}},
{"type":"Feature","geometry":{"type":"Polygon","coordinates":[[[9.2964,49.985],[9.2777,49.9835],[9.2715,49.9761],[9.2852,49.9645],[9.3162,49.9575],[9.3199,49.9706],[9.2964,49.985]]]},"properties":{"AGS":"09671156","GEN":"Waldaschaff","SN_L":"09"}},
{"type":"Feature","geometry":{"type":"Polygon","coordinates":[[[9.399,49.9274],[9.3808,49.9285],[9.3651,49.9378],[9.347,49.9404],[9.3579,49.9263],[9.399,49.9274]]]},"properties":{"AGS":"09671157","GEN":"Weibersbrunn","SN_L":"09"}},
{"type":"Feature","geometry":{"type":"Polygon","coordinates":[[[9.3401,50.0428],[9.3339,50.0529],[9.3126,50.055],[9.3379,50.0409],[9.3471,50.0313],[9.3702,50.0174],[9.3806,50.0204],[9.3962,50.0113],[9.3991,50.0147],[9.3835,50.0331],[9.3624,50.0403],[9.3491,50.0307],[9.3406,50.0424],[9.3401,50.0428]]]},"properties":{"AGS":"09671126","GEN":"Heigenbrücken","SN_L":"09"}},
{"type":"Feature","geometry":{"type":"Polygon","coordinates":[[[9.322,50.0713],[9.3363,50.0648],[9.3559,50.0633],[9.3614,50.069],[9.3424,50.0835],[9.3382,50.0863],[9.322,50.0713]]]},"properties":{"AGS":"09671128","GEN":"Heinrichsthal","SN_L":"09"}},
{"type":"Feature","geometry":{"type":"Polygon","coordinates":[[[9.2887,49.8668],[9.293,49.8756],[9.3174,49.8802],[9.3326,49.8792],[9.3409,49.9043],[9.3387,49.9092],[9.2936,49.8988],[9.2809,49.9006],[9.272,49.8921],[9.2599,49.8705],[9.2486,49.8672],[9.2453,49.8658],[9.2588,49.8528],[9.2653,49.8649],[9.2887,49.8668]]]},"properties":{"AGS":"09671127","GEN":"Heimbuchenthal","SN_L":"09"}},
{"type":"Feature","geometry":{"type":"Polygon","coordinates":[[[9.2992,49.9398],[9.29,49.9432],[9.2716,49.9356],[9.2661,49.9278],[9.2809,49.9006],[9.2936,49.8988],[9.3387,49.9092],[9.3381,49.9191],[9.3278,49.9278],[9.2989,49.9342],[9.2992,49.9398]]]},"properties":{"AGS":"09671141","GEN":"Mespelbrunn","SN_L":"09"}},
{"type":"Feature","geometry":{"type":"Polygon","coordinates":[[[9.3556,49.8993],[9.3542,49.9004],[9.3409,49.9043],[9.3326,49.8792],[9.3174,49.8802],[9.293,49.8756],[9.2887,49.8668],[9.2993,49.8587],[9.3185,49.8353],[9.3292,49.8381],[9.3544,49.8361],[9.3683,49.8329],[9.3667,49.8535],[9.3941,49.8636],[9.4037,49.8742],[9.397,49.889],[9.3864,49.8976],[9.3717,49.9032],[9.3556,49.8993]]]},"properties":{"AGS":"09671160","GEN":"Dammbach","SN_L":"09"}},
{"type":"Feature","geometry":{"type":"Polygon","coordinates":[[[9.229,50.0779],[9.2142,50.0685],[9.2165,50.0522],[9.23,50.0553],[9.25,50.0609],[9.2349,50.0694],[9.2397,50.0762],[9.229,50.0779]]]},"properties":{"AGS":"09671113","GEN":"Blankenbach","SN_L":"09"}},
{"type":"Feature","geometry":{"type":"Polygon","coordinates":[[[9.3212,50.1393],[9.3076,50.1334],[9.2739,50.1427],[9.2785,50.1304],[9.2744,50.1199],[9.2521,50.1021],[9.2772,50.0913],[9.279,50.0959],[9.3064,50.1075],[9.3165,50.1165],[9.3109,50.1244],[9.3212,50.1393]]]},"properties":{"AGS":"09671135","GEN":"Kleinkahl","SN_L":"09"}},
{"type":"Feature","geometry":{"type":"Polygon","coordinates":[[[9.229,50.0779],[9.2166,50.0909],[9.2137,50.1023],[9.1995,50.1034],[9.1875,50.0973],[9.1786,50.0603],[9.1987,50.0702],[9.2142,50.0685],[9.229,50.0779]]]},"properties":{"AGS":"09671138","GEN":"Krombach","SN_L":"09"}},
{"type":"Feature","geometry":{"type":"Polygon","coordinates":[[[9.2521,50.1021],[9.2445,50.0985],[9.2219,50.1223],[9.1995,50.1034],[9.2137,50.1023],[9.2166,50.0909],[9.229,50.0779],[9.2397,50.0762],[9.2694,50.0758],[9.2772,50.0913],[9.2521,50.1021]]]},"properties":{"AGS":"09671152","GEN":"Schöllkrippen","SN_L":"09"}},
{"type":"Feature","geometry":{"type":"Polygon","coordinates":[[[9.2694,50.0758],[9.2397,50.0762],[9.2349,50.0694],[9.25,50.0609],[9.2568,50.0583],[9.2747,50.0653],[9.3042,50.0571],[9.2694,50.0758]]]},"properties":{"AGS":"09671153","GEN":"Sommerkahl","SN_L":"09"}},
{"type":"Feature","geometry":{"type":"Polygon","coordinates":[[[9.2604,50.1385],[9.2219,50.1494],[9.2147,50.1467],[9.2236,50.1394],[9.2219,50.1223],[9.2445,50.0985],[9.2521,50.1021],[9.2744,50.1199],[9.2785,50.1304],[9.2739,50.1427],[9.2604,50.1385]]]},"properties":{"AGS":"09671159","GEN":"Westerngrund","SN_L":"09"}},
{"type":"Feature","geometry":{"type":"Polygon","coordinates":[[[9.3956,50.0858],[9.3762,50.1057],[9.3788,50.1108],[9.3588,50.1257],[9.3465,50.1114],[9.3673,50.1028],[9.3782,50.0846],[9.3895,50.0865],[9.3956,50.0858]]]},"properties":{"AGS":"09671162","GEN":"Wiesen","SN_L":"09"}},
{"type":"Feature","geometry":{"type":"Polygon","coordinates":[[[9.3962,50.0113],[9.3806,50.0204],[9.3702,50.0174],[9.3471,50.0313],[9.3362,50.0267],[9.3526,50.0147],[9.3292,50.0054],[9.3083,50.0058],[9.2899,50.0016],[9.2884,49.991],[9.2968,49.9865],[9.312,49.9809],[9.3398,49.9876],[9.3686,49.9838],[9.3727,49.9936],[9.397,49.9973],[9.3962,50.0113]]]},"properties":{"AGS":"09671451","GEN":"Forst Hain i.Spessart","SN_L":"09"}},
{"type":"Feature","geometry":{"type":"Polygon","coordinates":[[[9.4208,50.0467],[9.4155,50.0519],[9.3898,50.0508],[9.3856,50.0549],[9.4027,50.0762],[9.3902,50.0857],[9.3728,50.0832],[9.3424,50.0835],[9.3614,50.069],[9.3559,50.0633],[9.3363,50.0648],[9.322,50.0713],[9.3126,50.055],[9.3339,50.0529],[9.3401,50.0428],[9.3406,50.0424],[9.3491,50.0307],[9.3624,50.0403],[9.3835,50.0331],[9.3991,50.0147],[9.4114,50.0122],[9.429,50.0179],[9.4052,50.0234],[9.4064,50.0497],[9.4208,50.0467]]]},"properties":{"AGS":"09671453","GEN":"Heinrichsthaler Forst","SN_L":"09"}},
{"type":"Feature","geometry":{"type":"Polygon","coordinates":[[[9.4801,49.9435],[9.461,49.9488],[9.43,49.9416],[9.4155,49.9337],[9.4044,49.9352],[9.399,49.9274],[9.3579,49.9263],[9.3381,49.9191],[9.3387,49.9092],[9.3409,49.9043],[9.3542,49.9004],[9.3556,49.8993],[9.3717,49.9032],[9.3864,49.8976],[9.397,49.889],[9.4037,49.8742],[9.4227,49.8811],[9.4353,49.8909],[9.427,49.9015],[9.4287,49.9173],[9.4546,49.9266],[9.4652,49.9167],[9.4685,49.9363],[9.4801,49.9435]]]},"properties":{"AGS":"09671456","GEN":"Rohrbrunner Forst","SN_L":"09"}},
{"type":"Feature","geometry":{"type":"Polygon","coordinates":[[[9.4304,49.991],[9.397,49.9973],[9.3727,49.9936],[9.3686,49.9838],[9.3596,49.9746],[9.3576,49.9624],[9.3472,49.951],[9.347,49.9404],[9.3651,49.9378],[9.3808,49.9285],[9.399,49.9274],[9.4044,49.9367],[9.3895,49.9482],[9.3889,49.96],[9.3763,49.967],[9.383,49.9796],[9.4151,49.9719],[9.3908,49.9485],[9.4046,49.9375],[9.415,49.9346],[9.4299,49.9427],[9.4528,49.9485],[9.4411,49.9636],[9.4442,49.9741],[9.4304,49.991]]]},"properties":{"AGS":"09671457","GEN":"Rothenbucher Forst","SN_L":"09"}},
{"type":"Feature","geometry":{"type":"Polygon","coordinates":[[[9.3042,50.0571],[9.2747,50.0653],[9.2568,50.0583],[9.2659,50.0531],[9.2693,50.0404],[9.2854,50.0348],[9.2859,50.0277],[9.3121,50.0308],[9.3212,50.0227],[9.3362,50.0267],[9.3471,50.0313],[9.3379,50.0409],[9.3126,50.055],[9.3042,50.0571]]]},"properties":{"AGS":"09671458","GEN":"Sailaufer Forst","SN_L":"09"}},
{"type":"Feature","geometry":{"type":"Polygon","coordinates":[[[9.3165,50.1165],[9.3064,50.1075],[9.279,50.0959],[9.2772,50.0913],[9.2694,50.0758],[9.3042,50.0571],[9.3126,50.055],[9.322,50.0713],[9.3382,50.0863],[9.3247,50.0954],[9.3283,50.1084],[9.3165,50.1165]]]},"properties":{"AGS":"09671459","GEN":"Schöllkrippener Forst","SN_L":"09"}},
{"type":"Feature","geometry":{"type":"Polygon","coordinates":[[[9.3686,49.9838],[9.3398,49.9876],[9.312,49.9809],[9.2968,49.9865],[9.2964,49.985],[9.3199,49.9706],[9.3162,49.9575],[9.2852,49.9645],[9.3005,49.9514],[9.2992,49.9398],[9.2989,49.9342],[9.3278,49.9278],[9.3381,49.9191],[9.3579,49.9263],[9.347,49.9404],[9.3472,49.951],[9.3576,49.9624],[9.3596,49.9746],[9.3686,49.9838]]]},"properties":{"AGS":"09671460","GEN":"Waldaschaffer Forst","SN_L":"09"}},
{"type":"Feature","geometry":{"type":"Polygon","coordinates":[[[9.3756,50.1297],[9.3416,50.1313],[9.3212,50.1393],[9.3109,50.1244],[9.3165,50.1165],[9.3283,50.1084],[9.3247,50.0954],[9.3382,50.0863],[9.3424,50.0835],[9.3728,50.0832],[9.3782,50.0846],[9.3673,50.1028],[9.3465,50.1114],[9.3588,50.1257],[9.3788,50.1108],[9.3762,50.1057],[9.3956,50.0858],[9.3963,50.0837],[9.405,50.0877],[9.3945,50.0975],[9.3756,50.1297]]]},"properties":{"AGS":"09671461","GEN":"Wiesener Forst","SN_L":"09"}},
{"type":"Feature","geometry":{"type":"Polygon","coordinates":[[[10.1059,50.3032],[10.0813,50.3035],[10.0737,50.3108],[10.0725,50.3126],[10.0567,50.32],[10.0556,50.3195],[10.0742,50.307],[10.0638,50.2958],[10.0449,50.3027],[10.02,50.2793],[10.0215,50.2699],[10.0339,50.2504],[10.0396,50.244],[10.0678,50.2387],[10.0938,50.2386],[10.1086,50.2456],[10.0982,50.2535],[10.0986,50.2729],[10.1111,50.2841],[10.128,50.2896],[10.1059,50.3032]]]},"properties":{"AGS":"09672112","GEN":"Bad Bocklet","SN_L":"09"}},
{"type":"Feature","geometry":{"type":"MultiPolygon","coordinates":[[[[9.7903,50.3417],[9.7884,50.3424],[9.7821,50.3423],[9.7822,50.3418],[9.7903,50.3417]]],[[[9.8455,50.3321],[9.8474,50.3239],[9.8352,50.319],[9.8162,50.3225],[9.7988,50.3189],[9.78,50.3234],[9.7624,50.3357],[9.748,50.3254],[9.7475,50.3135],[9.7277,50.2951],[9.7512,50.2786],[9.753,50.2791],[9.7595,50.2866],[9.8052,50.297],[9.8131,50.3053],[9.8148,50.3166],[9.8434,50.3137],[9.8463,50.3098],[9.8487,50.3255],[9.8467,50.3326],[9.8455,50.3321]]]]},"properties":{"AGS":"09672113","GEN":"Bad Brückenau","SN_L":"09"}},
{"type":"Feature","geometry":{"type":"Polygon","coordinates":[[[10.0339,50.2504],[10.0327,50.2303],[10.0015,50.2323],[10.0015,50.2396],[9.9757,50.2384],[9.9685,50.2316],[9.9684,50.2226],[9.9863,50.2203],[9.9854,50.2081],[9.9708,50.202],[9.9926,50.1938],[10.0101,50.1929],[10.0215,50.1961],[10.0266,50.1817],[10.0377,50.1783],[10.0643,50.1782],[10.0616,50.1677],[10.0777,50.1612],[10.0885,50.1477],[10.0979,50.144],[10.1094,50.1455],[10.1122,50.1689],[10.127,50.1778],[10.1425,50.1776],[10.1387,50.1897],[10.1065,50.2173],[10.0896,50.219],[10.0938,50.2386],[10.0678,50.2387],[10.0396,50.244],[10.0339,50.2504]]]},"properties":{"AGS":"09672114","GEN":"Bad Kissingen","SN_L":"09"}},
{"type":"Feature","geometry":{"type":"MultiPolygon","coordinates":[[[[9.9127,50.2658],[9.9016,50.2583],[9.9234,50.2441],[9.9241,50.2437],[9.9287,50.2545],[9.9127,50.2658]]],[[[10.0156,50.3299],[10.0037,50.3266],[9.9872,50.313],[9.9741,50.3163],[9.9699,50.3256],[9.9515,50.3381],[9.9334,50.3451],[9.9278,50.3353],[9.9208,50.3195],[9.9048,50.3143],[9.9236,50.303],[9.9266,50.2909],[9.9252,50.2856],[9.9336,50.2718],[9.9494,50.2813],[9.9756,50.2747],[9.9688,50.2688],[9.9501,50.2724],[9.9461,50.2613],[9.9618,50.2491],[9.9531,50.243],[9.9597,50.2319],[9.9685,50.2316],[9.9757,50.2384],[10.0015,50.2396],[10.0015,50.2323],[10.0327,50.2303],[10.0339,50.2504],[10.0215,50.2699],[10.02,50.2793],[10.0449,50.3027],[10.0638,50.2958],[10.0402,50.3091],[10.025,50.3104],[10.0156,50.3299]]]]},"properties":{"AGS":"09672117","GEN":"Burkardroth","SN_L":"09"}},
{"type":"Feature","geometry":{"type":"Polygon","coordinates":[[[9.9479,50.1645],[9.9301,50.1626],[9.9057,50.1715],[9.8997,50.1794],[9.8688,50.1747],[9.8491,50.181],[9.8552,50.166],[9.8389,50.1401],[9.8047,50.1449],[9.7785,50.1263],[9.799,50.1061],[9.8062,50.0925],[9.8315,50.0847],[9.8166,50.0752],[9.8195,50.0648],[9.8064,50.0549],[9.8096,50.0466],[9.8319,50.0414],[9.8692,50.035],[9.8826,50.0378],[9.8865,50.047],[9.902,50.0522],[9.9257,50.0298],[9.9484,50.0326],[9.964,50.0547],[9.9582,50.0706],[9.9272,50.0725],[9.9145,50.0705],[9.9056,50.0802],[9.9125,50.1015],[9.9287,50.1163],[9.9483,50.1287],[9.9336,50.1388],[9.9448,50.1522],[9.9479,50.1645]]]},"properties":{"AGS":"09672127","GEN":"Hammelburg","SN_L":"09"}},
{"type":"Feature","geometry":{"type":"Polygon","coordinates":[[[9.8068,50.4221],[9.7894,50.4251],[9.7778,50.4193],[9.7621,50.4259],[9.754,50.4175],[9.7593,50.4024],[9.7433,50.3622],[9.7329,50.3561],[9.743,50.3464],[9.7822,50.3418],[9.7821,50.3423],[9.7631,50.3498],[9.7735,50.3626],[9.7923,50.3709],[9.7823,50.383],[9.8038,50.3981],[9.7959,50.4085],[9.8068,50.4221]]]},"properties":{"AGS":"09672134","GEN":"Motten","SN_L":"09"}},
{"type":"Feature","geometry":{"type":"Polygon","coordinates":[[[10.3116,50.301],[10.2928,50.3032],[10.2864,50.2993],[10.2717,50.2893],[10.2516,50.265],[10.2258,50.2642],[10.2125,50.2681],[10.1842,50.2664],[10.1678,50.2617],[10.1538,50.2741],[10.1393,50.2674],[10.0986,50.2729],[10.0982,50.2535],[10.1086,50.2456],[10.121,50.2513],[10.1501,50.2439],[10.1461,50.2329],[10.1619,50.2246],[10.1838,50.2063],[10.2015,50.2071],[10.1988,50.2217],[10.2368,50.2347],[10.2576,50.2341],[10.2784,50.2273],[10.3025,50.2305],[10.3122,50.2145],[10.3213,50.2127],[10.3376,50.2266],[10.3612,50.2328],[10.3457,50.2448],[10.3491,50.2606],[10.3342,50.2744],[10.3435,50.2862],[10.3116,50.301]]]},"properties":{"AGS":"09672135","GEN":"Münnerstadt","SN_L":"09"}},
{"type":"Feature","geometry":{"type":"Polygon","coordinates":[[[10.1838,50.2063],[10.1619,50.2246],[10.1461,50.2329],[10.1501,50.2439],[10.121,50.2513],[10.1086,50.2456],[10.0938,50.2386],[10.0896,50.219],[10.1065,50.2173],[10.1387,50.1897],[10.175,50.1881],[10.1819,50.1891],[10.1838,50.2063]]]},"properties":{"AGS":"09672136","GEN":"Nüdlingen","SN_L":"09"}},
{"type":"Feature","geometry":{"type":"MultiPolygon","coordinates":[[[[9.9166,50.2201],[9.899,50.2282],[9.8996,50.2205],[9.9166,50.2201]]],[[[9.9597,50.2319],[9.9527,50.2287],[9.9273,50.2371],[9.9241,50.2437],[9.9234,50.2441],[9.9247,50.2294],[9.9248,50.2289],[9.9174,50.2198],[9.9078,50.2035],[9.8726,50.2059],[9.8677,50.1934],[9.8535,50.2017],[9.8491,50.181],[9.8688,50.1747],[9.8997,50.1794],[9.9057,50.1715],[9.9301,50.1626],[9.9479,50.1645],[9.9719,50.1729],[9.9821,50.1647],[10.0016,50.1736],[10.0101,50.1929],[9.9926,50.1938],[9.9708,50.202],[9.9854,50.2081],[9.9863,50.2203],[9.9684,50.2226],[9.9685,50.2316],[9.9597,50.2319]]]]},"properties":{"AGS":"09672139","GEN":"Oberthulba","SN_L":"09"}},
{"type":"Feature","geometry":{"type":"Polygon","coordinates":[[[10.175,50.1881],[10.1387,50.1897],[10.1425,50.1776],[10.127,50.1778],[10.1122,50.1689],[10.1094,50.1455],[10.0979,50.144],[10.0899,50.1282],[10.0985,50.11],[10.126,50.1081],[10.1397,50.1146],[10.1502,50.1447],[10.1703,50.1457],[10.1799,50.1539],[10.1723,50.1737],[10.175,50.1881]]]},"properties":{"AGS":"09672140","GEN":"Oerlenbach","SN_L":"09"}},
{"type":"Feature","geometry":{"type":"Polygon","coordinates":[[[9.8535,50.2017],[9.8222,50.2002],[9.8073,50.1888],[9.7816,50.1975],[9.7863,50.2183],[9.7852,50.2178],[9.7847,50.2171],[9.7829,50.2101],[9.7735,50.1938],[9.746,50.1954],[9.737,50.2091],[9.7357,50.2088],[9.7237,50.1894],[9.7101,50.1761],[9.6993,50.1839],[9.6999,50.1936],[9.6991,50.1937],[9.6971,50.1916],[9.6999,50.1819],[9.7151,50.1704],[9.7259,50.1662],[9.7323,50.1548],[9.7465,50.151],[9.7472,50.1356],[9.7542,50.1299],[9.7722,50.1316],[9.7785,50.1263],[9.8047,50.1449],[9.8389,50.1401],[9.8552,50.166],[9.8491,50.181],[9.8535,50.2017]],[[9.7522,50.1921],[9.7399,50.1879],[9.7463,50.1754],[9.7147,50.172],[9.7235,50.1889],[9.7522,50.1921]]]},"properties":{"AGS":"09672161","GEN":"Wartmannsroth","SN_L":"09"}},
{"type":"Feature","geometry":{"type":"Polygon","coordinates":[[[9.8113,50.4171],[9.8068,50.4221],[9.7959,50.4085],[9.8038,50.3981],[9.7823,50.383],[9.7923,50.3709],[9.8007,50.3607],[9.7973,50.347],[9.7884,50.3424],[9.7903,50.3417],[9.8205,50.3379],[9.8455,50.3321],[9.8467,50.3326],[9.8733,50.3405],[9.9134,50.3322],[9.9278,50.3353],[9.9334,50.3451],[9.952,50.3639],[9.9426,50.3679],[9.9565,50.3829],[9.9204,50.3788],[9.9342,50.3931],[9.9313,50.4026],[9.9437,50.4077],[9.9357,50.4196],[9.901,50.4038],[9.8831,50.3989],[9.8733,50.409],[9.86,50.3975],[9.8384,50.4055],[9.808,50.4124],[9.8113,50.4171]]]},"properties":{"AGS":"09672163","GEN":"Wildflecken","SN_L":"09"}},
{"type":"Feature","geometry":{"type":"MultiPolygon","coordinates":[[[[9.6232,50.229],[9.6293,50.2292],[9.6368,50.234],[9.6565,50.2324],[9.6358,50.2352],[9.6232,50.229]]],[[[9.71,50.2404],[9.712,50.2377],[9.7299,50.227],[9.7357,50.2088],[9.737,50.2091],[9.7302,50.2316],[9.7511,50.2185],[9.7836,50.2262],[9.7852,50.2178],[9.7863,50.2183],[9.7906,50.2244],[9.7894,50.2291],[9.7876,50.2336],[9.7726,50.2425],[9.773,50.2492],[9.7512,50.2786],[9.7277,50.2951],[9.7132,50.2917],[9.7034,50.2808],[9.7054,50.2711],[9.6649,50.2664],[9.6521,50.2687],[9.643,50.2556],[9.6593,50.2567],[9.6845,50.2367],[9.71,50.2404]]]]},"properties":{"AGS":"09672166","GEN":"Zeitlofs","SN_L":"09"}},
{"type":"Feature","geometry":{"type":"Polygon","coordinates":[[[9.9266,50.2909],[9.9236,50.303],[9.9048,50.3143],[9.8727,50.3075],[9.8658,50.2934],[9.8743,50.2925],[9.8889,50.2733],[9.891,50.2627],[9.9016,50.2583],[9.9127,50.2658],[9.9291,50.2684],[9.93,50.2671],[9.9336,50.2718],[9.9252,50.2856],[9.9266,50.2909]]]},"properties":{"AGS":"09672126","GEN":"Geroda","SN_L":"09"}},
{"type":"Feature","geometry":{"type":"Polygon","coordinates":[[[9.8658,50.2934],[9.8727,50.3075],[9.865,50.3058],[9.8496,50.2995],[9.8318,50.3054],[9.8136,50.3057],[9.8131,50.3053],[9.8052,50.297],[9.7595,50.2866],[9.7753,50.276],[9.7624,50.2752],[9.753,50.2791],[9.7512,50.2786],[9.773,50.2492],[9.7726,50.2425],[9.7915,50.2516],[9.8061,50.2453],[9.8287,50.256],[9.8401,50.2887],[9.8545,50.2987],[9.8658,50.2934]]]},"properties":{"AGS":"09672138","GEN":"Oberleichtersbach","SN_L":"09"}},
{"type":"Feature","geometry":{"type":"Polygon","coordinates":[[[9.9278,50.3353],[9.9134,50.3322],[9.8733,50.3405],[9.8467,50.3326],[9.8487,50.3255],[9.8463,50.3098],[9.865,50.3058],[9.8727,50.3075],[9.9048,50.3143],[9.9208,50.3195],[9.9278,50.3353]]]},"properties":{"AGS":"09672145","GEN":"Riedenberg","SN_L":"09"}},
{"type":"Feature","geometry":{"type":"Polygon","coordinates":[[[9.8873,50.2291],[9.8996,50.2205],[9.899,50.2282],[9.8824,50.2384],[9.8763,50.2478],[9.895,50.2501],[9.891,50.2627],[9.8889,50.2733],[9.8743,50.2925],[9.8658,50.2934],[9.8545,50.2987],[9.8401,50.2887],[9.8287,50.256],[9.8061,50.2453],[9.7876,50.2336],[9.7894,50.2291],[9.8065,50.2413],[9.8204,50.2376],[9.836,50.2411],[9.852,50.2378],[9.8711,50.2436],[9.8873,50.2291]]]},"properties":{"AGS":"09672149","GEN":"Schondra","SN_L":"09"}},
{"type":"Feature","geometry":{"type":"Polygon","coordinates":[[[9.9821,50.1647],[9.9719,50.1729],[9.9479,50.1645],[9.9448,50.1522],[9.9336,50.1388],[9.9483,50.1287],[9.9287,50.1163],[9.9406,50.1149],[9.9678,50.0925],[9.9696,50.0845],[9.9822,50.0845],[9.9894,50.0964],[10.0021,50.0979],[10.0128,50.1086],[10.0075,50.1256],[10.0195,50.1371],[10.0107,50.1363],[9.993,50.149],[9.9927,50.1584],[9.9821,50.1647]]]},"properties":{"AGS":"09672121","GEN":"Elfershausen","SN_L":"09"}},
{"type":"Feature","geometry":{"type":"Polygon","coordinates":[[[9.9287,50.1163],[9.9125,50.1015],[9.9056,50.0802],[9.9145,50.0705],[9.9272,50.0725],[9.9582,50.0706],[9.9696,50.0845],[9.9678,50.0925],[9.9406,50.1149],[9.9287,50.1163]]]},"properties":{"AGS":"09672124","GEN":"Fuchsstadt","SN_L":"09"}},
{"type":"Feature","geometry":{"type":"Polygon","coordinates":[[[10.0377,50.1783],[10.0266,50.1817],[10.0215,50.1961],[10.0101,50.1929],[10.0016,50.1736],[9.9821,50.1647],[9.9927,50.1584],[9.993,50.149],[10.0176,50.1539],[10.0259,50.1683],[10.0377,50.1783]]]},"properties":{"AGS":"09672111","GEN":"Aura a.d.Saale","SN_L":"09"}},
{"type":"Feature","geometry":{"type":"Polygon","coordinates":[[[10.0885,50.1477],[10.0777,50.1612],[10.0616,50.1677],[10.0643,50.1782],[10.0377,50.1783],[10.0259,50.1683],[10.0176,50.1539],[9.993,50.149],[10.0107,50.1363],[10.0195,50.1371],[10.0524,50.1447],[10.0885,50.1477]]]},"properties":{"AGS":"09672122","GEN":"Euerdorf","SN_L":"09"}},
{"type":"Feature","geometry":{"type":"Polygon","coordinates":[[[10.0885,50.1477],[10.0524,50.1447],[10.0511,50.1374],[10.0623,50.1224],[10.0763,50.115],[10.074,50.1064],[10.0985,50.11],[10.0899,50.1282],[10.0979,50.144],[10.0885,50.1477]]]},"properties":{"AGS":"09672142","GEN":"Ramsthal","SN_L":"09"}},
{"type":"Feature","geometry":{"type":"Polygon","coordinates":[[[10.0524,50.1447],[10.0195,50.1371],[10.0075,50.1256],[10.0128,50.1086],[10.0456,50.1063],[10.0643,50.0991],[10.0724,50.1016],[10.074,50.1064],[10.0763,50.115],[10.0623,50.1224],[10.0511,50.1374],[10.0524,50.1447]]]},"properties":{"AGS":"09672155","GEN":"Sulzthal","SN_L":"09"}},
{"type":"Feature","geometry":{"type":"Polygon","coordinates":[[[10.3122,50.2145],[10.3025,50.2305],[10.2784,50.2273],[10.2576,50.2341],[10.2368,50.2347],[10.1988,50.2217],[10.2015,50.2071],[10.1838,50.2063],[10.1819,50.1891],[10.1998,50.1958],[10.2069,50.1843],[10.2224,50.1876],[10.2353,50.1748],[10.2345,50.155],[10.2586,50.1495],[10.2769,50.1563],[10.3064,50.1544],[10.3284,50.1481],[10.3188,50.1721],[10.3052,50.18],[10.3017,50.1911],[10.2874,50.1977],[10.3122,50.2145]]]},"properties":{"AGS":"09672131","GEN":"Maßbach","SN_L":"09"}},
{"type":"Feature","geometry":{"type":"Polygon","coordinates":[[[10.2345,50.155],[10.2353,50.1748],[10.2224,50.1876],[10.2069,50.1843],[10.1998,50.1958],[10.1819,50.1891],[10.175,50.1881],[10.1723,50.1737],[10.1799,50.1539],[10.1895,50.1493],[10.2191,50.1498],[10.2261,50.1461],[10.2345,50.155]]]},"properties":{"AGS":"09672143","GEN":"Rannungen","SN_L":"09"}},
{"type":"Feature","geometry":{"type":"Polygon","coordinates":[[[10.3701,50.2292],[10.3612,50.2328],[10.3376,50.2266],[10.3213,50.2127],[10.3122,50.2145],[10.2874,50.1977],[10.3017,50.1911],[10.3052,50.18],[10.3188,50.1721],[10.3406,50.1726],[10.3425,50.1875],[10.331,50.1949],[10.3288,50.2041],[10.346,50.2105],[10.3701,50.2292]]]},"properties":{"AGS":"09672157","GEN":"Thundorf i.UFr.","SN_L":"09"}},
{"type":"Feature","geometry":{"type":"Polygon","coordinates":[[[9.753,50.2791],[9.7624,50.2752],[9.7753,50.276],[9.7595,50.2866],[9.753,50.2791]]]},"properties":{"AGS":"09672451","GEN":"Dreistelzer Forst","SN_L":"09"}},
{"type":"Feature","geometry":{"type":"Polygon","coordinates":[[[9.7852,50.2178],[9.7836,50.2262],[9.7511,50.2185],[9.7302,50.2316],[9.737,50.2091],[9.746,50.1954],[9.7735,50.1938],[9.7829,50.2101],[9.7847,50.2171],[9.7852,50.2178]]]},"properties":{"AGS":"09672454","GEN":"Forst Detter-Süd","SN_L":"09"}},
{"type":"Feature","geometry":{"type":"MultiPolygon","coordinates":[[[[9.891,50.2627],[9.895,50.2501],[9.8763,50.2478],[9.8824,50.2384],[9.899,50.2282],[9.9166,50.2201],[9.9174,50.2198],[9.9248,50.2289],[9.9247,50.2294],[9.9234,50.2441],[9.9016,50.2583],[9.891,50.2627]]],[[[9.8873,50.2291],[9.8711,50.2436],[9.852,50.2378],[9.836,50.2411],[9.8204,50.2376],[9.8065,50.2413],[9.7894,50.2291],[9.7906,50.2244],[9.8204,50.215],[9.8214,50.2179],[9.8207,50.2186],[9.825,50.2187],[9.8438,50.2196],[9.8479,50.2222],[9.852,50.2239],[9.8528,50.2241],[9.8607,50.2274],[9.8606,50.2281],[9.8709,50.2296],[9.8713,50.2291],[9.8798,50.2265],[9.8873,50.2291]]]]},"properties":{"AGS":"09672455","GEN":"Geiersnest-Ost","SN_L":"09"}},
{"type":"Feature","geometry":{"type":"Polygon","coordinates":[[[9.8061,50.2453],[9.7915,50.2516],[9.7726,50.2425],[9.7876,50.2336],[9.8061,50.2453]]]},"properties":{"AGS":"09672456","GEN":"Geiersnest-West","SN_L":"09"}},
{"type":"Feature","geometry":{"type":"Polygon","coordinates":[[[9.6521,50.2687],[9.6649,50.2664],[9.7054,50.2711],[9.7034,50.2808],[9.6923,50.278],[9.6732,50.2744],[9.6521,50.2687]]]},"properties":{"AGS":"09672458","GEN":"Kälberberg","SN_L":"09"}},
{"type":"Feature","geometry":{"type":"Polygon","coordinates":[[[9.7923,50.3709],[9.7735,50.3626],[9.7631,50.3498],[9.7821,50.3423],[9.7884,50.3424],[9.7973,50.347],[9.8007,50.3607],[9.7923,50.3709]]]},"properties":{"AGS":"09672461","GEN":"Mottener Forst-Süd","SN_L":"09"}},
{"type":"Feature","geometry":{"type":"Polygon","coordinates":[[[9.8798,50.2265],[9.8713,50.2291],[9.8709,50.2296],[9.8606,50.2281],[9.8607,50.2274],[9.8528,50.2241],[9.852,50.2239],[9.8479,50.2222],[9.8438,50.2196],[9.825,50.2187],[9.8207,50.2186],[9.8214,50.2179],[9.8204,50.215],[9.7906,50.2244],[9.7863,50.2183],[9.7816,50.1975],[9.8073,50.1888],[9.8222,50.2002],[9.8535,50.2017],[9.8677,50.1934],[9.8726,50.2059],[9.9078,50.2035],[9.9174,50.2198],[9.9166,50.2201],[9.8996,50.2205],[9.8873,50.2291],[9.8798,50.2265]]]},"properties":{"AGS":"09672462","GEN":"Neuwirtshauser Forst","SN_L":"09"}},
{"type":"Feature","geometry":{"type":"MultiPolygon","coordinates":[[[[9.6999,50.1936],[9.6993,50.1839],[9.7101,50.1761],[9.7237,50.1894],[9.6999,50.1936]]],[[[9.7522,50.1921],[9.7235,50.1889],[9.7147,50.172],[9.7463,50.1754],[9.7399,50.1879],[9.7522,50.1921]]]]},"properties":{"AGS":"09672463","GEN":"Omerz u.Roter Berg","SN_L":"09"}},
{"type":"Feature","geometry":{"type":"Polygon","coordinates":[[[9.7822,50.3418],[9.743,50.3464],[9.748,50.3254],[9.7624,50.3357],[9.78,50.3234],[9.7988,50.3189],[9.8162,50.3225],[9.8352,50.319],[9.8474,50.3239],[9.8455,50.3321],[9.8205,50.3379],[9.7903,50.3417],[9.7822,50.3418]]]},"properties":{"AGS":"09672464","GEN":"Römershager Forst-Nord","SN_L":"09"}},
{"type":"Feature","geometry":{"type":"Polygon","coordinates":[[[9.8463,50.3098],[9.8434,50.3137],[9.8148,50.3166],[9.8131,50.3053],[9.8136,50.3057],[9.8318,50.3054],[9.8496,50.2995],[9.865,50.3058],[9.8463,50.3098]]]},"properties":{"AGS":"09672465","GEN":"Römershager Forst-Ost","SN_L":"09"}},
{"type":"Feature","geometry":{"type":"Polygon","coordinates":[[[9.71,50.2404],[9.6845,50.2367],[9.6593,50.2567],[9.643,50.2556],[9.639,50.2484],[9.6682,50.2394],[9.6565,50.2324],[9.6368,50.234],[9.6293,50.2292],[9.6456,50.2258],[9.6793,50.2272],[9.6822,50.2159],[9.6946,50.2089],[9.6991,50.1937],[9.6999,50.1936],[9.7237,50.1894],[9.7357,50.2088],[9.7299,50.227],[9.712,50.2377],[9.71,50.2404]]]},"properties":{"AGS":"09672466","GEN":"Roßbacher Forst","SN_L":"09"}},
{"type":"Feature","geometry":{"type":"Polygon","coordinates":[[[9.9597,50.2319],[9.9531,50.243],[9.9618,50.2491],[9.9461,50.2613],[9.9501,50.2724],[9.9688,50.2688],[9.9756,50.2747],[9.9494,50.2813],[9.9336,50.2718],[9.93,50.2671],[9.9291,50.2684],[9.9127,50.2658],[9.9287,50.2545],[9.9241,50.2437],[9.9273,50.2371],[9.9527,50.2287],[9.9597,50.2319]]]},"properties":{"AGS":"09672468","GEN":"Waldfensterer Forst","SN_L":"09"}},
{"type":"Feature","geometry":{"type":"Polygon","coordinates":[[[10.2239,50.351],[10.2049,50.3484],[10.1935,50.3616],[10.1899,50.3779],[10.1621,50.3674],[10.1561,50.35],[10.162,50.3455],[10.1651,50.3449],[10.1775,50.335],[10.1882,50.3123],[10.2141,50.3138],[10.2297,50.305],[10.2354,50.2947],[10.2522,50.291],[10.2745,50.3026],[10.263,50.3066],[10.2615,50.3255],[10.2684,50.3346],[10.2408,50.3386],[10.2239,50.351]]]},"properties":{"AGS":"09673114","GEN":"Bad Neustadt a.d.Saale","SN_L":"09"}},
{"type":"Feature","geometry":{"type":"Polygon","coordinates":[[[10.108,50.3985],[10.0931,50.4038],[10.0529,50.4028],[10.0459,50.4199],[10.0373,50.4178],[10.0143,50.442],[9.9884,50.4457],[9.9668,50.4345],[9.9578,50.4232],[9.9357,50.4196],[9.9437,50.4077],[9.9313,50.4026],[9.9342,50.3931],[9.9204,50.3788],[9.9565,50.3829],[9.9426,50.3679],[9.952,50.3639],[9.9765,50.3556],[9.9907,50.3652],[10.0234,50.3717],[10.0244,50.3718],[10.0322,50.3802],[10.0569,50.3753],[10.0812,50.3737],[10.0895,50.3895],[10.108,50.3985]]]},"properties":{"AGS":"09673117","GEN":"Bischofsheim i.d.Rhön","SN_L":"09"}},
{"type":"Feature","geometry":{"type":"Polygon","coordinates":[[[10.5464,50.2788],[10.5334,50.2906],[10.534,50.2983],[10.549,50.3038],[10.5462,50.3388],[10.5178,50.3225],[10.4979,50.3225],[10.4734,50.3162],[10.4685,50.3198],[10.4528,50.3171],[10.4261,50.3078],[10.4132,50.2865],[10.4146,50.2777],[10.4414,50.2608],[10.4488,50.2472],[10.4323,50.2476],[10.4363,50.2349],[10.4411,50.2316],[10.4631,50.25],[10.4868,50.2455],[10.5028,50.2332],[10.5162,50.242],[10.5257,50.2627],[10.5464,50.2788]]]},"properties":{"AGS":"09673141","GEN":"Bad Königshofen i.Grabfeld","SN_L":"09"}},
{"type":"Feature","geometry":{"type":"Polygon","coordinates":[[[10.081,50.4787],[10.0711,50.4821],[10.0507,50.4777],[10.0303,50.4801],[10.0183,50.4665],[9.9975,50.461],[9.9884,50.4457],[10.0143,50.442],[10.0373,50.4178],[10.0459,50.4199],[10.0529,50.4028],[10.0931,50.4038],[10.108,50.3985],[10.1386,50.3918],[10.1351,50.4057],[10.1544,50.4093],[10.1628,50.428],[10.1495,50.441],[10.1279,50.4493],[10.1119,50.4499],[10.0991,50.4695],[10.081,50.4787]]]},"properties":{"AGS":"09673149","GEN":"Oberelsbach","SN_L":"09"}},
{"type":"Feature","geometry":{"type":"Polygon","coordinates":[[[10.034,50.3571],[10.0234,50.3717],[9.9907,50.3652],[9.9765,50.3556],[9.952,50.3639],[9.9334,50.3451],[9.9515,50.3381],[9.9699,50.3256],[9.9741,50.3163],[9.9872,50.313],[10.0037,50.3266],[10.0156,50.3299],[10.0442,50.3325],[10.0556,50.3195],[10.0567,50.32],[10.0441,50.3363],[10.0382,50.3474],[10.0404,50.3531],[10.0346,50.3567],[10.0364,50.3531],[10.0221,50.3446],[10.0104,50.3558],[10.0236,50.3546],[10.034,50.3571]]]},"properties":{"AGS":"09673162","GEN":"Sandberg","SN_L":"09"}},
{"type":"Feature","geometry":{"type":"Polygon","coordinates":[[[10.2253,50.4208],[10.188,50.4395],[10.1906,50.4299],[10.1628,50.428],[10.1544,50.4093],[10.1351,50.4057],[10.1386,50.3918],[10.1167,50.375],[10.127,50.3613],[10.1561,50.35],[10.1621,50.3674],[10.1899,50.3779],[10.2092,50.3727],[10.2367,50.3727],[10.2367,50.3899],[10.2357,50.3995],[10.2209,50.3971],[10.213,50.4219],[10.2253,50.4208]]]},"properties":{"AGS":"09673116","GEN":"Bastheim","SN_L":"09"}},
{"type":"Feature","geometry":{"type":"Polygon","coordinates":[[[10.384,50.4057],[10.3585,50.4107],[10.3504,50.4158],[10.3264,50.4108],[10.3199,50.3978],[10.3419,50.379],[10.3603,50.3834],[10.3734,50.3788],[10.3792,50.3638],[10.3967,50.3682],[10.4225,50.3687],[10.4214,50.3784],[10.4379,50.3955],[10.4237,50.3925],[10.3877,50.3982],[10.384,50.4057]]]},"properties":{"AGS":"09673130","GEN":"Hendungen","SN_L":"09"}},
{"type":"Feature","geometry":{"type":"MultiPolygon","coordinates":[[[[10.3119,50.3724],[10.3246,50.3678],[10.3419,50.379],[10.3199,50.3978],[10.3104,50.3728],[10.3119,50.3724]]],[[[10.3482,50.4626],[10.3362,50.4659],[10.3414,50.483],[10.3263,50.4946],[10.3019,50.4935],[10.3006,50.4826],[10.3064,50.4521],[10.2882,50.4382],[10.2484,50.4325],[10.2359,50.431],[10.2253,50.4208],[10.213,50.4219],[10.2209,50.3971],[10.2357,50.3995],[10.25,50.4097],[10.2333,50.4178],[10.2444,50.4236],[10.2713,50.4206],[10.283,50.4144],[10.3201,50.4138],[10.3264,50.4108],[10.3504,50.4158],[10.3585,50.4107],[10.384,50.4057],[10.4009,50.419],[10.3925,50.4303],[10.3707,50.4318],[10.3567,50.4552],[10.3482,50.4626]]]]},"properties":{"AGS":"09673142","GEN":"Mellrichstadt","SN_L":"09"}},
{"type":"Feature","geometry":{"type":"Polygon","coordinates":[[[10.3264,50.4108],[10.3201,50.4138],[10.283,50.4144],[10.2713,50.4206],[10.2444,50.4236],[10.2333,50.4178],[10.25,50.4097],[10.2357,50.3995],[10.2367,50.3899],[10.2879,50.3811],[10.3104,50.3728],[10.3199,50.3978],[10.3264,50.4108]]]},"properties":{"AGS":"09673151","GEN":"Oberstreu","SN_L":"09"}},
{"type":"Feature","geometry":{"type":"Polygon","coordinates":[[[10.3006,50.4826],[10.2725,50.4836],[10.2652,50.4982],[10.2527,50.4971],[10.2521,50.4844],[10.2578,50.451],[10.2484,50.4325],[10.2882,50.4382],[10.3064,50.4521],[10.3006,50.4826]]]},"properties":{"AGS":"09673170","GEN":"Stockheim","SN_L":"09"}},
{"type":"Feature","geometry":{"type":"Polygon","coordinates":[[[10.4532,50.3457],[10.4396,50.3514],[10.401,50.3512],[10.4002,50.35],[10.4065,50.3359],[10.4056,50.331],[10.4332,50.3191],[10.4528,50.3171],[10.4685,50.3198],[10.4553,50.332],[10.4532,50.3457]]]},"properties":{"AGS":"09673113","GEN":"Aubstadt","SN_L":"09"}},
{"type":"Feature","geometry":{"type":"Polygon","coordinates":[[[10.3794,50.2823],[10.3498,50.2883],[10.3435,50.2862],[10.3342,50.2744],[10.3491,50.2606],[10.3457,50.2448],[10.3612,50.2328],[10.3701,50.2292],[10.3747,50.2317],[10.3815,50.2535],[10.3943,50.2638],[10.3794,50.2823]]]},"properties":{"AGS":"09673126","GEN":"Großbardorf","SN_L":"09"}},
{"type":"Feature","geometry":{"type":"Polygon","coordinates":[[[10.5557,50.3414],[10.5549,50.3547],[10.5342,50.366],[10.5146,50.3499],[10.4991,50.3459],[10.4826,50.3499],[10.4532,50.3457],[10.4553,50.332],[10.4685,50.3198],[10.4734,50.3162],[10.4979,50.3225],[10.5178,50.3225],[10.5462,50.3388],[10.5557,50.3414]]]},"properties":{"AGS":"09673131","GEN":"Herbstadt","SN_L":"09"}},
{"type":"Feature","geometry":{"type":"Polygon","coordinates":[[[10.5146,50.3499],[10.5125,50.3598],[10.495,50.3652],[10.4873,50.3753],[10.4735,50.3725],[10.4585,50.3832],[10.4505,50.4019],[10.4379,50.3955],[10.4214,50.3784],[10.4225,50.3687],[10.3967,50.3682],[10.3937,50.3572],[10.401,50.3512],[10.4396,50.3514],[10.4532,50.3457],[10.4826,50.3499],[10.4991,50.3459],[10.5146,50.3499]]]},"properties":{"AGS":"09673134","GEN":"Höchheim","SN_L":"09"}},
{"type":"Feature","geometry":{"type":"Polygon","coordinates":[[[10.5464,50.2788],[10.5257,50.2627],[10.5162,50.242],[10.5229,50.2346],[10.5494,50.2228],[10.562,50.2058],[10.587,50.2089],[10.5949,50.2169],[10.6101,50.228],[10.6004,50.2441],[10.6114,50.2512],[10.591,50.2718],[10.5767,50.2716],[10.5464,50.2788]]]},"properties":{"AGS":"09673172","GEN":"Sulzdorf a.d.Lederhecke","SN_L":"09"}},
{"type":"Feature","geometry":{"type":"Polygon","coordinates":[[[10.4132,50.2865],[10.4003,50.2892],[10.3794,50.2823],[10.3943,50.2638],[10.3815,50.2535],[10.3747,50.2317],[10.3994,50.2223],[10.4228,50.2244],[10.4363,50.2349],[10.4323,50.2476],[10.4488,50.2472],[10.4414,50.2608],[10.4146,50.2777],[10.4132,50.2865]]]},"properties":{"AGS":"09673173","GEN":"Sulzfeld","SN_L":"09"}},
{"type":"Feature","geometry":{"type":"Polygon","coordinates":[[[10.5782,50.3356],[10.5557,50.3414],[10.5462,50.3388],[10.549,50.3038],[10.534,50.2983],[10.5334,50.2906],[10.5464,50.2788],[10.5767,50.2716],[10.591,50.2718],[10.6053,50.2935],[10.5923,50.3114],[10.5954,50.3196],[10.6006,50.3337],[10.5782,50.3356]]]},"properties":{"AGS":"09673174","GEN":"Trappstadt","SN_L":"09"}},
{"type":"Feature","geometry":{"type":"Polygon","coordinates":[[[10.1651,50.3449],[10.1382,50.3481],[10.1216,50.3464],[10.1151,50.3346],[10.1403,50.3221],[10.149,50.3047],[10.1686,50.302],[10.1581,50.2881],[10.1774,50.3014],[10.1882,50.3123],[10.1775,50.335],[10.1651,50.3449]]]},"properties":{"AGS":"09673135","GEN":"Hohenroth","SN_L":"09"}},
{"type":"Feature","geometry":{"type":"Polygon","coordinates":[[[10.1581,50.2881],[10.15,50.2975],[10.124,50.3072],[10.116,50.3135],[10.1146,50.3131],[10.1059,50.3032],[10.128,50.2896],[10.1393,50.2805],[10.1606,50.2813],[10.1659,50.2869],[10.2027,50.288],[10.1774,50.3014],[10.1581,50.2881]]]},"properties":{"AGS":"09673146","GEN":"Niederlauer","SN_L":"09"}},
{"type":"Feature","geometry":{"type":"Polygon","coordinates":[[[10.2868,50.336],[10.2684,50.3346],[10.2615,50.3255],[10.263,50.3066],[10.2745,50.3026],[10.2864,50.2993],[10.2928,50.3032],[10.2861,50.3189],[10.2897,50.3322],[10.2868,50.336]]]},"properties":{"AGS":"09673156","GEN":"Rödelmaier","SN_L":"09"}},
{"type":"Feature","geometry":{"type":"Polygon","coordinates":[[[10.2354,50.2947],[10.2297,50.305],[10.2141,50.3138],[10.1882,50.3123],[10.1774,50.3014],[10.2027,50.288],[10.2045,50.2816],[10.2143,50.2891],[10.2354,50.2947]]]},"properties":{"AGS":"09673161","GEN":"Salz","SN_L":"09"}},
{"type":"Feature","geometry":{"type":"Polygon","coordinates":[[[10.1386,50.3918],[10.108,50.3985],[10.0895,50.3895],[10.0812,50.3737],[10.0569,50.3753],[10.0769,50.3717],[10.0974,50.3572],[10.1216,50.3464],[10.1432,50.3536],[10.162,50.3455],[10.1561,50.35],[10.127,50.3613],[10.1167,50.375],[10.1386,50.3918]]]},"properties":{"AGS":"09673163","GEN":"Schönau a.d.Brend","SN_L":"09"}},
{"type":"Feature","geometry":{"type":"Polygon","coordinates":[[[10.2745,50.3026],[10.2522,50.291],[10.2354,50.2947],[10.2143,50.2891],[10.2045,50.2816],[10.2125,50.2681],[10.2258,50.2642],[10.2516,50.265],[10.2717,50.2893],[10.2864,50.2993],[10.2745,50.3026]]]},"properties":{"AGS":"09673171","GEN":"Strahlungen","SN_L":"09"}},
{"type":"Feature","geometry":{"type":"Polygon","coordinates":[[[10.2027,50.288],[10.1659,50.2869],[10.1606,50.2813],[10.1393,50.2805],[10.128,50.2896],[10.1111,50.2841],[10.0986,50.2729],[10.1393,50.2674],[10.1538,50.2741],[10.1678,50.2617],[10.1842,50.2664],[10.2125,50.2681],[10.2045,50.2816],[10.2027,50.288]]]},"properties":{"AGS":"09673186","GEN":"Burglauer","SN_L":"09"}},
{"type":"Feature","geometry":{"type":"Polygon","coordinates":[[[10.1503,50.5519],[10.1391,50.543],[10.1194,50.5642],[10.1071,50.5637],[10.0996,50.5543],[10.0763,50.5409],[10.065,50.5281],[10.0413,50.5165],[10.039,50.5021],[10.056,50.504],[10.0608,50.5166],[10.0967,50.5171],[10.1031,50.5131],[10.1318,50.5144],[10.1503,50.5119],[10.1552,50.5015],[10.1589,50.4909],[10.189,50.5061],[10.1805,50.515],[10.2115,50.5278],[10.2248,50.5304],[10.2083,50.5406],[10.2039,50.5547],[10.1779,50.5517],[10.1699,50.546],[10.1503,50.5519]]]},"properties":{"AGS":"09673123","GEN":"Fladungen","SN_L":"09"}},
{"type":"Feature","geometry":{"type":"Polygon","coordinates":[[[10.1552,50.5015],[10.1503,50.5119],[10.1318,50.5144],[10.1031,50.5131],[10.0967,50.5171],[10.0608,50.5166],[10.056,50.504],[10.039,50.5021],[10.0412,50.4952],[10.0303,50.4801],[10.0507,50.4777],[10.0711,50.4821],[10.081,50.4787],[10.1057,50.478],[10.1217,50.4818],[10.1312,50.4987],[10.1552,50.5015]]]},"properties":{"AGS":"09673129","GEN":"Hausen","SN_L":"09"}},
{"type":"Feature","geometry":{"type":"Polygon","coordinates":[[[10.2286,50.4958],[10.2349,50.5033],[10.2111,50.5161],[10.189,50.5061],[10.1589,50.4909],[10.1556,50.4762],[10.1759,50.4708],[10.1878,50.4633],[10.2048,50.4683],[10.2106,50.4875],[10.2286,50.4958]]]},"properties":{"AGS":"09673147","GEN":"Nordheim v.d.Rhön","SN_L":"09"}},
{"type":"Feature","geometry":{"type":"Polygon","coordinates":[[[10.2748,50.3628],[10.2619,50.3683],[10.2451,50.368],[10.2239,50.351],[10.2408,50.3386],[10.2684,50.3346],[10.2868,50.336],[10.2807,50.3427],[10.2748,50.3628]]]},"properties":{"AGS":"09673133","GEN":"Heustreu","SN_L":"09"}},
{"type":"Feature","geometry":{"type":"Polygon","coordinates":[[[10.3792,50.3638],[10.3734,50.3788],[10.3603,50.3834],[10.3419,50.379],[10.3246,50.3678],[10.3119,50.3724],[10.2748,50.3628],[10.2807,50.3427],[10.2868,50.336],[10.2897,50.3322],[10.3109,50.3368],[10.3266,50.3481],[10.3652,50.3435],[10.3789,50.3527],[10.3792,50.3638]]]},"properties":{"AGS":"09673136","GEN":"Hollstadt","SN_L":"09"}},
{"type":"Feature","geometry":{"type":"Polygon","coordinates":[[[10.3104,50.3728],[10.2879,50.3811],[10.2367,50.3899],[10.2367,50.3727],[10.2451,50.368],[10.2619,50.3683],[10.2748,50.3628],[10.3119,50.3724],[10.3104,50.3728]]]},"properties":{"AGS":"09673175","GEN":"Unsleben","SN_L":"09"}},
{"type":"Feature","geometry":{"type":"Polygon","coordinates":[[[10.2367,50.3727],[10.2092,50.3727],[10.1899,50.3779],[10.1935,50.3616],[10.2049,50.3484],[10.2239,50.351],[10.2451,50.368],[10.2367,50.3727]]]},"properties":{"AGS":"09673183","GEN":"Wollbach","SN_L":"09"}},
{"type":"Feature","geometry":{"type":"MultiPolygon","coordinates":[[[[10.188,50.4395],[10.177,50.4451],[10.1614,50.4437],[10.1454,50.4635],[10.1064,50.4685],[10.1057,50.478],[10.081,50.4787],[10.0991,50.4695],[10.1119,50.4499],[10.1279,50.4493],[10.1495,50.441],[10.1628,50.428],[10.1906,50.4299],[10.188,50.4395]]],[[[10.188,50.4395],[10.2253,50.4208],[10.2359,50.431],[10.2484,50.4325],[10.2578,50.451],[10.2521,50.4844],[10.2286,50.4958],[10.2106,50.4875],[10.2048,50.4683],[10.1878,50.4633],[10.1825,50.4476],[10.188,50.4395]]]]},"properties":{"AGS":"09673153","GEN":"Ostheim v.d.Rhön","SN_L":"09"}},
{"type":"Feature","geometry":{"type":"Polygon","coordinates":[[[10.1589,50.4909],[10.1552,50.5015],[10.1312,50.4987],[10.1217,50.4818],[10.1057,50.478],[10.1064,50.4685],[10.1454,50.4635],[10.1614,50.4437],[10.177,50.4451],[10.188,50.4395],[10.1825,50.4476],[10.1878,50.4633],[10.1759,50.4708],[10.1556,50.4762],[10.1589,50.4909]]]},"properties":{"AGS":"09673167","GEN":"Sondheim v.d.Rhön","SN_L":"09"}},
{"type":"Feature","geometry":{"type":"Polygon","coordinates":[[[10.3019,50.4935],[10.2562,50.5128],[10.2357,50.5115],[10.2258,50.5187],[10.2248,50.5304],[10.2115,50.5278],[10.2111,50.5161],[10.2349,50.5033],[10.2286,50.4958],[10.2521,50.4844],[10.2527,50.4971],[10.2652,50.4982],[10.2725,50.4836],[10.3006,50.4826],[10.3019,50.4935]]]},"properties":{"AGS":"09673182","GEN":"Willmars","SN_L":"09"}},
{"type":"Feature","geometry":{"type":"Polygon","coordinates":[[[10.3794,50.2823],[10.4003,50.2892],[10.4132,50.2865],[10.4261,50.3078],[10.4528,50.3171],[10.4332,50.3191],[10.4056,50.331],[10.4065,50.3359],[10.4035,50.3209],[10.3925,50.3154],[10.3883,50.3026],[10.3588,50.3011],[10.3498,50.2883],[10.3794,50.2823]]]},"properties":{"AGS":"09673127","GEN":"Großeibstadt","SN_L":"09"}},
{"type":"Feature","geometry":{"type":"Polygon","coordinates":[[[10.4002,50.35],[10.3789,50.3527],[10.3652,50.3435],[10.3693,50.3311],[10.3116,50.301],[10.3435,50.2862],[10.3498,50.2883],[10.3588,50.3011],[10.3883,50.3026],[10.3925,50.3154],[10.4035,50.3209],[10.4065,50.3359],[10.4002,50.35]]]},"properties":{"AGS":"09673160","GEN":"Saal a.d.Saale","SN_L":"09"}},
{"type":"Feature","geometry":{"type":"Polygon","coordinates":[[[10.3652,50.3435],[10.3266,50.3481],[10.3109,50.3368],[10.2897,50.3322],[10.2861,50.3189],[10.2928,50.3032],[10.3116,50.301],[10.3693,50.3311],[10.3652,50.3435]]]},"properties":{"AGS":"09673184","GEN":"Wülfershausen a.d.Saale","SN_L":"09"}},
{"type":"Feature","geometry":{"type":"Polygon","coordinates":[[[10.5162,50.242],[10.5028,50.2332],[10.4868,50.2455],[10.4631,50.25],[10.4411,50.2316],[10.4336,50.2212],[10.4432,50.201],[10.4505,50.1967],[10.4518,50.2011],[10.4772,50.2093],[10.4956,50.212],[10.5035,50.2259],[10.5229,50.2346],[10.5162,50.242]]]},"properties":{"AGS":"09673451","GEN":"Bundorfer Forst","SN_L":"09"}},
{"type":"Feature","geometry":{"type":"MultiPolygon","coordinates":[[[[10.1216,50.3464],[10.1382,50.3481],[10.1651,50.3449],[10.162,50.3455],[10.1432,50.3536],[10.1216,50.3464]]],[[[10.1216,50.3464],[10.0974,50.3572],[10.0769,50.3717],[10.0569,50.3753],[10.0322,50.3802],[10.0244,50.3718],[10.0498,50.352],[10.0629,50.3457],[10.1151,50.3346],[10.1216,50.3464]]]]},"properties":{"AGS":"09673452","GEN":"Burgwallbacher Forst","SN_L":"09"}},
{"type":"Feature","geometry":{"type":"Polygon","coordinates":[[[10.034,50.3571],[10.0236,50.3546],[10.0104,50.3558],[10.0221,50.3446],[10.0364,50.3531],[10.0346,50.3567],[10.034,50.3571]]]},"properties":{"AGS":"09673453","GEN":"Forst Schmalwasser-Nord","SN_L":"09"}},
{"type":"Feature","geometry":{"type":"MultiPolygon","coordinates":[[[[10.0629,50.3457],[10.0498,50.352],[10.0244,50.3718],[10.0234,50.3717],[10.034,50.3571],[10.0346,50.3567],[10.0404,50.3531],[10.0382,50.3474],[10.0441,50.3363],[10.0567,50.32],[10.0725,50.3126],[10.0658,50.3303],[10.0554,50.3382],[10.0629,50.3457]]],[[[10.0556,50.3195],[10.0442,50.3325],[10.0156,50.3299],[10.025,50.3104],[10.0402,50.3091],[10.0638,50.2958],[10.0742,50.307],[10.0556,50.3195]]]]},"properties":{"AGS":"09673454","GEN":"Forst Schmalwasser-Süd","SN_L":"09"}},
{"type":"Feature","geometry":{"type":"Polygon","coordinates":[[[10.2115,50.5278],[10.1805,50.515],[10.189,50.5061],[10.2111,50.5161],[10.2115,50.5278]]]},"properties":{"AGS":"09673455","GEN":"Mellrichstadter Forst","SN_L":"09"}},
{"type":"Feature","geometry":{"type":"Polygon","coordinates":[[[10.0629,50.3457],[10.0554,50.3382],[10.0658,50.3303],[10.0725,50.3126],[10.0737,50.3108],[10.0813,50.3035],[10.1059,50.3032],[10.1146,50.3131],[10.116,50.3135],[10.124,50.3072],[10.15,50.2975],[10.1581,50.2881],[10.1686,50.302],[10.149,50.3047],[10.1403,50.3221],[10.1151,50.3346],[10.0629,50.3457]]]},"properties":{"AGS":"09673456","GEN":"Steinacher Forst r.d.Saale","SN_L":"09"}},
{"type":"Feature","geometry":{"type":"Polygon","coordinates":[[[10.4363,50.2349],[10.4228,50.2244],[10.4336,50.2212],[10.4411,50.2316],[10.4363,50.2349]]]},"properties":{"AGS":"09673457","GEN":"Sulzfelder Forst","SN_L":"09"}},
{"type":"Feature","geometry":{"type":"Polygon","coordinates":[[[10.401,50.3512],[10.3937,50.3572],[10.3967,50.3682],[10.3792,50.3638],[10.3789,50.3527],[10.4002,50.35],[10.401,50.3512]]]},"properties":{"AGS":"09673458","GEN":"Weigler","SN_L":"09"}},
{"type":"Feature","geometry":{"type":"Polygon","coordinates":[[[10.6231,49.9912],[10.6087,49.9908],[10.6045,49.9839],[10.6149,49.9759],[10.6101,49.9606],[10.6131,49.9515],[10.6358,49.9443],[10.6677,49.9411],[10.6791,49.9308],[10.7072,49.9243],[10.7142,49.9231],[10.7168,49.9327],[10.7366,49.9388],[10.743,49.9481],[10.7232,49.9551],[10.7049,49.9663],[10.6981,49.9765],[10.6771,49.9796],[10.6503,49.9895],[10.635,49.9857],[10.6231,49.9912]]]},"properties":{"AGS":"09674133","GEN":"Eltmann","SN_L":"09"}},
{"type":"Feature","geometry":{"type":"Polygon","coordinates":[[[10.5753,50.0511],[10.5696,50.0656],[10.5524,50.0682],[10.5162,50.0675],[10.4888,50.0749],[10.4632,50.0785],[10.4497,50.0728],[10.4399,50.0821],[10.4265,50.0833],[10.4238,50.0722],[10.436,50.0576],[10.4563,50.0482],[10.4544,50.034],[10.4723,50.0216],[10.4864,50.0202],[10.5078,50.0243],[10.5374,50.0047],[10.5517,50.001],[10.5542,50.0161],[10.5621,50.0293],[10.5637,50.0427],[10.5753,50.0511]]]},"properties":{"AGS":"09674147","GEN":"Haßfurt","SN_L":"09"}},
{"type":"Feature","geometry":{"type":"Polygon","coordinates":[[[10.6101,49.9606],[10.5961,49.9613],[10.5811,49.954],[10.557,49.9473],[10.5329,49.9318],[10.5559,49.9329],[10.5805,49.9252],[10.6057,49.9109],[10.6232,49.9137],[10.6375,49.9092],[10.6322,49.9004],[10.6631,49.8911],[10.687,49.8863],[10.6866,49.8967],[10.7024,49.904],[10.6915,49.9125],[10.7072,49.9243],[10.6791,49.9308],[10.6677,49.9411],[10.6358,49.9443],[10.6131,49.9515],[10.6101,49.9606]]]},"properties":{"AGS":"09674159","GEN":"Oberaurach","SN_L":"09"}},
{"type":"Feature","geometry":{"type":"Polygon","coordinates":[[[10.5517,50.001],[10.5374,50.0047],[10.5078,50.0243],[10.4864,50.0202],[10.4908,50.0062],[10.4757,49.9879],[10.4559,49.9816],[10.4482,49.9581],[10.4439,49.9535],[10.4543,49.9575],[10.4796,49.9395],[10.5142,49.9324],[10.5329,49.9318],[10.557,49.9473],[10.5811,49.954],[10.5701,49.9647],[10.5681,49.9825],[10.5762,49.9883],[10.5789,50.0047],[10.5517,50.001]]]},"properties":{"AGS":"09674163","GEN":"Knetzgau","SN_L":"09"}},
{"type":"Feature","geometry":{"type":"Polygon","coordinates":[[[10.5771,50.1127],[10.5495,50.1106],[10.5266,50.103],[10.5266,50.0923],[10.4999,50.0973],[10.4763,50.0813],[10.4491,50.0789],[10.4399,50.0821],[10.4497,50.0728],[10.4632,50.0785],[10.4888,50.0749],[10.5162,50.0675],[10.5524,50.0682],[10.5696,50.0656],[10.5753,50.0511],[10.6164,50.0498],[10.6218,50.0394],[10.6595,50.041],[10.6836,50.0481],[10.6884,50.0641],[10.6862,50.0687],[10.6452,50.081],[10.6155,50.0871],[10.596,50.0974],[10.5771,50.1127]]]},"properties":{"AGS":"09674164","GEN":"Königsberg i.Bay.","SN_L":"09"}},
{"type":"Feature","geometry":{"type":"Polygon","coordinates":[[[10.7758,50.1557],[10.7729,50.1658],[10.7814,50.1765],[10.7802,50.1944],[10.7537,50.2132],[10.7616,50.2229],[10.7294,50.2303],[10.7312,50.2127],[10.7244,50.2061],[10.6958,50.2118],[10.6857,50.2223],[10.6623,50.2223],[10.6575,50.2237],[10.6434,50.213],[10.6435,50.202],[10.6209,50.1978],[10.6089,50.2001],[10.6035,50.2171],[10.5949,50.2169],[10.587,50.2089],[10.5806,50.192],[10.5971,50.1824],[10.6083,50.1661],[10.6342,50.1606],[10.6668,50.1626],[10.6779,50.1557],[10.6931,50.1692],[10.7103,50.1631],[10.726,50.1692],[10.7357,50.1655],[10.7487,50.1751],[10.7758,50.1557]]]},"properties":{"AGS":"09674171","GEN":"Maroldsweisach","SN_L":"09"}},
{"type":"Feature","geometry":{"type":"Polygon","coordinates":[[[10.6631,49.8911],[10.6322,49.9004],[10.6375,49.9092],[10.6232,49.9137],[10.6057,49.9109],[10.5805,49.9252],[10.5559,49.9329],[10.5329,49.9318],[10.5142,49.9324],[10.5072,49.9253],[10.5108,49.9083],[10.4991,49.8937],[10.4716,49.9009],[10.4699,49.9003],[10.471,49.8962],[10.46,49.898],[10.4583,49.8993],[10.4736,49.8861],[10.4937,49.8837],[10.5052,49.8767],[10.5252,49.8755],[10.5435,49.8759],[10.5592,49.8675],[10.5759,49.8738],[10.5814,49.8598],[10.6051,49.8552],[10.6262,49.8629],[10.632,49.8736],[10.6631,49.8911]]]},"properties":{"AGS":"09674187","GEN":"Rauhenebrach","SN_L":"09"}},
{"type":"Feature","geometry":{"type":"Polygon","coordinates":[[[10.6087,49.9908],[10.6053,49.9985],[10.5789,50.0047],[10.5762,49.9883],[10.5681,49.9825],[10.5701,49.9647],[10.5811,49.954],[10.5961,49.9613],[10.6101,49.9606],[10.6149,49.9759],[10.6045,49.9839],[10.6087,49.9908]]]},"properties":{"AGS":"09674195","GEN":"Sand a.Main","SN_L":"09"}},
{"type":"Feature","geometry":{"type":"Polygon","coordinates":[[[10.8601,50.0918],[10.8604,50.1159],[10.8683,50.1261],[10.8731,50.1479],[10.8518,50.1575],[10.8396,50.1464],[10.8026,50.1468],[10.8044,50.141],[10.7949,50.1304],[10.8118,50.122],[10.8343,50.1052],[10.822,50.0832],[10.8309,50.0864],[10.8415,50.074],[10.8593,50.0736],[10.8601,50.0918]]]},"properties":{"AGS":"09674210","GEN":"Untermerzbach","SN_L":"09"}},
{"type":"Feature","geometry":{"type":"Polygon","coordinates":[[[10.6595,50.041],[10.6218,50.0394],[10.6164,50.0498],[10.5753,50.0511],[10.5637,50.0427],[10.5621,50.0293],[10.5542,50.0161],[10.5517,50.001],[10.5789,50.0047],[10.6053,49.9985],[10.6087,49.9908],[10.6231,49.9912],[10.6412,50.0148],[10.6509,50.0087],[10.6736,50.0165],[10.6723,50.0257],[10.6595,50.041]]]},"properties":{"AGS":"09674221","GEN":"Zeil a.Main","SN_L":"09"}},
{"type":"Feature","geometry":{"type":"Polygon","coordinates":[[[10.7391,50.0333],[10.715,50.0274],[10.6977,50.0284],[10.678,50.0232],[10.6762,50.016],[10.6915,50.0044],[10.7332,50.0073],[10.7531,50.0128],[10.7511,50.0205],[10.7391,50.0333]]]},"properties":{"AGS":"09674118","GEN":"Breitbrunn","SN_L":"09"}},
{"type":"Feature","geometry":{"type":"Polygon","coordinates":[[[10.6736,50.0165],[10.6509,50.0087],[10.6412,50.0148],[10.6231,49.9912],[10.635,49.9857],[10.6503,49.9895],[10.6771,49.9796],[10.6981,49.9765],[10.7047,49.9841],[10.7407,49.9917],[10.7648,50.0004],[10.7653,50.0134],[10.7531,50.0128],[10.7332,50.0073],[10.6915,50.0044],[10.6762,50.016],[10.6736,50.0165]]]},"properties":{"AGS":"09674129","GEN":"Ebelsbach","SN_L":"09"}},
{"type":"Feature","geometry":{"type":"Polygon","coordinates":[[[10.7344,50.0467],[10.7266,50.0545],[10.6884,50.0641],[10.6836,50.0481],[10.6595,50.041],[10.6723,50.0257],[10.6736,50.0165],[10.6762,50.016],[10.678,50.0232],[10.6977,50.0284],[10.715,50.0274],[10.7391,50.0333],[10.7512,50.0379],[10.7344,50.0467]]]},"properties":{"AGS":"09674160","GEN":"Kirchlauter","SN_L":"09"}},
{"type":"Feature","geometry":{"type":"Polygon","coordinates":[[[10.7407,49.9917],[10.7047,49.9841],[10.6981,49.9765],[10.7049,49.9663],[10.7232,49.9551],[10.7315,49.9622],[10.7545,49.9623],[10.7611,49.9682],[10.7483,49.987],[10.7407,49.9917]]]},"properties":{"AGS":"09674201","GEN":"Stettfeld","SN_L":"09"}},
{"type":"Feature","geometry":{"type":"Polygon","coordinates":[[[10.7949,50.1304],[10.7902,50.1371],[10.7539,50.1315],[10.7317,50.1237],[10.6965,50.1295],[10.6799,50.1268],[10.6641,50.1305],[10.6479,50.1254],[10.6448,50.1099],[10.6371,50.104],[10.596,50.0974],[10.6155,50.0871],[10.6452,50.081],[10.6862,50.0687],[10.6884,50.0641],[10.7266,50.0545],[10.7344,50.0467],[10.7504,50.0501],[10.7792,50.0706],[10.7971,50.0768],[10.8146,50.0754],[10.822,50.0832],[10.8343,50.1052],[10.8118,50.122],[10.7949,50.1304]]]},"properties":{"AGS":"09674130","GEN":"Ebern","SN_L":"09"}},
{"type":"Feature","geometry":{"type":"Polygon","coordinates":[[[10.7758,50.1557],[10.7487,50.1751],[10.7357,50.1655],[10.726,50.1692],[10.7103,50.1631],[10.6931,50.1692],[10.6779,50.1557],[10.6852,50.1425],[10.6983,50.1412],[10.6965,50.1295],[10.7317,50.1237],[10.7539,50.1315],[10.7902,50.1371],[10.7949,50.1304],[10.8044,50.141],[10.7763,50.1499],[10.7758,50.1557]]]},"properties":{"AGS":"09674184","GEN":"Pfarrweisach","SN_L":"09"}},
{"type":"Feature","geometry":{"type":"Polygon","coordinates":[[[10.8415,50.074],[10.8309,50.0864],[10.822,50.0832],[10.8146,50.0754],[10.7971,50.0768],[10.7792,50.0706],[10.7504,50.0501],[10.7344,50.0467],[10.7512,50.0379],[10.7391,50.0333],[10.7511,50.0205],[10.768,50.0233],[10.7758,50.0433],[10.7918,50.0472],[10.8109,50.0376],[10.824,50.0402],[10.8391,50.0499],[10.8324,50.0647],[10.8415,50.074]]]},"properties":{"AGS":"09674190","GEN":"Rentweinsdorf","SN_L":"09"}},
{"type":"Feature","geometry":{"type":"Polygon","coordinates":[[[10.4518,50.2011],[10.4505,50.1967],[10.4381,50.1858],[10.4225,50.1554],[10.3947,50.1387],[10.4057,50.1259],[10.4256,50.1275],[10.4294,50.1347],[10.4777,50.1214],[10.4842,50.1473],[10.4947,50.1516],[10.5059,50.1706],[10.5161,50.1762],[10.4637,50.1937],[10.4518,50.2011]]]},"properties":{"AGS":"09674111","GEN":"Aidhausen","SN_L":"09"}},
{"type":"Feature","geometry":{"type":"Polygon","coordinates":[[[10.5229,50.2346],[10.5035,50.2259],[10.4956,50.212],[10.4772,50.2093],[10.4518,50.2011],[10.4637,50.1937],[10.5161,50.1762],[10.531,50.1731],[10.5522,50.1613],[10.5774,50.1638],[10.5853,50.1818],[10.5971,50.1824],[10.5806,50.192],[10.587,50.2089],[10.562,50.2058],[10.5494,50.2228],[10.5229,50.2346]]]},"properties":{"AGS":"09674120","GEN":"Bundorf","SN_L":"09"}},
{"type":"Feature","geometry":{"type":"Polygon","coordinates":[[[10.6779,50.1557],[10.6668,50.1626],[10.6342,50.1606],[10.6083,50.1661],[10.5917,50.1461],[10.5985,50.1385],[10.5873,50.1327],[10.5771,50.1127],[10.596,50.0974],[10.6371,50.104],[10.6448,50.1099],[10.6479,50.1254],[10.6641,50.1305],[10.6799,50.1268],[10.6965,50.1295],[10.6983,50.1412],[10.6852,50.1425],[10.6779,50.1557]]]},"properties":{"AGS":"09674121","GEN":"Burgpreppach","SN_L":"09"}},
{"type":"Feature","geometry":{"type":"Polygon","coordinates":[[[10.5971,50.1824],[10.5853,50.1818],[10.5774,50.1638],[10.5522,50.1613],[10.531,50.1731],[10.5161,50.1762],[10.5059,50.1706],[10.4947,50.1516],[10.4842,50.1473],[10.4777,50.1214],[10.4659,50.1045],[10.4882,50.1053],[10.4999,50.0973],[10.5266,50.0923],[10.5266,50.103],[10.5495,50.1106],[10.5771,50.1127],[10.5873,50.1327],[10.5985,50.1385],[10.5917,50.1461],[10.6083,50.1661],[10.5971,50.1824]]]},"properties":{"AGS":"09674149","GEN":"Hofheim i.UFr.","SN_L":"09"}},
{"type":"Feature","geometry":{"type":"Polygon","coordinates":[[[10.4777,50.1214],[10.4294,50.1347],[10.4256,50.1275],[10.4057,50.1259],[10.3937,50.1049],[10.3791,50.1027],[10.3801,50.0931],[10.3957,50.092],[10.4265,50.0833],[10.4399,50.0821],[10.4491,50.0789],[10.4763,50.0813],[10.4999,50.0973],[10.4882,50.1053],[10.4659,50.1045],[10.4777,50.1214]]]},"properties":{"AGS":"09674153","GEN":"Riedbach","SN_L":"09"}},
{"type":"Feature","geometry":{"type":"Polygon","coordinates":[[[10.5949,50.2169],[10.6035,50.2171],[10.6089,50.2001],[10.6209,50.1978],[10.6435,50.202],[10.6434,50.213],[10.6575,50.2237],[10.612,50.2241],[10.6101,50.228],[10.5949,50.2169]]]},"properties":{"AGS":"09674223","GEN":"Ermershausen","SN_L":"09"}},
{"type":"Feature","geometry":{"type":"Polygon","coordinates":[[[10.3968,50.0432],[10.3834,50.045],[10.3757,50.033],[10.3624,50.0243],[10.3557,50.0346],[10.3203,50.0295],[10.3361,50.0196],[10.3842,50.0146],[10.3849,50.0266],[10.4017,50.0264],[10.3968,50.0432]]]},"properties":{"AGS":"09674139","GEN":"Gädheim","SN_L":"09"}},
{"type":"Feature","geometry":{"type":"Polygon","coordinates":[[[10.4723,50.0216],[10.4544,50.034],[10.4563,50.0482],[10.436,50.0576],[10.4238,50.0722],[10.4035,50.0641],[10.4072,50.0573],[10.3968,50.0432],[10.4017,50.0264],[10.3849,50.0266],[10.3842,50.0146],[10.3985,50.0077],[10.3886,49.998],[10.4039,49.9921],[10.4125,49.9989],[10.4524,50.0004],[10.4545,50.0167],[10.4723,50.0216]]]},"properties":{"AGS":"09674180","GEN":"Theres","SN_L":"09"}},
{"type":"Feature","geometry":{"type":"Polygon","coordinates":[[[10.4482,49.9581],[10.4559,49.9816],[10.4757,49.9879],[10.4908,50.0062],[10.4864,50.0202],[10.4723,50.0216],[10.4545,50.0167],[10.4524,50.0004],[10.4125,49.9989],[10.4039,49.9921],[10.4187,49.9841],[10.444,49.9784],[10.4419,49.9658],[10.4482,49.9581]]]},"properties":{"AGS":"09674219","GEN":"Wonfurt","SN_L":"09"}},
{"type":"Feature","geometry":{"type":"Polygon","coordinates":[[[10.1646,49.8482],[10.1239,49.8487],[10.1221,49.8377],[10.0866,49.8373],[10.0653,49.8254],[10.0582,49.8051],[10.058,49.792],[10.0642,49.777],[10.0922,49.7815],[10.1139,49.7861],[10.1538,49.7839],[10.161,49.785],[10.1826,49.7915],[10.1982,49.7827],[10.2027,49.8008],[10.2012,49.8141],[10.2073,49.8205],[10.1792,49.8377],[10.1775,49.8396],[10.1646,49.8482]]]},"properties":{"AGS":"09675117","GEN":"Dettelbach","SN_L":"09"}},
{"type":"Feature","geometry":{"type":"Polygon","coordinates":[[[10.449,49.8222],[10.4431,49.8207],[10.4225,49.7961],[10.4264,49.7784],[10.4292,49.7653],[10.4222,49.7544],[10.4355,49.75],[10.464,49.7414],[10.4914,49.7429],[10.4963,49.7534],[10.5514,49.7558],[10.5537,49.7701],[10.5392,49.7713],[10.5355,49.7929],[10.5164,49.803],[10.4894,49.7864],[10.4662,49.7916],[10.4828,49.8058],[10.4623,49.8084],[10.449,49.8222]]]},"properties":{"AGS":"09675127","GEN":"Geiselwind","SN_L":"09"}},
{"type":"Feature","geometry":{"type":"Polygon","coordinates":[[[10.1982,49.7827],[10.1826,49.7915],[10.161,49.785],[10.1782,49.7775],[10.1732,49.7607],[10.1551,49.7667],[10.1482,49.7619],[10.1538,49.7529],[10.1279,49.7511],[10.1175,49.759],[10.1016,49.762],[10.0911,49.7441],[10.1016,49.7424],[10.1114,49.7235],[10.1117,49.7224],[10.1428,49.7207],[10.1412,49.7134],[10.1665,49.7065],[10.1846,49.7093],[10.1971,49.7112],[10.2045,49.7239],[10.2146,49.7249],[10.2187,49.7418],[10.2089,49.7617],[10.2304,49.7751],[10.1982,49.7827]]]},"properties":{"AGS":"09675141","GEN":"Kitzingen","SN_L":"09"}},
{"type":"Feature","geometry":{"type":"Polygon","coordinates":[[[10.2146,49.7249],[10.2045,49.7239],[10.1971,49.7112],[10.1846,49.7093],[10.1878,49.6863],[10.1965,49.6818],[10.2143,49.6958],[10.2396,49.6947],[10.2392,49.7162],[10.2299,49.7237],[10.2146,49.7249]]]},"properties":{"AGS":"09675144","GEN":"Mainbernheim","SN_L":"09"}},
{"type":"Feature","geometry":{"type":"Polygon","coordinates":[[[10.4431,49.8207],[10.4185,49.8253],[10.3897,49.838],[10.3907,49.8646],[10.3762,49.87],[10.3611,49.8604],[10.3392,49.8661],[10.3297,49.8559],[10.3043,49.8612],[10.3048,49.8514],[10.319,49.8442],[10.3,49.8287],[10.3146,49.8017],[10.326,49.8153],[10.3424,49.8071],[10.3714,49.8109],[10.3886,49.8042],[10.3898,49.7872],[10.4225,49.7961],[10.4431,49.8207]]]},"properties":{"AGS":"09675158","GEN":"Prichsenstadt","SN_L":"09"}},
{"type":"Feature","geometry":{"type":"Polygon","coordinates":[[[10.2546,49.821],[10.2302,49.8295],[10.2073,49.8205],[10.2012,49.8141],[10.2027,49.8008],[10.1982,49.7827],[10.2304,49.7751],[10.2345,49.777],[10.2453,49.7936],[10.2624,49.7896],[10.2845,49.7967],[10.2567,49.8113],[10.2546,49.821]]]},"properties":{"AGS":"09675165","GEN":"Schwarzach a.Main","SN_L":"09"}},
{"type":"Feature","geometry":{"type":"Polygon","coordinates":[[[10.4264,49.7784],[10.3874,49.7798],[10.3586,49.7863],[10.3492,49.7779],[10.3606,49.7609],[10.3843,49.7555],[10.4045,49.7581],[10.4222,49.7544],[10.4292,49.7653],[10.4264,49.7784]]]},"properties":{"AGS":"09675111","GEN":"Abtswind","SN_L":"09"}},
{"type":"Feature","geometry":{"type":"Polygon","coordinates":[[[10.4222,49.7544],[10.4045,49.7581],[10.3843,49.7555],[10.3606,49.7609],[10.3417,49.7505],[10.3284,49.7524],[10.3244,49.7412],[10.3299,49.7337],[10.3522,49.7262],[10.3715,49.7139],[10.3752,49.7224],[10.4195,49.7403],[10.4355,49.75],[10.4222,49.7544]]]},"properties":{"AGS":"09675116","GEN":"Castell","SN_L":"09"}},
{"type":"Feature","geometry":{"type":"Polygon","coordinates":[[[10.3492,49.7779],[10.3234,49.7806],[10.3183,49.7699],[10.3231,49.7592],[10.3284,49.7524],[10.3417,49.7505],[10.3606,49.7609],[10.3492,49.7779]]]},"properties":{"AGS":"09675162","GEN":"Rüdenhausen","SN_L":"09"}},
{"type":"Feature","geometry":{"type":"Polygon","coordinates":[[[10.3,49.8287],[10.2769,49.8294],[10.2729,49.8231],[10.2546,49.821],[10.2567,49.8113],[10.2845,49.7967],[10.2962,49.7962],[10.2939,49.783],[10.3099,49.7776],[10.3234,49.7806],[10.3492,49.7779],[10.3586,49.7863],[10.3874,49.7798],[10.4264,49.7784],[10.4225,49.7961],[10.3898,49.7872],[10.3886,49.8042],[10.3714,49.8109],[10.3424,49.8071],[10.326,49.8153],[10.3146,49.8017],[10.3,49.8287]]]},"properties":{"AGS":"09675178","GEN":"Wiesentheid","SN_L":"09"}},
{"type":"Feature","geometry":{"type":"Polygon","coordinates":[[[10.276,49.7492],[10.2631,49.756],[10.2517,49.7748],[10.2345,49.777],[10.2304,49.7751],[10.2089,49.7617],[10.2187,49.7418],[10.2278,49.7435],[10.2763,49.7311],[10.276,49.7492]]]},"properties":{"AGS":"09675131","GEN":"Großlangheim","SN_L":"09"}},
{"type":"Feature","geometry":{"type":"Polygon","coordinates":[[[10.2845,49.7967],[10.2624,49.7896],[10.2453,49.7936],[10.2345,49.777],[10.2517,49.7748],[10.2631,49.756],[10.276,49.7492],[10.2928,49.752],[10.2973,49.7609],[10.3231,49.7592],[10.3183,49.7699],[10.3234,49.7806],[10.3099,49.7776],[10.2939,49.783],[10.2962,49.7962],[10.2845,49.7967]]]},"properties":{"AGS":"09675142","GEN":"Kleinlangheim","SN_L":"09"}},
{"type":"Feature","geometry":{"type":"Polygon","coordinates":[[[10.3231,49.7592],[10.2973,49.7609],[10.2928,49.752],[10.276,49.7492],[10.2763,49.7311],[10.3073,49.7272],[10.3299,49.7337],[10.3244,49.7412],[10.3284,49.7524],[10.3231,49.7592]]]},"properties":{"AGS":"09675177","GEN":"Wiesenbronn","SN_L":"09"}},
{"type":"Feature","geometry":{"type":"Polygon","coordinates":[[[10.3715,49.7139],[10.3522,49.7262],[10.3299,49.7337],[10.3073,49.7272],[10.2723,49.72],[10.2574,49.7209],[10.2392,49.7162],[10.2396,49.6947],[10.2558,49.6894],[10.2595,49.6739],[10.2693,49.6678],[10.2742,49.6481],[10.2692,49.6354],[10.2931,49.6257],[10.3012,49.6271],[10.3487,49.6224],[10.3651,49.6318],[10.388,49.6343],[10.3792,49.6505],[10.3638,49.6645],[10.3619,49.6769],[10.3871,49.69],[10.3827,49.694],[10.3589,49.6924],[10.3388,49.6888],[10.3236,49.6956],[10.3096,49.6897],[10.3087,49.6769],[10.2885,49.6691],[10.2765,49.6757],[10.2902,49.6934],[10.3084,49.7025],[10.3387,49.7042],[10.3436,49.7003],[10.3682,49.7108],[10.3715,49.7139]]]},"properties":{"AGS":"09675139","GEN":"Iphofen","SN_L":"09"}},
{"type":"Feature","geometry":{"type":"Polygon","coordinates":[[[10.3387,49.7042],[10.3084,49.7025],[10.2902,49.6934],[10.2765,49.6757],[10.2885,49.6691],[10.3087,49.6769],[10.3096,49.6897],[10.3236,49.6956],[10.3388,49.6888],[10.3589,49.6924],[10.341,49.6956],[10.3387,49.7042]]]},"properties":{"AGS":"09675148","GEN":"Markt Einersheim","SN_L":"09"}},
{"type":"Feature","geometry":{"type":"Polygon","coordinates":[[[10.2763,49.7311],[10.2278,49.7435],[10.2187,49.7418],[10.2146,49.7249],[10.2299,49.7237],[10.2392,49.7162],[10.2574,49.7209],[10.2723,49.72],[10.3073,49.7272],[10.2763,49.7311]]]},"properties":{"AGS":"09675161","GEN":"Rödelsee","SN_L":"09"}},
{"type":"Feature","geometry":{"type":"Polygon","coordinates":[[[10.2396,49.6947],[10.2143,49.6958],[10.1965,49.6818],[10.1878,49.6863],[10.1811,49.6792],[10.2046,49.6761],[10.2178,49.6636],[10.2172,49.6564],[10.2392,49.6489],[10.2528,49.632],[10.2697,49.6252],[10.2881,49.6209],[10.2931,49.6257],[10.2692,49.6354],[10.2742,49.6481],[10.2693,49.6678],[10.2595,49.6739],[10.2558,49.6894],[10.2396,49.6947]]]},"properties":{"AGS":"09675179","GEN":"Willanzheim","SN_L":"09"}},
{"type":"Feature","geometry":{"type":"Polygon","coordinates":[[[10.1551,49.7667],[10.1732,49.7607],[10.1782,49.7775],[10.161,49.785],[10.1538,49.7839],[10.1551,49.7667]]]},"properties":{"AGS":"09675112","GEN":"Albertshofen","SN_L":"09"}},
{"type":"Feature","geometry":{"type":"Polygon","coordinates":[[[10.0922,49.7815],[10.0642,49.777],[10.054,49.7727],[10.0593,49.7598],[10.0405,49.7466],[10.0508,49.7413],[10.0561,49.725],[10.0658,49.7191],[10.0976,49.7185],[10.1114,49.7235],[10.1016,49.7424],[10.0911,49.7441],[10.1016,49.762],[10.1031,49.7689],[10.0922,49.7815]]]},"properties":{"AGS":"09675113","GEN":"Biebelried","SN_L":"09"}},
{"type":"Feature","geometry":{"type":"Polygon","coordinates":[[[10.1482,49.7619],[10.1405,49.7671],[10.1031,49.7689],[10.1016,49.762],[10.1175,49.759],[10.1279,49.7511],[10.1538,49.7529],[10.1482,49.7619]]]},"properties":{"AGS":"09675114","GEN":"Buchbrunn","SN_L":"09"}},
{"type":"Feature","geometry":{"type":"Polygon","coordinates":[[[10.1538,49.7839],[10.1139,49.7861],[10.0922,49.7815],[10.1031,49.7689],[10.1405,49.7671],[10.1482,49.7619],[10.1551,49.7667],[10.1538,49.7839]]]},"properties":{"AGS":"09675146","GEN":"Mainstockheim","SN_L":"09"}},
{"type":"Feature","geometry":{"type":"Polygon","coordinates":[[[10.1412,49.7134],[10.1428,49.7207],[10.1117,49.7224],[10.096,49.7152],[10.1008,49.7048],[10.1277,49.6868],[10.1312,49.6887],[10.1315,49.7009],[10.1412,49.7134]]]},"properties":{"AGS":"09675170","GEN":"Sulzfeld a.Main","SN_L":"09"}},
{"type":"Feature","geometry":{"type":"Polygon","coordinates":[[[10.1699,49.6847],[10.1512,49.6911],[10.1402,49.6838],[10.1477,49.6726],[10.1334,49.6682],[10.1091,49.6695],[10.1023,49.6604],[10.0917,49.6601],[10.0822,49.6474],[10.0843,49.633],[10.1103,49.6214],[10.1178,49.6221],[10.1164,49.6286],[10.1319,49.6349],[10.1349,49.65],[10.1468,49.6541],[10.1602,49.6645],[10.1699,49.6847]]]},"properties":{"AGS":"09675147","GEN":"Marktbreit","SN_L":"09"}},
{"type":"Feature","geometry":{"type":"Polygon","coordinates":[[[10.1412,49.7134],[10.1315,49.7009],[10.1312,49.6887],[10.1402,49.6838],[10.1512,49.6911],[10.1699,49.6847],[10.1786,49.6783],[10.1811,49.6792],[10.1878,49.6863],[10.1846,49.7093],[10.1665,49.7065],[10.1412,49.7134]]]},"properties":{"AGS":"09675149","GEN":"Marktsteft","SN_L":"09"}},
{"type":"Feature","geometry":{"type":"Polygon","coordinates":[[[10.1468,49.6541],[10.1349,49.65],[10.1319,49.6349],[10.1164,49.6286],[10.1178,49.6221],[10.1266,49.614],[10.1487,49.6084],[10.1552,49.5968],[10.1687,49.5905],[10.172,49.5957],[10.2,49.6028],[10.1997,49.6242],[10.1824,49.6294],[10.1768,49.6375],[10.153,49.6461],[10.1468,49.6541]]]},"properties":{"AGS":"09675150","GEN":"Martinsheim","SN_L":"09"}},
{"type":"Feature","geometry":{"type":"Polygon","coordinates":[[[10.1786,49.6783],[10.1699,49.6847],[10.1602,49.6645],[10.1468,49.6541],[10.153,49.6461],[10.1768,49.6375],[10.1898,49.6436],[10.192,49.6548],[10.1786,49.6783]]]},"properties":{"AGS":"09675156","GEN":"Obernbreit","SN_L":"09"}},
{"type":"Feature","geometry":{"type":"Polygon","coordinates":[[[10.1334,49.6682],[10.1477,49.6726],[10.1402,49.6838],[10.1312,49.6887],[10.1277,49.6868],[10.1334,49.6682]]]},"properties":{"AGS":"09675166","GEN":"Segnitz","SN_L":"09"}},
{"type":"Feature","geometry":{"type":"Polygon","coordinates":[[[10.2697,49.6252],[10.2528,49.632],[10.2392,49.6489],[10.2172,49.6564],[10.2178,49.6636],[10.2046,49.6761],[10.1811,49.6792],[10.1786,49.6783],[10.192,49.6548],[10.1898,49.6436],[10.1768,49.6375],[10.1824,49.6294],[10.1997,49.6242],[10.2233,49.6323],[10.2491,49.6253],[10.2697,49.6252]]]},"properties":{"AGS":"09675167","GEN":"Seinsheim","SN_L":"09"}},
{"type":"Feature","geometry":{"type":"Polygon","coordinates":[[[10.1792,49.8377],[10.1974,49.8438],[10.2073,49.8538],[10.1896,49.8646],[10.1802,49.8639],[10.1684,49.8489],[10.1775,49.8396],[10.1792,49.8377]]]},"properties":{"AGS":"09675155","GEN":"Nordheim a.Main","SN_L":"09"}},
{"type":"Feature","geometry":{"type":"Polygon","coordinates":[[[10.2302,49.8295],[10.2174,49.8389],[10.1974,49.8438],[10.1792,49.8377],[10.2073,49.8205],[10.2302,49.8295]]]},"properties":{"AGS":"09675169","GEN":"Sommerach","SN_L":"09"}},
{"type":"Feature","geometry":{"type":"Polygon","coordinates":[[[10.2834,49.8916],[10.2486,49.8814],[10.2371,49.8941],[10.2259,49.9158],[10.2064,49.9063],[10.211,49.8964],[10.1892,49.8921],[10.1683,49.8834],[10.1622,49.8756],[10.1644,49.858],[10.1646,49.8482],[10.1775,49.8396],[10.1684,49.8489],[10.1802,49.8639],[10.1896,49.8646],[10.2073,49.8538],[10.1974,49.8438],[10.2174,49.8389],[10.2302,49.8295],[10.2546,49.821],[10.2729,49.8231],[10.2769,49.8294],[10.3,49.8287],[10.319,49.8442],[10.3048,49.8514],[10.3043,49.8612],[10.3004,49.8703],[10.2928,49.8696],[10.2907,49.8901],[10.2834,49.8916]]]},"properties":{"AGS":"09675174","GEN":"Volkach","SN_L":"09"}},
{"type":"Feature","geometry":{"type":"MultiPolygon","coordinates":[[[[9.3041,49.6549],[9.2882,49.6678],[9.2736,49.6679],[9.2567,49.6603],[9.2464,49.6562],[9.252,49.6462],[9.2785,49.6457],[9.2875,49.6385],[9.2898,49.6429],[9.2993,49.6486],[9.3041,49.6549]]],[[[9.1051,49.6969],[9.0881,49.6896],[9.0889,49.669],[9.1034,49.6604],[9.1135,49.6438],[9.1562,49.6392],[9.159,49.6326],[9.2095,49.6208],[9.2082,49.6107],[9.2244,49.5792],[9.2329,49.581],[9.2403,49.6089],[9.2371,49.6171],[9.2438,49.6297],[9.2336,49.6368],[9.2415,49.6586],[9.1996,49.6511],[9.1976,49.6594],[9.1722,49.6585],[9.1374,49.661],[9.1118,49.6745],[9.1051,49.6969]]]]},"properties":{"AGS":"09676112","GEN":"Amorbach","SN_L":"09"}},
{"type":"Feature","geometry":{"type":"Polygon","coordinates":[[[9.2957,49.7405],[9.3177,49.7404],[9.3238,49.7457],[9.3156,49.7573],[9.318,49.7689],[9.3433,49.7682],[9.36,49.7721],[9.3524,49.7832],[9.3584,49.7905],[9.352,49.8056],[9.3425,49.8137],[9.3206,49.8052],[9.316,49.7904],[9.2998,49.7871],[9.2928,49.7791],[9.2885,49.7685],[9.2736,49.7559],[9.2735,49.7455],[9.2623,49.7238],[9.2725,49.7352],[9.2957,49.7405]]]},"properties":{"AGS":"09676117","GEN":"Collenberg","SN_L":"09"}},
{"type":"Feature","geometry":{"type":"Polygon","coordinates":[[[9.3564,49.8167],[9.3425,49.8137],[9.352,49.8056],[9.3584,49.7905],[9.3524,49.7832],[9.36,49.7721],[9.3775,49.7777],[9.3915,49.7701],[9.4063,49.778],[9.4006,49.7802],[9.3817,49.8039],[9.3656,49.8077],[9.3564,49.8167]]]},"properties":{"AGS":"09676118","GEN":"Dorfprozelten","SN_L":"09"}},
{"type":"Feature","geometry":{"type":"Polygon","coordinates":[[[9.3574,49.7043],[9.3494,49.7215],[9.3518,49.7324],[9.339,49.7182],[9.3184,49.7177],[9.3138,49.7092],[9.301,49.7075],[9.3227,49.7012],[9.3266,49.695],[9.3488,49.6883],[9.3334,49.6788],[9.3383,49.6642],[9.3108,49.661],[9.3105,49.654],[9.3369,49.6443],[9.3681,49.655],[9.3836,49.6428],[9.4077,49.6467],[9.4195,49.6589],[9.4109,49.6635],[9.3979,49.6707],[9.4064,49.6796],[9.3854,49.6765],[9.3689,49.6837],[9.3574,49.7043]]]},"properties":{"AGS":"09676119","GEN":"Eichenbühl","SN_L":"09"}},
{"type":"Feature","geometry":{"type":"Polygon","coordinates":[[[9.2588,49.8528],[9.2453,49.8658],[9.2321,49.8537],[9.225,49.8453],[9.1795,49.8541],[9.1581,49.8617],[9.1558,49.8541],[9.1465,49.8328],[9.1606,49.8271],[9.1736,49.8362],[9.1985,49.8286],[9.1838,49.8117],[9.2154,49.8134],[9.2219,49.8046],[9.2451,49.8049],[9.2424,49.8172],[9.2323,49.8189],[9.2386,49.8402],[9.2588,49.8528]]]},"properties":{"AGS":"09676121","GEN":"Elsenfeld","SN_L":"09"}},
{"type":"Feature","geometry":{"type":"Polygon","coordinates":[[[9.2219,49.8046],[9.2154,49.8134],[9.1838,49.8117],[9.1606,49.8271],[9.1465,49.8328],[9.1359,49.8109],[9.1369,49.8073],[9.172,49.791],[9.2056,49.7856],[9.2219,49.8046]]]},"properties":{"AGS":"09676122","GEN":"Erlenbach a.Main","SN_L":"09"}},
{"type":"Feature","geometry":{"type":"Polygon","coordinates":[[[9.3544,49.8361],[9.3292,49.8381],[9.3185,49.8353],[9.2993,49.8587],[9.2887,49.8668],[9.2653,49.8649],[9.2588,49.8528],[9.2386,49.8402],[9.2323,49.8189],[9.2424,49.8172],[9.2451,49.8049],[9.26,49.8003],[9.2814,49.8125],[9.3026,49.8124],[9.3206,49.8052],[9.3425,49.8137],[9.3564,49.8167],[9.3577,49.8225],[9.3544,49.8361]]]},"properties":{"AGS":"09676123","GEN":"Eschau","SN_L":"09"}},
{"type":"Feature","geometry":{"type":"Polygon","coordinates":[[[9.4715,49.7797],[9.4665,49.8078],[9.4468,49.819],[9.4341,49.813],[9.4278,49.7993],[9.433,49.7884],[9.4463,49.773],[9.4596,49.7698],[9.4715,49.7797]]]},"properties":{"AGS":"09676124","GEN":"Faulbach","SN_L":"09"}},
{"type":"Feature","geometry":{"type":"Polygon","coordinates":[[[9.2735,49.7455],[9.2456,49.7521],[9.2367,49.7606],[9.223,49.755],[9.2007,49.7453],[9.18,49.7449],[9.189,49.7357],[9.2165,49.7266],[9.2289,49.7151],[9.2377,49.7087],[9.2586,49.7136],[9.2623,49.7238],[9.2735,49.7455]]]},"properties":{"AGS":"09676125","GEN":"Großheubach","SN_L":"09"}},
{"type":"Feature","geometry":{"type":"Polygon","coordinates":[[[9.1531,49.8944],[9.1379,49.8944],[9.1045,49.8749],[9.1176,49.858],[9.1307,49.8541],[9.1558,49.8541],[9.1581,49.8617],[9.1636,49.8823],[9.1591,49.8911],[9.1531,49.8944]]]},"properties":{"AGS":"09676126","GEN":"Großwallstadt","SN_L":"09"}},
{"type":"Feature","geometry":{"type":"Polygon","coordinates":[[[9.2244,49.5792],[9.2082,49.6107],[9.2095,49.6208],[9.159,49.6326],[9.1562,49.6392],[9.1135,49.6438],[9.1034,49.6604],[9.102,49.6422],[9.0659,49.6197],[9.0664,49.6024],[9.083,49.602],[9.103,49.5775],[9.1205,49.5736],[9.1589,49.5796],[9.2137,49.5765],[9.2244,49.5792]]]},"properties":{"AGS":"09676131","GEN":"Kirchzell","SN_L":"09"}},
{"type":"Feature","geometry":{"type":"Polygon","coordinates":[[[9.2056,49.7856],[9.172,49.791],[9.1767,49.7862],[9.158,49.7763],[9.1582,49.7658],[9.1278,49.7552],[9.1319,49.7536],[9.1508,49.7429],[9.18,49.7449],[9.2007,49.7453],[9.223,49.755],[9.2128,49.7674],[9.2056,49.7856]]]},"properties":{"AGS":"09676134","GEN":"Klingenberg a.Main","SN_L":"09"}},
{"type":"Feature","geometry":{"type":"Polygon","coordinates":[[[9.2479,49.9196],[9.2319,49.9084],[9.2136,49.918],[9.1891,49.9101],[9.1935,49.8921],[9.1937,49.889],[9.2273,49.887],[9.2486,49.8672],[9.2599,49.8705],[9.272,49.8921],[9.2809,49.9006],[9.2541,49.8985],[9.2556,49.9118],[9.2479,49.9196]]]},"properties":{"AGS":"09676136","GEN":"Leidersbach","SN_L":"09"}},
{"type":"Feature","geometry":{"type":"Polygon","coordinates":[[[9.1533,49.7202],[9.1392,49.7269],[9.1272,49.7066],[9.1342,49.7075],[9.1586,49.6801],[9.2096,49.6717],[9.2253,49.6727],[9.2585,49.6659],[9.2736,49.6679],[9.2882,49.6678],[9.3041,49.6549],[9.3105,49.654],[9.3108,49.661],[9.3383,49.6642],[9.3334,49.6788],[9.3488,49.6883],[9.3266,49.695],[9.3227,49.7012],[9.301,49.7075],[9.2887,49.7035],[9.259,49.7072],[9.2586,49.7136],[9.2377,49.7087],[9.2289,49.7151],[9.2199,49.7079],[9.197,49.7095],[9.1655,49.7013],[9.153,49.7102],[9.1533,49.7202]]]},"properties":{"AGS":"09676139","GEN":"Miltenberg","SN_L":"09"}},
{"type":"Feature","geometry":{"type":"Polygon","coordinates":[[[9.0951,49.8743],[9.0702,49.8805],[9.0501,49.8663],[9.034,49.8621],[9.0437,49.8555],[9.0361,49.8465],[9.0414,49.8401],[9.064,49.8318],[9.0847,49.8475],[9.102,49.8487],[9.1176,49.858],[9.1045,49.8749],[9.0951,49.8743]]]},"properties":{"AGS":"09676140","GEN":"Mömlingen","SN_L":"09"}},
{"type":"Feature","geometry":{"type":"Polygon","coordinates":[[[9.1442,49.9206],[9.1367,49.9296],[9.1142,49.9385],[9.1072,49.9309],[9.1031,49.9153],[9.1094,49.9021],[9.0938,49.8912],[9.1001,49.8824],[9.0951,49.8743],[9.1045,49.8749],[9.1379,49.8944],[9.1531,49.8944],[9.1431,49.9033],[9.1442,49.9206]]]},"properties":{"AGS":"09676144","GEN":"Niedernberg","SN_L":"09"}},
{"type":"Feature","geometry":{"type":"Polygon","coordinates":[[[9.1558,49.8541],[9.1307,49.8541],[9.1176,49.858],[9.102,49.8487],[9.0847,49.8475],[9.081,49.8383],[9.0867,49.8264],[9.077,49.8182],[9.0873,49.7987],[9.1081,49.798],[9.1359,49.8109],[9.1465,49.8328],[9.1558,49.8541]]]},"properties":{"AGS":"09676145","GEN":"Obernburg a.Main","SN_L":"09"}},
{"type":"Feature","geometry":{"type":"Polygon","coordinates":[[[9.2567,49.6603],[9.2415,49.6586],[9.2336,49.6368],[9.2438,49.6297],[9.2371,49.6171],[9.2403,49.6089],[9.2329,49.581],[9.2387,49.5813],[9.259,49.5933],[9.268,49.6089],[9.285,49.6148],[9.2744,49.6251],[9.2783,49.6376],[9.2875,49.6385],[9.2785,49.6457],[9.252,49.6462],[9.2464,49.6562],[9.2567,49.6603]]]},"properties":{"AGS":"09676156","GEN":"Schneeberg","SN_L":"09"}},
{"type":"Feature","geometry":{"type":"Polygon","coordinates":[[[9.2378,49.9348],[9.2157,49.9347],[9.1904,49.9273],[9.1665,49.9271],[9.1442,49.9206],[9.1431,49.9033],[9.1531,49.8944],[9.1591,49.8911],[9.1783,49.897],[9.1935,49.8921],[9.1891,49.9101],[9.2136,49.918],[9.2319,49.9084],[9.2479,49.9196],[9.2472,49.9269],[9.2378,49.9348]]]},"properties":{"AGS":"09676160","GEN":"Sulzbach a.Main","SN_L":"09"}},
{"type":"Feature","geometry":{"type":"Polygon","coordinates":[[[9.2736,49.6679],[9.2585,49.6659],[9.2253,49.6727],[9.2096,49.6717],[9.1586,49.6801],[9.1342,49.7075],[9.1272,49.7066],[9.1261,49.7],[9.1051,49.6969],[9.1118,49.6745],[9.1374,49.661],[9.1722,49.6585],[9.1976,49.6594],[9.1996,49.6511],[9.2415,49.6586],[9.2567,49.6603],[9.2736,49.6679]]]},"properties":{"AGS":"09676165","GEN":"Weilbach","SN_L":"09"}},
{"type":"Feature","geometry":{"type":"Polygon","coordinates":[[[9.1278,49.7552],[9.1582,49.7658],[9.158,49.7763],[9.1767,49.7862],[9.172,49.791],[9.1369,49.8073],[9.1359,49.8109],[9.1081,49.798],[9.1289,49.7958],[9.1345,49.7833],[9.1134,49.7737],[9.1069,49.7587],[9.1278,49.7552]]]},"properties":{"AGS":"09676169","GEN":"Wörth a.Main","SN_L":"09"}},
{"type":"Feature","geometry":{"type":"Polygon","coordinates":[[[9.2957,49.7405],[9.2725,49.7352],[9.2623,49.7238],[9.2586,49.7136],[9.259,49.7072],[9.2887,49.7035],[9.301,49.7075],[9.3138,49.7092],[9.3184,49.7177],[9.339,49.7182],[9.3518,49.7324],[9.323,49.7311],[9.2957,49.7405]]]},"properties":{"AGS":"09676116","GEN":"Bürgstadt","SN_L":"09"}},
{"type":"Feature","geometry":{"type":"Polygon","coordinates":[[[9.4079,49.7215],[9.4,49.7288],[9.3814,49.7252],[9.3825,49.7075],[9.3574,49.7043],[9.3689,49.6837],[9.3854,49.6765],[9.4064,49.6796],[9.4201,49.6902],[9.4203,49.7066],[9.4079,49.7215]]]},"properties":{"AGS":"09676143","GEN":"Neunkirchen","SN_L":"09"}},
{"type":"Feature","geometry":{"type":"Polygon","coordinates":[[[9.2289,49.7151],[9.2165,49.7266],[9.189,49.7357],[9.1544,49.7283],[9.1419,49.7321],[9.1392,49.7269],[9.1533,49.7202],[9.1654,49.7216],[9.197,49.7095],[9.2199,49.7079],[9.2289,49.7151]]]},"properties":{"AGS":"09676132","GEN":"Kleinheubach","SN_L":"09"}},
{"type":"Feature","geometry":{"type":"Polygon","coordinates":[[[9.18,49.7449],[9.1508,49.7429],[9.1419,49.7321],[9.1544,49.7283],[9.189,49.7357],[9.18,49.7449]]]},"properties":{"AGS":"09676135","GEN":"Laudenbach","SN_L":"09"}},
{"type":"Feature","geometry":{"type":"Polygon","coordinates":[[[9.197,49.7095],[9.1654,49.7216],[9.1533,49.7202],[9.153,49.7102],[9.1655,49.7013],[9.197,49.7095]]]},"properties":{"AGS":"09676153","GEN":"Rüdenau","SN_L":"09"}},
{"type":"Feature","geometry":{"type":"Polygon","coordinates":[[[9.2486,49.8672],[9.2273,49.887],[9.1937,49.889],[9.2041,49.8799],[9.2029,49.8637],[9.2304,49.8621],[9.2321,49.8537],[9.2453,49.8658],[9.2486,49.8672]]]},"properties":{"AGS":"09676128","GEN":"Hausen","SN_L":"09"}},
{"type":"Feature","geometry":{"type":"Polygon","coordinates":[[[9.1935,49.8921],[9.1783,49.897],[9.1591,49.8911],[9.1636,49.8823],[9.1581,49.8617],[9.1795,49.8541],[9.225,49.8453],[9.2321,49.8537],[9.2304,49.8621],[9.2029,49.8637],[9.2041,49.8799],[9.1937,49.889],[9.1935,49.8921]]]},"properties":{"AGS":"09676133","GEN":"Kleinwallstadt","SN_L":"09"}},
{"type":"Feature","geometry":{"type":"Polygon","coordinates":[[[9.3206,49.8052],[9.3026,49.8124],[9.2814,49.8125],[9.26,49.8003],[9.2451,49.8049],[9.2219,49.8046],[9.2056,49.7856],[9.2128,49.7674],[9.2286,49.7757],[9.2682,49.7828],[9.2706,49.7735],[9.2928,49.7791],[9.2998,49.7871],[9.316,49.7904],[9.3206,49.8052]]]},"properties":{"AGS":"09676141","GEN":"Mönchberg","SN_L":"09"}},
{"type":"Feature","geometry":{"type":"Polygon","coordinates":[[[9.2928,49.7791],[9.2706,49.7735],[9.2682,49.7828],[9.2286,49.7757],[9.2128,49.7674],[9.223,49.755],[9.2367,49.7606],[9.2456,49.7521],[9.2735,49.7455],[9.2736,49.7559],[9.2885,49.7685],[9.2928,49.7791]]]},"properties":{"AGS":"09676151","GEN":"Röllbach","SN_L":"09"}},
{"type":"Feature","geometry":{"type":"Polygon","coordinates":[[[9.4789,49.8389],[9.4485,49.8521],[9.4362,49.8779],[9.4227,49.8811],[9.4037,49.8742],[9.3941,49.8636],[9.3667,49.8535],[9.3683,49.8329],[9.3544,49.8361],[9.3577,49.8225],[9.3716,49.8239],[9.397,49.8127],[9.4089,49.8148],[9.4151,49.8023],[9.4278,49.7993],[9.4341,49.813],[9.4468,49.819],[9.4483,49.8228],[9.4513,49.8449],[9.4789,49.8389]]]},"properties":{"AGS":"09676111","GEN":"Altenbuch","SN_L":"09"}},
{"type":"Feature","geometry":{"type":"Polygon","coordinates":[[[9.4278,49.7993],[9.4151,49.8023],[9.4089,49.8148],[9.397,49.8127],[9.3716,49.8239],[9.3577,49.8225],[9.3564,49.8167],[9.3656,49.8077],[9.3817,49.8039],[9.4006,49.7802],[9.4063,49.778],[9.4203,49.7885],[9.433,49.7884],[9.4278,49.7993]]]},"properties":{"AGS":"09676158","GEN":"Stadtprozelten","SN_L":"09"}},
{"type":"Feature","geometry":{"type":"Polygon","coordinates":[[[9.1838,49.8117],[9.1985,49.8286],[9.1736,49.8362],[9.1606,49.8271],[9.1838,49.8117]]]},"properties":{"AGS":"09676452","GEN":"Forstwald","SN_L":"09"}},
{"type":"Feature","geometry":{"type":"Polygon","coordinates":[[[9.2661,49.9278],[9.2472,49.9269],[9.2479,49.9196],[9.2556,49.9118],[9.2541,49.8985],[9.2809,49.9006],[9.2661,49.9278]]]},"properties":{"AGS":"09676455","GEN":"Hohe Wart","SN_L":"09"}},
{"type":"Feature","geometry":{"type":"Polygon","coordinates":[[[10.0396,50.0338],[10.0272,50.0406],[10.005,50.0325],[9.9868,50.0376],[9.9807,50.058],[9.964,50.0547],[9.9484,50.0326],[9.9257,50.0298],[9.9163,50.0175],[9.9155,50.006],[9.882,49.9923],[9.8661,49.9905],[9.8712,49.9707],[9.8668,49.964],[9.8779,49.9476],[9.8992,49.9317],[9.9134,49.9333],[9.9394,49.9489],[9.9535,49.9386],[9.9885,49.9419],[9.9964,49.9369],[10.0089,49.9373],[10.0141,49.9519],[10.0309,49.9522],[10.0423,49.971],[10.0403,49.9887],[10.0084,49.9874],[10.0212,49.9972],[10.0431,50.0025],[10.0344,50.0196],[10.0396,50.0338]]]},"properties":{"AGS":"09677114","GEN":"Arnstein","SN_L":"09"}},
{"type":"Feature","geometry":{"type":"Polygon","coordinates":[[[9.9257,50.0298],[9.902,50.0522],[9.8865,50.047],[9.8826,50.0378],[9.8692,50.035],[9.8319,50.0414],[9.8131,50.0279],[9.8016,50.0187],[9.8049,50.011],[9.7778,50.0005],[9.7632,49.9921],[9.7813,49.9756],[9.8147,49.9637],[9.829,49.9648],[9.8351,49.9811],[9.848,49.9885],[9.8661,49.9905],[9.882,49.9923],[9.9155,50.006],[9.9163,50.0175],[9.9257,50.0298]]]},"properties":{"AGS":"09677127","GEN":"Eußenheim","SN_L":"09"}},
{"type":"Feature","geometry":{"type":"MultiPolygon","coordinates":[[[[9.4845,50.0379],[9.468,50.0378],[9.4705,50.0368],[9.4856,50.037],[9.4845,50.0379]]],[[[9.3956,50.0858],[9.3895,50.0865],[9.3782,50.0846],[9.3728,50.0832],[9.3902,50.0857],[9.4027,50.0762],[9.3856,50.0549],[9.3898,50.0508],[9.4155,50.0519],[9.4208,50.0467],[9.4197,50.0527],[9.4127,50.0663],[9.3963,50.0837],[9.3956,50.0858]]],[[[9.4812,50.0873],[9.4634,50.0912],[9.4623,50.0911],[9.4514,50.0733],[9.4407,50.0783],[9.4341,50.0767],[9.4275,50.0792],[9.4219,50.0854],[9.4202,50.0848],[9.4259,50.0794],[9.4323,50.0764],[9.4247,50.0675],[9.443,50.0495],[9.4749,50.052],[9.4974,50.0452],[9.5087,50.0645],[9.4979,50.0607],[9.476,50.0729],[9.4812,50.0873]]]]},"properties":{"AGS":"09677129","GEN":"Frammersbach","SN_L":"09"}},
{"type":"Feature","geometry":{"type":"Polygon","coordinates":[[[9.7882,50.0938],[9.7576,50.1127],[9.738,50.0834],[9.713,50.0858],[9.7075,50.0797],[9.6866,50.092],[9.6725,50.0945],[9.6637,50.0876],[9.6477,50.088],[9.6374,50.0764],[9.6207,50.0596],[9.6058,50.0602],[9.5818,50.054],[9.5744,50.066],[9.5584,50.0654],[9.5685,50.0477],[9.5768,50.0434],[9.5908,50.0417],[9.6276,50.047],[9.6481,50.0453],[9.6537,50.0321],[9.6652,50.034],[9.6795,50.0211],[9.7018,50.0028],[9.726,50.0098],[9.7353,50.0161],[9.7425,50.0292],[9.7672,50.0344],[9.7363,50.0534],[9.7622,50.0647],[9.7612,50.0868],[9.7758,50.0863],[9.7882,50.0938]]]},"properties":{"AGS":"09677131","GEN":"Gemünden a.Main","SN_L":"09"}},
{"type":"Feature","geometry":{"type":"Polygon","coordinates":[[[9.7353,50.0161],[9.726,50.0098],[9.7018,50.0028],[9.6795,50.0211],[9.6634,50.0134],[9.6666,50.0058],[9.651,50.0001],[9.6199,49.9982],[9.6271,49.9806],[9.6582,49.9706],[9.6782,49.9731],[9.6777,49.9642],[9.7056,49.9561],[9.696,49.931],[9.7082,49.9212],[9.7384,49.9188],[9.7479,49.926],[9.7933,49.9436],[9.8296,49.9236],[9.8298,49.9241],[9.8512,49.9486],[9.8526,49.9633],[9.8668,49.964],[9.8712,49.9707],[9.8661,49.9905],[9.848,49.9885],[9.8351,49.9811],[9.829,49.9648],[9.8147,49.9637],[9.7813,49.9756],[9.7632,49.9921],[9.7778,50.0005],[9.7681,50.0123],[9.7353,50.0161]]]},"properties":{"AGS":"09677148","GEN":"Karlstadt","SN_L":"09"}},
{"type":"Feature","geometry":{"type":"Polygon","coordinates":[[[9.5913,49.8307],[9.5748,49.8322],[9.5762,49.817],[9.5623,49.8039],[9.56,49.7956],[9.5463,49.7836],[9.5594,49.779],[9.5811,49.778],[9.6197,49.7832],[9.6487,49.7915],[9.6533,49.7933],[9.653,49.8042],[9.6267,49.8084],[9.5913,49.8307]]]},"properties":{"AGS":"09677154","GEN":"Triefenstein","SN_L":"09"}},
{"type":"Feature","geometry":{"type":"MultiPolygon","coordinates":[[[[9.5502,50.0993],[9.5217,50.1055],[9.5339,50.0814],[9.5584,50.0654],[9.5489,50.0732],[9.5545,50.0947],[9.5502,50.0993]]],[[[9.5685,50.0477],[9.5494,50.0518],[9.5352,50.0425],[9.533,50.0316],[9.5073,50.0282],[9.4869,50.0205],[9.4788,50.0069],[9.4857,49.9979],[9.4991,49.992],[9.5501,49.9937],[9.5383,49.9812],[9.5368,49.9707],[9.5062,49.9792],[9.5016,49.9628],[9.5239,49.9562],[9.5566,49.9519],[9.5806,49.9406],[9.6022,49.9495],[9.6099,49.9542],[9.5995,49.9723],[9.6175,49.9846],[9.6271,49.9806],[9.6199,49.9982],[9.651,50.0001],[9.6666,50.0058],[9.6634,50.0134],[9.6795,50.0211],[9.6652,50.034],[9.6537,50.0321],[9.6479,50.0278],[9.6175,50.0213],[9.5775,50.0388],[9.5768,50.0434],[9.5685,50.0477]]]]},"properties":{"AGS":"09677155","GEN":"Lohr a.Main","SN_L":"09"}},
{"type":"Feature","geometry":{"type":"Polygon","coordinates":[[[9.6003,49.8869],[9.6074,49.9012],[9.5867,49.912],[9.5877,49.9105],[9.597,49.8888],[9.606,49.8658],[9.5973,49.8523],[9.5803,49.855],[9.5689,49.8654],[9.5438,49.8622],[9.543,49.8425],[9.5265,49.8346],[9.5143,49.8393],[9.5017,49.8247],[9.5102,49.8169],[9.5257,49.814],[9.5332,49.8057],[9.5623,49.8039],[9.5762,49.817],[9.5748,49.8322],[9.5913,49.8307],[9.6098,49.8273],[9.6328,49.843],[9.6079,49.8712],[9.6003,49.8869]]]},"properties":{"AGS":"09677157","GEN":"Marktheidenfeld","SN_L":"09"}},
{"type":"Feature","geometry":{"type":"Polygon","coordinates":[[[9.6818,50.1166],[9.6718,50.1243],[9.6279,50.1202],[9.6187,50.1128],[9.5839,50.1066],[9.5815,50.0895],[9.6029,50.0855],[9.6163,50.0766],[9.6374,50.0764],[9.6477,50.088],[9.6637,50.0876],[9.6725,50.0945],[9.6866,50.092],[9.6922,50.1003],[9.6798,50.1057],[9.6818,50.1166]]]},"properties":{"AGS":"09677177","GEN":"Rieneck","SN_L":"09"}},
{"type":"Feature","geometry":{"type":"Polygon","coordinates":[[[9.4972,49.8189],[9.494,49.8159],[9.4602,49.8168],[9.4483,49.8228],[9.4468,49.819],[9.4665,49.8078],[9.4715,49.7797],[9.4782,49.7864],[9.5072,49.7866],[9.5062,49.8042],[9.4972,49.8189]]]},"properties":{"AGS":"09677137","GEN":"Hasloch","SN_L":"09"}},
{"type":"Feature","geometry":{"type":"Polygon","coordinates":[[[9.5623,49.8039],[9.5332,49.8057],[9.5257,49.814],[9.5102,49.8169],[9.5017,49.8247],[9.4972,49.8189],[9.5062,49.8042],[9.5072,49.7866],[9.51,49.771],[9.5214,49.7612],[9.5376,49.7676],[9.5524,49.7604],[9.5551,49.7475],[9.5689,49.7506],[9.5584,49.7651],[9.5594,49.779],[9.5463,49.7836],[9.56,49.7956],[9.5623,49.8039]]]},"properties":{"AGS":"09677151","GEN":"Kreuzwertheim","SN_L":"09"}},
{"type":"Feature","geometry":{"type":"Polygon","coordinates":[[[9.4789,49.8389],[9.4513,49.8449],[9.4483,49.8228],[9.4602,49.8168],[9.494,49.8159],[9.4972,49.8189],[9.5017,49.8247],[9.5143,49.8393],[9.5048,49.8489],[9.4912,49.8471],[9.4789,49.8389]]]},"properties":{"AGS":"09677182","GEN":"Schollbrunn","SN_L":"09"}},
{"type":"Feature","geometry":{"type":"Polygon","coordinates":[[[9.7638,49.8703],[9.7471,49.888],[9.7267,49.8858],[9.7026,49.8882],[9.6769,49.8752],[9.6793,49.8607],[9.6732,49.847],[9.6843,49.8368],[9.6994,49.8386],[9.7272,49.8321],[9.7441,49.8436],[9.7638,49.8703]]]},"properties":{"AGS":"09677119","GEN":"Birkenfeld","SN_L":"09"}},
{"type":"Feature","geometry":{"type":"Polygon","coordinates":[[[9.4652,49.9167],[9.4546,49.9266],[9.4287,49.9173],[9.427,49.9015],[9.4353,49.8909],[9.4227,49.8811],[9.4362,49.8779],[9.4485,49.8521],[9.4789,49.8389],[9.4912,49.8471],[9.5048,49.8489],[9.5239,49.8608],[9.5122,49.8696],[9.5005,49.8927],[9.4895,49.8973],[9.4641,49.9091],[9.4652,49.9167]]]},"properties":{"AGS":"09677120","GEN":"Bischbrunn","SN_L":"09"}},
{"type":"Feature","geometry":{"type":"Polygon","coordinates":[[[9.6704,49.8343],[9.6328,49.843],[9.6098,49.8273],[9.5913,49.8307],[9.6267,49.8084],[9.653,49.8042],[9.6696,49.8036],[9.68,49.8198],[9.6704,49.8343]]]},"properties":{"AGS":"09677125","GEN":"Erlenbach b.Marktheidenfeld","SN_L":"09"}},
{"type":"Feature","geometry":{"type":"Polygon","coordinates":[[[9.5563,49.8728],[9.548,49.87],[9.519,49.8806],[9.506,49.8917],[9.4895,49.8973],[9.5005,49.8927],[9.5122,49.8696],[9.5239,49.8608],[9.5048,49.8489],[9.5143,49.8393],[9.5265,49.8346],[9.543,49.8425],[9.5438,49.8622],[9.5563,49.8728]]]},"properties":{"AGS":"09677126","GEN":"Esselbach","SN_L":"09"}},
{"type":"Feature","geometry":{"type":"Polygon","coordinates":[[[9.5166,49.9212],[9.5258,49.9124],[9.5451,49.9069],[9.5669,49.8895],[9.5563,49.8728],[9.5438,49.8622],[9.5689,49.8654],[9.5803,49.855],[9.5973,49.8523],[9.606,49.8658],[9.597,49.8888],[9.5859,49.8845],[9.5642,49.8929],[9.5543,49.904],[9.5166,49.9212]]]},"properties":{"AGS":"09677135","GEN":"Hafenlohr","SN_L":"09"}},
{"type":"Feature","geometry":{"type":"Polygon","coordinates":[[[9.6509,49.8917],[9.6202,49.8842],[9.6003,49.8869],[9.6079,49.8712],[9.6328,49.843],[9.6704,49.8343],[9.6843,49.8368],[9.6732,49.847],[9.6793,49.8607],[9.6769,49.8752],[9.6509,49.8917]]]},"properties":{"AGS":"09677146","GEN":"Karbach","SN_L":"09"}},
{"type":"Feature","geometry":{"type":"Polygon","coordinates":[[[9.599,49.9368],[9.5862,49.9307],[9.5925,49.9208],[9.5867,49.912],[9.6074,49.9012],[9.6003,49.8869],[9.6202,49.8842],[9.6509,49.8917],[9.6522,49.9173],[9.6574,49.9206],[9.6403,49.9305],[9.6286,49.9285],[9.599,49.9368]]]},"properties":{"AGS":"09677178","GEN":"Roden","SN_L":"09"}},
{"type":"Feature","geometry":{"type":"MultiPolygon","coordinates":[[[[9.5669,49.8895],[9.5451,49.9069],[9.5258,49.9124],[9.5414,49.9073],[9.5669,49.8895]]],[[[9.5877,49.9105],[9.5778,49.9104],[9.5486,49.9238],[9.5301,49.9252],[9.5177,49.9362],[9.5166,49.9212],[9.5543,49.904],[9.5642,49.8929],[9.5859,49.8845],[9.597,49.8888],[9.5877,49.9105]]]]},"properties":{"AGS":"09677181","GEN":"Rothenfels","SN_L":"09"}},
{"type":"Feature","geometry":{"type":"Polygon","coordinates":[[[9.696,49.931],[9.6703,49.9288],[9.6574,49.9206],[9.6522,49.9173],[9.6509,49.8917],[9.6769,49.8752],[9.7026,49.8882],[9.6994,49.9081],[9.7082,49.9212],[9.696,49.931]]]},"properties":{"AGS":"09677193","GEN":"Urspringen","SN_L":"09"}},
{"type":"Feature","geometry":{"type":"MultiPolygon","coordinates":[[[[9.5316,50.1867],[9.5141,50.1946],[9.5339,50.1844],[9.5316,50.1867]]],[[[9.5854,50.1891],[9.5489,50.1838],[9.5347,50.1705],[9.5312,50.1608],[9.5457,50.1574],[9.5846,50.1622],[9.5989,50.1711],[9.6014,50.1717],[9.5854,50.1891]]]]},"properties":{"AGS":"09677116","GEN":"Aura i.Sinngrund","SN_L":"09"}},
{"type":"Feature","geometry":{"type":"Polygon","coordinates":[[[9.7151,50.1704],[9.6999,50.1819],[9.6971,50.1916],[9.6882,50.1946],[9.6614,50.1843],[9.6455,50.1747],[9.6329,50.1772],[9.6014,50.1717],[9.5989,50.1711],[9.614,50.1563],[9.6073,50.1516],[9.6102,50.1351],[9.5754,50.1263],[9.556,50.1016],[9.5697,50.1081],[9.5839,50.1066],[9.6187,50.1128],[9.6279,50.1202],[9.6718,50.1243],[9.6818,50.1166],[9.6943,50.1413],[9.6949,50.1571],[9.7151,50.1704]]]},"properties":{"AGS":"09677122","GEN":"Burgsinn","SN_L":"09"}},
{"type":"Feature","geometry":{"type":"Polygon","coordinates":[[[9.556,50.1016],[9.5754,50.1263],[9.6102,50.1351],[9.6073,50.1516],[9.614,50.1563],[9.5989,50.1711],[9.5846,50.1622],[9.5457,50.1574],[9.5312,50.1608],[9.5218,50.15],[9.5076,50.1456],[9.5192,50.1058],[9.5217,50.1055],[9.5502,50.0993],[9.556,50.1016]]]},"properties":{"AGS":"09677128","GEN":"Fellen","SN_L":"09"}},
{"type":"Feature","geometry":{"type":"Polygon","coordinates":[[[9.6467,50.2033],[9.623,50.1986],[9.5884,50.2073],[9.5854,50.1891],[9.6014,50.1717],[9.6329,50.1772],[9.6455,50.1747],[9.6614,50.1843],[9.6467,50.2033]]]},"properties":{"AGS":"09677159","GEN":"Mittelsinn","SN_L":"09"}},
{"type":"Feature","geometry":{"type":"MultiPolygon","coordinates":[[[[9.5701,50.2049],[9.5676,50.2222],[9.5742,50.2323],[9.5733,50.2321],[9.5724,50.232],[9.5654,50.2184],[9.5701,50.2049]]],[[[9.6456,50.2258],[9.6293,50.2292],[9.6232,50.229],[9.6204,50.2275],[9.5962,50.2227],[9.5821,50.2205],[9.5884,50.2073],[9.623,50.1986],[9.6467,50.2033],[9.6554,50.2034],[9.6456,50.2258]]]]},"properties":{"AGS":"09677169","GEN":"Obersinn","SN_L":"09"}},
{"type":"Feature","geometry":{"type":"Polygon","coordinates":[[[9.8131,50.0279],[9.7907,50.0331],[9.7672,50.0344],[9.7425,50.0292],[9.7353,50.0161],[9.7681,50.0123],[9.7778,50.0005],[9.8049,50.011],[9.8016,50.0187],[9.8131,50.0279]]]},"properties":{"AGS":"09677132","GEN":"Gössenheim","SN_L":"09"}},
{"type":"Feature","geometry":{"type":"Polygon","coordinates":[[[9.7785,50.1263],[9.7722,50.1316],[9.7542,50.1299],[9.7472,50.1356],[9.7465,50.151],[9.7323,50.1548],[9.7259,50.1662],[9.7151,50.1704],[9.6949,50.1571],[9.6943,50.1413],[9.6818,50.1166],[9.6798,50.1057],[9.6922,50.1003],[9.6866,50.092],[9.7075,50.0797],[9.713,50.0858],[9.738,50.0834],[9.7576,50.1127],[9.7882,50.0938],[9.8062,50.0925],[9.799,50.1061],[9.7785,50.1263]]]},"properties":{"AGS":"09677133","GEN":"Gräfendorf","SN_L":"09"}},
{"type":"Feature","geometry":{"type":"Polygon","coordinates":[[[9.8062,50.0925],[9.7882,50.0938],[9.7758,50.0863],[9.7612,50.0868],[9.7622,50.0647],[9.7363,50.0534],[9.7672,50.0344],[9.7907,50.0331],[9.8131,50.0279],[9.8319,50.0414],[9.8096,50.0466],[9.8064,50.0549],[9.8195,50.0648],[9.8166,50.0752],[9.8315,50.0847],[9.8062,50.0925]]]},"properties":{"AGS":"09677149","GEN":"Karsbach","SN_L":"09"}},
{"type":"Feature","geometry":{"type":"Polygon","coordinates":[[[9.6537,50.0321],[9.6481,50.0453],[9.6276,50.047],[9.5908,50.0417],[9.5768,50.0434],[9.5775,50.0388],[9.6175,50.0213],[9.6479,50.0278],[9.6537,50.0321]]]},"properties":{"AGS":"09677164","GEN":"Neuendorf","SN_L":"09"}},
{"type":"Feature","geometry":{"type":"Polygon","coordinates":[[[9.6022,49.9495],[9.5806,49.9406],[9.5566,49.9519],[9.5239,49.9562],[9.5016,49.9628],[9.4983,49.96],[9.5177,49.9362],[9.5301,49.9252],[9.5486,49.9238],[9.5778,49.9104],[9.5877,49.9105],[9.5867,49.912],[9.5925,49.9208],[9.5862,49.9307],[9.599,49.9368],[9.6022,49.9495]]]},"properties":{"AGS":"09677166","GEN":"Neustadt a.Main","SN_L":"09"}},
{"type":"Feature","geometry":{"type":"MultiPolygon","coordinates":[[[[9.4991,49.992],[9.4857,49.9979],[9.4789,49.9929],[9.4991,49.992]]],[[[9.4991,49.992],[9.5062,49.9792],[9.5368,49.9707],[9.5383,49.9812],[9.5501,49.9937],[9.4991,49.992]]]]},"properties":{"AGS":"09677172","GEN":"Rechtenbach","SN_L":"09"}},
{"type":"Feature","geometry":{"type":"Polygon","coordinates":[[[9.696,49.931],[9.7056,49.9561],[9.6777,49.9642],[9.6782,49.9731],[9.6582,49.9706],[9.6271,49.9806],[9.6175,49.9846],[9.5995,49.9723],[9.6099,49.9542],[9.6022,49.9495],[9.599,49.9368],[9.6286,49.9285],[9.6403,49.9305],[9.6574,49.9206],[9.6703,49.9288],[9.696,49.931]]]},"properties":{"AGS":"09677186","GEN":"Steinfeld","SN_L":"09"}},
{"type":"Feature","geometry":{"type":"Polygon","coordinates":[[[9.8296,49.9236],[9.7933,49.9436],[9.7479,49.926],[9.7384,49.9188],[9.7622,49.9074],[9.7918,49.91],[9.8013,49.9185],[9.8296,49.9236]]]},"properties":{"AGS":"09677142","GEN":"Himmelstadt","SN_L":"09"}},
{"type":"Feature","geometry":{"type":"Polygon","coordinates":[[[9.9134,49.9333],[9.8992,49.9317],[9.8855,49.9261],[9.8561,49.9221],[9.8469,49.9062],[9.8535,49.8944],[9.8833,49.8881],[9.8927,49.8925],[9.9287,49.8932],[9.9202,49.9026],[9.9134,49.9333]]]},"properties":{"AGS":"09677175","GEN":"Retzstadt","SN_L":"09"}},
{"type":"Feature","geometry":{"type":"Polygon","coordinates":[[[9.8668,49.964],[9.8526,49.9633],[9.8512,49.9486],[9.8298,49.9241],[9.8376,49.919],[9.8561,49.9221],[9.8855,49.9261],[9.8992,49.9317],[9.8779,49.9476],[9.8668,49.964]]]},"properties":{"AGS":"09677189","GEN":"Thüngen","SN_L":"09"}},
{"type":"Feature","geometry":{"type":"Polygon","coordinates":[[[9.8561,49.9221],[9.8376,49.919],[9.8298,49.9241],[9.8296,49.9236],[9.8013,49.9185],[9.7918,49.91],[9.7622,49.9074],[9.7384,49.9188],[9.7082,49.9212],[9.6994,49.9081],[9.7026,49.8882],[9.7267,49.8858],[9.7471,49.888],[9.7638,49.8703],[9.7801,49.8785],[9.8085,49.8796],[9.8282,49.8726],[9.8376,49.8764],[9.8386,49.8912],[9.8535,49.8944],[9.8469,49.9062],[9.8561,49.9221]]]},"properties":{"AGS":"09677203","GEN":"Zellingen","SN_L":"09"}},
{"type":"Feature","geometry":{"type":"Polygon","coordinates":[[[9.4304,50.0133],[9.429,50.0179],[9.4114,50.0122],[9.3991,50.0147],[9.3962,50.0113],[9.397,49.9973],[9.4304,49.991],[9.4457,50.0015],[9.4304,50.0133]]]},"properties":{"AGS":"09677165","GEN":"Neuhütten","SN_L":"09"}},
{"type":"Feature","geometry":{"type":"Polygon","coordinates":[[[9.4869,50.0205],[9.5073,50.0282],[9.533,50.0316],[9.5352,50.0425],[9.5494,50.0518],[9.522,50.0698],[9.5087,50.0645],[9.4974,50.0452],[9.4845,50.0379],[9.4856,50.037],[9.5126,50.0331],[9.4869,50.0205]]]},"properties":{"AGS":"09677170","GEN":"Partenstein","SN_L":"09"}},
{"type":"Feature","geometry":{"type":"Polygon","coordinates":[[[9.4361,50.0394],[9.4197,50.0527],[9.4208,50.0467],[9.4064,50.0497],[9.4052,50.0234],[9.429,50.0179],[9.4304,50.0133],[9.456,50.0135],[9.4705,50.0368],[9.468,50.0378],[9.4636,50.0282],[9.4496,50.0209],[9.4391,50.0226],[9.4361,50.0394]]]},"properties":{"AGS":"09677200","GEN":"Wiesthal","SN_L":"09"}},
{"type":"Feature","geometry":{"type":"MultiPolygon","coordinates":[[[[9.5141,50.1946],[9.5015,50.193],[9.4981,50.1755],[9.5051,50.1693],[9.5282,50.1681],[9.5339,50.1844],[9.5141,50.1946]]],[[[9.5141,50.1946],[9.5316,50.1867],[9.5442,50.2021],[9.5674,50.1981],[9.5701,50.2049],[9.5654,50.2184],[9.5724,50.232],[9.542,50.2243],[9.5335,50.2345],[9.5183,50.2335],[9.5012,50.2435],[9.4948,50.2267],[9.5012,50.2224],[9.5019,50.2214],[9.5021,50.2123],[9.5162,50.1996],[9.5156,50.1953],[9.5141,50.1946]]]]},"properties":{"AGS":"09677452","GEN":"Burgjoß","SN_L":"09"}},
{"type":"Feature","geometry":{"type":"MultiPolygon","coordinates":[[[[9.5962,50.2227],[9.5804,50.2236],[9.5751,50.2324],[9.5742,50.2323],[9.5676,50.2222],[9.5701,50.2049],[9.5674,50.1981],[9.5442,50.2021],[9.5316,50.1867],[9.5339,50.1844],[9.5282,50.1681],[9.5312,50.1608],[9.5347,50.1705],[9.5489,50.1838],[9.5854,50.1891],[9.5884,50.2073],[9.5821,50.2205],[9.5962,50.2227]]],[[[9.6991,50.1937],[9.6946,50.2089],[9.6822,50.2159],[9.6793,50.2272],[9.6456,50.2258],[9.6554,50.2034],[9.6467,50.2033],[9.6614,50.1843],[9.6882,50.1946],[9.6971,50.1916],[9.6991,50.1937]]]]},"properties":{"AGS":"09677453","GEN":"Forst Aura","SN_L":"09"}},
{"type":"Feature","geometry":{"type":"Polygon","coordinates":[[[9.4789,49.9929],[9.4624,49.9942],[9.4457,50.0015],[9.4304,49.991],[9.4442,49.9741],[9.4411,49.9636],[9.4528,49.9485],[9.4664,49.9494],[9.4835,49.9444],[9.4944,49.9472],[9.4983,49.96],[9.5016,49.9628],[9.5062,49.9792],[9.4991,49.992],[9.4789,49.9929]]]},"properties":{"AGS":"09677454","GEN":"Forst Lohrerstraße","SN_L":"09"}},
{"type":"Feature","geometry":{"type":"MultiPolygon","coordinates":[[[[9.4623,50.0911],[9.4219,50.0854],[9.4275,50.0792],[9.4341,50.0767],[9.4407,50.0783],[9.4514,50.0733],[9.4623,50.0911]]],[[[9.4202,50.0848],[9.405,50.0877],[9.3963,50.0837],[9.4127,50.0663],[9.4197,50.0527],[9.4361,50.0394],[9.443,50.0495],[9.4247,50.0675],[9.4323,50.0764],[9.4259,50.0794],[9.4202,50.0848]]],[[[9.5166,50.0868],[9.4812,50.0873],[9.476,50.0729],[9.4979,50.0607],[9.5087,50.0645],[9.522,50.0698],[9.5136,50.0794],[9.5166,50.0868]]]]},"properties":{"AGS":"09677455","GEN":"Frammersbacher Forst","SN_L":"09"}},
{"type":"Feature","geometry":{"type":"Polygon","coordinates":[[[9.5177,49.9362],[9.4983,49.96],[9.4944,49.9472],[9.4835,49.9444],[9.4801,49.9435],[9.4685,49.9363],[9.4652,49.9167],[9.4641,49.9091],[9.4895,49.8973],[9.506,49.8917],[9.519,49.8806],[9.548,49.87],[9.5563,49.8728],[9.5669,49.8895],[9.5414,49.9073],[9.5258,49.9124],[9.5166,49.9212],[9.5177,49.9362]]]},"properties":{"AGS":"09677456","GEN":"Fürstl.Löwenstein'scher Park","SN_L":"09"}},
{"type":"Feature","geometry":{"type":"Polygon","coordinates":[[[9.5166,50.0868],[9.5123,50.0918],[9.5192,50.1058],[9.5127,50.0994],[9.4634,50.0912],[9.4812,50.0873],[9.5166,50.0868]]]},"properties":{"AGS":"09677457","GEN":"Haurain","SN_L":"09"}},
{"type":"Feature","geometry":{"type":"Polygon","coordinates":[[[9.5815,50.0895],[9.5839,50.1066],[9.5697,50.1081],[9.556,50.1016],[9.5675,50.0902],[9.5815,50.0895]]]},"properties":{"AGS":"09677458","GEN":"Herrnwald","SN_L":"09"}},
{"type":"Feature","geometry":{"type":"Polygon","coordinates":[[[9.6374,50.0764],[9.6163,50.0766],[9.6029,50.0855],[9.6015,50.0752],[9.5864,50.075],[9.5744,50.066],[9.5818,50.054],[9.6058,50.0602],[9.6207,50.0596],[9.6374,50.0764]]]},"properties":{"AGS":"09677459","GEN":"Langenprozeltener Forst","SN_L":"09"}},
{"type":"Feature","geometry":{"type":"MultiPolygon","coordinates":[[[[9.4974,50.0452],[9.4749,50.052],[9.443,50.0495],[9.4361,50.0394],[9.4391,50.0226],[9.4496,50.0209],[9.4636,50.0282],[9.468,50.0378],[9.4845,50.0379],[9.4974,50.0452]]],[[[9.4869,50.0205],[9.5126,50.0331],[9.4856,50.037],[9.4705,50.0368],[9.456,50.0135],[9.4304,50.0133],[9.4457,50.0015],[9.4624,49.9942],[9.4789,49.9929],[9.4857,49.9979],[9.4788,50.0069],[9.4869,50.0205]]]]},"properties":{"AGS":"09677461","GEN":"Partensteiner Forst","SN_L":"09"}},
{"type":"Feature","geometry":{"type":"MultiPolygon","coordinates":[[[[9.5584,50.0654],[9.5339,50.0814],[9.5217,50.1055],[9.5192,50.1058],[9.5123,50.0918],[9.5166,50.0868],[9.5136,50.0794],[9.522,50.0698],[9.5494,50.0518],[9.5685,50.0477],[9.5584,50.0654]]],[[[9.5584,50.0654],[9.5744,50.066],[9.5864,50.075],[9.6015,50.0752],[9.6029,50.0855],[9.5815,50.0895],[9.5675,50.0902],[9.556,50.1016],[9.5502,50.0993],[9.5545,50.0947],[9.5489,50.0732],[9.5584,50.0654]]]]},"properties":{"AGS":"09677463","GEN":"Ruppertshüttener Forst","SN_L":"09"}},
{"type":"Feature","geometry":{"type":"Polygon","coordinates":[[[10.1985,50.0128],[10.1653,50.0312],[10.1376,50.0196],[10.145,50.003],[10.1408,49.9913],[10.1482,49.9772],[10.1867,49.962],[10.1909,49.9738],[10.1992,49.9911],[10.1865,50.0057],[10.1985,50.0128]]]},"properties":{"AGS":"09678115","GEN":"Bergrheinfeld","SN_L":"09"}},
{"type":"Feature","geometry":{"type":"Polygon","coordinates":[[[10.2261,50.1461],[10.2191,50.1498],[10.1895,50.1493],[10.1882,50.1295],[10.1702,50.1206],[10.1762,50.1064],[10.1939,50.1006],[10.2029,50.0792],[10.2004,50.0716],[10.2241,50.0658],[10.2284,50.0764],[10.2218,50.0913],[10.2348,50.0948],[10.2223,50.1145],[10.2184,50.1273],[10.2261,50.1461]]]},"properties":{"AGS":"09678123","GEN":"Dittelbrunn","SN_L":"09"}},
{"type":"Feature","geometry":{"type":"Polygon","coordinates":[[[10.0724,50.1016],[10.0643,50.0991],[10.0645,50.0866],[10.0737,50.0694],[10.0707,50.0587],[10.0824,50.0531],[10.0944,50.0467],[10.1129,50.0515],[10.1395,50.0505],[10.1443,50.0627],[10.133,50.0712],[10.1087,50.0728],[10.0724,50.1016]]]},"properties":{"AGS":"09678128","GEN":"Euerbach","SN_L":"09"}},
{"type":"Feature","geometry":{"type":"Polygon","coordinates":[[[10.1796,50.0542],[10.1443,50.0627],[10.1395,50.0505],[10.1129,50.0515],[10.0944,50.0467],[10.0824,50.0531],[10.0925,50.0438],[10.1096,50.0386],[10.1398,50.0229],[10.1376,50.0196],[10.1653,50.0312],[10.1874,50.0445],[10.1796,50.0542]]]},"properties":{"AGS":"09678132","GEN":"Geldersheim","SN_L":"09"}},
{"type":"Feature","geometry":{"type":"Polygon","coordinates":[[[10.3203,50.0295],[10.3072,50.0409],[10.2897,50.0383],[10.2854,50.0342],[10.2567,50.0301],[10.2474,50.0217],[10.2321,50.0151],[10.2352,50.0128],[10.2594,50.005],[10.2727,49.9926],[10.3059,50.005],[10.3267,50.0032],[10.3361,50.0196],[10.3203,50.0295]]]},"properties":{"AGS":"09678135","GEN":"Gochsheim","SN_L":"09"}},
{"type":"Feature","geometry":{"type":"Polygon","coordinates":[[[10.2367,49.9951],[10.2352,50.0128],[10.2321,50.0151],[10.2178,50.01],[10.1985,50.0128],[10.1865,50.0057],[10.1992,49.9911],[10.1909,49.9738],[10.2058,49.9712],[10.2122,49.9874],[10.2267,49.998],[10.2367,49.9951]]]},"properties":{"AGS":"09678136","GEN":"Grafenrheinfeld","SN_L":"09"}},
{"type":"Feature","geometry":{"type":"Polygon","coordinates":[[[10.3842,50.0146],[10.3361,50.0196],[10.3267,50.0032],[10.3059,50.005],[10.2727,49.9926],[10.285,49.9917],[10.2837,49.9796],[10.2968,49.9678],[10.3126,49.9762],[10.3473,49.9633],[10.3624,49.9535],[10.3801,49.9668],[10.3707,49.9884],[10.3886,49.998],[10.3985,50.0077],[10.3842,50.0146]]]},"properties":{"AGS":"09678138","GEN":"Grettstadt","SN_L":"09"}},
{"type":"Feature","geometry":{"type":"Polygon","coordinates":[[[10.2837,49.9796],[10.2559,49.9783],[10.239,49.9702],[10.2443,49.9537],[10.231,49.9498],[10.2097,49.951],[10.2035,49.9343],[10.1811,49.934],[10.189,49.9038],[10.1892,49.8921],[10.211,49.8964],[10.2064,49.9063],[10.2259,49.9158],[10.2371,49.8941],[10.2486,49.8814],[10.2834,49.8916],[10.2798,49.9058],[10.3047,49.9151],[10.3099,49.9205],[10.3074,49.9517],[10.2968,49.9678],[10.2837,49.9796]]]},"properties":{"AGS":"09678150","GEN":"Kolitzheim","SN_L":"09"}},
{"type":"Feature","geometry":{"type":"Polygon","coordinates":[[[10.2029,50.0792],[10.1646,50.0827],[10.133,50.0712],[10.1443,50.0627],[10.1796,50.0542],[10.1872,50.0545],[10.2004,50.0716],[10.2029,50.0792]]]},"properties":{"AGS":"09678160","GEN":"Niederwerrn","SN_L":"09"}},
{"type":"Feature","geometry":{"type":"Polygon","coordinates":[[[10.2029,50.0792],[10.1939,50.1006],[10.1762,50.1064],[10.1702,50.1206],[10.1882,50.1295],[10.1895,50.1493],[10.1799,50.1539],[10.1703,50.1457],[10.1502,50.1447],[10.1397,50.1146],[10.126,50.1081],[10.0985,50.11],[10.074,50.1064],[10.0724,50.1016],[10.1087,50.0728],[10.133,50.0712],[10.1646,50.0827],[10.2029,50.0792]]]},"properties":{"AGS":"09678168","GEN":"Poppenhausen","SN_L":"09"}},
{"type":"Feature","geometry":{"type":"Polygon","coordinates":[[[10.2559,49.9783],[10.2431,49.9807],[10.2367,49.9951],[10.2267,49.998],[10.2122,49.9874],[10.2058,49.9712],[10.1909,49.9738],[10.1867,49.962],[10.1787,49.9412],[10.1811,49.934],[10.2035,49.9343],[10.2097,49.951],[10.231,49.9498],[10.2443,49.9537],[10.239,49.9702],[10.2559,49.9783]]]},"properties":{"AGS":"09678170","GEN":"Röthlein","SN_L":"09"}},
{"type":"Feature","geometry":{"type":"Polygon","coordinates":[[[10.3682,50.1338],[10.3586,50.1416],[10.3429,50.1289],[10.3401,50.11],[10.325,50.0966],[10.3,50.0916],[10.2975,50.084],[10.2831,50.0791],[10.2721,50.0878],[10.2607,50.0761],[10.2722,50.0558],[10.2897,50.0383],[10.3072,50.0409],[10.3203,50.0295],[10.3557,50.0346],[10.3624,50.0243],[10.3757,50.033],[10.3834,50.045],[10.3968,50.0432],[10.4072,50.0573],[10.4035,50.0641],[10.4238,50.0722],[10.4265,50.0833],[10.3957,50.092],[10.3801,50.0931],[10.3791,50.1027],[10.3937,50.1049],[10.4057,50.1259],[10.3947,50.1387],[10.3682,50.1338]]]},"properties":{"AGS":"09678174","GEN":"Schonungen","SN_L":"09"}},
{"type":"Feature","geometry":{"type":"Polygon","coordinates":[[[10.2727,49.9926],[10.2594,50.005],[10.2352,50.0128],[10.2367,49.9951],[10.2431,49.9807],[10.2559,49.9783],[10.2837,49.9796],[10.285,49.9917],[10.2727,49.9926]]]},"properties":{"AGS":"09678176","GEN":"Schwebheim","SN_L":"09"}},
{"type":"Feature","geometry":{"type":"Polygon","coordinates":[[[10.2722,50.0558],[10.2419,50.0403],[10.2474,50.0217],[10.2567,50.0301],[10.2854,50.0342],[10.2897,50.0383],[10.2722,50.0558]]]},"properties":{"AGS":"09678178","GEN":"Sennfeld","SN_L":"09"}},
{"type":"Feature","geometry":{"type":"Polygon","coordinates":[[[10.4228,50.2244],[10.3994,50.2223],[10.3747,50.2317],[10.3701,50.2292],[10.346,50.2105],[10.3288,50.2041],[10.331,50.1949],[10.3425,50.1875],[10.3406,50.1726],[10.3188,50.1721],[10.3284,50.1481],[10.3595,50.1529],[10.3682,50.1338],[10.3947,50.1387],[10.4225,50.1554],[10.4381,50.1858],[10.4505,50.1967],[10.4432,50.201],[10.4336,50.2212],[10.4228,50.2244]]]},"properties":{"AGS":"09678181","GEN":"Stadtlauringen","SN_L":"09"}},
{"type":"Feature","geometry":{"type":"Polygon","coordinates":[[[10.3284,50.1481],[10.3064,50.1544],[10.2769,50.1563],[10.2586,50.1495],[10.2345,50.155],[10.2261,50.1461],[10.2184,50.1273],[10.2223,50.1145],[10.2348,50.0948],[10.2374,50.079],[10.2607,50.0761],[10.2721,50.0878],[10.2831,50.0791],[10.2975,50.084],[10.3,50.0916],[10.325,50.0966],[10.3401,50.11],[10.3429,50.1289],[10.3586,50.1416],[10.3682,50.1338],[10.3595,50.1529],[10.3284,50.1481]]]},"properties":{"AGS":"09678186","GEN":"Üchtelhausen","SN_L":"09"}},
{"type":"Feature","geometry":{"type":"Polygon","coordinates":[[[10.1867,49.962],[10.1482,49.9772],[10.1087,49.9742],[10.086,49.9646],[10.0994,49.9511],[10.1209,49.9396],[10.1629,49.9316],[10.1787,49.9412],[10.1867,49.962]]]},"properties":{"AGS":"09678190","GEN":"Waigolshausen","SN_L":"09"}},
{"type":"Feature","geometry":{"type":"Polygon","coordinates":[[[10.0128,50.1086],[10.0021,50.0979],[9.9894,50.0964],[9.9822,50.0845],[9.9696,50.0845],[9.9582,50.0706],[9.964,50.0547],[9.9807,50.058],[9.9868,50.0376],[10.005,50.0325],[10.0272,50.0406],[10.0396,50.0338],[10.0501,50.0315],[10.0639,50.0406],[10.0925,50.0438],[10.0824,50.0531],[10.0707,50.0587],[10.0737,50.0694],[10.0645,50.0866],[10.0643,50.0991],[10.0456,50.1063],[10.0128,50.1086]]]},"properties":{"AGS":"09678192","GEN":"Wasserlosen","SN_L":"09"}},
{"type":"Feature","geometry":{"type":"Polygon","coordinates":[[[10.1376,50.0196],[10.1398,50.0229],[10.1096,50.0386],[10.0925,50.0438],[10.0639,50.0406],[10.0501,50.0315],[10.0396,50.0338],[10.0344,50.0196],[10.0431,50.0025],[10.0212,49.9972],[10.0084,49.9874],[10.0403,49.9887],[10.0423,49.971],[10.0309,49.9522],[10.0427,49.9523],[10.0616,49.9436],[10.0698,49.9318],[10.1061,49.9285],[10.1209,49.9396],[10.0994,49.9511],[10.086,49.9646],[10.1087,49.9742],[10.1482,49.9772],[10.1408,49.9913],[10.145,50.003],[10.1376,50.0196]]]},"properties":{"AGS":"09678193","GEN":"Werneck","SN_L":"09"}},
{"type":"Feature","geometry":{"type":"Polygon","coordinates":[[[10.4095,49.9306],[10.3994,49.9322],[10.3814,49.9213],[10.3736,49.9122],[10.3781,49.8974],[10.39,49.8912],[10.4127,49.8934],[10.4204,49.8992],[10.4126,49.9035],[10.414,49.9222],[10.4095,49.9306]]]},"properties":{"AGS":"09678122","GEN":"Dingolshausen","SN_L":"09"}},
{"type":"Feature","geometry":{"type":"Polygon","coordinates":[[[10.4039,49.9921],[10.3886,49.998],[10.3707,49.9884],[10.3801,49.9668],[10.3624,49.9535],[10.3944,49.9471],[10.3994,49.9322],[10.4095,49.9306],[10.4262,49.9327],[10.4354,49.9491],[10.4439,49.9535],[10.4482,49.9581],[10.4419,49.9658],[10.444,49.9784],[10.4187,49.9841],[10.4039,49.9921]]]},"properties":{"AGS":"09678124","GEN":"Donnersdorf","SN_L":"09"}},
{"type":"Feature","geometry":{"type":"Polygon","coordinates":[[[10.3382,49.921],[10.3228,49.9274],[10.3099,49.9205],[10.3047,49.9151],[10.2798,49.9058],[10.2834,49.8916],[10.2907,49.8901],[10.2928,49.8696],[10.3004,49.8703],[10.3057,49.8748],[10.3383,49.8743],[10.342,49.8885],[10.3228,49.8945],[10.315,49.913],[10.3382,49.921]]]},"properties":{"AGS":"09678130","GEN":"Frankenwinheim","SN_L":"09"}},
{"type":"Feature","geometry":{"type":"Polygon","coordinates":[[[10.3814,49.9213],[10.3663,49.9236],[10.3382,49.921],[10.315,49.913],[10.3228,49.8945],[10.342,49.8885],[10.3731,49.8802],[10.406,49.887],[10.4084,49.8882],[10.4127,49.8934],[10.39,49.8912],[10.3781,49.8974],[10.3736,49.9122],[10.3814,49.9213]]]},"properties":{"AGS":"09678134","GEN":"Gerolzhofen","SN_L":"09"}},
{"type":"Feature","geometry":{"type":"Polygon","coordinates":[[[10.3731,49.8802],[10.342,49.8885],[10.3383,49.8743],[10.3057,49.8748],[10.3004,49.8703],[10.3043,49.8612],[10.3297,49.8559],[10.3392,49.8661],[10.3611,49.8604],[10.3762,49.87],[10.3731,49.8802]]]},"properties":{"AGS":"09678153","GEN":"Lülsfeld","SN_L":"09"}},
{"type":"Feature","geometry":{"type":"MultiPolygon","coordinates":[[[[10.4716,49.9009],[10.4681,49.9077],[10.4699,49.9003],[10.4716,49.9009]]],[[[10.4354,49.9491],[10.4262,49.9327],[10.4095,49.9306],[10.414,49.9222],[10.4126,49.9035],[10.4204,49.8992],[10.425,49.8969],[10.4427,49.8985],[10.4506,49.9063],[10.4684,49.9084],[10.4728,49.9178],[10.46,49.9197],[10.449,49.9398],[10.4354,49.9491]]]]},"properties":{"AGS":"09678157","GEN":"Michelau i.Steigerwald","SN_L":"09"}},
{"type":"Feature","geometry":{"type":"Polygon","coordinates":[[[10.4529,49.8722],[10.4373,49.8784],[10.4237,49.8719],[10.4073,49.879],[10.406,49.887],[10.3731,49.8802],[10.3762,49.87],[10.3907,49.8646],[10.3897,49.838],[10.4185,49.8253],[10.4431,49.8207],[10.449,49.8222],[10.4611,49.8354],[10.4419,49.8462],[10.4526,49.8667],[10.4529,49.8722]],[[10.4298,49.8619],[10.4277,49.8661],[10.4402,49.8672],[10.436,49.8595],[10.4298,49.8619]]]},"properties":{"AGS":"09678164","GEN":"Oberschwarzach","SN_L":"09"}},
{"type":"Feature","geometry":{"type":"Polygon","coordinates":[[[10.3624,49.9535],[10.3473,49.9633],[10.3126,49.9762],[10.2968,49.9678],[10.3074,49.9517],[10.3099,49.9205],[10.3228,49.9274],[10.3382,49.921],[10.3663,49.9236],[10.3814,49.9213],[10.3994,49.9322],[10.3944,49.9471],[10.3624,49.9535]]]},"properties":{"AGS":"09678183","GEN":"Sulzheim","SN_L":"09"}},
{"type":"Feature","geometry":{"type":"Polygon","coordinates":[[[10.1629,49.9316],[10.1209,49.9396],[10.1061,49.9285],[10.1088,49.9118],[10.1358,49.9093],[10.152,49.9024],[10.1646,49.9088],[10.16,49.9121],[10.1629,49.9316]]]},"properties":{"AGS":"09678175","GEN":"Schwanfeld","SN_L":"09"}},
{"type":"Feature","geometry":{"type":"Polygon","coordinates":[[[10.189,49.9038],[10.1811,49.934],[10.1787,49.9412],[10.1629,49.9316],[10.16,49.9121],[10.1646,49.9088],[10.1741,49.9135],[10.189,49.9038]]]},"properties":{"AGS":"09678196","GEN":"Wipfeld","SN_L":"09"}},
{"type":"Feature","geometry":{"type":"Polygon","coordinates":[[[10.4583,49.8993],[10.4506,49.9063],[10.4427,49.8985],[10.4463,49.8911],[10.4341,49.8869],[10.425,49.8969],[10.4204,49.8992],[10.4127,49.8934],[10.4084,49.8882],[10.4275,49.8871],[10.4594,49.8788],[10.4905,49.8726],[10.5052,49.8767],[10.4937,49.8837],[10.4736,49.8861],[10.4583,49.8993]]]},"properties":{"AGS":"09678451","GEN":"Bürgerwald","SN_L":"09"}},
{"type":"Feature","geometry":{"type":"Polygon","coordinates":[[[10.4298,49.8619],[10.436,49.8595],[10.4402,49.8672],[10.4277,49.8661],[10.4298,49.8619]]]},"properties":{"AGS":"09678452","GEN":"Geiersberg","SN_L":"09"}},
{"type":"Feature","geometry":{"type":"Polygon","coordinates":[[[10.5142,49.9324],[10.4796,49.9395],[10.4543,49.9575],[10.4439,49.9535],[10.4354,49.9491],[10.449,49.9398],[10.46,49.9197],[10.4728,49.9178],[10.489,49.9251],[10.5072,49.9253],[10.5142,49.9324]]]},"properties":{"AGS":"09678453","GEN":"Hundelshausen","SN_L":"09"}},
{"type":"Feature","geometry":{"type":"Polygon","coordinates":[[[10.4427,49.8985],[10.425,49.8969],[10.4341,49.8869],[10.4463,49.8911],[10.4427,49.8985]]]},"properties":{"AGS":"09678454","GEN":"Nonnenkloster","SN_L":"09"}},
{"type":"Feature","geometry":{"type":"Polygon","coordinates":[[[10.4594,49.8788],[10.4275,49.8871],[10.4084,49.8882],[10.406,49.887],[10.4073,49.879],[10.4237,49.8719],[10.4373,49.8784],[10.4529,49.8722],[10.4594,49.8788]]]},"properties":{"AGS":"09678455","GEN":"Stollbergerforst","SN_L":"09"}},
{"type":"Feature","geometry":{"type":"Polygon","coordinates":[[[10.4506,49.9063],[10.4583,49.8993],[10.46,49.898],[10.471,49.8962],[10.4699,49.9003],[10.4681,49.9077],[10.4684,49.9084],[10.4506,49.9063]]]},"properties":{"AGS":"09678456","GEN":"Vollburg","SN_L":"09"}},
{"type":"Feature","geometry":{"type":"Polygon","coordinates":[[[10.5072,49.9253],[10.489,49.9251],[10.4728,49.9178],[10.4684,49.9084],[10.4681,49.9077],[10.4716,49.9009],[10.4991,49.8937],[10.5108,49.9083],[10.5072,49.9253]]]},"properties":{"AGS":"09678457","GEN":"Wustvieler Forst","SN_L":"09"}},
{"type":"Feature","geometry":{"type":"Polygon","coordinates":[[[9.8434,49.7674],[9.8325,49.7675],[9.808,49.7762],[9.8067,49.7664],[9.8109,49.7547],[9.8283,49.7472],[9.8485,49.7576],[9.8434,49.7674]]]},"properties":{"AGS":"09679126","GEN":"Eisingen","SN_L":"09"}},
{"type":"Feature","geometry":{"type":"Polygon","coordinates":[[[10.0332,49.6042],[10.0489,49.615],[10.0462,49.633],[10.0304,49.646],[10.0161,49.6401],[10.0072,49.663],[9.9828,49.661],[9.9789,49.6475],[9.9612,49.6401],[9.9651,49.6017],[9.9885,49.5992],[10.0332,49.6042]]]},"properties":{"AGS":"09679134","GEN":"Gaukönigshofen","SN_L":"09"}},
{"type":"Feature","geometry":{"type":"Polygon","coordinates":[[[9.9999,49.7876],[9.9889,49.7901],[9.9761,49.7836],[9.9797,49.7731],[10.0177,49.7741],[10.0207,49.7715],[10.0325,49.7768],[9.9999,49.7876]]]},"properties":{"AGS":"09679136","GEN":"Gerbrunn","SN_L":"09"}},
{"type":"Feature","geometry":{"type":"Polygon","coordinates":[[[9.9429,49.8838],[9.9287,49.8932],[9.8927,49.8925],[9.8833,49.8881],[9.875,49.8786],[9.8735,49.8598],[9.9184,49.8477],[9.9155,49.8655],[9.9232,49.875],[9.9429,49.8838]]]},"properties":{"AGS":"09679142","GEN":"Güntersleben","SN_L":"09"}},
{"type":"Feature","geometry":{"type":"Polygon","coordinates":[[[10.0698,49.9318],[10.0616,49.9436],[10.0427,49.9523],[10.0309,49.9522],[10.0141,49.9519],[10.0089,49.9373],[9.9964,49.9369],[9.9856,49.92],[9.9983,49.8999],[10.032,49.9034],[10.0532,49.9116],[10.0485,49.9221],[10.0698,49.9318]]]},"properties":{"AGS":"09679143","GEN":"Hausen b.Würzburg","SN_L":"09"}},
{"type":"Feature","geometry":{"type":"Polygon","coordinates":[[[9.8745,49.7664],[9.8903,49.7759],[9.8964,49.789],[9.8825,49.7947],[9.8821,49.7894],[9.8538,49.7826],[9.853,49.7713],[9.8434,49.7674],[9.8485,49.7576],[9.8517,49.7565],[9.8614,49.7656],[9.8745,49.7664]]]},"properties":{"AGS":"09679147","GEN":"Höchberg","SN_L":"09"}},
{"type":"Feature","geometry":{"type":"Polygon","coordinates":[[[9.8509,49.7333],[9.838,49.7291],[9.8374,49.7175],[9.8214,49.7097],[9.8318,49.7038],[9.8363,49.6842],[9.8579,49.6817],[9.8625,49.6889],[9.8534,49.6917],[9.8619,49.713],[9.8451,49.7169],[9.8509,49.7333]]]},"properties":{"AGS":"09679155","GEN":"Kleinrinderfeld","SN_L":"09"}},
{"type":"Feature","geometry":{"type":"Polygon","coordinates":[[[10.0828,49.8481],[10.0548,49.8556],[10.0297,49.8533],[10.0108,49.8397],[10.0387,49.8345],[10.0494,49.8236],[10.0653,49.8254],[10.0866,49.8373],[10.0828,49.8481]]]},"properties":{"AGS":"09679156","GEN":"Kürnach","SN_L":"09"}},
{"type":"Feature","geometry":{"type":"Polygon","coordinates":[[[9.7149,49.7391],[9.7015,49.7371],[9.6841,49.7475],[9.6562,49.7539],[9.6431,49.7499],[9.6334,49.7173],[9.6254,49.7037],[9.6325,49.6932],[9.6505,49.6881],[9.6741,49.6967],[9.6772,49.7162],[9.6959,49.7192],[9.7111,49.727],[9.7149,49.7391]]]},"properties":{"AGS":"09679164","GEN":"Neubrunn","SN_L":"09"}},
{"type":"Feature","geometry":{"type":"Polygon","coordinates":[[[10.1114,49.7235],[10.0976,49.7185],[10.0658,49.7191],[10.0561,49.725],[10.0368,49.724],[10.0333,49.7106],[10.0551,49.7137],[10.0557,49.6944],[10.0351,49.6804],[10.0231,49.6895],[9.9921,49.6891],[9.981,49.6862],[9.9885,49.6654],[9.9828,49.661],[10.0072,49.663],[10.0161,49.6401],[10.0304,49.646],[10.0462,49.633],[10.0489,49.615],[10.0332,49.6042],[10.049,49.5969],[10.0696,49.5926],[10.0825,49.6015],[10.0973,49.6181],[10.1103,49.6214],[10.0843,49.633],[10.0822,49.6474],[10.0917,49.6601],[10.1023,49.6604],[10.0896,49.6696],[10.0754,49.6678],[10.0616,49.6771],[10.0965,49.6845],[10.1008,49.7048],[10.096,49.7152],[10.1117,49.7224],[10.1114,49.7235]]]},"properties":{"AGS":"09679170","GEN":"Ochsenfurt","SN_L":"09"}},
{"type":"Feature","geometry":{"type":"Polygon","coordinates":[[[10.0207,49.7715],[10.0177,49.7741],[9.9797,49.7731],[9.9639,49.7722],[9.9845,49.7476],[9.9856,49.737],[10.0026,49.7376],[10.0368,49.724],[10.0561,49.725],[10.0508,49.7413],[10.0405,49.7466],[10.0293,49.7405],[10.0111,49.746],[10.0042,49.7577],[10.0207,49.7715]]]},"properties":{"AGS":"09679175","GEN":"Randersacker","SN_L":"09"}},
{"type":"Feature","geometry":{"type":"Polygon","coordinates":[[[9.9824,49.7134],[9.9616,49.7102],[9.9393,49.7241],[9.9356,49.735],[9.8984,49.7447],[9.8919,49.7304],[9.8731,49.7237],[9.8759,49.7155],[9.868,49.7019],[9.8746,49.697],[9.9052,49.6956],[9.9204,49.6806],[9.9575,49.6877],[9.981,49.6862],[9.9921,49.6891],[9.9901,49.7041],[9.9824,49.7134]]]},"properties":{"AGS":"09679176","GEN":"Reichenberg","SN_L":"09"}},
{"type":"Feature","geometry":{"type":"MultiPolygon","coordinates":[[[[9.9964,49.9369],[9.9885,49.9419],[9.9535,49.9386],[9.9457,49.9132],[9.9533,49.9089],[9.9856,49.92],[9.9964,49.9369]]],[[[9.9781,49.8913],[9.9603,49.8927],[9.9569,49.883],[9.9429,49.8838],[9.9232,49.875],[9.9155,49.8655],[9.9184,49.8477],[9.9199,49.8456],[9.9338,49.8353],[9.9468,49.8334],[9.9721,49.8397],[9.9877,49.8391],[9.9986,49.8465],[9.998,49.8576],[9.9895,49.8717],[9.9848,49.8881],[9.9781,49.8913]]]]},"properties":{"AGS":"09679180","GEN":"Rimpar","SN_L":"09"}},
{"type":"Feature","geometry":{"type":"Polygon","coordinates":[[[10.0653,49.8254],[10.0494,49.8236],[10.0404,49.8088],[10.0133,49.8043],[9.9999,49.7876],[10.0325,49.7768],[10.054,49.7727],[10.0642,49.777],[10.058,49.792],[10.0582,49.8051],[10.0653,49.8254]]]},"properties":{"AGS":"09679185","GEN":"Rottendorf","SN_L":"09"}},
{"type":"Feature","geometry":{"type":"Polygon","coordinates":[[[10.054,49.7727],[10.0325,49.7768],[10.0207,49.7715],[10.0042,49.7577],[10.0111,49.746],[10.0293,49.7405],[10.0405,49.7466],[10.0593,49.7598],[10.054,49.7727]]]},"properties":{"AGS":"09679193","GEN":"Theilheim","SN_L":"09"}},
{"type":"Feature","geometry":{"type":"Polygon","coordinates":[[[9.8535,49.8944],[9.8386,49.8912],[9.8376,49.8764],[9.8446,49.8626],[9.8599,49.8524],[9.8646,49.8479],[9.8735,49.8598],[9.875,49.8786],[9.8833,49.8881],[9.8535,49.8944]]]},"properties":{"AGS":"09679194","GEN":"Thüngersheim","SN_L":"09"}},
{"type":"Feature","geometry":{"type":"Polygon","coordinates":[[[9.8282,49.8726],[9.8085,49.8796],[9.7801,49.8785],[9.7638,49.8703],[9.7441,49.8436],[9.7832,49.8348],[9.8063,49.8253],[9.8259,49.8237],[9.8338,49.8263],[9.8311,49.8475],[9.8282,49.8726]]]},"properties":{"AGS":"09679200","GEN":"Leinach","SN_L":"09"}},
{"type":"Feature","geometry":{"type":"Polygon","coordinates":[[[10.0683,49.8855],[10.0466,49.8866],[10.032,49.9034],[9.9983,49.8999],[9.9781,49.8913],[9.9848,49.8881],[9.9895,49.8717],[9.9988,49.8725],[10.0242,49.8639],[10.0297,49.8533],[10.0548,49.8556],[10.0828,49.8481],[10.0822,49.8533],[10.0773,49.8527],[10.0683,49.8855]]]},"properties":{"AGS":"09679201","GEN":"Unterpleichfeld","SN_L":"09"}},
{"type":"Feature","geometry":{"type":"Polygon","coordinates":[[[9.9184,49.8477],[9.8735,49.8598],[9.8646,49.8479],[9.871,49.8241],[9.8724,49.8222],[9.8947,49.8271],[9.9072,49.8252],[9.9096,49.8441],[9.9199,49.8456],[9.9184,49.8477]]]},"properties":{"AGS":"09679202","GEN":"Veitshöchheim","SN_L":"09"}},
{"type":"Feature","geometry":{"type":"Polygon","coordinates":[[[9.8067,49.7664],[9.7999,49.7767],[9.7687,49.7718],[9.7771,49.7519],[9.7869,49.7507],[9.7862,49.7421],[9.7946,49.7422],[9.8044,49.7459],[9.8109,49.7547],[9.8067,49.7664]]]},"properties":{"AGS":"09679204","GEN":"Waldbrunn","SN_L":"09"}},
{"type":"Feature","geometry":{"type":"Polygon","coordinates":[[[9.7848,49.803],[9.7767,49.8065],[9.7506,49.802],[9.749,49.7937],[9.7572,49.7807],[9.754,49.7682],[9.7554,49.7665],[9.7687,49.7718],[9.7999,49.7767],[9.808,49.7762],[9.8325,49.7675],[9.8434,49.7674],[9.853,49.7713],[9.8538,49.7826],[9.8549,49.7988],[9.8272,49.7968],[9.8067,49.7816],[9.7845,49.7791],[9.7889,49.7963],[9.7848,49.803]]]},"properties":{"AGS":"09679205","GEN":"Waldbüttelbrunn","SN_L":"09"}},
{"type":"Feature","geometry":{"type":"Polygon","coordinates":[[[9.871,49.8241],[9.8338,49.8263],[9.8259,49.8237],[9.8549,49.7988],[9.8538,49.7826],[9.8821,49.7894],[9.8825,49.7947],[9.8724,49.8222],[9.871,49.8241]]]},"properties":{"AGS":"09679209","GEN":"Zell a.Main","SN_L":"09"}},
{"type":"Feature","geometry":{"type":"Polygon","coordinates":[[[10.0719,49.5673],[10.0402,49.5655],[10.02,49.56],[10.0069,49.5496],[10.0085,49.5463],[10.0188,49.542],[10.0082,49.5279],[10.0194,49.5217],[10.0448,49.5249],[10.0614,49.5375],[10.0614,49.5451],[10.0837,49.5436],[10.0814,49.559],[10.0719,49.5673]]]},"properties":{"AGS":"09679114","GEN":"Aub","SN_L":"09"}},
{"type":"Feature","geometry":{"type":"Polygon","coordinates":[[[10.0696,49.5926],[10.049,49.5969],[10.0369,49.5832],[9.9986,49.577],[9.9922,49.5664],[10.0069,49.5496],[10.02,49.56],[10.0402,49.5655],[10.0719,49.5673],[10.0758,49.5776],[10.0696,49.5926]]]},"properties":{"AGS":"09679135","GEN":"Gelchsheim","SN_L":"09"}},
{"type":"Feature","geometry":{"type":"Polygon","coordinates":[[[10.0332,49.6042],[9.9885,49.5992],[9.9651,49.6017],[9.9453,49.5954],[9.9424,49.5826],[9.9922,49.5664],[9.9986,49.577],[10.0369,49.5832],[10.049,49.5969],[10.0332,49.6042]]]},"properties":{"AGS":"09679188","GEN":"Sonderhofen","SN_L":"09"}},
{"type":"Feature","geometry":{"type":"Polygon","coordinates":[[[10.1061,49.9285],[10.0698,49.9318],[10.0485,49.9221],[10.0532,49.9116],[10.032,49.9034],[10.0466,49.8866],[10.0683,49.8855],[10.0981,49.8925],[10.1099,49.8889],[10.1413,49.8888],[10.152,49.9024],[10.1358,49.9093],[10.1088,49.9118],[10.1061,49.9285]]]},"properties":{"AGS":"09679117","GEN":"Bergtheim","SN_L":"09"}},
{"type":"Feature","geometry":{"type":"Polygon","coordinates":[[[10.1099,49.8889],[10.0981,49.8925],[10.0683,49.8855],[10.0773,49.8527],[10.0822,49.8533],[10.0982,49.8593],[10.1088,49.8787],[10.1099,49.8889]]]},"properties":{"AGS":"09679169","GEN":"Oberpleichfeld","SN_L":"09"}},
{"type":"Feature","geometry":{"type":"Polygon","coordinates":[[[10.0368,49.724],[10.0026,49.7376],[9.9856,49.737],[9.9916,49.7238],[10.0187,49.7107],[10.0333,49.7106],[10.0368,49.724]]]},"properties":{"AGS":"09679124","GEN":"Eibelstadt","SN_L":"09"}},
{"type":"Feature","geometry":{"type":"Polygon","coordinates":[[[10.1008,49.7048],[10.0965,49.6845],[10.0616,49.6771],[10.0754,49.6678],[10.0896,49.6696],[10.1023,49.6604],[10.1091,49.6695],[10.1334,49.6682],[10.1277,49.6868],[10.1008,49.7048]]]},"properties":{"AGS":"09679131","GEN":"Frickenhausen a.Main","SN_L":"09"}},
{"type":"Feature","geometry":{"type":"Polygon","coordinates":[[[10.0231,49.6895],[10.0351,49.6804],[10.0557,49.6944],[10.0551,49.7137],[10.0333,49.7106],[10.0187,49.7107],[10.0231,49.6895]]]},"properties":{"AGS":"09679187","GEN":"Sommerhausen","SN_L":"09"}},
{"type":"Feature","geometry":{"type":"Polygon","coordinates":[[[10.0187,49.7107],[9.9916,49.7238],[9.9856,49.737],[9.9741,49.728],[9.9858,49.7201],[9.9824,49.7134],[9.9901,49.7041],[9.9921,49.6891],[10.0231,49.6895],[10.0187,49.7107]]]},"properties":{"AGS":"09679206","GEN":"Winterhausen","SN_L":"09"}},
{"type":"Feature","geometry":{"type":"Polygon","coordinates":[[[10.0297,49.8533],[10.0242,49.8639],[9.9988,49.8725],[9.9895,49.8717],[9.998,49.8576],[9.9986,49.8465],[9.9877,49.8391],[9.9871,49.8269],[10.004,49.8193],[10.0133,49.8043],[10.0404,49.8088],[10.0494,49.8236],[10.0387,49.8345],[10.0108,49.8397],[10.0297,49.8533]]]},"properties":{"AGS":"09679130","GEN":"Estenfeld","SN_L":"09"}},
{"type":"Feature","geometry":{"type":"Polygon","coordinates":[[[10.189,49.9038],[10.1741,49.9135],[10.1646,49.9088],[10.152,49.9024],[10.1413,49.8888],[10.1448,49.8624],[10.1644,49.858],[10.1622,49.8756],[10.1683,49.8834],[10.1892,49.8921],[10.189,49.9038]]]},"properties":{"AGS":"09679167","GEN":"Eisenheim","SN_L":"09"}},
{"type":"Feature","geometry":{"type":"Polygon","coordinates":[[[10.1413,49.8888],[10.1099,49.8889],[10.1088,49.8787],[10.0982,49.8593],[10.0822,49.8533],[10.0828,49.8481],[10.0866,49.8373],[10.1221,49.8377],[10.1239,49.8487],[10.1646,49.8482],[10.1644,49.858],[10.1448,49.8624],[10.1413,49.8888]]]},"properties":{"AGS":"09679174","GEN":"Prosselsheim","SN_L":"09"}},
{"type":"Feature","geometry":{"type":"Polygon","coordinates":[[[9.9453,49.5954],[9.9348,49.5992],[9.9304,49.6112],[9.8911,49.6296],[9.8648,49.6254],[9.8704,49.6089],[9.8459,49.5979],[9.841,49.5913],[9.8485,49.5777],[9.8406,49.5745],[9.8276,49.5643],[9.8195,49.5611],[9.8115,49.5557],[9.8406,49.5507],[9.8522,49.5454],[9.8666,49.5575],[9.8646,49.5679],[9.8757,49.5786],[9.8988,49.5883],[9.9136,49.5811],[9.931,49.5748],[9.9424,49.5826],[9.9453,49.5954]]]},"properties":{"AGS":"09679122","GEN":"Bütthard","SN_L":"09"}},
{"type":"Feature","geometry":{"type":"Polygon","coordinates":[[[9.981,49.6862],[9.9575,49.6877],[9.9204,49.6806],[9.9009,49.6764],[9.892,49.6682],[9.8772,49.6653],[9.8836,49.6454],[9.9048,49.6441],[9.8911,49.6296],[9.9304,49.6112],[9.9348,49.5992],[9.9453,49.5954],[9.9651,49.6017],[9.9612,49.6401],[9.9789,49.6475],[9.9828,49.661],[9.9885,49.6654],[9.981,49.6862]]]},"properties":{"AGS":"09679138","GEN":"Giebelstadt","SN_L":"09"}},
{"type":"Feature","geometry":{"type":"Polygon","coordinates":[[[9.754,49.7682],[9.7366,49.764],[9.7302,49.7742],[9.7075,49.7751],[9.6911,49.7705],[9.6519,49.7664],[9.638,49.7539],[9.6431,49.7499],[9.6562,49.7539],[9.6841,49.7475],[9.7015,49.7371],[9.7149,49.7391],[9.7612,49.7497],[9.7554,49.7665],[9.754,49.7682]]]},"properties":{"AGS":"09679144","GEN":"Helmstadt","SN_L":"09"}},
{"type":"Feature","geometry":{"type":"Polygon","coordinates":[[[9.6974,49.7839],[9.6928,49.7899],[9.6585,49.7873],[9.6533,49.7933],[9.6487,49.7915],[9.6451,49.7774],[9.6519,49.7664],[9.6911,49.7705],[9.7075,49.7751],[9.6974,49.7839]]]},"properties":{"AGS":"09679149","GEN":"Holzkirchen","SN_L":"09"}},
{"type":"Feature","geometry":{"type":"Polygon","coordinates":[[[9.7272,49.8321],[9.6994,49.8386],[9.6843,49.8368],[9.6704,49.8343],[9.68,49.8198],[9.6696,49.8036],[9.653,49.8042],[9.6533,49.7933],[9.6585,49.7873],[9.6928,49.7899],[9.6974,49.7839],[9.7128,49.796],[9.7253,49.8136],[9.7272,49.8321]]]},"properties":{"AGS":"09679177","GEN":"Remlingen","SN_L":"09"}},
{"type":"Feature","geometry":{"type":"Polygon","coordinates":[[[9.7506,49.802],[9.7253,49.8136],[9.7128,49.796],[9.6974,49.7839],[9.7075,49.7751],[9.7302,49.7742],[9.7366,49.764],[9.754,49.7682],[9.7572,49.7807],[9.749,49.7937],[9.7506,49.802]]]},"properties":{"AGS":"09679196","GEN":"Uettingen","SN_L":"09"}},
{"type":"Feature","geometry":{"type":"Polygon","coordinates":[[[9.9204,49.6806],[9.9052,49.6956],[9.8746,49.697],[9.8625,49.6889],[9.8579,49.6817],[9.8569,49.6808],[9.8772,49.6653],[9.892,49.6682],[9.9009,49.6764],[9.9204,49.6806]]]},"properties":{"AGS":"09679137","GEN":"Geroldshausen","SN_L":"09"}},
{"type":"Feature","geometry":{"type":"Polygon","coordinates":[[[9.8772,49.6653],[9.8569,49.6808],[9.8383,49.6815],[9.8254,49.6733],[9.8275,49.6613],[9.8301,49.6517],[9.8549,49.6415],[9.8648,49.6254],[9.8911,49.6296],[9.9048,49.6441],[9.8836,49.6454],[9.8772,49.6653]]]},"properties":{"AGS":"09679153","GEN":"Kirchheim","SN_L":"09"}},
{"type":"Feature","geometry":{"type":"Polygon","coordinates":[[[9.8509,49.7333],[9.8466,49.7469],[9.8517,49.7565],[9.8485,49.7576],[9.8283,49.7472],[9.826,49.7401],[9.838,49.7291],[9.8509,49.7333]]]},"properties":{"AGS":"09679154","GEN":"Kist","SN_L":"09"}},
{"type":"Feature","geometry":{"type":"Polygon","coordinates":[[[9.7612,49.7497],[9.7149,49.7391],[9.7111,49.727],[9.7193,49.7019],[9.7306,49.6884],[9.7454,49.6919],[9.753,49.7101],[9.7685,49.719],[9.7868,49.7218],[9.7977,49.7311],[9.7993,49.7396],[9.7921,49.7411],[9.7868,49.7403],[9.7851,49.7427],[9.7765,49.7457],[9.7738,49.7487],[9.7612,49.7497]]]},"properties":{"AGS":"09679165","GEN":"Altertheim","SN_L":"09"}},
{"type":"Feature","geometry":{"type":"Polygon","coordinates":[[[9.8599,49.8524],[9.8446,49.8626],[9.8376,49.8764],[9.8282,49.8726],[9.8311,49.8475],[9.8457,49.8446],[9.8599,49.8524]]]},"properties":{"AGS":"09679128","GEN":"Erlabrunn","SN_L":"09"}},
{"type":"Feature","geometry":{"type":"Polygon","coordinates":[[[9.8646,49.8479],[9.8599,49.8524],[9.8457,49.8446],[9.8311,49.8475],[9.8338,49.8263],[9.871,49.8241],[9.8646,49.8479]]]},"properties":{"AGS":"09679161","GEN":"Margetshöchheim","SN_L":"09"}},
{"type":"Feature","geometry":{"type":"Polygon","coordinates":[[[10.0448,49.5249],[10.0194,49.5217],[10.0082,49.5279],[9.991,49.5242],[9.9885,49.5095],[10.0048,49.4954],[9.9757,49.4852],[9.9735,49.4819],[9.992,49.4864],[10.0101,49.4832],[10.022,49.4886],[10.0335,49.5037],[10.0524,49.5107],[10.0572,49.5193],[10.0448,49.5249]]]},"properties":{"AGS":"09679118","GEN":"Bieberehren","SN_L":"09"}},
{"type":"Feature","geometry":{"type":"Polygon","coordinates":[[[9.9424,49.5826],[9.931,49.5748],[9.9136,49.5811],[9.8991,49.5611],[9.9208,49.5633],[9.9208,49.5538],[9.9244,49.5382],[9.9489,49.5445],[9.9728,49.5353],[10.0085,49.5463],[10.0069,49.5496],[9.9922,49.5664],[9.9424,49.5826]]]},"properties":{"AGS":"09679179","GEN":"Riedenheim","SN_L":"09"}},
{"type":"Feature","geometry":{"type":"Polygon","coordinates":[[[10.0082,49.5279],[10.0188,49.542],[10.0085,49.5463],[9.9728,49.5353],[9.9489,49.5445],[9.9244,49.5382],[9.9235,49.5099],[9.9471,49.5162],[9.9477,49.5033],[9.9622,49.4887],[9.959,49.4839],[9.9757,49.4852],[10.0048,49.4954],[9.9885,49.5095],[9.991,49.5242],[10.0082,49.5279]]]},"properties":{"AGS":"09679182","GEN":"Röttingen","SN_L":"09"}},
{"type":"Feature","geometry":{"type":"Polygon","coordinates":[[[9.959,49.4839],[9.9622,49.4887],[9.9477,49.5033],[9.9471,49.5162],[9.9235,49.5099],[9.9137,49.4933],[9.9266,49.4848],[9.9546,49.4807],[9.959,49.4839]]]},"properties":{"AGS":"09679192","GEN":"Tauberrettersheim","SN_L":"09"}},
{"type":"Feature","geometry":{"type":"Polygon","coordinates":[[[9.7441,49.8436],[9.7272,49.8321],[9.7253,49.8136],[9.7506,49.802],[9.7767,49.8065],[9.7848,49.803],[9.8013,49.8146],[9.8063,49.8253],[9.7832,49.8348],[9.7441,49.8436]]]},"properties":{"AGS":"09679141","GEN":"Greußenheim","SN_L":"09"}},
{"type":"Feature","geometry":{"type":"Polygon","coordinates":[[[9.8259,49.8237],[9.8063,49.8253],[9.8013,49.8146],[9.7848,49.803],[9.7889,49.7963],[9.7845,49.7791],[9.8067,49.7816],[9.8272,49.7968],[9.8549,49.7988],[9.8259,49.8237]]]},"properties":{"AGS":"09679146","GEN":"Hettstadt","SN_L":"09"}},
{"type":"Feature","geometry":{"type":"Polygon","coordinates":[[[9.9535,49.9386],[9.9394,49.9489],[9.9134,49.9333],[9.9202,49.9026],[9.9287,49.8932],[9.9429,49.8838],[9.9569,49.883],[9.9603,49.8927],[9.9781,49.8913],[9.9983,49.8999],[9.9856,49.92],[9.9533,49.9089],[9.9457,49.9132],[9.9535,49.9386]]]},"properties":{"AGS":"09679451","GEN":"Gramschatzer Wald","SN_L":"09"}},
{"type":"Feature","geometry":{"type":"MultiPolygon","coordinates":[[[[9.8579,49.6817],[9.8363,49.6842],[9.8383,49.6815],[9.8569,49.6808],[9.8579,49.6817]]],[[[9.8984,49.7447],[9.8876,49.7444],[9.8768,49.7531],[9.8963,49.7674],[9.8745,49.7664],[9.8614,49.7656],[9.8517,49.7565],[9.8466,49.7469],[9.8509,49.7333],[9.8451,49.7169],[9.8619,49.713],[9.8534,49.6917],[9.8625,49.6889],[9.8746,49.697],[9.868,49.7019],[9.8759,49.7155],[9.8731,49.7237],[9.8919,49.7304],[9.8984,49.7447]]]]},"properties":{"AGS":"09679452","GEN":"Guttenberger Wald","SN_L":"09"}},
{"type":"Feature","geometry":{"type":"MultiPolygon","coordinates":[[[[9.8067,49.7664],[9.808,49.7762],[9.7999,49.7767],[9.8067,49.7664]]],[[[9.8109,49.7547],[9.8044,49.7459],[9.7946,49.7422],[9.7862,49.7421],[9.7869,49.7507],[9.7771,49.7519],[9.7687,49.7718],[9.7554,49.7665],[9.7612,49.7497],[9.7738,49.7487],[9.7765,49.7457],[9.7851,49.7427],[9.7868,49.7403],[9.7921,49.7411],[9.7993,49.7396],[9.7977,49.7311],[9.7965,49.7207],[9.8214,49.7097],[9.8374,49.7175],[9.838,49.7291],[9.826,49.7401],[9.8283,49.7472],[9.8109,49.7547]]]]},"properties":{"AGS":"09679453","GEN":"Irtenberger Wald","SN_L":"09"}},
{"type":"Feature","geometry":{"type":"Polygon","coordinates":[[[10.8933,48.4584],[10.8841,48.4584],[10.8899,48.4346],[10.8887,48.4127],[10.8674,48.4048],[10.8552,48.4075],[10.8475,48.4071],[10.8408,48.3855],[10.8324,48.3789],[10.8459,48.3805],[10.8576,48.3695],[10.8507,48.3541],[10.8201,48.3421],[10.8045,48.3507],[10.7948,48.3364],[10.7907,48.3186],[10.7657,48.3073],[10.7666,48.2967],[10.7841,48.2981],[10.8043,48.291],[10.8115,48.2996],[10.865,48.2916],[10.8737,48.2933],[10.9016,48.2941],[10.8979,48.2812],[10.9108,48.2583],[10.922,48.2673],[10.9405,48.2672],[10.9449,48.2809],[10.9452,48.2922],[10.9548,48.3069],[10.9482,48.3151],[10.9507,48.3266],[10.9581,48.336],[10.9507,48.3634],[10.9577,48.3796],[10.9347,48.4135],[10.9143,48.4355],[10.9014,48.4538],[10.8933,48.4584]]]},"properties":{"AGS":"09761000","GEN":"Augsburg","SN_L":"09"}},
{"type":"Feature","geometry":{"type":"Polygon","coordinates":[[[10.653,47.902],[10.6439,47.9177],[10.6293,47.9218],[10.6024,47.9033],[10.591,47.8967],[10.5749,47.8957],[10.5731,47.8871],[10.5534,47.8849],[10.5704,47.8764],[10.5666,47.8594],[10.5762,47.8601],[10.6001,47.8495],[10.6175,47.853],[10.6308,47.8473],[10.6427,47.8511],[10.657,47.8412],[10.66,47.8597],[10.6531,47.8779],[10.6611,47.8836],[10.653,47.902]]]},"properties":{"AGS":"09762000","GEN":"Kaufbeuren","SN_L":"09"}},
{"type":"Feature","geometry":{"type":"Polygon","coordinates":[[[10.3403,47.7682],[10.3234,47.7714],[10.2955,47.7678],[10.2884,47.7779],[10.2714,47.7709],[10.237,47.7704],[10.2342,47.7626],[10.2614,47.7509],[10.2638,47.7247],[10.249,47.7143],[10.2859,47.697],[10.2895,47.7011],[10.3184,47.6952],[10.3417,47.7131],[10.373,47.7137],[10.3677,47.7169],[10.3673,47.7379],[10.377,47.7567],[10.3699,47.763],[10.3403,47.7682]]]},"properties":{"AGS":"09763000","GEN":"Kempten (Allgäu)","SN_L":"09"}},
{"type":"Feature","geometry":{"type":"Polygon","coordinates":[[[10.2304,48.0423],[10.2298,48.0474],[10.2119,48.0445],[10.1911,48.0314],[10.169,48.0235],[10.1357,48.0238],[10.1324,48.0154],[10.1408,48.0139],[10.157,47.9976],[10.1528,47.989],[10.134,47.9846],[10.1302,47.9718],[10.145,47.9644],[10.129,47.9581],[10.1153,47.9643],[10.115,47.9763],[10.1053,47.9746],[10.0875,47.9684],[10.0876,47.9502],[10.1101,47.9371],[10.1371,47.9204],[10.1584,47.9166],[10.159,47.9221],[10.1802,47.9303],[10.1895,47.9386],[10.1877,47.9508],[10.198,47.9564],[10.1999,47.9769],[10.2082,47.981],[10.2022,47.9966],[10.2159,48.0085],[10.2265,48.011],[10.2241,48.0317],[10.2304,48.0423]]]},"properties":{"AGS":"09764000","GEN":"Memmingen","SN_L":"09"}},
{"type":"Feature","geometry":{"type":"Polygon","coordinates":[[[11.0206,48.4711],[11.0059,48.4683],[10.9995,48.4784],[10.9687,48.4777],[10.9643,48.4812],[10.9478,48.4704],[10.8933,48.4584],[10.9014,48.4538],[10.9143,48.4355],[10.9347,48.4135],[10.9831,48.4307],[10.9943,48.4225],[11.0146,48.4269],[11.0176,48.4349],[11.0124,48.4484],[11.0304,48.46],[11.0206,48.4711]]]},"properties":{"AGS":"09771112","GEN":"Affing","SN_L":"09"}},
{"type":"Feature","geometry":{"type":"Polygon","coordinates":[[[11.2067,48.4756],[11.1918,48.4726],[11.1805,48.4796],[11.1625,48.4802],[11.1428,48.4954],[11.1275,48.5023],[11.1139,48.4869],[11.0929,48.4819],[11.0785,48.4693],[11.0462,48.458],[11.0304,48.46],[11.0124,48.4484],[11.0176,48.4349],[11.0369,48.4395],[11.0723,48.4291],[11.0868,48.421],[11.0731,48.4109],[11.0691,48.4005],[11.1086,48.4004],[11.1482,48.3983],[11.1495,48.409],[11.1782,48.4175],[11.1989,48.4202],[11.2143,48.4305],[11.195,48.4362],[11.2009,48.4427],[11.1978,48.4562],[11.2067,48.4756]]]},"properties":{"AGS":"09771113","GEN":"Aichach","SN_L":"09"}},
{"type":"Feature","geometry":{"type":"Polygon","coordinates":[[[11.0146,48.4269],[10.9943,48.4225],[10.9831,48.4307],[10.9347,48.4135],[10.9577,48.3796],[10.9507,48.3634],[10.9581,48.336],[10.9507,48.3266],[10.9571,48.3321],[10.9754,48.332],[10.9847,48.3177],[11.0203,48.3196],[11.0229,48.2977],[11.0574,48.3067],[11.072,48.317],[11.0539,48.3509],[11.0703,48.3558],[11.0777,48.3577],[11.0491,48.3735],[11.0181,48.379],[11.0111,48.3901],[11.0106,48.4063],[11.0203,48.4163],[11.0146,48.4269]]]},"properties":{"AGS":"09771130","GEN":"Friedberg","SN_L":"09"}},
{"type":"Feature","geometry":{"type":"Polygon","coordinates":[[[11.1139,48.4869],[11.1029,48.5017],[11.0735,48.5037],[11.0726,48.5121],[11.0594,48.5204],[11.0525,48.5227],[11.0345,48.4983],[11.0177,48.4764],[11.0206,48.4711],[11.0304,48.46],[11.0462,48.458],[11.0785,48.4693],[11.0929,48.4819],[11.1139,48.4869]]]},"properties":{"AGS":"09771140","GEN":"Hollenbach","SN_L":"09"}},
{"type":"Feature","geometry":{"type":"Polygon","coordinates":[[[11.1452,48.5398],[11.1048,48.5406],[11.0911,48.5512],[11.0644,48.5468],[11.0643,48.5261],[11.0594,48.5204],[11.0726,48.5121],[11.0735,48.5037],[11.1029,48.5017],[11.1139,48.4869],[11.1275,48.5023],[11.1448,48.5155],[11.1452,48.5398]]]},"properties":{"AGS":"09771141","GEN":"Inchenhofen","SN_L":"09"}},
{"type":"Feature","geometry":{"type":"Polygon","coordinates":[[[11.0229,48.2977],[11.0203,48.3196],[10.9847,48.3177],[10.9754,48.332],[10.9571,48.3321],[10.9507,48.3266],[10.9482,48.3151],[10.9548,48.3069],[10.9452,48.2922],[10.9449,48.2809],[10.9875,48.2822],[10.9982,48.2869],[11.012,48.2879],[11.0229,48.2977]]]},"properties":{"AGS":"09771142","GEN":"Kissing","SN_L":"09"}},
{"type":"Feature","geometry":{"type":"Polygon","coordinates":[[[10.9405,48.2672],[10.922,48.2673],[10.9108,48.2583],[10.9107,48.2512],[10.9312,48.2506],[10.9659,48.2239],[10.9819,48.2247],[10.9988,48.2302],[11.031,48.2311],[11.0386,48.2223],[11.0402,48.236],[11.0572,48.2412],[11.0571,48.2504],[11.0446,48.2547],[11.0245,48.245],[10.9936,48.2584],[10.9776,48.2498],[10.9615,48.2513],[10.9583,48.2652],[10.9405,48.2672]]]},"properties":{"AGS":"09771145","GEN":"Merching","SN_L":"09"}},
{"type":"Feature","geometry":{"type":"Polygon","coordinates":[[[10.9385,48.5054],[10.9174,48.5051],[10.8707,48.4948],[10.8772,48.4842],[10.8834,48.4612],[10.8841,48.4584],[10.8933,48.4584],[10.9478,48.4704],[10.9643,48.4812],[10.9678,48.4922],[10.952,48.5023],[10.9385,48.5054]]]},"properties":{"AGS":"09771158","GEN":"Rehling","SN_L":"09"}},
{"type":"Feature","geometry":{"type":"Polygon","coordinates":[[[11.072,48.317],[11.0574,48.3067],[11.0229,48.2977],[11.012,48.2879],[10.9982,48.2869],[11.0109,48.2779],[11.0347,48.2797],[11.0424,48.275],[11.0619,48.2742],[11.078,48.2784],[11.0962,48.2603],[11.1168,48.2685],[11.1139,48.2977],[11.1257,48.3055],[11.1209,48.3146],[11.096,48.307],[11.072,48.317]]]},"properties":{"AGS":"09771160","GEN":"Ried","SN_L":"09"}},
{"type":"Feature","geometry":{"type":"Polygon","coordinates":[[[10.9957,48.5492],[10.987,48.5497],[10.9591,48.5444],[10.9376,48.5342],[10.9492,48.5197],[10.9385,48.5054],[10.952,48.5023],[10.9678,48.4922],[10.9643,48.4812],[10.9687,48.4777],[10.9995,48.4784],[11.0059,48.4683],[11.0206,48.4711],[11.0177,48.4764],[11.0345,48.4983],[11.0156,48.4971],[11.0057,48.5091],[10.9839,48.5097],[10.9944,48.5267],[10.9846,48.5436],[10.9957,48.5492]]]},"properties":{"AGS":"09771114","GEN":"Aindling","SN_L":"09"}},
{"type":"Feature","geometry":{"type":"Polygon","coordinates":[[[11.0525,48.5227],[11.0319,48.5286],[11.0261,48.5376],[11.0292,48.5515],[10.9957,48.5492],[10.9846,48.5436],[10.9944,48.5267],[10.9839,48.5097],[11.0057,48.5091],[11.0156,48.4971],[11.0345,48.4983],[11.0525,48.5227]]]},"properties":{"AGS":"09771155","GEN":"Petersdorf","SN_L":"09"}},
{"type":"Feature","geometry":{"type":"Polygon","coordinates":[[[10.9376,48.5342],[10.9072,48.5401],[10.8998,48.5348],[10.8716,48.5312],[10.8643,48.506],[10.8707,48.4948],[10.9174,48.5051],[10.9385,48.5054],[10.9492,48.5197],[10.9376,48.5342]]]},"properties":{"AGS":"09771169","GEN":"Todtenweis","SN_L":"09"}},
{"type":"Feature","geometry":{"type":"Polygon","coordinates":[[[11.2031,48.5304],[11.1519,48.548],[11.1452,48.5398],[11.1448,48.5155],[11.1275,48.5023],[11.1428,48.4954],[11.1625,48.4802],[11.1805,48.4796],[11.1918,48.4726],[11.2067,48.4756],[11.2211,48.4789],[11.248,48.4773],[11.2486,48.4859],[11.2204,48.491],[11.2101,48.5003],[11.2109,48.5136],[11.2031,48.5304]]]},"properties":{"AGS":"09771144","GEN":"Kühbach","SN_L":"09"}},
{"type":"Feature","geometry":{"type":"Polygon","coordinates":[[[11.248,48.4773],[11.2211,48.4789],[11.2067,48.4756],[11.1978,48.4562],[11.2009,48.4427],[11.195,48.4362],[11.2143,48.4305],[11.2394,48.4307],[11.2565,48.4405],[11.3117,48.4523],[11.3013,48.4527],[11.2954,48.4746],[11.2586,48.4734],[11.248,48.4773]]]},"properties":{"AGS":"09771162","GEN":"Schiltberg","SN_L":"09"}},
{"type":"Feature","geometry":{"type":"Polygon","coordinates":[[[11.1365,48.3741],[11.1102,48.357],[11.0777,48.3577],[11.0703,48.3558],[11.0832,48.3459],[11.1101,48.341],[11.1643,48.3436],[11.1711,48.3544],[11.1659,48.3685],[11.1365,48.3741]]]},"properties":{"AGS":"09771111","GEN":"Adelzhausen","SN_L":"09"}},
{"type":"Feature","geometry":{"type":"Polygon","coordinates":[[[11.0777,48.3577],[11.1102,48.357],[11.1365,48.3741],[11.1419,48.3775],[11.136,48.393],[11.1096,48.3941],[11.1086,48.4004],[11.0691,48.4005],[11.0731,48.4109],[11.0565,48.4116],[11.0424,48.4171],[11.0203,48.4163],[11.0106,48.4063],[11.0111,48.3901],[11.0181,48.379],[11.0491,48.3735],[11.0777,48.3577]]]},"properties":{"AGS":"09771122","GEN":"Dasing","SN_L":"09"}},
{"type":"Feature","geometry":{"type":"Polygon","coordinates":[[[11.1643,48.3436],[11.1101,48.341],[11.0832,48.3459],[11.0703,48.3558],[11.0539,48.3509],[11.072,48.317],[11.096,48.307],[11.1209,48.3146],[11.1282,48.3232],[11.1598,48.3264],[11.1667,48.343],[11.1643,48.3436]]]},"properties":{"AGS":"09771129","GEN":"Eurasburg","SN_L":"09"}},
{"type":"Feature","geometry":{"type":"Polygon","coordinates":[[[11.0731,48.4109],[11.0868,48.421],[11.0723,48.4291],[11.0369,48.4395],[11.0176,48.4349],[11.0146,48.4269],[11.0203,48.4163],[11.0424,48.4171],[11.0565,48.4116],[11.0731,48.4109]]]},"properties":{"AGS":"09771149","GEN":"Obergriesbach","SN_L":"09"}},
{"type":"Feature","geometry":{"type":"Polygon","coordinates":[[[11.1782,48.4175],[11.1495,48.409],[11.1482,48.3983],[11.1086,48.4004],[11.1096,48.3941],[11.136,48.393],[11.1419,48.3775],[11.1365,48.3741],[11.1659,48.3685],[11.1838,48.3663],[11.197,48.3849],[11.1782,48.4175]]]},"properties":{"AGS":"09771165","GEN":"Sielenbach","SN_L":"09"}},
{"type":"Feature","geometry":{"type":"Polygon","coordinates":[[[11.0619,48.2742],[11.0424,48.275],[11.0347,48.2797],[11.0109,48.2779],[10.9982,48.2869],[10.9875,48.2822],[10.9449,48.2809],[10.9405,48.2672],[10.9583,48.2652],[10.9615,48.2513],[10.9776,48.2498],[10.9936,48.2584],[11.0245,48.245],[11.0446,48.2547],[11.0634,48.2549],[11.0619,48.2742]]]},"properties":{"AGS":"09771146","GEN":"Mering","SN_L":"09"}},
{"type":"Feature","geometry":{"type":"Polygon","coordinates":[[[10.9819,48.2247],[10.9659,48.2239],[10.9312,48.2506],[10.9107,48.2512],[10.9034,48.2367],[10.9281,48.2346],[10.9332,48.2247],[10.947,48.2197],[10.9457,48.2053],[10.961,48.1989],[10.982,48.2098],[10.9819,48.2247]]]},"properties":{"AGS":"09771163","GEN":"Schmiechen","SN_L":"09"}},
{"type":"Feature","geometry":{"type":"Polygon","coordinates":[[[11.0386,48.2223],[11.031,48.2311],[10.9988,48.2302],[10.9819,48.2247],[10.982,48.2098],[11.0252,48.1985],[11.0345,48.193],[11.0592,48.1961],[11.0605,48.2007],[11.0572,48.2123],[11.0386,48.2223]]]},"properties":{"AGS":"09771168","GEN":"Steindorf","SN_L":"09"}},
{"type":"Feature","geometry":{"type":"Polygon","coordinates":[[[11.1216,48.5945],[11.12,48.6075],[11.09,48.6018],[11.0709,48.6038],[11.0507,48.6012],[11.023,48.6202],[11.0032,48.6093],[10.9908,48.6026],[10.984,48.5871],[11.0062,48.5809],[11.0049,48.5652],[10.9774,48.5638],[10.9779,48.552],[10.987,48.5497],[10.9957,48.5492],[11.0292,48.5515],[11.0261,48.5376],[11.0319,48.5286],[11.0525,48.5227],[11.0594,48.5204],[11.0643,48.5261],[11.0644,48.5468],[11.0911,48.5512],[11.1048,48.5406],[11.1452,48.5398],[11.1519,48.548],[11.134,48.5495],[11.129,48.5613],[11.1553,48.5618],[11.1656,48.5794],[11.1549,48.5939],[11.1459,48.5921],[11.1216,48.5945]]]},"properties":{"AGS":"09771156","GEN":"Pöttmes","SN_L":"09"}},
{"type":"Feature","geometry":{"type":"Polygon","coordinates":[[[10.9774,48.5638],[11.0049,48.5652],[11.0062,48.5809],[10.984,48.5871],[10.9908,48.6026],[10.9516,48.6016],[10.9295,48.5965],[10.9239,48.587],[10.9366,48.5698],[10.9619,48.575],[10.9774,48.5638]]]},"properties":{"AGS":"09771176","GEN":"Baar (Schwaben)","SN_L":"09"}},
{"type":"Feature","geometry":{"type":"Polygon","coordinates":[[[10.7409,48.4366],[10.7053,48.4331],[10.6854,48.4369],[10.6825,48.4349],[10.6888,48.421],[10.6968,48.4174],[10.7162,48.4159],[10.7326,48.4083],[10.7404,48.4153],[10.7458,48.4254],[10.7409,48.4366]]]},"properties":{"AGS":"09772111","GEN":"Adelsried","SN_L":"09"}},
{"type":"Feature","geometry":{"type":"Polygon","coordinates":[[[10.6388,48.4966],[10.6227,48.4993],[10.6134,48.4924],[10.5884,48.493],[10.5845,48.4859],[10.5552,48.4748],[10.5456,48.481],[10.5284,48.4714],[10.5333,48.4681],[10.5337,48.4484],[10.5422,48.4285],[10.536,48.4259],[10.5531,48.4194],[10.5752,48.4267],[10.5869,48.4349],[10.5879,48.4431],[10.609,48.4485],[10.6203,48.4513],[10.6455,48.4808],[10.6424,48.49],[10.6388,48.4966]]]},"properties":{"AGS":"09772115","GEN":"Altenmünster","SN_L":"09"}},
{"type":"Feature","geometry":{"type":"Polygon","coordinates":[[[10.758,48.3921],[10.7628,48.3967],[10.7944,48.4019],[10.7976,48.4183],[10.7404,48.4153],[10.7326,48.4083],[10.7448,48.3966],[10.758,48.3921]]]},"properties":{"AGS":"09772117","GEN":"Aystetten","SN_L":"09"}},
{"type":"Feature","geometry":{"type":"Polygon","coordinates":[[[10.8533,48.5062],[10.8355,48.512],[10.8226,48.5279],[10.8227,48.5427],[10.8009,48.5473],[10.7733,48.5349],[10.7514,48.5117],[10.7453,48.4913],[10.7269,48.4919],[10.7087,48.4852],[10.7296,48.4815],[10.7349,48.4693],[10.7512,48.4729],[10.771,48.4794],[10.7913,48.492],[10.8102,48.4927],[10.812,48.5011],[10.8314,48.498],[10.8533,48.5062]]]},"properties":{"AGS":"09772121","GEN":"Biberbach","SN_L":"09"}},
{"type":"Feature","geometry":{"type":"Polygon","coordinates":[[[10.8737,48.2933],[10.865,48.2916],[10.8115,48.2996],[10.8043,48.291],[10.7841,48.2981],[10.7666,48.2967],[10.7657,48.3073],[10.7599,48.304],[10.7358,48.2844],[10.7353,48.2721],[10.7193,48.271],[10.712,48.2595],[10.672,48.2597],[10.6723,48.2545],[10.6832,48.2455],[10.7074,48.2416],[10.7125,48.2536],[10.7605,48.251],[10.7937,48.2688],[10.8107,48.2573],[10.8172,48.2599],[10.8403,48.2489],[10.8551,48.2452],[10.8737,48.2933]]]},"properties":{"AGS":"09772125","GEN":"Bobingen","SN_L":"09"}},
{"type":"Feature","geometry":{"type":"Polygon","coordinates":[[[10.758,48.3921],[10.7448,48.3966],[10.7329,48.3883],[10.7436,48.3825],[10.7127,48.3579],[10.7366,48.35],[10.7556,48.3282],[10.7451,48.307],[10.7599,48.304],[10.7657,48.3073],[10.7907,48.3186],[10.7948,48.3364],[10.8045,48.3507],[10.7976,48.3668],[10.7722,48.3793],[10.7701,48.3788],[10.758,48.3921]]]},"properties":{"AGS":"09772130","GEN":"Diedorf","SN_L":"09"}},
{"type":"Feature","geometry":{"type":"Polygon","coordinates":[[[10.6546,48.3768],[10.6476,48.3837],[10.6245,48.3754],[10.6041,48.3752],[10.5988,48.3611],[10.5698,48.3589],[10.5698,48.3718],[10.5391,48.3756],[10.5195,48.3725],[10.5125,48.336],[10.499,48.3301],[10.5009,48.328],[10.5365,48.3209],[10.5377,48.3126],[10.5559,48.3212],[10.5866,48.3085],[10.5832,48.2928],[10.5993,48.2881],[10.6355,48.2966],[10.6313,48.3006],[10.6206,48.301],[10.6217,48.3206],[10.6152,48.3333],[10.6337,48.3349],[10.6519,48.3432],[10.6553,48.3551],[10.6683,48.3651],[10.6546,48.3768]]]},"properties":{"AGS":"09772131","GEN":"Dinkelscherben","SN_L":"09"}},
{"type":"Feature","geometry":{"type":"Polygon","coordinates":[[[10.6854,48.3224],[10.6653,48.3183],[10.6472,48.3128],[10.6313,48.3006],[10.6355,48.2966],[10.5993,48.2881],[10.5986,48.2776],[10.6093,48.2784],[10.6328,48.269],[10.6341,48.2599],[10.6242,48.2502],[10.6618,48.2459],[10.6723,48.2545],[10.672,48.2597],[10.6832,48.2751],[10.6758,48.2829],[10.6849,48.3066],[10.6922,48.3153],[10.6854,48.3224]]]},"properties":{"AGS":"09772141","GEN":"Fischach","SN_L":"09"}},
{"type":"Feature","geometry":{"type":"Polygon","coordinates":[[[10.771,48.4794],[10.7512,48.4729],[10.767,48.4617],[10.7646,48.4505],[10.7921,48.4458],[10.7983,48.4386],[10.8304,48.4343],[10.8621,48.4423],[10.8688,48.4556],[10.8592,48.4674],[10.8294,48.4694],[10.8225,48.4743],[10.7859,48.4727],[10.771,48.4794]]]},"properties":{"AGS":"09772145","GEN":"Gablingen","SN_L":"09"}},
{"type":"Feature","geometry":{"type":"Polygon","coordinates":[[[10.8552,48.4075],[10.8674,48.4048],[10.8887,48.4127],[10.8899,48.4346],[10.8841,48.4584],[10.8834,48.4612],[10.8688,48.4556],[10.8621,48.4423],[10.8304,48.4343],[10.7983,48.4386],[10.7921,48.4458],[10.7646,48.4505],[10.7529,48.445],[10.7409,48.4366],[10.7458,48.4254],[10.7404,48.4153],[10.7976,48.4183],[10.8547,48.4142],[10.8552,48.4075]]]},"properties":{"AGS":"09772147","GEN":"Gersthofen","SN_L":"09"}},
{"type":"Feature","geometry":{"type":"Polygon","coordinates":[[[10.8275,48.2069],[10.7977,48.2057],[10.8031,48.1808],[10.8287,48.1784],[10.8728,48.1786],[10.8771,48.193],[10.8693,48.1977],[10.8275,48.2069]]]},"properties":{"AGS":"09772149","GEN":"Graben","SN_L":"09"}},
{"type":"Feature","geometry":{"type":"Polygon","coordinates":[[[10.7326,48.4083],[10.7162,48.4159],[10.6968,48.4174],[10.6854,48.4055],[10.6689,48.4143],[10.6359,48.4082],[10.637,48.3968],[10.6301,48.39],[10.6476,48.3837],[10.6546,48.3768],[10.6906,48.3771],[10.7146,48.3873],[10.7436,48.3825],[10.7329,48.3883],[10.7448,48.3966],[10.7326,48.4083]]]},"properties":{"AGS":"09772159","GEN":"Horgau","SN_L":"09"}},
{"type":"Feature","geometry":{"type":"Polygon","coordinates":[[[10.9108,48.2583],[10.8979,48.2812],[10.9016,48.2941],[10.8737,48.2933],[10.8551,48.2452],[10.8724,48.2368],[10.9034,48.2367],[10.9107,48.2512],[10.9108,48.2583]]]},"properties":{"AGS":"09772163","GEN":"Königsbrunn","SN_L":"09"}},
{"type":"Feature","geometry":{"type":"Polygon","coordinates":[[[10.7436,48.3825],[10.7146,48.3873],[10.6906,48.3771],[10.6546,48.3768],[10.6683,48.3651],[10.6553,48.3551],[10.6519,48.3432],[10.6631,48.3371],[10.6653,48.3183],[10.6854,48.3224],[10.6934,48.3319],[10.7262,48.3354],[10.7127,48.3579],[10.7436,48.3825]]]},"properties":{"AGS":"09772167","GEN":"Kutzenhausen","SN_L":"09"}},
{"type":"Feature","geometry":{"type":"Polygon","coordinates":[[[10.8533,48.5062],[10.8314,48.498],[10.812,48.5011],[10.8102,48.4927],[10.7913,48.492],[10.771,48.4794],[10.7859,48.4727],[10.8225,48.4743],[10.8294,48.4694],[10.8592,48.4674],[10.8688,48.4556],[10.8834,48.4612],[10.8772,48.4842],[10.8707,48.4948],[10.8643,48.506],[10.8533,48.5062]]]},"properties":{"AGS":"09772171","GEN":"Langweid a.Lech","SN_L":"09"}},
{"type":"Feature","geometry":{"type":"Polygon","coordinates":[[[10.8716,48.5312],[10.8735,48.5408],[10.8701,48.5763],[10.8715,48.5878],[10.8522,48.5862],[10.8563,48.5575],[10.8287,48.5543],[10.8108,48.5543],[10.7933,48.5651],[10.7808,48.5626],[10.764,48.5565],[10.7658,48.5414],[10.7733,48.5349],[10.8009,48.5473],[10.8227,48.5427],[10.8226,48.5279],[10.8355,48.512],[10.8533,48.5062],[10.8643,48.506],[10.8716,48.5312]]]},"properties":{"AGS":"09772177","GEN":"Meitingen","SN_L":"09"}},
{"type":"Feature","geometry":{"type":"Polygon","coordinates":[[[10.8552,48.4075],[10.8547,48.4142],[10.7976,48.4183],[10.7944,48.4019],[10.7628,48.3967],[10.758,48.3921],[10.7701,48.3788],[10.7722,48.3793],[10.7976,48.3668],[10.812,48.3657],[10.8269,48.3708],[10.8324,48.3789],[10.8408,48.3855],[10.8475,48.4071],[10.8552,48.4075]]]},"properties":{"AGS":"09772184","GEN":"Neusäß","SN_L":"09"}},
{"type":"Feature","geometry":{"type":"Polygon","coordinates":[[[10.7977,48.2057],[10.772,48.2132],[10.7317,48.221],[10.7025,48.2289],[10.6832,48.2295],[10.6627,48.2236],[10.6634,48.1928],[10.6711,48.1736],[10.6847,48.1725],[10.6958,48.1777],[10.7052,48.1704],[10.7249,48.1674],[10.7356,48.1714],[10.7474,48.1605],[10.7575,48.1676],[10.78,48.1664],[10.8031,48.1808],[10.7977,48.2057]]]},"properties":{"AGS":"09772200","GEN":"Schwabmünchen","SN_L":"09"}},
{"type":"Feature","geometry":{"type":"Polygon","coordinates":[[[10.8045,48.3507],[10.8201,48.3421],[10.8507,48.3541],[10.8576,48.3695],[10.8459,48.3805],[10.8324,48.3789],[10.8269,48.3708],[10.812,48.3657],[10.7976,48.3668],[10.8045,48.3507]]]},"properties":{"AGS":"09772202","GEN":"Stadtbergen","SN_L":"09"}},
{"type":"Feature","geometry":{"type":"Polygon","coordinates":[[[10.8873,48.5993],[10.8752,48.6],[10.8715,48.5878],[10.8701,48.5763],[10.8735,48.5408],[10.8716,48.5312],[10.8998,48.5348],[10.9072,48.5401],[10.9376,48.5342],[10.9591,48.5444],[10.987,48.5497],[10.9779,48.552],[10.9774,48.5638],[10.9619,48.575],[10.9366,48.5698],[10.9239,48.587],[10.9152,48.5841],[10.8873,48.5993]]]},"properties":{"AGS":"09772207","GEN":"Thierhaupten","SN_L":"09"}},
{"type":"Feature","geometry":{"type":"Polygon","coordinates":[[[10.8403,48.2489],[10.8172,48.2599],[10.8107,48.2573],[10.7937,48.2688],[10.7605,48.251],[10.7922,48.239],[10.8284,48.2306],[10.8368,48.2296],[10.8403,48.2489]]]},"properties":{"AGS":"09772215","GEN":"Wehringen","SN_L":"09"}},
{"type":"Feature","geometry":{"type":"Polygon","coordinates":[[[10.609,48.4485],[10.5879,48.4431],[10.5869,48.4349],[10.5752,48.4267],[10.5531,48.4194],[10.536,48.4259],[10.5183,48.4176],[10.5055,48.411],[10.5355,48.404],[10.5485,48.3966],[10.5258,48.3899],[10.513,48.3742],[10.5195,48.3725],[10.5391,48.3756],[10.5698,48.3718],[10.5698,48.3589],[10.5988,48.3611],[10.6041,48.3752],[10.6245,48.3754],[10.6476,48.3837],[10.6301,48.39],[10.637,48.3968],[10.6359,48.4082],[10.6689,48.4143],[10.6854,48.4055],[10.6968,48.4174],[10.6888,48.421],[10.6825,48.4349],[10.6667,48.4384],[10.6531,48.4315],[10.6428,48.4419],[10.609,48.4485]]]},"properties":{"AGS":"09772223","GEN":"Zusmarshausen","SN_L":"09"}},
{"type":"Feature","geometry":{"type":"Polygon","coordinates":[[[10.8447,48.6067],[10.8418,48.6292],[10.8422,48.635],[10.8243,48.625],[10.7794,48.6189],[10.7857,48.6082],[10.7925,48.6028],[10.8171,48.6027],[10.8447,48.6067]]]},"properties":{"AGS":"09772114","GEN":"Allmannshofen","SN_L":"09"}},
{"type":"Feature","geometry":{"type":"Polygon","coordinates":[[[10.8171,48.6027],[10.7925,48.6028],[10.7857,48.6082],[10.7649,48.5983],[10.7706,48.5815],[10.7864,48.5854],[10.7973,48.5706],[10.8157,48.5743],[10.8075,48.5916],[10.8171,48.6027]]]},"properties":{"AGS":"09772134","GEN":"Ehingen","SN_L":"09"}},
{"type":"Feature","geometry":{"type":"Polygon","coordinates":[[[10.8774,48.6382],[10.8502,48.6346],[10.8418,48.6292],[10.8447,48.6067],[10.8542,48.5912],[10.849,48.5861],[10.8522,48.5862],[10.8715,48.5878],[10.8752,48.6],[10.8873,48.5993],[10.8788,48.6174],[10.8837,48.623],[10.8801,48.6376],[10.8774,48.6382]]]},"properties":{"AGS":"09772136","GEN":"Ellgau","SN_L":"09"}},
{"type":"Feature","geometry":{"type":"Polygon","coordinates":[[[10.8157,48.5743],[10.7973,48.5706],[10.7864,48.5854],[10.7706,48.5815],[10.7691,48.5769],[10.7808,48.5626],[10.7933,48.5651],[10.8108,48.5543],[10.8287,48.5543],[10.8243,48.5754],[10.8157,48.5743]]]},"properties":{"AGS":"09772166","GEN":"Kühlenthal","SN_L":"09"}},
{"type":"Feature","geometry":{"type":"Polygon","coordinates":[[[10.8447,48.6067],[10.8171,48.6027],[10.8075,48.5916],[10.8157,48.5743],[10.8243,48.5754],[10.8309,48.5835],[10.849,48.5861],[10.8542,48.5912],[10.8447,48.6067]]]},"properties":{"AGS":"09772185","GEN":"Nordendorf","SN_L":"09"}},
{"type":"Feature","geometry":{"type":"Polygon","coordinates":[[[10.8287,48.5543],[10.8563,48.5575],[10.8522,48.5862],[10.849,48.5861],[10.8309,48.5835],[10.8243,48.5754],[10.8287,48.5543]]]},"properties":{"AGS":"09772217","GEN":"Westendorf","SN_L":"09"}},
{"type":"Feature","geometry":{"type":"Polygon","coordinates":[[[10.6866,48.4531],[10.6854,48.4369],[10.7053,48.4331],[10.7409,48.4366],[10.7529,48.445],[10.7134,48.4473],[10.6939,48.4523],[10.6866,48.4531]]]},"properties":{"AGS":"09772126","GEN":"Bonstetten","SN_L":"09"}},
{"type":"Feature","geometry":{"type":"Polygon","coordinates":[[[10.7006,48.4805],[10.7016,48.4897],[10.6746,48.4986],[10.6603,48.4984],[10.6424,48.49],[10.6455,48.4808],[10.6688,48.4727],[10.6873,48.4583],[10.6866,48.4531],[10.6939,48.4523],[10.6927,48.4788],[10.7006,48.4805]]]},"properties":{"AGS":"09772137","GEN":"Emersacker","SN_L":"09"}},
{"type":"Feature","geometry":{"type":"Polygon","coordinates":[[[10.7512,48.4729],[10.7349,48.4693],[10.7296,48.4815],[10.7087,48.4852],[10.7006,48.4805],[10.6927,48.4788],[10.6939,48.4523],[10.7134,48.4473],[10.7529,48.445],[10.7646,48.4505],[10.767,48.4617],[10.7512,48.4729]]]},"properties":{"AGS":"09772156","GEN":"Heretsried","SN_L":"09"}},
{"type":"Feature","geometry":{"type":"Polygon","coordinates":[[[10.6866,48.4531],[10.6873,48.4583],[10.6688,48.4727],[10.6455,48.4808],[10.6203,48.4513],[10.609,48.4485],[10.6428,48.4419],[10.6531,48.4315],[10.6667,48.4384],[10.6825,48.4349],[10.6854,48.4369],[10.6866,48.4531]]]},"properties":{"AGS":"09772216","GEN":"Welden","SN_L":"09"}},
{"type":"Feature","geometry":{"type":"Polygon","coordinates":[[[10.7127,48.3579],[10.7262,48.3354],[10.6934,48.3319],[10.6854,48.3224],[10.6922,48.3153],[10.6849,48.3066],[10.6758,48.2829],[10.6832,48.2751],[10.672,48.2597],[10.712,48.2595],[10.7193,48.271],[10.7353,48.2721],[10.7358,48.2844],[10.7599,48.304],[10.7451,48.307],[10.7556,48.3282],[10.7366,48.35],[10.7127,48.3579]]]},"properties":{"AGS":"09772148","GEN":"Gessertshausen","SN_L":"09"}},
{"type":"Feature","geometry":{"type":"Polygon","coordinates":[[[10.6653,48.3183],[10.6631,48.3371],[10.6519,48.3432],[10.6337,48.3349],[10.6152,48.3333],[10.6217,48.3206],[10.6206,48.301],[10.6313,48.3006],[10.6472,48.3128],[10.6653,48.3183]]]},"properties":{"AGS":"09772211","GEN":"Ustersbach","SN_L":"09"}},
{"type":"Feature","geometry":{"type":"Polygon","coordinates":[[[10.6242,48.2502],[10.6341,48.2599],[10.6328,48.269],[10.6093,48.2784],[10.5986,48.2776],[10.5822,48.2717],[10.5712,48.2538],[10.5712,48.244],[10.5929,48.2468],[10.6125,48.2435],[10.6242,48.2502]]]},"properties":{"AGS":"09772168","GEN":"Langenneufnach","SN_L":"09"}},
{"type":"Feature","geometry":{"type":"Polygon","coordinates":[[[10.6242,48.2502],[10.6125,48.2435],[10.6152,48.23],[10.6002,48.2152],[10.6,48.2073],[10.6141,48.1976],[10.6269,48.1949],[10.6295,48.2098],[10.659,48.218],[10.6598,48.2237],[10.6499,48.2333],[10.6618,48.2459],[10.6242,48.2502]]]},"properties":{"AGS":"09772178","GEN":"Mickhausen","SN_L":"09"}},
{"type":"Feature","geometry":{"type":"Polygon","coordinates":[[[10.6269,48.1949],[10.6141,48.1976],[10.6,48.2073],[10.5916,48.2064],[10.5789,48.2025],[10.5873,48.1865],[10.5491,48.1791],[10.5439,48.1731],[10.5672,48.1746],[10.5684,48.167],[10.6001,48.1661],[10.6094,48.16],[10.6275,48.1656],[10.6272,48.1763],[10.6181,48.1881],[10.6269,48.1949]]]},"properties":{"AGS":"09772179","GEN":"Mittelneufnach","SN_L":"09"}},
{"type":"Feature","geometry":{"type":"Polygon","coordinates":[[[10.6711,48.1736],[10.6634,48.1928],[10.6627,48.2236],[10.6598,48.2237],[10.659,48.218],[10.6295,48.2098],[10.6269,48.1949],[10.6181,48.1881],[10.6272,48.1763],[10.6275,48.1656],[10.6445,48.1658],[10.6711,48.1736]]]},"properties":{"AGS":"09772197","GEN":"Scherstetten","SN_L":"09"}},
{"type":"Feature","geometry":{"type":"Polygon","coordinates":[[[10.6125,48.2435],[10.5929,48.2468],[10.5712,48.244],[10.5601,48.2356],[10.5622,48.2197],[10.5736,48.2121],[10.5916,48.2064],[10.6,48.2073],[10.6002,48.2152],[10.6152,48.23],[10.6125,48.2435]]]},"properties":{"AGS":"09772214","GEN":"Walkertshofen","SN_L":"09"}},
{"type":"Feature","geometry":{"type":"Polygon","coordinates":[[[10.6723,48.2545],[10.6618,48.2459],[10.6499,48.2333],[10.6598,48.2237],[10.6627,48.2236],[10.6832,48.2295],[10.7025,48.2289],[10.7317,48.221],[10.772,48.2132],[10.7977,48.2057],[10.8275,48.2069],[10.8218,48.2222],[10.8284,48.2306],[10.7922,48.239],[10.7605,48.251],[10.7125,48.2536],[10.7074,48.2416],[10.6832,48.2455],[10.6723,48.2545]]]},"properties":{"AGS":"09772151","GEN":"Großaitingen","SN_L":"09"}},
{"type":"Feature","geometry":{"type":"Polygon","coordinates":[[[10.8979,48.2118],[10.8877,48.2212],[10.8368,48.2296],[10.8284,48.2306],[10.8218,48.2222],[10.8275,48.2069],[10.8693,48.1977],[10.8771,48.193],[10.8728,48.1786],[10.8754,48.1781],[10.8775,48.1886],[10.8905,48.1911],[10.8979,48.2118]]]},"properties":{"AGS":"09772160","GEN":"Kleinaitingen","SN_L":"09"}},
{"type":"Feature","geometry":{"type":"Polygon","coordinates":[[[10.8551,48.2452],[10.8403,48.2489],[10.8368,48.2296],[10.8877,48.2212],[10.8979,48.2118],[10.9034,48.2367],[10.8724,48.2368],[10.8551,48.2452]]]},"properties":{"AGS":"09772186","GEN":"Oberottmarshausen","SN_L":"09"}},
{"type":"Feature","geometry":{"type":"Polygon","coordinates":[[[10.8242,48.1504],[10.8486,48.1475],[10.8482,48.1586],[10.8273,48.162],[10.8242,48.1504]]]},"properties":{"AGS":"09772162","GEN":"Klosterlechfeld","SN_L":"09"}},
{"type":"Feature","geometry":{"type":"Polygon","coordinates":[[[10.8728,48.1786],[10.8287,48.1784],[10.8031,48.1808],[10.78,48.1664],[10.7865,48.1501],[10.8242,48.1504],[10.8273,48.162],[10.8482,48.1586],[10.8673,48.1647],[10.8754,48.1781],[10.8728,48.1786]]]},"properties":{"AGS":"09772209","GEN":"Untermeitingen","SN_L":"09"}},
{"type":"Feature","geometry":{"type":"Polygon","coordinates":[[[10.7474,48.1605],[10.7356,48.1714],[10.7249,48.1674],[10.7052,48.1704],[10.6958,48.1777],[10.6847,48.1725],[10.6959,48.1641],[10.6855,48.1487],[10.7012,48.145],[10.6848,48.1294],[10.7195,48.1327],[10.7331,48.1397],[10.7474,48.1605]]]},"properties":{"AGS":"09772157","GEN":"Hiltenfingen","SN_L":"09"}},
{"type":"Feature","geometry":{"type":"Polygon","coordinates":[[[10.78,48.1664],[10.7575,48.1676],[10.7474,48.1605],[10.7331,48.1397],[10.7195,48.1327],[10.6848,48.1294],[10.6931,48.0954],[10.7018,48.0979],[10.7342,48.1011],[10.751,48.1104],[10.7665,48.0933],[10.8015,48.1042],[10.7884,48.126],[10.7928,48.1323],[10.7865,48.1501],[10.78,48.1664]]]},"properties":{"AGS":"09772170","GEN":"Langerringen","SN_L":"09"}},
{"type":"Feature","geometry":{"type":"Polygon","coordinates":[[[10.5377,48.3126],[10.5365,48.3209],[10.5009,48.328],[10.5045,48.316],[10.5377,48.3126]]]},"properties":{"AGS":"09772451","GEN":"Schmellerforst","SN_L":"09"}},
{"type":"Feature","geometry":{"type":"Polygon","coordinates":[[[10.6584,48.7322],[10.6502,48.7374],[10.6141,48.738],[10.6,48.7466],[10.5765,48.7453],[10.5422,48.7523],[10.5315,48.7517],[10.5133,48.7397],[10.5019,48.7231],[10.5059,48.7155],[10.4898,48.6989],[10.5007,48.6967],[10.5188,48.7024],[10.5484,48.7035],[10.5518,48.6931],[10.5687,48.684],[10.5765,48.6807],[10.5934,48.6815],[10.5991,48.6901],[10.6222,48.6936],[10.6266,48.6883],[10.6449,48.6905],[10.6515,48.6985],[10.6584,48.7264],[10.6584,48.7322]]]},"properties":{"AGS":"09773117","GEN":"Bissingen","SN_L":"09"}},
{"type":"Feature","geometry":{"type":"Polygon","coordinates":[[[10.7363,48.6635],[10.7361,48.6483],[10.7105,48.6605],[10.6992,48.6509],[10.6994,48.6362],[10.6935,48.6213],[10.6716,48.6213],[10.6522,48.6099],[10.6368,48.5982],[10.6625,48.5848],[10.6953,48.5812],[10.7097,48.5769],[10.7334,48.5799],[10.7425,48.5759],[10.7691,48.5769],[10.7706,48.5815],[10.7649,48.5983],[10.7857,48.6082],[10.7794,48.6189],[10.7681,48.6328],[10.7451,48.6366],[10.7473,48.6627],[10.7363,48.6635]]]},"properties":{"AGS":"09773122","GEN":"Buttenwiesen","SN_L":"09"}},
{"type":"Feature","geometry":{"type":"Polygon","coordinates":[[[10.5148,48.6115],[10.4874,48.6085],[10.4814,48.6199],[10.4653,48.6119],[10.4645,48.5972],[10.4415,48.5941],[10.4469,48.5808],[10.4766,48.5717],[10.4716,48.5623],[10.4795,48.5472],[10.4951,48.5444],[10.4944,48.537],[10.508,48.5401],[10.5236,48.5351],[10.5434,48.5358],[10.5653,48.5416],[10.5841,48.5439],[10.5888,48.5504],[10.6106,48.5525],[10.6258,48.5668],[10.6125,48.5914],[10.5748,48.588],[10.5506,48.6079],[10.5148,48.6115]]]},"properties":{"AGS":"09773125","GEN":"Dillingen a.d.Donau","SN_L":"09"}},
{"type":"Feature","geometry":{"type":"Polygon","coordinates":[[[10.4415,48.5941],[10.4203,48.5971],[10.3898,48.6077],[10.3962,48.5922],[10.3902,48.5875],[10.3568,48.595],[10.3678,48.5832],[10.3812,48.5746],[10.3964,48.573],[10.4015,48.559],[10.3952,48.5419],[10.4086,48.5223],[10.424,48.5212],[10.4363,48.53],[10.4839,48.5398],[10.4892,48.5368],[10.4944,48.537],[10.4951,48.5444],[10.4795,48.5472],[10.4716,48.5623],[10.4766,48.5717],[10.4469,48.5808],[10.4415,48.5941]]]},"properties":{"AGS":"09773144","GEN":"Lauingen (Donau)","SN_L":"09"}},
{"type":"Feature","geometry":{"type":"Polygon","coordinates":[[[10.3076,48.5508],[10.3008,48.5451],[10.3032,48.5298],[10.312,48.5229],[10.3304,48.5222],[10.3428,48.5341],[10.3397,48.5472],[10.3296,48.5504],[10.3076,48.5508]]]},"properties":{"AGS":"09773113","GEN":"Bächingen a.d.Brenz","SN_L":"09"}},
{"type":"Feature","geometry":{"type":"Polygon","coordinates":[[[10.3678,48.5832],[10.3633,48.5809],[10.3386,48.5544],[10.3296,48.5504],[10.3397,48.5472],[10.3428,48.5341],[10.3304,48.5222],[10.312,48.5229],[10.2963,48.5169],[10.2782,48.5161],[10.3059,48.4852],[10.3239,48.4798],[10.3348,48.4865],[10.3732,48.4958],[10.3875,48.4923],[10.3986,48.5076],[10.3976,48.519],[10.4086,48.5223],[10.3952,48.5419],[10.4015,48.559],[10.3964,48.573],[10.3812,48.5746],[10.3678,48.5832]]]},"properties":{"AGS":"09773136","GEN":"Gundelfingen a.d.Donau","SN_L":"09"}},
{"type":"Feature","geometry":{"type":"Polygon","coordinates":[[[10.3745,48.629],[10.3454,48.6247],[10.3385,48.6125],[10.3249,48.6039],[10.3344,48.5955],[10.3454,48.5862],[10.3633,48.5809],[10.3678,48.5832],[10.3568,48.595],[10.3902,48.5875],[10.3962,48.5922],[10.3898,48.6077],[10.3812,48.6189],[10.3869,48.6249],[10.3745,48.629]]]},"properties":{"AGS":"09773137","GEN":"Haunsheim","SN_L":"09"}},
{"type":"Feature","geometry":{"type":"Polygon","coordinates":[[[10.3189,48.604],[10.2971,48.6038],[10.2931,48.5898],[10.3063,48.5818],[10.3143,48.5556],[10.3076,48.5508],[10.3296,48.5504],[10.3386,48.5544],[10.3633,48.5809],[10.3454,48.5862],[10.3344,48.5955],[10.3189,48.604]]]},"properties":{"AGS":"09773153","GEN":"Medlingen","SN_L":"09"}},
{"type":"Feature","geometry":{"type":"Polygon","coordinates":[[[10.3286,48.6602],[10.3122,48.6532],[10.3171,48.6405],[10.2965,48.6336],[10.2978,48.6242],[10.3231,48.6091],[10.3189,48.604],[10.3344,48.5955],[10.3249,48.6039],[10.3385,48.6125],[10.3454,48.6247],[10.3745,48.629],[10.3767,48.6409],[10.3612,48.6532],[10.3515,48.6587],[10.3286,48.6602]]]},"properties":{"AGS":"09773112","GEN":"Bachhagel","SN_L":"09"}},
{"type":"Feature","geometry":{"type":"Polygon","coordinates":[[[10.3286,48.6602],[10.3016,48.6643],[10.2989,48.6763],[10.2904,48.682],[10.271,48.6852],[10.2562,48.6798],[10.2624,48.6725],[10.2544,48.6641],[10.2595,48.6549],[10.2805,48.6468],[10.28,48.6405],[10.2965,48.6336],[10.3171,48.6405],[10.3122,48.6532],[10.3286,48.6602]]]},"properties":{"AGS":"09773170","GEN":"Syrgenstein","SN_L":"09"}},
{"type":"Feature","geometry":{"type":"Polygon","coordinates":[[[10.3193,48.6889],[10.2924,48.6926],[10.2825,48.701],[10.2687,48.7035],[10.271,48.6852],[10.2904,48.682],[10.2989,48.6763],[10.3016,48.6643],[10.3286,48.6602],[10.3515,48.6587],[10.3474,48.6791],[10.3303,48.6907],[10.3193,48.6889]]]},"properties":{"AGS":"09773187","GEN":"Zöschingen","SN_L":"09"}},
{"type":"Feature","geometry":{"type":"Polygon","coordinates":[[[10.4814,48.6199],[10.4946,48.6352],[10.4802,48.6431],[10.4789,48.6527],[10.4657,48.6534],[10.465,48.6705],[10.4492,48.6652],[10.4106,48.661],[10.4175,48.6326],[10.4467,48.6282],[10.449,48.6205],[10.4653,48.6119],[10.4814,48.6199]]]},"properties":{"AGS":"09773147","GEN":"Mödingen","SN_L":"09"}},
{"type":"Feature","geometry":{"type":"Polygon","coordinates":[[[10.4175,48.6326],[10.3994,48.6322],[10.3869,48.6249],[10.3812,48.6189],[10.3898,48.6077],[10.4203,48.5971],[10.4415,48.5941],[10.4645,48.5972],[10.4653,48.6119],[10.449,48.6205],[10.4467,48.6282],[10.4175,48.6326]]]},"properties":{"AGS":"09773183","GEN":"Wittislingen","SN_L":"09"}},
{"type":"Feature","geometry":{"type":"Polygon","coordinates":[[[10.4106,48.661],[10.4371,48.6948],[10.4089,48.6988],[10.3917,48.6856],[10.3894,48.6672],[10.3669,48.6623],[10.3612,48.6532],[10.3767,48.6409],[10.3745,48.629],[10.3869,48.6249],[10.3994,48.6322],[10.4175,48.6326],[10.4106,48.661]]]},"properties":{"AGS":"09773186","GEN":"Ziertheim","SN_L":"09"}},
{"type":"Feature","geometry":{"type":"Polygon","coordinates":[[[10.6266,48.6883],[10.6222,48.6936],[10.5991,48.6901],[10.5934,48.6815],[10.5765,48.6807],[10.5858,48.6775],[10.5848,48.6568],[10.5954,48.6449],[10.5914,48.6369],[10.6149,48.6223],[10.6285,48.5946],[10.6327,48.5966],[10.6368,48.5982],[10.6522,48.6099],[10.6212,48.653],[10.624,48.6631],[10.6177,48.6796],[10.6221,48.6849],[10.6266,48.6883]]]},"properties":{"AGS":"09773119","GEN":"Blindheim","SN_L":"09"}},
{"type":"Feature","geometry":{"type":"Polygon","coordinates":[[[10.5765,48.6807],[10.5687,48.684],[10.5623,48.666],[10.5657,48.6352],[10.5406,48.6332],[10.5423,48.6413],[10.525,48.6423],[10.5329,48.6304],[10.5174,48.6199],[10.5148,48.6115],[10.5506,48.6079],[10.5748,48.588],[10.6125,48.5914],[10.6285,48.5946],[10.6149,48.6223],[10.5914,48.6369],[10.5954,48.6449],[10.5848,48.6568],[10.5858,48.6775],[10.5765,48.6807]]]},"properties":{"AGS":"09773139","GEN":"Höchstädt a.d.Donau","SN_L":"09"}},
{"type":"Feature","geometry":{"type":"Polygon","coordinates":[[[10.5687,48.684],[10.5518,48.6931],[10.5484,48.7035],[10.5188,48.7024],[10.5007,48.6967],[10.5181,48.6841],[10.5199,48.6705],[10.5145,48.6622],[10.525,48.6423],[10.5423,48.6413],[10.5406,48.6332],[10.5657,48.6352],[10.5623,48.666],[10.5687,48.684]]]},"properties":{"AGS":"09773146","GEN":"Lutzingen","SN_L":"09"}},
{"type":"Feature","geometry":{"type":"Polygon","coordinates":[[[10.5007,48.6967],[10.4898,48.6989],[10.4873,48.6967],[10.4812,48.6821],[10.465,48.6705],[10.4657,48.6534],[10.4789,48.6527],[10.4802,48.6431],[10.4946,48.6352],[10.4814,48.6199],[10.4874,48.6085],[10.5148,48.6115],[10.5174,48.6199],[10.5329,48.6304],[10.525,48.6423],[10.5145,48.6622],[10.5199,48.6705],[10.5181,48.6841],[10.5007,48.6967]]]},"properties":{"AGS":"09773150","GEN":"Finningen","SN_L":"09"}},
{"type":"Feature","geometry":{"type":"Polygon","coordinates":[[[10.6992,48.6509],[10.6628,48.6575],[10.6465,48.6738],[10.6221,48.6849],[10.6177,48.6796],[10.624,48.6631],[10.6212,48.653],[10.6522,48.6099],[10.6716,48.6213],[10.6935,48.6213],[10.6994,48.6362],[10.6992,48.6509]]]},"properties":{"AGS":"09773164","GEN":"Schwenningen","SN_L":"09"}},
{"type":"Feature","geometry":{"type":"Polygon","coordinates":[[[10.6358,48.5496],[10.6519,48.55],[10.6583,48.5691],[10.6355,48.587],[10.6327,48.5966],[10.6285,48.5946],[10.6125,48.5914],[10.6258,48.5668],[10.6106,48.5525],[10.6194,48.543],[10.6358,48.5496]]]},"properties":{"AGS":"09773116","GEN":"Binswangen","SN_L":"09"}},
{"type":"Feature","geometry":{"type":"Polygon","coordinates":[[[10.7514,48.5117],[10.7255,48.5274],[10.7186,48.5394],[10.7077,48.5428],[10.6785,48.5352],[10.6718,48.5207],[10.6616,48.5098],[10.6603,48.4984],[10.6746,48.4986],[10.7016,48.4897],[10.7006,48.4805],[10.7087,48.4852],[10.7269,48.4919],[10.7453,48.4913],[10.7514,48.5117]]]},"properties":{"AGS":"09773143","GEN":"Laugna","SN_L":"09"}},
{"type":"Feature","geometry":{"type":"Polygon","coordinates":[[[10.5841,48.5439],[10.5653,48.5416],[10.5824,48.5239],[10.5699,48.515],[10.5725,48.5007],[10.5884,48.493],[10.6134,48.4924],[10.6227,48.4993],[10.6388,48.4966],[10.6411,48.506],[10.6077,48.5273],[10.6051,48.5356],[10.5841,48.5439]]]},"properties":{"AGS":"09773179","GEN":"Villenbach","SN_L":"09"}},
{"type":"Feature","geometry":{"type":"Polygon","coordinates":[[[10.7691,48.5769],[10.7425,48.5759],[10.7334,48.5799],[10.7097,48.5769],[10.6953,48.5812],[10.6625,48.5848],[10.6368,48.5982],[10.6327,48.5966],[10.6355,48.587],[10.6583,48.5691],[10.6519,48.55],[10.6358,48.5496],[10.6288,48.5423],[10.6446,48.5345],[10.6602,48.532],[10.6718,48.5207],[10.6785,48.5352],[10.7077,48.5428],[10.7186,48.5394],[10.7255,48.5274],[10.7514,48.5117],[10.7733,48.5349],[10.7658,48.5414],[10.764,48.5565],[10.7808,48.5626],[10.7691,48.5769]]]},"properties":{"AGS":"09773182","GEN":"Wertingen","SN_L":"09"}},
{"type":"Feature","geometry":{"type":"Polygon","coordinates":[[[10.6358,48.5496],[10.6194,48.543],[10.6106,48.5525],[10.5888,48.5504],[10.5841,48.5439],[10.6051,48.5356],[10.6077,48.5273],[10.6411,48.506],[10.6388,48.4966],[10.6424,48.49],[10.6603,48.4984],[10.6616,48.5098],[10.6718,48.5207],[10.6602,48.532],[10.6446,48.5345],[10.6288,48.5423],[10.6358,48.5496]]]},"properties":{"AGS":"09773188","GEN":"Zusamaltheim","SN_L":"09"}},
{"type":"Feature","geometry":{"type":"Polygon","coordinates":[[[10.4892,48.5368],[10.4839,48.5398],[10.4363,48.53],[10.424,48.5212],[10.4222,48.5162],[10.4279,48.4825],[10.4456,48.4844],[10.4603,48.4798],[10.4747,48.4881],[10.4677,48.5027],[10.474,48.5081],[10.474,48.5342],[10.487,48.5364],[10.4892,48.5368]]]},"properties":{"AGS":"09773111","GEN":"Aislingen","SN_L":"09"}},
{"type":"Feature","geometry":{"type":"Polygon","coordinates":[[[10.487,48.5364],[10.474,48.5342],[10.474,48.5081],[10.4677,48.5027],[10.4747,48.4881],[10.4898,48.4866],[10.4981,48.4764],[10.5185,48.4739],[10.5054,48.4886],[10.5001,48.5064],[10.4872,48.5217],[10.487,48.5364]]]},"properties":{"AGS":"09773133","GEN":"Glött","SN_L":"09"}},
{"type":"Feature","geometry":{"type":"Polygon","coordinates":[[[10.5884,48.493],[10.5725,48.5007],[10.5699,48.515],[10.5824,48.5239],[10.5653,48.5416],[10.5434,48.5358],[10.5236,48.5351],[10.508,48.5401],[10.4944,48.537],[10.4892,48.5368],[10.487,48.5364],[10.4872,48.5217],[10.5001,48.5064],[10.5054,48.4886],[10.5185,48.4739],[10.5284,48.4714],[10.5456,48.481],[10.5552,48.4748],[10.5845,48.4859],[10.5884,48.493]]]},"properties":{"AGS":"09773140","GEN":"Holzheim","SN_L":"09"}},
{"type":"Feature","geometry":{"type":"Polygon","coordinates":[[[10.4394,48.2871],[10.4045,48.2805],[10.4116,48.2728],[10.4242,48.2418],[10.4197,48.22],[10.4327,48.221],[10.4398,48.21],[10.4426,48.206],[10.4702,48.2074],[10.4775,48.2148],[10.4583,48.2292],[10.4633,48.2493],[10.4677,48.264],[10.456,48.2688],[10.4525,48.2803],[10.4394,48.2871]]]},"properties":{"AGS":"09774116","GEN":"Ursberg","SN_L":"09"}},
{"type":"Feature","geometry":{"type":"Polygon","coordinates":[[[10.2225,48.4136],[10.2099,48.4113],[10.2049,48.4309],[10.1811,48.4398],[10.1804,48.4264],[10.1669,48.4211],[10.1725,48.4104],[10.165,48.4053],[10.1655,48.3886],[10.1835,48.3851],[10.1842,48.3734],[10.2067,48.3659],[10.2261,48.3684],[10.2372,48.3795],[10.2312,48.3879],[10.2443,48.3927],[10.2329,48.4014],[10.2395,48.4132],[10.2225,48.4136]]]},"properties":{"AGS":"09774119","GEN":"Bibertal","SN_L":"09"}},
{"type":"Feature","geometry":{"type":"Polygon","coordinates":[[[10.3894,48.4637],[10.387,48.4472],[10.3604,48.4422],[10.3531,48.4345],[10.3371,48.4411],[10.3288,48.4234],[10.34,48.4107],[10.3616,48.4211],[10.3686,48.4137],[10.4015,48.4038],[10.4104,48.4076],[10.4321,48.4184],[10.4273,48.4287],[10.4169,48.446],[10.3894,48.4637]]]},"properties":{"AGS":"09774121","GEN":"Burgau","SN_L":"09"}},
{"type":"Feature","geometry":{"type":"Polygon","coordinates":[[[10.513,48.3742],[10.4896,48.3701],[10.4669,48.3701],[10.4235,48.3572],[10.4159,48.3496],[10.3958,48.3515],[10.3875,48.3347],[10.4042,48.3231],[10.4066,48.3252],[10.4582,48.3248],[10.499,48.3301],[10.5125,48.336],[10.5195,48.3725],[10.513,48.3742]]]},"properties":{"AGS":"09774122","GEN":"Burtenbach","SN_L":"09"}},
{"type":"Feature","geometry":{"type":"Polygon","coordinates":[[[10.2652,48.5192],[10.2308,48.5105],[10.2347,48.5053],[10.2375,48.5002],[10.2414,48.492],[10.2255,48.4886],[10.2251,48.4812],[10.2398,48.4608],[10.2447,48.4424],[10.257,48.4437],[10.2671,48.4284],[10.2818,48.4229],[10.2848,48.4191],[10.3288,48.4234],[10.3371,48.4411],[10.324,48.4615],[10.3137,48.4673],[10.3239,48.4798],[10.3059,48.4852],[10.2782,48.5161],[10.2652,48.5192]]]},"properties":{"AGS":"09774135","GEN":"Günzburg","SN_L":"09"}},
{"type":"Feature","geometry":{"type":"Polygon","coordinates":[[[10.5183,48.4176],[10.5133,48.4266],[10.4987,48.4283],[10.4863,48.4187],[10.4674,48.4207],[10.4321,48.4184],[10.4104,48.4076],[10.4088,48.3801],[10.3957,48.3771],[10.3916,48.3662],[10.3958,48.3515],[10.4159,48.3496],[10.4235,48.3572],[10.4669,48.3701],[10.4896,48.3701],[10.513,48.3742],[10.5258,48.3899],[10.5485,48.3966],[10.5355,48.404],[10.5055,48.411],[10.5183,48.4176]]]},"properties":{"AGS":"09774144","GEN":"Jettingen-Scheppach","SN_L":"09"}},
{"type":"Feature","geometry":{"type":"Polygon","coordinates":[[[10.4104,48.4076],[10.4015,48.4038],[10.3686,48.4137],[10.3616,48.4211],[10.34,48.4107],[10.3366,48.3998],[10.3376,48.3729],[10.3271,48.3597],[10.3215,48.3521],[10.3436,48.3469],[10.3432,48.3343],[10.3575,48.321],[10.3875,48.3347],[10.3958,48.3515],[10.3916,48.3662],[10.3957,48.3771],[10.4088,48.3801],[10.4104,48.4076]]]},"properties":{"AGS":"09774145","GEN":"Kammeltal","SN_L":"09"}},
{"type":"Feature","geometry":{"type":"Polygon","coordinates":[[[10.4045,48.2805],[10.3871,48.2722],[10.361,48.2843],[10.3466,48.2732],[10.3493,48.2582],[10.3325,48.2441],[10.3388,48.2238],[10.3324,48.2194],[10.3343,48.2152],[10.3502,48.2052],[10.3519,48.2036],[10.3622,48.2048],[10.3634,48.2094],[10.4187,48.2186],[10.4197,48.22],[10.4242,48.2418],[10.4116,48.2728],[10.4045,48.2805]]]},"properties":{"AGS":"09774150","GEN":"Krumbach (Schwaben)","SN_L":"09"}},
{"type":"Feature","geometry":{"type":"Polygon","coordinates":[[[10.2447,48.4424],[10.2398,48.4608],[10.2251,48.4812],[10.2255,48.4886],[10.2179,48.4885],[10.2026,48.4829],[10.1847,48.4764],[10.1718,48.4578],[10.1339,48.4549],[10.1412,48.4449],[10.1811,48.4398],[10.2049,48.4309],[10.2099,48.4113],[10.2225,48.4136],[10.2344,48.4257],[10.2337,48.4367],[10.2447,48.4424]]]},"properties":{"AGS":"09774155","GEN":"Leipheim","SN_L":"09"}},
{"type":"Feature","geometry":{"type":"Polygon","coordinates":[[[10.3875,48.3347],[10.3575,48.321],[10.3432,48.3343],[10.3233,48.3217],[10.328,48.3008],[10.3257,48.2908],[10.3406,48.2829],[10.3466,48.2732],[10.361,48.2843],[10.3871,48.2722],[10.4045,48.2805],[10.4394,48.2871],[10.4397,48.2935],[10.4193,48.3131],[10.408,48.312],[10.4042,48.3231],[10.3875,48.3347]]]},"properties":{"AGS":"09774162","GEN":"Neuburg a.d.Kammel","SN_L":"09"}},
{"type":"Feature","geometry":{"type":"Polygon","coordinates":[[[10.4279,48.4825],[10.4222,48.5162],[10.424,48.5212],[10.4086,48.5223],[10.3976,48.519],[10.3986,48.5076],[10.3875,48.4923],[10.3854,48.4832],[10.4038,48.4846],[10.4197,48.4807],[10.4279,48.4825]]]},"properties":{"AGS":"09774136","GEN":"Gundremmingen","SN_L":"09"}},
{"type":"Feature","geometry":{"type":"Polygon","coordinates":[[[10.3875,48.4923],[10.3732,48.4958],[10.3348,48.4865],[10.3239,48.4798],[10.3137,48.4673],[10.324,48.4615],[10.3472,48.4712],[10.3584,48.4662],[10.3776,48.4709],[10.389,48.4662],[10.406,48.4704],[10.4197,48.4807],[10.4038,48.4846],[10.3854,48.4832],[10.3875,48.4923]]]},"properties":{"AGS":"09774171","GEN":"Offingen","SN_L":"09"}},
{"type":"Feature","geometry":{"type":"Polygon","coordinates":[[[10.389,48.4662],[10.3776,48.4709],[10.3584,48.4662],[10.3472,48.4712],[10.324,48.4615],[10.3371,48.4411],[10.3531,48.4345],[10.3604,48.4422],[10.387,48.4472],[10.3894,48.4637],[10.389,48.4662]]]},"properties":{"AGS":"09774174","GEN":"Rettenbach","SN_L":"09"}},
{"type":"Feature","geometry":{"type":"Polygon","coordinates":[[[10.4603,48.4798],[10.4456,48.4844],[10.4279,48.4825],[10.4197,48.4807],[10.406,48.4704],[10.389,48.4662],[10.3894,48.4637],[10.4169,48.446],[10.414,48.4567],[10.4449,48.4573],[10.4427,48.465],[10.4655,48.4687],[10.4603,48.4798]]]},"properties":{"AGS":"09774127","GEN":"Dürrlauingen","SN_L":"09"}},
{"type":"Feature","geometry":{"type":"Polygon","coordinates":[[[10.5136,48.4507],[10.495,48.4488],[10.4655,48.4687],[10.4427,48.465],[10.4449,48.4573],[10.414,48.4567],[10.4169,48.446],[10.4273,48.4287],[10.4788,48.4384],[10.5026,48.4386],[10.5136,48.4507]]]},"properties":{"AGS":"09774140","GEN":"Haldenwang","SN_L":"09"}},
{"type":"Feature","geometry":{"type":"Polygon","coordinates":[[[10.5337,48.4484],[10.5136,48.4507],[10.5026,48.4386],[10.4788,48.4384],[10.4987,48.4283],[10.5133,48.4266],[10.5183,48.4176],[10.536,48.4259],[10.5422,48.4285],[10.5337,48.4484]]]},"properties":{"AGS":"09774151","GEN":"Landensberg","SN_L":"09"}},
{"type":"Feature","geometry":{"type":"Polygon","coordinates":[[[10.4987,48.4283],[10.4788,48.4384],[10.4273,48.4287],[10.4321,48.4184],[10.4674,48.4207],[10.4863,48.4187],[10.4987,48.4283]]]},"properties":{"AGS":"09774178","GEN":"Röfingen","SN_L":"09"}},
{"type":"Feature","geometry":{"type":"Polygon","coordinates":[[[10.5185,48.4739],[10.4981,48.4764],[10.4898,48.4866],[10.4747,48.4881],[10.4603,48.4798],[10.4655,48.4687],[10.495,48.4488],[10.5136,48.4507],[10.5337,48.4484],[10.5333,48.4681],[10.5284,48.4714],[10.5185,48.4739]]]},"properties":{"AGS":"09774196","GEN":"Winterbach","SN_L":"09"}},
{"type":"Feature","geometry":{"type":"Polygon","coordinates":[[[10.2818,48.4229],[10.2671,48.4284],[10.257,48.4437],[10.2447,48.4424],[10.2337,48.4367],[10.2344,48.4257],[10.2225,48.4136],[10.2395,48.4132],[10.2624,48.4224],[10.2818,48.4229]]]},"properties":{"AGS":"09774118","GEN":"Bubesheim","SN_L":"09"}},
{"type":"Feature","geometry":{"type":"Polygon","coordinates":[[[10.2818,48.4229],[10.2624,48.4224],[10.2395,48.4132],[10.2329,48.4014],[10.2443,48.3927],[10.259,48.3941],[10.2843,48.3863],[10.2979,48.3981],[10.3131,48.402],[10.3366,48.3998],[10.34,48.4107],[10.3288,48.4234],[10.2848,48.4191],[10.2818,48.4229]]]},"properties":{"AGS":"09774148","GEN":"Kötz","SN_L":"09"}},
{"type":"Feature","geometry":{"type":"Polygon","coordinates":[[[10.3432,48.3343],[10.3436,48.3469],[10.3215,48.3521],[10.3113,48.341],[10.2925,48.3338],[10.2712,48.3319],[10.2783,48.3037],[10.2888,48.3026],[10.3233,48.3217],[10.3432,48.3343]]]},"properties":{"AGS":"09774133","GEN":"Ellzee","SN_L":"09"}},
{"type":"Feature","geometry":{"type":"Polygon","coordinates":[[[10.3366,48.3998],[10.3131,48.402],[10.2979,48.3981],[10.2843,48.3863],[10.259,48.3941],[10.2443,48.3927],[10.2312,48.3879],[10.2372,48.3795],[10.2261,48.3684],[10.2067,48.3659],[10.228,48.3578],[10.233,48.3505],[10.2454,48.3433],[10.2614,48.3563],[10.2769,48.3589],[10.282,48.3686],[10.2997,48.3607],[10.3271,48.3597],[10.3376,48.3729],[10.3366,48.3998]]]},"properties":{"AGS":"09774143","GEN":"Ichenhausen","SN_L":"09"}},
{"type":"Feature","geometry":{"type":"Polygon","coordinates":[[[10.3271,48.3597],[10.2997,48.3607],[10.282,48.3686],[10.2769,48.3589],[10.2614,48.3495],[10.2583,48.337],[10.2712,48.3319],[10.2925,48.3338],[10.3113,48.341],[10.3215,48.3521],[10.3271,48.3597]]]},"properties":{"AGS":"09774191","GEN":"Waldstetten","SN_L":"09"}},
{"type":"Feature","geometry":{"type":"Polygon","coordinates":[[[10.4398,48.21],[10.4187,48.2186],[10.3634,48.2094],[10.3622,48.2048],[10.3708,48.2019],[10.3754,48.1887],[10.3729,48.1712],[10.3911,48.1791],[10.4244,48.192],[10.4355,48.1908],[10.4426,48.206],[10.4398,48.21]]]},"properties":{"AGS":"09774111","GEN":"Aletshausen","SN_L":"09"}},
{"type":"Feature","geometry":{"type":"Polygon","coordinates":[[[10.3325,48.2441],[10.2956,48.248],[10.2944,48.2546],[10.3103,48.2634],[10.292,48.2663],[10.2818,48.254],[10.2852,48.2435],[10.2726,48.2332],[10.2714,48.2297],[10.2819,48.2226],[10.2959,48.2216],[10.3071,48.2294],[10.3271,48.219],[10.3388,48.2238],[10.3325,48.2441]]]},"properties":{"AGS":"09774117","GEN":"Breitenthal","SN_L":"09"}},
{"type":"Feature","geometry":{"type":"Polygon","coordinates":[[[10.3466,48.2732],[10.3406,48.2829],[10.3257,48.2908],[10.3225,48.2704],[10.3143,48.2668],[10.3103,48.2634],[10.2944,48.2546],[10.2956,48.248],[10.3325,48.2441],[10.3493,48.2582],[10.3466,48.2732]]]},"properties":{"AGS":"09774124","GEN":"Deisenhausen","SN_L":"09"}},
{"type":"Feature","geometry":{"type":"MultiPolygon","coordinates":[[[[10.3519,48.2036],[10.3502,48.2052],[10.3498,48.2021],[10.3519,48.2036]]],[[[10.3271,48.219],[10.3071,48.2294],[10.2959,48.2216],[10.3012,48.2151],[10.2891,48.198],[10.2951,48.1845],[10.3078,48.184],[10.3159,48.1964],[10.3273,48.2033],[10.3271,48.219]]]]},"properties":{"AGS":"09774129","GEN":"Ebershausen","SN_L":"09"}},
{"type":"Feature","geometry":{"type":"Polygon","coordinates":[[[10.3233,48.3217],[10.2888,48.3026],[10.2886,48.2877],[10.2955,48.276],[10.3143,48.2668],[10.3225,48.2704],[10.3257,48.2908],[10.328,48.3008],[10.3233,48.3217]]]},"properties":{"AGS":"09774189","GEN":"Wiesenbach","SN_L":"09"}},
{"type":"Feature","geometry":{"type":"Polygon","coordinates":[[[10.3729,48.1712],[10.3754,48.1887],[10.3708,48.2019],[10.3622,48.2048],[10.3519,48.2036],[10.3498,48.2021],[10.3273,48.2033],[10.3159,48.1964],[10.3178,48.1831],[10.3523,48.1738],[10.3633,48.1622],[10.3729,48.1712]]]},"properties":{"AGS":"09774192","GEN":"Waltenhausen","SN_L":"09"}},
{"type":"Feature","geometry":{"type":"Polygon","coordinates":[[[10.5188,48.2251],[10.511,48.2569],[10.4714,48.2487],[10.4633,48.2493],[10.4583,48.2292],[10.4775,48.2148],[10.4842,48.2154],[10.5042,48.218],[10.5188,48.2251]]]},"properties":{"AGS":"09774115","GEN":"Balzhausen","SN_L":"09"}},
{"type":"Feature","geometry":{"type":"Polygon","coordinates":[[[10.5009,48.328],[10.499,48.3301],[10.4582,48.3248],[10.4066,48.3252],[10.4042,48.3231],[10.408,48.312],[10.4193,48.3131],[10.4397,48.2935],[10.4766,48.2999],[10.497,48.3058],[10.5045,48.316],[10.5009,48.328]]]},"properties":{"AGS":"09774160","GEN":"Münsterhausen","SN_L":"09"}},
{"type":"Feature","geometry":{"type":"Polygon","coordinates":[[[10.497,48.3058],[10.4766,48.2999],[10.4397,48.2935],[10.4394,48.2871],[10.4525,48.2803],[10.456,48.2688],[10.4677,48.264],[10.4633,48.2493],[10.4714,48.2487],[10.511,48.2569],[10.5153,48.2621],[10.4985,48.2712],[10.5042,48.2822],[10.497,48.3058]]]},"properties":{"AGS":"09774185","GEN":"Thannhausen","SN_L":"09"}},
{"type":"Feature","geometry":{"type":"Polygon","coordinates":[[[10.5601,48.2356],[10.5468,48.2421],[10.5471,48.2632],[10.5277,48.2581],[10.5153,48.2621],[10.511,48.2569],[10.5188,48.2251],[10.5463,48.2027],[10.5601,48.2041],[10.5736,48.2121],[10.5622,48.2197],[10.5601,48.2356]]]},"properties":{"AGS":"09774166","GEN":"Aichen","SN_L":"09"}},
{"type":"Feature","geometry":{"type":"Polygon","coordinates":[[[10.5993,48.2881],[10.5832,48.2928],[10.5866,48.3085],[10.5559,48.3212],[10.5377,48.3126],[10.5045,48.316],[10.497,48.3058],[10.5042,48.2822],[10.4985,48.2712],[10.5153,48.2621],[10.5277,48.2581],[10.5471,48.2632],[10.5468,48.2421],[10.5601,48.2356],[10.5712,48.244],[10.5712,48.2538],[10.5822,48.2717],[10.5986,48.2776],[10.5993,48.2881]]]},"properties":{"AGS":"09774198","GEN":"Ziemetshausen","SN_L":"09"}},
{"type":"Feature","geometry":{"type":"Polygon","coordinates":[[[10.3388,48.2238],[10.3271,48.219],[10.3273,48.2033],[10.3498,48.2021],[10.3502,48.2052],[10.3343,48.2152],[10.3324,48.2194],[10.3388,48.2238]]]},"properties":{"AGS":"09774451","GEN":"Ebershauser-Nattenhauser Wald","SN_L":"09"}},
{"type":"Feature","geometry":{"type":"Polygon","coordinates":[[[10.4398,48.21],[10.4327,48.221],[10.4197,48.22],[10.4187,48.2186],[10.4398,48.21]]]},"properties":{"AGS":"09774452","GEN":"Winzerwald","SN_L":"09"}},
{"type":"Feature","geometry":{"type":"Polygon","coordinates":[[[10.0771,48.2538],[10.0903,48.2477],[10.1099,48.2489],[10.1167,48.2693],[10.116,48.2724],[10.0767,48.2622],[10.0771,48.2538]]]},"properties":{"AGS":"09775115","GEN":"Bellenberg","SN_L":"09"}},
{"type":"Feature","geometry":{"type":"Polygon","coordinates":[[[10.151,48.2602],[10.139,48.2658],[10.1285,48.2609],[10.1167,48.2693],[10.1099,48.2489],[10.0903,48.2477],[10.0771,48.2538],[10.067,48.2373],[10.082,48.2252],[10.0852,48.2057],[10.0915,48.1833],[10.0949,48.1913],[10.1403,48.1989],[10.1505,48.1971],[10.1459,48.2149],[10.1462,48.2344],[10.1535,48.2458],[10.151,48.2602]]]},"properties":{"AGS":"09775129","GEN":"Illertissen","SN_L":"09"}},
{"type":"Feature","geometry":{"type":"Polygon","coordinates":[[[10.1811,48.4398],[10.1412,48.4449],[10.1072,48.4389],[10.0886,48.4292],[10.0998,48.4109],[10.1176,48.4112],[10.1292,48.3989],[10.155,48.3998],[10.165,48.4053],[10.1725,48.4104],[10.1669,48.4211],[10.1804,48.4264],[10.1811,48.4398]]]},"properties":{"AGS":"09775134","GEN":"Nersingen","SN_L":"09"}},
{"type":"Feature","geometry":{"type":"Polygon","coordinates":[[[10.0886,48.4292],[10.0702,48.4275],[10.0424,48.4297],[10.0188,48.4182],[10.016,48.4051],[9.9899,48.3937],[9.9673,48.3744],[9.9777,48.3627],[9.9877,48.3706],[9.9995,48.3615],[9.9976,48.3501],[10.0102,48.3417],[10.0186,48.3357],[10.0437,48.341],[10.0822,48.3421],[10.0875,48.3312],[10.1167,48.337],[10.1198,48.3432],[10.1065,48.3521],[10.1042,48.3648],[10.0881,48.3779],[10.0951,48.3918],[10.1271,48.3893],[10.131,48.3932],[10.1292,48.3989],[10.1176,48.4112],[10.0998,48.4109],[10.0886,48.4292]]]},"properties":{"AGS":"09775135","GEN":"Neu-Ulm","SN_L":"09"}},
{"type":"Feature","geometry":{"type":"Polygon","coordinates":[[[10.1339,48.4549],[10.105,48.4775],[10.1006,48.4705],[10.0712,48.4584],[10.0327,48.4572],[10.0382,48.4445],[10.0281,48.4369],[10.0424,48.4297],[10.0702,48.4275],[10.0886,48.4292],[10.1072,48.4389],[10.1412,48.4449],[10.1339,48.4549]]]},"properties":{"AGS":"09775139","GEN":"Elchingen","SN_L":"09"}},
{"type":"Feature","geometry":{"type":"Polygon","coordinates":[[[10.2597,48.293],[10.2615,48.3057],[10.253,48.3219],[10.2371,48.3226],[10.2411,48.3105],[10.2253,48.3062],[10.2232,48.2985],[10.1973,48.2901],[10.1856,48.2678],[10.1866,48.2542],[10.2195,48.2516],[10.2376,48.2574],[10.2629,48.2662],[10.2597,48.293]]]},"properties":{"AGS":"09775149","GEN":"Roggenburg","SN_L":"09"}},
{"type":"Feature","geometry":{"type":"Polygon","coordinates":[[[10.1167,48.337],[10.0875,48.3312],[10.0822,48.3421],[10.0437,48.341],[10.0186,48.3357],[10.0102,48.3417],[10.0123,48.3306],[10.0259,48.3208],[10.0378,48.3051],[10.0508,48.3051],[10.0718,48.2985],[10.0852,48.3065],[10.1197,48.3109],[10.124,48.3148],[10.1161,48.33],[10.1167,48.337]]]},"properties":{"AGS":"09775152","GEN":"Senden","SN_L":"09"}},
{"type":"Feature","geometry":{"type":"Polygon","coordinates":[[[10.1197,48.3109],[10.0852,48.3065],[10.0718,48.2985],[10.0508,48.3051],[10.0378,48.3051],[10.0425,48.2942],[10.0658,48.2818],[10.0624,48.2726],[10.0767,48.2622],[10.116,48.2724],[10.1165,48.2805],[10.1333,48.2832],[10.137,48.2941],[10.1299,48.3105],[10.1197,48.3109]]]},"properties":{"AGS":"09775162","GEN":"Vöhringen","SN_L":"09"}},
{"type":"Feature","geometry":{"type":"Polygon","coordinates":[[[10.2265,48.3433],[10.1811,48.3328],[10.1639,48.3371],[10.1372,48.3283],[10.1161,48.33],[10.124,48.3148],[10.1197,48.3109],[10.1299,48.3105],[10.137,48.2941],[10.1333,48.2832],[10.1165,48.2805],[10.116,48.2724],[10.1167,48.2693],[10.1285,48.2609],[10.139,48.2658],[10.151,48.2602],[10.1856,48.2678],[10.1973,48.2901],[10.2232,48.2985],[10.2253,48.3062],[10.2411,48.3105],[10.2371,48.3226],[10.2257,48.3328],[10.2265,48.3433]]]},"properties":{"AGS":"09775164","GEN":"Weißenhorn","SN_L":"09"}},
{"type":"Feature","geometry":{"type":"Polygon","coordinates":[[[10.131,48.3932],[10.1271,48.3893],[10.0951,48.3918],[10.0881,48.3779],[10.1042,48.3648],[10.1284,48.3737],[10.131,48.3932]]]},"properties":{"AGS":"09775126","GEN":"Holzheim","SN_L":"09"}},
{"type":"Feature","geometry":{"type":"Polygon","coordinates":[[[10.165,48.4053],[10.155,48.3998],[10.1292,48.3989],[10.131,48.3932],[10.1284,48.3737],[10.1042,48.3648],[10.1065,48.3521],[10.1198,48.3432],[10.1167,48.337],[10.1161,48.33],[10.1372,48.3283],[10.1639,48.3371],[10.1811,48.3328],[10.2265,48.3433],[10.233,48.3505],[10.228,48.3578],[10.2067,48.3659],[10.1842,48.3734],[10.1835,48.3851],[10.1655,48.3886],[10.165,48.4053]]]},"properties":{"AGS":"09775143","GEN":"Pfaffenhofen a.d.Roth","SN_L":"09"}},
{"type":"Feature","geometry":{"type":"Polygon","coordinates":[[[10.1505,48.1971],[10.1403,48.1989],[10.0949,48.1913],[10.0915,48.1833],[10.0946,48.1652],[10.0954,48.164],[10.1071,48.1321],[10.121,48.1314],[10.1337,48.1451],[10.1536,48.147],[10.1688,48.1535],[10.1808,48.1642],[10.1716,48.178],[10.1505,48.1971]]]},"properties":{"AGS":"09775111","GEN":"Altenstadt","SN_L":"09"}},
{"type":"Feature","geometry":{"type":"Polygon","coordinates":[[[10.1536,48.147],[10.1337,48.1451],[10.121,48.1314],[10.1071,48.1321],[10.108,48.1305],[10.1365,48.1085],[10.1508,48.1178],[10.1475,48.1278],[10.1581,48.1398],[10.1536,48.147]]]},"properties":{"AGS":"09775132","GEN":"Kellmünz a.d.Iller","SN_L":"09"}},
{"type":"Feature","geometry":{"type":"Polygon","coordinates":[[[10.2092,48.1465],[10.1808,48.1642],[10.1688,48.1535],[10.1536,48.147],[10.1581,48.1398],[10.1475,48.1278],[10.1508,48.1178],[10.1814,48.124],[10.1927,48.1234],[10.1964,48.1331],[10.2094,48.1386],[10.2092,48.1465]]]},"properties":{"AGS":"09775142","GEN":"Osterberg","SN_L":"09"}},
{"type":"Feature","geometry":{"type":"Polygon","coordinates":[[[10.2376,48.2574],[10.2195,48.2516],[10.1866,48.2542],[10.1856,48.2678],[10.151,48.2602],[10.1535,48.2458],[10.1462,48.2344],[10.1459,48.2149],[10.1687,48.209],[10.1844,48.2137],[10.2021,48.2032],[10.2155,48.2084],[10.2295,48.2013],[10.2259,48.1919],[10.2414,48.1925],[10.2507,48.2027],[10.2393,48.2109],[10.249,48.2173],[10.2309,48.235],[10.2374,48.2424],[10.2376,48.2574]]]},"properties":{"AGS":"09775118","GEN":"Buch","SN_L":"09"}},
{"type":"Feature","geometry":{"type":"Polygon","coordinates":[[[10.2215,48.1792],[10.2015,48.1874],[10.1716,48.178],[10.1808,48.1642],[10.2092,48.1465],[10.2086,48.1614],[10.2235,48.1633],[10.2215,48.1792]]]},"properties":{"AGS":"09775141","GEN":"Oberroth","SN_L":"09"}},
{"type":"Feature","geometry":{"type":"Polygon","coordinates":[[[10.2259,48.1919],[10.2295,48.2013],[10.2155,48.2084],[10.2021,48.2032],[10.1844,48.2137],[10.1687,48.209],[10.1459,48.2149],[10.1505,48.1971],[10.1716,48.178],[10.2015,48.1874],[10.2215,48.1792],[10.2259,48.1919]]]},"properties":{"AGS":"09775161","GEN":"Unterroth","SN_L":"09"}},
{"type":"Feature","geometry":{"type":"MultiPolygon","coordinates":[[[[10.0852,48.2057],[10.0837,48.1978],[10.0857,48.1822],[10.0946,48.1652],[10.0915,48.1833],[10.0852,48.2057]]],[[[10.0852,48.2057],[10.082,48.2252],[10.067,48.2373],[10.0771,48.2538],[10.0767,48.2622],[10.0624,48.2726],[10.0671,48.2545],[10.0607,48.2401],[10.0783,48.2202],[10.0852,48.2057]]]]},"properties":{"AGS":"09775451","GEN":"Auwald","SN_L":"09"}},
{"type":"Feature","geometry":{"type":"Polygon","coordinates":[[[10.2726,48.2332],[10.2374,48.2424],[10.2309,48.235],[10.249,48.2173],[10.2393,48.2109],[10.2507,48.2027],[10.2545,48.218],[10.2714,48.2297],[10.2726,48.2332]]]},"properties":{"AGS":"09775452","GEN":"Oberroggenburger Wald","SN_L":"09"}},
{"type":"Feature","geometry":{"type":"Polygon","coordinates":[[[10.2712,48.3319],[10.2583,48.337],[10.2614,48.3495],[10.2769,48.3589],[10.2614,48.3563],[10.2454,48.3433],[10.233,48.3505],[10.2265,48.3433],[10.2257,48.3328],[10.2371,48.3226],[10.253,48.3219],[10.2615,48.3057],[10.2597,48.293],[10.2886,48.2877],[10.2888,48.3026],[10.2783,48.3037],[10.2712,48.3319]]]},"properties":{"AGS":"09775454","GEN":"Stoffenrieder Forst","SN_L":"09"}},
{"type":"Feature","geometry":{"type":"Polygon","coordinates":[[[10.3143,48.2668],[10.2955,48.276],[10.2886,48.2877],[10.2597,48.293],[10.2629,48.2662],[10.2376,48.2574],[10.2374,48.2424],[10.2726,48.2332],[10.2852,48.2435],[10.2818,48.254],[10.292,48.2663],[10.3103,48.2634],[10.3143,48.2668]]]},"properties":{"AGS":"09775455","GEN":"Unterroggenburger Wald","SN_L":"09"}},
{"type":"Feature","geometry":{"type":"Polygon","coordinates":[[[9.6582,47.5615],[9.6732,47.5701],[9.6615,47.5767],[9.6585,47.5869],[9.6452,47.5775],[9.6582,47.5615]]]},"properties":{"AGS":"09776111","GEN":"Bodolz","SN_L":"09"}},
{"type":"Feature","geometry":{"type":"Polygon","coordinates":[[[9.9225,47.6579],[9.9144,47.6496],[9.8653,47.6465],[9.8672,47.6204],[9.8876,47.6151],[9.9043,47.6181],[9.9209,47.6133],[9.9469,47.6241],[9.9382,47.6305],[9.9429,47.6421],[9.9326,47.654],[9.9225,47.6579]]]},"properties":{"AGS":"09776114","GEN":"Heimenkirch","SN_L":"09"}},
{"type":"Feature","geometry":{"type":"Polygon","coordinates":[[[9.6922,47.6104],[9.6839,47.6046],[9.6714,47.6114],[9.6394,47.6039],[9.6433,47.5898],[9.6585,47.5869],[9.6615,47.5767],[9.6732,47.5701],[9.6582,47.5615],[9.6516,47.5574],[9.6795,47.5568],[9.6919,47.5499],[9.7127,47.5507],[9.731,47.5339],[9.7407,47.5535],[9.7301,47.5605],[9.7267,47.5721],[9.7066,47.5825],[9.7302,47.6046],[9.7285,47.6092],[9.6946,47.6047],[9.6922,47.6104]]]},"properties":{"AGS":"09776116","GEN":"Lindau (Bodensee)","SN_L":"09"}},
{"type":"Feature","geometry":{"type":"Polygon","coordinates":[[[9.9209,47.6133],[9.9043,47.6181],[9.8876,47.6151],[9.8672,47.6204],[9.8589,47.6097],[9.8603,47.5942],[9.8844,47.5823],[9.8878,47.5949],[9.8993,47.5991],[9.9301,47.6007],[9.9209,47.6133]]]},"properties":{"AGS":"09776117","GEN":"Lindenberg i.Allgäu","SN_L":"09"}},
{"type":"Feature","geometry":{"type":"Polygon","coordinates":[[[9.6198,47.5832],[9.6021,47.5843],[9.6079,47.5723],[9.6302,47.5696],[9.6198,47.5832]]]},"properties":{"AGS":"09776120","GEN":"Nonnenhorn","SN_L":"09"}},
{"type":"Feature","geometry":{"type":"Polygon","coordinates":[[[9.8653,47.6465],[9.8476,47.6524],[9.8238,47.64],[9.7976,47.6219],[9.7974,47.6154],[9.814,47.6187],[9.8209,47.6088],[9.84,47.604],[9.8589,47.6097],[9.8672,47.6204],[9.8653,47.6465]]]},"properties":{"AGS":"09776122","GEN":"Opfenbach","SN_L":"09"}},
{"type":"Feature","geometry":{"type":"Polygon","coordinates":[[[9.8589,47.6097],[9.84,47.604],[9.8237,47.5872],[9.8208,47.5707],[9.8259,47.5598],[9.8157,47.5476],[9.8535,47.5399],[9.875,47.5292],[9.8788,47.5465],[9.8683,47.5609],[9.8838,47.5735],[9.8844,47.5823],[9.8603,47.5942],[9.8589,47.6097]]]},"properties":{"AGS":"09776125","GEN":"Scheidegg","SN_L":"09"}},
{"type":"Feature","geometry":{"type":"Polygon","coordinates":[[[9.6433,47.5898],[9.6263,47.5925],[9.6198,47.5832],[9.6302,47.5696],[9.6516,47.5574],[9.6582,47.5615],[9.6452,47.5775],[9.6585,47.5869],[9.6433,47.5898]]]},"properties":{"AGS":"09776128","GEN":"Wasserburg (Bodensee)","SN_L":"09"}},
{"type":"Feature","geometry":{"type":"Polygon","coordinates":[[[9.9727,47.6101],[9.9607,47.6121],[9.9301,47.6007],[9.8993,47.5991],[9.8878,47.5949],[9.8844,47.5823],[9.8838,47.5735],[9.8683,47.5609],[9.8788,47.5465],[9.902,47.5442],[9.9085,47.5385],[9.9287,47.5525],[9.9263,47.5696],[9.943,47.5795],[9.9603,47.5766],[9.9558,47.5909],[9.9712,47.6056],[9.9727,47.6101]]]},"properties":{"AGS":"09776129","GEN":"Weiler-Simmerberg","SN_L":"09"}},
{"type":"Feature","geometry":{"type":"Polygon","coordinates":[[[9.8791,47.6741],[9.8615,47.6776],[9.8342,47.6733],[9.8294,47.6586],[9.7995,47.6435],[9.8238,47.64],[9.8476,47.6524],[9.8653,47.6465],[9.9144,47.6496],[9.9225,47.6579],[9.8864,47.6661],[9.8791,47.6741]]]},"properties":{"AGS":"09776131","GEN":"Hergatz","SN_L":"09"}},
{"type":"Feature","geometry":{"type":"Polygon","coordinates":[[[9.8238,47.64],[9.7995,47.6435],[9.7953,47.6357],[9.7798,47.6307],[9.7549,47.614],[9.7477,47.6037],[9.7486,47.5966],[9.7672,47.591],[9.7893,47.605],[9.7974,47.6154],[9.7976,47.6219],[9.8238,47.64]]]},"properties":{"AGS":"09776115","GEN":"Hergensweiler","SN_L":"09"}},
{"type":"Feature","geometry":{"type":"Polygon","coordinates":[[[9.84,47.604],[9.8209,47.6088],[9.814,47.6187],[9.7974,47.6154],[9.7893,47.605],[9.7672,47.591],[9.7486,47.5966],[9.7391,47.5875],[9.7395,47.5781],[9.7267,47.5721],[9.7301,47.5605],[9.7407,47.5535],[9.7483,47.5708],[9.7768,47.5952],[9.8024,47.5959],[9.8237,47.5872],[9.84,47.604]]]},"properties":{"AGS":"09776126","GEN":"Sigmarszell","SN_L":"09"}},
{"type":"Feature","geometry":{"type":"Polygon","coordinates":[[[9.7477,47.6037],[9.737,47.6132],[9.7285,47.6092],[9.7302,47.6046],[9.7066,47.5825],[9.7267,47.5721],[9.7395,47.5781],[9.7391,47.5875],[9.7486,47.5966],[9.7477,47.6037]]]},"properties":{"AGS":"09776130","GEN":"Weißensberg","SN_L":"09"}},
{"type":"Feature","geometry":{"type":"Polygon","coordinates":[[[10.0155,47.6837],[9.9979,47.6794],[9.9807,47.667],[9.9685,47.6536],[9.9802,47.6318],[10.0139,47.6465],[10.0236,47.6506],[10.0258,47.6687],[10.0117,47.6767],[10.0155,47.6837]]]},"properties":{"AGS":"09776112","GEN":"Gestratz","SN_L":"09"}},
{"type":"Feature","geometry":{"type":"Polygon","coordinates":[[[10.0139,47.6465],[9.9802,47.6318],[9.9727,47.6101],[9.9712,47.6056],[9.9832,47.6015],[10.0088,47.6135],[10.0474,47.6011],[10.0612,47.6068],[10.0687,47.6127],[10.0757,47.6181],[10.0757,47.6382],[10.0357,47.6312],[10.0313,47.6404],[10.0139,47.6465]]]},"properties":{"AGS":"09776113","GEN":"Grünenbach","SN_L":"09"}},
{"type":"Feature","geometry":{"type":"Polygon","coordinates":[[[10.0773,47.6393],[10.072,47.6434],[10.0752,47.6583],[10.0586,47.6807],[10.0305,47.6745],[10.0286,47.687],[10.0155,47.6837],[10.0117,47.6767],[10.0258,47.6687],[10.0236,47.6506],[10.0139,47.6465],[10.0313,47.6404],[10.0357,47.6312],[10.0757,47.6382],[10.0773,47.6393]]]},"properties":{"AGS":"09776118","GEN":"Maierhöfen","SN_L":"09"}},
{"type":"Feature","geometry":{"type":"Polygon","coordinates":[[[9.9685,47.6536],[9.9516,47.6562],[9.9326,47.654],[9.9429,47.6421],[9.9382,47.6305],[9.9469,47.6241],[9.9209,47.6133],[9.9301,47.6007],[9.9607,47.6121],[9.9727,47.6101],[9.9802,47.6318],[9.9685,47.6536]]]},"properties":{"AGS":"09776124","GEN":"Röthenbach (Allgäu)","SN_L":"09"}},
{"type":"Feature","geometry":{"type":"Polygon","coordinates":[[[9.9603,47.5766],[9.943,47.5795],[9.9263,47.5696],[9.9287,47.5525],[9.9085,47.5385],[9.9207,47.5297],[9.944,47.537],[9.959,47.5346],[9.9678,47.5462],[9.9633,47.5658],[9.9603,47.5766]]]},"properties":{"AGS":"09776121","GEN":"Oberreute","SN_L":"09"}},
{"type":"Feature","geometry":{"type":"Polygon","coordinates":[[[10.0612,47.6068],[10.0474,47.6011],[10.0088,47.6135],[9.9832,47.6015],[9.9712,47.6056],[9.9558,47.5909],[9.9603,47.5766],[9.9633,47.5658],[9.9748,47.5598],[10.0259,47.5803],[10.0362,47.5733],[10.0616,47.5803],[10.0583,47.5871],[10.0612,47.6068]]]},"properties":{"AGS":"09776127","GEN":"Stiefenhofen","SN_L":"09"}},
{"type":"Feature","geometry":{"type":"Polygon","coordinates":[[[10.7226,47.6021],[10.7109,47.6103],[10.68,47.6203],[10.6673,47.6184],[10.6582,47.6063],[10.6645,47.5959],[10.6552,47.5867],[10.635,47.5848],[10.6105,47.5903],[10.6084,47.5962],[10.5849,47.5987],[10.5831,47.5859],[10.598,47.5697],[10.619,47.5669],[10.6354,47.559],[10.6874,47.5582],[10.6918,47.551],[10.7126,47.5538],[10.7134,47.5861],[10.7273,47.5936],[10.7226,47.6021]]]},"properties":{"AGS":"09777129","GEN":"Füssen","SN_L":"09"}},
{"type":"Feature","geometry":{"type":"Polygon","coordinates":[[[10.7269,47.9634],[10.712,47.9781],[10.689,47.9812],[10.6722,47.9657],[10.6626,47.9463],[10.6531,47.9358],[10.6439,47.9177],[10.653,47.902],[10.6837,47.9069],[10.6917,47.939],[10.6888,47.9504],[10.6986,47.9599],[10.7208,47.9576],[10.7269,47.9634]]]},"properties":{"AGS":"09777130","GEN":"Germaringen","SN_L":"09"}},
{"type":"Feature","geometry":{"type":"Polygon","coordinates":[[[10.8032,47.7073],[10.8157,47.7088],[10.8288,47.7189],[10.8291,47.7278],[10.8073,47.725],[10.7939,47.7186],[10.7837,47.7065],[10.757,47.6943],[10.755,47.6883],[10.7522,47.6802],[10.7603,47.6718],[10.7502,47.6661],[10.773,47.6576],[10.7781,47.6622],[10.7905,47.6745],[10.8007,47.6935],[10.8032,47.7073]]]},"properties":{"AGS":"09777147","GEN":"Lechbruck am See","SN_L":"09"}},
{"type":"Feature","geometry":{"type":"Polygon","coordinates":[[[10.6807,47.8034],[10.6555,47.8034],[10.6525,47.7933],[10.6376,47.7885],[10.6251,47.7986],[10.6149,47.7994],[10.5946,47.787],[10.579,47.7884],[10.566,47.7841],[10.5437,47.7945],[10.532,47.7846],[10.5299,47.7724],[10.5416,47.7535],[10.534,47.7492],[10.5419,47.7307],[10.5606,47.7317],[10.5809,47.7239],[10.622,47.7178],[10.6441,47.6949],[10.6523,47.6945],[10.6622,47.695],[10.6597,47.7031],[10.6711,47.7139],[10.6656,47.7367],[10.6766,47.7423],[10.6755,47.751],[10.6876,47.7749],[10.7091,47.7728],[10.7107,47.7854],[10.6807,47.8034]]]},"properties":{"AGS":"09777151","GEN":"Marktoberdorf","SN_L":"09"}},
{"type":"Feature","geometry":{"type":"Polygon","coordinates":[[[10.6837,47.9069],[10.653,47.902],[10.6611,47.8836],[10.6531,47.8779],[10.66,47.8597],[10.657,47.8412],[10.6804,47.8386],[10.6815,47.8433],[10.6905,47.8609],[10.6843,47.8757],[10.6915,47.8841],[10.6846,47.9039],[10.6837,47.9069]]]},"properties":{"AGS":"09777152","GEN":"Mauerstetten","SN_L":"09"}},
{"type":"Feature","geometry":{"type":"Polygon","coordinates":[[[10.5462,47.6441],[10.5249,47.6469],[10.5063,47.6536],[10.5033,47.6396],[10.4956,47.6326],[10.4761,47.6309],[10.4627,47.6234],[10.4637,47.6154],[10.45,47.6118],[10.4563,47.6022],[10.469,47.6054],[10.4726,47.587],[10.4818,47.5845],[10.5034,47.5929],[10.5073,47.6015],[10.5207,47.6031],[10.5301,47.6122],[10.551,47.6121],[10.5502,47.6218],[10.5516,47.6426],[10.5462,47.6441]]]},"properties":{"AGS":"09777153","GEN":"Nesselwang","SN_L":"09"}},
{"type":"Feature","geometry":{"type":"Polygon","coordinates":[[[10.5849,47.5987],[10.551,47.6121],[10.5301,47.6122],[10.5207,47.6031],[10.5073,47.6015],[10.5034,47.5929],[10.4818,47.5845],[10.4732,47.5711],[10.4545,47.5557],[10.4727,47.5509],[10.4889,47.5404],[10.5245,47.5352],[10.5591,47.5372],[10.5734,47.5339],[10.582,47.5483],[10.5806,47.5557],[10.598,47.5697],[10.5831,47.5859],[10.5849,47.5987]]]},"properties":{"AGS":"09777159","GEN":"Pfronten","SN_L":"09"}},
{"type":"Feature","geometry":{"type":"Polygon","coordinates":[[[10.4387,47.9225],[10.3966,47.8996],[10.3738,47.9226],[10.359,47.9187],[10.376,47.9045],[10.3825,47.8928],[10.3766,47.8819],[10.3816,47.8811],[10.4038,47.8821],[10.4166,47.8774],[10.4239,47.8941],[10.4436,47.899],[10.4468,47.9075],[10.4479,47.9173],[10.4387,47.9225]]]},"properties":{"AGS":"09777165","GEN":"Ronsberg","SN_L":"09"}},
{"type":"Feature","geometry":{"type":"Polygon","coordinates":[[[10.8531,47.5334],[10.8523,47.5482],[10.8153,47.5537],[10.7985,47.5529],[10.8104,47.5726],[10.7999,47.5913],[10.7914,47.5934],[10.7814,47.6095],[10.7629,47.611],[10.7574,47.6209],[10.7601,47.6407],[10.7395,47.644],[10.7389,47.6333],[10.7226,47.6021],[10.7273,47.5936],[10.7134,47.5861],[10.7126,47.5538],[10.6918,47.551],[10.6948,47.5446],[10.7183,47.5381],[10.7505,47.5373],[10.764,47.5282],[10.7638,47.5197],[10.7776,47.5139],[10.7954,47.5212],[10.828,47.5284],[10.8385,47.5255],[10.8531,47.5334]]]},"properties":{"AGS":"09777169","GEN":"Schwangau","SN_L":"09"}},
{"type":"Feature","geometry":{"type":"Polygon","coordinates":[[[10.9152,47.6606],[10.8766,47.656],[10.841,47.6666],[10.8242,47.6571],[10.7988,47.6562],[10.7781,47.6622],[10.773,47.6576],[10.7381,47.653],[10.7372,47.6445],[10.7395,47.644],[10.7601,47.6407],[10.7574,47.6209],[10.7629,47.611],[10.7814,47.6095],[10.7914,47.5934],[10.7999,47.5913],[10.8104,47.5726],[10.7985,47.5529],[10.8153,47.5537],[10.8523,47.5482],[10.8531,47.5334],[10.8863,47.5367],[10.8714,47.5628],[10.8728,47.5725],[10.8907,47.5797],[10.9163,47.5834],[10.9423,47.5973],[10.9408,47.6097],[10.9528,47.6163],[10.9352,47.6169],[10.9258,47.6302],[10.9032,47.6373],[10.9176,47.6554],[10.9152,47.6606]]]},"properties":{"AGS":"09777173","GEN":"Halblech","SN_L":"09"}},
{"type":"Feature","geometry":{"type":"Polygon","coordinates":[[[10.7563,48.0468],[10.758,48.0568],[10.72,48.0525],[10.7079,48.0599],[10.6907,48.0484],[10.6984,48.0433],[10.6985,48.0308],[10.6853,48.0318],[10.6776,48.0156],[10.685,48.0095],[10.7154,48.0094],[10.7468,48.0035],[10.7608,48.001],[10.7722,48.0191],[10.7798,48.0166],[10.8004,48.0226],[10.8081,48.0204],[10.8095,48.0344],[10.7894,48.0395],[10.7603,48.0345],[10.7563,48.0468]]]},"properties":{"AGS":"09777121","GEN":"Buchloe","SN_L":"09"}},
{"type":"Feature","geometry":{"type":"Polygon","coordinates":[[[10.6776,48.0156],[10.6592,48.0159],[10.6608,48.0019],[10.6461,47.9906],[10.6453,47.971],[10.6722,47.9657],[10.689,47.9812],[10.712,47.9781],[10.7269,47.9634],[10.7561,47.9671],[10.761,47.984],[10.7533,47.9879],[10.7468,48.0035],[10.7154,48.0094],[10.685,48.0095],[10.6776,48.0156]]]},"properties":{"AGS":"09777140","GEN":"Jengen","SN_L":"09"}},
{"type":"Feature","geometry":{"type":"Polygon","coordinates":[[[10.8015,48.1042],[10.7665,48.0933],[10.751,48.1104],[10.7342,48.1011],[10.7018,48.0979],[10.7079,48.0599],[10.72,48.0525],[10.758,48.0568],[10.7563,48.0468],[10.7657,48.0481],[10.784,48.0764],[10.808,48.0867],[10.8163,48.1021],[10.8015,48.1042]]]},"properties":{"AGS":"09777145","GEN":"Lamerdingen","SN_L":"09"}},
{"type":"Feature","geometry":{"type":"Polygon","coordinates":[[[10.8081,48.0204],[10.8004,48.0226],[10.7798,48.0166],[10.7722,48.0191],[10.7608,48.001],[10.7468,48.0035],[10.7533,47.9879],[10.761,47.984],[10.7561,47.9671],[10.7883,47.9593],[10.7941,47.9547],[10.8074,47.9587],[10.8089,47.9717],[10.8257,47.9912],[10.8248,48.0005],[10.8118,48.0034],[10.8081,48.0204]]]},"properties":{"AGS":"09777177","GEN":"Waal","SN_L":"09"}},
{"type":"Feature","geometry":{"type":"Polygon","coordinates":[[[10.6024,47.9033],[10.5914,47.9205],[10.5715,47.9293],[10.5594,47.9214],[10.5436,47.9266],[10.5327,47.9191],[10.5279,47.9119],[10.5348,47.8937],[10.5534,47.8849],[10.5731,47.8871],[10.5749,47.8957],[10.591,47.8967],[10.6024,47.9033]]]},"properties":{"AGS":"09777139","GEN":"Irsee","SN_L":"09"}},
{"type":"Feature","geometry":{"type":"Polygon","coordinates":[[[10.6238,47.9507],[10.5875,47.9678],[10.5724,47.9585],[10.5773,47.9525],[10.5684,47.9393],[10.5715,47.9293],[10.5914,47.9205],[10.6024,47.9033],[10.6293,47.9218],[10.6439,47.9177],[10.6531,47.9358],[10.6403,47.9359],[10.6238,47.9507]]]},"properties":{"AGS":"09777158","GEN":"Pforzen","SN_L":"09"}},
{"type":"Feature","geometry":{"type":"Polygon","coordinates":[[[10.6722,47.9657],[10.6453,47.971],[10.6238,47.9507],[10.6403,47.9359],[10.6531,47.9358],[10.6626,47.9463],[10.6722,47.9657]]]},"properties":{"AGS":"09777164","GEN":"Rieden","SN_L":"09"}},
{"type":"Feature","geometry":{"type":"Polygon","coordinates":[[[10.774,47.9312],[10.7636,47.9406],[10.7546,47.9334],[10.7344,47.9302],[10.7228,47.9109],[10.7333,47.9059],[10.7299,47.8949],[10.7378,47.8878],[10.7474,47.8778],[10.7704,47.8779],[10.7723,47.8713],[10.7838,47.8745],[10.7895,47.8845],[10.7711,47.8879],[10.7859,47.9033],[10.7789,47.9062],[10.7834,47.9215],[10.774,47.9312]]]},"properties":{"AGS":"09777141","GEN":"Kaltental","SN_L":"09"}},
{"type":"Feature","geometry":{"type":"Polygon","coordinates":[[[10.7941,47.9547],[10.7883,47.9593],[10.7561,47.9671],[10.7269,47.9634],[10.7208,47.9576],[10.6986,47.9599],[10.6888,47.9504],[10.6917,47.939],[10.7243,47.945],[10.7344,47.9302],[10.7546,47.9334],[10.7636,47.9406],[10.774,47.9312],[10.8,47.9464],[10.7941,47.9547]]]},"properties":{"AGS":"09777155","GEN":"Oberostendorf","SN_L":"09"}},
{"type":"Feature","geometry":{"type":"Polygon","coordinates":[[[10.7723,47.8713],[10.7704,47.8779],[10.7474,47.8778],[10.7378,47.8878],[10.7316,47.8854],[10.726,47.8611],[10.7136,47.855],[10.7319,47.8459],[10.7513,47.8441],[10.7492,47.854],[10.7558,47.8625],[10.7723,47.8713]]]},"properties":{"AGS":"09777157","GEN":"Osterzell","SN_L":"09"}},
{"type":"Feature","geometry":{"type":"Polygon","coordinates":[[[10.7228,47.9109],[10.6846,47.9039],[10.6915,47.8841],[10.6843,47.8757],[10.6905,47.8609],[10.6815,47.8433],[10.6983,47.8436],[10.7015,47.8532],[10.7136,47.855],[10.726,47.8611],[10.7316,47.8854],[10.7378,47.8878],[10.7299,47.8949],[10.7333,47.9059],[10.7228,47.9109]]]},"properties":{"AGS":"09777172","GEN":"Stöttwang","SN_L":"09"}},
{"type":"Feature","geometry":{"type":"Polygon","coordinates":[[[10.7344,47.9302],[10.7243,47.945],[10.6917,47.939],[10.6837,47.9069],[10.6846,47.9039],[10.7228,47.9109],[10.7344,47.9302]]]},"properties":{"AGS":"09777182","GEN":"Westendorf","SN_L":"09"}},
{"type":"Feature","geometry":{"type":"Polygon","coordinates":[[[10.5399,47.8452],[10.5064,47.8615],[10.5013,47.8586],[10.486,47.8389],[10.4739,47.8381],[10.4738,47.8217],[10.4851,47.8152],[10.4976,47.8125],[10.5117,47.7947],[10.5435,47.7953],[10.5573,47.8422],[10.5399,47.8452]]]},"properties":{"AGS":"09777111","GEN":"Aitrang","SN_L":"09"}},
{"type":"Feature","geometry":{"type":"Polygon","coordinates":[[[10.657,47.8412],[10.6427,47.8511],[10.6308,47.8473],[10.6175,47.853],[10.6022,47.8031],[10.6149,47.7994],[10.6251,47.7986],[10.6376,47.7885],[10.6525,47.7933],[10.6555,47.8034],[10.6807,47.8034],[10.6753,47.8176],[10.6804,47.8386],[10.657,47.8412]]]},"properties":{"AGS":"09777112","GEN":"Biessenhofen","SN_L":"09"}},
{"type":"Feature","geometry":{"type":"Polygon","coordinates":[[[10.7136,47.855],[10.7015,47.8532],[10.6983,47.8436],[10.6815,47.8433],[10.6804,47.8386],[10.6753,47.8176],[10.6807,47.8034],[10.7107,47.7854],[10.7347,47.7875],[10.7486,47.7973],[10.7476,47.8114],[10.7628,47.8295],[10.7671,47.8438],[10.7674,47.8523],[10.7492,47.854],[10.7513,47.8441],[10.7319,47.8459],[10.7136,47.855]]]},"properties":{"AGS":"09777118","GEN":"Bidingen","SN_L":"09"}},
{"type":"Feature","geometry":{"type":"Polygon","coordinates":[[[10.6175,47.853],[10.6001,47.8495],[10.5762,47.8601],[10.5666,47.8594],[10.5437,47.8497],[10.5399,47.8452],[10.5573,47.8422],[10.5435,47.7953],[10.5437,47.7945],[10.566,47.7841],[10.579,47.7884],[10.5946,47.787],[10.6149,47.7994],[10.6022,47.8031],[10.6175,47.853]]]},"properties":{"AGS":"09777167","GEN":"Ruderatshofen","SN_L":"09"}},
{"type":"Feature","geometry":{"type":"Polygon","coordinates":[[[10.5575,47.9779],[10.5249,47.9822],[10.5148,47.9715],[10.5212,47.968],[10.5132,47.9426],[10.5022,47.9358],[10.5241,47.9332],[10.5327,47.9191],[10.5436,47.9266],[10.5594,47.9214],[10.5715,47.9293],[10.5684,47.9393],[10.5773,47.9525],[10.5724,47.9585],[10.5875,47.9678],[10.5675,47.9706],[10.5575,47.9779]]]},"properties":{"AGS":"09777114","GEN":"Baisweil","SN_L":"09"}},
{"type":"Feature","geometry":{"type":"Polygon","coordinates":[[[10.5022,47.9358],[10.4892,47.9338],[10.4789,47.94],[10.4654,47.937],[10.4563,47.923],[10.4387,47.9225],[10.4479,47.9173],[10.4468,47.9075],[10.4541,47.8958],[10.4791,47.8984],[10.4829,47.8821],[10.4944,47.8955],[10.5045,47.8903],[10.5311,47.8899],[10.5348,47.8937],[10.5279,47.9119],[10.5327,47.9191],[10.5241,47.9332],[10.5022,47.9358]]]},"properties":{"AGS":"09777124","GEN":"Eggenthal","SN_L":"09"}},
{"type":"Feature","geometry":{"type":"Polygon","coordinates":[[[10.5348,47.8937],[10.5311,47.8899],[10.5045,47.8903],[10.4944,47.8955],[10.4829,47.8821],[10.5013,47.8586],[10.5064,47.8615],[10.5399,47.8452],[10.5437,47.8497],[10.5666,47.8594],[10.5704,47.8764],[10.5534,47.8849],[10.5348,47.8937]]]},"properties":{"AGS":"09777128","GEN":"Friesenried","SN_L":"09"}},
{"type":"Feature","geometry":{"type":"Polygon","coordinates":[[[10.4739,47.8381],[10.4553,47.8496],[10.4383,47.8475],[10.4314,47.8322],[10.4036,47.8378],[10.3947,47.823],[10.3967,47.811],[10.4139,47.7981],[10.4355,47.7988],[10.4412,47.8015],[10.4638,47.8018],[10.4703,47.8159],[10.4851,47.8152],[10.4738,47.8217],[10.4739,47.8381]]]},"properties":{"AGS":"09777138","GEN":"Günzach","SN_L":"09"}},
{"type":"Feature","geometry":{"type":"Polygon","coordinates":[[[10.4829,47.8821],[10.4791,47.8984],[10.4541,47.8958],[10.4468,47.9075],[10.4436,47.899],[10.4239,47.8941],[10.4166,47.8774],[10.4038,47.8821],[10.3816,47.8811],[10.3718,47.8642],[10.3848,47.8488],[10.4036,47.8378],[10.4314,47.8322],[10.4383,47.8475],[10.4553,47.8496],[10.4739,47.8381],[10.486,47.8389],[10.5013,47.8586],[10.4829,47.8821]]]},"properties":{"AGS":"09777154","GEN":"Obergünzburg","SN_L":"09"}},
{"type":"Feature","geometry":{"type":"Polygon","coordinates":[[[10.3766,47.8819],[10.3569,47.8848],[10.3555,47.8729],[10.3413,47.876],[10.3269,47.8581],[10.3527,47.8392],[10.3518,47.8333],[10.3632,47.8258],[10.3744,47.807],[10.391,47.8066],[10.3967,47.811],[10.3947,47.823],[10.4036,47.8378],[10.3848,47.8488],[10.3718,47.8642],[10.3816,47.8811],[10.3766,47.8819]]]},"properties":{"AGS":"09777176","GEN":"Untrasried","SN_L":"09"}},
{"type":"Feature","geometry":{"type":"Polygon","coordinates":[[[10.5266,47.7183],[10.466,47.7268],[10.4742,47.7185],[10.4627,47.7092],[10.4586,47.6916],[10.4979,47.6868],[10.485,47.6754],[10.5116,47.6664],[10.5054,47.6603],[10.5198,47.6638],[10.5263,47.6782],[10.5342,47.6961],[10.522,47.7128],[10.5266,47.7183]]]},"properties":{"AGS":"09777131","GEN":"Görisried","SN_L":"09"}},
{"type":"Feature","geometry":{"type":"Polygon","coordinates":[[[10.4412,47.8015],[10.4355,47.7988],[10.4385,47.7719],[10.452,47.7567],[10.4698,47.7408],[10.4475,47.7323],[10.4578,47.7268],[10.481,47.7352],[10.4812,47.7511],[10.4891,47.773],[10.4776,47.7855],[10.4486,47.7929],[10.4412,47.8015]]]},"properties":{"AGS":"09777144","GEN":"Kraftisried","SN_L":"09"}},
{"type":"Feature","geometry":{"type":"Polygon","coordinates":[[[10.4851,47.8152],[10.4703,47.8159],[10.4638,47.8018],[10.4412,47.8015],[10.4486,47.7929],[10.4776,47.7855],[10.4891,47.773],[10.4812,47.7511],[10.481,47.7352],[10.4578,47.7268],[10.4627,47.7092],[10.4742,47.7185],[10.466,47.7268],[10.5266,47.7183],[10.5419,47.7307],[10.534,47.7492],[10.5416,47.7535],[10.5299,47.7724],[10.532,47.7846],[10.5437,47.7945],[10.5435,47.7953],[10.5117,47.7947],[10.4976,47.8125],[10.4851,47.8152]]]},"properties":{"AGS":"09777175","GEN":"Unterthingau","SN_L":"09"}},
{"type":"Feature","geometry":{"type":"Polygon","coordinates":[[[10.6105,47.5903],[10.6317,47.6019],[10.6211,47.6226],[10.6295,47.6283],[10.5777,47.6164],[10.5502,47.6218],[10.551,47.6121],[10.5849,47.5987],[10.6084,47.5962],[10.6105,47.5903]]]},"properties":{"AGS":"09777125","GEN":"Eisenberg","SN_L":"09"}},
{"type":"Feature","geometry":{"type":"Polygon","coordinates":[[[10.6657,47.6325],[10.6561,47.6274],[10.6295,47.6283],[10.6211,47.6226],[10.6317,47.6019],[10.6105,47.5903],[10.635,47.5848],[10.6552,47.5867],[10.6645,47.5959],[10.6582,47.6063],[10.6673,47.6184],[10.6657,47.6325]]]},"properties":{"AGS":"09777135","GEN":"Hopferau","SN_L":"09"}},
{"type":"Feature","geometry":{"type":"Polygon","coordinates":[[[10.6523,47.6945],[10.6441,47.6949],[10.622,47.7178],[10.5809,47.7239],[10.584,47.7082],[10.5743,47.7046],[10.5693,47.6924],[10.5479,47.6816],[10.5646,47.6836],[10.5804,47.6753],[10.5737,47.6671],[10.5854,47.6639],[10.5954,47.6711],[10.6092,47.6941],[10.6523,47.6945]]]},"properties":{"AGS":"09777149","GEN":"Lengenwang","SN_L":"09"}},
{"type":"Feature","geometry":{"type":"Polygon","coordinates":[[[10.5737,47.6671],[10.5804,47.6753],[10.5646,47.6836],[10.5479,47.6816],[10.5388,47.6738],[10.5263,47.6782],[10.5198,47.6638],[10.5054,47.6603],[10.5063,47.6536],[10.5249,47.6469],[10.5462,47.6441],[10.5909,47.6421],[10.577,47.6534],[10.5737,47.6671]]]},"properties":{"AGS":"09777168","GEN":"Rückholz","SN_L":"09"}},
{"type":"Feature","geometry":{"type":"Polygon","coordinates":[[[10.6523,47.6945],[10.6092,47.6941],[10.5954,47.6711],[10.5854,47.6639],[10.5737,47.6671],[10.577,47.6534],[10.5909,47.6421],[10.5462,47.6441],[10.5516,47.6426],[10.5502,47.6218],[10.5777,47.6164],[10.6295,47.6283],[10.6561,47.6274],[10.6657,47.6325],[10.6685,47.6365],[10.6592,47.6336],[10.6545,47.652],[10.6742,47.6664],[10.6674,47.6858],[10.6622,47.695],[10.6523,47.6945]]]},"properties":{"AGS":"09777170","GEN":"Seeg","SN_L":"09"}},
{"type":"Feature","geometry":{"type":"Polygon","coordinates":[[[10.5809,47.7239],[10.5606,47.7317],[10.5419,47.7307],[10.5266,47.7183],[10.522,47.7128],[10.5342,47.6961],[10.5263,47.6782],[10.5388,47.6738],[10.5479,47.6816],[10.5693,47.6924],[10.5743,47.7046],[10.584,47.7082],[10.5809,47.7239]]]},"properties":{"AGS":"09777179","GEN":"Wald","SN_L":"09"}},
{"type":"Feature","geometry":{"type":"Polygon","coordinates":[[[10.7372,47.6445],[10.7226,47.6426],[10.7179,47.6332],[10.7034,47.6295],[10.6685,47.6365],[10.6657,47.6325],[10.6673,47.6184],[10.68,47.6203],[10.7109,47.6103],[10.7226,47.6021],[10.7389,47.6333],[10.7395,47.644],[10.7372,47.6445]]]},"properties":{"AGS":"09777163","GEN":"Rieden am Forggensee","SN_L":"09"}},
{"type":"Feature","geometry":{"type":"Polygon","coordinates":[[[10.7325,47.6893],[10.7068,47.6885],[10.6852,47.6933],[10.6674,47.6858],[10.6742,47.6664],[10.6545,47.652],[10.6592,47.6336],[10.6685,47.6365],[10.7034,47.6295],[10.7179,47.6332],[10.7226,47.6426],[10.7372,47.6445],[10.7381,47.653],[10.773,47.6576],[10.7502,47.6661],[10.7603,47.6718],[10.7522,47.6802],[10.755,47.6883],[10.7325,47.6893]]]},"properties":{"AGS":"09777166","GEN":"Roßhaupten","SN_L":"09"}},
{"type":"Feature","geometry":{"type":"Polygon","coordinates":[[[10.7091,47.7728],[10.6876,47.7749],[10.6755,47.751],[10.6766,47.7423],[10.6656,47.7367],[10.6711,47.7139],[10.6597,47.7031],[10.6622,47.695],[10.6674,47.6858],[10.6852,47.6933],[10.7068,47.6885],[10.7325,47.6893],[10.7159,47.7055],[10.7314,47.7195],[10.7381,47.7632],[10.7091,47.7728]]]},"properties":{"AGS":"09777171","GEN":"Stötten a.Auerberg","SN_L":"09"}},
{"type":"Feature","geometry":{"type":"Polygon","coordinates":[[[10.7659,47.7861],[10.7486,47.7973],[10.7347,47.7875],[10.7107,47.7854],[10.7091,47.7728],[10.7381,47.7632],[10.757,47.7689],[10.7772,47.7668],[10.7809,47.7807],[10.7659,47.7861]]]},"properties":{"AGS":"09777183","GEN":"Rettenbach a.Auerberg","SN_L":"09"}},
{"type":"Feature","geometry":{"type":"Polygon","coordinates":[[[10.6134,48.0446],[10.5564,48.0447],[10.551,48.0531],[10.5527,48.04],[10.5656,48.0361],[10.5471,48.0138],[10.5498,47.9955],[10.5575,47.9779],[10.5675,47.9706],[10.5875,47.9678],[10.6238,47.9507],[10.6453,47.971],[10.6461,47.9906],[10.6608,48.0019],[10.6592,48.0159],[10.652,48.0164],[10.6221,48.0204],[10.6134,48.0446]]]},"properties":{"AGS":"09778116","GEN":"Bad Wörishofen","SN_L":"09"}},
{"type":"Feature","geometry":{"type":"Polygon","coordinates":[[[10.1324,48.0154],[10.1196,48.0035],[10.115,47.9763],[10.1153,47.9643],[10.129,47.9581],[10.145,47.9644],[10.1302,47.9718],[10.134,47.9846],[10.1528,47.989],[10.157,47.9976],[10.1408,48.0139],[10.1324,48.0154]]]},"properties":{"AGS":"09778123","GEN":"Buxheim","SN_L":"09"}},
{"type":"Feature","geometry":{"type":"Polygon","coordinates":[[[10.6848,48.1294],[10.7012,48.145],[10.6855,48.1487],[10.6959,48.1641],[10.6847,48.1725],[10.6711,48.1736],[10.6445,48.1658],[10.6457,48.1447],[10.627,48.1443],[10.6329,48.1284],[10.6137,48.1119],[10.6053,48.1082],[10.6159,48.0941],[10.6293,48.0981],[10.6494,48.0922],[10.6514,48.0855],[10.6768,48.0869],[10.6931,48.0954],[10.6848,48.1294]]]},"properties":{"AGS":"09778137","GEN":"Ettringen","SN_L":"09"}},
{"type":"Feature","geometry":{"type":"Polygon","coordinates":[[[10.4477,47.9869],[10.4404,47.9967],[10.4256,47.9957],[10.4157,47.9876],[10.3991,47.9896],[10.3803,47.9845],[10.3641,47.9871],[10.3438,47.9781],[10.336,47.9668],[10.3361,47.9536],[10.3625,47.9539],[10.375,47.9483],[10.3738,47.9226],[10.3966,47.8996],[10.4387,47.9225],[10.4315,47.9236],[10.4373,47.9445],[10.4469,47.9598],[10.4389,47.9613],[10.4477,47.9869]]]},"properties":{"AGS":"09778168","GEN":"Markt Rettenbach","SN_L":"09"}},
{"type":"Feature","geometry":{"type":"Polygon","coordinates":[[[10.6275,48.1656],[10.6094,48.16],[10.6001,48.1661],[10.5684,48.167],[10.5672,48.1746],[10.5439,48.1731],[10.5415,48.1665],[10.5496,48.1453],[10.5608,48.1405],[10.5758,48.1227],[10.6018,48.1228],[10.6137,48.1119],[10.6329,48.1284],[10.627,48.1443],[10.6457,48.1447],[10.6445,48.1658],[10.6275,48.1656]]]},"properties":{"AGS":"09778169","GEN":"Markt Wald","SN_L":"09"}},
{"type":"Feature","geometry":{"type":"Polygon","coordinates":[[[10.5181,48.0948],[10.5088,48.099],[10.4775,48.0953],[10.4726,48.0854],[10.4546,48.0844],[10.4347,48.0706],[10.4446,48.0603],[10.4378,48.0554],[10.4374,48.0365],[10.462,48.0309],[10.4685,48.0218],[10.4918,48.0249],[10.5076,48.031],[10.5153,48.0166],[10.5335,48.0196],[10.5471,48.0138],[10.5656,48.0361],[10.5527,48.04],[10.551,48.0531],[10.5467,48.0638],[10.5316,48.056],[10.5298,48.0712],[10.5181,48.0948]]]},"properties":{"AGS":"09778173","GEN":"Mindelheim","SN_L":"09"}},
{"type":"Feature","geometry":{"type":"Polygon","coordinates":[[[10.4147,48.0175],[10.3863,48.0194],[10.3825,48.0258],[10.3332,48.0143],[10.3219,48.0079],[10.3136,47.9924],[10.3157,47.9809],[10.336,47.9668],[10.3438,47.9781],[10.3641,47.9871],[10.3803,47.9845],[10.3991,47.9896],[10.4046,48.0092],[10.4147,48.0175]]]},"properties":{"AGS":"09778196","GEN":"Sontheim","SN_L":"09"}},
{"type":"Feature","geometry":{"type":"Polygon","coordinates":[[[10.5496,48.1453],[10.5101,48.1331],[10.5241,48.1016],[10.5181,48.0948],[10.5298,48.0712],[10.5316,48.056],[10.5467,48.0638],[10.55,48.0701],[10.5687,48.0762],[10.5666,48.0879],[10.5837,48.0861],[10.6159,48.0941],[10.6053,48.1082],[10.6137,48.1119],[10.6018,48.1228],[10.5758,48.1227],[10.5608,48.1405],[10.5496,48.1453]]]},"properties":{"AGS":"09778204","GEN":"Tussenhausen","SN_L":"09"}},
{"type":"Feature","geometry":{"type":"Polygon","coordinates":[[[10.2752,47.9114],[10.2753,47.8931],[10.2811,47.8909],[10.2986,47.8687],[10.3061,47.8636],[10.3269,47.8581],[10.3413,47.876],[10.3555,47.8729],[10.3569,47.8848],[10.3258,47.8969],[10.3073,47.907],[10.2752,47.9114]]]},"properties":{"AGS":"09778119","GEN":"Böhen","SN_L":"09"}},
{"type":"Feature","geometry":{"type":"Polygon","coordinates":[[[10.2731,47.9842],[10.2709,47.992],[10.2441,47.9884],[10.2353,47.9822],[10.2414,47.9654],[10.2365,47.9601],[10.254,47.9572],[10.2613,47.9597],[10.287,47.9549],[10.293,47.9677],[10.2955,47.9878],[10.2918,47.9888],[10.2844,47.9877],[10.2731,47.9842]]]},"properties":{"AGS":"09778149","GEN":"Hawangen","SN_L":"09"}},
{"type":"Feature","geometry":{"type":"Polygon","coordinates":[[[10.3136,47.9924],[10.2955,47.9878],[10.293,47.9677],[10.287,47.9549],[10.2708,47.945],[10.2669,47.9404],[10.2733,47.9235],[10.2752,47.9114],[10.3073,47.907],[10.3258,47.8969],[10.3569,47.8848],[10.3766,47.8819],[10.3825,47.8928],[10.376,47.9045],[10.359,47.9187],[10.3738,47.9226],[10.375,47.9483],[10.3625,47.9539],[10.3361,47.9536],[10.336,47.9668],[10.3157,47.9809],[10.3136,47.9924]]]},"properties":{"AGS":"09778186","GEN":"Ottobeuren","SN_L":"09"}},
{"type":"Feature","geometry":{"type":"Polygon","coordinates":[[[10.2738,48.1623],[10.2407,48.1679],[10.2235,48.1633],[10.2086,48.1614],[10.2092,48.1465],[10.2094,48.1386],[10.2125,48.1322],[10.2329,48.132],[10.24,48.1263],[10.2387,48.1091],[10.2303,48.1023],[10.2441,48.0905],[10.2579,48.1058],[10.2596,48.1136],[10.2742,48.1183],[10.2632,48.1278],[10.2644,48.1352],[10.2831,48.1399],[10.2912,48.1533],[10.2738,48.1623]]]},"properties":{"AGS":"09778115","GEN":"Babenhausen","SN_L":"09"}},
{"type":"Feature","geometry":{"type":"Polygon","coordinates":[[[10.2742,48.1183],[10.2596,48.1136],[10.2579,48.1058],[10.2441,48.0905],[10.2379,48.0805],[10.2388,48.0641],[10.2544,48.0681],[10.284,48.0675],[10.3005,48.0759],[10.3004,48.0891],[10.3249,48.096],[10.3106,48.1025],[10.2893,48.1008],[10.2742,48.1183]]]},"properties":{"AGS":"09778130","GEN":"Egg a.d.Günz","SN_L":"09"}},
{"type":"Feature","geometry":{"type":"Polygon","coordinates":[[[10.3633,48.1622],[10.3523,48.1738],[10.3178,48.1831],[10.3159,48.1964],[10.3078,48.184],[10.2951,48.1845],[10.2944,48.1725],[10.2738,48.1623],[10.2912,48.1533],[10.2831,48.1399],[10.3004,48.139],[10.3061,48.1195],[10.3154,48.1176],[10.3439,48.1209],[10.3533,48.1124],[10.3449,48.1325],[10.3633,48.1622]]]},"properties":{"AGS":"09778157","GEN":"Kirchhaslach","SN_L":"09"}},
{"type":"Feature","geometry":{"type":"Polygon","coordinates":[[[10.3533,48.1124],[10.3439,48.1209],[10.3154,48.1176],[10.3061,48.1195],[10.3004,48.139],[10.2831,48.1399],[10.2644,48.1352],[10.2632,48.1278],[10.2742,48.1183],[10.2893,48.1008],[10.3106,48.1025],[10.3249,48.096],[10.3303,48.0917],[10.3549,48.0978],[10.3533,48.1124]]]},"properties":{"AGS":"09778184","GEN":"Oberschönegg","SN_L":"09"}},
{"type":"Feature","geometry":{"type":"Polygon","coordinates":[[[10.2303,48.1023],[10.2387,48.1091],[10.24,48.1263],[10.2329,48.132],[10.2125,48.1322],[10.2094,48.1386],[10.1964,48.1331],[10.1927,48.1234],[10.1971,48.108],[10.2303,48.1023]]]},"properties":{"AGS":"09778217","GEN":"Winterrieden","SN_L":"09"}},
{"type":"Feature","geometry":{"type":"Polygon","coordinates":[[[10.2959,48.2216],[10.2819,48.2226],[10.2714,48.2297],[10.2545,48.218],[10.2507,48.2027],[10.2414,48.1925],[10.2259,48.1919],[10.2215,48.1792],[10.2235,48.1633],[10.2407,48.1679],[10.2738,48.1623],[10.2944,48.1725],[10.2951,48.1845],[10.2891,48.198],[10.3012,48.2151],[10.2959,48.2216]]]},"properties":{"AGS":"09778221","GEN":"Kettershausen","SN_L":"09"}},
{"type":"Feature","geometry":{"type":"Polygon","coordinates":[[[10.45,48.1639],[10.4403,48.1696],[10.4097,48.1694],[10.3911,48.1791],[10.3729,48.1712],[10.3633,48.1622],[10.3449,48.1325],[10.3533,48.1124],[10.3549,48.0978],[10.3555,48.0812],[10.3636,48.0881],[10.3815,48.0904],[10.4008,48.0998],[10.4153,48.1187],[10.4156,48.1508],[10.4296,48.1594],[10.4482,48.1588],[10.45,48.1639]]]},"properties":{"AGS":"09778121","GEN":"Breitenbrunn","SN_L":"09"}},
{"type":"Feature","geometry":{"type":"Polygon","coordinates":[[[10.4546,48.0844],[10.439,48.0936],[10.4483,48.1058],[10.4361,48.1189],[10.4153,48.1187],[10.4008,48.0998],[10.3815,48.0904],[10.3636,48.0881],[10.3555,48.0812],[10.3626,48.0779],[10.3795,48.0805],[10.3954,48.0723],[10.4347,48.0706],[10.4546,48.0844]]]},"properties":{"AGS":"09778183","GEN":"Oberrieden","SN_L":"09"}},
{"type":"Feature","geometry":{"type":"Polygon","coordinates":[[[10.4482,48.1588],[10.4296,48.1594],[10.4156,48.1508],[10.4153,48.1187],[10.4361,48.1189],[10.4483,48.1058],[10.439,48.0936],[10.4546,48.0844],[10.4726,48.0854],[10.4775,48.0953],[10.4658,48.1215],[10.4516,48.1385],[10.4482,48.1588]]]},"properties":{"AGS":"09778187","GEN":"Pfaffenhausen","SN_L":"09"}},
{"type":"Feature","geometry":{"type":"Polygon","coordinates":[[[10.4854,48.1512],[10.45,48.1639],[10.4482,48.1588],[10.4516,48.1385],[10.4658,48.1215],[10.4775,48.0953],[10.5088,48.099],[10.5181,48.0948],[10.5241,48.1016],[10.5101,48.1331],[10.4854,48.1512]]]},"properties":{"AGS":"09778190","GEN":"Salgen","SN_L":"09"}},
{"type":"Feature","geometry":{"type":"Polygon","coordinates":[[[10.5188,48.2251],[10.5042,48.218],[10.4842,48.2154],[10.494,48.202],[10.4916,48.1918],[10.5041,48.1877],[10.5049,48.1679],[10.5101,48.1598],[10.4854,48.1512],[10.5101,48.1331],[10.5496,48.1453],[10.5415,48.1665],[10.5439,48.1731],[10.5491,48.1791],[10.5873,48.1865],[10.5789,48.2025],[10.5916,48.2064],[10.5736,48.2121],[10.5601,48.2041],[10.5463,48.2027],[10.5188,48.2251]]]},"properties":{"AGS":"09778134","GEN":"Eppishausen","SN_L":"09"}},
{"type":"Feature","geometry":{"type":"Polygon","coordinates":[[[10.4842,48.2154],[10.4775,48.2148],[10.4702,48.2074],[10.4426,48.206],[10.4355,48.1908],[10.4244,48.192],[10.3911,48.1791],[10.4097,48.1694],[10.4403,48.1696],[10.45,48.1639],[10.4854,48.1512],[10.5101,48.1598],[10.5049,48.1679],[10.5041,48.1877],[10.4916,48.1918],[10.494,48.202],[10.4842,48.2154]]]},"properties":{"AGS":"09778158","GEN":"Kirchheim i.Schw.","SN_L":"09"}},
{"type":"Feature","geometry":{"type":"Polygon","coordinates":[[[10.2303,48.1023],[10.1971,48.108],[10.1851,48.0894],[10.1708,48.0802],[10.1692,48.0712],[10.1819,48.0716],[10.1974,48.0654],[10.2316,48.0692],[10.2379,48.0805],[10.2441,48.0905],[10.2303,48.1023]]]},"properties":{"AGS":"09778120","GEN":"Boos","SN_L":"09"}},
{"type":"Feature","geometry":{"type":"Polygon","coordinates":[[[10.1708,48.0802],[10.1434,48.0848],[10.1406,48.0955],[10.1349,48.0776],[10.1406,48.0649],[10.1623,48.0591],[10.1692,48.0712],[10.1708,48.0802]]]},"properties":{"AGS":"09778139","GEN":"Fellheim","SN_L":"09"}},
{"type":"Feature","geometry":{"type":"Polygon","coordinates":[[[10.1623,48.0591],[10.1406,48.0649],[10.1413,48.0467],[10.1274,48.0314],[10.1334,48.0263],[10.1357,48.0238],[10.169,48.0235],[10.1911,48.0314],[10.2119,48.0445],[10.1908,48.0414],[10.177,48.0443],[10.1623,48.0591]]]},"properties":{"AGS":"09778150","GEN":"Heimertingen","SN_L":"09"}},
{"type":"Feature","geometry":{"type":"Polygon","coordinates":[[[10.2388,48.0641],[10.2379,48.0805],[10.2316,48.0692],[10.1974,48.0654],[10.1819,48.0716],[10.1692,48.0712],[10.1623,48.0591],[10.177,48.0443],[10.1908,48.0414],[10.2119,48.0445],[10.2298,48.0474],[10.2388,48.0641]]]},"properties":{"AGS":"09778177","GEN":"Niederrieden","SN_L":"09"}},
{"type":"Feature","geometry":{"type":"Polygon","coordinates":[[[10.1971,48.108],[10.1927,48.1234],[10.1814,48.124],[10.1508,48.1178],[10.1365,48.1085],[10.1404,48.0989],[10.1406,48.0955],[10.1434,48.0848],[10.1708,48.0802],[10.1851,48.0894],[10.1971,48.108]]]},"properties":{"AGS":"09778188","GEN":"Pleß","SN_L":"09"}},
{"type":"Feature","geometry":{"type":"Polygon","coordinates":[[[10.3555,48.0812],[10.3549,48.0978],[10.3303,48.0917],[10.3281,48.0657],[10.3012,48.0627],[10.301,48.0552],[10.3171,48.049],[10.311,48.0418],[10.3224,48.0229],[10.3332,48.0143],[10.3825,48.0258],[10.3903,48.0335],[10.381,48.0586],[10.3622,48.0605],[10.3626,48.0779],[10.3555,48.0812]]]},"properties":{"AGS":"09778136","GEN":"Erkheim","SN_L":"09"}},
{"type":"Feature","geometry":{"type":"Polygon","coordinates":[[[10.3303,48.0917],[10.3249,48.096],[10.3004,48.0891],[10.3005,48.0759],[10.284,48.0675],[10.2544,48.0681],[10.2388,48.0641],[10.2298,48.0474],[10.2304,48.0423],[10.2542,48.0438],[10.2659,48.0503],[10.2865,48.048],[10.301,48.0552],[10.3012,48.0627],[10.3281,48.0657],[10.3303,48.0917]]]},"properties":{"AGS":"09778163","GEN":"Lauben","SN_L":"09"}},
{"type":"Feature","geometry":{"type":"Polygon","coordinates":[[[10.4347,48.0706],[10.3954,48.0723],[10.3795,48.0805],[10.3626,48.0779],[10.3622,48.0605],[10.381,48.0586],[10.3903,48.0335],[10.3825,48.0258],[10.3863,48.0194],[10.4147,48.0175],[10.4313,48.0204],[10.4374,48.0365],[10.4378,48.0554],[10.4446,48.0603],[10.4347,48.0706]]]},"properties":{"AGS":"09778180","GEN":"Kammlach","SN_L":"09"}},
{"type":"Feature","geometry":{"type":"Polygon","coordinates":[[[10.3332,48.0143],[10.3224,48.0229],[10.311,48.0418],[10.3171,48.049],[10.301,48.0552],[10.2865,48.048],[10.2659,48.0503],[10.2542,48.0438],[10.274,48.0337],[10.2709,48.0186],[10.2763,48.016],[10.2902,48.013],[10.29,47.9997],[10.2918,47.9888],[10.2955,47.9878],[10.3136,47.9924],[10.3219,48.0079],[10.3332,48.0143]]]},"properties":{"AGS":"09778214","GEN":"Westerheim","SN_L":"09"}},
{"type":"Feature","geometry":{"type":"Polygon","coordinates":[[[10.7079,48.0599],[10.7018,48.0979],[10.6931,48.0954],[10.6768,48.0869],[10.6788,48.0742],[10.6664,48.0659],[10.6647,48.0554],[10.6907,48.0484],[10.7079,48.0599]]]},"properties":{"AGS":"09778111","GEN":"Amberg","SN_L":"09"}},
{"type":"Feature","geometry":{"type":"Polygon","coordinates":[[[10.6768,48.0869],[10.6514,48.0855],[10.6494,48.0922],[10.6293,48.0981],[10.6159,48.0941],[10.5837,48.0861],[10.609,48.0806],[10.6168,48.0729],[10.609,48.0593],[10.6134,48.0446],[10.6221,48.0204],[10.652,48.0164],[10.6513,48.0449],[10.6647,48.0554],[10.6664,48.0659],[10.6788,48.0742],[10.6768,48.0869]]]},"properties":{"AGS":"09778203","GEN":"Türkheim","SN_L":"09"}},
{"type":"Feature","geometry":{"type":"Polygon","coordinates":[[[10.5837,48.0861],[10.5666,48.0879],[10.5687,48.0762],[10.55,48.0701],[10.5467,48.0638],[10.551,48.0531],[10.5564,48.0447],[10.6134,48.0446],[10.609,48.0593],[10.6168,48.0729],[10.609,48.0806],[10.5837,48.0861]]]},"properties":{"AGS":"09778209","GEN":"Rammingen","SN_L":"09"}},
{"type":"Feature","geometry":{"type":"Polygon","coordinates":[[[10.6907,48.0484],[10.6647,48.0554],[10.6513,48.0449],[10.652,48.0164],[10.6592,48.0159],[10.6776,48.0156],[10.6853,48.0318],[10.6985,48.0308],[10.6984,48.0433],[10.6907,48.0484]]]},"properties":{"AGS":"09778216","GEN":"Wiedergeltingen","SN_L":"09"}},
{"type":"Feature","geometry":{"type":"MultiPolygon","coordinates":[[[[10.287,47.9549],[10.2613,47.9597],[10.254,47.9572],[10.2708,47.945],[10.287,47.9549]]],[[[10.2353,47.9822],[10.2082,47.981],[10.1999,47.9769],[10.198,47.9564],[10.1877,47.9508],[10.2063,47.9477],[10.2365,47.9601],[10.2414,47.9654],[10.2353,47.9822]]]]},"properties":{"AGS":"09778118","GEN":"Benningen","SN_L":"09"}},
{"type":"Feature","geometry":{"type":"Polygon","coordinates":[[[10.2542,48.0438],[10.2304,48.0423],[10.2241,48.0317],[10.2265,48.011],[10.2299,48.0037],[10.2419,48.0041],[10.2709,48.0186],[10.274,48.0337],[10.2542,48.0438]]]},"properties":{"AGS":"09778151","GEN":"Holzgünz","SN_L":"09"}},
{"type":"Feature","geometry":{"type":"Polygon","coordinates":[[[10.254,47.9572],[10.2365,47.9601],[10.2063,47.9477],[10.2294,47.9291],[10.2292,47.9224],[10.2659,47.9266],[10.2733,47.9235],[10.2669,47.9404],[10.2708,47.945],[10.254,47.9572]]]},"properties":{"AGS":"09778162","GEN":"Lachen","SN_L":"09"}},
{"type":"Feature","geometry":{"type":"Polygon","coordinates":[[[10.2419,48.0041],[10.2299,48.0037],[10.2171,47.9964],[10.2022,47.9966],[10.2082,47.981],[10.2353,47.9822],[10.2441,47.9884],[10.2419,48.0041]]]},"properties":{"AGS":"09778171","GEN":"Memmingerberg","SN_L":"09"}},
{"type":"Feature","geometry":{"type":"Polygon","coordinates":[[[10.2022,47.9966],[10.2171,47.9964],[10.2299,48.0037],[10.2265,48.011],[10.2159,48.0085],[10.2022,47.9966]]]},"properties":{"AGS":"09778202","GEN":"Trunkelsberg","SN_L":"09"}},
{"type":"Feature","geometry":{"type":"MultiPolygon","coordinates":[[[[10.2918,47.9888],[10.29,47.9997],[10.2844,47.9877],[10.2918,47.9888]]],[[[10.2763,48.016],[10.2709,48.0186],[10.2419,48.0041],[10.2441,47.9884],[10.2709,47.992],[10.2731,47.9842],[10.2763,48.016]]]]},"properties":{"AGS":"09778205","GEN":"Ungerhausen","SN_L":"09"}},
{"type":"Feature","geometry":{"type":"Polygon","coordinates":[[[10.5153,48.0166],[10.5076,48.031],[10.4918,48.0249],[10.4685,48.0218],[10.464,48.0057],[10.4516,48.0006],[10.4477,47.9869],[10.4389,47.9613],[10.4469,47.9598],[10.4586,47.9732],[10.4702,47.9745],[10.4672,47.9786],[10.4799,48.0042],[10.4916,48.0114],[10.5115,48.0113],[10.5153,48.0166]]]},"properties":{"AGS":"09778113","GEN":"Apfeltrach","SN_L":"09"}},
{"type":"Feature","geometry":{"type":"Polygon","coordinates":[[[10.5471,48.0138],[10.5335,48.0196],[10.5153,48.0166],[10.5115,48.0113],[10.4916,48.0114],[10.4799,48.0042],[10.4672,47.9786],[10.4702,47.9745],[10.5039,47.9748],[10.5148,47.9715],[10.5249,47.9822],[10.5575,47.9779],[10.5498,47.9955],[10.5471,48.0138]]]},"properties":{"AGS":"09778127","GEN":"Dirlewang","SN_L":"09"}},
{"type":"Feature","geometry":{"type":"Polygon","coordinates":[[[10.4685,48.0218],[10.462,48.0309],[10.4374,48.0365],[10.4313,48.0204],[10.4147,48.0175],[10.4046,48.0092],[10.3991,47.9896],[10.4157,47.9876],[10.4256,47.9957],[10.4404,47.9967],[10.4477,47.9869],[10.4516,48.0006],[10.464,48.0057],[10.4685,48.0218]]]},"properties":{"AGS":"09778199","GEN":"Stetten","SN_L":"09"}},
{"type":"Feature","geometry":{"type":"Polygon","coordinates":[[[10.5148,47.9715],[10.5039,47.9748],[10.4702,47.9745],[10.4586,47.9732],[10.4469,47.9598],[10.4373,47.9445],[10.4315,47.9236],[10.4387,47.9225],[10.4563,47.923],[10.4654,47.937],[10.4789,47.94],[10.4892,47.9338],[10.5022,47.9358],[10.5132,47.9426],[10.5212,47.968],[10.5148,47.9715]]]},"properties":{"AGS":"09778207","GEN":"Unteregg","SN_L":"09"}},
{"type":"Feature","geometry":{"type":"Polygon","coordinates":[[[10.1584,47.9166],[10.1371,47.9204],[10.1101,47.9371],[10.1092,47.9192],[10.122,47.8986],[10.1335,47.8996],[10.1509,47.8883],[10.1556,47.8791],[10.1811,47.8703],[10.1855,47.8821],[10.1765,47.9039],[10.1584,47.9166]]]},"properties":{"AGS":"09778161","GEN":"Kronburg","SN_L":"09"}},
{"type":"Feature","geometry":{"type":"Polygon","coordinates":[[[10.122,47.8986],[10.1092,47.9192],[10.1083,47.9156],[10.1016,47.8985],[10.1048,47.8776],[10.0916,47.8674],[10.0768,47.8678],[10.0829,47.8558],[10.1021,47.8655],[10.1045,47.8724],[10.12,47.8777],[10.122,47.8986]]]},"properties":{"AGS":"09778164","GEN":"Lautrach","SN_L":"09"}},
{"type":"Feature","geometry":{"type":"Polygon","coordinates":[[[10.1811,47.8703],[10.1556,47.8791],[10.1509,47.8883],[10.1335,47.8996],[10.122,47.8986],[10.12,47.8777],[10.1045,47.8724],[10.1021,47.8655],[10.1036,47.8518],[10.1194,47.8281],[10.1319,47.8201],[10.1533,47.8216],[10.1763,47.8364],[10.1922,47.8406],[10.1854,47.8492],[10.1811,47.8703]]]},"properties":{"AGS":"09778165","GEN":"Legau","SN_L":"09"}},
{"type":"Feature","geometry":{"type":"Polygon","coordinates":[[[10.2352,47.906],[10.2192,47.9129],[10.2031,47.9105],[10.1945,47.9016],[10.1765,47.9039],[10.1855,47.8821],[10.1811,47.8703],[10.1854,47.8492],[10.211,47.8483],[10.2211,47.8398],[10.254,47.8458],[10.25,47.8557],[10.2813,47.8585],[10.29,47.8526],[10.3061,47.8636],[10.2986,47.8687],[10.2674,47.8845],[10.2483,47.8851],[10.234,47.8992],[10.2352,47.906]]]},"properties":{"AGS":"09778144","GEN":"Bad Grönenbach","SN_L":"09"}},
{"type":"Feature","geometry":{"type":"Polygon","coordinates":[[[10.2733,47.9235],[10.2659,47.9266],[10.2292,47.9224],[10.2352,47.906],[10.234,47.8992],[10.2483,47.8851],[10.2674,47.8845],[10.2986,47.8687],[10.2811,47.8909],[10.2753,47.8931],[10.2752,47.9114],[10.2733,47.9235]]]},"properties":{"AGS":"09778218","GEN":"Wolfertschwenden","SN_L":"09"}},
{"type":"Feature","geometry":{"type":"Polygon","coordinates":[[[10.2063,47.9477],[10.1877,47.9508],[10.1895,47.9386],[10.1802,47.9303],[10.159,47.9221],[10.1584,47.9166],[10.1765,47.9039],[10.1945,47.9016],[10.2031,47.9105],[10.2192,47.9129],[10.2352,47.906],[10.2292,47.9224],[10.2294,47.9291],[10.2063,47.9477]]]},"properties":{"AGS":"09778219","GEN":"Woringen","SN_L":"09"}},
{"type":"Feature","geometry":{"type":"Polygon","coordinates":[[[10.29,47.9997],[10.2902,48.013],[10.2763,48.016],[10.2731,47.9842],[10.2844,47.9877],[10.29,47.9997]]]},"properties":{"AGS":"09778451","GEN":"Ungerhauser Wald","SN_L":"09"}},
{"type":"Feature","geometry":{"type":"Polygon","coordinates":[[[10.8532,48.695],[10.8389,48.7075],[10.8223,48.7068],[10.7902,48.6799],[10.81,48.6665],[10.8329,48.6671],[10.8319,48.6808],[10.8431,48.6932],[10.8532,48.695]]]},"properties":{"AGS":"09779115","GEN":"Asbach-Bäumenheim","SN_L":"09"}},
{"type":"Feature","geometry":{"type":"Polygon","coordinates":[[[10.8674,48.7268],[10.8498,48.7308],[10.8514,48.7387],[10.8382,48.7458],[10.8328,48.7564],[10.8186,48.7629],[10.7967,48.7626],[10.7704,48.7546],[10.7374,48.7623],[10.7369,48.745],[10.712,48.7373],[10.6953,48.7391],[10.6704,48.7277],[10.6942,48.7093],[10.7188,48.7104],[10.734,48.6978],[10.7466,48.6807],[10.7675,48.6871],[10.7828,48.6755],[10.7902,48.6799],[10.8223,48.7068],[10.834,48.716],[10.8611,48.7112],[10.8674,48.7268]]]},"properties":{"AGS":"09779131","GEN":"Donauwörth","SN_L":"09"}},
{"type":"Feature","geometry":{"type":"Polygon","coordinates":[[[10.4875,49.0099],[10.4694,49.0108],[10.4336,49.0047],[10.4212,48.9924],[10.4273,48.9817],[10.4098,48.9774],[10.403,48.9696],[10.4037,48.9668],[10.4195,48.9592],[10.4347,48.9444],[10.4441,48.9451],[10.4498,48.9517],[10.4658,48.9533],[10.4841,48.948],[10.5291,48.9407],[10.5141,48.9549],[10.5119,48.9724],[10.5351,48.9813],[10.5382,48.995],[10.5169,49.0013],[10.52,49.0072],[10.499,49.006],[10.4875,49.0099]]]},"properties":{"AGS":"09779147","GEN":"Fremdingen","SN_L":"09"}},
{"type":"Feature","geometry":{"type":"Polygon","coordinates":[[[10.6729,48.8303],[10.6505,48.8306],[10.6325,48.8235],[10.629,48.812],[10.6176,48.8061],[10.6251,48.7815],[10.635,48.7739],[10.645,48.7718],[10.6483,48.7549],[10.6584,48.7322],[10.6584,48.7264],[10.6704,48.7277],[10.6953,48.7391],[10.712,48.7373],[10.7369,48.745],[10.7374,48.7623],[10.7306,48.782],[10.7685,48.7901],[10.7698,48.8129],[10.7461,48.8153],[10.7405,48.8227],[10.7219,48.8133],[10.7237,48.8071],[10.6879,48.8107],[10.676,48.8086],[10.6689,48.8181],[10.6729,48.8303]]]},"properties":{"AGS":"09779155","GEN":"Harburg (Schwaben)","SN_L":"09"}},
{"type":"Feature","geometry":{"type":"Polygon","coordinates":[[[10.8018,48.8121],[10.7813,48.8096],[10.7698,48.8129],[10.7685,48.7901],[10.7306,48.782],[10.7374,48.7623],[10.7704,48.7546],[10.7967,48.7626],[10.8186,48.7629],[10.8328,48.7564],[10.8382,48.7458],[10.8514,48.7387],[10.8498,48.7308],[10.8674,48.7268],[10.8716,48.726],[10.8892,48.7274],[10.8911,48.7391],[10.8904,48.7474],[10.8751,48.7517],[10.8669,48.7667],[10.8344,48.7653],[10.8326,48.7703],[10.8104,48.7731],[10.8045,48.7886],[10.8217,48.7936],[10.8365,48.8056],[10.8096,48.8065],[10.8018,48.8121]]]},"properties":{"AGS":"09779169","GEN":"Kaisheim","SN_L":"09"}},
{"type":"Feature","geometry":{"type":"Polygon","coordinates":[[[10.9274,48.808],[10.924,48.7697],[10.916,48.7629],[10.9031,48.7678],[10.8825,48.7646],[10.8709,48.7671],[10.8669,48.7667],[10.8751,48.7517],[10.8904,48.7474],[10.8911,48.7391],[10.9056,48.74],[10.9176,48.7335],[10.9303,48.7388],[10.9515,48.7279],[10.9798,48.7244],[11.0018,48.7221],[10.9997,48.7344],[10.9857,48.7462],[10.9965,48.7514],[10.9951,48.7651],[10.9704,48.7712],[10.9857,48.7884],[10.978,48.7983],[10.9602,48.796],[10.9522,48.8075],[10.9427,48.8028],[10.9274,48.808]]]},"properties":{"AGS":"09779178","GEN":"Marxheim","SN_L":"09"}},
{"type":"Feature","geometry":{"type":"Polygon","coordinates":[[[10.7902,48.6799],[10.7828,48.6755],[10.7675,48.6871],[10.7466,48.6807],[10.7363,48.6635],[10.7473,48.6627],[10.7451,48.6366],[10.7681,48.6328],[10.7794,48.6189],[10.8243,48.625],[10.8422,48.635],[10.8479,48.6535],[10.844,48.666],[10.8329,48.6671],[10.81,48.6665],[10.7902,48.6799]]]},"properties":{"AGS":"09779181","GEN":"Mertingen","SN_L":"09"}},
{"type":"Feature","geometry":{"type":"Polygon","coordinates":[[[10.6325,48.8235],[10.6252,48.8336],[10.5784,48.837],[10.563,48.834],[10.5579,48.8237],[10.5345,48.8211],[10.5292,48.8129],[10.5309,48.7979],[10.5549,48.7953],[10.6007,48.7975],[10.5962,48.7882],[10.6082,48.7743],[10.6212,48.7682],[10.635,48.7739],[10.6251,48.7815],[10.6176,48.8061],[10.629,48.812],[10.6325,48.8235]]]},"properties":{"AGS":"09779185","GEN":"Möttingen","SN_L":"09"}},
{"type":"Feature","geometry":{"type":"Polygon","coordinates":[[[10.5354,48.9222],[10.5149,48.9041],[10.5125,48.8917],[10.5041,48.8893],[10.5009,48.8714],[10.4932,48.8682],[10.4606,48.8698],[10.4526,48.8735],[10.4484,48.8611],[10.4528,48.8519],[10.4292,48.8449],[10.4263,48.8369],[10.448,48.8319],[10.4463,48.8107],[10.441,48.8064],[10.4636,48.8141],[10.4831,48.8167],[10.5028,48.7957],[10.5091,48.7952],[10.5309,48.7979],[10.5292,48.8129],[10.5063,48.8131],[10.4974,48.8343],[10.5143,48.8385],[10.5345,48.8376],[10.5579,48.8237],[10.563,48.834],[10.5784,48.837],[10.5781,48.8456],[10.5374,48.8513],[10.5368,48.8633],[10.5486,48.8682],[10.5512,48.878],[10.5721,48.8867],[10.5877,48.896],[10.5939,48.9088],[10.5816,48.9098],[10.5577,48.9088],[10.5516,48.9203],[10.5354,48.9222]]]},"properties":{"AGS":"09779194","GEN":"Nördlingen","SN_L":"09"}},
{"type":"Feature","geometry":{"type":"Polygon","coordinates":[[[10.8532,48.695],[10.8431,48.6932],[10.8319,48.6808],[10.8329,48.6671],[10.844,48.666],[10.8479,48.6535],[10.8422,48.635],[10.8418,48.6292],[10.8502,48.6346],[10.8774,48.6382],[10.8728,48.6576],[10.8888,48.6694],[10.8859,48.6872],[10.8904,48.6942],[10.8853,48.6917],[10.8532,48.695]]]},"properties":{"AGS":"09779196","GEN":"Oberndorf a.Lech","SN_L":"09"}},
{"type":"Feature","geometry":{"type":"Polygon","coordinates":[[[10.9812,48.719],[10.9409,48.7206],[10.9373,48.711],[10.9162,48.7011],[10.9016,48.702],[10.8959,48.7095],[10.8904,48.6942],[10.8859,48.6872],[10.8888,48.6694],[10.8728,48.6576],[10.8774,48.6382],[10.8801,48.6376],[10.8982,48.6443],[10.9199,48.6469],[10.9302,48.6418],[10.9614,48.639],[10.9662,48.6311],[10.9819,48.631],[10.98,48.6208],[11.0032,48.6093],[11.023,48.6202],[11.0301,48.6266],[11.0068,48.6364],[11.0138,48.6475],[11.0345,48.6414],[11.0393,48.6457],[11.0218,48.6517],[11.0024,48.6659],[10.9938,48.6859],[10.984,48.6931],[10.988,48.7021],[10.9812,48.719]]]},"properties":{"AGS":"09779201","GEN":"Rain","SN_L":"09"}},
{"type":"Feature","geometry":{"type":"Polygon","coordinates":[[[10.7466,48.6807],[10.734,48.6978],[10.7188,48.7104],[10.6942,48.7093],[10.6704,48.7277],[10.6584,48.7264],[10.6515,48.6985],[10.6449,48.6905],[10.6266,48.6883],[10.6221,48.6849],[10.6465,48.6738],[10.6628,48.6575],[10.6992,48.6509],[10.7105,48.6605],[10.7361,48.6483],[10.7363,48.6635],[10.7466,48.6807]]]},"properties":{"AGS":"09779218","GEN":"Tapfheim","SN_L":"09"}},
{"type":"Feature","geometry":{"type":"Polygon","coordinates":[[[10.5291,48.9407],[10.4841,48.948],[10.4803,48.9398],[10.4909,48.9097],[10.5149,48.9041],[10.5354,48.9222],[10.5389,48.936],[10.5291,48.9407]]]},"properties":{"AGS":"09779176","GEN":"Maihingen","SN_L":"09"}},
{"type":"Feature","geometry":{"type":"Polygon","coordinates":[[[10.4841,48.948],[10.4658,48.9533],[10.4498,48.9517],[10.4441,48.9451],[10.4383,48.9326],[10.4571,48.9205],[10.4539,48.915],[10.4618,48.9043],[10.477,48.9011],[10.4909,48.9097],[10.4803,48.9398],[10.4841,48.948]]]},"properties":{"AGS":"09779177","GEN":"Marktoffingen","SN_L":"09"}},
{"type":"Feature","geometry":{"type":"Polygon","coordinates":[[[10.4539,48.915],[10.4438,48.9085],[10.4248,48.9077],[10.4241,48.9029],[10.4502,48.8931],[10.447,48.8773],[10.4526,48.8735],[10.4606,48.8698],[10.4932,48.8682],[10.5009,48.8714],[10.5041,48.8893],[10.5125,48.8917],[10.5149,48.9041],[10.4909,48.9097],[10.477,48.9011],[10.4618,48.9043],[10.4539,48.915]]]},"properties":{"AGS":"09779224","GEN":"Wallerstein","SN_L":"09"}},
{"type":"Feature","geometry":{"type":"MultiPolygon","coordinates":[[[[10.6749,48.9737],[10.6663,48.9848],[10.6424,48.9816],[10.6749,48.9737]]],[[[10.6423,49.0166],[10.6281,49.0204],[10.6056,49.0175],[10.6093,49.0106],[10.5648,49.0045],[10.5664,48.9971],[10.5786,48.9921],[10.5879,48.988],[10.6241,48.9909],[10.6269,48.9802],[10.6415,48.9813],[10.6367,48.991],[10.6423,49.0166]]]]},"properties":{"AGS":"09779117","GEN":"Auhausen","SN_L":"09"}},
{"type":"Feature","geometry":{"type":"Polygon","coordinates":[[[10.5389,48.936],[10.573,48.9501],[10.581,48.9659],[10.5571,48.975],[10.5376,48.9754],[10.5351,48.9813],[10.5119,48.9724],[10.5141,48.9549],[10.5291,48.9407],[10.5389,48.936]]]},"properties":{"AGS":"09779138","GEN":"Ehingen a.Ries","SN_L":"09"}},
{"type":"Feature","geometry":{"type":"Polygon","coordinates":[[[10.6415,48.9813],[10.6269,48.9802],[10.6135,48.9658],[10.6102,48.956],[10.6157,48.9455],[10.6125,48.9355],[10.6281,48.9352],[10.6478,48.9501],[10.6686,48.9496],[10.6864,48.9604],[10.6749,48.9737],[10.6424,48.9816],[10.6415,48.9813]]]},"properties":{"AGS":"09779154","GEN":"Hainsfarth","SN_L":"09"}},
{"type":"Feature","geometry":{"type":"Polygon","coordinates":[[[10.6864,48.9604],[10.6686,48.9496],[10.6478,48.9501],[10.6281,48.9352],[10.6566,48.92],[10.6693,48.9209],[10.6849,48.9297],[10.6921,48.9399],[10.6922,48.9599],[10.6864,48.9604]]]},"properties":{"AGS":"09779180","GEN":"Megesheim","SN_L":"09"}},
{"type":"Feature","geometry":{"type":"Polygon","coordinates":[[[10.6125,48.9355],[10.5902,48.935],[10.5747,48.9118],[10.5816,48.9098],[10.5939,48.9088],[10.6347,48.902],[10.6426,48.8958],[10.6609,48.8948],[10.667,48.8876],[10.667,48.8961],[10.6961,48.9058],[10.6693,48.9209],[10.6566,48.92],[10.6281,48.9352],[10.6125,48.9355]]]},"properties":{"AGS":"09779188","GEN":"Munningen","SN_L":"09"}},
{"type":"Feature","geometry":{"type":"Polygon","coordinates":[[[10.5786,48.9921],[10.5664,48.9971],[10.5521,48.9928],[10.5382,48.995],[10.5351,48.9813],[10.5376,48.9754],[10.5571,48.975],[10.581,48.9659],[10.573,48.9501],[10.5389,48.936],[10.5354,48.9222],[10.5516,48.9203],[10.5577,48.9088],[10.5816,48.9098],[10.5747,48.9118],[10.5902,48.935],[10.6125,48.9355],[10.6157,48.9455],[10.6102,48.956],[10.6135,48.9658],[10.6269,48.9802],[10.6241,48.9909],[10.5879,48.988],[10.5786,48.9921]]]},"properties":{"AGS":"09779197","GEN":"Oettingen i.Bay.","SN_L":"09"}},
{"type":"Feature","geometry":{"type":"Polygon","coordinates":[[[10.6825,48.8538],[10.6624,48.8698],[10.6407,48.8666],[10.6109,48.8552],[10.6034,48.8602],[10.5901,48.8561],[10.5781,48.8456],[10.5784,48.837],[10.6252,48.8336],[10.6325,48.8235],[10.6505,48.8306],[10.6729,48.8303],[10.6835,48.8366],[10.6741,48.8479],[10.6825,48.8538]]]},"properties":{"AGS":"09779111","GEN":"Alerheim","SN_L":"09"}},
{"type":"Feature","geometry":{"type":"Polygon","coordinates":[[[10.5315,48.7517],[10.5266,48.7638],[10.5096,48.77],[10.4927,48.7659],[10.4866,48.7599],[10.4932,48.7363],[10.4643,48.7351],[10.4681,48.7166],[10.4834,48.7081],[10.4873,48.6967],[10.4898,48.6989],[10.5059,48.7155],[10.5019,48.7231],[10.5133,48.7397],[10.5315,48.7517]]]},"properties":{"AGS":"09779112","GEN":"Amerdingen","SN_L":"09"}},
{"type":"Feature","geometry":{"type":"Polygon","coordinates":[[[10.6034,48.8602],[10.5913,48.8828],[10.5721,48.8867],[10.5512,48.878],[10.5486,48.8682],[10.5368,48.8633],[10.5374,48.8513],[10.5781,48.8456],[10.5901,48.8561],[10.6034,48.8602]]]},"properties":{"AGS":"09779130","GEN":"Deiningen","SN_L":"09"}},
{"type":"Feature","geometry":{"type":"Polygon","coordinates":[[[10.5091,48.7952],[10.5028,48.7957],[10.4831,48.8167],[10.4636,48.8141],[10.441,48.8064],[10.4203,48.7964],[10.43,48.7787],[10.4473,48.7837],[10.4519,48.7733],[10.4765,48.7805],[10.4847,48.7883],[10.5091,48.79],[10.5091,48.7952]]]},"properties":{"AGS":"09779136","GEN":"Ederheim","SN_L":"09"}},
{"type":"Feature","geometry":{"type":"Polygon","coordinates":[[[10.4765,48.7805],[10.4519,48.7733],[10.4473,48.7837],[10.43,48.7787],[10.4168,48.7651],[10.4282,48.7559],[10.4237,48.7442],[10.4387,48.7375],[10.4434,48.7294],[10.4643,48.7351],[10.4932,48.7363],[10.4866,48.7599],[10.4927,48.7659],[10.4765,48.7805]]]},"properties":{"AGS":"09779146","GEN":"Forheim","SN_L":"09"}},
{"type":"Feature","geometry":{"type":"Polygon","coordinates":[[[10.5309,48.7979],[10.5091,48.7952],[10.5091,48.79],[10.4847,48.7883],[10.4765,48.7805],[10.4927,48.7659],[10.5096,48.77],[10.5266,48.7638],[10.5315,48.7517],[10.5422,48.7523],[10.5429,48.7644],[10.5521,48.7713],[10.5588,48.7879],[10.5549,48.7953],[10.5309,48.7979]]]},"properties":{"AGS":"09779162","GEN":"Hohenaltheim","SN_L":"09"}},
{"type":"Feature","geometry":{"type":"Polygon","coordinates":[[[10.635,48.7739],[10.6212,48.7682],[10.6082,48.7743],[10.5962,48.7882],[10.6007,48.7975],[10.5549,48.7953],[10.5588,48.7879],[10.5521,48.7713],[10.5429,48.7644],[10.5422,48.7523],[10.5765,48.7453],[10.6,48.7466],[10.6141,48.738],[10.6502,48.7374],[10.6584,48.7322],[10.6483,48.7549],[10.645,48.7718],[10.635,48.7739]]]},"properties":{"AGS":"09779184","GEN":"Mönchsdeggingen","SN_L":"09"}},
{"type":"Feature","geometry":{"type":"Polygon","coordinates":[[[10.5579,48.8237],[10.5345,48.8376],[10.5143,48.8385],[10.4974,48.8343],[10.5063,48.8131],[10.5292,48.8129],[10.5345,48.8211],[10.5579,48.8237]]]},"properties":{"AGS":"09779203","GEN":"Reimlingen","SN_L":"09"}},
{"type":"Feature","geometry":{"type":"Polygon","coordinates":[[[10.667,48.8876],[10.6609,48.8948],[10.6426,48.8958],[10.6347,48.902],[10.5939,48.9088],[10.5877,48.896],[10.5721,48.8867],[10.5913,48.8828],[10.6034,48.8602],[10.6109,48.8552],[10.6407,48.8666],[10.6624,48.8698],[10.667,48.8876]]]},"properties":{"AGS":"09779226","GEN":"Wechingen","SN_L":"09"}},
{"type":"Feature","geometry":{"type":"Polygon","coordinates":[[[10.7623,48.8696],[10.7447,48.864],[10.7577,48.8564],[10.7317,48.8485],[10.7323,48.8375],[10.7405,48.8227],[10.7461,48.8153],[10.7698,48.8129],[10.7813,48.8096],[10.8018,48.8121],[10.8066,48.8178],[10.7964,48.8384],[10.8124,48.8593],[10.7928,48.8594],[10.7623,48.8696]]]},"properties":{"AGS":"09779148","GEN":"Fünfstetten","SN_L":"09"}},
{"type":"Feature","geometry":{"type":"Polygon","coordinates":[[[10.7447,48.864],[10.7256,48.851],[10.707,48.8513],[10.6989,48.8575],[10.6825,48.8538],[10.6741,48.8479],[10.6835,48.8366],[10.6729,48.8303],[10.6689,48.8181],[10.676,48.8086],[10.6879,48.8107],[10.7237,48.8071],[10.7219,48.8133],[10.7405,48.8227],[10.7323,48.8375],[10.7317,48.8485],[10.7577,48.8564],[10.7447,48.864]]]},"properties":{"AGS":"09779167","GEN":"Huisheim","SN_L":"09"}},
{"type":"Feature","geometry":{"type":"Polygon","coordinates":[[[10.8249,48.8962],[10.8154,48.9011],[10.7974,48.8927],[10.7791,48.8892],[10.776,48.8767],[10.7623,48.8696],[10.7928,48.8594],[10.8124,48.8593],[10.8287,48.8616],[10.8272,48.8763],[10.8111,48.8865],[10.8249,48.8962]]]},"properties":{"AGS":"09779198","GEN":"Otting","SN_L":"09"}},
{"type":"Feature","geometry":{"type":"Polygon","coordinates":[[[10.714,48.8998],[10.6961,48.9058],[10.667,48.8961],[10.667,48.8876],[10.6624,48.8698],[10.6825,48.8538],[10.6989,48.8575],[10.707,48.8513],[10.7256,48.851],[10.7447,48.864],[10.7623,48.8696],[10.776,48.8767],[10.7561,48.8766],[10.756,48.894],[10.714,48.8998]]]},"properties":{"AGS":"09779228","GEN":"Wemding","SN_L":"09"}},
{"type":"Feature","geometry":{"type":"Polygon","coordinates":[[[10.8154,48.9011],[10.8079,48.9077],[10.8325,48.9149],[10.8259,48.9312],[10.7984,48.943],[10.7882,48.94],[10.77,48.9252],[10.7389,48.9253],[10.7229,48.9005],[10.714,48.8998],[10.756,48.894],[10.7561,48.8766],[10.776,48.8767],[10.7791,48.8892],[10.7974,48.8927],[10.8154,48.9011]]]},"properties":{"AGS":"09779231","GEN":"Wolferstadt","SN_L":"09"}},
{"type":"Feature","geometry":{"type":"Polygon","coordinates":[[[10.8709,48.7671],[10.8788,48.7811],[10.8681,48.7963],[10.8378,48.8056],[10.8365,48.8056],[10.8217,48.7936],[10.8045,48.7886],[10.8104,48.7731],[10.8326,48.7703],[10.8344,48.7653],[10.8669,48.7667],[10.8709,48.7671]]]},"properties":{"AGS":"09779126","GEN":"Buchdorf","SN_L":"09"}},
{"type":"Feature","geometry":{"type":"Polygon","coordinates":[[[10.9116,48.8179],[10.8866,48.8167],[10.8637,48.8069],[10.8479,48.8123],[10.8378,48.8056],[10.8681,48.7963],[10.8788,48.7811],[10.8709,48.7671],[10.8825,48.7646],[10.9031,48.7678],[10.916,48.7629],[10.924,48.7697],[10.9274,48.808],[10.9116,48.8179]]]},"properties":{"AGS":"09779129","GEN":"Daiting","SN_L":"09"}},
{"type":"Feature","geometry":{"type":"Polygon","coordinates":[[[10.8638,48.8935],[10.8545,48.8969],[10.8249,48.8962],[10.8111,48.8865],[10.8272,48.8763],[10.8287,48.8616],[10.8124,48.8593],[10.7964,48.8384],[10.8066,48.8178],[10.8018,48.8121],[10.8096,48.8065],[10.8365,48.8056],[10.8378,48.8056],[10.8479,48.8123],[10.8637,48.8069],[10.8866,48.8167],[10.9116,48.8179],[10.9293,48.826],[10.923,48.8404],[10.9291,48.8551],[10.9376,48.8622],[10.9368,48.8633],[10.9061,48.8826],[10.8677,48.8756],[10.8533,48.8846],[10.8638,48.8935]]]},"properties":{"AGS":"09779186","GEN":"Monheim","SN_L":"09"}},
{"type":"Feature","geometry":{"type":"Polygon","coordinates":[[[10.97,48.8423],[10.9618,48.8566],[10.9376,48.8622],[10.9291,48.8551],[10.923,48.8404],[10.9293,48.826],[10.9578,48.8345],[10.97,48.8423]]]},"properties":{"AGS":"09779206","GEN":"Rögling","SN_L":"09"}},
{"type":"Feature","geometry":{"type":"Polygon","coordinates":[[[11.0059,48.8219],[10.9883,48.8412],[10.97,48.8423],[10.9578,48.8345],[10.9293,48.826],[10.9116,48.8179],[10.9274,48.808],[10.9427,48.8028],[10.9522,48.8075],[10.9784,48.8091],[11.0059,48.8219]]]},"properties":{"AGS":"09779217","GEN":"Tagmersheim","SN_L":"09"}},
{"type":"Feature","geometry":{"type":"Polygon","coordinates":[[[10.8959,48.7095],[10.8964,48.7263],[10.8716,48.726],[10.8674,48.7268],[10.8611,48.7112],[10.834,48.716],[10.8223,48.7068],[10.8389,48.7075],[10.8532,48.695],[10.8853,48.6917],[10.8904,48.6942],[10.8959,48.7095]]]},"properties":{"AGS":"09779149","GEN":"Genderkingen","SN_L":"09"}},
{"type":"Feature","geometry":{"type":"Polygon","coordinates":[[[11.0032,48.6093],[10.98,48.6208],[10.9819,48.631],[10.9662,48.6311],[10.9614,48.639],[10.9302,48.6418],[10.9299,48.6277],[10.9162,48.612],[10.914,48.6019],[10.9295,48.5965],[10.9516,48.6016],[10.9908,48.6026],[11.0032,48.6093]]]},"properties":{"AGS":"09779163","GEN":"Holzheim","SN_L":"09"}},
{"type":"Feature","geometry":{"type":"Polygon","coordinates":[[[10.9302,48.6418],[10.9199,48.6469],[10.8982,48.6443],[10.8801,48.6376],[10.8837,48.623],[10.8788,48.6174],[10.8873,48.5993],[10.9152,48.5841],[10.9239,48.587],[10.9295,48.5965],[10.914,48.6019],[10.9162,48.612],[10.9299,48.6277],[10.9302,48.6418]]]},"properties":{"AGS":"09779187","GEN":"Münster","SN_L":"09"}},
{"type":"Feature","geometry":{"type":"Polygon","coordinates":[[[10.9798,48.7244],[10.9515,48.7279],[10.9303,48.7388],[10.9176,48.7335],[10.9056,48.74],[10.8911,48.7391],[10.8892,48.7274],[10.8716,48.726],[10.8964,48.7263],[10.8959,48.7095],[10.9016,48.702],[10.9162,48.7011],[10.9373,48.711],[10.9409,48.7206],[10.9812,48.719],[10.9798,48.7244]]]},"properties":{"AGS":"09779192","GEN":"Niederschönenfeld","SN_L":"09"}},
{"type":"Feature","geometry":{"type":"Polygon","coordinates":[[[10.6056,49.0175],[10.5955,49.0345],[10.5557,49.0341],[10.5392,49.0218],[10.5409,49.006],[10.52,49.0072],[10.5169,49.0013],[10.5382,48.995],[10.5521,48.9928],[10.5664,48.9971],[10.5648,49.0045],[10.6093,49.0106],[10.6056,49.0175]]]},"properties":{"AGS":"09779452","GEN":"Dornstadt-Linkersbaindt","SN_L":"09"}},
{"type":"Feature","geometry":{"type":"Polygon","coordinates":[[[11.0345,48.6414],[11.0138,48.6475],[11.0068,48.6364],[11.0301,48.6266],[11.0345,48.6414]]]},"properties":{"AGS":"09779453","GEN":"Esterholz","SN_L":"09"}},
{"type":"Feature","geometry":{"type":"Polygon","coordinates":[[[10.2874,47.7983],[10.2745,47.8055],[10.2554,47.8056],[10.2469,47.8128],[10.2311,47.8087],[10.2223,47.8292],[10.2072,47.8286],[10.1922,47.8406],[10.1763,47.8364],[10.1533,47.8216],[10.1319,47.8201],[10.1147,47.8058],[10.0647,47.7859],[10.0848,47.7766],[10.0825,47.7712],[10.1162,47.7614],[10.1175,47.7522],[10.1396,47.7461],[10.1742,47.7501],[10.1875,47.7621],[10.207,47.7695],[10.237,47.7704],[10.2714,47.7709],[10.2884,47.7779],[10.2874,47.7983]]]},"properties":{"AGS":"09780112","GEN":"Altusried","SN_L":"09"}},
{"type":"Feature","geometry":{"type":"Polygon","coordinates":[[[10.3915,47.7665],[10.377,47.7567],[10.3673,47.7379],[10.3677,47.7169],[10.373,47.7137],[10.3787,47.7053],[10.3931,47.7023],[10.4041,47.7114],[10.4222,47.707],[10.4202,47.7161],[10.4388,47.732],[10.4475,47.7323],[10.4698,47.7408],[10.452,47.7567],[10.4343,47.754],[10.4253,47.7457],[10.3875,47.7592],[10.3915,47.7665]]]},"properties":{"AGS":"09780114","GEN":"Betzigau","SN_L":"09"}},
{"type":"Feature","geometry":{"type":"Polygon","coordinates":[[[10.2612,47.5324],[10.2644,47.5444],[10.2455,47.5538],[10.2203,47.5459],[10.2119,47.5335],[10.1955,47.5295],[10.1986,47.5225],[10.165,47.514],[10.1306,47.5101],[10.1186,47.4978],[10.1111,47.4806],[10.1397,47.4711],[10.1476,47.4595],[10.1606,47.4539],[10.1807,47.4638],[10.1983,47.4642],[10.1957,47.4789],[10.1998,47.4949],[10.2131,47.5083],[10.2444,47.5222],[10.2592,47.5233],[10.2612,47.5324]]]},"properties":{"AGS":"09780115","GEN":"Blaichach","SN_L":"09"}},
{"type":"Feature","geometry":{"type":"Polygon","coordinates":[[[10.1396,47.7461],[10.1175,47.7522],[10.1146,47.7381],[10.1164,47.7193],[10.1394,47.7033],[10.1536,47.6916],[10.1761,47.6931],[10.1842,47.682],[10.2056,47.6808],[10.2248,47.6682],[10.2421,47.6746],[10.2551,47.6708],[10.2792,47.6835],[10.2859,47.697],[10.249,47.7143],[10.232,47.7151],[10.227,47.73],[10.2055,47.7241],[10.1676,47.7279],[10.1713,47.733],[10.1457,47.7464],[10.1396,47.7461]]]},"properties":{"AGS":"09780117","GEN":"Buchenberg","SN_L":"09"}},
{"type":"Feature","geometry":{"type":"Polygon","coordinates":[[[10.3538,47.5509],[10.356,47.5581],[10.3314,47.5592],[10.3247,47.5547],[10.292,47.5478],[10.283,47.5561],[10.26,47.5624],[10.2455,47.5538],[10.2644,47.5444],[10.2612,47.5324],[10.2816,47.5242],[10.2912,47.5317],[10.3329,47.5399],[10.3538,47.5509]]]},"properties":{"AGS":"09780118","GEN":"Burgberg i.Allgäu","SN_L":"09"}},
{"type":"Feature","geometry":{"type":"Polygon","coordinates":[[[10.3061,47.8636],[10.29,47.8526],[10.2813,47.8585],[10.25,47.8557],[10.254,47.8458],[10.2211,47.8398],[10.211,47.8483],[10.1854,47.8492],[10.1922,47.8406],[10.2072,47.8286],[10.2223,47.8292],[10.2311,47.8087],[10.2469,47.8128],[10.2554,47.8056],[10.2745,47.8055],[10.2874,47.7983],[10.2943,47.7922],[10.314,47.7911],[10.3241,47.7957],[10.3428,47.8246],[10.3518,47.8333],[10.3527,47.8392],[10.3269,47.8581],[10.3061,47.8636]]]},"properties":{"AGS":"09780119","GEN":"Dietmannsried","SN_L":"09"}},
{"type":"Feature","geometry":{"type":"Polygon","coordinates":[[[10.373,47.7137],[10.3417,47.7131],[10.3184,47.6952],[10.3227,47.6908],[10.336,47.6859],[10.3752,47.6913],[10.3813,47.6842],[10.4178,47.679],[10.4306,47.6798],[10.4495,47.6901],[10.413,47.7036],[10.4222,47.707],[10.4041,47.7114],[10.3931,47.7023],[10.3787,47.7053],[10.373,47.7137]]]},"properties":{"AGS":"09780120","GEN":"Durach","SN_L":"09"}},
{"type":"Feature","geometry":{"type":"Polygon","coordinates":[[[10.3518,47.8333],[10.3428,47.8246],[10.3241,47.7957],[10.314,47.7911],[10.3318,47.7807],[10.3403,47.7682],[10.3699,47.763],[10.377,47.7567],[10.3915,47.7665],[10.3964,47.7793],[10.3867,47.7826],[10.391,47.8066],[10.3744,47.807],[10.3632,47.8258],[10.3518,47.8333]]]},"properties":{"AGS":"09780122","GEN":"Haldenwang","SN_L":"09"}},
{"type":"Feature","geometry":{"type":"Polygon","coordinates":[[[10.451,47.5546],[10.4406,47.5518],[10.4172,47.5611],[10.4014,47.5435],[10.3843,47.5407],[10.3728,47.5334],[10.3455,47.525],[10.3228,47.5035],[10.3312,47.4936],[10.3651,47.4849],[10.3616,47.4771],[10.3356,47.4664],[10.3301,47.4597],[10.3275,47.4512],[10.3701,47.4402],[10.3626,47.4269],[10.3504,47.4229],[10.3507,47.41],[10.3618,47.3938],[10.3808,47.3935],[10.3892,47.3703],[10.3974,47.3769],[10.431,47.3838],[10.4312,47.4019],[10.4386,47.4136],[10.4554,47.4191],[10.4591,47.4282],[10.4759,47.4321],[10.4664,47.4514],[10.4702,47.4684],[10.4632,47.4828],[10.4402,47.4866],[10.4313,47.5037],[10.4406,47.5136],[10.4389,47.5235],[10.4545,47.5557],[10.451,47.5546]]]},"properties":{"AGS":"09780123","GEN":"Bad Hindelang","SN_L":"09"}},
{"type":"Feature","geometry":{"type":"Polygon","coordinates":[[[10.2724,47.606],[10.2627,47.6154],[10.2469,47.6187],[10.215,47.61],[10.197,47.615],[10.202,47.6278],[10.181,47.6278],[10.1581,47.621],[10.1682,47.6029],[10.159,47.5988],[10.1392,47.58],[10.1199,47.5766],[10.1377,47.5422],[10.15,47.5452],[10.165,47.514],[10.1986,47.5225],[10.1955,47.5295],[10.2119,47.5335],[10.2203,47.5459],[10.2455,47.5538],[10.26,47.5624],[10.2474,47.5803],[10.2612,47.5883],[10.2724,47.606]]]},"properties":{"AGS":"09780124","GEN":"Immenstadt i.Allgäu","SN_L":"09"}},
{"type":"Feature","geometry":{"type":"Polygon","coordinates":[[[10.2874,47.7983],[10.2884,47.7779],[10.2955,47.7678],[10.3234,47.7714],[10.3403,47.7682],[10.3318,47.7807],[10.314,47.7911],[10.2943,47.7922],[10.2874,47.7983]]]},"properties":{"AGS":"09780125","GEN":"Lauben","SN_L":"09"}},
{"type":"Feature","geometry":{"type":"Polygon","coordinates":[[[10.5054,47.6603],[10.5116,47.6664],[10.485,47.6754],[10.4979,47.6868],[10.4586,47.6916],[10.4495,47.6901],[10.4306,47.6798],[10.4178,47.679],[10.4046,47.66],[10.3756,47.6368],[10.3399,47.632],[10.3311,47.6225],[10.357,47.6219],[10.3736,47.6111],[10.3824,47.6135],[10.3985,47.6209],[10.425,47.6228],[10.45,47.6118],[10.4637,47.6154],[10.4627,47.6234],[10.4761,47.6309],[10.4956,47.6326],[10.5033,47.6396],[10.5063,47.6536],[10.5054,47.6603]]]},"properties":{"AGS":"09780128","GEN":"Oy-Mittelberg","SN_L":"09"}},
{"type":"Feature","geometry":{"type":"Polygon","coordinates":[[[10.0616,47.5803],[10.0362,47.5733],[10.0259,47.5803],[9.9748,47.5598],[9.9633,47.5658],[9.9678,47.5462],[9.9654,47.5208],[9.9957,47.5029],[9.9877,47.4986],[10.0014,47.4822],[10.0376,47.4888],[10.0546,47.4744],[10.0569,47.4655],[10.0855,47.4719],[10.1111,47.4806],[10.1186,47.4978],[10.1306,47.5101],[10.165,47.514],[10.15,47.5452],[10.1377,47.5422],[10.1199,47.5766],[10.1063,47.5727],[10.0769,47.5705],[10.0616,47.5803]]]},"properties":{"AGS":"09780132","GEN":"Oberstaufen","SN_L":"09"}},
{"type":"Feature","geometry":{"type":"Polygon","coordinates":[[[10.3301,47.4597],[10.3201,47.4662],[10.2993,47.4711],[10.2919,47.4652],[10.2831,47.4545],[10.2806,47.4314],[10.2582,47.4245],[10.2394,47.428],[10.2242,47.4258],[10.2099,47.4162],[10.1545,47.4126],[10.1503,47.4144],[10.1352,47.4012],[10.1102,47.3897],[10.0829,47.3937],[10.0998,47.3547],[10.1193,47.3757],[10.1376,47.3679],[10.1695,47.3713],[10.1692,47.3858],[10.1948,47.3893],[10.1993,47.3836],[10.2182,47.3824],[10.227,47.3888],[10.237,47.3735],[10.2042,47.3367],[10.1995,47.3266],[10.2111,47.3189],[10.2077,47.3039],[10.1895,47.2939],[10.1787,47.2957],[10.172,47.279],[10.174,47.2703],[10.2013,47.2769],[10.2222,47.2758],[10.2323,47.2705],[10.2423,47.2781],[10.2815,47.2875],[10.315,47.3065],[10.33,47.3047],[10.3465,47.3151],[10.3568,47.337],[10.3863,47.3562],[10.3892,47.3703],[10.3808,47.3935],[10.3618,47.3938],[10.3507,47.41],[10.3504,47.4229],[10.3626,47.4269],[10.3701,47.4402],[10.3275,47.4512],[10.3301,47.4597]]]},"properties":{"AGS":"09780133","GEN":"Oberstdorf","SN_L":"09"}},
{"type":"Feature","geometry":{"type":"Polygon","coordinates":[[[10.3824,47.6135],[10.3736,47.6111],[10.357,47.6219],[10.3311,47.6225],[10.3133,47.6178],[10.3069,47.6237],[10.2973,47.6219],[10.2943,47.6101],[10.2724,47.606],[10.2612,47.5883],[10.2474,47.5803],[10.26,47.5624],[10.283,47.5561],[10.292,47.5478],[10.3247,47.5547],[10.3314,47.5592],[10.356,47.5581],[10.3538,47.5509],[10.3596,47.5513],[10.3731,47.5573],[10.3713,47.5743],[10.3609,47.5749],[10.3892,47.6077],[10.3824,47.6135]]]},"properties":{"AGS":"09780137","GEN":"Rettenberg","SN_L":"09"}},
{"type":"Feature","geometry":{"type":"Polygon","coordinates":[[[10.3596,47.5513],[10.3538,47.5509],[10.3329,47.5399],[10.2912,47.5317],[10.2816,47.5242],[10.2612,47.5324],[10.2592,47.5233],[10.2734,47.5027],[10.2683,47.4828],[10.2708,47.4768],[10.2919,47.4652],[10.2993,47.4711],[10.3201,47.4662],[10.3301,47.4597],[10.3356,47.4664],[10.3616,47.4771],[10.3651,47.4849],[10.3312,47.4936],[10.3228,47.5035],[10.3455,47.525],[10.3728,47.5334],[10.3733,47.5471],[10.3596,47.5513]]]},"properties":{"AGS":"09780139","GEN":"Sonthofen","SN_L":"09"}},
{"type":"Feature","geometry":{"type":"Polygon","coordinates":[[[10.4178,47.679],[10.3813,47.6842],[10.3752,47.6913],[10.336,47.6859],[10.3227,47.6908],[10.3227,47.6685],[10.3103,47.6576],[10.3142,47.6434],[10.3069,47.6237],[10.3133,47.6178],[10.3311,47.6225],[10.3399,47.632],[10.3756,47.6368],[10.4046,47.66],[10.4178,47.679]]]},"properties":{"AGS":"09780140","GEN":"Sulzberg","SN_L":"09"}},
{"type":"Feature","geometry":{"type":"Polygon","coordinates":[[[10.3184,47.6952],[10.2895,47.7011],[10.2859,47.697],[10.2792,47.6835],[10.2551,47.6708],[10.2421,47.6746],[10.2248,47.6682],[10.2221,47.6573],[10.2279,47.6474],[10.218,47.6421],[10.2007,47.6428],[10.1823,47.6352],[10.181,47.6278],[10.202,47.6278],[10.197,47.615],[10.215,47.61],[10.2469,47.6187],[10.2627,47.6154],[10.2724,47.606],[10.2943,47.6101],[10.2973,47.6219],[10.3069,47.6237],[10.3142,47.6434],[10.3103,47.6576],[10.3227,47.6685],[10.3227,47.6908],[10.3184,47.6952]]]},"properties":{"AGS":"09780143","GEN":"Waltenhofen","SN_L":"09"}},
{"type":"Feature","geometry":{"type":"Polygon","coordinates":[[[10.45,47.6118],[10.425,47.6228],[10.3985,47.6209],[10.3824,47.6135],[10.3892,47.6077],[10.3609,47.5749],[10.3713,47.5743],[10.3731,47.5573],[10.3596,47.5513],[10.3733,47.5471],[10.3728,47.5334],[10.3843,47.5407],[10.4014,47.5435],[10.4172,47.5611],[10.4406,47.5518],[10.451,47.5546],[10.4451,47.5673],[10.4296,47.5771],[10.437,47.5842],[10.4564,47.5827],[10.4726,47.587],[10.469,47.6054],[10.4563,47.6022],[10.45,47.6118]]]},"properties":{"AGS":"09780145","GEN":"Wertach","SN_L":"09"}},
{"type":"Feature","geometry":{"type":"Polygon","coordinates":[[[10.237,47.7704],[10.207,47.7695],[10.1875,47.7621],[10.1742,47.7501],[10.1396,47.7461],[10.1457,47.7464],[10.1713,47.733],[10.1676,47.7279],[10.2055,47.7241],[10.227,47.73],[10.232,47.7151],[10.249,47.7143],[10.2638,47.7247],[10.2614,47.7509],[10.2342,47.7626],[10.237,47.7704]]]},"properties":{"AGS":"09780146","GEN":"Wiggensbach","SN_L":"09"}},
{"type":"Feature","geometry":{"type":"Polygon","coordinates":[[[10.4355,47.7988],[10.4139,47.7981],[10.3967,47.811],[10.391,47.8066],[10.3867,47.7826],[10.3964,47.7793],[10.3915,47.7665],[10.3875,47.7592],[10.4253,47.7457],[10.4343,47.754],[10.452,47.7567],[10.4385,47.7719],[10.4355,47.7988]]]},"properties":{"AGS":"09780147","GEN":"Wildpoldsried","SN_L":"09"}},
{"type":"Feature","geometry":{"type":"Polygon","coordinates":[[[10.1111,47.4806],[10.0855,47.4719],[10.0569,47.4655],[10.0704,47.456],[10.0945,47.4516],[10.0946,47.4395],[10.1054,47.4287],[10.0938,47.417],[10.0736,47.4144],[10.0704,47.4079],[10.0861,47.3996],[10.0829,47.3937],[10.1102,47.3897],[10.1352,47.4012],[10.1503,47.4144],[10.1569,47.4289],[10.1444,47.4334],[10.1331,47.4463],[10.1442,47.4518],[10.1589,47.4513],[10.1606,47.4539],[10.1476,47.4595],[10.1397,47.4711],[10.1111,47.4806]]]},"properties":{"AGS":"09780113","GEN":"Balderschwang","SN_L":"09"}},
{"type":"Feature","geometry":{"type":"Polygon","coordinates":[[[10.2588,47.4771],[10.2417,47.4803],[10.1957,47.4789],[10.1983,47.4642],[10.1807,47.4638],[10.1606,47.4539],[10.1589,47.4513],[10.1759,47.4495],[10.1756,47.4366],[10.1945,47.4423],[10.2267,47.4456],[10.2448,47.4552],[10.2588,47.4771]]]},"properties":{"AGS":"09780116","GEN":"Bolsterlang","SN_L":"09"}},
{"type":"Feature","geometry":{"type":"Polygon","coordinates":[[[10.2919,47.4652],[10.2708,47.4768],[10.2683,47.4828],[10.2588,47.4771],[10.2448,47.4552],[10.2566,47.4541],[10.2587,47.4419],[10.2394,47.428],[10.2582,47.4245],[10.2806,47.4314],[10.2831,47.4545],[10.2919,47.4652]]]},"properties":{"AGS":"09780121","GEN":"Fischen i.Allgäu","SN_L":"09"}},
{"type":"Feature","geometry":{"type":"Polygon","coordinates":[[[10.2394,47.428],[10.2587,47.4419],[10.2566,47.4541],[10.2448,47.4552],[10.2267,47.4456],[10.1945,47.4423],[10.1756,47.4366],[10.1759,47.4495],[10.1589,47.4513],[10.1442,47.4518],[10.1331,47.4463],[10.1444,47.4334],[10.1569,47.4289],[10.1503,47.4144],[10.1545,47.4126],[10.2099,47.4162],[10.2242,47.4258],[10.2394,47.428]]]},"properties":{"AGS":"09780131","GEN":"Obermaiselstein","SN_L":"09"}},
{"type":"Feature","geometry":{"type":"Polygon","coordinates":[[[10.2592,47.5233],[10.2444,47.5222],[10.2131,47.5083],[10.1998,47.4949],[10.1957,47.4789],[10.2417,47.4803],[10.2588,47.4771],[10.2683,47.4828],[10.2734,47.5027],[10.2592,47.5233]]]},"properties":{"AGS":"09780134","GEN":"Ofterschwang","SN_L":"09"}},
{"type":"Feature","geometry":{"type":"Polygon","coordinates":[[[10.1581,47.621],[10.1392,47.6149],[10.1318,47.6254],[10.1081,47.6268],[10.0991,47.6169],[10.0687,47.6127],[10.0612,47.6068],[10.0583,47.5871],[10.0616,47.5803],[10.0769,47.5705],[10.1063,47.5727],[10.1199,47.5766],[10.1392,47.58],[10.159,47.5988],[10.1682,47.6029],[10.1581,47.621]]]},"properties":{"AGS":"09780127","GEN":"Missen-Wilhams","SN_L":"09"}},
{"type":"Feature","geometry":{"type":"Polygon","coordinates":[[[10.2248,47.6682],[10.2056,47.6808],[10.1842,47.682],[10.1761,47.6931],[10.1536,47.6916],[10.1394,47.7033],[10.1283,47.6907],[10.1293,47.6761],[10.1111,47.666],[10.0932,47.6628],[10.0833,47.6555],[10.0773,47.6393],[10.0757,47.6382],[10.0757,47.6181],[10.0687,47.6127],[10.0991,47.6169],[10.1081,47.6268],[10.1318,47.6254],[10.1392,47.6149],[10.1581,47.621],[10.181,47.6278],[10.1823,47.6352],[10.2007,47.6428],[10.218,47.6421],[10.2279,47.6474],[10.2221,47.6573],[10.2248,47.6682]]]},"properties":{"AGS":"09780144","GEN":"Weitnau","SN_L":"09"}},
{"type":"Feature","geometry":{"type":"Polygon","coordinates":[[[10.4627,47.7092],[10.4578,47.7268],[10.4475,47.7323],[10.4388,47.732],[10.4202,47.7161],[10.4222,47.707],[10.413,47.7036],[10.4495,47.6901],[10.4586,47.6916],[10.4627,47.7092]]]},"properties":{"AGS":"09780451","GEN":"Kempter Wald","SN_L":"09"}}
]}