{"type":"FeatureCollection", "features": [
{"type":"Feature","geometry":{"type":"MultiPolygon","coordinates":[[[[12.7243,52.5405],[12.7127,52.5364],[12.7161,52.5252],[12.7243,52.5405]]],[[[12.6849,52.4929],[12.6771,52.5026],[12.6574,52.4964],[12.6536,52.4847],[12.6462,52.4844],[12.6354,52.4921],[12.6045,52.491],[12.5967,52.4823],[12.5658,52.4753],[12.5654,52.4515],[12.5517,52.4494],[12.5175,52.453],[12.5084,52.4685],[12.5143,52.475],[12.4924,52.469],[12.4677,52.4499],[12.445,52.4535],[12.4481,52.431],[12.4345,52.4257],[12.4209,52.4352],[12.4211,52.449],[12.4282,52.4581],[12.4062,52.457],[12.3936,52.4481],[12.3612,52.4428],[12.3657,52.4282],[12.3891,52.4344],[12.3882,52.4037],[12.3911,52.3889],[12.3986,52.3793],[12.3963,52.3606],[12.4084,52.3474],[12.4169,52.3327],[12.4191,52.3115],[12.4424,52.3164],[12.4747,52.3185],[12.4881,52.3251],[12.4996,52.3223],[12.511,52.3375],[12.5363,52.3535],[12.561,52.3467],[12.5936,52.3479],[12.6117,52.3929],[12.6513,52.396],[12.6557,52.3913],[12.6668,52.4093],[12.6835,52.4111],[12.6873,52.4184],[12.6753,52.4271],[12.671,52.4385],[12.7048,52.4457],[12.6708,52.4479],[12.6576,52.4555],[12.6391,52.4506],[12.62,52.4586],[12.5736,52.4456],[12.5731,52.464],[12.5793,52.4746],[12.5985,52.4779],[12.6056,52.4849],[12.6245,52.482],[12.6386,52.4872],[12.645,52.4835],[12.6548,52.4846],[12.6713,52.4966],[12.6849,52.4929]]]]},"properties":{"AGS":"12051000","GEN":"Brandenburg an der Havel","SN_L":"12"}},
{"type":"Feature","geometry":{"type":"Polygon","coordinates":[[[14.3216,51.8626],[14.3026,51.8615],[14.2972,51.8465],[14.3049,51.8362],[14.3072,51.8163],[14.2996,51.8092],[14.2743,51.8032],[14.274,51.7939],[14.2878,51.7708],[14.2781,51.7642],[14.2757,51.7379],[14.3102,51.7233],[14.3024,51.7021],[14.3205,51.6999],[14.3393,51.6925],[14.3675,51.698],[14.3858,51.7125],[14.4036,51.7027],[14.4433,51.7031],[14.4506,51.7214],[14.436,51.7285],[14.4193,51.7301],[14.3953,51.7428],[14.3972,51.7522],[14.416,51.7545],[14.4498,51.7473],[14.4596,51.7484],[14.4667,51.7703],[14.4741,51.7767],[14.4922,51.7747],[14.5013,51.7806],[14.4889,51.7991],[14.4934,51.8063],[14.4667,51.8],[14.4558,51.8019],[14.4463,51.8151],[14.4231,51.8007],[14.4058,51.8005],[14.3922,51.8154],[14.3713,51.8309],[14.3936,51.8505],[14.3793,51.8545],[14.3629,51.8538],[14.3373,51.8501],[14.3216,51.8626]]]},"properties":{"AGS":"12052000","GEN":"Cottbus","SN_L":"12"}},
{"type":"Feature","geometry":{"type":"Polygon","coordinates":[[[14.5344,52.395],[14.5109,52.3918],[14.4769,52.3979],[14.4544,52.3982],[14.4317,52.3942],[14.4238,52.374],[14.4077,52.3538],[14.435,52.3393],[14.4054,52.3151],[14.3959,52.2989],[14.4039,52.294],[14.3948,52.2688],[14.4319,52.2707],[14.467,52.2761],[14.4783,52.271],[14.4773,52.2614],[14.492,52.2528],[14.5071,52.2549],[14.5019,52.2628],[14.5495,52.2613],[14.553,52.2705],[14.5681,52.2762],[14.5874,52.2755],[14.598,52.2675],[14.6009,52.2721],[14.576,52.2884],[14.5852,52.3051],[14.5746,52.3228],[14.5609,52.3307],[14.5631,52.3381],[14.5536,52.3499],[14.5509,52.3765],[14.5344,52.395]]]},"properties":{"AGS":"12053000","GEN":"Frankfurt (Oder)","SN_L":"12"}},
{"type":"Feature","geometry":{"type":"Polygon","coordinates":[[[13.1537,52.5018],[13.1388,52.5025],[13.1213,52.491],[13.098,52.4942],[13.0958,52.4702],[13.0691,52.4613],[13.0468,52.4674],[13.0403,52.4804],[13.0294,52.4812],[13.0111,52.5073],[12.9944,52.5127],[12.9493,52.5046],[12.9351,52.4999],[12.9315,52.4864],[12.9173,52.4743],[12.8953,52.4681],[12.8935,52.4608],[12.9239,52.458],[12.9407,52.4536],[12.9494,52.441],[12.9402,52.4328],[12.934,52.4177],[12.9381,52.4083],[12.9353,52.3912],[12.9511,52.3923],[12.9614,52.3856],[12.984,52.3879],[12.9713,52.3737],[12.9927,52.3666],[13.0224,52.3469],[13.0419,52.3429],[13.0609,52.3489],[13.0721,52.3541],[13.1027,52.3594],[13.1064,52.3552],[13.1369,52.3549],[13.1471,52.3615],[13.1472,52.3801],[13.1659,52.3943],[13.1249,52.3969],[13.1085,52.4073],[13.0906,52.4118],[13.0883,52.4196],[13.1055,52.4253],[13.1232,52.4394],[13.1092,52.4506],[13.1108,52.4661],[13.1175,52.474],[13.1537,52.5018]]]},"properties":{"AGS":"12054000","GEN":"Potsdam","SN_L":"12"}},
{"type":"Feature","geometry":{"type":"Polygon","coordinates":[[[13.6379,52.6277],[13.6312,52.6455],[13.6183,52.6546],[13.6037,52.6213],[13.5797,52.6097],[13.573,52.6006],[13.5488,52.6101],[13.5328,52.6203],[13.5002,52.6138],[13.499,52.6052],[13.5082,52.5922],[13.5471,52.5879],[13.5676,52.5737],[13.5815,52.5709],[13.5854,52.5485],[13.6108,52.5442],[13.6157,52.5613],[13.6409,52.5684],[13.6684,52.5661],[13.6853,52.5705],[13.6714,52.5821],[13.6529,52.588],[13.6581,52.5993],[13.6379,52.6277]]]},"properties":{"AGS":"12060005","GEN":"Ahrensfelde","SN_L":"12"}},
{"type":"Feature","geometry":{"type":"Polygon","coordinates":[[[13.6106,52.7447],[13.6046,52.7494],[13.5833,52.7429],[13.5804,52.7342],[13.5604,52.7382],[13.5235,52.7197],[13.5241,52.7392],[13.5152,52.7434],[13.487,52.7406],[13.4674,52.7316],[13.4826,52.7097],[13.5015,52.7025],[13.5078,52.6832],[13.5007,52.6782],[13.5081,52.6681],[13.549,52.6649],[13.5655,52.6501],[13.5615,52.628],[13.5797,52.6097],[13.6037,52.6213],[13.6183,52.6546],[13.6312,52.6455],[13.6379,52.6277],[13.6478,52.6284],[13.6373,52.6459],[13.6659,52.6478],[13.6648,52.6948],[13.6494,52.6911],[13.6456,52.7046],[13.6222,52.7054],[13.5971,52.7309],[13.6106,52.7447]]]},"properties":{"AGS":"12060020","GEN":"Bernau bei Berlin","SN_L":"12"}},
{"type":"Feature","geometry":{"type":"Polygon","coordinates":[[[13.8841,52.8502],[13.8608,52.8491],[13.8482,52.8528],[13.8512,52.867],[13.8607,52.8745],[13.8546,52.8826],[13.8229,52.8629],[13.8026,52.8606],[13.7921,52.8643],[13.7805,52.8715],[13.7493,52.8533],[13.7335,52.858],[13.7276,52.8671],[13.705,52.8635],[13.712,52.8467],[13.7074,52.8395],[13.7164,52.8266],[13.7027,52.8123],[13.6588,52.8116],[13.6815,52.7981],[13.6715,52.7897],[13.6719,52.7836],[13.7164,52.7849],[13.779,52.789],[13.7901,52.7771],[13.7839,52.7841],[13.8063,52.797],[13.8025,52.804],[13.8526,52.8071],[13.8392,52.8195],[13.8442,52.8257],[13.8826,52.8174],[13.9057,52.815],[13.9075,52.8373],[13.8803,52.8396],[13.8841,52.8502]]]},"properties":{"AGS":"12060052","GEN":"Eberswalde","SN_L":"12"}},
{"type":"Feature","geometry":{"type":"Polygon","coordinates":[[[13.5797,52.6097],[13.5615,52.628],[13.5655,52.6501],[13.549,52.6649],[13.5081,52.6681],[13.5007,52.6782],[13.4801,52.6746],[13.4853,52.6591],[13.5128,52.6456],[13.5177,52.6296],[13.5058,52.6258],[13.5002,52.6138],[13.5328,52.6203],[13.5488,52.6101],[13.573,52.6006],[13.5797,52.6097]]]},"properties":{"AGS":"12060181","GEN":"Panketal","SN_L":"12"}},
{"type":"Feature","geometry":{"type":"Polygon","coordinates":[[[13.6023,52.9981],[13.5541,52.9887],[13.5175,52.9885],[13.5134,52.9749],[13.4835,52.9634],[13.4571,52.9658],[13.4416,52.9595],[13.4296,52.9489],[13.4056,52.9415],[13.3989,52.9301],[13.4105,52.9233],[13.412,52.9097],[13.4312,52.9151],[13.4728,52.9186],[13.4728,52.9065],[13.4878,52.8999],[13.4659,52.8918],[13.4614,52.8853],[13.5078,52.8735],[13.5409,52.8724],[13.5526,52.8609],[13.5797,52.8555],[13.5913,52.8587],[13.6134,52.8858],[13.6382,52.8787],[13.6288,52.8724],[13.6356,52.856],[13.6503,52.839],[13.6474,52.8268],[13.6248,52.7997],[13.6588,52.8116],[13.7027,52.8123],[13.7164,52.8266],[13.7074,52.8395],[13.712,52.8467],[13.705,52.8635],[13.7276,52.8671],[13.7335,52.858],[13.7493,52.8533],[13.7805,52.8715],[13.7921,52.8643],[13.7858,52.887],[13.7697,52.8923],[13.7571,52.904],[13.7453,52.905],[13.7232,52.9131],[13.6686,52.9018],[13.6451,52.9112],[13.6554,52.9385],[13.6288,52.9796],[13.6126,52.9853],[13.6023,52.9981]]]},"properties":{"AGS":"12060198","GEN":"Schorfheide","SN_L":"12"}},
{"type":"Feature","geometry":{"type":"Polygon","coordinates":[[[13.5078,52.8735],[13.47,52.8705],[13.485,52.8528],[13.5087,52.8513],[13.5193,52.8459],[13.5054,52.8373],[13.4943,52.8138],[13.4794,52.8088],[13.422,52.8042],[13.4307,52.7895],[13.4065,52.7805],[13.4048,52.77],[13.4147,52.7512],[13.3972,52.7439],[13.4243,52.7345],[13.4188,52.7201],[13.4209,52.7085],[13.4044,52.7096],[13.4038,52.6744],[13.4137,52.6683],[13.3985,52.6482],[13.4244,52.6356],[13.4409,52.6491],[13.4598,52.6481],[13.4735,52.654],[13.4508,52.6627],[13.4801,52.6746],[13.5007,52.6782],[13.5078,52.6832],[13.5015,52.7025],[13.4826,52.7097],[13.4674,52.7316],[13.487,52.7406],[13.5152,52.7434],[13.5241,52.7392],[13.5235,52.7197],[13.5604,52.7382],[13.5804,52.7342],[13.5833,52.7429],[13.5956,52.7608],[13.5879,52.7731],[13.5926,52.7801],[13.5762,52.8053],[13.5607,52.8142],[13.5477,52.8047],[13.508,52.8134],[13.5225,52.8198],[13.5048,52.8344],[13.5279,52.8327],[13.5378,52.8434],[13.5571,52.8467],[13.5526,52.8609],[13.5409,52.8724],[13.5078,52.8735]]]},"properties":{"AGS":"12060269","GEN":"Wandlitz","SN_L":"12"}},
{"type":"Feature","geometry":{"type":"Polygon","coordinates":[[[13.8497,52.6936],[13.8154,52.6782],[13.7803,52.6669],[13.7543,52.7135],[13.7314,52.7024],[13.6876,52.6937],[13.6692,52.6976],[13.6648,52.6948],[13.6659,52.6478],[13.6373,52.6459],[13.6478,52.6284],[13.6379,52.6277],[13.6581,52.5993],[13.6529,52.588],[13.6714,52.5821],[13.6906,52.5793],[13.7003,52.5905],[13.7171,52.5901],[13.7285,52.6123],[13.7821,52.6235],[13.8335,52.6294],[13.8332,52.6372],[13.8456,52.6473],[13.8507,52.6706],[13.8582,52.6846],[13.8497,52.6936]]]},"properties":{"AGS":"12060280","GEN":"Werneuchen","SN_L":"12"}},
{"type":"Feature","geometry":{"type":"Polygon","coordinates":[[[13.6474,52.8268],[13.6143,52.8299],[13.5917,52.8205],[13.5866,52.8078],[13.5762,52.8053],[13.5926,52.7801],[13.5879,52.7731],[13.5956,52.7608],[13.5833,52.7429],[13.6046,52.7494],[13.6106,52.7447],[13.6408,52.7377],[13.6678,52.6991],[13.6881,52.7124],[13.684,52.7247],[13.6843,52.7546],[13.6872,52.7572],[13.6795,52.7765],[13.6648,52.7867],[13.6715,52.7897],[13.6815,52.7981],[13.6588,52.8116],[13.6248,52.7997],[13.6474,52.8268]]]},"properties":{"AGS":"12060024","GEN":"Biesenthal","SN_L":"12"}},
{"type":"Feature","geometry":{"type":"Polygon","coordinates":[[[13.8635,52.7876],[13.8643,52.7965],[13.8526,52.8071],[13.8025,52.804],[13.8063,52.797],[13.7839,52.7841],[13.7901,52.7771],[13.7892,52.7698],[13.7618,52.7705],[13.7474,52.763],[13.7635,52.7437],[13.7927,52.7493],[13.7996,52.7443],[13.8368,52.7553],[13.8548,52.758],[13.8625,52.7603],[13.8635,52.7876]]]},"properties":{"AGS":"12060034","GEN":"Breydin","SN_L":"12"}},
{"type":"Feature","geometry":{"type":"Polygon","coordinates":[[[13.6474,52.8268],[13.6503,52.839],[13.6356,52.856],[13.6288,52.8724],[13.6382,52.8787],[13.6134,52.8858],[13.5913,52.8587],[13.5797,52.8555],[13.5526,52.8609],[13.5571,52.8467],[13.5378,52.8434],[13.5279,52.8327],[13.5048,52.8344],[13.5225,52.8198],[13.508,52.8134],[13.5477,52.8047],[13.5607,52.8142],[13.5762,52.8053],[13.5866,52.8078],[13.5917,52.8205],[13.6143,52.8299],[13.6474,52.8268]]]},"properties":{"AGS":"12060154","GEN":"Marienwerder","SN_L":"12"}},
{"type":"Feature","geometry":{"type":"Polygon","coordinates":[[[13.7901,52.7771],[13.779,52.789],[13.7164,52.7849],[13.6719,52.7836],[13.6715,52.7897],[13.6648,52.7867],[13.6795,52.7765],[13.6872,52.7572],[13.6843,52.7546],[13.7423,52.7697],[13.7474,52.763],[13.7618,52.7705],[13.7892,52.7698],[13.7901,52.7771]]]},"properties":{"AGS":"12060161","GEN":"Melchow","SN_L":"12"}},
{"type":"Feature","geometry":{"type":"Polygon","coordinates":[[[13.6678,52.6991],[13.6408,52.7377],[13.6106,52.7447],[13.5971,52.7309],[13.6222,52.7054],[13.6456,52.7046],[13.6494,52.6911],[13.6648,52.6948],[13.6692,52.6976],[13.6678,52.6991]]]},"properties":{"AGS":"12060192","GEN":"Rüdnitz","SN_L":"12"}},
{"type":"Feature","geometry":{"type":"Polygon","coordinates":[[[13.7635,52.7437],[13.7474,52.763],[13.7423,52.7697],[13.6843,52.7546],[13.684,52.7247],[13.6881,52.7124],[13.6678,52.6991],[13.6692,52.6976],[13.6876,52.6937],[13.7314,52.7024],[13.7543,52.7135],[13.7594,52.7165],[13.7371,52.7345],[13.7635,52.7437]]]},"properties":{"AGS":"12060250","GEN":"Sydower Fließ","SN_L":"12"}},
{"type":"Feature","geometry":{"type":"Polygon","coordinates":[[[13.8593,52.9742],[13.85,52.985],[13.8264,52.9887],[13.8135,52.9797],[13.8045,52.9637],[13.7848,52.9594],[13.7779,52.9493],[13.7874,52.9362],[13.8249,52.9421],[13.8368,52.931],[13.8565,52.9396],[13.842,52.9477],[13.8516,52.9725],[13.8593,52.9742]]]},"properties":{"AGS":"12060012","GEN":"Althüttendorf","SN_L":"12"}},
{"type":"Feature","geometry":{"type":"Polygon","coordinates":[[[13.8294,53.0146],[13.853,53.0175],[13.8604,53.0396],[13.8719,53.0405],[13.8852,53.0523],[13.8485,53.0585],[13.8153,53.057],[13.8134,53.0461],[13.7915,53.0492],[13.7513,53.0399],[13.7341,53.0441],[13.7114,53.0349],[13.6821,53.0425],[13.6817,53.0304],[13.6656,53.0141],[13.6912,53.0116],[13.7042,53.0166],[13.7339,53.0169],[13.7508,53.021],[13.7606,53.0153],[13.7511,53.0051],[13.7709,53.0026],[13.7955,53.0195],[13.8294,53.0146]]]},"properties":{"AGS":"12060068","GEN":"Friedrichswalde","SN_L":"12"}},
{"type":"Feature","geometry":{"type":"Polygon","coordinates":[[[13.8294,53.0146],[13.7955,53.0195],[13.7709,53.0026],[13.7511,53.0051],[13.7606,53.0153],[13.7508,53.021],[13.7339,53.0169],[13.7042,53.0166],[13.6912,53.0116],[13.6721,53.001],[13.6269,53.0033],[13.6023,52.9981],[13.6126,52.9853],[13.6288,52.9796],[13.6554,52.9385],[13.6451,52.9112],[13.6686,52.9018],[13.7232,52.9131],[13.7453,52.905],[13.7736,52.9209],[13.7874,52.9362],[13.7779,52.9493],[13.7848,52.9594],[13.8045,52.9637],[13.8135,52.9797],[13.8264,52.9887],[13.8294,53.0146]]]},"properties":{"AGS":"12060100","GEN":"Joachimsthal","SN_L":"12"}},
{"type":"Feature","geometry":{"type":"Polygon","coordinates":[[[13.9489,52.9554],[13.9482,52.961],[13.9267,52.9824],[13.9124,52.9834],[13.9004,52.9731],[13.8791,52.9771],[13.8593,52.9742],[13.8516,52.9725],[13.842,52.9477],[13.8565,52.9396],[13.874,52.934],[13.8844,52.9417],[13.9285,52.9478],[13.9489,52.9554]]]},"properties":{"AGS":"12060296","GEN":"Ziethen","SN_L":"12"}},
{"type":"Feature","geometry":{"type":"Polygon","coordinates":[[[13.8546,52.8826],[13.8299,52.9],[13.7862,52.8944],[13.7741,52.902],[13.7571,52.904],[13.7697,52.8923],[13.7858,52.887],[13.7921,52.8643],[13.8026,52.8606],[13.8229,52.8629],[13.8546,52.8826]]]},"properties":{"AGS":"12060036","GEN":"Britz","SN_L":"12"}},
{"type":"Feature","geometry":{"type":"Polygon","coordinates":[[[14.0098,52.9315],[13.9904,52.9367],[13.9775,52.9487],[13.9913,52.9609],[13.9753,52.9673],[13.9597,52.9551],[13.9489,52.9554],[13.9285,52.9478],[13.8844,52.9417],[13.874,52.934],[13.8565,52.9396],[13.8368,52.931],[13.8249,52.9421],[13.7874,52.9362],[13.7736,52.9209],[13.7453,52.905],[13.7571,52.904],[13.7741,52.902],[13.7862,52.8944],[13.8299,52.9],[13.8546,52.8826],[13.8607,52.8745],[13.8512,52.867],[13.8482,52.8528],[13.8608,52.8491],[13.8841,52.8502],[13.8987,52.8555],[13.9148,52.8531],[13.9251,52.8639],[13.9495,52.854],[13.9441,52.8608],[13.9666,52.8713],[13.9754,52.8809],[13.9762,52.891],[13.9888,52.8926],[14.0067,52.9102],[14.0195,52.9142],[14.0273,52.9217],[14.0098,52.9315]]]},"properties":{"AGS":"12060045","GEN":"Chorin","SN_L":"12"}},
{"type":"Feature","geometry":{"type":"Polygon","coordinates":[[[13.9542,52.828],[13.9075,52.8373],[13.9057,52.815],[13.8826,52.8174],[13.8442,52.8257],[13.8392,52.8195],[13.8526,52.8071],[13.8643,52.7965],[13.8635,52.7876],[13.9039,52.7897],[13.9232,52.7945],[13.9429,52.8142],[13.9409,52.8247],[13.9542,52.828]]]},"properties":{"AGS":"12060092","GEN":"Hohenfinow","SN_L":"12"}},
{"type":"Feature","geometry":{"type":"Polygon","coordinates":[[[13.9898,52.852],[14.0004,52.8648],[13.9994,52.8745],[13.9754,52.8809],[13.9666,52.8713],[13.9441,52.8608],[13.9495,52.854],[13.9774,52.8314],[13.9793,52.8463],[13.9898,52.852]]]},"properties":{"AGS":"12060128","GEN":"Liepe","SN_L":"12"}},
{"type":"Feature","geometry":{"type":"Polygon","coordinates":[[[14.1417,52.9619],[14.0731,52.9595],[14.0758,52.9502],[14.0809,52.9433],[14.0735,52.912],[14.0794,52.9007],[14.1248,52.9033],[14.13,52.8894],[14.1566,52.8956],[14.1426,52.9332],[14.1388,52.9518],[14.1437,52.9614],[14.1417,52.9619]]]},"properties":{"AGS":"12060149","GEN":"Lunow-Stolzenhagen","SN_L":"12"}},
{"type":"Feature","geometry":{"type":"Polygon","coordinates":[[[13.9495,52.854],[13.9251,52.8639],[13.9148,52.8531],[13.8987,52.8555],[13.8841,52.8502],[13.8803,52.8396],[13.9075,52.8373],[13.9542,52.828],[13.966,52.8242],[13.9774,52.8314],[13.9495,52.854]]]},"properties":{"AGS":"12060172","GEN":"Niederfinow","SN_L":"12"}},
{"type":"Feature","geometry":{"type":"Polygon","coordinates":[[[14.0735,52.912],[14.0487,52.9142],[14.0293,52.91],[14.0195,52.9142],[14.0067,52.9102],[13.9888,52.8926],[13.9762,52.891],[13.9754,52.8809],[13.9994,52.8745],[14.0004,52.8648],[13.9898,52.852],[13.9978,52.8565],[14.0215,52.8472],[14.0482,52.8546],[14.0673,52.853],[14.0956,52.8568],[14.0944,52.8699],[14.0767,52.8732],[14.0612,52.8691],[14.0601,52.8861],[14.0794,52.9007],[14.0735,52.912]]]},"properties":{"AGS":"12060176","GEN":"Oderberg","SN_L":"12"}},
{"type":"Feature","geometry":{"type":"Polygon","coordinates":[[[14.0758,52.9502],[14.0494,52.9502],[14.0274,52.9563],[14.0098,52.9315],[14.0273,52.9217],[14.0195,52.9142],[14.0293,52.91],[14.0487,52.9142],[14.0735,52.912],[14.0809,52.9433],[14.0758,52.9502]]]},"properties":{"AGS":"12060185","GEN":"Parsteinsee","SN_L":"12"}},
{"type":"Feature","geometry":{"type":"Polygon","coordinates":[[[13.6711,52.259],[13.6533,52.2536],[13.6398,52.2604],[13.6128,52.2602],[13.5887,52.2531],[13.598,52.2245],[13.607,52.2196],[13.6215,52.1993],[13.6416,52.1962],[13.6537,52.2003],[13.6718,52.1968],[13.6917,52.2166],[13.6944,52.228],[13.6861,52.2412],[13.6755,52.2443],[13.6711,52.259]]]},"properties":{"AGS":"12061020","GEN":"Bestensee","SN_L":"12"}},
{"type":"Feature","geometry":{"type":"Polygon","coordinates":[[[13.647,52.3687],[13.6279,52.3818],[13.6044,52.3742],[13.6135,52.3646],[13.6343,52.3701],[13.647,52.3687]]]},"properties":{"AGS":"12061112","GEN":"Eichwalde","SN_L":"12"}},
{"type":"Feature","geometry":{"type":"Polygon","coordinates":[[[13.854,52.29],[13.8217,52.2881],[13.8395,52.3044],[13.8398,52.3141],[13.8188,52.313],[13.7784,52.3231],[13.7524,52.315],[13.7437,52.3185],[13.7473,52.3031],[13.7384,52.2807],[13.7167,52.2824],[13.6988,52.2665],[13.6711,52.259],[13.6755,52.2443],[13.6861,52.2412],[13.6944,52.228],[13.6917,52.2166],[13.6718,52.1968],[13.689,52.1852],[13.7129,52.1933],[13.7795,52.1804],[13.7771,52.1926],[13.835,52.1854],[13.8481,52.2051],[13.8418,52.2187],[13.8507,52.2251],[13.8283,52.2327],[13.8385,52.2629],[13.8558,52.2752],[13.854,52.29]]]},"properties":{"AGS":"12061217","GEN":"Heidesee","SN_L":"12"}},
{"type":"Feature","geometry":{"type":"Polygon","coordinates":[[[13.7292,51.7596],[13.7227,51.7687],[13.7641,51.7793],[13.7637,51.7992],[13.7505,51.8102],[13.7346,51.8097],[13.7306,51.8246],[13.7148,51.8364],[13.6835,51.8281],[13.6737,51.8469],[13.6566,51.8525],[13.5985,51.8392],[13.5771,51.8425],[13.576,51.8521],[13.6033,51.8616],[13.6033,51.8721],[13.5933,51.885],[13.5813,51.8915],[13.5578,51.8864],[13.5422,51.8786],[13.5477,51.863],[13.5506,51.836],[13.5363,51.8252],[13.5554,51.8213],[13.5567,51.8095],[13.5326,51.7981],[13.5055,51.7925],[13.5196,51.7823],[13.5278,51.7622],[13.5362,51.7608],[13.5489,51.7466],[13.5789,51.7562],[13.6019,51.7481],[13.6091,51.7409],[13.6612,51.7474],[13.6646,51.7329],[13.6949,51.727],[13.6956,51.7412],[13.7187,51.7506],[13.7292,51.7596]]]},"properties":{"AGS":"12061219","GEN":"Heideblick","SN_L":"12"}},
{"type":"Feature","geometry":{"type":"Polygon","coordinates":[[[13.7559,52.3518],[13.7276,52.3656],[13.741,52.3712],[13.729,52.3859],[13.7041,52.3874],[13.6997,52.3779],[13.6916,52.3677],[13.6715,52.3667],[13.657,52.3516],[13.6517,52.3395],[13.6422,52.3326],[13.6434,52.3079],[13.6274,52.3066],[13.6051,52.3106],[13.6007,52.3105],[13.5785,52.3182],[13.5706,52.2957],[13.5782,52.2844],[13.5992,52.2902],[13.6076,52.2799],[13.6128,52.2602],[13.6398,52.2604],[13.6533,52.2536],[13.6711,52.259],[13.6988,52.2665],[13.7167,52.2824],[13.7384,52.2807],[13.7473,52.3031],[13.7437,52.3185],[13.7341,52.323],[13.7559,52.3518]]]},"properties":{"AGS":"12061260","GEN":"Königs Wusterhausen","SN_L":"12"}},
{"type":"Feature","geometry":{"type":"Polygon","coordinates":[[[13.9241,51.9882],[13.8977,51.9854],[13.8671,51.9958],[13.8589,51.9887],[13.834,51.993],[13.8221,51.9987],[13.7983,51.9885],[13.7938,51.9587],[13.7942,51.9487],[13.8168,51.9288],[13.8331,51.9178],[13.8362,51.9049],[13.8517,51.9036],[13.8637,51.8922],[13.8993,51.8926],[13.916,51.9003],[13.9372,51.9017],[13.9821,51.8995],[13.9845,51.9269],[13.9983,51.9379],[14.0193,51.9436],[13.9993,51.9456],[13.9699,51.9548],[13.9749,51.9637],[13.9449,51.978],[13.9589,51.9816],[13.9513,51.9912],[13.9241,51.9882]]]},"properties":{"AGS":"12061316","GEN":"Lübben (Spreewald)","SN_L":"12"}},
{"type":"Feature","geometry":{"type":"Polygon","coordinates":[[[13.8637,51.8922],[13.8517,51.9036],[13.8362,51.9049],[13.8331,51.9178],[13.8168,51.9288],[13.785,51.9153],[13.785,51.9079],[13.7477,51.9048],[13.7481,51.9098],[13.7388,51.9136],[13.7137,51.9116],[13.6823,51.9148],[13.6217,51.9076],[13.5787,51.8957],[13.5813,51.8915],[13.5933,51.885],[13.6033,51.8721],[13.6033,51.8616],[13.576,51.8521],[13.5771,51.8425],[13.5985,51.8392],[13.6566,51.8525],[13.6737,51.8469],[13.6835,51.8281],[13.7148,51.8364],[13.7306,51.8246],[13.7346,51.8097],[13.7505,51.8102],[13.7637,51.7992],[13.7641,51.7793],[13.7227,51.7687],[13.7292,51.7596],[13.7538,51.7542],[13.7754,51.7598],[13.7829,51.7538],[13.7825,51.735],[13.7981,51.7371],[13.8056,51.741],[13.8309,51.7417],[13.8438,51.7352],[13.8554,51.7529],[13.8306,51.7579],[13.8215,51.7738],[13.8061,51.7855],[13.8381,51.7895],[13.83,51.8182],[13.8415,51.8221],[13.8542,51.8389],[13.8273,51.8575],[13.8475,51.8763],[13.8642,51.8788],[13.8637,51.8922]]]},"properties":{"AGS":"12061320","GEN":"Luckau","SN_L":"12"}},
{"type":"Feature","geometry":{"type":"Polygon","coordinates":[[[14.007,52.1176],[13.9858,52.1212],[13.9681,52.1362],[13.939,52.1378],[13.9334,52.1313],[13.9307,52.1268],[13.9182,52.1245],[13.9113,52.1088],[13.8918,52.0972],[13.8954,52.0827],[13.9112,52.0862],[13.9247,52.0709],[13.9046,52.0509],[13.9252,52.0554],[13.9331,52.0393],[13.9292,52.013],[13.9203,52.0018],[13.9241,51.9882],[13.9513,51.9912],[13.9589,51.9816],[13.9449,51.978],[13.9749,51.9637],[13.9871,51.9717],[14.0297,51.9767],[14.0543,51.9654],[14.0818,51.9569],[14.0967,51.9739],[14.1022,51.9958],[14.1294,52.0155],[14.1164,52.0189],[14.1125,52.0362],[14.1288,52.0519],[14.125,52.0672],[14.114,52.072],[14.112,52.0872],[14.0895,52.0911],[14.0555,52.1055],[14.0428,52.1052],[14.007,52.1176]]]},"properties":{"AGS":"12061329","GEN":"Märkische Heide","SN_L":"12"}},
{"type":"Feature","geometry":{"type":"Polygon","coordinates":[[[13.5785,52.3182],[13.5282,52.3165],[13.5315,52.3258],[13.4952,52.3309],[13.4831,52.3223],[13.4976,52.3072],[13.487,52.2984],[13.4832,52.2862],[13.5075,52.2818],[13.5094,52.2709],[13.4897,52.2609],[13.4711,52.2619],[13.4513,52.256],[13.4604,52.2401],[13.472,52.2341],[13.4929,52.2335],[13.5009,52.2406],[13.5376,52.241],[13.5531,52.2343],[13.564,52.2188],[13.5759,52.2108],[13.581,52.1949],[13.546,52.1932],[13.5501,52.1827],[13.5445,52.1727],[13.5489,52.1528],[13.5569,52.148],[13.5647,52.1428],[13.5841,52.1486],[13.5893,52.1573],[13.602,52.1718],[13.5944,52.1862],[13.6201,52.1896],[13.6215,52.1993],[13.607,52.2196],[13.598,52.2245],[13.5887,52.2531],[13.6128,52.2602],[13.6076,52.2799],[13.5992,52.2902],[13.5782,52.2844],[13.5706,52.2957],[13.5785,52.3182]]]},"properties":{"AGS":"12061332","GEN":"Mittenwalde","SN_L":"12"}},
{"type":"Feature","geometry":{"type":"Polygon","coordinates":[[[13.6056,52.3777],[13.5928,52.3942],[13.5649,52.3883],[13.5357,52.389],[13.5283,52.3984],[13.5152,52.4014],[13.4799,52.396],[13.4683,52.4194],[13.4623,52.4206],[13.4188,52.4099],[13.4276,52.3868],[13.421,52.3762],[13.4212,52.3648],[13.442,52.3628],[13.4418,52.3527],[13.4607,52.3408],[13.4938,52.338],[13.4952,52.3309],[13.5315,52.3258],[13.5282,52.3165],[13.5785,52.3182],[13.6007,52.3105],[13.5599,52.3463],[13.5628,52.3497],[13.5662,52.3602],[13.6056,52.3777]]]},"properties":{"AGS":"12061433","GEN":"Schönefeld","SN_L":"12"}},
{"type":"Feature","geometry":{"type":"Polygon","coordinates":[[[13.6056,52.3777],[13.5662,52.3602],[13.5628,52.3497],[13.5928,52.3375],[13.607,52.3486],[13.602,52.3563],[13.6135,52.3646],[13.6044,52.3742],[13.6056,52.3777]]]},"properties":{"AGS":"12061444","GEN":"Schulzendorf","SN_L":"12"}},
{"type":"Feature","geometry":{"type":"Polygon","coordinates":[[[13.6422,52.3326],[13.5952,52.3299],[13.591,52.3221],[13.6051,52.3106],[13.6274,52.3066],[13.6434,52.3079],[13.6422,52.3326]]]},"properties":{"AGS":"12061540","GEN":"Wildau","SN_L":"12"}},
{"type":"Feature","geometry":{"type":"Polygon","coordinates":[[[13.6517,52.3395],[13.638,52.3438],[13.6384,52.3595],[13.647,52.3687],[13.6343,52.3701],[13.6135,52.3646],[13.602,52.3563],[13.607,52.3486],[13.5928,52.3375],[13.5628,52.3497],[13.5599,52.3463],[13.6007,52.3105],[13.6051,52.3106],[13.591,52.3221],[13.5952,52.3299],[13.6422,52.3326],[13.6517,52.3395]]]},"properties":{"AGS":"12061572","GEN":"Zeuthen","SN_L":"12"}},
{"type":"Feature","geometry":{"type":"Polygon","coordinates":[[[13.7795,52.1804],[13.7129,52.1933],[13.689,52.1852],[13.6718,52.1968],[13.6537,52.2003],[13.6416,52.1962],[13.6215,52.1993],[13.6201,52.1896],[13.5944,52.1862],[13.602,52.1718],[13.5893,52.1573],[13.6301,52.16],[13.6587,52.1503],[13.6594,52.1339],[13.6613,52.1249],[13.6998,52.1179],[13.7091,52.1084],[13.722,52.1349],[13.7573,52.1284],[13.7622,52.1419],[13.7597,52.1487],[13.7692,52.1708],[13.7795,52.1804]]]},"properties":{"AGS":"12061192","GEN":"Groß Köris","SN_L":"12"}},
{"type":"Feature","geometry":{"type":"Polygon","coordinates":[[[13.7754,52.0767],[13.7399,52.1048],[13.7573,52.1094],[13.764,52.119],[13.7573,52.1284],[13.722,52.1349],[13.7091,52.1084],[13.6998,52.1179],[13.6613,52.1249],[13.6377,52.1078],[13.6229,52.0732],[13.6478,52.0569],[13.6823,52.0507],[13.7061,52.0405],[13.7002,52.0295],[13.7292,52.0312],[13.7526,52.0342],[13.7667,52.042],[13.7754,52.0767]]]},"properties":{"AGS":"12061216","GEN":"Halbe","SN_L":"12"}},
{"type":"Feature","geometry":{"type":"Polygon","coordinates":[[[13.838,52.0825],[13.8104,52.0832],[13.8006,52.1012],[13.8078,52.1098],[13.7929,52.1279],[13.7775,52.1318],[13.7622,52.1419],[13.7573,52.1284],[13.764,52.119],[13.7573,52.1094],[13.7399,52.1048],[13.7754,52.0767],[13.7888,52.0674],[13.8209,52.0713],[13.8425,52.0695],[13.8456,52.0783],[13.838,52.0825]]]},"properties":{"AGS":"12061328","GEN":"Märkisch Buchholz","SN_L":"12"}},
{"type":"Feature","geometry":{"type":"Polygon","coordinates":[[[13.835,52.1854],[13.7771,52.1926],[13.7795,52.1804],[13.7692,52.1708],[13.7597,52.1487],[13.7622,52.1419],[13.7775,52.1318],[13.7929,52.1279],[13.8078,52.1098],[13.8006,52.1012],[13.8104,52.0832],[13.838,52.0825],[13.8396,52.0967],[13.8516,52.0973],[13.8768,52.1103],[13.8712,52.1181],[13.8453,52.1217],[13.8714,52.1413],[13.8562,52.1644],[13.8602,52.1724],[13.8895,52.1696],[13.8909,52.1797],[13.8564,52.1894],[13.835,52.1854]]]},"properties":{"AGS":"12061344","GEN":"Münchehofe","SN_L":"12"}},
{"type":"Feature","geometry":{"type":"Polygon","coordinates":[[[13.6594,52.1339],[13.6587,52.1503],[13.6301,52.16],[13.61,52.1507],[13.6488,52.1331],[13.6594,52.1339]]]},"properties":{"AGS":"12061448","GEN":"Schwerin","SN_L":"12"}},
{"type":"Feature","geometry":{"type":"Polygon","coordinates":[[[13.6301,52.16],[13.5893,52.1573],[13.5841,52.1486],[13.5647,52.1428],[13.5569,52.148],[13.5489,52.1378],[13.5492,52.1186],[13.5408,52.0972],[13.5531,52.0916],[13.5775,52.0904],[13.6229,52.0732],[13.6377,52.1078],[13.6613,52.1249],[13.6594,52.1339],[13.6488,52.1331],[13.61,52.1507],[13.6301,52.16]]]},"properties":{"AGS":"12061492","GEN":"Teupitz","SN_L":"12"}},
{"type":"Feature","geometry":{"type":"Polygon","coordinates":[[[14.0901,51.8878],[14.0569,51.8972],[14.0588,51.9101],[14.0687,51.9234],[14.0617,51.9354],[14.0193,51.9436],[13.9983,51.9379],[13.9845,51.9269],[13.9821,51.8995],[14.0295,51.8846],[14.0885,51.8783],[14.0901,51.8878]]]},"properties":{"AGS":"12061005","GEN":"Alt Zauche-Wußwerk","SN_L":"12"}},
{"type":"Feature","geometry":{"type":"Polygon","coordinates":[[[14.2233,51.9042],[14.241,51.9293],[14.2099,51.9289],[14.1888,51.9259],[14.1778,51.9168],[14.1671,51.9215],[14.1553,51.9041],[14.1596,51.8981],[14.125,51.8793],[14.1219,51.873],[14.1346,51.8716],[14.1676,51.8581],[14.1811,51.8645],[14.2149,51.8694],[14.2255,51.8883],[14.2233,51.9042]]]},"properties":{"AGS":"12061061","GEN":"Byhleguhre-Byhlen","SN_L":"12"}},
{"type":"Feature","geometry":{"type":"Polygon","coordinates":[[[14.446,52.0264],[14.415,52.0245],[14.4026,52.0337],[14.4009,52.0528],[14.3551,52.0731],[14.345,52.0708],[14.3485,52.0347],[14.3347,52.0319],[14.3152,52.0357],[14.3198,52.0217],[14.3124,52.0002],[14.3308,51.9981],[14.3443,51.9862],[14.3743,51.9782],[14.3689,52.0001],[14.393,52.0081],[14.4258,52.0087],[14.4534,52.0143],[14.446,52.0264]]]},"properties":{"AGS":"12061224","GEN":"Jamlitz","SN_L":"12"}},
{"type":"Feature","geometry":{"type":"Polygon","coordinates":[[[14.3743,51.9782],[14.3443,51.9862],[14.3308,51.9981],[14.3124,52.0002],[14.3198,52.0217],[14.3152,52.0357],[14.3347,52.0319],[14.3485,52.0347],[14.345,52.0708],[14.3307,52.0686],[14.305,52.0562],[14.3023,52.0478],[14.2703,52.0323],[14.2379,52.0253],[14.2213,52.0125],[14.2319,51.9932],[14.254,51.9915],[14.2717,51.9691],[14.2946,51.9598],[14.3241,51.9643],[14.3461,51.934],[14.3787,51.932],[14.3932,51.9353],[14.3743,51.9782]]]},"properties":{"AGS":"12061308","GEN":"Lieberose","SN_L":"12"}},
{"type":"Feature","geometry":{"type":"Polygon","coordinates":[[[14.0818,51.9569],[14.0543,51.9654],[14.0297,51.9767],[13.9871,51.9717],[13.9749,51.9637],[13.9699,51.9548],[13.9993,51.9456],[14.0193,51.9436],[14.0617,51.9354],[14.0687,51.9234],[14.0588,51.9101],[14.0569,51.8972],[14.0901,51.8878],[14.0891,51.9039],[14.1041,51.9115],[14.1191,51.9295],[14.1125,51.9399],[14.0818,51.9569]]]},"properties":{"AGS":"12061352","GEN":"Neu Zauche","SN_L":"12"}},
{"type":"Feature","geometry":{"type":"Polygon","coordinates":[[[14.2703,52.0323],[14.2417,52.04],[14.2198,52.0419],[14.214,52.0528],[14.2225,52.0757],[14.2052,52.0868],[14.2041,52.074],[14.1942,52.0577],[14.1596,52.0573],[14.1288,52.0519],[14.1125,52.0362],[14.1164,52.0189],[14.1294,52.0155],[14.1022,51.9958],[14.0967,51.9739],[14.1244,51.9765],[14.1293,51.9885],[14.1412,51.9877],[14.1413,51.9732],[14.1563,51.9759],[14.1627,51.9518],[14.1961,51.9563],[14.2076,51.9447],[14.2099,51.9289],[14.241,51.9293],[14.2233,51.9042],[14.25,51.9076],[14.3196,51.9354],[14.3418,51.9343],[14.3461,51.934],[14.3241,51.9643],[14.2946,51.9598],[14.2717,51.9691],[14.254,51.9915],[14.2319,51.9932],[14.2213,52.0125],[14.2379,52.0253],[14.2703,52.0323]]]},"properties":{"AGS":"12061450","GEN":"Schwielochsee","SN_L":"12"}},
{"type":"Feature","geometry":{"type":"Polygon","coordinates":[[[14.2099,51.9289],[14.2076,51.9447],[14.1961,51.9563],[14.1627,51.9518],[14.1563,51.9759],[14.1413,51.9732],[14.1412,51.9877],[14.1293,51.9885],[14.1244,51.9765],[14.0967,51.9739],[14.0818,51.9569],[14.1125,51.9399],[14.1191,51.9295],[14.1481,51.9267],[14.1671,51.9215],[14.1778,51.9168],[14.1888,51.9259],[14.2099,51.9289]]]},"properties":{"AGS":"12061470","GEN":"Spreewaldheide","SN_L":"12"}},
{"type":"Feature","geometry":{"type":"Polygon","coordinates":[[[14.1671,51.9215],[14.1481,51.9267],[14.1191,51.9295],[14.1041,51.9115],[14.0891,51.9039],[14.0901,51.8878],[14.0885,51.8783],[14.0981,51.8736],[14.1219,51.873],[14.125,51.8793],[14.1596,51.8981],[14.1553,51.9041],[14.1671,51.9215]]]},"properties":{"AGS":"12061476","GEN":"Straupitz (Spreewald)","SN_L":"12"}},
{"type":"Feature","geometry":{"type":"Polygon","coordinates":[[[13.7938,51.9587],[13.7629,51.9618],[13.7308,51.9842],[13.7109,51.9754],[13.7013,51.9654],[13.7013,51.9647],[13.7034,51.9475],[13.7345,51.9449],[13.747,51.9526],[13.7633,51.951],[13.7599,51.9233],[13.7481,51.9098],[13.7477,51.9048],[13.785,51.9079],[13.785,51.9153],[13.8168,51.9288],[13.7942,51.9487],[13.7938,51.9587]]]},"properties":{"AGS":"12061017","GEN":"Bersteland","SN_L":"12"}},
{"type":"Feature","geometry":{"type":"Polygon","coordinates":[[[13.6192,51.9267],[13.6043,51.9371],[13.606,51.9453],[13.5739,51.9525],[13.5667,51.9437],[13.5297,51.938],[13.5193,51.9302],[13.5512,51.9213],[13.5458,51.9056],[13.5702,51.8953],[13.5787,51.8957],[13.6217,51.9076],[13.6192,51.9267]]]},"properties":{"AGS":"12061097","GEN":"Drahnsdorf","SN_L":"12"}},
{"type":"Feature","geometry":{"type":"Polygon","coordinates":[[[13.6625,51.9878],[13.6523,52.0017],[13.6334,52.0103],[13.5965,52.0066],[13.5914,52.001],[13.5565,51.9982],[13.5443,51.9895],[13.5259,51.9873],[13.5156,51.9767],[13.4919,51.9656],[13.5024,51.9619],[13.5265,51.9691],[13.5506,51.9643],[13.5739,51.9525],[13.606,51.9453],[13.6043,51.9371],[13.6192,51.9267],[13.6337,51.9258],[13.6417,51.9336],[13.671,51.94],[13.6849,51.9576],[13.7013,51.9647],[13.7013,51.9654],[13.6806,51.9729],[13.6682,51.9726],[13.6625,51.9878]]]},"properties":{"AGS":"12061164","GEN":"Golßen","SN_L":"12"}},
{"type":"Feature","geometry":{"type":"Polygon","coordinates":[[[13.7481,51.9098],[13.7599,51.9233],[13.7633,51.951],[13.747,51.9526],[13.7345,51.9449],[13.7034,51.9475],[13.7013,51.9647],[13.6849,51.9576],[13.671,51.94],[13.6417,51.9336],[13.6337,51.9258],[13.6192,51.9267],[13.6217,51.9076],[13.6823,51.9148],[13.7137,51.9116],[13.7388,51.9136],[13.7481,51.9098]]]},"properties":{"AGS":"12061244","GEN":"Kasel-Golzig","SN_L":"12"}},
{"type":"Feature","geometry":{"type":"Polygon","coordinates":[[[13.8456,52.0783],[13.8425,52.0695],[13.8209,52.0713],[13.7888,52.0674],[13.7754,52.0767],[13.7667,52.042],[13.7526,52.0342],[13.7292,52.0312],[13.736,52.0194],[13.7684,52.022],[13.7858,52.0194],[13.8221,51.9987],[13.834,51.993],[13.8589,51.9887],[13.8671,51.9958],[13.8588,52.0035],[13.8573,52.0364],[13.8648,52.045],[13.891,52.0502],[13.8839,52.0657],[13.8669,52.0651],[13.8456,52.0783]]]},"properties":{"AGS":"12061265","GEN":"Krausnick-Groß Wasserburg","SN_L":"12"}},
{"type":"Feature","geometry":{"type":"Polygon","coordinates":[[[13.7292,52.0312],[13.7002,52.0295],[13.7061,52.0405],[13.6823,52.0507],[13.6478,52.0569],[13.653,52.0481],[13.637,52.035],[13.6469,52.014],[13.6334,52.0103],[13.6523,52.0017],[13.6625,51.9878],[13.6795,51.9951],[13.6981,52.0124],[13.736,52.0194],[13.7292,52.0312]]]},"properties":{"AGS":"12061405","GEN":"Rietzneuendorf-Staakow","SN_L":"12"}},
{"type":"Feature","geometry":{"type":"Polygon","coordinates":[[[13.9241,51.9882],[13.9203,52.0018],[13.9292,52.013],[13.9331,52.0393],[13.9252,52.0554],[13.9046,52.0509],[13.891,52.0502],[13.8648,52.045],[13.8573,52.0364],[13.8588,52.0035],[13.8671,51.9958],[13.8977,51.9854],[13.9241,51.9882]]]},"properties":{"AGS":"12061428","GEN":"Schlepzig","SN_L":"12"}},
{"type":"Feature","geometry":{"type":"Polygon","coordinates":[[[13.8221,51.9987],[13.7858,52.0194],[13.7684,52.022],[13.736,52.0194],[13.6981,52.0124],[13.6795,51.9951],[13.6625,51.9878],[13.6682,51.9726],[13.6806,51.9729],[13.7013,51.9654],[13.7109,51.9754],[13.7308,51.9842],[13.7629,51.9618],[13.7938,51.9587],[13.7983,51.9885],[13.8221,51.9987]]]},"properties":{"AGS":"12061435","GEN":"Schönwald","SN_L":"12"}},
{"type":"Feature","geometry":{"type":"Polygon","coordinates":[[[13.4919,51.9656],[13.4309,51.977],[13.4148,51.9762],[13.4199,51.9619],[13.4186,51.9413],[13.4121,51.9301],[13.4332,51.9251],[13.4818,51.9329],[13.4915,51.9275],[13.5193,51.9302],[13.5297,51.938],[13.5667,51.9437],[13.5739,51.9525],[13.5506,51.9643],[13.5265,51.9691],[13.5024,51.9619],[13.4919,51.9656]]]},"properties":{"AGS":"12061471","GEN":"Steinreich","SN_L":"12"}},
{"type":"Feature","geometry":{"type":"Polygon","coordinates":[[[13.9046,52.0509],[13.9247,52.0709],[13.9112,52.0862],[13.8954,52.0827],[13.8918,52.0972],[13.9113,52.1088],[13.9182,52.1245],[13.8895,52.1233],[13.8712,52.1181],[13.8768,52.1103],[13.8516,52.0973],[13.8396,52.0967],[13.838,52.0825],[13.8456,52.0783],[13.8669,52.0651],[13.8839,52.0657],[13.891,52.0502],[13.9046,52.0509]]]},"properties":{"AGS":"12061510","GEN":"Unterspreewald","SN_L":"12"}},
{"type":"Feature","geometry":{"type":"Polygon","coordinates":[[[13.6514,51.639],[13.6241,51.6467],[13.6144,51.6608],[13.5616,51.6801],[13.5587,51.6944],[13.5448,51.7002],[13.5174,51.7044],[13.5027,51.7012],[13.4792,51.6812],[13.4539,51.6783],[13.4336,51.6824],[13.4063,51.676],[13.3924,51.6652],[13.3383,51.6589],[13.3523,51.6405],[13.3577,51.626],[13.3896,51.618],[13.427,51.622],[13.4326,51.6147],[13.4601,51.6137],[13.4868,51.6121],[13.5277,51.6022],[13.5532,51.6009],[13.5665,51.5938],[13.5958,51.5918],[13.6125,51.6127],[13.6369,51.6231],[13.6395,51.6357],[13.6514,51.639]]]},"properties":{"AGS":"12062092","GEN":"Doberlug-Kirchhain","SN_L":"12"}},
{"type":"Feature","geometry":{"type":"Polygon","coordinates":[[[13.5542,51.4607],[13.5438,51.475],[13.5327,51.4738],[13.523,51.4907],[13.5193,51.517],[13.5062,51.5102],[13.4608,51.5068],[13.4936,51.4812],[13.4798,51.4732],[13.48,51.4616],[13.4893,51.4539],[13.4761,51.445],[13.5042,51.439],[13.5185,51.4403],[13.528,51.4264],[13.5536,51.4284],[13.5641,51.4283],[13.6064,51.4413],[13.5927,51.4448],[13.5975,51.4538],[13.5747,51.4532],[13.5537,51.4472],[13.5542,51.4607]]]},"properties":{"AGS":"12062124","GEN":"Elsterwerda","SN_L":"12"}},
{"type":"Feature","geometry":{"type":"Polygon","coordinates":[[[13.7304,51.6276],[13.7084,51.6501],[13.6634,51.6407],[13.6514,51.639],[13.6395,51.6357],[13.6369,51.6231],[13.6703,51.6278],[13.6744,51.6101],[13.6892,51.6132],[13.7009,51.596],[13.688,51.5786],[13.6628,51.5822],[13.6492,51.5895],[13.6356,51.5613],[13.6343,51.5565],[13.6925,51.5515],[13.7013,51.5433],[13.6853,51.5286],[13.6893,51.5212],[13.713,51.5204],[13.7312,51.5269],[13.7487,51.5424],[13.7688,51.5328],[13.7967,51.5376],[13.8151,51.5486],[13.8111,51.5545],[13.7849,51.5619],[13.7644,51.5825],[13.7355,51.5819],[13.7385,51.5988],[13.7335,51.6035],[13.7304,51.6276]]]},"properties":{"AGS":"12062140","GEN":"Finsterwalde","SN_L":"12"}},
{"type":"Feature","geometry":{"type":"Polygon","coordinates":[[[13.2731,51.7117],[13.2503,51.7247],[13.2593,51.7311],[13.2451,51.7422],[13.2268,51.7363],[13.1868,51.7541],[13.1633,51.7549],[13.154,51.7442],[13.1799,51.7307],[13.1871,51.7156],[13.1664,51.7179],[13.1544,51.7101],[13.1625,51.6918],[13.1545,51.6867],[13.051,51.6477],[13.0938,51.6059],[13.104,51.6165],[13.121,51.6189],[13.1345,51.6057],[13.155,51.6002],[13.1741,51.6071],[13.1598,51.6288],[13.1777,51.6413],[13.1988,51.6304],[13.2663,51.6542],[13.2732,51.6512],[13.2892,51.6547],[13.3222,51.6542],[13.3341,51.6585],[13.3286,51.6726],[13.3341,51.6801],[13.3124,51.6882],[13.3089,51.6966],[13.2844,51.7039],[13.2731,51.7117]]]},"properties":{"AGS":"12062224","GEN":"Herzberg (Elster)","SN_L":"12"}},
{"type":"Feature","geometry":{"type":"Polygon","coordinates":[[[13.528,51.4264],[13.5185,51.4403],[13.5042,51.439],[13.4761,51.445],[13.4893,51.4539],[13.48,51.4616],[13.4798,51.4732],[13.4936,51.4812],[13.4608,51.5068],[13.4399,51.487],[13.4302,51.4684],[13.4054,51.4714],[13.406,51.4517],[13.4112,51.4403],[13.4345,51.4265],[13.468,51.4198],[13.4633,51.4118],[13.5152,51.4019],[13.5134,51.4164],[13.528,51.4264]]]},"properties":{"AGS":"12062410","GEN":"Röderland","SN_L":"12"}},
{"type":"Feature","geometry":{"type":"Polygon","coordinates":[[[13.3107,51.8307],[13.3037,51.8188],[13.2815,51.8265],[13.2705,51.8205],[13.248,51.8223],[13.228,51.8377],[13.2207,51.857],[13.233,51.8687],[13.2304,51.8782],[13.2023,51.8765],[13.1835,51.8861],[13.1624,51.8838],[13.163,51.8607],[13.1509,51.8596],[13.1235,51.8578],[13.1274,51.8456],[13.163,51.802],[13.158,51.7884],[13.161,51.7767],[13.1475,51.7666],[13.1499,51.7593],[13.1633,51.7549],[13.1868,51.7541],[13.2268,51.7363],[13.2451,51.7422],[13.2593,51.7311],[13.2503,51.7247],[13.2731,51.7117],[13.2701,51.7265],[13.296,51.7394],[13.3283,51.7381],[13.3366,51.7462],[13.3329,51.7638],[13.2987,51.7677],[13.2923,51.7752],[13.3195,51.7906],[13.3491,51.7843],[13.3563,51.8079],[13.3917,51.8169],[13.3545,51.8325],[13.3425,51.8281],[13.3107,51.8307]]]},"properties":{"AGS":"12062461","GEN":"Schönewalde","SN_L":"12"}},
{"type":"Feature","geometry":{"type":"Polygon","coordinates":[[[13.6949,51.727],[13.6646,51.7329],[13.6612,51.7474],[13.6091,51.7409],[13.6019,51.7481],[13.5789,51.7562],[13.5489,51.7466],[13.5392,51.7438],[13.5437,51.726],[13.5092,51.7247],[13.5174,51.7044],[13.5448,51.7002],[13.5587,51.6944],[13.5616,51.6801],[13.6144,51.6608],[13.6241,51.6467],[13.6514,51.639],[13.6634,51.6407],[13.659,51.6577],[13.6706,51.6675],[13.7201,51.6728],[13.7495,51.6717],[13.7673,51.6871],[13.7495,51.6936],[13.7503,51.7145],[13.6949,51.727]]]},"properties":{"AGS":"12062469","GEN":"Sonnewalde","SN_L":"12"}},
{"type":"Feature","geometry":{"type":"Polygon","coordinates":[[[13.5197,51.5545],[13.4952,51.5449],[13.4854,51.5533],[13.4681,51.5583],[13.439,51.5414],[13.3916,51.5402],[13.3756,51.5362],[13.3598,51.5249],[13.3355,51.5365],[13.3238,51.5205],[13.3288,51.5165],[13.3053,51.4965],[13.2704,51.4848],[13.2514,51.4739],[13.2495,51.4622],[13.258,51.4421],[13.2906,51.4473],[13.303,51.4359],[13.3203,51.4375],[13.3379,51.4292],[13.3583,51.434],[13.3766,51.4246],[13.3882,51.4478],[13.406,51.4517],[13.4054,51.4714],[13.4302,51.4684],[13.4399,51.487],[13.4608,51.5068],[13.5062,51.5102],[13.5193,51.517],[13.5169,51.5312],[13.5549,51.5335],[13.5523,51.5498],[13.5355,51.5476],[13.5197,51.5545]]]},"properties":{"AGS":"12062024","GEN":"Bad Liebenwerda","SN_L":"12"}},
{"type":"Feature","geometry":{"type":"Polygon","coordinates":[[[13.2732,51.6512],[13.2663,51.6542],[13.1988,51.6304],[13.1777,51.6413],[13.1598,51.6288],[13.1741,51.6071],[13.155,51.6002],[13.1618,51.5921],[13.141,51.5712],[13.1608,51.559],[13.1856,51.5581],[13.1874,51.5519],[13.2477,51.5545],[13.2517,51.5459],[13.2881,51.5604],[13.2921,51.5664],[13.2776,51.5808],[13.2724,51.5961],[13.2861,51.5993],[13.2722,51.6101],[13.2861,51.6132],[13.2877,51.6215],[13.2731,51.642],[13.2732,51.6512]]]},"properties":{"AGS":"12062128","GEN":"Falkenberg/Elster","SN_L":"12"}},
{"type":"Feature","geometry":{"type":"Polygon","coordinates":[[[13.2517,51.5459],[13.2477,51.5545],[13.1874,51.5519],[13.1901,51.5396],[13.2084,51.5103],[13.1969,51.4883],[13.1823,51.492],[13.187,51.4868],[13.1845,51.4691],[13.2041,51.4569],[13.2012,51.4481],[13.1751,51.4328],[13.1876,51.4255],[13.2017,51.4207],[13.2102,51.4047],[13.2173,51.3951],[13.2435,51.3932],[13.2561,51.3921],[13.2634,51.4008],[13.2864,51.3993],[13.2855,51.4105],[13.3283,51.4266],[13.3203,51.4375],[13.303,51.4359],[13.2906,51.4473],[13.258,51.4421],[13.2495,51.4622],[13.2514,51.4739],[13.2704,51.4848],[13.2666,51.5113],[13.2546,51.5147],[13.2469,51.5321],[13.2517,51.5459]]]},"properties":{"AGS":"12062341","GEN":"Mühlberg/Elbe","SN_L":"12"}},
{"type":"Feature","geometry":{"type":"Polygon","coordinates":[[[13.3383,51.6589],[13.3341,51.6585],[13.3222,51.6542],[13.2892,51.6547],[13.2732,51.6512],[13.2731,51.642],[13.2877,51.6215],[13.2861,51.6132],[13.2722,51.6101],[13.2861,51.5993],[13.2724,51.5961],[13.2776,51.5808],[13.2921,51.5664],[13.2881,51.5604],[13.2517,51.5459],[13.2469,51.5321],[13.2546,51.5147],[13.2666,51.5113],[13.2704,51.4848],[13.3053,51.4965],[13.3288,51.5165],[13.3238,51.5205],[13.3355,51.5365],[13.3598,51.5249],[13.3756,51.5362],[13.3916,51.5402],[13.439,51.5414],[13.4681,51.5583],[13.4421,51.5544],[13.4391,51.5704],[13.4486,51.5757],[13.435,51.5869],[13.4129,51.5882],[13.4147,51.5983],[13.3765,51.5929],[13.365,51.5981],[13.3703,51.6063],[13.3896,51.618],[13.3577,51.626],[13.3523,51.6405],[13.3383,51.6589]]]},"properties":{"AGS":"12062500","GEN":"Uebigau-Wahrenbrück","SN_L":"12"}},
{"type":"Feature","geometry":{"type":"Polygon","coordinates":[[[13.6356,51.5613],[13.6492,51.5895],[13.6628,51.5822],[13.688,51.5786],[13.7009,51.596],[13.6892,51.6132],[13.6744,51.6101],[13.6703,51.6278],[13.6369,51.6231],[13.6125,51.6127],[13.5958,51.5918],[13.6066,51.5616],[13.6356,51.5613]]]},"properties":{"AGS":"12062219","GEN":"Heideland","SN_L":"12"}},
{"type":"Feature","geometry":{"type":"Polygon","coordinates":[[[13.5958,51.5918],[13.5665,51.5938],[13.5507,51.5782],[13.5376,51.576],[13.5197,51.5545],[13.5355,51.5476],[13.5523,51.5498],[13.5735,51.5521],[13.5979,51.5414],[13.6019,51.5464],[13.6256,51.5473],[13.6343,51.5565],[13.6356,51.5613],[13.6066,51.5616],[13.5958,51.5918]]]},"properties":{"AGS":"12062417","GEN":"Rückersdorf","SN_L":"12"}},
{"type":"Feature","geometry":{"type":"Polygon","coordinates":[[[13.4326,51.6147],[13.427,51.622],[13.3896,51.618],[13.3703,51.6063],[13.365,51.5981],[13.3765,51.5929],[13.4147,51.5983],[13.4096,51.6099],[13.4326,51.6147]]]},"properties":{"AGS":"12062440","GEN":"Schilda","SN_L":"12"}},
{"type":"Feature","geometry":{"type":"Polygon","coordinates":[[[13.5665,51.5938],[13.5532,51.6009],[13.5277,51.6022],[13.4868,51.6121],[13.4601,51.6137],[13.4581,51.5947],[13.4486,51.5757],[13.4391,51.5704],[13.4421,51.5544],[13.4681,51.5583],[13.4854,51.5533],[13.4952,51.5449],[13.5197,51.5545],[13.5376,51.576],[13.5507,51.5782],[13.5665,51.5938]]]},"properties":{"AGS":"12062453","GEN":"Schönborn","SN_L":"12"}},
{"type":"Feature","geometry":{"type":"Polygon","coordinates":[[[13.4486,51.5757],[13.4581,51.5947],[13.4601,51.6137],[13.4326,51.6147],[13.4096,51.6099],[13.4147,51.5983],[13.4129,51.5882],[13.435,51.5869],[13.4486,51.5757]]]},"properties":{"AGS":"12062492","GEN":"Tröbitz","SN_L":"12"}},
{"type":"Feature","geometry":{"type":"Polygon","coordinates":[[[13.7825,51.735],[13.7829,51.7538],[13.7754,51.7598],[13.7538,51.7542],[13.7292,51.7596],[13.7187,51.7506],[13.6956,51.7412],[13.6949,51.727],[13.7503,51.7145],[13.7755,51.7261],[13.7825,51.735]]]},"properties":{"AGS":"12062088","GEN":"Crinitz","SN_L":"12"}},
{"type":"Feature","geometry":{"type":"Polygon","coordinates":[[[13.8214,51.6426],[13.7866,51.6413],[13.7866,51.619],[13.7717,51.612],[13.7304,51.6276],[13.7335,51.6035],[13.7385,51.5988],[13.7355,51.5819],[13.7644,51.5825],[13.7849,51.5619],[13.8111,51.5545],[13.8151,51.5486],[13.8299,51.5541],[13.8336,51.556],[13.8212,51.5659],[13.8206,51.5738],[13.8074,51.5987],[13.8154,51.6063],[13.8378,51.6165],[13.8395,51.6263],[13.8272,51.6309],[13.8214,51.6426]]]},"properties":{"AGS":"12062293","GEN":"Lichterfeld-Schacksdorf","SN_L":"12"}},
{"type":"Feature","geometry":{"type":"Polygon","coordinates":[[[13.8349,51.6826],[13.8263,51.6953],[13.8091,51.6952],[13.8087,51.7089],[13.7981,51.7371],[13.7825,51.735],[13.7755,51.7261],[13.7503,51.7145],[13.7495,51.6936],[13.7673,51.6871],[13.7495,51.6717],[13.7201,51.6728],[13.6706,51.6675],[13.659,51.6577],[13.6634,51.6407],[13.7084,51.6501],[13.7304,51.6276],[13.7717,51.612],[13.7866,51.619],[13.7866,51.6413],[13.8214,51.6426],[13.852,51.6633],[13.8362,51.668],[13.8349,51.6826]]]},"properties":{"AGS":"12062333","GEN":"Massen-Niederlausitz","SN_L":"12"}},
{"type":"Feature","geometry":{"type":"Polygon","coordinates":[[[13.8901,51.6306],[13.8866,51.6467],[13.852,51.6633],[13.8214,51.6426],[13.8272,51.6309],[13.8395,51.6263],[13.8378,51.6165],[13.8154,51.6063],[13.8074,51.5987],[13.8206,51.5738],[13.8212,51.5659],[13.8336,51.556],[13.8498,51.563],[13.8755,51.5663],[13.8805,51.5769],[13.8663,51.591],[13.8796,51.6029],[13.8894,51.6181],[13.8901,51.6306]]]},"properties":{"AGS":"12062425","GEN":"Sallgast","SN_L":"12"}},
{"type":"Feature","geometry":{"type":"Polygon","coordinates":[[[13.6853,51.5286],[13.7013,51.5433],[13.6925,51.5515],[13.6343,51.5565],[13.6256,51.5473],[13.6019,51.5464],[13.5979,51.5414],[13.5735,51.5521],[13.5523,51.5498],[13.5549,51.5335],[13.5769,51.5281],[13.5942,51.5294],[13.623,51.5246],[13.6375,51.5156],[13.6341,51.5044],[13.6582,51.5063],[13.654,51.5289],[13.6853,51.5286]]]},"properties":{"AGS":"12062177","GEN":"Gorden-Staupitz","SN_L":"12"}},
{"type":"Feature","geometry":{"type":"Polygon","coordinates":[[[13.6341,51.5044],[13.6375,51.5156],[13.623,51.5246],[13.5942,51.5294],[13.5769,51.5281],[13.5549,51.5335],[13.5169,51.5312],[13.5193,51.517],[13.523,51.4907],[13.5327,51.4738],[13.5438,51.475],[13.5542,51.4607],[13.5559,51.4771],[13.5799,51.5013],[13.6198,51.5037],[13.6216,51.497],[13.6429,51.4982],[13.6341,51.5044]]]},"properties":{"AGS":"12062240","GEN":"Hohenleipisch","SN_L":"12"}},
{"type":"Feature","geometry":{"type":"Polygon","coordinates":[[[13.6429,51.4982],[13.6216,51.497],[13.6198,51.5037],[13.5799,51.5013],[13.5559,51.4771],[13.5542,51.4607],[13.5537,51.4472],[13.5747,51.4532],[13.5975,51.4538],[13.5927,51.4448],[13.6064,51.4413],[13.6227,51.4296],[13.643,51.4353],[13.6379,51.4472],[13.6865,51.4502],[13.6961,51.4602],[13.6927,51.4795],[13.6804,51.4882],[13.6429,51.4982]]]},"properties":{"AGS":"12062372","GEN":"Plessa","SN_L":"12"}},
{"type":"Feature","geometry":{"type":"Polygon","coordinates":[[[13.7094,51.4595],[13.6961,51.4602],[13.6865,51.4502],[13.6379,51.4472],[13.643,51.4353],[13.6489,51.4267],[13.6752,51.424],[13.6967,51.4169],[13.7152,51.4169],[13.7191,51.4235],[13.7174,51.4507],[13.7094,51.4595]]]},"properties":{"AGS":"12062464","GEN":"Schraden","SN_L":"12"}},
{"type":"Feature","geometry":{"type":"Polygon","coordinates":[[[13.5092,51.7247],[13.4996,51.7208],[13.475,51.7202],[13.4587,51.7409],[13.4549,51.7588],[13.4396,51.7751],[13.4074,51.7561],[13.398,51.7393],[13.4463,51.7218],[13.46,51.7101],[13.4596,51.6998],[13.4391,51.6958],[13.4336,51.6824],[13.4539,51.6783],[13.4792,51.6812],[13.5027,51.7012],[13.5174,51.7044],[13.5092,51.7247]]]},"properties":{"AGS":"12062134","GEN":"Fichtwald","SN_L":"12"}},
{"type":"Feature","geometry":{"type":"Polygon","coordinates":[[[13.5055,51.7925],[13.4636,51.7934],[13.4513,51.7891],[13.4396,51.7751],[13.4549,51.7588],[13.4587,51.7409],[13.475,51.7202],[13.4996,51.7208],[13.5092,51.7247],[13.5437,51.726],[13.5392,51.7438],[13.5489,51.7466],[13.5362,51.7608],[13.5278,51.7622],[13.5196,51.7823],[13.5055,51.7925]]]},"properties":{"AGS":"12062237","GEN":"Hohenbucko","SN_L":"12"}},
{"type":"Feature","geometry":{"type":"Polygon","coordinates":[[[13.3283,51.7381],[13.296,51.7394],[13.2701,51.7265],[13.2731,51.7117],[13.2844,51.7039],[13.3089,51.6966],[13.3124,51.6882],[13.3341,51.6801],[13.3475,51.6939],[13.3484,51.7156],[13.338,51.736],[13.3283,51.7381]]]},"properties":{"AGS":"12062282","GEN":"Kremitzaue","SN_L":"12"}},
{"type":"Feature","geometry":{"type":"Polygon","coordinates":[[[13.4636,51.7934],[13.4226,51.8117],[13.3971,51.8164],[13.3917,51.8169],[13.3563,51.8079],[13.3491,51.7843],[13.345,51.7723],[13.3783,51.7721],[13.394,51.7569],[13.4074,51.7561],[13.4396,51.7751],[13.4513,51.7891],[13.4636,51.7934]]]},"properties":{"AGS":"12062289","GEN":"Lebusa","SN_L":"12"}},
{"type":"Feature","geometry":{"type":"Polygon","coordinates":[[[13.4074,51.7561],[13.394,51.7569],[13.3783,51.7721],[13.345,51.7723],[13.3491,51.7843],[13.3195,51.7906],[13.2923,51.7752],[13.2987,51.7677],[13.3329,51.7638],[13.3366,51.7462],[13.3283,51.7381],[13.338,51.736],[13.3484,51.7156],[13.3475,51.6939],[13.3341,51.6801],[13.3286,51.6726],[13.3341,51.6585],[13.3383,51.6589],[13.3924,51.6652],[13.4063,51.676],[13.4336,51.6824],[13.4391,51.6958],[13.4596,51.6998],[13.46,51.7101],[13.4463,51.7218],[13.398,51.7393],[13.4074,51.7561]]]},"properties":{"AGS":"12062445","GEN":"Schlieben","SN_L":"12"}},
{"type":"Feature","geometry":{"type":"Polygon","coordinates":[[[13.643,51.4353],[13.6227,51.4296],[13.6064,51.4413],[13.5641,51.4283],[13.5536,51.4284],[13.5561,51.4185],[13.5482,51.4092],[13.5559,51.3868],[13.57,51.3857],[13.5899,51.3842],[13.6091,51.4035],[13.6135,51.4183],[13.6402,51.4254],[13.643,51.4353]]]},"properties":{"AGS":"12062196","GEN":"Gröden","SN_L":"12"}},
{"type":"Feature","geometry":{"type":"Polygon","coordinates":[[[13.6967,51.4169],[13.6752,51.424],[13.6489,51.4267],[13.6653,51.4097],[13.6513,51.4088],[13.6556,51.3862],[13.6199,51.3814],[13.6172,51.3711],[13.6828,51.3676],[13.6913,51.374],[13.7018,51.3826],[13.6988,51.396],[13.6898,51.4041],[13.6967,51.4169]]]},"properties":{"AGS":"12062208","GEN":"Großthiemig","SN_L":"12"}},
{"type":"Feature","geometry":{"type":"Polygon","coordinates":[[[13.6489,51.4267],[13.643,51.4353],[13.6402,51.4254],[13.6135,51.4183],[13.6091,51.4035],[13.5899,51.3842],[13.6056,51.3695],[13.6172,51.3711],[13.6199,51.3814],[13.6556,51.3862],[13.6513,51.4088],[13.6653,51.4097],[13.6489,51.4267]]]},"properties":{"AGS":"12062232","GEN":"Hirschfeld","SN_L":"12"}},
{"type":"Feature","geometry":{"type":"Polygon","coordinates":[[[13.57,51.3857],[13.5559,51.3868],[13.5482,51.4092],[13.5561,51.4185],[13.5536,51.4284],[13.528,51.4264],[13.5134,51.4164],[13.5152,51.4019],[13.5249,51.3843],[13.5378,51.3772],[13.57,51.3857]]]},"properties":{"AGS":"12062336","GEN":"Merzdorf","SN_L":"12"}},
{"type":"Feature","geometry":{"type":"Polygon","coordinates":[[[13.0076,52.6129],[12.9679,52.6157],[12.9533,52.611],[12.9118,52.6101],[12.9027,52.5973],[12.9025,52.5771],[12.91,52.578],[12.9238,52.56],[12.9672,52.5654],[12.982,52.5698],[12.9996,52.568],[13.0322,52.5666],[13.0356,52.5772],[13.0279,52.5869],[13.0505,52.5957],[13.0389,52.6055],[13.0106,52.6129],[13.0076,52.6129]]]},"properties":{"AGS":"12063036","GEN":"Brieselang","SN_L":"12"}},
{"type":"Feature","geometry":{"type":"Polygon","coordinates":[[[13.1251,52.5438],[13.1172,52.5466],[13.0805,52.5479],[13.0582,52.5533],[13.0267,52.5544],[13.012,52.5583],[13.0188,52.5374],[13.0115,52.5233],[12.9944,52.5127],[13.0111,52.5073],[13.0294,52.4812],[13.0403,52.4804],[13.0468,52.4674],[13.0691,52.4613],[13.0958,52.4702],[13.098,52.4942],[13.1213,52.491],[13.1388,52.5025],[13.1537,52.5018],[13.1665,52.5101],[13.143,52.5197],[13.1174,52.517],[13.1251,52.5438]]]},"properties":{"AGS":"12063056","GEN":"Dallgow-Döberitz","SN_L":"12"}},
{"type":"Feature","geometry":{"type":"Polygon","coordinates":[[[13.129,52.5874],[13.0994,52.5925],[13.0837,52.6045],[13.0106,52.6129],[13.0389,52.6055],[13.0505,52.5957],[13.0279,52.5869],[13.0356,52.5772],[13.0322,52.5666],[12.9996,52.568],[13.012,52.5583],[13.0267,52.5544],[13.0582,52.5533],[13.0805,52.5479],[13.1172,52.5466],[13.1251,52.5438],[13.146,52.5601],[13.153,52.5728],[13.1496,52.5833],[13.129,52.5874]]]},"properties":{"AGS":"12063080","GEN":"Falkensee","SN_L":"12"}},
{"type":"Feature","geometry":{"type":"Polygon","coordinates":[[[12.8783,52.5408],[12.8437,52.5489],[12.8369,52.559],[12.8179,52.5616],[12.8047,52.5585],[12.7969,52.5285],[12.7827,52.508],[12.7695,52.4994],[12.7471,52.5074],[12.7346,52.4982],[12.7547,52.4897],[12.7596,52.4811],[12.7425,52.4775],[12.7452,52.4585],[12.7631,52.4655],[12.7933,52.4628],[12.8136,52.467],[12.8181,52.4734],[12.8635,52.4592],[12.8773,52.4532],[12.8935,52.4608],[12.8953,52.4681],[12.9173,52.4743],[12.9315,52.4864],[12.9351,52.4999],[12.9493,52.5046],[12.9339,52.5009],[12.9048,52.5061],[12.9071,52.5224],[12.9028,52.5347],[12.8783,52.5408]]]},"properties":{"AGS":"12063148","GEN":"Ketzin/Havel","SN_L":"12"}},
{"type":"Feature","geometry":{"type":"Polygon","coordinates":[[[12.3138,52.5506],[12.2802,52.5514],[12.2598,52.5471],[12.2527,52.5523],[12.2582,52.5703],[12.2856,52.5761],[12.2917,52.5948],[12.2824,52.5986],[12.2456,52.6042],[12.2358,52.6148],[12.2368,52.6299],[12.2094,52.6241],[12.2035,52.6187],[12.172,52.6259],[12.1732,52.5975],[12.1734,52.5823],[12.1811,52.5752],[12.1612,52.5627],[12.1447,52.5294],[12.1739,52.5387],[12.1861,52.5275],[12.1673,52.515],[12.1713,52.5062],[12.1814,52.4997],[12.2214,52.5005],[12.2361,52.5237],[12.2564,52.519],[12.2597,52.5046],[12.2691,52.5005],[12.2714,52.4875],[12.2987,52.4961],[12.3107,52.4909],[12.3083,52.4803],[12.3251,52.4712],[12.3172,52.4541],[12.328,52.4397],[12.3612,52.4428],[12.3936,52.4481],[12.4062,52.457],[12.4282,52.4581],[12.4393,52.4645],[12.4357,52.4757],[12.4139,52.4759],[12.4241,52.4925],[12.4147,52.5088],[12.3846,52.5149],[12.347,52.5129],[12.3361,52.5273],[12.3121,52.5271],[12.3045,52.5436],[12.3138,52.5506]]]},"properties":{"AGS":"12063189","GEN":"Milower Land","SN_L":"12"}},
{"type":"Feature","geometry":{"type":"Polygon","coordinates":[[[12.9838,52.7014],[12.9709,52.7026],[12.9634,52.7203],[12.929,52.725],[12.9237,52.7192],[12.8717,52.7092],[12.8288,52.6948],[12.8322,52.6831],[12.766,52.6946],[12.7496,52.6737],[12.7692,52.6687],[12.7576,52.6539],[12.7372,52.6413],[12.7316,52.6144],[12.7197,52.6066],[12.6951,52.5953],[12.6669,52.5863],[12.6524,52.5646],[12.6904,52.5501],[12.7243,52.5405],[12.7161,52.5252],[12.7272,52.5226],[12.7471,52.5074],[12.7695,52.4994],[12.7827,52.508],[12.7969,52.5285],[12.8047,52.5585],[12.8179,52.5616],[12.8369,52.559],[12.8437,52.5489],[12.8783,52.5408],[12.8713,52.5525],[12.9056,52.572],[12.9025,52.5771],[12.9027,52.5973],[12.9118,52.6101],[12.9533,52.611],[12.9679,52.6157],[13.0076,52.6129],[13.0009,52.6341],[12.9868,52.6324],[12.9663,52.6403],[12.9432,52.6365],[12.9321,52.639],[12.9048,52.655],[12.9255,52.671],[12.9378,52.6631],[12.9595,52.6891],[12.9916,52.6925],[12.9838,52.7014]]]},"properties":{"AGS":"12063208","GEN":"Nauen","SN_L":"12"}},
{"type":"Feature","geometry":{"type":"Polygon","coordinates":[[[12.3778,52.5894],[12.3472,52.5825],[12.3398,52.5665],[12.3216,52.5678],[12.3117,52.5611],[12.3138,52.5506],[12.3045,52.5436],[12.3121,52.5271],[12.3361,52.5273],[12.347,52.5129],[12.3846,52.5149],[12.4147,52.5088],[12.4275,52.5113],[12.4265,52.5282],[12.4067,52.5387],[12.4261,52.5467],[12.4284,52.5539],[12.3974,52.5523],[12.3778,52.5894]]]},"properties":{"AGS":"12063244","GEN":"Premnitz","SN_L":"12"}},
{"type":"Feature","geometry":{"type":"Polygon","coordinates":[[[12.4129,52.6475],[12.4056,52.6561],[12.3846,52.6638],[12.3466,52.6596],[12.3236,52.6707],[12.3169,52.6652],[12.2964,52.6716],[12.2829,52.6623],[12.2691,52.6694],[12.2584,52.6649],[12.2393,52.6658],[12.231,52.6399],[12.2368,52.6299],[12.2358,52.6148],[12.2456,52.6042],[12.2824,52.5986],[12.2917,52.5948],[12.2856,52.5761],[12.2582,52.5703],[12.2527,52.5523],[12.2598,52.5471],[12.2802,52.5514],[12.3138,52.5506],[12.3117,52.5611],[12.3216,52.5678],[12.3398,52.5665],[12.3472,52.5825],[12.3778,52.5894],[12.403,52.5914],[12.4209,52.5869],[12.4308,52.5988],[12.4085,52.6099],[12.4125,52.618],[12.4038,52.6373],[12.4129,52.6475]]]},"properties":{"AGS":"12063252","GEN":"Rathenow","SN_L":"12"}},
{"type":"Feature","geometry":{"type":"Polygon","coordinates":[[[13.1551,52.6065],[13.1601,52.6165],[13.1564,52.6284],[13.1273,52.6304],[13.1062,52.6422],[13.09,52.6708],[13.0766,52.6779],[13.0461,52.6694],[13.0347,52.6708],[13.0207,52.6821],[13.0227,52.6891],[12.9916,52.6925],[12.9595,52.6891],[12.9378,52.6631],[12.9255,52.671],[12.9048,52.655],[12.9321,52.639],[12.9432,52.6365],[12.9663,52.6403],[12.9868,52.6324],[13.0009,52.6341],[13.0076,52.6129],[13.0106,52.6129],[13.0837,52.6045],[13.0994,52.5925],[13.129,52.5874],[13.1643,52.5989],[13.1551,52.6065]]]},"properties":{"AGS":"12063273","GEN":"Schönwalde-Glien","SN_L":"12"}},
{"type":"Feature","geometry":{"type":"Polygon","coordinates":[[[12.9996,52.568],[12.982,52.5698],[12.9672,52.5654],[12.9238,52.56],[12.91,52.578],[12.9025,52.5771],[12.9056,52.572],[12.8713,52.5525],[12.8783,52.5408],[12.9028,52.5347],[12.9071,52.5224],[12.9048,52.5061],[12.9339,52.5009],[12.9493,52.5046],[12.9944,52.5127],[13.0115,52.5233],[13.0188,52.5374],[13.012,52.5583],[12.9996,52.568]]]},"properties":{"AGS":"12063357","GEN":"Wustermark","SN_L":"12"}},
{"type":"Feature","geometry":{"type":"Polygon","coordinates":[[[12.6511,52.8],[12.6455,52.8017],[12.6145,52.7912],[12.6019,52.801],[12.5825,52.8083],[12.5483,52.8105],[12.5336,52.793],[12.5524,52.7716],[12.5461,52.7525],[12.5246,52.7529],[12.5137,52.7399],[12.5267,52.7238],[12.5511,52.723],[12.5578,52.7029],[12.5754,52.6962],[12.5957,52.6984],[12.6092,52.6943],[12.6098,52.7047],[12.6012,52.7195],[12.6137,52.7249],[12.6246,52.7375],[12.642,52.7348],[12.654,52.7469],[12.6774,52.7443],[12.6809,52.7505],[12.717,52.7513],[12.7049,52.7596],[12.6726,52.7696],[12.6698,52.7822],[12.6511,52.8]]]},"properties":{"AGS":"12063088","GEN":"Friesack","SN_L":"12"}},
{"type":"Feature","geometry":{"type":"Polygon","coordinates":[[[12.717,52.7513],[12.6809,52.7505],[12.6774,52.7443],[12.654,52.7469],[12.642,52.7348],[12.6246,52.7375],[12.6137,52.7249],[12.6012,52.7195],[12.6098,52.7047],[12.6092,52.6943],[12.6334,52.6866],[12.6608,52.6828],[12.6641,52.6891],[12.6929,52.6904],[12.734,52.7038],[12.7405,52.7034],[12.7272,52.7198],[12.7078,52.7288],[12.7223,52.7434],[12.717,52.7513]]]},"properties":{"AGS":"12063142","GEN":"Wiesenaue","SN_L":"12"}},
{"type":"Feature","geometry":{"type":"Polygon","coordinates":[[[12.6092,52.6943],[12.5957,52.6984],[12.5754,52.6962],[12.5578,52.7029],[12.533,52.7016],[12.5236,52.6921],[12.5555,52.6765],[12.5629,52.663],[12.591,52.6601],[12.6099,52.6477],[12.6035,52.6376],[12.6206,52.6248],[12.6293,52.6245],[12.6329,52.6416],[12.6512,52.6539],[12.6548,52.6639],[12.6695,52.6709],[12.6913,52.6883],[12.6929,52.6904],[12.6641,52.6891],[12.6608,52.6828],[12.6334,52.6866],[12.6092,52.6943]]]},"properties":{"AGS":"12063202","GEN":"Mühlenberge","SN_L":"12"}},
{"type":"Feature","geometry":{"type":"Polygon","coordinates":[[[12.7405,52.7034],[12.734,52.7038],[12.6929,52.6904],[12.6913,52.6883],[12.69,52.6771],[12.6999,52.6714],[12.7102,52.6553],[12.7023,52.6337],[12.7197,52.6066],[12.7316,52.6144],[12.7372,52.6413],[12.7576,52.6539],[12.7692,52.6687],[12.7496,52.6737],[12.766,52.6946],[12.7405,52.7034]]]},"properties":{"AGS":"12063228","GEN":"Paulinenaue","SN_L":"12"}},
{"type":"Feature","geometry":{"type":"Polygon","coordinates":[[[12.7102,52.6553],[12.6999,52.6714],[12.69,52.6771],[12.6913,52.6883],[12.6695,52.6709],[12.6548,52.6639],[12.6512,52.6539],[12.6329,52.6416],[12.6293,52.6245],[12.622,52.6139],[12.6403,52.6134],[12.653,52.6184],[12.685,52.6418],[12.7102,52.6553]]]},"properties":{"AGS":"12063240","GEN":"Pessin","SN_L":"12"}},
{"type":"Feature","geometry":{"type":"Polygon","coordinates":[[[12.7197,52.6066],[12.7023,52.6337],[12.7102,52.6553],[12.685,52.6418],[12.653,52.6184],[12.6951,52.5953],[12.7197,52.6066]]]},"properties":{"AGS":"12063256","GEN":"Retzow","SN_L":"12"}},
{"type":"Feature","geometry":{"type":"Polygon","coordinates":[[[12.6035,52.6376],[12.6099,52.6477],[12.591,52.6601],[12.5629,52.663],[12.5555,52.6765],[12.5236,52.6921],[12.5055,52.6774],[12.4966,52.6824],[12.4762,52.6723],[12.4768,52.6639],[12.4925,52.6543],[12.4808,52.6332],[12.4836,52.6245],[12.5191,52.6197],[12.5477,52.6241],[12.5787,52.6377],[12.6035,52.6376]]]},"properties":{"AGS":"12063165","GEN":"Kotzen","SN_L":"12"}},
{"type":"Feature","geometry":{"type":"Polygon","coordinates":[[[12.6293,52.6245],[12.6206,52.6248],[12.6116,52.5981],[12.5991,52.5947],[12.5708,52.5982],[12.5656,52.5814],[12.5444,52.5752],[12.5219,52.5738],[12.516,52.5838],[12.503,52.5838],[12.5066,52.5691],[12.5336,52.5671],[12.5316,52.5382],[12.5471,52.5309],[12.5832,52.5274],[12.61,52.5368],[12.6465,52.538],[12.6724,52.5371],[12.6904,52.5501],[12.6524,52.5646],[12.6669,52.5863],[12.6951,52.5953],[12.653,52.6184],[12.6403,52.6134],[12.622,52.6139],[12.6293,52.6245]]]},"properties":{"AGS":"12063186","GEN":"Märkisch Luch","SN_L":"12"}},
{"type":"Feature","geometry":{"type":"Polygon","coordinates":[[[12.6206,52.6248],[12.6035,52.6376],[12.5787,52.6377],[12.5477,52.6241],[12.5191,52.6197],[12.4836,52.6245],[12.4641,52.6104],[12.4308,52.5988],[12.4209,52.5869],[12.403,52.5914],[12.3778,52.5894],[12.3974,52.5523],[12.4284,52.5539],[12.4488,52.5512],[12.4782,52.5571],[12.5004,52.5373],[12.5141,52.5343],[12.5316,52.5382],[12.5336,52.5671],[12.5066,52.5691],[12.503,52.5838],[12.516,52.5838],[12.5219,52.5738],[12.5444,52.5752],[12.5656,52.5814],[12.5708,52.5982],[12.5991,52.5947],[12.6116,52.5981],[12.6206,52.6248]]]},"properties":{"AGS":"12063212","GEN":"Nennhausen","SN_L":"12"}},
{"type":"Feature","geometry":{"type":"Polygon","coordinates":[[[12.4966,52.6824],[12.4902,52.6901],[12.4699,52.7004],[12.4646,52.7118],[12.4443,52.69],[12.4251,52.6804],[12.4103,52.6804],[12.3929,52.6722],[12.3948,52.6645],[12.4102,52.6598],[12.4129,52.6475],[12.4038,52.6373],[12.4125,52.618],[12.4085,52.6099],[12.4308,52.5988],[12.4641,52.6104],[12.4836,52.6245],[12.4808,52.6332],[12.4925,52.6543],[12.4768,52.6639],[12.4762,52.6723],[12.4966,52.6824]]]},"properties":{"AGS":"12063293","GEN":"Stechow-Ferchesar","SN_L":"12"}},
{"type":"Feature","geometry":{"type":"Polygon","coordinates":[[[12.4359,52.7568],[12.4119,52.7519],[12.4007,52.7562],[12.3952,52.7721],[12.3787,52.7701],[12.3662,52.7668],[12.3661,52.7473],[12.3543,52.7359],[12.3656,52.728],[12.3612,52.7136],[12.4022,52.7157],[12.4116,52.7009],[12.4389,52.7105],[12.4434,52.7191],[12.4452,52.734],[12.4349,52.7422],[12.4359,52.7568]]]},"properties":{"AGS":"12063094","GEN":"Gollenberg","SN_L":"12"}},
{"type":"Feature","geometry":{"type":"Polygon","coordinates":[[[12.3998,52.7998],[12.3784,52.8025],[12.36,52.7978],[12.3258,52.7975],[12.2955,52.8005],[12.2823,52.7963],[12.2845,52.7946],[12.3108,52.7853],[12.3184,52.775],[12.3334,52.7677],[12.3549,52.77],[12.3662,52.7668],[12.3787,52.7701],[12.4051,52.786],[12.3998,52.7998]]]},"properties":{"AGS":"12063112","GEN":"Großderschau","SN_L":"12"}},
{"type":"Feature","geometry":{"type":"Polygon","coordinates":[[[12.3373,52.7198],[12.319,52.7257],[12.3201,52.7342],[12.3012,52.7341],[12.2747,52.7478],[12.28,52.7673],[12.2742,52.7692],[12.2845,52.7946],[12.2823,52.7963],[12.264,52.8002],[12.2492,52.7919],[12.2236,52.7858],[12.2235,52.7757],[12.206,52.7604],[12.2177,52.7526],[12.2232,52.7397],[12.2013,52.729],[12.2033,52.7248],[12.2039,52.7134],[12.2239,52.7024],[12.2172,52.6977],[12.2348,52.6809],[12.2393,52.6658],[12.2584,52.6649],[12.2691,52.6694],[12.2849,52.6832],[12.3149,52.691],[12.3373,52.7198]]]},"properties":{"AGS":"12063134","GEN":"Havelaue","SN_L":"12"}},
{"type":"Feature","geometry":{"type":"Polygon","coordinates":[[[12.5246,52.7529],[12.4878,52.7609],[12.4468,52.7553],[12.4359,52.7568],[12.4349,52.7422],[12.4452,52.734],[12.4434,52.7191],[12.4646,52.7118],[12.4699,52.7004],[12.4902,52.6901],[12.4966,52.6824],[12.5055,52.6774],[12.5236,52.6921],[12.533,52.7016],[12.5578,52.7029],[12.5511,52.723],[12.5267,52.7238],[12.5137,52.7399],[12.5246,52.7529]]]},"properties":{"AGS":"12063161","GEN":"Kleßen-Görne","SN_L":"12"}},
{"type":"Feature","geometry":{"type":"Polygon","coordinates":[[[12.3662,52.7668],[12.3549,52.77],[12.3334,52.7677],[12.3184,52.775],[12.3108,52.7853],[12.2845,52.7946],[12.2742,52.7692],[12.28,52.7673],[12.2747,52.7478],[12.3012,52.7341],[12.3201,52.7342],[12.319,52.7257],[12.3373,52.7198],[12.3612,52.7136],[12.3656,52.728],[12.3543,52.7359],[12.3661,52.7473],[12.3662,52.7668]]]},"properties":{"AGS":"12063260","GEN":"Rhinow","SN_L":"12"}},
{"type":"Feature","geometry":{"type":"Polygon","coordinates":[[[12.4646,52.7118],[12.4434,52.7191],[12.4389,52.7105],[12.4116,52.7009],[12.4022,52.7157],[12.3612,52.7136],[12.3373,52.7198],[12.3149,52.691],[12.2849,52.6832],[12.2691,52.6694],[12.2829,52.6623],[12.2964,52.6716],[12.3169,52.6652],[12.3236,52.6707],[12.3466,52.6596],[12.3846,52.6638],[12.4056,52.6561],[12.4129,52.6475],[12.4102,52.6598],[12.3948,52.6645],[12.3929,52.6722],[12.4103,52.6804],[12.4251,52.6804],[12.4443,52.69],[12.4646,52.7118]]]},"properties":{"AGS":"12063274","GEN":"Seeblick","SN_L":"12"}},
{"type":"Feature","geometry":{"type":"Polygon","coordinates":[[[13.9382,52.6097],[13.9369,52.6211],[13.9261,52.6356],[13.8945,52.6384],[13.8814,52.6462],[13.8456,52.6473],[13.8332,52.6372],[13.8335,52.6294],[13.7821,52.6235],[13.7285,52.6123],[13.7171,52.5901],[13.7003,52.5905],[13.6906,52.5793],[13.6714,52.5821],[13.6853,52.5705],[13.6684,52.5661],[13.6779,52.5624],[13.673,52.5452],[13.7324,52.5417],[13.7657,52.5475],[13.775,52.5428],[13.79,52.5483],[13.8166,52.5403],[13.8309,52.5579],[13.8269,52.5818],[13.8349,52.6021],[13.8664,52.6021],[13.9195,52.5976],[13.9324,52.6028],[13.9382,52.6097]]]},"properties":{"AGS":"12064029","GEN":"Altlandsberg","SN_L":"12"}},
{"type":"Feature","geometry":{"type":"Polygon","coordinates":[[[14.1566,52.8956],[14.13,52.8894],[14.1248,52.9033],[14.0794,52.9007],[14.0601,52.8861],[14.0612,52.8691],[14.0767,52.8732],[14.0944,52.8699],[14.0956,52.8568],[14.0673,52.853],[14.0482,52.8546],[14.0215,52.8472],[13.9978,52.8565],[13.9898,52.852],[13.9793,52.8463],[13.9774,52.8314],[14.0074,52.8175],[13.9809,52.7903],[14.0005,52.7701],[13.9933,52.7635],[14.0016,52.7524],[14.005,52.73],[14.0307,52.7274],[14.0491,52.7334],[14.0595,52.7425],[14.0839,52.7483],[14.1123,52.7658],[14.1069,52.7711],[14.1182,52.7825],[14.0971,52.795],[14.118,52.8045],[14.1282,52.8214],[14.1236,52.8356],[14.1298,52.8527],[14.1587,52.8761],[14.1566,52.8956]]]},"properties":{"AGS":"12064044","GEN":"Bad Freienwalde (Oder)","SN_L":"12"}},
{"type":"Feature","geometry":{"type":"Polygon","coordinates":[[[13.775,52.5428],[13.7657,52.5475],[13.7324,52.5417],[13.7429,52.5391],[13.7338,52.5179],[13.711,52.5027],[13.7112,52.4934],[13.7407,52.4865],[13.7609,52.4892],[13.7763,52.5117],[13.7629,52.5344],[13.775,52.5428]]]},"properties":{"AGS":"12064136","GEN":"Fredersdorf-Vogelsdorf","SN_L":"12"}},
{"type":"Feature","geometry":{"type":"MultiPolygon","coordinates":[[[[13.6684,52.5661],[13.6409,52.5684],[13.6157,52.5613],[13.6108,52.5442],[13.6314,52.5308],[13.6569,52.5299],[13.673,52.5452],[13.6779,52.5624],[13.6684,52.5661]]],[[[13.6859,52.499],[13.6828,52.5172],[13.6586,52.5258],[13.6333,52.5118],[13.615,52.4808],[13.6171,52.4712],[13.6406,52.4795],[13.667,52.4742],[13.6718,52.4856],[13.6859,52.499]]]]},"properties":{"AGS":"12064227","GEN":"Hoppegarten","SN_L":"12"}},
{"type":"Feature","geometry":{"type":"Polygon","coordinates":[[[14.4985,52.6473],[14.4711,52.6578],[14.4529,52.6772],[14.4313,52.6829],[14.424,52.6962],[14.3837,52.7256],[14.3735,52.7367],[14.3609,52.7406],[14.3525,52.7507],[14.3248,52.7612],[14.3311,52.7445],[14.3006,52.7176],[14.2771,52.7158],[14.2807,52.7052],[14.2712,52.6975],[14.3063,52.6711],[14.281,52.661],[14.2883,52.6475],[14.2705,52.6439],[14.2955,52.6309],[14.29,52.6112],[14.307,52.6081],[14.315,52.6184],[14.3687,52.607],[14.3884,52.6068],[14.3927,52.5927],[14.4127,52.5948],[14.4266,52.6083],[14.4353,52.641],[14.4738,52.6461],[14.4787,52.6285],[14.4784,52.6371],[14.4985,52.6473]]]},"properties":{"AGS":"12064274","GEN":"Letschin","SN_L":"12"}},
{"type":"Feature","geometry":{"type":"Polygon","coordinates":[[[14.1767,52.6015],[14.1611,52.5836],[14.1274,52.5762],[14.1151,52.5653],[14.1179,52.5589],[14.1202,52.5472],[14.0973,52.5503],[14.0865,52.5339],[14.0682,52.5255],[14.0455,52.509],[14.0193,52.5153],[13.996,52.4926],[13.9694,52.4845],[13.9539,52.4737],[13.9641,52.4657],[13.977,52.4664],[14.0071,52.4468],[14.0208,52.4577],[14.028,52.4708],[14.0734,52.4806],[14.0824,52.4659],[14.0769,52.4534],[14.089,52.4508],[14.0975,52.4633],[14.1121,52.4599],[14.1363,52.466],[14.1676,52.4666],[14.1828,52.4745],[14.1885,52.4987],[14.2204,52.493],[14.2437,52.4973],[14.2588,52.5139],[14.2538,52.5301],[14.2412,52.5446],[14.2168,52.5506],[14.2147,52.5807],[14.1997,52.5892],[14.1797,52.5914],[14.1767,52.6015]]]},"properties":{"AGS":"12064317","GEN":"Müncheberg","SN_L":"12"}},
{"type":"Feature","geometry":{"type":"Polygon","coordinates":[[[13.7324,52.5417],[13.673,52.5452],[13.6569,52.5299],[13.6586,52.5258],[13.6828,52.5172],[13.6859,52.499],[13.711,52.5027],[13.7338,52.5179],[13.7429,52.5391],[13.7324,52.5417]]]},"properties":{"AGS":"12064336","GEN":"Neuenhagen bei Berlin","SN_L":"12"}},
{"type":"Feature","geometry":{"type":"Polygon","coordinates":[[[13.8363,52.5149],[13.8117,52.5239],[13.8168,52.5325],[13.8377,52.5376],[13.8519,52.5507],[13.8309,52.5579],[13.8166,52.5403],[13.79,52.5483],[13.775,52.5428],[13.7629,52.5344],[13.7763,52.5117],[13.7906,52.5128],[13.8182,52.506],[13.8363,52.5149]]]},"properties":{"AGS":"12064380","GEN":"Petershagen/Eggersdorf","SN_L":"12"}},
{"type":"Feature","geometry":{"type":"Polygon","coordinates":[[[13.9156,52.475],[13.9104,52.4879],[13.9142,52.4976],[13.8813,52.5019],[13.87,52.5297],[13.8363,52.5149],[13.8182,52.506],[13.7906,52.5128],[13.7763,52.5117],[13.7609,52.4892],[13.7407,52.4865],[13.7432,52.4656],[13.7629,52.4588],[13.7644,52.4467],[13.805,52.4437],[13.803,52.4393],[13.8252,52.4401],[13.8531,52.4529],[13.8794,52.4572],[13.8869,52.4683],[13.9156,52.475]]]},"properties":{"AGS":"12064428","GEN":"Rüdersdorf bei Berlin","SN_L":"12"}},
{"type":"Feature","geometry":{"type":"Polygon","coordinates":[[[14.4489,52.5782],[14.4279,52.5849],[14.4127,52.5948],[14.3927,52.5927],[14.3866,52.5781],[14.3713,52.5715],[14.3592,52.5487],[14.3375,52.548],[14.3456,52.5295],[14.3621,52.5144],[14.3938,52.5168],[14.4007,52.5233],[14.45,52.5415],[14.4499,52.5554],[14.4487,52.5629],[14.4702,52.5743],[14.4489,52.5782]]]},"properties":{"AGS":"12064448","GEN":"Seelow","SN_L":"12"}},
{"type":"Feature","geometry":{"type":"Polygon","coordinates":[[[14.021,52.5714],[13.9965,52.6003],[13.9868,52.5992],[13.9858,52.5793],[13.9402,52.5703],[13.9267,52.5771],[13.9373,52.6012],[13.9324,52.6028],[13.9195,52.5976],[13.8664,52.6021],[13.8349,52.6021],[13.8269,52.5818],[13.8309,52.5579],[13.8519,52.5507],[13.8377,52.5376],[13.8168,52.5325],[13.8117,52.5239],[13.8363,52.5149],[13.87,52.5297],[13.8786,52.5435],[13.9118,52.5446],[13.9396,52.5516],[13.9606,52.5411],[13.9748,52.5437],[13.9826,52.5629],[14.0037,52.5653],[14.021,52.5714]]]},"properties":{"AGS":"12064472","GEN":"Strausberg","SN_L":"12"}},
{"type":"Feature","geometry":{"type":"Polygon","coordinates":[[[14.226,52.7496],[14.1959,52.7558],[14.1866,52.7475],[14.1762,52.7274],[14.1601,52.7307],[14.1295,52.7443],[14.132,52.761],[14.1182,52.7825],[14.1069,52.7711],[14.1123,52.7658],[14.0839,52.7483],[14.0595,52.7425],[14.0491,52.7334],[14.0307,52.7274],[14.005,52.73],[14.0016,52.7524],[13.9922,52.7436],[13.9767,52.7388],[13.9976,52.7251],[13.988,52.7152],[13.9845,52.7058],[14.0036,52.7044],[14.0407,52.689],[14.0216,52.6713],[14.0305,52.6679],[14.041,52.6707],[14.0735,52.6634],[14.1057,52.6758],[14.1129,52.6753],[14.1203,52.6834],[14.1184,52.6956],[14.1903,52.7145],[14.1981,52.7107],[14.2162,52.7101],[14.2268,52.7156],[14.2477,52.7217],[14.2253,52.7404],[14.226,52.7496]]]},"properties":{"AGS":"12064512","GEN":"Wriezen","SN_L":"12"}},
{"type":"Feature","geometry":{"type":"Polygon","coordinates":[[[13.8665,52.707],[13.8485,52.7155],[13.8119,52.7099],[13.7796,52.7228],[13.7594,52.7165],[13.7543,52.7135],[13.7803,52.6669],[13.8154,52.6782],[13.8497,52.6936],[13.8665,52.707]]]},"properties":{"AGS":"12064053","GEN":"Beiersdorf-Freudenberg","SN_L":"12"}},
{"type":"Feature","geometry":{"type":"Polygon","coordinates":[[[14.0016,52.7524],[13.9933,52.7635],[14.0005,52.7701],[13.9809,52.7903],[14.0074,52.8175],[13.9774,52.8314],[13.966,52.8242],[13.9542,52.828],[13.9409,52.8247],[13.9429,52.8142],[13.9232,52.7945],[13.9039,52.7897],[13.8635,52.7876],[13.8625,52.7603],[13.8548,52.758],[13.8574,52.7429],[13.9027,52.7371],[13.9019,52.7519],[13.9266,52.7573],[13.9515,52.7537],[13.9526,52.7459],[13.9767,52.7388],[13.9922,52.7436],[14.0016,52.7524]]]},"properties":{"AGS":"12064125","GEN":"Falkenberg","SN_L":"12"}},
{"type":"Feature","geometry":{"type":"Polygon","coordinates":[[[13.9027,52.7371],[13.8574,52.7429],[13.8548,52.758],[13.8368,52.7553],[13.7996,52.7443],[13.7927,52.7493],[13.7635,52.7437],[13.7371,52.7345],[13.7594,52.7165],[13.7796,52.7228],[13.8119,52.7099],[13.8485,52.7155],[13.8665,52.707],[13.891,52.718],[13.9049,52.7289],[13.9027,52.7371]]]},"properties":{"AGS":"12064205","GEN":"Heckelberg-Brunow","SN_L":"12"}},
{"type":"Feature","geometry":{"type":"Polygon","coordinates":[[[13.9767,52.7388],[13.9526,52.7459],[13.9515,52.7537],[13.9266,52.7573],[13.9019,52.7519],[13.9027,52.7371],[13.9049,52.7289],[13.891,52.718],[13.8665,52.707],[13.8497,52.6936],[13.8582,52.6846],[13.8507,52.6706],[13.8738,52.6661],[13.8962,52.6661],[13.9127,52.6845],[13.9531,52.6891],[13.9702,52.6943],[13.9812,52.7154],[13.988,52.7152],[13.9976,52.7251],[13.9767,52.7388]]]},"properties":{"AGS":"12064222","GEN":"Höhenland","SN_L":"12"}},
{"type":"Feature","geometry":{"type":"Polygon","coordinates":[[[14.518,52.557],[14.4891,52.5532],[14.4499,52.5554],[14.45,52.5415],[14.4526,52.5256],[14.445,52.5175],[14.464,52.5227],[14.5047,52.5288],[14.5196,52.5152],[14.5047,52.5037],[14.5301,52.4989],[14.5491,52.5021],[14.5533,52.5145],[14.5846,52.5249],[14.6012,52.5256],[14.5961,52.5312],[14.5477,52.5298],[14.5326,52.5359],[14.5244,52.5561],[14.518,52.557]]]},"properties":{"AGS":"12064009","GEN":"Alt Tucheband","SN_L":"12"}},
{"type":"Feature","geometry":{"type":"Polygon","coordinates":[[[14.6118,52.5891],[14.5962,52.6107],[14.4985,52.6473],[14.4784,52.6371],[14.4787,52.6285],[14.4856,52.603],[14.4986,52.6],[14.5255,52.5972],[14.5533,52.6095],[14.5646,52.6082],[14.5751,52.5983],[14.5755,52.5871],[14.6,52.5795],[14.6118,52.5891]]]},"properties":{"AGS":"12064057","GEN":"Bleyen-Genschmar","SN_L":"12"}},
{"type":"Feature","geometry":{"type":"Polygon","coordinates":[[[14.5255,52.5972],[14.4986,52.6],[14.49,52.5891],[14.4752,52.588],[14.4489,52.5782],[14.4702,52.5743],[14.4487,52.5629],[14.4499,52.5554],[14.4891,52.5532],[14.518,52.557],[14.5255,52.5972]]]},"properties":{"AGS":"12064172","GEN":"Golzow","SN_L":"12"}},
{"type":"Feature","geometry":{"type":"Polygon","coordinates":[[[14.6118,52.5891],[14.6,52.5795],[14.5755,52.5871],[14.5751,52.5983],[14.5646,52.6082],[14.5533,52.6095],[14.5255,52.5972],[14.518,52.557],[14.5244,52.5561],[14.5326,52.5359],[14.5477,52.5298],[14.5961,52.5312],[14.6012,52.5256],[14.6062,52.5259],[14.6051,52.5354],[14.6185,52.5569],[14.6394,52.5689],[14.638,52.5744],[14.6118,52.5891]]]},"properties":{"AGS":"12064266","GEN":"Küstriner Vorland","SN_L":"12"}},
{"type":"Feature","geometry":{"type":"Polygon","coordinates":[[[14.4787,52.6285],[14.4738,52.6461],[14.4353,52.641],[14.4266,52.6083],[14.4127,52.5948],[14.4279,52.5849],[14.4489,52.5782],[14.4752,52.588],[14.49,52.5891],[14.4986,52.6],[14.4856,52.603],[14.4787,52.6285]]]},"properties":{"AGS":"12064538","GEN":"Zechin","SN_L":"12"}},
{"type":"Feature","geometry":{"type":"Polygon","coordinates":[[[14.4955,52.4837],[14.4743,52.4879],[14.4707,52.4799],[14.4755,52.4703],[14.4647,52.4554],[14.4665,52.4443],[14.452,52.4101],[14.4304,52.4027],[14.4317,52.3942],[14.4544,52.3982],[14.4769,52.3979],[14.5109,52.3918],[14.5344,52.395],[14.5457,52.4111],[14.5455,52.4287],[14.5551,52.4374],[14.5778,52.441],[14.6101,52.4652],[14.6114,52.471],[14.5949,52.4694],[14.5844,52.4575],[14.5611,52.447],[14.512,52.4554],[14.4955,52.4837]]]},"properties":{"AGS":"12064268","GEN":"Lebus","SN_L":"12"}},
{"type":"Feature","geometry":{"type":"Polygon","coordinates":[[[14.5047,52.5037],[14.5123,52.4933],[14.4955,52.4837],[14.512,52.4554],[14.5611,52.447],[14.5844,52.4575],[14.5949,52.4694],[14.5701,52.4715],[14.5639,52.4929],[14.5491,52.5021],[14.5301,52.4989],[14.5047,52.5037]]]},"properties":{"AGS":"12064388","GEN":"Podelzig","SN_L":"12"}},
{"type":"Feature","geometry":{"type":"Polygon","coordinates":[[[14.6114,52.471],[14.6354,52.4944],[14.616,52.5081],[14.6062,52.5259],[14.6012,52.5256],[14.5846,52.5249],[14.5533,52.5145],[14.5491,52.5021],[14.5639,52.4929],[14.5701,52.4715],[14.5949,52.4694],[14.6114,52.471]]]},"properties":{"AGS":"12064420","GEN":"Reitwein","SN_L":"12"}},
{"type":"Feature","geometry":{"type":"Polygon","coordinates":[[[14.4304,52.4027],[14.4062,52.4095],[14.3807,52.4067],[14.3705,52.3875],[14.4238,52.374],[14.4317,52.3942],[14.4304,52.4027]]]},"properties":{"AGS":"12064480","GEN":"Treplin","SN_L":"12"}},
{"type":"Feature","geometry":{"type":"Polygon","coordinates":[[[14.369,52.4574],[14.3485,52.4537],[14.3437,52.4437],[14.3667,52.4362],[14.3667,52.424],[14.3781,52.4089],[14.3731,52.4044],[14.3315,52.4187],[14.3205,52.4031],[14.3159,52.3823],[14.3289,52.3778],[14.3495,52.3741],[14.3705,52.3875],[14.3807,52.4067],[14.4062,52.4095],[14.4304,52.4027],[14.452,52.4101],[14.4665,52.4443],[14.4483,52.4367],[14.4318,52.4364],[14.402,52.442],[14.369,52.4574]]]},"properties":{"AGS":"12064539","GEN":"Zeschdorf","SN_L":"12"}},
{"type":"Feature","geometry":{"type":"Polygon","coordinates":[[[14.1179,52.5589],[14.1151,52.5653],[14.1274,52.5762],[14.1145,52.5802],[14.1071,52.5742],[14.0618,52.5775],[14.0511,52.5676],[14.021,52.5714],[14.0037,52.5653],[14.0126,52.56],[14.0379,52.5583],[14.0544,52.5574],[14.0739,52.5463],[14.1033,52.5601],[14.1179,52.5589]]]},"properties":{"AGS":"12064084","GEN":"Buckow (Märkische Schweiz)","SN_L":"12"}},
{"type":"Feature","geometry":{"type":"Polygon","coordinates":[[[14.0037,52.5653],[13.9826,52.5629],[13.9748,52.5437],[13.9606,52.5411],[13.9396,52.5516],[13.9118,52.5446],[13.933,52.5288],[14.0158,52.5214],[14.0231,52.5194],[14.0499,52.5427],[14.0379,52.5583],[14.0126,52.56],[14.0037,52.5653]]]},"properties":{"AGS":"12064153","GEN":"Garzau-Garzin","SN_L":"12"}},
{"type":"Feature","geometry":{"type":"Polygon","coordinates":[[[14.1294,52.6501],[14.1074,52.6507],[14.088,52.6358],[14.1002,52.6218],[14.091,52.6065],[14.1145,52.5802],[14.1274,52.5762],[14.1611,52.5836],[14.1767,52.6015],[14.1582,52.6325],[14.1494,52.6422],[14.1309,52.6499],[14.1294,52.6501]]]},"properties":{"AGS":"12064303","GEN":"Märkische Höhe","SN_L":"12"}},
{"type":"Feature","geometry":{"type":"Polygon","coordinates":[[[14.088,52.6358],[14.0476,52.6323],[14.0453,52.615],[14.015,52.6108],[13.9986,52.6143],[13.9833,52.6046],[13.9762,52.6172],[13.956,52.6096],[13.9382,52.6097],[13.9324,52.6028],[13.9373,52.6012],[13.9267,52.5771],[13.9402,52.5703],[13.9858,52.5793],[13.9868,52.5992],[13.9965,52.6003],[14.021,52.5714],[14.0511,52.5676],[14.0618,52.5775],[14.1071,52.5742],[14.1145,52.5802],[14.091,52.6065],[14.1002,52.6218],[14.088,52.6358]]]},"properties":{"AGS":"12064370","GEN":"Oberbarnim","SN_L":"12"}},
{"type":"Feature","geometry":{"type":"Polygon","coordinates":[[[14.0231,52.5194],[14.0158,52.5214],[13.933,52.5288],[13.9118,52.5446],[13.8786,52.5435],[13.87,52.5297],[13.8813,52.5019],[13.9142,52.4976],[13.9104,52.4879],[13.9156,52.475],[13.9539,52.4737],[13.9694,52.4845],[13.996,52.4926],[14.0193,52.5153],[14.0231,52.5194]]]},"properties":{"AGS":"12064408","GEN":"Rehfelde","SN_L":"12"}},
{"type":"Feature","geometry":{"type":"Polygon","coordinates":[[[14.0193,52.5153],[14.0455,52.509],[14.0682,52.5255],[14.0865,52.5339],[14.0973,52.5503],[14.1202,52.5472],[14.1179,52.5589],[14.1033,52.5601],[14.0739,52.5463],[14.0544,52.5574],[14.0379,52.5583],[14.0499,52.5427],[14.0231,52.5194],[14.0193,52.5153]]]},"properties":{"AGS":"12064484","GEN":"Waldsieversdorf","SN_L":"12"}},
{"type":"Feature","geometry":{"type":"Polygon","coordinates":[[[14.3485,52.4537],[14.2976,52.4528],[14.2728,52.4574],[14.2849,52.4248],[14.2788,52.4127],[14.303,52.4036],[14.3205,52.4031],[14.3315,52.4187],[14.3731,52.4044],[14.3781,52.4089],[14.3667,52.424],[14.3667,52.4362],[14.3437,52.4437],[14.3485,52.4537]]]},"properties":{"AGS":"12064128","GEN":"Falkenhagen (Mark)","SN_L":"12"}},
{"type":"Feature","geometry":{"type":"Polygon","coordinates":[[[14.4707,52.4799],[14.4592,52.4795],[14.4398,52.461],[14.4293,52.4725],[14.4086,52.4805],[14.3921,52.471],[14.38,52.4725],[14.369,52.4574],[14.402,52.442],[14.4318,52.4364],[14.4483,52.4367],[14.4665,52.4443],[14.4647,52.4554],[14.4755,52.4703],[14.4707,52.4799]]]},"properties":{"AGS":"12064130","GEN":"Fichtenhöhe","SN_L":"12"}},
{"type":"Feature","geometry":{"type":"Polygon","coordinates":[[[14.3927,52.5927],[14.3884,52.6068],[14.3687,52.607],[14.315,52.6184],[14.307,52.6081],[14.282,52.5793],[14.3012,52.5602],[14.3269,52.556],[14.3375,52.548],[14.3592,52.5487],[14.3713,52.5715],[14.3866,52.5781],[14.3927,52.5927]]]},"properties":{"AGS":"12064190","GEN":"Gusow-Platkow","SN_L":"12"}},
{"type":"Feature","geometry":{"type":"Polygon","coordinates":[[[14.362,52.4951],[14.3334,52.4963],[14.3151,52.4896],[14.2949,52.4923],[14.2875,52.4772],[14.2685,52.4704],[14.2498,52.4718],[14.2755,52.4626],[14.2728,52.4574],[14.2976,52.4528],[14.3485,52.4537],[14.369,52.4574],[14.38,52.4725],[14.3824,52.4779],[14.362,52.4951]]]},"properties":{"AGS":"12064288","GEN":"Lietzen","SN_L":"12"}},
{"type":"Feature","geometry":{"type":"Polygon","coordinates":[[[14.5047,52.5037],[14.5196,52.5152],[14.5047,52.5288],[14.464,52.5227],[14.445,52.5175],[14.4216,52.52],[14.4001,52.5042],[14.362,52.4951],[14.3824,52.4779],[14.38,52.4725],[14.3921,52.471],[14.4086,52.4805],[14.4293,52.4725],[14.4398,52.461],[14.4592,52.4795],[14.4707,52.4799],[14.4743,52.4879],[14.4955,52.4837],[14.5123,52.4933],[14.5047,52.5037]]]},"properties":{"AGS":"12064290","GEN":"Lindendorf","SN_L":"12"}},
{"type":"Feature","geometry":{"type":"Polygon","coordinates":[[[14.2705,52.6439],[14.2536,52.6468],[14.247,52.6545],[14.201,52.6596],[14.1931,52.6639],[14.175,52.6547],[14.1772,52.647],[14.1588,52.6389],[14.1507,52.6533],[14.1309,52.6499],[14.1494,52.6422],[14.1582,52.6325],[14.1767,52.6015],[14.1797,52.5914],[14.1997,52.5892],[14.2147,52.5807],[14.2168,52.5506],[14.2412,52.5446],[14.2598,52.5678],[14.3012,52.5602],[14.282,52.5793],[14.307,52.6081],[14.29,52.6112],[14.2955,52.6309],[14.2705,52.6439]]]},"properties":{"AGS":"12064340","GEN":"Neuhardenberg","SN_L":"12"}},
{"type":"Feature","geometry":{"type":"Polygon","coordinates":[[[14.3375,52.548],[14.3269,52.556],[14.3012,52.5602],[14.2598,52.5678],[14.2412,52.5446],[14.2538,52.5301],[14.2588,52.5139],[14.2437,52.4973],[14.2204,52.493],[14.2294,52.4903],[14.2498,52.4718],[14.2685,52.4704],[14.2875,52.4772],[14.2949,52.4923],[14.3151,52.4896],[14.3334,52.4963],[14.362,52.4951],[14.4001,52.5042],[14.4216,52.52],[14.445,52.5175],[14.4526,52.5256],[14.45,52.5415],[14.4007,52.5233],[14.3938,52.5168],[14.3621,52.5144],[14.3456,52.5295],[14.3375,52.548]]]},"properties":{"AGS":"12064482","GEN":"Vierlinden","SN_L":"12"}},
{"type":"Feature","geometry":{"type":"Polygon","coordinates":[[[14.1981,52.7107],[14.1903,52.7145],[14.1184,52.6956],[14.1203,52.6834],[14.1129,52.6753],[14.1294,52.6501],[14.1309,52.6499],[14.1507,52.6533],[14.1588,52.6389],[14.1772,52.647],[14.175,52.6547],[14.1931,52.6639],[14.2091,52.6812],[14.2172,52.7002],[14.1981,52.7107]]]},"properties":{"AGS":"12064061","GEN":"Bliesdorf","SN_L":"12"}},
{"type":"Feature","geometry":{"type":"Polygon","coordinates":[[[14.3248,52.7612],[14.2804,52.7737],[14.2573,52.7872],[14.2195,52.7748],[14.2297,52.7662],[14.226,52.7496],[14.2253,52.7404],[14.2477,52.7217],[14.2268,52.7156],[14.2667,52.7115],[14.2807,52.7052],[14.2771,52.7158],[14.3006,52.7176],[14.3311,52.7445],[14.3248,52.7612]]]},"properties":{"AGS":"12064349","GEN":"Neulewin","SN_L":"12"}},
{"type":"Feature","geometry":{"type":"Polygon","coordinates":[[[14.2807,52.7052],[14.2667,52.7115],[14.2268,52.7156],[14.2162,52.7101],[14.1981,52.7107],[14.2172,52.7002],[14.2091,52.6812],[14.1931,52.6639],[14.201,52.6596],[14.247,52.6545],[14.2536,52.6468],[14.2705,52.6439],[14.2883,52.6475],[14.281,52.661],[14.3063,52.6711],[14.2712,52.6975],[14.2807,52.7052]]]},"properties":{"AGS":"12064365","GEN":"Neutrebbin","SN_L":"12"}},
{"type":"Feature","geometry":{"type":"Polygon","coordinates":[[[14.2573,52.7872],[14.2301,52.805],[14.2175,52.8169],[14.1524,52.8242],[14.1301,52.8283],[14.1236,52.8356],[14.1282,52.8214],[14.118,52.8045],[14.0971,52.795],[14.1182,52.7825],[14.132,52.761],[14.1295,52.7443],[14.1601,52.7307],[14.1762,52.7274],[14.1866,52.7475],[14.1959,52.7558],[14.226,52.7496],[14.2297,52.7662],[14.2195,52.7748],[14.2573,52.7872]]]},"properties":{"AGS":"12064371","GEN":"Oderaue","SN_L":"12"}},
{"type":"Feature","geometry":{"type":"Polygon","coordinates":[[[14.0305,52.6679],[14.0216,52.6713],[14.0407,52.689],[14.0036,52.7044],[13.9845,52.7058],[13.988,52.7152],[13.9812,52.7154],[13.9702,52.6943],[13.9531,52.6891],[13.9127,52.6845],[13.8962,52.6661],[13.8738,52.6661],[13.8507,52.6706],[13.8456,52.6473],[13.8814,52.6462],[13.8945,52.6384],[13.9261,52.6356],[13.9369,52.6211],[13.9382,52.6097],[13.956,52.6096],[13.9762,52.6172],[13.9833,52.6046],[13.9986,52.6143],[14.015,52.6108],[14.0453,52.615],[14.0476,52.6323],[14.0396,52.6418],[14.0156,52.6501],[14.0176,52.6602],[14.0305,52.6679]]]},"properties":{"AGS":"12064393","GEN":"Prötzel","SN_L":"12"}},
{"type":"Feature","geometry":{"type":"Polygon","coordinates":[[[14.1129,52.6753],[14.1057,52.6758],[14.0735,52.6634],[14.041,52.6707],[14.0305,52.6679],[14.0176,52.6602],[14.0156,52.6501],[14.0396,52.6418],[14.0476,52.6323],[14.088,52.6358],[14.1074,52.6507],[14.1294,52.6501],[14.1129,52.6753]]]},"properties":{"AGS":"12064417","GEN":"Reichenow-Möglin","SN_L":"12"}},
{"type":"Feature","geometry":{"type":"Polygon","coordinates":[[[13.3441,52.7182],[13.3148,52.7255],[13.2998,52.7082],[13.2819,52.7111],[13.2523,52.6981],[13.247,52.6864],[13.2933,52.6838],[13.308,52.6876],[13.3092,52.7005],[13.3606,52.6979],[13.3652,52.7123],[13.3441,52.7182]]]},"properties":{"AGS":"12065036","GEN":"Birkenwerder","SN_L":"12"}},
{"type":"Feature","geometry":{"type":"Polygon","coordinates":[[[13.2414,53.2324],[13.2294,53.2166],[13.2027,53.2221],[13.1799,53.2501],[13.1522,53.2511],[13.1374,53.2446],[13.1084,53.2387],[13.1066,53.2152],[13.0844,53.2131],[13.0784,53.2039],[13.0522,53.1998],[13.0384,53.1932],[13.0267,53.1852],[13.0327,53.1754],[13.0549,53.1578],[13.0965,53.1649],[13.0982,53.1526],[13.1308,53.1393],[13.1626,53.1447],[13.1747,53.1402],[13.1973,53.1467],[13.1972,53.1288],[13.2246,53.119],[13.2192,53.1061],[13.2062,53.1056],[13.2055,53.0769],[13.2167,53.0623],[13.2535,53.0527],[13.28,53.0623],[13.3054,53.0606],[13.3504,53.0715],[13.3665,53.0793],[13.3497,53.096],[13.3218,53.1024],[13.3221,53.1103],[13.2982,53.1271],[13.2878,53.14],[13.3033,53.1551],[13.294,53.1588],[13.3136,53.177],[13.284,53.1867],[13.2743,53.2029],[13.2471,53.2059],[13.2417,53.2129],[13.2503,53.2224],[13.2414,53.2324]]]},"properties":{"AGS":"12065084","GEN":"Fürstenberg/Havel","SN_L":"12"}},
{"type":"Feature","geometry":{"type":"Polygon","coordinates":[[[13.3446,52.6248],[13.3405,52.6357],[13.3093,52.6431],[13.3083,52.6297],[13.3365,52.6227],[13.3446,52.6248]]]},"properties":{"AGS":"12065096","GEN":"Glienicke/Nordbahn","SN_L":"12"}},
{"type":"Feature","geometry":{"type":"Polygon","coordinates":[[[13.2383,52.6278],[13.2416,52.654],[13.229,52.6735],[13.2036,52.6579],[13.1888,52.663],[13.1703,52.641],[13.1754,52.6329],[13.1551,52.6065],[13.1643,52.5989],[13.1922,52.59],[13.2178,52.5932],[13.2021,52.6045],[13.2207,52.6282],[13.2383,52.6278]]]},"properties":{"AGS":"12065136","GEN":"Hennigsdorf","SN_L":"12"}},
{"type":"Feature","geometry":{"type":"Polygon","coordinates":[[[13.3148,52.7255],[13.2741,52.7393],[13.2618,52.7343],[13.2453,52.714],[13.2152,52.71],[13.2132,52.7008],[13.2486,52.698],[13.2415,52.6831],[13.229,52.6735],[13.2416,52.654],[13.2383,52.6278],[13.2643,52.6269],[13.2684,52.6398],[13.2824,52.6413],[13.2829,52.6608],[13.31,52.6574],[13.3258,52.6696],[13.3466,52.6713],[13.3496,52.6872],[13.3606,52.6979],[13.3092,52.7005],[13.308,52.6876],[13.2933,52.6838],[13.247,52.6864],[13.2523,52.6981],[13.2819,52.7111],[13.2998,52.7082],[13.3148,52.7255]]]},"properties":{"AGS":"12065144","GEN":"Hohen Neuendorf","SN_L":"12"}},
{"type":"Feature","geometry":{"type":"Polygon","coordinates":[[[13.2008,52.8012],[13.1839,52.8046],[13.165,52.8011],[13.1488,52.81],[13.1102,52.8118],[13.0988,52.8014],[13.0882,52.801],[13.0853,52.8359],[13.1027,52.8422],[13.0929,52.857],[13.1118,52.8734],[13.0851,52.8946],[13.0508,52.876],[13.0489,52.8636],[13.0392,52.8547],[13.025,52.8569],[13.0157,52.8655],[12.9752,52.8621],[12.9872,52.8438],[12.9748,52.8423],[12.9662,52.8426],[12.9525,52.834],[12.9861,52.8286],[12.98,52.8178],[12.938,52.8041],[12.9328,52.7922],[12.9192,52.7946],[12.9103,52.7722],[12.9228,52.7701],[12.9213,52.7447],[12.9098,52.7443],[12.872,52.727],[12.8788,52.7183],[12.8467,52.7055],[12.825,52.7076],[12.8288,52.6948],[12.8717,52.7092],[12.9237,52.7192],[12.929,52.725],[12.9634,52.7203],[12.9709,52.7026],[12.9838,52.7014],[13.0055,52.7121],[13.0246,52.7091],[13.0315,52.7216],[13.0506,52.7276],[13.052,52.7363],[13.0859,52.7466],[13.1018,52.7607],[13.1313,52.7603],[13.1594,52.7644],[13.1774,52.7776],[13.2005,52.7861],[13.2015,52.7949],[13.2001,52.7982],[13.2008,52.8012]]]},"properties":{"AGS":"12065165","GEN":"Kremmen","SN_L":"12"}},
{"type":"Feature","geometry":{"type":"Polygon","coordinates":[[[13.213,52.7136],[13.2077,52.7314],[13.1977,52.7358],[13.1789,52.719],[13.1731,52.7073],[13.196,52.7036],[13.213,52.7136]]]},"properties":{"AGS":"12065180","GEN":"Leegebruch","SN_L":"12"}},
{"type":"Feature","geometry":{"type":"Polygon","coordinates":[[[13.5078,52.8735],[13.4614,52.8853],[13.4659,52.8918],[13.4878,52.8999],[13.4728,52.9065],[13.4728,52.9186],[13.4312,52.9151],[13.412,52.9097],[13.4105,52.9233],[13.3989,52.9301],[13.3873,52.9231],[13.366,52.9218],[13.3484,52.9011],[13.3125,52.876],[13.2942,52.8697],[13.2771,52.8511],[13.2686,52.8546],[13.2472,52.8321],[13.2565,52.8286],[13.2692,52.8228],[13.2948,52.8288],[13.3333,52.846],[13.3471,52.8344],[13.3704,52.7955],[13.3789,52.8002],[13.422,52.8042],[13.4794,52.8088],[13.4943,52.8138],[13.5054,52.8373],[13.5193,52.8459],[13.5087,52.8513],[13.485,52.8528],[13.47,52.8705],[13.5078,52.8735]]]},"properties":{"AGS":"12065193","GEN":"Liebenwalde","SN_L":"12"}},
{"type":"Feature","geometry":{"type":"Polygon","coordinates":[[[13.2414,52.9533],[13.1648,52.9535],[13.1263,52.9554],[13.1064,52.9521],[13.0884,52.9562],[13.0713,52.9522],[13.0568,52.956],[13.0492,52.945],[13.0517,52.9356],[13.0467,52.9173],[13.0257,52.9094],[13.0178,52.9059],[13.0243,52.8788],[13.0389,52.8778],[13.0392,52.8547],[13.0489,52.8636],[13.0508,52.876],[13.0851,52.8946],[13.1118,52.8734],[13.0929,52.857],[13.1027,52.8422],[13.0853,52.8359],[13.0882,52.801],[13.0988,52.8014],[13.1102,52.8118],[13.1488,52.81],[13.165,52.8011],[13.1839,52.8046],[13.2008,52.8012],[13.2166,52.8098],[13.235,52.8086],[13.2557,52.8201],[13.2565,52.8286],[13.2472,52.8321],[13.2686,52.8546],[13.2771,52.8511],[13.2942,52.8697],[13.3125,52.876],[13.3484,52.9011],[13.3535,52.9124],[13.3689,52.9266],[13.3745,52.9411],[13.3669,52.9485],[13.3388,52.9445],[13.3351,52.9216],[13.2958,52.9315],[13.2816,52.9228],[13.2434,52.9143],[13.2228,52.9206],[13.2444,52.9363],[13.2414,52.9533]]]},"properties":{"AGS":"12065198","GEN":"Löwenberger Land","SN_L":"12"}},
{"type":"Feature","geometry":{"type":"Polygon","coordinates":[[[13.3985,52.6482],[13.4137,52.6683],[13.4038,52.6744],[13.4044,52.7096],[13.4209,52.7085],[13.4188,52.7201],[13.4243,52.7345],[13.3972,52.7439],[13.3834,52.742],[13.3609,52.7315],[13.3441,52.7182],[13.3652,52.7123],[13.3606,52.6979],[13.3496,52.6872],[13.3466,52.6713],[13.3258,52.6696],[13.31,52.6574],[13.3093,52.6431],[13.3405,52.6357],[13.3446,52.6248],[13.3579,52.6232],[13.376,52.6293],[13.3985,52.6482]]]},"properties":{"AGS":"12065225","GEN":"Mühlenbecker Land","SN_L":"12"}},
{"type":"Feature","geometry":{"type":"Polygon","coordinates":[[[13.1313,52.7603],[13.1018,52.7607],[13.0859,52.7466],[13.052,52.7363],[13.0506,52.7276],[13.0315,52.7216],[13.0246,52.7091],[13.0055,52.7121],[12.9838,52.7014],[12.9916,52.6925],[13.0227,52.6891],[13.0207,52.6821],[13.0347,52.6708],[13.0461,52.6694],[13.0766,52.6779],[13.09,52.6708],[13.1062,52.6422],[13.1273,52.6304],[13.1564,52.6284],[13.1601,52.6165],[13.1551,52.6065],[13.1754,52.6329],[13.1703,52.641],[13.1888,52.663],[13.1673,52.6731],[13.1558,52.6972],[13.1615,52.7158],[13.1733,52.7144],[13.1787,52.7332],[13.1604,52.7343],[13.1389,52.7257],[13.1401,52.7401],[13.1313,52.7603]]]},"properties":{"AGS":"12065251","GEN":"Oberkrämer","SN_L":"12"}},
{"type":"Feature","geometry":{"type":"Polygon","coordinates":[[[13.422,52.8042],[13.3789,52.8002],[13.3704,52.7955],[13.3471,52.8344],[13.3333,52.846],[13.2948,52.8288],[13.2692,52.8228],[13.2565,52.8286],[13.2557,52.8201],[13.235,52.8086],[13.2166,52.8098],[13.2008,52.8012],[13.2001,52.7982],[13.2015,52.7949],[13.2005,52.7861],[13.1774,52.7776],[13.1594,52.7644],[13.1313,52.7603],[13.1401,52.7401],[13.1389,52.7257],[13.1604,52.7343],[13.1787,52.7332],[13.1733,52.7144],[13.1789,52.719],[13.1977,52.7358],[13.2077,52.7314],[13.213,52.7136],[13.2152,52.71],[13.2453,52.714],[13.2618,52.7343],[13.2741,52.7393],[13.3148,52.7255],[13.3441,52.7182],[13.3609,52.7315],[13.3834,52.742],[13.3972,52.7439],[13.4147,52.7512],[13.4048,52.77],[13.4065,52.7805],[13.4307,52.7895],[13.422,52.8042]]]},"properties":{"AGS":"12065256","GEN":"Oranienburg","SN_L":"12"}},
{"type":"Feature","geometry":{"type":"Polygon","coordinates":[[[13.213,52.7136],[13.196,52.7036],[13.1731,52.7073],[13.1789,52.719],[13.1733,52.7144],[13.1615,52.7158],[13.1558,52.6972],[13.1673,52.6731],[13.1888,52.663],[13.2036,52.6579],[13.229,52.6735],[13.2415,52.6831],[13.2486,52.698],[13.2132,52.7008],[13.2152,52.71],[13.213,52.7136]]]},"properties":{"AGS":"12065332","GEN":"Velten","SN_L":"12"}},
{"type":"Feature","geometry":{"type":"Polygon","coordinates":[[[13.5175,52.9885],[13.4913,52.9872],[13.5009,52.9983],[13.4859,53.009],[13.4604,53.0084],[13.4521,53.0219],[13.441,53.0286],[13.4285,53.023],[13.4068,53.0253],[13.4028,53.0315],[13.4151,53.0529],[13.3689,53.0693],[13.3665,53.0793],[13.3504,53.0715],[13.3054,53.0606],[13.28,53.0623],[13.2566,53.0495],[13.2358,53.0533],[13.2202,53.0323],[13.2328,53.0109],[13.2117,52.9997],[13.2221,52.9831],[13.2274,52.958],[13.2414,52.9533],[13.2444,52.9363],[13.2228,52.9206],[13.2434,52.9143],[13.2816,52.9228],[13.2958,52.9315],[13.3351,52.9216],[13.3388,52.9445],[13.3669,52.9485],[13.3745,52.9411],[13.3689,52.9266],[13.3535,52.9124],[13.3484,52.9011],[13.366,52.9218],[13.3873,52.9231],[13.3989,52.9301],[13.4056,52.9415],[13.4296,52.9489],[13.4416,52.9595],[13.4571,52.9658],[13.4835,52.9634],[13.5134,52.9749],[13.5175,52.9885]]]},"properties":{"AGS":"12065356","GEN":"Zehdenick","SN_L":"12"}},
{"type":"Feature","geometry":{"type":"Polygon","coordinates":[[[13.28,53.0623],[13.2535,53.0527],[13.2167,53.0623],[13.2055,53.0769],[13.2062,53.1056],[13.2192,53.1061],[13.2246,53.119],[13.1972,53.1288],[13.1973,53.1467],[13.1747,53.1402],[13.1711,53.1316],[13.1441,53.1274],[13.1433,53.1013],[13.1496,53.0892],[13.1473,53.0686],[13.1258,53.0717],[13.1116,53.061],[13.1163,53.0523],[13.1596,53.0519],[13.1477,53.0428],[13.1408,53.0233],[13.1384,53.0104],[13.1289,52.9965],[13.1129,52.9864],[13.0944,52.9693],[13.0864,52.9684],[13.0713,52.9522],[13.0884,52.9562],[13.1064,52.9521],[13.1263,52.9554],[13.1648,52.9535],[13.2414,52.9533],[13.2274,52.958],[13.2221,52.9831],[13.2117,52.9997],[13.2328,53.0109],[13.2202,53.0323],[13.2358,53.0533],[13.2566,53.0495],[13.28,53.0623]]]},"properties":{"AGS":"12065100","GEN":"Gransee","SN_L":"12"}},
{"type":"Feature","geometry":{"type":"Polygon","coordinates":[[[13.1477,53.0428],[13.1596,53.0519],[13.1163,53.0523],[13.1116,53.061],[13.1258,53.0717],[13.1473,53.0686],[13.1496,53.0892],[13.1433,53.1013],[13.1441,53.1274],[13.1711,53.1316],[13.1747,53.1402],[13.1626,53.1447],[13.1308,53.1393],[13.1089,53.1383],[13.0953,53.1317],[13.0775,53.1161],[13.0787,53.1049],[13.061,53.0888],[13.0765,53.0822],[13.0518,53.0609],[13.0324,53.0649],[13.0297,53.0551],[13.0618,53.0469],[13.0906,53.0366],[13.1052,53.0471],[13.1477,53.0428]]]},"properties":{"AGS":"12065117","GEN":"Großwoltersdorf","SN_L":"12"}},
{"type":"Feature","geometry":{"type":"Polygon","coordinates":[[[13.1408,53.0233],[13.1269,53.0278],[13.0963,53.017],[13.0795,53.0009],[13.0961,52.9832],[13.1129,52.9864],[13.1289,52.9965],[13.1384,53.0104],[13.1408,53.0233]]]},"properties":{"AGS":"12065276","GEN":"Schönermark","SN_L":"12"}},
{"type":"Feature","geometry":{"type":"Polygon","coordinates":[[[13.0518,53.0609],[13.0262,53.0678],[13.0228,53.0631],[13.0233,53.0317],[13.0327,53.0241],[13.0103,53.0089],[13.0072,52.9989],[13.0269,52.9896],[13.0508,52.9905],[13.0509,52.9703],[13.0568,52.956],[13.0713,52.9522],[13.0864,52.9684],[13.0944,52.9693],[13.1129,52.9864],[13.0961,52.9832],[13.0795,53.0009],[13.0963,53.017],[13.1269,53.0278],[13.1408,53.0233],[13.1477,53.0428],[13.1052,53.0471],[13.0906,53.0366],[13.0618,53.0469],[13.0297,53.0551],[13.0324,53.0649],[13.0518,53.0609]]]},"properties":{"AGS":"12065301","GEN":"Sonnenberg","SN_L":"12"}},
{"type":"Feature","geometry":{"type":"Polygon","coordinates":[[[13.0267,53.1852],[13.02,53.1757],[12.9847,53.165],[13.0085,53.1441],[12.9917,53.1294],[12.9634,53.133],[12.9511,53.1206],[12.9429,53.0904],[12.964,53.0866],[12.9725,53.0728],[13.0121,53.0735],[13.0228,53.0631],[13.0262,53.0678],[13.0518,53.0609],[13.0765,53.0822],[13.061,53.0888],[13.0787,53.1049],[13.0775,53.1161],[13.0953,53.1317],[13.1089,53.1383],[13.1308,53.1393],[13.0982,53.1526],[13.0965,53.1649],[13.0549,53.1578],[13.0327,53.1754],[13.0267,53.1852]]]},"properties":{"AGS":"12065310","GEN":"Stechlin","SN_L":"12"}},
{"type":"Feature","geometry":{"type":"Polygon","coordinates":[[[13.9889,51.7868],[13.9645,51.7855],[13.9415,51.7729],[13.9232,51.7763],[13.9222,51.8042],[13.8868,51.8041],[13.8846,51.8139],[13.903,51.8304],[13.8701,51.8317],[13.8542,51.8389],[13.8415,51.8221],[13.83,51.8182],[13.8381,51.7895],[13.8061,51.7855],[13.8215,51.7738],[13.8306,51.7579],[13.8554,51.7529],[13.8438,51.7352],[13.8309,51.7417],[13.8056,51.741],[13.7981,51.7371],[13.8087,51.7089],[13.8091,51.6952],[13.8263,51.6953],[13.8349,51.6826],[13.8652,51.6785],[13.8861,51.6806],[13.9034,51.6938],[13.9251,51.6903],[13.9471,51.6934],[13.9489,51.7075],[13.9764,51.7076],[13.9911,51.7138],[14.0015,51.7042],[14.0173,51.7021],[14.0196,51.7128],[13.9976,51.7366],[14.0109,51.7414],[14.0292,51.7375],[14.048,51.7453],[14.0476,51.7628],[14.0259,51.7624],[14.0092,51.7801],[13.9889,51.7868]]]},"properties":{"AGS":"12066052","GEN":"Calau","SN_L":"12"}},
{"type":"Feature","geometry":{"type":"Polygon","coordinates":[[[13.9454,51.6177],[13.9255,51.6138],[13.9112,51.6322],[13.8901,51.6306],[13.8894,51.6181],[13.8796,51.6029],[13.8663,51.591],[13.8805,51.5769],[13.9004,51.5779],[13.9405,51.5742],[13.9515,51.5645],[13.9719,51.5641],[13.9856,51.5756],[14.0006,51.5667],[14.022,51.5601],[14.0476,51.5666],[14.0706,51.5653],[14.0913,51.5698],[14.1067,51.5812],[14.1097,51.5935],[14.0854,51.5963],[14.0585,51.6225],[14.0301,51.6239],[14.0083,51.6147],[13.978,51.6106],[13.9677,51.6192],[13.9454,51.6177]]]},"properties":{"AGS":"12066112","GEN":"Großräschen","SN_L":"12"}},
{"type":"Feature","geometry":{"type":"Polygon","coordinates":[[[13.8484,51.514],[13.859,51.5198],[13.855,51.543],[13.8299,51.5541],[13.8151,51.5486],[13.7967,51.5376],[13.7688,51.5328],[13.7487,51.5424],[13.7312,51.5269],[13.713,51.5204],[13.6893,51.5212],[13.6853,51.5286],[13.654,51.5289],[13.6582,51.5063],[13.6341,51.5044],[13.6429,51.4982],[13.6804,51.4882],[13.6927,51.4795],[13.6961,51.4602],[13.7094,51.4595],[13.7592,51.4594],[13.7658,51.4564],[13.7967,51.4561],[13.7962,51.4669],[13.7992,51.4843],[13.8207,51.5098],[13.8484,51.514]]]},"properties":{"AGS":"12066176","GEN":"Lauchhammer","SN_L":"12"}},
{"type":"Feature","geometry":{"type":"Polygon","coordinates":[[[13.9821,51.8995],[13.9372,51.9017],[13.916,51.9003],[13.8993,51.8926],[13.8637,51.8922],[13.8642,51.8788],[13.8475,51.8763],[13.8273,51.8575],[13.8542,51.8389],[13.8701,51.8317],[13.903,51.8304],[13.8846,51.8139],[13.8868,51.8041],[13.9222,51.8042],[13.9232,51.7763],[13.9415,51.7729],[13.9645,51.7855],[13.9889,51.7868],[13.987,51.7965],[13.9966,51.8182],[14.0042,51.8194],[14.0157,51.8392],[14.0451,51.8366],[14.0667,51.8427],[14.072,51.8576],[14.08,51.8619],[14.0885,51.8783],[14.0295,51.8846],[13.9821,51.8995]]]},"properties":{"AGS":"12066196","GEN":"Lübbenau/Spreewald","SN_L":"12"}},
{"type":"Feature","geometry":{"type":"Polygon","coordinates":[[[13.9719,51.5641],[13.9515,51.5645],[13.9405,51.5742],[13.9004,51.5779],[13.8805,51.5769],[13.8755,51.5663],[13.8498,51.563],[13.8336,51.556],[13.8299,51.5541],[13.855,51.543],[13.859,51.5198],[13.8484,51.514],[13.8658,51.5051],[13.8728,51.4857],[13.9007,51.4962],[13.9222,51.4917],[13.9573,51.5096],[13.9755,51.5161],[13.9686,51.5315],[13.9736,51.5477],[13.9811,51.5535],[13.9719,51.5641]]]},"properties":{"AGS":"12066285","GEN":"Schipkau","SN_L":"12"}},
{"type":"Feature","geometry":{"type":"Polygon","coordinates":[[[13.9222,51.4917],[13.9007,51.4962],[13.8728,51.4857],[13.8658,51.5051],[13.8484,51.514],[13.8207,51.5098],[13.7992,51.4843],[13.7962,51.4669],[13.8141,51.4637],[13.8469,51.4653],[13.8755,51.4624],[13.9049,51.4624],[13.924,51.4752],[13.9222,51.4917]]]},"properties":{"AGS":"12066296","GEN":"Schwarzheide","SN_L":"12"}},
{"type":"Feature","geometry":{"type":"Polygon","coordinates":[[[14.0913,51.5698],[14.0706,51.5653],[14.0476,51.5666],[14.022,51.5601],[14.0006,51.5667],[13.9856,51.5756],[13.9719,51.5641],[13.9811,51.5535],[13.9736,51.5477],[13.9686,51.5315],[13.9755,51.5161],[13.9573,51.5096],[13.9222,51.4917],[13.924,51.4752],[13.9409,51.4819],[13.9643,51.4832],[13.9703,51.4709],[13.9478,51.459],[13.951,51.4488],[13.9646,51.4472],[13.9736,51.4412],[14.0148,51.4503],[14.0382,51.4284],[14.043,51.4392],[14.0628,51.4455],[14.0526,51.4525],[14.0553,51.4609],[14.033,51.4751],[14.0387,51.4799],[14.0719,51.4722],[14.0887,51.4794],[14.0738,51.4927],[14.0932,51.4973],[14.1078,51.5218],[14.1352,51.5211],[14.1297,51.5339],[14.1344,51.5408],[14.1168,51.5477],[14.1206,51.5602],[14.0913,51.5698]]]},"properties":{"AGS":"12066304","GEN":"Senftenberg","SN_L":"12"}},
{"type":"Feature","geometry":{"type":"Polygon","coordinates":[[[14.1154,51.807],[14.1154,51.8156],[14.1005,51.8266],[14.0761,51.8319],[14.08,51.8619],[14.072,51.8576],[14.0667,51.8427],[14.0451,51.8366],[14.0157,51.8392],[14.0042,51.8194],[13.9966,51.8182],[13.987,51.7965],[13.9889,51.7868],[14.0092,51.7801],[14.0259,51.7624],[14.0476,51.7628],[14.048,51.7453],[14.0292,51.7375],[14.0109,51.7414],[13.9976,51.7366],[14.0196,51.7128],[14.0173,51.7021],[14.0326,51.6978],[14.053,51.6947],[14.0746,51.6977],[14.1118,51.6988],[14.1177,51.7073],[14.1308,51.7078],[14.1432,51.733],[14.111,51.7396],[14.1004,51.7542],[14.1035,51.7646],[14.1242,51.7991],[14.1154,51.807]]]},"properties":{"AGS":"12066320","GEN":"Vetschau/Spreewald","SN_L":"12"}},
{"type":"Feature","geometry":{"type":"Polygon","coordinates":[[[14.1118,51.6988],[14.0746,51.6977],[14.053,51.6947],[14.0326,51.6978],[14.047,51.6789],[14.0284,51.6695],[14.0112,51.646],[13.9751,51.6411],[13.9683,51.645],[13.9434,51.6313],[13.9454,51.6177],[13.9677,51.6192],[13.978,51.6106],[14.0083,51.6147],[14.0301,51.6239],[14.0585,51.6225],[14.0795,51.6329],[14.1137,51.6309],[14.1287,51.6393],[14.1243,51.6539],[14.1126,51.6652],[14.0921,51.6743],[14.1015,51.6806],[14.1118,51.6988]]]},"properties":{"AGS":"12066008","GEN":"Altdöbern","SN_L":"12"}},
{"type":"Feature","geometry":{"type":"Polygon","coordinates":[[[13.9251,51.6903],[13.9034,51.6938],[13.8861,51.6806],[13.8652,51.6785],[13.8349,51.6826],[13.8362,51.668],[13.852,51.6633],[13.8866,51.6467],[13.8901,51.6306],[13.9112,51.6322],[13.9255,51.6138],[13.9454,51.6177],[13.9434,51.6313],[13.9683,51.645],[13.9607,51.6556],[13.9435,51.6622],[13.9236,51.6831],[13.9251,51.6903]]]},"properties":{"AGS":"12066041","GEN":"Bronkow","SN_L":"12"}},
{"type":"Feature","geometry":{"type":"Polygon","coordinates":[[[14.0173,51.7021],[14.0015,51.7042],[13.9911,51.7138],[13.9764,51.7076],[13.9489,51.7075],[13.9471,51.6934],[13.9251,51.6903],[13.9236,51.6831],[13.9435,51.6622],[13.9607,51.6556],[13.9683,51.645],[13.9751,51.6411],[14.0112,51.646],[14.0284,51.6695],[14.047,51.6789],[14.0326,51.6978],[14.0173,51.7021]]]},"properties":{"AGS":"12066202","GEN":"Luckaitztal","SN_L":"12"}},
{"type":"Feature","geometry":{"type":"Polygon","coordinates":[[[14.1376,51.6362],[14.1287,51.6393],[14.1137,51.6309],[14.0795,51.6329],[14.0585,51.6225],[14.0854,51.5963],[14.1097,51.5935],[14.1067,51.5812],[14.0913,51.5698],[14.1206,51.5602],[14.1168,51.5477],[14.1344,51.5408],[14.1633,51.541],[14.164,51.5604],[14.1519,51.5627],[14.146,51.5749],[14.1576,51.5917],[14.1372,51.5942],[14.1435,51.6122],[14.136,51.6141],[14.1376,51.6362]]]},"properties":{"AGS":"12066226","GEN":"Neu-Seeland","SN_L":"12"}},
{"type":"Feature","geometry":{"type":"Polygon","coordinates":[[[14.1754,51.5901],[14.1907,51.5986],[14.2021,51.613],[14.1978,51.6217],[14.1805,51.6364],[14.1666,51.6396],[14.1376,51.6362],[14.136,51.6141],[14.1435,51.6122],[14.1372,51.5942],[14.1576,51.5917],[14.1754,51.5901]]]},"properties":{"AGS":"12066228","GEN":"Neupetershain","SN_L":"12"}},
{"type":"Feature","geometry":{"type":"Polygon","coordinates":[[[13.7967,51.4561],[13.7658,51.4564],[13.7592,51.4594],[13.7504,51.4421],[13.7491,51.4293],[13.7402,51.4204],[13.7515,51.4176],[13.7645,51.4012],[13.7756,51.3977],[13.7737,51.4026],[13.7969,51.4145],[13.8022,51.4216],[13.7977,51.4345],[13.8065,51.4372],[13.7967,51.4561]]]},"properties":{"AGS":"12066064","GEN":"Frauendorf","SN_L":"12"}},
{"type":"Feature","geometry":{"type":"Polygon","coordinates":[[[13.7451,51.3822],[13.7117,51.3991],[13.7152,51.4169],[13.6967,51.4169],[13.6898,51.4041],[13.6988,51.396],[13.7018,51.3826],[13.6913,51.374],[13.7134,51.3635],[13.7391,51.3612],[13.7482,51.3694],[13.7451,51.3822]]]},"properties":{"AGS":"12066104","GEN":"Großkmehlen","SN_L":"12"}},
{"type":"Feature","geometry":{"type":"Polygon","coordinates":[[[13.8319,51.4062],[13.8158,51.4036],[13.7969,51.4145],[13.7737,51.4026],[13.7756,51.3977],[13.7825,51.3697],[13.8088,51.3728],[13.8194,51.3699],[13.8353,51.3768],[13.8362,51.3833],[13.8319,51.4062]]]},"properties":{"AGS":"12066168","GEN":"Kroppen","SN_L":"12"}},
{"type":"Feature","geometry":{"type":"Polygon","coordinates":[[[13.7451,51.3822],[13.7556,51.3846],[13.7645,51.4012],[13.7515,51.4176],[13.7402,51.4204],[13.7191,51.4235],[13.7152,51.4169],[13.7117,51.3991],[13.7451,51.3822]]]},"properties":{"AGS":"12066188","GEN":"Lindenau","SN_L":"12"}},
{"type":"Feature","geometry":{"type":"Polygon","coordinates":[[[13.7825,51.3697],[13.7756,51.3977],[13.7645,51.4012],[13.7556,51.3846],[13.7451,51.3822],[13.7482,51.3694],[13.7391,51.3612],[13.7408,51.3613],[13.7532,51.3659],[13.7765,51.362],[13.7825,51.3697]]]},"properties":{"AGS":"12066240","GEN":"Ortrand","SN_L":"12"}},
{"type":"Feature","geometry":{"type":"Polygon","coordinates":[[[13.7402,51.4204],[13.7491,51.4293],[13.7504,51.4421],[13.7592,51.4594],[13.7094,51.4595],[13.7174,51.4507],[13.7191,51.4235],[13.7402,51.4204]]]},"properties":{"AGS":"12066316","GEN":"Tettau","SN_L":"12"}},
{"type":"Feature","geometry":{"type":"Polygon","coordinates":[[[14.0368,51.4168],[13.9966,51.4169],[13.973,51.413],[13.9633,51.4054],[13.9637,51.3959],[13.9723,51.3938],[13.9702,51.3758],[14.0007,51.3726],[13.9974,51.3852],[14.0036,51.3956],[14.017,51.4005],[14.0368,51.4168]]]},"properties":{"AGS":"12066116","GEN":"Grünewald","SN_L":"12"}},
{"type":"Feature","geometry":{"type":"Polygon","coordinates":[[[13.8983,51.4403],[13.8947,51.4236],[13.9312,51.4072],[13.9551,51.4093],[13.9633,51.4054],[13.973,51.413],[13.977,51.4195],[13.9616,51.4372],[13.9154,51.4414],[13.8983,51.4403]]]},"properties":{"AGS":"12066120","GEN":"Guteborn","SN_L":"12"}},
{"type":"Feature","geometry":{"type":"Polygon","coordinates":[[[13.9633,51.4054],[13.9551,51.4093],[13.9312,51.4072],[13.8947,51.4236],[13.8748,51.4181],[13.839,51.4208],[13.8319,51.4062],[13.8362,51.3833],[13.8632,51.3818],[13.8837,51.3752],[13.91,51.379],[13.9525,51.3964],[13.9637,51.3959],[13.9633,51.4054]]]},"properties":{"AGS":"12066124","GEN":"Hermsdorf","SN_L":"12"}},
{"type":"Feature","geometry":{"type":"Polygon","coordinates":[[[14.0382,51.4284],[14.0148,51.4503],[13.9736,51.4412],[13.9646,51.4472],[13.9616,51.4372],[13.977,51.4195],[13.973,51.413],[13.9966,51.4169],[14.0368,51.4168],[14.0446,51.4188],[14.0382,51.4284]]]},"properties":{"AGS":"12066132","GEN":"Hohenbocka","SN_L":"12"}},
{"type":"Feature","geometry":{"type":"Polygon","coordinates":[[[13.9049,51.4624],[13.8755,51.4624],[13.8469,51.4653],[13.8141,51.4637],[13.7962,51.4669],[13.7967,51.4561],[13.8065,51.4372],[13.7977,51.4345],[13.8022,51.4216],[13.7969,51.4145],[13.8158,51.4036],[13.8319,51.4062],[13.839,51.4208],[13.8748,51.4181],[13.8947,51.4236],[13.8983,51.4403],[13.907,51.4551],[13.9049,51.4624]]]},"properties":{"AGS":"12066272","GEN":"Ruhland","SN_L":"12"}},
{"type":"Feature","geometry":{"type":"Polygon","coordinates":[[[13.9646,51.4472],[13.951,51.4488],[13.9478,51.459],[13.9703,51.4709],[13.9643,51.4832],[13.9409,51.4819],[13.924,51.4752],[13.9049,51.4624],[13.907,51.4551],[13.8983,51.4403],[13.9154,51.4414],[13.9616,51.4372],[13.9646,51.4472]]]},"properties":{"AGS":"12066292","GEN":"Schwarzbach","SN_L":"12"}},
{"type":"Feature","geometry":{"type":"Polygon","coordinates":[[[14.2748,52.2289],[14.2586,52.2421],[14.24,52.2334],[14.2481,52.2251],[14.2384,52.203],[14.2204,52.2048],[14.2059,52.1957],[14.207,52.1803],[14.1893,52.1816],[14.1766,52.1647],[14.1824,52.1533],[14.2105,52.1331],[14.2382,52.1512],[14.2886,52.15],[14.3149,52.1406],[14.3426,52.14],[14.3539,52.1491],[14.3725,52.1522],[14.3609,52.1696],[14.3728,52.181],[14.3776,52.1937],[14.3465,52.1892],[14.2905,52.1864],[14.2779,52.199],[14.2748,52.2289]]]},"properties":{"AGS":"12067036","GEN":"Beeskow","SN_L":"12"}},
{"type":"Feature","geometry":{"type":"Polygon","coordinates":[[[14.6376,52.1946],[14.6182,52.1976],[14.6066,52.2089],[14.603,52.209],[14.6141,52.1992],[14.588,52.1871],[14.5943,52.1729],[14.5988,52.1539],[14.5918,52.1482],[14.5654,52.141],[14.5661,52.1193],[14.5758,52.1145],[14.6086,52.1157],[14.6208,52.1241],[14.6304,52.1191],[14.6515,52.1234],[14.6649,52.1083],[14.6763,52.108],[14.6954,52.0964],[14.6992,52.0988],[14.6816,52.1167],[14.6791,52.142],[14.7031,52.1643],[14.7053,52.1735],[14.6881,52.1893],[14.6885,52.1989],[14.7045,52.2076],[14.6832,52.2138],[14.6594,52.2],[14.689,52.1725],[14.6765,52.1698],[14.6538,52.1738],[14.6376,52.1946]]]},"properties":{"AGS":"12067120","GEN":"Eisenhüttenstadt","SN_L":"12"}},
{"type":"Feature","geometry":{"type":"Polygon","coordinates":[[[13.76,52.4373],[13.7441,52.4381],[13.7295,52.4174],[13.7387,52.4073],[13.748,52.3906],[13.7663,52.391],[13.7857,52.3832],[13.7903,52.3908],[13.7888,52.4232],[13.7939,52.4305],[13.7677,52.4322],[13.76,52.4373]]]},"properties":{"AGS":"12067124","GEN":"Erkner","SN_L":"12"}},
{"type":"Feature","geometry":{"type":"Polygon","coordinates":[[[14.4661,52.0483],[14.4473,52.0684],[14.4636,52.0898],[14.4531,52.1087],[14.4374,52.1083],[14.4148,52.1188],[14.4043,52.1328],[14.3831,52.1405],[14.3725,52.1522],[14.3539,52.1491],[14.3426,52.14],[14.3149,52.1406],[14.2886,52.15],[14.2382,52.1512],[14.2105,52.1331],[14.2045,52.1202],[14.2085,52.1098],[14.1882,52.0997],[14.1884,52.0911],[14.2052,52.0868],[14.2225,52.0757],[14.214,52.0528],[14.2198,52.0419],[14.2417,52.04],[14.2703,52.0323],[14.3023,52.0478],[14.305,52.0562],[14.3307,52.0686],[14.345,52.0708],[14.3551,52.0731],[14.4009,52.0528],[14.4026,52.0337],[14.415,52.0245],[14.446,52.0264],[14.4455,52.0399],[14.4661,52.0483]]]},"properties":{"AGS":"12067137","GEN":"Friedland","SN_L":"12"}},
{"type":"Feature","geometry":{"type":"Polygon","coordinates":[[[14.1391,52.3746],[14.1154,52.378],[14.1039,52.3758],[14.0923,52.3957],[14.0904,52.4112],[14.0784,52.4144],[14.0798,52.4265],[14.0568,52.4266],[14.0504,52.4183],[14.0192,52.4115],[14.0145,52.4009],[14.0217,52.3872],[14.0076,52.3834],[13.9509,52.4018],[13.9388,52.3966],[13.9478,52.3877],[13.9585,52.3804],[13.9914,52.3685],[13.989,52.3504],[14.0028,52.3408],[14.0185,52.3537],[14.0359,52.3552],[14.052,52.3444],[14.0634,52.3299],[14.0839,52.3227],[14.117,52.3472],[14.146,52.3489],[14.1471,52.3722],[14.1391,52.3746]]]},"properties":{"AGS":"12067144","GEN":"Fürstenwalde/Spree","SN_L":"12"}},
{"type":"Feature","geometry":{"type":"Polygon","coordinates":[[[13.9539,52.4737],[13.9156,52.475],[13.8869,52.4683],[13.8794,52.4572],[13.8531,52.4529],[13.8252,52.4401],[13.803,52.4393],[13.7939,52.4305],[13.7888,52.4232],[13.7903,52.3908],[13.7857,52.3832],[13.7918,52.3759],[13.8111,52.3609],[13.8314,52.3567],[13.8557,52.3687],[13.8905,52.3819],[13.898,52.3938],[13.9152,52.3992],[13.9239,52.3895],[13.9478,52.3877],[13.9388,52.3966],[13.9509,52.4018],[14.0076,52.3834],[14.0217,52.3872],[14.0145,52.4009],[14.0192,52.4115],[13.9856,52.4287],[13.9859,52.452],[13.977,52.4664],[13.9641,52.4657],[13.9539,52.4737]]]},"properties":{"AGS":"12067201","GEN":"Grünheide (Mark)","SN_L":"12"}},
{"type":"Feature","geometry":{"type":"Polygon","coordinates":[[[14.1651,52.3275],[14.1523,52.3314],[14.1374,52.3283],[14.1093,52.3064],[14.1092,52.2962],[14.1002,52.2861],[14.1173,52.2802],[14.0957,52.2584],[14.1027,52.2554],[14.082,52.2333],[14.095,52.2227],[14.0551,52.2244],[14.0409,52.2097],[14.027,52.2027],[14.047,52.194],[14.0332,52.1801],[14.0519,52.1751],[14.0397,52.1627],[14.0601,52.156],[14.0741,52.1587],[14.0879,52.1793],[14.0844,52.1889],[14.0982,52.2108],[14.1238,52.2106],[14.1483,52.2034],[14.1307,52.1888],[14.1236,52.1706],[14.1766,52.1647],[14.1893,52.1816],[14.207,52.1803],[14.2059,52.1957],[14.2204,52.2048],[14.2384,52.203],[14.2481,52.2251],[14.24,52.2334],[14.2586,52.2421],[14.2748,52.2289],[14.2711,52.2461],[14.2853,52.2523],[14.3235,52.2546],[14.3348,52.2552],[14.3329,52.2686],[14.3222,52.2806],[14.3029,52.2761],[14.2803,52.2868],[14.2724,52.2976],[14.2326,52.2901],[14.2265,52.3043],[14.2101,52.3043],[14.1935,52.3177],[14.1651,52.3275]]]},"properties":{"AGS":"12067426","GEN":"Rietz-Neuendorf","SN_L":"12"}},
{"type":"Feature","geometry":{"type":"Polygon","coordinates":[[[13.7432,52.4656],[13.7407,52.4865],[13.7112,52.4934],[13.711,52.5027],[13.6859,52.499],[13.6718,52.4856],[13.667,52.4742],[13.6826,52.4662],[13.7164,52.4622],[13.7206,52.4566],[13.7432,52.4656]]]},"properties":{"AGS":"12067440","GEN":"Schöneiche bei Berlin","SN_L":"12"}},
{"type":"Feature","geometry":{"type":"Polygon","coordinates":[[[13.9455,52.2812],[13.9313,52.2876],[13.9177,52.3025],[13.897,52.3103],[13.8822,52.2931],[13.854,52.29],[13.8558,52.2752],[13.8385,52.2629],[13.8283,52.2327],[13.8507,52.2251],[13.8418,52.2187],[13.8481,52.2051],[13.835,52.1854],[13.8564,52.1894],[13.8909,52.1797],[13.8895,52.1696],[13.8602,52.1724],[13.8562,52.1644],[13.8714,52.1413],[13.8453,52.1217],[13.8712,52.1181],[13.8895,52.1233],[13.9182,52.1245],[13.9307,52.1268],[13.9334,52.1313],[13.939,52.1378],[13.9681,52.1362],[13.9858,52.1212],[14.007,52.1176],[14.0226,52.132],[14.0427,52.1324],[14.0528,52.1374],[14.0601,52.156],[14.0397,52.1627],[14.0519,52.1751],[14.0332,52.1801],[13.9956,52.1831],[13.9884,52.1762],[13.9401,52.1788],[13.9394,52.1958],[13.994,52.212],[13.9941,52.2268],[13.9823,52.2357],[13.9795,52.253],[13.9701,52.267],[13.9455,52.2812]]]},"properties":{"AGS":"12067481","GEN":"Storkow (Mark)","SN_L":"12"}},
{"type":"Feature","geometry":{"type":"Polygon","coordinates":[[[14.1766,52.1647],[14.1236,52.1706],[14.1307,52.1888],[14.1483,52.2034],[14.1238,52.2106],[14.0982,52.2108],[14.0844,52.1889],[14.0879,52.1793],[14.0741,52.1587],[14.0601,52.156],[14.0528,52.1374],[14.0427,52.1324],[14.0226,52.132],[14.007,52.1176],[14.0428,52.1052],[14.0555,52.1055],[14.0895,52.0911],[14.112,52.0872],[14.114,52.072],[14.125,52.0672],[14.1288,52.0519],[14.1596,52.0573],[14.1942,52.0577],[14.2041,52.074],[14.2052,52.0868],[14.1884,52.0911],[14.1882,52.0997],[14.2085,52.1098],[14.2045,52.1202],[14.2105,52.1331],[14.1824,52.1533],[14.1766,52.1647]]]},"properties":{"AGS":"12067493","GEN":"Tauche","SN_L":"12"}},
{"type":"Feature","geometry":{"type":"Polygon","coordinates":[[[13.803,52.4393],[13.805,52.4437],[13.7644,52.4467],[13.7629,52.4588],[13.7432,52.4656],[13.7206,52.4566],[13.7291,52.4506],[13.7532,52.4476],[13.76,52.4373],[13.7677,52.4322],[13.7939,52.4305],[13.803,52.4393]]]},"properties":{"AGS":"12067544","GEN":"Woltersdorf","SN_L":"12"}},
{"type":"Feature","geometry":{"type":"Polygon","coordinates":[[[14.598,52.2675],[14.5874,52.2755],[14.5681,52.2762],[14.553,52.2705],[14.5495,52.2613],[14.5019,52.2628],[14.5071,52.2549],[14.5437,52.2533],[14.5515,52.2394],[14.57,52.2424],[14.5973,52.2553],[14.598,52.2675]]]},"properties":{"AGS":"12067076","GEN":"Brieskow-Finkenheerd","SN_L":"12"}},
{"type":"Feature","geometry":{"type":"Polygon","coordinates":[[[14.5071,52.2549],[14.492,52.2528],[14.4773,52.2614],[14.4609,52.2444],[14.5262,52.2277],[14.5294,52.2205],[14.5553,52.2241],[14.5515,52.2394],[14.5437,52.2533],[14.5071,52.2549]]]},"properties":{"AGS":"12067180","GEN":"Groß Lindow","SN_L":"12"}},
{"type":"Feature","geometry":{"type":"Polygon","coordinates":[[[14.6594,52.2],[14.6376,52.1946],[14.6538,52.1738],[14.6765,52.1698],[14.689,52.1725],[14.6594,52.2]]]},"properties":{"AGS":"12067508","GEN":"Vogelsang","SN_L":"12"}},
{"type":"Feature","geometry":{"type":"Polygon","coordinates":[[[14.6922,52.2559],[14.6465,52.2626],[14.6171,52.2715],[14.6009,52.2721],[14.598,52.2675],[14.5973,52.2553],[14.57,52.2424],[14.5515,52.2394],[14.5553,52.2241],[14.5657,52.2166],[14.5802,52.2178],[14.603,52.209],[14.6066,52.2089],[14.6297,52.225],[14.6223,52.2365],[14.6448,52.2473],[14.6727,52.2375],[14.6922,52.2559]]]},"properties":{"AGS":"12067528","GEN":"Wiesenau","SN_L":"12"}},
{"type":"Feature","geometry":{"type":"Polygon","coordinates":[[[14.7045,52.2076],[14.7117,52.2192],[14.7145,52.237],[14.6922,52.2559],[14.6727,52.2375],[14.6448,52.2473],[14.6223,52.2365],[14.6297,52.225],[14.6066,52.2089],[14.6182,52.1976],[14.6376,52.1946],[14.6594,52.2],[14.6832,52.2138],[14.7045,52.2076]]]},"properties":{"AGS":"12067552","GEN":"Ziltendorf","SN_L":"12"}},
{"type":"Feature","geometry":{"type":"Polygon","coordinates":[[[14.6649,52.1083],[14.6515,52.1234],[14.6304,52.1191],[14.6208,52.1241],[14.6086,52.1157],[14.625,52.1127],[14.6213,52.1008],[14.6468,52.1002],[14.6649,52.1083]]]},"properties":{"AGS":"12067292","GEN":"Lawitz","SN_L":"12"}},
{"type":"Feature","geometry":{"type":"Polygon","coordinates":[[[14.7167,52.0012],[14.7267,52.0139],[14.7408,52.0228],[14.7497,52.0411],[14.7452,52.0538],[14.7584,52.0674],[14.7413,52.0852],[14.7243,52.0935],[14.6992,52.0988],[14.6954,52.0964],[14.678,52.0802],[14.6461,52.0735],[14.6601,52.0673],[14.6642,52.0539],[14.6924,52.0359],[14.7017,52.0253],[14.6989,52.0148],[14.6993,52.007],[14.7167,52.0012]]]},"properties":{"AGS":"12067338","GEN":"Neißemünde","SN_L":"12"}},
{"type":"Feature","geometry":{"type":"Polygon","coordinates":[[[14.5661,52.1193],[14.5467,52.1267],[14.5225,52.1012],[14.4839,52.0889],[14.4805,52.0759],[14.4887,52.0704],[14.4827,52.0577],[14.4827,52.0372],[14.491,52.0309],[14.4918,52.016],[14.5008,52.0076],[14.5234,52.0105],[14.5436,52.0065],[14.5623,52.0089],[14.5628,52.0184],[14.5901,52.0342],[14.6159,52.0285],[14.651,52.0266],[14.6688,52.0052],[14.6977,52.01],[14.6989,52.0148],[14.7017,52.0253],[14.6924,52.0359],[14.6642,52.0539],[14.6601,52.0673],[14.6461,52.0735],[14.678,52.0802],[14.6954,52.0964],[14.6763,52.108],[14.6649,52.1083],[14.6468,52.1002],[14.6213,52.1008],[14.625,52.1127],[14.6086,52.1157],[14.5758,52.1145],[14.5661,52.1193]]]},"properties":{"AGS":"12067357","GEN":"Neuzelle","SN_L":"12"}},
{"type":"Feature","geometry":{"type":"Polygon","coordinates":[[[14.185,52.3622],[14.1741,52.371],[14.1391,52.3746],[14.1471,52.3722],[14.146,52.3489],[14.1569,52.3426],[14.1651,52.3275],[14.1935,52.3177],[14.2111,52.3281],[14.2118,52.3425],[14.1891,52.3448],[14.185,52.3622]]]},"properties":{"AGS":"12067040","GEN":"Berkenbrück","SN_L":"12"}},
{"type":"Feature","geometry":{"type":"MultiPolygon","coordinates":[[[[14.4054,52.3151],[14.383,52.3195],[14.3578,52.3203],[14.328,52.3142],[14.3394,52.3095],[14.3577,52.2889],[14.3716,52.2815],[14.3959,52.2989],[14.4054,52.3151]]],[[[14.2788,52.4127],[14.2404,52.3997],[14.231,52.4021],[14.2276,52.4168],[14.2011,52.3978],[14.2101,52.3883],[14.1971,52.3631],[14.185,52.3622],[14.1891,52.3448],[14.2118,52.3425],[14.2111,52.3281],[14.1935,52.3177],[14.2101,52.3043],[14.2265,52.3043],[14.2326,52.2901],[14.2724,52.2976],[14.2803,52.2868],[14.3029,52.2761],[14.3222,52.2806],[14.3152,52.3165],[14.3203,52.3446],[14.3015,52.3611],[14.3085,52.3751],[14.3289,52.3778],[14.3159,52.3823],[14.3205,52.4031],[14.303,52.4036],[14.2788,52.4127]]]]},"properties":{"AGS":"12067072","GEN":"Briesen (Mark)","SN_L":"12"}},
{"type":"Feature","geometry":{"type":"Polygon","coordinates":[[[14.4238,52.374],[14.3705,52.3875],[14.3495,52.3741],[14.3289,52.3778],[14.3085,52.3751],[14.3015,52.3611],[14.3203,52.3446],[14.3152,52.3165],[14.328,52.3142],[14.3578,52.3203],[14.383,52.3195],[14.4054,52.3151],[14.435,52.3393],[14.4077,52.3538],[14.4238,52.374]]]},"properties":{"AGS":"12067237","GEN":"Jacobsdorf","SN_L":"12"}},
{"type":"Feature","geometry":{"type":"Polygon","coordinates":[[[14.2204,52.493],[14.1885,52.4987],[14.1828,52.4745],[14.1676,52.4666],[14.1363,52.466],[14.1121,52.4599],[14.0975,52.4633],[14.089,52.4508],[14.0769,52.4534],[14.0824,52.4659],[14.0734,52.4806],[14.028,52.4708],[14.0208,52.4577],[14.0071,52.4468],[13.977,52.4664],[13.9859,52.452],[13.9856,52.4287],[14.0192,52.4115],[14.0504,52.4183],[14.0568,52.4266],[14.0798,52.4265],[14.0784,52.4144],[14.0904,52.4112],[14.0923,52.3957],[14.1039,52.3758],[14.1154,52.378],[14.1391,52.3746],[14.1741,52.371],[14.185,52.3622],[14.1971,52.3631],[14.2101,52.3883],[14.2011,52.3978],[14.2276,52.4168],[14.231,52.4021],[14.2404,52.3997],[14.2788,52.4127],[14.2849,52.4248],[14.2728,52.4574],[14.2755,52.4626],[14.2498,52.4718],[14.2294,52.4903],[14.2204,52.493]]]},"properties":{"AGS":"12067473","GEN":"Steinhöfel","SN_L":"12"}},
{"type":"Feature","geometry":{"type":"Polygon","coordinates":[[[14.1093,52.3064],[14.0999,52.3121],[14.078,52.3158],[14.0839,52.3227],[14.0634,52.3299],[14.0486,52.3031],[14.0283,52.3058],[14.0157,52.2895],[14.0172,52.2691],[14.0094,52.2514],[14.0283,52.2365],[14.0191,52.2199],[14.0272,52.21],[14.0453,52.2262],[14.0713,52.258],[14.0957,52.2584],[14.1173,52.2802],[14.1002,52.2861],[14.1092,52.2962],[14.1093,52.3064]]]},"properties":{"AGS":"12067024","GEN":"Bad Saarow","SN_L":"12"}},
{"type":"Feature","geometry":{"type":"Polygon","coordinates":[[[14.0957,52.2584],[14.0713,52.258],[14.0453,52.2262],[14.0551,52.2244],[14.095,52.2227],[14.082,52.2333],[14.1027,52.2554],[14.0957,52.2584]]]},"properties":{"AGS":"12067112","GEN":"Diensdorf-Radlow","SN_L":"12"}},
{"type":"Feature","geometry":{"type":"Polygon","coordinates":[[[14.146,52.3489],[14.117,52.3472],[14.0839,52.3227],[14.078,52.3158],[14.0999,52.3121],[14.1093,52.3064],[14.1374,52.3283],[14.1523,52.3314],[14.1651,52.3275],[14.1569,52.3426],[14.146,52.3489]]]},"properties":{"AGS":"12067288","GEN":"Langewahl","SN_L":"12"}},
{"type":"Feature","geometry":{"type":"Polygon","coordinates":[[[13.9981,52.3046],[13.9757,52.3021],[13.9465,52.2896],[13.9455,52.2812],[13.9701,52.267],[13.9795,52.253],[13.9823,52.2357],[13.9941,52.2268],[14.015,52.2288],[14.0191,52.2199],[14.0283,52.2365],[14.0094,52.2514],[14.0172,52.2691],[14.0157,52.2895],[13.997,52.2936],[13.9981,52.3046]]]},"properties":{"AGS":"12067413","GEN":"Reichenwalde","SN_L":"12"}},
{"type":"Feature","geometry":{"type":"Polygon","coordinates":[[[14.0191,52.2199],[14.015,52.2288],[13.9941,52.2268],[13.994,52.212],[13.9394,52.1958],[13.9401,52.1788],[13.9884,52.1762],[13.9956,52.1831],[14.0332,52.1801],[14.047,52.194],[14.027,52.2027],[14.0409,52.2097],[14.0551,52.2244],[14.0453,52.2262],[14.0272,52.21],[14.0191,52.2199]]]},"properties":{"AGS":"12067520","GEN":"Wendisch Rietz","SN_L":"12"}},
{"type":"Feature","geometry":{"type":"Polygon","coordinates":[[[14.4273,52.1742],[14.4102,52.179],[14.3728,52.181],[14.3609,52.1696],[14.3725,52.1522],[14.3831,52.1405],[14.4043,52.1328],[14.4148,52.1188],[14.4374,52.1083],[14.4531,52.1087],[14.4636,52.0898],[14.4473,52.0684],[14.4661,52.0483],[14.4827,52.0577],[14.4887,52.0704],[14.4805,52.0759],[14.4839,52.0889],[14.4782,52.1153],[14.4661,52.1199],[14.4643,52.1338],[14.4485,52.1436],[14.4432,52.1616],[14.4273,52.1742]]]},"properties":{"AGS":"12067205","GEN":"Grunow-Dammendorf","SN_L":"12"}},
{"type":"Feature","geometry":{"type":"Polygon","coordinates":[[[14.4273,52.1742],[14.4342,52.1996],[14.4212,52.2181],[14.3963,52.2111],[14.3776,52.1937],[14.3728,52.181],[14.4102,52.179],[14.4273,52.1742]]]},"properties":{"AGS":"12067324","GEN":"Mixdorf","SN_L":"12"}},
{"type":"Feature","geometry":{"type":"Polygon","coordinates":[[[14.328,52.3142],[14.3152,52.3165],[14.3222,52.2806],[14.3329,52.2686],[14.3348,52.2552],[14.3235,52.2546],[14.3255,52.2437],[14.3695,52.2326],[14.3663,52.2225],[14.3863,52.2202],[14.3907,52.2142],[14.3776,52.1937],[14.3963,52.2111],[14.4212,52.2181],[14.4286,52.2314],[14.4609,52.2255],[14.4841,52.2256],[14.5294,52.2205],[14.5262,52.2277],[14.4609,52.2444],[14.4773,52.2614],[14.4783,52.271],[14.467,52.2761],[14.4319,52.2707],[14.3948,52.2688],[14.4039,52.294],[14.3959,52.2989],[14.3716,52.2815],[14.3577,52.2889],[14.3394,52.3095],[14.328,52.3142]]]},"properties":{"AGS":"12067336","GEN":"Müllrose","SN_L":"12"}},
{"type":"Feature","geometry":{"type":"Polygon","coordinates":[[[14.3235,52.2546],[14.2853,52.2523],[14.2711,52.2461],[14.2748,52.2289],[14.2779,52.199],[14.2905,52.1864],[14.3465,52.1892],[14.3776,52.1937],[14.3907,52.2142],[14.3863,52.2202],[14.3663,52.2225],[14.3695,52.2326],[14.3255,52.2437],[14.3235,52.2546]]]},"properties":{"AGS":"12067397","GEN":"Ragow-Merz","SN_L":"12"}},
{"type":"Feature","geometry":{"type":"Polygon","coordinates":[[[14.5661,52.1193],[14.5654,52.141],[14.5918,52.1482],[14.5988,52.1539],[14.5943,52.1729],[14.5659,52.1648],[14.5377,52.1683],[14.5089,52.1582],[14.4803,52.1682],[14.4432,52.1616],[14.4485,52.1436],[14.4643,52.1338],[14.4661,52.1199],[14.4782,52.1153],[14.4839,52.0889],[14.5225,52.1012],[14.5467,52.1267],[14.5661,52.1193]]]},"properties":{"AGS":"12067438","GEN":"Schlaubetal","SN_L":"12"}},
{"type":"Feature","geometry":{"type":"Polygon","coordinates":[[[14.5294,52.2205],[14.4841,52.2256],[14.4609,52.2255],[14.4286,52.2314],[14.4212,52.2181],[14.4342,52.1996],[14.4273,52.1742],[14.4432,52.1616],[14.4803,52.1682],[14.5089,52.1582],[14.5377,52.1683],[14.5659,52.1648],[14.5943,52.1729],[14.588,52.1871],[14.6141,52.1992],[14.603,52.209],[14.5802,52.2178],[14.5657,52.2166],[14.5553,52.2241],[14.5294,52.2205]]]},"properties":{"AGS":"12067458","GEN":"Siehdichum","SN_L":"12"}},
{"type":"Feature","geometry":{"type":"Polygon","coordinates":[[[13.7857,52.3832],[13.7663,52.391],[13.748,52.3906],[13.7387,52.4073],[13.7164,52.3995],[13.6898,52.3833],[13.6997,52.3779],[13.7041,52.3874],[13.729,52.3859],[13.741,52.3712],[13.7276,52.3656],[13.7559,52.3518],[13.7613,52.3665],[13.7752,52.3745],[13.7918,52.3759],[13.7857,52.3832]]]},"properties":{"AGS":"12067173","GEN":"Gosen-Neu Zittau","SN_L":"12"}},
{"type":"Feature","geometry":{"type":"Polygon","coordinates":[[[14.0634,52.3299],[14.052,52.3444],[14.0359,52.3552],[14.0185,52.3537],[14.0028,52.3408],[13.9981,52.3046],[13.997,52.2936],[14.0157,52.2895],[14.0283,52.3058],[14.0486,52.3031],[14.0634,52.3299]]]},"properties":{"AGS":"12067408","GEN":"Rauen","SN_L":"12"}},
{"type":"Feature","geometry":{"type":"Polygon","coordinates":[[[13.9478,52.3877],[13.9239,52.3895],[13.9152,52.3992],[13.898,52.3938],[13.8905,52.3819],[13.8557,52.3687],[13.8314,52.3567],[13.8111,52.3609],[13.7918,52.3759],[13.7752,52.3745],[13.7613,52.3665],[13.7559,52.3518],[13.7341,52.323],[13.7437,52.3185],[13.7524,52.315],[13.7784,52.3231],[13.8188,52.313],[13.8398,52.3141],[13.8395,52.3044],[13.8217,52.2881],[13.854,52.29],[13.8822,52.2931],[13.897,52.3103],[13.9177,52.3025],[13.9313,52.2876],[13.9455,52.2812],[13.9465,52.2896],[13.9757,52.3021],[13.9981,52.3046],[14.0028,52.3408],[13.989,52.3504],[13.9914,52.3685],[13.9585,52.3804],[13.9478,52.3877]]]},"properties":{"AGS":"12067469","GEN":"Spreenhagen","SN_L":"12"}},
{"type":"Feature","geometry":{"type":"MultiPolygon","coordinates":[[[[12.938,52.8041],[12.98,52.8178],[12.9861,52.8286],[12.9525,52.834],[12.9322,52.826],[12.9485,52.8126],[12.938,52.8041]]],[[[12.9328,52.7922],[12.9372,52.8073],[12.9148,52.8128],[12.9175,52.823],[12.8819,52.8519],[12.8598,52.8533],[12.8428,52.8674],[12.82,52.8577],[12.7955,52.8551],[12.7479,52.8556],[12.748,52.8595],[12.7146,52.8652],[12.6992,52.859],[12.6639,52.8565],[12.6499,52.8172],[12.6534,52.8062],[12.6511,52.8],[12.6698,52.7822],[12.6726,52.7696],[12.7049,52.7596],[12.717,52.7513],[12.7223,52.7434],[12.7078,52.7288],[12.7272,52.7198],[12.7405,52.7034],[12.766,52.6946],[12.8322,52.6831],[12.8288,52.6948],[12.825,52.7076],[12.8467,52.7055],[12.8788,52.7183],[12.872,52.727],[12.9098,52.7443],[12.9213,52.7447],[12.9228,52.7701],[12.9103,52.7722],[12.9192,52.7946],[12.9328,52.7922]]]]},"properties":{"AGS":"12068117","GEN":"Fehrbellin","SN_L":"12"}},
{"type":"Feature","geometry":{"type":"Polygon","coordinates":[[[12.5005,53.0572],[12.5168,53.0824],[12.4972,53.0872],[12.4703,53.0732],[12.4517,53.0732],[12.4235,53.0823],[12.4526,53.0988],[12.4516,53.1056],[12.4802,53.1205],[12.4828,53.1272],[12.4571,53.1296],[12.4294,53.1474],[12.4357,53.1597],[12.4635,53.1789],[12.4362,53.1957],[12.447,53.2088],[12.4451,53.2208],[12.4195,53.2247],[12.395,53.2241],[12.3616,53.2288],[12.3363,53.2289],[12.3117,53.2088],[12.2993,53.205],[12.3086,53.1932],[12.3285,53.1896],[12.3229,53.1765],[12.3303,53.1597],[12.3075,53.1504],[12.2913,53.1377],[12.3002,53.1269],[12.2933,53.1211],[12.3303,53.1019],[12.3283,53.0842],[12.3077,53.0857],[12.2981,53.0787],[12.289,53.0617],[12.3014,53.0508],[12.3406,53.0246],[12.3606,53.0228],[12.3816,53.0255],[12.3828,53.0383],[12.4024,53.047],[12.4189,53.0421],[12.4182,53.0328],[12.4361,53.0472],[12.4601,53.0421],[12.4954,53.0513],[12.5005,53.0572]]]},"properties":{"AGS":"12068181","GEN":"Heiligengrabe","SN_L":"12"}},
{"type":"Feature","geometry":{"type":"Polygon","coordinates":[[[12.5575,53.0328],[12.5371,53.0358],[12.5005,53.0572],[12.4954,53.0513],[12.4601,53.0421],[12.4361,53.0472],[12.4182,53.0328],[12.407,53.0302],[12.4161,53.0167],[12.4169,53.0047],[12.3782,52.9989],[12.3563,52.9917],[12.3246,52.9912],[12.3195,52.9691],[12.3062,52.9535],[12.2795,52.9559],[12.2665,52.9483],[12.2843,52.9188],[12.2462,52.913],[12.2076,52.9147],[12.19,52.9022],[12.2007,52.8935],[12.2378,52.8929],[12.2499,52.8956],[12.2898,52.9165],[12.3195,52.9258],[12.3344,52.9229],[12.3349,52.9001],[12.3837,52.8995],[12.3882,52.9078],[12.4156,52.9055],[12.4265,52.9],[12.4555,52.9222],[12.445,52.9525],[12.472,52.9561],[12.46,52.9659],[12.467,52.9967],[12.4598,53.0085],[12.4836,53.0152],[12.5036,52.9972],[12.5194,52.9976],[12.5307,53.0063],[12.5545,53.0219],[12.5575,53.0328]]]},"properties":{"AGS":"12068264","GEN":"Kyritz","SN_L":"12"}},
{"type":"Feature","geometry":{"type":"Polygon","coordinates":[[[12.9659,53.0033],[12.9449,53.0132],[12.9395,53.021],[12.9164,53.0369],[12.9062,53.0343],[12.9011,53.0227],[12.8784,53.0328],[12.8427,53.0277],[12.8293,53.0414],[12.8102,53.043],[12.8148,53.0616],[12.7942,53.0555],[12.7844,53.0668],[12.7958,53.077],[12.7775,53.0855],[12.7719,53.0941],[12.7516,53.0992],[12.7378,53.0807],[12.6807,53.0698],[12.6589,53.0396],[12.684,53.0366],[12.7085,53.0404],[12.7202,53.0145],[12.7506,53.0216],[12.7722,53.0169],[12.7841,52.9885],[12.7831,52.9797],[12.7915,52.9581],[12.7685,52.9547],[12.7656,52.9427],[12.7471,52.9246],[12.7349,52.9135],[12.7451,52.903],[12.7662,52.8904],[12.7477,52.8873],[12.719,52.8764],[12.7146,52.8652],[12.748,52.8595],[12.7479,52.8556],[12.7955,52.8551],[12.82,52.8577],[12.8428,52.8674],[12.8598,52.8533],[12.8819,52.8519],[12.9175,52.823],[12.9148,52.8128],[12.9372,52.8073],[12.9328,52.7922],[12.938,52.8041],[12.9485,52.8126],[12.9322,52.826],[12.9525,52.834],[12.9662,52.8426],[12.9565,52.8683],[12.9612,52.8799],[12.933,52.9094],[12.9554,52.9196],[12.9379,52.9257],[12.9307,52.9347],[12.9302,52.9555],[12.9138,52.9611],[12.9104,52.9756],[12.9319,52.9838],[12.94,52.992],[12.9659,53.0033]]]},"properties":{"AGS":"12068320","GEN":"Neuruppin","SN_L":"12"}},
{"type":"Feature","geometry":{"type":"Polygon","coordinates":[[[12.7395,53.1996],[12.7185,53.1965],[12.6839,53.2099],[12.6629,53.1954],[12.6805,53.1862],[12.6743,53.1683],[12.6794,53.1601],[12.6526,53.1596],[12.6495,53.1413],[12.6411,53.1382],[12.6513,53.1164],[12.7187,53.1225],[12.6807,53.0698],[12.7378,53.0807],[12.7516,53.0992],[12.7719,53.0941],[12.7775,53.0855],[12.7958,53.077],[12.7844,53.0668],[12.7942,53.0555],[12.8148,53.0616],[12.8102,53.043],[12.8293,53.0414],[12.8427,53.0277],[12.8784,53.0328],[12.9011,53.0227],[12.9062,53.0343],[12.9164,53.0369],[12.9395,53.021],[12.9449,53.0132],[12.9659,53.0033],[12.9855,53.0147],[12.9955,53.0305],[12.9963,53.0473],[13.0121,53.0735],[12.9725,53.0728],[12.964,53.0866],[12.9429,53.0904],[12.9511,53.1206],[12.9634,53.133],[12.9917,53.1294],[13.0085,53.1441],[12.9847,53.165],[12.9665,53.169],[12.9615,53.1777],[12.9794,53.1906],[12.9769,53.1974],[12.9471,53.1986],[12.9029,53.1933],[12.8779,53.18],[12.854,53.1947],[12.8379,53.1973],[12.8156,53.1946],[12.7947,53.1899],[12.7644,53.1889],[12.7395,53.1996]]]},"properties":{"AGS":"12068353","GEN":"Rheinsberg","SN_L":"12"}},
{"type":"Feature","geometry":{"type":"Polygon","coordinates":[[[12.3966,53.2985],[12.3649,53.3063],[12.3318,53.318],[12.3251,53.3213],[12.3194,53.3084],[12.3025,53.3049],[12.3162,53.2884],[12.3119,53.2709],[12.3257,53.2636],[12.3351,53.251],[12.352,53.2414],[12.3363,53.2289],[12.3616,53.2288],[12.395,53.2241],[12.4195,53.2247],[12.4451,53.2208],[12.447,53.2088],[12.4362,53.1957],[12.4635,53.1789],[12.4357,53.1597],[12.4294,53.1474],[12.4571,53.1296],[12.4828,53.1272],[12.4802,53.1205],[12.4516,53.1056],[12.4526,53.0988],[12.4235,53.0823],[12.4517,53.0732],[12.4703,53.0732],[12.4972,53.0872],[12.5168,53.0824],[12.5005,53.0572],[12.5371,53.0358],[12.5575,53.0328],[12.5956,53.0353],[12.6084,53.0264],[12.6148,53.0471],[12.6415,53.0457],[12.6589,53.0396],[12.6807,53.0698],[12.7187,53.1225],[12.6513,53.1164],[12.6411,53.1382],[12.6495,53.1413],[12.6526,53.1596],[12.6794,53.1601],[12.6743,53.1683],[12.6805,53.1862],[12.6629,53.1954],[12.6839,53.2099],[12.7185,53.1965],[12.7395,53.1996],[12.7495,53.2063],[12.7581,53.2216],[12.7227,53.2217],[12.6916,53.2262],[12.664,53.235],[12.6738,53.249],[12.6549,53.2553],[12.6284,53.2546],[12.606,53.2444],[12.5499,53.262],[12.5298,53.2648],[12.5024,53.2622],[12.4976,53.2552],[12.4671,53.2562],[12.4453,53.2499],[12.4316,53.2626],[12.428,53.275],[12.3985,53.2801],[12.3918,53.2851],[12.3966,53.2985]]]},"properties":{"AGS":"12068468","GEN":"Wittstock/Dosse","SN_L":"12"}},
{"type":"Feature","geometry":{"type":"Polygon","coordinates":[[[12.5307,53.0063],[12.5194,52.9976],[12.5036,52.9972],[12.4836,53.0152],[12.4598,53.0085],[12.467,52.9967],[12.46,52.9659],[12.472,52.9561],[12.445,52.9525],[12.4555,52.9222],[12.4265,52.9],[12.4361,52.8832],[12.4455,52.8783],[12.4482,52.866],[12.4691,52.879],[12.4846,52.8492],[12.5069,52.842],[12.4958,52.8236],[12.5371,52.815],[12.5281,52.8057],[12.5336,52.793],[12.5483,52.8105],[12.5825,52.8083],[12.6019,52.801],[12.6145,52.7912],[12.6455,52.8017],[12.6511,52.8],[12.6534,52.8062],[12.6187,52.8186],[12.605,52.8303],[12.6074,52.8418],[12.5634,52.8476],[12.5723,52.8617],[12.5972,52.8577],[12.5916,52.8869],[12.6023,52.8898],[12.6212,52.9074],[12.6376,52.9122],[12.6084,52.9398],[12.6001,52.9417],[12.5733,52.9759],[12.5567,52.972],[12.5526,52.9993],[12.5307,53.0063]]]},"properties":{"AGS":"12068477","GEN":"Wusterhausen/Dosse","SN_L":"12"}},
{"type":"Feature","geometry":{"type":"Polygon","coordinates":[[[12.9554,52.9196],[12.933,52.9094],[12.9612,52.8799],[12.9565,52.8683],[12.9662,52.8426],[12.9748,52.8423],[12.965,52.8645],[12.9732,52.8842],[12.9977,52.8936],[13.0178,52.9059],[13.0257,52.9094],[13.0015,52.9195],[12.972,52.9223],[12.9554,52.9196]]]},"properties":{"AGS":"12068188","GEN":"Herzberg (Mark)","SN_L":"12"}},
{"type":"Feature","geometry":{"type":"Polygon","coordinates":[[[13.0228,53.0631],[13.0121,53.0735],[12.9963,53.0473],[12.9955,53.0305],[12.9855,53.0147],[12.9659,53.0033],[12.94,52.992],[12.9319,52.9838],[12.9104,52.9756],[12.9138,52.9611],[12.9302,52.9555],[12.9307,52.9347],[12.9379,52.9257],[12.9554,52.9196],[12.972,52.9223],[13.0015,52.9195],[12.9855,52.952],[12.989,52.9595],[13.0104,52.9686],[13.0301,52.9655],[13.0509,52.9703],[13.0508,52.9905],[13.0269,52.9896],[13.0072,52.9989],[13.0103,53.0089],[13.0327,53.0241],[13.0233,53.0317],[13.0228,53.0631]]]},"properties":{"AGS":"12068280","GEN":"Lindow (Mark)","SN_L":"12"}},
{"type":"Feature","geometry":{"type":"Polygon","coordinates":[[[13.0392,52.8547],[13.0389,52.8778],[13.0243,52.8788],[13.0178,52.9059],[12.9977,52.8936],[12.9732,52.8842],[12.965,52.8645],[12.9748,52.8423],[12.9872,52.8438],[12.9752,52.8621],[13.0157,52.8655],[13.025,52.8569],[13.0392,52.8547]]]},"properties":{"AGS":"12068372","GEN":"Rüthnick","SN_L":"12"}},
{"type":"Feature","geometry":{"type":"Polygon","coordinates":[[[13.0509,52.9703],[13.0301,52.9655],[13.0104,52.9686],[12.989,52.9595],[12.9855,52.952],[13.0015,52.9195],[13.0257,52.9094],[13.0467,52.9173],[13.0517,52.9356],[13.0492,52.945],[13.0568,52.956],[13.0509,52.9703]]]},"properties":{"AGS":"12068437","GEN":"Vielitzsee","SN_L":"12"}},
{"type":"Feature","geometry":{"type":"Polygon","coordinates":[[[12.2499,52.8956],[12.2378,52.8929],[12.2007,52.8935],[12.19,52.9022],[12.1268,52.8902],[12.1202,52.8755],[12.1331,52.8658],[12.1237,52.8538],[12.1722,52.8647],[12.1969,52.878],[12.2023,52.8685],[12.2322,52.8608],[12.2323,52.8495],[12.2437,52.8207],[12.2575,52.8049],[12.2492,52.7919],[12.264,52.8002],[12.2612,52.81],[12.2755,52.8185],[12.2828,52.8292],[12.268,52.8413],[12.2636,52.8485],[12.2774,52.8572],[12.2585,52.8651],[12.2656,52.8716],[12.2566,52.8767],[12.2499,52.8956]]]},"properties":{"AGS":"12068052","GEN":"Breddin","SN_L":"12"}},
{"type":"Feature","geometry":{"type":"Polygon","coordinates":[[[12.5336,52.793],[12.5281,52.8057],[12.5371,52.815],[12.4958,52.8236],[12.4766,52.8188],[12.45,52.8168],[12.4282,52.8193],[12.412,52.8104],[12.3998,52.7998],[12.4051,52.786],[12.3787,52.7701],[12.3952,52.7721],[12.4007,52.7562],[12.4119,52.7519],[12.4359,52.7568],[12.4468,52.7553],[12.4878,52.7609],[12.5246,52.7529],[12.5461,52.7525],[12.5524,52.7716],[12.5336,52.793]]]},"properties":{"AGS":"12068109","GEN":"Dreetz","SN_L":"12"}},
{"type":"Feature","geometry":{"type":"Polygon","coordinates":[[[12.4265,52.9],[12.4156,52.9055],[12.3882,52.9078],[12.3837,52.8995],[12.3879,52.8804],[12.3775,52.867],[12.3822,52.8532],[12.3658,52.842],[12.3396,52.8398],[12.3201,52.8484],[12.3065,52.8391],[12.2768,52.8383],[12.268,52.8413],[12.2828,52.8292],[12.2755,52.8185],[12.2612,52.81],[12.264,52.8002],[12.2823,52.7963],[12.2955,52.8005],[12.3258,52.7975],[12.3456,52.8113],[12.3465,52.8256],[12.3778,52.8434],[12.4016,52.8362],[12.411,52.8277],[12.4253,52.8251],[12.412,52.8104],[12.4282,52.8193],[12.45,52.8168],[12.4766,52.8188],[12.4958,52.8236],[12.5069,52.842],[12.4846,52.8492],[12.4691,52.879],[12.4482,52.866],[12.4455,52.8783],[12.4361,52.8832],[12.4265,52.9]]]},"properties":{"AGS":"12068324","GEN":"Neustadt (Dosse)","SN_L":"12"}},
{"type":"Feature","geometry":{"type":"Polygon","coordinates":[[[12.412,52.8104],[12.4253,52.8251],[12.411,52.8277],[12.4016,52.8362],[12.3778,52.8434],[12.3465,52.8256],[12.3456,52.8113],[12.3258,52.7975],[12.36,52.7978],[12.3784,52.8025],[12.3998,52.7998],[12.412,52.8104]]]},"properties":{"AGS":"12068409","GEN":"Sieversdorf-Hohenofen","SN_L":"12"}},
{"type":"Feature","geometry":{"type":"Polygon","coordinates":[[[12.3349,52.9001],[12.3344,52.9229],[12.3195,52.9258],[12.2898,52.9165],[12.2499,52.8956],[12.2566,52.8767],[12.2656,52.8716],[12.2887,52.8618],[12.3088,52.8821],[12.3284,52.8795],[12.3349,52.9001]]]},"properties":{"AGS":"12068417","GEN":"Stüdenitz-Schönermark","SN_L":"12"}},
{"type":"Feature","geometry":{"type":"Polygon","coordinates":[[[12.3837,52.8995],[12.3349,52.9001],[12.3284,52.8795],[12.3088,52.8821],[12.2887,52.8618],[12.2656,52.8716],[12.2585,52.8651],[12.2774,52.8572],[12.2636,52.8485],[12.268,52.8413],[12.2768,52.8383],[12.3065,52.8391],[12.3201,52.8484],[12.3396,52.8398],[12.3658,52.842],[12.3822,52.8532],[12.3775,52.867],[12.3879,52.8804],[12.3837,52.8995]]]},"properties":{"AGS":"12068501","GEN":"Zernitz-Lohm","SN_L":"12"}},
{"type":"Feature","geometry":{"type":"Polygon","coordinates":[[[12.719,52.8764],[12.7477,52.8873],[12.7662,52.8904],[12.7451,52.903],[12.7349,52.9135],[12.7471,52.9246],[12.7325,52.9153],[12.7042,52.91],[12.698,52.8878],[12.719,52.8764]]]},"properties":{"AGS":"12068072","GEN":"Dabergotz","SN_L":"12"}},
{"type":"Feature","geometry":{"type":"Polygon","coordinates":[[[12.7685,52.9547],[12.7586,52.9618],[12.7316,52.964],[12.688,52.9731],[12.6903,52.9792],[12.6802,52.9709],[12.665,52.978],[12.6466,52.9688],[12.6546,52.9527],[12.6766,52.9643],[12.6894,52.9514],[12.6929,52.9372],[12.6748,52.9314],[12.6694,52.9157],[12.6461,52.9185],[12.6376,52.9122],[12.6212,52.9074],[12.6716,52.8904],[12.698,52.8878],[12.7042,52.91],[12.7325,52.9153],[12.7471,52.9246],[12.7656,52.9427],[12.7685,52.9547]]]},"properties":{"AGS":"12068306","GEN":"Märkisch Linden","SN_L":"12"}},
{"type":"Feature","geometry":{"type":"Polygon","coordinates":[[[12.7685,52.9547],[12.7915,52.9581],[12.7831,52.9797],[12.7841,52.9885],[12.7722,53.0169],[12.7506,53.0216],[12.7202,53.0145],[12.7085,53.0404],[12.684,53.0366],[12.6743,53.0269],[12.6953,52.994],[12.6903,52.9792],[12.688,52.9731],[12.7316,52.964],[12.7586,52.9618],[12.7685,52.9547]]]},"properties":{"AGS":"12068413","GEN":"Storbeck-Frankendorf","SN_L":"12"}},
{"type":"Feature","geometry":{"type":"Polygon","coordinates":[[[12.6589,53.0396],[12.6415,53.0457],[12.6148,53.0471],[12.6084,53.0264],[12.5956,53.0353],[12.5575,53.0328],[12.5545,53.0219],[12.5307,53.0063],[12.5526,52.9993],[12.5567,52.972],[12.5733,52.9759],[12.6081,52.9787],[12.6466,52.9688],[12.665,52.978],[12.6802,52.9709],[12.6903,52.9792],[12.6953,52.994],[12.6743,53.0269],[12.684,53.0366],[12.6589,53.0396]]]},"properties":{"AGS":"12068425","GEN":"Temnitzquell","SN_L":"12"}},
{"type":"Feature","geometry":{"type":"Polygon","coordinates":[[[12.6534,52.8062],[12.6499,52.8172],[12.6639,52.8565],[12.6992,52.859],[12.7146,52.8652],[12.719,52.8764],[12.698,52.8878],[12.6716,52.8904],[12.6212,52.9074],[12.6023,52.8898],[12.5916,52.8869],[12.5972,52.8577],[12.5723,52.8617],[12.5634,52.8476],[12.6074,52.8418],[12.605,52.8303],[12.6187,52.8186],[12.6534,52.8062]]]},"properties":{"AGS":"12068426","GEN":"Temnitztal","SN_L":"12"}},
{"type":"Feature","geometry":{"type":"Polygon","coordinates":[[[12.6466,52.9688],[12.6081,52.9787],[12.5733,52.9759],[12.6001,52.9417],[12.6084,52.9398],[12.6376,52.9122],[12.6461,52.9185],[12.6694,52.9157],[12.6748,52.9314],[12.6929,52.9372],[12.6894,52.9514],[12.6766,52.9643],[12.6546,52.9527],[12.6466,52.9688]]]},"properties":{"AGS":"12068452","GEN":"Walsleben","SN_L":"12"}},
{"type":"Feature","geometry":{"type":"Polygon","coordinates":[[[12.9531,52.2889],[12.9198,52.2769],[12.91,52.2796],[12.8973,52.2965],[12.8523,52.3033],[12.8225,52.3011],[12.7882,52.2895],[12.7812,52.2697],[12.8089,52.2654],[12.8459,52.2618],[12.8441,52.2484],[12.8711,52.2368],[12.8805,52.2086],[12.8789,52.1983],[12.9024,52.1874],[12.9032,52.1606],[12.9154,52.1507],[12.9177,52.1411],[12.9457,52.144],[12.9558,52.1698],[12.9742,52.1646],[13.0038,52.1657],[13.0266,52.1694],[13.0825,52.1966],[13.1015,52.2254],[13.073,52.227],[13.0711,52.2426],[13.0442,52.242],[13.0442,52.255],[12.9923,52.2593],[12.9784,52.2658],[12.9588,52.2677],[12.9531,52.2889]]]},"properties":{"AGS":"12069017","GEN":"Beelitz","SN_L":"12"}},
{"type":"Feature","geometry":{"type":"Polygon","coordinates":[[[12.6493,52.2376],[12.6242,52.2399],[12.6037,52.2471],[12.5961,52.2548],[12.572,52.265],[12.5617,52.2581],[12.5397,52.2618],[12.5222,52.2701],[12.5161,52.2591],[12.4653,52.2641],[12.4541,52.2448],[12.4708,52.2348],[12.4517,52.2067],[12.4347,52.1963],[12.4433,52.1788],[12.474,52.1736],[12.4896,52.1626],[12.5122,52.1636],[12.5083,52.1444],[12.4971,52.1389],[12.4958,52.1276],[12.4867,52.1229],[12.4876,52.0949],[12.5043,52.0874],[12.5326,52.0874],[12.539,52.0942],[12.5601,52.0866],[12.5575,52.0713],[12.5756,52.0702],[12.5809,52.0823],[12.5815,52.1085],[12.61,52.1077],[12.6257,52.1104],[12.6487,52.1208],[12.698,52.1476],[12.7152,52.1449],[12.7225,52.1513],[12.7112,52.1591],[12.711,52.1753],[12.6831,52.1708],[12.6911,52.162],[12.6543,52.1544],[12.636,52.16],[12.6563,52.1669],[12.6567,52.1757],[12.6789,52.1939],[12.6695,52.2196],[12.6493,52.2376]]]},"properties":{"AGS":"12069020","GEN":"Bad Belzig","SN_L":"12"}},
{"type":"Feature","geometry":{"type":"Polygon","coordinates":[[[12.8635,52.4592],[12.8181,52.4734],[12.8136,52.467],[12.7933,52.4628],[12.7631,52.4655],[12.7452,52.4585],[12.7317,52.4511],[12.7048,52.4457],[12.671,52.4385],[12.6753,52.4271],[12.6873,52.4184],[12.6835,52.4111],[12.6668,52.4093],[12.6557,52.3913],[12.6654,52.3798],[12.6883,52.3859],[12.719,52.3856],[12.7403,52.3886],[12.7715,52.3662],[12.7961,52.3652],[12.8045,52.3788],[12.812,52.3992],[12.8092,52.4128],[12.8492,52.4056],[12.8554,52.4181],[12.8483,52.4377],[12.8505,52.4482],[12.8635,52.4592]]]},"properties":{"AGS":"12069249","GEN":"Groß Kreutz (Havel)","SN_L":"12"}},
{"type":"Feature","geometry":{"type":"Polygon","coordinates":[[[13.2498,52.405],[13.2458,52.4208],[13.2223,52.4204],[13.1956,52.4151],[13.1593,52.4029],[13.1714,52.3978],[13.1878,52.399],[13.2219,52.3933],[13.2366,52.3948],[13.2498,52.405]]]},"properties":{"AGS":"12069304","GEN":"Kleinmachnow","SN_L":"12"}},
{"type":"Feature","geometry":{"type":"Polygon","coordinates":[[[12.6557,52.3913],[12.6513,52.396],[12.6117,52.3929],[12.5936,52.3479],[12.561,52.3467],[12.5363,52.3535],[12.511,52.3375],[12.4996,52.3223],[12.5089,52.3204],[12.509,52.3033],[12.5234,52.3022],[12.5371,52.2835],[12.55,52.2921],[12.5767,52.3022],[12.5823,52.3124],[12.6031,52.3101],[12.6088,52.3219],[12.6261,52.3125],[12.6493,52.308],[12.6733,52.3017],[12.6785,52.2894],[12.7,52.2902],[12.7114,52.2683],[12.7001,52.2526],[12.7143,52.2386],[12.7519,52.2455],[12.7812,52.2697],[12.7882,52.2895],[12.8225,52.3011],[12.8207,52.3102],[12.8278,52.3237],[12.8227,52.3357],[12.8204,52.3634],[12.8243,52.3758],[12.8045,52.3788],[12.7961,52.3652],[12.7715,52.3662],[12.7403,52.3886],[12.719,52.3856],[12.6883,52.3859],[12.6654,52.3798],[12.6557,52.3913]]]},"properties":{"AGS":"12069306","GEN":"Kloster Lehnin","SN_L":"12"}},
{"type":"Feature","geometry":{"type":"Polygon","coordinates":[[[13.1103,52.2479],[13.1145,52.2688],[13.0995,52.2836],[13.1122,52.2867],[13.0901,52.3064],[13.0939,52.3222],[13.0854,52.3389],[13.0609,52.3489],[13.0419,52.3429],[13.0224,52.3469],[12.9776,52.3058],[13.0171,52.2902],[13.0221,52.2763],[13.0502,52.2773],[13.0662,52.2679],[13.0442,52.255],[13.0442,52.242],[13.0711,52.2426],[13.073,52.227],[13.1015,52.2254],[13.1116,52.2304],[13.1103,52.2479]]]},"properties":{"AGS":"12069397","GEN":"Michendorf","SN_L":"12"}},
{"type":"Feature","geometry":{"type":"Polygon","coordinates":[[[13.1369,52.3549],[13.1064,52.3552],[13.1027,52.3594],[13.0721,52.3541],[13.0609,52.3489],[13.0854,52.3389],[13.0939,52.3222],[13.0901,52.3064],[13.1122,52.2867],[13.0995,52.2836],[13.1145,52.2688],[13.1103,52.2479],[13.1388,52.263],[13.1631,52.277],[13.149,52.2951],[13.1764,52.302],[13.1616,52.311],[13.1717,52.3192],[13.1639,52.3417],[13.1693,52.3463],[13.1369,52.3549]]]},"properties":{"AGS":"12069454","GEN":"Nuthetal","SN_L":"12"}},
{"type":"Feature","geometry":{"type":"Polygon","coordinates":[[[13.0224,52.3469],[12.9927,52.3666],[12.9713,52.3737],[12.984,52.3879],[12.9614,52.3856],[12.9511,52.3923],[12.9353,52.3912],[12.95,52.3829],[12.9501,52.3643],[12.963,52.3585],[12.9536,52.3311],[12.9425,52.3234],[12.9301,52.3299],[12.9148,52.3263],[12.9103,52.3415],[12.8815,52.3387],[12.8818,52.3317],[12.8571,52.3332],[12.8523,52.3033],[12.8973,52.2965],[12.91,52.2796],[12.9198,52.2769],[12.9531,52.2889],[12.9776,52.3058],[13.0224,52.3469]]]},"properties":{"AGS":"12069590","GEN":"Schwielowsee","SN_L":"12"}},
{"type":"Feature","geometry":{"type":"Polygon","coordinates":[[[12.9776,52.3058],[12.9531,52.2889],[12.9588,52.2677],[12.9784,52.2658],[12.9923,52.2593],[13.0442,52.255],[13.0662,52.2679],[13.0502,52.2773],[13.0221,52.2763],[13.0171,52.2902],[12.9776,52.3058]]]},"properties":{"AGS":"12069596","GEN":"Seddiner See","SN_L":"12"}},
{"type":"Feature","geometry":{"type":"Polygon","coordinates":[[[13.2366,52.3948],[13.2219,52.3933],[13.1878,52.399],[13.1714,52.3978],[13.1659,52.3943],[13.1472,52.3801],[13.1471,52.3615],[13.1369,52.3549],[13.1693,52.3463],[13.1639,52.3417],[13.1717,52.3192],[13.2016,52.329],[13.2226,52.3238],[13.2514,52.3315],[13.2514,52.3502],[13.2461,52.3695],[13.2523,52.3745],[13.244,52.3917],[13.2366,52.3948]]]},"properties":{"AGS":"12069604","GEN":"Stahnsdorf","SN_L":"12"}},
{"type":"Feature","geometry":{"type":"Polygon","coordinates":[[[13.3119,52.3992],[13.2969,52.4139],[13.2781,52.4065],[13.2498,52.405],[13.2366,52.3948],[13.244,52.3917],[13.2523,52.3745],[13.2461,52.3695],[13.2514,52.3502],[13.275,52.3558],[13.2903,52.3688],[13.2953,52.3806],[13.3062,52.3816],[13.3119,52.3992]]]},"properties":{"AGS":"12069616","GEN":"Teltow","SN_L":"12"}},
{"type":"Feature","geometry":{"type":"Polygon","coordinates":[[[13.0266,52.1694],[13.0038,52.1657],[12.9742,52.1646],[12.9558,52.1698],[12.9457,52.144],[12.9177,52.1411],[12.9154,52.1507],[12.9032,52.1606],[12.9024,52.1874],[12.8973,52.1778],[12.8843,52.1782],[12.879,52.1684],[12.8648,52.1613],[12.8609,52.1445],[12.8814,52.1315],[12.8703,52.1285],[12.8452,52.1132],[12.8298,52.1079],[12.8224,52.0874],[12.8063,52.0898],[12.7949,52.0973],[12.7784,52.0996],[12.7804,52.0863],[12.7666,52.0703],[12.7569,52.071],[12.7545,52.0671],[12.7759,52.054],[12.7318,52.0453],[12.7022,52.0207],[12.7001,52.0027],[12.7314,51.9884],[12.7555,51.9864],[12.7698,51.9793],[12.7847,51.9852],[12.8158,51.9898],[12.8445,51.9975],[12.8537,52.0198],[12.8938,52.0273],[12.9045,52.0356],[12.9413,52.0338],[12.9621,52.0248],[12.9759,52.0244],[12.9574,52.0423],[12.9564,52.0558],[12.9699,52.0652],[12.9717,52.0758],[12.987,52.0927],[12.9952,52.0946],[12.9752,52.1138],[12.9787,52.1232],[12.9624,52.1299],[12.9533,52.1442],[12.9735,52.1455],[12.998,52.1547],[13.0266,52.1694]]]},"properties":{"AGS":"12069632","GEN":"Treuenbrietzen","SN_L":"12"}},
{"type":"Feature","geometry":{"type":"Polygon","coordinates":[[[12.9353,52.3912],[12.9381,52.4083],[12.934,52.4177],[12.9402,52.4328],[12.9494,52.441],[12.9407,52.4536],[12.9239,52.458],[12.8935,52.4608],[12.8773,52.4532],[12.8635,52.4592],[12.8505,52.4482],[12.8483,52.4377],[12.8554,52.4181],[12.8492,52.4056],[12.8092,52.4128],[12.812,52.3992],[12.8045,52.3788],[12.8243,52.3758],[12.8204,52.3634],[12.8227,52.3357],[12.8278,52.3237],[12.8207,52.3102],[12.8225,52.3011],[12.8523,52.3033],[12.8571,52.3332],[12.8818,52.3317],[12.8815,52.3387],[12.9103,52.3415],[12.9148,52.3263],[12.9301,52.3299],[12.9425,52.3234],[12.9536,52.3311],[12.963,52.3585],[12.9501,52.3643],[12.95,52.3829],[12.9353,52.3912]]]},"properties":{"AGS":"12069656","GEN":"Werder (Havel)","SN_L":"12"}},
{"type":"Feature","geometry":{"type":"Polygon","coordinates":[[[12.5575,52.0713],[12.5601,52.0866],[12.539,52.0942],[12.5326,52.0874],[12.5043,52.0874],[12.4876,52.0949],[12.4867,52.1229],[12.4958,52.1276],[12.4971,52.1389],[12.5083,52.1444],[12.5122,52.1636],[12.4896,52.1626],[12.474,52.1736],[12.4433,52.1788],[12.4273,52.1553],[12.4019,52.1508],[12.3922,52.1454],[12.3674,52.1447],[12.3582,52.1371],[12.3429,52.1382],[12.3288,52.1496],[12.2984,52.1559],[12.2865,52.1443],[12.2566,52.1346],[12.2632,52.1328],[12.2767,52.104],[12.3144,52.0932],[12.329,52.0696],[12.3481,52.0593],[12.3598,52.0465],[12.3761,52.0451],[12.3896,52.0436],[12.4093,52.0291],[12.4345,52.0172],[12.45,52.0162],[12.4608,52.0347],[12.4806,52.0333],[12.4837,52.0192],[12.4988,52.0089],[12.5353,52.0011],[12.5513,52.0009],[12.5512,52.0137],[12.5813,52.0156],[12.575,52.0346],[12.5638,52.0343],[12.5426,52.0544],[12.5575,52.0713]]]},"properties":{"AGS":"12069665","GEN":"Wiesenburg/Mark","SN_L":"12"}},
{"type":"Feature","geometry":{"type":"Polygon","coordinates":[[[12.5967,52.4823],[12.5895,52.4912],[12.5623,52.5099],[12.5436,52.4992],[12.5143,52.475],[12.5084,52.4685],[12.5175,52.453],[12.5517,52.4494],[12.5654,52.4515],[12.5658,52.4753],[12.5967,52.4823]]]},"properties":{"AGS":"12069018","GEN":"Beetzsee","SN_L":"12"}},
{"type":"Feature","geometry":{"type":"MultiPolygon","coordinates":[[[[12.62,52.4586],[12.6185,52.4713],[12.6056,52.4849],[12.5985,52.4779],[12.5793,52.4746],[12.5731,52.464],[12.5736,52.4456],[12.62,52.4586]]],[[[12.6465,52.538],[12.61,52.5368],[12.5832,52.5274],[12.5623,52.5099],[12.5895,52.4912],[12.5967,52.4823],[12.6045,52.491],[12.6354,52.4921],[12.6462,52.4844],[12.6536,52.4847],[12.6574,52.4964],[12.6771,52.5026],[12.6618,52.5156],[12.6465,52.538]]]]},"properties":{"AGS":"12069019","GEN":"Beetzseeheide","SN_L":"12"}},
{"type":"Feature","geometry":{"type":"Polygon","coordinates":[[[12.5316,52.5382],[12.5141,52.5343],[12.5004,52.5373],[12.4782,52.5571],[12.4488,52.5512],[12.4284,52.5539],[12.4261,52.5467],[12.4067,52.5387],[12.4265,52.5282],[12.4275,52.5113],[12.4147,52.5088],[12.4241,52.4925],[12.4139,52.4759],[12.4357,52.4757],[12.4393,52.4645],[12.4282,52.4581],[12.4211,52.449],[12.4209,52.4352],[12.4345,52.4257],[12.4481,52.431],[12.445,52.4535],[12.4677,52.4499],[12.4924,52.469],[12.5143,52.475],[12.5436,52.4992],[12.5623,52.5099],[12.5832,52.5274],[12.5471,52.5309],[12.5316,52.5382]]]},"properties":{"AGS":"12069270","GEN":"Havelsee","SN_L":"12"}},
{"type":"Feature","geometry":{"type":"Polygon","coordinates":[[[12.7243,52.5405],[12.6904,52.5501],[12.6724,52.5371],[12.6465,52.538],[12.6618,52.5156],[12.6771,52.5026],[12.6849,52.4929],[12.6998,52.4906],[12.7346,52.4982],[12.7471,52.5074],[12.7272,52.5226],[12.7161,52.5252],[12.7127,52.5364],[12.7243,52.5405]]]},"properties":{"AGS":"12069460","GEN":"Päwesin","SN_L":"12"}},
{"type":"Feature","geometry":{"type":"Polygon","coordinates":[[[12.7452,52.4585],[12.7425,52.4775],[12.7596,52.4811],[12.7547,52.4897],[12.7346,52.4982],[12.6998,52.4906],[12.6849,52.4929],[12.6713,52.4966],[12.6548,52.4846],[12.645,52.4835],[12.6386,52.4872],[12.6245,52.482],[12.6056,52.4849],[12.6185,52.4713],[12.62,52.4586],[12.6391,52.4506],[12.6576,52.4555],[12.6708,52.4479],[12.7048,52.4457],[12.7317,52.4511],[12.7452,52.4585]]]},"properties":{"AGS":"12069541","GEN":"Roskow","SN_L":"12"}},
{"type":"Feature","geometry":{"type":"Polygon","coordinates":[[[12.8805,52.2086],[12.8711,52.2368],[12.8441,52.2484],[12.8396,52.2476],[12.8459,52.2455],[12.854,52.2042],[12.8805,52.2086]]]},"properties":{"AGS":"12069052","GEN":"Borkheide","SN_L":"12"}},
{"type":"Feature","geometry":{"type":"Polygon","coordinates":[[[12.8441,52.2484],[12.8459,52.2618],[12.8089,52.2654],[12.8133,52.2465],[12.8396,52.2476],[12.8441,52.2484]]]},"properties":{"AGS":"12069056","GEN":"Borkwalde","SN_L":"12"}},
{"type":"Feature","geometry":{"type":"Polygon","coordinates":[[[12.854,52.2042],[12.8459,52.2455],[12.8396,52.2476],[12.8133,52.2465],[12.8116,52.2395],[12.7927,52.2371],[12.7612,52.2273],[12.7456,52.21],[12.7223,52.2173],[12.7041,52.2163],[12.6695,52.2196],[12.6789,52.1939],[12.6567,52.1757],[12.6563,52.1669],[12.636,52.16],[12.6543,52.1544],[12.6911,52.162],[12.6831,52.1708],[12.711,52.1753],[12.7112,52.1591],[12.7225,52.1513],[12.7474,52.1533],[12.7693,52.1635],[12.771,52.1689],[12.7964,52.1725],[12.8256,52.1635],[12.8281,52.1767],[12.8221,52.1859],[12.8478,52.1884],[12.854,52.2042]]]},"properties":{"AGS":"12069076","GEN":"Brück","SN_L":"12"}},
{"type":"Feature","geometry":{"type":"Polygon","coordinates":[[[12.6493,52.308],[12.6261,52.3125],[12.6088,52.3219],[12.6031,52.3101],[12.5823,52.3124],[12.5767,52.3022],[12.55,52.2921],[12.5371,52.2835],[12.5234,52.3022],[12.5097,52.2987],[12.5129,52.2802],[12.5222,52.2701],[12.5397,52.2618],[12.5617,52.2581],[12.572,52.265],[12.5961,52.2548],[12.6037,52.2471],[12.6242,52.2399],[12.6493,52.2376],[12.6176,52.2671],[12.6147,52.2828],[12.6208,52.2905],[12.6445,52.3017],[12.6493,52.308]]]},"properties":{"AGS":"12069216","GEN":"Golzow","SN_L":"12"}},
{"type":"Feature","geometry":{"type":"MultiPolygon","coordinates":[[[[12.9024,52.1874],[12.8789,52.1983],[12.8805,52.2086],[12.854,52.2042],[12.8478,52.1884],[12.831,52.1684],[12.8415,52.1618],[12.8648,52.1613],[12.879,52.1684],[12.8843,52.1782],[12.8973,52.1778],[12.9024,52.1874]]],[[[12.8256,52.1635],[12.7964,52.1725],[12.771,52.1689],[12.7693,52.1635],[12.7474,52.1533],[12.749,52.1431],[12.7769,52.1336],[12.81,52.1427],[12.8256,52.1635]]]]},"properties":{"AGS":"12069345","GEN":"Linthe","SN_L":"12"}},
{"type":"Feature","geometry":{"type":"Polygon","coordinates":[[[12.7812,52.2697],[12.7519,52.2455],[12.7143,52.2386],[12.7001,52.2526],[12.7114,52.2683],[12.7,52.2902],[12.6785,52.2894],[12.6733,52.3017],[12.6493,52.308],[12.6445,52.3017],[12.6208,52.2905],[12.6147,52.2828],[12.6176,52.2671],[12.6493,52.2376],[12.6695,52.2196],[12.7041,52.2163],[12.7223,52.2173],[12.7456,52.21],[12.7612,52.2273],[12.7927,52.2371],[12.8116,52.2395],[12.8133,52.2465],[12.8089,52.2654],[12.7812,52.2697]]]},"properties":{"AGS":"12069470","GEN":"Planebruch","SN_L":"12"}},
{"type":"Feature","geometry":{"type":"Polygon","coordinates":[[[12.8478,52.1884],[12.8221,52.1859],[12.8281,52.1767],[12.8256,52.1635],[12.81,52.1427],[12.7769,52.1336],[12.749,52.1431],[12.7371,52.1327],[12.7394,52.1192],[12.7259,52.1096],[12.7283,52.0742],[12.7569,52.071],[12.7666,52.0703],[12.7804,52.0863],[12.7784,52.0996],[12.7949,52.0973],[12.8063,52.0898],[12.8224,52.0874],[12.8298,52.1079],[12.8452,52.1132],[12.8703,52.1285],[12.8814,52.1315],[12.8609,52.1445],[12.8648,52.1613],[12.8415,52.1618],[12.831,52.1684],[12.8478,52.1884]]]},"properties":{"AGS":"12069402","GEN":"Mühlenfließ","SN_L":"12"}},
{"type":"Feature","geometry":{"type":"Polygon","coordinates":[[[12.7259,52.1096],[12.7012,52.1178],[12.6905,52.0981],[12.6675,52.0843],[12.6423,52.0887],[12.629,52.0863],[12.6247,52.0768],[12.6605,52.0614],[12.6735,52.048],[12.6829,52.0456],[12.7022,52.0207],[12.7318,52.0453],[12.7759,52.054],[12.7545,52.0671],[12.7569,52.071],[12.7283,52.0742],[12.7259,52.1096]]]},"properties":{"AGS":"12069448","GEN":"Niemegk","SN_L":"12"}},
{"type":"Feature","geometry":{"type":"Polygon","coordinates":[[[12.749,52.1431],[12.7474,52.1533],[12.7225,52.1513],[12.7152,52.1449],[12.698,52.1476],[12.6487,52.1208],[12.6257,52.1104],[12.61,52.1077],[12.5815,52.1085],[12.5809,52.0823],[12.5926,52.0835],[12.6247,52.0768],[12.629,52.0863],[12.6423,52.0887],[12.6675,52.0843],[12.6905,52.0981],[12.7012,52.1178],[12.7259,52.1096],[12.7394,52.1192],[12.7371,52.1327],[12.749,52.1431]]]},"properties":{"AGS":"12069474","GEN":"Planetal","SN_L":"12"}},
{"type":"Feature","geometry":{"type":"Polygon","coordinates":[[[12.6247,52.0768],[12.5926,52.0835],[12.5809,52.0823],[12.5756,52.0702],[12.5575,52.0713],[12.5426,52.0544],[12.5638,52.0343],[12.575,52.0346],[12.5813,52.0156],[12.5512,52.0137],[12.5513,52.0009],[12.5353,52.0011],[12.5394,51.9849],[12.603,51.9811],[12.6144,51.9917],[12.6447,51.9944],[12.6542,52.0123],[12.6727,52.0118],[12.6825,52.0033],[12.7001,52.0027],[12.7022,52.0207],[12.6829,52.0456],[12.6735,52.048],[12.6605,52.0614],[12.6247,52.0768]]]},"properties":{"AGS":"12069485","GEN":"Rabenstein/Fläming","SN_L":"12"}},
{"type":"Feature","geometry":{"type":"Polygon","coordinates":[[[12.3612,52.4428],[12.328,52.4397],[12.3172,52.4541],[12.2934,52.4235],[12.2745,52.4161],[12.3016,52.3954],[12.3179,52.3931],[12.3831,52.3914],[12.3911,52.3889],[12.3882,52.4037],[12.3891,52.4344],[12.3657,52.4282],[12.3612,52.4428]]]},"properties":{"AGS":"12069028","GEN":"Bensdorf","SN_L":"12"}},
{"type":"Feature","geometry":{"type":"Polygon","coordinates":[[[12.4084,52.3474],[12.3784,52.3419],[12.3614,52.3436],[12.3565,52.3625],[12.3445,52.3733],[12.3056,52.3785],[12.2838,52.3643],[12.3081,52.3447],[12.273,52.3048],[12.2891,52.3028],[12.3083,52.3082],[12.3476,52.311],[12.3675,52.3066],[12.3875,52.3075],[12.4191,52.3115],[12.4169,52.3327],[12.4084,52.3474]]]},"properties":{"AGS":"12069537","GEN":"Rosenau","SN_L":"12"}},
{"type":"Feature","geometry":{"type":"Polygon","coordinates":[[[12.3911,52.3889],[12.3831,52.3914],[12.3179,52.3931],[12.3016,52.3954],[12.294,52.3819],[12.3056,52.3785],[12.3445,52.3733],[12.3565,52.3625],[12.3614,52.3436],[12.3784,52.3419],[12.4084,52.3474],[12.3963,52.3606],[12.3986,52.3793],[12.3911,52.3889]]]},"properties":{"AGS":"12069688","GEN":"Wusterwitz","SN_L":"12"}},
{"type":"Feature","geometry":{"type":"Polygon","coordinates":[[[12.3813,52.23],[12.3755,52.261],[12.3459,52.2739],[12.3377,52.2594],[12.3239,52.2551],[12.3238,52.2398],[12.291,52.2299],[12.2788,52.217],[12.2603,52.2165],[12.2423,52.1961],[12.2445,52.1911],[12.2881,52.189],[12.3047,52.2035],[12.3349,52.2071],[12.3414,52.2136],[12.3813,52.23]]]},"properties":{"AGS":"12069089","GEN":"Buckautal","SN_L":"12"}},
{"type":"Feature","geometry":{"type":"Polygon","coordinates":[[[12.3349,52.2071],[12.3047,52.2035],[12.2881,52.189],[12.2445,52.1911],[12.2286,52.186],[12.2181,52.1733],[12.234,52.1628],[12.2313,52.155],[12.2425,52.1412],[12.2566,52.1346],[12.2865,52.1443],[12.2984,52.1559],[12.3288,52.1496],[12.3429,52.1382],[12.3582,52.1371],[12.3674,52.1447],[12.3922,52.1454],[12.4019,52.1508],[12.4273,52.1553],[12.4433,52.1788],[12.4347,52.1963],[12.4144,52.1972],[12.4057,52.2033],[12.3894,52.1975],[12.3769,52.2001],[12.3729,52.1874],[12.3606,52.185],[12.3298,52.1864],[12.3349,52.2071]]]},"properties":{"AGS":"12069224","GEN":"Görzke","SN_L":"12"}},
{"type":"Feature","geometry":{"type":"Polygon","coordinates":[[[12.4541,52.2448],[12.4316,52.2529],[12.4407,52.2684],[12.4172,52.2724],[12.4171,52.2717],[12.4109,52.2592],[12.4284,52.2494],[12.4217,52.2418],[12.3969,52.2416],[12.3813,52.23],[12.3414,52.2136],[12.3349,52.2071],[12.3298,52.1864],[12.3606,52.185],[12.3729,52.1874],[12.3769,52.2001],[12.3894,52.1975],[12.4057,52.2033],[12.4144,52.1972],[12.4347,52.1963],[12.4517,52.2067],[12.4708,52.2348],[12.4541,52.2448]]]},"properties":{"AGS":"12069232","GEN":"Gräben","SN_L":"12"}},
{"type":"Feature","geometry":{"type":"Polygon","coordinates":[[[12.4881,52.3251],[12.4747,52.3185],[12.4424,52.3164],[12.4191,52.3115],[12.3875,52.3075],[12.3885,52.2951],[12.4056,52.294],[12.4171,52.2717],[12.4172,52.2724],[12.4367,52.2811],[12.4456,52.2789],[12.4753,52.298],[12.4904,52.3138],[12.4881,52.3251]]]},"properties":{"AGS":"12069648","GEN":"Wenzlow","SN_L":"12"}},
{"type":"Feature","geometry":{"type":"Polygon","coordinates":[[[12.4996,52.3223],[12.4881,52.3251],[12.4904,52.3138],[12.4753,52.298],[12.4456,52.2789],[12.4367,52.2811],[12.4172,52.2724],[12.4407,52.2684],[12.4316,52.2529],[12.4541,52.2448],[12.4653,52.2641],[12.5161,52.2591],[12.5222,52.2701],[12.5129,52.2802],[12.5097,52.2987],[12.5234,52.3022],[12.509,52.3033],[12.5089,52.3204],[12.4996,52.3223]]]},"properties":{"AGS":"12069680","GEN":"Wollin","SN_L":"12"}},
{"type":"Feature","geometry":{"type":"Polygon","coordinates":[[[12.3875,52.3075],[12.3675,52.3066],[12.3476,52.311],[12.3083,52.3082],[12.2891,52.3028],[12.273,52.3048],[12.2521,52.2754],[12.2547,52.2619],[12.2446,52.2484],[12.258,52.2432],[12.291,52.2299],[12.3238,52.2398],[12.3239,52.2551],[12.3377,52.2594],[12.3459,52.2739],[12.3755,52.261],[12.3813,52.23],[12.3969,52.2416],[12.4217,52.2418],[12.4284,52.2494],[12.4109,52.2592],[12.4171,52.2717],[12.4056,52.294],[12.3885,52.2951],[12.3875,52.3075]]]},"properties":{"AGS":"12069696","GEN":"Ziesar","SN_L":"12"}},
{"type":"Feature","geometry":{"type":"Polygon","coordinates":[[[12.0828,53.185],[12.0678,53.1773],[12.0542,53.1889],[12.0275,53.187],[12.0007,53.2],[11.985,53.1973],[11.9704,53.1872],[11.9491,53.1907],[11.9466,53.1829],[11.9305,53.1771],[11.9106,53.185],[11.8976,53.1851],[11.8945,53.1708],[11.8799,53.1633],[11.8522,53.1555],[11.8546,53.144],[11.8716,53.1398],[11.9176,53.1393],[11.9319,53.1312],[11.9285,53.1128],[11.9428,53.1108],[11.9388,53.093],[11.952,53.0833],[12.0032,53.0776],[12.0409,53.0821],[12.0565,53.0752],[12.0496,53.0675],[12.0541,53.0557],[12.089,53.0517],[12.1116,53.0434],[12.1143,53.0176],[12.1339,53.0179],[12.1584,53.0257],[12.1878,53.0208],[12.194,53.0328],[12.2199,53.0454],[12.2067,53.0649],[12.2061,53.0745],[12.2797,53.0819],[12.2981,53.0787],[12.3077,53.0857],[12.3283,53.0842],[12.3303,53.1019],[12.2933,53.1211],[12.2635,53.1021],[12.2492,53.1087],[12.2378,53.1023],[12.2191,53.1056],[12.2081,53.0895],[12.193,53.089],[12.1727,53.097],[12.1517,53.0936],[12.1386,53.0799],[12.1022,53.0843],[12.1231,53.1122],[12.1094,53.136],[12.1161,53.1525],[12.1118,53.1661],[12.1239,53.1711],[12.0912,53.1852],[12.0828,53.185]]]},"properties":{"AGS":"12070125","GEN":"Groß Pankow (Prignitz)","SN_L":"12"}},
{"type":"Feature","geometry":{"type":"Polygon","coordinates":[[[12.2981,53.0787],[12.2797,53.0819],[12.2061,53.0745],[12.2067,53.0649],[12.2199,53.0454],[12.194,53.0328],[12.1878,53.0208],[12.1584,53.0257],[12.1339,53.0179],[12.1143,53.0176],[12.0546,53.0242],[12.0562,53.0086],[12.0703,53.0117],[12.0904,53.0015],[12.082,52.9823],[12.0883,52.9686],[12.1114,52.9609],[12.1164,52.9438],[12.1518,52.9497],[12.1789,52.9485],[12.1765,52.9315],[12.2048,52.9296],[12.2076,52.9147],[12.2462,52.913],[12.2843,52.9188],[12.2665,52.9483],[12.2795,52.9559],[12.3062,52.9535],[12.3195,52.9691],[12.3246,52.9912],[12.3563,52.9917],[12.3782,52.9989],[12.4169,53.0047],[12.4161,53.0167],[12.407,53.0302],[12.4182,53.0328],[12.4189,53.0421],[12.4024,53.047],[12.3828,53.0383],[12.3816,53.0255],[12.3606,53.0228],[12.3406,53.0246],[12.3014,53.0508],[12.289,53.0617],[12.2981,53.0787]]]},"properties":{"AGS":"12070149","GEN":"Gumtow","SN_L":"12"}},
{"type":"Feature","geometry":{"type":"Polygon","coordinates":[[[11.7145,53.2322],[11.6954,53.2444],[11.6614,53.2432],[11.6536,53.2392],[11.6298,53.2421],[11.6174,53.2312],[11.604,53.2276],[11.5903,53.2165],[11.5659,53.2132],[11.5567,53.1942],[11.5671,53.1825],[11.5626,53.1758],[11.5694,53.1661],[11.5775,53.1645],[11.6058,53.1742],[11.6247,53.158],[11.601,53.1519],[11.5748,53.1325],[11.5891,53.1182],[11.6096,53.1113],[11.6125,53.0982],[11.6379,53.0935],[11.6464,53.0713],[11.6683,53.0793],[11.6926,53.0728],[11.7091,53.0789],[11.7427,53.1005],[11.7627,53.1054],[11.7804,53.0981],[11.7925,53.1022],[11.8003,53.123],[11.8325,53.1434],[11.8546,53.144],[11.8522,53.1555],[11.8419,53.1747],[11.8319,53.1876],[11.8446,53.2109],[11.8432,53.2202],[11.8253,53.2184],[11.7991,53.2265],[11.7691,53.2275],[11.7358,53.2181],[11.7264,53.232],[11.7145,53.2322]]]},"properties":{"AGS":"12070173","GEN":"Karstädt","SN_L":"12"}},
{"type":"Feature","geometry":{"type":"Polygon","coordinates":[[[11.8546,53.144],[11.8325,53.1434],[11.8003,53.123],[11.7925,53.1022],[11.7804,53.0981],[11.7627,53.1054],[11.7427,53.1005],[11.7091,53.0789],[11.6926,53.0728],[11.7128,53.0653],[11.7491,53.0549],[11.7603,53.0646],[11.7912,53.0625],[11.7976,53.0409],[11.8126,53.0254],[11.8159,53.022],[11.8493,53.0183],[11.8677,53.007],[11.8952,53.0058],[11.8916,53.0343],[11.8947,53.044],[11.922,53.05],[11.9171,53.06],[11.9453,53.0701],[11.952,53.0833],[11.9388,53.093],[11.9428,53.1108],[11.9285,53.1128],[11.9319,53.1312],[11.9176,53.1393],[11.8716,53.1398],[11.8546,53.144]]]},"properties":{"AGS":"12070296","GEN":"Perleberg","SN_L":"12"}},
{"type":"Feature","geometry":{"type":"Polygon","coordinates":[[[12.1143,53.0176],[12.1116,53.0434],[12.089,53.0517],[12.0541,53.0557],[12.0496,53.0675],[12.0565,53.0752],[12.0409,53.0821],[12.0032,53.0776],[11.952,53.0833],[11.9453,53.0701],[11.9171,53.06],[11.922,53.05],[11.8947,53.044],[11.8916,53.0343],[11.8952,53.0058],[11.9594,53.011],[11.9794,53.0061],[12.0046,53.0075],[12.0333,52.9941],[12.0208,52.9792],[11.9958,52.9797],[11.9999,52.9718],[11.9882,52.9583],[11.9999,52.9445],[12.0413,52.9341],[12.0416,52.9099],[12.0272,52.9079],[12.0253,52.8952],[11.9987,52.8928],[12.0064,52.8853],[12.0195,52.8886],[12.0482,52.8859],[12.0773,52.8861],[12.0837,52.8764],[12.1126,52.8757],[12.1268,52.8902],[12.19,52.9022],[12.2076,52.9147],[12.2048,52.9296],[12.1765,52.9315],[12.1789,52.9485],[12.1518,52.9497],[12.1164,52.9438],[12.1114,52.9609],[12.0883,52.9686],[12.082,52.9823],[12.0904,53.0015],[12.0703,53.0117],[12.0562,53.0086],[12.0546,53.0242],[12.1143,53.0176]]]},"properties":{"AGS":"12070302","GEN":"Plattenburg","SN_L":"12"}},
{"type":"Feature","geometry":{"type":"Polygon","coordinates":[[[12.2593,53.2165],[12.2506,53.209],[12.2352,53.2104],[12.2145,53.2312],[12.1899,53.2234],[12.1783,53.2098],[12.1523,53.2016],[12.1335,53.2146],[12.0865,53.1895],[12.0828,53.185],[12.0912,53.1852],[12.1239,53.1711],[12.1118,53.1661],[12.1161,53.1525],[12.1094,53.136],[12.1231,53.1122],[12.1022,53.0843],[12.1386,53.0799],[12.1517,53.0936],[12.1727,53.097],[12.193,53.089],[12.2081,53.0895],[12.2191,53.1056],[12.2378,53.1023],[12.2492,53.1087],[12.2635,53.1021],[12.2933,53.1211],[12.3002,53.1269],[12.2913,53.1377],[12.3075,53.1504],[12.3303,53.1597],[12.3229,53.1765],[12.3285,53.1896],[12.3086,53.1932],[12.2993,53.205],[12.2766,53.2011],[12.2729,53.2106],[12.2593,53.2165]]]},"properties":{"AGS":"12070316","GEN":"Pritzwalk","SN_L":"12"}},
{"type":"Feature","geometry":{"type":"Polygon","coordinates":[[[11.7766,53.012],[11.7609,53.019],[11.7658,53.0348],[11.7525,53.0435],[11.7491,53.0549],[11.7128,53.0653],[11.7032,53.0544],[11.6963,53.0459],[11.6993,53.0277],[11.7268,53.0223],[11.6834,53.0016],[11.6827,52.9872],[11.6929,52.9782],[11.7049,52.9787],[11.732,52.9886],[11.7533,52.9863],[11.7665,52.9799],[11.7863,52.961],[11.8304,52.957],[11.8478,52.9708],[11.835,52.9748],[11.8085,52.9805],[11.7885,52.9955],[11.7726,52.9957],[11.7766,53.012]]]},"properties":{"AGS":"12070424","GEN":"Wittenberge","SN_L":"12"}},
{"type":"Feature","geometry":{"type":"Polygon","coordinates":[[[11.9999,52.9445],[11.9882,52.9583],[11.9999,52.9718],[11.9958,52.9797],[12.0208,52.9792],[12.0333,52.9941],[12.0046,53.0075],[11.9794,53.0061],[11.9594,53.011],[11.8952,53.0058],[11.8677,53.007],[11.8635,52.9871],[11.8404,52.9806],[11.835,52.9748],[11.8478,52.9708],[11.8304,52.957],[11.8483,52.9495],[11.8623,52.9499],[11.8916,52.9409],[11.9163,52.9293],[11.963,52.9392],[11.9883,52.9364],[11.9999,52.9445]]]},"properties":{"AGS":"12070008","GEN":"Bad Wilsnack","SN_L":"12"}},
{"type":"Feature","geometry":{"type":"Polygon","coordinates":[[[11.8677,53.007],[11.8493,53.0183],[11.8159,53.022],[11.8126,53.0254],[11.7766,53.012],[11.7726,52.9957],[11.7885,52.9955],[11.8085,52.9805],[11.835,52.9748],[11.8404,52.9806],[11.8635,52.9871],[11.8677,53.007]]]},"properties":{"AGS":"12070052","GEN":"Breese","SN_L":"12"}},
{"type":"Feature","geometry":{"type":"Polygon","coordinates":[[[12.0064,52.8853],[11.9987,52.8928],[12.0253,52.8952],[12.0272,52.9079],[12.0416,52.9099],[12.0413,52.9341],[11.9999,52.9445],[11.9883,52.9364],[11.963,52.9392],[11.9163,52.9293],[11.9159,52.9208],[11.9381,52.9116],[11.9394,52.9012],[11.9237,52.8917],[11.9467,52.8885],[11.9594,52.8799],[11.9796,52.8762],[12.0064,52.8853]]]},"properties":{"AGS":"12070241","GEN":"Legde/Quitzöbel","SN_L":"12"}},
{"type":"Feature","geometry":{"type":"Polygon","coordinates":[[[11.9163,52.9293],[11.8916,52.9409],[11.8623,52.9499],[11.8483,52.9495],[11.8468,52.9399],[11.8295,52.9306],[11.8227,52.9205],[11.8422,52.9091],[11.8725,52.9086],[11.892,52.8951],[11.9237,52.8917],[11.9394,52.9012],[11.9381,52.9116],[11.9159,52.9208],[11.9163,52.9293]]]},"properties":{"AGS":"12070348","GEN":"Rühstädt","SN_L":"12"}},
{"type":"Feature","geometry":{"type":"Polygon","coordinates":[[[11.8126,53.0254],[11.7976,53.0409],[11.7912,53.0625],[11.7603,53.0646],[11.7491,53.0549],[11.7525,53.0435],[11.7658,53.0348],[11.7609,53.019],[11.7766,53.012],[11.8126,53.0254]]]},"properties":{"AGS":"12070416","GEN":"Weisen","SN_L":"12"}},
{"type":"Feature","geometry":{"type":"Polygon","coordinates":[[[11.7032,53.0544],[11.6974,53.0573],[11.674,53.0449],[11.6296,53.0417],[11.6415,53.0329],[11.6252,53.0146],[11.6447,53.0055],[11.6677,53.0097],[11.6834,53.0016],[11.7268,53.0223],[11.6993,53.0277],[11.6963,53.0459],[11.7032,53.0544]]]},"properties":{"AGS":"12070060","GEN":"Cumlosen","SN_L":"12"}},
{"type":"Feature","geometry":{"type":"Polygon","coordinates":[[[11.6926,53.0728],[11.6683,53.0793],[11.6464,53.0713],[11.6379,53.0935],[11.6125,53.0982],[11.6096,53.1113],[11.5891,53.1182],[11.551,53.102],[11.5469,53.0827],[11.5286,53.0657],[11.544,53.0525],[11.58,53.0363],[11.5978,53.0359],[11.6296,53.0417],[11.674,53.0449],[11.6974,53.0573],[11.7032,53.0544],[11.7128,53.0653],[11.6926,53.0728]]]},"properties":{"AGS":"12070236","GEN":"Lanz","SN_L":"12"}},
{"type":"Feature","geometry":{"type":"Polygon","coordinates":[[[11.5891,53.1182],[11.5748,53.1325],[11.601,53.1519],[11.6247,53.158],[11.6058,53.1742],[11.5775,53.1645],[11.5694,53.1661],[11.5501,53.1511],[11.556,53.1388],[11.5346,53.1253],[11.4841,53.129],[11.4594,53.1403],[11.4387,53.1367],[11.4218,53.1409],[11.3956,53.14],[11.3925,53.1338],[11.3987,53.1165],[11.3939,53.1118],[11.3709,53.1116],[11.359,53.1163],[11.3376,53.1138],[11.3474,53.1012],[11.3842,53.094],[11.3892,53.0998],[11.4212,53.098],[11.4184,53.0741],[11.4386,53.0779],[11.4609,53.0758],[11.4782,53.0651],[11.5059,53.049],[11.5206,53.0469],[11.544,53.0525],[11.5286,53.0657],[11.5469,53.0827],[11.551,53.102],[11.5891,53.1182]]]},"properties":{"AGS":"12070244","GEN":"Lenzen (Elbe)","SN_L":"12"}},
{"type":"Feature","geometry":{"type":"Polygon","coordinates":[[[11.3376,53.1138],[11.324,53.1193],[11.2904,53.1169],[11.2657,53.122],[11.2678,53.1042],[11.2877,53.0868],[11.3098,53.0779],[11.3267,53.0623],[11.3389,53.0551],[11.3531,53.0547],[11.383,53.0642],[11.4026,53.0724],[11.4184,53.0741],[11.4212,53.098],[11.3892,53.0998],[11.3842,53.094],[11.3474,53.1012],[11.3376,53.1138]]]},"properties":{"AGS":"12070246","GEN":"Lenzerwische","SN_L":"12"}},
{"type":"Feature","geometry":{"type":"Polygon","coordinates":[[[12.2241,53.2608],[12.2226,53.2685],[12.1984,53.2729],[12.1966,53.2693],[12.1713,53.2358],[12.1899,53.2234],[12.2145,53.2312],[12.2352,53.2104],[12.2506,53.209],[12.2593,53.2165],[12.2705,53.2307],[12.2532,53.2398],[12.2241,53.2608]]]},"properties":{"AGS":"12070096","GEN":"Gerdshagen","SN_L":"12"}},
{"type":"Feature","geometry":{"type":"Polygon","coordinates":[[[12.3119,53.2709],[12.2968,53.2694],[12.2652,53.2738],[12.2241,53.2608],[12.2532,53.2398],[12.2705,53.2307],[12.2593,53.2165],[12.2729,53.2106],[12.2766,53.2011],[12.2993,53.205],[12.3117,53.2088],[12.3363,53.2289],[12.352,53.2414],[12.3351,53.251],[12.3257,53.2636],[12.3119,53.2709]]]},"properties":{"AGS":"12070153","GEN":"Halenbeck-Rohlsdorf","SN_L":"12"}},
{"type":"Feature","geometry":{"type":"Polygon","coordinates":[[[12.1966,53.2693],[12.1608,53.2784],[12.1437,53.2664],[12.1476,53.2607],[12.1399,53.2468],[12.155,53.2374],[12.1393,53.2288],[12.1335,53.2146],[12.1523,53.2016],[12.1783,53.2098],[12.1899,53.2234],[12.1713,53.2358],[12.1966,53.2693]]]},"properties":{"AGS":"12070222","GEN":"Kümmernitztal","SN_L":"12"}},
{"type":"Feature","geometry":{"type":"Polygon","coordinates":[[[12.0775,53.3694],[12.0616,53.3714],[12.0515,53.3602],[12.0564,53.3497],[12.0146,53.3344],[12.0221,53.3213],[12.0468,53.3215],[12.0583,53.313],[12.0803,53.3164],[12.1154,53.2957],[12.129,53.2812],[12.1608,53.2784],[12.1966,53.2693],[12.1984,53.2729],[12.2007,53.2876],[12.1975,53.3065],[12.2252,53.3144],[12.223,53.3295],[12.2122,53.3532],[12.1911,53.354],[12.1868,53.3433],[12.1686,53.3391],[12.1565,53.3497],[12.152,53.3615],[12.1394,53.3614],[12.1347,53.3486],[12.1085,53.3499],[12.0821,53.3463],[12.0775,53.3694]]]},"properties":{"AGS":"12070266","GEN":"Marienfließ","SN_L":"12"}},
{"type":"Feature","geometry":{"type":"Polygon","coordinates":[[[12.3251,53.3213],[12.3108,53.3272],[12.2814,53.3277],[12.2718,53.3241],[12.2453,53.333],[12.2294,53.3582],[12.2122,53.3532],[12.223,53.3295],[12.2252,53.3144],[12.1975,53.3065],[12.2007,53.2876],[12.1984,53.2729],[12.2226,53.2685],[12.2241,53.2608],[12.2652,53.2738],[12.2968,53.2694],[12.3119,53.2709],[12.3162,53.2884],[12.3025,53.3049],[12.3194,53.3084],[12.3251,53.3213]]]},"properties":{"AGS":"12070280","GEN":"Meyenburg","SN_L":"12"}},
{"type":"Feature","geometry":{"type":"Polygon","coordinates":[[[11.9184,53.2733],[11.8978,53.2786],[11.8848,53.2645],[11.8596,53.2492],[11.8128,53.2539],[11.8319,53.2346],[11.8289,53.2287],[11.7991,53.2265],[11.8253,53.2184],[11.8432,53.2202],[11.8714,53.215],[11.9108,53.2373],[11.9072,53.2536],[11.9229,53.258],[11.9184,53.2733]]]},"properties":{"AGS":"12070028","GEN":"Berge","SN_L":"12"}},
{"type":"Feature","geometry":{"type":"Polygon","coordinates":[[[12.0007,53.2],[11.9948,53.2066],[11.9652,53.2151],[11.9433,53.2058],[11.9174,53.2089],[11.8951,53.1944],[11.8826,53.1922],[11.8538,53.1722],[11.8419,53.1747],[11.8522,53.1555],[11.8799,53.1633],[11.8945,53.1708],[11.8976,53.1851],[11.9106,53.185],[11.9305,53.1771],[11.9466,53.1829],[11.9491,53.1907],[11.9704,53.1872],[11.985,53.1973],[12.0007,53.2]]]},"properties":{"AGS":"12070145","GEN":"Gülitz-Reetz","SN_L":"12"}},
{"type":"Feature","geometry":{"type":"Polygon","coordinates":[[[11.9652,53.2151],[11.9556,53.225],[11.9694,53.2352],[11.9556,53.2513],[11.9229,53.258],[11.9072,53.2536],[11.9108,53.2373],[11.8714,53.215],[11.8432,53.2202],[11.8446,53.2109],[11.8319,53.1876],[11.8419,53.1747],[11.8538,53.1722],[11.8826,53.1922],[11.8951,53.1944],[11.9174,53.2089],[11.9433,53.2058],[11.9652,53.2151]]]},"properties":{"AGS":"12070300","GEN":"Pirow","SN_L":"12"}},
{"type":"Feature","geometry":{"type":"Polygon","coordinates":[[[12.129,53.2812],[12.1154,53.2957],[12.0803,53.3164],[12.0583,53.313],[12.0468,53.3215],[12.0221,53.3213],[12.0236,53.3041],[11.9971,53.2939],[11.9739,53.2992],[11.9542,53.2738],[11.9184,53.2733],[11.9229,53.258],[11.9556,53.2513],[11.9694,53.2352],[11.9556,53.225],[11.9652,53.2151],[11.9948,53.2066],[12.0007,53.2],[12.0275,53.187],[12.0542,53.1889],[12.0678,53.1773],[12.0828,53.185],[12.0865,53.1895],[12.0904,53.2044],[12.0699,53.2139],[12.0659,53.2297],[12.0821,53.2356],[12.0862,53.2507],[12.0998,53.2499],[12.1091,53.2584],[12.1119,53.2745],[12.129,53.2812]]]},"properties":{"AGS":"12070325","GEN":"Putlitz","SN_L":"12"}},
{"type":"Feature","geometry":{"type":"Polygon","coordinates":[[[12.1608,53.2784],[12.129,53.2812],[12.1119,53.2745],[12.1091,53.2584],[12.0998,53.2499],[12.0862,53.2507],[12.0821,53.2356],[12.0659,53.2297],[12.0699,53.2139],[12.0904,53.2044],[12.0865,53.1895],[12.1335,53.2146],[12.1393,53.2288],[12.155,53.2374],[12.1399,53.2468],[12.1476,53.2607],[12.1437,53.2664],[12.1608,53.2784]]]},"properties":{"AGS":"12070393","GEN":"Triglitz","SN_L":"12"}},
{"type":"Feature","geometry":{"type":"Polygon","coordinates":[[[14.3024,51.7021],[14.2933,51.7076],[14.2755,51.7073],[14.2352,51.7262],[14.2011,51.7287],[14.1965,51.7171],[14.164,51.7093],[14.1545,51.6999],[14.1308,51.7078],[14.1177,51.7073],[14.1118,51.6988],[14.1015,51.6806],[14.0921,51.6743],[14.1126,51.6652],[14.1243,51.6539],[14.1287,51.6393],[14.1376,51.6362],[14.1666,51.6396],[14.1805,51.6364],[14.1978,51.6217],[14.2021,51.613],[14.1907,51.5986],[14.1754,51.5901],[14.1881,51.59],[14.208,51.5801],[14.2271,51.5807],[14.2327,51.6075],[14.2392,51.615],[14.2724,51.6161],[14.2815,51.6273],[14.2983,51.6342],[14.3014,51.6426],[14.295,51.6532],[14.3003,51.6619],[14.317,51.6667],[14.326,51.6816],[14.3393,51.6925],[14.3205,51.6999],[14.3024,51.7021]]]},"properties":{"AGS":"12071057","GEN":"Drebkau","SN_L":"12"}},
{"type":"Feature","geometry":{"type":"Polygon","coordinates":[[[14.755,51.6559],[14.7468,51.6762],[14.736,51.6888],[14.7245,51.6905],[14.6909,51.7083],[14.6566,51.7405],[14.6636,51.756],[14.6508,51.7613],[14.6551,51.7736],[14.6463,51.7943],[14.6347,51.8006],[14.6082,51.8035],[14.5901,51.821],[14.5637,51.8131],[14.549,51.7946],[14.5255,51.7938],[14.5053,51.7818],[14.5259,51.7637],[14.5518,51.7556],[14.5564,51.739],[14.568,51.7302],[14.5559,51.7139],[14.5765,51.7043],[14.5964,51.7085],[14.6301,51.703],[14.6402,51.7066],[14.6914,51.6939],[14.6822,51.6873],[14.6832,51.6652],[14.7014,51.6619],[14.7076,51.6555],[14.755,51.6559]]]},"properties":{"AGS":"12071076","GEN":"Forst (Lausitz)","SN_L":"12"}},
{"type":"Feature","geometry":{"type":"Polygon","coordinates":[[[14.7167,52.0012],[14.6993,52.007],[14.6989,52.0148],[14.6977,52.01],[14.6688,52.0052],[14.659,51.9954],[14.6446,51.9984],[14.6471,51.983],[14.6685,51.9797],[14.6574,51.9643],[14.6445,51.9553],[14.6397,51.9377],[14.6487,51.9236],[14.6624,51.9191],[14.6642,51.9015],[14.6723,51.8983],[14.6928,51.9099],[14.7054,51.9242],[14.7034,51.9308],[14.7196,51.9429],[14.7208,51.953],[14.7072,51.9657],[14.7213,51.9962],[14.7167,52.0012]]]},"properties":{"AGS":"12071160","GEN":"Guben","SN_L":"12"}},
{"type":"Feature","geometry":{"type":"Polygon","coordinates":[[[14.1461,51.8038],[14.1154,51.807],[14.1242,51.7991],[14.1035,51.7646],[14.1004,51.7542],[14.111,51.7396],[14.1432,51.733],[14.1308,51.7078],[14.1545,51.6999],[14.164,51.7093],[14.1965,51.7171],[14.2011,51.7287],[14.2352,51.7262],[14.2755,51.7073],[14.2933,51.7076],[14.3024,51.7021],[14.3102,51.7233],[14.2757,51.7379],[14.2781,51.7642],[14.2878,51.7708],[14.274,51.7939],[14.2379,51.7964],[14.2321,51.7858],[14.2023,51.79],[14.1971,51.795],[14.176,51.7889],[14.1623,51.7997],[14.1461,51.8038]]]},"properties":{"AGS":"12071244","GEN":"Kolkwitz","SN_L":"12"}},
{"type":"Feature","geometry":{"type":"Polygon","coordinates":[[[14.4922,51.7747],[14.4741,51.7767],[14.4667,51.7703],[14.4596,51.7484],[14.4498,51.7473],[14.416,51.7545],[14.3972,51.7522],[14.3953,51.7428],[14.4193,51.7301],[14.436,51.7285],[14.4506,51.7214],[14.4433,51.7031],[14.4036,51.7027],[14.3858,51.7125],[14.3675,51.698],[14.3393,51.6925],[14.326,51.6816],[14.317,51.6667],[14.3003,51.6619],[14.295,51.6532],[14.3014,51.6426],[14.3316,51.638],[14.3497,51.6418],[14.3697,51.6412],[14.3862,51.6497],[14.411,51.6415],[14.4117,51.6285],[14.4599,51.626],[14.4684,51.6459],[14.4863,51.652],[14.5102,51.6539],[14.5041,51.664],[14.5288,51.694],[14.5363,51.711],[14.5125,51.7215],[14.5105,51.7399],[14.5042,51.7427],[14.4922,51.7747]]]},"properties":{"AGS":"12071301","GEN":"Neuhausen/Spree","SN_L":"12"}},
{"type":"Feature","geometry":{"type":"Polygon","coordinates":[[[14.6688,52.0052],[14.651,52.0266],[14.6159,52.0285],[14.5901,52.0342],[14.5628,52.0184],[14.5623,52.0089],[14.5436,52.0065],[14.5234,52.0105],[14.5008,52.0076],[14.4918,52.016],[14.491,52.0309],[14.4827,52.0372],[14.4827,52.0577],[14.4661,52.0483],[14.4455,52.0399],[14.446,52.0264],[14.4534,52.0143],[14.4258,52.0087],[14.393,52.0081],[14.3689,52.0001],[14.3743,51.9782],[14.3932,51.9353],[14.4139,51.9385],[14.4416,51.9521],[14.4531,51.963],[14.4703,51.9688],[14.4912,51.9565],[14.5044,51.9542],[14.5398,51.9599],[14.5232,51.9381],[14.5249,51.9314],[14.5452,51.9217],[14.552,51.896],[14.5835,51.8883],[14.5937,51.8787],[14.5886,51.8692],[14.6145,51.867],[14.6245,51.8582],[14.6526,51.8744],[14.6631,51.8905],[14.6929,51.901],[14.6928,51.9099],[14.6723,51.8983],[14.6642,51.9015],[14.6624,51.9191],[14.6487,51.9236],[14.6397,51.9377],[14.6445,51.9553],[14.6574,51.9643],[14.6685,51.9797],[14.6471,51.983],[14.6446,51.9984],[14.659,51.9954],[14.6688,52.0052]]]},"properties":{"AGS":"12071337","GEN":"Schenkendöbern","SN_L":"12"}},
{"type":"Feature","geometry":{"type":"Polygon","coordinates":[[[14.538,51.648],[14.5102,51.6539],[14.4863,51.652],[14.4684,51.6459],[14.4599,51.626],[14.4117,51.6285],[14.411,51.6415],[14.3862,51.6497],[14.3697,51.6412],[14.3497,51.6418],[14.3316,51.638],[14.3014,51.6426],[14.2983,51.6342],[14.2815,51.6273],[14.2724,51.6161],[14.2392,51.615],[14.2327,51.6075],[14.2271,51.5807],[14.2681,51.5771],[14.2686,51.5642],[14.2501,51.5595],[14.2501,51.5521],[14.2664,51.5472],[14.2775,51.5311],[14.3242,51.5183],[14.3274,51.5074],[14.3381,51.5059],[14.3433,51.5182],[14.3537,51.5208],[14.3861,51.5408],[14.4094,51.5372],[14.4413,51.5446],[14.4478,51.5421],[14.4506,51.5556],[14.4999,51.5594],[14.5155,51.5542],[14.5475,51.5636],[14.5444,51.5736],[14.5106,51.5807],[14.4913,51.5793],[14.4692,51.5827],[14.471,51.6062],[14.4874,51.6012],[14.5253,51.6245],[14.5394,51.641],[14.538,51.648]]]},"properties":{"AGS":"12071372","GEN":"Spremberg","SN_L":"12"}},
{"type":"Feature","geometry":{"type":"Polygon","coordinates":[[[14.1754,51.5901],[14.1576,51.5917],[14.146,51.5749],[14.1519,51.5627],[14.164,51.5604],[14.1633,51.541],[14.213,51.5398],[14.2289,51.5328],[14.2775,51.5311],[14.2664,51.5472],[14.2501,51.5521],[14.2501,51.5595],[14.2686,51.5642],[14.2681,51.5771],[14.2271,51.5807],[14.208,51.5801],[14.1881,51.59],[14.1754,51.5901]]]},"properties":{"AGS":"12071408","GEN":"Welzow","SN_L":"12"}},
{"type":"Feature","geometry":{"type":"Polygon","coordinates":[[[14.2421,51.8421],[14.2301,51.8504],[14.2203,51.842],[14.2265,51.8363],[14.2346,51.8032],[14.2379,51.7964],[14.274,51.7939],[14.2743,51.8032],[14.2558,51.8083],[14.2477,51.8216],[14.2421,51.8421]]]},"properties":{"AGS":"12071028","GEN":"Briesen","SN_L":"12"}},
{"type":"Feature","geometry":{"type":"Polygon","coordinates":[[[14.1219,51.873],[14.0981,51.8736],[14.0885,51.8783],[14.08,51.8619],[14.0761,51.8319],[14.1005,51.8266],[14.1154,51.8156],[14.1154,51.807],[14.1461,51.8038],[14.1389,51.8228],[14.1568,51.8282],[14.1502,51.8378],[14.1706,51.8437],[14.1736,51.8502],[14.1676,51.8581],[14.1346,51.8716],[14.1219,51.873]]]},"properties":{"AGS":"12071032","GEN":"Burg (Spreewald)","SN_L":"12"}},
{"type":"Feature","geometry":{"type":"Polygon","coordinates":[[[14.2743,51.8032],[14.2996,51.8092],[14.3072,51.8163],[14.3049,51.8362],[14.2972,51.8465],[14.3026,51.8615],[14.2859,51.8599],[14.2849,51.856],[14.2421,51.8421],[14.2477,51.8216],[14.2558,51.8083],[14.2743,51.8032]]]},"properties":{"AGS":"12071041","GEN":"Dissen-Striesow","SN_L":"12"}},
{"type":"Feature","geometry":{"type":"Polygon","coordinates":[[[14.2203,51.842],[14.1987,51.8377],[14.2097,51.8239],[14.2086,51.8105],[14.2346,51.8032],[14.2265,51.8363],[14.2203,51.842]]]},"properties":{"AGS":"12071164","GEN":"Guhrow","SN_L":"12"}},
{"type":"Feature","geometry":{"type":"Polygon","coordinates":[[[14.2859,51.8599],[14.274,51.8683],[14.25,51.9076],[14.2233,51.9042],[14.2255,51.8883],[14.2149,51.8694],[14.1811,51.8645],[14.1676,51.8581],[14.1736,51.8502],[14.1987,51.8377],[14.2203,51.842],[14.2301,51.8504],[14.2421,51.8421],[14.2849,51.856],[14.2859,51.8599]]]},"properties":{"AGS":"12071341","GEN":"Schmogrow-Fehrow","SN_L":"12"}},
{"type":"Feature","geometry":{"type":"Polygon","coordinates":[[[14.1736,51.8502],[14.1706,51.8437],[14.1502,51.8378],[14.1568,51.8282],[14.1389,51.8228],[14.1461,51.8038],[14.1623,51.7997],[14.176,51.7889],[14.1971,51.795],[14.2023,51.79],[14.2321,51.7858],[14.2379,51.7964],[14.2346,51.8032],[14.2086,51.8105],[14.2097,51.8239],[14.1987,51.8377],[14.1736,51.8502]]]},"properties":{"AGS":"12071412","GEN":"Werben","SN_L":"12"}},
{"type":"Feature","geometry":{"type":"Polygon","coordinates":[[[14.6427,51.6124],[14.6282,51.6166],[14.6284,51.6246],[14.613,51.631],[14.574,51.6258],[14.572,51.6121],[14.5768,51.6046],[14.6005,51.6012],[14.6078,51.5902],[14.6436,51.593],[14.6427,51.6124]]]},"properties":{"AGS":"12071044","GEN":"Döbern","SN_L":"12"}},
{"type":"Feature","geometry":{"type":"Polygon","coordinates":[[[14.5592,51.6509],[14.538,51.648],[14.5394,51.641],[14.5253,51.6245],[14.4874,51.6012],[14.471,51.6062],[14.4692,51.5827],[14.4913,51.5793],[14.5106,51.5807],[14.5444,51.5736],[14.5606,51.5735],[14.5696,51.5812],[14.5777,51.5954],[14.6005,51.6012],[14.5768,51.6046],[14.572,51.6121],[14.5555,51.6183],[14.5616,51.6449],[14.5592,51.6509]]]},"properties":{"AGS":"12071074","GEN":"Felixsee","SN_L":"12"}},
{"type":"Feature","geometry":{"type":"Polygon","coordinates":[[[14.6832,51.6652],[14.6822,51.6873],[14.6914,51.6939],[14.6402,51.7066],[14.6301,51.703],[14.5964,51.7085],[14.5839,51.6953],[14.5938,51.6777],[14.6147,51.6764],[14.6405,51.6698],[14.6687,51.6564],[14.6832,51.6652]]]},"properties":{"AGS":"12071153","GEN":"Groß Schacksdorf-Simmersdorf","SN_L":"12"}},
{"type":"Feature","geometry":{"type":"Polygon","coordinates":[[[14.6966,51.5967],[14.6772,51.6177],[14.6623,51.6182],[14.6427,51.6124],[14.6436,51.593],[14.6543,51.5878],[14.6503,51.5758],[14.6252,51.5675],[14.599,51.5717],[14.6099,51.5501],[14.6558,51.5543],[14.6756,51.5515],[14.6886,51.5594],[14.6958,51.5746],[14.7055,51.5773],[14.6966,51.5967]]]},"properties":{"AGS":"12071189","GEN":"Jämlitz-Klein Düben","SN_L":"12"}},
{"type":"Feature","geometry":{"type":"Polygon","coordinates":[[[14.6832,51.6652],[14.6687,51.6564],[14.6405,51.6698],[14.6147,51.6764],[14.5938,51.6777],[14.5833,51.6666],[14.565,51.6659],[14.5592,51.6509],[14.5616,51.6449],[14.5555,51.6183],[14.572,51.6121],[14.574,51.6258],[14.613,51.631],[14.6284,51.6246],[14.6282,51.6166],[14.6427,51.6124],[14.6623,51.6182],[14.6772,51.6177],[14.6966,51.5967],[14.7076,51.5973],[14.7299,51.5818],[14.7421,51.593],[14.762,51.6034],[14.7656,51.6117],[14.7541,51.6268],[14.755,51.6559],[14.7076,51.6555],[14.7014,51.6619],[14.6832,51.6652]]]},"properties":{"AGS":"12071294","GEN":"Neiße-Malxetal","SN_L":"12"}},
{"type":"Feature","geometry":{"type":"Polygon","coordinates":[[[14.6436,51.593],[14.6078,51.5902],[14.6005,51.6012],[14.5777,51.5954],[14.5696,51.5812],[14.599,51.5717],[14.6252,51.5675],[14.6503,51.5758],[14.6543,51.5878],[14.6436,51.593]]]},"properties":{"AGS":"12071392","GEN":"Tschernitz","SN_L":"12"}},
{"type":"Feature","geometry":{"type":"Polygon","coordinates":[[[14.5964,51.7085],[14.5765,51.7043],[14.5559,51.7139],[14.568,51.7302],[14.5564,51.739],[14.5518,51.7556],[14.5259,51.7637],[14.5053,51.7818],[14.5013,51.7806],[14.4922,51.7747],[14.5042,51.7427],[14.5105,51.7399],[14.5125,51.7215],[14.5363,51.711],[14.5288,51.694],[14.5041,51.664],[14.5102,51.6539],[14.538,51.648],[14.5592,51.6509],[14.565,51.6659],[14.5833,51.6666],[14.5938,51.6777],[14.5839,51.6953],[14.5964,51.7085]]]},"properties":{"AGS":"12071414","GEN":"Wiesengrund","SN_L":"12"}},
{"type":"Feature","geometry":{"type":"Polygon","coordinates":[[[14.3418,51.9343],[14.3196,51.9354],[14.25,51.9076],[14.274,51.8683],[14.2859,51.8599],[14.3026,51.8615],[14.3216,51.8626],[14.3264,51.8724],[14.3556,51.8878],[14.3566,51.8924],[14.3345,51.9069],[14.351,51.9096],[14.3418,51.9343]]]},"properties":{"AGS":"12071052","GEN":"Drachhausen","SN_L":"12"}},
{"type":"Feature","geometry":{"type":"Polygon","coordinates":[[[14.3629,51.8538],[14.3694,51.8587],[14.3729,51.8766],[14.3566,51.8924],[14.3556,51.8878],[14.3264,51.8724],[14.3216,51.8626],[14.3373,51.8501],[14.3629,51.8538]]]},"properties":{"AGS":"12071060","GEN":"Drehnow","SN_L":"12"}},
{"type":"Feature","geometry":{"type":"Polygon","coordinates":[[[14.5637,51.8131],[14.5418,51.8243],[14.5276,51.8387],[14.5003,51.839],[14.489,51.8451],[14.4736,51.845],[14.48,51.8356],[14.4969,51.8248],[14.4934,51.8063],[14.4889,51.7991],[14.5013,51.7806],[14.5053,51.7818],[14.5255,51.7938],[14.549,51.7946],[14.5637,51.8131]]]},"properties":{"AGS":"12071176","GEN":"Heinersbrück","SN_L":"12"}},
{"type":"Feature","geometry":{"type":"Polygon","coordinates":[[[14.6245,51.8582],[14.6145,51.867],[14.5886,51.8692],[14.5937,51.8787],[14.5835,51.8883],[14.552,51.896],[14.5452,51.9217],[14.5249,51.9314],[14.5232,51.9381],[14.5398,51.9599],[14.5044,51.9542],[14.4912,51.9565],[14.5005,51.9192],[14.494,51.9093],[14.5011,51.8944],[14.4704,51.8864],[14.4639,51.8716],[14.4618,51.8562],[14.4535,51.852],[14.4736,51.845],[14.489,51.8451],[14.5003,51.839],[14.5276,51.8387],[14.5418,51.8243],[14.5637,51.8131],[14.5901,51.821],[14.5906,51.8387],[14.6059,51.8426],[14.6116,51.8574],[14.6245,51.8582]]]},"properties":{"AGS":"12071193","GEN":"Jänschwalde","SN_L":"12"}},
{"type":"Feature","geometry":{"type":"Polygon","coordinates":[[[14.4639,51.8716],[14.4421,51.8742],[14.4203,51.8759],[14.3826,51.8604],[14.3793,51.8545],[14.3936,51.8505],[14.4263,51.8489],[14.4479,51.8449],[14.4535,51.852],[14.4618,51.8562],[14.4639,51.8716]]]},"properties":{"AGS":"12071304","GEN":"Peitz","SN_L":"12"}},
{"type":"Feature","geometry":{"type":"Polygon","coordinates":[[[14.4639,51.8716],[14.4704,51.8864],[14.5011,51.8944],[14.494,51.9093],[14.5005,51.9192],[14.4912,51.9565],[14.4703,51.9688],[14.4531,51.963],[14.4416,51.9521],[14.4139,51.9385],[14.4271,51.8977],[14.4425,51.8809],[14.4421,51.8742],[14.4639,51.8716]]]},"properties":{"AGS":"12071384","GEN":"Tauer","SN_L":"12"}},
{"type":"Feature","geometry":{"type":"Polygon","coordinates":[[[14.4736,51.845],[14.4535,51.852],[14.4479,51.8449],[14.4263,51.8489],[14.3936,51.8505],[14.3713,51.8309],[14.3922,51.8154],[14.4058,51.8005],[14.4231,51.8007],[14.4463,51.8151],[14.4558,51.8019],[14.4667,51.8],[14.4934,51.8063],[14.4969,51.8248],[14.48,51.8356],[14.4736,51.845]]]},"properties":{"AGS":"12071386","GEN":"Teichland","SN_L":"12"}},
{"type":"Feature","geometry":{"type":"Polygon","coordinates":[[[14.4421,51.8742],[14.4425,51.8809],[14.4271,51.8977],[14.4139,51.9385],[14.3932,51.9353],[14.3787,51.932],[14.3461,51.934],[14.3418,51.9343],[14.351,51.9096],[14.3345,51.9069],[14.3566,51.8924],[14.3729,51.8766],[14.3694,51.8587],[14.3629,51.8538],[14.3793,51.8545],[14.3826,51.8604],[14.4203,51.8759],[14.4421,51.8742]]]},"properties":{"AGS":"12071401","GEN":"Turnow-Preilack","SN_L":"12"}},
{"type":"Feature","geometry":{"type":"Polygon","coordinates":[[[13.3292,52.2119],[13.3188,52.2124],[13.3047,52.1991],[13.3189,52.1889],[13.3067,52.1747],[13.3228,52.1698],[13.3245,52.1498],[13.3033,52.121],[13.316,52.1065],[13.3054,52.0994],[13.3065,52.0904],[13.3355,52.0872],[13.3729,52.0888],[13.396,52.0952],[13.4176,52.1078],[13.4336,52.1119],[13.4528,52.1104],[13.4515,52.1175],[13.4617,52.135],[13.4466,52.1407],[13.4353,52.1561],[13.4163,52.1608],[13.4109,52.1709],[13.448,52.1798],[13.438,52.1922],[13.3659,52.2063],[13.3292,52.2119]]]},"properties":{"AGS":"12072002","GEN":"Am Mellensee","SN_L":"12"}},
{"type":"Feature","geometry":{"type":"Polygon","coordinates":[[[13.5408,52.0972],[13.5011,52.0923],[13.4927,52.1085],[13.4619,52.1128],[13.4528,52.1104],[13.4336,52.1119],[13.4176,52.1078],[13.396,52.0952],[13.3729,52.0888],[13.368,52.0812],[13.3735,52.0662],[13.4033,52.0653],[13.4148,52.0321],[13.4089,52.0173],[13.3814,52.0128],[13.3588,52.0175],[13.3574,52.0096],[13.3355,52.0083],[13.3318,51.9998],[13.31,52.0062],[13.3036,51.9864],[13.2878,51.9885],[13.2788,51.9811],[13.3043,51.9747],[13.3359,51.974],[13.3514,51.9608],[13.3754,51.9565],[13.3733,51.9732],[13.3911,51.9685],[13.4148,51.9762],[13.4309,51.977],[13.4919,51.9656],[13.5156,51.9767],[13.5259,51.9873],[13.5443,51.9895],[13.5565,51.9982],[13.5914,52.001],[13.5965,52.0066],[13.6334,52.0103],[13.6469,52.014],[13.637,52.035],[13.653,52.0481],[13.6478,52.0569],[13.6229,52.0732],[13.5775,52.0904],[13.5531,52.0916],[13.5408,52.0972]]]},"properties":{"AGS":"12072014","GEN":"Baruth/Mark","SN_L":"12"}},
{"type":"Feature","geometry":{"type":"Polygon","coordinates":[[[13.421,52.3762],[13.3885,52.378],[13.3716,52.3637],[13.3832,52.3553],[13.378,52.3351],[13.3597,52.3326],[13.3497,52.3254],[13.3445,52.31],[13.3658,52.2917],[13.3929,52.2874],[13.3964,52.2961],[13.4174,52.3073],[13.4507,52.2997],[13.4625,52.3115],[13.4831,52.3223],[13.4952,52.3309],[13.4938,52.338],[13.4607,52.3408],[13.4418,52.3527],[13.442,52.3628],[13.4212,52.3648],[13.421,52.3762]]]},"properties":{"AGS":"12072017","GEN":"Blankenfelde-Mahlow","SN_L":"12"}},
{"type":"Feature","geometry":{"type":"Polygon","coordinates":[[[13.3885,52.378],[13.3872,52.3886],[13.343,52.4077],[13.3119,52.3992],[13.3062,52.3816],[13.2953,52.3806],[13.2903,52.3688],[13.275,52.3558],[13.2514,52.3502],[13.2514,52.3315],[13.2973,52.339],[13.3497,52.3254],[13.3597,52.3326],[13.378,52.3351],[13.3832,52.3553],[13.3716,52.3637],[13.3885,52.378]]]},"properties":{"AGS":"12072120","GEN":"Großbeeren","SN_L":"12"}},
{"type":"Feature","geometry":{"type":"Polygon","coordinates":[[[13.1038,52.0856],[13.0892,52.0813],[13.0555,52.0813],[12.9992,52.096],[12.9952,52.0946],[12.987,52.0927],[12.9717,52.0758],[12.9699,52.0652],[12.9564,52.0558],[12.9574,52.0423],[12.9759,52.0244],[13.0072,52.0186],[13.0247,51.9894],[13.022,51.979],[13.0582,51.9756],[13.0632,51.9631],[13.0931,51.9676],[13.1199,51.9632],[13.1443,51.9682],[13.1726,51.9551],[13.1917,51.9592],[13.1858,51.9676],[13.2113,51.9739],[13.2134,51.9848],[13.2329,51.9912],[13.2198,52.0048],[13.2042,52.0073],[13.2008,52.023],[13.1882,52.0272],[13.176,52.0294],[13.1695,52.0429],[13.1444,52.0575],[13.1542,52.0694],[13.1378,52.0722],[13.1239,52.0852],[13.1038,52.0856]]]},"properties":{"AGS":"12072169","GEN":"Jüterbog","SN_L":"12"}},
{"type":"Feature","geometry":{"type":"Polygon","coordinates":[[[13.1882,52.0272],[13.196,52.0391],[13.189,52.0628],[13.2077,52.0703],[13.2057,52.0945],[13.1933,52.1035],[13.1957,52.1133],[13.1734,52.1111],[13.1517,52.1137],[13.1337,52.1298],[13.1069,52.134],[13.0891,52.121],[13.0811,52.1094],[13.0989,52.0976],[13.1038,52.0856],[13.1239,52.0852],[13.1378,52.0722],[13.1542,52.0694],[13.1444,52.0575],[13.1695,52.0429],[13.176,52.0294],[13.1882,52.0272]]]},"properties":{"AGS":"12072232","GEN":"Luckenwalde","SN_L":"12"}},
{"type":"Feature","geometry":{"type":"Polygon","coordinates":[[[13.3497,52.3254],[13.2973,52.339],[13.2514,52.3315],[13.2226,52.3238],[13.2016,52.329],[13.1717,52.3192],[13.1616,52.311],[13.1764,52.302],[13.149,52.2951],[13.1631,52.277],[13.1388,52.263],[13.1401,52.2561],[13.162,52.2456],[13.1904,52.2549],[13.186,52.2672],[13.2146,52.2654],[13.2435,52.273],[13.2678,52.2624],[13.308,52.2511],[13.3618,52.2567],[13.3645,52.2648],[13.3914,52.2823],[13.3929,52.2874],[13.3658,52.2917],[13.3445,52.31],[13.3497,52.3254]]]},"properties":{"AGS":"12072240","GEN":"Ludwigsfelde","SN_L":"12"}},
{"type":"Feature","geometry":{"type":"Polygon","coordinates":[[[12.9759,52.0244],[12.9621,52.0248],[12.9413,52.0338],[12.9045,52.0356],[12.8938,52.0273],[12.8537,52.0198],[12.8445,51.9975],[12.8158,51.9898],[12.7847,51.9852],[12.7698,51.9793],[12.776,51.9651],[12.7941,51.9623],[12.8228,51.9636],[12.8442,51.9677],[12.8503,51.9587],[12.8527,51.935],[12.8882,51.9348],[12.8904,51.9284],[12.9175,51.9327],[12.9184,51.9394],[12.9606,51.9349],[12.956,51.9227],[12.9765,51.9199],[12.9727,51.9009],[12.9861,51.9041],[13.0454,51.9005],[13.0376,51.8909],[13.0392,51.8709],[13.0805,51.8675],[13.085,51.874],[13.0875,51.8956],[13.0826,51.9064],[13.1138,51.9104],[13.1181,51.9201],[13.0982,51.9254],[13.0952,51.9399],[13.1264,51.9429],[13.1199,51.9632],[13.0931,51.9676],[13.0632,51.9631],[13.0582,51.9756],[13.022,51.979],[13.0247,51.9894],[13.0072,52.0186],[12.9759,52.0244]]]},"properties":{"AGS":"12072297","GEN":"Niedergörsdorf","SN_L":"12"}},
{"type":"Feature","geometry":{"type":"Polygon","coordinates":[[[13.3067,52.1747],[13.2632,52.1692],[13.2695,52.1583],[13.2579,52.1544],[13.222,52.1526],[13.2189,52.1771],[13.2059,52.1715],[13.1892,52.1923],[13.1959,52.2016],[13.1749,52.2036],[13.149,52.201],[13.1263,52.1917],[13.0825,52.1966],[13.0266,52.1694],[12.998,52.1547],[12.9735,52.1455],[12.9533,52.1442],[12.9624,52.1299],[12.9787,52.1232],[12.9752,52.1138],[12.9952,52.0946],[12.9992,52.096],[13.0555,52.0813],[13.0892,52.0813],[13.1038,52.0856],[13.0989,52.0976],[13.0811,52.1094],[13.0891,52.121],[13.1069,52.134],[13.1337,52.1298],[13.1517,52.1137],[13.1734,52.1111],[13.1957,52.1133],[13.1933,52.1035],[13.2057,52.0945],[13.2077,52.0703],[13.189,52.0628],[13.196,52.0391],[13.1882,52.0272],[13.2008,52.023],[13.2042,52.0073],[13.2198,52.0048],[13.2329,51.9912],[13.2522,51.9928],[13.2788,51.9811],[13.2878,51.9885],[13.3036,51.9864],[13.31,52.0062],[13.3318,51.9998],[13.3355,52.0083],[13.3574,52.0096],[13.3588,52.0175],[13.3814,52.0128],[13.4089,52.0173],[13.4148,52.0321],[13.4033,52.0653],[13.3735,52.0662],[13.368,52.0812],[13.3729,52.0888],[13.3355,52.0872],[13.3065,52.0904],[13.3054,52.0994],[13.316,52.1065],[13.3033,52.121],[13.3245,52.1498],[13.3228,52.1698],[13.3067,52.1747]]]},"properties":{"AGS":"12072312","GEN":"Nuthe-Urstromtal","SN_L":"12"}},
{"type":"Feature","geometry":{"type":"Polygon","coordinates":[[[13.4513,52.256],[13.4711,52.2619],[13.4897,52.2609],[13.5094,52.2709],[13.5075,52.2818],[13.4832,52.2862],[13.487,52.2984],[13.4976,52.3072],[13.4831,52.3223],[13.4625,52.3115],[13.4507,52.2997],[13.4174,52.3073],[13.3964,52.2961],[13.3929,52.2874],[13.3914,52.2823],[13.4254,52.261],[13.4513,52.256]]]},"properties":{"AGS":"12072340","GEN":"Rangsdorf","SN_L":"12"}},
{"type":"Feature","geometry":{"type":"Polygon","coordinates":[[[13.308,52.2511],[13.2678,52.2624],[13.2435,52.273],[13.2146,52.2654],[13.186,52.2672],[13.1904,52.2549],[13.162,52.2456],[13.1401,52.2561],[13.1388,52.263],[13.1103,52.2479],[13.1116,52.2304],[13.1015,52.2254],[13.0825,52.1966],[13.1263,52.1917],[13.149,52.201],[13.1749,52.2036],[13.1959,52.2016],[13.1892,52.1923],[13.2059,52.1715],[13.2189,52.1771],[13.222,52.1526],[13.2579,52.1544],[13.2695,52.1583],[13.2632,52.1692],[13.3067,52.1747],[13.3189,52.1889],[13.3047,52.1991],[13.3188,52.2124],[13.3292,52.2119],[13.3071,52.2271],[13.308,52.2511]]]},"properties":{"AGS":"12072426","GEN":"Trebbin","SN_L":"12"}},
{"type":"Feature","geometry":{"type":"Polygon","coordinates":[[[13.4513,52.256],[13.4254,52.261],[13.3914,52.2823],[13.3645,52.2648],[13.3618,52.2567],[13.308,52.2511],[13.3071,52.2271],[13.3292,52.2119],[13.3659,52.2063],[13.438,52.1922],[13.448,52.1798],[13.4109,52.1709],[13.4163,52.1608],[13.4353,52.1561],[13.4466,52.1407],[13.4617,52.135],[13.4515,52.1175],[13.4528,52.1104],[13.4619,52.1128],[13.4927,52.1085],[13.5011,52.0923],[13.5408,52.0972],[13.5492,52.1186],[13.5489,52.1378],[13.5569,52.148],[13.5489,52.1528],[13.5445,52.1727],[13.5501,52.1827],[13.546,52.1932],[13.581,52.1949],[13.5759,52.2108],[13.564,52.2188],[13.5531,52.2343],[13.5376,52.241],[13.5009,52.2406],[13.4929,52.2335],[13.472,52.2341],[13.4604,52.2401],[13.4513,52.256]]]},"properties":{"AGS":"12072477","GEN":"Zossen","SN_L":"12"}},
{"type":"Feature","geometry":{"type":"Polygon","coordinates":[[[13.4148,51.9762],[13.3911,51.9685],[13.3733,51.9732],[13.3754,51.9565],[13.3514,51.9608],[13.3359,51.974],[13.3043,51.9747],[13.2929,51.9449],[13.2735,51.9451],[13.2713,51.9333],[13.2915,51.9256],[13.3115,51.9079],[13.3338,51.9046],[13.3358,51.9097],[13.3748,51.9145],[13.3948,51.9137],[13.4059,51.895],[13.3893,51.8907],[13.3922,51.8738],[13.3831,51.8581],[13.3962,51.8553],[13.3849,51.8403],[13.4032,51.8373],[13.4063,51.8304],[13.3971,51.8164],[13.4226,51.8117],[13.4636,51.7934],[13.5055,51.7925],[13.5326,51.7981],[13.5567,51.8095],[13.5554,51.8213],[13.5363,51.8252],[13.5506,51.836],[13.5477,51.863],[13.5422,51.8786],[13.4977,51.883],[13.4668,51.896],[13.4369,51.8897],[13.4332,51.9251],[13.4121,51.9301],[13.4186,51.9413],[13.4199,51.9619],[13.4148,51.9762]]]},"properties":{"AGS":"12072053","GEN":"Dahme/Mark","SN_L":"12"}},
{"type":"Feature","geometry":{"type":"Polygon","coordinates":[[[13.5193,51.9302],[13.4915,51.9275],[13.4818,51.9329],[13.4332,51.9251],[13.4369,51.8897],[13.4668,51.896],[13.4977,51.883],[13.5422,51.8786],[13.5578,51.8864],[13.5813,51.8915],[13.5787,51.8957],[13.5702,51.8953],[13.5458,51.9056],[13.5512,51.9213],[13.5193,51.9302]]]},"properties":{"AGS":"12072055","GEN":"Dahmetal","SN_L":"12"}},
{"type":"Feature","geometry":{"type":"Polygon","coordinates":[[[13.3971,51.8164],[13.4063,51.8304],[13.4032,51.8373],[13.3849,51.8403],[13.3962,51.8553],[13.3831,51.8581],[13.3922,51.8738],[13.3893,51.8907],[13.4059,51.895],[13.3948,51.9137],[13.3748,51.9145],[13.3358,51.9097],[13.3338,51.9046],[13.3336,51.8789],[13.3197,51.8671],[13.3107,51.8307],[13.3425,51.8281],[13.3545,51.8325],[13.3917,51.8169],[13.3971,51.8164]]]},"properties":{"AGS":"12072157","GEN":"Ihlow","SN_L":"12"}},
{"type":"Feature","geometry":{"type":"Polygon","coordinates":[[[13.2788,51.9811],[13.2522,51.9928],[13.2329,51.9912],[13.2134,51.9848],[13.2113,51.9739],[13.1858,51.9676],[13.1917,51.9592],[13.1726,51.9551],[13.1443,51.9682],[13.1199,51.9632],[13.1264,51.9429],[13.0952,51.9399],[13.0982,51.9254],[13.1181,51.9201],[13.1138,51.9104],[13.0826,51.9064],[13.0875,51.8956],[13.085,51.874],[13.119,51.8765],[13.1323,51.8825],[13.1496,51.8723],[13.1509,51.8596],[13.163,51.8607],[13.1624,51.8838],[13.1835,51.8861],[13.2023,51.8765],[13.2304,51.8782],[13.233,51.8687],[13.2207,51.857],[13.228,51.8377],[13.248,51.8223],[13.2705,51.8205],[13.2815,51.8265],[13.3037,51.8188],[13.3107,51.8307],[13.3197,51.8671],[13.3336,51.8789],[13.3338,51.9046],[13.3115,51.9079],[13.2915,51.9256],[13.2713,51.9333],[13.2735,51.9451],[13.2929,51.9449],[13.3043,51.9747],[13.2788,51.9811]]]},"properties":{"AGS":"12072298","GEN":"Niederer Fläming","SN_L":"12"}},
{"type":"Feature","geometry":{"type":"Polygon","coordinates":[[[14.0508,53.1207],[14.0173,53.1506],[14.0026,53.1595],[13.99,53.1547],[13.9828,53.1438],[13.9644,53.1442],[13.9494,53.1502],[13.9127,53.1399],[13.8851,53.1276],[13.8722,53.1107],[13.8495,53.1011],[13.8243,53.0954],[13.7906,53.0919],[13.7872,53.0857],[13.8047,53.0699],[13.8199,53.0666],[13.8153,53.057],[13.8485,53.0585],[13.8852,53.0523],[13.8719,53.0405],[13.8604,53.0396],[13.853,53.0175],[13.8294,53.0146],[13.8264,52.9887],[13.85,52.985],[13.8593,52.9742],[13.8791,52.9771],[13.9004,52.9731],[13.9124,52.9834],[13.9267,52.9824],[13.9482,52.961],[13.9489,52.9554],[13.9597,52.9551],[13.9753,52.9673],[13.9913,52.9609],[13.9775,52.9487],[13.9904,52.9367],[14.0098,52.9315],[14.0274,52.9563],[14.0494,52.9502],[14.0758,52.9502],[14.0731,52.9595],[14.1417,52.9619],[14.1459,52.9689],[14.1432,52.9943],[14.1222,53.0026],[14.1239,53.0178],[14.0954,53.0199],[14.0757,53.0323],[14.0759,53.0389],[14.0695,53.0401],[14.0665,53.0643],[14.0769,53.0797],[14.0717,53.095],[14.0428,53.0894],[14.0415,53.099],[14.0271,53.1068],[14.0508,53.1207]]]},"properties":{"AGS":"12073008","GEN":"Angermünde","SN_L":"12"}},
{"type":"Feature","geometry":{"type":"Polygon","coordinates":[[[13.728,53.231],[13.7028,53.2356],[13.6967,53.2438],[13.6695,53.2415],[13.6742,53.2714],[13.6897,53.2833],[13.6725,53.2991],[13.6634,53.2972],[13.6377,53.2812],[13.6258,53.3029],[13.611,53.3002],[13.6081,53.3146],[13.5878,53.3103],[13.5809,53.3161],[13.5518,53.3167],[13.5532,53.3414],[13.5482,53.3471],[13.5253,53.351],[13.5201,53.3405],[13.5235,53.3201],[13.5073,53.318],[13.4856,53.292],[13.4613,53.2887],[13.4562,53.298],[13.4396,53.2997],[13.4209,53.2696],[13.4077,53.2599],[13.3987,53.2458],[13.3813,53.2302],[13.4299,53.2139],[13.4503,53.2117],[13.456,53.2019],[13.4758,53.1911],[13.4905,53.1946],[13.5146,53.1918],[13.5451,53.1934],[13.5674,53.1895],[13.5759,53.2072],[13.5889,53.2097],[13.6162,53.2055],[13.626,53.2127],[13.6623,53.2041],[13.6856,53.1949],[13.7086,53.2009],[13.7232,53.229],[13.728,53.231]]]},"properties":{"AGS":"12073069","GEN":"Boitzenburger Land","SN_L":"12"}},
{"type":"Feature","geometry":{"type":"Polygon","coordinates":[[[13.3987,53.2458],[13.389,53.2427],[13.3605,53.278],[13.3371,53.2734],[13.2978,53.2809],[13.2753,53.2651],[13.2527,53.2623],[13.2414,53.2324],[13.2503,53.2224],[13.2417,53.2129],[13.2471,53.2059],[13.2743,53.2029],[13.284,53.1867],[13.3136,53.177],[13.294,53.1588],[13.3033,53.1551],[13.2878,53.14],[13.2982,53.1271],[13.3221,53.1103],[13.3332,53.1202],[13.3227,53.1476],[13.357,53.1786],[13.3863,53.1737],[13.3964,53.1854],[13.3846,53.1983],[13.4299,53.2139],[13.3813,53.2302],[13.3987,53.2458]]]},"properties":{"AGS":"12073384","GEN":"Lychen","SN_L":"12"}},
{"type":"Feature","geometry":{"type":"Polygon","coordinates":[[[13.8046,53.3958],[13.7988,53.4067],[13.7613,53.3958],[13.7414,53.4045],[13.7136,53.3979],[13.7014,53.4116],[13.6674,53.4038],[13.6561,53.4102],[13.6395,53.4035],[13.6258,53.41],[13.6065,53.4113],[13.5736,53.4081],[13.5501,53.3991],[13.5551,53.388],[13.5564,53.3761],[13.5434,53.364],[13.526,53.3663],[13.5253,53.351],[13.5482,53.3471],[13.5532,53.3414],[13.5518,53.3167],[13.5809,53.3161],[13.5878,53.3103],[13.6081,53.3146],[13.611,53.3002],[13.6258,53.3029],[13.6377,53.2812],[13.6634,53.2972],[13.6725,53.2991],[13.6897,53.2833],[13.6742,53.2714],[13.6695,53.2415],[13.6967,53.2438],[13.7028,53.2356],[13.728,53.231],[13.7286,53.2245],[13.7529,53.221],[13.7654,53.2265],[13.7924,53.2271],[13.7976,53.2208],[13.8184,53.2376],[13.8189,53.2442],[13.8577,53.2491],[13.8492,53.2535],[13.8566,53.265],[13.8472,53.2906],[13.8229,53.2888],[13.79,53.2818],[13.7776,53.2838],[13.7708,53.3133],[13.7567,53.323],[13.7729,53.3506],[13.7806,53.3733],[13.7904,53.3783],[13.8046,53.3958]]]},"properties":{"AGS":"12073429","GEN":"Nordwestuckermark","SN_L":"12"}},
{"type":"Feature","geometry":{"type":"Polygon","coordinates":[[[13.8651,53.3929],[13.8283,53.4016],[13.8114,53.3876],[13.8046,53.3958],[13.7904,53.3783],[13.7806,53.3733],[13.7729,53.3506],[13.7567,53.323],[13.7708,53.3133],[13.7776,53.2838],[13.79,53.2818],[13.8229,53.2888],[13.8472,53.2906],[13.8566,53.265],[13.8492,53.2535],[13.8577,53.2491],[13.8702,53.2425],[13.9067,53.2489],[13.9181,53.2603],[13.9133,53.2747],[13.9419,53.2857],[13.925,53.3045],[13.9217,53.3193],[13.9278,53.3266],[13.9248,53.3394],[13.8979,53.3447],[13.9081,53.3581],[13.9298,53.3712],[13.9619,53.3759],[13.9622,53.38],[13.9274,53.396],[13.8819,53.3854],[13.8651,53.3929]]]},"properties":{"AGS":"12073452","GEN":"Prenzlau","SN_L":"12"}},
{"type":"Feature","geometry":{"type":"Polygon","coordinates":[[[13.626,53.2127],[13.6162,53.2055],[13.5889,53.2097],[13.5759,53.2072],[13.5674,53.1895],[13.5451,53.1934],[13.5146,53.1918],[13.4905,53.1946],[13.4758,53.1911],[13.456,53.2019],[13.4503,53.2117],[13.4299,53.2139],[13.3846,53.1983],[13.3964,53.1854],[13.3863,53.1737],[13.357,53.1786],[13.3227,53.1476],[13.3332,53.1202],[13.3221,53.1103],[13.3218,53.1024],[13.3497,53.096],[13.3665,53.0793],[13.3689,53.0693],[13.4151,53.0529],[13.4028,53.0315],[13.4068,53.0253],[13.4285,53.023],[13.441,53.0286],[13.4521,53.0219],[13.4604,53.0084],[13.4859,53.009],[13.5009,52.9983],[13.4913,52.9872],[13.5175,52.9885],[13.5541,52.9887],[13.6023,52.9981],[13.6269,53.0033],[13.6721,53.001],[13.6471,53.0441],[13.6255,53.0602],[13.5923,53.0608],[13.5944,53.0769],[13.5732,53.0847],[13.5738,53.104],[13.5957,53.117],[13.5948,53.1284],[13.6046,53.1404],[13.6358,53.1442],[13.6392,53.1384],[13.6613,53.1402],[13.6501,53.1597],[13.6548,53.1632],[13.6441,53.1729],[13.6229,53.182],[13.6328,53.1985],[13.626,53.2127]]]},"properties":{"AGS":"12073572","GEN":"Templin","SN_L":"12"}},
{"type":"Feature","geometry":{"type":"Polygon","coordinates":[[[13.8018,53.5557],[13.7997,53.5587],[13.7842,53.5518],[13.7764,53.5313],[13.7777,53.5137],[13.7925,53.5109],[13.8076,53.5017],[13.8271,53.4987],[13.8126,53.4846],[13.7941,53.4762],[13.755,53.4778],[13.7154,53.4823],[13.7101,53.4791],[13.703,53.4736],[13.6632,53.4581],[13.6488,53.4456],[13.6405,53.4472],[13.6288,53.432],[13.636,53.4235],[13.6258,53.41],[13.6395,53.4035],[13.6561,53.4102],[13.6674,53.4038],[13.7014,53.4116],[13.7136,53.3979],[13.7414,53.4045],[13.7613,53.3958],[13.7988,53.4067],[13.8046,53.3958],[13.8114,53.3876],[13.8283,53.4016],[13.8651,53.3929],[13.9029,53.432],[13.9121,53.4384],[13.918,53.4525],[13.9182,53.456],[13.8756,53.4735],[13.8846,53.4853],[13.8741,53.494],[13.8787,53.5024],[13.8793,53.5041],[13.8484,53.5143],[13.8239,53.5211],[13.7982,53.5464],[13.8018,53.5557]]]},"properties":{"AGS":"12073579","GEN":"Uckerland","SN_L":"12"}},
{"type":"Feature","geometry":{"type":"Polygon","coordinates":[[[14.0759,53.0389],[14.1005,53.0436],[14.1186,53.0506],[14.1196,53.0585],[14.0973,53.0809],[14.0769,53.0797],[14.0665,53.0643],[14.0695,53.0401],[14.0759,53.0389]]]},"properties":{"AGS":"12073440","GEN":"Pinnow","SN_L":"12"}},
{"type":"Feature","geometry":{"type":"Polygon","coordinates":[[[14.244,53.1644],[14.2135,53.1671],[14.1767,53.1845],[14.1716,53.192],[14.1462,53.1863],[14.1066,53.1891],[14.0765,53.179],[14.0547,53.1769],[14.051,53.1606],[14.06,53.1328],[14.0508,53.1207],[14.0271,53.1068],[14.0415,53.099],[14.0428,53.0894],[14.0717,53.095],[14.0769,53.0797],[14.0973,53.0809],[14.1196,53.0585],[14.1186,53.0506],[14.1005,53.0436],[14.0759,53.0389],[14.0757,53.0323],[14.0954,53.0199],[14.1239,53.0178],[14.1222,53.0026],[14.1432,52.9943],[14.1459,52.9689],[14.1417,52.9619],[14.1437,52.9614],[14.1622,52.9653],[14.1679,52.9727],[14.2094,52.9882],[14.2356,52.9932],[14.2916,53.02],[14.3123,53.0355],[14.338,53.0466],[14.3524,53.0589],[14.3662,53.0794],[14.3702,53.1046],[14.3783,53.1116],[14.3821,53.1303],[14.3702,53.1373],[14.3591,53.1527],[14.3379,53.1555],[14.3302,53.1614],[14.3079,53.1645],[14.3076,53.1739],[14.2911,53.1753],[14.2983,53.1556],[14.2942,53.1464],[14.279,53.1473],[14.2793,53.1586],[14.244,53.1644]]]},"properties":{"AGS":"12073532","GEN":"Schwedt/Oder","SN_L":"12"}},
{"type":"Feature","geometry":{"type":"Polygon","coordinates":[[[14.2247,53.4342],[14.204,53.4235],[14.171,53.4248],[14.1368,53.441],[14.1218,53.4417],[14.1054,53.4224],[14.0823,53.4156],[14.0506,53.414],[14.0539,53.4092],[14.0522,53.4022],[14.0798,53.3922],[14.0926,53.3761],[14.1104,53.3399],[14.1241,53.3426],[14.1617,53.3304],[14.1747,53.322],[14.2034,53.341],[14.2234,53.3586],[14.2329,53.3715],[14.2433,53.3988],[14.2374,53.4147],[14.2417,53.4221],[14.2247,53.4342]]]},"properties":{"AGS":"12073085","GEN":"Brüssow","SN_L":"12"}},
{"type":"Feature","geometry":{"type":"Polygon","coordinates":[[[14.1104,53.3399],[14.0926,53.3761],[14.0798,53.3922],[14.0522,53.4022],[14.0539,53.4092],[14.0368,53.4023],[14.0288,53.3892],[14.0425,53.3721],[14.0334,53.3698],[13.9982,53.3493],[14.0057,53.3413],[14.0071,53.3402],[14.0331,53.3483],[14.0577,53.3485],[14.0642,53.3296],[14.0788,53.3251],[14.1008,53.3304],[14.1104,53.3399]]]},"properties":{"AGS":"12073093","GEN":"Carmzow-Wallmow","SN_L":"12"}},
{"type":"Feature","geometry":{"type":"Polygon","coordinates":[[[13.9621,53.4299],[13.9431,53.4299],[13.9181,53.4218],[13.9029,53.432],[13.8651,53.3929],[13.8819,53.3854],[13.9274,53.396],[13.9622,53.38],[13.9619,53.3759],[13.9733,53.3737],[13.9742,53.3976],[13.9611,53.415],[13.9621,53.4299]]]},"properties":{"AGS":"12073216","GEN":"Göritz","SN_L":"12"}},
{"type":"Feature","geometry":{"type":"Polygon","coordinates":[[[14.0057,53.3413],[13.9982,53.3493],[14.0334,53.3698],[14.0425,53.3721],[14.0288,53.3892],[14.019,53.3771],[13.9733,53.3737],[13.9619,53.3759],[13.9298,53.3712],[13.9081,53.3581],[13.8979,53.3447],[13.9248,53.3394],[13.9278,53.3266],[13.9682,53.3359],[14.0057,53.3413]]]},"properties":{"AGS":"12073490","GEN":"Schenkenberg","SN_L":"12"}},
{"type":"Feature","geometry":{"type":"Polygon","coordinates":[[[14.0456,53.4294],[14.0066,53.4304],[14.0012,53.435],[13.9621,53.4299],[13.9611,53.415],[13.9742,53.3976],[13.9733,53.3737],[14.019,53.3771],[14.0288,53.3892],[14.0368,53.4023],[14.0539,53.4092],[14.0506,53.414],[14.0456,53.4294]]]},"properties":{"AGS":"12073520","GEN":"Schönfeld","SN_L":"12"}},
{"type":"Feature","geometry":{"type":"Polygon","coordinates":[[[14.266,53.2596],[14.2111,53.2548],[14.2002,53.2618],[14.176,53.2621],[14.1602,53.2678],[14.1248,53.2602],[14.0988,53.2617],[14.0978,53.2558],[14.0931,53.2153],[14.0965,53.207],[14.1066,53.1891],[14.1462,53.1863],[14.1716,53.192],[14.1767,53.1845],[14.2135,53.1671],[14.244,53.1644],[14.2455,53.1941],[14.2343,53.1982],[14.2304,53.2087],[14.242,53.2185],[14.2826,53.2339],[14.2814,53.244],[14.266,53.2596]]]},"properties":{"AGS":"12073097","GEN":"Casekow","SN_L":"12"}},
{"type":"Feature","geometry":{"type":"Polygon","coordinates":[[[14.4195,53.2329],[14.4051,53.2642],[14.3863,53.2681],[14.3592,53.2563],[14.3236,53.2528],[14.2963,53.2435],[14.2814,53.244],[14.2826,53.2339],[14.3068,53.2188],[14.3096,53.2063],[14.3223,53.1931],[14.3437,53.1813],[14.3302,53.1614],[14.3379,53.1555],[14.3591,53.1527],[14.3702,53.1373],[14.3821,53.1303],[14.3877,53.143],[14.3737,53.1543],[14.3663,53.172],[14.3773,53.2017],[14.4059,53.2108],[14.4085,53.2232],[14.4195,53.2329]]]},"properties":{"AGS":"12073189","GEN":"Gartz (Oder)","SN_L":"12"}},
{"type":"Feature","geometry":{"type":"Polygon","coordinates":[[[14.3302,53.1614],[14.3437,53.1813],[14.3223,53.1931],[14.3096,53.2063],[14.3068,53.2188],[14.2826,53.2339],[14.242,53.2185],[14.2304,53.2087],[14.2343,53.1982],[14.2455,53.1941],[14.244,53.1644],[14.2793,53.1586],[14.279,53.1473],[14.2942,53.1464],[14.2983,53.1556],[14.2911,53.1753],[14.3076,53.1739],[14.3079,53.1645],[14.3302,53.1614]]]},"properties":{"AGS":"12073309","GEN":"Hohenselchow-Groß Pinnow","SN_L":"12"}},
{"type":"Feature","geometry":{"type":"Polygon","coordinates":[[[14.4195,53.2329],[14.4496,53.2594],[14.4443,53.2724],[14.4212,53.2761],[14.415,53.3019],[14.4068,53.3087],[14.4124,53.3296],[14.3811,53.3235],[14.3766,53.3163],[14.3487,53.31],[14.3166,53.3123],[14.309,53.2977],[14.3547,53.2958],[14.3771,53.2979],[14.391,53.2828],[14.3863,53.2681],[14.4051,53.2642],[14.4195,53.2329]]]},"properties":{"AGS":"12073393","GEN":"Mescherin","SN_L":"12"}},
{"type":"Feature","geometry":{"type":"Polygon","coordinates":[[[14.3863,53.2681],[14.391,53.2828],[14.3771,53.2979],[14.3547,53.2958],[14.309,53.2977],[14.2935,53.2839],[14.2622,53.2766],[14.266,53.2596],[14.2814,53.244],[14.2963,53.2435],[14.3236,53.2528],[14.3592,53.2563],[14.3863,53.2681]]]},"properties":{"AGS":"12073565","GEN":"Tantow","SN_L":"12"}},
{"type":"Feature","geometry":{"type":"Polygon","coordinates":[[[13.9127,53.1399],[13.9073,53.146],[13.8851,53.1387],[13.8753,53.1471],[13.859,53.1486],[13.859,53.1643],[13.8709,53.1789],[13.847,53.1804],[13.8429,53.166],[13.8143,53.1675],[13.7984,53.1727],[13.7681,53.1596],[13.7696,53.1463],[13.7833,53.139],[13.802,53.1419],[13.8196,53.137],[13.8047,53.117],[13.7801,53.1065],[13.7792,53.0927],[13.7906,53.0919],[13.8243,53.0954],[13.8495,53.1011],[13.8722,53.1107],[13.8851,53.1276],[13.9127,53.1399]]]},"properties":{"AGS":"12073157","GEN":"Flieth-Stegelitz","SN_L":"12"}},
{"type":"Feature","geometry":{"type":"Polygon","coordinates":[[[13.7976,53.2208],[13.7924,53.2271],[13.7654,53.2265],[13.7529,53.221],[13.7286,53.2245],[13.728,53.231],[13.7232,53.229],[13.7086,53.2009],[13.7302,53.1967],[13.7291,53.1824],[13.691,53.1685],[13.6688,53.1678],[13.6548,53.1632],[13.6501,53.1597],[13.6613,53.1402],[13.6771,53.126],[13.7028,53.1267],[13.7235,53.1316],[13.7335,53.1288],[13.7326,53.1122],[13.7173,53.1113],[13.6987,53.1016],[13.7077,53.09],[13.7146,53.0902],[13.7383,53.1063],[13.7611,53.1135],[13.7801,53.1065],[13.8047,53.117],[13.8196,53.137],[13.802,53.1419],[13.7833,53.139],[13.7696,53.1463],[13.7681,53.1596],[13.7984,53.1727],[13.8143,53.1675],[13.8429,53.166],[13.847,53.1804],[13.8537,53.1973],[13.809,53.1943],[13.789,53.2046],[13.7976,53.2208]]]},"properties":{"AGS":"12073201","GEN":"Gerswalde","SN_L":"12"}},
{"type":"Feature","geometry":{"type":"Polygon","coordinates":[[[13.6613,53.1402],[13.6392,53.1384],[13.6358,53.1442],[13.6046,53.1404],[13.5948,53.1284],[13.5957,53.117],[13.5738,53.104],[13.5732,53.0847],[13.5944,53.0769],[13.5923,53.0608],[13.6255,53.0602],[13.6232,53.0772],[13.6712,53.0801],[13.6943,53.0762],[13.7616,53.0722],[13.7819,53.0773],[13.7559,53.0892],[13.731,53.0815],[13.7077,53.09],[13.6987,53.1016],[13.7173,53.1113],[13.7326,53.1122],[13.7335,53.1288],[13.7235,53.1316],[13.7028,53.1267],[13.6771,53.126],[13.6613,53.1402]]]},"properties":{"AGS":"12073396","GEN":"Milmersdorf","SN_L":"12"}},
{"type":"Feature","geometry":{"type":"Polygon","coordinates":[[[13.7086,53.2009],[13.6856,53.1949],[13.6623,53.2041],[13.626,53.2127],[13.6328,53.1985],[13.6229,53.182],[13.6441,53.1729],[13.6548,53.1632],[13.6688,53.1678],[13.691,53.1685],[13.7291,53.1824],[13.7302,53.1967],[13.7086,53.2009]]]},"properties":{"AGS":"12073404","GEN":"Mittenwalde","SN_L":"12"}},
{"type":"Feature","geometry":{"type":"Polygon","coordinates":[[[13.7801,53.1065],[13.7611,53.1135],[13.7383,53.1063],[13.7146,53.0902],[13.7077,53.09],[13.731,53.0815],[13.7559,53.0892],[13.7819,53.0773],[13.7616,53.0722],[13.6943,53.0762],[13.6712,53.0801],[13.6232,53.0772],[13.6255,53.0602],[13.6471,53.0441],[13.6721,53.001],[13.6912,53.0116],[13.6656,53.0141],[13.6817,53.0304],[13.6821,53.0425],[13.7114,53.0349],[13.7341,53.0441],[13.7513,53.0399],[13.7915,53.0492],[13.8134,53.0461],[13.8153,53.057],[13.8199,53.0666],[13.8047,53.0699],[13.7872,53.0857],[13.7906,53.0919],[13.7792,53.0927],[13.7801,53.1065]]]},"properties":{"AGS":"12073569","GEN":"Temmen-Ringenwalde","SN_L":"12"}},
{"type":"Feature","geometry":{"type":"Polygon","coordinates":[[[14.0978,53.2558],[14.044,53.2642],[14.0058,53.2387],[13.9995,53.2264],[13.9648,53.2198],[13.9541,53.2056],[13.9592,53.1967],[13.949,53.1787],[13.9287,53.1751],[13.9348,53.1585],[13.9494,53.1502],[13.9644,53.1442],[13.9828,53.1438],[13.99,53.1547],[14.0026,53.1595],[14.001,53.1672],[14.0203,53.1967],[14.0407,53.2115],[14.0725,53.2066],[14.0965,53.207],[14.0931,53.2153],[14.0978,53.2558]]]},"properties":{"AGS":"12073225","GEN":"Gramzow","SN_L":"12"}},
{"type":"Feature","geometry":{"type":"Polygon","coordinates":[[[14.0342,53.2842],[14.0276,53.3128],[14.0138,53.3115],[13.9907,53.3228],[14.0112,53.3364],[14.0071,53.3402],[14.0057,53.3413],[13.9682,53.3359],[13.9278,53.3266],[13.9217,53.3193],[13.925,53.3045],[13.9419,53.2857],[13.9715,53.2793],[14.0033,53.2795],[14.0342,53.2842]]]},"properties":{"AGS":"12073261","GEN":"Grünow","SN_L":"12"}},
{"type":"Feature","geometry":{"type":"Polygon","coordinates":[[[13.9648,53.2198],[13.9504,53.2331],[13.9274,53.2283],[13.9067,53.2489],[13.8702,53.2425],[13.8577,53.2491],[13.8189,53.2442],[13.8184,53.2376],[13.7976,53.2208],[13.789,53.2046],[13.809,53.1943],[13.8537,53.1973],[13.847,53.1804],[13.8709,53.1789],[13.859,53.1643],[13.859,53.1486],[13.8753,53.1471],[13.8851,53.1387],[13.9073,53.146],[13.9127,53.1399],[13.9494,53.1502],[13.9348,53.1585],[13.9287,53.1751],[13.949,53.1787],[13.9592,53.1967],[13.9541,53.2056],[13.9648,53.2198]]]},"properties":{"AGS":"12073430","GEN":"Oberuckersee","SN_L":"12"}},
{"type":"Feature","geometry":{"type":"Polygon","coordinates":[[[14.1104,53.3399],[14.1008,53.3304],[14.0788,53.3251],[14.0642,53.3296],[14.0577,53.3485],[14.0331,53.3483],[14.0071,53.3402],[14.0112,53.3364],[13.9907,53.3228],[14.0138,53.3115],[14.0276,53.3128],[14.0342,53.2842],[14.044,53.2642],[14.0978,53.2558],[14.0988,53.2617],[14.1141,53.2859],[14.1429,53.3046],[14.1747,53.322],[14.1617,53.3304],[14.1241,53.3426],[14.1104,53.3399]]]},"properties":{"AGS":"12073458","GEN":"Randowtal","SN_L":"12"}},
{"type":"Feature","geometry":{"type":"Polygon","coordinates":[[[14.044,53.2642],[14.0342,53.2842],[14.0033,53.2795],[13.9715,53.2793],[13.9419,53.2857],[13.9133,53.2747],[13.9181,53.2603],[13.9067,53.2489],[13.9274,53.2283],[13.9504,53.2331],[13.9648,53.2198],[13.9995,53.2264],[14.0058,53.2387],[14.044,53.2642]]]},"properties":{"AGS":"12073578","GEN":"Uckerfelde","SN_L":"12"}},
{"type":"Feature","geometry":{"type":"Polygon","coordinates":[[[14.0965,53.207],[14.0725,53.2066],[14.0407,53.2115],[14.0203,53.1967],[14.001,53.1672],[14.0026,53.1595],[14.0173,53.1506],[14.0508,53.1207],[14.06,53.1328],[14.051,53.1606],[14.0547,53.1769],[14.0765,53.179],[14.1066,53.1891],[14.0965,53.207]]]},"properties":{"AGS":"12073645","GEN":"Zichow","SN_L":"12"}}
]}