{"type":"FeatureCollection", "features": [
{"type":"Feature","geometry":{"type":"Polygon","coordinates":[[[12.2635,54.2428],[12.2394,54.241],[12.2011,54.2447],[12.1749,54.2291],[12.1513,54.2039],[12.1282,54.1864],[12.1027,54.1793],[12.0953,54.1813],[12.101,54.1693],[12.1231,54.1777],[12.1432,54.1742],[12.1376,54.1598],[12.1102,54.1593],[12.097,54.1519],[12.0964,54.1366],[12.102,54.1111],[12.0907,54.1109],[12.0859,54.1232],[12.0906,54.1312],[12.0839,54.1445],[12.0926,54.1538],[12.0963,54.1703],[12.0868,54.1851],[12.0716,54.1793],[12.0393,54.1764],[12.0121,54.1784],[11.9985,54.175],[12.035,54.1631],[12.0236,54.1523],[12.0372,54.1379],[12.0197,54.1288],[12.022,54.1229],[12.0545,54.1031],[12.0482,54.0936],[12.0642,54.0813],[12.0636,54.0643],[12.0797,54.0519],[12.1375,54.0594],[12.1582,54.0688],[12.1912,54.0692],[12.2006,54.0797],[12.2035,54.0975],[12.1914,54.1083],[12.1719,54.1174],[12.1726,54.1289],[12.1838,54.1347],[12.19,54.1479],[12.1827,54.1591],[12.1963,54.167],[12.2039,54.1821],[12.258,54.1828],[12.2937,54.1971],[12.2636,54.2151],[12.268,54.2403],[12.2635,54.2428]]]},"properties":{"AGS":"13003000","GEN":"Rostock","SN_L":"13"}},
{"type":"Feature","geometry":{"type":"Polygon","coordinates":[[[11.4362,53.6853],[11.4117,53.6868],[11.4084,53.6794],[11.3901,53.6756],[11.3731,53.6792],[11.3584,53.6733],[11.3419,53.6774],[11.3337,53.6723],[11.3016,53.6524],[11.3282,53.6451],[11.3466,53.6338],[11.3582,53.6204],[11.3662,53.6087],[11.357,53.5939],[11.3804,53.5778],[11.3676,53.5565],[11.4231,53.5496],[11.4245,53.5453],[11.4618,53.5501],[11.4806,53.5625],[11.4515,53.5704],[11.4756,53.5837],[11.4877,53.5798],[11.4919,53.595],[11.5054,53.6062],[11.5042,53.6216],[11.4857,53.6335],[11.4857,53.6665],[11.4714,53.6842],[11.4495,53.6807],[11.4362,53.6853]]]},"properties":{"AGS":"13004000","GEN":"Schwerin","SN_L":"13"}},
{"type":"Feature","geometry":{"type":"Polygon","coordinates":[[[12.8744,53.974],[12.8568,53.9758],[12.8414,53.9885],[12.8086,54.0049],[12.816,53.9881],[12.7884,53.9589],[12.8068,53.9427],[12.8122,53.9307],[12.7951,53.9273],[12.7847,53.9228],[12.7652,53.8983],[12.7903,53.8774],[12.7763,53.8665],[12.7962,53.8506],[12.8305,53.8444],[12.8673,53.8337],[12.8887,53.8474],[12.8804,53.8623],[12.8972,53.8726],[12.8995,53.8847],[12.9291,53.893],[12.925,53.9197],[12.9006,53.9215],[12.9005,53.9392],[12.9229,53.9586],[12.9116,53.9655],[12.8744,53.974]]]},"properties":{"AGS":"13071027","GEN":"Dargun","SN_L":"13"}},
{"type":"Feature","geometry":{"type":"Polygon","coordinates":[[[13.0893,53.9459],[13.0643,53.9545],[13.0558,53.9669],[13.0292,53.9795],[13.0121,53.9793],[13.0151,53.9737],[12.9966,53.9643],[12.9923,53.9553],[12.9563,53.9424],[12.9465,53.9317],[12.9595,53.8991],[12.9858,53.9035],[12.9968,53.8848],[12.983,53.881],[12.9974,53.8693],[13.025,53.8651],[13.0445,53.8738],[13.0819,53.8754],[13.0802,53.8819],[13.0694,53.8966],[13.1221,53.8925],[13.1159,53.9109],[13.1025,53.9202],[13.0906,53.9172],[13.0803,53.9325],[13.0893,53.9459]]]},"properties":{"AGS":"13071029","GEN":"Demmin","SN_L":"13"}},
{"type":"Feature","geometry":{"type":"Polygon","coordinates":[[[13.5551,53.388],[13.5248,53.392],[13.5275,53.4021],[13.5109,53.4069],[13.484,53.4074],[13.4743,53.4117],[13.4342,53.4064],[13.422,53.4023],[13.3972,53.4003],[13.3855,53.392],[13.3718,53.3945],[13.3596,53.3741],[13.3338,53.3704],[13.3252,53.3573],[13.3402,53.3473],[13.3247,53.3344],[13.3393,53.3263],[13.3353,53.3069],[13.3276,53.3042],[13.3078,53.3166],[13.2646,53.3176],[13.2419,53.2983],[13.2425,53.2888],[13.2178,53.2734],[13.2332,53.2552],[13.2527,53.2623],[13.2753,53.2651],[13.2978,53.2809],[13.3371,53.2734],[13.3605,53.278],[13.389,53.2427],[13.3987,53.2458],[13.4077,53.2599],[13.4209,53.2696],[13.4396,53.2997],[13.4562,53.298],[13.4613,53.2887],[13.4856,53.292],[13.5073,53.318],[13.5235,53.3201],[13.5201,53.3405],[13.5253,53.351],[13.526,53.3663],[13.5434,53.364],[13.5564,53.3761],[13.5551,53.388]]]},"properties":{"AGS":"13071033","GEN":"Feldberger Seenlandschaft","SN_L":"13"}},
{"type":"Feature","geometry":{"type":"Polygon","coordinates":[[[13.311,53.5916],[13.2669,53.5916],[13.2528,53.6191],[13.249,53.6169],[13.2493,53.6039],[13.2289,53.595],[13.2033,53.5763],[13.1841,53.5701],[13.1805,53.5662],[13.19,53.5564],[13.2103,53.5529],[13.2215,53.5312],[13.2078,53.5142],[13.1835,53.4965],[13.1648,53.4896],[13.1583,53.48],[13.1615,53.4687],[13.14,53.4616],[13.1411,53.4516],[13.1593,53.4442],[13.1721,53.4451],[13.1808,53.4653],[13.182,53.4708],[13.2105,53.4844],[13.2201,53.4998],[13.2298,53.5159],[13.247,53.5127],[13.2608,53.5168],[13.2986,53.5209],[13.324,53.5304],[13.328,53.5396],[13.3429,53.5394],[13.3395,53.5687],[13.3207,53.5718],[13.311,53.5916]]]},"properties":{"AGS":"13071107","GEN":"Neubrandenburg","SN_L":"13"}},
{"type":"Feature","geometry":{"type":"Polygon","coordinates":[[[13.044,53.409],[13.0205,53.4134],[13.0134,53.4064],[12.9911,53.4011],[12.9644,53.4122],[12.9367,53.4032],[12.9275,53.3857],[12.9493,53.3785],[12.9689,53.3765],[12.9595,53.3661],[12.9667,53.3586],[12.9785,53.3596],[12.9898,53.3503],[13.0138,53.3451],[13.0364,53.3339],[13.0406,53.322],[13.0375,53.3026],[13.0356,53.2939],[13.054,53.2859],[13.0742,53.2613],[13.1134,53.2626],[13.1202,53.2609],[13.1533,53.273],[13.1807,53.2907],[13.1783,53.3193],[13.162,53.3292],[13.1415,53.3416],[13.1435,53.3553],[13.1323,53.3704],[13.1153,53.3732],[13.1158,53.3813],[13.1085,53.391],[13.0919,53.3772],[13.0451,53.4007],[13.044,53.409]]]},"properties":{"AGS":"13071110","GEN":"Neustrelitz","SN_L":"13"}},
{"type":"Feature","geometry":{"type":"Polygon","coordinates":[[[12.7481,53.5593],[12.7147,53.5772],[12.6846,53.5849],[12.678,53.5819],[12.6788,53.5707],[12.6682,53.5545],[12.6457,53.541],[12.6061,53.5619],[12.597,53.541],[12.5842,53.5248],[12.6065,53.5184],[12.6159,53.5094],[12.6332,53.5094],[12.6519,53.5036],[12.6308,53.4746],[12.6369,53.4617],[12.6153,53.4478],[12.6159,53.4325],[12.6279,53.4187],[12.6744,53.4035],[12.782,53.3953],[12.7791,53.4191],[12.7858,53.4328],[12.7725,53.4383],[12.7776,53.4494],[12.7617,53.4503],[12.76,53.4635],[12.7275,53.47],[12.7345,53.4873],[12.7467,53.5038],[12.7363,53.5116],[12.7512,53.5216],[12.7359,53.5476],[12.7481,53.5593]]]},"properties":{"AGS":"13071156","GEN":"Waren (Müritz)","SN_L":"13"}},
{"type":"Feature","geometry":{"type":"Polygon","coordinates":[[[13.0904,53.8358],[13.0798,53.8576],[13.087,53.8671],[13.0819,53.8754],[13.0445,53.8738],[13.025,53.8651],[13.0313,53.8566],[13.0164,53.8484],[13.0234,53.8287],[13.0204,53.8175],[13.0238,53.7998],[13.0412,53.798],[13.0569,53.802],[13.0904,53.8358]]]},"properties":{"AGS":"13071008","GEN":"Beggerow","SN_L":"13"}},
{"type":"Feature","geometry":{"type":"Polygon","coordinates":[[[13.025,53.8651],[12.9974,53.8693],[12.9792,53.8507],[12.9631,53.8445],[12.9499,53.8299],[12.9525,53.8257],[12.9388,53.7982],[12.9159,53.7998],[12.9089,53.776],[12.9317,53.7652],[12.9479,53.7638],[12.955,53.7688],[12.9762,53.7631],[12.9915,53.7729],[12.9854,53.7913],[13.0022,53.7984],[13.0238,53.7998],[13.0204,53.8175],[13.0234,53.8287],[13.0164,53.8484],[13.0313,53.8566],[13.025,53.8651]]]},"properties":{"AGS":"13071014","GEN":"Borrentin","SN_L":"13"}},
{"type":"Feature","geometry":{"type":"Polygon","coordinates":[[[13.0238,53.7998],[13.0022,53.7984],[12.9854,53.7913],[12.9915,53.7729],[12.9954,53.7725],[13.0142,53.779],[13.0363,53.7811],[13.0238,53.7998]]]},"properties":{"AGS":"13071064","GEN":"Hohenbollentin","SN_L":"13"}},
{"type":"Feature","geometry":{"type":"Polygon","coordinates":[[[13.1852,53.8385],[13.1628,53.8358],[13.1467,53.8408],[13.1239,53.8419],[13.1145,53.8296],[13.1193,53.8138],[13.1373,53.7956],[13.1593,53.7998],[13.1847,53.7997],[13.1943,53.7925],[13.2174,53.7954],[13.2168,53.805],[13.2334,53.8081],[13.1852,53.8385]]]},"properties":{"AGS":"13071065","GEN":"Hohenmocker","SN_L":"13"}},
{"type":"Feature","geometry":{"type":"Polygon","coordinates":[[[12.9954,53.7725],[12.9915,53.7729],[12.9762,53.7631],[12.955,53.7688],[12.9479,53.7638],[12.9467,53.7447],[12.9627,53.7341],[12.9778,53.7319],[12.9986,53.7499],[12.9954,53.7725]]]},"properties":{"AGS":"13071072","GEN":"Kentzlin","SN_L":"13"}},
{"type":"Feature","geometry":{"type":"Polygon","coordinates":[[[13.1932,53.9313],[13.1546,53.9441],[13.1331,53.9318],[13.1074,53.947],[13.0893,53.9459],[13.0803,53.9325],[13.0906,53.9172],[13.1025,53.9202],[13.1159,53.9109],[13.169,53.9089],[13.1727,53.9039],[13.21,53.9048],[13.2054,53.9173],[13.1932,53.9313]]]},"properties":{"AGS":"13071076","GEN":"Kletzin","SN_L":"13"}},
{"type":"Feature","geometry":{"type":"Polygon","coordinates":[[[13.0885,53.7634],[13.0703,53.7626],[13.032,53.7709],[13.0363,53.7811],[13.0142,53.779],[12.9954,53.7725],[12.9986,53.7499],[12.9778,53.7319],[13.0019,53.7408],[13.0137,53.7497],[13.0375,53.748],[13.0486,53.7487],[13.063,53.759],[13.0851,53.7601],[13.0885,53.7634]]]},"properties":{"AGS":"13071089","GEN":"Lindenberg","SN_L":"13"}},
{"type":"Feature","geometry":{"type":"Polygon","coordinates":[[[12.9525,53.8257],[12.9119,53.8315],[12.9118,53.8229],[12.8967,53.8047],[12.9159,53.7998],[12.9388,53.7982],[12.9525,53.8257]]]},"properties":{"AGS":"13071096","GEN":"Meesiger","SN_L":"13"}},
{"type":"Feature","geometry":{"type":"Polygon","coordinates":[[[12.9869,54.0038],[12.9588,54.0041],[12.9376,53.9942],[12.9131,53.9911],[12.9037,53.9819],[12.8768,53.9802],[12.8744,53.974],[12.9116,53.9655],[12.9229,53.9586],[12.9563,53.9424],[12.9923,53.9553],[12.9966,53.9643],[13.0151,53.9737],[13.0121,53.9793],[12.9966,53.9861],[13.0154,53.9931],[12.9869,54.0038]]]},"properties":{"AGS":"13071112","GEN":"Nossendorf","SN_L":"13"}},
{"type":"Feature","geometry":{"type":"Polygon","coordinates":[[[13.1145,53.8296],[13.0904,53.8358],[13.0569,53.802],[13.0412,53.798],[13.0238,53.7998],[13.0363,53.7811],[13.032,53.7709],[13.0703,53.7626],[13.0885,53.7634],[13.1125,53.7815],[13.1437,53.7876],[13.1373,53.7956],[13.1193,53.8138],[13.1145,53.8296]]]},"properties":{"AGS":"13071128","GEN":"Sarow","SN_L":"13"}},
{"type":"Feature","geometry":{"type":"Polygon","coordinates":[[[12.983,53.881],[12.958,53.8755],[12.9245,53.8728],[12.9253,53.8626],[12.937,53.8476],[12.9365,53.8397],[12.9499,53.8299],[12.9631,53.8445],[12.9792,53.8507],[12.9974,53.8693],[12.983,53.881]]]},"properties":{"AGS":"13071131","GEN":"Schönfeld","SN_L":"13"}},
{"type":"Feature","geometry":{"type":"Polygon","coordinates":[[[13.21,53.9048],[13.1727,53.9039],[13.169,53.9089],[13.1159,53.9109],[13.1221,53.8925],[13.0694,53.8966],[13.0802,53.8819],[13.0964,53.8792],[13.11,53.8678],[13.1337,53.8687],[13.1618,53.8799],[13.1631,53.8714],[13.1784,53.8619],[13.1924,53.8704],[13.2002,53.889],[13.1979,53.9014],[13.21,53.9048]]]},"properties":{"AGS":"13071136","GEN":"Siedenbrünzow","SN_L":"13"}},
{"type":"Feature","geometry":{"type":"Polygon","coordinates":[[[12.8967,53.8047],[12.8764,53.8028],[12.8654,53.7855],[12.8894,53.7714],[12.9089,53.776],[12.9159,53.7998],[12.8967,53.8047]]]},"properties":{"AGS":"13071139","GEN":"Sommersdorf","SN_L":"13"}},
{"type":"Feature","geometry":{"type":"Polygon","coordinates":[[[13.1784,53.8619],[13.1631,53.8714],[13.1618,53.8799],[13.1337,53.8687],[13.11,53.8678],[13.0964,53.8792],[13.0802,53.8819],[13.0819,53.8754],[13.087,53.8671],[13.0798,53.8576],[13.0904,53.8358],[13.1145,53.8296],[13.1239,53.8419],[13.1467,53.8408],[13.1628,53.8358],[13.1852,53.8385],[13.1928,53.8492],[13.1784,53.8619]]]},"properties":{"AGS":"13071148","GEN":"Utzedel","SN_L":"13"}},
{"type":"Feature","geometry":{"type":"Polygon","coordinates":[[[12.9245,53.8728],[12.8972,53.8726],[12.8804,53.8623],[12.8887,53.8474],[12.9045,53.8483],[12.9153,53.8411],[12.9119,53.8315],[12.9525,53.8257],[12.9499,53.8299],[12.9365,53.8397],[12.937,53.8476],[12.9253,53.8626],[12.9245,53.8728]]]},"properties":{"AGS":"13071150","GEN":"Verchen","SN_L":"13"}},
{"type":"Feature","geometry":{"type":"Polygon","coordinates":[[[12.9563,53.9424],[12.9229,53.9586],[12.9005,53.9392],[12.9006,53.9215],[12.925,53.9197],[12.9291,53.893],[12.8995,53.8847],[12.8972,53.8726],[12.9245,53.8728],[12.958,53.8755],[12.983,53.881],[12.9968,53.8848],[12.9858,53.9035],[12.9595,53.8991],[12.9465,53.9317],[12.9563,53.9424]]]},"properties":{"AGS":"13071157","GEN":"Warrenzin","SN_L":"13"}},
{"type":"Feature","geometry":{"type":"Polygon","coordinates":[[[13.4211,53.6005],[13.4305,53.601],[13.4631,53.5871],[13.4842,53.5995],[13.4935,53.6105],[13.4693,53.6213],[13.4738,53.6326],[13.4879,53.6386],[13.5003,53.6522],[13.5152,53.6577],[13.5113,53.6875],[13.495,53.6917],[13.4866,53.7039],[13.4749,53.69],[13.4568,53.6855],[13.4666,53.6825],[13.4601,53.67],[13.4467,53.6615],[13.4271,53.6358],[13.4336,53.6259],[13.4214,53.6173],[13.42,53.608],[13.4211,53.6005]]]},"properties":{"AGS":"13071028","GEN":"Datzetal","SN_L":"13"}},
{"type":"Feature","geometry":{"type":"Polygon","coordinates":[[[13.5183,53.7313],[13.5015,53.7439],[13.4312,53.7519],[13.4177,53.7268],[13.4159,53.7127],[13.4373,53.7074],[13.4563,53.7181],[13.4882,53.7076],[13.4866,53.7039],[13.495,53.6917],[13.5113,53.6875],[13.5152,53.6577],[13.5003,53.6522],[13.4879,53.6386],[13.4738,53.6326],[13.4693,53.6213],[13.4935,53.6105],[13.4842,53.5995],[13.4631,53.5871],[13.4305,53.601],[13.4211,53.6005],[13.4059,53.5869],[13.4198,53.5759],[13.45,53.5727],[13.4652,53.5566],[13.4953,53.5688],[13.5189,53.5739],[13.5315,53.5808],[13.5525,53.6048],[13.5886,53.5968],[13.5992,53.5913],[13.6618,53.5983],[13.6596,53.604],[13.6248,53.6061],[13.6155,53.6199],[13.578,53.6378],[13.5878,53.6604],[13.6067,53.6625],[13.625,53.6931],[13.6497,53.6885],[13.6591,53.6977],[13.6407,53.7041],[13.5519,53.6951],[13.5341,53.7041],[13.5239,53.7157],[13.5183,53.7313]]]},"properties":{"AGS":"13071035","GEN":"Friedland","SN_L":"13"}},
{"type":"Feature","geometry":{"type":"Polygon","coordinates":[[[13.7342,53.693],[13.7079,53.6989],[13.6591,53.6977],[13.6497,53.6885],[13.625,53.6931],[13.6067,53.6625],[13.5878,53.6604],[13.578,53.6378],[13.6155,53.6199],[13.6248,53.6061],[13.6596,53.604],[13.6618,53.5983],[13.6684,53.5933],[13.6839,53.587],[13.7014,53.5927],[13.7337,53.6031],[13.7541,53.6144],[13.7673,53.6155],[13.7436,53.6274],[13.7283,53.6395],[13.6943,53.651],[13.723,53.6684],[13.7509,53.6723],[13.7614,53.6786],[13.7818,53.6793],[13.796,53.6851],[13.7559,53.6858],[13.7342,53.693]]]},"properties":{"AGS":"13071037","GEN":"Galenbeck","SN_L":"13"}},
{"type":"Feature","geometry":{"type":"MultiPolygon","coordinates":[[[[12.7395,53.7407],[12.7333,53.7449],[12.6979,53.7342],[12.7052,53.7298],[12.7346,53.7348],[12.7395,53.7407]]],[[[12.724,53.7037],[12.6863,53.7286],[12.6648,53.7197],[12.6583,53.7021],[12.6432,53.6878],[12.6277,53.6834],[12.6418,53.6695],[12.6578,53.6623],[12.6465,53.6553],[12.6643,53.6528],[12.703,53.6657],[12.7091,53.6648],[12.7204,53.6783],[12.7377,53.6801],[12.735,53.6924],[12.724,53.7037]]]]},"properties":{"AGS":"13071007","GEN":"Basedow","SN_L":"13"}},
{"type":"Feature","geometry":{"type":"Polygon","coordinates":[[[12.8031,53.6648],[12.8036,53.674],[12.7881,53.679],[12.7602,53.6656],[12.7517,53.6574],[12.7606,53.6496],[12.731,53.6346],[12.7188,53.6193],[12.7545,53.6118],[12.7644,53.6144],[12.7947,53.6105],[12.7982,53.5925],[12.8233,53.5859],[12.833,53.589],[12.8275,53.598],[12.841,53.6044],[12.8432,53.61],[12.815,53.6093],[12.8069,53.6423],[12.7903,53.6461],[12.8031,53.6648]]]},"properties":{"AGS":"13071032","GEN":"Faulenrost","SN_L":"13"}},
{"type":"Feature","geometry":{"type":"Polygon","coordinates":[[[12.7881,53.679],[12.7935,53.6922],[12.7735,53.6985],[12.7694,53.7149],[12.7359,53.7101],[12.724,53.7037],[12.735,53.6924],[12.7377,53.6801],[12.7204,53.6783],[12.7091,53.6648],[12.7327,53.6615],[12.7187,53.6399],[12.731,53.6346],[12.7606,53.6496],[12.7517,53.6574],[12.7602,53.6656],[12.7881,53.679]]]},"properties":{"AGS":"13071039","GEN":"Gielow","SN_L":"13"}},
{"type":"Feature","geometry":{"type":"Polygon","coordinates":[[[12.9119,53.8315],[12.9153,53.8411],[12.9045,53.8483],[12.8887,53.8474],[12.8673,53.8337],[12.8252,53.8093],[12.8206,53.8089],[12.8207,53.7972],[12.7909,53.7691],[12.7897,53.7552],[12.8099,53.7404],[12.8181,53.7238],[12.83,53.7211],[12.8537,53.7295],[12.8751,53.7357],[12.8666,53.7481],[12.8724,53.7601],[12.8894,53.7714],[12.8654,53.7855],[12.8764,53.8028],[12.8967,53.8047],[12.9118,53.8229],[12.9119,53.8315]]]},"properties":{"AGS":"13071084","GEN":"Kummerow","SN_L":"13"}},
{"type":"Feature","geometry":{"type":"Polygon","coordinates":[[[12.8537,53.7295],[12.83,53.7211],[12.8181,53.7238],[12.8099,53.7404],[12.7897,53.7552],[12.7909,53.7691],[12.8207,53.7972],[12.8206,53.8089],[12.7992,53.8019],[12.7939,53.7908],[12.7798,53.786],[12.7423,53.7862],[12.7297,53.794],[12.7029,53.802],[12.6988,53.7743],[12.683,53.7685],[12.6581,53.7711],[12.6463,53.7721],[12.6464,53.754],[12.6294,53.7536],[12.6274,53.7429],[12.6275,53.726],[12.6391,53.7159],[12.625,53.6987],[12.6254,53.6874],[12.6277,53.6834],[12.6432,53.6878],[12.6583,53.7021],[12.6648,53.7197],[12.6863,53.7286],[12.724,53.7037],[12.7359,53.7101],[12.7694,53.7149],[12.7735,53.6985],[12.7935,53.6922],[12.7881,53.679],[12.8036,53.674],[12.8031,53.6648],[12.8328,53.6636],[12.8455,53.6697],[12.8329,53.6755],[12.8208,53.6904],[12.8268,53.7004],[12.8524,53.7083],[12.8537,53.7295]],[[12.7395,53.7407],[12.7346,53.7348],[12.7052,53.7298],[12.6979,53.7342],[12.7333,53.7449],[12.7395,53.7407]]]},"properties":{"AGS":"13071092","GEN":"Malchin","SN_L":"13"}},
{"type":"Feature","geometry":{"type":"Polygon","coordinates":[[[12.7763,53.8665],[12.7527,53.8603],[12.7564,53.8448],[12.7476,53.8234],[12.7345,53.8173],[12.7037,53.8145],[12.7029,53.802],[12.7297,53.794],[12.7423,53.7862],[12.7798,53.786],[12.7939,53.7908],[12.7992,53.8019],[12.8206,53.8089],[12.8252,53.8093],[12.8673,53.8337],[12.8305,53.8444],[12.7962,53.8506],[12.7763,53.8665]]]},"properties":{"AGS":"13071109","GEN":"Neukalen","SN_L":"13"}},
{"type":"Feature","geometry":{"type":"Polygon","coordinates":[[[12.3768,53.4998],[12.3674,53.5145],[12.3782,53.5272],[12.3685,53.5378],[12.3734,53.5465],[12.35,53.5587],[12.3531,53.5683],[12.3395,53.5775],[12.3109,53.5682],[12.3056,53.5677],[12.3046,53.5539],[12.2929,53.5203],[12.3007,53.4985],[12.3182,53.4933],[12.3252,53.4807],[12.3664,53.4794],[12.3768,53.4998]]]},"properties":{"AGS":"13071001","GEN":"Alt Schwerin","SN_L":"13"}},
{"type":"Feature","geometry":{"type":"Polygon","coordinates":[[[12.4562,53.4382],[12.4378,53.4476],[12.3978,53.4446],[12.3798,53.463],[12.3474,53.4696],[12.3314,53.4545],[12.3386,53.4426],[12.3706,53.4301],[12.338,53.4268],[12.3441,53.4024],[12.3698,53.392],[12.3809,53.374],[12.4131,53.3769],[12.4327,53.3791],[12.4301,53.3911],[12.4498,53.3981],[12.4592,53.4083],[12.4609,53.4188],[12.428,53.4161],[12.4308,53.4293],[12.4573,53.4362],[12.4562,53.4382]]]},"properties":{"AGS":"13071036","GEN":"Fünfseen","SN_L":"13"}},
{"type":"Feature","geometry":{"type":"Polygon","coordinates":[[[12.568,53.4878],[12.5528,53.4951],[12.5029,53.5085],[12.4716,53.513],[12.4702,53.5122],[12.4833,53.4819],[12.4795,53.472],[12.461,53.473],[12.4562,53.4382],[12.4573,53.4362],[12.4772,53.4382],[12.4957,53.4504],[12.5245,53.4384],[12.5382,53.4536],[12.5592,53.4532],[12.579,53.46],[12.5646,53.4738],[12.568,53.4878]]]},"properties":{"AGS":"13071043","GEN":"Göhren-Lebbin","SN_L":"13"}},
{"type":"Feature","geometry":{"type":"Polygon","coordinates":[[[12.4562,53.4382],[12.461,53.473],[12.4795,53.472],[12.4833,53.4819],[12.4702,53.5122],[12.4486,53.5054],[12.4165,53.5089],[12.379,53.5032],[12.3768,53.4998],[12.3664,53.4794],[12.3474,53.4696],[12.3798,53.463],[12.3978,53.4446],[12.4378,53.4476],[12.4562,53.4382]]]},"properties":{"AGS":"13071093","GEN":"Malchow","SN_L":"13"}},
{"type":"Feature","geometry":{"type":"Polygon","coordinates":[[[12.3986,53.5673],[12.3764,53.5852],[12.3395,53.5857],[12.3161,53.5748],[12.3109,53.5682],[12.3395,53.5775],[12.3531,53.5683],[12.35,53.5587],[12.3734,53.5465],[12.3685,53.5378],[12.3782,53.5272],[12.3674,53.5145],[12.3768,53.4998],[12.379,53.5032],[12.4165,53.5089],[12.4054,53.5136],[12.4148,53.5234],[12.4429,53.5229],[12.4419,53.5306],[12.4549,53.5405],[12.4726,53.5269],[12.483,53.5307],[12.4723,53.5443],[12.4546,53.5506],[12.4547,53.5598],[12.4059,53.5633],[12.3986,53.5673]]]},"properties":{"AGS":"13071113","GEN":"Nossentiner Hütte","SN_L":"13"}},
{"type":"Feature","geometry":{"type":"Polygon","coordinates":[[[12.483,53.5307],[12.4726,53.5269],[12.4549,53.5405],[12.4419,53.5306],[12.4429,53.5229],[12.4148,53.5234],[12.4054,53.5136],[12.4165,53.5089],[12.4486,53.5054],[12.4702,53.5122],[12.4716,53.513],[12.4881,53.525],[12.483,53.5307]]]},"properties":{"AGS":"13071138","GEN":"Silz","SN_L":"13"}},
{"type":"Feature","geometry":{"type":"Polygon","coordinates":[[[12.5245,53.4384],[12.4957,53.4504],[12.4772,53.4382],[12.4573,53.4362],[12.4308,53.4293],[12.428,53.4161],[12.4609,53.4188],[12.4592,53.4083],[12.5048,53.4052],[12.5215,53.4098],[12.5207,53.421],[12.5245,53.4384]]]},"properties":{"AGS":"13071155","GEN":"Walow","SN_L":"13"}},
{"type":"Feature","geometry":{"type":"Polygon","coordinates":[[[12.3314,53.4545],[12.3079,53.447],[12.3108,53.4372],[12.3006,53.426],[12.3029,53.4054],[12.3143,53.3961],[12.3441,53.4024],[12.338,53.4268],[12.3706,53.4301],[12.3386,53.4426],[12.3314,53.4545]]]},"properties":{"AGS":"13071171","GEN":"Zislow","SN_L":"13"}},
{"type":"Feature","geometry":{"type":"Polygon","coordinates":[[[12.9275,53.3857],[12.9204,53.3885],[12.8574,53.385],[12.8521,53.3605],[12.8248,53.3512],[12.8119,53.3264],[12.8104,53.3105],[12.8036,53.3052],[12.7674,53.3013],[12.7645,53.2869],[12.7767,53.28],[12.7557,53.2705],[12.7542,53.2512],[12.7661,53.2415],[12.8002,53.2358],[12.8013,53.211],[12.8156,53.1946],[12.8379,53.1973],[12.854,53.1947],[12.8723,53.2052],[12.9048,53.2117],[12.9115,53.2317],[12.9053,53.238],[12.9124,53.2592],[12.8877,53.2635],[12.9009,53.2807],[12.8994,53.2889],[12.9101,53.2983],[12.902,53.3203],[12.9138,53.3446],[12.9546,53.3437],[12.9667,53.3586],[12.9595,53.3661],[12.9689,53.3765],[12.9493,53.3785],[12.9275,53.3857]]]},"properties":{"AGS":"13071099","GEN":"Mirow","SN_L":"13"}},
{"type":"Feature","geometry":{"type":"Polygon","coordinates":[[[13.1084,53.2387],[13.082,53.2488],[13.0472,53.2479],[13.0468,53.2372],[13.0351,53.2251],[13.0305,53.2129],[13.0384,53.1932],[13.0522,53.1998],[13.0784,53.2039],[13.0844,53.2131],[13.1066,53.2152],[13.1084,53.2387]]]},"properties":{"AGS":"13071119","GEN":"Priepert","SN_L":"13"}},
{"type":"Feature","geometry":{"type":"Polygon","coordinates":[[[13.0375,53.3026],[12.999,53.2976],[12.9879,53.2817],[12.9759,53.2819],[12.9723,53.2927],[13.0029,53.3024],[12.97,53.3065],[12.9643,53.3004],[12.9419,53.2973],[12.918,53.3053],[12.9101,53.2983],[12.8994,53.2889],[12.9009,53.2807],[12.8877,53.2635],[12.9124,53.2592],[12.9267,53.2654],[12.9468,53.2609],[12.9454,53.2504],[12.9638,53.2375],[12.9851,53.2406],[12.995,53.2497],[13.0073,53.2457],[12.9945,53.2358],[12.9856,53.2207],[12.9899,53.2055],[12.9769,53.1974],[12.9794,53.1906],[12.9615,53.1777],[12.9665,53.169],[12.9847,53.165],[13.02,53.1757],[13.0267,53.1852],[13.0384,53.1932],[13.0305,53.2129],[13.0351,53.2251],[13.0468,53.2372],[13.0472,53.2479],[13.082,53.2488],[13.079,53.2559],[13.1134,53.2626],[13.0742,53.2613],[13.054,53.2859],[13.0356,53.2939],[13.0375,53.3026]]]},"properties":{"AGS":"13071159","GEN":"Wesenberg","SN_L":"13"}},
{"type":"Feature","geometry":{"type":"Polygon","coordinates":[[[12.9769,53.1974],[12.9899,53.2055],[12.9856,53.2207],[12.9945,53.2358],[13.0073,53.2457],[12.995,53.2497],[12.9851,53.2406],[12.9638,53.2375],[12.9454,53.2504],[12.9468,53.2609],[12.9267,53.2654],[12.9124,53.2592],[12.9053,53.238],[12.9115,53.2317],[12.9048,53.2117],[12.8723,53.2052],[12.854,53.1947],[12.8779,53.18],[12.9029,53.1933],[12.9471,53.1986],[12.9769,53.1974]]]},"properties":{"AGS":"13071167","GEN":"Wustrow","SN_L":"13"}},
{"type":"Feature","geometry":{"type":"Polygon","coordinates":[[[13.2864,53.4235],[13.2732,53.4404],[13.2549,53.4371],[13.2324,53.4504],[13.2269,53.4344],[13.1908,53.4328],[13.1819,53.422],[13.1743,53.3928],[13.2039,53.3989],[13.2053,53.3819],[13.225,53.3723],[13.2537,53.3697],[13.2911,53.3695],[13.3011,53.3772],[13.3218,53.3797],[13.3389,53.3938],[13.3323,53.4002],[13.3125,53.4047],[13.2737,53.4047],[13.2842,53.4124],[13.2864,53.4235]]]},"properties":{"AGS":"13071011","GEN":"Blankensee","SN_L":"13"}},
{"type":"Feature","geometry":{"type":"Polygon","coordinates":[[[13.1908,53.4328],[13.1948,53.4399],[13.1808,53.4653],[13.1721,53.4451],[13.1593,53.4442],[13.1436,53.4353],[13.1205,53.4413],[13.101,53.4288],[13.0982,53.4159],[13.0758,53.4116],[13.0597,53.4024],[13.044,53.409],[13.0451,53.4007],[13.0919,53.3772],[13.1085,53.391],[13.1158,53.3813],[13.1362,53.3894],[13.1497,53.3837],[13.1743,53.3928],[13.1819,53.422],[13.1908,53.4328]]]},"properties":{"AGS":"13071012","GEN":"Blumenholz","SN_L":"13"}},
{"type":"Feature","geometry":{"type":"Polygon","coordinates":[[[13.2911,53.3695],[13.2537,53.3697],[13.225,53.3723],[13.2053,53.3819],[13.2039,53.3989],[13.1743,53.3928],[13.1497,53.3837],[13.1362,53.3894],[13.1158,53.3813],[13.1153,53.3732],[13.1323,53.3704],[13.1435,53.3553],[13.1415,53.3416],[13.162,53.3292],[13.1907,53.3344],[13.2148,53.33],[13.2292,53.3158],[13.2271,53.3006],[13.2419,53.2983],[13.2646,53.3176],[13.2852,53.3482],[13.2994,53.3575],[13.2911,53.3695]]]},"properties":{"AGS":"13071025","GEN":"Carpin","SN_L":"13"}},
{"type":"Feature","geometry":{"type":"Polygon","coordinates":[[[13.1799,53.2501],[13.1533,53.273],[13.1202,53.2609],[13.1134,53.2626],[13.079,53.2559],[13.082,53.2488],[13.1084,53.2387],[13.1374,53.2446],[13.1522,53.2511],[13.1799,53.2501]]]},"properties":{"AGS":"13071042","GEN":"Godendorf","SN_L":"13"}},
{"type":"Feature","geometry":{"type":"Polygon","coordinates":[[[13.3218,53.3797],[13.3011,53.3772],[13.2911,53.3695],[13.2994,53.3575],[13.2852,53.3482],[13.2646,53.3176],[13.3078,53.3166],[13.3276,53.3042],[13.3353,53.3069],[13.3393,53.3263],[13.3247,53.3344],[13.3402,53.3473],[13.3252,53.3573],[13.3338,53.3704],[13.3218,53.3797]]]},"properties":{"AGS":"13071058","GEN":"Grünow","SN_L":"13"}},
{"type":"Feature","geometry":{"type":"Polygon","coordinates":[[[13.14,53.4616],[13.1159,53.4765],[13.092,53.4703],[13.0931,53.4647],[13.0727,53.4537],[13.069,53.4359],[13.101,53.4288],[13.1205,53.4413],[13.1436,53.4353],[13.1593,53.4442],[13.1411,53.4516],[13.14,53.4616]]]},"properties":{"AGS":"13071066","GEN":"Hohenzieritz","SN_L":"13"}},
{"type":"Feature","geometry":{"type":"Polygon","coordinates":[[[13.101,53.4288],[13.069,53.4359],[13.0727,53.4537],[13.0931,53.4647],[13.092,53.4703],[13.0538,53.4698],[13.0356,53.464],[13.0019,53.4671],[12.9736,53.463],[12.9835,53.4537],[12.9643,53.4436],[12.9899,53.4195],[12.9644,53.4122],[12.9911,53.4011],[13.0134,53.4064],[13.0205,53.4134],[13.044,53.409],[13.0597,53.4024],[13.0758,53.4116],[13.0982,53.4159],[13.101,53.4288]]]},"properties":{"AGS":"13071075","GEN":"Klein Vielen","SN_L":"13"}},
{"type":"Feature","geometry":{"type":"Polygon","coordinates":[[[12.9668,53.4655],[12.9417,53.4627],[12.9405,53.4509],[12.9045,53.4568],[12.884,53.4665],[12.8744,53.4641],[12.8754,53.447],[12.8857,53.4359],[12.8553,53.4168],[12.849,53.409],[12.8436,53.391],[12.8574,53.385],[12.9204,53.3885],[12.9275,53.3857],[12.9367,53.4032],[12.9644,53.4122],[12.9899,53.4195],[12.9643,53.4436],[12.9835,53.4537],[12.9736,53.463],[12.9668,53.4655]]]},"properties":{"AGS":"13071080","GEN":"Kratzeburg","SN_L":"13"}},
{"type":"Feature","geometry":{"type":"Polygon","coordinates":[[[13.3943,53.4274],[13.3765,53.4368],[13.3358,53.4291],[13.3125,53.4365],[13.2864,53.4235],[13.2842,53.4124],[13.2737,53.4047],[13.3125,53.4047],[13.3323,53.4002],[13.3389,53.3938],[13.3218,53.3797],[13.3338,53.3704],[13.3596,53.3741],[13.3718,53.3945],[13.3855,53.392],[13.3972,53.4003],[13.422,53.4023],[13.3943,53.4274]]]},"properties":{"AGS":"13071100","GEN":"Möllenbeck","SN_L":"13"}},
{"type":"Feature","geometry":{"type":"Polygon","coordinates":[[[13.0375,53.3026],[13.0406,53.322],[13.0364,53.3339],[13.0138,53.3451],[12.9898,53.3503],[12.9785,53.3596],[12.9667,53.3586],[12.9546,53.3437],[12.9138,53.3446],[12.902,53.3203],[12.9101,53.2983],[12.918,53.3053],[12.9419,53.2973],[12.9643,53.3004],[12.97,53.3065],[13.0029,53.3024],[12.9723,53.2927],[12.9759,53.2819],[12.9879,53.2817],[12.999,53.2976],[13.0375,53.3026]]]},"properties":{"AGS":"13071147","GEN":"Userin","SN_L":"13"}},
{"type":"Feature","geometry":{"type":"Polygon","coordinates":[[[13.2419,53.2983],[13.2271,53.3006],[13.2292,53.3158],[13.2148,53.33],[13.1907,53.3344],[13.162,53.3292],[13.1783,53.3193],[13.1807,53.2907],[13.1533,53.273],[13.1799,53.2501],[13.2027,53.2221],[13.2294,53.2166],[13.2414,53.2324],[13.2527,53.2623],[13.2332,53.2552],[13.2178,53.2734],[13.2425,53.2888],[13.2419,53.2983]]]},"properties":{"AGS":"13071162","GEN":"Wokuhl-Dabelow","SN_L":"13"}},
{"type":"Feature","geometry":{"type":"Polygon","coordinates":[[[13.4866,53.7039],[13.4882,53.7076],[13.4563,53.7181],[13.4373,53.7074],[13.4159,53.7127],[13.4028,53.7032],[13.4185,53.6947],[13.4399,53.6942],[13.4568,53.6855],[13.4749,53.69],[13.4866,53.7039]]]},"properties":{"AGS":"13071009","GEN":"Beseritz","SN_L":"13"}},
{"type":"Feature","geometry":{"type":"Polygon","coordinates":[[[13.1841,53.5701],[13.1678,53.587],[13.1637,53.5987],[13.1373,53.5943],[13.1352,53.5886],[13.093,53.5772],[13.0903,53.5585],[13.113,53.5554],[13.1289,53.5558],[13.1501,53.5645],[13.1615,53.5586],[13.1805,53.5662],[13.1841,53.5701]]]},"properties":{"AGS":"13071010","GEN":"Blankenhof","SN_L":"13"}},
{"type":"Feature","geometry":{"type":"Polygon","coordinates":[[[13.4568,53.6855],[13.4399,53.6942],[13.4185,53.6947],[13.4028,53.7032],[13.3808,53.6923],[13.3443,53.6798],[13.3089,53.6724],[13.3074,53.6719],[13.3212,53.6623],[13.3104,53.6518],[13.3147,53.6377],[13.3443,53.6402],[13.3624,53.6537],[13.3781,53.6487],[13.3782,53.6398],[13.4271,53.6358],[13.4467,53.6615],[13.4601,53.67],[13.4666,53.6825],[13.4568,53.6855]]]},"properties":{"AGS":"13071019","GEN":"Brunn","SN_L":"13"}},
{"type":"Feature","geometry":{"type":"Polygon","coordinates":[[[13.3147,53.6377],[13.3104,53.6518],[13.3212,53.6623],[13.3074,53.6719],[13.2791,53.6633],[13.2651,53.6492],[13.257,53.636],[13.2832,53.6379],[13.2829,53.6307],[13.3069,53.6308],[13.3147,53.6377]]]},"properties":{"AGS":"13071104","GEN":"Neddemin","SN_L":"13"}},
{"type":"Feature","geometry":{"type":"Polygon","coordinates":[[[13.42,53.608],[13.3916,53.6125],[13.378,53.62],[13.3659,53.6093],[13.3137,53.5947],[13.311,53.5916],[13.3207,53.5718],[13.3395,53.5687],[13.3636,53.5765],[13.3807,53.5772],[13.4059,53.5869],[13.4211,53.6005],[13.42,53.608]]]},"properties":{"AGS":"13071108","GEN":"Neuenkirchen","SN_L":"13"}},
{"type":"Feature","geometry":{"type":"Polygon","coordinates":[[[13.378,53.62],[13.3443,53.6402],[13.3147,53.6377],[13.3069,53.6308],[13.3209,53.6202],[13.3137,53.5947],[13.3659,53.6093],[13.378,53.62]]]},"properties":{"AGS":"13071111","GEN":"Neverin","SN_L":"13"}},
{"type":"Feature","geometry":{"type":"Polygon","coordinates":[[[13.4652,53.5566],[13.45,53.5727],[13.4198,53.5759],[13.4059,53.5869],[13.3807,53.5772],[13.3636,53.5765],[13.3395,53.5687],[13.3429,53.5394],[13.328,53.5396],[13.324,53.5304],[13.3659,53.5282],[13.3664,53.536],[13.3819,53.5553],[13.3938,53.5634],[13.4182,53.5616],[13.4284,53.5459],[13.4589,53.5462],[13.4626,53.5508],[13.4652,53.5566]]]},"properties":{"AGS":"13071140","GEN":"Sponholz","SN_L":"13"}},
{"type":"Feature","geometry":{"type":"Polygon","coordinates":[[[13.4271,53.6358],[13.3782,53.6398],[13.3781,53.6487],[13.3624,53.6537],[13.3443,53.6402],[13.378,53.62],[13.3916,53.6125],[13.42,53.608],[13.4214,53.6173],[13.4336,53.6259],[13.4271,53.6358]]]},"properties":{"AGS":"13071141","GEN":"Staven","SN_L":"13"}},
{"type":"Feature","geometry":{"type":"Polygon","coordinates":[[[13.3069,53.6308],[13.2829,53.6307],[13.2832,53.6379],[13.257,53.636],[13.2528,53.6191],[13.2669,53.5916],[13.311,53.5916],[13.3137,53.5947],[13.3209,53.6202],[13.3069,53.6308]]]},"properties":{"AGS":"13071145","GEN":"Trollenhagen","SN_L":"13"}},
{"type":"Feature","geometry":{"type":"Polygon","coordinates":[[[13.249,53.6169],[13.2281,53.6158],[13.2127,53.6207],[13.1942,53.6009],[13.2289,53.595],[13.2493,53.6039],[13.249,53.6169]]]},"properties":{"AGS":"13071161","GEN":"Woggersin","SN_L":"13"}},
{"type":"Feature","geometry":{"type":"Polygon","coordinates":[[[13.1835,53.4965],[13.2078,53.5142],[13.2215,53.5312],[13.2103,53.5529],[13.19,53.5564],[13.1805,53.5662],[13.1615,53.5586],[13.1462,53.5476],[13.1611,53.5313],[13.1662,53.5101],[13.1835,53.4965]]]},"properties":{"AGS":"13071166","GEN":"Wulkenzin","SN_L":"13"}},
{"type":"Feature","geometry":{"type":"Polygon","coordinates":[[[13.2289,53.595],[13.1942,53.6009],[13.1725,53.6036],[13.1637,53.5987],[13.1678,53.587],[13.1841,53.5701],[13.2033,53.5763],[13.2289,53.595]]]},"properties":{"AGS":"13071170","GEN":"Zirzow","SN_L":"13"}},
{"type":"Feature","geometry":{"type":"Polygon","coordinates":[[[12.9668,53.4655],[12.9732,53.4717],[12.9871,53.5069],[12.9721,53.5229],[12.9581,53.5237],[12.9326,53.5119],[12.9491,53.5034],[12.9476,53.4929],[12.937,53.4844],[12.914,53.4852],[12.8892,53.4997],[12.89,53.4758],[12.884,53.4665],[12.9045,53.4568],[12.9405,53.4509],[12.9417,53.4627],[12.9668,53.4655]]]},"properties":{"AGS":"13071005","GEN":"Ankershagen","SN_L":"13"}},
{"type":"Feature","geometry":{"type":"Polygon","coordinates":[[[12.9586,53.5908],[12.9412,53.5891],[12.923,53.5945],[12.9099,53.5906],[12.9052,53.577],[12.8733,53.5444],[12.8864,53.5385],[12.8803,53.53],[12.8599,53.5183],[12.8902,53.5155],[12.8892,53.4997],[12.914,53.4852],[12.937,53.4844],[12.9476,53.4929],[12.9491,53.5034],[12.9326,53.5119],[12.9581,53.5237],[12.9583,53.5357],[12.9418,53.5485],[12.9522,53.5564],[12.9533,53.569],[12.9764,53.568],[12.9586,53.5908]]]},"properties":{"AGS":"13071101","GEN":"Möllenhagen","SN_L":"13"}},
{"type":"Feature","geometry":{"type":"Polygon","coordinates":[[[13.0697,53.5485],[13.0689,53.5558],[13.0332,53.5681],[13.0211,53.5638],[12.9932,53.5693],[12.9764,53.568],[12.9533,53.569],[12.9522,53.5564],[12.9418,53.5485],[12.9583,53.5357],[12.9581,53.5237],[12.9721,53.5229],[12.9871,53.5069],[12.9732,53.4717],[12.9668,53.4655],[12.9736,53.463],[13.0019,53.4671],[13.0356,53.464],[13.0538,53.4698],[13.092,53.4703],[13.1159,53.4765],[13.14,53.4616],[13.1615,53.4687],[13.1583,53.48],[13.1648,53.4896],[13.1835,53.4965],[13.1662,53.5101],[13.1611,53.5313],[13.1462,53.5476],[13.1615,53.5586],[13.1501,53.5645],[13.1289,53.5558],[13.113,53.5554],[13.1115,53.5467],[13.1559,53.5095],[13.1402,53.5052],[13.1121,53.5175],[13.0934,53.5224],[13.082,53.5178],[13.0611,53.5216],[13.0546,53.5351],[13.0697,53.5485]]]},"properties":{"AGS":"13071115","GEN":"Penzlin","SN_L":"13"}},
{"type":"Feature","geometry":{"type":"Polygon","coordinates":[[[13.113,53.5554],[13.0903,53.5585],[13.0697,53.5485],[13.0546,53.5351],[13.0611,53.5216],[13.082,53.5178],[13.0934,53.5224],[13.1121,53.5175],[13.1402,53.5052],[13.1559,53.5095],[13.1115,53.5467],[13.113,53.5554]]]},"properties":{"AGS":"13071173","GEN":"Kuckssee","SN_L":"13"}},
{"type":"Feature","geometry":{"type":"Polygon","coordinates":[[[12.4131,53.3769],[12.3809,53.374],[12.3608,53.3719],[12.3528,53.3611],[12.3345,53.3557],[12.3023,53.3552],[12.3024,53.3499],[12.3349,53.3501],[12.343,53.3319],[12.3808,53.3516],[12.4134,53.3548],[12.4131,53.3769]]]},"properties":{"AGS":"13071003","GEN":"Altenhof","SN_L":"13"}},
{"type":"Feature","geometry":{"type":"Polygon","coordinates":[[[12.6095,53.3275],[12.6181,53.3307],[12.6155,53.3405],[12.609,53.3479],[12.6112,53.3597],[12.5964,53.3668],[12.5656,53.3611],[12.5508,53.3474],[12.5128,53.3332],[12.5208,53.319],[12.5655,53.2996],[12.5772,53.2907],[12.5828,53.2933],[12.5891,53.2994],[12.5693,53.307],[12.5763,53.3163],[12.5709,53.3337],[12.5957,53.3411],[12.5978,53.3283],[12.6095,53.3275]]]},"properties":{"AGS":"13071013","GEN":"Bollewick","SN_L":"13"}},
{"type":"Feature","geometry":{"type":"Polygon","coordinates":[[[12.6909,53.2854],[12.6591,53.2739],[12.6503,53.281],[12.6205,53.2917],[12.6106,53.2804],[12.609,53.2693],[12.6284,53.2546],[12.6549,53.2553],[12.6738,53.249],[12.693,53.2664],[12.6909,53.2854]]]},"properties":{"AGS":"13071020","GEN":"Buchholz","SN_L":"13"}},
{"type":"Feature","geometry":{"type":"Polygon","coordinates":[[[12.5656,53.3611],[12.5484,53.3806],[12.5353,53.3803],[12.5072,53.3702],[12.4889,53.3693],[12.4746,53.3566],[12.4692,53.333],[12.4599,53.3282],[12.5042,53.3192],[12.5208,53.319],[12.5128,53.3332],[12.5508,53.3474],[12.5656,53.3611]]]},"properties":{"AGS":"13071023","GEN":"Bütow","SN_L":"13"}},
{"type":"Feature","geometry":{"type":"Polygon","coordinates":[[[12.4746,53.3566],[12.4489,53.3555],[12.4403,53.3622],[12.4327,53.3791],[12.4131,53.3769],[12.4134,53.3548],[12.3808,53.3516],[12.343,53.3319],[12.3318,53.318],[12.3649,53.3063],[12.3966,53.2985],[12.4087,53.3238],[12.4335,53.3337],[12.4599,53.3282],[12.4692,53.333],[12.4746,53.3566]]]},"properties":{"AGS":"13071034","GEN":"Fincken","SN_L":"13"}},
{"type":"Feature","geometry":{"type":"Polygon","coordinates":[[[12.5696,53.4069],[12.5887,53.3964],[12.6279,53.4187],[12.6159,53.4325],[12.594,53.4314],[12.5712,53.4131],[12.5696,53.4069]]]},"properties":{"AGS":"13071045","GEN":"Gotthun","SN_L":"13"}},
{"type":"Feature","geometry":{"type":"Polygon","coordinates":[[[12.5712,53.4131],[12.5415,53.4233],[12.5207,53.421],[12.5215,53.4098],[12.5242,53.3954],[12.5353,53.39],[12.5533,53.4023],[12.5696,53.4069],[12.5712,53.4131]]]},"properties":{"AGS":"13071053","GEN":"Groß Kelle","SN_L":"13"}},
{"type":"Feature","geometry":{"type":"Polygon","coordinates":[[[12.5828,53.2933],[12.5772,53.2907],[12.5604,53.2858],[12.5499,53.262],[12.606,53.2444],[12.6284,53.2546],[12.609,53.2693],[12.6106,53.2804],[12.6041,53.278],[12.5828,53.2933]]]},"properties":{"AGS":"13071073","GEN":"Kieve","SN_L":"13"}},
{"type":"Feature","geometry":{"type":"Polygon","coordinates":[[[12.7674,53.3013],[12.7433,53.3099],[12.7278,53.3098],[12.7057,53.3227],[12.6974,53.3215],[12.6848,53.3074],[12.6909,53.2854],[12.693,53.2664],[12.6738,53.249],[12.664,53.235],[12.6916,53.2262],[12.7064,53.2307],[12.7288,53.2439],[12.7542,53.2512],[12.7557,53.2705],[12.7767,53.28],[12.7645,53.2869],[12.7674,53.3013]]]},"properties":{"AGS":"13071087","GEN":"Lärz","SN_L":"13"}},
{"type":"Feature","geometry":{"type":"Polygon","coordinates":[[[12.5215,53.4098],[12.5048,53.4052],[12.4592,53.4083],[12.4498,53.3981],[12.4301,53.3911],[12.4327,53.3791],[12.4403,53.3622],[12.4489,53.3555],[12.4746,53.3566],[12.4889,53.3693],[12.5072,53.3702],[12.5353,53.3803],[12.5353,53.39],[12.5242,53.3954],[12.5215,53.4098]]]},"properties":{"AGS":"13071088","GEN":"Leizen","SN_L":"13"}},
{"type":"Feature","geometry":{"type":"Polygon","coordinates":[[[12.6095,53.3275],[12.5978,53.3283],[12.5957,53.3411],[12.5709,53.3337],[12.5763,53.3163],[12.5693,53.307],[12.5891,53.2994],[12.5828,53.2933],[12.6041,53.278],[12.6106,53.2804],[12.6205,53.2917],[12.6218,53.2996],[12.6371,53.307],[12.6347,53.3218],[12.6129,53.3247],[12.6095,53.3275]]]},"properties":{"AGS":"13071097","GEN":"Melz","SN_L":"13"}},
{"type":"Feature","geometry":{"type":"Polygon","coordinates":[[[12.6909,53.2854],[12.6848,53.3074],[12.6974,53.3215],[12.6714,53.3086],[12.6347,53.3218],[12.6371,53.307],[12.6218,53.2996],[12.6205,53.2917],[12.6503,53.281],[12.6591,53.2739],[12.6909,53.2854]]]},"properties":{"AGS":"13071118","GEN":"Priborn","SN_L":"13"}},
{"type":"Feature","geometry":{"type":"Polygon","coordinates":[[[12.849,53.409],[12.7858,53.4328],[12.7791,53.4191],[12.782,53.3953],[12.7638,53.3741],[12.7375,53.369],[12.7147,53.347],[12.7178,53.3391],[12.7057,53.3227],[12.7278,53.3098],[12.7433,53.3099],[12.7674,53.3013],[12.8036,53.3052],[12.8104,53.3105],[12.8119,53.3264],[12.8248,53.3512],[12.8521,53.3605],[12.8574,53.385],[12.8436,53.391],[12.849,53.409]]]},"properties":{"AGS":"13071122","GEN":"Rechlin","SN_L":"13"}},
{"type":"Feature","geometry":{"type":"Polygon","coordinates":[[[12.6129,53.3247],[12.6191,53.3297],[12.6188,53.3345],[12.6405,53.3421],[12.646,53.3628],[12.6286,53.376],[12.6104,53.3773],[12.627,53.3937],[12.6279,53.4187],[12.5887,53.3964],[12.5696,53.4069],[12.5533,53.4023],[12.5353,53.39],[12.5353,53.3803],[12.5484,53.3806],[12.5656,53.3611],[12.5964,53.3668],[12.6112,53.3597],[12.609,53.3479],[12.6155,53.3405],[12.6181,53.3307],[12.6095,53.3275],[12.6129,53.3247]]]},"properties":{"AGS":"13071124","GEN":"Röbel/Müritz","SN_L":"13"}},
{"type":"Feature","geometry":{"type":"Polygon","coordinates":[[[12.8156,53.1946],[12.8013,53.211],[12.8002,53.2358],[12.7661,53.2415],[12.7542,53.2512],[12.7288,53.2439],[12.7064,53.2307],[12.6916,53.2262],[12.7227,53.2217],[12.7581,53.2216],[12.7495,53.2063],[12.7395,53.1996],[12.7644,53.1889],[12.7947,53.1899],[12.8156,53.1946]]]},"properties":{"AGS":"13071133","GEN":"Schwarz","SN_L":"13"}},
{"type":"Feature","geometry":{"type":"Polygon","coordinates":[[[12.6153,53.4478],[12.6014,53.4409],[12.5941,53.4554],[12.579,53.46],[12.5592,53.4532],[12.5382,53.4536],[12.5245,53.4384],[12.5207,53.421],[12.5415,53.4233],[12.5712,53.4131],[12.594,53.4314],[12.6159,53.4325],[12.6153,53.4478]]]},"properties":{"AGS":"13071137","GEN":"Sietow","SN_L":"13"}},
{"type":"Feature","geometry":{"type":"Polygon","coordinates":[[[12.3809,53.374],[12.3698,53.392],[12.3441,53.4024],[12.3143,53.3961],[12.3087,53.3939],[12.2751,53.3788],[12.2903,53.3713],[12.3047,53.3709],[12.3023,53.3552],[12.3345,53.3557],[12.3528,53.3611],[12.3608,53.3719],[12.3809,53.374]]]},"properties":{"AGS":"13071143","GEN":"Stuer","SN_L":"13"}},
{"type":"Feature","geometry":{"type":"Polygon","coordinates":[[[12.4599,53.3282],[12.4335,53.3337],[12.4087,53.3238],[12.3966,53.2985],[12.3918,53.2851],[12.3985,53.2801],[12.428,53.275],[12.4316,53.2626],[12.4453,53.2499],[12.4671,53.2562],[12.4976,53.2552],[12.5024,53.2622],[12.5298,53.2648],[12.5499,53.262],[12.5604,53.2858],[12.5772,53.2907],[12.5655,53.2996],[12.5208,53.319],[12.5042,53.3192],[12.4599,53.3282]]]},"properties":{"AGS":"13071175","GEN":"Eldetal","SN_L":"13"}},
{"type":"Feature","geometry":{"type":"Polygon","coordinates":[[[12.782,53.3953],[12.6744,53.4035],[12.6279,53.4187],[12.627,53.3937],[12.6104,53.3773],[12.6286,53.376],[12.646,53.3628],[12.6405,53.3421],[12.6188,53.3345],[12.6191,53.3297],[12.6129,53.3247],[12.6347,53.3218],[12.6714,53.3086],[12.6974,53.3215],[12.7057,53.3227],[12.7178,53.3391],[12.7147,53.347],[12.7375,53.369],[12.7638,53.3741],[12.782,53.3953]]]},"properties":{"AGS":"13071176","GEN":"Südmüritz","SN_L":"13"}},
{"type":"Feature","geometry":{"type":"Polygon","coordinates":[[[12.6388,53.6008],[12.5779,53.6047],[12.5773,53.6134],[12.5567,53.6074],[12.5419,53.6097],[12.5277,53.6018],[12.5334,53.5924],[12.5639,53.5855],[12.5657,53.5631],[12.587,53.5592],[12.597,53.541],[12.6061,53.5619],[12.6457,53.541],[12.6682,53.5545],[12.6788,53.5707],[12.678,53.5819],[12.6665,53.5846],[12.6388,53.6008]]]},"properties":{"AGS":"13071047","GEN":"Grabowhöfe","SN_L":"13"}},
{"type":"Feature","geometry":{"type":"Polygon","coordinates":[[[12.9063,53.6012],[12.8536,53.5967],[12.841,53.6044],[12.8275,53.598],[12.833,53.589],[12.8451,53.5751],[12.8422,53.5688],[12.8208,53.5576],[12.8268,53.5399],[12.8493,53.5185],[12.8599,53.5183],[12.8803,53.53],[12.8864,53.5385],[12.8733,53.5444],[12.9052,53.577],[12.9099,53.5906],[12.9063,53.6012]]]},"properties":{"AGS":"13071056","GEN":"Groß Plasten","SN_L":"13"}},
{"type":"Feature","geometry":{"type":"Polygon","coordinates":[[[12.4902,53.6269],[12.4717,53.6379],[12.4612,53.6381],[12.4253,53.655],[12.4174,53.6471],[12.4072,53.6253],[12.4112,53.6098],[12.3984,53.6026],[12.4163,53.5841],[12.3986,53.5673],[12.4059,53.5633],[12.4547,53.5598],[12.4649,53.5814],[12.4865,53.5681],[12.4918,53.5782],[12.4911,53.6083],[12.4769,53.6186],[12.4902,53.6269]]]},"properties":{"AGS":"13071063","GEN":"Hohen Wangelin","SN_L":"13"}},
{"type":"Feature","geometry":{"type":"Polygon","coordinates":[[[12.597,53.541],[12.587,53.5592],[12.5657,53.5631],[12.5639,53.5855],[12.5334,53.5924],[12.5063,53.6086],[12.4911,53.6083],[12.4918,53.5782],[12.4865,53.5681],[12.4649,53.5814],[12.4547,53.5598],[12.4546,53.5506],[12.4723,53.5443],[12.483,53.5307],[12.4881,53.525],[12.4716,53.513],[12.5029,53.5085],[12.5528,53.4951],[12.568,53.4878],[12.6159,53.5094],[12.6065,53.5184],[12.5842,53.5248],[12.597,53.541]]]},"properties":{"AGS":"13071069","GEN":"Jabel","SN_L":"13"}},
{"type":"Feature","geometry":{"type":"Polygon","coordinates":[[[12.7741,53.5196],[12.7512,53.5216],[12.7363,53.5116],[12.7467,53.5038],[12.7345,53.4873],[12.7275,53.47],[12.76,53.4635],[12.7617,53.4503],[12.7776,53.4494],[12.7725,53.4383],[12.7858,53.4328],[12.849,53.409],[12.8553,53.4168],[12.8857,53.4359],[12.8754,53.447],[12.8744,53.4641],[12.8342,53.4785],[12.8334,53.493],[12.8223,53.5067],[12.7741,53.5196]]]},"properties":{"AGS":"13071071","GEN":"Kargow","SN_L":"13"}},
{"type":"Feature","geometry":{"type":"Polygon","coordinates":[[[12.6153,53.4478],[12.6369,53.4617],[12.6308,53.4746],[12.6519,53.5036],[12.6332,53.5094],[12.6159,53.5094],[12.568,53.4878],[12.5646,53.4738],[12.579,53.46],[12.5941,53.4554],[12.6014,53.4409],[12.6153,53.4478]]]},"properties":{"AGS":"13071077","GEN":"Klink","SN_L":"13"}},
{"type":"Feature","geometry":{"type":"Polygon","coordinates":[[[12.5844,53.6531],[12.5639,53.6529],[12.5526,53.6585],[12.522,53.6469],[12.5233,53.6242],[12.4902,53.6269],[12.4769,53.6186],[12.4911,53.6083],[12.5063,53.6086],[12.5334,53.5924],[12.5277,53.6018],[12.5419,53.6097],[12.5567,53.6074],[12.5773,53.6134],[12.5603,53.6202],[12.5566,53.6292],[12.5716,53.6378],[12.5943,53.6405],[12.5844,53.6531]]]},"properties":{"AGS":"13071078","GEN":"Klocksin","SN_L":"13"}},
{"type":"Feature","geometry":{"type":"Polygon","coordinates":[[[12.731,53.6346],[12.7187,53.6399],[12.7327,53.6615],[12.7091,53.6648],[12.703,53.6657],[12.6643,53.6528],[12.6465,53.6553],[12.6267,53.641],[12.6112,53.6425],[12.5844,53.6531],[12.5943,53.6405],[12.5716,53.6378],[12.5566,53.6292],[12.5603,53.6202],[12.5773,53.6134],[12.5779,53.6047],[12.6388,53.6008],[12.65,53.6116],[12.653,53.623],[12.6756,53.6146],[12.6962,53.6165],[12.7045,53.6248],[12.7188,53.6193],[12.731,53.6346]]]},"properties":{"AGS":"13071103","GEN":"Moltzow","SN_L":"13"}},
{"type":"Feature","geometry":{"type":"Polygon","coordinates":[[[12.8006,53.5564],[12.7991,53.5658],[12.7849,53.5751],[12.7481,53.5593],[12.7359,53.5476],[12.7512,53.5216],[12.7741,53.5196],[12.7673,53.5283],[12.7682,53.5423],[12.7849,53.5431],[12.8006,53.5564]]]},"properties":{"AGS":"13071144","GEN":"Torgelow am See","SN_L":"13"}},
{"type":"Feature","geometry":{"type":"Polygon","coordinates":[[[12.5526,53.6585],[12.5318,53.6583],[12.5125,53.6534],[12.5039,53.6578],[12.5022,53.6776],[12.473,53.6986],[12.4597,53.6934],[12.4641,53.6671],[12.4605,53.66],[12.4344,53.673],[12.4222,53.671],[12.3959,53.666],[12.4031,53.6553],[12.4174,53.6471],[12.4253,53.655],[12.4612,53.6381],[12.4717,53.6379],[12.4902,53.6269],[12.5233,53.6242],[12.522,53.6469],[12.5526,53.6585]]]},"properties":{"AGS":"13071154","GEN":"Vollrathsruhe","SN_L":"13"}},
{"type":"Feature","geometry":{"type":"Polygon","coordinates":[[[12.7188,53.6193],[12.7045,53.6248],[12.6962,53.6165],[12.6756,53.6146],[12.653,53.623],[12.65,53.6116],[12.6388,53.6008],[12.6665,53.5846],[12.678,53.5819],[12.6846,53.5849],[12.7147,53.5772],[12.7481,53.5593],[12.7849,53.5751],[12.7991,53.5658],[12.8006,53.5564],[12.8208,53.5576],[12.8422,53.5688],[12.8451,53.5751],[12.833,53.589],[12.8233,53.5859],[12.7982,53.5925],[12.7947,53.6105],[12.7644,53.6144],[12.7545,53.6118],[12.7188,53.6193]]]},"properties":{"AGS":"13071172","GEN":"Peenehagen","SN_L":"13"}},
{"type":"Feature","geometry":{"type":"Polygon","coordinates":[[[12.8599,53.5183],[12.8493,53.5185],[12.8268,53.5399],[12.8208,53.5576],[12.8006,53.5564],[12.7849,53.5431],[12.7682,53.5423],[12.7673,53.5283],[12.7741,53.5196],[12.8223,53.5067],[12.8334,53.493],[12.8342,53.4785],[12.8744,53.4641],[12.884,53.4665],[12.89,53.4758],[12.8892,53.4997],[12.8902,53.5155],[12.8599,53.5183]]]},"properties":{"AGS":"13071174","GEN":"Schloen-Dratow","SN_L":"13"}},
{"type":"Feature","geometry":{"type":"Polygon","coordinates":[[[13.3659,53.5282],[13.324,53.5304],[13.2986,53.5209],[13.2608,53.5168],[13.247,53.5127],[13.2298,53.5159],[13.2201,53.4998],[13.2239,53.4949],[13.2539,53.4956],[13.2736,53.4965],[13.2909,53.4735],[13.2549,53.4371],[13.2732,53.4404],[13.2864,53.4235],[13.3125,53.4365],[13.3358,53.4291],[13.3765,53.4368],[13.3943,53.4274],[13.4123,53.4347],[13.4124,53.4444],[13.3947,53.4551],[13.3981,53.4624],[13.3552,53.4728],[13.362,53.5085],[13.374,53.516],[13.3659,53.5282]]]},"properties":{"AGS":"13071021","GEN":"Burg Stargard","SN_L":"13"}},
{"type":"Feature","geometry":{"type":"Polygon","coordinates":[[[13.4589,53.5462],[13.4284,53.5459],[13.4136,53.5288],[13.397,53.5181],[13.3885,53.5119],[13.431,53.5009],[13.4426,53.5062],[13.4647,53.4932],[13.4925,53.5149],[13.4803,53.5305],[13.4642,53.5184],[13.4636,53.5398],[13.4589,53.5462]]]},"properties":{"AGS":"13071026","GEN":"Cölpin","SN_L":"13"}},
{"type":"Feature","geometry":{"type":"Polygon","coordinates":[[[13.2539,53.4956],[13.2239,53.4949],[13.2201,53.4998],[13.2105,53.4844],[13.182,53.4708],[13.1808,53.4653],[13.1948,53.4399],[13.1908,53.4328],[13.2269,53.4344],[13.2324,53.4504],[13.2375,53.4655],[13.2548,53.4749],[13.2472,53.4822],[13.2539,53.4956]]]},"properties":{"AGS":"13071055","GEN":"Groß Nemerow","SN_L":"13"}},
{"type":"Feature","geometry":{"type":"Polygon","coordinates":[[[13.2549,53.4371],[13.2909,53.4735],[13.2736,53.4965],[13.2539,53.4956],[13.2472,53.4822],[13.2548,53.4749],[13.2375,53.4655],[13.2324,53.4504],[13.2549,53.4371]]]},"properties":{"AGS":"13071067","GEN":"Holldorf","SN_L":"13"}},
{"type":"Feature","geometry":{"type":"Polygon","coordinates":[[[13.5241,53.5167],[13.4925,53.5149],[13.4647,53.4932],[13.4426,53.5062],[13.431,53.5009],[13.3885,53.5119],[13.397,53.5181],[13.374,53.516],[13.362,53.5085],[13.3552,53.4728],[13.3981,53.4624],[13.3947,53.4551],[13.4124,53.4444],[13.4386,53.441],[13.4531,53.4573],[13.4742,53.4597],[13.4906,53.4667],[13.4888,53.4813],[13.5232,53.493],[13.5241,53.5167]]]},"properties":{"AGS":"13071090","GEN":"Lindetal","SN_L":"13"}},
{"type":"Feature","geometry":{"type":"Polygon","coordinates":[[[13.4284,53.5459],[13.4182,53.5616],[13.3938,53.5634],[13.3819,53.5553],[13.3664,53.536],[13.3659,53.5282],[13.374,53.516],[13.397,53.5181],[13.4136,53.5288],[13.4284,53.5459]]]},"properties":{"AGS":"13071117","GEN":"Pragsdorf","SN_L":"13"}},
{"type":"Feature","geometry":{"type":"Polygon","coordinates":[[[12.9586,53.5908],[12.9718,53.6132],[12.959,53.6163],[12.9449,53.6088],[12.9253,53.6135],[12.9063,53.6012],[12.9099,53.5906],[12.923,53.5945],[12.9412,53.5891],[12.9586,53.5908]]]},"properties":{"AGS":"13071015","GEN":"Bredenfelde","SN_L":"13"}},
{"type":"Feature","geometry":{"type":"Polygon","coordinates":[[[13.0077,53.6349],[12.9881,53.6421],[12.9731,53.6364],[12.9532,53.6486],[12.9313,53.6415],[12.9376,53.6315],[12.9352,53.6203],[12.9253,53.6135],[12.9449,53.6088],[12.959,53.6163],[12.9718,53.6132],[12.9985,53.6125],[13.0077,53.6349]]]},"properties":{"AGS":"13071018","GEN":"Briggow","SN_L":"13"}},
{"type":"Feature","geometry":{"type":"Polygon","coordinates":[[[12.9479,53.7638],[12.9317,53.7652],[12.9089,53.776],[12.8894,53.7714],[12.8724,53.7601],[12.8666,53.7481],[12.8751,53.7357],[12.8846,53.7333],[12.9141,53.7404],[12.9467,53.7447],[12.9479,53.7638]]]},"properties":{"AGS":"13071048","GEN":"Grammentin","SN_L":"13"}},
{"type":"Feature","geometry":{"type":"Polygon","coordinates":[[[12.8524,53.7083],[12.8268,53.7004],[12.8208,53.6904],[12.8329,53.6755],[12.8455,53.6697],[12.8607,53.6692],[12.8717,53.6787],[12.8811,53.6981],[12.8751,53.7062],[12.8524,53.7083]]]},"properties":{"AGS":"13071060","GEN":"Gülzow","SN_L":"13"}},
{"type":"Feature","geometry":{"type":"Polygon","coordinates":[[[13.0375,53.748],[13.0137,53.7497],[13.0019,53.7408],[12.9778,53.7319],[12.9627,53.7341],[12.929,53.7088],[12.9692,53.6992],[12.9703,53.6876],[12.9941,53.6792],[12.9958,53.6632],[13.0122,53.6628],[13.0277,53.6561],[13.0504,53.6599],[13.0472,53.6745],[13.0198,53.7026],[13.0375,53.748]]]},"properties":{"AGS":"13071068","GEN":"Ivenack","SN_L":"13"}},
{"type":"Feature","geometry":{"type":"Polygon","coordinates":[[[12.9301,53.6751],[12.9031,53.6781],[12.8901,53.6634],[12.8762,53.6592],[12.8607,53.6692],[12.8455,53.6697],[12.8328,53.6636],[12.832,53.6553],[12.8503,53.6344],[12.8659,53.6468],[12.8743,53.6406],[12.8975,53.6412],[12.9132,53.6459],[12.9313,53.6415],[12.9532,53.6486],[12.9301,53.6751]]]},"properties":{"AGS":"13071070","GEN":"Jürgenstorf","SN_L":"13"}},
{"type":"Feature","geometry":{"type":"Polygon","coordinates":[[[12.9313,53.6415],[12.9132,53.6459],[12.8975,53.6412],[12.8743,53.6406],[12.8624,53.6183],[12.8432,53.61],[12.841,53.6044],[12.8536,53.5967],[12.9063,53.6012],[12.9253,53.6135],[12.9352,53.6203],[12.9376,53.6315],[12.9313,53.6415]]]},"properties":{"AGS":"13071074","GEN":"Kittendorf","SN_L":"13"}},
{"type":"Feature","geometry":{"type":"Polygon","coordinates":[[[13.1211,53.6297],[13.1043,53.6404],[13.0847,53.6615],[13.0585,53.6732],[13.0472,53.6745],[13.0504,53.6599],[13.0277,53.6561],[13.0246,53.6458],[13.0571,53.6411],[13.0605,53.626],[13.0421,53.6163],[13.0419,53.603],[13.0618,53.5994],[13.0823,53.6012],[13.1047,53.61],[13.1202,53.6101],[13.1211,53.6297]]]},"properties":{"AGS":"13071079","GEN":"Knorrendorf","SN_L":"13"}},
{"type":"Feature","geometry":{"type":"Polygon","coordinates":[[[13.1352,53.5886],[13.1202,53.6101],[13.1047,53.61],[13.0823,53.6012],[13.0618,53.5994],[13.0419,53.603],[13.0351,53.587],[12.995,53.5779],[12.9932,53.5693],[13.0211,53.5638],[13.0332,53.5681],[13.0689,53.5558],[13.0697,53.5485],[13.0903,53.5585],[13.093,53.5772],[13.1352,53.5886]]]},"properties":{"AGS":"13071102","GEN":"Mölln","SN_L":"13"}},
{"type":"Feature","geometry":{"type":"Polygon","coordinates":[[[13.0277,53.6561],[13.0122,53.6628],[12.9958,53.6632],[12.9941,53.6792],[12.9703,53.6876],[12.941,53.6838],[12.9301,53.6751],[12.9532,53.6486],[12.9731,53.6364],[12.9881,53.6421],[13.0077,53.6349],[13.0246,53.6458],[13.0277,53.6561]]]},"properties":{"AGS":"13071123","GEN":"Ritzerow","SN_L":"13"}},
{"type":"Feature","geometry":{"type":"Polygon","coordinates":[[[13.0419,53.603],[13.0421,53.6163],[13.0605,53.626],[13.0571,53.6411],[13.0246,53.6458],[13.0077,53.6349],[12.9985,53.6125],[12.9718,53.6132],[12.9586,53.5908],[12.9764,53.568],[12.9932,53.5693],[12.995,53.5779],[13.0351,53.587],[13.0419,53.603]]]},"properties":{"AGS":"13071127","GEN":"Rosenow","SN_L":"13"}},
{"type":"Feature","geometry":{"type":"Polygon","coordinates":[[[12.9627,53.7341],[12.9467,53.7447],[12.9141,53.7404],[12.8846,53.7333],[12.8751,53.7357],[12.8537,53.7295],[12.8524,53.7083],[12.8751,53.7062],[12.8811,53.6981],[12.8717,53.6787],[12.8607,53.6692],[12.8762,53.6592],[12.8901,53.6634],[12.9031,53.6781],[12.9301,53.6751],[12.941,53.6838],[12.9703,53.6876],[12.9692,53.6992],[12.929,53.7088],[12.9627,53.7341]]]},"properties":{"AGS":"13071142","GEN":"Stavenhagen","SN_L":"13"}},
{"type":"Feature","geometry":{"type":"Polygon","coordinates":[[[12.8328,53.6636],[12.8031,53.6648],[12.7903,53.6461],[12.8069,53.6423],[12.815,53.6093],[12.8432,53.61],[12.8624,53.6183],[12.8743,53.6406],[12.8659,53.6468],[12.8503,53.6344],[12.832,53.6553],[12.8328,53.6636]]]},"properties":{"AGS":"13071169","GEN":"Zettemin","SN_L":"13"}},
{"type":"Feature","geometry":{"type":"Polygon","coordinates":[[[13.1505,53.7801],[13.1437,53.7876],[13.1125,53.7815],[13.0885,53.7634],[13.0851,53.7601],[13.1002,53.7518],[13.0942,53.7435],[13.1156,53.7357],[13.1147,53.7502],[13.1307,53.7553],[13.1343,53.7657],[13.1505,53.7801]]]},"properties":{"AGS":"13071002","GEN":"Altenhagen","SN_L":"13"}},
{"type":"Feature","geometry":{"type":"Polygon","coordinates":[[[13.2334,53.7456],[13.2158,53.7398],[13.2039,53.7182],[13.2042,53.6996],[13.1801,53.6978],[13.1852,53.6856],[13.1689,53.6818],[13.1705,53.6695],[13.1922,53.6582],[13.193,53.6687],[13.253,53.6599],[13.2651,53.6492],[13.2791,53.6633],[13.3074,53.6719],[13.3089,53.6724],[13.3028,53.6918],[13.3158,53.7028],[13.2616,53.7045],[13.2551,53.7099],[13.2701,53.7235],[13.2665,53.7357],[13.2334,53.7456]]]},"properties":{"AGS":"13071004","GEN":"Altentreptow","SN_L":"13"}},
{"type":"Feature","geometry":{"type":"Polygon","coordinates":[[[13.392,53.8205],[13.397,53.8307],[13.3722,53.8485],[13.3652,53.8434],[13.3376,53.8491],[13.333,53.8341],[13.316,53.8315],[13.3026,53.8238],[13.3006,53.8108],[13.2809,53.8108],[13.3025,53.7893],[13.2974,53.7836],[13.2901,53.7733],[13.31,53.7688],[13.3283,53.7702],[13.3244,53.7826],[13.3406,53.7872],[13.3538,53.7819],[13.3435,53.7872],[13.344,53.8036],[13.3766,53.7997],[13.387,53.8068],[13.392,53.8205]]]},"properties":{"AGS":"13071006","GEN":"Bartow","SN_L":"13"}},
{"type":"Feature","geometry":{"type":"Polygon","coordinates":[[[13.1791,53.6436],[13.1514,53.645],[13.1211,53.6297],[13.1202,53.6101],[13.1352,53.5886],[13.1373,53.5943],[13.1637,53.5987],[13.1725,53.6036],[13.1942,53.6009],[13.2127,53.6207],[13.2134,53.6269],[13.1897,53.6311],[13.1791,53.6436]]]},"properties":{"AGS":"13071016","GEN":"Breesen","SN_L":"13"}},
{"type":"Feature","geometry":{"type":"Polygon","coordinates":[[[13.2974,53.7836],[13.248,53.779],[13.2548,53.7671],[13.268,53.7617],[13.275,53.7448],[13.2665,53.7357],[13.2701,53.7235],[13.3078,53.7338],[13.3131,53.7419],[13.3087,53.748],[13.31,53.7688],[13.2901,53.7733],[13.2974,53.7836]]]},"properties":{"AGS":"13071022","GEN":"Burow","SN_L":"13"}},
{"type":"Feature","geometry":{"type":"Polygon","coordinates":[[[13.2174,53.7954],[13.1943,53.7925],[13.1847,53.7997],[13.1593,53.7998],[13.1373,53.7956],[13.1437,53.7876],[13.1505,53.7801],[13.1393,53.7649],[13.1658,53.7691],[13.1756,53.7765],[13.1986,53.7695],[13.2317,53.7719],[13.2371,53.7889],[13.2174,53.7954]]]},"properties":{"AGS":"13071041","GEN":"Gnevkow","SN_L":"13"}},
{"type":"Feature","geometry":{"type":"Polygon","coordinates":[[[13.2974,53.7836],[13.3025,53.7893],[13.2809,53.8108],[13.2697,53.8188],[13.2334,53.8081],[13.2168,53.805],[13.2174,53.7954],[13.2371,53.7889],[13.2317,53.7719],[13.2334,53.7456],[13.2665,53.7357],[13.275,53.7448],[13.268,53.7617],[13.2548,53.7671],[13.248,53.779],[13.2974,53.7836]]]},"properties":{"AGS":"13071044","GEN":"Golchen","SN_L":"13"}},
{"type":"Feature","geometry":{"type":"Polygon","coordinates":[[[13.3215,53.7066],[13.3411,53.7284],[13.3395,53.7332],[13.3131,53.7419],[13.3078,53.7338],[13.2701,53.7235],[13.2551,53.7099],[13.2616,53.7045],[13.3158,53.7028],[13.3215,53.7066]]]},"properties":{"AGS":"13071049","GEN":"Grapzow","SN_L":"13"}},
{"type":"Feature","geometry":{"type":"Polygon","coordinates":[[[13.3808,53.6923],[13.3316,53.7067],[13.3215,53.7066],[13.3158,53.7028],[13.3028,53.6918],[13.3089,53.6724],[13.3443,53.6798],[13.3808,53.6923]]]},"properties":{"AGS":"13071050","GEN":"Grischow","SN_L":"13"}},
{"type":"Feature","geometry":{"type":"Polygon","coordinates":[[[13.2651,53.6492],[13.253,53.6599],[13.193,53.6687],[13.1922,53.6582],[13.1791,53.6436],[13.1897,53.6311],[13.2134,53.6269],[13.2127,53.6207],[13.2281,53.6158],[13.249,53.6169],[13.2528,53.6191],[13.257,53.636],[13.2651,53.6492]]]},"properties":{"AGS":"13071057","GEN":"Groß Teetzleben","SN_L":"13"}},
{"type":"Feature","geometry":{"type":"Polygon","coordinates":[[[13.2317,53.7719],[13.1986,53.7695],[13.1756,53.7765],[13.1658,53.7691],[13.1393,53.7649],[13.1505,53.7801],[13.1343,53.7657],[13.1307,53.7553],[13.1361,53.7492],[13.1601,53.7409],[13.1747,53.7307],[13.1913,53.73],[13.2158,53.7398],[13.2334,53.7456],[13.2317,53.7719]]]},"properties":{"AGS":"13071059","GEN":"Gültz","SN_L":"13"}},
{"type":"Feature","geometry":{"type":"Polygon","coordinates":[[[13.0851,53.7601],[13.063,53.759],[13.0486,53.7487],[13.0375,53.748],[13.0198,53.7026],[13.0602,53.7059],[13.0863,53.7281],[13.0942,53.7435],[13.1002,53.7518],[13.0851,53.7601]]]},"properties":{"AGS":"13071081","GEN":"Kriesow","SN_L":"13"}},
{"type":"Feature","geometry":{"type":"Polygon","coordinates":[[[13.2158,53.7398],[13.1913,53.73],[13.1871,53.7217],[13.1722,53.7186],[13.1513,53.7043],[13.1546,53.6943],[13.1681,53.6951],[13.1689,53.6818],[13.1852,53.6856],[13.1801,53.6978],[13.2042,53.6996],[13.2039,53.7182],[13.2158,53.7398]]]},"properties":{"AGS":"13071120","GEN":"Pripsleben","SN_L":"13"}},
{"type":"Feature","geometry":{"type":"Polygon","coordinates":[[[13.0942,53.7435],[13.0863,53.7281],[13.0602,53.7059],[13.0698,53.6919],[13.0846,53.6956],[13.1105,53.6924],[13.1202,53.707],[13.1156,53.7357],[13.0942,53.7435]]]},"properties":{"AGS":"13071125","GEN":"Röckwitz","SN_L":"13"}},
{"type":"Feature","geometry":{"type":"Polygon","coordinates":[[[13.4312,53.7519],[13.3999,53.7614],[13.3718,53.7482],[13.3564,53.733],[13.3579,53.724],[13.3806,53.7198],[13.4028,53.7032],[13.4159,53.7127],[13.4177,53.7268],[13.4312,53.7519]]]},"properties":{"AGS":"13071135","GEN":"Siedenbollentin","SN_L":"13"}},
{"type":"Feature","geometry":{"type":"Polygon","coordinates":[[[13.1913,53.73],[13.1747,53.7307],[13.1601,53.7409],[13.1361,53.7492],[13.1307,53.7553],[13.1147,53.7502],[13.1156,53.7357],[13.1202,53.707],[13.1105,53.6924],[13.1324,53.6881],[13.1546,53.6943],[13.1513,53.7043],[13.1722,53.7186],[13.1871,53.7217],[13.1913,53.73]]]},"properties":{"AGS":"13071146","GEN":"Tützpatz","SN_L":"13"}},
{"type":"Feature","geometry":{"type":"Polygon","coordinates":[[[13.3538,53.7819],[13.3406,53.7872],[13.3244,53.7826],[13.3283,53.7702],[13.31,53.7688],[13.3087,53.748],[13.3131,53.7419],[13.3395,53.7332],[13.3411,53.7284],[13.3215,53.7066],[13.3316,53.7067],[13.3808,53.6923],[13.4028,53.7032],[13.3806,53.7198],[13.3579,53.724],[13.3564,53.733],[13.3718,53.7482],[13.3606,53.7575],[13.3757,53.7669],[13.3538,53.7819]]]},"properties":{"AGS":"13071158","GEN":"Werder","SN_L":"13"}},
{"type":"Feature","geometry":{"type":"Polygon","coordinates":[[[13.1705,53.6695],[13.1622,53.6735],[13.0872,53.6735],[13.0847,53.6615],[13.1043,53.6404],[13.1211,53.6297],[13.1514,53.645],[13.1791,53.6436],[13.1922,53.6582],[13.1705,53.6695]]]},"properties":{"AGS":"13071160","GEN":"Wildberg","SN_L":"13"}},
{"type":"Feature","geometry":{"type":"Polygon","coordinates":[[[13.1105,53.6924],[13.0846,53.6956],[13.0698,53.6919],[13.0602,53.7059],[13.0198,53.7026],[13.0472,53.6745],[13.0585,53.6732],[13.0847,53.6615],[13.0872,53.6735],[13.1622,53.6735],[13.1705,53.6695],[13.1689,53.6818],[13.1681,53.6951],[13.1546,53.6943],[13.1324,53.6881],[13.1105,53.6924]]]},"properties":{"AGS":"13071163","GEN":"Wolde","SN_L":"13"}},
{"type":"Feature","geometry":{"type":"Polygon","coordinates":[[[13.6696,53.5456],[13.6597,53.5454],[13.6203,53.5581],[13.6276,53.5658],[13.6009,53.5678],[13.5785,53.5737],[13.5508,53.577],[13.5355,53.5484],[13.5276,53.5436],[13.5399,53.5204],[13.5826,53.5213],[13.585,53.5174],[13.6222,53.5194],[13.6252,53.5094],[13.6689,53.5109],[13.681,53.5214],[13.6789,53.5357],[13.6696,53.5456]]]},"properties":{"AGS":"13071054","GEN":"Groß Miltzow","SN_L":"13"}},
{"type":"Feature","geometry":{"type":"Polygon","coordinates":[[[13.5508,53.577],[13.5273,53.5709],[13.5189,53.5739],[13.4953,53.5688],[13.4652,53.5566],[13.4626,53.5508],[13.4752,53.5448],[13.5011,53.5412],[13.5134,53.547],[13.5276,53.5436],[13.5355,53.5484],[13.5508,53.577]]]},"properties":{"AGS":"13071083","GEN":"Kublank","SN_L":"13"}},
{"type":"Feature","geometry":{"type":"Polygon","coordinates":[[[13.5276,53.5436],[13.5134,53.547],[13.5011,53.5412],[13.4752,53.5448],[13.4626,53.5508],[13.4589,53.5462],[13.4636,53.5398],[13.4642,53.5184],[13.4803,53.5305],[13.4925,53.5149],[13.5241,53.5167],[13.5399,53.5204],[13.5276,53.5436]]]},"properties":{"AGS":"13071105","GEN":"Neetzka","SN_L":"13"}},
{"type":"Feature","geometry":{"type":"Polygon","coordinates":[[[13.6618,53.5983],[13.5992,53.5913],[13.5886,53.5968],[13.5525,53.6048],[13.5315,53.5808],[13.5189,53.5739],[13.5273,53.5709],[13.5508,53.577],[13.5785,53.5737],[13.6009,53.5678],[13.6276,53.5658],[13.6593,53.5738],[13.6606,53.5894],[13.6684,53.5933],[13.6618,53.5983]]]},"properties":{"AGS":"13071130","GEN":"Schönbeck","SN_L":"13"}},
{"type":"Feature","geometry":{"type":"Polygon","coordinates":[[[13.7044,53.5874],[13.7014,53.5927],[13.6839,53.587],[13.6684,53.5933],[13.6606,53.5894],[13.6593,53.5738],[13.6708,53.5721],[13.677,53.5606],[13.6696,53.5456],[13.6789,53.5357],[13.7053,53.5361],[13.7243,53.546],[13.7199,53.5618],[13.7254,53.5717],[13.7095,53.5757],[13.7097,53.5839],[13.7044,53.5874]]]},"properties":{"AGS":"13071132","GEN":"Schönhausen","SN_L":"13"}},
{"type":"Feature","geometry":{"type":"Polygon","coordinates":[[[13.6696,53.5456],[13.677,53.5606],[13.6708,53.5721],[13.6593,53.5738],[13.6276,53.5658],[13.6203,53.5581],[13.6597,53.5454],[13.6696,53.5456]]]},"properties":{"AGS":"13071153","GEN":"Voigtsdorf","SN_L":"13"}},
{"type":"Feature","geometry":{"type":"Polygon","coordinates":[[[13.6689,53.5109],[13.6252,53.5094],[13.6222,53.5194],[13.585,53.5174],[13.5826,53.5213],[13.5399,53.5204],[13.5241,53.5167],[13.5232,53.493],[13.4888,53.4813],[13.4906,53.4667],[13.4742,53.4597],[13.4531,53.4573],[13.4386,53.441],[13.4124,53.4444],[13.4123,53.4347],[13.3943,53.4274],[13.422,53.4023],[13.4342,53.4064],[13.4743,53.4117],[13.484,53.4074],[13.5109,53.4069],[13.5275,53.4021],[13.5248,53.392],[13.5551,53.388],[13.5501,53.3991],[13.5736,53.4081],[13.6065,53.4113],[13.6258,53.41],[13.636,53.4235],[13.6288,53.432],[13.6405,53.4472],[13.6488,53.4456],[13.6632,53.4581],[13.703,53.4736],[13.7101,53.4791],[13.6874,53.4919],[13.6938,53.5082],[13.6689,53.5109]]]},"properties":{"AGS":"13071164","GEN":"Woldegk","SN_L":"13"}},
{"type":"Feature","geometry":{"type":"Polygon","coordinates":[[[11.9368,54.122],[11.9182,54.1257],[11.9056,54.1355],[11.8766,54.1377],[11.8588,54.1461],[11.8097,54.1457],[11.808,54.141],[11.8373,54.1354],[11.8227,54.124],[11.8259,54.1124],[11.8424,54.1099],[11.8697,54.1162],[11.8773,54.1092],[11.8686,54.0969],[11.8708,54.088],[11.8889,54.0943],[11.9002,54.0912],[11.9088,54.092],[11.927,54.0789],[11.9491,54.0792],[11.9474,54.0904],[11.9342,54.1049],[11.9486,54.1126],[11.9368,54.122]]]},"properties":{"AGS":"13072006","GEN":"Bad Doberan","SN_L":"13"}},
{"type":"Feature","geometry":{"type":"Polygon","coordinates":[[[12.1912,54.0692],[12.1582,54.0688],[12.1763,54.0605],[12.1769,54.0518],[12.1607,54.0438],[12.1336,54.0223],[12.1223,54.0099],[12.1181,53.9955],[12.1249,53.9869],[12.1262,53.9759],[12.1631,53.9696],[12.1773,53.9733],[12.1895,53.9622],[12.1924,53.9758],[12.2058,53.9774],[12.2098,53.9664],[12.2435,53.9653],[12.2886,53.9536],[12.2996,53.9549],[12.282,53.972],[12.2938,53.9817],[12.3301,54.0011],[12.3371,54.0225],[12.3329,54.0417],[12.3152,54.0542],[12.2683,54.0641],[12.258,54.0614],[12.2525,54.052],[12.2259,54.0522],[12.1992,54.0572],[12.1912,54.0692]]]},"properties":{"AGS":"13072029","GEN":"Dummerstorf","SN_L":"13"}},
{"type":"Feature","geometry":{"type":"Polygon","coordinates":[[[12.2635,54.2428],[12.2557,54.2522],[12.2801,54.2609],[12.2855,54.275],[12.2234,54.2543],[12.2011,54.2447],[12.2394,54.241],[12.2635,54.2428]]]},"properties":{"AGS":"13072036","GEN":"Graal-Müritz","SN_L":"13"}},
{"type":"Feature","geometry":{"type":"Polygon","coordinates":[[[12.2569,53.831],[12.2336,53.8317],[12.2165,53.8362],[12.1953,53.8356],[12.1839,53.8215],[12.1746,53.8237],[12.1525,53.8172],[12.1296,53.8177],[12.1209,53.8023],[12.1253,53.7866],[12.1506,53.7691],[12.1551,53.7512],[12.1731,53.758],[12.2263,53.7645],[12.2525,53.757],[12.2825,53.7546],[12.2921,53.7556],[12.2945,53.7825],[12.2868,53.7912],[12.256,53.7927],[12.2644,53.8],[12.2441,53.817],[12.2541,53.8288],[12.2569,53.831]]]},"properties":{"AGS":"13072043","GEN":"Güstrow","SN_L":"13"}},
{"type":"Feature","geometry":{"type":"Polygon","coordinates":[[[11.73,54.1229],[11.722,54.1208],[11.7172,54.105],[11.7514,54.0864],[11.7429,54.0706],[11.7462,54.0588],[11.7653,54.0554],[11.7615,54.0437],[11.7742,54.0252],[11.7924,54.0144],[11.7916,54.0053],[11.8185,54.0018],[11.8454,54.0092],[11.846,54.0204],[11.8642,54.0329],[11.8379,54.0533],[11.8514,54.0584],[11.8568,54.0766],[11.8317,54.077],[11.8244,54.087],[11.8095,54.0895],[11.8095,54.1002],[11.7924,54.1075],[11.7772,54.1139],[11.7504,54.1231],[11.73,54.1229]]]},"properties":{"AGS":"13072058","GEN":"Kröpelin","SN_L":"13"}},
{"type":"Feature","geometry":{"type":"Polygon","coordinates":[[[11.7666,54.1537],[11.6938,54.1537],[11.6936,54.141],[11.7307,54.1342],[11.73,54.1229],[11.7504,54.1231],[11.7772,54.1139],[11.7763,54.1299],[11.7857,54.1387],[11.7836,54.1488],[11.7734,54.1516],[11.7666,54.1537]]]},"properties":{"AGS":"13072060","GEN":"Kühlungsborn","SN_L":"13"}},
{"type":"Feature","geometry":{"type":"Polygon","coordinates":[[[11.6732,54.0591],[11.6678,54.0472],[11.6392,54.0486],[11.6362,54.059],[11.6216,54.06],[11.6361,54.0366],[11.6262,54.0264],[11.6252,54.0151],[11.6387,54.0043],[11.6644,53.9947],[11.6847,53.9944],[11.6885,54.0117],[11.7058,54.0182],[11.7024,54.0265],[11.6922,54.0386],[11.6946,54.0496],[11.6732,54.0591]]]},"properties":{"AGS":"13072074","GEN":"Neubukow","SN_L":"13"}},
{"type":"Feature","geometry":{"type":"Polygon","coordinates":[[[12.4638,54.0931],[12.4606,54.1067],[12.4356,54.1244],[12.4118,54.1137],[12.3849,54.1139],[12.3845,54.1219],[12.3655,54.1188],[12.3487,54.1103],[12.3475,54.1025],[12.3545,54.0961],[12.3301,54.0798],[12.31,54.0862],[12.3005,54.077],[12.3164,54.0621],[12.3152,54.0542],[12.3329,54.0417],[12.3371,54.0225],[12.3301,54.0011],[12.3398,53.9956],[12.3659,54.0091],[12.3788,54.0266],[12.4217,54.0323],[12.4223,54.0546],[12.4478,54.0563],[12.4555,54.0625],[12.4575,54.081],[12.4638,54.0931]]]},"properties":{"AGS":"13072091","GEN":"Sanitz","SN_L":"13"}},
{"type":"Feature","geometry":{"type":"Polygon","coordinates":[[[11.9906,54.0613],[11.9821,54.0702],[11.9403,54.0627],[11.9261,54.0517],[11.912,54.0566],[11.9012,54.0356],[11.8642,54.0329],[11.846,54.0204],[11.8454,54.0092],[11.8185,54.0018],[11.7916,54.0053],[11.7885,53.985],[11.7824,53.9746],[11.7979,53.9626],[11.7949,53.9423],[11.8464,53.9433],[11.8666,53.9499],[11.8761,53.968],[11.8911,53.9697],[11.9046,53.9819],[11.9189,53.9828],[11.9383,53.9592],[11.9707,53.9629],[11.9868,53.9684],[11.9982,53.9628],[12.013,53.9767],[12.0227,53.9891],[12.0074,54.0013],[11.9966,54.0202],[11.9999,54.0303],[11.9861,54.0314],[11.9817,54.0455],[12.0027,54.0507],[11.9906,54.0613]]]},"properties":{"AGS":"13072093","GEN":"Satow","SN_L":"13"}},
{"type":"Feature","geometry":{"type":"Polygon","coordinates":[[[12.6003,53.8038],[12.5629,53.8108],[12.5517,53.8015],[12.5416,53.7914],[12.5276,53.772],[12.5058,53.7643],[12.5277,53.7552],[12.547,53.7604],[12.5906,53.7447],[12.6274,53.7429],[12.6294,53.7536],[12.6464,53.754],[12.6463,53.7721],[12.6581,53.7711],[12.6566,53.7842],[12.645,53.7943],[12.6279,53.8],[12.6003,53.8038]]]},"properties":{"AGS":"13072106","GEN":"Teterow","SN_L":"13"}},
{"type":"Feature","geometry":{"type":"Polygon","coordinates":[[[12.0197,54.1288],[12.0101,54.1299],[11.994,54.146],[11.9763,54.1471],[11.9667,54.147],[11.9368,54.122],[11.9486,54.1126],[11.9598,54.1131],[11.9856,54.1025],[11.9996,54.1168],[12.022,54.1229],[12.0197,54.1288]]]},"properties":{"AGS":"13072001","GEN":"Admannshagen-Bargeshagen","SN_L":"13"}},
{"type":"Feature","geometry":{"type":"Polygon","coordinates":[[[11.9856,54.1025],[11.9598,54.1131],[11.9486,54.1126],[11.9342,54.1049],[11.9474,54.0904],[11.9491,54.0792],[11.9403,54.0627],[11.9821,54.0702],[11.9906,54.0613],[11.9974,54.0743],[11.9842,54.0888],[11.9856,54.1025]]]},"properties":{"AGS":"13072007","GEN":"Bartenshagen-Parkentin","SN_L":"13"}},
{"type":"Feature","geometry":{"type":"Polygon","coordinates":[[[11.9667,54.147],[11.9524,54.1483],[11.9276,54.1609],[11.888,54.151],[11.8588,54.1461],[11.8766,54.1377],[11.9056,54.1355],[11.9182,54.1257],[11.9368,54.122],[11.9667,54.147]]]},"properties":{"AGS":"13072017","GEN":"Börgerende-Rethwisch","SN_L":"13"}},
{"type":"Feature","geometry":{"type":"Polygon","coordinates":[[[11.9491,54.0792],[11.927,54.0789],[11.9088,54.092],[11.9002,54.0912],[11.9034,54.0848],[11.8939,54.0615],[11.912,54.0566],[11.9261,54.0517],[11.9403,54.0627],[11.9491,54.0792]]]},"properties":{"AGS":"13072047","GEN":"Hohenfelde","SN_L":"13"}},
{"type":"Feature","geometry":{"type":"Polygon","coordinates":[[[11.9763,54.1471],[11.9876,54.1726],[11.9276,54.1609],[11.9524,54.1483],[11.9667,54.147],[11.9763,54.1471]]]},"properties":{"AGS":"13072075","GEN":"Nienhagen","SN_L":"13"}},
{"type":"Feature","geometry":{"type":"Polygon","coordinates":[[[11.8708,54.088],[11.8686,54.0969],[11.8773,54.1092],[11.8697,54.1162],[11.8424,54.1099],[11.851,54.1021],[11.8379,54.0901],[11.8244,54.087],[11.8317,54.077],[11.8568,54.0766],[11.8708,54.088]]]},"properties":{"AGS":"13072083","GEN":"Reddelich","SN_L":"13"}},
{"type":"Feature","geometry":{"type":"Polygon","coordinates":[[[11.912,54.0566],[11.8939,54.0615],[11.9034,54.0848],[11.9002,54.0912],[11.8889,54.0943],[11.8708,54.088],[11.8568,54.0766],[11.8514,54.0584],[11.8379,54.0533],[11.8642,54.0329],[11.9012,54.0356],[11.912,54.0566]]]},"properties":{"AGS":"13072086","GEN":"Retschow","SN_L":"13"}},
{"type":"Feature","geometry":{"type":"Polygon","coordinates":[[[11.8227,54.124],[11.8108,54.1254],[11.7924,54.1075],[11.8095,54.1002],[11.8095,54.0895],[11.8244,54.087],[11.8379,54.0901],[11.851,54.1021],[11.8424,54.1099],[11.8259,54.1124],[11.8227,54.124]]]},"properties":{"AGS":"13072099","GEN":"Steffenshagen","SN_L":"13"}},
{"type":"Feature","geometry":{"type":"Polygon","coordinates":[[[11.8227,54.124],[11.8373,54.1354],[11.808,54.141],[11.8097,54.1457],[11.7836,54.1488],[11.7857,54.1387],[11.7763,54.1299],[11.7772,54.1139],[11.7924,54.1075],[11.8108,54.1254],[11.8227,54.124]]]},"properties":{"AGS":"13072117","GEN":"Wittenbeck","SN_L":"13"}},
{"type":"Feature","geometry":{"type":"Polygon","coordinates":[[[11.8888,53.8425],[11.8685,53.8597],[11.8314,53.8546],[11.8086,53.8433],[11.8038,53.8315],[11.7902,53.8223],[11.8105,53.7957],[11.8079,53.7887],[11.8232,53.7883],[11.8375,53.7994],[11.8733,53.7909],[11.8929,53.7955],[11.9036,53.8093],[11.885,53.8347],[11.8888,53.8425]]]},"properties":{"AGS":"13072009","GEN":"Baumgarten","SN_L":"13"}},
{"type":"Feature","geometry":{"type":"Polygon","coordinates":[[[11.9199,53.9249],[11.9111,53.9267],[11.9115,53.9453],[11.8947,53.9323],[11.8583,53.9166],[11.8272,53.8878],[11.8078,53.8858],[11.7984,53.8914],[11.7919,53.8856],[11.7676,53.8797],[11.7773,53.8596],[11.7592,53.8517],[11.7676,53.8459],[11.7586,53.8263],[11.7902,53.8223],[11.8038,53.8315],[11.8086,53.8433],[11.8314,53.8546],[11.8685,53.8597],[11.8888,53.8425],[11.8977,53.8427],[11.9268,53.8713],[11.9437,53.8757],[11.9582,53.8788],[11.9569,53.8936],[11.9446,53.9062],[11.9306,53.8978],[11.9187,53.909],[11.9018,53.9174],[11.9199,53.9249]]]},"properties":{"AGS":"13072013","GEN":"Bernitt","SN_L":"13"}},
{"type":"Feature","geometry":{"type":"Polygon","coordinates":[[[12.0176,53.8739],[12.0029,53.8772],[12.0018,53.8862],[11.9799,53.8879],[11.9771,53.8977],[11.9569,53.8936],[11.9582,53.8788],[11.9437,53.8757],[11.9556,53.8626],[11.9415,53.8516],[11.9438,53.8409],[11.9498,53.8181],[11.9574,53.8088],[11.9884,53.8092],[11.9909,53.8038],[12.0164,53.8059],[12.0187,53.8124],[12.0051,53.8205],[12.0114,53.8328],[12.0359,53.8427],[12.0304,53.861],[12.0211,53.8726],[12.0176,53.8739]]]},"properties":{"AGS":"13072020","GEN":"Bützow","SN_L":"13"}},
{"type":"Feature","geometry":{"type":"Polygon","coordinates":[[[12.0353,53.7917],[12.0358,53.7996],[12.0187,53.8124],[12.0164,53.8059],[11.9909,53.8038],[11.9884,53.8092],[11.9574,53.8088],[11.9482,53.8082],[11.9509,53.7826],[11.962,53.7796],[11.9841,53.7896],[12.0132,53.7939],[12.0353,53.7917]]]},"properties":{"AGS":"13072028","GEN":"Dreetz","SN_L":"13"}},
{"type":"Feature","geometry":{"type":"Polygon","coordinates":[[[11.9383,53.9592],[11.9189,53.9828],[11.9046,53.9819],[11.8911,53.9697],[11.8761,53.968],[11.8666,53.9499],[11.8464,53.9433],[11.7949,53.9423],[11.7941,53.9314],[11.8052,53.9188],[11.7893,53.9099],[11.7984,53.8914],[11.8078,53.8858],[11.8272,53.8878],[11.8583,53.9166],[11.8947,53.9323],[11.9115,53.9453],[11.9383,53.9592]]]},"properties":{"AGS":"13072050","GEN":"Jürgenshagen","SN_L":"13"}},
{"type":"Feature","geometry":{"type":"Polygon","coordinates":[[[11.9982,53.9628],[11.9868,53.9684],[11.9707,53.9629],[11.9383,53.9592],[11.9115,53.9453],[11.9111,53.9267],[11.9199,53.9249],[11.9411,53.9285],[11.9499,53.9137],[11.9446,53.9062],[11.9569,53.8936],[11.9771,53.8977],[11.9799,53.8879],[12.0018,53.8862],[12.0029,53.8772],[12.0176,53.8739],[12.0361,53.9018],[12.0186,53.9097],[11.9852,53.9208],[11.9965,53.9294],[11.9888,53.9405],[12.0017,53.952],[11.9982,53.9628]]]},"properties":{"AGS":"13072053","GEN":"Klein Belitz","SN_L":"13"}},
{"type":"Feature","geometry":{"type":"Polygon","coordinates":[[[11.9446,53.9062],[11.9499,53.9137],[11.9411,53.9285],[11.9199,53.9249],[11.9018,53.9174],[11.9187,53.909],[11.9306,53.8978],[11.9446,53.9062]]]},"properties":{"AGS":"13072078","GEN":"Penzin","SN_L":"13"}},
{"type":"Feature","geometry":{"type":"Polygon","coordinates":[[[11.9438,53.8409],[11.9332,53.8365],[11.9084,53.8367],[11.8977,53.8427],[11.8888,53.8425],[11.885,53.8347],[11.9036,53.8093],[11.8929,53.7955],[11.9105,53.798],[11.9498,53.8181],[11.9438,53.8409]]]},"properties":{"AGS":"13072089","GEN":"Rühn","SN_L":"13"}},
{"type":"Feature","geometry":{"type":"Polygon","coordinates":[[[11.9438,53.8409],[11.9415,53.8516],[11.9556,53.8626],[11.9437,53.8757],[11.9268,53.8713],[11.8977,53.8427],[11.9084,53.8367],[11.9332,53.8365],[11.9438,53.8409]]]},"properties":{"AGS":"13072101","GEN":"Steinhagen","SN_L":"13"}},
{"type":"Feature","geometry":{"type":"Polygon","coordinates":[[[11.9498,53.8181],[11.9105,53.798],[11.893,53.7751],[11.9134,53.7673],[11.928,53.7665],[11.9638,53.7489],[11.9652,53.7405],[11.9838,53.7429],[11.9936,53.7365],[12.0141,53.7456],[12.0133,53.754],[12.0417,53.7712],[12.0493,53.7925],[12.0353,53.7917],[12.0132,53.7939],[11.9841,53.7896],[11.962,53.7796],[11.9509,53.7826],[11.9482,53.8082],[11.9574,53.8088],[11.9498,53.8181]]]},"properties":{"AGS":"13072104","GEN":"Tarnow","SN_L":"13"}},
{"type":"Feature","geometry":{"type":"Polygon","coordinates":[[[11.8929,53.7955],[11.8733,53.7909],[11.8375,53.7994],[11.8232,53.7883],[11.8079,53.7887],[11.7918,53.7777],[11.7973,53.7708],[11.8244,53.7639],[11.8415,53.7639],[11.8381,53.7514],[11.8805,53.739],[11.9042,53.7363],[11.9355,53.7427],[11.9652,53.7405],[11.9638,53.7489],[11.928,53.7665],[11.9134,53.7673],[11.893,53.7751],[11.9105,53.798],[11.8929,53.7955]]]},"properties":{"AGS":"13072114","GEN":"Warnow","SN_L":"13"}},
{"type":"Feature","geometry":{"type":"Polygon","coordinates":[[[12.0939,53.8634],[12.081,53.8637],[12.0411,53.8827],[12.0211,53.8726],[12.0304,53.861],[12.0359,53.8427],[12.0114,53.8328],[12.0051,53.8205],[12.0187,53.8124],[12.0493,53.8184],[12.068,53.8252],[12.0792,53.8531],[12.0939,53.8634]]]},"properties":{"AGS":"13072120","GEN":"Zepelin","SN_L":"13"}},
{"type":"Feature","geometry":{"type":"Polygon","coordinates":[[[12.3487,54.1103],[12.3514,54.1245],[12.3293,54.1259],[12.3138,54.1232],[12.3045,54.1151],[12.2791,54.1226],[12.2493,54.1039],[12.2035,54.0975],[12.2006,54.0797],[12.2225,54.0793],[12.2337,54.0678],[12.258,54.0614],[12.2683,54.0641],[12.3152,54.0542],[12.3164,54.0621],[12.3005,54.077],[12.2814,54.0767],[12.2862,54.0869],[12.2595,54.0963],[12.2966,54.1004],[12.3249,54.0992],[12.3475,54.1025],[12.3487,54.1103]]]},"properties":{"AGS":"13072019","GEN":"Broderstorf","SN_L":"13"}},
{"type":"Feature","geometry":{"type":"Polygon","coordinates":[[[12.3145,54.1686],[12.2801,54.1639],[12.2888,54.147],[12.2731,54.1384],[12.2701,54.1283],[12.2791,54.1226],[12.3045,54.1151],[12.3138,54.1232],[12.3293,54.1259],[12.3098,54.1412],[12.333,54.1565],[12.3145,54.1686]]]},"properties":{"AGS":"13072081","GEN":"Poppendorf","SN_L":"13"}},
{"type":"Feature","geometry":{"type":"Polygon","coordinates":[[[12.258,54.0614],[12.2337,54.0678],[12.2225,54.0793],[12.2006,54.0797],[12.1912,54.0692],[12.1992,54.0572],[12.2259,54.0522],[12.2525,54.052],[12.258,54.0614]]]},"properties":{"AGS":"13072087","GEN":"Roggentin","SN_L":"13"}},
{"type":"Feature","geometry":{"type":"Polygon","coordinates":[[[12.3475,54.1025],[12.3249,54.0992],[12.2966,54.1004],[12.2595,54.0963],[12.2862,54.0869],[12.2814,54.0767],[12.3005,54.077],[12.31,54.0862],[12.3301,54.0798],[12.3545,54.0961],[12.3475,54.1025]]]},"properties":{"AGS":"13072108","GEN":"Thulendorf","SN_L":"13"}},
{"type":"Feature","geometry":{"type":"Polygon","coordinates":[[[12.7951,53.9273],[12.7438,53.9204],[12.7295,53.9306],[12.7092,53.9358],[12.7077,53.929],[12.6772,53.9353],[12.669,53.92],[12.6908,53.9088],[12.6797,53.8944],[12.6848,53.8825],[12.6782,53.8693],[12.7209,53.8643],[12.746,53.8663],[12.7527,53.8603],[12.7763,53.8665],[12.7903,53.8774],[12.7652,53.8983],[12.7847,53.9228],[12.7951,53.9273]]]},"properties":{"AGS":"13072004","GEN":"Altkalen","SN_L":"13"}},
{"type":"Feature","geometry":{"type":"Polygon","coordinates":[[[12.7458,54.0332],[12.7157,54.0188],[12.6921,54.0298],[12.6945,54.0367],[12.6591,54.0465],[12.6584,54.0403],[12.6346,54.0335],[12.6253,54.0259],[12.6206,54.0094],[12.5839,54.0078],[12.5864,53.9943],[12.6207,53.9894],[12.625,53.9729],[12.6026,53.9698],[12.5894,53.9567],[12.6144,53.9501],[12.6282,53.9605],[12.6409,53.9546],[12.6588,53.9585],[12.6715,53.969],[12.653,53.9953],[12.6556,54.0017],[12.6792,54.0067],[12.7086,54.006],[12.7583,53.9891],[12.7662,53.9635],[12.7709,53.9619],[12.7884,53.9589],[12.816,53.9881],[12.8086,54.0049],[12.7995,54.0069],[12.7753,54.0207],[12.7458,54.0332]]]},"properties":{"AGS":"13072010","GEN":"Behren-Lübchin","SN_L":"13"}},
{"type":"Feature","geometry":{"type":"Polygon","coordinates":[[[12.7884,53.9589],[12.7709,53.9619],[12.7135,53.9491],[12.7092,53.9358],[12.7295,53.9306],[12.7438,53.9204],[12.7951,53.9273],[12.8122,53.9307],[12.8068,53.9427],[12.7884,53.9589]]]},"properties":{"AGS":"13072031","GEN":"Finkenthal","SN_L":"13"}},
{"type":"Feature","geometry":{"type":"Polygon","coordinates":[[[12.7709,53.9619],[12.7662,53.9635],[12.7583,53.9891],[12.7086,54.006],[12.6792,54.0067],[12.6556,54.0017],[12.653,53.9953],[12.6715,53.969],[12.6588,53.9585],[12.6596,53.9505],[12.6772,53.9353],[12.7077,53.929],[12.7092,53.9358],[12.7135,53.9491],[12.7709,53.9619]]]},"properties":{"AGS":"13072035","GEN":"Gnoien","SN_L":"13"}},
{"type":"Feature","geometry":{"type":"Polygon","coordinates":[[[12.5839,54.0078],[12.5646,54.0135],[12.551,54.0057],[12.5403,54.0083],[12.5213,54.0086],[12.5559,53.9979],[12.5443,53.9764],[12.5142,53.9758],[12.5135,53.9511],[12.5002,53.9425],[12.5177,53.9377],[12.5206,53.9244],[12.5385,53.9127],[12.545,53.9139],[12.5537,53.9237],[12.5844,53.9208],[12.6006,53.9228],[12.619,53.9143],[12.6382,53.9104],[12.669,53.92],[12.6772,53.9353],[12.6596,53.9505],[12.6588,53.9585],[12.6409,53.9546],[12.6282,53.9605],[12.6144,53.9501],[12.5894,53.9567],[12.6026,53.9698],[12.625,53.9729],[12.6207,53.9894],[12.5864,53.9943],[12.5839,54.0078]]]},"properties":{"AGS":"13072111","GEN":"Walkendorf","SN_L":"13"}},
{"type":"Feature","geometry":{"type":"Polygon","coordinates":[[[12.3306,53.8057],[12.3107,53.8086],[12.3127,53.8316],[12.2858,53.8329],[12.2652,53.8238],[12.2541,53.8288],[12.2441,53.817],[12.2644,53.8],[12.256,53.7927],[12.2868,53.7912],[12.3038,53.8006],[12.3306,53.8057]]]},"properties":{"AGS":"13072033","GEN":"Glasewitz","SN_L":"13"}},
{"type":"Feature","geometry":{"type":"Polygon","coordinates":[[[12.1222,53.8404],[12.1303,53.852],[12.1099,53.8644],[12.0939,53.8634],[12.0792,53.8531],[12.068,53.8252],[12.1034,53.8262],[12.1224,53.8195],[12.1222,53.8404]]]},"properties":{"AGS":"13072039","GEN":"Groß Schwiesow","SN_L":"13"}},
{"type":"Feature","geometry":{"type":"Polygon","coordinates":[[[12.1224,53.8195],[12.1034,53.8262],[12.068,53.8252],[12.0493,53.8184],[12.0187,53.8124],[12.0358,53.7996],[12.0353,53.7917],[12.0493,53.7925],[12.0417,53.7712],[12.0133,53.754],[12.0141,53.7456],[11.9936,53.7365],[11.9756,53.7295],[11.9955,53.7283],[12.0086,53.7151],[12.0353,53.7138],[12.0363,53.7081],[12.0583,53.7162],[12.0682,53.734],[12.0844,53.7413],[12.0825,53.7536],[12.1013,53.7653],[12.0912,53.7757],[12.1108,53.7831],[12.1209,53.8023],[12.1296,53.8177],[12.1224,53.8195]]]},"properties":{"AGS":"13072042","GEN":"Gülzow-Prüzen","SN_L":"13"}},
{"type":"Feature","geometry":{"type":"Polygon","coordinates":[[[12.1209,53.8023],[12.1108,53.7831],[12.0912,53.7757],[12.1013,53.7653],[12.0825,53.7536],[12.0844,53.7413],[12.1079,53.728],[12.1347,53.7378],[12.1753,53.7327],[12.1769,53.7287],[12.174,53.7452],[12.1551,53.7512],[12.1506,53.7691],[12.1253,53.7866],[12.1209,53.8023]]]},"properties":{"AGS":"13072044","GEN":"Gutow","SN_L":"13"}},
{"type":"Feature","geometry":{"type":"Polygon","coordinates":[[[12.0682,53.734],[12.0583,53.7162],[12.0363,53.7081],[12.0348,53.7],[12.0461,53.6947],[12.0755,53.6984],[12.0814,53.7052],[12.0798,53.7213],[12.0682,53.734]]]},"properties":{"AGS":"13072055","GEN":"Klein Upahl","SN_L":"13"}},
{"type":"Feature","geometry":{"type":"Polygon","coordinates":[[[12.2607,53.8373],[12.2697,53.8555],[12.2946,53.8735],[12.2652,53.8819],[12.2484,53.8748],[12.2254,53.8715],[12.2138,53.8622],[12.2195,53.8475],[12.2343,53.8478],[12.2607,53.8373]]]},"properties":{"AGS":"13072061","GEN":"Kuhs","SN_L":"13"}},
{"type":"Feature","geometry":{"type":"Polygon","coordinates":[[[12.1079,53.728],[12.0844,53.7413],[12.0682,53.734],[12.0798,53.7213],[12.0814,53.7052],[12.0755,53.6984],[12.0461,53.6947],[12.0348,53.7],[12.0265,53.6922],[12.0441,53.675],[12.0504,53.6659],[12.0697,53.6615],[12.0822,53.6474],[12.1046,53.6448],[12.12,53.6476],[12.1292,53.6556],[12.1288,53.6736],[12.1209,53.6789],[12.1073,53.7162],[12.1079,53.728]]]},"properties":{"AGS":"13072067","GEN":"Lohmen","SN_L":"13"}},
{"type":"Feature","geometry":{"type":"Polygon","coordinates":[[[12.1856,53.8566],[12.1608,53.8617],[12.1397,53.8617],[12.1338,53.8563],[12.1341,53.8396],[12.1222,53.8404],[12.1224,53.8195],[12.1296,53.8177],[12.1525,53.8172],[12.1746,53.8237],[12.1839,53.8215],[12.1953,53.8356],[12.1832,53.8384],[12.1856,53.8566]]]},"properties":{"AGS":"13072069","GEN":"Lüssow","SN_L":"13"}},
{"type":"Feature","geometry":{"type":"Polygon","coordinates":[[[12.1753,53.8928],[12.1338,53.8943],[12.1122,53.9031],[12.1223,53.8797],[12.1099,53.8644],[12.1303,53.852],[12.1222,53.8404],[12.1341,53.8396],[12.1338,53.8563],[12.1397,53.8617],[12.1608,53.8617],[12.1856,53.8566],[12.2014,53.871],[12.2186,53.8765],[12.2132,53.8891],[12.1764,53.8845],[12.1753,53.8928]]]},"properties":{"AGS":"13072071","GEN":"Mistorf","SN_L":"13"}},
{"type":"Feature","geometry":{"type":"Polygon","coordinates":[[[12.2825,53.7546],[12.2525,53.757],[12.2263,53.7645],[12.1731,53.758],[12.1551,53.7512],[12.174,53.7452],[12.1769,53.7287],[12.1786,53.7259],[12.2058,53.7248],[12.2164,53.7296],[12.2505,53.7191],[12.2613,53.7357],[12.2559,53.7447],[12.2857,53.7482],[12.2825,53.7546]]]},"properties":{"AGS":"13072073","GEN":"Mühl Rosin","SN_L":"13"}},
{"type":"Feature","geometry":{"type":"Polygon","coordinates":[[[12.3734,53.8344],[12.3669,53.8536],[12.3248,53.8522],[12.3321,53.8635],[12.2946,53.8735],[12.2697,53.8555],[12.2607,53.8373],[12.2569,53.831],[12.2541,53.8288],[12.2652,53.8238],[12.2858,53.8329],[12.3127,53.8316],[12.3107,53.8086],[12.3306,53.8057],[12.3484,53.7961],[12.3613,53.811],[12.3593,53.8196],[12.3734,53.8344]]]},"properties":{"AGS":"13072079","GEN":"Plaaz","SN_L":"13"}},
{"type":"Feature","geometry":{"type":"Polygon","coordinates":[[[12.1989,53.6426],[12.2077,53.6643],[12.2234,53.6657],[12.2398,53.6579],[12.2516,53.6654],[12.252,53.6806],[12.2463,53.6908],[12.2314,53.6848],[12.1997,53.6836],[12.1828,53.6915],[12.1679,53.6783],[12.1412,53.6762],[12.1209,53.6789],[12.1288,53.6736],[12.1292,53.6556],[12.12,53.6476],[12.1411,53.6358],[12.1989,53.6426]]]},"properties":{"AGS":"13072084","GEN":"Reimershagen","SN_L":"13"}},
{"type":"Feature","geometry":{"type":"Polygon","coordinates":[[[12.2254,53.8715],[12.2186,53.8765],[12.2014,53.871],[12.1856,53.8566],[12.1832,53.8384],[12.1953,53.8356],[12.2165,53.8362],[12.2336,53.8317],[12.2569,53.831],[12.2607,53.8373],[12.2343,53.8478],[12.2195,53.8475],[12.2138,53.8622],[12.2254,53.8715]]]},"properties":{"AGS":"13072092","GEN":"Sarmstorf","SN_L":"13"}},
{"type":"Feature","geometry":{"type":"Polygon","coordinates":[[[12.1769,53.7287],[12.1753,53.7327],[12.1347,53.7378],[12.1079,53.728],[12.1073,53.7162],[12.1209,53.6789],[12.1412,53.6762],[12.1679,53.6783],[12.1828,53.6915],[12.169,53.6954],[12.168,53.7201],[12.1786,53.7259],[12.1769,53.7287]]]},"properties":{"AGS":"13072119","GEN":"Zehna","SN_L":"13"}},
{"type":"Feature","geometry":{"type":"Polygon","coordinates":[[[12.3986,53.5673],[12.4163,53.5841],[12.3984,53.6026],[12.4112,53.6098],[12.4072,53.6253],[12.4174,53.6471],[12.4031,53.6553],[12.3959,53.666],[12.3917,53.6586],[12.3567,53.6432],[12.3485,53.6496],[12.3277,53.6526],[12.2952,53.6367],[12.3029,53.6238],[12.284,53.6135],[12.294,53.6039],[12.2855,53.592],[12.2703,53.5972],[12.2493,53.5907],[12.2502,53.5834],[12.2822,53.582],[12.2903,53.5702],[12.3056,53.5677],[12.3109,53.5682],[12.3161,53.5748],[12.3395,53.5857],[12.3764,53.5852],[12.3986,53.5673]]]},"properties":{"AGS":"13072026","GEN":"Dobbin-Linstow","SN_L":"13"}},
{"type":"Feature","geometry":{"type":"Polygon","coordinates":[[[12.3439,53.7092],[12.3284,53.7236],[12.3459,53.7399],[12.2857,53.7482],[12.2559,53.7447],[12.2613,53.7357],[12.2505,53.7191],[12.2611,53.7103],[12.2773,53.7158],[12.2998,53.6936],[12.2878,53.6844],[12.3495,53.698],[12.3439,53.7092]]]},"properties":{"AGS":"13072048","GEN":"Hoppenrade","SN_L":"13"}},
{"type":"Feature","geometry":{"type":"Polygon","coordinates":[[[12.2505,53.7191],[12.2164,53.7296],[12.2058,53.7248],[12.1786,53.7259],[12.168,53.7201],[12.169,53.6954],[12.1828,53.6915],[12.1997,53.6836],[12.2314,53.6848],[12.2463,53.6908],[12.252,53.6806],[12.2516,53.6654],[12.2398,53.6579],[12.2234,53.6657],[12.2077,53.6643],[12.1989,53.6426],[12.2022,53.6233],[12.2145,53.6107],[12.2092,53.6032],[12.2272,53.5967],[12.2493,53.5907],[12.2703,53.5972],[12.2855,53.592],[12.294,53.6039],[12.284,53.6135],[12.3029,53.6238],[12.2952,53.6367],[12.3277,53.6526],[12.288,53.6706],[12.2878,53.6844],[12.2998,53.6936],[12.2773,53.7158],[12.2611,53.7103],[12.2505,53.7191]]]},"properties":{"AGS":"13072056","GEN":"Krakow am See","SN_L":"13"}},
{"type":"Feature","geometry":{"type":"Polygon","coordinates":[[[12.4222,53.671],[12.4109,53.6881],[12.3884,53.708],[12.3725,53.7124],[12.3571,53.7062],[12.3439,53.7092],[12.3495,53.698],[12.2878,53.6844],[12.288,53.6706],[12.3277,53.6526],[12.3485,53.6496],[12.3567,53.6432],[12.3917,53.6586],[12.3959,53.666],[12.4222,53.671]]]},"properties":{"AGS":"13072059","GEN":"Kuchelmiß","SN_L":"13"}},
{"type":"Feature","geometry":{"type":"Polygon","coordinates":[[[12.4289,53.8231],[12.4117,53.831],[12.3734,53.8344],[12.3593,53.8196],[12.3613,53.811],[12.3484,53.7961],[12.3306,53.8057],[12.3038,53.8006],[12.2868,53.7912],[12.2945,53.7825],[12.2921,53.7556],[12.2825,53.7546],[12.2857,53.7482],[12.3459,53.7399],[12.3284,53.7236],[12.3439,53.7092],[12.3571,53.7062],[12.3725,53.7124],[12.3884,53.708],[12.4109,53.6881],[12.4222,53.671],[12.4344,53.673],[12.4605,53.66],[12.4641,53.6671],[12.4597,53.6934],[12.473,53.6986],[12.4933,53.7022],[12.4921,53.7296],[12.4675,53.7376],[12.4502,53.7474],[12.4634,53.7693],[12.4571,53.7822],[12.4434,53.7781],[12.4305,53.7896],[12.4532,53.8125],[12.4477,53.8171],[12.4289,53.8231]]]},"properties":{"AGS":"13072063","GEN":"Lalendorf","SN_L":"13"}},
{"type":"Feature","geometry":{"type":"Polygon","coordinates":[[[12.2996,53.9549],[12.2886,53.9536],[12.2435,53.9653],[12.2098,53.9664],[12.2058,53.9774],[12.1924,53.9758],[12.1895,53.9622],[12.1848,53.9457],[12.2087,53.9282],[12.2343,53.9251],[12.2458,53.9152],[12.2606,53.9193],[12.2949,53.9236],[12.2966,53.9321],[12.3128,53.9387],[12.3027,53.9554],[12.2996,53.9549]]]},"properties":{"AGS":"13072027","GEN":"Dolgen am See","SN_L":"13"}},
{"type":"Feature","geometry":{"type":"Polygon","coordinates":[[[12.1848,53.9457],[12.1752,53.9458],[12.1594,53.9275],[12.1659,53.9137],[12.1784,53.9111],[12.1753,53.8928],[12.1764,53.8845],[12.2132,53.8891],[12.2281,53.9013],[12.2497,53.9048],[12.2606,53.9193],[12.2458,53.9152],[12.2343,53.9251],[12.2087,53.9282],[12.1848,53.9457]]]},"properties":{"AGS":"13072046","GEN":"Hohen Sprenz","SN_L":"13"}},
{"type":"Feature","geometry":{"type":"Polygon","coordinates":[[[12.4647,53.9072],[12.4263,53.9121],[12.4048,53.9065],[12.3778,53.9184],[12.371,53.9288],[12.3992,53.9321],[12.3622,53.9538],[12.3383,53.9517],[12.3027,53.9554],[12.3128,53.9387],[12.2966,53.9321],[12.2949,53.9236],[12.2606,53.9193],[12.2497,53.9048],[12.2281,53.9013],[12.2132,53.8891],[12.2186,53.8765],[12.2254,53.8715],[12.2484,53.8748],[12.2652,53.8819],[12.2946,53.8735],[12.3321,53.8635],[12.3248,53.8522],[12.3669,53.8536],[12.3734,53.8344],[12.4117,53.831],[12.4289,53.8231],[12.4402,53.8392],[12.4398,53.8506],[12.4549,53.8554],[12.4323,53.8648],[12.4395,53.8837],[12.4267,53.8866],[12.446,53.9],[12.4647,53.9072]]]},"properties":{"AGS":"13072062","GEN":"Laage","SN_L":"13"}},
{"type":"Feature","geometry":{"type":"Polygon","coordinates":[[[12.4046,53.9845],[12.3755,53.9696],[12.368,53.9596],[12.3455,53.9647],[12.3359,53.981],[12.3398,53.9956],[12.3301,54.0011],[12.2938,53.9817],[12.282,53.972],[12.2996,53.9549],[12.3027,53.9554],[12.3383,53.9517],[12.3622,53.9538],[12.3992,53.9321],[12.371,53.9288],[12.3778,53.9184],[12.4048,53.9065],[12.4263,53.9121],[12.4647,53.9072],[12.4627,53.9174],[12.4775,53.9387],[12.5002,53.9425],[12.5135,53.9511],[12.4802,53.9579],[12.475,53.9711],[12.4396,53.986],[12.4242,53.9843],[12.4101,53.9781],[12.4046,53.9845]]]},"properties":{"AGS":"13072112","GEN":"Wardow","SN_L":"13"}},
{"type":"Feature","geometry":{"type":"Polygon","coordinates":[[[12.6522,53.8285],[12.6454,53.8283],[12.6196,53.8242],[12.6126,53.818],[12.6003,53.8038],[12.6279,53.8],[12.645,53.7943],[12.6566,53.7842],[12.6581,53.7711],[12.683,53.7685],[12.6988,53.7743],[12.7029,53.802],[12.7037,53.8145],[12.6795,53.8124],[12.6522,53.8285]]]},"properties":{"AGS":"13072003","GEN":"Alt Sührkow","SN_L":"13"}},
{"type":"Feature","geometry":{"type":"Polygon","coordinates":[[[12.4933,53.7022],[12.473,53.6986],[12.5022,53.6776],[12.5039,53.6578],[12.5125,53.6534],[12.5318,53.6583],[12.5526,53.6585],[12.5639,53.6529],[12.5844,53.6531],[12.6112,53.6425],[12.6267,53.641],[12.6465,53.6553],[12.6578,53.6623],[12.6418,53.6695],[12.6277,53.6834],[12.6254,53.6874],[12.5929,53.677],[12.5599,53.6714],[12.5515,53.6777],[12.5519,53.6912],[12.5196,53.689],[12.5099,53.7015],[12.4933,53.7022]]]},"properties":{"AGS":"13072023","GEN":"Dahmen","SN_L":"13"}},
{"type":"Feature","geometry":{"type":"Polygon","coordinates":[[[12.5188,53.8225],[12.4834,53.8333],[12.457,53.8258],[12.4477,53.8171],[12.4532,53.8125],[12.4617,53.8082],[12.4837,53.8093],[12.494,53.8006],[12.513,53.8043],[12.5416,53.7914],[12.5517,53.8015],[12.536,53.8162],[12.5188,53.8225]]]},"properties":{"AGS":"13072024","GEN":"Dalkendorf","SN_L":"13"}},
{"type":"Feature","geometry":{"type":"Polygon","coordinates":[[[12.5416,53.7914],[12.513,53.8043],[12.494,53.8006],[12.4837,53.8093],[12.4617,53.8082],[12.4532,53.8125],[12.4305,53.7896],[12.4434,53.7781],[12.4571,53.7822],[12.4634,53.7693],[12.4798,53.772],[12.5058,53.7643],[12.5276,53.772],[12.5416,53.7914]]]},"properties":{"AGS":"13072038","GEN":"Groß Roge","SN_L":"13"}},
{"type":"Feature","geometry":{"type":"Polygon","coordinates":[[[12.5058,53.7643],[12.4798,53.772],[12.4634,53.7693],[12.4502,53.7474],[12.4675,53.7376],[12.4921,53.7296],[12.4933,53.7022],[12.5099,53.7015],[12.5226,53.7055],[12.5266,53.7264],[12.5147,53.746],[12.5277,53.7552],[12.5058,53.7643]]]},"properties":{"AGS":"13072040","GEN":"Groß Wokern","SN_L":"13"}},
{"type":"Feature","geometry":{"type":"Polygon","coordinates":[[[12.5717,53.898],[12.5502,53.9046],[12.545,53.9139],[12.5385,53.9127],[12.5275,53.9014],[12.5318,53.8948],[12.5292,53.8754],[12.511,53.8682],[12.4897,53.8655],[12.4917,53.8501],[12.5092,53.8477],[12.5117,53.8578],[12.5432,53.8513],[12.5364,53.8365],[12.5701,53.848],[12.5929,53.856],[12.5752,53.867],[12.5927,53.875],[12.5608,53.8871],[12.5717,53.898]]]},"properties":{"AGS":"13072041","GEN":"Groß Wüstenfelde","SN_L":"13"}},
{"type":"Feature","geometry":{"type":"Polygon","coordinates":[[[12.5906,53.7447],[12.547,53.7604],[12.5277,53.7552],[12.5147,53.746],[12.5266,53.7264],[12.5226,53.7055],[12.5099,53.7015],[12.5196,53.689],[12.5519,53.6912],[12.5498,53.703],[12.5612,53.711],[12.5675,53.7266],[12.588,53.7329],[12.5906,53.7447]]]},"properties":{"AGS":"13072045","GEN":"Hohen Demzin","SN_L":"13"}},
{"type":"Feature","geometry":{"type":"Polygon","coordinates":[[[12.6797,53.8944],[12.648,53.8954],[12.6386,53.883],[12.6016,53.8843],[12.601,53.9015],[12.5717,53.898],[12.5608,53.8871],[12.5927,53.875],[12.6143,53.8694],[12.647,53.8512],[12.6454,53.8283],[12.6522,53.8285],[12.6706,53.8268],[12.6858,53.8367],[12.6861,53.8456],[12.6599,53.8522],[12.6782,53.8693],[12.6848,53.8825],[12.6797,53.8944]]]},"properties":{"AGS":"13072049","GEN":"Jördenstorf","SN_L":"13"}},
{"type":"Feature","geometry":{"type":"Polygon","coordinates":[[[12.7527,53.8603],[12.746,53.8663],[12.7209,53.8643],[12.6782,53.8693],[12.6599,53.8522],[12.6861,53.8456],[12.6858,53.8367],[12.6706,53.8268],[12.6522,53.8285],[12.6795,53.8124],[12.7037,53.8145],[12.7345,53.8173],[12.7476,53.8234],[12.7564,53.8448],[12.7527,53.8603]]]},"properties":{"AGS":"13072066","GEN":"Lelkendorf","SN_L":"13"}},
{"type":"Feature","geometry":{"type":"Polygon","coordinates":[[[12.5385,53.9127],[12.5206,53.9244],[12.5177,53.9377],[12.5002,53.9425],[12.4775,53.9387],[12.4627,53.9174],[12.4647,53.9072],[12.446,53.9],[12.4267,53.8866],[12.4395,53.8837],[12.4323,53.8648],[12.4549,53.8554],[12.4798,53.8561],[12.4917,53.8501],[12.4897,53.8655],[12.511,53.8682],[12.5292,53.8754],[12.5318,53.8948],[12.5275,53.9014],[12.5385,53.9127]]]},"properties":{"AGS":"13072082","GEN":"Prebberede","SN_L":"13"}},
{"type":"Feature","geometry":{"type":"Polygon","coordinates":[[[12.6274,53.7429],[12.5906,53.7447],[12.588,53.7329],[12.5675,53.7266],[12.5612,53.711],[12.5498,53.703],[12.5519,53.6912],[12.5515,53.6777],[12.5599,53.6714],[12.5929,53.677],[12.6254,53.6874],[12.625,53.6987],[12.6391,53.7159],[12.6275,53.726],[12.6274,53.7429]]]},"properties":{"AGS":"13072094","GEN":"Schorssow","SN_L":"13"}},
{"type":"Feature","geometry":{"type":"Polygon","coordinates":[[[12.669,53.92],[12.6382,53.9104],[12.619,53.9143],[12.6006,53.9228],[12.5844,53.9208],[12.5537,53.9237],[12.545,53.9139],[12.5502,53.9046],[12.5717,53.898],[12.601,53.9015],[12.6016,53.8843],[12.6386,53.883],[12.648,53.8954],[12.6797,53.8944],[12.6908,53.9088],[12.669,53.92]]]},"properties":{"AGS":"13072096","GEN":"Schwasdorf","SN_L":"13"}},
{"type":"Feature","geometry":{"type":"Polygon","coordinates":[[[12.6454,53.8283],[12.647,53.8512],[12.6143,53.8694],[12.5927,53.875],[12.5752,53.867],[12.5929,53.856],[12.5701,53.848],[12.5757,53.8345],[12.6126,53.818],[12.6196,53.8242],[12.6454,53.8283]]]},"properties":{"AGS":"13072103","GEN":"Sukow-Levitzow","SN_L":"13"}},
{"type":"Feature","geometry":{"type":"Polygon","coordinates":[[[12.5701,53.848],[12.5364,53.8365],[12.5188,53.8225],[12.536,53.8162],[12.5517,53.8015],[12.5629,53.8108],[12.6003,53.8038],[12.6126,53.818],[12.5757,53.8345],[12.5701,53.848]]]},"properties":{"AGS":"13072109","GEN":"Thürkow","SN_L":"13"}},
{"type":"Feature","geometry":{"type":"Polygon","coordinates":[[[12.5364,53.8365],[12.5432,53.8513],[12.5117,53.8578],[12.5092,53.8477],[12.4917,53.8501],[12.4798,53.8561],[12.4549,53.8554],[12.4398,53.8506],[12.4402,53.8392],[12.4289,53.8231],[12.4477,53.8171],[12.457,53.8258],[12.4834,53.8333],[12.5188,53.8225],[12.5364,53.8365]]]},"properties":{"AGS":"13072113","GEN":"Warnkenhagen","SN_L":"13"}},
{"type":"Feature","geometry":{"type":"Polygon","coordinates":[[[11.6262,54.0264],[11.5797,54.0189],[11.5891,54.0024],[11.5825,53.9891],[11.6141,53.9859],[11.6233,53.9926],[11.6575,53.9842],[11.6644,53.9947],[11.6387,54.0043],[11.6252,54.0151],[11.6262,54.0264]]]},"properties":{"AGS":"13072002","GEN":"Alt Bukow","SN_L":"13"}},
{"type":"Feature","geometry":{"type":"Polygon","coordinates":[[[11.6216,54.06],[11.6131,54.0702],[11.5826,54.0637],[11.5872,54.0473],[11.5772,54.0361],[11.5618,54.0281],[11.5797,54.0189],[11.6262,54.0264],[11.6361,54.0366],[11.6216,54.06]]]},"properties":{"AGS":"13072005","GEN":"Am Salzhaff","SN_L":"13"}},
{"type":"Feature","geometry":{"type":"MultiPolygon","coordinates":[[[[11.6747,54.0692],[11.6917,54.0852],[11.6789,54.0907],[11.6498,54.0872],[11.6443,54.0791],[11.6575,54.0702],[11.6747,54.0692]]],[[[11.6938,54.1537],[11.68,54.1524],[11.6647,54.143],[11.6721,54.1387],[11.6454,54.1125],[11.6864,54.1037],[11.7172,54.105],[11.722,54.1208],[11.73,54.1229],[11.7307,54.1342],[11.6936,54.141],[11.6938,54.1537]]]]},"properties":{"AGS":"13072008","GEN":"Bastorf","SN_L":"13"}},
{"type":"Feature","geometry":{"type":"Polygon","coordinates":[[[11.7742,54.0252],[11.7615,54.0437],[11.7653,54.0554],[11.7462,54.0588],[11.7429,54.0706],[11.7514,54.0864],[11.7172,54.105],[11.6864,54.1037],[11.6789,54.0907],[11.6917,54.0852],[11.6747,54.0692],[11.6732,54.0591],[11.6946,54.0496],[11.6922,54.0386],[11.7024,54.0265],[11.7114,54.0282],[11.7395,54.0189],[11.7609,54.0177],[11.7742,54.0252]]]},"properties":{"AGS":"13072014","GEN":"Biendorf","SN_L":"13"}},
{"type":"Feature","geometry":{"type":"Polygon","coordinates":[[[11.7742,54.0252],[11.7609,54.0177],[11.7395,54.0189],[11.7114,54.0282],[11.7024,54.0265],[11.7058,54.0182],[11.6885,54.0117],[11.6847,53.9944],[11.6644,53.9947],[11.6575,53.9842],[11.6575,53.9723],[11.6779,53.962],[11.6669,53.955],[11.6744,53.9361],[11.6867,53.9342],[11.7059,53.9555],[11.7314,53.953],[11.7489,53.96],[11.7412,53.9691],[11.7656,53.9771],[11.7824,53.9746],[11.7885,53.985],[11.7916,54.0053],[11.7924,54.0144],[11.7742,54.0252]]]},"properties":{"AGS":"13072022","GEN":"Carinerland","SN_L":"13"}},
{"type":"Feature","geometry":{"type":"Polygon","coordinates":[[[11.6864,54.1037],[11.6454,54.1125],[11.6721,54.1387],[11.6647,54.143],[11.6214,54.1141],[11.5948,54.1012],[11.5609,54.0965],[11.532,54.0752],[11.5421,54.0584],[11.5869,54.0928],[11.6048,54.1028],[11.61,54.1038],[11.6147,54.1016],[11.6265,54.0896],[11.6245,54.0768],[11.6131,54.0702],[11.6216,54.06],[11.6362,54.059],[11.6392,54.0486],[11.6678,54.0472],[11.6732,54.0591],[11.6747,54.0692],[11.6575,54.0702],[11.6443,54.0791],[11.6498,54.0872],[11.6789,54.0907],[11.6864,54.1037]]]},"properties":{"AGS":"13072085","GEN":"Rerik","SN_L":"13"}},
{"type":"Feature","geometry":{"type":"Polygon","coordinates":[[[12.2801,54.1639],[12.2503,54.1581],[12.235,54.1466],[12.2264,54.1333],[12.1967,54.1316],[12.1838,54.1347],[12.1726,54.1289],[12.1719,54.1174],[12.1914,54.1083],[12.2035,54.0975],[12.2493,54.1039],[12.2791,54.1226],[12.2701,54.1283],[12.2731,54.1384],[12.2888,54.147],[12.2801,54.1639]]]},"properties":{"AGS":"13072012","GEN":"Bentwisch","SN_L":"13"}},
{"type":"Feature","geometry":{"type":"Polygon","coordinates":[[[12.3516,54.1853],[12.3199,54.1852],[12.3145,54.1686],[12.333,54.1565],[12.3098,54.1412],[12.3293,54.1259],[12.3514,54.1245],[12.3487,54.1103],[12.3655,54.1188],[12.3845,54.1219],[12.3851,54.1349],[12.3652,54.163],[12.3711,54.1741],[12.3516,54.1853]]]},"properties":{"AGS":"13072015","GEN":"Blankenhagen","SN_L":"13"}},
{"type":"Feature","geometry":{"type":"Polygon","coordinates":[[[12.3728,54.1909],[12.3726,54.2056],[12.3532,54.211],[12.3496,54.2219],[12.3298,54.2245],[12.3115,54.2341],[12.3127,54.2438],[12.3008,54.2563],[12.2801,54.2609],[12.2557,54.2522],[12.2635,54.2428],[12.268,54.2403],[12.2636,54.2151],[12.2937,54.1971],[12.3199,54.1852],[12.3516,54.1853],[12.3728,54.1909]]]},"properties":{"AGS":"13072032","GEN":"Gelbensande","SN_L":"13"}},
{"type":"Feature","geometry":{"type":"Polygon","coordinates":[[[12.2503,54.1581],[12.2318,54.1572],[12.1982,54.1671],[12.1827,54.1591],[12.19,54.1479],[12.1838,54.1347],[12.1967,54.1316],[12.2264,54.1333],[12.235,54.1466],[12.2503,54.1581]]]},"properties":{"AGS":"13072072","GEN":"Mönchhagen","SN_L":"13"}},
{"type":"Feature","geometry":{"type":"Polygon","coordinates":[[[12.3199,54.1852],[12.2937,54.1971],[12.258,54.1828],[12.2039,54.1821],[12.1963,54.167],[12.1827,54.1591],[12.1982,54.1671],[12.2318,54.1572],[12.2503,54.1581],[12.2801,54.1639],[12.3145,54.1686],[12.3199,54.1852]]]},"properties":{"AGS":"13072088","GEN":"Rövershagen","SN_L":"13"}},
{"type":"Feature","geometry":{"type":"Polygon","coordinates":[[[12.1249,53.9869],[12.1093,53.9833],[12.088,53.9892],[12.0844,53.9994],[12.0698,54.0023],[12.0652,53.9806],[12.0728,53.9754],[12.0853,53.9647],[12.1018,53.9664],[12.1156,53.9617],[12.1267,53.9647],[12.1262,53.9759],[12.1249,53.9869]]]},"properties":{"AGS":"13072011","GEN":"Benitz","SN_L":"13"}},
{"type":"Feature","geometry":{"type":"Polygon","coordinates":[[[12.0728,53.9754],[12.0539,53.9774],[12.0388,53.972],[12.013,53.9767],[11.9982,53.9628],[12.0017,53.952],[12.0202,53.9533],[12.0521,53.9476],[12.061,53.9412],[12.0853,53.9647],[12.0728,53.9754]]]},"properties":{"AGS":"13072018","GEN":"Bröbberow","SN_L":"13"}},
{"type":"Feature","geometry":{"type":"Polygon","coordinates":[[[12.1099,53.8644],[12.1223,53.8797],[12.1122,53.9031],[12.1192,53.9115],[12.1071,53.9119],[12.0947,53.896],[12.0553,53.8898],[12.0411,53.8827],[12.081,53.8637],[12.0939,53.8634],[12.1099,53.8644]]]},"properties":{"AGS":"13072051","GEN":"Kassow","SN_L":"13"}},
{"type":"Feature","geometry":{"type":"Polygon","coordinates":[[[12.1594,53.9275],[12.1238,53.9278],[12.1192,53.9115],[12.1122,53.9031],[12.1338,53.8943],[12.1753,53.8928],[12.1784,53.9111],[12.1659,53.9137],[12.1594,53.9275]]]},"properties":{"AGS":"13072090","GEN":"Rukieten","SN_L":"13"}},
{"type":"Feature","geometry":{"type":"Polygon","coordinates":[[[12.1238,53.9278],[12.1379,53.9356],[12.1361,53.944],[12.1206,53.9487],[12.1156,53.9617],[12.1018,53.9664],[12.0853,53.9647],[12.061,53.9412],[12.0521,53.9476],[12.0202,53.9533],[12.0017,53.952],[11.9888,53.9405],[11.9965,53.9294],[11.9852,53.9208],[12.0186,53.9097],[12.0487,53.9118],[12.0676,53.9254],[12.1071,53.9119],[12.1192,53.9115],[12.1238,53.9278]]]},"properties":{"AGS":"13072095","GEN":"Schwaan","SN_L":"13"}},
{"type":"Feature","geometry":{"type":"Polygon","coordinates":[[[12.0411,53.8827],[12.0553,53.8898],[12.0947,53.896],[12.1071,53.9119],[12.0676,53.9254],[12.0487,53.9118],[12.0186,53.9097],[12.0361,53.9018],[12.0176,53.8739],[12.0211,53.8726],[12.0411,53.8827]]]},"properties":{"AGS":"13072110","GEN":"Vorbeck","SN_L":"13"}},
{"type":"Feature","geometry":{"type":"Polygon","coordinates":[[[12.1895,53.9622],[12.1773,53.9733],[12.1631,53.9696],[12.1262,53.9759],[12.1267,53.9647],[12.1156,53.9617],[12.1206,53.9487],[12.1361,53.944],[12.1379,53.9356],[12.1238,53.9278],[12.1594,53.9275],[12.1752,53.9458],[12.1848,53.9457],[12.1895,53.9622]]]},"properties":{"AGS":"13072116","GEN":"Wiendorf","SN_L":"13"}},
{"type":"Feature","geometry":{"type":"Polygon","coordinates":[[[12.4522,54.0139],[12.426,54.0257],[12.4217,54.0323],[12.3788,54.0266],[12.3659,54.0091],[12.3398,53.9956],[12.3359,53.981],[12.3455,53.9647],[12.368,53.9596],[12.3755,53.9696],[12.4046,53.9845],[12.4117,53.9834],[12.4307,53.9972],[12.4541,54.0074],[12.4522,54.0139]]]},"properties":{"AGS":"13072021","GEN":"Cammin","SN_L":"13"}},
{"type":"Feature","geometry":{"type":"Polygon","coordinates":[[[12.4972,54.092],[12.4829,54.0975],[12.4638,54.0931],[12.4575,54.081],[12.465,54.0759],[12.492,54.0755],[12.5211,54.0655],[12.532,54.0579],[12.5434,54.0633],[12.5152,54.085],[12.4972,54.092]]]},"properties":{"AGS":"13072034","GEN":"Gnewitz","SN_L":"13"}},
{"type":"Feature","geometry":{"type":"Polygon","coordinates":[[[12.6085,54.0773],[12.5961,54.0731],[12.5983,54.048],[12.584,54.0449],[12.5901,54.0286],[12.6198,54.0265],[12.6346,54.0335],[12.6584,54.0403],[12.6591,54.0465],[12.6275,54.0676],[12.6085,54.0773]]]},"properties":{"AGS":"13072037","GEN":"Grammow","SN_L":"13"}},
{"type":"Feature","geometry":{"type":"Polygon","coordinates":[[[12.6346,54.0335],[12.6198,54.0265],[12.5901,54.0286],[12.5646,54.0135],[12.5839,54.0078],[12.6206,54.0094],[12.6253,54.0259],[12.6346,54.0335]]]},"properties":{"AGS":"13072076","GEN":"Nustrow","SN_L":"13"}},
{"type":"Feature","geometry":{"type":"Polygon","coordinates":[[[12.5213,54.0086],[12.4977,54.0118],[12.4808,54.0092],[12.4674,54.0171],[12.4522,54.0139],[12.4541,54.0074],[12.4307,53.9972],[12.4117,53.9834],[12.4046,53.9845],[12.4101,53.9781],[12.4242,53.9843],[12.4396,53.986],[12.475,53.9711],[12.4802,53.9579],[12.5135,53.9511],[12.5142,53.9758],[12.5443,53.9764],[12.5559,53.9979],[12.5213,54.0086]]]},"properties":{"AGS":"13072097","GEN":"Selpin","SN_L":"13"}},
{"type":"Feature","geometry":{"type":"Polygon","coordinates":[[[12.5812,54.0716],[12.562,54.0905],[12.5398,54.088],[12.5165,54.0951],[12.4972,54.092],[12.5152,54.085],[12.5434,54.0633],[12.5812,54.0716]]]},"properties":{"AGS":"13072102","GEN":"Stubbendorf","SN_L":"13"}},
{"type":"Feature","geometry":{"type":"Polygon","coordinates":[[[12.5099,54.0414],[12.4784,54.0471],[12.4558,54.0478],[12.4478,54.0563],[12.4223,54.0546],[12.4217,54.0323],[12.426,54.0257],[12.4522,54.0139],[12.4674,54.0171],[12.4808,54.0092],[12.4977,54.0118],[12.5213,54.0086],[12.5403,54.0083],[12.5258,54.0172],[12.5099,54.0414]]]},"properties":{"AGS":"13072105","GEN":"Tessin","SN_L":"13"}},
{"type":"Feature","geometry":{"type":"Polygon","coordinates":[[[12.5901,54.0286],[12.584,54.0449],[12.5983,54.048],[12.5961,54.0731],[12.5812,54.0716],[12.5434,54.0633],[12.532,54.0579],[12.5226,54.0441],[12.5099,54.0414],[12.5258,54.0172],[12.5403,54.0083],[12.551,54.0057],[12.5646,54.0135],[12.5901,54.0286]]]},"properties":{"AGS":"13072107","GEN":"Thelkow","SN_L":"13"}},
{"type":"Feature","geometry":{"type":"Polygon","coordinates":[[[12.532,54.0579],[12.5211,54.0655],[12.492,54.0755],[12.465,54.0759],[12.4575,54.081],[12.4555,54.0625],[12.4478,54.0563],[12.4558,54.0478],[12.4784,54.0471],[12.5099,54.0414],[12.5226,54.0441],[12.532,54.0579]]]},"properties":{"AGS":"13072118","GEN":"Zarnewanz","SN_L":"13"}},
{"type":"Feature","geometry":{"type":"Polygon","coordinates":[[[12.0197,54.1288],[12.0372,54.1379],[12.0236,54.1523],[12.035,54.1631],[11.9985,54.175],[11.9876,54.1726],[11.9763,54.1471],[11.994,54.146],[12.0101,54.1299],[12.0197,54.1288]]]},"properties":{"AGS":"13072030","GEN":"Elmenhorst/Lichtenhagen","SN_L":"13"}},
{"type":"Feature","geometry":{"type":"Polygon","coordinates":[[[12.0797,54.0519],[12.0636,54.0643],[12.0642,54.0813],[12.0482,54.0936],[12.0351,54.0862],[12.017,54.0845],[12.0144,54.0745],[12.0385,54.0621],[12.0417,54.0472],[12.0503,54.0355],[12.0623,54.0295],[12.0717,54.0359],[12.0797,54.0519]]]},"properties":{"AGS":"13072057","GEN":"Kritzmow","SN_L":"13"}},
{"type":"Feature","geometry":{"type":"Polygon","coordinates":[[[12.0482,54.0936],[12.0545,54.1031],[12.022,54.1229],[11.9996,54.1168],[11.9856,54.1025],[11.9842,54.0888],[11.9974,54.0743],[12.0144,54.0745],[12.017,54.0845],[12.0351,54.0862],[12.0482,54.0936]]]},"properties":{"AGS":"13072064","GEN":"Lambrechtshagen","SN_L":"13"}},
{"type":"Feature","geometry":{"type":"Polygon","coordinates":[[[12.1336,54.0223],[12.1607,54.0438],[12.1769,54.0518],[12.1763,54.0605],[12.1582,54.0688],[12.1375,54.0594],[12.0797,54.0519],[12.0717,54.0359],[12.0623,54.0295],[12.0785,54.0217],[12.1048,54.0183],[12.1238,54.0249],[12.1336,54.0223]]]},"properties":{"AGS":"13072077","GEN":"Papendorf","SN_L":"13"}},
{"type":"Feature","geometry":{"type":"Polygon","coordinates":[[[12.1336,54.0223],[12.1238,54.0249],[12.1048,54.0183],[12.0785,54.0217],[12.0698,54.0023],[12.0844,53.9994],[12.088,53.9892],[12.1093,53.9833],[12.1249,53.9869],[12.1181,53.9955],[12.1223,54.0099],[12.1336,54.0223]]]},"properties":{"AGS":"13072080","GEN":"Pölchow","SN_L":"13"}},
{"type":"Feature","geometry":{"type":"Polygon","coordinates":[[[12.0144,54.0745],[11.9974,54.0743],[11.9906,54.0613],[12.0027,54.0507],[11.9817,54.0455],[11.9861,54.0314],[11.9999,54.0303],[12.0321,54.0308],[12.0503,54.0355],[12.0417,54.0472],[12.0385,54.0621],[12.0144,54.0745]]]},"properties":{"AGS":"13072098","GEN":"Stäbelow","SN_L":"13"}},
{"type":"Feature","geometry":{"type":"Polygon","coordinates":[[[12.0503,54.0355],[12.0321,54.0308],[11.9999,54.0303],[11.9966,54.0202],[12.0074,54.0013],[12.0227,53.9891],[12.013,53.9767],[12.0388,53.972],[12.0539,53.9774],[12.0728,53.9754],[12.0652,53.9806],[12.0698,54.0023],[12.0785,54.0217],[12.0623,54.0295],[12.0503,54.0355]]]},"properties":{"AGS":"13072121","GEN":"Ziesendorf","SN_L":"13"}},
{"type":"Feature","geometry":{"type":"Polygon","coordinates":[[[13.6766,54.3985],[13.623,54.3992],[13.6006,54.4124],[13.5781,54.4391],[13.5699,54.4672],[13.576,54.4781],[13.5481,54.4749],[13.5462,54.4345],[13.5704,54.4267],[13.5764,54.4152],[13.553,54.4112],[13.5804,54.4024],[13.5952,54.4051],[13.6069,54.3998],[13.5938,54.3901],[13.6144,54.3794],[13.605,54.368],[13.6191,54.3691],[13.6421,54.382],[13.6531,54.383],[13.6596,54.3932],[13.6766,54.3985]]]},"properties":{"AGS":"13073011","GEN":"Binz","SN_L":"13"}},
{"type":"Feature","geometry":{"type":"Polygon","coordinates":[[[13.1033,54.1723],[13.0723,54.1695],[13.0421,54.1523],[13.0449,54.1471],[13.0228,54.1358],[13.0361,54.121],[12.9637,54.1103],[12.9847,54.0936],[12.9941,54.0809],[13.0184,54.0756],[13.0437,54.0789],[13.0812,54.0943],[13.0967,54.1054],[13.0734,54.1117],[13.0746,54.1217],[13.0955,54.1313],[13.1097,54.1312],[13.1124,54.1485],[13.1205,54.1567],[13.0868,54.1658],[13.1033,54.1723]]]},"properties":{"AGS":"13073035","GEN":"Grimmen","SN_L":"13"}},
{"type":"Feature","geometry":{"type":"Polygon","coordinates":[[[12.5721,54.1885],[12.5536,54.2052],[12.5462,54.2207],[12.5245,54.2315],[12.5022,54.2137],[12.4606,54.2155],[12.4126,54.1937],[12.3806,54.1887],[12.3728,54.1909],[12.3516,54.1853],[12.3711,54.1741],[12.3652,54.163],[12.3851,54.1349],[12.3845,54.1219],[12.3849,54.1139],[12.4118,54.1137],[12.4356,54.1244],[12.4532,54.1325],[12.4943,54.1241],[12.4928,54.132],[12.5166,54.1299],[12.5407,54.1339],[12.5798,54.1177],[12.5708,54.1078],[12.6002,54.1049],[12.6289,54.1228],[12.6426,54.1371],[12.623,54.1457],[12.6017,54.1557],[12.5875,54.1682],[12.5856,54.1769],[12.5721,54.1885]]]},"properties":{"AGS":"13073055","GEN":"Marlow","SN_L":"13"}},
{"type":"Feature","geometry":{"type":"Polygon","coordinates":[[[13.5114,54.387],[13.4949,54.3835],[13.4862,54.3929],[13.4598,54.3832],[13.4451,54.3816],[13.4082,54.3676],[13.4048,54.3488],[13.3772,54.3419],[13.3707,54.3243],[13.3762,54.3126],[13.3941,54.3115],[13.4169,54.3008],[13.4483,54.3147],[13.4613,54.3159],[13.4639,54.3287],[13.4605,54.3274],[13.455,54.3307],[13.4546,54.3361],[13.4592,54.3346],[13.461,54.3296],[13.4636,54.3294],[13.5015,54.3404],[13.5049,54.3406],[13.5049,54.3431],[13.5508,54.3397],[13.5715,54.3518],[13.591,54.3511],[13.5902,54.3644],[13.5728,54.3593],[13.5417,54.365],[13.5125,54.3815],[13.5114,54.387]]]},"properties":{"AGS":"13073070","GEN":"Putbus","SN_L":"13"}},
{"type":"Feature","geometry":{"type":"Polygon","coordinates":[[[13.6509,54.514],[13.6686,54.5205],[13.6818,54.5432],[13.6799,54.5623],[13.6612,54.5758],[13.6422,54.5826],[13.6138,54.5544],[13.6227,54.5484],[13.6042,54.5375],[13.596,54.5255],[13.5793,54.5267],[13.5558,54.5102],[13.563,54.4986],[13.5357,54.4821],[13.5267,54.4803],[13.5481,54.4749],[13.576,54.4781],[13.5786,54.4799],[13.5995,54.4808],[13.6094,54.4989],[13.6282,54.5062],[13.6509,54.514]]]},"properties":{"AGS":"13073080","GEN":"Sassnitz","SN_L":"13"}},
{"type":"Feature","geometry":{"type":"Polygon","coordinates":[[[13.1521,54.2685],[13.1276,54.2705],[13.1048,54.2828],[13.1104,54.3075],[13.0875,54.3201],[13.0758,54.3458],[13.0548,54.338],[13.0437,54.3221],[13.0307,54.3146],[12.9995,54.3105],[12.9967,54.3045],[13.0246,54.3024],[13.032,54.2887],[13.0509,54.2812],[13.0612,54.2857],[13.0775,54.2819],[13.0796,54.2668],[13.1156,54.2569],[13.1325,54.2443],[13.1427,54.2543],[13.1521,54.2685]]]},"properties":{"AGS":"13073088","GEN":"Stralsund","SN_L":"13"}},
{"type":"Feature","geometry":{"type":"Polygon","coordinates":[[[13.2165,54.1179],[13.1756,54.1138],[13.1841,54.1242],[13.1639,54.1265],[13.1561,54.1377],[13.1301,54.1394],[13.1124,54.1485],[13.1097,54.1312],[13.0955,54.1313],[13.0746,54.1217],[13.0734,54.1117],[13.0967,54.1054],[13.0812,54.0943],[13.0437,54.0789],[13.0184,54.0756],[13.009,54.0596],[12.9812,54.0389],[12.9619,54.0332],[12.9966,54.0168],[13.0227,54.0136],[13.0426,54.0258],[13.0786,54.0318],[13.0877,54.0375],[13.1083,54.031],[13.1529,54.0217],[13.1544,54.0279],[13.2046,54.0344],[13.213,54.0449],[13.2334,54.0562],[13.2484,54.0678],[13.2778,54.0635],[13.2889,54.0729],[13.2618,54.0814],[13.2505,54.0963],[13.2263,54.1048],[13.2165,54.1179]]]},"properties":{"AGS":"13073089","GEN":"Süderholz","SN_L":"13"}},
{"type":"Feature","geometry":{"type":"MultiPolygon","coordinates":[[[[12.6957,54.431],[12.6793,54.4233],[12.7298,54.4157],[12.7241,54.4254],[12.6957,54.431]]],[[[12.6403,54.4244],[12.6531,54.4105],[12.668,54.4101],[12.6685,54.4206],[12.691,54.4317],[12.719,54.4321],[12.7405,54.4151],[12.7641,54.4126],[12.7778,54.4178],[12.7996,54.4092],[12.8216,54.421],[12.8575,54.4208],[12.8739,54.4139],[12.9252,54.4258],[12.9162,54.4452],[12.852,54.4405],[12.6577,54.4434],[12.6345,54.4473],[12.6315,54.4353],[12.6386,54.4289],[12.6403,54.4244]]]]},"properties":{"AGS":"13073105","GEN":"Zingst","SN_L":"13"}},
{"type":"Feature","geometry":{"type":"Polygon","coordinates":[[[12.9678,54.3645],[12.9498,54.3683],[12.9424,54.377],[12.9255,54.3826],[12.9103,54.3945],[12.8967,54.3959],[12.886,54.3857],[12.8797,54.3667],[12.896,54.3611],[12.9005,54.3518],[12.9314,54.344],[12.9428,54.3512],[12.9752,54.3522],[12.9875,54.3575],[12.9678,54.3645]]]},"properties":{"AGS":"13073005","GEN":"Altenpleen","SN_L":"13"}},
{"type":"Feature","geometry":{"type":"Polygon","coordinates":[[[12.9895,54.4259],[12.9589,54.4231],[12.9538,54.4166],[12.9236,54.413],[12.8977,54.4017],[12.8967,54.3959],[12.9103,54.3945],[12.9255,54.3826],[12.9424,54.377],[12.9498,54.3683],[12.9678,54.3645],[12.9681,54.3798],[12.9971,54.39],[12.9895,54.4259]]]},"properties":{"AGS":"13073037","GEN":"Groß Mohrdorf","SN_L":"13"}},
{"type":"Feature","geometry":{"type":"Polygon","coordinates":[[[13.0296,54.3939],[13.0226,54.4046],[13.0236,54.4206],[13.0343,54.4317],[13.0158,54.4394],[12.9995,54.436],[12.9895,54.4259],[12.9971,54.39],[13.0203,54.3886],[13.0296,54.3939]]]},"properties":{"AGS":"13073044","GEN":"Klausdorf","SN_L":"13"}},
{"type":"Feature","geometry":{"type":"Polygon","coordinates":[[[13.0798,54.3529],[13.0938,54.3658],[13.0755,54.3821],[13.0652,54.3702],[13.0497,54.3723],[13.0274,54.355],[13.0254,54.3449],[13.0117,54.3389],[13.0227,54.3314],[13.011,54.3176],[13.0307,54.3146],[13.0437,54.3221],[13.0548,54.338],[13.0758,54.3458],[13.0798,54.3529]]]},"properties":{"AGS":"13073046","GEN":"Kramerhof","SN_L":"13"}},
{"type":"Feature","geometry":{"type":"Polygon","coordinates":[[[13.0274,54.355],[13.0087,54.3597],[12.9875,54.3575],[12.9752,54.3522],[12.9428,54.3512],[12.949,54.3372],[12.9682,54.3182],[12.9871,54.3181],[12.997,54.3347],[13.0117,54.3389],[13.0254,54.3449],[13.0274,54.355]]]},"properties":{"AGS":"13073066","GEN":"Preetz","SN_L":"13"}},
{"type":"Feature","geometry":{"type":"Polygon","coordinates":[[[13.0755,54.3821],[13.0485,54.3801],[13.0296,54.3939],[13.0203,54.3886],[12.9971,54.39],[12.9681,54.3798],[12.9678,54.3645],[12.9875,54.3575],[13.0087,54.3597],[13.0274,54.355],[13.0497,54.3723],[13.0652,54.3702],[13.0755,54.3821]]]},"properties":{"AGS":"13073068","GEN":"Prohn","SN_L":"13"}},
{"type":"Feature","geometry":{"type":"Polygon","coordinates":[[[12.7195,54.3731],[12.7148,54.399],[12.6988,54.3977],[12.6967,54.3857],[12.6763,54.3709],[12.6617,54.3688],[12.5901,54.3452],[12.6019,54.3295],[12.6149,54.328],[12.6236,54.3426],[12.6591,54.3351],[12.6887,54.3428],[12.7269,54.3375],[12.778,54.3604],[12.7905,54.3785],[12.7771,54.3914],[12.7689,54.3716],[12.7354,54.3726],[12.7356,54.3705],[12.7195,54.3731]]]},"properties":{"AGS":"13073009","GEN":"Barth","SN_L":"13"}},
{"type":"Feature","geometry":{"type":"Polygon","coordinates":[[[12.7269,54.3375],[12.6887,54.3428],[12.6591,54.3351],[12.6236,54.3426],[12.6149,54.328],[12.6406,54.3233],[12.6518,54.3054],[12.6509,54.2878],[12.6708,54.2881],[12.6908,54.2917],[12.6898,54.3067],[12.7164,54.3011],[12.7296,54.3111],[12.7186,54.33],[12.7269,54.3375]]]},"properties":{"AGS":"13073018","GEN":"Divitz-Spoldershagen","SN_L":"13"}},
{"type":"Feature","geometry":{"type":"Polygon","coordinates":[[[12.6454,54.3808],[12.6195,54.3723],[12.6028,54.371],[12.5946,54.3581],[12.5748,54.3582],[12.5734,54.3711],[12.5547,54.3725],[12.5363,54.3667],[12.5533,54.3564],[12.5492,54.3301],[12.5607,54.33],[12.5901,54.3452],[12.6617,54.3688],[12.6502,54.3699],[12.6454,54.3808]]]},"properties":{"AGS":"13073025","GEN":"Fuhlendorf","SN_L":"13"}},
{"type":"Feature","geometry":{"type":"Polygon","coordinates":[[[12.8411,54.3151],[12.8191,54.3129],[12.8125,54.3192],[12.7868,54.3177],[12.7815,54.3236],[12.774,54.318],[12.771,54.3094],[12.7859,54.2885],[12.7933,54.2812],[12.8155,54.2878],[12.8361,54.3008],[12.8411,54.3151]]]},"properties":{"AGS":"13073042","GEN":"Karnin","SN_L":"13"}},
{"type":"Feature","geometry":{"type":"Polygon","coordinates":[[[12.8077,54.3495],[12.804,54.3704],[12.7905,54.3785],[12.778,54.3604],[12.7269,54.3375],[12.7186,54.33],[12.7296,54.3111],[12.7395,54.325],[12.774,54.318],[12.7815,54.3236],[12.7847,54.3424],[12.8077,54.3495]]]},"properties":{"AGS":"13073043","GEN":"Kenz-Küstrow","SN_L":"13"}},
{"type":"Feature","geometry":{"type":"Polygon","coordinates":[[[12.774,54.318],[12.7395,54.325],[12.7296,54.3111],[12.7164,54.3011],[12.6898,54.3067],[12.6908,54.2917],[12.6708,54.2881],[12.6823,54.2793],[12.7011,54.2732],[12.7264,54.2765],[12.766,54.2886],[12.7859,54.2885],[12.771,54.3094],[12.774,54.318]]]},"properties":{"AGS":"13073051","GEN":"Löbnitz","SN_L":"13"}},
{"type":"Feature","geometry":{"type":"Polygon","coordinates":[[[12.6149,54.328],[12.6019,54.3295],[12.599,54.3117],[12.5918,54.3026],[12.6075,54.2877],[12.6509,54.2878],[12.6518,54.3054],[12.6406,54.3233],[12.6149,54.328]]]},"properties":{"AGS":"13073053","GEN":"Lüdershagen","SN_L":"13"}},
{"type":"Feature","geometry":{"type":"Polygon","coordinates":[[[12.6763,54.3709],[12.6921,54.3865],[12.6888,54.4003],[12.7145,54.4045],[12.7075,54.4119],[12.6853,54.4064],[12.6679,54.408],[12.6602,54.3986],[12.6671,54.3888],[12.6454,54.3808],[12.6502,54.3699],[12.6617,54.3688],[12.6763,54.3709]]]},"properties":{"AGS":"13073069","GEN":"Pruchten","SN_L":"13"}},
{"type":"Feature","geometry":{"type":"Polygon","coordinates":[[[12.5533,54.3564],[12.5381,54.3498],[12.5297,54.3348],[12.4731,54.3296],[12.4776,54.3039],[12.468,54.2955],[12.4841,54.2842],[12.5069,54.2856],[12.5311,54.2714],[12.5308,54.2808],[12.5598,54.278],[12.5728,54.2823],[12.6075,54.2877],[12.5918,54.3026],[12.599,54.3117],[12.6019,54.3295],[12.5901,54.3452],[12.5607,54.33],[12.5492,54.3301],[12.5533,54.3564]]]},"properties":{"AGS":"13073077","GEN":"Saal","SN_L":"13"}},
{"type":"Feature","geometry":{"type":"Polygon","coordinates":[[[12.6509,54.2878],[12.6075,54.2877],[12.5728,54.2823],[12.5931,54.2679],[12.6153,54.2641],[12.6092,54.2451],[12.6287,54.2423],[12.6411,54.2342],[12.6538,54.235],[12.6653,54.25],[12.7027,54.2498],[12.7233,54.2463],[12.7264,54.2612],[12.7011,54.2732],[12.6823,54.2793],[12.6708,54.2881],[12.6509,54.2878]]]},"properties":{"AGS":"13073094","GEN":"Trinwillershagen","SN_L":"13"}},
{"type":"Feature","geometry":{"type":"Polygon","coordinates":[[[13.4203,54.4457],[13.4074,54.4559],[13.3834,54.4565],[13.3765,54.462],[13.3473,54.4628],[13.326,54.4576],[13.3677,54.436],[13.384,54.4433],[13.4138,54.4421],[13.4029,54.4105],[13.4129,54.3943],[13.3974,54.3878],[13.3974,54.3787],[13.4451,54.3816],[13.4598,54.3832],[13.4862,54.3929],[13.4949,54.3835],[13.5114,54.387],[13.5146,54.3989],[13.5304,54.4091],[13.553,54.4112],[13.5764,54.4152],[13.5704,54.4267],[13.5462,54.4345],[13.5413,54.4193],[13.5317,54.4162],[13.4927,54.4215],[13.4757,54.4268],[13.4627,54.4239],[13.4476,54.4337],[13.4355,54.433],[13.424,54.4453],[13.4203,54.4457]]]},"properties":{"AGS":"13073010","GEN":"Bergen auf Rügen","SN_L":"13"}},
{"type":"Feature","geometry":{"type":"Polygon","coordinates":[[[13.475,54.4517],[13.4585,54.4471],[13.4482,54.4547],[13.4327,54.4537],[13.424,54.4453],[13.4355,54.433],[13.4476,54.4337],[13.4627,54.4239],[13.4757,54.4268],[13.4756,54.4326],[13.5131,54.4422],[13.5075,54.4503],[13.475,54.4517]]]},"properties":{"AGS":"13073014","GEN":"Buschvitz","SN_L":"13"}},
{"type":"Feature","geometry":{"type":"Polygon","coordinates":[[[13.4082,54.3676],[13.3939,54.3668],[13.363,54.3801],[13.3551,54.3748],[13.3472,54.3571],[13.3205,54.3569],[13.3339,54.3395],[13.329,54.3283],[13.2985,54.3227],[13.3164,54.3198],[13.348,54.3025],[13.3448,54.2863],[13.3371,54.2759],[13.323,54.2665],[13.3266,54.2549],[13.316,54.2413],[13.3816,54.2293],[13.3916,54.2218],[13.4251,54.2392],[13.4185,54.2545],[13.4016,54.2657],[13.3788,54.2533],[13.3593,54.2724],[13.3844,54.2776],[13.3954,54.2722],[13.4132,54.2901],[13.4169,54.3008],[13.3941,54.3115],[13.3762,54.3126],[13.3707,54.3243],[13.3772,54.3419],[13.4048,54.3488],[13.4082,54.3676]]]},"properties":{"AGS":"13073027","GEN":"Garz/Rügen","SN_L":"13"}},
{"type":"Feature","geometry":{"type":"Polygon","coordinates":[[[13.2413,54.3259],[13.2096,54.3347],[13.196,54.3201],[13.1705,54.3094],[13.1403,54.2969],[13.1442,54.2814],[13.1693,54.2896],[13.1811,54.2874],[13.193,54.2971],[13.1994,54.2702],[13.2159,54.273],[13.2153,54.2793],[13.2191,54.2789],[13.2171,54.273],[13.2302,54.2682],[13.2365,54.2795],[13.2515,54.2847],[13.259,54.305],[13.2427,54.3145],[13.2413,54.3259]]]},"properties":{"AGS":"13073038","GEN":"Gustow","SN_L":"13"}},
{"type":"Feature","geometry":{"type":"Polygon","coordinates":[[[13.5558,54.5102],[13.5125,54.5087],[13.5001,54.4926],[13.5033,54.4793],[13.5267,54.4803],[13.5357,54.4821],[13.563,54.4986],[13.5558,54.5102]]]},"properties":{"AGS":"13073049","GEN":"Lietzow","SN_L":"13"}},
{"type":"Feature","geometry":{"type":"Polygon","coordinates":[[[13.4029,54.4105],[13.4138,54.4421],[13.384,54.4433],[13.3677,54.436],[13.326,54.4576],[13.3265,54.4523],[13.3034,54.4228],[13.293,54.426],[13.2917,54.4236],[13.2958,54.4172],[13.3373,54.4012],[13.3604,54.4069],[13.3663,54.4162],[13.3811,54.4185],[13.4029,54.4105]]]},"properties":{"AGS":"13073063","GEN":"Parchtitz","SN_L":"13"}},
{"type":"Feature","geometry":{"type":"Polygon","coordinates":[[[13.3989,54.4752],[13.3703,54.4783],[13.3507,54.4769],[13.3473,54.4628],[13.3765,54.462],[13.3834,54.4565],[13.4074,54.4559],[13.4203,54.4457],[13.4133,54.4522],[13.4133,54.4707],[13.3989,54.4752]]]},"properties":{"AGS":"13073064","GEN":"Patzig","SN_L":"13"}},
{"type":"Feature","geometry":{"type":"Polygon","coordinates":[[[13.2608,54.3273],[13.2413,54.3259],[13.2427,54.3145],[13.259,54.305],[13.2515,54.2847],[13.2365,54.2795],[13.2302,54.2682],[13.2682,54.2537],[13.2874,54.2592],[13.313,54.257],[13.3145,54.2684],[13.3371,54.2759],[13.3448,54.2863],[13.348,54.3025],[13.3164,54.3198],[13.2985,54.3227],[13.2698,54.3209],[13.2608,54.3273]]]},"properties":{"AGS":"13073065","GEN":"Poseritz","SN_L":"13"}},
{"type":"Feature","geometry":{"type":"Polygon","coordinates":[[[13.4322,54.4893],[13.4114,54.4885],[13.3989,54.4752],[13.4133,54.4707],[13.4133,54.4522],[13.4203,54.4457],[13.424,54.4453],[13.4327,54.4537],[13.4482,54.4547],[13.4585,54.4471],[13.475,54.4517],[13.4706,54.4556],[13.4838,54.4737],[13.4841,54.484],[13.4526,54.4744],[13.4531,54.4728],[13.4495,54.4743],[13.4428,54.4862],[13.4322,54.4893]]]},"properties":{"AGS":"13073072","GEN":"Ralswiek","SN_L":"13"}},
{"type":"Feature","geometry":{"type":"Polygon","coordinates":[[[13.4322,54.4893],[13.4136,54.4936],[13.4074,54.5026],[13.4146,54.5199],[13.3927,54.5397],[13.3893,54.5389],[13.3877,54.5313],[13.3715,54.5222],[13.3496,54.5185],[13.3289,54.5055],[13.3332,54.4896],[13.3431,54.4923],[13.37,54.4871],[13.3703,54.4783],[13.3989,54.4752],[13.4114,54.4885],[13.4322,54.4893]]]},"properties":{"AGS":"13073074","GEN":"Rappin","SN_L":"13"}},
{"type":"Feature","geometry":{"type":"Polygon","coordinates":[[[13.4029,54.4105],[13.3811,54.4185],[13.3663,54.4162],[13.3604,54.4069],[13.3373,54.4012],[13.3429,54.3842],[13.363,54.3801],[13.3939,54.3668],[13.4082,54.3676],[13.4451,54.3816],[13.3974,54.3787],[13.3974,54.3878],[13.4129,54.3943],[13.4029,54.4105]]]},"properties":{"AGS":"13073083","GEN":"Sehlen","SN_L":"13"}},
{"type":"Feature","geometry":{"type":"Polygon","coordinates":[[[12.4361,54.3791],[12.444,54.3984],[12.4084,54.3776],[12.3908,54.3563],[12.4164,54.3563],[12.4191,54.3705],[12.427,54.374],[12.4361,54.3791]]]},"properties":{"AGS":"13073002","GEN":"Ahrenshoop","SN_L":"13"}},
{"type":"Feature","geometry":{"type":"Polygon","coordinates":[[[12.525,54.4727],[12.526,54.4875],[12.5008,54.4749],[12.477,54.4405],[12.4664,54.4199],[12.444,54.3984],[12.4361,54.3791],[12.4523,54.3811],[12.5017,54.3817],[12.5177,54.3727],[12.5264,54.3809],[12.5534,54.3902],[12.5782,54.3883],[12.5739,54.4024],[12.5613,54.4132],[12.5777,54.4174],[12.5925,54.4284],[12.5684,54.4331],[12.5452,54.4438],[12.5585,54.4551],[12.537,54.4631],[12.5254,54.4721],[12.5231,54.4718],[12.5229,54.4725],[12.525,54.4727]]]},"properties":{"AGS":"13073012","GEN":"Born a.Darß","SN_L":"13"}},
{"type":"Feature","geometry":{"type":"Polygon","coordinates":[[[12.3773,54.2609],[12.3632,54.2671],[12.3825,54.2781],[12.367,54.2885],[12.3583,54.3027],[12.365,54.3103],[12.3827,54.3101],[12.3939,54.3225],[12.3834,54.3261],[12.3627,54.3225],[12.3349,54.2963],[12.3065,54.2822],[12.2855,54.275],[12.2801,54.2609],[12.3008,54.2563],[12.3397,54.2506],[12.3662,54.2502],[12.3773,54.2609]]]},"properties":{"AGS":"13073017","GEN":"Dierhagen","SN_L":"13"}},
{"type":"Feature","geometry":{"type":"Polygon","coordinates":[[[12.6345,54.4473],[12.5585,54.4551],[12.5452,54.4438],[12.5684,54.4331],[12.5925,54.4284],[12.6115,54.4367],[12.6386,54.4289],[12.6315,54.4353],[12.6345,54.4473]]]},"properties":{"AGS":"13073067","GEN":"Prerow","SN_L":"13"}},
{"type":"Feature","geometry":{"type":"Polygon","coordinates":[[[12.6386,54.4289],[12.6115,54.4367],[12.5925,54.4284],[12.5777,54.4174],[12.5613,54.4132],[12.5739,54.4024],[12.5782,54.3883],[12.576,54.4027],[12.5886,54.4081],[12.6099,54.4094],[12.6174,54.4181],[12.6403,54.4244],[12.6386,54.4289]]]},"properties":{"AGS":"13073100","GEN":"Wieck a.Darß","SN_L":"13"}},
{"type":"Feature","geometry":{"type":"Polygon","coordinates":[[[12.3939,54.3225],[12.4066,54.3369],[12.4205,54.3401],[12.4164,54.3563],[12.3908,54.3563],[12.3627,54.3225],[12.3834,54.3261],[12.3939,54.3225]]]},"properties":{"AGS":"13073103","GEN":"Wustrow","SN_L":"13"}},
{"type":"Feature","geometry":{"type":"Polygon","coordinates":[[[12.921,54.1917],[12.8735,54.1943],[12.8576,54.2038],[12.8322,54.2025],[12.8405,54.1638],[12.8447,54.1606],[12.866,54.1729],[12.8921,54.1688],[12.8935,54.1772],[12.9128,54.1801],[12.921,54.1917]]]},"properties":{"AGS":"13073024","GEN":"Franzburg","SN_L":"13"}},
{"type":"Feature","geometry":{"type":"Polygon","coordinates":[[[13.009,54.0596],[13.0009,54.0569],[12.9735,54.0617],[12.9513,54.058],[12.9397,54.0648],[12.9238,54.0519],[12.8954,54.0483],[12.8947,54.0404],[12.8728,54.0216],[12.8958,54.0118],[12.8924,54.003],[12.9037,53.9819],[12.9131,53.9911],[12.9376,53.9942],[12.9588,54.0041],[12.9869,54.0038],[12.9966,54.0168],[12.9619,54.0332],[12.9812,54.0389],[13.009,54.0596]]]},"properties":{"AGS":"13073029","GEN":"Glewitz","SN_L":"13"}},
{"type":"Feature","geometry":{"type":"Polygon","coordinates":[[[12.8921,54.1688],[12.866,54.1729],[12.8447,54.1606],[12.8241,54.1547],[12.8144,54.1445],[12.8193,54.1385],[12.8105,54.1241],[12.8454,54.1158],[12.8444,54.0984],[12.8558,54.0941],[12.8898,54.0902],[12.8859,54.1072],[12.9008,54.1304],[12.947,54.1304],[12.9423,54.1322],[12.969,54.1595],[12.95,54.1645],[12.922,54.1728],[12.9161,54.1632],[12.8921,54.1688]]]},"properties":{"AGS":"13073034","GEN":"Gremersdorf-Buchholz","SN_L":"13"}},
{"type":"Feature","geometry":{"type":"Polygon","coordinates":[[[12.8558,54.2204],[12.8404,54.2335],[12.8145,54.2438],[12.7942,54.2315],[12.8084,54.201],[12.8002,54.2002],[12.7913,54.1853],[12.799,54.1778],[12.8022,54.1643],[12.8241,54.1547],[12.8447,54.1606],[12.8405,54.1638],[12.8322,54.2025],[12.8576,54.2038],[12.8558,54.2204]]]},"properties":{"AGS":"13073057","GEN":"Millienhagen-Oebelitz","SN_L":"13"}},
{"type":"Feature","geometry":{"type":"Polygon","coordinates":[[[13.0421,54.1523],[13.0162,54.1534],[13.0263,54.1655],[13.0026,54.1729],[12.9804,54.1725],[12.9725,54.1826],[12.9525,54.1772],[12.95,54.1645],[12.969,54.1595],[12.9423,54.1322],[12.947,54.1304],[12.9687,54.1288],[12.9804,54.14],[13.0093,54.1343],[13.0228,54.1358],[13.0449,54.1471],[13.0421,54.1523]]]},"properties":{"AGS":"13073062","GEN":"Papenhagen","SN_L":"13"}},
{"type":"Feature","geometry":{"type":"Polygon","coordinates":[[[12.9483,54.1965],[12.9438,54.2093],[12.9167,54.2215],[12.9037,54.223],[12.8656,54.2187],[12.8558,54.2204],[12.8576,54.2038],[12.8735,54.1943],[12.921,54.1917],[12.9483,54.1965]]]},"properties":{"AGS":"13073076","GEN":"Richtenberg","SN_L":"13"}},
{"type":"Feature","geometry":{"type":"Polygon","coordinates":[[[13.0228,54.1358],[13.0093,54.1343],[12.9804,54.14],[12.9687,54.1288],[12.947,54.1304],[12.9008,54.1304],[12.8859,54.1072],[12.8898,54.0902],[12.9292,54.0994],[12.9637,54.1103],[13.0361,54.121],[13.0228,54.1358]]]},"properties":{"AGS":"13073086","GEN":"Splietsdorf","SN_L":"13"}},
{"type":"Feature","geometry":{"type":"Polygon","coordinates":[[[12.9113,54.2576],[12.8621,54.2596],[12.8836,54.2849],[12.8605,54.294],[12.8648,54.3154],[12.8411,54.3151],[12.8361,54.3008],[12.8155,54.2878],[12.7933,54.2812],[12.7859,54.2885],[12.766,54.2886],[12.7264,54.2765],[12.7011,54.2732],[12.7264,54.2612],[12.7233,54.2463],[12.7366,54.2413],[12.7476,54.2372],[12.7942,54.2315],[12.8145,54.2438],[12.8404,54.2335],[12.8558,54.2204],[12.8656,54.2187],[12.9037,54.223],[12.908,54.2356],[12.9349,54.237],[12.9346,54.24],[12.9058,54.2417],[12.8991,54.2479],[12.9113,54.2576]]]},"properties":{"AGS":"13073096","GEN":"Velgast","SN_L":"13"}},
{"type":"Feature","geometry":{"type":"Polygon","coordinates":[[[12.7942,54.2315],[12.7476,54.2372],[12.7366,54.2413],[12.7313,54.2361],[12.746,54.2243],[12.7438,54.2138],[12.7516,54.1955],[12.7913,54.1853],[12.8002,54.2002],[12.8084,54.201],[12.7942,54.2315]]]},"properties":{"AGS":"13073097","GEN":"Weitenhagen","SN_L":"13"}},
{"type":"Feature","geometry":{"type":"Polygon","coordinates":[[[12.9637,54.1103],[12.9292,54.0994],[12.9408,54.0932],[12.9397,54.0831],[12.9187,54.0779],[12.915,54.0709],[12.9397,54.0648],[12.9513,54.058],[12.9735,54.0617],[13.0009,54.0569],[13.009,54.0596],[13.0184,54.0756],[12.9941,54.0809],[12.9847,54.0936],[12.9637,54.1103]]]},"properties":{"AGS":"13073098","GEN":"Wendisch Baggendorf","SN_L":"13"}},
{"type":"Feature","geometry":{"type":"Polygon","coordinates":[[[13.0554,54.2425],[13.0435,54.2437],[13.0376,54.2316],[13.0531,54.2223],[13.0333,54.2108],[13.0389,54.1946],[13.0491,54.1917],[13.0908,54.189],[13.0964,54.2001],[13.1108,54.1976],[13.1224,54.2143],[13.1109,54.2288],[13.0763,54.2335],[13.0604,54.24],[13.0554,54.2425]]]},"properties":{"AGS":"13073023","GEN":"Elmenhorst","SN_L":"13"}},
{"type":"Feature","geometry":{"type":"Polygon","coordinates":[[[13.3194,54.1935],[13.3063,54.2043],[13.2974,54.2247],[13.2838,54.2363],[13.2608,54.241],[13.2157,54.2412],[13.2166,54.2494],[13.1881,54.2652],[13.1427,54.2543],[13.1325,54.2443],[13.1217,54.2367],[13.1109,54.2288],[13.1224,54.2143],[13.1108,54.1976],[13.1144,54.1775],[13.1033,54.1723],[13.0868,54.1658],[13.1205,54.1567],[13.1124,54.1485],[13.1301,54.1394],[13.1561,54.1377],[13.1639,54.1265],[13.1841,54.1242],[13.1756,54.1138],[13.2165,54.1179],[13.2372,54.1207],[13.2521,54.1286],[13.2906,54.1338],[13.2876,54.1601],[13.298,54.1784],[13.3194,54.1935]]]},"properties":{"AGS":"13073090","GEN":"Sundhagen","SN_L":"13"}},
{"type":"Feature","geometry":{"type":"Polygon","coordinates":[[[13.0333,54.2108],[13.0157,54.2141],[12.9805,54.2066],[12.9663,54.198],[12.9483,54.1965],[12.921,54.1917],[12.9128,54.1801],[12.8935,54.1772],[12.8921,54.1688],[12.9161,54.1632],[12.922,54.1728],[12.95,54.1645],[12.9525,54.1772],[12.9725,54.1826],[12.9804,54.1725],[13.0026,54.1729],[13.0263,54.1655],[13.0162,54.1534],[13.0421,54.1523],[13.0723,54.1695],[13.1033,54.1723],[13.1144,54.1775],[13.1108,54.1976],[13.0964,54.2001],[13.0908,54.189],[13.0491,54.1917],[13.0389,54.1946],[13.0333,54.2108]]]},"properties":{"AGS":"13073102","GEN":"Wittenhagen","SN_L":"13"}},
{"type":"Feature","geometry":{"type":"Polygon","coordinates":[[[13.7279,54.3551],[13.7143,54.365],[13.6978,54.3634],[13.6825,54.3496],[13.6848,54.3468],[13.6925,54.3457],[13.7045,54.3556],[13.7279,54.3551]]]},"properties":{"AGS":"13073006","GEN":"Baabe","SN_L":"13"}},
{"type":"Feature","geometry":{"type":"Polygon","coordinates":[[[13.7279,54.3551],[13.7045,54.3556],[13.6925,54.3457],[13.6949,54.3415],[13.7271,54.3387],[13.717,54.328],[13.7311,54.3243],[13.736,54.3322],[13.7409,54.3356],[13.7475,54.3452],[13.7279,54.3551]]]},"properties":{"AGS":"13073031","GEN":"Göhren","SN_L":"13"}},
{"type":"Feature","geometry":{"type":"Polygon","coordinates":[[[13.6531,54.383],[13.6421,54.382],[13.6191,54.3691],[13.605,54.368],[13.5902,54.3644],[13.591,54.3511],[13.6035,54.3442],[13.6116,54.3309],[13.637,54.3385],[13.6487,54.3484],[13.6504,54.3491],[13.6447,54.3598],[13.6576,54.3757],[13.6531,54.383]]]},"properties":{"AGS":"13073048","GEN":"Lancken-Granitz","SN_L":"13"}},
{"type":"Feature","geometry":{"type":"Polygon","coordinates":[[[13.698,54.384],[13.6766,54.3985],[13.6596,54.3932],[13.6531,54.383],[13.6576,54.3757],[13.6447,54.3598],[13.6504,54.3491],[13.6519,54.348],[13.6825,54.3496],[13.6978,54.3634],[13.7143,54.365],[13.7004,54.3836],[13.698,54.384]]]},"properties":{"AGS":"13073084","GEN":"Sellin","SN_L":"13"}},
{"type":"Feature","geometry":{"type":"Polygon","coordinates":[[[13.553,54.4112],[13.5304,54.4091],[13.5146,54.3989],[13.5114,54.387],[13.5125,54.3815],[13.5417,54.365],[13.5728,54.3593],[13.5902,54.3644],[13.605,54.368],[13.6144,54.3794],[13.5938,54.3901],[13.6069,54.3998],[13.5952,54.4051],[13.5804,54.4024],[13.553,54.4112]]]},"properties":{"AGS":"13073106","GEN":"Zirkow","SN_L":"13"}},
{"type":"Feature","geometry":{"type":"Polygon","coordinates":[[[13.6925,54.3457],[13.6848,54.3468],[13.677,54.3297],[13.7047,54.3225],[13.6843,54.3136],[13.6854,54.3102],[13.6817,54.3099],[13.6813,54.3123],[13.6454,54.2981],[13.6551,54.2885],[13.6887,54.2907],[13.7022,54.2956],[13.7311,54.3243],[13.717,54.328],[13.7271,54.3387],[13.6949,54.3415],[13.6925,54.3457]]]},"properties":{"AGS":"13073107","GEN":"Mönchgut","SN_L":"13"}},
{"type":"Feature","geometry":{"type":"Polygon","coordinates":[[[12.8648,54.3154],[12.8632,54.3312],[12.8314,54.3449],[12.83,54.3514],[12.8077,54.3495],[12.7847,54.3424],[12.7815,54.3236],[12.7868,54.3177],[12.8125,54.3192],[12.8191,54.3129],[12.8411,54.3151],[12.8648,54.3154]]]},"properties":{"AGS":"13073036","GEN":"Groß Kordshagen","SN_L":"13"}},
{"type":"Feature","geometry":{"type":"MultiPolygon","coordinates":[[[[12.9597,54.2603],[12.9495,54.2629],[12.9113,54.2576],[12.8991,54.2479],[12.9058,54.2417],[12.9346,54.24],[12.9668,54.2449],[12.9597,54.2603]]],[[[12.9805,54.2066],[12.976,54.2163],[12.9604,54.2187],[12.9493,54.2358],[12.9349,54.237],[12.908,54.2356],[12.9037,54.223],[12.9167,54.2215],[12.9438,54.2093],[12.9483,54.1965],[12.9663,54.198],[12.9805,54.2066]]]]},"properties":{"AGS":"13073041","GEN":"Jakobsdorf","SN_L":"13"}},
{"type":"Feature","geometry":{"type":"MultiPolygon","coordinates":[[[[13.0307,54.3146],[13.011,54.3176],[13.0227,54.3314],[13.0117,54.3389],[12.997,54.3347],[12.9871,54.3181],[12.9995,54.3105],[13.0307,54.3146]]],[[[13.0509,54.2812],[13.032,54.2887],[13.0246,54.3024],[12.9967,54.3045],[12.9864,54.2923],[12.9958,54.2687],[13.0146,54.261],[13.0488,54.2625],[13.0509,54.2812]]]]},"properties":{"AGS":"13073054","GEN":"Lüssow","SN_L":"13"}},
{"type":"Feature","geometry":{"type":"Polygon","coordinates":[[[12.9428,54.3512],[12.9314,54.344],[12.9005,54.3518],[12.896,54.3611],[12.8797,54.3667],[12.8463,54.3511],[12.83,54.3514],[12.8314,54.3449],[12.8632,54.3312],[12.8648,54.3154],[12.8605,54.294],[12.8836,54.2849],[12.8621,54.2596],[12.9113,54.2576],[12.9495,54.2629],[12.9597,54.2603],[12.9874,54.2689],[12.9621,54.2727],[12.9496,54.2826],[12.9452,54.2994],[12.9523,54.3156],[12.9682,54.3182],[12.949,54.3372],[12.9428,54.3512]]]},"properties":{"AGS":"13073060","GEN":"Niepars","SN_L":"13"}},
{"type":"Feature","geometry":{"type":"Polygon","coordinates":[[[12.9995,54.3105],[12.9871,54.3181],[12.9682,54.3182],[12.9523,54.3156],[12.9452,54.2994],[12.9496,54.2826],[12.9621,54.2727],[12.9874,54.2689],[12.9958,54.2687],[12.9864,54.2923],[12.9967,54.3045],[12.9995,54.3105]]]},"properties":{"AGS":"13073061","GEN":"Pantelitz","SN_L":"13"}},
{"type":"Feature","geometry":{"type":"Polygon","coordinates":[[[12.9958,54.2687],[12.9874,54.2689],[12.9597,54.2603],[12.9668,54.2449],[12.9346,54.24],[12.9349,54.237],[12.9493,54.2358],[12.9604,54.2187],[12.976,54.2163],[12.9805,54.2066],[13.0157,54.2141],[13.0333,54.2108],[13.0531,54.2223],[13.0376,54.2316],[13.0435,54.2437],[13.0554,54.2425],[13.0421,54.2475],[13.0488,54.2625],[13.0146,54.261],[12.9958,54.2687]]]},"properties":{"AGS":"13073087","GEN":"Steinhagen","SN_L":"13"}},
{"type":"Feature","geometry":{"type":"Polygon","coordinates":[[[13.1325,54.2443],[13.1156,54.2569],[13.0796,54.2668],[13.0775,54.2819],[13.0612,54.2857],[13.0509,54.2812],[13.0488,54.2625],[13.0421,54.2475],[13.0554,54.2425],[13.0604,54.24],[13.0714,54.2443],[13.1043,54.2439],[13.1217,54.2367],[13.1325,54.2443]]]},"properties":{"AGS":"13073099","GEN":"Wendorf","SN_L":"13"}},
{"type":"Feature","geometry":{"type":"Polygon","coordinates":[[[13.1217,54.2367],[13.1043,54.2439],[13.0714,54.2443],[13.0604,54.24],[13.0763,54.2335],[13.1109,54.2288],[13.1217,54.2367]]]},"properties":{"AGS":"13073104","GEN":"Zarrendorf","SN_L":"13"}},
{"type":"Feature","geometry":{"type":"Polygon","coordinates":[[[13.3639,54.6812],[13.3361,54.6754],[13.3014,54.6741],[13.3214,54.6665],[13.3233,54.6603],[13.3159,54.6312],[13.3323,54.6226],[13.3683,54.6201],[13.3791,54.624],[13.3811,54.6414],[13.3677,54.6523],[13.3871,54.6609],[13.3707,54.67],[13.3639,54.6812]]]},"properties":{"AGS":"13073004","GEN":"Altenkirchen","SN_L":"13"}},
{"type":"Feature","geometry":{"type":"Polygon","coordinates":[[[13.3791,54.624],[13.3683,54.6201],[13.3323,54.6226],[13.3119,54.6079],[13.2975,54.5888],[13.3067,54.5742],[13.3324,54.5819],[13.3275,54.5932],[13.3435,54.5987],[13.3544,54.6115],[13.3583,54.6133],[13.3711,54.6143],[13.3843,54.5957],[13.3844,54.5818],[13.4084,54.5726],[13.4235,54.5786],[13.3938,54.5981],[13.3791,54.624]]]},"properties":{"AGS":"13073013","GEN":"Breege","SN_L":"13"}},
{"type":"Feature","geometry":{"type":"Polygon","coordinates":[[[13.3233,54.6603],[13.3214,54.6665],[13.3014,54.6741],[13.2876,54.6738],[13.2511,54.6606],[13.2199,54.6408],[13.2257,54.6123],[13.2148,54.5956],[13.1826,54.5772],[13.1828,54.5646],[13.2291,54.5931],[13.2302,54.5961],[13.2379,54.5942],[13.2275,54.6255],[13.2643,54.6433],[13.286,54.642],[13.3233,54.6603]]]},"properties":{"AGS":"13073019","GEN":"Dranske","SN_L":"13"}},
{"type":"Feature","geometry":{"type":"Polygon","coordinates":[[[13.549,54.566],[13.5463,54.58],[13.4908,54.5731],[13.4713,54.5754],[13.4604,54.5706],[13.4235,54.5786],[13.4084,54.5726],[13.427,54.5674],[13.4325,54.5597],[13.4532,54.5531],[13.4895,54.5508],[13.4916,54.5629],[13.5128,54.5652],[13.5103,54.5578],[13.4936,54.5575],[13.495,54.5496],[13.5072,54.5357],[13.5348,54.5357],[13.5361,54.5578],[13.549,54.566]]]},"properties":{"AGS":"13073030","GEN":"Glowe","SN_L":"13"}},
{"type":"Feature","geometry":{"type":"Polygon","coordinates":[[[13.6422,54.5826],[13.6349,54.5855],[13.5883,54.5844],[13.5463,54.58],[13.549,54.566],[13.5804,54.5678],[13.5838,54.5619],[13.6139,54.5479],[13.6227,54.5484],[13.6138,54.5544],[13.6422,54.5826]]]},"properties":{"AGS":"13073052","GEN":"Lohme","SN_L":"13"}},
{"type":"Feature","geometry":{"type":"Polygon","coordinates":[[[13.3811,54.6414],[13.3911,54.6513],[13.4285,54.6601],[13.4389,54.6775],[13.4277,54.685],[13.4063,54.6822],[13.3824,54.6839],[13.3639,54.6812],[13.3707,54.67],[13.3871,54.6609],[13.3677,54.6523],[13.3811,54.6414]]]},"properties":{"AGS":"13073071","GEN":"Putgarten","SN_L":"13"}},
{"type":"Feature","geometry":{"type":"Polygon","coordinates":[[[13.6227,54.5484],[13.6139,54.5479],[13.5838,54.5619],[13.5804,54.5678],[13.549,54.566],[13.5361,54.5578],[13.5348,54.5357],[13.5072,54.5357],[13.5125,54.5087],[13.5558,54.5102],[13.5793,54.5267],[13.596,54.5255],[13.6042,54.5375],[13.6227,54.5484]]]},"properties":{"AGS":"13073078","GEN":"Sagard","SN_L":"13"}},
{"type":"Feature","geometry":{"type":"Polygon","coordinates":[[[13.3323,54.6226],[13.3159,54.6312],[13.3233,54.6603],[13.286,54.642],[13.2857,54.6229],[13.2831,54.6207],[13.2767,54.6093],[13.2595,54.5937],[13.2433,54.5595],[13.2778,54.5644],[13.3067,54.5742],[13.2975,54.5888],[13.3119,54.6079],[13.3323,54.6226]]]},"properties":{"AGS":"13073101","GEN":"Wiek","SN_L":"13"}},
{"type":"Feature","geometry":{"type":"Polygon","coordinates":[[[12.6975,54.1186],[12.6767,54.1185],[12.6674,54.1265],[12.6426,54.1371],[12.6289,54.1228],[12.6002,54.1049],[12.6373,54.0905],[12.6558,54.0953],[12.6696,54.081],[12.6919,54.0746],[12.719,54.0897],[12.6975,54.1186]]]},"properties":{"AGS":"13073007","GEN":"Bad Sülze","SN_L":"13"}},
{"type":"Feature","geometry":{"type":"Polygon","coordinates":[[[12.6002,54.1049],[12.5708,54.1078],[12.5798,54.1177],[12.5407,54.1339],[12.5166,54.1299],[12.4928,54.132],[12.4943,54.1241],[12.4532,54.1325],[12.4356,54.1244],[12.4606,54.1067],[12.4638,54.0931],[12.4829,54.0975],[12.4972,54.092],[12.5165,54.0951],[12.5398,54.088],[12.562,54.0905],[12.5812,54.0716],[12.5961,54.0731],[12.6085,54.0773],[12.6359,54.0858],[12.6373,54.0905],[12.6002,54.1049]]]},"properties":{"AGS":"13073015","GEN":"Dettmannsdorf","SN_L":"13"}},
{"type":"Feature","geometry":{"type":"Polygon","coordinates":[[[12.843,54.0575],[12.818,54.0626],[12.7978,54.0761],[12.7743,54.0628],[12.7486,54.0535],[12.7419,54.045],[12.7458,54.0332],[12.7753,54.0207],[12.7995,54.0069],[12.8081,54.0249],[12.8537,54.0349],[12.843,54.0575]]]},"properties":{"AGS":"13073016","GEN":"Deyelsdorf","SN_L":"13"}},
{"type":"Feature","geometry":{"type":"Polygon","coordinates":[[[12.8241,54.1547],[12.8022,54.1643],[12.799,54.1778],[12.7786,54.176],[12.7806,54.1708],[12.7675,54.1495],[12.7845,54.143],[12.7818,54.1289],[12.7633,54.1274],[12.7641,54.1222],[12.8014,54.114],[12.8105,54.1241],[12.8193,54.1385],[12.8144,54.1445],[12.8241,54.1547]]]},"properties":{"AGS":"13073020","GEN":"Drechow","SN_L":"13"}},
{"type":"Feature","geometry":{"type":"Polygon","coordinates":[[[12.746,54.2243],[12.7325,54.2301],[12.7177,54.2247],[12.7156,54.2118],[12.7047,54.2079],[12.7044,54.1936],[12.6787,54.183],[12.6703,54.1673],[12.6377,54.1574],[12.623,54.1457],[12.6426,54.1371],[12.6674,54.1265],[12.6767,54.1185],[12.6975,54.1186],[12.7164,54.1127],[12.7279,54.1321],[12.7239,54.1506],[12.7376,54.1561],[12.7391,54.1724],[12.7786,54.176],[12.799,54.1778],[12.7913,54.1853],[12.7516,54.1955],[12.7438,54.2138],[12.746,54.2243]]]},"properties":{"AGS":"13073022","GEN":"Eixen","SN_L":"13"}},
{"type":"Feature","geometry":{"type":"Polygon","coordinates":[[[12.8954,54.0483],[12.8652,54.06],[12.843,54.0575],[12.8537,54.0349],[12.8081,54.0249],[12.7995,54.0069],[12.8086,54.0049],[12.8414,53.9885],[12.8568,53.9758],[12.8744,53.974],[12.8768,53.9802],[12.9037,53.9819],[12.8924,54.003],[12.8958,54.0118],[12.8728,54.0216],[12.8947,54.0404],[12.8954,54.0483]]]},"properties":{"AGS":"13073032","GEN":"Grammendorf","SN_L":"13"}},
{"type":"Feature","geometry":{"type":"Polygon","coordinates":[[[12.9397,54.0648],[12.915,54.0709],[12.9187,54.0779],[12.9397,54.0831],[12.9408,54.0932],[12.9292,54.0994],[12.8898,54.0902],[12.8558,54.0941],[12.8444,54.0984],[12.8524,54.0883],[12.8512,54.0748],[12.8652,54.06],[12.8954,54.0483],[12.9238,54.0519],[12.9397,54.0648]]]},"properties":{"AGS":"13073033","GEN":"Gransebieth","SN_L":"13"}},
{"type":"Feature","geometry":{"type":"Polygon","coordinates":[[[12.7633,54.1274],[12.7818,54.1289],[12.7845,54.143],[12.7675,54.1495],[12.7806,54.1708],[12.7786,54.176],[12.7391,54.1724],[12.7376,54.1561],[12.7239,54.1506],[12.7279,54.1321],[12.7486,54.1338],[12.7633,54.1274]]]},"properties":{"AGS":"13073039","GEN":"Hugoldsdorf","SN_L":"13"}},
{"type":"Feature","geometry":{"type":"Polygon","coordinates":[[[12.719,54.0897],[12.6919,54.0746],[12.6696,54.081],[12.6558,54.0953],[12.6373,54.0905],[12.6359,54.0858],[12.6085,54.0773],[12.6275,54.0676],[12.6591,54.0465],[12.6945,54.0367],[12.6921,54.0298],[12.7157,54.0188],[12.7458,54.0332],[12.7419,54.045],[12.7486,54.0535],[12.7336,54.062],[12.7478,54.0765],[12.719,54.0897]]]},"properties":{"AGS":"13073050","GEN":"Lindholz","SN_L":"13"}},
{"type":"Feature","geometry":{"type":"Polygon","coordinates":[[[12.7633,54.1274],[12.7486,54.1338],[12.7279,54.1321],[12.7164,54.1127],[12.6975,54.1186],[12.719,54.0897],[12.7478,54.0765],[12.7336,54.062],[12.7486,54.0535],[12.7743,54.0628],[12.7978,54.0761],[12.818,54.0626],[12.843,54.0575],[12.8652,54.06],[12.8512,54.0748],[12.8524,54.0883],[12.8444,54.0984],[12.8454,54.1158],[12.8105,54.1241],[12.8014,54.114],[12.7641,54.1222],[12.7633,54.1274]]]},"properties":{"AGS":"13073093","GEN":"Tribsees","SN_L":"13"}},
{"type":"Feature","geometry":{"type":"Polygon","coordinates":[[[12.5728,54.2823],[12.5598,54.278],[12.5308,54.2808],[12.5311,54.2714],[12.5181,54.2559],[12.5015,54.2548],[12.4972,54.2423],[12.5245,54.2315],[12.5462,54.2207],[12.5536,54.2052],[12.5721,54.1885],[12.5924,54.1931],[12.6005,54.1884],[12.628,54.196],[12.6362,54.2081],[12.6538,54.235],[12.6411,54.2342],[12.6287,54.2423],[12.6092,54.2451],[12.6153,54.2641],[12.5931,54.2679],[12.5728,54.2823]]]},"properties":{"AGS":"13073001","GEN":"Ahrenshagen-Daskow","SN_L":"13"}},
{"type":"Feature","geometry":{"type":"Polygon","coordinates":[[[12.5311,54.2714],[12.5069,54.2856],[12.4841,54.2842],[12.468,54.2955],[12.4776,54.3039],[12.4294,54.2936],[12.4159,54.2874],[12.4078,54.2767],[12.4186,54.2583],[12.45,54.2545],[12.4543,54.2466],[12.4184,54.2464],[12.398,54.2512],[12.3773,54.2609],[12.3662,54.2502],[12.3397,54.2506],[12.3008,54.2563],[12.3127,54.2438],[12.3115,54.2341],[12.3298,54.2245],[12.3496,54.2219],[12.3532,54.211],[12.3726,54.2056],[12.3728,54.1909],[12.3806,54.1887],[12.4126,54.1937],[12.4606,54.2155],[12.5022,54.2137],[12.5245,54.2315],[12.4972,54.2423],[12.5015,54.2548],[12.5181,54.2559],[12.5311,54.2714]]]},"properties":{"AGS":"13073075","GEN":"Ribnitz-Damgarten","SN_L":"13"}},
{"type":"Feature","geometry":{"type":"Polygon","coordinates":[[[12.7233,54.2463],[12.7027,54.2498],[12.6653,54.25],[12.6538,54.235],[12.6362,54.2081],[12.668,54.2044],[12.6766,54.2088],[12.6972,54.2057],[12.7124,54.2269],[12.7313,54.2361],[12.7366,54.2413],[12.7233,54.2463]]]},"properties":{"AGS":"13073082","GEN":"Schlemmin","SN_L":"13"}},
{"type":"Feature","geometry":{"type":"Polygon","coordinates":[[[12.746,54.2243],[12.7313,54.2361],[12.7124,54.2269],[12.6972,54.2057],[12.6766,54.2088],[12.668,54.2044],[12.6362,54.2081],[12.628,54.196],[12.6005,54.1884],[12.5924,54.1931],[12.5721,54.1885],[12.5856,54.1769],[12.5875,54.1682],[12.6017,54.1557],[12.623,54.1457],[12.6377,54.1574],[12.6703,54.1673],[12.6787,54.183],[12.7044,54.1936],[12.7047,54.2079],[12.7156,54.2118],[12.7177,54.2247],[12.7325,54.2301],[12.746,54.2243]]]},"properties":{"AGS":"13073085","GEN":"Semlow","SN_L":"13"}},
{"type":"Feature","geometry":{"type":"Polygon","coordinates":[[[13.2096,54.3347],[13.2056,54.3397],[13.1697,54.3437],[13.1386,54.36],[13.1228,54.3608],[13.1137,54.3348],[13.1291,54.3211],[13.1351,54.3174],[13.1705,54.3094],[13.196,54.3201],[13.2096,54.3347]]]},"properties":{"AGS":"13073003","GEN":"Altefähr","SN_L":"13"}},
{"type":"Feature","geometry":{"type":"Polygon","coordinates":[[[13.3373,54.4012],[13.2958,54.4172],[13.2917,54.4236],[13.2716,54.4219],[13.2735,54.4114],[13.255,54.4053],[13.2342,54.4032],[13.2302,54.3974],[13.2416,54.3848],[13.2615,54.3829],[13.2673,54.3816],[13.2989,54.3762],[13.3035,54.3834],[13.3301,54.3777],[13.3429,54.3842],[13.3373,54.4012]]]},"properties":{"AGS":"13073021","GEN":"Dreschvitz","SN_L":"13"}},
{"type":"Feature","geometry":{"type":"Polygon","coordinates":[[[13.293,54.426],[13.2923,54.455],[13.2971,54.4723],[13.2859,54.4788],[13.268,54.4788],[13.2422,54.4727],[13.2394,54.4659],[13.2438,54.468],[13.2507,54.4653],[13.2403,54.4654],[13.2056,54.46],[13.202,54.45],[13.2255,54.4428],[13.2418,54.4475],[13.2593,54.4442],[13.2563,54.4304],[13.2716,54.4219],[13.2917,54.4236],[13.293,54.426]]]},"properties":{"AGS":"13073028","GEN":"Gingst","SN_L":"13"}},
{"type":"Feature","geometry":{"type":"Polygon","coordinates":[[[13.137,54.6048],[13.1188,54.6031],[13.0978,54.5902],[13.1025,54.5774],[13.0927,54.5462],[13.0656,54.4924],[13.0602,54.4749],[13.073,54.4689],[13.0846,54.5192],[13.1169,54.538],[13.1172,54.5513],[13.11,54.5819],[13.1299,54.5916],[13.1449,54.5888],[13.1468,54.6034],[13.137,54.6048]]]},"properties":{"AGS":"13073040","GEN":"Insel Hiddensee","SN_L":"13"}},
{"type":"Feature","geometry":{"type":"Polygon","coordinates":[[[13.3332,54.4896],[13.3181,54.4849],[13.2928,54.4871],[13.278,54.5008],[13.2654,54.4923],[13.2858,54.4845],[13.2859,54.4788],[13.2971,54.4723],[13.2923,54.455],[13.293,54.426],[13.3034,54.4228],[13.3265,54.4523],[13.326,54.4576],[13.3473,54.4628],[13.3507,54.4769],[13.3703,54.4783],[13.37,54.4871],[13.3431,54.4923],[13.3332,54.4896]]]},"properties":{"AGS":"13073045","GEN":"Kluis","SN_L":"13"}},
{"type":"Feature","geometry":{"type":"MultiPolygon","coordinates":[[[[13.3927,54.5397],[13.3796,54.5475],[13.3594,54.546],[13.3893,54.5389],[13.3927,54.5397]]],[[[13.3595,54.5448],[13.3494,54.5517],[13.369,54.5789],[13.355,54.581],[13.2998,54.555],[13.3121,54.5244],[13.3026,54.5141],[13.3289,54.5055],[13.3496,54.5185],[13.3453,54.5248],[13.3616,54.538],[13.3595,54.5448]]]]},"properties":{"AGS":"13073059","GEN":"Neuenkirchen","SN_L":"13"}},
{"type":"Feature","geometry":{"type":"Polygon","coordinates":[[[13.2673,54.3816],[13.2615,54.3829],[13.238,54.3779],[13.2347,54.3695],[13.2031,54.3711],[13.197,54.3759],[13.1735,54.3716],[13.1576,54.3749],[13.1274,54.3707],[13.1228,54.3608],[13.1386,54.36],[13.1697,54.3437],[13.2056,54.3397],[13.2096,54.3347],[13.2413,54.3259],[13.2608,54.3273],[13.2658,54.3498],[13.2496,54.3581],[13.2673,54.3816]]]},"properties":{"AGS":"13073073","GEN":"Rambin","SN_L":"13"}},
{"type":"Feature","geometry":{"type":"Polygon","coordinates":[[[13.2985,54.3227],[13.329,54.3283],[13.3339,54.3395],[13.3205,54.3569],[13.3472,54.3571],[13.3551,54.3748],[13.363,54.3801],[13.3429,54.3842],[13.3301,54.3777],[13.3035,54.3834],[13.2989,54.3762],[13.2673,54.3816],[13.2496,54.3581],[13.2658,54.3498],[13.2608,54.3273],[13.2698,54.3209],[13.2985,54.3227]]]},"properties":{"AGS":"13073079","GEN":"Samtens","SN_L":"13"}},
{"type":"Feature","geometry":{"type":"Polygon","coordinates":[[[13.2103,54.5501],[13.1744,54.5457],[13.1442,54.547],[13.1597,54.5355],[13.1633,54.5133],[13.1687,54.5098],[13.2012,54.504],[13.2256,54.511],[13.231,54.5348],[13.2259,54.5448],[13.2103,54.5501]]]},"properties":{"AGS":"13073081","GEN":"Schaprode","SN_L":"13"}},
{"type":"Feature","geometry":{"type":"Polygon","coordinates":[[[13.3026,54.5141],[13.2884,54.5217],[13.2894,54.5416],[13.2553,54.5519],[13.2384,54.5543],[13.2103,54.5501],[13.2259,54.5448],[13.231,54.5348],[13.2256,54.511],[13.2274,54.4868],[13.2358,54.4827],[13.2556,54.4865],[13.268,54.4788],[13.2859,54.4788],[13.2858,54.4845],[13.2654,54.4923],[13.278,54.5008],[13.2928,54.4871],[13.3181,54.4849],[13.3332,54.4896],[13.3289,54.5055],[13.3026,54.5141]]]},"properties":{"AGS":"13073092","GEN":"Trent","SN_L":"13"}},
{"type":"Feature","geometry":{"type":"MultiPolygon","coordinates":[[[[13.1836,54.494],[13.1579,54.4881],[13.1438,54.4783],[13.1206,54.4438],[13.1634,54.4499],[13.1699,54.4568],[13.1817,54.4561],[13.1868,54.4654],[13.2269,54.4739],[13.2226,54.4839],[13.2007,54.4855],[13.1836,54.494]]],[[[13.202,54.45],[13.1924,54.4554],[13.1702,54.4535],[13.1618,54.4381],[13.15,54.4297],[13.1891,54.4232],[13.2128,54.4291],[13.2205,54.4138],[13.234,54.4036],[13.2426,54.4061],[13.2518,54.4079],[13.255,54.4053],[13.2735,54.4114],[13.2716,54.4219],[13.2563,54.4304],[13.2593,54.4442],[13.2418,54.4475],[13.2255,54.4428],[13.202,54.45]]]]},"properties":{"AGS":"13073095","GEN":"Ummanz","SN_L":"13"}},
{"type":"Feature","geometry":{"type":"Polygon","coordinates":[[[11.2947,53.8784],[11.2886,53.8808],[11.2989,53.8857],[11.305,53.8915],[11.2994,53.8979],[11.2713,53.8985],[11.2596,53.8866],[11.2377,53.8846],[11.2179,53.8763],[11.187,53.8909],[11.1889,53.8967],[11.1474,53.8888],[11.14,53.8666],[11.1454,53.8503],[11.125,53.8504],[11.1239,53.8444],[11.124,53.8431],[11.1456,53.8254],[11.1993,53.8275],[11.2109,53.8396],[11.241,53.8465],[11.2364,53.8616],[11.253,53.8646],[11.2834,53.8628],[11.2947,53.8784]]]},"properties":{"AGS":"13074026","GEN":"Grevesmühlen","SN_L":"13"}},
{"type":"Feature","geometry":{"type":"Polygon","coordinates":[[[11.488,53.9989],[11.4963,54.0156],[11.4922,54.0226],[11.4551,54.0232],[11.404,54.0088],[11.3742,53.9923],[11.3779,53.9754],[11.3871,53.9667],[11.4111,53.9666],[11.3872,53.9702],[11.3936,53.9747],[11.4005,53.9689],[11.4124,53.9671],[11.4266,53.9674],[11.4281,53.9861],[11.4455,53.9974],[11.4435,53.9606],[11.4639,53.9665],[11.4804,53.9818],[11.4819,54.0009],[11.488,53.9989]]]},"properties":{"AGS":"13074035","GEN":"Insel Poel","SN_L":"13"}},
{"type":"Feature","geometry":{"type":"Polygon","coordinates":[[[11.5157,53.9272],[11.4798,53.9383],[11.475,53.929],[11.4575,53.9165],[11.4445,53.9107],[11.4464,53.9094],[11.4473,53.9049],[11.4503,53.9036],[11.4444,53.8993],[11.4365,53.9073],[11.4264,53.913],[11.4023,53.9228],[11.3929,53.9142],[11.3909,53.8934],[11.4175,53.8826],[11.4175,53.8712],[11.4304,53.8657],[11.4392,53.8768],[11.4622,53.8695],[11.483,53.8669],[11.5187,53.8825],[11.5313,53.9005],[11.5049,53.9037],[11.5157,53.9272]]]},"properties":{"AGS":"13074087","GEN":"Wismar","SN_L":"13"}},
{"type":"Feature","geometry":{"type":"Polygon","coordinates":[[[11.4916,53.7897],[11.4741,53.8092],[11.4448,53.7995],[11.4209,53.8067],[11.4243,53.7862],[11.4021,53.7875],[11.402,53.7755],[11.4069,53.7693],[11.4264,53.7661],[11.4346,53.7498],[11.447,53.7528],[11.4671,53.7658],[11.4895,53.7755],[11.4916,53.7897]]]},"properties":{"AGS":"13074002","GEN":"Bad Kleinen","SN_L":"13"}},
{"type":"Feature","geometry":{"type":"Polygon","coordinates":[[[11.4175,53.8712],[11.4175,53.8826],[11.3909,53.8934],[11.3817,53.8767],[11.3644,53.8788],[11.3419,53.8502],[11.3504,53.8406],[11.3874,53.8467],[11.3943,53.8597],[11.4175,53.8712]]]},"properties":{"AGS":"13074003","GEN":"Barnekow","SN_L":"13"}},
{"type":"Feature","geometry":{"type":"Polygon","coordinates":[[[11.3158,53.8553],[11.3027,53.8505],[11.2921,53.8376],[11.3008,53.8323],[11.2999,53.8191],[11.2873,53.8078],[11.3048,53.8045],[11.3209,53.7613],[11.3353,53.7608],[11.3514,53.7712],[11.3665,53.7648],[11.3762,53.7755],[11.402,53.7755],[11.4021,53.7875],[11.4243,53.7862],[11.4209,53.8067],[11.4314,53.8228],[11.4138,53.8279],[11.4261,53.8433],[11.4014,53.8413],[11.3874,53.8467],[11.3504,53.8406],[11.3419,53.8502],[11.3158,53.8553]]]},"properties":{"AGS":"13074008","GEN":"Bobitz","SN_L":"13"}},
{"type":"Feature","geometry":{"type":"Polygon","coordinates":[[[11.483,53.8669],[11.4622,53.8695],[11.4392,53.8768],[11.4304,53.8657],[11.4519,53.8487],[11.4261,53.8433],[11.4138,53.8279],[11.4314,53.8228],[11.4611,53.8211],[11.4741,53.8092],[11.4916,53.7897],[11.5115,53.8115],[11.5118,53.8201],[11.5351,53.8282],[11.5188,53.8295],[11.5053,53.8366],[11.483,53.8669]]]},"properties":{"AGS":"13074019","GEN":"Dorf Mecklenburg","SN_L":"13"}},
{"type":"Feature","geometry":{"type":"Polygon","coordinates":[[[11.4741,53.8092],[11.4611,53.8211],[11.4314,53.8228],[11.4209,53.8067],[11.4448,53.7995],[11.4741,53.8092]]]},"properties":{"AGS":"13074030","GEN":"Groß Stieten","SN_L":"13"}},
{"type":"Feature","geometry":{"type":"Polygon","coordinates":[[[11.5442,53.8163],[11.5351,53.8282],[11.5118,53.8201],[11.5115,53.8115],[11.4916,53.7897],[11.4895,53.7755],[11.4671,53.7658],[11.4756,53.7592],[11.4743,53.7569],[11.4945,53.7531],[11.4945,53.771],[11.5298,53.769],[11.5427,53.7917],[11.5404,53.7944],[11.5321,53.8095],[11.5442,53.8163]]]},"properties":{"AGS":"13074031","GEN":"Hohen Viecheln","SN_L":"13"}},
{"type":"Feature","geometry":{"type":"Polygon","coordinates":[[[11.5496,53.8749],[11.5238,53.8764],[11.5187,53.8825],[11.483,53.8669],[11.5053,53.8366],[11.5188,53.8295],[11.5351,53.8282],[11.5442,53.8163],[11.5719,53.7997],[11.5897,53.8099],[11.6022,53.8231],[11.5961,53.8338],[11.5742,53.8442],[11.5715,53.8559],[11.5496,53.8749]]]},"properties":{"AGS":"13074047","GEN":"Lübow","SN_L":"13"}},
{"type":"Feature","geometry":{"type":"Polygon","coordinates":[[[11.4261,53.8433],[11.4519,53.8487],[11.4304,53.8657],[11.4175,53.8712],[11.3943,53.8597],[11.3874,53.8467],[11.4014,53.8413],[11.4261,53.8433]]]},"properties":{"AGS":"13074053","GEN":"Metelsdorf","SN_L":"13"}},
{"type":"Feature","geometry":{"type":"Polygon","coordinates":[[[11.5719,53.7997],[11.5442,53.8163],[11.5321,53.8095],[11.5404,53.7944],[11.5427,53.7917],[11.5298,53.769],[11.5522,53.7626],[11.5694,53.7671],[11.5906,53.7795],[11.5916,53.7853],[11.5715,53.7937],[11.5719,53.7997]]]},"properties":{"AGS":"13074082","GEN":"Ventschow","SN_L":"13"}},
{"type":"Feature","geometry":{"type":"Polygon","coordinates":[[[11.2339,53.7216],[11.1983,53.7179],[11.1753,53.7254],[11.1695,53.7098],[11.1765,53.6995],[11.2001,53.6929],[11.2104,53.6858],[11.225,53.6927],[11.2526,53.6807],[11.2646,53.6914],[11.2709,53.7049],[11.2339,53.7216]]]},"properties":{"AGS":"13074020","GEN":"Dragun","SN_L":"13"}},
{"type":"Feature","geometry":{"type":"Polygon","coordinates":[[[11.1347,53.7493],[11.1121,53.7438],[11.0949,53.7506],[11.0879,53.7382],[11.0712,53.7313],[11.0829,53.719],[11.062,53.711],[11.0638,53.701],[11.0324,53.6988],[11.0383,53.6856],[11.0677,53.6748],[11.0803,53.6817],[11.0998,53.6726],[11.1004,53.6571],[11.1135,53.6707],[11.1331,53.6758],[11.1431,53.6687],[11.1475,53.6782],[11.1745,53.6879],[11.1765,53.6995],[11.1695,53.7098],[11.1568,53.7096],[11.1306,53.7217],[11.1347,53.7493]]]},"properties":{"AGS":"13074021","GEN":"Gadebusch","SN_L":"13"}},
{"type":"Feature","geometry":{"type":"Polygon","coordinates":[[[10.9253,53.6939],[10.9418,53.6845],[10.9389,53.6656],[10.9547,53.6586],[10.9519,53.6476],[10.9913,53.6371],[11.0005,53.6616],[10.9754,53.6884],[10.9459,53.6862],[10.9253,53.6939]]]},"properties":{"AGS":"13074040","GEN":"Kneese","SN_L":"13"}},
{"type":"Feature","geometry":{"type":"Polygon","coordinates":[[[11.1004,53.6571],[11.0998,53.6726],[11.0803,53.6817],[11.0677,53.6748],[11.0383,53.6856],[11.0262,53.6681],[11.0248,53.6547],[11.0005,53.6616],[10.9913,53.6371],[11.0005,53.6339],[11.0143,53.6354],[11.0388,53.6301],[11.036,53.6216],[11.0598,53.6207],[11.0657,53.6048],[11.092,53.6081],[11.1023,53.6059],[11.1167,53.6231],[11.1094,53.6308],[11.0782,53.6519],[11.1004,53.6571]]]},"properties":{"AGS":"13074043","GEN":"Krembz","SN_L":"13"}},
{"type":"Feature","geometry":{"type":"Polygon","coordinates":[[[11.2649,53.757],[11.2579,53.7667],[11.2381,53.7699],[11.2313,53.7761],[11.2228,53.7709],[11.2041,53.7733],[11.1927,53.7637],[11.1998,53.756],[11.1942,53.7381],[11.2228,53.7409],[11.2339,53.7216],[11.2709,53.7049],[11.2799,53.7169],[11.2776,53.7285],[11.2665,53.7358],[11.2649,53.757]]]},"properties":{"AGS":"13074054","GEN":"Mühlen Eichsen","SN_L":"13"}},
{"type":"Feature","geometry":{"type":"Polygon","coordinates":[[[11.0324,53.6988],[11.0154,53.7044],[11.0186,53.7254],[11.0155,53.729],[10.9829,53.728],[10.9621,53.7151],[10.9512,53.7044],[10.9206,53.7051],[10.9167,53.6992],[10.9253,53.6939],[10.9459,53.6862],[10.9754,53.6884],[11.0005,53.6616],[11.0248,53.6547],[11.0262,53.6681],[11.0383,53.6856],[11.0324,53.6988]]]},"properties":{"AGS":"13074068","GEN":"Roggendorf","SN_L":"13"}},
{"type":"Feature","geometry":{"type":"Polygon","coordinates":[[[11.0657,53.6048],[11.0598,53.6207],[11.036,53.6216],[11.0388,53.6301],[11.0143,53.6354],[11.0005,53.6339],[11.0127,53.6161],[11.0134,53.6026],[11.033,53.5979],[11.0621,53.599],[11.0657,53.6048]]]},"properties":{"AGS":"13074070","GEN":"Rögnitz","SN_L":"13"}},
{"type":"Feature","geometry":{"type":"Polygon","coordinates":[[[11.2041,53.7733],[11.1846,53.7824],[11.1797,53.7944],[11.1701,53.7902],[11.1632,53.7749],[11.1466,53.7677],[11.1347,53.7493],[11.1306,53.7217],[11.1568,53.7096],[11.1695,53.7098],[11.1753,53.7254],[11.1983,53.7179],[11.2339,53.7216],[11.2228,53.7409],[11.1942,53.7381],[11.1998,53.756],[11.1927,53.7637],[11.2041,53.7733]]]},"properties":{"AGS":"13074081","GEN":"Veelböken","SN_L":"13"}},
{"type":"Feature","geometry":{"type":"Polygon","coordinates":[[[11.124,53.8431],[11.1131,53.845],[11.0752,53.834],[11.0684,53.8167],[11.0731,53.8003],[11.1158,53.8073],[11.126,53.8041],[11.1357,53.8132],[11.1529,53.815],[11.1456,53.8254],[11.124,53.8431]]]},"properties":{"AGS":"13074005","GEN":"Bernstorf","SN_L":"13"}},
{"type":"Feature","geometry":{"type":"Polygon","coordinates":[[[11.3909,53.8934],[11.3929,53.9142],[11.3686,53.9092],[11.3403,53.915],[11.3456,53.8975],[11.3353,53.8785],[11.3236,53.8751],[11.3214,53.882],[11.3093,53.8822],[11.2993,53.8849],[11.2947,53.8784],[11.2834,53.8628],[11.3158,53.8553],[11.3419,53.8502],[11.3644,53.8788],[11.3817,53.8767],[11.3909,53.8934]]]},"properties":{"AGS":"13074022","GEN":"Gägelow","SN_L":"13"}},
{"type":"Feature","geometry":{"type":"Polygon","coordinates":[[[11.0847,53.9542],[11.0588,53.9537],[11.0476,53.9445],[11.0466,53.931],[11.0546,53.9183],[11.0458,53.9033],[11.0322,53.9013],[11.0278,53.8916],[11.063,53.8814],[11.0741,53.8896],[11.0732,53.8992],[11.0895,53.9023],[11.088,53.9202],[11.0917,53.9435],[11.0847,53.9542]]]},"properties":{"AGS":"13074069","GEN":"Roggenstorf","SN_L":"13"}},
{"type":"Feature","geometry":{"type":"Polygon","coordinates":[[[11.241,53.8046],[11.2161,53.8067],[11.2066,53.8124],[11.1845,53.8108],[11.1797,53.7944],[11.1846,53.7824],[11.2041,53.7733],[11.2228,53.7709],[11.2313,53.7761],[11.2476,53.7907],[11.241,53.8046]]]},"properties":{"AGS":"13074071","GEN":"Rüting","SN_L":"13"}},
{"type":"Feature","geometry":{"type":"Polygon","coordinates":[[[11.2873,53.8078],[11.2629,53.8142],[11.241,53.8046],[11.2476,53.7907],[11.2313,53.7761],[11.2381,53.7699],[11.2579,53.7667],[11.2649,53.757],[11.2812,53.7613],[11.2959,53.75],[11.2898,53.7644],[11.3146,53.7653],[11.3209,53.7613],[11.3048,53.8045],[11.2873,53.8078]]]},"properties":{"AGS":"13074077","GEN":"Testorf-Steinfort","SN_L":"13"}},
{"type":"Feature","geometry":{"type":"Polygon","coordinates":[[[11.2834,53.8628],[11.253,53.8646],[11.2364,53.8616],[11.241,53.8465],[11.2109,53.8396],[11.1993,53.8275],[11.1456,53.8254],[11.1529,53.815],[11.1357,53.8132],[11.126,53.8041],[11.1283,53.801],[11.1396,53.783],[11.1701,53.7902],[11.1797,53.7944],[11.1845,53.8108],[11.2066,53.8124],[11.2161,53.8067],[11.241,53.8046],[11.2629,53.8142],[11.2873,53.8078],[11.2999,53.8191],[11.3008,53.8323],[11.2921,53.8376],[11.3027,53.8505],[11.3158,53.8553],[11.2834,53.8628]]]},"properties":{"AGS":"13074079","GEN":"Upahl","SN_L":"13"}},
{"type":"Feature","geometry":{"type":"Polygon","coordinates":[[[11.2392,53.9271],[11.2075,53.9311],[11.2078,53.9363],[11.18,53.9401],[11.1836,53.9219],[11.2047,53.9159],[11.1896,53.9052],[11.1889,53.8967],[11.187,53.8909],[11.2179,53.8763],[11.2377,53.8846],[11.2302,53.8949],[11.2295,53.9113],[11.2392,53.9271]]]},"properties":{"AGS":"13074085","GEN":"Warnow","SN_L":"13"}},
{"type":"Feature","geometry":{"type":"Polygon","coordinates":[[[11.1474,53.8888],[11.1214,53.9001],[11.0974,53.8898],[11.0895,53.9023],[11.0732,53.8992],[11.0741,53.8896],[11.063,53.8814],[11.0278,53.8916],[11.0104,53.8866],[11.0155,53.878],[10.9905,53.8781],[10.995,53.8695],[10.9848,53.8573],[11.0067,53.8601],[11.0344,53.8586],[11.0806,53.8468],[11.065,53.8397],[11.0752,53.834],[11.1131,53.845],[11.124,53.8431],[11.1239,53.8444],[11.125,53.8504],[11.1454,53.8503],[11.14,53.8666],[11.1474,53.8888]]]},"properties":{"AGS":"13074093","GEN":"Stepenitztal","SN_L":"13"}},
{"type":"Feature","geometry":{"type":"Polygon","coordinates":[[[11.2576,53.9796],[11.2257,53.9828],[11.2072,53.9884],[11.18,54.0152],[11.1463,54.0098],[11.1564,54.0029],[11.1571,53.9906],[11.2023,53.9678],[11.2415,53.9541],[11.2462,53.9735],[11.2576,53.9796]]]},"properties":{"AGS":"13074010","GEN":"Boltenhagen","SN_L":"13"}},
{"type":"Feature","geometry":{"type":"Polygon","coordinates":[[[11.18,53.9401],[11.137,53.954],[11.1203,53.9424],[11.1108,53.948],[11.0917,53.9435],[11.088,53.9202],[11.0895,53.9023],[11.0974,53.8898],[11.1214,53.9001],[11.1474,53.8888],[11.1889,53.8967],[11.1896,53.9052],[11.2047,53.9159],[11.1836,53.9219],[11.18,53.9401]]]},"properties":{"AGS":"13074016","GEN":"Damshagen","SN_L":"13"}},
{"type":"Feature","geometry":{"type":"Polygon","coordinates":[[[11.3403,53.915],[11.3532,53.9325],[11.3516,53.9423],[11.3466,53.9464],[11.3457,53.948],[11.3264,53.9569],[11.3168,53.9434],[11.2899,53.932],[11.2682,53.9323],[11.2392,53.9271],[11.2295,53.9113],[11.2302,53.8949],[11.2377,53.8846],[11.2596,53.8866],[11.2713,53.8985],[11.2994,53.8979],[11.305,53.8915],[11.2989,53.8857],[11.2886,53.8808],[11.2947,53.8784],[11.2993,53.8849],[11.3093,53.8822],[11.3214,53.882],[11.3236,53.8751],[11.3353,53.8785],[11.3456,53.8975],[11.3403,53.915]]]},"properties":{"AGS":"13074032","GEN":"Hohenkirchen","SN_L":"13"}},
{"type":"Feature","geometry":{"type":"Polygon","coordinates":[[[11.1236,54.0112],[11.0971,54.014],[11.0474,54.0077],[11.0283,54.0033],[10.9757,53.9851],[10.985,53.9775],[10.988,53.947],[11.0042,53.9413],[11.0216,53.946],[11.0476,53.9445],[11.0588,53.9537],[11.0847,53.9542],[11.0711,53.9676],[11.0862,53.9748],[11.1057,53.9681],[11.1248,53.975],[11.1217,53.9863],[11.1339,53.9921],[11.1236,54.0112]]]},"properties":{"AGS":"13074037","GEN":"Kalkhorst","SN_L":"13"}},
{"type":"Feature","geometry":{"type":"Polygon","coordinates":[[[11.1463,54.0098],[11.1236,54.0112],[11.1339,53.9921],[11.1217,53.9863],[11.1248,53.975],[11.1057,53.9681],[11.0862,53.9748],[11.0711,53.9676],[11.0847,53.9542],[11.0917,53.9435],[11.1108,53.948],[11.1203,53.9424],[11.137,53.954],[11.18,53.9401],[11.2078,53.9363],[11.2075,53.9311],[11.2392,53.9271],[11.2682,53.9323],[11.2509,53.9391],[11.2498,53.9409],[11.2415,53.9541],[11.2023,53.9678],[11.1571,53.9906],[11.1564,54.0029],[11.1463,54.0098]]]},"properties":{"AGS":"13074039","GEN":"Klütz","SN_L":"13"}},
{"type":"Feature","geometry":{"type":"Polygon","coordinates":[[[11.4023,53.9228],[11.4057,53.9357],[11.3897,53.9391],[11.3675,53.9346],[11.3516,53.9423],[11.3532,53.9325],[11.3403,53.915],[11.3686,53.9092],[11.3929,53.9142],[11.4023,53.9228]]]},"properties":{"AGS":"13074089","GEN":"Zierow","SN_L":"13"}},
{"type":"Feature","geometry":{"type":"Polygon","coordinates":[[[11.3665,53.7648],[11.3514,53.7712],[11.3353,53.7608],[11.3209,53.7613],[11.3146,53.7653],[11.2898,53.7644],[11.2959,53.75],[11.3124,53.7204],[11.3074,53.719],[11.3118,53.703],[11.3278,53.6993],[11.347,53.7169],[11.3415,53.7276],[11.3602,53.7334],[11.3681,53.746],[11.3665,53.7648]]]},"properties":{"AGS":"13074001","GEN":"Alt Meteln","SN_L":"13"}},
{"type":"Feature","geometry":{"type":"Polygon","coordinates":[[[11.2646,53.6914],[11.2526,53.6807],[11.225,53.6927],[11.2104,53.6858],[11.2142,53.6618],[11.2389,53.659],[11.2471,53.6391],[11.2657,53.6317],[11.2793,53.6488],[11.3016,53.6524],[11.3337,53.6723],[11.3278,53.6893],[11.2825,53.6885],[11.2646,53.6914]]]},"properties":{"AGS":"13074012","GEN":"Brüsewitz","SN_L":"13"}},
{"type":"Feature","geometry":{"type":"Polygon","coordinates":[[[11.3074,53.719],[11.2799,53.7169],[11.2709,53.7049],[11.2646,53.6914],[11.2825,53.6885],[11.3278,53.6893],[11.3306,53.6896],[11.3278,53.6993],[11.3118,53.703],[11.3074,53.719]]]},"properties":{"AGS":"13074014","GEN":"Cramonshagen","SN_L":"13"}},
{"type":"Feature","geometry":{"type":"Polygon","coordinates":[[[11.2959,53.75],[11.2812,53.7613],[11.2649,53.757],[11.2665,53.7358],[11.2776,53.7285],[11.2799,53.7169],[11.3074,53.719],[11.3124,53.7204],[11.2959,53.75]]]},"properties":{"AGS":"13074015","GEN":"Dalberg-Wendelstorf","SN_L":"13"}},
{"type":"Feature","geometry":{"type":"Polygon","coordinates":[[[11.2657,53.6317],[11.2471,53.6391],[11.2389,53.659],[11.2142,53.6618],[11.2104,53.6436],[11.1819,53.6267],[11.1755,53.6101],[11.197,53.6083],[11.2069,53.6011],[11.241,53.6009],[11.2304,53.6111],[11.2657,53.6317]]]},"properties":{"AGS":"13074024","GEN":"Gottesgabe","SN_L":"13"}},
{"type":"Feature","geometry":{"type":"Polygon","coordinates":[[[11.301,53.6032],[11.3169,53.6212],[11.2928,53.6219],[11.3072,53.6345],[11.2793,53.6488],[11.2657,53.6317],[11.2304,53.6111],[11.241,53.6009],[11.2414,53.5881],[11.2496,53.5957],[11.2737,53.5958],[11.2827,53.5883],[11.2988,53.5924],[11.301,53.6032]]]},"properties":{"AGS":"13074025","GEN":"Grambow","SN_L":"13"}},
{"type":"Feature","geometry":{"type":"Polygon","coordinates":[[[11.4129,53.7063],[11.3967,53.7111],[11.3999,53.7248],[11.3812,53.7215],[11.3782,53.7318],[11.3602,53.7334],[11.3415,53.7276],[11.347,53.7169],[11.3278,53.6993],[11.3306,53.6896],[11.3416,53.6946],[11.358,53.6881],[11.3419,53.6774],[11.3584,53.6733],[11.3731,53.6792],[11.3901,53.6756],[11.4084,53.6794],[11.4117,53.6868],[11.4129,53.7063]]]},"properties":{"AGS":"13074038","GEN":"Klein Trebbow","SN_L":"13"}},
{"type":"Feature","geometry":{"type":"Polygon","coordinates":[[[11.4743,53.7569],[11.4756,53.7592],[11.4671,53.7658],[11.447,53.7528],[11.4346,53.7498],[11.4202,53.7406],[11.4056,53.7419],[11.3774,53.7511],[11.3681,53.746],[11.3602,53.7334],[11.3782,53.7318],[11.3812,53.7215],[11.3999,53.7248],[11.3967,53.7111],[11.4129,53.7063],[11.4272,53.713],[11.4425,53.6987],[11.4362,53.6853],[11.4495,53.6807],[11.4534,53.6901],[11.4853,53.6904],[11.4908,53.7108],[11.5024,53.7354],[11.4945,53.7531],[11.4743,53.7569]]]},"properties":{"AGS":"13074048","GEN":"Lübstorf","SN_L":"13"}},
{"type":"Feature","geometry":{"type":"Polygon","coordinates":[[[11.1765,53.6995],[11.1745,53.6879],[11.1475,53.6782],[11.1431,53.6687],[11.1626,53.6601],[11.1525,53.639],[11.155,53.6335],[11.1819,53.6267],[11.2104,53.6436],[11.2142,53.6618],[11.2104,53.6858],[11.2001,53.6929],[11.1765,53.6995]]]},"properties":{"AGS":"13074050","GEN":"Lützow","SN_L":"13"}},
{"type":"Feature","geometry":{"type":"Polygon","coordinates":[[[11.2069,53.6011],[11.197,53.6083],[11.1755,53.6101],[11.1628,53.6087],[11.1464,53.5878],[11.1417,53.5676],[11.1499,53.5669],[11.168,53.5702],[11.1985,53.5807],[11.2069,53.6011]]]},"properties":{"AGS":"13074061","GEN":"Perlin","SN_L":"13"}},
{"type":"Feature","geometry":{"type":"Polygon","coordinates":[[[11.3419,53.6774],[11.358,53.6881],[11.3416,53.6946],[11.3306,53.6896],[11.3278,53.6893],[11.3337,53.6723],[11.3419,53.6774]]]},"properties":{"AGS":"13074062","GEN":"Pingelshagen","SN_L":"13"}},
{"type":"Feature","geometry":{"type":"Polygon","coordinates":[[[11.1431,53.6687],[11.1331,53.6758],[11.1135,53.6707],[11.1004,53.6571],[11.0782,53.6519],[11.1094,53.6308],[11.1525,53.639],[11.1626,53.6601],[11.1431,53.6687]]]},"properties":{"AGS":"13074064","GEN":"Pokrent","SN_L":"13"}},
{"type":"Feature","geometry":{"type":"Polygon","coordinates":[[[11.1755,53.6101],[11.1819,53.6267],[11.155,53.6335],[11.1525,53.639],[11.1094,53.6308],[11.1167,53.6231],[11.1023,53.6059],[11.1191,53.5892],[11.1341,53.5937],[11.1464,53.5878],[11.1628,53.6087],[11.1755,53.6101]]]},"properties":{"AGS":"13074072","GEN":"Schildetal","SN_L":"13"}},
{"type":"Feature","geometry":{"type":"Polygon","coordinates":[[[11.4362,53.6853],[11.4425,53.6987],[11.4272,53.713],[11.4129,53.7063],[11.4117,53.6868],[11.4362,53.6853]]]},"properties":{"AGS":"13074075","GEN":"Seehof","SN_L":"13"}},
{"type":"Feature","geometry":{"type":"Polygon","coordinates":[[[11.402,53.7755],[11.3762,53.7755],[11.3665,53.7648],[11.3681,53.746],[11.3774,53.7511],[11.4056,53.7419],[11.4202,53.7406],[11.4346,53.7498],[11.4264,53.7661],[11.4069,53.7693],[11.402,53.7755]]]},"properties":{"AGS":"13074088","GEN":"Zickhusen","SN_L":"13"}},
{"type":"Feature","geometry":{"type":"Polygon","coordinates":[[[11.6502,53.9291],[11.6278,53.925],[11.6085,53.9298],[11.5756,53.9258],[11.5577,53.9297],[11.5646,53.9142],[11.5548,53.9062],[11.56,53.8964],[11.596,53.8938],[11.605,53.8896],[11.6337,53.8862],[11.6468,53.8902],[11.6493,53.9021],[11.6312,53.9131],[11.6502,53.9291]]]},"properties":{"AGS":"13074004","GEN":"Benz","SN_L":"13"}},
{"type":"Feature","geometry":{"type":"Polygon","coordinates":[[[11.5771,53.9884],[11.5707,53.9961],[11.5544,53.9945],[11.5281,54.0069],[11.5079,54.0104],[11.492,53.99],[11.4989,53.9818],[11.4795,53.9655],[11.4818,53.9504],[11.5013,53.9491],[11.5121,53.9613],[11.5276,53.9589],[11.5513,53.9466],[11.5589,53.9455],[11.5764,53.9634],[11.5771,53.9884]]]},"properties":{"AGS":"13074007","GEN":"Blowatz","SN_L":"13"}},
{"type":"Feature","geometry":{"type":"Polygon","coordinates":[[[11.5618,54.0281],[11.5334,54.0254],[11.532,54.0186],[11.5079,54.0104],[11.5281,54.0069],[11.5544,53.9945],[11.5707,53.9961],[11.5771,53.9884],[11.5825,53.9891],[11.5891,54.0024],[11.5797,54.0189],[11.5618,54.0281]]]},"properties":{"AGS":"13074009","GEN":"Boiensdorf","SN_L":"13"}},
{"type":"Feature","geometry":{"type":"Polygon","coordinates":[[[11.5577,53.9297],[11.5452,53.9326],[11.5157,53.9272],[11.5049,53.9037],[11.5313,53.9005],[11.5187,53.8825],[11.5238,53.8764],[11.5496,53.8749],[11.56,53.8964],[11.5548,53.9062],[11.5646,53.9142],[11.5577,53.9297]]]},"properties":{"AGS":"13074034","GEN":"Hornstorf","SN_L":"13"}},
{"type":"Feature","geometry":{"type":"Polygon","coordinates":[[[11.5513,53.9466],[11.5276,53.9589],[11.5121,53.9613],[11.5013,53.9491],[11.4818,53.9504],[11.4798,53.9383],[11.5157,53.9272],[11.5452,53.9326],[11.5513,53.9466]]]},"properties":{"AGS":"13074044","GEN":"Krusenhagen","SN_L":"13"}},
{"type":"Feature","geometry":{"type":"Polygon","coordinates":[[[11.6575,53.9842],[11.6233,53.9926],[11.6141,53.9859],[11.5825,53.9891],[11.5771,53.9884],[11.5764,53.9634],[11.5589,53.9455],[11.5513,53.9466],[11.5452,53.9326],[11.5577,53.9297],[11.5756,53.9258],[11.6085,53.9298],[11.6278,53.925],[11.6502,53.9291],[11.6744,53.9361],[11.6669,53.955],[11.6779,53.962],[11.6575,53.9723],[11.6575,53.9842]]]},"properties":{"AGS":"13074056","GEN":"Neuburg","SN_L":"13"}},
{"type":"Feature","geometry":{"type":"Polygon","coordinates":[[[11.6712,53.8113],[11.6598,53.8138],[11.6375,53.8038],[11.6233,53.8051],[11.6153,53.7924],[11.5916,53.7853],[11.5906,53.7795],[11.5694,53.7671],[11.5853,53.761],[11.6019,53.7611],[11.6264,53.7608],[11.6399,53.7774],[11.6534,53.7759],[11.6661,53.7825],[11.6658,53.7923],[11.6871,53.7932],[11.6785,53.8128],[11.6712,53.8113]]]},"properties":{"AGS":"13074006","GEN":"Bibow","SN_L":"13"}},
{"type":"Feature","geometry":{"type":"Polygon","coordinates":[[[11.7941,53.9314],[11.7831,53.9351],[11.7635,53.9274],[11.7401,53.9425],[11.7247,53.9255],[11.697,53.9223],[11.6911,53.9127],[11.6984,53.8976],[11.6903,53.8801],[11.7142,53.8647],[11.7357,53.8688],[11.7547,53.885],[11.7676,53.8797],[11.7919,53.8856],[11.7984,53.8914],[11.7893,53.9099],[11.8052,53.9188],[11.7941,53.9314]]]},"properties":{"AGS":"13074023","GEN":"Glasin","SN_L":"13"}},
{"type":"Feature","geometry":{"type":"Polygon","coordinates":[[[11.6712,53.8113],[11.6459,53.8399],[11.6315,53.834],[11.615,53.8432],[11.5961,53.8338],[11.6022,53.8231],[11.5897,53.8099],[11.5719,53.7997],[11.5715,53.7937],[11.5916,53.7853],[11.6153,53.7924],[11.6233,53.8051],[11.6375,53.8038],[11.6598,53.8138],[11.6712,53.8113]]]},"properties":{"AGS":"13074036","GEN":"Jesendorf","SN_L":"13"}},
{"type":"Feature","geometry":{"type":"Polygon","coordinates":[[[11.7592,53.8517],[11.7773,53.8596],[11.7676,53.8797],[11.7547,53.885],[11.7357,53.8688],[11.7142,53.8647],[11.7163,53.8505],[11.7092,53.8433],[11.7058,53.833],[11.7255,53.8398],[11.7417,53.84],[11.7592,53.8517]]]},"properties":{"AGS":"13074046","GEN":"Lübberstorf","SN_L":"13"}},
{"type":"Feature","geometry":{"type":"Polygon","coordinates":[[[11.7142,53.8647],[11.6903,53.8801],[11.6984,53.8976],[11.6911,53.9127],[11.663,53.9007],[11.6493,53.9021],[11.6468,53.8902],[11.6337,53.8862],[11.605,53.8896],[11.6173,53.8799],[11.6436,53.8738],[11.6516,53.8537],[11.6663,53.85],[11.6815,53.8569],[11.6896,53.8419],[11.7092,53.8433],[11.7163,53.8505],[11.7142,53.8647]]]},"properties":{"AGS":"13074057","GEN":"Neukloster","SN_L":"13"}},
{"type":"Feature","geometry":{"type":"Polygon","coordinates":[[[11.7824,53.9746],[11.7656,53.9771],[11.7412,53.9691],[11.7489,53.96],[11.7314,53.953],[11.7401,53.9425],[11.7635,53.9274],[11.7831,53.9351],[11.7941,53.9314],[11.7949,53.9423],[11.7979,53.9626],[11.7824,53.9746]]]},"properties":{"AGS":"13074060","GEN":"Passee","SN_L":"13"}},
{"type":"Feature","geometry":{"type":"Polygon","coordinates":[[[11.7902,53.8223],[11.7586,53.8263],[11.7676,53.8459],[11.7592,53.8517],[11.7417,53.84],[11.7255,53.8398],[11.7058,53.833],[11.7056,53.8197],[11.6849,53.8241],[11.6785,53.8128],[11.6871,53.7932],[11.6658,53.7923],[11.6661,53.7825],[11.6798,53.7877],[11.6968,53.7774],[11.6957,53.7886],[11.7279,53.794],[11.7327,53.7814],[11.751,53.7834],[11.7642,53.7657],[11.7882,53.7688],[11.7973,53.7708],[11.7918,53.7777],[11.8079,53.7887],[11.8105,53.7957],[11.7902,53.8223]]]},"properties":{"AGS":"13074084","GEN":"Warin","SN_L":"13"}},
{"type":"Feature","geometry":{"type":"Polygon","coordinates":[[[11.605,53.8896],[11.596,53.8938],[11.56,53.8964],[11.5496,53.8749],[11.5715,53.8559],[11.5742,53.8442],[11.5961,53.8338],[11.615,53.8432],[11.6315,53.834],[11.6459,53.8399],[11.6712,53.8113],[11.6785,53.8128],[11.6849,53.8241],[11.7056,53.8197],[11.7058,53.833],[11.7092,53.8433],[11.6896,53.8419],[11.6815,53.8569],[11.6663,53.85],[11.6516,53.8537],[11.6436,53.8738],[11.6173,53.8799],[11.605,53.8896]]]},"properties":{"AGS":"13074090","GEN":"Zurow","SN_L":"13"}},
{"type":"Feature","geometry":{"type":"Polygon","coordinates":[[[11.7314,53.953],[11.7059,53.9555],[11.6867,53.9342],[11.6744,53.9361],[11.6502,53.9291],[11.6312,53.9131],[11.6493,53.9021],[11.663,53.9007],[11.6911,53.9127],[11.697,53.9223],[11.7247,53.9255],[11.7401,53.9425],[11.7314,53.953]]]},"properties":{"AGS":"13074091","GEN":"Züsow","SN_L":"13"}},
{"type":"Feature","geometry":{"type":"Polygon","coordinates":[[[10.9618,53.7922],[10.934,53.7928],[10.9092,53.7847],[10.8867,53.7804],[10.8936,53.7537],[10.8811,53.7551],[10.8697,53.745],[10.8974,53.7408],[10.8973,53.7265],[10.958,53.7307],[10.9665,53.7626],[10.9551,53.7646],[10.9618,53.7922]]]},"properties":{"AGS":"13074013","GEN":"Carlow","SN_L":"13"}},
{"type":"Feature","geometry":{"type":"Polygon","coordinates":[[[10.9621,53.7151],[10.958,53.7307],[10.8973,53.7265],[10.8893,53.7206],[10.8662,53.7207],[10.8562,53.7081],[10.8433,53.7079],[10.8712,53.7018],[10.8864,53.7057],[10.9167,53.6992],[10.9206,53.7051],[10.9512,53.7044],[10.9621,53.7151]]]},"properties":{"AGS":"13074018","GEN":"Dechow","SN_L":"13"}},
{"type":"Feature","geometry":{"type":"Polygon","coordinates":[[[10.8697,53.745],[10.8489,53.7349],[10.867,53.7305],[10.8662,53.7207],[10.8893,53.7206],[10.8973,53.7265],[10.8974,53.7408],[10.8697,53.745]]]},"properties":{"AGS":"13074028","GEN":"Groß Molzahn","SN_L":"13"}},
{"type":"Feature","geometry":{"type":"Polygon","coordinates":[[[11.0712,53.7313],[11.0648,53.7455],[11.0428,53.7376],[11.0342,53.7242],[11.0186,53.7254],[11.0154,53.7044],[11.0324,53.6988],[11.0638,53.701],[11.062,53.711],[11.0829,53.719],[11.0712,53.7313]]]},"properties":{"AGS":"13074033","GEN":"Holdorf","SN_L":"13"}},
{"type":"Feature","geometry":{"type":"Polygon","coordinates":[[[11.0155,53.729],[11.0249,53.7572],[11.05,53.7654],[11.042,53.7839],[11.0292,53.7904],[11.0119,53.7826],[10.9834,53.7869],[10.9683,53.7954],[10.9618,53.7922],[10.9551,53.7646],[10.9665,53.7626],[10.958,53.7307],[10.9621,53.7151],[10.9829,53.728],[11.0155,53.729]]]},"properties":{"AGS":"13074042","GEN":"Königsfeld","SN_L":"13"}},
{"type":"Feature","geometry":{"type":"Polygon","coordinates":[[[11.126,53.8041],[11.1158,53.8073],[11.0731,53.8003],[11.0684,53.8167],[11.0752,53.834],[11.065,53.8397],[11.0347,53.8233],[11.0262,53.8136],[11.0113,53.81],[10.99,53.8124],[10.9791,53.808],[10.9683,53.7954],[10.9834,53.7869],[11.0119,53.7826],[11.0292,53.7904],[11.042,53.7839],[11.05,53.7654],[11.0249,53.7572],[11.0155,53.729],[11.0186,53.7254],[11.0342,53.7242],[11.0428,53.7376],[11.0648,53.7455],[11.0584,53.762],[11.0932,53.7714],[11.1031,53.7902],[11.1129,53.789],[11.1283,53.801],[11.126,53.8041]]]},"properties":{"AGS":"13074065","GEN":"Rehna","SN_L":"13"}},
{"type":"Feature","geometry":{"type":"Polygon","coordinates":[[[10.9092,53.7847],[10.8975,53.784],[10.8738,53.7922],[10.8633,53.7849],[10.8432,53.7918],[10.835,53.7864],[10.8305,53.7775],[10.8495,53.7655],[10.8539,53.7584],[10.8811,53.7551],[10.8936,53.7537],[10.8867,53.7804],[10.9092,53.7847]]]},"properties":{"AGS":"13074066","GEN":"Rieps","SN_L":"13"}},
{"type":"Feature","geometry":{"type":"Polygon","coordinates":[[[10.8811,53.7551],[10.8539,53.7584],[10.8495,53.7655],[10.8229,53.7547],[10.808,53.7553],[10.8084,53.7463],[10.7962,53.742],[10.808,53.7377],[10.8072,53.7256],[10.8316,53.7104],[10.8433,53.7079],[10.8562,53.7081],[10.8662,53.7207],[10.867,53.7305],[10.8489,53.7349],[10.8697,53.745],[10.8811,53.7551]]]},"properties":{"AGS":"13074073","GEN":"Schlagsdorf","SN_L":"13"}},
{"type":"Feature","geometry":{"type":"Polygon","coordinates":[[[10.835,53.7864],[10.816,53.7888],[10.8021,53.7793],[10.795,53.7625],[10.808,53.7553],[10.8229,53.7547],[10.8495,53.7655],[10.8305,53.7775],[10.835,53.7864]]]},"properties":{"AGS":"13074078","GEN":"Thandorf","SN_L":"13"}},
{"type":"Feature","geometry":{"type":"Polygon","coordinates":[[[10.808,53.7553],[10.795,53.7625],[10.8021,53.7793],[10.7887,53.7863],[10.769,53.7863],[10.7668,53.7807],[10.7698,53.775],[10.7566,53.7585],[10.758,53.7475],[10.7704,53.7493],[10.7929,53.7435],[10.7962,53.742],[10.8084,53.7463],[10.808,53.7553]]]},"properties":{"AGS":"13074080","GEN":"Utecht","SN_L":"13"}},
{"type":"Feature","geometry":{"type":"Polygon","coordinates":[[[11.1701,53.7902],[11.1396,53.783],[11.1283,53.801],[11.1129,53.789],[11.1031,53.7902],[11.0932,53.7714],[11.0584,53.762],[11.0648,53.7455],[11.0712,53.7313],[11.0879,53.7382],[11.0949,53.7506],[11.1121,53.7438],[11.1347,53.7493],[11.1466,53.7677],[11.1632,53.7749],[11.1701,53.7902]]]},"properties":{"AGS":"13074092","GEN":"Wedendorfersee","SN_L":"13"}},
{"type":"Feature","geometry":{"type":"Polygon","coordinates":[[[11.0476,53.9445],[11.0216,53.946],[11.0042,53.9413],[10.988,53.947],[10.985,53.9775],[10.9757,53.9851],[10.9335,53.9649],[10.9037,53.9568],[10.9083,53.945],[10.8977,53.9378],[10.8945,53.9254],[10.9393,53.9193],[10.9567,53.9098],[10.9316,53.9007],[10.9401,53.8911],[10.931,53.8817],[10.9581,53.8923],[10.9747,53.8936],[10.9905,53.8781],[11.0155,53.878],[11.0104,53.8866],[11.0278,53.8916],[11.0322,53.9013],[11.0458,53.9033],[11.0546,53.9183],[11.0466,53.931],[11.0476,53.9445]]]},"properties":{"AGS":"13074017","GEN":"Dassow","SN_L":"13"}},
{"type":"Feature","geometry":{"type":"Polygon","coordinates":[[[11.065,53.8397],[11.0806,53.8468],[11.0344,53.8586],[11.0387,53.8349],[11.0277,53.8289],[11.0347,53.8233],[11.065,53.8397]]]},"properties":{"AGS":"13074027","GEN":"Grieben","SN_L":"13"}},
{"type":"Feature","geometry":{"type":"Polygon","coordinates":[[[10.8344,53.8539],[10.8091,53.8702],[10.8056,53.8804],[10.7994,53.8762],[10.7728,53.8741],[10.7595,53.8583],[10.7477,53.8515],[10.748,53.834],[10.7616,53.8226],[10.763,53.8112],[10.7686,53.7993],[10.769,53.7863],[10.7887,53.7863],[10.8021,53.7793],[10.816,53.7888],[10.835,53.7864],[10.8432,53.7918],[10.8633,53.7849],[10.8738,53.7922],[10.8637,53.7987],[10.8653,53.8165],[10.8273,53.8438],[10.8344,53.8539]]]},"properties":{"AGS":"13074049","GEN":"Lüdersdorf","SN_L":"13"}},
{"type":"Feature","geometry":{"type":"Polygon","coordinates":[[[11.0344,53.8586],[11.0067,53.8601],[10.9848,53.8573],[10.982,53.8446],[10.9994,53.8402],[10.9968,53.8331],[11.0277,53.8289],[11.0387,53.8349],[11.0344,53.8586]]]},"properties":{"AGS":"13074052","GEN":"Menzendorf","SN_L":"13"}},
{"type":"Feature","geometry":{"type":"Polygon","coordinates":[[[10.9968,53.8331],[10.9868,53.8254],[10.9702,53.8254],[10.9585,53.819],[10.9791,53.808],[10.99,53.8124],[11.0113,53.81],[11.0262,53.8136],[11.0347,53.8233],[11.0277,53.8289],[10.9968,53.8331]]]},"properties":{"AGS":"13074067","GEN":"Roduchelstorf","SN_L":"13"}},
{"type":"Feature","geometry":{"type":"Polygon","coordinates":[[[10.9905,53.8781],[10.9747,53.8936],[10.9581,53.8923],[10.931,53.8817],[10.8906,53.8656],[10.8809,53.8564],[10.8531,53.8601],[10.8344,53.8539],[10.8273,53.8438],[10.8653,53.8165],[10.8878,53.8141],[10.9025,53.8245],[10.9291,53.8342],[10.9454,53.8294],[10.9585,53.819],[10.9702,53.8254],[10.9868,53.8254],[10.9968,53.8331],[10.9994,53.8402],[10.982,53.8446],[10.9848,53.8573],[10.995,53.8695],[10.9905,53.8781]]]},"properties":{"AGS":"13074074","GEN":"Schönberg","SN_L":"13"}},
{"type":"Feature","geometry":{"type":"Polygon","coordinates":[[[10.9316,53.9007],[10.911,53.898],[10.9024,53.9033],[10.9118,53.9142],[10.8863,53.9248],[10.8747,53.9145],[10.8476,53.904],[10.8479,53.8974],[10.8073,53.8861],[10.8056,53.8804],[10.8091,53.8702],[10.8344,53.8539],[10.8531,53.8601],[10.8809,53.8564],[10.8906,53.8656],[10.931,53.8817],[10.9401,53.8911],[10.9316,53.9007]]]},"properties":{"AGS":"13074076","GEN":"Selmsdorf","SN_L":"13"}},
{"type":"Feature","geometry":{"type":"Polygon","coordinates":[[[10.9585,53.819],[10.9454,53.8294],[10.9291,53.8342],[10.9025,53.8245],[10.8878,53.8141],[10.8653,53.8165],[10.8637,53.7987],[10.8738,53.7922],[10.8975,53.784],[10.9092,53.7847],[10.934,53.7928],[10.9618,53.7922],[10.9683,53.7954],[10.9791,53.808],[10.9585,53.819]]]},"properties":{"AGS":"13074094","GEN":"Siemz-Niendorf","SN_L":"13"}},
{"type":"Feature","geometry":{"type":"Polygon","coordinates":[[[13.7939,53.8567],[13.7749,53.8602],[13.7775,53.8731],[13.7397,53.8759],[13.6866,53.8701],[13.6331,53.8637],[13.6339,53.8529],[13.6435,53.8464],[13.6651,53.8227],[13.6689,53.8105],[13.6638,53.8016],[13.6361,53.7867],[13.6239,53.7877],[13.6231,53.7861],[13.6514,53.7746],[13.6725,53.7755],[13.6861,53.7838],[13.6823,53.7969],[13.6993,53.797],[13.7034,53.808],[13.7149,53.8111],[13.7239,53.8314],[13.7408,53.8336],[13.7553,53.8433],[13.7624,53.8545],[13.7985,53.853],[13.8143,53.8478],[13.8076,53.8557],[13.7939,53.8567]]]},"properties":{"AGS":"13075005","GEN":"Anklam","SN_L":"13"}},
{"type":"Feature","geometry":{"type":"MultiPolygon","coordinates":[[[[13.3463,54.1814],[13.3329,54.1829],[13.3364,54.1767],[13.3475,54.1801],[13.3463,54.1814]]],[[[13.4135,54.1607],[13.4217,54.171],[13.3997,54.1723],[13.4135,54.1607]]],[[[13.4394,54.1214],[13.4072,54.1198],[13.3936,54.1074],[13.3638,54.1067],[13.3217,54.0919],[13.3194,54.0848],[13.3518,54.0771],[13.3609,54.0613],[13.4019,54.0603],[13.4094,54.0699],[13.4405,54.0564],[13.4793,54.062],[13.4905,54.0541],[13.5018,54.0658],[13.5007,54.088],[13.4894,54.0838],[13.4581,54.0908],[13.4558,54.0939],[13.4579,54.0973],[13.4481,54.1022],[13.4476,54.1055],[13.4394,54.1214]]]]},"properties":{"AGS":"13075039","GEN":"Greifswald","SN_L":"13"}},
{"type":"Feature","geometry":{"type":"Polygon","coordinates":[[[14.1906,53.9156],[14.2076,53.9159],[14.2261,53.9277],[14.1849,53.9466],[14.1433,53.9761],[14.1135,53.994],[14.0885,53.9895],[14.079,53.9815],[14.0986,53.9778],[14.105,53.9658],[14.0867,53.9504],[14.1076,53.9519],[14.1073,53.9294],[14.1202,53.921],[14.1426,53.9196],[14.1576,53.9329],[14.1906,53.9156]]]},"properties":{"AGS":"13075049","GEN":"Heringsdorf","SN_L":"13"}},
{"type":"Feature","geometry":{"type":"Polygon","coordinates":[[[14.0546,53.5402],[14.033,53.5528],[14.0011,53.5556],[13.9723,53.5365],[13.9491,53.5381],[13.9363,53.5055],[13.9746,53.4992],[13.953,53.4909],[13.9721,53.4805],[14.0202,53.4679],[14.0378,53.4764],[14.0394,53.4928],[14.0775,53.5168],[14.0619,53.5266],[14.0546,53.5402]]]},"properties":{"AGS":"13075105","GEN":"Pasewalk","SN_L":"13"}},
{"type":"Feature","geometry":{"type":"Polygon","coordinates":[[[13.7673,53.6155],[13.7541,53.6144],[13.7337,53.6031],[13.7014,53.5927],[13.7044,53.5874],[13.7097,53.5839],[13.7095,53.5757],[13.7254,53.5717],[13.7199,53.5618],[13.7243,53.546],[13.7053,53.5361],[13.6789,53.5357],[13.681,53.5214],[13.6689,53.5109],[13.6938,53.5082],[13.6874,53.4919],[13.7101,53.4791],[13.7154,53.4823],[13.755,53.4778],[13.7941,53.4762],[13.8126,53.4846],[13.8271,53.4987],[13.8076,53.5017],[13.7925,53.5109],[13.7777,53.5137],[13.7764,53.5313],[13.7842,53.5518],[13.7997,53.5587],[13.7881,53.5656],[13.8044,53.573],[13.8192,53.5877],[13.8035,53.5961],[13.785,53.5959],[13.7765,53.5985],[13.7673,53.6155]]]},"properties":{"AGS":"13075130","GEN":"Strasburg (Uckermark)","SN_L":"13"}},
{"type":"Feature","geometry":{"type":"Polygon","coordinates":[[[14.0321,53.7576],[14.0265,53.7534],[13.9885,53.7468],[13.9866,53.7369],[13.9659,53.7323],[13.9633,53.7239],[13.9726,53.7176],[13.9986,53.7117],[14.0033,53.7258],[14.0171,53.7282],[14.0326,53.718],[14.0543,53.7115],[14.0694,53.7166],[14.0826,53.6995],[14.1007,53.702],[14.1174,53.7309],[14.1397,53.7329],[14.1382,53.7395],[14.1017,53.74],[14.0762,53.7471],[14.0598,53.7553],[14.0321,53.7576]]]},"properties":{"AGS":"13075136","GEN":"Ueckermünde","SN_L":"13"}},
{"type":"Feature","geometry":{"type":"Polygon","coordinates":[[[13.8262,53.8776],[13.8472,53.878],[13.8566,53.8944],[13.8825,53.9086],[13.9004,53.9099],[13.9141,53.9219],[13.8937,53.943],[13.8846,53.9444],[13.8552,53.9344],[13.8537,53.928],[13.8213,53.9259],[13.8075,53.8957],[13.8262,53.8776]]]},"properties":{"AGS":"13075021","GEN":"Buggenhagen","SN_L":"13"}},
{"type":"Feature","geometry":{"type":"Polygon","coordinates":[[[13.8853,54.058],[13.8741,54.07],[13.8747,54.0642],[13.826,54.0602],[13.8277,54.0522],[13.7974,54.0488],[13.8106,54.0312],[13.8449,54.0423],[13.8553,54.0485],[13.8761,54.0433],[13.8853,54.058]]]},"properties":{"AGS":"13075072","GEN":"Krummin","SN_L":"13"}},
{"type":"Feature","geometry":{"type":"Polygon","coordinates":[[[13.8846,53.9444],[13.8813,53.9498],[13.852,53.9537],[13.8538,53.9646],[13.8373,53.979],[13.8195,53.9777],[13.7826,53.9563],[13.7589,53.9608],[13.7484,53.9464],[13.7622,53.9352],[13.7732,53.9354],[13.8213,53.9259],[13.8537,53.928],[13.8552,53.9344],[13.8846,53.9444]]]},"properties":{"AGS":"13075074","GEN":"Lassan","SN_L":"13"}},
{"type":"Feature","geometry":{"type":"Polygon","coordinates":[[[13.9154,54.0585],[13.9057,54.0539],[13.8853,54.058],[13.8761,54.0433],[13.8534,54.0141],[13.8647,54.0067],[13.8987,54.0121],[13.9173,54.0334],[13.9104,54.0488],[13.9154,54.0585]]]},"properties":{"AGS":"13075087","GEN":"Lütow","SN_L":"13"}},
{"type":"Feature","geometry":{"type":"Polygon","coordinates":[[[13.8106,54.0312],[13.7974,54.0488],[13.7907,54.0499],[13.7729,54.0408],[13.7635,54.0265],[13.7699,54.0192],[13.8013,54.0187],[13.8106,54.0312]]]},"properties":{"AGS":"13075124","GEN":"Sauzin","SN_L":"13"}},
{"type":"Feature","geometry":{"type":"MultiPolygon","coordinates":[[[[13.826,54.0602],[13.7974,54.0636],[13.7907,54.0499],[13.7974,54.0488],[13.8277,54.0522],[13.826,54.0602]]],[[[13.7935,54.0843],[13.781,54.0854],[13.7497,54.073],[13.7184,54.0658],[13.7097,54.0672],[13.6952,54.0424],[13.6576,54.0369],[13.654,54.0189],[13.6401,54.0057],[13.6838,53.9774],[13.7082,53.9681],[13.7241,53.9668],[13.7237,53.9778],[13.7004,53.9906],[13.701,54.0012],[13.7515,54.004],[13.7671,54.0116],[13.759,54.0248],[13.7614,54.0357],[13.7854,54.0509],[13.7788,54.0555],[13.7906,54.065],[13.7935,54.0843]]]]},"properties":{"AGS":"13075144","GEN":"Wolgast","SN_L":"13"}},
{"type":"Feature","geometry":{"type":"Polygon","coordinates":[[[13.8373,53.979],[13.8081,53.9957],[13.7969,53.9953],[13.7671,54.0116],[13.7515,54.004],[13.701,54.0012],[13.7004,53.9906],[13.7237,53.9778],[13.7241,53.9668],[13.7589,53.9608],[13.7826,53.9563],[13.8195,53.9777],[13.8373,53.979]]]},"properties":{"AGS":"13075147","GEN":"Zemitz","SN_L":"13"}},
{"type":"Feature","geometry":{"type":"Polygon","coordinates":[[[14.2372,53.6605],[14.2191,53.6752],[14.1992,53.6752],[14.1887,53.6817],[14.1489,53.6818],[14.1809,53.6599],[14.1933,53.6428],[14.1915,53.6344],[14.223,53.6176],[14.2409,53.6217],[14.2276,53.6416],[14.209,53.6447],[14.2206,53.6606],[14.2372,53.6605]]]},"properties":{"AGS":"13075001","GEN":"Ahlbeck","SN_L":"13"}},
{"type":"Feature","geometry":{"type":"Polygon","coordinates":[[[14.233,53.7129],[14.2512,53.7195],[14.2717,53.7393],[14.2599,53.7537],[14.2297,53.7612],[14.2165,53.7523],[14.2211,53.7494],[14.2212,53.72],[14.233,53.7129]]]},"properties":{"AGS":"13075003","GEN":"Altwarp","SN_L":"13"}},
{"type":"Feature","geometry":{"type":"Polygon","coordinates":[[[14.1177,53.6974],[14.1174,53.7309],[14.1007,53.702],[14.0826,53.6995],[14.0694,53.7166],[14.0543,53.7115],[14.062,53.6945],[14.0632,53.6847],[14.047,53.6804],[14.0504,53.6684],[14.0431,53.6584],[14.0699,53.6516],[14.0604,53.6445],[14.0695,53.6337],[14.1144,53.6078],[14.1191,53.5992],[14.1455,53.5962],[14.1776,53.5981],[14.1968,53.5944],[14.2146,53.6004],[14.2405,53.5967],[14.2339,53.6119],[14.223,53.6176],[14.1915,53.6344],[14.1933,53.6428],[14.1809,53.6599],[14.1489,53.6818],[14.1345,53.6886],[14.1297,53.6878],[14.1206,53.6928],[14.1177,53.6974]]]},"properties":{"AGS":"13075031","GEN":"Eggesin","SN_L":"13"}},
{"type":"Feature","geometry":{"type":"Polygon","coordinates":[[[14.0315,53.7582],[13.9881,53.7698],[13.9971,53.7585],[13.9885,53.7468],[14.0265,53.7534],[14.0321,53.7576],[14.0315,53.7582]]]},"properties":{"AGS":"13075037","GEN":"Grambin","SN_L":"13"}},
{"type":"Feature","geometry":{"type":"Polygon","coordinates":[[[14.2748,53.6628],[14.2372,53.6605],[14.2206,53.6606],[14.209,53.6447],[14.2276,53.6416],[14.2409,53.6217],[14.223,53.6176],[14.2339,53.6119],[14.2405,53.5967],[14.2146,53.6004],[14.1968,53.5944],[14.1776,53.5981],[14.1806,53.5907],[14.2201,53.5887],[14.246,53.5933],[14.26,53.5887],[14.269,53.5761],[14.2821,53.5789],[14.3121,53.5746],[14.3169,53.6181],[14.2838,53.6344],[14.2846,53.6588],[14.2748,53.6628]]]},"properties":{"AGS":"13075051","GEN":"Hintersee","SN_L":"13"}},
{"type":"Feature","geometry":{"type":"Polygon","coordinates":[[[13.9373,53.7795],[13.9063,53.7865],[13.9069,53.7957],[13.8668,53.7939],[13.8674,53.776],[13.8332,53.7758],[13.8264,53.765],[13.8608,53.7548],[13.8879,53.7534],[13.8951,53.7477],[13.9186,53.77],[13.9373,53.7795]]]},"properties":{"AGS":"13075075","GEN":"Leopoldshagen","SN_L":"13"}},
{"type":"Feature","geometry":{"type":"Polygon","coordinates":[[[14.0543,53.7115],[14.0326,53.718],[14.0171,53.7282],[14.0033,53.7258],[13.9986,53.7117],[13.996,53.7056],[13.9565,53.7],[13.9523,53.6896],[13.9737,53.6739],[13.9864,53.6535],[14.0303,53.6621],[14.0313,53.6779],[14.0507,53.6955],[14.062,53.6945],[14.0543,53.7115]]]},"properties":{"AGS":"13075078","GEN":"Liepgarten","SN_L":"13"}},
{"type":"Feature","geometry":{"type":"Polygon","coordinates":[[[13.9659,53.7323],[13.906,53.7373],[13.8951,53.7477],[13.8879,53.7534],[13.8689,53.736],[13.8603,53.7211],[13.8353,53.7181],[13.8577,53.7009],[13.857,53.6849],[13.8472,53.6753],[13.8698,53.6687],[13.8867,53.6761],[13.8814,53.7016],[13.9114,53.703],[13.9167,53.715],[13.9305,53.711],[13.9487,53.7183],[13.9633,53.7239],[13.9659,53.7323]]]},"properties":{"AGS":"13075084","GEN":"Lübs","SN_L":"13"}},
{"type":"Feature","geometry":{"type":"Polygon","coordinates":[[[14.2171,53.7075],[14.1979,53.7145],[14.1574,53.7155],[14.1421,53.705],[14.1414,53.6907],[14.129,53.6887],[14.1177,53.6974],[14.1206,53.6928],[14.1297,53.6878],[14.1345,53.6886],[14.1489,53.6818],[14.1887,53.6817],[14.1992,53.6752],[14.2191,53.6752],[14.2372,53.6605],[14.2748,53.6628],[14.2837,53.6825],[14.2673,53.6985],[14.2454,53.6937],[14.2224,53.6982],[14.2171,53.7075]]]},"properties":{"AGS":"13075085","GEN":"Luckow","SN_L":"13"}},
{"type":"Feature","geometry":{"type":"Polygon","coordinates":[[[13.9986,53.7117],[13.9726,53.7176],[13.9633,53.7239],[13.9487,53.7183],[13.9407,53.7101],[13.9177,53.7039],[13.9132,53.6984],[13.9523,53.6896],[13.9565,53.7],[13.996,53.7056],[13.9986,53.7117]]]},"properties":{"AGS":"13075089","GEN":"Meiersberg","SN_L":"13"}},
{"type":"Feature","geometry":{"type":"Polygon","coordinates":[[[13.9881,53.7698],[13.9684,53.7731],[13.9439,53.788],[13.9373,53.7795],[13.9186,53.77],[13.8951,53.7477],[13.906,53.7373],[13.9659,53.7323],[13.9866,53.7369],[13.9885,53.7468],[13.9971,53.7585],[13.9881,53.7698]]]},"properties":{"AGS":"13075093","GEN":"Mönkebude","SN_L":"13"}},
{"type":"Feature","geometry":{"type":"Polygon","coordinates":[[[14.233,53.7129],[14.2212,53.72],[14.2211,53.7494],[14.2165,53.7523],[14.179,53.7351],[14.1672,53.7419],[14.1382,53.7395],[14.1397,53.7329],[14.1174,53.7309],[14.1177,53.6974],[14.129,53.6887],[14.1414,53.6907],[14.1421,53.705],[14.1574,53.7155],[14.1979,53.7145],[14.2171,53.7075],[14.233,53.7129]]]},"properties":{"AGS":"13075139","GEN":"Vogelsang-Warsin","SN_L":"13"}},
{"type":"Feature","geometry":{"type":"MultiPolygon","coordinates":[[[[13.8076,53.8557],[13.8151,53.8627],[13.7939,53.8567],[13.8076,53.8557]]],[[[13.8143,53.8478],[13.7985,53.853],[13.7624,53.8545],[13.7553,53.8433],[13.7408,53.8336],[13.7239,53.8314],[13.7149,53.8111],[13.7526,53.8175],[13.7982,53.8211],[13.8169,53.8314],[13.8192,53.8419],[13.8143,53.8478]]]]},"properties":{"AGS":"13075007","GEN":"Bargischow","SN_L":"13"}},
{"type":"Feature","geometry":{"type":"Polygon","coordinates":[[[13.6169,53.8397],[13.5965,53.8382],[13.5811,53.8236],[13.5779,53.8228],[13.5747,53.8222],[13.5646,53.8107],[13.6072,53.8048],[13.6273,53.8058],[13.6387,53.8167],[13.6258,53.8354],[13.6169,53.8397]]]},"properties":{"AGS":"13075013","GEN":"Blesewitz","SN_L":"13"}},
{"type":"Feature","geometry":{"type":"Polygon","coordinates":[[[13.5605,53.7445],[13.5472,53.7557],[13.5366,53.757],[13.5236,53.7472],[13.5183,53.7313],[13.5239,53.7157],[13.5341,53.7041],[13.5519,53.6951],[13.6407,53.7041],[13.6591,53.6977],[13.7079,53.6989],[13.6998,53.708],[13.6819,53.7086],[13.6882,53.7194],[13.6585,53.7407],[13.6394,53.7392],[13.6368,53.7316],[13.6185,53.7284],[13.5865,53.7414],[13.5605,53.7445]]]},"properties":{"AGS":"13075015","GEN":"Boldekow","SN_L":"13"}},
{"type":"Feature","geometry":{"type":"Polygon","coordinates":[[[13.9439,53.788],[13.914,53.806],[13.9016,53.8024],[13.8823,53.818],[13.8723,53.8312],[13.8489,53.8433],[13.8192,53.8419],[13.8169,53.8314],[13.7982,53.8211],[13.7829,53.8052],[13.7863,53.7916],[13.814,53.7899],[13.8092,53.7753],[13.8264,53.765],[13.8332,53.7758],[13.8674,53.776],[13.8668,53.7939],[13.9069,53.7957],[13.9063,53.7865],[13.9373,53.7795],[13.9439,53.788]]]},"properties":{"AGS":"13075020","GEN":"Bugewitz","SN_L":"13"}},
{"type":"Feature","geometry":{"type":"Polygon","coordinates":[[[13.6239,53.7877],[13.6361,53.7867],[13.6638,53.8016],[13.6689,53.8105],[13.6651,53.8227],[13.6435,53.8464],[13.6169,53.8397],[13.6258,53.8354],[13.6387,53.8167],[13.6273,53.8058],[13.6072,53.8048],[13.612,53.79],[13.6239,53.7877]]]},"properties":{"AGS":"13075022","GEN":"Butzow","SN_L":"13"}},
{"type":"Feature","geometry":{"type":"Polygon","coordinates":[[[13.8264,53.765],[13.8092,53.7753],[13.814,53.7899],[13.7863,53.7916],[13.7639,53.7859],[13.764,53.7771],[13.7511,53.7686],[13.7157,53.7573],[13.706,53.7469],[13.6733,53.7481],[13.6585,53.7407],[13.6882,53.7194],[13.6819,53.7086],[13.6998,53.708],[13.7079,53.6989],[13.7342,53.693],[13.7386,53.7007],[13.7634,53.7192],[13.7877,53.7217],[13.7988,53.7293],[13.8264,53.7182],[13.8353,53.7181],[13.8603,53.7211],[13.8689,53.736],[13.8879,53.7534],[13.8608,53.7548],[13.8264,53.765]]]},"properties":{"AGS":"13075029","GEN":"Ducherow","SN_L":"13"}},
{"type":"Feature","geometry":{"type":"Polygon","coordinates":[[[13.4596,53.8106],[13.4275,53.8078],[13.4094,53.813],[13.392,53.8205],[13.387,53.8068],[13.4039,53.7833],[13.4277,53.7753],[13.4507,53.7809],[13.4486,53.7903],[13.4592,53.7956],[13.4596,53.8106]]]},"properties":{"AGS":"13075053","GEN":"Iven","SN_L":"13"}},
{"type":"Feature","geometry":{"type":"Polygon","coordinates":[[[13.5321,53.7931],[13.5125,53.8054],[13.5165,53.8166],[13.4759,53.8351],[13.4629,53.844],[13.4533,53.8379],[13.4317,53.8446],[13.4094,53.813],[13.4275,53.8078],[13.4596,53.8106],[13.4807,53.8107],[13.4985,53.7963],[13.5321,53.7931]]]},"properties":{"AGS":"13075068","GEN":"Krien","SN_L":"13"}},
{"type":"Feature","geometry":{"type":"Polygon","coordinates":[[[13.3904,53.8688],[13.3655,53.8624],[13.3722,53.8485],[13.397,53.8307],[13.392,53.8205],[13.4094,53.813],[13.4317,53.8446],[13.3904,53.8688]]]},"properties":{"AGS":"13075073","GEN":"Krusenfelde","SN_L":"13"}},
{"type":"Feature","geometry":{"type":"Polygon","coordinates":[[[13.5512,53.8519],[13.5242,53.849],[13.5031,53.8645],[13.485,53.8623],[13.4687,53.8539],[13.4629,53.844],[13.4759,53.8351],[13.5165,53.8166],[13.5125,53.8054],[13.5321,53.7931],[13.5391,53.7912],[13.5646,53.8107],[13.5747,53.8222],[13.5607,53.8215],[13.5623,53.8362],[13.5512,53.8519]]]},"properties":{"AGS":"13075088","GEN":"Medow","SN_L":"13"}},
{"type":"Feature","geometry":{"type":"Polygon","coordinates":[[[13.7982,53.8211],[13.7526,53.8175],[13.7149,53.8111],[13.7034,53.808],[13.6993,53.797],[13.6823,53.7969],[13.6861,53.7838],[13.724,53.7749],[13.7441,53.7752],[13.7511,53.7686],[13.764,53.7771],[13.7639,53.7859],[13.7863,53.7916],[13.7829,53.8052],[13.7982,53.8211]]]},"properties":{"AGS":"13075098","GEN":"Neu Kosenow","SN_L":"13"}},
{"type":"Feature","geometry":{"type":"Polygon","coordinates":[[[13.6072,53.8048],[13.5646,53.8107],[13.5391,53.7912],[13.5558,53.7779],[13.6037,53.7702],[13.6158,53.7734],[13.6231,53.7861],[13.6239,53.7877],[13.612,53.79],[13.6072,53.8048]]]},"properties":{"AGS":"13075101","GEN":"Neuenkirchen","SN_L":"13"}},
{"type":"Feature","geometry":{"type":"Polygon","coordinates":[[[13.6435,53.8464],[13.6339,53.8529],[13.6331,53.8637],[13.6222,53.868],[13.6191,53.8594],[13.5873,53.8563],[13.5646,53.8575],[13.5512,53.8519],[13.5623,53.8362],[13.5607,53.8215],[13.5747,53.8222],[13.5779,53.8228],[13.5811,53.8236],[13.5965,53.8382],[13.6169,53.8397],[13.6435,53.8464]]]},"properties":{"AGS":"13075110","GEN":"Postlow","SN_L":"13"}},
{"type":"Feature","geometry":{"type":"Polygon","coordinates":[[[13.7511,53.7686],[13.7441,53.7752],[13.724,53.7749],[13.6861,53.7838],[13.6725,53.7755],[13.6774,53.7635],[13.6733,53.7481],[13.706,53.7469],[13.7157,53.7573],[13.7511,53.7686]]]},"properties":{"AGS":"13075116","GEN":"Rossin","SN_L":"13"}},
{"type":"Feature","geometry":{"type":"Polygon","coordinates":[[[13.6725,53.7755],[13.6514,53.7746],[13.6231,53.7861],[13.6158,53.7734],[13.6037,53.7702],[13.6001,53.757],[13.5894,53.7466],[13.5605,53.7445],[13.5865,53.7414],[13.6185,53.7284],[13.6368,53.7316],[13.6394,53.7392],[13.6585,53.7407],[13.6733,53.7481],[13.6774,53.7635],[13.6725,53.7755]]]},"properties":{"AGS":"13075122","GEN":"Sarnow","SN_L":"13"}},
{"type":"Feature","geometry":{"type":"Polygon","coordinates":[[[13.5321,53.7931],[13.4985,53.7963],[13.4807,53.8107],[13.4596,53.8106],[13.4592,53.7956],[13.4486,53.7903],[13.4507,53.7809],[13.4277,53.7753],[13.4039,53.7833],[13.387,53.8068],[13.3766,53.7997],[13.344,53.8036],[13.3435,53.7872],[13.3538,53.7819],[13.3757,53.7669],[13.3606,53.7575],[13.3718,53.7482],[13.3999,53.7614],[13.4312,53.7519],[13.5015,53.7439],[13.5183,53.7313],[13.5236,53.7472],[13.5366,53.757],[13.5472,53.7557],[13.5605,53.7445],[13.5894,53.7466],[13.6001,53.757],[13.6037,53.7702],[13.5558,53.7779],[13.5391,53.7912],[13.5321,53.7931]]]},"properties":{"AGS":"13075127","GEN":"Spantekow","SN_L":"13"}},
{"type":"Feature","geometry":{"type":"Polygon","coordinates":[[[13.6103,53.8707],[13.5996,53.8686],[13.5278,53.8823],[13.5025,53.8845],[13.4891,53.8753],[13.5031,53.8645],[13.5242,53.849],[13.5512,53.8519],[13.5646,53.8575],[13.5873,53.8563],[13.6191,53.8594],[13.6222,53.868],[13.6103,53.8707]]]},"properties":{"AGS":"13075128","GEN":"Stolpe an der Peene","SN_L":"13"}},
{"type":"Feature","geometry":{"type":"Polygon","coordinates":[[[13.4848,53.8894],[13.4674,53.9061],[13.4487,53.9152],[13.4312,53.9173],[13.403,53.9102],[13.4061,53.8926],[13.3778,53.8939],[13.3733,53.8902],[13.3728,53.8831],[13.3904,53.8688],[13.4317,53.8446],[13.4533,53.8379],[13.4629,53.844],[13.4687,53.8539],[13.485,53.8623],[13.5031,53.8645],[13.4891,53.8753],[13.5025,53.8845],[13.4848,53.8894]]]},"properties":{"AGS":"13075155","GEN":"Neetzow-Liepen","SN_L":"13"}},
{"type":"Feature","geometry":{"type":"Polygon","coordinates":[[[13.2649,53.858],[13.2181,53.8599],[13.1928,53.8492],[13.1852,53.8385],[13.2334,53.8081],[13.2697,53.8188],[13.2763,53.834],[13.2871,53.8402],[13.2705,53.848],[13.283,53.855],[13.2649,53.858]]]},"properties":{"AGS":"13075002","GEN":"Alt Tellin","SN_L":"13"}},
{"type":"Feature","geometry":{"type":"Polygon","coordinates":[[[13.3118,53.9571],[13.2889,53.972],[13.2737,53.9741],[13.2542,53.9648],[13.2323,53.9632],[13.2136,53.9574],[13.1985,53.9627],[13.1987,53.9328],[13.2214,53.9339],[13.2531,53.9184],[13.2817,53.9063],[13.2954,53.9188],[13.3143,53.9205],[13.3184,53.9288],[13.334,53.9379],[13.3171,53.9513],[13.3118,53.9571]]]},"properties":{"AGS":"13075009","GEN":"Bentzin","SN_L":"13"}},
{"type":"Feature","geometry":{"type":"Polygon","coordinates":[[[13.3376,53.8491],[13.3155,53.8595],[13.3046,53.8595],[13.283,53.855],[13.2705,53.848],[13.2871,53.8402],[13.2763,53.834],[13.2697,53.8188],[13.2809,53.8108],[13.3006,53.8108],[13.3026,53.8238],[13.316,53.8315],[13.333,53.8341],[13.3376,53.8491]]]},"properties":{"AGS":"13075023","GEN":"Daberkow","SN_L":"13"}},
{"type":"Feature","geometry":{"type":"Polygon","coordinates":[[[13.403,53.9102],[13.3838,53.9096],[13.3639,53.9233],[13.343,53.9286],[13.334,53.9379],[13.3184,53.9288],[13.3143,53.9205],[13.2954,53.9188],[13.2817,53.9063],[13.3064,53.9029],[13.2741,53.8748],[13.2649,53.858],[13.283,53.855],[13.3046,53.8595],[13.3059,53.8718],[13.3211,53.8946],[13.3501,53.8965],[13.3733,53.8902],[13.3778,53.8939],[13.4061,53.8926],[13.403,53.9102]]]},"properties":{"AGS":"13075054","GEN":"Jarmen","SN_L":"13"}},
{"type":"Feature","geometry":{"type":"Polygon","coordinates":[[[13.2817,53.9063],[13.2531,53.9184],[13.2199,53.909],[13.2054,53.9173],[13.21,53.9048],[13.1979,53.9014],[13.2002,53.889],[13.1924,53.8704],[13.1784,53.8619],[13.1928,53.8492],[13.2181,53.8599],[13.2649,53.858],[13.2741,53.8748],[13.3064,53.9029],[13.2817,53.9063]]]},"properties":{"AGS":"13075070","GEN":"Kruckow","SN_L":"13"}},
{"type":"Feature","geometry":{"type":"Polygon","coordinates":[[[13.2054,53.9173],[13.2199,53.909],[13.2531,53.9184],[13.2214,53.9339],[13.1987,53.9328],[13.1932,53.9313],[13.2054,53.9173]]]},"properties":{"AGS":"13075134","GEN":"Tutow","SN_L":"13"}},
{"type":"Feature","geometry":{"type":"Polygon","coordinates":[[[13.3733,53.8902],[13.3501,53.8965],[13.3211,53.8946],[13.3059,53.8718],[13.3046,53.8595],[13.3155,53.8595],[13.3376,53.8491],[13.3652,53.8434],[13.3722,53.8485],[13.3655,53.8624],[13.3904,53.8688],[13.3728,53.8831],[13.3733,53.8902]]]},"properties":{"AGS":"13075140","GEN":"Völschow","SN_L":"13"}},
{"type":"Feature","geometry":{"type":"Polygon","coordinates":[[[13.4219,54.0277],[13.3982,54.0308],[13.3657,54.0283],[13.3733,54.013],[13.3512,53.9849],[13.3815,53.978],[13.3978,53.9652],[13.409,53.9665],[13.4132,53.9825],[13.4301,53.9931],[13.4343,54.004],[13.4199,54.0148],[13.4219,54.0277]]]},"properties":{"AGS":"13075008","GEN":"Behrenhoff","SN_L":"13"}},
{"type":"Feature","geometry":{"type":"Polygon","coordinates":[[[13.3417,54.0299],[13.3151,54.0347],[13.3149,54.0235],[13.3067,54.0059],[13.3197,54.0043],[13.3423,53.9849],[13.3512,53.9849],[13.3733,54.013],[13.3657,54.0283],[13.3417,54.0299]]]},"properties":{"AGS":"13075025","GEN":"Dargelin","SN_L":"13"}},
{"type":"Feature","geometry":{"type":"Polygon","coordinates":[[[13.2778,54.0635],[13.2484,54.0678],[13.2334,54.0562],[13.2392,54.0388],[13.2573,54.03],[13.2775,54.0322],[13.2914,54.0077],[13.3067,54.0059],[13.3149,54.0235],[13.3151,54.0347],[13.3417,54.0299],[13.3546,54.0482],[13.3456,54.0537],[13.325,54.0507],[13.291,54.0594],[13.2778,54.0635]]]},"properties":{"AGS":"13075027","GEN":"Dersekow","SN_L":"13"}},
{"type":"Feature","geometry":{"type":"Polygon","coordinates":[[[13.3609,54.0613],[13.3518,54.0771],[13.3194,54.0848],[13.3193,54.0741],[13.3084,54.0627],[13.291,54.0594],[13.325,54.0507],[13.3456,54.0537],[13.3609,54.0613]]]},"properties":{"AGS":"13075050","GEN":"Hinrichshagen","SN_L":"13"}},
{"type":"Feature","geometry":{"type":"Polygon","coordinates":[[[13.3217,54.0919],[13.2982,54.0952],[13.2822,54.1061],[13.2682,54.1049],[13.2505,54.0963],[13.2618,54.0814],[13.2889,54.0729],[13.2778,54.0635],[13.291,54.0594],[13.3084,54.0627],[13.3193,54.0741],[13.3194,54.0848],[13.3217,54.0919]]]},"properties":{"AGS":"13075076","GEN":"Levenhagen","SN_L":"13"}},
{"type":"Feature","geometry":{"type":"Polygon","coordinates":[[[13.3329,54.1829],[13.3194,54.1935],[13.298,54.1784],[13.2876,54.1601],[13.2906,54.1338],[13.333,54.1417],[13.3709,54.1472],[13.3802,54.1518],[13.4073,54.1623],[13.3998,54.1696],[13.379,54.1771],[13.3433,54.1655],[13.3364,54.1767],[13.3329,54.1829]]]},"properties":{"AGS":"13075091","GEN":"Mesekenhagen","SN_L":"13"}},
{"type":"Feature","geometry":{"type":"Polygon","coordinates":[[[13.4394,54.1214],[13.426,54.1395],[13.4121,54.1463],[13.4111,54.1555],[13.4018,54.1477],[13.3833,54.1432],[13.3802,54.1518],[13.3709,54.1472],[13.333,54.1417],[13.3519,54.1309],[13.3466,54.1237],[13.3638,54.1067],[13.3936,54.1074],[13.4072,54.1198],[13.4394,54.1214]]]},"properties":{"AGS":"13075102","GEN":"Neuenkirchen","SN_L":"13"}},
{"type":"Feature","geometry":{"type":"Polygon","coordinates":[[[13.3638,54.1067],[13.3466,54.1237],[13.3519,54.1309],[13.333,54.1417],[13.2906,54.1338],[13.2521,54.1286],[13.2372,54.1207],[13.2165,54.1179],[13.2263,54.1048],[13.2505,54.0963],[13.2682,54.1049],[13.2822,54.1061],[13.2982,54.0952],[13.3217,54.0919],[13.3638,54.1067]]]},"properties":{"AGS":"13075141","GEN":"Wackerow","SN_L":"13"}},
{"type":"Feature","geometry":{"type":"Polygon","coordinates":[[[13.5018,54.0658],[13.4905,54.0541],[13.4793,54.062],[13.4405,54.0564],[13.4094,54.0699],[13.4019,54.0603],[13.3609,54.0613],[13.3456,54.0537],[13.3546,54.0482],[13.3417,54.0299],[13.3657,54.0283],[13.3982,54.0308],[13.4219,54.0277],[13.434,54.0415],[13.4689,54.0304],[13.5015,54.0388],[13.5079,54.0213],[13.5234,54.0257],[13.5126,54.0333],[13.5175,54.0421],[13.5391,54.051],[13.5018,54.0658]]]},"properties":{"AGS":"13075142","GEN":"Weitenhagen","SN_L":"13"}},
{"type":"Feature","geometry":{"type":"Polygon","coordinates":[[[14.2247,53.4342],[14.1815,53.4567],[14.1763,53.4655],[14.1676,53.4631],[14.1131,53.4602],[14.1127,53.4466],[14.1218,53.4417],[14.1368,53.441],[14.171,53.4248],[14.204,53.4235],[14.2247,53.4342]]]},"properties":{"AGS":"13075011","GEN":"Bergholz","SN_L":"13"}},
{"type":"Feature","geometry":{"type":"Polygon","coordinates":[[[14.3121,53.5746],[14.2821,53.5789],[14.269,53.5761],[14.2576,53.5767],[14.263,53.5447],[14.2619,53.5328],[14.2937,53.5209],[14.2813,53.5082],[14.2703,53.4911],[14.3066,53.4806],[14.3537,53.4841],[14.3506,53.496],[14.3269,53.5038],[14.3157,53.5251],[14.3159,53.5369],[14.3026,53.5534],[14.314,53.5652],[14.3121,53.5746]]]},"properties":{"AGS":"13075012","GEN":"Blankensee","SN_L":"13"}},
{"type":"Feature","geometry":{"type":"Polygon","coordinates":[[[14.2813,53.5082],[14.2478,53.5146],[14.2118,53.4817],[14.2383,53.4705],[14.2559,53.4732],[14.2703,53.4911],[14.2813,53.5082]]]},"properties":{"AGS":"13075016","GEN":"Boock","SN_L":"13"}},
{"type":"Feature","geometry":{"type":"Polygon","coordinates":[[[14.2778,53.4027],[14.271,53.3984],[14.2433,53.3988],[14.2329,53.3715],[14.2491,53.3701],[14.2594,53.3625],[14.2869,53.3582],[14.3053,53.3805],[14.2778,53.4027]]]},"properties":{"AGS":"13075035","GEN":"Glasow","SN_L":"13"}},
{"type":"Feature","geometry":{"type":"Polygon","coordinates":[[[14.3903,53.3537],[14.3953,53.3694],[14.3892,53.3878],[14.3733,53.409],[14.3691,53.4339],[14.3351,53.4317],[14.3196,53.4279],[14.3232,53.4126],[14.3065,53.408],[14.3,53.3963],[14.2778,53.4027],[14.3053,53.3805],[14.3378,53.3906],[14.3404,53.3749],[14.3539,53.3692],[14.3547,53.3501],[14.3568,53.3456],[14.3903,53.3537]]]},"properties":{"AGS":"13075038","GEN":"Grambow","SN_L":"13"}},
{"type":"Feature","geometry":{"type":"Polygon","coordinates":[[[14.3547,53.3501],[14.3539,53.3692],[14.3404,53.3749],[14.3378,53.3906],[14.3053,53.3805],[14.2869,53.3582],[14.2594,53.3625],[14.2491,53.3701],[14.2329,53.3715],[14.2234,53.3586],[14.2034,53.341],[14.214,53.3333],[14.2371,53.3292],[14.2573,53.3153],[14.309,53.3223],[14.306,53.3338],[14.3385,53.3404],[14.3384,53.3499],[14.3547,53.3501]]]},"properties":{"AGS":"13075067","GEN":"Krackow","SN_L":"13"}},
{"type":"Feature","geometry":{"type":"Polygon","coordinates":[[[14.2118,53.4817],[14.1912,53.4979],[14.1644,53.4986],[14.1637,53.4889],[14.1763,53.4655],[14.1815,53.4567],[14.2247,53.4342],[14.2448,53.4374],[14.2593,53.4315],[14.2625,53.4458],[14.2485,53.4426],[14.2447,53.4589],[14.2559,53.4732],[14.2383,53.4705],[14.2118,53.4817]]]},"properties":{"AGS":"13075079","GEN":"Löcknitz","SN_L":"13"}},
{"type":"Feature","geometry":{"type":"Polygon","coordinates":[[[14.4124,53.3296],[14.4055,53.3471],[14.3903,53.3537],[14.3568,53.3456],[14.3547,53.3501],[14.3384,53.3499],[14.3385,53.3404],[14.306,53.3338],[14.309,53.3223],[14.3166,53.3123],[14.3487,53.31],[14.3766,53.3163],[14.3811,53.3235],[14.4124,53.3296]]]},"properties":{"AGS":"13075095","GEN":"Nadrensee","SN_L":"13"}},
{"type":"Feature","geometry":{"type":"Polygon","coordinates":[[[14.309,53.3223],[14.2573,53.3153],[14.2371,53.3292],[14.214,53.3333],[14.2034,53.341],[14.1747,53.322],[14.1429,53.3046],[14.1141,53.2859],[14.0988,53.2617],[14.1248,53.2602],[14.1602,53.2678],[14.176,53.2621],[14.2002,53.2618],[14.2111,53.2548],[14.266,53.2596],[14.2622,53.2766],[14.2935,53.2839],[14.309,53.2977],[14.3166,53.3123],[14.309,53.3223]]]},"properties":{"AGS":"13075107","GEN":"Penkun","SN_L":"13"}},
{"type":"Feature","geometry":{"type":"Polygon","coordinates":[[[14.2703,53.4911],[14.2559,53.4732],[14.2447,53.4589],[14.2485,53.4426],[14.2625,53.4458],[14.2944,53.4473],[14.306,53.4708],[14.3066,53.4806],[14.2703,53.4911]]]},"properties":{"AGS":"13075108","GEN":"Plöwen","SN_L":"13"}},
{"type":"Feature","geometry":{"type":"Polygon","coordinates":[[[14.3537,53.4841],[14.3066,53.4806],[14.306,53.4708],[14.2944,53.4473],[14.2625,53.4458],[14.2593,53.4315],[14.2448,53.4374],[14.2247,53.4342],[14.2417,53.4221],[14.2374,53.4147],[14.2433,53.3988],[14.271,53.3984],[14.2778,53.4027],[14.3,53.3963],[14.3065,53.408],[14.3232,53.4126],[14.3196,53.4279],[14.3351,53.4317],[14.3691,53.4339],[14.3713,53.4564],[14.358,53.4573],[14.3537,53.4841]]]},"properties":{"AGS":"13075113","GEN":"Ramin","SN_L":"13"}},
{"type":"Feature","geometry":{"type":"Polygon","coordinates":[[[14.1763,53.4655],[14.1637,53.4889],[14.1644,53.4986],[14.1652,53.512],[14.1173,53.5018],[14.1142,53.4779],[14.0833,53.4806],[14.065,53.4686],[14.0891,53.4515],[14.1131,53.4602],[14.1676,53.4631],[14.1763,53.4655]]]},"properties":{"AGS":"13075117","GEN":"Rossow","SN_L":"13"}},
{"type":"Feature","geometry":{"type":"Polygon","coordinates":[[[14.269,53.5761],[14.26,53.5887],[14.246,53.5933],[14.2201,53.5887],[14.1806,53.5907],[14.1678,53.5838],[14.1932,53.5758],[14.1951,53.5675],[14.1792,53.5634],[14.2064,53.5461],[14.1769,53.5409],[14.1845,53.533],[14.1661,53.5142],[14.1652,53.512],[14.1644,53.4986],[14.1912,53.4979],[14.2118,53.4817],[14.2478,53.5146],[14.2813,53.5082],[14.2937,53.5209],[14.2619,53.5328],[14.263,53.5447],[14.2576,53.5767],[14.269,53.5761]]]},"properties":{"AGS":"13075119","GEN":"Rothenklempenow","SN_L":"13"}},
{"type":"Feature","geometry":{"type":"Polygon","coordinates":[[[13.598,54.1174],[13.5792,54.1322],[13.576,54.1318],[13.5724,54.1318],[13.5509,54.1302],[13.5586,54.1124],[13.5385,54.0992],[13.558,54.0799],[13.5853,54.0811],[13.5891,54.0822],[13.5914,54.0953],[13.6109,54.1099],[13.598,54.1174]]]},"properties":{"AGS":"13075018","GEN":"Brünzow","SN_L":"13"}},
{"type":"Feature","geometry":{"type":"Polygon","coordinates":[[[13.5807,54.0568],[13.5613,54.0639],[13.5448,54.0598],[13.5391,54.051],[13.5175,54.0421],[13.5126,54.0333],[13.5234,54.036],[13.5507,54.0251],[13.5704,54.0386],[13.5807,54.0568]]]},"properties":{"AGS":"13075046","GEN":"Hanshagen","SN_L":"13"}},
{"type":"Feature","geometry":{"type":"Polygon","coordinates":[[[13.7097,54.0672],[13.7242,54.0691],[13.7058,54.0875],[13.6771,54.0856],[13.6592,54.0583],[13.6353,54.0616],[13.6111,54.0461],[13.6239,54.0391],[13.6115,54.0298],[13.6237,54.0185],[13.6485,54.0139],[13.654,54.0189],[13.6576,54.0369],[13.6952,54.0424],[13.7097,54.0672]]]},"properties":{"AGS":"13075059","GEN":"Katzow","SN_L":"13"}},
{"type":"Feature","geometry":{"type":"Polygon","coordinates":[[[13.5853,54.0811],[13.558,54.0799],[13.5385,54.0992],[13.4943,54.0946],[13.5007,54.088],[13.5018,54.0658],[13.5391,54.051],[13.5448,54.0598],[13.5613,54.0639],[13.5807,54.0568],[13.5853,54.0811]]]},"properties":{"AGS":"13075060","GEN":"Kemnitz","SN_L":"13"}},
{"type":"Feature","geometry":{"type":"MultiPolygon","coordinates":[[[[13.79,54.1088],[13.7637,54.127],[13.7783,54.1099],[13.79,54.1088]]],[[[13.6976,54.1583],[13.6791,54.1616],[13.6619,54.1511],[13.6728,54.1464],[13.6919,54.1406],[13.7157,54.1408],[13.7307,54.1199],[13.7281,54.1131],[13.7467,54.1008],[13.75,54.0878],[13.7869,54.0932],[13.7958,54.09],[13.8035,54.0961],[13.7917,54.1074],[13.7751,54.11],[13.7625,54.1277],[13.7481,54.1398],[13.7317,54.1368],[13.7307,54.1379],[13.6965,54.1508],[13.6976,54.1583]]]]},"properties":{"AGS":"13075069","GEN":"Kröslin","SN_L":"13"}},
{"type":"Feature","geometry":{"type":"Polygon","coordinates":[[[13.5509,54.1302],[13.5296,54.1311],[13.4926,54.1252],[13.4777,54.1192],[13.4943,54.0946],[13.5385,54.0992],[13.5586,54.1124],[13.5509,54.1302]]]},"properties":{"AGS":"13075081","GEN":"Loissin","SN_L":"13"}},
{"type":"Feature","geometry":{"type":"Polygon","coordinates":[[[13.6976,54.1583],[13.7181,54.164],[13.6967,54.1719],[13.653,54.1537],[13.6457,54.1508],[13.6279,54.1409],[13.5792,54.1322],[13.598,54.1174],[13.6085,54.1278],[13.6229,54.1222],[13.647,54.1219],[13.6728,54.1464],[13.6619,54.1511],[13.6791,54.1616],[13.6976,54.1583]]]},"properties":{"AGS":"13075083","GEN":"Lubmin","SN_L":"13"}},
{"type":"Feature","geometry":{"type":"Polygon","coordinates":[[[13.6115,54.0298],[13.6239,54.0391],[13.6111,54.0461],[13.6353,54.0616],[13.6592,54.0583],[13.6771,54.0856],[13.6707,54.0866],[13.6609,54.0874],[13.5891,54.0822],[13.5853,54.0811],[13.5807,54.0568],[13.5704,54.0386],[13.5859,54.0313],[13.6115,54.0298]]]},"properties":{"AGS":"13075097","GEN":"Neu Boltenhagen","SN_L":"13"}},
{"type":"Feature","geometry":{"type":"Polygon","coordinates":[[[13.7958,54.09],[13.7869,54.0932],[13.75,54.0878],[13.7467,54.1008],[13.7281,54.1131],[13.7307,54.1199],[13.7157,54.1408],[13.6919,54.1406],[13.6728,54.1464],[13.647,54.1219],[13.674,54.1038],[13.6707,54.0866],[13.6771,54.0856],[13.7058,54.0875],[13.7242,54.0691],[13.7097,54.0672],[13.7184,54.0658],[13.7497,54.073],[13.781,54.0854],[13.7935,54.0843],[13.7958,54.09]]]},"properties":{"AGS":"13075120","GEN":"Rubenow","SN_L":"13"}},
{"type":"Feature","geometry":{"type":"Polygon","coordinates":[[[13.647,54.1219],[13.6229,54.1222],[13.6085,54.1278],[13.598,54.1174],[13.6109,54.1099],[13.5914,54.0953],[13.5891,54.0822],[13.6609,54.0874],[13.6707,54.0866],[13.674,54.1038],[13.647,54.1219]]]},"properties":{"AGS":"13075146","GEN":"Wusterhusen","SN_L":"13"}},
{"type":"Feature","geometry":{"type":"Polygon","coordinates":[[[13.3423,53.9849],[13.3197,54.0043],[13.3067,54.0059],[13.2914,54.0077],[13.2775,54.0322],[13.2573,54.03],[13.2606,54.0229],[13.2515,54.0018],[13.2242,53.9971],[13.2323,53.9632],[13.2542,53.9648],[13.2737,53.9741],[13.2889,53.972],[13.3118,53.9571],[13.3353,53.9609],[13.3423,53.9849]]]},"properties":{"AGS":"13075036","GEN":"Görmin","SN_L":"13"}},
{"type":"Feature","geometry":{"type":"Polygon","coordinates":[[[13.1529,54.0217],[13.1083,54.031],[13.0877,54.0375],[13.0786,54.0318],[13.0426,54.0258],[13.0227,54.0136],[12.9966,54.0168],[12.9869,54.0038],[13.0154,53.9931],[12.9966,53.9861],[13.0121,53.9793],[13.0292,53.9795],[13.0558,53.9669],[13.0643,53.9545],[13.0893,53.9459],[13.1074,53.947],[13.1331,53.9318],[13.1546,53.9441],[13.1932,53.9313],[13.1987,53.9328],[13.1985,53.9627],[13.1705,53.9585],[13.1705,53.9698],[13.1513,53.98],[13.1756,54.0033],[13.1577,54.0076],[13.1529,54.0217]]]},"properties":{"AGS":"13075082","GEN":"Loitz","SN_L":"13"}},
{"type":"Feature","geometry":{"type":"Polygon","coordinates":[[[13.2573,54.03],[13.2392,54.0388],[13.2334,54.0562],[13.213,54.0449],[13.2046,54.0344],[13.1544,54.0279],[13.1529,54.0217],[13.1577,54.0076],[13.1756,54.0033],[13.1513,53.98],[13.1705,53.9698],[13.1705,53.9585],[13.1985,53.9627],[13.2136,53.9574],[13.2323,53.9632],[13.2242,53.9971],[13.2515,54.0018],[13.2606,54.0229],[13.2573,54.03]]]},"properties":{"AGS":"13075123","GEN":"Sassen-Trantow","SN_L":"13"}},
{"type":"Feature","geometry":{"type":"Polygon","coordinates":[[[13.8353,53.7181],[13.8264,53.7182],[13.7988,53.7293],[13.7877,53.7217],[13.7634,53.7192],[13.7386,53.7007],[13.7342,53.693],[13.7559,53.6858],[13.796,53.6851],[13.8273,53.6822],[13.8472,53.6753],[13.857,53.6849],[13.8577,53.7009],[13.8353,53.7181]]]},"properties":{"AGS":"13075004","GEN":"Altwigshagen","SN_L":"13"}},
{"type":"Feature","geometry":{"type":"Polygon","coordinates":[[[13.9487,53.7183],[13.9305,53.711],[13.9167,53.715],[13.9114,53.703],[13.8814,53.7016],[13.8867,53.6761],[13.8698,53.6687],[13.8472,53.6753],[13.8273,53.6822],[13.796,53.6851],[13.7818,53.6793],[13.8159,53.6532],[13.8401,53.6636],[13.8532,53.6514],[13.9006,53.6456],[13.9122,53.6524],[13.9523,53.648],[13.9626,53.6411],[13.9898,53.6468],[13.9864,53.6535],[13.9737,53.6739],[13.9523,53.6896],[13.9132,53.6984],[13.9177,53.7039],[13.9407,53.7101],[13.9487,53.7183]]]},"properties":{"AGS":"13075033","GEN":"Ferdinandshof","SN_L":"13"}},
{"type":"Feature","geometry":{"type":"Polygon","coordinates":[[[14.0051,53.5983],[13.9712,53.6149],[13.9414,53.6038],[13.9414,53.6004],[13.9728,53.5697],[14.0015,53.5596],[14.0115,53.5716],[14.0261,53.571],[14.0384,53.5885],[14.0321,53.5976],[14.0173,53.5953],[14.0051,53.5983]]]},"properties":{"AGS":"13075045","GEN":"Hammer a.d.Uecker","SN_L":"13"}},
{"type":"Feature","geometry":{"type":"Polygon","coordinates":[[[13.8051,53.6243],[13.7885,53.6382],[13.7759,53.6432],[13.7283,53.6395],[13.7436,53.6274],[13.7673,53.6155],[13.7765,53.5985],[13.785,53.5959],[13.8058,53.6152],[13.8051,53.6243]]]},"properties":{"AGS":"13075048","GEN":"Heinrichswalde","SN_L":"13"}},
{"type":"Feature","geometry":{"type":"Polygon","coordinates":[[[13.8971,53.6055],[13.8859,53.5976],[13.8629,53.5974],[13.8619,53.628],[13.8203,53.6277],[13.8051,53.6243],[13.8058,53.6152],[13.785,53.5959],[13.8035,53.5961],[13.8192,53.5877],[13.8044,53.573],[13.7881,53.5656],[13.7997,53.5587],[13.8054,53.5676],[13.8402,53.5732],[13.8686,53.5806],[13.8952,53.571],[13.8971,53.6055]]]},"properties":{"AGS":"13075118","GEN":"Rothemühl","SN_L":"13"}},
{"type":"Feature","geometry":{"type":"Polygon","coordinates":[[[14.062,53.6945],[14.0507,53.6955],[14.0313,53.6779],[14.0303,53.6621],[13.9864,53.6535],[13.9898,53.6468],[13.9626,53.6411],[13.9523,53.648],[13.9122,53.6524],[13.9006,53.6456],[13.89,53.6308],[13.8959,53.6201],[13.9131,53.6166],[13.9338,53.618],[13.9414,53.6038],[13.9712,53.6149],[14.0051,53.5983],[14.0237,53.5965],[14.0354,53.602],[14.0478,53.589],[14.067,53.5885],[14.1144,53.6078],[14.0695,53.6337],[14.0604,53.6445],[14.0699,53.6516],[14.0431,53.6584],[14.0504,53.6684],[14.047,53.6804],[14.0632,53.6847],[14.062,53.6945]]]},"properties":{"AGS":"13075131","GEN":"Torgelow","SN_L":"13"}},
{"type":"Feature","geometry":{"type":"Polygon","coordinates":[[[13.9006,53.6456],[13.8532,53.6514],[13.8401,53.6636],[13.8159,53.6532],[13.7818,53.6793],[13.7614,53.6786],[13.7509,53.6723],[13.723,53.6684],[13.6943,53.651],[13.7283,53.6395],[13.7759,53.6432],[13.7885,53.6382],[13.8051,53.6243],[13.8203,53.6277],[13.8619,53.628],[13.8629,53.5974],[13.8859,53.5976],[13.8971,53.6055],[13.8959,53.6201],[13.89,53.6308],[13.9006,53.6456]]]},"properties":{"AGS":"13075143","GEN":"Wilhelmsburg","SN_L":"13"}},
{"type":"Feature","geometry":{"type":"Polygon","coordinates":[[[13.9373,53.478],[13.884,53.5012],[13.8787,53.5024],[13.8741,53.494],[13.8846,53.4853],[13.8756,53.4735],[13.9182,53.456],[13.9206,53.4659],[13.9373,53.478]]]},"properties":{"AGS":"13075017","GEN":"Brietzig","SN_L":"13"}},
{"type":"Feature","geometry":{"type":"Polygon","coordinates":[[[14.065,53.4686],[14.0378,53.4764],[14.0202,53.4679],[14.0336,53.4527],[14.0443,53.4475],[14.0456,53.4294],[14.0506,53.414],[14.0823,53.4156],[14.1054,53.4224],[14.1218,53.4417],[14.1127,53.4466],[14.1131,53.4602],[14.0891,53.4515],[14.065,53.4686]]]},"properties":{"AGS":"13075032","GEN":"Fahrenwalde","SN_L":"13"}},
{"type":"Feature","geometry":{"type":"Polygon","coordinates":[[[13.8484,53.5143],[13.8573,53.5254],[13.8469,53.539],[13.8018,53.5557],[13.7982,53.5464],[13.8239,53.5211],[13.8484,53.5143]]]},"properties":{"AGS":"13075042","GEN":"Groß Luckow","SN_L":"13"}},
{"type":"Feature","geometry":{"type":"Polygon","coordinates":[[[13.9414,53.6038],[13.9338,53.618],[13.9131,53.6166],[13.8959,53.6201],[13.8971,53.6055],[13.8952,53.571],[13.8686,53.5806],[13.8402,53.5732],[13.8054,53.5676],[13.7997,53.5587],[13.8018,53.5557],[13.8469,53.539],[13.8573,53.5254],[13.8484,53.5143],[13.8793,53.5041],[13.8977,53.533],[13.8826,53.5418],[13.9189,53.5618],[13.9424,53.5595],[13.9491,53.5381],[13.9723,53.5365],[14.0011,53.5556],[14.0015,53.5596],[13.9728,53.5697],[13.9414,53.6004],[13.9414,53.6038]]]},"properties":{"AGS":"13075055","GEN":"Jatznick","SN_L":"13"}},
{"type":"Feature","geometry":{"type":"Polygon","coordinates":[[[14.1769,53.5409],[14.1631,53.5597],[14.1249,53.5624],[14.0952,53.553],[14.0973,53.5414],[14.0966,53.5287],[14.1104,53.5199],[14.141,53.5085],[14.1661,53.5142],[14.1845,53.533],[14.1769,53.5409]]]},"properties":{"AGS":"13075063","GEN":"Koblentz","SN_L":"13"}},
{"type":"Feature","geometry":{"type":"Polygon","coordinates":[[[14.0973,53.5414],[14.0749,53.5513],[14.066,53.541],[14.0546,53.5402],[14.0619,53.5266],[14.0775,53.5168],[14.0801,53.516],[14.0963,53.5149],[14.1104,53.5199],[14.0966,53.5287],[14.0973,53.5414]]]},"properties":{"AGS":"13075071","GEN":"Krugsdorf","SN_L":"13"}},
{"type":"Feature","geometry":{"type":"Polygon","coordinates":[[[13.9431,53.4299],[13.9491,53.4466],[13.918,53.4525],[13.9121,53.4384],[13.9029,53.432],[13.9181,53.4218],[13.9431,53.4299]]]},"properties":{"AGS":"13075103","GEN":"Nieden","SN_L":"13"}},
{"type":"Feature","geometry":{"type":"Polygon","coordinates":[[[13.953,53.4909],[13.9746,53.4992],[13.9363,53.5055],[13.894,53.5137],[13.884,53.5012],[13.9373,53.478],[13.953,53.4909]]]},"properties":{"AGS":"13075104","GEN":"Papendorf","SN_L":"13"}},
{"type":"Feature","geometry":{"type":"Polygon","coordinates":[[[14.0833,53.4806],[14.0686,53.489],[14.0801,53.516],[14.0775,53.5168],[14.0394,53.4928],[14.0378,53.4764],[14.065,53.4686],[14.0833,53.4806]]]},"properties":{"AGS":"13075109","GEN":"Polzow","SN_L":"13"}},
{"type":"Feature","geometry":{"type":"Polygon","coordinates":[[[14.0202,53.4679],[13.9721,53.4805],[13.953,53.4909],[13.9373,53.478],[13.9206,53.4659],[13.9182,53.456],[13.918,53.4525],[13.9491,53.4466],[13.9431,53.4299],[13.9621,53.4299],[14.0012,53.435],[14.0066,53.4304],[14.0456,53.4294],[14.0443,53.4475],[14.0336,53.4527],[14.0202,53.4679]]]},"properties":{"AGS":"13075115","GEN":"Rollwitz","SN_L":"13"}},
{"type":"Feature","geometry":{"type":"Polygon","coordinates":[[[13.9491,53.5381],[13.9424,53.5595],[13.9189,53.5618],[13.8826,53.5418],[13.8977,53.533],[13.8793,53.5041],[13.8787,53.5024],[13.884,53.5012],[13.894,53.5137],[13.9363,53.5055],[13.9491,53.5381]]]},"properties":{"AGS":"13075126","GEN":"Schönwalde","SN_L":"13"}},
{"type":"Feature","geometry":{"type":"Polygon","coordinates":[[[14.1776,53.5981],[14.1455,53.5962],[14.1191,53.5992],[14.1144,53.6078],[14.067,53.5885],[14.0478,53.589],[14.0354,53.602],[14.0237,53.5965],[14.0051,53.5983],[14.0173,53.5953],[14.0321,53.5976],[14.0384,53.5885],[14.0261,53.571],[14.0115,53.5716],[14.0015,53.5596],[14.0011,53.5556],[14.033,53.5528],[14.0546,53.5402],[14.066,53.541],[14.0749,53.5513],[14.0973,53.5414],[14.0952,53.553],[14.1249,53.5624],[14.1631,53.5597],[14.1769,53.5409],[14.2064,53.5461],[14.1792,53.5634],[14.1951,53.5675],[14.1932,53.5758],[14.1678,53.5838],[14.1806,53.5907],[14.1776,53.5981]]]},"properties":{"AGS":"13075138","GEN":"Viereck","SN_L":"13"}},
{"type":"Feature","geometry":{"type":"Polygon","coordinates":[[[14.1661,53.5142],[14.141,53.5085],[14.1104,53.5199],[14.0963,53.5149],[14.0801,53.516],[14.0686,53.489],[14.0833,53.4806],[14.1142,53.4779],[14.1173,53.5018],[14.1652,53.512],[14.1661,53.5142]]]},"properties":{"AGS":"13075149","GEN":"Zerrenthin","SN_L":"13"}},
{"type":"Feature","geometry":{"type":"Polygon","coordinates":[[[13.8362,54.1016],[13.8473,54.1015],[13.8553,54.1129],[13.8391,54.1261],[13.8073,54.1085],[13.8077,54.1078],[13.8126,54.1088],[13.8128,54.1074],[13.8088,54.1073],[13.8123,54.0996],[13.8362,54.1016]]]},"properties":{"AGS":"13075058","GEN":"Karlshagen","SN_L":"13"}},
{"type":"Feature","geometry":{"type":"Polygon","coordinates":[[[13.8751,54.0802],[13.8625,54.0775],[13.8513,54.0975],[13.8362,54.1016],[13.8123,54.0996],[13.8083,54.0812],[13.7974,54.0636],[13.826,54.0602],[13.8747,54.0642],[13.8741,54.07],[13.8751,54.0802]]]},"properties":{"AGS":"13075092","GEN":"Mölschow","SN_L":"13"}},
{"type":"Feature","geometry":{"type":"Polygon","coordinates":[[[13.8391,54.1261],[13.8296,54.1365],[13.8122,54.1696],[13.7953,54.1745],[13.7739,54.1724],[13.7561,54.1655],[13.751,54.1498],[13.7515,54.1491],[13.7555,54.1377],[13.7642,54.134],[13.7614,54.1372],[13.7644,54.1381],[13.7668,54.1346],[13.7925,54.1109],[13.8073,54.1085],[13.8391,54.1261]]]},"properties":{"AGS":"13075106","GEN":"Peenemünde","SN_L":"13"}},
{"type":"Feature","geometry":{"type":"Polygon","coordinates":[[[13.8992,54.0887],[13.8553,54.1129],[13.8473,54.1015],[13.8362,54.1016],[13.8513,54.0975],[13.8625,54.0775],[13.8751,54.0802],[13.8992,54.0887]]]},"properties":{"AGS":"13075133","GEN":"Trassenheide","SN_L":"13"}},
{"type":"Feature","geometry":{"type":"Polygon","coordinates":[[[13.9351,54.0755],[13.8992,54.0887],[13.8751,54.0802],[13.8741,54.07],[13.8853,54.058],[13.9057,54.0539],[13.9154,54.0585],[13.9249,54.0631],[13.9351,54.0755]]]},"properties":{"AGS":"13075151","GEN":"Zinnowitz","SN_L":"13"}},
{"type":"Feature","geometry":{"type":"Polygon","coordinates":[[[14.0356,53.9514],[14.0114,53.95],[14.0043,53.9591],[13.9848,53.9594],[13.9853,53.9519],[14.0101,53.9372],[14.0249,53.935],[14.0221,53.9253],[14.042,53.918],[14.094,53.9099],[14.1202,53.921],[14.1073,53.9294],[14.1076,53.9519],[14.0867,53.9504],[14.077,53.9456],[14.0625,53.9547],[14.0545,53.9449],[14.0356,53.9514]]]},"properties":{"AGS":"13075010","GEN":"Benz","SN_L":"13"}},
{"type":"Feature","geometry":{"type":"Polygon","coordinates":[[[14.094,53.9099],[14.042,53.918],[14.0339,53.9046],[14.0109,53.9087],[14.0061,53.9001],[14.0166,53.8976],[14.02,53.8835],[14.0384,53.8741],[14.0628,53.8695],[14.0847,53.8748],[14.0976,53.8712],[14.1336,53.8711],[14.1162,53.8828],[14.1038,53.8846],[14.1174,53.9072],[14.094,53.9099]]]},"properties":{"AGS":"13075026","GEN":"Dargen","SN_L":"13"}},
{"type":"Feature","geometry":{"type":"Polygon","coordinates":[[[14.2039,53.9066],[14.1962,53.9027],[14.1654,53.9017],[14.1551,53.8933],[14.1577,53.8843],[14.1511,53.8713],[14.188,53.8723],[14.1906,53.8834],[14.2133,53.8896],[14.2039,53.9066]]]},"properties":{"AGS":"13075034","GEN":"Garz","SN_L":"13"}},
{"type":"Feature","geometry":{"type":"Polygon","coordinates":[[[14.2113,53.8671],[14.2133,53.8896],[14.1906,53.8834],[14.188,53.8723],[14.2068,53.8658],[14.2087,53.8678],[14.2113,53.8671]]]},"properties":{"AGS":"13075056","GEN":"Kamminke","SN_L":"13"}},
{"type":"Feature","geometry":{"type":"Polygon","coordinates":[[[14.1906,53.9156],[14.1576,53.9329],[14.1426,53.9196],[14.1202,53.921],[14.094,53.9099],[14.1174,53.9072],[14.1461,53.9042],[14.1551,53.8933],[14.1654,53.9017],[14.1962,53.9027],[14.2039,53.9066],[14.1906,53.9156]]]},"properties":{"AGS":"13075065","GEN":"Korswandt","SN_L":"13"}},
{"type":"Feature","geometry":{"type":"Polygon","coordinates":[[[14.0257,54.0461],[14.0138,54.0548],[13.9721,54.0687],[13.9697,54.0629],[13.9983,54.0365],[14.0257,54.0461]]]},"properties":{"AGS":"13075066","GEN":"Koserow","SN_L":"13"}},
{"type":"Feature","geometry":{"type":"Polygon","coordinates":[[[14.0462,54.0319],[14.0257,54.0461],[13.9983,54.0365],[14.0044,54.0107],[14.028,54.0181],[14.0302,54.0269],[14.0462,54.0319]]]},"properties":{"AGS":"13075080","GEN":"Loddin","SN_L":"13"}},
{"type":"Feature","geometry":{"type":"Polygon","coordinates":[[[13.9848,53.9594],[13.964,53.9574],[13.9675,53.9495],[13.9596,53.934],[13.9621,53.9175],[13.984,53.9099],[13.9924,53.9],[14.0061,53.9001],[14.0109,53.9087],[14.0339,53.9046],[14.042,53.918],[14.0221,53.9253],[14.0249,53.935],[14.0101,53.9372],[13.9853,53.9519],[13.9848,53.9594]]]},"properties":{"AGS":"13075090","GEN":"Mellenthin","SN_L":"13"}},
{"type":"Feature","geometry":{"type":"Polygon","coordinates":[[[14.079,53.9815],[14.0697,53.9886],[14.0482,53.9834],[14.0438,53.9641],[14.0356,53.9514],[14.0545,53.9449],[14.0625,53.9547],[14.077,53.9456],[14.0867,53.9504],[14.105,53.9658],[14.0986,53.9778],[14.079,53.9815]]]},"properties":{"AGS":"13075111","GEN":"Pudagla","SN_L":"13"}},
{"type":"Feature","geometry":{"type":"Polygon","coordinates":[[[13.9596,53.934],[13.9513,53.945],[13.9502,53.9593],[13.9724,53.9707],[13.9642,53.9746],[13.965,53.9898],[13.9451,53.9946],[13.9111,53.9912],[13.9003,53.9832],[13.8966,53.9637],[13.9227,53.9506],[13.9322,53.9354],[13.932,53.9203],[13.9383,53.9138],[13.9243,53.891],[13.9644,53.8979],[13.984,53.9099],[13.9621,53.9175],[13.9596,53.934]]]},"properties":{"AGS":"13075114","GEN":"Rankwitz","SN_L":"13"}},
{"type":"Feature","geometry":{"type":"Polygon","coordinates":[[[14.0384,53.8741],[14.02,53.8835],[14.0166,53.8976],[14.0061,53.9001],[13.9924,53.9],[13.97,53.8854],[13.9751,53.8624],[13.9849,53.8496],[14.0077,53.8584],[14.0197,53.8693],[14.0384,53.8741]]]},"properties":{"AGS":"13075129","GEN":"Stolpe auf Usedom","SN_L":"13"}},
{"type":"Feature","geometry":{"type":"Polygon","coordinates":[[[14.1135,53.994],[14.0462,54.0319],[14.0302,54.0269],[14.028,54.0181],[14.0414,54.0087],[14.0414,53.9998],[14.0431,53.9996],[14.0482,53.9834],[14.0697,53.9886],[14.079,53.9815],[14.0885,53.9895],[14.1135,53.994]]]},"properties":{"AGS":"13075135","GEN":"Ückeritz","SN_L":"13"}},
{"type":"Feature","geometry":{"type":"Polygon","coordinates":[[[13.9849,53.8496],[13.9751,53.8624],[13.97,53.8854],[13.9924,53.9],[13.984,53.9099],[13.9644,53.8979],[13.9243,53.891],[13.904,53.8858],[13.8917,53.8766],[13.8755,53.8779],[13.859,53.8717],[13.8341,53.871],[13.8262,53.8497],[13.8466,53.851],[13.8633,53.8427],[13.8908,53.8399],[13.9135,53.8432],[13.9217,53.8509],[13.9283,53.8699],[13.9279,53.8727],[13.9315,53.8704],[13.9547,53.8613],[13.9506,53.8503],[13.9849,53.8496]]]},"properties":{"AGS":"13075137","GEN":"Usedom","SN_L":"13"}},
{"type":"Feature","geometry":{"type":"Polygon","coordinates":[[[13.9721,54.0687],[13.9351,54.0755],[13.9249,54.0631],[13.9514,54.059],[13.9697,54.0629],[13.9721,54.0687]]]},"properties":{"AGS":"13075148","GEN":"Zempin","SN_L":"13"}},
{"type":"Feature","geometry":{"type":"Polygon","coordinates":[[[14.1551,53.8933],[14.1461,53.9042],[14.1174,53.9072],[14.1038,53.8846],[14.1162,53.8828],[14.1336,53.8711],[14.1511,53.8713],[14.1577,53.8843],[14.1551,53.8933]]]},"properties":{"AGS":"13075152","GEN":"Zirchow","SN_L":"13"}},
{"type":"Feature","geometry":{"type":"Polygon","coordinates":[[[13.409,53.9665],[13.3978,53.9652],[13.3815,53.978],[13.3512,53.9849],[13.3423,53.9849],[13.3353,53.9609],[13.3118,53.9571],[13.3171,53.9513],[13.3557,53.9448],[13.3629,53.9507],[13.4129,53.9474],[13.4185,53.9583],[13.409,53.9665]]]},"properties":{"AGS":"13075006","GEN":"Bandelin","SN_L":"13"}},
{"type":"Feature","geometry":{"type":"Polygon","coordinates":[[[13.5021,53.9599],[13.4811,53.9617],[13.4666,53.9567],[13.4638,53.9436],[13.4751,53.9393],[13.4785,53.9256],[13.5046,53.931],[13.4991,53.948],[13.5021,53.9599]]]},"properties":{"AGS":"13075040","GEN":"Gribow","SN_L":"13"}},
{"type":"Feature","geometry":{"type":"Polygon","coordinates":[[[13.5234,54.0257],[13.5079,54.0213],[13.5015,54.0388],[13.4689,54.0304],[13.434,54.0415],[13.4219,54.0277],[13.4199,54.0148],[13.4343,54.004],[13.4301,53.9931],[13.468,53.9816],[13.4591,53.9695],[13.4666,53.9567],[13.4811,53.9617],[13.5021,53.9599],[13.5072,53.9728],[13.5032,53.9896],[13.5669,53.9972],[13.5791,54.0001],[13.5684,54.0134],[13.5411,54.0151],[13.5234,54.0257]]]},"properties":{"AGS":"13075041","GEN":"Groß Kiesow","SN_L":"13"}},
{"type":"Feature","geometry":{"type":"Polygon","coordinates":[[[13.6224,53.8946],[13.6358,53.9065],[13.6196,53.9122],[13.5978,53.9061],[13.5272,53.9114],[13.5224,53.9139],[13.498,53.9039],[13.4848,53.8894],[13.5025,53.8845],[13.5278,53.8823],[13.5996,53.8686],[13.6103,53.8707],[13.6102,53.8921],[13.6224,53.8946]]]},"properties":{"AGS":"13075043","GEN":"Groß Polzin","SN_L":"13"}},
{"type":"Feature","geometry":{"type":"Polygon","coordinates":[[[13.5046,53.931],[13.4785,53.9256],[13.4751,53.9393],[13.4638,53.9436],[13.4666,53.9567],[13.4591,53.9695],[13.468,53.9816],[13.4301,53.9931],[13.4132,53.9825],[13.409,53.9665],[13.4185,53.9583],[13.4129,53.9474],[13.3629,53.9507],[13.3557,53.9448],[13.3171,53.9513],[13.334,53.9379],[13.343,53.9286],[13.3639,53.9233],[13.3838,53.9096],[13.403,53.9102],[13.4312,53.9173],[13.4487,53.9152],[13.4674,53.9061],[13.4848,53.8894],[13.498,53.9039],[13.5224,53.9139],[13.5152,53.9298],[13.5046,53.931]]]},"properties":{"AGS":"13075044","GEN":"Gützkow","SN_L":"13"}},
{"type":"Feature","geometry":{"type":"Polygon","coordinates":[[[13.6784,53.905],[13.6795,53.9132],[13.693,53.9311],[13.6826,53.9395],[13.6755,53.9658],[13.6793,53.9707],[13.6718,53.9715],[13.6471,53.9596],[13.6406,53.9515],[13.6135,53.9438],[13.5832,53.953],[13.5811,53.9477],[13.5794,53.9347],[13.6062,53.9251],[13.5978,53.9061],[13.6196,53.9122],[13.6358,53.9065],[13.6224,53.8946],[13.6511,53.8936],[13.6686,53.9052],[13.6784,53.905]]]},"properties":{"AGS":"13075061","GEN":"Klein Bünzow","SN_L":"13"}},
{"type":"Feature","geometry":{"type":"Polygon","coordinates":[[[13.8213,53.9259],[13.7732,53.9354],[13.7821,53.923],[13.7619,53.9165],[13.7254,53.9228],[13.7089,53.9112],[13.7096,53.9005],[13.6913,53.8991],[13.6966,53.8907],[13.6866,53.8701],[13.7397,53.8759],[13.7775,53.8731],[13.7749,53.8602],[13.7939,53.8567],[13.8151,53.8627],[13.8247,53.8647],[13.8262,53.8776],[13.8075,53.8957],[13.8213,53.9259]]]},"properties":{"AGS":"13075094","GEN":"Murchin","SN_L":"13"}},
{"type":"Feature","geometry":{"type":"Polygon","coordinates":[[[13.7241,53.9668],[13.7082,53.9681],[13.6838,53.9774],[13.6793,53.9707],[13.6755,53.9658],[13.6826,53.9395],[13.693,53.9311],[13.6795,53.9132],[13.6784,53.905],[13.6913,53.8991],[13.7096,53.9005],[13.7089,53.9112],[13.7254,53.9228],[13.7619,53.9165],[13.7821,53.923],[13.7732,53.9354],[13.7622,53.9352],[13.7484,53.9464],[13.7589,53.9608],[13.7241,53.9668]]]},"properties":{"AGS":"13075121","GEN":"Rubkow","SN_L":"13"}},
{"type":"Feature","geometry":{"type":"Polygon","coordinates":[[[13.5978,53.9061],[13.6062,53.9251],[13.5794,53.9347],[13.5811,53.9477],[13.5488,53.9448],[13.5152,53.9298],[13.5224,53.9139],[13.5272,53.9114],[13.5978,53.9061]]]},"properties":{"AGS":"13075125","GEN":"Schmatzin","SN_L":"13"}},
{"type":"Feature","geometry":{"type":"Polygon","coordinates":[[[13.6115,54.0298],[13.5859,54.0313],[13.5704,54.0386],[13.5507,54.0251],[13.5234,54.036],[13.5126,54.0333],[13.5234,54.0257],[13.5411,54.0151],[13.5684,54.0134],[13.5791,54.0001],[13.5911,53.9981],[13.6142,54.0043],[13.6237,54.0185],[13.6115,54.0298]]]},"properties":{"AGS":"13075145","GEN":"Wrangelsburg","SN_L":"13"}},
{"type":"Feature","geometry":{"type":"Polygon","coordinates":[[[13.6866,53.8701],[13.6966,53.8907],[13.6913,53.8991],[13.6784,53.905],[13.6686,53.9052],[13.6511,53.8936],[13.6224,53.8946],[13.6102,53.8921],[13.6103,53.8707],[13.6222,53.868],[13.6331,53.8637],[13.6866,53.8701]]]},"properties":{"AGS":"13075150","GEN":"Ziethen","SN_L":"13"}},
{"type":"Feature","geometry":{"type":"Polygon","coordinates":[[[13.5669,53.9972],[13.5032,53.9896],[13.5072,53.9728],[13.5021,53.9599],[13.4991,53.948],[13.5046,53.931],[13.5152,53.9298],[13.5488,53.9448],[13.5811,53.9477],[13.5832,53.953],[13.5894,53.9641],[13.5845,53.9767],[13.5669,53.9972]]]},"properties":{"AGS":"13075154","GEN":"Züssow","SN_L":"13"}},
{"type":"Feature","geometry":{"type":"Polygon","coordinates":[[[13.654,54.0189],[13.6485,54.0139],[13.6237,54.0185],[13.6142,54.0043],[13.5911,53.9981],[13.5791,54.0001],[13.5669,53.9972],[13.5845,53.9767],[13.5894,53.9641],[13.5832,53.953],[13.6135,53.9438],[13.6406,53.9515],[13.6471,53.9596],[13.6718,53.9715],[13.6793,53.9707],[13.6838,53.9774],[13.6401,54.0057],[13.654,54.0189]]]},"properties":{"AGS":"13075156","GEN":"Karlsburg","SN_L":"13"}},
{"type":"Feature","geometry":{"type":"Polygon","coordinates":[[[10.7779,53.4056],[10.7555,53.4142],[10.7406,53.4125],[10.7387,53.4286],[10.7134,53.4266],[10.6959,53.4182],[10.6939,53.4104],[10.6783,53.4078],[10.6507,53.3688],[10.7053,53.3687],[10.7269,53.3578],[10.7436,53.3415],[10.7588,53.3403],[10.7631,53.3389],[10.7655,53.3507],[10.7823,53.366],[10.764,53.3737],[10.786,53.3855],[10.7713,53.3923],[10.7779,53.4056]]]},"properties":{"AGS":"13076014","GEN":"Boizenburg/Elbe","SN_L":"13"}},
{"type":"Feature","geometry":{"type":"Polygon","coordinates":[[[11.254,53.4791],[11.2152,53.4841],[11.2065,53.493],[11.1936,53.4879],[11.1759,53.4905],[11.1674,53.4761],[11.149,53.4753],[11.139,53.4685],[11.1216,53.4529],[11.1206,53.445],[11.1513,53.4298],[11.1652,53.4177],[11.195,53.3969],[11.1954,53.3826],[11.1943,53.38],[11.2248,53.3788],[11.2227,53.3968],[11.2329,53.4059],[11.2467,53.4065],[11.2483,53.4172],[11.2443,53.427],[11.2547,53.4609],[11.2804,53.473],[11.2656,53.4715],[11.254,53.4791]]]},"properties":{"AGS":"13076060","GEN":"Hagenow","SN_L":"13"}},
{"type":"Feature","geometry":{"type":"Polygon","coordinates":[[[11.1685,53.3542],[11.1449,53.3602],[11.1224,53.357],[11.1287,53.3466],[11.1013,53.3436],[11.0975,53.3477],[11.0588,53.3485],[11.0475,53.3458],[11.0146,53.3425],[11,53.3507],[10.988,53.3334],[11.0087,53.2991],[11.009,53.2821],[11.0272,53.2793],[11.0568,53.246],[11.0623,53.2355],[11.0859,53.2187],[11.1038,53.2312],[11.1244,53.2396],[11.1452,53.2386],[11.1429,53.2695],[11.1665,53.2758],[11.1729,53.2952],[11.1585,53.2969],[11.1528,53.3121],[11.1686,53.3102],[11.166,53.3381],[11.1685,53.3542]]]},"properties":{"AGS":"13076088","GEN":"Lübtheen","SN_L":"13"}},
{"type":"Feature","geometry":{"type":"Polygon","coordinates":[[[11.4681,53.3726],[11.4405,53.3693],[11.4315,53.3669],[11.4276,53.3506],[11.4307,53.3372],[11.4175,53.3362],[11.3858,53.3417],[11.3791,53.3461],[11.3528,53.3336],[11.3603,53.3191],[11.3761,53.3143],[11.4065,53.3107],[11.4117,53.2995],[11.4029,53.2861],[11.3867,53.2939],[11.3521,53.2849],[11.3493,53.2791],[11.3204,53.2711],[11.3282,53.2617],[11.3472,53.2587],[11.3954,53.262],[11.4138,53.276],[11.4321,53.2711],[11.4441,53.2758],[11.4067,53.2849],[11.4234,53.3001],[11.4461,53.301],[11.5091,53.2959],[11.5242,53.2883],[11.5435,53.3156],[11.525,53.3251],[11.5167,53.3412],[11.4801,53.358],[11.4843,53.3709],[11.4681,53.3726]]]},"properties":{"AGS":"13076090","GEN":"Ludwigslust","SN_L":"13"}},
{"type":"Feature","geometry":{"type":"MultiPolygon","coordinates":[[[[11.6688,53.429],[11.6676,53.4372],[11.6803,53.4501],[11.651,53.4519],[11.639,53.4586],[11.6385,53.458],[11.654,53.4261],[11.6688,53.429]]],[[[11.8756,53.49],[11.8353,53.5018],[11.8222,53.4863],[11.8338,53.4737],[11.8161,53.4685],[11.8004,53.4559],[11.7901,53.4647],[11.7768,53.4603],[11.7525,53.4664],[11.7258,53.4601],[11.7176,53.4492],[11.7336,53.4383],[11.7093,53.4318],[11.7339,53.4282],[11.7523,53.4193],[11.7606,53.4091],[11.7532,53.404],[11.7775,53.3944],[11.7631,53.3789],[11.8217,53.379],[11.8351,53.3708],[11.8474,53.3709],[11.859,53.3687],[11.8809,53.3809],[11.8892,53.3928],[11.9141,53.4078],[11.932,53.4239],[11.9271,53.4429],[11.9391,53.4569],[11.9152,53.4617],[11.8798,53.463],[11.8839,53.4691],[11.8631,53.4756],[11.8756,53.49]]]]},"properties":{"AGS":"13076108","GEN":"Parchim","SN_L":"13"}},
{"type":"Feature","geometry":{"type":"Polygon","coordinates":[[[10.8744,53.4077],[10.8804,53.4205],[10.9071,53.4325],[10.8813,53.4378],[10.8594,53.4504],[10.8446,53.4512],[10.8269,53.4511],[10.8005,53.4438],[10.7892,53.4367],[10.7906,53.4122],[10.7843,53.4092],[10.7924,53.4035],[10.814,53.4034],[10.8124,53.395],[10.8241,53.3892],[10.8394,53.3949],[10.8495,53.4063],[10.8744,53.4077]]]},"properties":{"AGS":"13076009","GEN":"Bengerstorf","SN_L":"13"}},
{"type":"Feature","geometry":{"type":"Polygon","coordinates":[[[10.8777,53.3635],[10.8557,53.3564],[10.8473,53.3661],[10.8528,53.3779],[10.8178,53.3817],[10.8146,53.374],[10.8251,53.3596],[10.8161,53.3495],[10.8337,53.3455],[10.866,53.3269],[10.8805,53.3211],[10.9097,53.3377],[10.9184,53.348],[10.9112,53.3586],[10.8957,53.3648],[10.8777,53.3635]]]},"properties":{"AGS":"13076010","GEN":"Besitz","SN_L":"13"}},
{"type":"Feature","geometry":{"type":"Polygon","coordinates":[[[11,53.3507],[11.0099,53.3762],[10.9896,53.3842],[10.9595,53.3798],[10.929,53.3588],[10.9268,53.3482],[10.9357,53.3386],[10.9594,53.3385],[10.988,53.3334],[11,53.3507]]]},"properties":{"AGS":"13076016","GEN":"Brahlstorf","SN_L":"13"}},
{"type":"Feature","geometry":{"type":"Polygon","coordinates":[[[10.9595,53.3798],[10.9638,53.3858],[10.9453,53.3951],[10.9021,53.3936],[10.8755,53.3991],[10.858,53.3854],[10.8721,53.377],[10.8777,53.3635],[10.8957,53.3648],[10.9112,53.3586],[10.9184,53.348],[10.9268,53.3482],[10.929,53.3588],[10.9595,53.3798]]]},"properties":{"AGS":"13076030","GEN":"Dersenow","SN_L":"13"}},
{"type":"Feature","geometry":{"type":"Polygon","coordinates":[[[10.7892,53.4367],[10.7543,53.448],[10.7439,53.4632],[10.7031,53.4588],[10.7002,53.4524],[10.7179,53.4462],[10.7134,53.4266],[10.7387,53.4286],[10.7406,53.4125],[10.7555,53.4142],[10.7779,53.4056],[10.7843,53.4092],[10.7906,53.4122],[10.7892,53.4367]]]},"properties":{"AGS":"13076054","GEN":"Gresse","SN_L":"13"}},
{"type":"Feature","geometry":{"type":"Polygon","coordinates":[[[10.8735,53.4756],[10.8571,53.4801],[10.835,53.4777],[10.8105,53.4685],[10.8144,53.491],[10.7838,53.5064],[10.7778,53.4952],[10.7522,53.4843],[10.7207,53.4761],[10.7017,53.4783],[10.693,53.4551],[10.7031,53.4588],[10.7439,53.4632],[10.7543,53.448],[10.7892,53.4367],[10.8005,53.4438],[10.8269,53.4511],[10.8446,53.4512],[10.8735,53.4756]]]},"properties":{"AGS":"13076055","GEN":"Greven","SN_L":"13"}},
{"type":"Feature","geometry":{"type":"Polygon","coordinates":[[[10.8241,53.3892],[10.8124,53.395],[10.814,53.4034],[10.7924,53.4035],[10.7843,53.4092],[10.7779,53.4056],[10.7713,53.3923],[10.786,53.3855],[10.764,53.3737],[10.7823,53.366],[10.8251,53.3596],[10.8146,53.374],[10.8178,53.3817],[10.8241,53.3892]]]},"properties":{"AGS":"13076102","GEN":"Neu Gülze","SN_L":"13"}},
{"type":"Feature","geometry":{"type":"Polygon","coordinates":[[[10.6783,53.4078],[10.6819,53.4187],[10.6579,53.419],[10.6189,53.4125],[10.6156,53.3833],[10.5991,53.3778],[10.595,53.3639],[10.6307,53.3708],[10.6507,53.3688],[10.6783,53.4078]]]},"properties":{"AGS":"13076106","GEN":"Nostorf","SN_L":"13"}},
{"type":"Feature","geometry":{"type":"Polygon","coordinates":[[[10.693,53.4551],[10.6808,53.4576],[10.652,53.4615],[10.6349,53.456],[10.6258,53.4434],[10.6178,53.4162],[10.6189,53.4125],[10.6579,53.419],[10.6819,53.4187],[10.6783,53.4078],[10.6939,53.4104],[10.6959,53.4182],[10.7134,53.4266],[10.7179,53.4462],[10.7002,53.4524],[10.7031,53.4588],[10.693,53.4551]]]},"properties":{"AGS":"13076122","GEN":"Schwanheide","SN_L":"13"}},
{"type":"Feature","geometry":{"type":"Polygon","coordinates":[[[10.8251,53.3596],[10.7823,53.366],[10.7655,53.3507],[10.7631,53.3389],[10.7581,53.3333],[10.7923,53.3159],[10.8034,53.3144],[10.8508,53.31],[10.8675,53.3161],[10.866,53.3269],[10.8337,53.3455],[10.8161,53.3495],[10.8251,53.3596]]]},"properties":{"AGS":"13076136","GEN":"Teldau","SN_L":"13"}},
{"type":"Feature","geometry":{"type":"Polygon","coordinates":[[[10.8755,53.3991],[10.8744,53.4077],[10.8495,53.4063],[10.8394,53.3949],[10.8241,53.3892],[10.8178,53.3817],[10.8528,53.3779],[10.8473,53.3661],[10.8557,53.3564],[10.8777,53.3635],[10.8721,53.377],[10.858,53.3854],[10.8755,53.3991]]]},"properties":{"AGS":"13076138","GEN":"Tessin b.Boizenburg","SN_L":"13"}},
{"type":"Feature","geometry":{"type":"Polygon","coordinates":[[[11.3925,53.1338],[11.3038,53.1471],[11.2828,53.1666],[11.2783,53.1769],[11.2467,53.1908],[11.2161,53.1908],[11.1948,53.1802],[11.1891,53.1656],[11.1719,53.1566],[11.1846,53.1364],[11.1972,53.1362],[11.2147,53.1444],[11.2303,53.1424],[11.2428,53.1379],[11.2657,53.122],[11.2904,53.1169],[11.324,53.1193],[11.3376,53.1138],[11.359,53.1163],[11.3709,53.1116],[11.3939,53.1118],[11.3987,53.1165],[11.3925,53.1338]]]},"properties":{"AGS":"13076034","GEN":"Dömitz","SN_L":"13"}},
{"type":"Feature","geometry":{"type":"Polygon","coordinates":[[[11.3282,53.2617],[11.3204,53.2711],[11.3186,53.2721],[11.267,53.2595],[11.2481,53.2328],[11.231,53.2264],[11.2179,53.21],[11.2161,53.1908],[11.2467,53.1908],[11.2749,53.2003],[11.2764,53.2071],[11.2541,53.2126],[11.2658,53.2236],[11.282,53.229],[11.3306,53.2317],[11.334,53.2402],[11.3301,53.2569],[11.3282,53.2617]]]},"properties":{"AGS":"13076053","GEN":"Grebs-Niendorf","SN_L":"13"}},
{"type":"Feature","geometry":{"type":"Polygon","coordinates":[[[11.3552,53.2218],[11.3678,53.2231],[11.372,53.2386],[11.3484,53.2466],[11.3301,53.2569],[11.334,53.2402],[11.3306,53.2317],[11.336,53.2246],[11.3552,53.2218]]]},"properties":{"AGS":"13076067","GEN":"Karenz","SN_L":"13"}},
{"type":"Feature","geometry":{"type":"Polygon","coordinates":[[[11.3878,53.1903],[11.4024,53.2048],[11.4088,53.2256],[11.3971,53.2341],[11.372,53.2386],[11.3678,53.2231],[11.3552,53.2218],[11.3618,53.2091],[11.3454,53.1897],[11.3626,53.176],[11.3894,53.1597],[11.4101,53.1743],[11.4074,53.1858],[11.3878,53.1903]]]},"properties":{"AGS":"13076093","GEN":"Malk Göhren","SN_L":"13"}},
{"type":"Feature","geometry":{"type":"Polygon","coordinates":[[[11.3306,53.2317],[11.282,53.229],[11.2658,53.2236],[11.2541,53.2126],[11.2764,53.2071],[11.2749,53.2003],[11.2821,53.1882],[11.3194,53.1847],[11.3454,53.1897],[11.3618,53.2091],[11.3552,53.2218],[11.336,53.2246],[11.3306,53.2317]]]},"properties":{"AGS":"13076094","GEN":"Malliß","SN_L":"13"}},
{"type":"Feature","geometry":{"type":"Polygon","coordinates":[[[11.2749,53.2003],[11.2467,53.1908],[11.2783,53.1769],[11.2828,53.1666],[11.3038,53.1471],[11.3925,53.1338],[11.3956,53.14],[11.3894,53.1597],[11.3626,53.176],[11.3454,53.1897],[11.3194,53.1847],[11.2821,53.1882],[11.2749,53.2003]]]},"properties":{"AGS":"13076103","GEN":"Neu Kaliß","SN_L":"13"}},
{"type":"Feature","geometry":{"type":"Polygon","coordinates":[[[11.267,53.2595],[11.2207,53.2636],[11.2124,53.2901],[11.1729,53.2952],[11.1665,53.2758],[11.1429,53.2695],[11.1452,53.2386],[11.1244,53.2396],[11.1038,53.2312],[11.0859,53.2187],[11.1155,53.2045],[11.1337,53.2024],[11.1367,53.1918],[11.1799,53.1867],[11.1948,53.1802],[11.2161,53.1908],[11.2179,53.21],[11.231,53.2264],[11.2481,53.2328],[11.267,53.2595]]]},"properties":{"AGS":"13076143","GEN":"Vielank","SN_L":"13"}},
{"type":"Feature","geometry":{"type":"Polygon","coordinates":[[[12.1833,53.5236],[12.181,53.5366],[12.1619,53.5391],[12.1554,53.5292],[12.1325,53.5297],[12.13,53.5441],[12.121,53.5466],[12.1059,53.5415],[12.0909,53.5202],[12.111,53.5116],[12.1126,53.4936],[12.1373,53.4997],[12.1459,53.4839],[12.1616,53.4814],[12.1879,53.4845],[12.1993,53.4959],[12.1833,53.5236]]]},"properties":{"AGS":"13076040","GEN":"Gallin-Kuppentin","SN_L":"13"}},
{"type":"Feature","geometry":{"type":"Polygon","coordinates":[[[12.0003,53.483],[11.9817,53.4885],[11.9716,53.5074],[11.9737,53.5266],[11.9445,53.5212],[11.9363,53.5153],[11.9051,53.5078],[11.9078,53.4971],[11.9094,53.4935],[11.9469,53.4857],[11.9564,53.4616],[11.968,53.4584],[11.9769,53.4553],[11.9897,53.467],[11.9866,53.473],[12.0003,53.483]]]},"properties":{"AGS":"13076051","GEN":"Granzin","SN_L":"13"}},
{"type":"Feature","geometry":{"type":"Polygon","coordinates":[[[12.0599,53.4322],[12.0281,53.4228],[12.0142,53.398],[12.0364,53.3936],[12.0531,53.3852],[12.0616,53.3714],[12.0775,53.3694],[12.102,53.3791],[12.091,53.3938],[12.0906,53.4169],[12.1078,53.4164],[12.1099,53.4289],[12.093,53.4206],[12.0599,53.4322]]]},"properties":{"AGS":"13076075","GEN":"Kreien","SN_L":"13"}},
{"type":"Feature","geometry":{"type":"Polygon","coordinates":[[[12.1413,53.4576],[12.1217,53.4561],[12.1098,53.4477],[12.089,53.4539],[12.0614,53.4432],[12.0599,53.4322],[12.093,53.4206],[12.1099,53.4289],[12.1309,53.4211],[12.1716,53.4135],[12.1892,53.4161],[12.1842,53.4411],[12.1592,53.442],[12.1364,53.448],[12.1413,53.4576]]]},"properties":{"AGS":"13076077","GEN":"Kritzow","SN_L":"13"}},
{"type":"Feature","geometry":{"type":"Polygon","coordinates":[[[12.1616,53.4814],[12.1459,53.4839],[12.1373,53.4997],[12.1126,53.4936],[12.0931,53.4893],[12.0764,53.4979],[12.0551,53.489],[12.0374,53.4987],[12.025,53.4942],[12.0162,53.4829],[12.0003,53.483],[11.9866,53.473],[11.9897,53.467],[11.9769,53.4553],[11.968,53.4584],[11.974,53.4469],[11.9685,53.4354],[11.9877,53.4314],[11.9753,53.4059],[11.9719,53.3942],[11.9988,53.3907],[12.0142,53.398],[12.0281,53.4228],[12.0599,53.4322],[12.0614,53.4432],[12.089,53.4539],[12.1098,53.4477],[12.1217,53.4561],[12.1413,53.4576],[12.1662,53.4703],[12.1616,53.4814]]]},"properties":{"AGS":"13076089","GEN":"Lübz","SN_L":"13"}},
{"type":"Feature","geometry":{"type":"Polygon","coordinates":[[[12.0909,53.5202],[12.068,53.5378],[12.0548,53.5283],[12.0404,53.5291],[12.0298,53.5379],[12.0124,53.5384],[12.0192,53.5228],[12.018,53.5071],[12.0374,53.4987],[12.0551,53.489],[12.0764,53.4979],[12.0931,53.4893],[12.1126,53.4936],[12.111,53.5116],[12.0909,53.5202]]]},"properties":{"AGS":"13076109","GEN":"Passow","SN_L":"13"}},
{"type":"Feature","geometry":{"type":"Polygon","coordinates":[[[11.9753,53.4059],[11.9434,53.414],[11.932,53.4239],[11.9141,53.4078],[11.8892,53.3928],[11.8809,53.3809],[11.9134,53.3745],[11.9441,53.3587],[11.9774,53.3565],[11.9944,53.3506],[12.0071,53.3323],[12.0146,53.3344],[12.0564,53.3497],[12.0515,53.3602],[12.0616,53.3714],[12.0531,53.3852],[12.0364,53.3936],[12.0142,53.398],[11.9988,53.3907],[11.9719,53.3942],[11.9753,53.4059]]]},"properties":{"AGS":"13076125","GEN":"Siggelkow","SN_L":"13"}},
{"type":"Feature","geometry":{"type":"Polygon","coordinates":[[[12.0124,53.5384],[11.9853,53.5446],[11.9753,53.5295],[11.9737,53.5266],[11.9716,53.5074],[11.9817,53.4885],[12.0003,53.483],[12.0162,53.4829],[12.025,53.4942],[12.0374,53.4987],[12.018,53.5071],[12.0192,53.5228],[12.0124,53.5384]]]},"properties":{"AGS":"13076151","GEN":"Werder","SN_L":"13"}},
{"type":"Feature","geometry":{"type":"Polygon","coordinates":[[[12.1716,53.4135],[12.1309,53.4211],[12.1099,53.4289],[12.1078,53.4164],[12.0906,53.4169],[12.091,53.3938],[12.102,53.3791],[12.0775,53.3694],[12.0821,53.3463],[12.1085,53.3499],[12.1347,53.3486],[12.1394,53.3614],[12.1357,53.3776],[12.1562,53.3902],[12.1716,53.4135]]]},"properties":{"AGS":"13076165","GEN":"Gehlsbach","SN_L":"13"}},
{"type":"Feature","geometry":{"type":"Polygon","coordinates":[[[11.8809,53.3809],[11.859,53.3687],[11.8474,53.3709],[11.8449,53.3609],[11.8148,53.3421],[11.85,53.3269],[11.8415,53.3171],[11.8875,53.3149],[11.8802,53.3027],[11.8926,53.2993],[11.8978,53.2786],[11.9184,53.2733],[11.9542,53.2738],[11.9739,53.2992],[11.9971,53.2939],[12.0236,53.3041],[12.0221,53.3213],[12.0146,53.3344],[12.0071,53.3323],[11.9944,53.3506],[11.9774,53.3565],[11.9441,53.3587],[11.9134,53.3745],[11.8809,53.3809]]]},"properties":{"AGS":"13076168","GEN":"Ruhner Berge","SN_L":"13"}},
{"type":"Feature","geometry":{"type":"Polygon","coordinates":[[[12.12,53.6476],[12.1046,53.6448],[12.0822,53.6474],[12.0697,53.6615],[12.0504,53.6659],[12.0441,53.675],[12.0423,53.6639],[12.0132,53.6582],[12.0146,53.6432],[11.9954,53.6343],[11.9906,53.626],[12.0156,53.613],[12.0419,53.6131],[12.0512,53.604],[12.0719,53.6119],[12.0831,53.6066],[12.0956,53.6121],[12.0978,53.6237],[12.1172,53.6206],[12.1188,53.6129],[12.1378,53.6085],[12.1427,53.5971],[12.1723,53.6042],[12.2002,53.6073],[12.2092,53.6032],[12.2145,53.6107],[12.2022,53.6233],[12.1989,53.6426],[12.1411,53.6358],[12.12,53.6476]]]},"properties":{"AGS":"13076032","GEN":"Dobbertin","SN_L":"13"}},
{"type":"Feature","geometry":{"type":"Polygon","coordinates":[[[12.1427,53.5971],[12.1378,53.6085],[12.1188,53.6129],[12.1172,53.6206],[12.0978,53.6237],[12.0956,53.6121],[12.0831,53.6066],[12.0719,53.6119],[12.0512,53.604],[12.0294,53.594],[12.0296,53.584],[12.0563,53.5829],[12.0625,53.5617],[12.0503,53.558],[12.0127,53.564],[11.999,53.5701],[11.9912,53.5586],[11.9766,53.5518],[11.9853,53.5446],[12.0124,53.5384],[12.0298,53.5379],[12.0404,53.5291],[12.0548,53.5283],[12.068,53.5378],[12.0909,53.5202],[12.1059,53.5415],[12.121,53.5466],[12.1474,53.5511],[12.1544,53.5713],[12.1378,53.5849],[12.1427,53.5971]]]},"properties":{"AGS":"13076048","GEN":"Goldberg","SN_L":"13"}},
{"type":"Feature","geometry":{"type":"Polygon","coordinates":[[[11.9373,53.5536],[11.9548,53.5581],[11.9499,53.5747],[11.9722,53.574],[11.9721,53.5864],[11.951,53.5948],[11.9655,53.6089],[11.9548,53.6166],[11.9508,53.6259],[11.9217,53.6248],[11.9111,53.614],[11.8866,53.611],[11.8927,53.5998],[11.8911,53.5807],[11.8757,53.5689],[11.8906,53.5567],[11.9016,53.5548],[11.9127,53.5607],[11.931,53.5617],[11.9373,53.5536]]]},"properties":{"AGS":"13076096","GEN":"Mestlin","SN_L":"13"}},
{"type":"Feature","geometry":{"type":"Polygon","coordinates":[[[12.2216,53.5323],[12.2306,53.5477],[12.2511,53.5656],[12.229,53.5708],[12.2326,53.5797],[12.2272,53.5967],[12.2092,53.6032],[12.2002,53.6073],[12.1723,53.6042],[12.1427,53.5971],[12.1378,53.5849],[12.1544,53.5713],[12.1474,53.5511],[12.121,53.5466],[12.13,53.5441],[12.1325,53.5297],[12.1554,53.5292],[12.1619,53.5391],[12.181,53.5366],[12.1833,53.5236],[12.2216,53.5323]]]},"properties":{"AGS":"13076104","GEN":"Neu Poserin","SN_L":"13"}},
{"type":"Feature","geometry":{"type":"Polygon","coordinates":[[[12.0512,53.604],[12.0419,53.6131],[12.0156,53.613],[11.9906,53.626],[11.9721,53.625],[11.9548,53.6166],[11.9655,53.6089],[11.951,53.5948],[11.9721,53.5864],[11.9722,53.574],[11.9499,53.5747],[11.9548,53.5581],[11.9373,53.5536],[11.9639,53.5437],[11.9753,53.5295],[11.9853,53.5446],[11.9766,53.5518],[11.9912,53.5586],[11.999,53.5701],[12.0127,53.564],[12.0503,53.558],[12.0625,53.5617],[12.0563,53.5829],[12.0296,53.584],[12.0294,53.594],[12.0512,53.604]]]},"properties":{"AGS":"13076135","GEN":"Techentin","SN_L":"13"}},
{"type":"Feature","geometry":{"type":"Polygon","coordinates":[[[11.7556,53.2692],[11.7343,53.2736],[11.7131,53.2824],[11.6984,53.2806],[11.7023,53.2734],[11.6914,53.2557],[11.6954,53.2444],[11.7145,53.2322],[11.7556,53.2692]]]},"properties":{"AGS":"13076003","GEN":"Balow","SN_L":"13"}},
{"type":"Feature","geometry":{"type":"Polygon","coordinates":[[[11.8128,53.2539],[11.8315,53.2577],[11.852,53.2711],[11.8409,53.2933],[11.8197,53.2894],[11.822,53.2774],[11.7955,53.2733],[11.7784,53.2892],[11.768,53.2751],[11.7826,53.2622],[11.7945,53.24],[11.7813,53.2293],[11.7374,53.2233],[11.7358,53.2181],[11.7691,53.2275],[11.7991,53.2265],[11.8289,53.2287],[11.8319,53.2346],[11.8128,53.2539]]]},"properties":{"AGS":"13076021","GEN":"Brunow","SN_L":"13"}},
{"type":"Feature","geometry":{"type":"Polygon","coordinates":[[[11.7358,53.2181],[11.7374,53.2233],[11.7813,53.2293],[11.7945,53.24],[11.7826,53.2622],[11.768,53.2751],[11.7556,53.2692],[11.7145,53.2322],[11.7264,53.232],[11.7358,53.2181]]]},"properties":{"AGS":"13076027","GEN":"Dambeck","SN_L":"13"}},
{"type":"Feature","geometry":{"type":"Polygon","coordinates":[[[11.5024,53.2635],[11.4441,53.2758],[11.4321,53.2711],[11.4138,53.276],[11.3954,53.262],[11.4202,53.2564],[11.3971,53.2341],[11.4088,53.2256],[11.4024,53.2048],[11.3878,53.1903],[11.4074,53.1972],[11.437,53.203],[11.4339,53.2211],[11.4595,53.2332],[11.4842,53.24],[11.5024,53.2635]]]},"properties":{"AGS":"13076037","GEN":"Eldena","SN_L":"13"}},
{"type":"Feature","geometry":{"type":"Polygon","coordinates":[[[11.55,53.2344],[11.5303,53.2352],[11.5024,53.2427],[11.4842,53.24],[11.4595,53.2332],[11.4339,53.2211],[11.437,53.203],[11.4074,53.1972],[11.3878,53.1903],[11.4074,53.1858],[11.4101,53.1743],[11.3894,53.1597],[11.3956,53.14],[11.4218,53.1409],[11.4345,53.1505],[11.4451,53.1688],[11.4641,53.1767],[11.504,53.178],[11.5016,53.1912],[11.4783,53.1977],[11.4884,53.2085],[11.505,53.2074],[11.5226,53.2129],[11.5316,53.2094],[11.5642,53.2157],[11.5503,53.2229],[11.55,53.2344]]]},"properties":{"AGS":"13076049","GEN":"Gorlosen","SN_L":"13"}},
{"type":"Feature","geometry":{"type":"MultiPolygon","coordinates":[[[[11.4594,53.1403],[11.4841,53.129],[11.5346,53.1253],[11.556,53.1388],[11.5501,53.1511],[11.5694,53.1661],[11.5626,53.1758],[11.5577,53.1701],[11.5192,53.1664],[11.5109,53.1615],[11.4839,53.1589],[11.4602,53.1512],[11.4594,53.1403]]],[[[11.6172,53.3181],[11.5976,53.3091],[11.579,53.3271],[11.5665,53.3299],[11.5435,53.3156],[11.5242,53.2883],[11.5202,53.2793],[11.5024,53.2635],[11.4842,53.24],[11.5024,53.2427],[11.5303,53.2352],[11.55,53.2344],[11.5636,53.2475],[11.5876,53.2485],[11.6007,53.2607],[11.6059,53.2705],[11.5919,53.2829],[11.5867,53.2962],[11.5947,53.3031],[11.6156,53.3039],[11.6239,53.3173],[11.6172,53.3181]]]]},"properties":{"AGS":"13076050","GEN":"Grabow","SN_L":"13"}},
{"type":"Feature","geometry":{"type":"Polygon","coordinates":[[[11.5242,53.2883],[11.5091,53.2959],[11.4461,53.301],[11.4234,53.3001],[11.4067,53.2849],[11.4441,53.2758],[11.5024,53.2635],[11.5202,53.2793],[11.5242,53.2883]]]},"properties":{"AGS":"13076069","GEN":"Karstädt","SN_L":"13"}},
{"type":"Feature","geometry":{"type":"Polygon","coordinates":[[[11.6298,53.2421],[11.6305,53.2473],[11.6007,53.2607],[11.5876,53.2485],[11.5636,53.2475],[11.55,53.2344],[11.5503,53.2229],[11.5642,53.2157],[11.5659,53.2132],[11.5903,53.2165],[11.604,53.2276],[11.6174,53.2312],[11.6298,53.2421]]]},"properties":{"AGS":"13076076","GEN":"Kremmin","SN_L":"13"}},
{"type":"Feature","geometry":{"type":"Polygon","coordinates":[[[11.5642,53.2157],[11.5316,53.2094],[11.5226,53.2129],[11.505,53.2074],[11.4884,53.2085],[11.4783,53.1977],[11.5016,53.1912],[11.504,53.178],[11.4641,53.1767],[11.4451,53.1688],[11.4345,53.1505],[11.4218,53.1409],[11.4387,53.1367],[11.4594,53.1403],[11.4602,53.1512],[11.4839,53.1589],[11.5109,53.1615],[11.5192,53.1664],[11.5577,53.1701],[11.5626,53.1758],[11.5671,53.1825],[11.5567,53.1942],[11.5659,53.2132],[11.5642,53.2157]]]},"properties":{"AGS":"13076097","GEN":"Milow","SN_L":"13"}},
{"type":"Feature","geometry":{"type":"Polygon","coordinates":[[[11.7675,53.3085],[11.7564,53.3118],[11.7389,53.3074],[11.7165,53.3106],[11.6941,53.2979],[11.6984,53.2806],[11.7131,53.2824],[11.7343,53.2736],[11.7556,53.2692],[11.768,53.2751],[11.7784,53.2892],[11.7853,53.2932],[11.7675,53.3085]]]},"properties":{"AGS":"13076098","GEN":"Möllenbeck","SN_L":"13"}},
{"type":"Feature","geometry":{"type":"Polygon","coordinates":[[[11.7125,53.3235],[11.7047,53.3367],[11.6935,53.3414],[11.6819,53.3288],[11.648,53.3274],[11.6334,53.3297],[11.6102,53.3342],[11.6172,53.3181],[11.6239,53.3173],[11.6441,53.3027],[11.6788,53.3013],[11.6941,53.2979],[11.7165,53.3106],[11.7125,53.3235]]]},"properties":{"AGS":"13076100","GEN":"Muchow","SN_L":"13"}},
{"type":"Feature","geometry":{"type":"Polygon","coordinates":[[[11.7023,53.2734],[11.6623,53.2743],[11.6425,53.2841],[11.6156,53.3039],[11.5947,53.3031],[11.5867,53.2962],[11.5919,53.2829],[11.6059,53.2705],[11.6007,53.2607],[11.6305,53.2473],[11.6298,53.2421],[11.6536,53.2392],[11.6614,53.2432],[11.6954,53.2444],[11.6914,53.2557],[11.7023,53.2734]]]},"properties":{"AGS":"13076115","GEN":"Prislich","SN_L":"13"}},
{"type":"Feature","geometry":{"type":"Polygon","coordinates":[[[11.6941,53.2979],[11.6788,53.3013],[11.6441,53.3027],[11.6239,53.3173],[11.6156,53.3039],[11.6425,53.2841],[11.6623,53.2743],[11.7023,53.2734],[11.6984,53.2806],[11.6941,53.2979]]]},"properties":{"AGS":"13076161","GEN":"Zierzow","SN_L":"13"}},
{"type":"Feature","geometry":{"type":"Polygon","coordinates":[[[11.3508,53.5141],[11.3387,53.514],[11.3167,53.4987],[11.31,53.4897],[11.3271,53.4783],[11.34,53.4776],[11.3572,53.4966],[11.3508,53.5141]]]},"properties":{"AGS":"13076002","GEN":"Alt Zachun","SN_L":"13"}},
{"type":"Feature","geometry":{"type":"Polygon","coordinates":[[[11.3204,53.5232],[11.3107,53.5205],[11.2853,53.5269],[11.2818,53.5244],[11.2489,53.4958],[11.2568,53.4929],[11.254,53.4791],[11.2656,53.4715],[11.2804,53.473],[11.2946,53.4909],[11.3167,53.4987],[11.3387,53.514],[11.3204,53.5232]]]},"properties":{"AGS":"13076004","GEN":"Bandenitz","SN_L":"13"}},
{"type":"Feature","geometry":{"type":"Polygon","coordinates":[[[11.2281,53.3389],[11.1917,53.3382],[11.1837,53.3427],[11.166,53.3381],[11.1686,53.3102],[11.1528,53.3121],[11.1585,53.2969],[11.1729,53.2952],[11.2124,53.2901],[11.221,53.2893],[11.2196,53.301],[11.2322,53.3147],[11.2281,53.3389]]]},"properties":{"AGS":"13076008","GEN":"Belsch","SN_L":"13"}},
{"type":"Feature","geometry":{"type":"Polygon","coordinates":[[[11.1524,53.4935],[11.1217,53.4876],[11.1286,53.4712],[11.139,53.4685],[11.149,53.4753],[11.1674,53.4761],[11.1759,53.4905],[11.1749,53.493],[11.1524,53.4935]]]},"properties":{"AGS":"13076013","GEN":"Bobzin","SN_L":"13"}},
{"type":"Feature","geometry":{"type":"Polygon","coordinates":[[[11.2988,53.376],[11.2524,53.3668],[11.2389,53.354],[11.283,53.3339],[11.3208,53.3444],[11.3261,53.349],[11.3091,53.3645],[11.3129,53.372],[11.2988,53.376]]]},"properties":{"AGS":"13076019","GEN":"Bresegard bei Picher","SN_L":"13"}},
{"type":"Feature","geometry":{"type":"Polygon","coordinates":[[[11.2818,53.5244],[11.2612,53.5196],[11.2229,53.528],[11.2098,53.5242],[11.218,53.5056],[11.2065,53.493],[11.2152,53.4841],[11.254,53.4791],[11.2568,53.4929],[11.2489,53.4958],[11.2818,53.5244]]]},"properties":{"AGS":"13076041","GEN":"Gammelin","SN_L":"13"}},
{"type":"Feature","geometry":{"type":"Polygon","coordinates":[[[11.2322,53.3147],[11.2672,53.3142],[11.2678,53.322],[11.283,53.3339],[11.2389,53.354],[11.2281,53.3389],[11.2322,53.3147]]]},"properties":{"AGS":"13076057","GEN":"Groß Krams","SN_L":"13"}},
{"type":"Feature","geometry":{"type":"Polygon","coordinates":[[[11.3167,53.4987],[11.2946,53.4909],[11.2804,53.473],[11.3007,53.4642],[11.3198,53.4609],[11.317,53.4502],[11.3266,53.4438],[11.3393,53.457],[11.3564,53.458],[11.3735,53.4672],[11.3722,53.4729],[11.4013,53.4862],[11.4038,53.4923],[11.3823,53.4982],[11.3572,53.4966],[11.34,53.4776],[11.3271,53.4783],[11.31,53.4897],[11.3167,53.4987]]]},"properties":{"AGS":"13076064","GEN":"Hoort","SN_L":"13"}},
{"type":"Feature","geometry":{"type":"Polygon","coordinates":[[[11.2098,53.5242],[11.2097,53.5253],[11.1884,53.5253],[11.1829,53.5137],[11.1694,53.5083],[11.1749,53.493],[11.1759,53.4905],[11.1936,53.4879],[11.2065,53.493],[11.218,53.5056],[11.2098,53.5242]]]},"properties":{"AGS":"13076065","GEN":"Hülseburg","SN_L":"13"}},
{"type":"Feature","geometry":{"type":"Polygon","coordinates":[[[11.3266,53.4438],[11.317,53.4502],[11.3198,53.4609],[11.3007,53.4642],[11.2804,53.473],[11.2547,53.4609],[11.2443,53.427],[11.2483,53.4172],[11.2923,53.4327],[11.3205,53.4383],[11.3266,53.4438]]]},"properties":{"AGS":"13076070","GEN":"Kirch Jesar","SN_L":"13"}},
{"type":"Feature","geometry":{"type":"Polygon","coordinates":[[[11.2467,53.4065],[11.2329,53.4059],[11.2227,53.3968],[11.2248,53.3788],[11.2266,53.3713],[11.2524,53.3668],[11.2988,53.376],[11.2957,53.3899],[11.2732,53.3947],[11.2467,53.4065]]]},"properties":{"AGS":"13076079","GEN":"Kuhstorf","SN_L":"13"}},
{"type":"Feature","geometry":{"type":"Polygon","coordinates":[[[11.351,53.4119],[11.32,53.4214],[11.3205,53.4383],[11.2923,53.4327],[11.2483,53.4172],[11.2467,53.4065],[11.2732,53.3947],[11.295,53.4066],[11.3231,53.4049],[11.351,53.4119]]]},"properties":{"AGS":"13076099","GEN":"Moraas","SN_L":"13"}},
{"type":"Feature","geometry":{"type":"Polygon","coordinates":[[[11.1954,53.3826],[11.195,53.3969],[11.1652,53.4177],[11.1372,53.4115],[11.1273,53.3991],[11.1286,53.3896],[11.1606,53.3924],[11.1954,53.3826]]]},"properties":{"AGS":"13076110","GEN":"Pätow-Steegen","SN_L":"13"}},
{"type":"Feature","geometry":{"type":"Polygon","coordinates":[[[11.4112,53.4117],[11.3695,53.4177],[11.351,53.4119],[11.3637,53.3845],[11.3179,53.3761],[11.3129,53.372],[11.3091,53.3645],[11.3261,53.349],[11.3208,53.3444],[11.3528,53.3336],[11.3791,53.3461],[11.3805,53.3693],[11.4226,53.3772],[11.4245,53.3892],[11.4335,53.397],[11.4278,53.4061],[11.4112,53.4117]]]},"properties":{"AGS":"13076111","GEN":"Picher","SN_L":"13"}},
{"type":"Feature","geometry":{"type":"Polygon","coordinates":[[[11.0417,53.3982],[11.0356,53.3799],[11.0482,53.3676],[11.0393,53.3539],[11.0475,53.3458],[11.0588,53.3485],[11.0975,53.3477],[11.0955,53.3767],[11.1038,53.3928],[11.1002,53.3976],[11.0723,53.3953],[11.0635,53.3892],[11.0417,53.3982]]]},"properties":{"AGS":"13076116","GEN":"Pritzier","SN_L":"13"}},
{"type":"Feature","geometry":{"type":"Polygon","coordinates":[[[11.1943,53.38],[11.1732,53.3684],[11.1685,53.3542],[11.166,53.3381],[11.1837,53.3427],[11.1917,53.3382],[11.2281,53.3389],[11.2389,53.354],[11.2524,53.3668],[11.2266,53.3713],[11.2248,53.3788],[11.1943,53.38]]]},"properties":{"AGS":"13076119","GEN":"Redefin","SN_L":"13"}},
{"type":"Feature","geometry":{"type":"Polygon","coordinates":[[[11.351,53.4119],[11.3231,53.4049],[11.295,53.4066],[11.2732,53.3947],[11.2957,53.3899],[11.2988,53.376],[11.3129,53.372],[11.3179,53.3761],[11.3637,53.3845],[11.351,53.4119]]]},"properties":{"AGS":"13076131","GEN":"Strohkirchen","SN_L":"13"}},
{"type":"Feature","geometry":{"type":"Polygon","coordinates":[[[11.1286,53.3896],[11.1038,53.3928],[11.0955,53.3767],[11.0975,53.3477],[11.1013,53.3436],[11.1287,53.3466],[11.1224,53.357],[11.1449,53.3602],[11.1685,53.3542],[11.1732,53.3684],[11.1943,53.38],[11.1954,53.3826],[11.1606,53.3924],[11.1286,53.3896]]]},"properties":{"AGS":"13076145","GEN":"Warlitz","SN_L":"13"}},
{"type":"Feature","geometry":{"type":"Polygon","coordinates":[[[11.1652,53.4177],[11.1513,53.4298],[11.1206,53.445],[11.1216,53.4529],[11.0869,53.4427],[11.0818,53.4279],[11.0491,53.4168],[11.0336,53.42],[11.0417,53.3982],[11.0635,53.3892],[11.0723,53.3953],[11.1002,53.3976],[11.1038,53.3928],[11.1286,53.3896],[11.1273,53.3991],[11.1372,53.4115],[11.1652,53.4177]]]},"properties":{"AGS":"13076169","GEN":"Toddin","SN_L":"13"}},
{"type":"Feature","geometry":{"type":"Polygon","coordinates":[[[11.3528,53.3336],[11.3208,53.3444],[11.283,53.3339],[11.2678,53.322],[11.2672,53.3142],[11.2322,53.3147],[11.2196,53.301],[11.221,53.2893],[11.2481,53.2859],[11.2818,53.2936],[11.3136,53.2934],[11.3195,53.2885],[11.3186,53.2721],[11.3204,53.2711],[11.3493,53.2791],[11.3521,53.2849],[11.3299,53.2974],[11.3353,53.3113],[11.3603,53.3191],[11.3528,53.3336]]]},"properties":{"AGS":"13076001","GEN":"Alt Krenzlin","SN_L":"13"}},
{"type":"Feature","geometry":{"type":"Polygon","coordinates":[[[11.3971,53.2341],[11.4202,53.2564],[11.3954,53.262],[11.3472,53.2587],[11.3282,53.2617],[11.3301,53.2569],[11.3484,53.2466],[11.372,53.2386],[11.3971,53.2341]]]},"properties":{"AGS":"13076018","GEN":"Bresegard bei Eldena","SN_L":"13"}},
{"type":"Feature","geometry":{"type":"MultiPolygon","coordinates":[[[[11.3521,53.2849],[11.3867,53.2939],[11.4029,53.2861],[11.4117,53.2995],[11.4065,53.3107],[11.3761,53.3143],[11.3603,53.3191],[11.3353,53.3113],[11.3299,53.2974],[11.3521,53.2849]]],[[[11.3186,53.2721],[11.3195,53.2885],[11.3136,53.2934],[11.2818,53.2936],[11.2481,53.2859],[11.221,53.2893],[11.2124,53.2901],[11.2207,53.2636],[11.267,53.2595],[11.3186,53.2721]]]]},"properties":{"AGS":"13076046","GEN":"Göhlen","SN_L":"13"}},
{"type":"Feature","geometry":{"type":"Polygon","coordinates":[[[11.6084,53.345],[11.5969,53.342],[11.564,53.3523],[11.518,53.3596],[11.5195,53.3677],[11.5052,53.3737],[11.4843,53.3709],[11.4801,53.358],[11.5167,53.3412],[11.525,53.3251],[11.5435,53.3156],[11.5665,53.3299],[11.579,53.3271],[11.5976,53.3091],[11.6172,53.3181],[11.6102,53.3342],[11.6095,53.3386],[11.6084,53.345]]]},"properties":{"AGS":"13076058","GEN":"Groß Laasch","SN_L":"13"}},
{"type":"Feature","geometry":{"type":"Polygon","coordinates":[[[11.4706,53.4761],[11.4909,53.48],[11.4805,53.4942],[11.4665,53.5329],[11.4618,53.5501],[11.4245,53.5453],[11.4161,53.529],[11.4179,53.5203],[11.447,53.5199],[11.4537,53.5043],[11.4361,53.4965],[11.4576,53.474],[11.4706,53.4761]]]},"properties":{"AGS":"13076086","GEN":"Lübesse","SN_L":"13"}},
{"type":"Feature","geometry":{"type":"Polygon","coordinates":[[[11.4681,53.3726],[11.4646,53.3952],[11.476,53.4008],[11.4839,53.4135],[11.4775,53.4264],[11.4601,53.4327],[11.4301,53.4312],[11.4112,53.4117],[11.4278,53.4061],[11.4335,53.397],[11.4245,53.3892],[11.4226,53.3772],[11.4405,53.3693],[11.4681,53.3726]]]},"properties":{"AGS":"13076087","GEN":"Lüblow","SN_L":"13"}},
{"type":"Feature","geometry":{"type":"Polygon","coordinates":[[[11.4773,53.4652],[11.4623,53.4689],[11.429,53.4622],[11.3735,53.4672],[11.3564,53.458],[11.3393,53.457],[11.3266,53.4438],[11.3205,53.4383],[11.32,53.4214],[11.351,53.4119],[11.3695,53.4177],[11.4112,53.4117],[11.4301,53.4312],[11.4601,53.4327],[11.4775,53.4264],[11.4872,53.4348],[11.5176,53.4343],[11.5113,53.4461],[11.5087,53.4517],[11.4695,53.4548],[11.4773,53.4652]]]},"properties":{"AGS":"13076118","GEN":"Rastow","SN_L":"13"}},
{"type":"Feature","geometry":{"type":"Polygon","coordinates":[[[11.4161,53.529],[11.3816,53.5302],[11.3724,53.522],[11.3508,53.5141],[11.3572,53.4966],[11.3823,53.4982],[11.4038,53.4923],[11.4319,53.5019],[11.4361,53.4965],[11.4537,53.5043],[11.447,53.5199],[11.4179,53.5203],[11.4161,53.529]]]},"properties":{"AGS":"13076134","GEN":"Sülstorf","SN_L":"13"}},
{"type":"Feature","geometry":{"type":"Polygon","coordinates":[[[11.4706,53.4761],[11.4576,53.474],[11.4361,53.4965],[11.4319,53.5019],[11.4038,53.4923],[11.4013,53.4862],[11.3722,53.4729],[11.3735,53.4672],[11.429,53.4622],[11.4623,53.4689],[11.4773,53.4652],[11.4706,53.4761]]]},"properties":{"AGS":"13076141","GEN":"Uelitz","SN_L":"13"}},
{"type":"Feature","geometry":{"type":"Polygon","coordinates":[[[11.4405,53.3693],[11.4226,53.3772],[11.3805,53.3693],[11.3791,53.3461],[11.3858,53.3417],[11.4175,53.3362],[11.4307,53.3372],[11.4276,53.3506],[11.4315,53.3669],[11.4405,53.3693]]]},"properties":{"AGS":"13076146","GEN":"Warlow","SN_L":"13"}},
{"type":"Feature","geometry":{"type":"Polygon","coordinates":[[[11.5052,53.3737],[11.496,53.3807],[11.5295,53.3882],[11.5295,53.4021],[11.5373,53.4096],[11.5176,53.4343],[11.4872,53.4348],[11.4775,53.4264],[11.4839,53.4135],[11.476,53.4008],[11.4646,53.3952],[11.4681,53.3726],[11.4843,53.3709],[11.5052,53.3737]]]},"properties":{"AGS":"13076156","GEN":"Wöbbelin","SN_L":"13"}},
{"type":"Feature","geometry":{"type":"Polygon","coordinates":[[[11.6991,53.3645],[11.6894,53.3739],[11.637,53.3724],[11.6246,53.3585],[11.6155,53.3548],[11.5946,53.3565],[11.6084,53.345],[11.6095,53.3386],[11.6077,53.3515],[11.6186,53.3526],[11.6359,53.3397],[11.6334,53.3297],[11.648,53.3274],[11.6819,53.3288],[11.6935,53.3414],[11.688,53.3491],[11.6991,53.3645]]]},"properties":{"AGS":"13076012","GEN":"Blievenstorf","SN_L":"13"}},
{"type":"Feature","geometry":{"type":"Polygon","coordinates":[[[11.6894,53.3739],[11.6784,53.3955],[11.6535,53.3994],[11.6406,53.4135],[11.6287,53.4106],[11.6236,53.3993],[11.6247,53.3839],[11.637,53.3724],[11.6894,53.3739]]]},"properties":{"AGS":"13076017","GEN":"Brenz","SN_L":"13"}},
{"type":"Feature","geometry":{"type":"MultiPolygon","coordinates":[[[[11.6334,53.3297],[11.6359,53.3397],[11.6186,53.3526],[11.6077,53.3515],[11.6095,53.3386],[11.6102,53.3342],[11.6334,53.3297]]],[[[11.633,53.4635],[11.6096,53.4663],[11.5782,53.4859],[11.5449,53.4678],[11.5552,53.4579],[11.5457,53.4458],[11.5113,53.4461],[11.5176,53.4343],[11.5373,53.4096],[11.5295,53.4021],[11.5295,53.3882],[11.496,53.3807],[11.5052,53.3737],[11.5195,53.3677],[11.518,53.3596],[11.564,53.3523],[11.5969,53.342],[11.6084,53.345],[11.5946,53.3565],[11.6155,53.3548],[11.6246,53.3585],[11.637,53.3724],[11.6247,53.3839],[11.6236,53.3993],[11.6287,53.4106],[11.6263,53.4194],[11.6359,53.4303],[11.619,53.4332],[11.6385,53.458],[11.639,53.4586],[11.633,53.4635]]]]},"properties":{"AGS":"13076105","GEN":"Neustadt-Glewe","SN_L":"13"}},
{"type":"Feature","geometry":{"type":"Polygon","coordinates":[[[11.7258,53.4601],[11.7525,53.4664],[11.7768,53.4603],[11.7901,53.4647],[11.8004,53.4559],[11.8161,53.4685],[11.8338,53.4737],[11.8222,53.4863],[11.8353,53.5018],[11.8333,53.5126],[11.8224,53.5195],[11.7611,53.5152],[11.7498,53.5002],[11.7312,53.499],[11.7021,53.4791],[11.7141,53.4754],[11.7258,53.4601]]]},"properties":{"AGS":"13076035","GEN":"Domsühl","SN_L":"13"}},
{"type":"Feature","geometry":{"type":"Polygon","coordinates":[[[11.8474,53.3709],[11.8351,53.3708],[11.8217,53.379],[11.7631,53.3789],[11.7616,53.3765],[11.7794,53.3538],[11.8022,53.3504],[11.8148,53.3421],[11.8449,53.3609],[11.8474,53.3709]]]},"properties":{"AGS":"13076056","GEN":"Groß Godems","SN_L":"13"}},
{"type":"Feature","geometry":{"type":"Polygon","coordinates":[[[11.7794,53.3538],[11.7394,53.3288],[11.7125,53.3235],[11.7165,53.3106],[11.7389,53.3074],[11.7564,53.3118],[11.7675,53.3085],[11.8056,53.3079],[11.8415,53.3171],[11.85,53.3269],[11.8148,53.3421],[11.8022,53.3504],[11.7794,53.3538]]]},"properties":{"AGS":"13076068","GEN":"Karrenzin","SN_L":"13"}},
{"type":"Feature","geometry":{"type":"Polygon","coordinates":[[[11.7312,53.499],[11.705,53.5078],[11.6788,53.528],[11.6787,53.536],[11.6606,53.5318],[11.6649,53.5154],[11.6379,53.5089],[11.63,53.4901],[11.6409,53.4807],[11.6323,53.4755],[11.633,53.4635],[11.639,53.4586],[11.651,53.4519],[11.6803,53.4501],[11.6676,53.4372],[11.6688,53.429],[11.6881,53.4334],[11.7093,53.4318],[11.7336,53.4383],[11.7176,53.4492],[11.7258,53.4601],[11.7141,53.4754],[11.7021,53.4791],[11.7312,53.499]]]},"properties":{"AGS":"13076085","GEN":"Lewitzrand","SN_L":"13"}},
{"type":"Feature","geometry":{"type":"Polygon","coordinates":[[[11.968,53.4584],[11.9564,53.4616],[11.9469,53.4857],[11.9094,53.4935],[11.9078,53.4971],[11.8756,53.49],[11.8631,53.4756],[11.8839,53.4691],[11.8798,53.463],[11.9152,53.4617],[11.9391,53.4569],[11.9271,53.4429],[11.932,53.4239],[11.9434,53.414],[11.9753,53.4059],[11.9877,53.4314],[11.9685,53.4354],[11.974,53.4469],[11.968,53.4584]]]},"properties":{"AGS":"13076120","GEN":"Rom","SN_L":"13"}},
{"type":"Feature","geometry":{"type":"Polygon","coordinates":[[[11.6688,53.429],[11.654,53.4261],[11.6385,53.458],[11.619,53.4332],[11.6359,53.4303],[11.6263,53.4194],[11.6287,53.4106],[11.6406,53.4135],[11.6535,53.3994],[11.6784,53.3955],[11.6894,53.3739],[11.6991,53.3645],[11.7176,53.3643],[11.7616,53.3765],[11.7631,53.3789],[11.7775,53.3944],[11.7532,53.404],[11.7606,53.4091],[11.7523,53.4193],[11.7339,53.4282],[11.7093,53.4318],[11.6881,53.4334],[11.6688,53.429]]]},"properties":{"AGS":"13076126","GEN":"Spornitz","SN_L":"13"}},
{"type":"Feature","geometry":{"type":"Polygon","coordinates":[[[11.7616,53.3765],[11.7176,53.3643],[11.6991,53.3645],[11.688,53.3491],[11.6935,53.3414],[11.7047,53.3367],[11.7125,53.3235],[11.7394,53.3288],[11.7794,53.3538],[11.7616,53.3765]]]},"properties":{"AGS":"13076129","GEN":"Stolpe","SN_L":"13"}},
{"type":"Feature","geometry":{"type":"Polygon","coordinates":[[[11.8415,53.3171],[11.8056,53.3079],[11.7675,53.3085],[11.7853,53.2932],[11.7784,53.2892],[11.7955,53.2733],[11.822,53.2774],[11.8197,53.2894],[11.8409,53.2933],[11.852,53.2711],[11.8315,53.2577],[11.8128,53.2539],[11.8596,53.2492],[11.8848,53.2645],[11.8978,53.2786],[11.8926,53.2993],[11.8802,53.3027],[11.8875,53.3149],[11.8415,53.3171]]]},"properties":{"AGS":"13076160","GEN":"Ziegendorf","SN_L":"13"}},
{"type":"Feature","geometry":{"type":"Polygon","coordinates":[[[11.9016,53.5548],[11.8906,53.5567],[11.8757,53.5689],[11.8911,53.5807],[11.8927,53.5998],[11.8866,53.611],[11.8723,53.6191],[11.8569,53.6048],[11.8332,53.6014],[11.8317,53.5683],[11.7887,53.5727],[11.7736,53.5488],[11.786,53.5411],[11.8132,53.534],[11.8365,53.5426],[11.8857,53.542],[11.9016,53.5548]]]},"properties":{"AGS":"13076162","GEN":"Zölkow","SN_L":"13"}},
{"type":"Feature","geometry":{"type":"Polygon","coordinates":[[[11.9373,53.5536],[11.931,53.5617],[11.9127,53.5607],[11.9016,53.5548],[11.8857,53.542],[11.8365,53.5426],[11.8132,53.534],[11.8224,53.5195],[11.8333,53.5126],[11.8353,53.5018],[11.8756,53.49],[11.9078,53.4971],[11.9051,53.5078],[11.9363,53.5153],[11.9445,53.5212],[11.9737,53.5266],[11.9753,53.5295],[11.9639,53.5437],[11.9373,53.5536]]]},"properties":{"AGS":"13076164","GEN":"Obere Warnow","SN_L":"13"}},
{"type":"Feature","geometry":{"type":"Polygon","coordinates":[[[12.1842,53.4411],[12.1879,53.4606],[12.2042,53.4669],[12.2214,53.4869],[12.2387,53.4868],[12.2512,53.4962],[12.2469,53.5102],[12.2216,53.5323],[12.1833,53.5236],[12.1993,53.4959],[12.1879,53.4845],[12.1616,53.4814],[12.1662,53.4703],[12.1413,53.4576],[12.1364,53.448],[12.1592,53.442],[12.1842,53.4411]]]},"properties":{"AGS":"13076006","GEN":"Barkhagen","SN_L":"13"}},
{"type":"Feature","geometry":{"type":"Polygon","coordinates":[[[12.3056,53.5677],[12.2903,53.5702],[12.2822,53.582],[12.2502,53.5834],[12.2493,53.5907],[12.2272,53.5967],[12.2326,53.5797],[12.229,53.5708],[12.2511,53.5656],[12.2306,53.5477],[12.2216,53.5323],[12.2469,53.5102],[12.2512,53.4962],[12.2387,53.4868],[12.2214,53.4869],[12.2042,53.4669],[12.1879,53.4606],[12.1842,53.4411],[12.1892,53.4161],[12.2146,53.4194],[12.2396,53.416],[12.2413,53.4096],[12.276,53.4152],[12.3087,53.3939],[12.3143,53.3961],[12.3029,53.4054],[12.3006,53.426],[12.3108,53.4372],[12.3079,53.447],[12.3314,53.4545],[12.3474,53.4696],[12.3664,53.4794],[12.3252,53.4807],[12.3182,53.4933],[12.3007,53.4985],[12.2929,53.5203],[12.3046,53.5539],[12.3056,53.5677]]]},"properties":{"AGS":"13076114","GEN":"Plau am See","SN_L":"13"}},
{"type":"Feature","geometry":{"type":"Polygon","coordinates":[[[12.3087,53.3939],[12.276,53.4152],[12.2413,53.4096],[12.2396,53.416],[12.2146,53.4194],[12.1892,53.4161],[12.1716,53.4135],[12.1562,53.3902],[12.1357,53.3776],[12.1394,53.3614],[12.152,53.3615],[12.1565,53.3497],[12.1686,53.3391],[12.1868,53.3433],[12.1911,53.354],[12.2122,53.3532],[12.2294,53.3582],[12.2453,53.333],[12.2718,53.3241],[12.2814,53.3277],[12.3108,53.3272],[12.3251,53.3213],[12.3318,53.318],[12.343,53.3319],[12.3349,53.3501],[12.3024,53.3499],[12.3023,53.3552],[12.3047,53.3709],[12.2903,53.3713],[12.2751,53.3788],[12.3087,53.3939]]]},"properties":{"AGS":"13076166","GEN":"Ganzlin","SN_L":"13"}},
{"type":"Feature","geometry":{"type":"Polygon","coordinates":[[[11.7882,53.7688],[11.7642,53.7657],[11.751,53.7834],[11.7327,53.7814],[11.7279,53.794],[11.6957,53.7886],[11.6968,53.7774],[11.7097,53.7653],[11.7008,53.7571],[11.7091,53.7505],[11.7189,53.7535],[11.7319,53.7409],[11.7744,53.7432],[11.791,53.752],[11.7781,53.7615],[11.7882,53.7688]]]},"properties":{"AGS":"13076011","GEN":"Blankenberg","SN_L":"13"}},
{"type":"Feature","geometry":{"type":"Polygon","coordinates":[[[12.0265,53.6922],[12.0192,53.6799],[11.98,53.6766],[11.9647,53.6809],[11.9485,53.6953],[11.9353,53.6987],[11.9157,53.6797],[11.9373,53.6793],[11.9337,53.6646],[11.941,53.6567],[11.9464,53.6493],[11.9759,53.6459],[11.9954,53.6343],[12.0146,53.6432],[12.0132,53.6582],[12.0423,53.6639],[12.0441,53.675],[12.0265,53.6922]]]},"properties":{"AGS":"13076015","GEN":"Borkow","SN_L":"13"}},
{"type":"Feature","geometry":{"type":"Polygon","coordinates":[[[11.7319,53.7409],[11.7189,53.7535],[11.7091,53.7505],[11.7019,53.7436],[11.6827,53.7438],[11.6563,53.7349],[11.642,53.7376],[11.615,53.7323],[11.6228,53.7244],[11.6443,53.7236],[11.6484,53.7134],[11.6642,53.7027],[11.6816,53.697],[11.7044,53.7007],[11.7118,53.715],[11.7285,53.7158],[11.7447,53.7312],[11.7319,53.7409]]]},"properties":{"AGS":"13076020","GEN":"Brüel","SN_L":"13"}},
{"type":"Feature","geometry":{"type":"Polygon","coordinates":[[[11.9157,53.6797],[11.885,53.6795],[11.8772,53.6886],[11.8562,53.6918],[11.8394,53.6896],[11.8496,53.6849],[11.8632,53.6762],[11.8607,53.6618],[11.8471,53.6636],[11.8448,53.6403],[11.8548,53.6365],[11.8854,53.6383],[11.8884,53.6476],[11.929,53.6473],[11.941,53.6567],[11.9337,53.6646],[11.9373,53.6793],[11.9157,53.6797]]]},"properties":{"AGS":"13076026","GEN":"Dabel","SN_L":"13"}},
{"type":"Feature","geometry":{"type":"Polygon","coordinates":[[[11.941,53.6567],[11.929,53.6473],[11.8884,53.6476],[11.8854,53.6383],[11.8548,53.6365],[11.8723,53.6191],[11.8866,53.611],[11.9111,53.614],[11.9217,53.6248],[11.9508,53.6259],[11.9548,53.6166],[11.9721,53.625],[11.9906,53.626],[11.9954,53.6343],[11.9759,53.6459],[11.9464,53.6493],[11.941,53.6567]]]},"properties":{"AGS":"13076062","GEN":"Hohen Pritz","SN_L":"13"}},
{"type":"Feature","geometry":{"type":"Polygon","coordinates":[[[11.8394,53.6896],[11.8321,53.6946],[11.8021,53.6911],[11.7943,53.6832],[11.7666,53.6868],[11.7692,53.6616],[11.7938,53.6568],[11.7766,53.6477],[11.8021,53.6366],[11.8263,53.6343],[11.8163,53.6139],[11.8332,53.6014],[11.8569,53.6048],[11.8723,53.6191],[11.8548,53.6365],[11.8448,53.6403],[11.8471,53.6636],[11.8383,53.6693],[11.8496,53.6849],[11.8394,53.6896]]]},"properties":{"AGS":"13076072","GEN":"Kobrow","SN_L":"13"}},
{"type":"Feature","geometry":{"type":"Polygon","coordinates":[[[11.615,53.7323],[11.6134,53.7484],[11.597,53.7526],[11.5946,53.7383],[11.5806,53.7338],[11.5772,53.716],[11.5877,53.7061],[11.5841,53.6907],[11.5882,53.6826],[11.6061,53.6585],[11.6116,53.6577],[11.6279,53.6581],[11.6452,53.6395],[11.6829,53.65],[11.6746,53.656],[11.6917,53.6633],[11.6747,53.6854],[11.6816,53.697],[11.6642,53.7027],[11.6484,53.7134],[11.6443,53.7236],[11.6228,53.7244],[11.615,53.7323]]]},"properties":{"AGS":"13076078","GEN":"Kuhlen-Wendorf","SN_L":"13"}},
{"type":"Feature","geometry":{"type":"Polygon","coordinates":[[[12.0363,53.7081],[12.0353,53.7138],[12.0086,53.7151],[11.9955,53.7283],[11.9756,53.7295],[11.9587,53.7237],[11.943,53.7103],[11.9319,53.7081],[11.9353,53.6987],[11.9485,53.6953],[11.9647,53.6809],[11.98,53.6766],[12.0192,53.6799],[12.0265,53.6922],[12.0348,53.7],[12.0363,53.7081]]]},"properties":{"AGS":"13076101","GEN":"Mustin","SN_L":"13"}},
{"type":"Feature","geometry":{"type":"MultiPolygon","coordinates":[[[[11.8471,53.6636],[11.8607,53.6618],[11.8632,53.6762],[11.8496,53.6849],[11.8383,53.6693],[11.8471,53.6636]]],[[[11.8805,53.739],[11.8381,53.7514],[11.8415,53.7639],[11.8244,53.7639],[11.7973,53.7708],[11.7882,53.7688],[11.7781,53.7615],[11.791,53.752],[11.7744,53.7432],[11.7785,53.7372],[11.7716,53.7208],[11.7752,53.713],[11.7614,53.699],[11.7666,53.6868],[11.7943,53.6832],[11.8021,53.6911],[11.8321,53.6946],[11.8394,53.6896],[11.8562,53.6918],[11.8772,53.6886],[11.885,53.6795],[11.9157,53.6797],[11.9353,53.6987],[11.9319,53.7081],[11.9056,53.7075],[11.8857,53.7175],[11.8691,53.7312],[11.8805,53.739]]]]},"properties":{"AGS":"13076128","GEN":"Sternberg","SN_L":"13"}},
{"type":"Feature","geometry":{"type":"Polygon","coordinates":[[[11.7666,53.6868],[11.7614,53.699],[11.7752,53.713],[11.7716,53.7208],[11.7785,53.7372],[11.7744,53.7432],[11.7319,53.7409],[11.7447,53.7312],[11.7285,53.7158],[11.7118,53.715],[11.7044,53.7007],[11.6816,53.697],[11.6747,53.6854],[11.6917,53.6633],[11.6746,53.656],[11.6829,53.65],[11.7214,53.6637],[11.7364,53.644],[11.7582,53.6519],[11.7692,53.6616],[11.7666,53.6868]]]},"properties":{"AGS":"13076148","GEN":"Weitendorf","SN_L":"13"}},
{"type":"Feature","geometry":{"type":"Polygon","coordinates":[[[11.9936,53.7365],[11.9838,53.7429],[11.9652,53.7405],[11.9355,53.7427],[11.9042,53.7363],[11.8805,53.739],[11.8691,53.7312],[11.8857,53.7175],[11.9056,53.7075],[11.9319,53.7081],[11.943,53.7103],[11.9587,53.7237],[11.9756,53.7295],[11.9936,53.7365]]]},"properties":{"AGS":"13076155","GEN":"Witzin","SN_L":"13"}},
{"type":"Feature","geometry":{"type":"Polygon","coordinates":[[[11.6968,53.7774],[11.6798,53.7877],[11.6661,53.7825],[11.6534,53.7759],[11.6399,53.7774],[11.6264,53.7608],[11.6019,53.7611],[11.597,53.7526],[11.6134,53.7484],[11.615,53.7323],[11.642,53.7376],[11.6563,53.7349],[11.6827,53.7438],[11.7019,53.7436],[11.7091,53.7505],[11.7008,53.7571],[11.7097,53.7653],[11.6968,53.7774]]]},"properties":{"AGS":"13076167","GEN":"Kloster Tempzin","SN_L":"13"}},
{"type":"Feature","geometry":{"type":"Polygon","coordinates":[[[11.241,53.6009],[11.2069,53.6011],[11.1985,53.5807],[11.168,53.5702],[11.1499,53.5669],[11.1631,53.5653],[11.1715,53.5416],[11.1884,53.5253],[11.2097,53.5253],[11.2096,53.5357],[11.1999,53.5418],[11.2247,53.5577],[11.247,53.5493],[11.2564,53.5574],[11.2846,53.5597],[11.2872,53.5708],[11.2699,53.5669],[11.2443,53.5766],[11.2414,53.5881],[11.241,53.6009]]]},"properties":{"AGS":"13076036","GEN":"Dümmer","SN_L":"13"}},
{"type":"Feature","geometry":{"type":"Polygon","coordinates":[[[11.3676,53.5565],[11.349,53.5577],[11.3179,53.5426],[11.3204,53.5232],[11.3387,53.514],[11.3508,53.5141],[11.3724,53.522],[11.3816,53.5302],[11.4161,53.529],[11.4245,53.5453],[11.4231,53.5496],[11.3676,53.5565]]]},"properties":{"AGS":"13076063","GEN":"Holthusen","SN_L":"13"}},
{"type":"Feature","geometry":{"type":"Polygon","coordinates":[[[11.357,53.5939],[11.3662,53.6087],[11.3582,53.6204],[11.301,53.6032],[11.2988,53.5924],[11.3139,53.5846],[11.3422,53.5839],[11.357,53.5939]]]},"properties":{"AGS":"13076071","GEN":"Klein Rogahn","SN_L":"13"}},
{"type":"Feature","geometry":{"type":"Polygon","coordinates":[[[11.3676,53.5565],[11.3804,53.5778],[11.357,53.5939],[11.3422,53.5839],[11.3243,53.553],[11.3138,53.5482],[11.3179,53.5426],[11.349,53.5577],[11.3676,53.5565]]]},"properties":{"AGS":"13076107","GEN":"Pampow","SN_L":"13"}},
{"type":"Feature","geometry":{"type":"Polygon","coordinates":[[[11.247,53.5493],[11.2247,53.5577],[11.1999,53.5418],[11.2096,53.5357],[11.2097,53.5253],[11.2098,53.5242],[11.2229,53.528],[11.2612,53.5196],[11.2818,53.5244],[11.2853,53.5269],[11.2565,53.5368],[11.247,53.5493]]]},"properties":{"AGS":"13076121","GEN":"Schossin","SN_L":"13"}},
{"type":"Feature","geometry":{"type":"Polygon","coordinates":[[[11.3422,53.5839],[11.3139,53.5846],[11.2988,53.5924],[11.2827,53.5883],[11.2779,53.5829],[11.2872,53.5708],[11.2846,53.5597],[11.3136,53.5527],[11.3138,53.5482],[11.3243,53.553],[11.3422,53.5839]]]},"properties":{"AGS":"13076130","GEN":"Stralendorf","SN_L":"13"}},
{"type":"Feature","geometry":{"type":"Polygon","coordinates":[[[11.2846,53.5597],[11.2564,53.5574],[11.247,53.5493],[11.2565,53.5368],[11.2853,53.5269],[11.3107,53.5205],[11.3204,53.5232],[11.3179,53.5426],[11.3138,53.5482],[11.3136,53.5527],[11.2846,53.5597]]]},"properties":{"AGS":"13076147","GEN":"Warsow","SN_L":"13"}},
{"type":"Feature","geometry":{"type":"Polygon","coordinates":[[[11.3016,53.6524],[11.2793,53.6488],[11.3072,53.6345],[11.2928,53.6219],[11.3169,53.6212],[11.301,53.6032],[11.3582,53.6204],[11.3466,53.6338],[11.3282,53.6451],[11.3016,53.6524]]]},"properties":{"AGS":"13076154","GEN":"Wittenförden","SN_L":"13"}},
{"type":"Feature","geometry":{"type":"Polygon","coordinates":[[[11.2827,53.5883],[11.2737,53.5958],[11.2496,53.5957],[11.2414,53.5881],[11.2443,53.5766],[11.2699,53.5669],[11.2872,53.5708],[11.2779,53.5829],[11.2827,53.5883]]]},"properties":{"AGS":"13076163","GEN":"Zülow","SN_L":"13"}},
{"type":"Feature","geometry":{"type":"Polygon","coordinates":[[[11.1524,53.4935],[11.1392,53.5029],[11.0882,53.5213],[11.09,53.5328],[11.0359,53.5286],[11.0333,53.5165],[11.0083,53.5039],[11.0149,53.4965],[10.9943,53.4804],[11.0144,53.4703],[11.0103,53.4627],[11.0336,53.4592],[11.0376,53.4536],[11.0101,53.4471],[11.0071,53.4296],[11.0283,53.4278],[11.0336,53.42],[11.0491,53.4168],[11.0818,53.4279],[11.0869,53.4427],[11.1216,53.4529],[11.139,53.4685],[11.1286,53.4712],[11.1217,53.4876],[11.1524,53.4935]]]},"properties":{"AGS":"13076152","GEN":"Wittenburg","SN_L":"13"}},
{"type":"Feature","geometry":{"type":"Polygon","coordinates":[[[11.1023,53.6059],[11.092,53.6081],[11.0657,53.6048],[11.0621,53.599],[11.033,53.5979],[11.0134,53.6026],[11.0102,53.596],[11.0191,53.5827],[11.0064,53.5617],[11.0008,53.5307],[10.9812,53.5247],[10.9739,53.4828],[10.9943,53.4804],[11.0149,53.4965],[11.0083,53.5039],[11.0333,53.5165],[11.0359,53.5286],[11.09,53.5328],[11.0882,53.5213],[11.1392,53.5029],[11.1524,53.4935],[11.1749,53.493],[11.1694,53.5083],[11.1829,53.5137],[11.1884,53.5253],[11.1715,53.5416],[11.1631,53.5653],[11.1499,53.5669],[11.1417,53.5676],[11.1464,53.5878],[11.1341,53.5937],[11.1191,53.5892],[11.1023,53.6059]]]},"properties":{"AGS":"13076153","GEN":"Wittendörp","SN_L":"13"}},
{"type":"Feature","geometry":{"type":"Polygon","coordinates":[[[10.8867,53.4957],[10.8535,53.509],[10.8286,53.5091],[10.8243,53.5137],[10.8106,53.5162],[10.7848,53.5078],[10.7838,53.5064],[10.8144,53.491],[10.8105,53.4685],[10.835,53.4777],[10.8571,53.4801],[10.8735,53.4756],[10.9105,53.4756],[10.9182,53.4861],[10.8867,53.4957]]]},"properties":{"AGS":"13076039","GEN":"Gallin","SN_L":"13"}},
{"type":"Feature","geometry":{"type":"Polygon","coordinates":[[[10.9812,53.5247],[10.9591,53.5354],[10.9424,53.5311],[10.9422,53.5219],[10.9174,53.5227],[10.9112,53.51],[10.8943,53.5085],[10.8867,53.4957],[10.9182,53.4861],[10.9105,53.4756],[10.9199,53.4685],[10.9138,53.4551],[10.9409,53.4632],[10.9451,53.4781],[10.9739,53.4828],[10.9812,53.5247]]]},"properties":{"AGS":"13076073","GEN":"Kogel","SN_L":"13"}},
{"type":"Feature","geometry":{"type":"Polygon","coordinates":[[[10.9174,53.5227],[10.9104,53.5342],[10.889,53.546],[10.8569,53.5418],[10.8308,53.5445],[10.8191,53.5344],[10.8155,53.5202],[10.8243,53.5137],[10.8286,53.5091],[10.8535,53.509],[10.8867,53.4957],[10.8943,53.5085],[10.9112,53.51],[10.9174,53.5227]]]},"properties":{"AGS":"13076092","GEN":"Lüttow-Valluhn","SN_L":"13"}},
{"type":"Feature","geometry":{"type":"Polygon","coordinates":[[[10.9943,53.4804],[10.9739,53.4828],[10.9451,53.4781],[10.9409,53.4632],[10.9138,53.4551],[10.9199,53.4685],[10.9105,53.4756],[10.8735,53.4756],[10.8446,53.4512],[10.8594,53.4504],[10.8813,53.4378],[10.9071,53.4325],[10.8804,53.4205],[10.8744,53.4077],[10.8755,53.3991],[10.9021,53.3936],[10.9453,53.3951],[10.9638,53.3858],[10.9595,53.3798],[10.9896,53.3842],[11.0099,53.3762],[11,53.3507],[11.0146,53.3425],[11.0475,53.3458],[11.0393,53.3539],[11.0482,53.3676],[11.0356,53.3799],[11.0417,53.3982],[11.0336,53.42],[11.0283,53.4278],[11.0071,53.4296],[11.0101,53.4471],[11.0376,53.4536],[11.0336,53.4592],[11.0103,53.4627],[11.0144,53.4703],[10.9943,53.4804]]]},"properties":{"AGS":"13076142","GEN":"Vellahn","SN_L":"13"}},
{"type":"Feature","geometry":{"type":"Polygon","coordinates":[[[10.9913,53.6371],[10.9519,53.6476],[10.9296,53.6287],[10.9278,53.623],[10.9182,53.5949],[10.9238,53.5842],[10.9111,53.5726],[10.8948,53.5724],[10.8647,53.5649],[10.8501,53.5653],[10.8398,53.5754],[10.823,53.5726],[10.8308,53.5445],[10.8569,53.5418],[10.889,53.546],[10.9104,53.5342],[10.9174,53.5227],[10.9422,53.5219],[10.9424,53.5311],[10.9591,53.5354],[10.9812,53.5247],[11.0008,53.5307],[11.0064,53.5617],[11.0191,53.5827],[11.0102,53.596],[11.0134,53.6026],[11.0127,53.6161],[11.0005,53.6339],[10.9913,53.6371]]]},"properties":{"AGS":"13076159","GEN":"Zarrentin am Schaalsee","SN_L":"13"}},
{"type":"Feature","geometry":{"type":"Polygon","coordinates":[[[11.5505,53.524],[11.5346,53.5346],[11.5454,53.5434],[11.5455,53.5516],[11.5315,53.5465],[11.5184,53.5307],[11.4963,53.5364],[11.4665,53.5329],[11.4805,53.4942],[11.4909,53.48],[11.4706,53.4761],[11.4773,53.4652],[11.4695,53.4548],[11.5087,53.4517],[11.5113,53.4461],[11.5457,53.4458],[11.5552,53.4579],[11.5449,53.4678],[11.5782,53.4859],[11.5524,53.5028],[11.5643,53.5073],[11.5618,53.5192],[11.5505,53.524]]]},"properties":{"AGS":"13076005","GEN":"Banzkow","SN_L":"13"}},
{"type":"Feature","geometry":{"type":"Polygon","coordinates":[[[11.7602,53.6108],[11.7445,53.6086],[11.7346,53.619],[11.7012,53.6142],[11.695,53.6089],[11.6836,53.5952],[11.6734,53.5748],[11.6892,53.5699],[11.7053,53.5656],[11.729,53.5893],[11.7602,53.6108]]]},"properties":{"AGS":"13076007","GEN":"Barnin","SN_L":"13"}},
{"type":"Feature","geometry":{"type":"Polygon","coordinates":[[[11.8332,53.6014],[11.8163,53.6139],[11.8045,53.6079],[11.7757,53.6075],[11.7602,53.6108],[11.729,53.5893],[11.7887,53.5727],[11.8317,53.5683],[11.8332,53.6014]]]},"properties":{"AGS":"13076023","GEN":"Bülow","SN_L":"13"}},
{"type":"Feature","geometry":{"type":"Polygon","coordinates":[[[11.5772,53.716],[11.5225,53.7185],[11.5024,53.7081],[11.4994,53.6978],[11.5287,53.6908],[11.5363,53.6624],[11.5511,53.6814],[11.5882,53.6826],[11.5841,53.6907],[11.5877,53.7061],[11.5772,53.716]]]},"properties":{"AGS":"13076024","GEN":"Cambs","SN_L":"13"}},
{"type":"Feature","geometry":{"type":"MultiPolygon","coordinates":[[[[11.729,53.5893],[11.7053,53.5656],[11.7088,53.5499],[11.7315,53.5475],[11.748,53.5575],[11.7736,53.5488],[11.7887,53.5727],[11.729,53.5893]]],[[[11.6452,53.6395],[11.6279,53.6581],[11.6116,53.6577],[11.603,53.6517],[11.6091,53.6352],[11.5963,53.6261],[11.5694,53.6259],[11.5839,53.5997],[11.5693,53.5879],[11.5887,53.5852],[11.5783,53.5744],[11.5985,53.5544],[11.626,53.5465],[11.6435,53.5515],[11.6892,53.5699],[11.6734,53.5748],[11.6836,53.5952],[11.695,53.6089],[11.6592,53.6171],[11.6347,53.6381],[11.6452,53.6395]]]]},"properties":{"AGS":"13076025","GEN":"Crivitz","SN_L":"13"}},
{"type":"Feature","geometry":{"type":"Polygon","coordinates":[[[11.7692,53.6616],[11.7582,53.6519],[11.7364,53.644],[11.7214,53.6637],[11.6829,53.65],[11.6452,53.6395],[11.6347,53.6381],[11.6592,53.6171],[11.695,53.6089],[11.7012,53.6142],[11.7346,53.619],[11.7445,53.6086],[11.7602,53.6108],[11.7757,53.6075],[11.8045,53.6079],[11.8163,53.6139],[11.8263,53.6343],[11.8021,53.6366],[11.7766,53.6477],[11.7938,53.6568],[11.7692,53.6616]]]},"properties":{"AGS":"13076029","GEN":"Demen","SN_L":"13"}},
{"type":"Feature","geometry":{"type":"Polygon","coordinates":[[[11.5298,53.769],[11.4945,53.771],[11.4945,53.7531],[11.5024,53.7354],[11.4908,53.7108],[11.5024,53.7081],[11.5225,53.7185],[11.5772,53.716],[11.5806,53.7338],[11.5946,53.7383],[11.597,53.7526],[11.6019,53.7611],[11.5853,53.761],[11.5694,53.7671],[11.5522,53.7626],[11.5298,53.769]]]},"properties":{"AGS":"13076033","GEN":"Dobin am See","SN_L":"13"}},
{"type":"Feature","geometry":{"type":"Polygon","coordinates":[[[11.7736,53.5488],[11.748,53.5575],[11.7315,53.5475],[11.7088,53.5499],[11.6787,53.536],[11.6788,53.528],[11.705,53.5078],[11.7312,53.499],[11.7498,53.5002],[11.7611,53.5152],[11.8224,53.5195],[11.8132,53.534],[11.786,53.5411],[11.7736,53.5488]]]},"properties":{"AGS":"13076038","GEN":"Friedrichsruhe","SN_L":"13"}},
{"type":"Feature","geometry":{"type":"Polygon","coordinates":[[[11.603,53.6517],[11.5809,53.6509],[11.5756,53.6435],[11.5537,53.6485],[11.5332,53.6414],[11.5313,53.6345],[11.5694,53.6259],[11.5963,53.6261],[11.6091,53.6352],[11.603,53.6517]]]},"properties":{"AGS":"13076044","GEN":"Gneven","SN_L":"13"}},
{"type":"Feature","geometry":{"type":"Polygon","coordinates":[[[11.5882,53.6826],[11.5511,53.6814],[11.5363,53.6624],[11.5332,53.6414],[11.5537,53.6485],[11.5756,53.6435],[11.5809,53.6509],[11.603,53.6517],[11.6116,53.6577],[11.6061,53.6585],[11.5882,53.6826]]]},"properties":{"AGS":"13076080","GEN":"Langen Brütz","SN_L":"13"}},
{"type":"Feature","geometry":{"type":"Polygon","coordinates":[[[11.5363,53.6624],[11.5287,53.6908],[11.4994,53.6978],[11.5024,53.7081],[11.4908,53.7108],[11.4853,53.6904],[11.4534,53.6901],[11.4495,53.6807],[11.4714,53.6842],[11.4857,53.6665],[11.4857,53.6335],[11.5042,53.6216],[11.5192,53.6219],[11.5313,53.6345],[11.5332,53.6414],[11.5363,53.6624]]]},"properties":{"AGS":"13076082","GEN":"Leezen","SN_L":"13"}},
{"type":"Feature","geometry":{"type":"Polygon","coordinates":[[[11.5694,53.6259],[11.5313,53.6345],[11.5192,53.6219],[11.5237,53.6165],[11.5122,53.5958],[11.5328,53.5898],[11.5251,53.579],[11.5395,53.5776],[11.5693,53.5879],[11.5839,53.5997],[11.5694,53.6259]]]},"properties":{"AGS":"13076112","GEN":"Pinnow","SN_L":"13"}},
{"type":"Feature","geometry":{"type":"MultiPolygon","coordinates":[[[[11.5505,53.524],[11.5454,53.5434],[11.5346,53.5346],[11.5505,53.524]]],[[[11.4877,53.5798],[11.4756,53.5837],[11.4515,53.5704],[11.4806,53.5625],[11.4618,53.5501],[11.4665,53.5329],[11.4963,53.5364],[11.5184,53.5307],[11.5315,53.5465],[11.5455,53.5516],[11.5247,53.5768],[11.5161,53.578],[11.4912,53.5699],[11.4877,53.5798]]]]},"properties":{"AGS":"13076113","GEN":"Plate","SN_L":"13"}},
{"type":"Feature","geometry":{"type":"Polygon","coordinates":[[[11.5192,53.6219],[11.5042,53.6216],[11.5054,53.6062],[11.4919,53.595],[11.4877,53.5798],[11.4912,53.5699],[11.5161,53.578],[11.5247,53.5768],[11.5251,53.579],[11.5328,53.5898],[11.5122,53.5958],[11.5237,53.6165],[11.5192,53.6219]]]},"properties":{"AGS":"13076117","GEN":"Raben Steinfeld","SN_L":"13"}},
{"type":"Feature","geometry":{"type":"Polygon","coordinates":[[[11.5985,53.5544],[11.5783,53.5744],[11.5887,53.5852],[11.5693,53.5879],[11.5395,53.5776],[11.5251,53.579],[11.5247,53.5768],[11.5455,53.5516],[11.5454,53.5434],[11.5505,53.524],[11.5618,53.5192],[11.5831,53.5212],[11.5769,53.5345],[11.5985,53.5544]]]},"properties":{"AGS":"13076133","GEN":"Sukow","SN_L":"13"}},
{"type":"Feature","geometry":{"type":"Polygon","coordinates":[[[11.6435,53.5515],[11.626,53.5465],[11.5985,53.5544],[11.5769,53.5345],[11.5831,53.5212],[11.5618,53.5192],[11.5643,53.5073],[11.5524,53.5028],[11.5782,53.4859],[11.6096,53.4663],[11.633,53.4635],[11.6323,53.4755],[11.6409,53.4807],[11.63,53.4901],[11.6379,53.5089],[11.6649,53.5154],[11.6606,53.5318],[11.6462,53.5414],[11.6435,53.5515]]]},"properties":{"AGS":"13076140","GEN":"Tramm","SN_L":"13"}},
{"type":"Feature","geometry":{"type":"Polygon","coordinates":[[[11.7053,53.5656],[11.6892,53.5699],[11.6435,53.5515],[11.6462,53.5414],[11.6606,53.5318],[11.6787,53.536],[11.7088,53.5499],[11.7053,53.5656]]]},"properties":{"AGS":"13076158","GEN":"Zapel","SN_L":"13"}},
{"type":"Feature","geometry":{"type":"Polygon","coordinates":[[[12.101,54.1693],[12.0868,54.1851],[12.0963,54.1703],[12.0926,54.1538],[12.0839,54.1445],[12.0906,54.1312],[12.0859,54.1232],[12.0907,54.1109],[12.102,54.1111],[12.0964,54.1366],[12.097,54.1519],[12.1102,54.1593],[12.1376,54.1598],[12.1432,54.1742],[12.1231,54.1777],[12.101,54.1693]]]},"properties":{"AGS":"13003000","GEN":"Rostock","SN_L":"13"}},
{"type":"Feature","geometry":{"type":"Polygon","coordinates":[[[11.7734,54.1516],[11.7753,54.1539],[11.7684,54.1558],[11.7666,54.1537],[11.7734,54.1516]]]},"properties":{"AGS":"13072060","GEN":"Kühlungsborn","SN_L":"13"}},
{"type":"Feature","geometry":{"type":"Polygon","coordinates":[[[11.6048,54.1028],[11.6147,54.1016],[11.61,54.1038],[11.6048,54.1028]]]},"properties":{"AGS":"13072085","GEN":"Rerik","SN_L":"13"}},
{"type":"Feature","geometry":{"type":"Polygon","coordinates":[[[13.4636,54.3294],[13.461,54.3296],[13.4592,54.3346],[13.4546,54.3361],[13.455,54.3307],[13.4605,54.3274],[13.4639,54.3287],[13.4636,54.3294]]]},"properties":{"AGS":"13073070","GEN":"Putbus","SN_L":"13"}},
{"type":"Feature","geometry":{"type":"Polygon","coordinates":[[[13.6282,54.5062],[13.6343,54.5046],[13.6509,54.514],[13.6282,54.5062]]]},"properties":{"AGS":"13073080","GEN":"Sassnitz","SN_L":"13"}},
{"type":"Feature","geometry":{"type":"Polygon","coordinates":[[[13.1291,54.3211],[13.115,54.323],[13.1047,54.3475],[13.0945,54.3464],[13.0758,54.3458],[13.0875,54.3201],[13.1104,54.3075],[13.1048,54.2828],[13.1276,54.2705],[13.1521,54.2685],[13.1366,54.2764],[13.1309,54.2878],[13.1399,54.3074],[13.1351,54.3174],[13.1291,54.3211]]]},"properties":{"AGS":"13073088","GEN":"Stralsund","SN_L":"13"}},
{"type":"Feature","geometry":{"type":"Polygon","coordinates":[[[13.0945,54.3464],[13.0798,54.3529],[13.0758,54.3458],[13.0945,54.3464]]]},"properties":{"AGS":"13073046","GEN":"Kramerhof","SN_L":"13"}},
{"type":"Feature","geometry":{"type":"Polygon","coordinates":[[[12.7354,54.3726],[12.7195,54.3731],[12.7356,54.3705],[12.7354,54.3726]]]},"properties":{"AGS":"13073009","GEN":"Barth","SN_L":"13"}},
{"type":"Feature","geometry":{"type":"Polygon","coordinates":[[[13.2171,54.273],[13.2191,54.2789],[13.2153,54.2793],[13.2159,54.273],[13.2171,54.273]]]},"properties":{"AGS":"13073038","GEN":"Gustow","SN_L":"13"}},
{"type":"Feature","geometry":{"type":"Polygon","coordinates":[[[13.4495,54.4743],[13.4531,54.4728],[13.4526,54.4744],[13.4495,54.4743]]]},"properties":{"AGS":"13073072","GEN":"Ralswiek","SN_L":"13"}},
{"type":"Feature","geometry":{"type":"Polygon","coordinates":[[[13.3893,54.5389],[13.3594,54.546],[13.3595,54.5448],[13.3616,54.538],[13.3453,54.5248],[13.3496,54.5185],[13.3715,54.5222],[13.3877,54.5313],[13.3893,54.5389]]]},"properties":{"AGS":"13073074","GEN":"Rappin","SN_L":"13"}},
{"type":"Feature","geometry":{"type":"Polygon","coordinates":[[[12.525,54.4727],[12.5229,54.4725],[12.5231,54.4718],[12.5254,54.4721],[12.525,54.4727]]]},"properties":{"AGS":"13073012","GEN":"Born a.Darß","SN_L":"13"}},
{"type":"Feature","geometry":{"type":"Polygon","coordinates":[[[13.736,54.3322],[13.7476,54.3267],[13.7524,54.3301],[13.7409,54.3356],[13.736,54.3322]]]},"properties":{"AGS":"13073031","GEN":"Göhren","SN_L":"13"}},
{"type":"Feature","geometry":{"type":"Polygon","coordinates":[[[13.6519,54.348],[13.6504,54.3491],[13.6487,54.3484],[13.6519,54.348]]]},"properties":{"AGS":"13073084","GEN":"Sellin","SN_L":"13"}},
{"type":"Feature","geometry":{"type":"Polygon","coordinates":[[[13.6813,54.3123],[13.6817,54.3099],[13.6854,54.3102],[13.6843,54.3136],[13.6813,54.3123]]]},"properties":{"AGS":"13073107","GEN":"Mönchgut","SN_L":"13"}},
{"type":"Feature","geometry":{"type":"Polygon","coordinates":[[[13.3544,54.6115],[13.3592,54.612],[13.3583,54.6133],[13.3544,54.6115]]]},"properties":{"AGS":"13073013","GEN":"Breege","SN_L":"13"}},
{"type":"Feature","geometry":{"type":"Polygon","coordinates":[[[13.2379,54.5942],[13.2302,54.5961],[13.2291,54.5931],[13.2379,54.5942]]]},"properties":{"AGS":"13073019","GEN":"Dranske","SN_L":"13"}},
{"type":"Feature","geometry":{"type":"Polygon","coordinates":[[[13.495,54.5496],[13.4936,54.5575],[13.5103,54.5578],[13.5128,54.5652],[13.4916,54.5629],[13.4895,54.5508],[13.495,54.5496]]]},"properties":{"AGS":"13073030","GEN":"Glowe","SN_L":"13"}},
{"type":"Feature","geometry":{"type":"Polygon","coordinates":[[[13.2831,54.6207],[13.2857,54.6229],[13.2822,54.6217],[13.2831,54.6207]]]},"properties":{"AGS":"13073101","GEN":"Wiek","SN_L":"13"}},
{"type":"Feature","geometry":{"type":"Polygon","coordinates":[[[12.427,54.374],[12.4191,54.3705],[12.4164,54.3563],[12.4205,54.3401],[12.4066,54.3369],[12.3939,54.3225],[12.3827,54.3101],[12.365,54.3103],[12.3583,54.3027],[12.367,54.2885],[12.3825,54.2781],[12.3632,54.2671],[12.3773,54.2609],[12.398,54.2512],[12.4184,54.2464],[12.4543,54.2466],[12.45,54.2545],[12.4186,54.2583],[12.4078,54.2767],[12.4159,54.2874],[12.4294,54.2936],[12.427,54.374]]]},"properties":{"AGS":"13073075","GEN":"Ribnitz-Damgarten","SN_L":"13"}},
{"type":"Feature","geometry":{"type":"Polygon","coordinates":[[[13.2426,54.4061],[13.234,54.4036],[13.2342,54.4032],[13.255,54.4053],[13.2426,54.4061]]]},"properties":{"AGS":"13073021","GEN":"Dreschvitz","SN_L":"13"}},
{"type":"Feature","geometry":{"type":"Polygon","coordinates":[[[13.2403,54.4654],[13.2507,54.4653],[13.2438,54.468],[13.2394,54.4659],[13.2403,54.4654]]]},"properties":{"AGS":"13073028","GEN":"Gingst","SN_L":"13"}},
{"type":"Feature","geometry":{"type":"Polygon","coordinates":[[[13.1687,54.5098],[13.1633,54.5133],[13.1628,54.5126],[13.167,54.5096],[13.1687,54.5098]]]},"properties":{"AGS":"13073081","GEN":"Schaprode","SN_L":"13"}},
{"type":"Feature","geometry":{"type":"Polygon","coordinates":[[[13.255,54.4053],[13.2518,54.4079],[13.2426,54.4061],[13.255,54.4053]]]},"properties":{"AGS":"13073095","GEN":"Ummanz","SN_L":"13"}},
{"type":"Feature","geometry":{"type":"Polygon","coordinates":[[[11.4124,53.9671],[11.4005,53.9689],[11.3936,53.9747],[11.3872,53.9702],[11.4111,53.9666],[11.4124,53.9671]]]},"properties":{"AGS":"13074035","GEN":"Insel Poel","SN_L":"13"}},
{"type":"Feature","geometry":{"type":"Polygon","coordinates":[[[11.4365,53.9073],[11.4369,53.9111],[11.4264,53.913],[11.4365,53.9073]]]},"properties":{"AGS":"13074087","GEN":"Wismar","SN_L":"13"}},
{"type":"Feature","geometry":{"type":"Polygon","coordinates":[[[11.2462,53.9735],[11.2543,53.9726],[11.2576,53.9796],[11.2462,53.9735]]]},"properties":{"AGS":"13074010","GEN":"Boltenhagen","SN_L":"13"}},
{"type":"Feature","geometry":{"type":"Polygon","coordinates":[[[11.3466,53.9464],[11.3495,53.947],[11.3487,53.9486],[11.3457,53.948],[11.3466,53.9464]]]},"properties":{"AGS":"13074032","GEN":"Hohenkirchen","SN_L":"13"}},
{"type":"Feature","geometry":{"type":"Polygon","coordinates":[[[11.2509,53.9391],[11.2546,53.9407],[11.2529,53.9422],[11.2498,53.9409],[11.2509,53.9391]]]},"properties":{"AGS":"13074039","GEN":"Klütz","SN_L":"13"}},
{"type":"Feature","geometry":{"type":"Polygon","coordinates":[[[13.8211,53.85],[13.819,53.8566],[13.8076,53.8557],[13.8143,53.8478],[13.8211,53.85]]]},"properties":{"AGS":"13075005","GEN":"Anklam","SN_L":"13"}},
{"type":"Feature","geometry":{"type":"MultiPolygon","coordinates":[[[[13.3487,54.1805],[13.3474,54.1818],[13.3463,54.1814],[13.3475,54.1801],[13.3487,54.1805]]],[[[13.4581,54.0908],[13.4579,54.0973],[13.4558,54.0939],[13.4581,54.0908]]]]},"properties":{"AGS":"13075039","GEN":"Greifswald","SN_L":"13"}},
{"type":"Feature","geometry":{"type":"Polygon","coordinates":[[[14.1369,53.8074],[14.0731,53.8116],[14.0295,53.8102],[14.0315,53.7582],[14.0321,53.7576],[14.0598,53.7553],[14.0762,53.7471],[14.1017,53.74],[14.1382,53.7395],[14.1369,53.8074]]]},"properties":{"AGS":"13075136","GEN":"Ueckermünde","SN_L":"13"}},
{"type":"Feature","geometry":{"type":"Polygon","coordinates":[[[13.7852,54.0529],[13.7803,54.0558],[13.7788,54.0555],[13.7854,54.0509],[13.7852,54.0529]]]},"properties":{"AGS":"13075144","GEN":"Wolgast","SN_L":"13"}},
{"type":"Feature","geometry":{"type":"Polygon","coordinates":[[[14.2691,53.7133],[14.2735,53.7444],[14.2669,53.7535],[14.2836,53.7723],[14.2704,53.7899],[14.2158,53.8001],[14.2165,53.7523],[14.2297,53.7612],[14.2599,53.7537],[14.2717,53.7393],[14.2512,53.7195],[14.233,53.7129],[14.2691,53.7133]]]},"properties":{"AGS":"13075003","GEN":"Altwarp","SN_L":"13"}},
{"type":"Feature","geometry":{"type":"Polygon","coordinates":[[[14.0295,53.8102],[13.9869,53.8122],[13.9881,53.7698],[14.0315,53.7582],[14.0295,53.8102]]]},"properties":{"AGS":"13075037","GEN":"Grambin","SN_L":"13"}},
{"type":"Feature","geometry":{"type":"Polygon","coordinates":[[[14.2673,53.6985],[14.2683,53.7084],[14.2674,53.708],[14.2497,53.7079],[14.2171,53.7075],[14.2224,53.6982],[14.2454,53.6937],[14.2673,53.6985]]]},"properties":{"AGS":"13075085","GEN":"Luckow","SN_L":"13"}},
{"type":"Feature","geometry":{"type":"Polygon","coordinates":[[[13.9869,53.8122],[13.9679,53.8152],[13.9439,53.788],[13.9684,53.7731],[13.9881,53.7698],[13.9869,53.8122]]]},"properties":{"AGS":"13075093","GEN":"Mönkebude","SN_L":"13"}},
{"type":"Feature","geometry":{"type":"MultiPolygon","coordinates":[[[[14.2691,53.7133],[14.233,53.7129],[14.2171,53.7075],[14.2497,53.7079],[14.2674,53.708],[14.2683,53.7084],[14.2691,53.7133]]],[[[14.1382,53.7395],[14.1672,53.7419],[14.179,53.7351],[14.2165,53.7523],[14.2158,53.8001],[14.1785,53.8068],[14.1369,53.8074],[14.1382,53.7395]]]]},"properties":{"AGS":"13075139","GEN":"Vogelsang-Warsin","SN_L":"13"}},
{"type":"Feature","geometry":{"type":"MultiPolygon","coordinates":[[[[13.8244,53.847],[13.8211,53.85],[13.8143,53.8478],[13.8192,53.8419],[13.8244,53.847]]],[[[13.8186,53.8592],[13.8151,53.8627],[13.8076,53.8557],[13.819,53.8566],[13.8186,53.8592]]]]},"properties":{"AGS":"13075007","GEN":"Bargischow","SN_L":"13"}},
{"type":"Feature","geometry":{"type":"Polygon","coordinates":[[[13.9679,53.8152],[13.9181,53.8257],[13.8871,53.8279],[13.8513,53.8451],[13.8244,53.847],[13.8192,53.8419],[13.8489,53.8433],[13.8723,53.8312],[13.8823,53.818],[13.9016,53.8024],[13.914,53.806],[13.9439,53.788],[13.9679,53.8152]]]},"properties":{"AGS":"13075020","GEN":"Bugewitz","SN_L":"13"}},
{"type":"Feature","geometry":{"type":"Polygon","coordinates":[[[13.4135,54.1607],[13.3997,54.1723],[13.3998,54.1696],[13.4073,54.1623],[13.3802,54.1518],[13.3833,54.1432],[13.4018,54.1477],[13.4111,54.1555],[13.4135,54.1607]]]},"properties":{"AGS":"13075102","GEN":"Neuenkirchen","SN_L":"13"}},
{"type":"Feature","geometry":{"type":"Polygon","coordinates":[[[13.576,54.1318],[13.5758,54.1333],[13.5733,54.1351],[13.5724,54.1318],[13.576,54.1318]]]},"properties":{"AGS":"13075018","GEN":"Brünzow","SN_L":"13"}},
{"type":"Feature","geometry":{"type":"Polygon","coordinates":[[[13.79,54.1088],[13.7783,54.1099],[13.7637,54.127],[13.7625,54.1277],[13.7751,54.11],[13.7917,54.1074],[13.8035,54.0961],[13.8049,54.096],[13.7969,54.1073],[13.79,54.1088]]]},"properties":{"AGS":"13075069","GEN":"Kröslin","SN_L":"13"}},
{"type":"Feature","geometry":{"type":"Polygon","coordinates":[[[13.653,54.1537],[13.6474,54.1572],[13.6411,54.1539],[13.6457,54.1508],[13.653,54.1537]]]},"properties":{"AGS":"13075083","GEN":"Lubmin","SN_L":"13"}},
{"type":"Feature","geometry":{"type":"Polygon","coordinates":[[[13.8088,54.1073],[13.8128,54.1074],[13.8126,54.1088],[13.8077,54.1078],[13.8088,54.1073]]]},"properties":{"AGS":"13075058","GEN":"Karlshagen","SN_L":"13"}},
{"type":"Feature","geometry":{"type":"Polygon","coordinates":[[[13.7642,54.134],[13.7668,54.1346],[13.7644,54.1381],[13.7614,54.1372],[13.7642,54.134]]]},"properties":{"AGS":"13075106","GEN":"Peenemünde","SN_L":"13"}},
{"type":"Feature","geometry":{"type":"Polygon","coordinates":[[[14.2113,53.8671],[14.2087,53.8678],[14.2068,53.8658],[14.2113,53.8671]]]},"properties":{"AGS":"13075056","GEN":"Kamminke","SN_L":"13"}},
{"type":"Feature","geometry":{"type":"Polygon","coordinates":[[[14.0431,53.9996],[14.0414,53.9998],[14.0374,53.9986],[14.038,53.998],[14.0431,53.9996]]]},"properties":{"AGS":"13075135","GEN":"Ückeritz","SN_L":"13"}},
{"type":"Feature","geometry":{"type":"Polygon","coordinates":[[[13.9315,53.8704],[13.9279,53.8727],[13.9283,53.8699],[13.9315,53.8704]]]},"properties":{"AGS":"13075137","GEN":"Usedom","SN_L":"13"}},
{"type":"Feature","geometry":{"type":"Polygon","coordinates":[[[13.8186,53.8592],[13.8266,53.8656],[13.8262,53.8776],[13.8247,53.8647],[13.8151,53.8627],[13.8186,53.8592]]]},"properties":{"AGS":"13075094","GEN":"Murchin","SN_L":"13"}}
]}