{"type":"FeatureCollection", "features": [
{"type":"Feature","geometry":{"type":"Polygon","coordinates":[[[12.9897,50.8917],[12.9532,50.8929],[12.9244,50.889],[12.896,50.8959],[12.8882,50.9038],[12.8472,50.8974],[12.8269,50.8823],[12.8043,50.8669],[12.8055,50.8486],[12.7829,50.8366],[12.7733,50.8234],[12.7547,50.8224],[12.7403,50.8294],[12.7271,50.8174],[12.7476,50.8216],[12.769,50.8114],[12.7678,50.8049],[12.7789,50.7896],[12.7923,50.7846],[12.8166,50.7883],[12.8406,50.802],[12.8458,50.7977],[12.8949,50.7801],[12.8943,50.7548],[12.9089,50.7456],[12.9276,50.7413],[12.9362,50.7534],[12.9521,50.7588],[12.9685,50.7544],[12.9913,50.7696],[13.0182,50.7698],[13.0488,50.8066],[13.0396,50.819],[13.0478,50.8303],[13.0488,50.8413],[13.0325,50.8481],[13.0075,50.8525],[12.9869,50.8522],[12.9865,50.8648],[12.9965,50.8751],[12.9906,50.8881],[12.9897,50.8917]]]},"properties":{"AGS":"14511000","GEN":"Chemnitz","SN_L":"14"}},
{"type":"Feature","geometry":{"type":"Polygon","coordinates":[[[13.0182,50.7698],[12.9913,50.7696],[12.9685,50.7544],[12.963,50.7421],[12.979,50.7283],[12.9977,50.7177],[13.0096,50.7161],[13.0357,50.7252],[13.0527,50.7302],[13.0416,50.7468],[13.0235,50.7552],[13.0182,50.7698]]]},"properties":{"AGS":"14521010","GEN":"Amtsberg","SN_L":"14"}},
{"type":"Feature","geometry":{"type":"Polygon","coordinates":[[[13.046,50.5976],[13.0362,50.5959],[13.021,50.6062],[12.9998,50.5974],[12.9808,50.6034],[12.9798,50.6018],[12.9706,50.5795],[12.9824,50.5654],[12.9843,50.5479],[12.9946,50.5512],[13.0185,50.5382],[13.0245,50.558],[13.0494,50.5655],[13.054,50.577],[13.046,50.5976]]]},"properties":{"AGS":"14521020","GEN":"Annaberg-Buchholz","SN_L":"14"}},
{"type":"Feature","geometry":{"type":"Polygon","coordinates":[[[12.6982,50.6355],[12.6855,50.634],[12.6441,50.6382],[12.6371,50.6345],[12.6308,50.6196],[12.6519,50.6093],[12.649,50.5964],[12.6576,50.5838],[12.6722,50.578],[12.6886,50.5616],[12.6902,50.5647],[12.6957,50.5722],[12.7128,50.5699],[12.7215,50.581],[12.7405,50.5932],[12.7373,50.5977],[12.7076,50.6045],[12.7168,50.6185],[12.7174,50.6312],[12.6982,50.6355]]]},"properties":{"AGS":"14521035","GEN":"Aue-Bad Schlema","SN_L":"14"}},
{"type":"Feature","geometry":{"type":"Polygon","coordinates":[[[12.8615,50.4689],[12.8278,50.4728],[12.816,50.4958],[12.7736,50.4967],[12.775,50.5128],[12.7422,50.5152],[12.7441,50.5042],[12.7185,50.4999],[12.7205,50.4928],[12.6991,50.4907],[12.6969,50.481],[12.7032,50.4584],[12.7461,50.4434],[12.7534,50.4378],[12.7949,50.4494],[12.8171,50.4501],[12.8201,50.4598],[12.8939,50.43],[12.8638,50.461],[12.8615,50.4689]]]},"properties":{"AGS":"14521110","GEN":"Breitenbrunn/Erzgeb.","SN_L":"14"}},
{"type":"Feature","geometry":{"type":"Polygon","coordinates":[[[12.9781,50.5447],[12.9516,50.5478],[12.9278,50.5439],[12.929,50.5377],[12.9227,50.5319],[12.9267,50.5196],[12.9048,50.516],[12.8941,50.4994],[12.8814,50.4896],[12.8877,50.4635],[12.8953,50.4567],[12.9176,50.4586],[12.9341,50.4719],[12.9371,50.4816],[12.9509,50.4912],[12.9591,50.5062],[12.9755,50.5253],[12.9781,50.5447]]]},"properties":{"AGS":"14521130","GEN":"Crottendorf","SN_L":"14"}},
{"type":"Feature","geometry":{"type":"Polygon","coordinates":[[[13.0357,50.7252],[13.0096,50.7161],[12.988,50.6964],[12.9972,50.6828],[12.9918,50.6752],[12.9719,50.6679],[12.9933,50.6451],[13.0016,50.6435],[13.0104,50.6455],[13.0438,50.6701],[13.0396,50.682],[13.0621,50.6934],[13.0682,50.7154],[13.0357,50.7252]]]},"properties":{"AGS":"14521150","GEN":"Drebach","SN_L":"14"}},
{"type":"Feature","geometry":{"type":"Polygon","coordinates":[[[12.9719,50.6679],[12.9618,50.6594],[12.936,50.6526],[12.9045,50.6572],[12.9003,50.6508],[12.9382,50.6383],[12.9446,50.6272],[12.9479,50.6241],[12.9711,50.6321],[12.977,50.6294],[13.0031,50.6339],[13.0016,50.6435],[12.9933,50.6451],[12.9719,50.6679]]]},"properties":{"AGS":"14521160","GEN":"Ehrenfriedersdorf","SN_L":"14"}},
{"type":"Feature","geometry":{"type":"Polygon","coordinates":[[[12.6405,50.5221],[12.6129,50.5203],[12.6073,50.5317],[12.5877,50.5242],[12.5836,50.517],[12.5566,50.5018],[12.5447,50.4821],[12.5128,50.4795],[12.5143,50.47],[12.4956,50.4674],[12.5375,50.4434],[12.584,50.4236],[12.5838,50.4071],[12.6029,50.4065],[12.617,50.4156],[12.6455,50.4108],[12.6672,50.4144],[12.6511,50.4297],[12.6477,50.4523],[12.663,50.4576],[12.7032,50.4584],[12.6969,50.481],[12.6991,50.4907],[12.6947,50.5059],[12.6614,50.5066],[12.6602,50.5203],[12.6405,50.5221]]]},"properties":{"AGS":"14521170","GEN":"Eibenstock","SN_L":"14"}},
{"type":"Feature","geometry":{"type":"Polygon","coordinates":[[[12.979,50.7283],[12.9136,50.7212],[12.9011,50.7107],[12.8992,50.7009],[12.9217,50.7018],[12.938,50.6891],[12.9518,50.6957],[12.988,50.6964],[13.0096,50.7161],[12.9977,50.7177],[12.979,50.7283]]]},"properties":{"AGS":"14521200","GEN":"Gelenau/Erzgeb.","SN_L":"14"}},
{"type":"Feature","geometry":{"type":"Polygon","coordinates":[[[13.1014,50.7164],[13.0827,50.7287],[13.0682,50.7154],[13.0621,50.6934],[13.0396,50.682],[13.0438,50.6701],[13.0743,50.6645],[13.101,50.6818],[13.1192,50.688],[13.1222,50.6968],[13.1014,50.7164]]]},"properties":{"AGS":"14521240","GEN":"Großolbersdorf","SN_L":"14"}},
{"type":"Feature","geometry":{"type":"Polygon","coordinates":[[[13.1205,50.6521],[13.1096,50.6487],[13.0893,50.634],[13.0762,50.6362],[13.0589,50.6279],[13.0637,50.6158],[13.076,50.604],[13.103,50.5934],[13.1125,50.5967],[13.1331,50.5896],[13.1273,50.6008],[13.1546,50.615],[13.1377,50.6423],[13.1205,50.6521]]]},"properties":{"AGS":"14521250","GEN":"Großrückerswalde","SN_L":"14"}},
{"type":"Feature","geometry":{"type":"Polygon","coordinates":[[[12.8352,50.5556],[12.8367,50.5704],[12.8283,50.595],[12.8454,50.6056],[12.8262,50.6126],[12.8164,50.6087],[12.8168,50.5957],[12.7822,50.5983],[12.7791,50.595],[12.7863,50.5771],[12.7778,50.5672],[12.7648,50.5655],[12.7786,50.5645],[12.7857,50.5513],[12.8073,50.5503],[12.8177,50.5454],[12.8352,50.5556]]]},"properties":{"AGS":"14521260","GEN":"Grünhain-Beierfeld","SN_L":"14"}},
{"type":"Feature","geometry":{"type":"Polygon","coordinates":[[[12.6947,50.7391],[12.6859,50.7547],[12.6609,50.7514],[12.6497,50.7537],[12.6678,50.7317],[12.6835,50.7297],[12.6947,50.7391]]]},"properties":{"AGS":"14521290","GEN":"Hohndorf","SN_L":"14"}},
{"type":"Feature","geometry":{"type":"Polygon","coordinates":[[[12.8708,50.7387],[12.8534,50.7567],[12.8429,50.7728],[12.8166,50.7883],[12.7923,50.7846],[12.7792,50.7528],[12.7878,50.749],[12.8138,50.7494],[12.8415,50.7143],[12.8566,50.7197],[12.8708,50.7387]]]},"properties":{"AGS":"14521310","GEN":"Jahnsdorf/Erzgeb.","SN_L":"14"}},
{"type":"Feature","geometry":{"type":"Polygon","coordinates":[[[12.7534,50.4378],[12.7461,50.4434],[12.7032,50.4584],[12.663,50.4576],[12.6477,50.4523],[12.6511,50.4297],[12.6672,50.4144],[12.7071,50.3973],[12.7076,50.4078],[12.7298,50.4217],[12.7346,50.4322],[12.7534,50.4378]]]},"properties":{"AGS":"14521320","GEN":"Johanngeorgenstadt","SN_L":"14"}},
{"type":"Feature","geometry":{"type":"Polygon","coordinates":[[[13.1759,50.5039],[13.1843,50.5152],[13.1749,50.5265],[13.2008,50.539],[13.1873,50.5708],[13.1723,50.5756],[13.1621,50.5659],[13.1485,50.5702],[13.149,50.5575],[13.1339,50.5549],[13.1153,50.5627],[13.0842,50.5498],[13.0753,50.5468],[13.0772,50.5265],[13.0595,50.501],[13.1015,50.5029],[13.1327,50.5183],[13.1367,50.5064],[13.1534,50.5085],[13.1759,50.5039]]]},"properties":{"AGS":"14521330","GEN":"Jöhstadt","SN_L":"14"}},
{"type":"Feature","geometry":{"type":"Polygon","coordinates":[[[12.7791,50.595],[12.7514,50.588],[12.7405,50.5932],[12.7215,50.581],[12.7128,50.5699],[12.6957,50.5722],[12.6902,50.5647],[12.6954,50.5468],[12.7167,50.5186],[12.7428,50.5221],[12.7369,50.5315],[12.7562,50.5581],[12.7648,50.5655],[12.7778,50.5672],[12.7863,50.5771],[12.7791,50.595]]]},"properties":{"AGS":"14521355","GEN":"Lauter-Bernsbach","SN_L":"14"}},
{"type":"Feature","geometry":{"type":"Polygon","coordinates":[[[12.7822,50.5983],[12.7805,50.622],[12.7624,50.6323],[12.7696,50.6416],[12.7938,50.6531],[12.7882,50.6636],[12.7741,50.6627],[12.7468,50.65],[12.7312,50.6521],[12.7109,50.6426],[12.6982,50.6355],[12.7174,50.6312],[12.7168,50.6185],[12.7076,50.6045],[12.7373,50.5977],[12.7405,50.5932],[12.7514,50.588],[12.7791,50.595],[12.7822,50.5983]]]},"properties":{"AGS":"14521370","GEN":"Lößnitz","SN_L":"14"}},
{"type":"Feature","geometry":{"type":"Polygon","coordinates":[[[13.2718,50.6859],[13.2492,50.6879],[13.2313,50.6852],[13.2334,50.6763],[13.2237,50.6611],[13.2106,50.6673],[13.1978,50.6804],[13.195,50.6935],[13.1813,50.6985],[13.1626,50.6948],[13.1508,50.6801],[13.1324,50.6722],[13.1205,50.6521],[13.1377,50.6423],[13.1546,50.615],[13.1273,50.6008],[13.1331,50.5896],[13.1485,50.5702],[13.1621,50.5659],[13.1723,50.5756],[13.1873,50.5708],[13.2008,50.539],[13.1749,50.5265],[13.1843,50.5152],[13.1759,50.5039],[13.1969,50.5046],[13.1959,50.5165],[13.228,50.5485],[13.2259,50.5662],[13.2336,50.5791],[13.2477,50.591],[13.2788,50.593],[13.2909,50.575],[13.3229,50.5813],[13.3194,50.6022],[13.3029,50.6083],[13.2856,50.5977],[13.2739,50.601],[13.2514,50.5994],[13.2509,50.6089],[13.2384,50.6164],[13.241,50.6333],[13.2614,50.633],[13.2782,50.6381],[13.2848,50.6491],[13.2697,50.6774],[13.2718,50.6859]]]},"properties":{"AGS":"14521390","GEN":"Marienberg","SN_L":"14"}},
{"type":"Feature","geometry":{"type":"Polygon","coordinates":[[[13.1331,50.5896],[13.1125,50.5967],[13.103,50.5934],[13.076,50.604],[13.0637,50.6158],[13.046,50.5976],[13.054,50.577],[13.0494,50.5655],[13.0842,50.5498],[13.1153,50.5627],[13.1339,50.5549],[13.149,50.5575],[13.1485,50.5702],[13.1331,50.5896]]]},"properties":{"AGS":"14521400","GEN":"Mildenau","SN_L":"14"}},
{"type":"Feature","geometry":{"type":"Polygon","coordinates":[[[12.9089,50.7456],[12.8943,50.7548],[12.8949,50.7801],[12.8458,50.7977],[12.8406,50.802],[12.8166,50.7883],[12.8429,50.7728],[12.8534,50.7567],[12.8708,50.7387],[12.8855,50.7357],[12.9089,50.7456]]]},"properties":{"AGS":"14521410","GEN":"Neukirchen/Erzgeb.","SN_L":"14"}},
{"type":"Feature","geometry":{"type":"Polygon","coordinates":[[[12.8939,50.43],[12.9412,50.4107],[12.9858,50.421],[12.9954,50.4333],[13.0166,50.4439],[13.0222,50.4514],[13.0124,50.4671],[12.9887,50.4645],[12.9311,50.4458],[12.9176,50.4586],[12.8953,50.4567],[12.8877,50.4635],[12.8638,50.461],[12.8939,50.43]]]},"properties":{"AGS":"14521440","GEN":"Oberwiesenthal","SN_L":"14"}},
{"type":"Feature","geometry":{"type":"Polygon","coordinates":[[[12.7391,50.7291],[12.7226,50.7312],[12.7134,50.7386],[12.6947,50.7391],[12.6835,50.7297],[12.6678,50.7317],[12.6483,50.7286],[12.6441,50.7219],[12.6522,50.7103],[12.6788,50.7019],[12.7046,50.7002],[12.7036,50.6902],[12.7183,50.6874],[12.7333,50.6891],[12.7517,50.7092],[12.7391,50.7291]]]},"properties":{"AGS":"14521450","GEN":"Oelsnitz/Erzgeb.","SN_L":"14"}},
{"type":"Feature","geometry":{"type":"Polygon","coordinates":[[[13.3782,50.7347],[13.3658,50.7516],[13.3587,50.7528],[13.3304,50.7452],[13.2832,50.7399],[13.2912,50.7255],[13.3106,50.7142],[13.3077,50.7044],[13.2743,50.6964],[13.2718,50.6859],[13.2697,50.6774],[13.2848,50.6491],[13.2782,50.6381],[13.2614,50.633],[13.241,50.6333],[13.2384,50.6164],[13.2509,50.6089],[13.2514,50.5994],[13.2739,50.601],[13.2856,50.5977],[13.3029,50.6083],[13.3194,50.6022],[13.342,50.6126],[13.3674,50.6188],[13.3774,50.6273],[13.3722,50.6489],[13.3927,50.6417],[13.4209,50.616],[13.4255,50.6164],[13.4284,50.611],[13.4462,50.6214],[13.4372,50.6312],[13.4424,50.6464],[13.4327,50.652],[13.3901,50.6627],[13.3752,50.6737],[13.3805,50.6791],[13.4063,50.6842],[13.3987,50.696],[13.3724,50.7135],[13.371,50.7302],[13.3782,50.7347]]]},"properties":{"AGS":"14521460","GEN":"Olbernhau","SN_L":"14"}},
{"type":"Feature","geometry":{"type":"Polygon","coordinates":[[[13.2779,50.7633],[13.2485,50.7763],[13.2412,50.7708],[13.2239,50.7546],[13.1919,50.7441],[13.1867,50.7605],[13.1618,50.757],[13.1572,50.752],[13.1475,50.739],[13.1575,50.7328],[13.1449,50.698],[13.1222,50.6968],[13.1192,50.688],[13.1324,50.6722],[13.1508,50.6801],[13.1626,50.6948],[13.1813,50.6985],[13.195,50.6935],[13.1978,50.6804],[13.2106,50.6673],[13.2237,50.6611],[13.2334,50.6763],[13.2313,50.6852],[13.2492,50.6879],[13.2718,50.6859],[13.2743,50.6964],[13.3077,50.7044],[13.3106,50.7142],[13.2912,50.7255],[13.2832,50.7399],[13.2699,50.7436],[13.2779,50.7633]]]},"properties":{"AGS":"14521495","GEN":"Pockau-Lengefeld","SN_L":"14"}},
{"type":"Feature","geometry":{"type":"Polygon","coordinates":[[[12.9048,50.516],[12.8941,50.5321],[12.901,50.554],[12.8874,50.5569],[12.8817,50.5504],[12.8489,50.5467],[12.8352,50.5556],[12.8177,50.5454],[12.8216,50.5153],[12.8333,50.4973],[12.8562,50.4861],[12.8615,50.4689],[12.8638,50.461],[12.8877,50.4635],[12.8814,50.4896],[12.8941,50.4994],[12.9048,50.516]]]},"properties":{"AGS":"14521500","GEN":"Raschau-Markersbach","SN_L":"14"}},
{"type":"Feature","geometry":{"type":"Polygon","coordinates":[[[12.6576,50.5838],[12.649,50.5964],[12.6519,50.6093],[12.6308,50.6196],[12.6046,50.6171],[12.5894,50.6093],[12.5977,50.5974],[12.5845,50.5939],[12.5759,50.5804],[12.6048,50.5734],[12.6137,50.565],[12.6163,50.563],[12.6412,50.5708],[12.6576,50.5838]]]},"properties":{"AGS":"14521530","GEN":"Schneeberg","SN_L":"14"}},
{"type":"Feature","geometry":{"type":"Polygon","coordinates":[[[12.4956,50.4674],[12.5143,50.47],[12.5128,50.4795],[12.5447,50.4821],[12.5566,50.5018],[12.5836,50.517],[12.5877,50.5242],[12.5732,50.5273],[12.5435,50.5168],[12.5151,50.5187],[12.5065,50.5136],[12.4764,50.5225],[12.4713,50.5188],[12.4662,50.5139],[12.4577,50.5025],[12.4787,50.4859],[12.4953,50.4885],[12.4937,50.4693],[12.4956,50.4674]]]},"properties":{"AGS":"14521540","GEN":"Schönheide","SN_L":"14"}},
{"type":"Feature","geometry":{"type":"Polygon","coordinates":[[[12.8177,50.5454],[12.8073,50.5503],[12.7857,50.5513],[12.7786,50.5645],[12.7648,50.5655],[12.7562,50.5581],[12.7369,50.5315],[12.7428,50.5221],[12.7167,50.5186],[12.7136,50.5096],[12.6947,50.5059],[12.6991,50.4907],[12.7205,50.4928],[12.7185,50.4999],[12.7441,50.5042],[12.7422,50.5152],[12.775,50.5128],[12.7736,50.4967],[12.816,50.4958],[12.8278,50.4728],[12.8615,50.4689],[12.8562,50.4861],[12.8333,50.4973],[12.8216,50.5153],[12.8177,50.5454]]]},"properties":{"AGS":"14521550","GEN":"Schwarzenberg/Erzgeb.","SN_L":"14"}},
{"type":"Feature","geometry":{"type":"Polygon","coordinates":[[[13.0289,50.5238],[13.0185,50.5382],[12.9946,50.5512],[12.9843,50.5479],[12.9781,50.5447],[12.9755,50.5253],[12.9591,50.5062],[12.9509,50.4912],[12.9371,50.4816],[12.9341,50.4719],[12.9176,50.4586],[12.9311,50.4458],[12.9887,50.4645],[13.0124,50.4671],[13.0149,50.5076],[13.0281,50.5163],[13.0289,50.5238]]]},"properties":{"AGS":"14521560","GEN":"Sehmatal","SN_L":"14"}},
{"type":"Feature","geometry":{"type":"Polygon","coordinates":[[[12.6073,50.5317],[12.6174,50.5321],[12.6163,50.563],[12.6137,50.565],[12.6047,50.5583],[12.5837,50.5531],[12.5477,50.5616],[12.5277,50.5467],[12.512,50.5315],[12.4912,50.5288],[12.4764,50.5225],[12.5065,50.5136],[12.5151,50.5187],[12.5435,50.5168],[12.5732,50.5273],[12.5877,50.5242],[12.6073,50.5317]]]},"properties":{"AGS":"14521600","GEN":"Stützengrün","SN_L":"14"}},
{"type":"Feature","geometry":{"type":"Polygon","coordinates":[[[12.8566,50.7197],[12.8415,50.7143],[12.8273,50.713],[12.8193,50.6995],[12.827,50.6979],[12.8397,50.6808],[12.8541,50.6771],[12.869,50.6952],[12.874,50.7109],[12.8566,50.7197]]]},"properties":{"AGS":"14521620","GEN":"Thalheim/Erzgeb.","SN_L":"14"}},
{"type":"Feature","geometry":{"type":"Polygon","coordinates":[[[13.0589,50.6279],[13.0455,50.6235],[13.0178,50.6436],[13.0104,50.6455],[13.0016,50.6435],[13.0031,50.6339],[12.977,50.6294],[12.9711,50.6321],[12.9479,50.6241],[12.9617,50.6204],[12.962,50.6116],[12.9808,50.6034],[12.9998,50.5974],[13.021,50.6062],[13.0362,50.5959],[13.046,50.5976],[13.0637,50.6158],[13.0589,50.6279]]]},"properties":{"AGS":"14521630","GEN":"Thermalbad Wiesenbad","SN_L":"14"}},
{"type":"Feature","geometry":{"type":"Polygon","coordinates":[[[12.988,50.6964],[12.9518,50.6957],[12.938,50.6891],[12.9137,50.6703],[12.9045,50.6572],[12.936,50.6526],[12.9618,50.6594],[12.9719,50.6679],[12.9918,50.6752],[12.9972,50.6828],[12.988,50.6964]]]},"properties":{"AGS":"14521640","GEN":"Thum","SN_L":"14"}},
{"type":"Feature","geometry":{"type":"Polygon","coordinates":[[[13.1324,50.6722],[13.1192,50.688],[13.101,50.6818],[13.0743,50.6645],[13.0438,50.6701],[13.0104,50.6455],[13.0178,50.6436],[13.0455,50.6235],[13.0589,50.6279],[13.0762,50.6362],[13.0893,50.634],[13.1096,50.6487],[13.1205,50.6521],[13.1324,50.6722]]]},"properties":{"AGS":"14521670","GEN":"Wolkenstein","SN_L":"14"}},
{"type":"Feature","geometry":{"type":"Polygon","coordinates":[[[13.0441,50.5107],[13.0289,50.5238],[13.0281,50.5163],[13.0149,50.5076],[13.0124,50.4671],[13.0222,50.4514],[13.0188,50.4668],[13.0234,50.4883],[13.0441,50.5107]]]},"properties":{"AGS":"14521060","GEN":"Bärenstein","SN_L":"14"}},
{"type":"Feature","geometry":{"type":"Polygon","coordinates":[[[13.0842,50.5498],[13.0494,50.5655],[13.0245,50.558],[13.0185,50.5382],[13.0289,50.5238],[13.0441,50.5107],[13.0595,50.501],[13.0772,50.5265],[13.0753,50.5468],[13.0842,50.5498]]]},"properties":{"AGS":"14521340","GEN":"Königswalde","SN_L":"14"}},
{"type":"Feature","geometry":{"type":"Polygon","coordinates":[[[12.938,50.6891],[12.9217,50.7018],[12.8992,50.7009],[12.8853,50.6955],[12.8994,50.6772],[12.9137,50.6703],[12.938,50.6891]]]},"properties":{"AGS":"14521040","GEN":"Auerbach","SN_L":"14"}},
{"type":"Feature","geometry":{"type":"Polygon","coordinates":[[[12.9685,50.7544],[12.9521,50.7588],[12.9362,50.7534],[12.9276,50.7413],[12.9089,50.7456],[12.8855,50.7357],[12.8708,50.7387],[12.8566,50.7197],[12.874,50.7109],[12.8978,50.7208],[12.9011,50.7107],[12.9136,50.7212],[12.979,50.7283],[12.963,50.7421],[12.9685,50.7544]]]},"properties":{"AGS":"14521120","GEN":"Burkhardtsdorf","SN_L":"14"}},
{"type":"Feature","geometry":{"type":"Polygon","coordinates":[[[12.8992,50.7009],[12.9011,50.7107],[12.8978,50.7208],[12.874,50.7109],[12.869,50.6952],[12.8853,50.6955],[12.8992,50.7009]]]},"properties":{"AGS":"14521230","GEN":"Gornsdorf","SN_L":"14"}},
{"type":"Feature","geometry":{"type":"Polygon","coordinates":[[[12.9003,50.6508],[12.8854,50.6513],[12.8723,50.6447],[12.8625,50.6298],[12.8714,50.6184],[12.8897,50.616],[12.9071,50.6068],[12.9446,50.6272],[12.9382,50.6383],[12.9003,50.6508]]]},"properties":{"AGS":"14521210","GEN":"Geyer","SN_L":"14"}},
{"type":"Feature","geometry":{"type":"Polygon","coordinates":[[[12.9808,50.6034],[12.962,50.6116],[12.9617,50.6204],[12.9479,50.6241],[12.9446,50.6272],[12.9071,50.6068],[12.9326,50.6058],[12.9469,50.5972],[12.9641,50.5953],[12.9798,50.6018],[12.9808,50.6034]]]},"properties":{"AGS":"14521610","GEN":"Tannenberg","SN_L":"14"}},
{"type":"Feature","geometry":{"type":"Polygon","coordinates":[[[12.7878,50.749],[12.7792,50.7528],[12.7923,50.7846],[12.7789,50.7896],[12.7653,50.7836],[12.7537,50.7718],[12.7399,50.7799],[12.7124,50.7697],[12.7276,50.7517],[12.7134,50.7386],[12.7226,50.7312],[12.7391,50.7291],[12.7775,50.7446],[12.7878,50.749]]]},"properties":{"AGS":"14521380","GEN":"Lugau/Erzgeb.","SN_L":"14"}},
{"type":"Feature","geometry":{"type":"Polygon","coordinates":[[[12.7733,50.7211],[12.7775,50.7446],[12.7391,50.7291],[12.7517,50.7092],[12.7733,50.7211]]]},"properties":{"AGS":"14521430","GEN":"Niederwürschnitz","SN_L":"14"}},
{"type":"Feature","geometry":{"type":"Polygon","coordinates":[[[12.9065,50.566],[12.8874,50.5569],[12.901,50.554],[12.8941,50.5321],[12.9048,50.516],[12.9267,50.5196],[12.9227,50.5319],[12.929,50.5377],[12.907,50.5566],[12.9065,50.566]]]},"properties":{"AGS":"14521510","GEN":"Scheibenberg","SN_L":"14"}},
{"type":"Feature","geometry":{"type":"Polygon","coordinates":[[[12.9843,50.5479],[12.9824,50.5654],[12.9706,50.5795],[12.9798,50.6018],[12.9641,50.5953],[12.9469,50.5972],[12.9437,50.5741],[12.9078,50.5732],[12.9065,50.566],[12.907,50.5566],[12.929,50.5377],[12.9278,50.5439],[12.9516,50.5478],[12.9781,50.5447],[12.9843,50.5479]]]},"properties":{"AGS":"14521520","GEN":"Schlettau","SN_L":"14"}},
{"type":"Feature","geometry":{"type":"Polygon","coordinates":[[[13.5018,50.6336],[13.4859,50.6399],[13.4696,50.6248],[13.4462,50.6214],[13.4284,50.611],[13.4411,50.6111],[13.4611,50.6036],[13.4927,50.6235],[13.5018,50.6336]]]},"properties":{"AGS":"14521140","GEN":"Deutschneudorf","SN_L":"14"}},
{"type":"Feature","geometry":{"type":"Polygon","coordinates":[[[13.4322,50.6759],[13.4157,50.6887],[13.4063,50.6842],[13.3805,50.6791],[13.3752,50.6737],[13.3901,50.6627],[13.4327,50.652],[13.4326,50.6639],[13.4322,50.6759]]]},"properties":{"AGS":"14521280","GEN":"Heidersdorf","SN_L":"14"}},
{"type":"Feature","geometry":{"type":"Polygon","coordinates":[[[13.4859,50.6399],[13.4846,50.6498],[13.4499,50.6636],[13.4326,50.6639],[13.4327,50.652],[13.4424,50.6464],[13.4372,50.6312],[13.4462,50.6214],[13.4696,50.6248],[13.4859,50.6399]]]},"properties":{"AGS":"14521570","GEN":"Seiffen/Erzgeb.","SN_L":"14"}},
{"type":"Feature","geometry":{"type":"Polygon","coordinates":[[[12.8415,50.7143],[12.8138,50.7494],[12.7878,50.749],[12.7775,50.7446],[12.7733,50.7211],[12.8273,50.713],[12.8415,50.7143]]]},"properties":{"AGS":"14521420","GEN":"Niederdorf","SN_L":"14"}},
{"type":"Feature","geometry":{"type":"Polygon","coordinates":[[[12.8273,50.713],[12.7733,50.7211],[12.7517,50.7092],[12.7333,50.6891],[12.7183,50.6874],[12.7088,50.6724],[12.6979,50.6651],[12.6962,50.6548],[12.7109,50.651],[12.7109,50.6426],[12.7312,50.6521],[12.7468,50.65],[12.7741,50.6627],[12.7882,50.6636],[12.7963,50.6931],[12.8193,50.6995],[12.8273,50.713]]]},"properties":{"AGS":"14521590","GEN":"Stollberg/Erzgeb.","SN_L":"14"}},
{"type":"Feature","geometry":{"type":"Polygon","coordinates":[[[13.0898,50.7835],[13.0859,50.7806],[13.0488,50.8066],[13.0182,50.7698],[13.0235,50.7552],[13.0416,50.7468],[13.0604,50.7636],[13.0853,50.7639],[13.0898,50.7835]]]},"properties":{"AGS":"14521220","GEN":"Gornau/Erzgeb.","SN_L":"14"}},
{"type":"Feature","geometry":{"type":"Polygon","coordinates":[[[13.0853,50.7639],[13.0604,50.7636],[13.0416,50.7468],[13.0527,50.7302],[13.0357,50.7252],[13.0682,50.7154],[13.0827,50.7287],[13.1014,50.7164],[13.1306,50.7218],[13.1324,50.7317],[13.1118,50.7541],[13.0878,50.7591],[13.0853,50.7639]]]},"properties":{"AGS":"14521690","GEN":"Zschopau","SN_L":"14"}},
{"type":"Feature","geometry":{"type":"Polygon","coordinates":[[[12.7167,50.5186],[12.6954,50.5468],[12.6902,50.5647],[12.6886,50.5616],[12.6718,50.5552],[12.654,50.5305],[12.6405,50.5221],[12.6602,50.5203],[12.6614,50.5066],[12.6947,50.5059],[12.7136,50.5096],[12.7167,50.5186]]]},"properties":{"AGS":"14521080","GEN":"Bockau","SN_L":"14"}},
{"type":"Feature","geometry":{"type":"Polygon","coordinates":[[[12.6886,50.5616],[12.6722,50.578],[12.6576,50.5838],[12.6412,50.5708],[12.6163,50.563],[12.6174,50.5321],[12.6073,50.5317],[12.6129,50.5203],[12.6405,50.5221],[12.654,50.5305],[12.6718,50.5552],[12.6886,50.5616]]]},"properties":{"AGS":"14521700","GEN":"Zschorlau","SN_L":"14"}},
{"type":"Feature","geometry":{"type":"Polygon","coordinates":[[[12.9071,50.6068],[12.8897,50.616],[12.8714,50.6184],[12.8625,50.6298],[12.8517,50.6291],[12.8355,50.6127],[12.8262,50.6126],[12.8454,50.6056],[12.8283,50.595],[12.8367,50.5704],[12.8352,50.5556],[12.8489,50.5467],[12.8817,50.5504],[12.8874,50.5569],[12.9065,50.566],[12.9078,50.5732],[12.9437,50.5741],[12.9469,50.5972],[12.9326,50.6058],[12.9071,50.6068]]]},"properties":{"AGS":"14521180","GEN":"Elterlein","SN_L":"14"}},
{"type":"Feature","geometry":{"type":"Polygon","coordinates":[[[12.8193,50.6995],[12.7963,50.6931],[12.7882,50.6636],[12.7938,50.6531],[12.7696,50.6416],[12.7624,50.6323],[12.7805,50.622],[12.7822,50.5983],[12.8168,50.5957],[12.8164,50.6087],[12.8262,50.6126],[12.8355,50.6127],[12.8517,50.6291],[12.8625,50.6298],[12.8723,50.6447],[12.8854,50.6513],[12.9003,50.6508],[12.9045,50.6572],[12.9137,50.6703],[12.8994,50.6772],[12.8853,50.6955],[12.869,50.6952],[12.8541,50.6771],[12.8397,50.6808],[12.827,50.6979],[12.8193,50.6995]]]},"properties":{"AGS":"14521710","GEN":"Zwönitz","SN_L":"14"}},
{"type":"Feature","geometry":{"type":"Polygon","coordinates":[[[13.1572,50.752],[13.1256,50.7621],[13.1118,50.7541],[13.1324,50.7317],[13.1306,50.7218],[13.1014,50.7164],[13.1222,50.6968],[13.1449,50.698],[13.1575,50.7328],[13.1475,50.739],[13.1572,50.752]]]},"properties":{"AGS":"14521090","GEN":"Börnichen/Erzgeb.","SN_L":"14"}},
{"type":"Feature","geometry":{"type":"Polygon","coordinates":[[[13.1963,50.7844],[13.1701,50.784],[13.1396,50.7695],[13.1093,50.7901],[13.0898,50.7835],[13.0853,50.7639],[13.0878,50.7591],[13.1118,50.7541],[13.1256,50.7621],[13.1572,50.752],[13.1618,50.757],[13.1867,50.7605],[13.1919,50.7441],[13.2239,50.7546],[13.2412,50.7708],[13.2265,50.7795],[13.1963,50.7844]]]},"properties":{"AGS":"14521270","GEN":"Grünhainichen","SN_L":"14"}},
{"type":"Feature","geometry":{"type":"Polygon","coordinates":[[[13.138,50.8335],[13.1232,50.84],[13.0645,50.8304],[13.0478,50.8303],[13.0396,50.819],[13.0488,50.8066],[13.0859,50.7806],[13.0898,50.7835],[13.1093,50.7901],[13.0989,50.803],[13.126,50.8172],[13.1288,50.8304],[13.1373,50.8327],[13.138,50.8335]]]},"properties":{"AGS":"14522020","GEN":"Augustusburg","SN_L":"14"}},
{"type":"Feature","geometry":{"type":"Polygon","coordinates":[[[13.4294,50.9483],[13.3926,50.9306],[13.4003,50.9247],[13.3829,50.9174],[13.3863,50.9003],[13.3944,50.8947],[13.4038,50.894],[13.4326,50.8689],[13.4476,50.8471],[13.4623,50.8385],[13.505,50.8394],[13.5125,50.8586],[13.502,50.8669],[13.4882,50.8924],[13.4604,50.9019],[13.4581,50.9235],[13.4485,50.9267],[13.4423,50.9433],[13.4294,50.9483]]]},"properties":{"AGS":"14522035","GEN":"Bobritzsch-Hilbersdorf","SN_L":"14"}},
{"type":"Feature","geometry":{"type":"Polygon","coordinates":[[[13.3397,50.8765],[13.2932,50.8868],[13.2724,50.8827],[13.2511,50.8711],[13.2486,50.8643],[13.2289,50.8505],[13.2502,50.8435],[13.254,50.8347],[13.2668,50.8338],[13.2841,50.813],[13.2695,50.8026],[13.2925,50.7975],[13.2977,50.8077],[13.313,50.8184],[13.3241,50.8202],[13.3345,50.836],[13.3554,50.8476],[13.3429,50.858],[13.3397,50.8765]]]},"properties":{"AGS":"14522050","GEN":"Brand-Erbisdorf","SN_L":"14"}},
{"type":"Feature","geometry":{"type":"Polygon","coordinates":[[[12.9115,50.9567],[12.8821,50.954],[12.8704,50.9472],[12.8618,50.958],[12.8382,50.9569],[12.8228,50.9442],[12.8503,50.9369],[12.8498,50.93],[12.8591,50.9151],[12.878,50.9173],[12.917,50.9318],[12.9343,50.9338],[12.9324,50.9431],[12.9115,50.9567]]]},"properties":{"AGS":"14522070","GEN":"Claußnitz","SN_L":"14"}},
{"type":"Feature","geometry":{"type":"Polygon","coordinates":[[[13.2379,51.1655],[13.2162,51.1757],[13.2064,51.1675],[13.2207,51.1496],[13.21,51.1478],[13.1942,51.1551],[13.1745,51.1493],[13.1493,51.1499],[13.1249,51.1538],[13.1012,51.1419],[13.0696,51.1522],[13.0639,51.1427],[13.0217,51.1348],[13.0204,51.123],[13.042,51.1121],[13.0342,51.1049],[13.0432,51.093],[13.056,51.0914],[13.0628,51.1004],[13.0956,51.1031],[13.1038,51.0979],[13.1074,51.0799],[13.1288,51.0816],[13.1373,51.095],[13.1468,51.095],[13.1846,51.1096],[13.2,51.1108],[13.2019,51.1],[13.2555,51.0902],[13.2475,51.1321],[13.2538,51.1625],[13.2379,51.1655]]]},"properties":{"AGS":"14522080","GEN":"Döbeln","SN_L":"14"}},
{"type":"Feature","geometry":{"type":"Polygon","coordinates":[[[13.2925,50.7975],[13.2695,50.8026],[13.2841,50.813],[13.2668,50.8338],[13.254,50.8347],[13.2299,50.815],[13.2141,50.8103],[13.2119,50.7987],[13.1963,50.7844],[13.2265,50.7795],[13.2412,50.7708],[13.2485,50.7763],[13.2779,50.7633],[13.2869,50.7642],[13.3096,50.7833],[13.3026,50.7955],[13.2925,50.7975]]]},"properties":{"AGS":"14522110","GEN":"Eppendorf","SN_L":"14"}},
{"type":"Feature","geometry":{"type":"Polygon","coordinates":[[[12.9868,51.0478],[12.9638,51.0498],[12.9561,51.0577],[12.9555,51.0705],[12.9526,51.0585],[12.9431,51.054],[12.9217,51.0555],[12.9247,51.0453],[12.8921,51.0425],[12.8696,51.0521],[12.863,51.0607],[12.8413,51.053],[12.8482,51.0441],[12.867,51.0385],[12.8664,51.025],[12.875,51.0133],[12.8954,51.0102],[12.8991,51.0019],[12.9511,50.9932],[12.9574,51.0159],[12.9516,51.0363],[12.9644,51.0372],[12.9805,51.0302],[12.9868,51.0478]]]},"properties":{"AGS":"14522120","GEN":"Erlau","SN_L":"14"}},
{"type":"Feature","geometry":{"type":"Polygon","coordinates":[[[13.138,50.8335],[13.1208,50.8459],[13.1395,50.8563],[13.1224,50.8792],[13.0941,50.8742],[13.0636,50.8797],[13.0476,50.8739],[13.0339,50.8776],[13.0569,50.8594],[13.0325,50.8481],[13.0488,50.8413],[13.0478,50.8303],[13.0645,50.8304],[13.1232,50.84],[13.138,50.8335]]]},"properties":{"AGS":"14522140","GEN":"Flöha","SN_L":"14"}},
{"type":"Feature","geometry":{"type":"Polygon","coordinates":[[[13.0581,50.9592],[13.0337,50.9627],[13.0255,50.9527],[13.0042,50.9453],[13.032,50.9258],[13.0204,50.9064],[12.9897,50.8917],[12.9906,50.8881],[13.0148,50.8912],[13.0317,50.8847],[13.0339,50.8776],[13.0476,50.8739],[13.0636,50.8797],[13.0941,50.8742],[13.1224,50.8792],[13.1326,50.8927],[13.1625,50.8967],[13.1663,50.9101],[13.1492,50.9221],[13.1218,50.9321],[13.1,50.925],[13.0872,50.9481],[13.0587,50.9527],[13.0581,50.9592]]]},"properties":{"AGS":"14522150","GEN":"Frankenberg/Sa.","SN_L":"14"}},
{"type":"Feature","geometry":{"type":"Polygon","coordinates":[[[13.505,50.8394],[13.4623,50.8385],[13.4476,50.8471],[13.4453,50.8456],[13.4647,50.83],[13.4597,50.8037],[13.4752,50.8016],[13.4672,50.7909],[13.4731,50.7769],[13.4851,50.7672],[13.5016,50.7551],[13.5511,50.7423],[13.5794,50.7526],[13.5747,50.7721],[13.5515,50.7822],[13.5624,50.8029],[13.5566,50.8165],[13.5438,50.8296],[13.5206,50.8277],[13.505,50.8394]]]},"properties":{"AGS":"14522170","GEN":"Frauenstein","SN_L":"14"}},
{"type":"Feature","geometry":{"type":"Polygon","coordinates":[[[13.3339,50.9444],[13.3267,50.9418],[13.3128,50.9593],[13.2979,50.9502],[13.2791,50.9491],[13.272,50.9277],[13.3028,50.9141],[13.2932,50.8868],[13.3397,50.8765],[13.3549,50.8824],[13.3861,50.8837],[13.3944,50.8947],[13.3863,50.9003],[13.3829,50.9174],[13.4003,50.9247],[13.3926,50.9306],[13.3559,50.9358],[13.3456,50.9331],[13.3339,50.9444]]]},"properties":{"AGS":"14522180","GEN":"Freiberg","SN_L":"14"}},
{"type":"Feature","geometry":{"type":"Polygon","coordinates":[[[12.9556,51.0713],[12.9464,51.0851],[12.9441,51.1026],[12.9232,51.1054],[12.8893,51.0973],[12.8739,51.0907],[12.876,51.0798],[12.8696,51.068],[12.863,51.0607],[12.8696,51.0521],[12.8921,51.0425],[12.9247,51.0453],[12.9217,51.0555],[12.9431,51.054],[12.9526,51.0585],[12.9555,51.0705],[12.9556,51.0713]]]},"properties":{"AGS":"14522190","GEN":"Geringswalde","SN_L":"14"}},
{"type":"Feature","geometry":{"type":"Polygon","coordinates":[[[13.3587,50.7528],[13.3453,50.7679],[13.3439,50.7761],[13.3637,50.7944],[13.3431,50.8132],[13.3241,50.8202],[13.313,50.8184],[13.2977,50.8077],[13.2925,50.7975],[13.3026,50.7955],[13.3096,50.7833],[13.2869,50.7642],[13.2779,50.7633],[13.2699,50.7436],[13.2832,50.7399],[13.3304,50.7452],[13.3587,50.7528]]]},"properties":{"AGS":"14522200","GEN":"Großhartmannsdorf","SN_L":"14"}},
{"type":"Feature","geometry":{"type":"Polygon","coordinates":[[[13.3407,50.986],[13.315,50.9956],[13.3387,51.0198],[13.3173,51.0358],[13.274,51.0301],[13.2364,51.0073],[13.2289,51.0126],[13.2197,51.008],[13.2257,50.9871],[13.2008,50.9659],[13.2102,50.9619],[13.2343,50.9633],[13.247,50.9679],[13.2791,50.9491],[13.2979,50.9502],[13.3128,50.9593],[13.3267,50.9418],[13.3339,50.9444],[13.3402,50.9622],[13.3407,50.986]]]},"properties":{"AGS":"14522210","GEN":"Großschirma","SN_L":"14"}},
{"type":"Feature","geometry":{"type":"Polygon","coordinates":[[[13.0375,51.2007],[13.0183,51.2001],[13.0045,51.2087],[12.9971,51.2053],[12.9939,51.1884],[12.9987,51.173],[13.0119,51.1732],[13.015,51.1625],[13.0098,51.1489],[13.0217,51.1348],[13.0639,51.1427],[13.0696,51.1522],[13.1012,51.1419],[13.1249,51.1538],[13.1493,51.1499],[13.1394,51.1694],[13.1161,51.1753],[13.0998,51.1718],[13.0689,51.176],[13.061,51.1824],[13.0599,51.1985],[13.0375,51.2007]]]},"properties":{"AGS":"14522220","GEN":"Großweitzschen","SN_L":"14"}},
{"type":"Feature","geometry":{"type":"Polygon","coordinates":[[[13.201,50.9511],[13.1823,50.9482],[13.1602,50.9573],[13.1556,50.9842],[13.1397,50.9889],[13.1414,51.0007],[13.1183,51.0086],[13.1084,51.0045],[13.1143,50.993],[13.1013,50.9893],[13.0958,50.9721],[13.0799,50.9725],[13.0797,50.9633],[13.0581,50.9592],[13.0587,50.9527],[13.0872,50.9481],[13.1,50.925],[13.1218,50.9321],[13.1492,50.9221],[13.1663,50.9101],[13.182,50.9163],[13.1911,50.928],[13.2096,50.932],[13.1992,50.9432],[13.201,50.9511]]]},"properties":{"AGS":"14522230","GEN":"Hainichen","SN_L":"14"}},
{"type":"Feature","geometry":{"type":"Polygon","coordinates":[[[13.4339,50.9843],[13.3963,50.9832],[13.3614,50.9921],[13.3407,50.986],[13.3402,50.9622],[13.3339,50.9444],[13.3456,50.9331],[13.3559,50.9358],[13.3926,50.9306],[13.4294,50.9483],[13.4348,50.9568],[13.4737,50.9772],[13.4751,50.985],[13.4544,50.9813],[13.4339,50.9843]]]},"properties":{"AGS":"14522240","GEN":"Halsbrücke","SN_L":"14"}},
{"type":"Feature","geometry":{"type":"Polygon","coordinates":[[[13.0098,51.1489],[13.0046,51.1568],[12.9634,51.1435],[12.9697,51.129],[12.9028,51.1356],[12.8945,51.1315],[12.8895,51.1235],[12.8963,51.1109],[12.8893,51.0973],[12.9232,51.1054],[12.9441,51.1026],[12.9464,51.0851],[12.9556,51.0713],[12.9788,51.0714],[12.9878,51.0888],[13.0122,51.0826],[13.0274,51.0885],[13.026,51.1031],[13.0342,51.1049],[13.042,51.1121],[13.0204,51.123],[13.0217,51.1348],[13.0098,51.1489]]]},"properties":{"AGS":"14522250","GEN":"Hartha","SN_L":"14"}},
{"type":"Feature","geometry":{"type":"Polygon","coordinates":[[[12.8269,50.8823],[12.8249,50.8896],[12.7858,50.9004],[12.7795,50.8906],[12.7628,50.8829],[12.7658,50.8785],[12.8043,50.8669],[12.8269,50.8823]]]},"properties":{"AGS":"14522260","GEN":"Hartmannsdorf","SN_L":"14"}},
{"type":"Feature","geometry":{"type":"Polygon","coordinates":[[[13.1987,51.2304],[13.1835,51.2347],[13.1474,51.221],[13.1038,51.2232],[13.1001,51.2134],[13.0785,51.2189],[13.0375,51.2007],[13.0599,51.1985],[13.061,51.1824],[13.0689,51.176],[13.0998,51.1718],[13.1161,51.1753],[13.1394,51.1694],[13.1493,51.1499],[13.1745,51.1493],[13.1942,51.1551],[13.21,51.1478],[13.2207,51.1496],[13.2064,51.1675],[13.2162,51.1757],[13.2084,51.2024],[13.2055,51.2209],[13.1987,51.2304]]]},"properties":{"AGS":"14522275","GEN":"Jahnatal","SN_L":"14"}},
{"type":"Feature","geometry":{"type":"Polygon","coordinates":[[[12.9268,50.9715],[12.911,50.9752],[12.8849,50.9888],[12.8809,51.0018],[12.8683,51.0097],[12.8454,51.0013],[12.852,50.9863],[12.8256,50.982],[12.8246,50.9768],[12.8003,50.9736],[12.8076,50.9463],[12.8228,50.9442],[12.8382,50.9569],[12.8618,50.958],[12.8704,50.9472],[12.8821,50.954],[12.9115,50.9567],[12.9152,50.9664],[12.9268,50.9715]]]},"properties":{"AGS":"14522290","GEN":"Königshain-Wiederau","SN_L":"14"}},
{"type":"Feature","geometry":{"type":"Polygon","coordinates":[[[13.1189,51.056],[13.1045,51.0545],[13.0812,51.0585],[13.0484,51.0523],[13.0148,51.0516],[12.9868,51.0478],[12.9805,51.0302],[13.0043,51.031],[13.0193,51.0242],[13.0169,51.0176],[13.0548,51.0089],[13.0592,51.0247],[13.0852,51.0238],[13.0912,51.0312],[13.1192,51.0464],[13.1189,51.056]]]},"properties":{"AGS":"14522300","GEN":"Kriebstein","SN_L":"14"}},
{"type":"Feature","geometry":{"type":"Polygon","coordinates":[[[13.0045,51.2087],[12.9919,51.2221],[12.961,51.2252],[12.926,51.2182],[12.9237,51.2101],[12.9018,51.2128],[12.8836,51.1949],[12.8817,51.1804],[12.8599,51.1641],[12.8533,51.1555],[12.8945,51.1315],[12.9028,51.1356],[12.9697,51.129],[12.9634,51.1435],[13.0046,51.1568],[13.0098,51.1489],[13.015,51.1625],[13.0119,51.1732],[12.9987,51.173],[12.9939,51.1884],[12.9971,51.2053],[13.0045,51.2087]]]},"properties":{"AGS":"14522310","GEN":"Leisnig","SN_L":"14"}},
{"type":"Feature","geometry":{"type":"Polygon","coordinates":[[[13.2141,50.8103],[13.2053,50.8163],[13.1681,50.8321],[13.1465,50.8235],[13.1373,50.8327],[13.1288,50.8304],[13.126,50.8172],[13.0989,50.803],[13.1093,50.7901],[13.1396,50.7695],[13.1701,50.784],[13.1963,50.7844],[13.2119,50.7987],[13.2141,50.8103]]]},"properties":{"AGS":"14522320","GEN":"Leubsdorf","SN_L":"14"}},
{"type":"Feature","geometry":{"type":"Polygon","coordinates":[[[12.9767,50.9512],[12.9568,50.951],[12.9324,50.9431],[12.9343,50.9338],[12.917,50.9318],[12.878,50.9173],[12.8988,50.9141],[12.8882,50.9038],[12.896,50.8959],[12.9244,50.889],[12.9532,50.8929],[12.9897,50.8917],[13.0204,50.9064],[13.032,50.9258],[13.0042,50.9453],[12.9996,50.9461],[12.9767,50.9512]]]},"properties":{"AGS":"14522330","GEN":"Lichtenau","SN_L":"14"}},
{"type":"Feature","geometry":{"type":"Polygon","coordinates":[[[12.8003,50.9736],[12.7483,50.9812],[12.7326,50.988],[12.7031,50.9791],[12.6952,50.9699],[12.6949,50.9575],[12.71,50.955],[12.7426,50.9562],[12.746,50.9406],[12.7558,50.9386],[12.7739,50.9487],[12.8076,50.9463],[12.8003,50.9736]]]},"properties":{"AGS":"14522350","GEN":"Lunzenau","SN_L":"14"}},
{"type":"Feature","geometry":{"type":"Polygon","coordinates":[[[13.4597,50.8037],[13.4329,50.8061],[13.4101,50.8239],[13.3802,50.8253],[13.3479,50.8209],[13.3431,50.8132],[13.3637,50.7944],[13.3439,50.7761],[13.3453,50.7679],[13.3587,50.7528],[13.3658,50.7516],[13.3975,50.7686],[13.4116,50.7852],[13.4258,50.7806],[13.445,50.7831],[13.4731,50.7769],[13.4672,50.7909],[13.4752,50.8016],[13.4597,50.8037]]]},"properties":{"AGS":"14522390","GEN":"Mulda/Sa.","SN_L":"14"}},
{"type":"Feature","geometry":{"type":"Polygon","coordinates":[[[13.5403,50.7082],[13.5255,50.7112],[13.5221,50.7264],[13.4799,50.7198],[13.4325,50.6818],[13.4322,50.6759],[13.4326,50.6639],[13.4499,50.6636],[13.4846,50.6498],[13.4859,50.6399],[13.5018,50.6336],[13.5242,50.6393],[13.514,50.6558],[13.5444,50.6774],[13.5391,50.6914],[13.5252,50.7044],[13.5403,50.7082]]]},"properties":{"AGS":"14522400","GEN":"Neuhausen/Erzgeb.","SN_L":"14"}},
{"type":"Feature","geometry":{"type":"Polygon","coordinates":[[[13.0339,50.8776],[13.0317,50.8847],[13.0148,50.8912],[12.9906,50.8881],[12.9965,50.8751],[12.9865,50.8648],[12.9869,50.8522],[13.0075,50.8525],[13.0325,50.8481],[13.0569,50.8594],[13.0339,50.8776]]]},"properties":{"AGS":"14522420","GEN":"Niederwiesa","SN_L":"14"}},
{"type":"Feature","geometry":{"type":"Polygon","coordinates":[[[13.2791,50.9491],[13.247,50.9679],[13.2343,50.9633],[13.2102,50.9619],[13.2008,50.9659],[13.201,50.9511],[13.1992,50.9432],[13.2096,50.932],[13.2258,50.9241],[13.2201,50.9084],[13.2301,50.8925],[13.2459,50.8818],[13.2511,50.8711],[13.2724,50.8827],[13.2932,50.8868],[13.3028,50.9141],[13.272,50.9277],[13.2791,50.9491]]]},"properties":{"AGS":"14522430","GEN":"Oberschöna","SN_L":"14"}},
{"type":"Feature","geometry":{"type":"Polygon","coordinates":[[[13.2096,50.932],[13.1911,50.928],[13.182,50.9163],[13.1663,50.9101],[13.1625,50.8967],[13.1326,50.8927],[13.1224,50.8792],[13.1395,50.8563],[13.1208,50.8459],[13.138,50.8335],[13.1373,50.8327],[13.1465,50.8235],[13.1681,50.8321],[13.2053,50.8163],[13.2141,50.8103],[13.2299,50.815],[13.254,50.8347],[13.2502,50.8435],[13.2289,50.8505],[13.2486,50.8643],[13.2511,50.8711],[13.2459,50.8818],[13.2301,50.8925],[13.2201,50.9084],[13.2258,50.9241],[13.2096,50.932]]]},"properties":{"AGS":"14522440","GEN":"Oederan","SN_L":"14"}},
{"type":"Feature","geometry":{"type":"Polygon","coordinates":[[[12.7317,50.9979],[12.706,51.0071],[12.6863,50.9851],[12.6677,50.9875],[12.6174,50.9808],[12.6301,50.9425],[12.6255,50.9422],[12.6529,50.9237],[12.6665,50.9229],[12.6874,50.9066],[12.7086,50.9022],[12.7401,50.9053],[12.7702,50.9188],[12.7599,50.9243],[12.7558,50.9386],[12.746,50.9406],[12.7426,50.9562],[12.71,50.955],[12.6949,50.9575],[12.6952,50.9699],[12.7031,50.9791],[12.7326,50.988],[12.7317,50.9979]]]},"properties":{"AGS":"14522460","GEN":"Penig","SN_L":"14"}},
{"type":"Feature","geometry":{"type":"Polygon","coordinates":[[[13.6522,50.7304],[13.6415,50.7386],[13.6165,50.7487],[13.5993,50.7742],[13.5747,50.7721],[13.5794,50.7526],[13.5511,50.7423],[13.5016,50.7551],[13.4851,50.7672],[13.4697,50.7603],[13.4624,50.7458],[13.4764,50.7308],[13.4799,50.7198],[13.5221,50.7264],[13.5255,50.7112],[13.5403,50.7082],[13.5599,50.7147],[13.6023,50.7101],[13.6269,50.7159],[13.6247,50.7218],[13.6522,50.7304]]]},"properties":{"AGS":"14522470","GEN":"Rechenberg-Bienenmühle","SN_L":"14"}},
{"type":"Feature","geometry":{"type":"Polygon","coordinates":[[[13.4219,51.0342],[13.3847,51.0514],[13.3446,51.0463],[13.3173,51.0358],[13.3387,51.0198],[13.315,50.9956],[13.3407,50.986],[13.3614,50.9921],[13.3963,50.9832],[13.4339,50.9843],[13.4268,50.9946],[13.4336,51.008],[13.447,51.0204],[13.441,51.0289],[13.4219,51.0342]]]},"properties":{"AGS":"14522480","GEN":"Reinsberg","SN_L":"14"}},
{"type":"Feature","geometry":{"type":"Polygon","coordinates":[[[13.1183,51.0086],[13.135,51.022],[13.125,51.0335],[13.1366,51.0407],[13.1192,51.0464],[13.0912,51.0312],[13.0852,51.0238],[13.0592,51.0247],[13.0548,51.0089],[13.0169,51.0176],[13.0193,51.0242],[13.0043,51.031],[13.0055,50.9964],[13.0153,50.9914],[13.0136,50.9779],[12.9861,50.9667],[12.9996,50.9461],[13.0042,50.9453],[13.0255,50.9527],[13.0337,50.9627],[13.0581,50.9592],[13.0797,50.9633],[13.0799,50.9725],[13.0958,50.9721],[13.1013,50.9893],[13.1143,50.993],[13.1084,51.0045],[13.1183,51.0086]]]},"properties":{"AGS":"14522500","GEN":"Rossau","SN_L":"14"}},
{"type":"Feature","geometry":{"type":"Polygon","coordinates":[[[13.2555,51.0902],[13.2019,51.1],[13.2,51.1108],[13.1846,51.1096],[13.1468,51.095],[13.1373,51.095],[13.1288,51.0816],[13.1074,51.0799],[13.0812,51.0585],[13.1045,51.0545],[13.1189,51.056],[13.1341,51.0613],[13.1494,51.0496],[13.1736,51.0613],[13.1912,51.053],[13.2001,51.0688],[13.2421,51.0645],[13.2565,51.0639],[13.2555,51.0902]]]},"properties":{"AGS":"14522510","GEN":"Roßwein","SN_L":"14"}},
{"type":"Feature","geometry":{"type":"Polygon","coordinates":[[[13.2421,51.0645],[13.2001,51.0688],[13.1912,51.053],[13.1736,51.0613],[13.1494,51.0496],[13.1341,51.0613],[13.1189,51.056],[13.1192,51.0464],[13.1366,51.0407],[13.125,51.0335],[13.135,51.022],[13.1183,51.0086],[13.1414,51.0007],[13.1397,50.9889],[13.1556,50.9842],[13.1602,50.9573],[13.1823,50.9482],[13.201,50.9511],[13.2008,50.9659],[13.2257,50.9871],[13.2197,51.008],[13.2289,51.0126],[13.24,51.0176],[13.243,51.0287],[13.2606,51.0391],[13.246,51.054],[13.2421,51.0645]]]},"properties":{"AGS":"14522540","GEN":"Striegistal","SN_L":"14"}},
{"type":"Feature","geometry":{"type":"Polygon","coordinates":[[[13.1074,51.0799],[13.1038,51.0979],[13.0956,51.1031],[13.0628,51.1004],[13.056,51.0914],[13.0432,51.093],[13.0342,51.1049],[13.026,51.1031],[13.0274,51.0885],[13.0122,51.0826],[12.9878,51.0888],[12.9788,51.0714],[12.9556,51.0713],[12.9555,51.0705],[12.9561,51.0577],[12.9638,51.0498],[12.9868,51.0478],[13.0148,51.0516],[13.0484,51.0523],[13.0812,51.0585],[13.1074,51.0799]]]},"properties":{"AGS":"14522570","GEN":"Waldheim","SN_L":"14"}},
{"type":"Feature","geometry":{"type":"Polygon","coordinates":[[[12.7746,51.0166],[12.7652,51.0092],[12.7548,51.0242],[12.7293,51.0192],[12.7406,51.0001],[12.7317,50.9979],[12.7326,50.988],[12.7483,50.9812],[12.8003,50.9736],[12.8246,50.9768],[12.8256,50.982],[12.852,50.9863],[12.8454,51.0013],[12.8189,50.9992],[12.8017,51.0075],[12.7918,51.006],[12.7746,51.0166]]]},"properties":{"AGS":"14522580","GEN":"Wechselburg","SN_L":"14"}},
{"type":"Feature","geometry":{"type":"Polygon","coordinates":[[[12.8076,50.9463],[12.7739,50.9487],[12.7558,50.9386],[12.7599,50.9243],[12.7702,50.9188],[12.7807,50.9153],[12.7858,50.9004],[12.8249,50.8896],[12.8269,50.8823],[12.8472,50.8974],[12.8309,50.898],[12.823,50.906],[12.8267,50.9177],[12.8498,50.93],[12.8503,50.9369],[12.8228,50.9442],[12.8076,50.9463]]]},"properties":{"AGS":"14522060","GEN":"Burgstädt","SN_L":"14"}},
{"type":"Feature","geometry":{"type":"Polygon","coordinates":[[[12.7858,50.9004],[12.7807,50.9153],[12.7702,50.9188],[12.7401,50.9053],[12.7475,50.8876],[12.7628,50.8829],[12.7795,50.8906],[12.7858,50.9004]]]},"properties":{"AGS":"14522380","GEN":"Mühlau","SN_L":"14"}},
{"type":"Feature","geometry":{"type":"Polygon","coordinates":[[[12.878,50.9173],[12.8591,50.9151],[12.8498,50.93],[12.8267,50.9177],[12.823,50.906],[12.8309,50.898],[12.8472,50.8974],[12.8882,50.9038],[12.8988,50.9141],[12.878,50.9173]]]},"properties":{"AGS":"14522550","GEN":"Taura","SN_L":"14"}},
{"type":"Feature","geometry":{"type":"Polygon","coordinates":[[[13.4453,50.8456],[13.4293,50.8548],[13.3934,50.8571],[13.3842,50.8511],[13.3554,50.8476],[13.3345,50.836],[13.3241,50.8202],[13.3431,50.8132],[13.3479,50.8209],[13.3802,50.8253],[13.4101,50.8239],[13.4329,50.8061],[13.4597,50.8037],[13.4647,50.83],[13.4453,50.8456]]]},"properties":{"AGS":"14522340","GEN":"Lichtenberg/Erzgeb.","SN_L":"14"}},
{"type":"Feature","geometry":{"type":"Polygon","coordinates":[[[13.4476,50.8471],[13.4326,50.8689],[13.4038,50.894],[13.3944,50.8947],[13.3861,50.8837],[13.3549,50.8824],[13.3397,50.8765],[13.3429,50.858],[13.3554,50.8476],[13.3842,50.8511],[13.3934,50.8571],[13.4293,50.8548],[13.4453,50.8456],[13.4476,50.8471]]]},"properties":{"AGS":"14522590","GEN":"Weißenborn/Erzgeb.","SN_L":"14"}},
{"type":"Feature","geometry":{"type":"Polygon","coordinates":[[[12.9767,50.9512],[12.9853,50.9607],[12.975,50.9734],[12.9457,50.9836],[12.9268,50.9715],[12.9152,50.9664],[12.9115,50.9567],[12.9324,50.9431],[12.9568,50.951],[12.9767,50.9512]]]},"properties":{"AGS":"14522010","GEN":"Altmittweida","SN_L":"14"}},
{"type":"Feature","geometry":{"type":"Polygon","coordinates":[[[12.9805,51.0302],[12.9644,51.0372],[12.9516,51.0363],[12.9574,51.0159],[12.9511,50.9932],[12.8991,51.0019],[12.8954,51.0102],[12.875,51.0133],[12.8683,51.0097],[12.8809,51.0018],[12.8849,50.9888],[12.911,50.9752],[12.9268,50.9715],[12.9457,50.9836],[12.975,50.9734],[12.9853,50.9607],[12.9767,50.9512],[12.9996,50.9461],[12.9861,50.9667],[13.0136,50.9779],[13.0153,50.9914],[13.0055,50.9964],[13.0043,51.031],[12.9805,51.0302]]]},"properties":{"AGS":"14522360","GEN":"Mittweida","SN_L":"14"}},
{"type":"Feature","geometry":{"type":"Polygon","coordinates":[[[12.7541,51.1055],[12.7383,51.0959],[12.7164,51.0612],[12.7251,51.0547],[12.7307,51.0377],[12.7563,51.0428],[12.7603,51.0542],[12.8013,51.0788],[12.8112,51.0916],[12.7771,51.1054],[12.7541,51.1055]]]},"properties":{"AGS":"14522280","GEN":"Königsfeld","SN_L":"14"}},
{"type":"Feature","geometry":{"type":"Polygon","coordinates":[[[12.8137,51.0636],[12.8013,51.0788],[12.7603,51.0542],[12.7563,51.0428],[12.7307,51.0377],[12.7118,51.0229],[12.7293,51.0192],[12.7548,51.0242],[12.7652,51.0092],[12.7746,51.0166],[12.7813,51.0306],[12.8107,51.0362],[12.8168,51.0467],[12.8137,51.0636]]]},"properties":{"AGS":"14522490","GEN":"Rochlitz","SN_L":"14"}},
{"type":"Feature","geometry":{"type":"Polygon","coordinates":[[[12.8696,51.068],[12.8137,51.0636],[12.8168,51.0467],[12.8107,51.0362],[12.7813,51.0306],[12.7746,51.0166],[12.7918,51.006],[12.8017,51.0075],[12.8189,50.9992],[12.8454,51.0013],[12.8683,51.0097],[12.875,51.0133],[12.8664,51.025],[12.867,51.0385],[12.8482,51.0441],[12.8413,51.053],[12.863,51.0607],[12.8696,51.068]]]},"properties":{"AGS":"14522530","GEN":"Seelitz","SN_L":"14"}},
{"type":"Feature","geometry":{"type":"Polygon","coordinates":[[[12.8739,51.0907],[12.8461,51.0974],[12.8425,51.0936],[12.8112,51.0916],[12.8013,51.0788],[12.8137,51.0636],[12.8696,51.068],[12.876,51.0798],[12.8739,51.0907]]]},"properties":{"AGS":"14522600","GEN":"Zettlitz","SN_L":"14"}},
{"type":"Feature","geometry":{"type":"Polygon","coordinates":[[[13.4731,50.7769],[13.445,50.7831],[13.4258,50.7806],[13.4116,50.7852],[13.3975,50.7686],[13.3658,50.7516],[13.3782,50.7347],[13.3971,50.7266],[13.4067,50.7342],[13.4624,50.7458],[13.4697,50.7603],[13.4851,50.7672],[13.4731,50.7769]]]},"properties":{"AGS":"14522090","GEN":"Dorfchemnitz","SN_L":"14"}},
{"type":"Feature","geometry":{"type":"Polygon","coordinates":[[[13.4624,50.7458],[13.4067,50.7342],[13.3971,50.7266],[13.3782,50.7347],[13.371,50.7302],[13.3724,50.7135],[13.3987,50.696],[13.4063,50.6842],[13.4157,50.6887],[13.4322,50.6759],[13.4325,50.6818],[13.4799,50.7198],[13.4764,50.7308],[13.4624,50.7458]]]},"properties":{"AGS":"14522520","GEN":"Sayda","SN_L":"14"}},
{"type":"Feature","geometry":{"type":"Polygon","coordinates":[[[12.3061,50.3405],[12.2872,50.3371],[12.2474,50.3636],[12.2285,50.3562],[12.2223,50.3623],[12.2044,50.3532],[12.2018,50.3421],[12.2129,50.3294],[12.2154,50.3185],[12.1907,50.3244],[12.1758,50.3229],[12.1983,50.3074],[12.1963,50.2958],[12.2294,50.2932],[12.244,50.2881],[12.2547,50.3039],[12.2859,50.3056],[12.2961,50.3082],[12.3073,50.3226],[12.3061,50.3405]]]},"properties":{"AGS":"14523010","GEN":"Adorf/Vogtl.","SN_L":"14"}},
{"type":"Feature","geometry":{"type":"Polygon","coordinates":[[[12.4662,50.5139],[12.4465,50.5052],[12.4263,50.5105],[12.4117,50.5205],[12.3869,50.5179],[12.3811,50.5323],[12.365,50.5432],[12.3562,50.5272],[12.3469,50.5233],[12.3409,50.5108],[12.3316,50.5083],[12.347,50.496],[12.3617,50.5016],[12.3762,50.4942],[12.3964,50.4899],[12.4091,50.4788],[12.3931,50.4664],[12.4057,50.4558],[12.407,50.4457],[12.4258,50.4474],[12.4461,50.4538],[12.4614,50.4511],[12.4872,50.4604],[12.4937,50.4693],[12.4953,50.4885],[12.4787,50.4859],[12.4577,50.5025],[12.4662,50.5139]]]},"properties":{"AGS":"14523020","GEN":"Auerbach/Vogtl.","SN_L":"14"}},
{"type":"Feature","geometry":{"type":"Polygon","coordinates":[[[12.3501,50.2535],[12.3194,50.2663],[12.2993,50.2671],[12.2949,50.2757],[12.2885,50.2658],[12.266,50.2587],[12.251,50.256],[12.2393,50.2472],[12.2669,50.2319],[12.2746,50.2333],[12.2939,50.2213],[12.2837,50.2148],[12.2875,50.2029],[12.2748,50.197],[12.2893,50.1861],[12.2949,50.1747],[12.3192,50.1719],[12.3382,50.1925],[12.326,50.2019],[12.3324,50.2385],[12.3478,50.2379],[12.3588,50.2437],[12.3501,50.2535]]]},"properties":{"AGS":"14523030","GEN":"Bad Brambach","SN_L":"14"}},
{"type":"Feature","geometry":{"type":"Polygon","coordinates":[[[12.2859,50.3056],[12.2547,50.3039],[12.244,50.2881],[12.2294,50.2932],[12.1963,50.2958],[12.2016,50.2894],[12.2015,50.2728],[12.2132,50.2702],[12.2537,50.2711],[12.266,50.2587],[12.2885,50.2658],[12.2949,50.2757],[12.2766,50.2828],[12.2859,50.3056]]]},"properties":{"AGS":"14523040","GEN":"Bad Elster","SN_L":"14"}},
{"type":"Feature","geometry":{"type":"Polygon","coordinates":[[[12.3931,50.4664],[12.4091,50.4788],[12.3964,50.4899],[12.3762,50.4942],[12.3714,50.4858],[12.3774,50.4762],[12.3931,50.4664]]]},"properties":{"AGS":"14523090","GEN":"Ellefeld","SN_L":"14"}},
{"type":"Feature","geometry":{"type":"Polygon","coordinates":[[[12.223,50.6313],[12.2076,50.6366],[12.1882,50.6231],[12.1633,50.63],[12.1499,50.6288],[12.1508,50.6156],[12.1414,50.6032],[12.1149,50.597],[12.1102,50.5887],[12.1375,50.5821],[12.1586,50.5831],[12.1645,50.5897],[12.2055,50.5848],[12.2043,50.6008],[12.1998,50.6049],[12.2171,50.6176],[12.223,50.6313]]]},"properties":{"AGS":"14523100","GEN":"Elsterberg","SN_L":"14"}},
{"type":"Feature","geometry":{"type":"Polygon","coordinates":[[[12.5172,50.3973],[12.5122,50.4096],[12.4719,50.4137],[12.4548,50.4109],[12.4494,50.4031],[12.4294,50.4032],[12.4263,50.3818],[12.411,50.382],[12.3637,50.3687],[12.3686,50.3537],[12.4091,50.3451],[12.4126,50.3337],[12.4372,50.335],[12.4418,50.3412],[12.4694,50.355],[12.4816,50.347],[12.4922,50.3546],[12.4864,50.3698],[12.5125,50.3962],[12.5172,50.3973]]]},"properties":{"AGS":"14523160","GEN":"Klingenthal","SN_L":"14"}},
{"type":"Feature","geometry":{"type":"Polygon","coordinates":[[[12.4493,50.6058],[12.4352,50.6198],[12.4107,50.621],[12.4063,50.61],[12.377,50.6124],[12.3404,50.6019],[12.3309,50.5957],[12.3197,50.5869],[12.2944,50.5823],[12.2912,50.577],[12.3031,50.5664],[12.3182,50.5691],[12.3372,50.5635],[12.3433,50.5542],[12.3681,50.5505],[12.3823,50.5552],[12.4002,50.5498],[12.4106,50.568],[12.4287,50.5757],[12.4391,50.6021],[12.4493,50.6058]]]},"properties":{"AGS":"14523170","GEN":"Lengenfeld","SN_L":"14"}},
{"type":"Feature","geometry":{"type":"Polygon","coordinates":[[[12.4372,50.335],[12.4126,50.3337],[12.4091,50.3451],[12.3686,50.3537],[12.3393,50.3452],[12.3238,50.3481],[12.3061,50.3405],[12.3073,50.3226],[12.2961,50.3082],[12.2859,50.3056],[12.2766,50.2828],[12.2949,50.2757],[12.2993,50.2671],[12.3194,50.2663],[12.3501,50.2535],[12.3595,50.2735],[12.3709,50.2853],[12.3943,50.2896],[12.403,50.3007],[12.398,50.3212],[12.4371,50.3276],[12.4372,50.335]]]},"properties":{"AGS":"14523200","GEN":"Markneukirchen","SN_L":"14"}},
{"type":"Feature","geometry":{"type":"Polygon","coordinates":[[[12.4956,50.4674],[12.4937,50.4693],[12.4872,50.4604],[12.4614,50.4511],[12.4461,50.4538],[12.4258,50.4474],[12.407,50.4457],[12.3935,50.4397],[12.398,50.4291],[12.4125,50.4298],[12.4367,50.4151],[12.4294,50.4032],[12.4494,50.4031],[12.4548,50.4109],[12.4719,50.4137],[12.5122,50.4096],[12.5172,50.3973],[12.5584,50.3994],[12.5838,50.4071],[12.584,50.4236],[12.5375,50.4434],[12.4956,50.4674]]]},"properties":{"AGS":"14523245","GEN":"Muldenhammer","SN_L":"14"}},
{"type":"Feature","geometry":{"type":"Polygon","coordinates":[[[12.3794,50.6756],[12.3582,50.6744],[12.3462,50.6644],[12.3375,50.6743],[12.3189,50.6765],[12.3177,50.6634],[12.3204,50.6526],[12.3355,50.6368],[12.3585,50.6333],[12.3798,50.6389],[12.3972,50.6492],[12.3774,50.6606],[12.3794,50.6756]]]},"properties":{"AGS":"14523280","GEN":"Neumark","SN_L":"14"}},
{"type":"Feature","geometry":{"type":"Polygon","coordinates":[[[12.0175,50.5678],[12.0356,50.5814],[12.0361,50.5939],[12.021,50.5986],[12.0055,50.612],[12.0214,50.6272],[12.0104,50.6355],[11.9987,50.6271],[11.9793,50.6214],[11.9888,50.6107],[11.9441,50.5913],[11.9236,50.5857],[11.9337,50.5685],[11.9205,50.5556],[11.8859,50.5521],[11.8739,50.5418],[11.8882,50.5167],[11.9185,50.517],[11.9438,50.5056],[11.9625,50.513],[11.9598,50.5213],[11.9451,50.5307],[11.9727,50.543],[12.008,50.5726],[12.0175,50.5678]]]},"properties":{"AGS":"14523310","GEN":"Pausa-Mühltroff","SN_L":"14"}},
{"type":"Feature","geometry":{"type":"Polygon","coordinates":[[[12.1362,50.5735],[12.12,50.5672],[12.1106,50.5579],[12.1078,50.5456],[12.091,50.5405],[12.0829,50.5314],[12.067,50.5316],[12.0621,50.5238],[12.0684,50.5058],[12.0598,50.5046],[12.067,50.4925],[12.0623,50.4758],[12.0668,50.4685],[12.0912,50.4687],[12.1009,50.4631],[12.1016,50.448],[12.1269,50.4457],[12.1491,50.4334],[12.1767,50.4449],[12.1943,50.4627],[12.2059,50.4801],[12.2207,50.4862],[12.222,50.4964],[12.1988,50.5027],[12.1894,50.5179],[12.1679,50.5181],[12.1733,50.5345],[12.1654,50.5549],[12.1533,50.555],[12.1362,50.5735]]]},"properties":{"AGS":"14523320","GEN":"Plauen","SN_L":"14"}},
{"type":"Feature","geometry":{"type":"Polygon","coordinates":[[[12.2055,50.5848],[12.1645,50.5897],[12.1586,50.5831],[12.156,50.5735],[12.1362,50.5735],[12.1533,50.555],[12.1654,50.5549],[12.1733,50.5345],[12.1679,50.5181],[12.1894,50.5179],[12.2062,50.5237],[12.2026,50.5351],[12.2216,50.5389],[12.2497,50.5496],[12.2607,50.5521],[12.2527,50.564],[12.2155,50.5878],[12.2055,50.5848]]]},"properties":{"AGS":"14523330","GEN":"Pöhl","SN_L":"14"}},
{"type":"Feature","geometry":{"type":"Polygon","coordinates":[[[12.4313,50.5676],[12.4287,50.5757],[12.4106,50.568],[12.4002,50.5498],[12.3823,50.5552],[12.3681,50.5505],[12.365,50.5432],[12.3811,50.5323],[12.3869,50.5179],[12.4117,50.5205],[12.4263,50.5105],[12.4465,50.5052],[12.4662,50.5139],[12.4713,50.5188],[12.4566,50.5206],[12.4299,50.559],[12.4313,50.5676]]]},"properties":{"AGS":"14523360","GEN":"Rodewisch","SN_L":"14"}},
{"type":"Feature","geometry":{"type":"Polygon","coordinates":[[[12.12,50.5672],[12.1015,50.5789],[12.0781,50.5766],[12.0766,50.558],[12.0603,50.5522],[12.0322,50.555],[12.0175,50.5678],[12.008,50.5726],[11.9727,50.543],[11.9451,50.5307],[11.9598,50.5213],[11.9625,50.513],[11.9438,50.5056],[11.962,50.49],[11.9736,50.4972],[12.0021,50.4958],[12.0285,50.4868],[12.0507,50.4878],[12.0478,50.5015],[12.0598,50.5046],[12.0684,50.5058],[12.0621,50.5238],[12.067,50.5316],[12.0829,50.5314],[12.091,50.5405],[12.1078,50.5456],[12.1106,50.5579],[12.12,50.5672]]]},"properties":{"AGS":"14523365","GEN":"Rosenbach/Vogtl.","SN_L":"14"}},
{"type":"Feature","geometry":{"type":"Polygon","coordinates":[[[12.4618,50.565],[12.4392,50.5615],[12.4313,50.5676],[12.4299,50.559],[12.4566,50.5206],[12.4713,50.5188],[12.4764,50.5225],[12.4912,50.5288],[12.512,50.5315],[12.5277,50.5467],[12.4939,50.5581],[12.4707,50.5557],[12.4618,50.565]]]},"properties":{"AGS":"14523380","GEN":"Steinberg","SN_L":"14"}},
{"type":"Feature","geometry":{"type":"Polygon","coordinates":[[[12.1016,50.448],[12.1009,50.4631],[12.0912,50.4687],[12.0668,50.4685],[12.0623,50.4758],[12.067,50.4925],[12.0598,50.5046],[12.0478,50.5015],[12.0507,50.4878],[12.0285,50.4868],[12.0021,50.4958],[11.9736,50.4972],[11.962,50.49],[11.9592,50.4787],[11.9465,50.4794],[11.9428,50.4601],[11.895,50.4495],[11.8996,50.4352],[11.9217,50.4324],[11.9199,50.4244],[11.9347,50.4237],[11.9536,50.4055],[11.9515,50.3944],[11.9646,50.3999],[11.9813,50.3848],[12.0009,50.3822],[12.0165,50.3756],[12.0324,50.3923],[12.0572,50.3965],[12.0703,50.3924],[12.0839,50.4035],[12.0749,50.4128],[12.0833,50.4329],[12.096,50.4334],[12.1016,50.448]]]},"properties":{"AGS":"14523450","GEN":"Weischlitz","SN_L":"14"}},
{"type":"Feature","geometry":{"type":"Polygon","coordinates":[[[12.3316,50.5083],[12.3151,50.51],[12.2863,50.5019],[12.2775,50.497],[12.2748,50.4826],[12.2851,50.4749],[12.3072,50.4689],[12.3213,50.4796],[12.3425,50.476],[12.3543,50.4553],[12.3935,50.4397],[12.407,50.4457],[12.4057,50.4558],[12.3931,50.4664],[12.3774,50.4762],[12.3714,50.4858],[12.3762,50.4942],[12.3617,50.5016],[12.347,50.496],[12.3316,50.5083]]]},"properties":{"AGS":"14523120","GEN":"Falkenstein/Vogtl.","SN_L":"14"}},
{"type":"Feature","geometry":{"type":"Polygon","coordinates":[[[12.3935,50.4397],[12.3543,50.4553],[12.3442,50.4381],[12.3442,50.4271],[12.366,50.4149],[12.3855,50.3929],[12.4039,50.3965],[12.411,50.382],[12.4263,50.3818],[12.4294,50.4032],[12.4367,50.4151],[12.4125,50.4298],[12.398,50.4291],[12.3935,50.4397]]]},"properties":{"AGS":"14523130","GEN":"Grünbach","SN_L":"14"}},
{"type":"Feature","geometry":{"type":"Polygon","coordinates":[[[12.3543,50.4553],[12.3425,50.476],[12.3213,50.4796],[12.3072,50.4689],[12.2992,50.4512],[12.3237,50.4479],[12.3326,50.4302],[12.3442,50.4271],[12.3442,50.4381],[12.3543,50.4553]]]},"properties":{"AGS":"14523290","GEN":"Neustadt/Vogtl.","SN_L":"14"}},
{"type":"Feature","geometry":{"type":"Polygon","coordinates":[[[12.2944,50.5823],[12.2851,50.6013],[12.2764,50.603],[12.2714,50.598],[12.2455,50.593],[12.2147,50.6013],[12.2043,50.6008],[12.2055,50.5848],[12.2155,50.5878],[12.2527,50.564],[12.2724,50.5758],[12.2912,50.577],[12.2944,50.5823]]]},"properties":{"AGS":"14523190","GEN":"Limbach","SN_L":"14"}},
{"type":"Feature","geometry":{"type":"Polygon","coordinates":[[[12.2405,50.6294],[12.223,50.6313],[12.2171,50.6176],[12.1998,50.6049],[12.2043,50.6008],[12.2147,50.6013],[12.2455,50.593],[12.2714,50.598],[12.2764,50.603],[12.2579,50.6202],[12.2405,50.6294]]]},"properties":{"AGS":"14523260","GEN":"Netzschkau","SN_L":"14"}},
{"type":"Feature","geometry":{"type":"Polygon","coordinates":[[[12.133,50.3861],[12.1318,50.3944],[12.1465,50.4093],[12.1312,50.4157],[12.0992,50.4053],[12.0749,50.4128],[12.0839,50.4035],[12.0703,50.3924],[12.0572,50.3965],[12.0324,50.3923],[12.0165,50.3756],[12.0332,50.3541],[12.0496,50.347],[12.07,50.3458],[12.0918,50.3533],[12.0954,50.3689],[12.0896,50.3813],[12.1095,50.3903],[12.1189,50.3837],[12.133,50.3861]]]},"properties":{"AGS":"14523060","GEN":"Bösenbrunn","SN_L":"14"}},
{"type":"Feature","geometry":{"type":"Polygon","coordinates":[[[12.2223,50.3623],[12.1988,50.3807],[12.1875,50.3721],[12.1771,50.3767],[12.1454,50.3716],[12.1565,50.3541],[12.1455,50.339],[12.1359,50.3346],[12.1211,50.341],[12.0975,50.3346],[12.0924,50.3289],[12.1009,50.318],[12.1254,50.3154],[12.1509,50.3221],[12.1758,50.3229],[12.1907,50.3244],[12.2154,50.3185],[12.2129,50.3294],[12.2018,50.3421],[12.2044,50.3532],[12.2223,50.3623]]]},"properties":{"AGS":"14523080","GEN":"Eichigt","SN_L":"14"}},
{"type":"Feature","geometry":{"type":"Polygon","coordinates":[[[12.1767,50.4449],[12.1491,50.4334],[12.1269,50.4457],[12.1016,50.448],[12.096,50.4334],[12.0833,50.4329],[12.0749,50.4128],[12.0992,50.4053],[12.1312,50.4157],[12.1465,50.4093],[12.1318,50.3944],[12.133,50.3861],[12.1454,50.3716],[12.1771,50.3767],[12.1875,50.3721],[12.1988,50.3807],[12.2141,50.3875],[12.2218,50.4034],[12.2144,50.4253],[12.2359,50.4297],[12.2282,50.434],[12.2039,50.4348],[12.1767,50.4449]]]},"properties":{"AGS":"14523300","GEN":"Oelsnitz/Vogtl.","SN_L":"14"}},
{"type":"Feature","geometry":{"type":"Polygon","coordinates":[[[12.133,50.3861],[12.1189,50.3837],[12.1095,50.3903],[12.0896,50.3813],[12.0954,50.3689],[12.0918,50.3533],[12.07,50.3458],[12.0496,50.347],[12.0332,50.3541],[12.0165,50.3756],[12.0009,50.3822],[11.9813,50.3848],[11.979,50.3695],[11.9826,50.3567],[11.976,50.3523],[11.997,50.354],[11.9984,50.3465],[12.0276,50.3409],[12.0333,50.3297],[12.0642,50.333],[12.0799,50.3268],[12.0924,50.3289],[12.0975,50.3346],[12.1211,50.341],[12.1359,50.3346],[12.1455,50.339],[12.1565,50.3541],[12.1454,50.3716],[12.133,50.3861]]]},"properties":{"AGS":"14523440","GEN":"Triebel/Vogtl.","SN_L":"14"}},
{"type":"Feature","geometry":{"type":"Polygon","coordinates":[[[12.4222,50.6363],[12.3972,50.6492],[12.3798,50.6389],[12.3585,50.6333],[12.3195,50.6161],[12.3101,50.6019],[12.3309,50.5957],[12.3404,50.6019],[12.377,50.6124],[12.4063,50.61],[12.4107,50.621],[12.4222,50.6363]]]},"properties":{"AGS":"14523150","GEN":"Heinsdorfergrund","SN_L":"14"}},
{"type":"Feature","geometry":{"type":"Polygon","coordinates":[[[12.3585,50.6333],[12.3355,50.6368],[12.3204,50.6526],[12.3177,50.6634],[12.3035,50.6623],[12.2989,50.6517],[12.28,50.6442],[12.2643,50.6434],[12.2655,50.6308],[12.2405,50.6294],[12.2579,50.6202],[12.2764,50.603],[12.2851,50.6013],[12.2944,50.5823],[12.3197,50.5869],[12.3309,50.5957],[12.3101,50.6019],[12.3195,50.6161],[12.3585,50.6333]]]},"properties":{"AGS":"14523340","GEN":"Reichenbach im Vogtland","SN_L":"14"}},
{"type":"Feature","geometry":{"type":"Polygon","coordinates":[[[12.2359,50.4297],[12.2144,50.4253],[12.2218,50.4034],[12.2141,50.3875],[12.1988,50.3807],[12.2223,50.3623],[12.2285,50.3562],[12.2474,50.3636],[12.2872,50.3371],[12.3061,50.3405],[12.3238,50.3481],[12.3224,50.3612],[12.2883,50.3741],[12.2845,50.3844],[12.2662,50.3891],[12.2652,50.3966],[12.2467,50.4162],[12.2359,50.4297]]]},"properties":{"AGS":"14523230","GEN":"Mühlental","SN_L":"14"}},
{"type":"Feature","geometry":{"type":"Polygon","coordinates":[[[12.3326,50.4302],[12.2984,50.4154],[12.2751,50.4251],[12.279,50.4161],[12.2467,50.4162],[12.2652,50.3966],[12.2662,50.3891],[12.2845,50.3844],[12.2883,50.3741],[12.3224,50.3612],[12.3238,50.3481],[12.3393,50.3452],[12.3686,50.3537],[12.3637,50.3687],[12.411,50.382],[12.4039,50.3965],[12.3855,50.3929],[12.366,50.4149],[12.3442,50.4271],[12.3326,50.4302]]]},"properties":{"AGS":"14523370","GEN":"Schöneck/Vogtl.","SN_L":"14"}},
{"type":"Feature","geometry":{"type":"Polygon","coordinates":[[[12.2497,50.5496],[12.2216,50.5389],[12.2026,50.5351],[12.2062,50.5237],[12.1894,50.5179],[12.1988,50.5027],[12.222,50.4964],[12.2207,50.4862],[12.2227,50.4782],[12.2531,50.4691],[12.2748,50.4826],[12.2775,50.497],[12.2863,50.5019],[12.269,50.5099],[12.2767,50.5252],[12.273,50.5305],[12.25,50.5365],[12.2497,50.5496]]]},"properties":{"AGS":"14523270","GEN":"Neuensalz","SN_L":"14"}},
{"type":"Feature","geometry":{"type":"Polygon","coordinates":[[[12.2912,50.577],[12.2724,50.5758],[12.2527,50.564],[12.2607,50.5521],[12.2497,50.5496],[12.25,50.5365],[12.273,50.5305],[12.2767,50.5252],[12.269,50.5099],[12.2863,50.5019],[12.3151,50.51],[12.3316,50.5083],[12.3409,50.5108],[12.3469,50.5233],[12.3562,50.5272],[12.365,50.5432],[12.3681,50.5505],[12.3433,50.5542],[12.3372,50.5635],[12.3182,50.5691],[12.3031,50.5664],[12.2912,50.577]]]},"properties":{"AGS":"14523430","GEN":"Treuen","SN_L":"14"}},
{"type":"Feature","geometry":{"type":"Polygon","coordinates":[[[12.3072,50.4689],[12.2851,50.4749],[12.2748,50.4826],[12.2531,50.4691],[12.2716,50.4518],[12.2745,50.4474],[12.2895,50.4552],[12.2992,50.4512],[12.3072,50.4689]]]},"properties":{"AGS":"14523050","GEN":"Bergen","SN_L":"14"}},
{"type":"Feature","geometry":{"type":"Polygon","coordinates":[[[12.2531,50.4691],[12.2227,50.4782],[12.2207,50.4862],[12.2059,50.4801],[12.1943,50.4627],[12.2048,50.464],[12.2174,50.4536],[12.2323,50.4516],[12.2503,50.4592],[12.2716,50.4518],[12.2531,50.4691]]]},"properties":{"AGS":"14523410","GEN":"Theuma","SN_L":"14"}},
{"type":"Feature","geometry":{"type":"Polygon","coordinates":[[[12.2716,50.4518],[12.2503,50.4592],[12.2323,50.4516],[12.2174,50.4536],[12.2048,50.464],[12.1943,50.4627],[12.1767,50.4449],[12.2039,50.4348],[12.2282,50.434],[12.2359,50.4297],[12.2467,50.4162],[12.279,50.4161],[12.2751,50.4251],[12.2654,50.4427],[12.2745,50.4474],[12.2716,50.4518]]]},"properties":{"AGS":"14523420","GEN":"Tirpersdorf","SN_L":"14"}},
{"type":"Feature","geometry":{"type":"Polygon","coordinates":[[[12.2992,50.4512],[12.2895,50.4552],[12.2745,50.4474],[12.2654,50.4427],[12.2751,50.4251],[12.2984,50.4154],[12.3326,50.4302],[12.3237,50.4479],[12.2992,50.4512]]]},"properties":{"AGS":"14523460","GEN":"Werda","SN_L":"14"}},
{"type":"Feature","geometry":{"type":"Polygon","coordinates":[[[12.7403,50.8294],[12.7483,50.8387],[12.735,50.8454],[12.7118,50.8417],[12.6973,50.862],[12.6836,50.8661],[12.6723,50.8798],[12.6462,50.8789],[12.6322,50.8671],[12.633,50.8581],[12.6109,50.8543],[12.6196,50.8401],[12.6135,50.8238],[12.633,50.8154],[12.6589,50.812],[12.6563,50.8239],[12.694,50.8324],[12.7037,50.8235],[12.7001,50.8114],[12.7271,50.8174],[12.7403,50.8294]]]},"properties":{"AGS":"14524020","GEN":"Callenberg","SN_L":"14"}},
{"type":"Feature","geometry":{"type":"Polygon","coordinates":[[[12.3922,50.6973],[12.3852,50.7073],[12.3708,50.7127],[12.3335,50.7166],[12.314,50.7051],[12.3148,50.6852],[12.3189,50.6765],[12.3375,50.6743],[12.3462,50.6644],[12.3582,50.6744],[12.3794,50.6756],[12.3939,50.6826],[12.3922,50.6973]]]},"properties":{"AGS":"14524060","GEN":"Fraureuth","SN_L":"14"}},
{"type":"Feature","geometry":{"type":"Polygon","coordinates":[[[12.7124,50.7697],[12.6957,50.7818],[12.6825,50.7807],[12.6859,50.7547],[12.6947,50.7391],[12.7134,50.7386],[12.7276,50.7517],[12.7124,50.7697]]]},"properties":{"AGS":"14524070","GEN":"Gersdorf","SN_L":"14"}},
{"type":"Feature","geometry":{"type":"Polygon","coordinates":[[[12.6005,50.8446],[12.5566,50.8451],[12.5273,50.8433],[12.5189,50.8486],[12.4917,50.8408],[12.4906,50.8318],[12.4915,50.8224],[12.5134,50.8141],[12.5048,50.7989],[12.5156,50.7887],[12.5224,50.7893],[12.5788,50.7744],[12.6006,50.7607],[12.6101,50.7666],[12.6052,50.7758],[12.5914,50.7777],[12.5848,50.788],[12.6038,50.8064],[12.5986,50.8162],[12.6135,50.8238],[12.6196,50.8401],[12.6005,50.8446]]]},"properties":{"AGS":"14524080","GEN":"Glauchau","SN_L":"14"}},
{"type":"Feature","geometry":{"type":"Polygon","coordinates":[[[12.7183,50.6874],[12.7036,50.6902],[12.7046,50.7002],[12.6788,50.7019],[12.6522,50.7103],[12.6327,50.6844],[12.6319,50.6622],[12.6473,50.6557],[12.634,50.6436],[12.6371,50.6345],[12.6441,50.6382],[12.6855,50.634],[12.6982,50.6355],[12.7109,50.6426],[12.7109,50.651],[12.6962,50.6548],[12.6979,50.6651],[12.7088,50.6724],[12.7183,50.6874]]]},"properties":{"AGS":"14524090","GEN":"Hartenstein","SN_L":"14"}},
{"type":"Feature","geometry":{"type":"Polygon","coordinates":[[[12.7271,50.8174],[12.7001,50.8114],[12.7037,50.8235],[12.694,50.8324],[12.6563,50.8239],[12.6589,50.812],[12.6701,50.8033],[12.689,50.7968],[12.6839,50.7891],[12.7233,50.7978],[12.7438,50.7989],[12.7678,50.8049],[12.769,50.8114],[12.7476,50.8216],[12.7271,50.8174]]]},"properties":{"AGS":"14524120","GEN":"Hohenstein-Ernstthal","SN_L":"14"}},
{"type":"Feature","geometry":{"type":"Polygon","coordinates":[[[12.3358,50.7833],[12.3201,50.7893],[12.3146,50.7809],[12.2902,50.7834],[12.284,50.7735],[12.2639,50.7605],[12.2446,50.7648],[12.228,50.7546],[12.2281,50.7476],[12.235,50.7333],[12.2648,50.7375],[12.2734,50.7282],[12.3512,50.748],[12.3521,50.7724],[12.3358,50.7833]]]},"properties":{"AGS":"14524140","GEN":"Langenbernsdorf","SN_L":"14"}},
{"type":"Feature","geometry":{"type":"Polygon","coordinates":[[[12.6371,50.6345],[12.634,50.6436],[12.6473,50.6557],[12.6319,50.6622],[12.5792,50.6511],[12.564,50.6343],[12.5651,50.6262],[12.573,50.6131],[12.5894,50.6093],[12.6046,50.6171],[12.6308,50.6196],[12.6371,50.6345]]]},"properties":{"AGS":"14524150","GEN":"Langenweißbach","SN_L":"14"}},
{"type":"Feature","geometry":{"type":"Polygon","coordinates":[[[12.4641,50.6434],[12.447,50.6505],[12.4466,50.6654],[12.4372,50.6719],[12.4439,50.6797],[12.4436,50.695],[12.4273,50.7084],[12.3922,50.6973],[12.3939,50.6826],[12.3794,50.6756],[12.3774,50.6606],[12.3972,50.6492],[12.4222,50.6363],[12.4641,50.6434]]]},"properties":{"AGS":"14524170","GEN":"Lichtentanne","SN_L":"14"}},
{"type":"Feature","geometry":{"type":"Polygon","coordinates":[[[12.6006,50.7607],[12.5788,50.7744],[12.5224,50.7893],[12.5156,50.7887],[12.5001,50.7815],[12.5004,50.7628],[12.529,50.7642],[12.5469,50.7561],[12.5574,50.7464],[12.5516,50.7304],[12.5604,50.7185],[12.5995,50.7011],[12.5961,50.6954],[12.6327,50.6844],[12.6522,50.7103],[12.6441,50.7219],[12.623,50.7311],[12.615,50.7474],[12.6006,50.7607]]]},"properties":{"AGS":"14524200","GEN":"Mülsen","SN_L":"14"}},
{"type":"Feature","geometry":{"type":"Polygon","coordinates":[[[12.43,50.7826],[12.3727,50.8085],[12.3709,50.7984],[12.3358,50.7833],[12.3521,50.7724],[12.3728,50.7768],[12.3874,50.7745],[12.39,50.7634],[12.4082,50.7619],[12.4315,50.7757],[12.43,50.7826]]]},"properties":{"AGS":"14524210","GEN":"Neukirchen/Pleiße","SN_L":"14"}},
{"type":"Feature","geometry":{"type":"Polygon","coordinates":[[[12.7789,50.7896],[12.7678,50.8049],[12.7438,50.7989],[12.7233,50.7978],[12.6839,50.7891],[12.6957,50.7818],[12.7124,50.7697],[12.7399,50.7799],[12.7537,50.7718],[12.7653,50.7836],[12.7789,50.7896]]]},"properties":{"AGS":"14524230","GEN":"Oberlungwitz","SN_L":"14"}},
{"type":"Feature","geometry":{"type":"Polygon","coordinates":[[[12.5961,50.6954],[12.5995,50.7011],[12.5604,50.7185],[12.5239,50.7132],[12.5223,50.6882],[12.5149,50.6798],[12.5545,50.6691],[12.5746,50.6766],[12.5864,50.6764],[12.5961,50.6954]]]},"properties":{"AGS":"14524250","GEN":"Reinsdorf","SN_L":"14"}},
{"type":"Feature","geometry":{"type":"Polygon","coordinates":[[[12.4082,50.7619],[12.39,50.7634],[12.3874,50.7745],[12.3728,50.7768],[12.3521,50.7724],[12.3512,50.748],[12.2734,50.7282],[12.2534,50.7157],[12.2628,50.6953],[12.2748,50.6861],[12.3085,50.6826],[12.3148,50.6852],[12.314,50.7051],[12.3335,50.7166],[12.3708,50.7127],[12.3852,50.7073],[12.3922,50.6973],[12.4273,50.7084],[12.4362,50.7133],[12.4222,50.7244],[12.4371,50.751],[12.4082,50.7619]]]},"properties":{"AGS":"14524300","GEN":"Werdau","SN_L":"14"}},
{"type":"Feature","geometry":{"type":"Polygon","coordinates":[[[12.6327,50.6844],[12.5961,50.6954],[12.5864,50.6764],[12.5746,50.6766],[12.5545,50.6691],[12.5613,50.6576],[12.5351,50.6493],[12.5407,50.6384],[12.564,50.6343],[12.5792,50.6511],[12.6319,50.6622],[12.6327,50.6844]]]},"properties":{"AGS":"14524310","GEN":"Wildenfels","SN_L":"14"}},
{"type":"Feature","geometry":{"type":"Polygon","coordinates":[[[12.5223,50.6882],[12.5068,50.6875],[12.5006,50.6745],[12.5063,50.6625],[12.4913,50.6611],[12.4825,50.6517],[12.5078,50.6443],[12.5251,50.6537],[12.5351,50.6493],[12.5613,50.6576],[12.5545,50.6691],[12.5149,50.6798],[12.5223,50.6882]]]},"properties":{"AGS":"14524320","GEN":"Wilkau-Haßlau","SN_L":"14"}},
{"type":"Feature","geometry":{"type":"Polygon","coordinates":[[[12.5048,50.7989],[12.4769,50.7982],[12.4566,50.7913],[12.43,50.7826],[12.4315,50.7757],[12.4082,50.7619],[12.4371,50.751],[12.4222,50.7244],[12.4362,50.7133],[12.4273,50.7084],[12.4436,50.695],[12.4439,50.6797],[12.4372,50.6719],[12.4466,50.6654],[12.447,50.6505],[12.4641,50.6434],[12.4825,50.6517],[12.4913,50.6611],[12.5063,50.6625],[12.5006,50.6745],[12.5068,50.6875],[12.5223,50.6882],[12.5239,50.7132],[12.5604,50.7185],[12.5516,50.7304],[12.5574,50.7464],[12.5469,50.7561],[12.529,50.7642],[12.5004,50.7628],[12.5001,50.7815],[12.5156,50.7887],[12.5048,50.7989]]]},"properties":{"AGS":"14524330","GEN":"Zwickau","SN_L":"14"}},
{"type":"Feature","geometry":{"type":"Polygon","coordinates":[[[12.4202,50.8396],[12.4124,50.8463],[12.3868,50.8506],[12.3676,50.8474],[12.348,50.8369],[12.3476,50.8236],[12.3069,50.8188],[12.2993,50.8296],[12.2857,50.8203],[12.2598,50.8115],[12.2505,50.8185],[12.2428,50.8091],[12.2535,50.7933],[12.2902,50.7834],[12.3146,50.7809],[12.3201,50.7893],[12.3358,50.7833],[12.3709,50.7984],[12.3727,50.8085],[12.43,50.7826],[12.4566,50.7913],[12.445,50.8038],[12.4448,50.8208],[12.4088,50.8307],[12.4202,50.8396]]]},"properties":{"AGS":"14524030","GEN":"Crimmitschau","SN_L":"14"}},
{"type":"Feature","geometry":{"type":"Polygon","coordinates":[[[12.4906,50.8318],[12.4448,50.8208],[12.445,50.8038],[12.4566,50.7913],[12.4769,50.7982],[12.5048,50.7989],[12.5134,50.8141],[12.4915,50.8224],[12.4906,50.8318]]]},"properties":{"AGS":"14524050","GEN":"Dennheritz","SN_L":"14"}},
{"type":"Feature","geometry":{"type":"Polygon","coordinates":[[[12.5054,50.5912],[12.506,50.5965],[12.4718,50.593],[12.4707,50.5814],[12.4618,50.565],[12.4707,50.5557],[12.4939,50.5581],[12.5277,50.5467],[12.5477,50.5616],[12.5486,50.5713],[12.5244,50.578],[12.5064,50.5763],[12.5054,50.5912]]]},"properties":{"AGS":"14524040","GEN":"Crinitzberg","SN_L":"14"}},
{"type":"Feature","geometry":{"type":"Polygon","coordinates":[[[12.5651,50.6262],[12.5583,50.6199],[12.5625,50.606],[12.5433,50.6027],[12.5054,50.5912],[12.5064,50.5763],[12.5244,50.578],[12.5486,50.5713],[12.5477,50.5616],[12.5837,50.5531],[12.6047,50.5583],[12.6137,50.565],[12.6048,50.5734],[12.5759,50.5804],[12.5845,50.5939],[12.5977,50.5974],[12.5894,50.6093],[12.573,50.6131],[12.5651,50.6262]]]},"properties":{"AGS":"14524100","GEN":"Hartmannsdorf b.Kirchberg","SN_L":"14"}},
{"type":"Feature","geometry":{"type":"Polygon","coordinates":[[[12.4825,50.6517],[12.4641,50.6434],[12.4222,50.6363],[12.4107,50.621],[12.4352,50.6198],[12.4493,50.6058],[12.4702,50.6085],[12.4745,50.6197],[12.504,50.6274],[12.5078,50.6443],[12.4825,50.6517]]]},"properties":{"AGS":"14524110","GEN":"Hirschfeld","SN_L":"14"}},
{"type":"Feature","geometry":{"type":"Polygon","coordinates":[[[12.5351,50.6493],[12.5251,50.6537],[12.5078,50.6443],[12.504,50.6274],[12.4745,50.6197],[12.4702,50.6085],[12.4493,50.6058],[12.4391,50.6021],[12.4287,50.5757],[12.4313,50.5676],[12.4392,50.5615],[12.4618,50.565],[12.4707,50.5814],[12.4718,50.593],[12.506,50.5965],[12.5054,50.5912],[12.5433,50.6027],[12.5625,50.606],[12.5583,50.6199],[12.5651,50.6262],[12.564,50.6343],[12.5407,50.6384],[12.5351,50.6493]]]},"properties":{"AGS":"14524130","GEN":"Kirchberg","SN_L":"14"}},
{"type":"Feature","geometry":{"type":"Polygon","coordinates":[[[12.7086,50.9022],[12.6874,50.9066],[12.6665,50.9229],[12.6529,50.9237],[12.6401,50.9031],[12.6528,50.8974],[12.6385,50.8864],[12.6462,50.8789],[12.6723,50.8798],[12.6836,50.8661],[12.6973,50.862],[12.7118,50.8417],[12.735,50.8454],[12.7483,50.8387],[12.7403,50.8294],[12.7547,50.8224],[12.7733,50.8234],[12.7829,50.8366],[12.8055,50.8486],[12.8043,50.8669],[12.7658,50.8785],[12.7268,50.8753],[12.7124,50.8819],[12.6995,50.899],[12.7086,50.9022]]]},"properties":{"AGS":"14524180","GEN":"Limbach-Oberfrohna","SN_L":"14"}},
{"type":"Feature","geometry":{"type":"Polygon","coordinates":[[[12.7628,50.8829],[12.7475,50.8876],[12.7401,50.9053],[12.7086,50.9022],[12.6995,50.899],[12.7124,50.8819],[12.7268,50.8753],[12.7658,50.8785],[12.7628,50.8829]]]},"properties":{"AGS":"14524220","GEN":"Niederfrohna","SN_L":"14"}},
{"type":"Feature","geometry":{"type":"Polygon","coordinates":[[[12.5159,50.8518],[12.5024,50.8572],[12.4813,50.8553],[12.464,50.8701],[12.4442,50.8626],[12.4482,50.8562],[12.4375,50.8424],[12.4202,50.8396],[12.4088,50.8307],[12.4448,50.8208],[12.4906,50.8318],[12.4917,50.8408],[12.5189,50.8486],[12.5159,50.8518]]]},"properties":{"AGS":"14524190","GEN":"Meerane","SN_L":"14"}},
{"type":"Feature","geometry":{"type":"Polygon","coordinates":[[[12.5111,50.8941],[12.4867,50.8939],[12.4593,50.8804],[12.464,50.8701],[12.4813,50.8553],[12.5024,50.8572],[12.5159,50.8518],[12.5327,50.8631],[12.5111,50.8941]]]},"properties":{"AGS":"14524270","GEN":"Schönberg","SN_L":"14"}},
{"type":"Feature","geometry":{"type":"Polygon","coordinates":[[[12.6701,50.8033],[12.6469,50.803],[12.6359,50.7773],[12.6481,50.7764],[12.6497,50.7537],[12.6609,50.7514],[12.6859,50.7547],[12.6825,50.7807],[12.6957,50.7818],[12.6839,50.7891],[12.689,50.7968],[12.6701,50.8033]]]},"properties":{"AGS":"14524010","GEN":"Bernsdorf","SN_L":"14"}},
{"type":"Feature","geometry":{"type":"Polygon","coordinates":[[[12.6497,50.7537],[12.6481,50.7764],[12.6359,50.7773],[12.6279,50.7686],[12.6101,50.7666],[12.6006,50.7607],[12.615,50.7474],[12.623,50.7311],[12.6441,50.7219],[12.6483,50.7286],[12.6678,50.7317],[12.6497,50.7537]]]},"properties":{"AGS":"14524160","GEN":"Lichtenstein/Sa.","SN_L":"14"}},
{"type":"Feature","geometry":{"type":"Polygon","coordinates":[[[12.6135,50.8238],[12.5986,50.8162],[12.6038,50.8064],[12.5848,50.788],[12.5914,50.7777],[12.6052,50.7758],[12.6101,50.7666],[12.6279,50.7686],[12.6359,50.7773],[12.6469,50.803],[12.6701,50.8033],[12.6589,50.812],[12.633,50.8154],[12.6135,50.8238]]]},"properties":{"AGS":"14524280","GEN":"St. Egidien","SN_L":"14"}},
{"type":"Feature","geometry":{"type":"Polygon","coordinates":[[[12.5734,50.9011],[12.5602,50.9061],[12.5382,50.9007],[12.5213,50.9076],[12.5079,50.9037],[12.5111,50.8941],[12.5327,50.8631],[12.5703,50.8761],[12.5669,50.8921],[12.5734,50.9011]]]},"properties":{"AGS":"14524240","GEN":"Oberwiera","SN_L":"14"}},
{"type":"Feature","geometry":{"type":"Polygon","coordinates":[[[12.5703,50.8761],[12.5327,50.8631],[12.5159,50.8518],[12.5189,50.8486],[12.5273,50.8433],[12.5566,50.8451],[12.6005,50.8446],[12.5973,50.8697],[12.5703,50.8761]]]},"properties":{"AGS":"14524260","GEN":"Remse","SN_L":"14"}},
{"type":"Feature","geometry":{"type":"Polygon","coordinates":[[[12.6201,50.9094],[12.5847,50.904],[12.5734,50.9011],[12.5669,50.8921],[12.5703,50.8761],[12.5973,50.8697],[12.6005,50.8446],[12.6196,50.8401],[12.6109,50.8543],[12.633,50.8581],[12.6322,50.8671],[12.6462,50.8789],[12.6385,50.8864],[12.6528,50.8974],[12.6401,50.9031],[12.6201,50.9094]]]},"properties":{"AGS":"14524290","GEN":"Waldenburg","SN_L":"14"}},
{"type":"Feature","geometry":{"type":"Polygon","coordinates":[[[13.7662,51.1752],[13.7468,51.1777],[13.7533,51.1572],[13.7686,51.1446],[13.7586,51.1383],[13.7368,51.1362],[13.7208,51.1401],[13.7078,51.1191],[13.6967,51.1136],[13.6889,51.0887],[13.6715,51.0957],[13.6588,51.0927],[13.6237,51.1026],[13.5985,51.0983],[13.599,51.0854],[13.5803,51.0646],[13.5834,51.0442],[13.6125,51.0332],[13.6511,51.0309],[13.6606,51.0343],[13.6659,51.0173],[13.6817,51.0154],[13.6945,51.0027],[13.7289,51.01],[13.7511,51.0012],[13.7653,51.0011],[13.7707,50.9877],[13.7896,50.9871],[13.7919,50.977],[13.8215,50.9772],[13.8397,50.9876],[13.8845,50.9824],[13.8952,50.9949],[13.9101,50.9994],[13.9111,51.013],[13.9384,51.015],[13.9447,51.0254],[13.963,51.0325],[13.9656,51.0616],[13.9499,51.0738],[13.9227,51.0632],[13.8882,51.071],[13.9109,51.0942],[13.8956,51.1041],[13.8697,51.1361],[13.8893,51.1428],[13.8739,51.1566],[13.8604,51.1583],[13.8312,51.1453],[13.7984,51.1686],[13.7829,51.1663],[13.7662,51.1752]]]},"properties":{"AGS":"14612000","GEN":"Dresden","SN_L":"14"}},
{"type":"Feature","geometry":{"type":"Polygon","coordinates":[[[14.0027,51.1199],[13.9802,51.1176],[13.9548,51.1263],[13.9421,51.1099],[13.9263,51.1006],[13.9396,51.0925],[13.9499,51.0738],[13.9656,51.0616],[13.9814,51.0688],[14.0029,51.0654],[14.042,51.0685],[14.0475,51.085],[14.025,51.0914],[14.0027,51.1199]]]},"properties":{"AGS":"14625010","GEN":"Arnsdorf","SN_L":"14"}},
{"type":"Feature","geometry":{"type":"Polygon","coordinates":[[[14.4882,51.2082],[14.4769,51.2095],[14.4653,51.2243],[14.4562,51.2301],[14.4259,51.2175],[14.4048,51.219],[14.383,51.2226],[14.3429,51.2226],[14.3314,51.2106],[14.3251,51.1957],[14.3354,51.1933],[14.3336,51.1804],[14.3706,51.1843],[14.3625,51.1634],[14.3792,51.1698],[14.4181,51.162],[14.4116,51.149],[14.4218,51.1381],[14.4427,51.151],[14.4561,51.1611],[14.4703,51.1607],[14.4846,51.1684],[14.4766,51.1781],[14.4909,51.1913],[14.4882,51.2082]]]},"properties":{"AGS":"14625020","GEN":"Bautzen","SN_L":"14"}},
{"type":"Feature","geometry":{"type":"Polygon","coordinates":[[[14.0714,51.4082],[14.0676,51.3998],[14.0464,51.4104],[14.0446,51.4188],[14.0368,51.4168],[14.017,51.4005],[14.0036,51.3956],[13.9974,51.3852],[14.0007,51.3726],[14.0115,51.3652],[13.9949,51.3488],[14.0062,51.34],[14.0255,51.3421],[14.0467,51.3383],[14.0701,51.3366],[14.0846,51.34],[14.0898,51.3494],[14.1031,51.3517],[14.1031,51.3687],[14.1652,51.3797],[14.1742,51.4002],[14.1556,51.3988],[14.1446,51.3914],[14.1178,51.3909],[14.0714,51.4082]]]},"properties":{"AGS":"14625030","GEN":"Bernsdorf","SN_L":"14"}},
{"type":"Feature","geometry":{"type":"Polygon","coordinates":[[[14.2656,51.2077],[14.2444,51.2089],[14.2093,51.2172],[14.1903,51.209],[14.1994,51.1959],[14.1586,51.1806],[14.1486,51.1881],[14.1262,51.1757],[14.1564,51.1581],[14.1792,51.1573],[14.2039,51.1705],[14.2225,51.1764],[14.2495,51.1743],[14.2681,51.1893],[14.2656,51.2077]]]},"properties":{"AGS":"14625060","GEN":"Burkau","SN_L":"14"}},
{"type":"Feature","geometry":{"type":"Polygon","coordinates":[[[14.5726,51.1144],[14.5234,51.119],[14.4865,51.1189],[14.4791,51.1075],[14.4762,51.0892],[14.4876,51.0889],[14.4893,51.0766],[14.501,51.0788],[14.5442,51.0826],[14.5586,51.0813],[14.5807,51.1047],[14.5726,51.1144]]]},"properties":{"AGS":"14625090","GEN":"Cunewalde","SN_L":"14"}},
{"type":"Feature","geometry":{"type":"Polygon","coordinates":[[[14.2495,51.1743],[14.2225,51.1764],[14.2039,51.1705],[14.2135,51.1621],[14.218,51.1366],[14.2465,51.1296],[14.2731,51.1278],[14.276,51.1385],[14.2869,51.1462],[14.2866,51.1563],[14.2709,51.1633],[14.2703,51.1713],[14.2495,51.1743]]]},"properties":{"AGS":"14625100","GEN":"Demitz-Thumitz","SN_L":"14"}},
{"type":"Feature","geometry":{"type":"Polygon","coordinates":[[[14.4116,51.149],[14.4181,51.162],[14.3792,51.1698],[14.3625,51.1634],[14.3418,51.1598],[14.3258,51.1468],[14.3073,51.1549],[14.2866,51.1563],[14.2869,51.1462],[14.276,51.1385],[14.2731,51.1278],[14.2805,51.1102],[14.3026,51.1143],[14.3467,51.1095],[14.3703,51.1088],[14.3802,51.1235],[14.3873,51.1426],[14.4023,51.1515],[14.4116,51.149]]]},"properties":{"AGS":"14625110","GEN":"Doberschau-Gaußig","SN_L":"14"}},
{"type":"Feature","geometry":{"type":"Polygon","coordinates":[[[14.1633,51.541],[14.1344,51.5408],[14.1297,51.5339],[14.1352,51.5211],[14.1078,51.5218],[14.0932,51.4973],[14.0738,51.4927],[14.0887,51.4794],[14.0719,51.4722],[14.0759,51.4662],[14.0974,51.4637],[14.1019,51.4732],[14.1225,51.4753],[14.1503,51.4866],[14.1794,51.481],[14.1698,51.4649],[14.1566,51.4525],[14.1683,51.4448],[14.1918,51.4445],[14.1948,51.452],[14.2226,51.4552],[14.2357,51.4468],[14.2521,51.4497],[14.2629,51.4594],[14.2814,51.4662],[14.3039,51.4637],[14.3035,51.4823],[14.3367,51.468],[14.3489,51.4829],[14.3274,51.5074],[14.3242,51.5183],[14.2775,51.5311],[14.2289,51.5328],[14.213,51.5398],[14.1633,51.541]]]},"properties":{"AGS":"14625120","GEN":"Elsterheide","SN_L":"14"}},
{"type":"Feature","geometry":{"type":"Polygon","coordinates":[[[14.1623,51.2404],[14.1464,51.2518],[14.1042,51.2427],[14.0995,51.2308],[14.089,51.2305],[14.0953,51.2228],[14.0935,51.2032],[14.098,51.1978],[14.1002,51.1961],[14.1078,51.1857],[14.1006,51.1785],[14.1262,51.1757],[14.1486,51.1881],[14.17,51.2062],[14.1623,51.2404]]]},"properties":{"AGS":"14625130","GEN":"Elstra","SN_L":"14"}},
{"type":"Feature","geometry":{"type":"Polygon","coordinates":[[[14.3404,51.2238],[14.3258,51.2215],[14.2996,51.2275],[14.2857,51.2268],[14.2836,51.2195],[14.2643,51.2186],[14.2656,51.2077],[14.2681,51.1893],[14.2495,51.1743],[14.2703,51.1713],[14.2709,51.1633],[14.2866,51.1563],[14.3073,51.1549],[14.3258,51.1468],[14.3418,51.1598],[14.3625,51.1634],[14.3706,51.1843],[14.3336,51.1804],[14.3354,51.1933],[14.3251,51.1957],[14.3314,51.2106],[14.3429,51.2226],[14.3404,51.2238]]]},"properties":{"AGS":"14625150","GEN":"Göda","SN_L":"14"}},
{"type":"Feature","geometry":{"type":"Polygon","coordinates":[[[14.5078,51.3261],[14.4789,51.321],[14.4736,51.3046],[14.473,51.2844],[14.4486,51.2788],[14.4367,51.2368],[14.4259,51.2268],[14.4048,51.219],[14.4259,51.2175],[14.4562,51.2301],[14.4653,51.2243],[14.4811,51.2476],[14.5004,51.2457],[14.5171,51.2565],[14.54,51.252],[14.5464,51.2711],[14.5566,51.2804],[14.5507,51.2921],[14.5369,51.2914],[14.5348,51.3135],[14.5157,51.3178],[14.5078,51.3261]]]},"properties":{"AGS":"14625160","GEN":"Großdubrau","SN_L":"14"}},
{"type":"Feature","geometry":{"type":"Polygon","coordinates":[[[14.1129,51.148],[14.1081,51.1676],[14.0902,51.1724],[14.0583,51.1609],[14.0296,51.1669],[13.9944,51.1681],[13.9803,51.1542],[13.9798,51.1438],[13.9538,51.1356],[13.9548,51.1263],[13.9802,51.1176],[14.0027,51.1199],[14.0184,51.1184],[14.0328,51.1268],[14.0622,51.1243],[14.0759,51.1286],[14.079,51.1459],[14.1129,51.148]]]},"properties":{"AGS":"14625200","GEN":"Großröhrsdorf","SN_L":"14"}},
{"type":"Feature","geometry":{"type":"Polygon","coordinates":[[[13.9938,51.2604],[13.9689,51.2613],[13.9521,51.2662],[13.9325,51.263],[13.9476,51.2308],[13.9495,51.2297],[13.9696,51.2374],[14.0016,51.2377],[14.0104,51.2243],[14.0331,51.2268],[14.0387,51.215],[14.0576,51.2164],[14.0782,51.2013],[14.098,51.1978],[14.0935,51.2032],[14.0953,51.2228],[14.089,51.2305],[14.072,51.2364],[14.0712,51.2457],[14.0438,51.2582],[13.9938,51.2604]]]},"properties":{"AGS":"14625220","GEN":"Haselbachtal","SN_L":"14"}},
{"type":"Feature","geometry":{"type":"Polygon","coordinates":[[[14.6402,51.1452],[14.6307,51.1494],[14.6309,51.1615],[14.6045,51.1637],[14.6086,51.1819],[14.5886,51.1814],[14.565,51.1696],[14.5485,51.1666],[14.5415,51.1575],[14.5273,51.1554],[14.5221,51.1352],[14.5234,51.119],[14.5726,51.1144],[14.5751,51.1203],[14.6038,51.1174],[14.6128,51.1291],[14.6317,51.13],[14.6402,51.1452]]]},"properties":{"AGS":"14625230","GEN":"Hochkirch","SN_L":"14"}},
{"type":"Feature","geometry":{"type":"Polygon","coordinates":[[[14.3039,51.4637],[14.2814,51.4662],[14.2629,51.4594],[14.2521,51.4497],[14.2357,51.4468],[14.2226,51.4552],[14.1948,51.452],[14.1918,51.4445],[14.1683,51.4448],[14.1566,51.4525],[14.149,51.4483],[14.1239,51.4494],[14.1045,51.4399],[14.1107,51.4318],[14.0916,51.4248],[14.0714,51.4082],[14.1178,51.3909],[14.1446,51.3914],[14.1556,51.3988],[14.1742,51.4002],[14.1896,51.4085],[14.217,51.41],[14.2345,51.3999],[14.2545,51.4103],[14.2644,51.421],[14.2894,51.4162],[14.3082,51.4087],[14.3155,51.3903],[14.3361,51.3825],[14.3703,51.4073],[14.353,51.4084],[14.3449,51.4147],[14.3409,51.4328],[14.3233,51.4301],[14.3284,51.4471],[14.3406,51.4474],[14.3313,51.4579],[14.3039,51.4637]]]},"properties":{"AGS":"14625240","GEN":"Hoyerswerda","SN_L":"14"}},
{"type":"Feature","geometry":{"type":"Polygon","coordinates":[[[14.161,51.3043],[14.141,51.3219],[14.1117,51.3313],[14.1059,51.3399],[14.0846,51.34],[14.0701,51.3366],[14.0467,51.3383],[14.0426,51.3286],[14.0246,51.3234],[13.9981,51.3112],[13.9986,51.2943],[14.0079,51.2875],[13.9938,51.2604],[14.0438,51.2582],[14.0712,51.2457],[14.072,51.2364],[14.089,51.2305],[14.0995,51.2308],[14.1042,51.2427],[14.1464,51.2518],[14.1302,51.2655],[14.141,51.2783],[14.1629,51.2774],[14.1742,51.2813],[14.1723,51.2922],[14.161,51.3043]]]},"properties":{"AGS":"14625250","GEN":"Kamenz","SN_L":"14"}},
{"type":"Feature","geometry":{"type":"Polygon","coordinates":[[[14.4228,51.3205],[14.399,51.305],[14.3879,51.3159],[14.3684,51.3171],[14.3567,51.3262],[14.3551,51.3395],[14.3451,51.3418],[14.3508,51.3559],[14.3284,51.3618],[14.2972,51.3508],[14.2628,51.3388],[14.2702,51.329],[14.2713,51.3129],[14.2659,51.2941],[14.3395,51.3004],[14.3639,51.2925],[14.3692,51.2998],[14.3899,51.2974],[14.4164,51.2931],[14.4251,51.3031],[14.4228,51.3205]]]},"properties":{"AGS":"14625280","GEN":"Königswartha","SN_L":"14"}},
{"type":"Feature","geometry":{"type":"Polygon","coordinates":[[[14.5541,51.2052],[14.5432,51.2144],[14.5274,51.2082],[14.4955,51.2127],[14.4882,51.2082],[14.4909,51.1913],[14.4766,51.1781],[14.4846,51.1684],[14.4703,51.1607],[14.4561,51.1611],[14.4427,51.151],[14.477,51.1466],[14.4865,51.1189],[14.5234,51.119],[14.5221,51.1352],[14.5273,51.1554],[14.5415,51.1575],[14.5485,51.1666],[14.5386,51.1672],[14.552,51.1943],[14.5541,51.2052]]]},"properties":{"AGS":"14625290","GEN":"Kubschütz","SN_L":"14"}},
{"type":"Feature","geometry":{"type":"Polygon","coordinates":[[[14.1566,51.4525],[14.1698,51.4649],[14.1794,51.481],[14.1503,51.4866],[14.1225,51.4753],[14.1019,51.4732],[14.0974,51.4637],[14.0759,51.4662],[14.0719,51.4722],[14.0387,51.4799],[14.033,51.4751],[14.0553,51.4609],[14.0526,51.4525],[14.0628,51.4455],[14.043,51.4392],[14.0382,51.4284],[14.0446,51.4188],[14.0464,51.4104],[14.0676,51.3998],[14.0714,51.4082],[14.0916,51.4248],[14.1107,51.4318],[14.1045,51.4399],[14.1239,51.4494],[14.149,51.4483],[14.1566,51.4525]]]},"properties":{"AGS":"14625310","GEN":"Lauta","SN_L":"14"}},
{"type":"Feature","geometry":{"type":"Polygon","coordinates":[[[14.4881,51.4107],[14.4909,51.4275],[14.4658,51.4339],[14.4102,51.4343],[14.3959,51.4473],[14.3406,51.4474],[14.3284,51.4471],[14.3233,51.4301],[14.3409,51.4328],[14.3449,51.4147],[14.353,51.4084],[14.3703,51.4073],[14.3361,51.3825],[14.3155,51.3903],[14.2836,51.3859],[14.284,51.3701],[14.2972,51.3508],[14.3284,51.3618],[14.3508,51.3559],[14.3451,51.3418],[14.3551,51.3395],[14.3567,51.3262],[14.3684,51.3171],[14.3879,51.3159],[14.399,51.305],[14.4228,51.3205],[14.4404,51.337],[14.4629,51.3461],[14.4629,51.3561],[14.4852,51.3786],[14.4793,51.3853],[14.4995,51.4087],[14.4881,51.4107]]]},"properties":{"AGS":"14625330","GEN":"Lohsa","SN_L":"14"}},
{"type":"Feature","geometry":{"type":"Polygon","coordinates":[[[14.6044,51.302],[14.5995,51.3112],[14.5777,51.3241],[14.5648,51.3174],[14.5339,51.3484],[14.5242,51.3475],[14.5195,51.3339],[14.5078,51.3261],[14.5157,51.3178],[14.5348,51.3135],[14.5369,51.2914],[14.5507,51.2921],[14.5566,51.2804],[14.5464,51.2711],[14.54,51.252],[14.5171,51.2565],[14.5004,51.2457],[14.4811,51.2476],[14.4653,51.2243],[14.4769,51.2095],[14.4882,51.2082],[14.4955,51.2127],[14.5274,51.2082],[14.5432,51.2144],[14.5541,51.2052],[14.5809,51.2027],[14.5919,51.1963],[14.6069,51.2043],[14.6205,51.2289],[14.6364,51.2489],[14.6175,51.264],[14.6236,51.2786],[14.6002,51.2883],[14.6044,51.302]]]},"properties":{"AGS":"14625340","GEN":"Malschwitz","SN_L":"14"}},
{"type":"Feature","geometry":{"type":"Polygon","coordinates":[[[14.3467,51.1095],[14.3026,51.1143],[14.2805,51.1102],[14.2696,51.1084],[14.2657,51.0835],[14.2787,51.0738],[14.3016,51.0683],[14.3203,51.0679],[14.3146,51.0761],[14.3477,51.0866],[14.3467,51.1095]]]},"properties":{"AGS":"14625380","GEN":"Neukirch/Lausitz","SN_L":"14"}},
{"type":"Feature","geometry":{"type":"Polygon","coordinates":[[[14.1652,51.3797],[14.1031,51.3687],[14.1031,51.3517],[14.0898,51.3494],[14.0846,51.34],[14.1059,51.3399],[14.1117,51.3313],[14.141,51.3219],[14.161,51.3043],[14.1764,51.3084],[14.2041,51.323],[14.2127,51.3325],[14.1987,51.3518],[14.211,51.3601],[14.2114,51.3744],[14.177,51.3665],[14.1652,51.3797]]]},"properties":{"AGS":"14625420","GEN":"Oßling","SN_L":"14"}},
{"type":"Feature","geometry":{"type":"Polygon","coordinates":[[[13.8636,51.1946],[13.8444,51.2003],[13.821,51.1938],[13.7958,51.1973],[13.7695,51.1857],[13.7662,51.1752],[13.7829,51.1663],[13.7984,51.1686],[13.8312,51.1453],[13.8604,51.1583],[13.8521,51.17],[13.8624,51.1752],[13.8636,51.1946]]]},"properties":{"AGS":"14625430","GEN":"Ottendorf-Okrilla","SN_L":"14"}},
{"type":"Feature","geometry":{"type":"Polygon","coordinates":[[[13.9538,51.1356],[13.9182,51.1351],[13.9109,51.1413],[13.8893,51.1428],[13.8697,51.1361],[13.8956,51.1041],[13.9109,51.0942],[13.8882,51.071],[13.9227,51.0632],[13.9499,51.0738],[13.9396,51.0925],[13.9263,51.1006],[13.9421,51.1099],[13.9548,51.1263],[13.9538,51.1356]]]},"properties":{"AGS":"14625480","GEN":"Radeberg","SN_L":"14"}},
{"type":"Feature","geometry":{"type":"Polygon","coordinates":[[[14.4048,51.219],[14.4259,51.2268],[14.4367,51.2368],[14.4486,51.2788],[14.473,51.2844],[14.4736,51.3046],[14.4789,51.321],[14.4717,51.342],[14.4629,51.3461],[14.4404,51.337],[14.4228,51.3205],[14.4251,51.3031],[14.4164,51.2931],[14.3899,51.2974],[14.373,51.2732],[14.3615,51.2364],[14.3404,51.2238],[14.3429,51.2226],[14.383,51.2226],[14.4048,51.219]]]},"properties":{"AGS":"14625490","GEN":"Radibor","SN_L":"14"}},
{"type":"Feature","geometry":{"type":"Polygon","coordinates":[[[14.4791,51.1075],[14.4611,51.1065],[14.4437,51.1106],[14.4169,51.1109],[14.4063,51.0835],[14.387,51.0764],[14.3914,51.0703],[14.4139,51.0611],[14.4319,51.0691],[14.4532,51.0726],[14.4756,51.0683],[14.4893,51.0766],[14.4876,51.0889],[14.4762,51.0892],[14.4791,51.1075]]]},"properties":{"AGS":"14625525","GEN":"Schirgiswalde-Kirschau","SN_L":"14"}},
{"type":"Feature","geometry":{"type":"Polygon","coordinates":[[[14.2731,51.1278],[14.2465,51.1296],[14.218,51.1366],[14.2105,51.1274],[14.2219,51.1216],[14.2096,51.1063],[14.1938,51.1105],[14.1777,51.1053],[14.1813,51.082],[14.2048,51.0864],[14.2455,51.0745],[14.2617,51.0614],[14.2787,51.0738],[14.2657,51.0835],[14.2696,51.1084],[14.2805,51.1102],[14.2731,51.1278]]]},"properties":{"AGS":"14625530","GEN":"Schmölln-Putzkau","SN_L":"14"}},
{"type":"Feature","geometry":{"type":"Polygon","coordinates":[[[13.9637,51.3959],[13.9525,51.3964],[13.91,51.379],[13.8837,51.3752],[13.8909,51.3607],[13.9088,51.3547],[13.907,51.3429],[13.9237,51.3392],[13.932,51.3207],[13.9468,51.3202],[13.9981,51.3112],[14.0246,51.3234],[14.0426,51.3286],[14.0467,51.3383],[14.0255,51.3421],[14.0062,51.34],[13.9949,51.3488],[14.0115,51.3652],[14.0007,51.3726],[13.9702,51.3758],[13.9723,51.3938],[13.9637,51.3959]]]},"properties":{"AGS":"14625550","GEN":"Schwepnitz","SN_L":"14"}},
{"type":"Feature","geometry":{"type":"Polygon","coordinates":[[[14.4756,51.0683],[14.4532,51.0726],[14.4319,51.0691],[14.4139,51.0611],[14.3914,51.0703],[14.3726,51.0657],[14.362,51.0454],[14.3826,51.0386],[14.3832,51.0285],[14.4084,51.0188],[14.4218,51.0196],[14.4538,51.0359],[14.4655,51.0353],[14.4744,51.0255],[14.4927,51.0234],[14.4912,51.0435],[14.4853,51.053],[14.4901,51.061],[14.4756,51.0683]]]},"properties":{"AGS":"14625560","GEN":"Sohland a.d.Spree","SN_L":"14"}},
{"type":"Feature","geometry":{"type":"Polygon","coordinates":[[[14.4851,51.496],[14.4667,51.511],[14.4401,51.5116],[14.452,51.5307],[14.4478,51.5421],[14.4413,51.5446],[14.4094,51.5372],[14.3861,51.5408],[14.3537,51.5208],[14.3433,51.5182],[14.3381,51.5059],[14.3274,51.5074],[14.3489,51.4829],[14.3367,51.468],[14.3035,51.4823],[14.3039,51.4637],[14.3313,51.4579],[14.3406,51.4474],[14.3959,51.4473],[14.4102,51.4343],[14.4658,51.4339],[14.4909,51.4275],[14.4881,51.4107],[14.5067,51.4109],[14.5224,51.4301],[14.5083,51.4378],[14.506,51.4481],[14.4832,51.4507],[14.4883,51.468],[14.4709,51.4758],[14.4752,51.4943],[14.4851,51.496]]]},"properties":{"AGS":"14625570","GEN":"Spreetal","SN_L":"14"}},
{"type":"Feature","geometry":{"type":"Polygon","coordinates":[[[14.387,51.0764],[14.3653,51.0871],[14.3477,51.0866],[14.3146,51.0761],[14.3203,51.0679],[14.3179,51.0547],[14.335,51.0397],[14.362,51.0454],[14.3726,51.0657],[14.3914,51.0703],[14.387,51.0764]]]},"properties":{"AGS":"14625590","GEN":"Steinigtwolmsdorf","SN_L":"14"}},
{"type":"Feature","geometry":{"type":"Polygon","coordinates":[[[13.9305,51.1912],[13.9218,51.1999],[13.9,51.2016],[13.8636,51.1946],[13.8624,51.1752],[13.8521,51.17],[13.8604,51.1583],[13.8739,51.1566],[13.8893,51.1428],[13.9109,51.1413],[13.9182,51.1351],[13.9538,51.1356],[13.9798,51.1438],[13.9803,51.1542],[13.9434,51.1667],[13.9278,51.1657],[13.9305,51.1912]]]},"properties":{"AGS":"14625600","GEN":"Wachau","SN_L":"14"}},
{"type":"Feature","geometry":{"type":"Polygon","coordinates":[[[14.6841,51.2106],[14.6642,51.2108],[14.6205,51.2289],[14.6069,51.2043],[14.5919,51.1963],[14.5809,51.2027],[14.5541,51.2052],[14.552,51.1943],[14.5386,51.1672],[14.5485,51.1666],[14.565,51.1696],[14.5886,51.1814],[14.6086,51.1819],[14.6045,51.1637],[14.6309,51.1615],[14.6307,51.1494],[14.6402,51.1452],[14.6599,51.1572],[14.6828,51.1487],[14.6805,51.1661],[14.6983,51.1803],[14.6823,51.187],[14.6762,51.1986],[14.6841,51.2106]]]},"properties":{"AGS":"14625610","GEN":"Weißenberg","SN_L":"14"}},
{"type":"Feature","geometry":{"type":"Polygon","coordinates":[[[14.3802,51.1235],[14.3703,51.1088],[14.3467,51.1095],[14.3477,51.0866],[14.3653,51.0871],[14.387,51.0764],[14.4063,51.0835],[14.4169,51.1109],[14.3802,51.1235]]]},"properties":{"AGS":"14625630","GEN":"Wilthen","SN_L":"14"}},
{"type":"Feature","geometry":{"type":"Polygon","coordinates":[[[14.3155,51.3903],[14.3082,51.4087],[14.2894,51.4162],[14.2644,51.421],[14.2545,51.4103],[14.2345,51.3999],[14.217,51.41],[14.1896,51.4085],[14.1742,51.4002],[14.1652,51.3797],[14.177,51.3665],[14.2114,51.3744],[14.211,51.3601],[14.1987,51.3518],[14.2127,51.3325],[14.2356,51.3383],[14.2628,51.3388],[14.2972,51.3508],[14.284,51.3701],[14.2836,51.3859],[14.3155,51.3903]]]},"properties":{"AGS":"14625640","GEN":"Wittichenau","SN_L":"14"}},
{"type":"Feature","geometry":{"type":"Polygon","coordinates":[[[14.218,51.1366],[14.2135,51.1621],[14.2039,51.1705],[14.1792,51.1573],[14.1564,51.1581],[14.1466,51.1401],[14.1319,51.1376],[14.1288,51.1227],[14.1294,51.0911],[14.1328,51.0899],[14.143,51.0745],[14.162,51.0667],[14.1749,51.0711],[14.1813,51.082],[14.1777,51.1053],[14.1938,51.1105],[14.2096,51.1063],[14.2219,51.1216],[14.2105,51.1274],[14.218,51.1366]]]},"properties":{"AGS":"14625040","GEN":"Bischofswerda","SN_L":"14"}},
{"type":"Feature","geometry":{"type":"Polygon","coordinates":[[[14.1262,51.1757],[14.1006,51.1785],[14.0902,51.1724],[14.1081,51.1676],[14.1129,51.148],[14.1319,51.1376],[14.1466,51.1401],[14.1564,51.1581],[14.1262,51.1757]]]},"properties":{"AGS":"14625510","GEN":"Rammenau","SN_L":"14"}},
{"type":"Feature","geometry":{"type":"Polygon","coordinates":[[[14.1129,51.148],[14.079,51.1459],[14.0759,51.1286],[14.0834,51.12],[14.1288,51.1227],[14.1319,51.1376],[14.1129,51.148]]]},"properties":{"AGS":"14625140","GEN":"Frankenthal","SN_L":"14"}},
{"type":"Feature","geometry":{"type":"Polygon","coordinates":[[[14.0759,51.1286],[14.0622,51.1243],[14.0328,51.1268],[14.0184,51.1184],[14.0027,51.1199],[14.025,51.0914],[14.0475,51.085],[14.0638,51.0734],[14.0873,51.0762],[14.106,51.0735],[14.1328,51.0899],[14.1294,51.0911],[14.1288,51.1227],[14.0834,51.12],[14.0759,51.1286]]]},"properties":{"AGS":"14625170","GEN":"Großharthau","SN_L":"14"}},
{"type":"Feature","geometry":{"type":"Polygon","coordinates":[[[14.4865,51.1189],[14.477,51.1466],[14.4427,51.151],[14.4218,51.1381],[14.4314,51.1319],[14.4169,51.1109],[14.4437,51.1106],[14.4611,51.1065],[14.4791,51.1075],[14.4865,51.1189]]]},"properties":{"AGS":"14625190","GEN":"Großpostwitz/O.L.","SN_L":"14"}},
{"type":"Feature","geometry":{"type":"Polygon","coordinates":[[[14.4116,51.149],[14.4023,51.1515],[14.3873,51.1426],[14.3802,51.1235],[14.4169,51.1109],[14.4314,51.1319],[14.4218,51.1381],[14.4116,51.149]]]},"properties":{"AGS":"14625390","GEN":"Obergurig","SN_L":"14"}},
{"type":"Feature","geometry":{"type":"Polygon","coordinates":[[[13.8837,51.3752],[13.8632,51.3818],[13.8362,51.3833],[13.8353,51.3768],[13.8442,51.366],[13.8565,51.34],[13.8259,51.3409],[13.8185,51.3196],[13.8036,51.309],[13.8047,51.2953],[13.8173,51.2819],[13.8396,51.2733],[13.8607,51.2764],[13.8678,51.2558],[13.8816,51.263],[13.8989,51.2465],[13.9213,51.2334],[13.9337,51.2316],[13.9476,51.2308],[13.9325,51.263],[13.9078,51.2853],[13.8937,51.2925],[13.9234,51.3212],[13.932,51.3207],[13.9237,51.3392],[13.907,51.3429],[13.9088,51.3547],[13.8909,51.3607],[13.8837,51.3752]]]},"properties":{"AGS":"14625270","GEN":"Königsbrück","SN_L":"14"}},
{"type":"Feature","geometry":{"type":"Polygon","coordinates":[[[13.9337,51.2316],[13.9213,51.2334],[13.8989,51.2465],[13.8816,51.263],[13.8678,51.2558],[13.8607,51.2764],[13.8396,51.2733],[13.8173,51.2819],[13.8035,51.2723],[13.8267,51.2646],[13.8092,51.2577],[13.8124,51.2358],[13.7953,51.2242],[13.7835,51.228],[13.7786,51.2037],[13.7958,51.1973],[13.821,51.1938],[13.8444,51.2003],[13.8636,51.1946],[13.9,51.2016],[13.9215,51.2104],[13.9215,51.2185],[13.9337,51.2316]]]},"properties":{"AGS":"14625300","GEN":"Laußnitz","SN_L":"14"}},
{"type":"Feature","geometry":{"type":"Polygon","coordinates":[[[13.932,51.3207],[13.9234,51.3212],[13.8937,51.2925],[13.9078,51.2853],[13.9325,51.263],[13.9521,51.2662],[13.9689,51.2613],[13.9938,51.2604],[14.0079,51.2875],[13.9986,51.2943],[13.9981,51.3112],[13.9468,51.3202],[13.932,51.3207]]]},"properties":{"AGS":"14625370","GEN":"Neukirch","SN_L":"14"}},
{"type":"Feature","geometry":{"type":"Polygon","coordinates":[[[14.3404,51.2238],[14.3615,51.2364],[14.373,51.2732],[14.3899,51.2974],[14.3692,51.2998],[14.3639,51.2925],[14.3395,51.3004],[14.2659,51.2941],[14.2662,51.2839],[14.2554,51.2707],[14.263,51.2631],[14.2919,51.2651],[14.3175,51.2541],[14.3042,51.2438],[14.2996,51.2275],[14.3258,51.2215],[14.3404,51.2238]]]},"properties":{"AGS":"14625360","GEN":"Neschwitz","SN_L":"14"}},
{"type":"Feature","geometry":{"type":"Polygon","coordinates":[[[14.2996,51.2275],[14.3042,51.2438],[14.3175,51.2541],[14.2919,51.2651],[14.263,51.2631],[14.2595,51.2405],[14.2732,51.2292],[14.2857,51.2268],[14.2996,51.2275]]]},"properties":{"AGS":"14625460","GEN":"Puschwitz","SN_L":"14"}},
{"type":"Feature","geometry":{"type":"Polygon","coordinates":[[[13.9476,51.2308],[13.9337,51.2316],[13.9215,51.2185],[13.9215,51.2104],[13.9,51.2016],[13.9218,51.1999],[13.9305,51.1912],[13.9473,51.1893],[13.9584,51.1963],[13.9678,51.1834],[13.9802,51.1988],[13.9495,51.2297],[13.9476,51.2308]]]},"properties":{"AGS":"14625180","GEN":"Großnaundorf","SN_L":"14"}},
{"type":"Feature","geometry":{"type":"Polygon","coordinates":[[[13.9944,51.1681],[13.989,51.1825],[13.9909,51.1979],[13.9802,51.1988],[13.9678,51.1834],[13.9584,51.1963],[13.9473,51.1893],[13.9305,51.1912],[13.9278,51.1657],[13.9434,51.1667],[13.9803,51.1542],[13.9944,51.1681]]]},"properties":{"AGS":"14625320","GEN":"Lichtenberg","SN_L":"14"}},
{"type":"Feature","geometry":{"type":"Polygon","coordinates":[[[14.1006,51.1785],[14.1078,51.1857],[14.1002,51.1961],[14.0794,51.1851],[14.048,51.1902],[14.0242,51.1765],[14.0296,51.1669],[14.0583,51.1609],[14.0902,51.1724],[14.1006,51.1785]]]},"properties":{"AGS":"14625410","GEN":"Ohorn","SN_L":"14"}},
{"type":"Feature","geometry":{"type":"Polygon","coordinates":[[[14.0104,51.2243],[14.0016,51.2377],[13.9696,51.2374],[13.9495,51.2297],[13.9802,51.1988],[13.9909,51.1979],[13.989,51.1825],[13.9944,51.1681],[14.0296,51.1669],[14.0242,51.1765],[14.048,51.1902],[14.0446,51.1962],[14.0198,51.2048],[14.0104,51.2243]]]},"properties":{"AGS":"14625450","GEN":"Pulsnitz","SN_L":"14"}},
{"type":"Feature","geometry":{"type":"Polygon","coordinates":[[[14.098,51.1978],[14.0782,51.2013],[14.0576,51.2164],[14.0387,51.215],[14.0331,51.2268],[14.0104,51.2243],[14.0198,51.2048],[14.0446,51.1962],[14.048,51.1902],[14.0794,51.1851],[14.1002,51.1961],[14.098,51.1978]]]},"properties":{"AGS":"14625580","GEN":"Steina","SN_L":"14"}},
{"type":"Feature","geometry":{"type":"Polygon","coordinates":[[[14.2554,51.2707],[14.241,51.2642],[14.2378,51.256],[14.2127,51.2402],[14.2404,51.2226],[14.2643,51.2186],[14.2836,51.2195],[14.2857,51.2268],[14.2732,51.2292],[14.2595,51.2405],[14.263,51.2631],[14.2554,51.2707]]]},"properties":{"AGS":"14625080","GEN":"Crostwitz","SN_L":"14"}},
{"type":"Feature","geometry":{"type":"Polygon","coordinates":[[[14.2141,51.2743],[14.2063,51.2906],[14.2075,51.2996],[14.1764,51.3084],[14.161,51.3043],[14.1723,51.2922],[14.1742,51.2813],[14.1629,51.2774],[14.141,51.2783],[14.1302,51.2655],[14.1464,51.2518],[14.1623,51.2404],[14.1878,51.2392],[14.199,51.2458],[14.1853,51.26],[14.1855,51.2736],[14.2005,51.278],[14.2141,51.2743]]]},"properties":{"AGS":"14625350","GEN":"Nebelschütz","SN_L":"14"}},
{"type":"Feature","geometry":{"type":"Polygon","coordinates":[[[14.2127,51.2402],[14.199,51.2458],[14.1878,51.2392],[14.1623,51.2404],[14.17,51.2062],[14.1486,51.1881],[14.1586,51.1806],[14.1994,51.1959],[14.1903,51.209],[14.2093,51.2172],[14.2444,51.2089],[14.2656,51.2077],[14.2643,51.2186],[14.2404,51.2226],[14.2127,51.2402]]]},"properties":{"AGS":"14625440","GEN":"Panschwitz-Kuckau","SN_L":"14"}},
{"type":"Feature","geometry":{"type":"Polygon","coordinates":[[[14.241,51.2642],[14.2351,51.2788],[14.2141,51.2743],[14.2005,51.278],[14.1855,51.2736],[14.1853,51.26],[14.199,51.2458],[14.2127,51.2402],[14.2378,51.256],[14.241,51.2642]]]},"properties":{"AGS":"14625470","GEN":"Räckelwitz","SN_L":"14"}},
{"type":"Feature","geometry":{"type":"Polygon","coordinates":[[[14.2628,51.3388],[14.2356,51.3383],[14.2127,51.3325],[14.2041,51.323],[14.1764,51.3084],[14.2075,51.2996],[14.2063,51.2906],[14.2141,51.2743],[14.2351,51.2788],[14.241,51.2642],[14.2554,51.2707],[14.2662,51.2839],[14.2659,51.2941],[14.2713,51.3129],[14.2702,51.329],[14.2628,51.3388]]]},"properties":{"AGS":"14625500","GEN":"Ralbitz-Rosenthal","SN_L":"14"}},
{"type":"Feature","geometry":{"type":"Polygon","coordinates":[[[14.6617,51.4626],[14.6401,51.4595],[14.6148,51.4649],[14.5954,51.478],[14.562,51.4733],[14.5405,51.4593],[14.5424,51.4453],[14.5224,51.4301],[14.5067,51.4109],[14.4881,51.4107],[14.4995,51.4087],[14.4793,51.3853],[14.4852,51.3786],[14.4629,51.3561],[14.4629,51.3461],[14.4717,51.342],[14.4789,51.321],[14.5078,51.3261],[14.5195,51.3339],[14.5242,51.3475],[14.5339,51.3484],[14.5648,51.3174],[14.5777,51.3241],[14.5995,51.3112],[14.6044,51.302],[14.6365,51.3035],[14.6407,51.3127],[14.6576,51.3163],[14.655,51.3332],[14.665,51.3492],[14.6678,51.3665],[14.6882,51.3751],[14.6911,51.3912],[14.7116,51.4069],[14.7316,51.406],[14.7475,51.4287],[14.7323,51.4352],[14.7177,51.4482],[14.7007,51.4426],[14.6696,51.4409],[14.6617,51.4626]]]},"properties":{"AGS":"14626060","GEN":"Boxberg/O.L.","SN_L":"14"}},
{"type":"Feature","geometry":{"type":"Polygon","coordinates":[[[14.6255,50.9766],[14.6307,50.9871],[14.627,51.0157],[14.5935,51.0306],[14.5638,51.0097],[14.5813,50.9935],[14.5992,50.9871],[14.5957,50.9625],[14.6134,50.9587],[14.6255,50.9766]]]},"properties":{"AGS":"14626085","GEN":"Ebersbach-Neugersdorf","SN_L":"14"}},
{"type":"Feature","geometry":{"type":"Polygon","coordinates":[[[15.0178,51.2199],[15.005,51.2235],[14.9734,51.224],[14.9629,51.2096],[14.9671,51.1939],[14.9596,51.1661],[14.9373,51.1647],[14.9265,51.1549],[14.9118,51.1424],[14.93,51.1126],[14.9341,51.0934],[14.9434,51.0845],[14.9405,51.0694],[14.924,51.0688],[14.9224,51.0577],[14.9493,51.0533],[14.9625,51.0559],[14.9793,51.0771],[14.9761,51.0843],[14.9839,51.0974],[14.9785,51.1068],[14.9835,51.1179],[14.9965,51.1209],[14.991,51.1413],[15.0007,51.1495],[14.9937,51.1631],[15.0088,51.1823],[15.0137,51.1954],[15.0076,51.2045],[15.0178,51.2199]]]},"properties":{"AGS":"14626110","GEN":"Görlitz","SN_L":"14"}},
{"type":"Feature","geometry":{"type":"Polygon","coordinates":[[[14.8361,50.998],[14.8383,51.0041],[14.8217,51.0197],[14.8088,51.0373],[14.7715,51.0516],[14.7539,51.0517],[14.7158,51.0518],[14.6996,51.0488],[14.693,51.0347],[14.7006,51.0176],[14.6785,51.0138],[14.6737,51.0029],[14.6836,50.9956],[14.7067,50.987],[14.7409,50.9792],[14.7552,50.9849],[14.7668,50.9755],[14.7869,50.9692],[14.8095,50.9672],[14.8241,50.9682],[14.8299,50.992],[14.8361,50.998]]]},"properties":{"AGS":"14626180","GEN":"Herrnhut","SN_L":"14"}},
{"type":"Feature","geometry":{"type":"Polygon","coordinates":[[[14.7158,51.0518],[14.703,51.0744],[14.6962,51.0684],[14.6697,51.0606],[14.6602,51.0644],[14.6365,51.0508],[14.618,51.0361],[14.5959,51.0353],[14.5935,51.0306],[14.627,51.0157],[14.6307,50.9871],[14.6255,50.9766],[14.6516,50.9636],[14.6704,50.9713],[14.6836,50.9956],[14.6737,51.0029],[14.6785,51.0138],[14.7006,51.0176],[14.693,51.0347],[14.6996,51.0488],[14.7158,51.0518]]]},"properties":{"AGS":"14626245","GEN":"Kottmar","SN_L":"14"}},
{"type":"Feature","geometry":{"type":"Polygon","coordinates":[[[14.73,51.5308],[14.7112,51.5288],[14.6916,51.5331],[14.6799,51.5223],[14.6927,51.497],[14.7384,51.5104],[14.7478,51.5001],[14.7547,51.4823],[14.7781,51.4856],[14.7816,51.4633],[14.7888,51.4435],[14.8105,51.4508],[14.8508,51.4467],[14.8443,51.4346],[14.8638,51.4233],[14.8837,51.4203],[14.8921,51.4121],[14.9187,51.4124],[14.9384,51.4217],[14.9371,51.4321],[14.9601,51.4325],[14.9738,51.4423],[14.9559,51.4585],[14.947,51.4721],[14.9274,51.4731],[14.9224,51.4823],[14.8978,51.4821],[14.8884,51.4875],[14.8716,51.4847],[14.8528,51.4893],[14.7968,51.5175],[14.7665,51.5189],[14.7358,51.526],[14.73,51.5308]]]},"properties":{"AGS":"14626250","GEN":"Krauschwitz i.d.O.L.","SN_L":"14"}},
{"type":"Feature","geometry":{"type":"Polygon","coordinates":[[[14.6516,50.9636],[14.6255,50.9766],[14.6134,50.9587],[14.6404,50.946],[14.6546,50.9452],[14.6473,50.9315],[14.6518,50.9267],[14.6731,50.9238],[14.7064,50.9352],[14.6975,50.9444],[14.6729,50.9587],[14.6516,50.9636]]]},"properties":{"AGS":"14626280","GEN":"Leutersdorf","SN_L":"14"}},
{"type":"Feature","geometry":{"type":"Polygon","coordinates":[[[14.895,51.1645],[14.8796,51.1674],[14.8598,51.16],[14.8467,51.1636],[14.831,51.1543],[14.8444,51.1429],[14.8313,51.1318],[14.8164,51.1264],[14.8164,51.1004],[14.8288,51.0962],[14.8207,51.0832],[14.8285,51.0913],[14.8438,51.0924],[14.846,51.076],[14.8545,51.0752],[14.9071,51.0861],[14.9434,51.0845],[14.9341,51.0934],[14.93,51.1126],[14.9118,51.1424],[14.9265,51.1549],[14.9202,51.1603],[14.895,51.1645]]]},"properties":{"AGS":"14626300","GEN":"Markersdorf","SN_L":"14"}},
{"type":"Feature","geometry":{"type":"Polygon","coordinates":[[[14.7539,50.906],[14.7581,50.9104],[14.7829,50.9067],[14.7928,50.9189],[14.8251,50.905],[14.8442,50.9134],[14.8464,50.9226],[14.8256,50.9329],[14.8222,50.9484],[14.8095,50.9672],[14.7869,50.9692],[14.7544,50.9388],[14.7199,50.9293],[14.7141,50.9311],[14.7241,50.9232],[14.7175,50.9137],[14.7224,50.9063],[14.7539,50.906]]]},"properties":{"AGS":"14626310","GEN":"Mittelherwigsdorf","SN_L":"14"}},
{"type":"Feature","geometry":{"type":"Polygon","coordinates":[[[14.8459,51.3132],[14.8102,51.3066],[14.8208,51.3277],[14.8062,51.3461],[14.821,51.3507],[14.8136,51.3774],[14.7846,51.378],[14.7577,51.3737],[14.7543,51.3605],[14.7577,51.3477],[14.7605,51.3372],[14.7788,51.3256],[14.7502,51.307],[14.767,51.2965],[14.7635,51.2839],[14.7778,51.2803],[14.8122,51.2871],[14.8227,51.2731],[14.8421,51.2585],[14.8565,51.2582],[14.8622,51.2881],[14.8672,51.2928],[14.8459,51.3132]]]},"properties":{"AGS":"14626370","GEN":"Niesky","SN_L":"14"}},
{"type":"Feature","geometry":{"type":"Polygon","coordinates":[[[14.7869,50.9692],[14.7668,50.9755],[14.7552,50.9849],[14.7409,50.9792],[14.7067,50.987],[14.6836,50.9956],[14.6704,50.9713],[14.6516,50.9636],[14.6729,50.9587],[14.6975,50.9444],[14.7064,50.9352],[14.7141,50.9311],[14.7199,50.9293],[14.7544,50.9388],[14.7869,50.9692]]]},"properties":{"AGS":"14626390","GEN":"Oderwitz","SN_L":"14"}},
{"type":"Feature","geometry":{"type":"Polygon","coordinates":[[[14.9625,51.0559],[14.9493,51.0533],[14.9224,51.0577],[14.9218,51.0412],[14.8953,51.0198],[14.8861,51.0048],[14.8716,50.9993],[14.8757,50.9932],[14.8949,50.9917],[14.9066,50.9722],[14.9181,50.9742],[14.9203,50.9879],[14.9349,51.0062],[14.9391,51.0235],[14.9483,51.0402],[14.9647,51.0504],[14.9625,51.0559]]]},"properties":{"AGS":"14626420","GEN":"Ostritz","SN_L":"14"}},
{"type":"Feature","geometry":{"type":"Polygon","coordinates":[[[14.6134,50.9587],[14.5957,50.9625],[14.5807,50.9419],[14.5607,50.9254],[14.5648,50.9184],[14.5832,50.9143],[14.6171,50.9255],[14.6473,50.9315],[14.6546,50.9452],[14.6404,50.946],[14.6134,50.9587]]]},"properties":{"AGS":"14626530","GEN":"Seifhennersdorf","SN_L":"14"}},
{"type":"Feature","geometry":{"type":"Polygon","coordinates":[[[14.9066,50.9722],[14.8949,50.9917],[14.8757,50.9932],[14.8716,50.9993],[14.8361,50.998],[14.8299,50.992],[14.8241,50.9682],[14.8095,50.9672],[14.8222,50.9484],[14.8256,50.9329],[14.8464,50.9226],[14.8442,50.9134],[14.8251,50.905],[14.7928,50.9189],[14.7829,50.9067],[14.7581,50.9104],[14.7539,50.906],[14.7633,50.8978],[14.7916,50.8924],[14.7877,50.8771],[14.7989,50.8712],[14.7827,50.8612],[14.7749,50.8472],[14.7854,50.8384],[14.7905,50.8241],[14.8,50.8228],[14.8102,50.8508],[14.8251,50.8693],[14.8196,50.8851],[14.8434,50.9007],[14.8527,50.9111],[14.8672,50.9172],[14.8753,50.9308],[14.8966,50.9406],[14.8931,50.9501],[14.9066,50.9722]]]},"properties":{"AGS":"14626610","GEN":"Zittau","SN_L":"14"}},
{"type":"Feature","geometry":{"type":"Polygon","coordinates":[[[14.73,51.5308],[14.7293,51.5497],[14.7112,51.5627],[14.7299,51.5818],[14.7076,51.5973],[14.6966,51.5967],[14.7055,51.5773],[14.6958,51.5746],[14.6886,51.5594],[14.6756,51.5515],[14.6916,51.5331],[14.7112,51.5288],[14.73,51.5308]]]},"properties":{"AGS":"14626010","GEN":"Bad Muskau","SN_L":"14"}},
{"type":"Feature","geometry":{"type":"Polygon","coordinates":[[[14.6756,51.5515],[14.6558,51.5543],[14.6099,51.5501],[14.6032,51.5388],[14.6266,51.5313],[14.6558,51.5275],[14.6625,51.5163],[14.6799,51.5223],[14.6916,51.5331],[14.6756,51.5515]]]},"properties":{"AGS":"14626100","GEN":"Gablenz","SN_L":"14"}},
{"type":"Feature","geometry":{"type":"Polygon","coordinates":[[[14.8545,51.0752],[14.846,51.076],[14.8438,51.0924],[14.8285,51.0913],[14.8207,51.0832],[14.8052,51.0903],[14.7871,51.0843],[14.7728,51.0866],[14.7703,51.0776],[14.7544,51.0609],[14.7539,51.0517],[14.7715,51.0516],[14.8088,51.0373],[14.8217,51.0197],[14.8383,51.0041],[14.8361,50.998],[14.8716,50.9993],[14.8861,51.0048],[14.8953,51.0198],[14.8681,51.029],[14.8789,51.0378],[14.8531,51.0685],[14.8545,51.0752]]]},"properties":{"AGS":"14626030","GEN":"Bernstadt a.d.Eigen","SN_L":"14"}},
{"type":"Feature","geometry":{"type":"Polygon","coordinates":[[[14.9224,51.0577],[14.924,51.0688],[14.9405,51.0694],[14.9434,51.0845],[14.9071,51.0861],[14.8545,51.0752],[14.8531,51.0685],[14.8789,51.0378],[14.8681,51.029],[14.8953,51.0198],[14.9218,51.0412],[14.9224,51.0577]]]},"properties":{"AGS":"14626500","GEN":"Schönau-Berzdorf a.d.Eigen","SN_L":"14"}},
{"type":"Feature","geometry":{"type":"Polygon","coordinates":[[[14.698,50.8875],[14.6879,50.8999],[14.6735,50.9083],[14.6704,50.9206],[14.6518,50.9267],[14.6529,50.9055],[14.6362,50.8974],[14.6319,50.8833],[14.6187,50.8646],[14.6189,50.8577],[14.6483,50.8487],[14.6601,50.8502],[14.6614,50.8623],[14.6812,50.8686],[14.69,50.884],[14.698,50.8875]]]},"properties":{"AGS":"14626140","GEN":"Großschönau","SN_L":"14"}},
{"type":"Feature","geometry":{"type":"Polygon","coordinates":[[[14.7224,50.9063],[14.7175,50.9137],[14.7241,50.9232],[14.7141,50.9311],[14.7064,50.9352],[14.6731,50.9238],[14.6518,50.9267],[14.6704,50.9206],[14.6735,50.9083],[14.6879,50.8999],[14.698,50.8875],[14.7224,50.9063]]]},"properties":{"AGS":"14626170","GEN":"Hainewalde","SN_L":"14"}},
{"type":"Feature","geometry":{"type":"Polygon","coordinates":[[[14.6602,51.0644],[14.6646,51.0755],[14.6249,51.0796],[14.61,51.0658],[14.6286,51.061],[14.6365,51.0508],[14.6602,51.0644]]]},"properties":{"AGS":"14626150","GEN":"Großschweidnitz","SN_L":"14"}},
{"type":"Feature","geometry":{"type":"Polygon","coordinates":[[[14.6038,51.1174],[14.5751,51.1203],[14.5726,51.1144],[14.5807,51.1047],[14.5586,51.0813],[14.5584,51.0746],[14.5894,51.0763],[14.5937,51.0677],[14.61,51.0658],[14.6249,51.0796],[14.608,51.0919],[14.6038,51.1174]]]},"properties":{"AGS":"14626270","GEN":"Lawalde","SN_L":"14"}},
{"type":"Feature","geometry":{"type":"Polygon","coordinates":[[[14.7204,51.1738],[14.7128,51.1858],[14.6983,51.1803],[14.6805,51.1661],[14.6828,51.1487],[14.6599,51.1572],[14.6402,51.1452],[14.6317,51.13],[14.6128,51.1291],[14.6038,51.1174],[14.608,51.0919],[14.6249,51.0796],[14.6646,51.0755],[14.6602,51.0644],[14.6697,51.0606],[14.6962,51.0684],[14.703,51.0744],[14.7103,51.0881],[14.7277,51.1076],[14.7567,51.1119],[14.7471,51.1265],[14.7295,51.1362],[14.7318,51.1476],[14.7227,51.1572],[14.728,51.1666],[14.7204,51.1738]]]},"properties":{"AGS":"14626290","GEN":"Löbau","SN_L":"14"}},
{"type":"Feature","geometry":{"type":"Polygon","coordinates":[[[14.7728,51.0866],[14.7701,51.0998],[14.7567,51.1119],[14.7277,51.1076],[14.7103,51.0881],[14.703,51.0744],[14.7158,51.0518],[14.7539,51.0517],[14.7544,51.0609],[14.7703,51.0776],[14.7728,51.0866]]]},"properties":{"AGS":"14626470","GEN":"Rosenbach","SN_L":"14"}},
{"type":"Feature","geometry":{"type":"Polygon","coordinates":[[[14.61,51.0658],[14.5937,51.0677],[14.5707,51.0453],[14.5843,51.0348],[14.5959,51.0353],[14.618,51.0361],[14.6365,51.0508],[14.6286,51.061],[14.61,51.0658]]]},"properties":{"AGS":"14626070","GEN":"Dürrhennersdorf","SN_L":"14"}},
{"type":"Feature","geometry":{"type":"Polygon","coordinates":[[[14.5707,51.0453],[14.5355,51.0567],[14.5314,51.0579],[14.5129,51.0546],[14.5059,51.0439],[14.4986,51.0221],[14.5253,51.0185],[14.5399,51.0104],[14.5638,51.0097],[14.5935,51.0306],[14.5959,51.0353],[14.5843,51.0348],[14.5707,51.0453]]]},"properties":{"AGS":"14626350","GEN":"Neusalza-Spremberg","SN_L":"14"}},
{"type":"Feature","geometry":{"type":"Polygon","coordinates":[[[14.5937,51.0677],[14.5894,51.0763],[14.5584,51.0746],[14.5469,51.0707],[14.5355,51.0567],[14.5707,51.0453],[14.5937,51.0677]]]},"properties":{"AGS":"14626510","GEN":"Schönbach","SN_L":"14"}},
{"type":"Feature","geometry":{"type":"Polygon","coordinates":[[[14.7539,50.906],[14.7224,50.9063],[14.698,50.8875],[14.69,50.884],[14.6812,50.8686],[14.7074,50.8585],[14.7269,50.8636],[14.7359,50.8654],[14.748,50.8878],[14.7633,50.8978],[14.7539,50.906]]]},"properties":{"AGS":"14626050","GEN":"Bertsdorf-Hörnitz","SN_L":"14"}},
{"type":"Feature","geometry":{"type":"Polygon","coordinates":[[[14.7269,50.8636],[14.7074,50.8585],[14.6812,50.8686],[14.6614,50.8623],[14.6601,50.8502],[14.6902,50.838],[14.7119,50.8381],[14.7122,50.8527],[14.7224,50.8554],[14.7269,50.8636]]]},"properties":{"AGS":"14626210","GEN":"Jonsdorf","SN_L":"14"}},
{"type":"Feature","geometry":{"type":"Polygon","coordinates":[[[14.7827,50.8612],[14.7989,50.8712],[14.7877,50.8771],[14.7916,50.8924],[14.7633,50.8978],[14.748,50.8878],[14.7359,50.8654],[14.7269,50.8636],[14.7224,50.8554],[14.7395,50.8508],[14.7527,50.8616],[14.7827,50.8612]]]},"properties":{"AGS":"14626400","GEN":"Olbersdorf","SN_L":"14"}},
{"type":"Feature","geometry":{"type":"Polygon","coordinates":[[[14.7827,50.8612],[14.7527,50.8616],[14.7395,50.8508],[14.7224,50.8554],[14.7122,50.8527],[14.7119,50.8381],[14.7171,50.8233],[14.7388,50.8288],[14.7664,50.8193],[14.7905,50.8241],[14.7854,50.8384],[14.7749,50.8472],[14.7827,50.8612]]]},"properties":{"AGS":"14626430","GEN":"Oybin","SN_L":"14"}},
{"type":"Feature","geometry":{"type":"Polygon","coordinates":[[[14.5586,51.0813],[14.5442,51.0826],[14.501,51.0788],[14.5075,51.0689],[14.5314,51.0579],[14.5355,51.0567],[14.5469,51.0707],[14.5584,51.0746],[14.5586,51.0813]]]},"properties":{"AGS":"14626020","GEN":"Beiersdorf","SN_L":"14"}},
{"type":"Feature","geometry":{"type":"Polygon","coordinates":[[[14.5314,51.0579],[14.5075,51.0689],[14.501,51.0788],[14.4893,51.0766],[14.4756,51.0683],[14.4901,51.061],[14.4853,51.053],[14.4912,51.0435],[14.5059,51.0439],[14.5129,51.0546],[14.5314,51.0579]]]},"properties":{"AGS":"14626410","GEN":"Oppach","SN_L":"14"}},
{"type":"Feature","geometry":{"type":"Polygon","coordinates":[[[14.8841,51.1995],[14.859,51.2068],[14.8428,51.2058],[14.827,51.1921],[14.8284,51.1771],[14.8467,51.1636],[14.8598,51.16],[14.8796,51.1674],[14.895,51.1645],[14.8988,51.1911],[14.8841,51.1995]]]},"properties":{"AGS":"14626240","GEN":"Königshain","SN_L":"14"}},
{"type":"Feature","geometry":{"type":"Polygon","coordinates":[[[14.8284,51.1771],[14.7915,51.1772],[14.7853,51.1867],[14.7204,51.1738],[14.728,51.1666],[14.7227,51.1572],[14.7318,51.1476],[14.7295,51.1362],[14.7471,51.1265],[14.7567,51.1119],[14.7701,51.0998],[14.7728,51.0866],[14.7871,51.0843],[14.8052,51.0903],[14.8207,51.0832],[14.8288,51.0962],[14.8164,51.1004],[14.8164,51.1264],[14.8313,51.1318],[14.8444,51.1429],[14.831,51.1543],[14.8467,51.1636],[14.8284,51.1771]]]},"properties":{"AGS":"14626450","GEN":"Reichenbach/O.L.","SN_L":"14"}},
{"type":"Feature","geometry":{"type":"Polygon","coordinates":[[[14.827,51.1921],[14.8167,51.1963],[14.8053,51.2104],[14.7612,51.2065],[14.7311,51.2118],[14.7394,51.2204],[14.7215,51.2329],[14.7068,51.2276],[14.6986,51.2176],[14.6841,51.2106],[14.6762,51.1986],[14.6823,51.187],[14.6983,51.1803],[14.7128,51.1858],[14.7204,51.1738],[14.7853,51.1867],[14.7915,51.1772],[14.8284,51.1771],[14.827,51.1921]]]},"properties":{"AGS":"14626570","GEN":"Vierkirchen","SN_L":"14"}},
{"type":"Feature","geometry":{"type":"Polygon","coordinates":[[[14.7577,51.3477],[14.7543,51.3605],[14.7577,51.3737],[14.7242,51.3707],[14.7152,51.3636],[14.6882,51.3751],[14.6678,51.3665],[14.665,51.3492],[14.655,51.3332],[14.6576,51.3163],[14.6777,51.3106],[14.6965,51.3188],[14.6983,51.3266],[14.7338,51.3365],[14.7577,51.3477]]]},"properties":{"AGS":"14626260","GEN":"Kreba-Neudorf","SN_L":"14"}},
{"type":"Feature","geometry":{"type":"Polygon","coordinates":[[[14.8921,51.4121],[14.8837,51.4203],[14.8638,51.4233],[14.8443,51.4346],[14.8508,51.4467],[14.8105,51.4508],[14.7888,51.4435],[14.7538,51.4337],[14.7475,51.4287],[14.7316,51.406],[14.7116,51.4069],[14.6911,51.3912],[14.6882,51.3751],[14.7152,51.3636],[14.7242,51.3707],[14.7577,51.3737],[14.7846,51.378],[14.8136,51.3774],[14.8355,51.3892],[14.854,51.3948],[14.8797,51.4075],[14.8921,51.4121]]]},"properties":{"AGS":"14626460","GEN":"Rietschen","SN_L":"14"}},
{"type":"Feature","geometry":{"type":"Polygon","coordinates":[[[14.8548,51.3293],[14.8735,51.3337],[14.8942,51.3431],[14.9045,51.3526],[14.903,51.3765],[14.9172,51.3827],[14.9135,51.3916],[14.8928,51.4056],[14.8797,51.4075],[14.854,51.3948],[14.8355,51.3892],[14.8136,51.3774],[14.821,51.3507],[14.8062,51.3461],[14.8208,51.3277],[14.8102,51.3066],[14.8459,51.3132],[14.8548,51.3293]]]},"properties":{"AGS":"14626160","GEN":"Hähnichen","SN_L":"14"}},
{"type":"Feature","geometry":{"type":"Polygon","coordinates":[[[15.013,51.3008],[15.0096,51.315],[14.9931,51.323],[14.9778,51.3417],[14.9742,51.364],[14.9836,51.3741],[14.9649,51.3861],[14.9635,51.4073],[14.967,51.4162],[14.9601,51.4325],[14.9371,51.4321],[14.9384,51.4217],[14.9187,51.4124],[14.8921,51.4121],[14.8797,51.4075],[14.8928,51.4056],[14.9135,51.3916],[14.9172,51.3827],[14.903,51.3765],[14.9045,51.3526],[14.8942,51.3431],[14.8735,51.3337],[14.8548,51.3293],[14.8691,51.3249],[14.9097,51.325],[14.9266,51.3225],[14.9452,51.3075],[14.9666,51.3055],[14.9762,51.2908],[14.9886,51.2803],[14.9998,51.2934],[15.013,51.3008]]]},"properties":{"AGS":"14626480","GEN":"Rothenburg/O.L.","SN_L":"14"}},
{"type":"Feature","geometry":{"type":"Polygon","coordinates":[[[14.5836,51.5342],[14.5908,51.5381],[14.6266,51.5313],[14.6032,51.5388],[14.6099,51.5501],[14.599,51.5717],[14.5696,51.5812],[14.5606,51.5735],[14.5444,51.5736],[14.5475,51.5636],[14.5518,51.5566],[14.5692,51.5503],[14.572,51.5386],[14.5836,51.5342]]]},"properties":{"AGS":"14626120","GEN":"Groß Düben","SN_L":"14"}},
{"type":"Feature","geometry":{"type":"Polygon","coordinates":[[[14.572,51.5386],[14.5692,51.5503],[14.5518,51.5566],[14.5475,51.5636],[14.5155,51.5542],[14.4999,51.5594],[14.4506,51.5556],[14.4478,51.5421],[14.452,51.5307],[14.4401,51.5116],[14.4667,51.511],[14.4851,51.496],[14.4885,51.5001],[14.5394,51.5076],[14.5275,51.5332],[14.5669,51.531],[14.572,51.5386]]]},"properties":{"AGS":"14626490","GEN":"Schleife","SN_L":"14"}},
{"type":"Feature","geometry":{"type":"Polygon","coordinates":[[[14.5832,51.529],[14.5836,51.5342],[14.572,51.5386],[14.5669,51.531],[14.5275,51.5332],[14.5394,51.5076],[14.4885,51.5001],[14.4851,51.496],[14.4752,51.4943],[14.4709,51.4758],[14.4883,51.468],[14.525,51.4741],[14.5509,51.4839],[14.582,51.4886],[14.5753,51.5064],[14.5939,51.5104],[14.5832,51.529]]]},"properties":{"AGS":"14626560","GEN":"Trebendorf","SN_L":"14"}},
{"type":"Feature","geometry":{"type":"Polygon","coordinates":[[[14.7888,51.4435],[14.7816,51.4633],[14.7781,51.4856],[14.7547,51.4823],[14.7478,51.5001],[14.7384,51.5104],[14.6927,51.497],[14.6799,51.4946],[14.6725,51.4843],[14.657,51.4759],[14.6617,51.4626],[14.6696,51.4409],[14.7007,51.4426],[14.7177,51.4482],[14.7323,51.4352],[14.7475,51.4287],[14.7538,51.4337],[14.7888,51.4435]]]},"properties":{"AGS":"14626590","GEN":"Weißkeißel","SN_L":"14"}},
{"type":"Feature","geometry":{"type":"Polygon","coordinates":[[[14.6266,51.5313],[14.5908,51.5381],[14.5836,51.5342],[14.5832,51.529],[14.5939,51.5104],[14.5753,51.5064],[14.582,51.4886],[14.5509,51.4839],[14.525,51.4741],[14.4883,51.468],[14.4832,51.4507],[14.506,51.4481],[14.5083,51.4378],[14.5224,51.4301],[14.5424,51.4453],[14.5405,51.4593],[14.562,51.4733],[14.5954,51.478],[14.6148,51.4649],[14.6401,51.4595],[14.6617,51.4626],[14.657,51.4759],[14.6725,51.4843],[14.6799,51.4946],[14.6927,51.497],[14.6799,51.5223],[14.6625,51.5163],[14.6558,51.5275],[14.6266,51.5313]]]},"properties":{"AGS":"14626600","GEN":"Weißwasser/O.L.","SN_L":"14"}},
{"type":"Feature","geometry":{"type":"Polygon","coordinates":[[[14.6365,51.3035],[14.6044,51.302],[14.6002,51.2883],[14.6236,51.2786],[14.6175,51.264],[14.6364,51.2489],[14.6205,51.2289],[14.6642,51.2108],[14.6841,51.2106],[14.6986,51.2176],[14.7068,51.2276],[14.7215,51.2329],[14.7279,51.2513],[14.7097,51.264],[14.6917,51.263],[14.6796,51.2656],[14.6714,51.2688],[14.654,51.2814],[14.6466,51.3004],[14.6365,51.3035]]]},"properties":{"AGS":"14626190","GEN":"Hohendubrau","SN_L":"14"}},
{"type":"Feature","geometry":{"type":"Polygon","coordinates":[[[14.7338,51.3365],[14.6983,51.3266],[14.6965,51.3188],[14.6777,51.3106],[14.6576,51.3163],[14.6407,51.3127],[14.6365,51.3035],[14.6466,51.3004],[14.654,51.2814],[14.6714,51.2688],[14.7082,51.2917],[14.7239,51.3187],[14.7356,51.3259],[14.7338,51.3365]]]},"properties":{"AGS":"14626320","GEN":"Mücka","SN_L":"14"}},
{"type":"Feature","geometry":{"type":"Polygon","coordinates":[[[14.7778,51.2803],[14.7635,51.2839],[14.767,51.2965],[14.7502,51.307],[14.7788,51.3256],[14.7605,51.3372],[14.7577,51.3477],[14.7338,51.3365],[14.7356,51.3259],[14.7239,51.3187],[14.7082,51.2917],[14.6714,51.2688],[14.6796,51.2656],[14.6917,51.263],[14.7097,51.264],[14.7279,51.2513],[14.7525,51.2634],[14.7642,51.2638],[14.7778,51.2803]]]},"properties":{"AGS":"14626440","GEN":"Quitzdorf am See","SN_L":"14"}},
{"type":"Feature","geometry":{"type":"Polygon","coordinates":[[[14.8565,51.2582],[14.8421,51.2585],[14.8227,51.2731],[14.8122,51.2871],[14.7778,51.2803],[14.7642,51.2638],[14.7525,51.2634],[14.7279,51.2513],[14.7215,51.2329],[14.7394,51.2204],[14.7311,51.2118],[14.7612,51.2065],[14.8053,51.2104],[14.8167,51.1963],[14.827,51.1921],[14.8428,51.2058],[14.859,51.2068],[14.8367,51.2174],[14.8302,51.2306],[14.8527,51.2421],[14.8565,51.2582]]]},"properties":{"AGS":"14626580","GEN":"Waldhufen","SN_L":"14"}},
{"type":"Feature","geometry":{"type":"Polygon","coordinates":[[[14.9762,51.2908],[14.9666,51.3055],[14.9452,51.3075],[14.9266,51.3225],[14.9097,51.325],[14.8691,51.3249],[14.8548,51.3293],[14.8459,51.3132],[14.8672,51.2928],[14.8622,51.2881],[14.8628,51.2765],[14.8853,51.2711],[14.9069,51.2574],[14.9311,51.2647],[14.9369,51.2763],[14.9648,51.284],[14.9762,51.2908]]]},"properties":{"AGS":"14626200","GEN":"Horka","SN_L":"14"}},
{"type":"Feature","geometry":{"type":"Polygon","coordinates":[[[14.9311,51.2647],[14.9069,51.2574],[14.8853,51.2711],[14.8628,51.2765],[14.8622,51.2881],[14.8565,51.2582],[14.8527,51.2421],[14.8302,51.2306],[14.8367,51.2174],[14.859,51.2068],[14.8841,51.1995],[14.9106,51.2016],[14.9222,51.2118],[14.9268,51.2302],[14.9443,51.2275],[14.9536,51.2432],[14.9311,51.2647]]]},"properties":{"AGS":"14626230","GEN":"Kodersdorf","SN_L":"14"}},
{"type":"Feature","geometry":{"type":"Polygon","coordinates":[[[15.0178,51.2199],[15.0166,51.228],[15.0374,51.244],[15.0295,51.2514],[15.0382,51.2592],[15.0335,51.2939],[15.013,51.3008],[14.9998,51.2934],[14.9886,51.2803],[14.9762,51.2908],[14.9648,51.284],[14.9369,51.2763],[14.9311,51.2647],[14.9536,51.2432],[14.9443,51.2275],[14.9529,51.2215],[14.9734,51.224],[15.005,51.2235],[15.0178,51.2199]]]},"properties":{"AGS":"14626330","GEN":"Neißeaue","SN_L":"14"}},
{"type":"Feature","geometry":{"type":"Polygon","coordinates":[[[14.9443,51.2275],[14.9268,51.2302],[14.9222,51.2118],[14.9106,51.2016],[14.8841,51.1995],[14.8988,51.1911],[14.895,51.1645],[14.9202,51.1603],[14.9265,51.1549],[14.9373,51.1647],[14.9596,51.1661],[14.9671,51.1939],[14.9629,51.2096],[14.9734,51.224],[14.9529,51.2215],[14.9443,51.2275]]]},"properties":{"AGS":"14626520","GEN":"Schöpstal","SN_L":"14"}},
{"type":"Feature","geometry":{"type":"Polygon","coordinates":[[[13.6371,51.1428],[13.6546,51.1535],[13.6514,51.161],[13.625,51.1585],[13.6014,51.1443],[13.5906,51.1519],[13.5695,51.1433],[13.5403,51.152],[13.5317,51.1551],[13.5005,51.1401],[13.5195,51.1348],[13.5436,51.1216],[13.5613,51.1192],[13.5917,51.1048],[13.5851,51.1171],[13.6009,51.1306],[13.6286,51.1351],[13.6371,51.1428]]]},"properties":{"AGS":"14627010","GEN":"Coswig","SN_L":"14"}},
{"type":"Feature","geometry":{"type":"Polygon","coordinates":[[[13.4052,51.2445],[13.3637,51.2419],[13.351,51.2377],[13.3447,51.2221],[13.3654,51.2098],[13.3807,51.2081],[13.3809,51.188],[13.3821,51.1832],[13.4227,51.1735],[13.4368,51.1803],[13.4525,51.1907],[13.4922,51.1921],[13.4782,51.2003],[13.4838,51.2085],[13.4551,51.2172],[13.4509,51.2307],[13.4288,51.2305],[13.4052,51.2445]]]},"properties":{"AGS":"14627020","GEN":"Diera-Zehren","SN_L":"14"}},
{"type":"Feature","geometry":{"type":"Polygon","coordinates":[[[13.6225,51.2906],[13.595,51.2896],[13.5928,51.2732],[13.5736,51.2769],[13.5656,51.2676],[13.5928,51.2591],[13.594,51.2466],[13.5878,51.2331],[13.5705,51.2276],[13.5883,51.2185],[13.5971,51.2042],[13.6289,51.2096],[13.6544,51.1985],[13.6666,51.2062],[13.6841,51.207],[13.6866,51.2174],[13.7069,51.222],[13.7143,51.2283],[13.7633,51.234],[13.7581,51.2441],[13.7296,51.2483],[13.7171,51.2558],[13.726,51.2692],[13.6947,51.2784],[13.6731,51.2877],[13.6547,51.2871],[13.6341,51.2929],[13.6225,51.2906]]]},"properties":{"AGS":"14627030","GEN":"Ebersbach","SN_L":"14"}},
{"type":"Feature","geometry":{"type":"Polygon","coordinates":[[[13.4633,51.4118],[13.468,51.4198],[13.4345,51.4265],[13.4112,51.4403],[13.406,51.4517],[13.3882,51.4478],[13.3766,51.4246],[13.3583,51.434],[13.3379,51.4292],[13.3721,51.402],[13.3901,51.4008],[13.4049,51.4076],[13.413,51.3916],[13.4256,51.4007],[13.4462,51.3942],[13.4589,51.4012],[13.4633,51.4118]]]},"properties":{"AGS":"14627050","GEN":"Gröditz","SN_L":"14"}},
{"type":"Feature","geometry":{"type":"Polygon","coordinates":[[[13.5899,51.3842],[13.57,51.3857],[13.5378,51.3772],[13.5008,51.3727],[13.4644,51.3659],[13.4551,51.3734],[13.4405,51.3586],[13.4496,51.3491],[13.4415,51.3404],[13.4256,51.3382],[13.4184,51.3224],[13.434,51.3197],[13.4319,51.3021],[13.4547,51.2976],[13.4566,51.2752],[13.4685,51.2759],[13.487,51.2683],[13.5056,51.274],[13.5208,51.2635],[13.5403,51.2613],[13.5546,51.2712],[13.5656,51.2676],[13.5736,51.2769],[13.5928,51.2732],[13.595,51.2896],[13.6225,51.2906],[13.6149,51.3056],[13.5508,51.319],[13.5854,51.327],[13.6223,51.3251],[13.5982,51.3402],[13.605,51.3525],[13.6056,51.3695],[13.5899,51.3842]]]},"properties":{"AGS":"14627060","GEN":"Großenhain","SN_L":"14"}},
{"type":"Feature","geometry":{"type":"Polygon","coordinates":[[[13.4052,51.2445],[13.4021,51.2495],[13.4039,51.2741],[13.3881,51.2936],[13.3629,51.2764],[13.3547,51.2816],[13.3405,51.2741],[13.3147,51.2699],[13.2973,51.2608],[13.2725,51.2596],[13.2626,51.2481],[13.2764,51.2458],[13.2897,51.2371],[13.3177,51.2352],[13.3263,51.2408],[13.351,51.2377],[13.3637,51.2419],[13.4052,51.2445]]]},"properties":{"AGS":"14627070","GEN":"Hirschstein","SN_L":"14"}},
{"type":"Feature","geometry":{"type":"Polygon","coordinates":[[[13.3809,51.188],[13.3402,51.1779],[13.3528,51.1712],[13.3396,51.1565],[13.3279,51.1504],[13.3482,51.1247],[13.3551,51.0975],[13.368,51.0969],[13.3818,51.1038],[13.4137,51.1191],[13.4098,51.1316],[13.4282,51.1385],[13.4433,51.1541],[13.4368,51.1803],[13.4227,51.1735],[13.3821,51.1832],[13.3809,51.188]]]},"properties":{"AGS":"14627080","GEN":"Käbschütztal","SN_L":"14"}},
{"type":"Feature","geometry":{"type":"Polygon","coordinates":[[[13.5005,51.1401],[13.4886,51.1438],[13.471,51.1412],[13.4661,51.1324],[13.4282,51.1385],[13.4098,51.1316],[13.4137,51.1191],[13.3818,51.1038],[13.4015,51.0937],[13.4087,51.0842],[13.3803,51.0684],[13.3847,51.0514],[13.4219,51.0342],[13.4301,51.0537],[13.4528,51.0542],[13.485,51.0666],[13.5053,51.0593],[13.5598,51.0602],[13.5803,51.0646],[13.599,51.0854],[13.5985,51.0983],[13.5917,51.1048],[13.5613,51.1192],[13.5436,51.1216],[13.5195,51.1348],[13.5005,51.1401]]]},"properties":{"AGS":"14627100","GEN":"Klipphausen","SN_L":"14"}},
{"type":"Feature","geometry":{"type":"Polygon","coordinates":[[[13.351,51.2377],[13.3263,51.2408],[13.3177,51.2352],[13.2897,51.2371],[13.2764,51.2458],[13.2626,51.2481],[13.2507,51.2355],[13.2472,51.2077],[13.2084,51.2024],[13.2162,51.1757],[13.2379,51.1655],[13.2655,51.1696],[13.2833,51.1765],[13.3008,51.1766],[13.3196,51.182],[13.3402,51.1779],[13.3809,51.188],[13.3807,51.2081],[13.3654,51.2098],[13.3447,51.2221],[13.351,51.2377]]]},"properties":{"AGS":"14627130","GEN":"Lommatzsch","SN_L":"14"}},
{"type":"Feature","geometry":{"type":"Polygon","coordinates":[[[13.5346,51.1588],[13.5178,51.1652],[13.5128,51.1847],[13.4922,51.1921],[13.4525,51.1907],[13.4368,51.1803],[13.4433,51.1541],[13.4282,51.1385],[13.4661,51.1324],[13.471,51.1412],[13.4886,51.1438],[13.5005,51.1401],[13.5317,51.1551],[13.5403,51.152],[13.5346,51.1588]]]},"properties":{"AGS":"14627140","GEN":"Meißen","SN_L":"14"}},
{"type":"Feature","geometry":{"type":"Polygon","coordinates":[[[13.6666,51.2062],[13.6544,51.1985],[13.6289,51.2096],[13.5971,51.2042],[13.6024,51.1845],[13.6104,51.1802],[13.6236,51.1734],[13.625,51.1585],[13.6514,51.161],[13.6546,51.1535],[13.6371,51.1428],[13.6423,51.1314],[13.6651,51.1257],[13.6967,51.1136],[13.7078,51.1191],[13.7208,51.1401],[13.7248,51.1478],[13.7156,51.156],[13.7146,51.1719],[13.7053,51.1727],[13.6904,51.1856],[13.6645,51.186],[13.656,51.1946],[13.6666,51.2062]]]},"properties":{"AGS":"14627150","GEN":"Moritzburg","SN_L":"14"}},
{"type":"Feature","geometry":{"type":"Polygon","coordinates":[[[13.5883,51.2185],[13.5659,51.2241],[13.5473,51.2078],[13.5343,51.2125],[13.4838,51.2085],[13.4782,51.2003],[13.4922,51.1921],[13.5128,51.1847],[13.5178,51.1652],[13.5346,51.1588],[13.5464,51.1579],[13.5533,51.1707],[13.5937,51.181],[13.6104,51.1802],[13.6024,51.1845],[13.5971,51.2042],[13.5883,51.2185]]]},"properties":{"AGS":"14627170","GEN":"Niederau","SN_L":"14"}},
{"type":"Feature","geometry":{"type":"Polygon","coordinates":[[[13.3402,51.1779],[13.3196,51.182],[13.3008,51.1766],[13.2833,51.1765],[13.2655,51.1696],[13.2379,51.1655],[13.2538,51.1625],[13.2475,51.1321],[13.2555,51.0902],[13.2565,51.0639],[13.2421,51.0645],[13.246,51.054],[13.2606,51.0391],[13.243,51.0287],[13.24,51.0176],[13.2289,51.0126],[13.2364,51.0073],[13.274,51.0301],[13.3173,51.0358],[13.3446,51.0463],[13.3847,51.0514],[13.3803,51.0684],[13.4087,51.0842],[13.4015,51.0937],[13.3818,51.1038],[13.368,51.0969],[13.3551,51.0975],[13.3482,51.1247],[13.3279,51.1504],[13.3396,51.1565],[13.3528,51.1712],[13.3402,51.1779]]]},"properties":{"AGS":"14627180","GEN":"Nossen","SN_L":"14"}},
{"type":"Feature","geometry":{"type":"Polygon","coordinates":[[[13.5656,51.2676],[13.5546,51.2712],[13.5403,51.2613],[13.5208,51.2635],[13.5056,51.274],[13.487,51.2683],[13.4685,51.2759],[13.4566,51.2752],[13.4359,51.2676],[13.4297,51.2435],[13.4455,51.2385],[13.4509,51.2307],[13.4551,51.2172],[13.4838,51.2085],[13.5343,51.2125],[13.5473,51.2078],[13.5659,51.2241],[13.5883,51.2185],[13.5705,51.2276],[13.5878,51.2331],[13.594,51.2466],[13.5928,51.2591],[13.5656,51.2676]]]},"properties":{"AGS":"14627200","GEN":"Priestewitz","SN_L":"14"}},
{"type":"Feature","geometry":{"type":"Polygon","coordinates":[[[13.6371,51.1428],[13.6286,51.1351],[13.6009,51.1306],[13.5851,51.1171],[13.5917,51.1048],[13.5985,51.0983],[13.6237,51.1026],[13.6588,51.0927],[13.6715,51.0957],[13.6889,51.0887],[13.6967,51.1136],[13.6651,51.1257],[13.6423,51.1314],[13.6371,51.1428]]]},"properties":{"AGS":"14627210","GEN":"Radebeul","SN_L":"14"}},
{"type":"Feature","geometry":{"type":"Polygon","coordinates":[[[13.7835,51.228],[13.777,51.2362],[13.7633,51.234],[13.7143,51.2283],[13.7069,51.222],[13.6866,51.2174],[13.6841,51.207],[13.6666,51.2062],[13.656,51.1946],[13.6645,51.186],[13.6904,51.1856],[13.7053,51.1727],[13.7146,51.1719],[13.7156,51.156],[13.7248,51.1478],[13.7208,51.1401],[13.7368,51.1362],[13.7586,51.1383],[13.7686,51.1446],[13.7533,51.1572],[13.7468,51.1777],[13.7662,51.1752],[13.7695,51.1857],[13.7958,51.1973],[13.7786,51.2037],[13.7835,51.228]]]},"properties":{"AGS":"14627220","GEN":"Radeburg","SN_L":"14"}},
{"type":"Feature","geometry":{"type":"Polygon","coordinates":[[[13.2931,51.3339],[13.2794,51.3348],[13.2651,51.3261],[13.2213,51.3271],[13.2082,51.3377],[13.2024,51.3295],[13.2058,51.3116],[13.2144,51.2935],[13.2086,51.2792],[13.2166,51.2692],[13.2087,51.264],[13.2259,51.2631],[13.2397,51.271],[13.2344,51.2849],[13.2434,51.2913],[13.2716,51.2787],[13.2973,51.2608],[13.3147,51.2699],[13.3405,51.2741],[13.3547,51.2816],[13.3629,51.2764],[13.3881,51.2936],[13.3775,51.3001],[13.3492,51.3089],[13.3077,51.3072],[13.2955,51.3103],[13.2931,51.3339]]]},"properties":{"AGS":"14627230","GEN":"Riesa","SN_L":"14"}},
{"type":"Feature","geometry":{"type":"Polygon","coordinates":[[[13.2973,51.2608],[13.2716,51.2787],[13.2434,51.2913],[13.2344,51.2849],[13.2397,51.271],[13.2259,51.2631],[13.2087,51.264],[13.1966,51.2502],[13.207,51.2404],[13.1987,51.2304],[13.2055,51.2209],[13.2084,51.2024],[13.2472,51.2077],[13.2507,51.2355],[13.2626,51.2481],[13.2725,51.2596],[13.2973,51.2608]]]},"properties":{"AGS":"14627260","GEN":"Stauchitz","SN_L":"14"}},
{"type":"Feature","geometry":{"type":"Polygon","coordinates":[[[13.2102,51.4047],[13.1914,51.3887],[13.1829,51.3756],[13.203,51.3682],[13.2021,51.3511],[13.2082,51.3377],[13.2213,51.3271],[13.2651,51.3261],[13.2794,51.3348],[13.2931,51.3339],[13.2797,51.3467],[13.2514,51.3483],[13.2305,51.3592],[13.2307,51.3656],[13.2505,51.3719],[13.2553,51.3793],[13.2435,51.3932],[13.2173,51.3951],[13.2102,51.4047]]]},"properties":{"AGS":"14627270","GEN":"Strehla","SN_L":"14"}},
{"type":"Feature","geometry":{"type":"Polygon","coordinates":[[[13.8173,51.2819],[13.8047,51.2953],[13.8036,51.309],[13.8185,51.3196],[13.8259,51.3409],[13.8565,51.34],[13.8442,51.366],[13.8353,51.3768],[13.8194,51.3699],[13.8276,51.3637],[13.7965,51.3448],[13.7788,51.3528],[13.7574,51.3539],[13.7442,51.3471],[13.7534,51.3336],[13.747,51.3285],[13.7685,51.3192],[13.7478,51.3096],[13.7361,51.3102],[13.7271,51.2992],[13.7302,51.2895],[13.726,51.2692],[13.7171,51.2558],[13.7296,51.2483],[13.7581,51.2441],[13.7633,51.234],[13.777,51.2362],[13.7835,51.228],[13.7953,51.2242],[13.8124,51.2358],[13.8092,51.2577],[13.8267,51.2646],[13.8035,51.2723],[13.8173,51.2819]]]},"properties":{"AGS":"14627290","GEN":"Thiendorf","SN_L":"14"}},
{"type":"Feature","geometry":{"type":"Polygon","coordinates":[[[13.625,51.1585],[13.6236,51.1734],[13.6104,51.1802],[13.5937,51.181],[13.5533,51.1707],[13.5464,51.1579],[13.5346,51.1588],[13.5403,51.152],[13.5695,51.1433],[13.5906,51.1519],[13.6014,51.1443],[13.625,51.1585]]]},"properties":{"AGS":"14627310","GEN":"Weinböhla","SN_L":"14"}},
{"type":"Feature","geometry":{"type":"Polygon","coordinates":[[[13.3721,51.402],[13.3379,51.4292],[13.3203,51.4375],[13.3283,51.4266],[13.2855,51.4105],[13.2864,51.3993],[13.2634,51.4008],[13.2561,51.3921],[13.2435,51.3932],[13.2553,51.3793],[13.2505,51.3719],[13.2307,51.3656],[13.2305,51.3592],[13.2514,51.3483],[13.2797,51.3467],[13.2931,51.3339],[13.2955,51.3103],[13.3077,51.3072],[13.3492,51.3089],[13.3623,51.3164],[13.3604,51.3354],[13.3693,51.3448],[13.3626,51.3628],[13.3592,51.3859],[13.3735,51.3905],[13.3721,51.402]]]},"properties":{"AGS":"14627360","GEN":"Zeithain","SN_L":"14"}},
{"type":"Feature","geometry":{"type":"Polygon","coordinates":[[[13.3693,51.3448],[13.3604,51.3354],[13.3623,51.3164],[13.3706,51.3104],[13.3982,51.3097],[13.4156,51.3145],[13.4184,51.3224],[13.4256,51.3382],[13.4097,51.3434],[13.3693,51.3448]]]},"properties":{"AGS":"14627040","GEN":"Glaubitz","SN_L":"14"}},
{"type":"Feature","geometry":{"type":"Polygon","coordinates":[[[13.4566,51.2752],[13.4547,51.2976],[13.4319,51.3021],[13.434,51.3197],[13.4184,51.3224],[13.4156,51.3145],[13.3982,51.3097],[13.3706,51.3104],[13.3623,51.3164],[13.3492,51.3089],[13.3775,51.3001],[13.3881,51.2936],[13.4039,51.2741],[13.4021,51.2495],[13.4052,51.2445],[13.4288,51.2305],[13.4509,51.2307],[13.4455,51.2385],[13.4297,51.2435],[13.4359,51.2676],[13.4566,51.2752]]]},"properties":{"AGS":"14627190","GEN":"Nünchritz","SN_L":"14"}},
{"type":"Feature","geometry":{"type":"Polygon","coordinates":[[[13.4633,51.4118],[13.4589,51.4012],[13.4462,51.3942],[13.4256,51.4007],[13.413,51.3916],[13.4174,51.3859],[13.4189,51.3619],[13.4405,51.3586],[13.4551,51.3734],[13.4644,51.3659],[13.5008,51.3727],[13.5378,51.3772],[13.5249,51.3843],[13.5152,51.4019],[13.4633,51.4118]]]},"properties":{"AGS":"14627240","GEN":"Röderaue","SN_L":"14"}},
{"type":"Feature","geometry":{"type":"Polygon","coordinates":[[[13.413,51.3916],[13.4049,51.4076],[13.3901,51.4008],[13.3721,51.402],[13.3735,51.3905],[13.3592,51.3859],[13.3626,51.3628],[13.3693,51.3448],[13.4097,51.3434],[13.4256,51.3382],[13.4415,51.3404],[13.4496,51.3491],[13.4405,51.3586],[13.4189,51.3619],[13.4174,51.3859],[13.413,51.3916]]]},"properties":{"AGS":"14627340","GEN":"Wülknitz","SN_L":"14"}},
{"type":"Feature","geometry":{"type":"Polygon","coordinates":[[[13.6913,51.374],[13.6828,51.3676],[13.6172,51.3711],[13.6056,51.3695],[13.605,51.3525],[13.5982,51.3402],[13.6223,51.3251],[13.5854,51.327],[13.5508,51.319],[13.6149,51.3056],[13.6225,51.2906],[13.6341,51.2929],[13.6547,51.2871],[13.6731,51.2877],[13.6759,51.3061],[13.6923,51.3094],[13.7136,51.3241],[13.7112,51.3477],[13.7408,51.3613],[13.7391,51.3612],[13.7134,51.3635],[13.6913,51.374]]]},"properties":{"AGS":"14627110","GEN":"Lampertswalde","SN_L":"14"}},
{"type":"Feature","geometry":{"type":"Polygon","coordinates":[[[13.8194,51.3699],[13.8088,51.3728],[13.7825,51.3697],[13.7765,51.362],[13.7532,51.3659],[13.7408,51.3613],[13.7112,51.3477],[13.7136,51.3241],[13.6923,51.3094],[13.6759,51.3061],[13.6731,51.2877],[13.6947,51.2784],[13.726,51.2692],[13.7302,51.2895],[13.7271,51.2992],[13.7361,51.3102],[13.7478,51.3096],[13.7685,51.3192],[13.747,51.3285],[13.7534,51.3336],[13.7442,51.3471],[13.7574,51.3539],[13.7788,51.3528],[13.7965,51.3448],[13.8276,51.3637],[13.8194,51.3699]]]},"properties":{"AGS":"14627250","GEN":"Schönfeld","SN_L":"14"}},
{"type":"Feature","geometry":{"type":"Polygon","coordinates":[[[13.7707,50.9877],[13.7653,51.0011],[13.7511,51.0012],[13.7289,51.01],[13.6945,51.0027],[13.6905,50.9862],[13.7049,50.9793],[13.6766,50.9661],[13.6889,50.9512],[13.7011,50.9519],[13.7333,50.9589],[13.7556,50.9784],[13.7707,50.9877]]]},"properties":{"AGS":"14628050","GEN":"Bannewitz","SN_L":"14"}},
{"type":"Feature","geometry":{"type":"Polygon","coordinates":[[[13.7209,50.9257],[13.6996,50.9238],[13.6979,50.9162],[13.6728,50.9166],[13.6577,50.9271],[13.6582,50.9376],[13.6243,50.9498],[13.6155,50.9409],[13.6209,50.9014],[13.5951,50.8796],[13.5861,50.8677],[13.5832,50.8455],[13.5927,50.8429],[13.5965,50.8128],[13.6084,50.8042],[13.6213,50.7861],[13.6521,50.7741],[13.6597,50.7788],[13.6763,50.7728],[13.6611,50.7898],[13.6596,50.8053],[13.6751,50.8335],[13.6935,50.8273],[13.6785,50.839],[13.6675,50.855],[13.6882,50.8635],[13.6982,50.8735],[13.7203,50.8803],[13.7286,50.8989],[13.7151,50.9065],[13.7209,50.9257]]]},"properties":{"AGS":"14628060","GEN":"Dippoldiswalde","SN_L":"14"}},
{"type":"Feature","geometry":{"type":"Polygon","coordinates":[[[14.042,51.0685],[14.0029,51.0654],[13.9814,51.0688],[13.9656,51.0616],[13.963,51.0325],[13.9447,51.0254],[13.9384,51.015],[13.9622,51.0053],[13.9784,51.0076],[13.9997,51.0022],[14.0171,51.0069],[14.0515,50.9995],[14.0656,50.9961],[14.0788,51.0097],[14.0822,51.0249],[14.0704,51.0266],[14.0391,51.0155],[14.0143,51.0247],[14.0267,51.0302],[14.0203,51.0501],[14.0344,51.0528],[14.042,51.0685]]]},"properties":{"AGS":"14628100","GEN":"Dürrröhrsdorf-Dittersbach","SN_L":"14"}},
{"type":"Feature","geometry":{"type":"Polygon","coordinates":[[[13.6945,51.0027],[13.6817,51.0154],[13.6659,51.0173],[13.6606,51.0343],[13.6511,51.0309],[13.6125,51.0332],[13.5972,51.0201],[13.6099,51.0133],[13.6019,51.0019],[13.6126,50.9889],[13.5865,50.9815],[13.5805,50.9529],[13.5917,50.9548],[13.6147,50.9656],[13.633,50.969],[13.6437,50.9821],[13.6723,50.975],[13.6905,50.9862],[13.6945,51.0027]]]},"properties":{"AGS":"14628110","GEN":"Freital","SN_L":"14"}},
{"type":"Feature","geometry":{"type":"Polygon","coordinates":[[[13.7827,50.9208],[13.7568,50.9166],[13.7464,50.9294],[13.7159,50.9303],[13.7209,50.9257],[13.7151,50.9065],[13.7286,50.8989],[13.7203,50.8803],[13.6982,50.8735],[13.6882,50.8635],[13.6675,50.855],[13.6785,50.839],[13.6935,50.8273],[13.7033,50.8259],[13.7219,50.8198],[13.7424,50.8189],[13.7717,50.8092],[13.7908,50.8193],[13.8103,50.8062],[13.8238,50.8057],[13.829,50.831],[13.8183,50.8732],[13.809,50.9013],[13.7982,50.9131],[13.7827,50.9208]]]},"properties":{"AGS":"14628130","GEN":"Glashütte","SN_L":"14"}},
{"type":"Feature","geometry":{"type":"Polygon","coordinates":[[[13.8845,50.9824],[13.8397,50.9876],[13.8215,50.9772],[13.8444,50.9746],[13.8701,50.967],[13.876,50.9462],[13.8964,50.9474],[13.8987,50.9579],[13.8849,50.9688],[13.8845,50.9824]]]},"properties":{"AGS":"14628160","GEN":"Heidenau","SN_L":"14"}},
{"type":"Feature","geometry":{"type":"Polygon","coordinates":[[[14.2065,50.9772],[14.188,50.9843],[14.188,50.9963],[14.1713,51.0057],[14.1624,51.0175],[14.1467,51.0271],[14.1283,51.0221],[14.1241,51.013],[14.097,50.9955],[14.0788,51.0097],[14.0656,50.9961],[14.0515,50.9995],[14.048,50.9908],[14.0569,50.9773],[14.0727,50.9764],[14.0799,50.9654],[14.099,50.9584],[14.1071,50.9616],[14.1349,50.9473],[14.1348,50.9431],[14.1631,50.9401],[14.2111,50.9485],[14.2267,50.962],[14.2262,50.9702],[14.2065,50.9772]]]},"properties":{"AGS":"14628190","GEN":"Hohnstein","SN_L":"14"}},
{"type":"Feature","geometry":{"type":"Polygon","coordinates":[[[13.7919,50.977],[13.7896,50.9871],[13.7707,50.9877],[13.7556,50.9784],[13.7333,50.9589],[13.7011,50.9519],[13.7032,50.9428],[13.7159,50.9303],[13.7464,50.9294],[13.7568,50.9166],[13.7827,50.9208],[13.8075,50.9395],[13.793,50.9439],[13.7797,50.9696],[13.7919,50.977]]]},"properties":{"AGS":"14628220","GEN":"Kreischa","SN_L":"14"}},
{"type":"Feature","geometry":{"type":"Polygon","coordinates":[[[14.2787,51.0738],[14.2617,51.0614],[14.2455,51.0745],[14.2048,51.0864],[14.1813,51.082],[14.1749,51.0711],[14.162,51.0667],[14.1556,51.0572],[14.1632,51.0506],[14.1623,51.0314],[14.1467,51.0271],[14.1624,51.0175],[14.1713,51.0057],[14.188,50.9963],[14.188,50.9843],[14.2065,50.9772],[14.2232,50.9946],[14.2585,50.988],[14.2673,51.0008],[14.2652,51.0082],[14.2777,51.0188],[14.3019,51.055],[14.3179,51.0547],[14.3203,51.0679],[14.3016,51.0683],[14.2787,51.0738]]]},"properties":{"AGS":"14628260","GEN":"Neustadt in Sachsen","SN_L":"14"}},
{"type":"Feature","geometry":{"type":"Polygon","coordinates":[[[13.7011,50.9519],[13.6889,50.9512],[13.6766,50.9661],[13.7049,50.9793],[13.6905,50.9862],[13.6723,50.975],[13.6437,50.9821],[13.633,50.969],[13.6147,50.9656],[13.5917,50.9548],[13.6243,50.9498],[13.6582,50.9376],[13.6577,50.9271],[13.6728,50.9166],[13.6979,50.9162],[13.6996,50.9238],[13.7209,50.9257],[13.7159,50.9303],[13.7032,50.9428],[13.7011,50.9519]]]},"properties":{"AGS":"14628300","GEN":"Rabenau","SN_L":"14"}},
{"type":"Feature","geometry":{"type":"Polygon","coordinates":[[[14.2585,50.988],[14.2232,50.9946],[14.2065,50.9772],[14.2262,50.9702],[14.2267,50.962],[14.2111,50.9485],[14.1631,50.9401],[14.1622,50.929],[14.1742,50.9263],[14.2145,50.9298],[14.2396,50.9259],[14.2644,50.9348],[14.2836,50.9236],[14.2985,50.9099],[14.2979,50.8987],[14.3129,50.887],[14.3482,50.8926],[14.3496,50.8992],[14.3741,50.8962],[14.3876,50.8991],[14.3866,50.915],[14.4018,50.9237],[14.401,50.9333],[14.3882,50.9415],[14.3746,50.9382],[14.3474,50.948],[14.3117,50.9538],[14.313,50.9723],[14.327,50.9724],[14.3297,50.9822],[14.3114,50.9847],[14.2822,50.9777],[14.2585,50.988]]]},"properties":{"AGS":"14628360","GEN":"Sebnitz","SN_L":"14"}},
{"type":"Feature","geometry":{"type":"Polygon","coordinates":[[[14.162,51.0667],[14.143,51.0745],[14.1328,51.0899],[14.106,51.0735],[14.0873,51.0762],[14.0638,51.0734],[14.0475,51.085],[14.042,51.0685],[14.0344,51.0528],[14.0203,51.0501],[14.0267,51.0302],[14.0143,51.0247],[14.0391,51.0155],[14.0704,51.0266],[14.0822,51.0249],[14.0788,51.0097],[14.097,50.9955],[14.1241,51.013],[14.1283,51.0221],[14.1467,51.0271],[14.1623,51.0314],[14.1632,51.0506],[14.1556,51.0572],[14.162,51.0667]]]},"properties":{"AGS":"14628380","GEN":"Stolpen","SN_L":"14"}},
{"type":"Feature","geometry":{"type":"Polygon","coordinates":[[[13.6125,51.0332],[13.5834,51.0442],[13.5803,51.0646],[13.5598,51.0602],[13.5053,51.0593],[13.485,51.0666],[13.4528,51.0542],[13.4301,51.0537],[13.4219,51.0342],[13.441,51.0289],[13.447,51.0204],[13.4336,51.008],[13.4268,50.9946],[13.4339,50.9843],[13.4544,50.9813],[13.4751,50.985],[13.4776,50.9984],[13.5138,51.0008],[13.5208,51.0125],[13.5453,51.0032],[13.5744,50.9984],[13.6019,51.0019],[13.6099,51.0133],[13.5972,51.0201],[13.6125,51.0332]]]},"properties":{"AGS":"14628410","GEN":"Wilsdruff","SN_L":"14"}},
{"type":"Feature","geometry":{"type":"Polygon","coordinates":[[[13.6935,50.8273],[13.6751,50.8335],[13.6596,50.8053],[13.6611,50.7898],[13.6763,50.7728],[13.6899,50.7605],[13.6724,50.7522],[13.6718,50.7439],[13.6589,50.7306],[13.6666,50.7319],[13.6874,50.7199],[13.7079,50.7171],[13.7282,50.7337],[13.7404,50.7272],[13.7583,50.7358],[13.7713,50.733],[13.8094,50.7324],[13.8271,50.7242],[13.8575,50.7282],[13.8682,50.7426],[13.878,50.7382],[13.8969,50.7433],[13.9006,50.7518],[13.8876,50.7711],[13.8965,50.7893],[13.8879,50.7896],[13.8641,50.8027],[13.8238,50.8057],[13.8103,50.8062],[13.7908,50.8193],[13.7717,50.8092],[13.7424,50.8189],[13.7219,50.8198],[13.7033,50.8259],[13.6935,50.8273]]]},"properties":{"AGS":"14628010","GEN":"Altenberg","SN_L":"14"}},
{"type":"Feature","geometry":{"type":"Polygon","coordinates":[[[13.6763,50.7728],[13.6597,50.7788],[13.6521,50.7741],[13.6213,50.7861],[13.6098,50.7748],[13.5993,50.7742],[13.6165,50.7487],[13.6415,50.7386],[13.6522,50.7304],[13.6589,50.7306],[13.6718,50.7439],[13.6724,50.7522],[13.6899,50.7605],[13.6763,50.7728]]]},"properties":{"AGS":"14628170","GEN":"Hermsdorf/Erzgeb.","SN_L":"14"}},
{"type":"Feature","geometry":{"type":"Polygon","coordinates":[[[14.034,50.8877],[14.0127,50.8911],[13.9993,50.9053],[13.9925,50.9023],[13.9905,50.8916],[13.9718,50.8811],[13.9567,50.8891],[13.9388,50.8804],[13.9309,50.8555],[13.9178,50.8595],[13.9012,50.8424],[13.8686,50.8384],[13.856,50.8333],[13.854,50.8162],[13.8641,50.8027],[13.8879,50.7896],[13.8965,50.7893],[13.9392,50.79],[13.9558,50.8006],[13.9538,50.8073],[13.9908,50.8199],[14.0347,50.805],[14.0395,50.8102],[14.0222,50.8332],[14.0095,50.8645],[14.0237,50.8625],[14.034,50.8877]]]},"properties":{"AGS":"14628020","GEN":"Bad Gottleuba-Berggießhübel","SN_L":"14"}},
{"type":"Feature","geometry":{"type":"Polygon","coordinates":[[[13.9206,50.9291],[13.8994,50.9287],[13.879,50.9145],[13.87,50.9092],[13.8591,50.8912],[13.8767,50.8806],[13.8816,50.8715],[13.8693,50.8581],[13.8686,50.8384],[13.9012,50.8424],[13.9178,50.8595],[13.9309,50.8555],[13.9388,50.8804],[13.9345,50.8933],[13.9374,50.9083],[13.9185,50.9104],[13.9123,50.9205],[13.9206,50.9291]]]},"properties":{"AGS":"14628040","GEN":"Bahretal","SN_L":"14"}},
{"type":"Feature","geometry":{"type":"Polygon","coordinates":[[[13.87,50.9092],[13.8477,50.9124],[13.81,50.9064],[13.809,50.9013],[13.8183,50.8732],[13.829,50.831],[13.8238,50.8057],[13.8641,50.8027],[13.854,50.8162],[13.856,50.8333],[13.8686,50.8384],[13.8693,50.8581],[13.8816,50.8715],[13.8767,50.8806],[13.8591,50.8912],[13.87,50.9092]]]},"properties":{"AGS":"14628230","GEN":"Liebstadt","SN_L":"14"}},
{"type":"Feature","geometry":{"type":"Polygon","coordinates":[[[14.1348,50.9431],[14.1349,50.9473],[14.1071,50.9616],[14.099,50.9584],[14.0878,50.945],[14.0751,50.9337],[14.0853,50.927],[14.1021,50.9329],[14.1248,50.9189],[14.1629,50.9093],[14.1676,50.9014],[14.1706,50.9084],[14.2224,50.8974],[14.2332,50.8875],[14.2441,50.8864],[14.2675,50.8953],[14.2891,50.8862],[14.3129,50.887],[14.2979,50.8987],[14.2985,50.9099],[14.2836,50.9236],[14.2644,50.9348],[14.2396,50.9259],[14.2145,50.9298],[14.1742,50.9263],[14.1622,50.929],[14.1506,50.9213],[14.1288,50.9248],[14.1348,50.9431]]]},"properties":{"AGS":"14628030","GEN":"Bad Schandau","SN_L":"14"}},
{"type":"Feature","geometry":{"type":"Polygon","coordinates":[[[14.1631,50.9401],[14.1348,50.9431],[14.1288,50.9248],[14.1506,50.9213],[14.1622,50.929],[14.1631,50.9401]]]},"properties":{"AGS":"14628320","GEN":"Rathmannsdorf","SN_L":"14"}},
{"type":"Feature","geometry":{"type":"Polygon","coordinates":[[[14.2332,50.8875],[14.2224,50.8974],[14.1706,50.9084],[14.1676,50.9014],[14.1629,50.8844],[14.1398,50.8687],[14.1492,50.8423],[14.1668,50.8471],[14.2039,50.8522],[14.2233,50.8592],[14.2352,50.8743],[14.2332,50.8875]]]},"properties":{"AGS":"14628330","GEN":"Reinhardtsdorf-Schöna","SN_L":"14"}},
{"type":"Feature","geometry":{"type":"Polygon","coordinates":[[[13.8215,50.9772],[13.7919,50.977],[13.7797,50.9696],[13.793,50.9439],[13.8075,50.9395],[13.8272,50.9361],[13.8489,50.9459],[13.8644,50.9431],[13.8651,50.9293],[13.879,50.9145],[13.8994,50.9287],[13.9057,50.9392],[13.8964,50.9474],[13.876,50.9462],[13.8701,50.967],[13.8444,50.9746],[13.8215,50.9772]]]},"properties":{"AGS":"14628080","GEN":"Dohna","SN_L":"14"}},
{"type":"Feature","geometry":{"type":"Polygon","coordinates":[[[13.879,50.9145],[13.8651,50.9293],[13.8644,50.9431],[13.8489,50.9459],[13.8272,50.9361],[13.8075,50.9395],[13.7827,50.9208],[13.7982,50.9131],[13.809,50.9013],[13.81,50.9064],[13.8477,50.9124],[13.87,50.9092],[13.879,50.9145]]]},"properties":{"AGS":"14628250","GEN":"Müglitztal","SN_L":"14"}},
{"type":"Feature","geometry":{"type":"Polygon","coordinates":[[[14.1248,50.9189],[14.1071,50.9254],[14.0871,50.9086],[14.101,50.8982],[14.087,50.8876],[14.1055,50.8606],[14.1059,50.8473],[14.1192,50.8439],[14.1296,50.8341],[14.1492,50.8423],[14.1398,50.8687],[14.1629,50.8844],[14.1676,50.9014],[14.1629,50.9093],[14.1248,50.9189]]]},"properties":{"AGS":"14628140","GEN":"Gohrisch","SN_L":"14"}},
{"type":"Feature","geometry":{"type":"Polygon","coordinates":[[[14.1248,50.9189],[14.1021,50.9329],[14.0853,50.927],[14.0751,50.9337],[14.0878,50.945],[14.0717,50.9416],[14.0556,50.9361],[14.053,50.9279],[14.0368,50.9258],[14.0211,50.9133],[13.9941,50.9128],[13.9993,50.9053],[14.0127,50.8911],[14.034,50.8877],[14.05,50.8898],[14.0629,50.8972],[14.087,50.8876],[14.101,50.8982],[14.0871,50.9086],[14.1071,50.9254],[14.1248,50.9189]]]},"properties":{"AGS":"14628210","GEN":"Königstein/Sächs.Schw.","SN_L":"14"}},
{"type":"Feature","geometry":{"type":"Polygon","coordinates":[[[14.099,50.9584],[14.0799,50.9654],[14.0536,50.9596],[14.0511,50.9553],[14.0752,50.9538],[14.0717,50.9416],[14.0878,50.945],[14.099,50.9584]]]},"properties":{"AGS":"14628310","GEN":"Rathen","SN_L":"14"}},
{"type":"Feature","geometry":{"type":"Polygon","coordinates":[[[14.087,50.8876],[14.0629,50.8972],[14.05,50.8898],[14.034,50.8877],[14.0237,50.8625],[14.0095,50.8645],[14.0222,50.8332],[14.0395,50.8102],[14.0724,50.8108],[14.0906,50.8262],[14.1296,50.8341],[14.1192,50.8439],[14.1059,50.8473],[14.1055,50.8606],[14.087,50.8876]]]},"properties":{"AGS":"14628340","GEN":"Rosenthal-Bielatal","SN_L":"14"}},
{"type":"Feature","geometry":{"type":"Polygon","coordinates":[[[14.0717,50.9416],[14.0752,50.9538],[14.0511,50.9553],[14.0227,50.9498],[14.0148,50.944],[13.9874,50.947],[13.985,50.9321],[13.9941,50.9128],[14.0211,50.9133],[14.0368,50.9258],[14.053,50.9279],[14.0556,50.9361],[14.0717,50.9416]]]},"properties":{"AGS":"14628390","GEN":"Struppen","SN_L":"14"}},
{"type":"Feature","geometry":{"type":"Polygon","coordinates":[[[14.0515,50.9995],[14.0171,51.0069],[13.9997,51.0022],[13.9784,51.0076],[13.9622,51.0053],[13.9516,50.9945],[13.9635,50.9778],[13.9817,50.9759],[14.015,50.9754],[14.0238,50.9631],[14.0536,50.9596],[14.0799,50.9654],[14.0727,50.9764],[14.0569,50.9773],[14.048,50.9908],[14.0515,50.9995]]]},"properties":{"AGS":"14628240","GEN":"Lohmen","SN_L":"14"}},
{"type":"Feature","geometry":{"type":"Polygon","coordinates":[[[14.0536,50.9596],[14.0238,50.9631],[14.015,50.9754],[13.9817,50.9759],[13.9746,50.9614],[14.0017,50.9456],[14.0148,50.944],[14.0227,50.9498],[14.0511,50.9553],[14.0536,50.9596]]]},"properties":{"AGS":"14628370","GEN":"Stadt Wehlen","SN_L":"14"}},
{"type":"Feature","geometry":{"type":"Polygon","coordinates":[[[13.9925,50.9023],[13.9598,50.9201],[13.9471,50.9335],[13.9206,50.9291],[13.9123,50.9205],[13.9185,50.9104],[13.9374,50.9083],[13.9345,50.8933],[13.9388,50.8804],[13.9567,50.8891],[13.9718,50.8811],[13.9905,50.8916],[13.9925,50.9023]]]},"properties":{"AGS":"14628070","GEN":"Dohma","SN_L":"14"}},
{"type":"Feature","geometry":{"type":"Polygon","coordinates":[[[13.9384,51.015],[13.9111,51.013],[13.9101,50.9994],[13.8952,50.9949],[13.8845,50.9824],[13.8849,50.9688],[13.8987,50.9579],[13.8964,50.9474],[13.9057,50.9392],[13.8994,50.9287],[13.9206,50.9291],[13.9471,50.9335],[13.9598,50.9201],[13.9925,50.9023],[13.9993,50.9053],[13.9941,50.9128],[13.985,50.9321],[13.9874,50.947],[14.0148,50.944],[14.0017,50.9456],[13.9746,50.9614],[13.9817,50.9759],[13.9635,50.9778],[13.9516,50.9945],[13.9622,51.0053],[13.9384,51.015]]]},"properties":{"AGS":"14628270","GEN":"Pirna","SN_L":"14"}},
{"type":"Feature","geometry":{"type":"Polygon","coordinates":[[[13.5832,50.8455],[13.5537,50.8437],[13.5206,50.8277],[13.5438,50.8296],[13.5566,50.8165],[13.5624,50.8029],[13.5515,50.7822],[13.5747,50.7721],[13.5993,50.7742],[13.6098,50.7748],[13.6213,50.7861],[13.6084,50.8042],[13.5965,50.8128],[13.5927,50.8429],[13.5832,50.8455]]]},"properties":{"AGS":"14628150","GEN":"Hartmannsdorf-Reichenau","SN_L":"14"}},
{"type":"Feature","geometry":{"type":"Polygon","coordinates":[[[13.5917,50.9548],[13.5805,50.9529],[13.5733,50.9469],[13.5661,50.9367],[13.5713,50.9252],[13.5548,50.9213],[13.5406,50.9302],[13.5267,50.9287],[13.5035,50.9278],[13.4918,50.9229],[13.4581,50.9235],[13.4604,50.9019],[13.4882,50.8924],[13.502,50.8669],[13.5125,50.8586],[13.505,50.8394],[13.5206,50.8277],[13.5537,50.8437],[13.5832,50.8455],[13.5861,50.8677],[13.5951,50.8796],[13.6209,50.9014],[13.6155,50.9409],[13.6243,50.9498],[13.5917,50.9548]]]},"properties":{"AGS":"14628205","GEN":"Klingenberg","SN_L":"14"}},
{"type":"Feature","geometry":{"type":"Polygon","coordinates":[[[13.5733,50.9469],[13.5465,50.9478],[13.5302,50.9417],[13.5267,50.9287],[13.5406,50.9302],[13.5548,50.9213],[13.5713,50.9252],[13.5661,50.9367],[13.5733,50.9469]]]},"properties":{"AGS":"14628090","GEN":"Dorfhain","SN_L":"14"}},
{"type":"Feature","geometry":{"type":"Polygon","coordinates":[[[13.6019,51.0019],[13.5744,50.9984],[13.5453,51.0032],[13.5208,51.0125],[13.5138,51.0008],[13.4776,50.9984],[13.4751,50.985],[13.4737,50.9772],[13.4348,50.9568],[13.4294,50.9483],[13.4423,50.9433],[13.4485,50.9267],[13.4581,50.9235],[13.4918,50.9229],[13.5035,50.9278],[13.5267,50.9287],[13.5302,50.9417],[13.5465,50.9478],[13.5733,50.9469],[13.5805,50.9529],[13.5865,50.9815],[13.6126,50.9889],[13.6019,51.0019]]]},"properties":{"AGS":"14628400","GEN":"Tharandt","SN_L":"14"}},
{"type":"Feature","geometry":{"type":"Polygon","coordinates":[[[12.4929,51.4316],[12.4726,51.4324],[12.4711,51.4425],[12.4412,51.4481],[12.4425,51.4307],[12.4045,51.424],[12.3944,51.4192],[12.3753,51.4241],[12.3588,51.4177],[12.3383,51.418],[12.312,51.4174],[12.2682,51.4198],[12.2633,51.4116],[12.2679,51.3971],[12.2591,51.3813],[12.2441,51.3738],[12.2432,51.3485],[12.2497,51.3384],[12.2369,51.3263],[12.2614,51.2857],[12.2479,51.2781],[12.253,51.2585],[12.259,51.2384],[12.2859,51.2436],[12.3048,51.2435],[12.3229,51.2571],[12.338,51.2676],[12.352,51.2837],[12.3763,51.2909],[12.3905,51.2811],[12.432,51.2853],[12.4472,51.2826],[12.4484,51.2685],[12.4788,51.2577],[12.5004,51.2894],[12.505,51.3032],[12.5392,51.3064],[12.5343,51.3169],[12.5426,51.3241],[12.5378,51.3356],[12.5231,51.3484],[12.5091,51.3473],[12.4987,51.3605],[12.4796,51.3612],[12.4672,51.3684],[12.4683,51.4013],[12.4573,51.4102],[12.4589,51.4188],[12.4889,51.4177],[12.4933,51.4241],[12.4929,51.4316]]]},"properties":{"AGS":"14713000","GEN":"Leipzig","SN_L":"14"}},
{"type":"Feature","geometry":{"type":"Polygon","coordinates":[[[12.711,51.3842],[12.6837,51.3894],[12.6817,51.4012],[12.6647,51.3763],[12.6609,51.3582],[12.6394,51.347],[12.6577,51.3396],[12.6717,51.3193],[12.6934,51.3126],[12.7092,51.3094],[12.7198,51.2952],[12.7392,51.2957],[12.7589,51.3035],[12.7461,51.3178],[12.7554,51.324],[12.73,51.3485],[12.7202,51.3628],[12.7259,51.3762],[12.711,51.3842]]]},"properties":{"AGS":"14729030","GEN":"Bennewitz","SN_L":"14"}},
{"type":"Feature","geometry":{"type":"Polygon","coordinates":[[[12.4025,51.2446],[12.3689,51.2404],[12.3538,51.2296],[12.3593,51.2175],[12.3484,51.2155],[12.3514,51.1972],[12.3762,51.193],[12.4016,51.1653],[12.4231,51.1676],[12.4325,51.1736],[12.4177,51.1784],[12.3976,51.1947],[12.3946,51.22],[12.4183,51.2281],[12.4025,51.2446]]]},"properties":{"AGS":"14729040","GEN":"Böhlen","SN_L":"14"}},
{"type":"Feature","geometry":{"type":"Polygon","coordinates":[[[12.5107,51.1772],[12.4776,51.1785],[12.4884,51.1659],[12.4727,51.1562],[12.4679,51.1246],[12.4464,51.1225],[12.4483,51.1043],[12.4574,51.0983],[12.4584,51.0846],[12.4641,51.0668],[12.4705,51.0643],[12.5015,51.0641],[12.5222,51.0743],[12.5273,51.082],[12.5568,51.0903],[12.5487,51.0996],[12.5543,51.1149],[12.5642,51.1187],[12.5578,51.1303],[12.5406,51.1389],[12.527,51.1397],[12.5282,51.1614],[12.5117,51.1645],[12.5107,51.1772]]]},"properties":{"AGS":"14729050","GEN":"Borna","SN_L":"14"}},
{"type":"Feature","geometry":{"type":"Polygon","coordinates":[[[12.576,51.3413],[12.5591,51.3551],[12.5684,51.3751],[12.5451,51.3707],[12.5346,51.3736],[12.4987,51.3605],[12.5091,51.3473],[12.5231,51.3484],[12.5378,51.3356],[12.5426,51.3241],[12.5575,51.3354],[12.576,51.3413]]]},"properties":{"AGS":"14729060","GEN":"Borsdorf","SN_L":"14"}},
{"type":"Feature","geometry":{"type":"Polygon","coordinates":[[[12.6394,51.347],[12.5861,51.3453],[12.576,51.3413],[12.5575,51.3354],[12.5426,51.3241],[12.5343,51.3169],[12.5392,51.3064],[12.539,51.3053],[12.5602,51.31],[12.5973,51.3034],[12.6394,51.3076],[12.6537,51.3033],[12.6742,51.3082],[12.6934,51.3126],[12.6717,51.3193],[12.6577,51.3396],[12.6394,51.347]]]},"properties":{"AGS":"14729070","GEN":"Brandis","SN_L":"14"}},
{"type":"Feature","geometry":{"type":"Polygon","coordinates":[[[12.8599,51.1641],[12.8255,51.1586],[12.8002,51.1689],[12.793,51.1766],[12.7724,51.1783],[12.764,51.1726],[12.7454,51.1723],[12.7351,51.1634],[12.7413,51.1497],[12.7359,51.1393],[12.7153,51.1343],[12.7105,51.128],[12.6753,51.1233],[12.6993,51.1092],[12.7137,51.1138],[12.7463,51.1117],[12.7541,51.1055],[12.7771,51.1054],[12.8112,51.0916],[12.8425,51.0936],[12.8461,51.0974],[12.8739,51.0907],[12.8893,51.0973],[12.8963,51.1109],[12.8895,51.1235],[12.8945,51.1315],[12.8533,51.1555],[12.8599,51.1641]]]},"properties":{"AGS":"14729080","GEN":"Colditz","SN_L":"14"}},
{"type":"Feature","geometry":{"type":"Polygon","coordinates":[[[12.7052,51.0906],[12.6939,51.097],[12.6775,51.0939],[12.6751,51.1109],[12.6555,51.1182],[12.6368,51.1301],[12.6255,51.1264],[12.6067,51.1336],[12.5996,51.143],[12.5848,51.1392],[12.5681,51.1404],[12.5578,51.1303],[12.5642,51.1187],[12.5543,51.1149],[12.5487,51.0996],[12.5568,51.0903],[12.5273,51.082],[12.5222,51.0743],[12.5015,51.0641],[12.5032,51.0484],[12.5029,51.0349],[12.512,51.027],[12.5389,51.0243],[12.5402,51.0057],[12.5275,50.9989],[12.5509,50.9983],[12.5741,50.9893],[12.6012,50.9927],[12.6174,50.9808],[12.6677,50.9875],[12.6601,50.9988],[12.6426,51.0108],[12.6446,51.0302],[12.6222,51.0407],[12.6363,51.0491],[12.638,51.0635],[12.6483,51.0735],[12.6598,51.0698],[12.6836,51.0722],[12.7036,51.0703],[12.7232,51.0777],[12.7052,51.0906]]]},"properties":{"AGS":"14729140","GEN":"Frohburg","SN_L":"14"}},
{"type":"Feature","geometry":{"type":"Polygon","coordinates":[[[12.7307,51.0377],[12.7251,51.0547],[12.7164,51.0612],[12.7383,51.0959],[12.7241,51.1034],[12.7052,51.0906],[12.7232,51.0777],[12.7036,51.0703],[12.6836,51.0722],[12.6598,51.0698],[12.6483,51.0735],[12.638,51.0635],[12.6363,51.0491],[12.6222,51.0407],[12.6446,51.0302],[12.6426,51.0108],[12.6601,50.9988],[12.6677,50.9875],[12.6863,50.9851],[12.706,51.0071],[12.7317,50.9979],[12.7406,51.0001],[12.7293,51.0192],[12.7118,51.0229],[12.7307,51.0377]]]},"properties":{"AGS":"14729150","GEN":"Geithain","SN_L":"14"}},
{"type":"Feature","geometry":{"type":"Polygon","coordinates":[[[12.8701,51.306],[12.8524,51.3096],[12.8124,51.3125],[12.801,51.3081],[12.8041,51.3005],[12.7891,51.2956],[12.7951,51.2825],[12.7805,51.2702],[12.7834,51.2594],[12.7526,51.2678],[12.7062,51.2632],[12.6855,51.2743],[12.6762,51.285],[12.664,51.2871],[12.6585,51.2827],[12.6673,51.2728],[12.6621,51.2663],[12.6749,51.2489],[12.6776,51.2276],[12.6546,51.215],[12.6641,51.2056],[12.655,51.1907],[12.64,51.1849],[12.6481,51.1691],[12.6662,51.1741],[12.6881,51.1694],[12.7151,51.1759],[12.74,51.1737],[12.7351,51.1634],[12.7454,51.1723],[12.764,51.1726],[12.7724,51.1783],[12.793,51.1766],[12.8002,51.1689],[12.8255,51.1586],[12.8599,51.1641],[12.8817,51.1804],[12.8836,51.1949],[12.9018,51.2128],[12.9237,51.2101],[12.926,51.2182],[12.9071,51.2295],[12.9176,51.243],[12.9302,51.2472],[12.924,51.2582],[12.8962,51.2812],[12.8992,51.2881],[12.8737,51.2994],[12.8701,51.306]]]},"properties":{"AGS":"14729160","GEN":"Grimma","SN_L":"14"}},
{"type":"Feature","geometry":{"type":"Polygon","coordinates":[[[12.3237,51.1765],[12.2907,51.1832],[12.2811,51.1809],[12.2785,51.1687],[12.2585,51.1337],[12.2466,51.1329],[12.2413,51.1298],[12.2246,51.1193],[12.2214,51.1098],[12.2337,51.1027],[12.2614,51.0979],[12.2786,51.0993],[12.2835,51.0919],[12.3048,51.0975],[12.3185,51.0938],[12.3316,51.1038],[12.3521,51.0962],[12.3704,51.1025],[12.368,51.1204],[12.3751,51.1254],[12.3727,51.1349],[12.3901,51.1383],[12.3824,51.1502],[12.3674,51.1598],[12.3473,51.1641],[12.3277,51.1638],[12.3237,51.1765]]]},"properties":{"AGS":"14729170","GEN":"Groitzsch","SN_L":"14"}},
{"type":"Feature","geometry":{"type":"Polygon","coordinates":[[[12.539,51.3053],[12.5392,51.3064],[12.505,51.3032],[12.5004,51.2894],[12.4788,51.2577],[12.4484,51.2685],[12.4335,51.2606],[12.4338,51.2522],[12.4025,51.2446],[12.4183,51.2281],[12.4475,51.2079],[12.4703,51.2097],[12.4969,51.226],[12.5151,51.2422],[12.5175,51.2574],[12.5143,51.285],[12.5392,51.2971],[12.539,51.3053]]]},"properties":{"AGS":"14729190","GEN":"Großpösna","SN_L":"14"}},
{"type":"Feature","geometry":{"type":"Polygon","coordinates":[[[12.5777,51.1924],[12.5622,51.206],[12.5462,51.2028],[12.5252,51.2062],[12.5136,51.1917],[12.5107,51.1772],[12.5117,51.1645],[12.5282,51.1614],[12.527,51.1397],[12.5406,51.1389],[12.5578,51.1303],[12.5681,51.1404],[12.5848,51.1392],[12.5687,51.1497],[12.5739,51.1735],[12.5833,51.1827],[12.5777,51.1924]]]},"properties":{"AGS":"14729220","GEN":"Kitzscher","SN_L":"14"}},
{"type":"Feature","geometry":{"type":"Polygon","coordinates":[[[12.8351,51.4493],[12.815,51.4554],[12.8069,51.4477],[12.811,51.4348],[12.7978,51.4293],[12.763,51.4311],[12.7321,51.4238],[12.738,51.4094],[12.724,51.4097],[12.7386,51.3924],[12.7519,51.3924],[12.7638,51.3819],[12.7866,51.3752],[12.7869,51.3582],[12.8089,51.3524],[12.8197,51.3638],[12.8447,51.3637],[12.8576,51.3552],[12.8739,51.3553],[12.8765,51.3431],[12.8704,51.3324],[12.9002,51.333],[12.9028,51.3458],[12.9178,51.3543],[12.9286,51.3516],[12.9383,51.3665],[12.9091,51.3755],[12.9041,51.3995],[12.9353,51.4043],[12.9424,51.4128],[12.9241,51.4161],[12.9217,51.4234],[12.9037,51.4344],[12.8871,51.4372],[12.879,51.4462],[12.8572,51.4457],[12.8351,51.4493]]]},"properties":{"AGS":"14729245","GEN":"Lossatal","SN_L":"14"}},
{"type":"Feature","geometry":{"type":"Polygon","coordinates":[[[12.6817,51.4012],[12.6851,51.404],[12.6522,51.4204],[12.6479,51.4042],[12.6213,51.4062],[12.6212,51.3964],[12.6011,51.3849],[12.576,51.3802],[12.5684,51.3751],[12.5591,51.3551],[12.576,51.3413],[12.5861,51.3453],[12.6394,51.347],[12.6609,51.3582],[12.6647,51.3763],[12.6817,51.4012]]]},"properties":{"AGS":"14729250","GEN":"Machern","SN_L":"14"}},
{"type":"Feature","geometry":{"type":"Polygon","coordinates":[[[12.4484,51.2685],[12.4472,51.2826],[12.432,51.2853],[12.3905,51.2811],[12.3763,51.2909],[12.352,51.2837],[12.338,51.2676],[12.3229,51.2571],[12.3603,51.2495],[12.3689,51.2404],[12.4025,51.2446],[12.4338,51.2522],[12.4335,51.2606],[12.4484,51.2685]]]},"properties":{"AGS":"14729260","GEN":"Markkleeberg","SN_L":"14"}},
{"type":"Feature","geometry":{"type":"Polygon","coordinates":[[[12.253,51.2585],[12.2479,51.2781],[12.2614,51.2857],[12.2369,51.3263],[12.2497,51.3384],[12.2432,51.3485],[12.1935,51.3325],[12.1698,51.3277],[12.1648,51.3208],[12.1477,51.32],[12.1557,51.3005],[12.1689,51.2938],[12.1709,51.2755],[12.1737,51.2582],[12.1894,51.2576],[12.1995,51.2384],[12.253,51.2585]]]},"properties":{"AGS":"14729270","GEN":"Markranstädt","SN_L":"14"}},
{"type":"Feature","geometry":{"type":"Polygon","coordinates":[[[12.4325,51.1736],[12.4231,51.1676],[12.4016,51.1653],[12.3762,51.193],[12.3514,51.1972],[12.341,51.1863],[12.3237,51.1765],[12.3277,51.1638],[12.3473,51.1641],[12.3674,51.1598],[12.3824,51.1502],[12.3901,51.1383],[12.3727,51.1349],[12.3751,51.1254],[12.393,51.1276],[12.3964,51.1184],[12.4154,51.125],[12.4175,51.1142],[12.4109,51.0982],[12.4483,51.1043],[12.4464,51.1225],[12.4679,51.1246],[12.4727,51.1562],[12.4884,51.1659],[12.4776,51.1785],[12.4575,51.1867],[12.4543,51.1775],[12.4325,51.1736]]]},"properties":{"AGS":"14729320","GEN":"Neukieritzsch","SN_L":"14"}},
{"type":"Feature","geometry":{"type":"Polygon","coordinates":[[[12.4483,51.1043],[12.4109,51.0982],[12.4175,51.1142],[12.4154,51.125],[12.3964,51.1184],[12.393,51.1276],[12.3751,51.1254],[12.368,51.1204],[12.3704,51.1025],[12.3521,51.0962],[12.3536,51.0846],[12.368,51.0786],[12.3943,51.0838],[12.4104,51.0729],[12.421,51.0781],[12.4496,51.0771],[12.4584,51.0846],[12.4574,51.0983],[12.4483,51.1043]]]},"properties":{"AGS":"14729360","GEN":"Regis-Breitingen","SN_L":"14"}},
{"type":"Feature","geometry":{"type":"Polygon","coordinates":[[[12.5628,51.2073],[12.5464,51.2268],[12.5151,51.2422],[12.4969,51.226],[12.4703,51.2097],[12.4475,51.2079],[12.4183,51.2281],[12.3946,51.22],[12.3976,51.1947],[12.4177,51.1784],[12.4325,51.1736],[12.4543,51.1775],[12.4575,51.1867],[12.4776,51.1785],[12.5107,51.1772],[12.5136,51.1917],[12.5252,51.2062],[12.5462,51.2028],[12.5622,51.206],[12.5628,51.2073]]]},"properties":{"AGS":"14729370","GEN":"Rötha","SN_L":"14"}},
{"type":"Feature","geometry":{"type":"Polygon","coordinates":[[[12.815,51.4554],[12.8136,51.4599],[12.7886,51.4687],[12.7768,51.4644],[12.752,51.4536],[12.7198,51.4546],[12.7137,51.4453],[12.6824,51.4516],[12.6654,51.4494],[12.649,51.44],[12.6453,51.4311],[12.6522,51.4204],[12.6851,51.404],[12.6817,51.4012],[12.6837,51.3894],[12.711,51.3842],[12.7325,51.387],[12.7386,51.3924],[12.724,51.4097],[12.738,51.4094],[12.7321,51.4238],[12.763,51.4311],[12.7978,51.4293],[12.811,51.4348],[12.8069,51.4477],[12.815,51.4554]]]},"properties":{"AGS":"14729380","GEN":"Thallwitz","SN_L":"14"}},
{"type":"Feature","geometry":{"type":"Polygon","coordinates":[[[12.7589,51.3035],[12.7392,51.2957],[12.7198,51.2952],[12.7092,51.3094],[12.6934,51.3126],[12.6742,51.3082],[12.6577,51.2942],[12.664,51.2871],[12.6762,51.285],[12.6855,51.2743],[12.7062,51.2632],[12.7526,51.2678],[12.7834,51.2594],[12.7805,51.2702],[12.7951,51.2825],[12.7891,51.2956],[12.8041,51.3005],[12.801,51.3081],[12.7751,51.3023],[12.7589,51.3035]]]},"properties":{"AGS":"14729400","GEN":"Trebsen/Mulde","SN_L":"14"}},
{"type":"Feature","geometry":{"type":"Polygon","coordinates":[[[12.9002,51.333],[12.8704,51.3324],[12.8765,51.3431],[12.8739,51.3553],[12.8576,51.3552],[12.8447,51.3637],[12.8197,51.3638],[12.8089,51.3524],[12.7869,51.3582],[12.7866,51.3752],[12.7638,51.3819],[12.7519,51.3924],[12.7386,51.3924],[12.7325,51.387],[12.711,51.3842],[12.7259,51.3762],[12.7202,51.3628],[12.73,51.3485],[12.7554,51.324],[12.7461,51.3178],[12.7589,51.3035],[12.7751,51.3023],[12.801,51.3081],[12.8124,51.3125],[12.8524,51.3096],[12.8701,51.306],[12.8798,51.3181],[12.9017,51.3224],[12.9002,51.333]]]},"properties":{"AGS":"14729410","GEN":"Wurzen","SN_L":"14"}},
{"type":"Feature","geometry":{"type":"Polygon","coordinates":[[[12.3689,51.2404],[12.3603,51.2495],[12.3229,51.2571],[12.3048,51.2435],[12.2859,51.2436],[12.259,51.2384],[12.2454,51.2292],[12.2482,51.2008],[12.2703,51.1937],[12.2946,51.2057],[12.2982,51.1884],[12.2907,51.1832],[12.3237,51.1765],[12.341,51.1863],[12.3514,51.1972],[12.3484,51.2155],[12.3593,51.2175],[12.3538,51.2296],[12.3689,51.2404]]]},"properties":{"AGS":"14729430","GEN":"Zwenkau","SN_L":"14"}},
{"type":"Feature","geometry":{"type":"Polygon","coordinates":[[[12.64,51.1849],[12.6025,51.1785],[12.6076,51.1903],[12.5777,51.1924],[12.5833,51.1827],[12.5739,51.1735],[12.5687,51.1497],[12.5848,51.1392],[12.5996,51.143],[12.6067,51.1336],[12.6255,51.1264],[12.6368,51.1301],[12.6555,51.1182],[12.6751,51.1109],[12.6775,51.0939],[12.6939,51.097],[12.7052,51.0906],[12.7241,51.1034],[12.7383,51.0959],[12.7541,51.1055],[12.7463,51.1117],[12.7137,51.1138],[12.6993,51.1092],[12.6753,51.1233],[12.7105,51.128],[12.7153,51.1343],[12.7359,51.1393],[12.7413,51.1497],[12.7351,51.1634],[12.74,51.1737],[12.7151,51.1759],[12.6881,51.1694],[12.6662,51.1741],[12.6481,51.1691],[12.64,51.1849]]]},"properties":{"AGS":"14729010","GEN":"Bad Lausick","SN_L":"14"}},
{"type":"Feature","geometry":{"type":"Polygon","coordinates":[[[12.6546,51.215],[12.6427,51.2228],[12.605,51.2227],[12.5843,51.226],[12.5829,51.2121],[12.5628,51.2073],[12.5622,51.206],[12.5777,51.1924],[12.6076,51.1903],[12.6025,51.1785],[12.64,51.1849],[12.655,51.1907],[12.6641,51.2056],[12.6546,51.215]]]},"properties":{"AGS":"14729330","GEN":"Otterwisch","SN_L":"14"}},
{"type":"Feature","geometry":{"type":"Polygon","coordinates":[[[12.5841,51.2511],[12.5815,51.2629],[12.5646,51.2731],[12.5509,51.2673],[12.5229,51.2674],[12.5175,51.2574],[12.5151,51.2422],[12.5464,51.2268],[12.5628,51.2073],[12.5829,51.2121],[12.5843,51.226],[12.5674,51.2317],[12.5871,51.2391],[12.5841,51.2511]]]},"properties":{"AGS":"14729020","GEN":"Belgershain","SN_L":"14"}},
{"type":"Feature","geometry":{"type":"Polygon","coordinates":[[[12.6742,51.3082],[12.6537,51.3033],[12.6394,51.3076],[12.5973,51.3034],[12.5602,51.31],[12.539,51.3053],[12.5392,51.2971],[12.5143,51.285],[12.5175,51.2574],[12.5229,51.2674],[12.5509,51.2673],[12.5646,51.2731],[12.5815,51.2629],[12.5841,51.2511],[12.6002,51.2478],[12.6101,51.2593],[12.6067,51.2676],[12.635,51.2896],[12.6585,51.2827],[12.664,51.2871],[12.6577,51.2942],[12.6742,51.3082]]]},"properties":{"AGS":"14729300","GEN":"Naunhof","SN_L":"14"}},
{"type":"Feature","geometry":{"type":"Polygon","coordinates":[[[12.6585,51.2827],[12.635,51.2896],[12.6067,51.2676],[12.6101,51.2593],[12.6002,51.2478],[12.5841,51.2511],[12.5871,51.2391],[12.5674,51.2317],[12.5843,51.226],[12.605,51.2227],[12.6427,51.2228],[12.6546,51.215],[12.6776,51.2276],[12.6749,51.2489],[12.6621,51.2663],[12.6673,51.2728],[12.6585,51.2827]]]},"properties":{"AGS":"14729340","GEN":"Parthenstein","SN_L":"14"}},
{"type":"Feature","geometry":{"type":"Polygon","coordinates":[[[12.2466,51.1329],[12.2605,51.1524],[12.2444,51.1627],[12.2294,51.1661],[12.2023,51.1631],[12.1962,51.1419],[12.225,51.1374],[12.2413,51.1298],[12.2466,51.1329]]]},"properties":{"AGS":"14729100","GEN":"Elstertrebnitz","SN_L":"14"}},
{"type":"Feature","geometry":{"type":"Polygon","coordinates":[[[12.259,51.2384],[12.253,51.2585],[12.1995,51.2384],[12.1921,51.2369],[12.2012,51.2134],[12.1896,51.204],[12.1918,51.1957],[12.1807,51.1899],[12.2131,51.1835],[12.2116,51.1724],[12.2023,51.1631],[12.2294,51.1661],[12.2444,51.1627],[12.2605,51.1524],[12.2466,51.1329],[12.2585,51.1337],[12.2785,51.1687],[12.2811,51.1809],[12.2907,51.1832],[12.2982,51.1884],[12.2946,51.2057],[12.2703,51.1937],[12.2482,51.2008],[12.2454,51.2292],[12.259,51.2384]]]},"properties":{"AGS":"14729350","GEN":"Pegau","SN_L":"14"}},
{"type":"Feature","geometry":{"type":"Polygon","coordinates":[[[12.6083,51.6106],[12.6224,51.6164],[12.621,51.6274],[12.5913,51.6225],[12.5803,51.6261],[12.5747,51.6154],[12.5482,51.6088],[12.5247,51.6063],[12.5246,51.5933],[12.5062,51.5839],[12.4901,51.5693],[12.5088,51.543],[12.5144,51.5427],[12.5196,51.5434],[12.524,51.5435],[12.5609,51.5636],[12.5616,51.5719],[12.5788,51.5762],[12.6036,51.5815],[12.6206,51.5771],[12.6314,51.5948],[12.6083,51.6106]]]},"properties":{"AGS":"14730020","GEN":"Bad Düben","SN_L":"14"}},
{"type":"Feature","geometry":{"type":"Polygon","coordinates":[[[13.1823,51.492],[13.1631,51.4931],[13.1358,51.478],[13.1314,51.4923],[13.0999,51.4985],[13.0945,51.5056],[13.1087,51.5201],[13.0936,51.5231],[13.0715,51.5081],[13.0669,51.4957],[13.0177,51.4829],[12.9965,51.4847],[12.9574,51.4808],[12.9449,51.4747],[12.9353,51.4867],[12.8934,51.471],[12.8714,51.4724],[12.8549,51.4622],[12.8346,51.4614],[12.8351,51.4493],[12.8572,51.4457],[12.879,51.4462],[12.8871,51.4372],[12.9037,51.4344],[12.9217,51.4234],[12.9321,51.4273],[12.9512,51.4242],[12.9817,51.4243],[13.0445,51.4329],[13.0758,51.4203],[13.084,51.4121],[13.1313,51.418],[13.1546,51.4162],[13.1614,51.4058],[13.1821,51.4118],[13.1876,51.4255],[13.1751,51.4328],[13.2012,51.4481],[13.2041,51.4569],[13.1845,51.4691],[13.187,51.4868],[13.1823,51.492]]]},"properties":{"AGS":"14730045","GEN":"Belgern-Schildau","SN_L":"14"}},
{"type":"Feature","geometry":{"type":"Polygon","coordinates":[[[13.2102,51.4047],[13.2017,51.4207],[13.1876,51.4255],[13.1821,51.4118],[13.1614,51.4058],[13.1546,51.4162],[13.1313,51.418],[13.084,51.4121],[13.0758,51.4203],[13.0445,51.4329],[13.037,51.4285],[13.0201,51.3885],[13.0316,51.3783],[13.0412,51.3465],[13.0566,51.3487],[13.0804,51.3563],[13.0979,51.3688],[13.1365,51.3766],[13.1829,51.3756],[13.1914,51.3887],[13.2102,51.4047]]]},"properties":{"AGS":"14730050","GEN":"Cavertitz","SN_L":"14"}},
{"type":"Feature","geometry":{"type":"Polygon","coordinates":[[[13.0566,51.3487],[13.0412,51.3465],[13.0316,51.3783],[13.0201,51.3885],[13.037,51.4285],[13.0445,51.4329],[12.9817,51.4243],[12.9512,51.4242],[12.9321,51.4273],[12.9217,51.4234],[12.9241,51.4161],[12.9424,51.4128],[12.9353,51.4043],[12.9041,51.3995],[12.9091,51.3755],[12.9383,51.3665],[12.9286,51.3516],[12.9535,51.3509],[12.9752,51.3539],[13.0253,51.3384],[13.0362,51.3262],[13.0379,51.3144],[13.0634,51.3223],[13.065,51.3316],[13.0735,51.3397],[13.0566,51.3487]]]},"properties":{"AGS":"14730060","GEN":"Dahlen","SN_L":"14"}},
{"type":"Feature","geometry":{"type":"Polygon","coordinates":[[[12.3677,51.5831],[12.3391,51.5857],[12.3194,51.5776],[12.3133,51.5685],[12.29,51.5608],[12.2917,51.5438],[12.2739,51.5412],[12.2732,51.5298],[12.2888,51.5296],[12.3053,51.4996],[12.2955,51.4913],[12.3095,51.4818],[12.3367,51.4831],[12.3441,51.4907],[12.3897,51.492],[12.4028,51.5025],[12.4003,51.5122],[12.4081,51.5257],[12.4282,51.5244],[12.4431,51.5311],[12.4522,51.5509],[12.4318,51.5621],[12.4045,51.5609],[12.3902,51.5696],[12.3711,51.5739],[12.3677,51.5831]]]},"properties":{"AGS":"14730070","GEN":"Delitzsch","SN_L":"14"}},
{"type":"Feature","geometry":{"type":"Polygon","coordinates":[[[12.7768,51.4644],[12.757,51.4793],[12.7751,51.4889],[12.7727,51.5014],[12.757,51.505],[12.7507,51.5126],[12.7494,51.5281],[12.7391,51.5611],[12.7178,51.5594],[12.7041,51.5537],[12.6741,51.5627],[12.6532,51.5528],[12.6809,51.5425],[12.6887,51.5312],[12.6787,51.5199],[12.6317,51.5157],[12.6223,51.5082],[12.6261,51.4988],[12.6137,51.4879],[12.6468,51.4878],[12.6686,51.4916],[12.6824,51.4516],[12.7137,51.4453],[12.7198,51.4546],[12.752,51.4536],[12.7768,51.4644]]]},"properties":{"AGS":"14730080","GEN":"Doberschütz","SN_L":"14"}},
{"type":"Feature","geometry":{"type":"Polygon","coordinates":[[[12.6824,51.4516],[12.6686,51.4916],[12.6468,51.4878],[12.6137,51.4879],[12.5979,51.4824],[12.5948,51.4706],[12.5465,51.476],[12.5108,51.4755],[12.5083,51.4716],[12.5172,51.4595],[12.5171,51.4475],[12.5476,51.4477],[12.5803,51.4517],[12.5993,51.4476],[12.6008,51.4269],[12.6353,51.4364],[12.6453,51.4311],[12.649,51.44],[12.6654,51.4494],[12.6824,51.4516]]]},"properties":{"AGS":"14730110","GEN":"Eilenburg","SN_L":"14"}},
{"type":"Feature","geometry":{"type":"Polygon","coordinates":[[[12.738,51.6558],[12.7078,51.6623],[12.6885,51.6625],[12.6665,51.6422],[12.6658,51.6316],[12.6491,51.6204],[12.6083,51.6106],[12.6314,51.5948],[12.6206,51.5771],[12.6036,51.5815],[12.5788,51.5762],[12.5814,51.5689],[12.6048,51.5476],[12.6152,51.5539],[12.6266,51.5346],[12.6176,51.5301],[12.6223,51.5082],[12.6317,51.5157],[12.6787,51.5199],[12.6887,51.5312],[12.6809,51.5425],[12.6532,51.5528],[12.6741,51.5627],[12.7041,51.5537],[12.7178,51.5594],[12.7391,51.5611],[12.754,51.5675],[12.7771,51.5642],[12.7785,51.5745],[12.7599,51.5919],[12.7662,51.6049],[12.7468,51.604],[12.7248,51.5934],[12.7133,51.5939],[12.7065,51.6072],[12.7121,51.6306],[12.7265,51.6276],[12.738,51.6558]]]},"properties":{"AGS":"14730160","GEN":"Laußig","SN_L":"14"}},
{"type":"Feature","geometry":{"type":"Polygon","coordinates":[[[13.1829,51.3756],[13.1365,51.3766],[13.0979,51.3688],[13.0804,51.3563],[13.0566,51.3487],[13.0735,51.3397],[13.065,51.3316],[13.0921,51.3341],[13.1102,51.3208],[13.1315,51.3233],[13.1612,51.3221],[13.1591,51.3103],[13.1439,51.2958],[13.1614,51.2872],[13.1616,51.2704],[13.2086,51.2792],[13.2144,51.2935],[13.2058,51.3116],[13.2024,51.3295],[13.2082,51.3377],[13.2021,51.3511],[13.203,51.3682],[13.1829,51.3756]]]},"properties":{"AGS":"14730170","GEN":"Liebschützberg","SN_L":"14"}},
{"type":"Feature","geometry":{"type":"Polygon","coordinates":[[[12.5247,51.6063],[12.5076,51.6085],[12.4621,51.6033],[12.4426,51.6094],[12.4273,51.5993],[12.4254,51.5821],[12.3918,51.5878],[12.3677,51.5831],[12.3711,51.5739],[12.3902,51.5696],[12.4045,51.5609],[12.4318,51.5621],[12.4522,51.5509],[12.4808,51.5465],[12.4901,51.5693],[12.5062,51.5839],[12.5246,51.5933],[12.5247,51.6063]]]},"properties":{"AGS":"14730180","GEN":"Löbnitz","SN_L":"14"}},
{"type":"Feature","geometry":{"type":"Polygon","coordinates":[[[12.7771,51.5642],[12.754,51.5675],[12.7391,51.5611],[12.7494,51.5281],[12.7507,51.5126],[12.757,51.505],[12.7727,51.5014],[12.7751,51.4889],[12.757,51.4793],[12.7768,51.4644],[12.7886,51.4687],[12.8136,51.4599],[12.815,51.4554],[12.8351,51.4493],[12.8346,51.4614],[12.8549,51.4622],[12.8714,51.4724],[12.8934,51.471],[12.9353,51.4867],[12.9313,51.5034],[12.9176,51.5088],[12.9293,51.5176],[12.9165,51.5384],[12.8838,51.5414],[12.8749,51.5498],[12.8421,51.545],[12.8336,51.5469],[12.8164,51.5656],[12.7771,51.5642]]]},"properties":{"AGS":"14730190","GEN":"Mockrehna","SN_L":"14"}},
{"type":"Feature","geometry":{"type":"Polygon","coordinates":[[[13.0409,51.2631],[13.0091,51.263],[13.0096,51.2553],[12.9849,51.25],[12.9751,51.243],[12.949,51.2489],[12.9302,51.2472],[12.9176,51.243],[12.9071,51.2295],[12.926,51.2182],[12.961,51.2252],[12.9919,51.2221],[13.0045,51.2087],[13.0183,51.2001],[13.0375,51.2007],[13.0785,51.2189],[13.1001,51.2134],[13.1038,51.2232],[13.0987,51.2489],[13.0667,51.2593],[13.0419,51.2555],[13.0409,51.2631]]]},"properties":{"AGS":"14730200","GEN":"Mügeln","SN_L":"14"}},
{"type":"Feature","geometry":{"type":"Polygon","coordinates":[[[13.2087,51.264],[13.2166,51.2692],[13.2086,51.2792],[13.1616,51.2704],[13.1373,51.2676],[13.1309,51.2736],[13.1116,51.2664],[13.0964,51.2694],[13.0881,51.2613],[13.0987,51.2489],[13.1038,51.2232],[13.1474,51.221],[13.1835,51.2347],[13.1987,51.2304],[13.207,51.2404],[13.1966,51.2502],[13.2087,51.264]]]},"properties":{"AGS":"14730210","GEN":"Naundorf","SN_L":"14"}},
{"type":"Feature","geometry":{"type":"Polygon","coordinates":[[[13.1616,51.2704],[13.1614,51.2872],[13.1439,51.2958],[13.1591,51.3103],[13.1612,51.3221],[13.1315,51.3233],[13.1102,51.3208],[13.0921,51.3341],[13.065,51.3316],[13.0634,51.3223],[13.0379,51.3144],[13.0434,51.3035],[13.0303,51.2957],[13.0498,51.2882],[13.0502,51.2761],[13.0409,51.2631],[13.0419,51.2555],[13.0667,51.2593],[13.0987,51.2489],[13.0881,51.2613],[13.0964,51.2694],[13.1116,51.2664],[13.1309,51.2736],[13.1373,51.2676],[13.1616,51.2704]]]},"properties":{"AGS":"14730230","GEN":"Oschatz","SN_L":"14"}},
{"type":"Feature","geometry":{"type":"Polygon","coordinates":[[[12.3897,51.492],[12.3441,51.4907],[12.3367,51.4831],[12.3095,51.4818],[12.2955,51.4913],[12.2855,51.4909],[12.2898,51.4745],[12.3042,51.4714],[12.3152,51.4614],[12.3314,51.4617],[12.3521,51.4567],[12.3556,51.4438],[12.3412,51.4441],[12.3325,51.434],[12.3383,51.418],[12.3588,51.4177],[12.3753,51.4241],[12.3944,51.4192],[12.4045,51.424],[12.3877,51.4429],[12.3916,51.4521],[12.4179,51.4691],[12.4112,51.4749],[12.3897,51.492]]]},"properties":{"AGS":"14730250","GEN":"Rackwitz","SN_L":"14"}},
{"type":"Feature","geometry":{"type":"Polygon","coordinates":[[[12.3383,51.418],[12.3325,51.434],[12.3412,51.4441],[12.3556,51.4438],[12.3521,51.4567],[12.3314,51.4617],[12.3152,51.4614],[12.3125,51.4509],[12.2558,51.4448],[12.2347,51.4568],[12.2022,51.459],[12.1895,51.4481],[12.2073,51.4405],[12.2057,51.4252],[12.1898,51.4209],[12.1735,51.4103],[12.177,51.3774],[12.1905,51.3539],[12.1935,51.3325],[12.2432,51.3485],[12.2441,51.3738],[12.2591,51.3813],[12.2679,51.3971],[12.2633,51.4116],[12.2682,51.4198],[12.312,51.4174],[12.3383,51.418]]]},"properties":{"AGS":"14730270","GEN":"Schkeuditz","SN_L":"14"}},
{"type":"Feature","geometry":{"type":"Polygon","coordinates":[[[12.576,51.3802],[12.559,51.3939],[12.521,51.406],[12.5136,51.4186],[12.4933,51.4241],[12.4889,51.4177],[12.4589,51.4188],[12.4573,51.4102],[12.4683,51.4013],[12.4672,51.3684],[12.4796,51.3612],[12.4987,51.3605],[12.5346,51.3736],[12.5451,51.3707],[12.5684,51.3751],[12.576,51.3802]]]},"properties":{"AGS":"14730300","GEN":"Taucha","SN_L":"14"}},
{"type":"Feature","geometry":{"type":"Polygon","coordinates":[[[13.0379,51.3144],[13.0362,51.3262],[13.0253,51.3384],[12.9752,51.3539],[12.9535,51.3509],[12.9286,51.3516],[12.9178,51.3543],[12.9028,51.3458],[12.9002,51.333],[12.9017,51.3224],[12.8798,51.3181],[12.8701,51.306],[12.8737,51.2994],[12.8992,51.2881],[12.8962,51.2812],[12.924,51.2582],[12.9302,51.2472],[12.949,51.2489],[12.9751,51.243],[12.9849,51.25],[13.0096,51.2553],[13.0091,51.263],[13.0409,51.2631],[13.0502,51.2761],[13.0498,51.2882],[13.0303,51.2957],[13.0434,51.3035],[13.0379,51.3144]]]},"properties":{"AGS":"14730330","GEN":"Wermsdorf","SN_L":"14"}},
{"type":"Feature","geometry":{"type":"Polygon","coordinates":[[[12.29,51.5608],[12.2329,51.5611],[12.2313,51.5473],[12.2101,51.5419],[12.1989,51.5313],[12.1938,51.5084],[12.2049,51.4978],[12.2031,51.4851],[12.1757,51.4822],[12.1755,51.4697],[12.1487,51.4595],[12.1578,51.4523],[12.1572,51.4327],[12.1825,51.4324],[12.1898,51.4209],[12.2057,51.4252],[12.2073,51.4405],[12.1895,51.4481],[12.2022,51.459],[12.2347,51.4568],[12.2558,51.4448],[12.3125,51.4509],[12.3152,51.4614],[12.3042,51.4714],[12.2898,51.4745],[12.2855,51.4909],[12.2955,51.4913],[12.3053,51.4996],[12.2888,51.5296],[12.2732,51.5298],[12.2739,51.5412],[12.2917,51.5438],[12.29,51.5608]]]},"properties":{"AGS":"14730340","GEN":"Wiedemar","SN_L":"14"}},
{"type":"Feature","geometry":{"type":"Polygon","coordinates":[[[13.1057,51.5619],[13.0935,51.549],[13.0624,51.533],[13.0604,51.5134],[13.0715,51.5081],[13.0936,51.5231],[13.1087,51.5201],[13.0945,51.5056],[13.0999,51.4985],[13.1314,51.4923],[13.1358,51.478],[13.1631,51.4931],[13.1823,51.492],[13.1969,51.4883],[13.2084,51.5103],[13.1901,51.5396],[13.1874,51.5519],[13.1856,51.5581],[13.1608,51.559],[13.1425,51.5586],[13.1301,51.5483],[13.1057,51.5619]]]},"properties":{"AGS":"14730010","GEN":"Arzberg","SN_L":"14"}},
{"type":"Feature","geometry":{"type":"Polygon","coordinates":[[[13.051,51.6477],[13.0235,51.6373],[13.0205,51.6534],[13.0116,51.6645],[12.9839,51.6691],[12.967,51.6639],[12.9722,51.6513],[12.9495,51.6494],[12.9422,51.638],[12.9329,51.6216],[12.9447,51.6186],[12.9616,51.6287],[12.9797,51.6192],[13.0023,51.6122],[13.0017,51.6012],[13.0124,51.5977],[13.0297,51.5889],[13.0092,51.5787],[13.0138,51.5649],[13.0447,51.5604],[13.0497,51.5545],[13.0753,51.5503],[13.1057,51.5619],[13.1301,51.5483],[13.1425,51.5586],[13.1608,51.559],[13.141,51.5712],[13.1618,51.5921],[13.155,51.6002],[13.1345,51.6057],[13.121,51.6189],[13.104,51.6165],[13.0938,51.6059],[13.051,51.6477]]]},"properties":{"AGS":"14730030","GEN":"Beilrode","SN_L":"14"}},
{"type":"Feature","geometry":{"type":"Polygon","coordinates":[[[12.9015,51.6462],[12.8908,51.654],[12.8954,51.6632],[12.8649,51.6583],[12.859,51.6762],[12.8439,51.685],[12.8301,51.6817],[12.8318,51.676],[12.8074,51.6673],[12.8146,51.6603],[12.8028,51.6525],[12.8111,51.6349],[12.8282,51.6352],[12.8517,51.6301],[12.8543,51.6192],[12.8712,51.6163],[12.8879,51.6169],[12.8883,51.6294],[12.9044,51.6363],[12.9015,51.6462]]]},"properties":{"AGS":"14730090","GEN":"Dommitzsch","SN_L":"14"}},
{"type":"Feature","geometry":{"type":"Polygon","coordinates":[[[12.9422,51.638],[12.9318,51.6484],[12.9015,51.6462],[12.9044,51.6363],[12.8883,51.6294],[12.8879,51.6169],[12.8712,51.6163],[12.8759,51.6059],[12.9043,51.609],[12.9125,51.6013],[12.8896,51.585],[12.9388,51.5836],[12.9669,51.5893],[12.9785,51.6018],[12.9938,51.5911],[13.0124,51.5977],[13.0017,51.6012],[13.0023,51.6122],[12.9797,51.6192],[12.9616,51.6287],[12.9447,51.6186],[12.9329,51.6216],[12.9422,51.638]]]},"properties":{"AGS":"14730120","GEN":"Elsnig","SN_L":"14"}},
{"type":"Feature","geometry":{"type":"Polygon","coordinates":[[[12.8712,51.6163],[12.8543,51.6192],[12.8517,51.6301],[12.8282,51.6352],[12.8111,51.6349],[12.8028,51.6525],[12.8146,51.6603],[12.8074,51.6673],[12.7925,51.6655],[12.7822,51.6538],[12.7646,51.6466],[12.738,51.6558],[12.7265,51.6276],[12.7121,51.6306],[12.7065,51.6072],[12.7133,51.5939],[12.7248,51.5934],[12.7468,51.604],[12.7662,51.6049],[12.7599,51.5919],[12.7785,51.5745],[12.7771,51.5642],[12.8164,51.5656],[12.8227,51.5773],[12.848,51.5829],[12.8628,51.5776],[12.8635,51.5676],[12.8847,51.5692],[12.8798,51.5786],[12.8896,51.585],[12.9125,51.6013],[12.9043,51.609],[12.8759,51.6059],[12.8712,51.6163]]]},"properties":{"AGS":"14730320","GEN":"Trossin","SN_L":"14"}},
{"type":"Feature","geometry":{"type":"Polygon","coordinates":[[[12.5083,51.4716],[12.491,51.4753],[12.4892,51.4824],[12.4733,51.4933],[12.4529,51.4929],[12.4389,51.4986],[12.4313,51.4869],[12.4351,51.4761],[12.4112,51.4749],[12.4179,51.4691],[12.3916,51.4521],[12.3877,51.4429],[12.4045,51.424],[12.4425,51.4307],[12.4412,51.4481],[12.4711,51.4425],[12.4726,51.4324],[12.4929,51.4316],[12.5171,51.4475],[12.5172,51.4595],[12.5083,51.4716]]]},"properties":{"AGS":"14730150","GEN":"Krostitz","SN_L":"14"}},
{"type":"Feature","geometry":{"type":"Polygon","coordinates":[[[12.5144,51.5427],[12.5088,51.543],[12.4901,51.5693],[12.4808,51.5465],[12.4522,51.5509],[12.4431,51.5311],[12.4282,51.5244],[12.4081,51.5257],[12.4003,51.5122],[12.4028,51.5025],[12.3897,51.492],[12.4112,51.4749],[12.4351,51.4761],[12.4313,51.4869],[12.4389,51.4986],[12.4529,51.4929],[12.4733,51.4933],[12.4892,51.4824],[12.491,51.4753],[12.5083,51.4716],[12.5108,51.4755],[12.513,51.4846],[12.5059,51.5008],[12.5174,51.5171],[12.5024,51.5192],[12.4997,51.5357],[12.5144,51.5427]]]},"properties":{"AGS":"14730280","GEN":"Schönwölkau","SN_L":"14"}},
{"type":"Feature","geometry":{"type":"Polygon","coordinates":[[[12.9388,51.5836],[12.8896,51.585],[12.8798,51.5786],[12.8847,51.5692],[12.8635,51.5676],[12.8628,51.5776],[12.848,51.5829],[12.8227,51.5773],[12.8164,51.5656],[12.8336,51.5469],[12.8421,51.545],[12.8749,51.5498],[12.8838,51.5414],[12.9165,51.5384],[12.938,51.5414],[12.9496,51.5578],[12.9322,51.5672],[12.9421,51.5721],[12.9388,51.5836]]]},"properties":{"AGS":"14730100","GEN":"Dreiheide","SN_L":"14"}},
{"type":"Feature","geometry":{"type":"Polygon","coordinates":[[[13.0124,51.5977],[12.9938,51.5911],[12.9785,51.6018],[12.9669,51.5893],[12.9388,51.5836],[12.9421,51.5721],[12.9322,51.5672],[12.9496,51.5578],[12.938,51.5414],[12.9165,51.5384],[12.9293,51.5176],[12.9176,51.5088],[12.9313,51.5034],[12.9353,51.4867],[12.9449,51.4747],[12.9574,51.4808],[12.9965,51.4847],[13.0177,51.4829],[13.0669,51.4957],[13.0715,51.5081],[13.0604,51.5134],[13.0624,51.533],[13.0935,51.549],[13.1057,51.5619],[13.0753,51.5503],[13.0497,51.5545],[13.0447,51.5604],[13.0138,51.5649],[13.0092,51.5787],[13.0297,51.5889],[13.0124,51.5977]]]},"properties":{"AGS":"14730310","GEN":"Torgau","SN_L":"14"}},
{"type":"Feature","geometry":{"type":"Polygon","coordinates":[[[12.6453,51.4311],[12.6353,51.4364],[12.6008,51.4269],[12.5993,51.4476],[12.5803,51.4517],[12.5476,51.4477],[12.5171,51.4475],[12.4929,51.4316],[12.4933,51.4241],[12.5136,51.4186],[12.521,51.406],[12.559,51.3939],[12.576,51.3802],[12.6011,51.3849],[12.6212,51.3964],[12.6213,51.4062],[12.6479,51.4042],[12.6522,51.4204],[12.6453,51.4311]]]},"properties":{"AGS":"14730140","GEN":"Jesewitz","SN_L":"14"}},
{"type":"Feature","geometry":{"type":"Polygon","coordinates":[[[12.5788,51.5762],[12.5616,51.5719],[12.5609,51.5636],[12.524,51.5435],[12.5196,51.5434],[12.5144,51.5427],[12.4997,51.5357],[12.5024,51.5192],[12.5174,51.5171],[12.5059,51.5008],[12.513,51.4846],[12.5108,51.4755],[12.5465,51.476],[12.5948,51.4706],[12.5979,51.4824],[12.6137,51.4879],[12.6261,51.4988],[12.6223,51.5082],[12.6176,51.5301],[12.6266,51.5346],[12.6152,51.5539],[12.6048,51.5476],[12.5814,51.5689],[12.5788,51.5762]]]},"properties":{"AGS":"14730360","GEN":"Zschepplin","SN_L":"14"}}
]}