{"type":"FeatureCollection", "features": [
{"type":"Feature","geometry":{"type":"Polygon","coordinates":[[[11.0664,51.0794],[11.042,51.08],[11.0397,51.0652],[11.0263,51.0674],[11.016,51.0594],[10.9922,51.0589],[10.9906,51.0684],[10.976,51.0649],[10.9867,51.0433],[10.9545,51.0373],[10.9364,51.0305],[10.9251,51.0147],[10.9133,51.015],[10.9002,51.0246],[10.863,51.0265],[10.8553,51.0258],[10.8608,51.0063],[10.8837,51.0007],[10.892,50.9901],[10.8636,50.9774],[10.8654,50.9647],[10.8939,50.9605],[10.9005,50.9415],[10.9174,50.9407],[10.9385,50.9469],[10.9595,50.9342],[10.9632,50.9203],[10.9318,50.9096],[10.9362,50.8949],[10.9477,50.891],[10.978,50.898],[10.9801,50.9042],[11.0021,50.9079],[11.0144,50.9047],[11.1103,50.9131],[11.106,50.9267],[11.1373,50.9298],[11.1536,50.9248],[11.1467,50.9397],[11.1358,50.949],[11.1361,50.9735],[11.1679,50.982],[11.1753,50.9888],[11.1665,51.0028],[11.1705,51.0185],[11.146,51.0175],[11.1266,51.0144],[11.1083,51.033],[11.1013,51.0343],[11.0915,51.0653],[11.0664,51.0794]]]},"properties":{"AGS":"16051000","GEN":"Erfurt","SN_L":"16"}},
{"type":"Feature","geometry":{"type":"Polygon","coordinates":[[[12.1635,50.9586],[12.1584,50.9631],[12.135,50.965],[12.1054,50.9737],[12.0763,50.9747],[12.0554,50.9686],[12.0375,50.9729],[12.021,50.9691],[12.0172,50.9682],[12.0212,50.948],[12.0405,50.9402],[12.0407,50.9302],[12.018,50.9135],[12.0259,50.908],[12.0274,50.9012],[12.0132,50.8947],[11.9986,50.8723],[12.0153,50.8622],[11.9985,50.8498],[12.0121,50.8417],[12.0193,50.8258],[12.0445,50.8187],[12.0694,50.8213],[12.0844,50.8255],[12.1123,50.8157],[12.1268,50.7991],[12.1464,50.8048],[12.1493,50.8126],[12.1349,50.8206],[12.1372,50.8384],[12.1257,50.849],[12.1351,50.8595],[12.1523,50.8688],[12.1555,50.8767],[12.1499,50.8898],[12.136,50.9114],[12.1325,50.9325],[12.1573,50.9319],[12.1695,50.9353],[12.1653,50.9526],[12.1635,50.9586]]]},"properties":{"AGS":"16052000","GEN":"Gera","SN_L":"16"}},
{"type":"Feature","geometry":{"type":"Polygon","coordinates":[[[11.6177,50.9766],[11.6059,50.9719],[11.5878,50.9726],[11.5664,50.9659],[11.5473,50.9891],[11.5287,50.9825],[11.5216,50.9703],[11.5031,50.9652],[11.502,50.9447],[11.5199,50.9476],[11.5235,50.9402],[11.5034,50.9328],[11.5053,50.9212],[11.5048,50.9062],[11.5407,50.9013],[11.5585,50.8904],[11.5636,50.8767],[11.5492,50.8686],[11.5296,50.8697],[11.5266,50.8634],[11.5596,50.857],[11.6049,50.8613],[11.6131,50.8641],[11.6088,50.8755],[11.6282,50.8774],[11.6552,50.8796],[11.6619,50.8843],[11.6461,50.8974],[11.6674,50.916],[11.6669,50.9382],[11.6723,50.9489],[11.6471,50.9693],[11.6427,50.9648],[11.6177,50.9766]]]},"properties":{"AGS":"16053000","GEN":"Jena","SN_L":"16"}},
{"type":"Feature","geometry":{"type":"Polygon","coordinates":[[[10.8098,50.6757],[10.778,50.6854],[10.7526,50.687],[10.7457,50.6682],[10.7342,50.6655],[10.7129,50.6666],[10.7,50.6614],[10.6942,50.652],[10.6968,50.6397],[10.6856,50.6248],[10.6453,50.6471],[10.6271,50.64],[10.6277,50.6312],[10.5995,50.6233],[10.5899,50.6107],[10.5656,50.6156],[10.5522,50.6117],[10.5528,50.6079],[10.5676,50.5904],[10.5825,50.5854],[10.6066,50.5874],[10.6153,50.5806],[10.6301,50.5801],[10.655,50.5705],[10.6518,50.5635],[10.6586,50.5614],[10.6715,50.5628],[10.6888,50.575],[10.7086,50.5761],[10.7159,50.5881],[10.7461,50.6131],[10.7646,50.6137],[10.7705,50.596],[10.798,50.5802],[10.8273,50.5805],[10.8265,50.5909],[10.8436,50.6054],[10.8389,50.6155],[10.8251,50.6272],[10.8356,50.6391],[10.8196,50.6606],[10.8169,50.6613],[10.8156,50.6693],[10.8098,50.6757]]]},"properties":{"AGS":"16054000","GEN":"Suhl","SN_L":"16"}},
{"type":"Feature","geometry":{"type":"Polygon","coordinates":[[[11.2569,51.0322],[11.2366,51.0217],[11.2462,51.0076],[11.2675,51.0037],[11.2621,50.991],[11.2704,50.9638],[11.2838,50.9438],[11.2615,50.9376],[11.2928,50.9179],[11.3154,50.9197],[11.3289,50.9303],[11.3399,50.9428],[11.3536,50.9357],[11.3815,50.9462],[11.402,50.9641],[11.3884,50.9671],[11.3962,50.9839],[11.3929,50.9896],[11.3565,50.9974],[11.3475,51.0081],[11.3733,51.0201],[11.3329,51.0196],[11.3151,51.0264],[11.3,51.0218],[11.2945,51.0306],[11.2754,51.0258],[11.2569,51.0322]]]},"properties":{"AGS":"16055000","GEN":"Weimar","SN_L":"16"}},
{"type":"Feature","geometry":{"type":"Polygon","coordinates":[[[10.1676,51.4444],[10.1422,51.4446],[10.1169,51.4302],[10.0908,51.4357],[10.0791,51.4337],[10.0752,51.4195],[10.0713,51.4131],[10.0687,51.3994],[10.0751,51.389],[10.0769,51.3707],[10.0922,51.3658],[10.1074,51.3547],[10.1245,51.3314],[10.1278,51.32],[10.1079,51.3143],[10.1119,51.3031],[10.1447,51.2986],[10.1494,51.2851],[10.1677,51.3],[10.18,51.2959],[10.2001,51.2995],[10.2083,51.3026],[10.2175,51.3066],[10.2155,51.3114],[10.183,51.3257],[10.1753,51.3249],[10.1732,51.3642],[10.1915,51.3732],[10.1777,51.3791],[10.1631,51.4007],[10.1814,51.4115],[10.1735,51.4385],[10.1676,51.4444]]]},"properties":{"AGS":"16061045","GEN":"Heilbad Heiligenstadt","SN_L":"16"}},
{"type":"Feature","geometry":{"type":"Polygon","coordinates":[[[10.5232,51.3697],[10.5075,51.3798],[10.504,51.3912],[10.493,51.393],[10.4786,51.3878],[10.4425,51.3886],[10.4232,51.3803],[10.3967,51.3813],[10.386,51.3854],[10.3732,51.3858],[10.3555,51.3658],[10.3358,51.3564],[10.344,51.3399],[10.3716,51.3338],[10.4026,51.344],[10.462,51.3413],[10.4836,51.3433],[10.5129,51.357],[10.5232,51.3697]]]},"properties":{"AGS":"16061074","GEN":"Niederorschel","SN_L":"16"}},
{"type":"Feature","geometry":{"type":"Polygon","coordinates":[[[10.376,51.4854],[10.3545,51.488],[10.3529,51.4761],[10.3261,51.474],[10.3181,51.4601],[10.3217,51.4526],[10.3047,51.4424],[10.2867,51.4448],[10.2642,51.4417],[10.2641,51.4283],[10.2623,51.4256],[10.2557,51.4092],[10.2794,51.3998],[10.2758,51.3873],[10.2577,51.387],[10.2503,51.3735],[10.2218,51.3792],[10.2284,51.3733],[10.2308,51.3698],[10.264,51.3575],[10.2694,51.3522],[10.2978,51.3419],[10.316,51.3443],[10.344,51.3399],[10.3358,51.3564],[10.3555,51.3658],[10.3732,51.3858],[10.386,51.3854],[10.3692,51.3953],[10.3863,51.4182],[10.4118,51.4186],[10.4042,51.4375],[10.4205,51.4461],[10.4127,51.4651],[10.4198,51.4768],[10.4079,51.4809],[10.4054,51.4813],[10.376,51.4854]]]},"properties":{"AGS":"16061115","GEN":"Leinefelde-Worbis","SN_L":"16"}},
{"type":"Feature","geometry":{"type":"Polygon","coordinates":[[[10.5155,51.494],[10.4947,51.4931],[10.4801,51.4991],[10.4637,51.5141],[10.4463,51.5156],[10.4167,51.5044],[10.4197,51.4869],[10.4054,51.4813],[10.4079,51.4809],[10.4264,51.486],[10.4327,51.479],[10.4261,51.4622],[10.4716,51.4611],[10.4897,51.4529],[10.5001,51.4552],[10.5063,51.4621],[10.5082,51.4792],[10.5216,51.491],[10.5198,51.493],[10.5155,51.494]]]},"properties":{"AGS":"16061116","GEN":"Am Ohmberg","SN_L":"16"}},
{"type":"Feature","geometry":{"type":"Polygon","coordinates":[[[10.4886,51.5748],[10.467,51.5834],[10.4258,51.5921],[10.4063,51.5865],[10.3773,51.5887],[10.3786,51.5627],[10.3654,51.5559],[10.3668,51.5422],[10.3524,51.5351],[10.3423,51.5195],[10.3578,51.5079],[10.3702,51.5046],[10.3833,51.4936],[10.376,51.4854],[10.4054,51.4813],[10.4197,51.4869],[10.4167,51.5044],[10.4463,51.5156],[10.4637,51.5141],[10.4801,51.4991],[10.4947,51.4931],[10.5155,51.494],[10.5268,51.5064],[10.5291,51.5188],[10.5122,51.5254],[10.5148,51.5389],[10.4829,51.5461],[10.4886,51.5748]]]},"properties":{"AGS":"16061117","GEN":"Sonnenstein","SN_L":"16"}},
{"type":"Feature","geometry":{"type":"Polygon","coordinates":[[[10.344,51.3399],[10.316,51.3443],[10.2978,51.3419],[10.2694,51.3522],[10.264,51.3575],[10.2308,51.3698],[10.2248,51.3618],[10.2345,51.3439],[10.2483,51.3317],[10.2287,51.3117],[10.2401,51.3045],[10.2556,51.3039],[10.2736,51.2952],[10.3001,51.2934],[10.311,51.2858],[10.3037,51.2661],[10.3199,51.2599],[10.318,51.2513],[10.2894,51.2382],[10.2677,51.227],[10.2517,51.2306],[10.2486,51.2229],[10.2685,51.2201],[10.2906,51.205],[10.3029,51.201],[10.3131,51.2032],[10.3177,51.22],[10.3166,51.2311],[10.3555,51.2507],[10.3743,51.248],[10.3728,51.2627],[10.3565,51.2678],[10.3631,51.2809],[10.3955,51.2909],[10.3994,51.2954],[10.4385,51.3133],[10.474,51.315],[10.4763,51.3234],[10.4626,51.3306],[10.462,51.3413],[10.4026,51.344],[10.3716,51.3338],[10.344,51.3399]]]},"properties":{"AGS":"16061118","GEN":"Dingelstädt","SN_L":"16"}},
{"type":"Feature","geometry":{"type":"Polygon","coordinates":[[[10.2642,51.4417],[10.2574,51.4627],[10.2348,51.4685],[10.2127,51.4557],[10.2117,51.4371],[10.2237,51.4359],[10.2484,51.427],[10.2641,51.4283],[10.2642,51.4417]]]},"properties":{"AGS":"16061003","GEN":"Berlingerode","SN_L":"16"}},
{"type":"Feature","geometry":{"type":"Polygon","coordinates":[[[10.376,51.4854],[10.3833,51.4936],[10.3702,51.5046],[10.3578,51.5079],[10.3412,51.5036],[10.3364,51.4915],[10.3545,51.488],[10.376,51.4854]]]},"properties":{"AGS":"16061015","GEN":"Brehme","SN_L":"16"}},
{"type":"Feature","geometry":{"type":"Polygon","coordinates":[[[10.3578,51.5079],[10.3423,51.5195],[10.3088,51.5151],[10.3009,51.497],[10.3079,51.4926],[10.3364,51.4915],[10.3412,51.5036],[10.3578,51.5079]]]},"properties":{"AGS":"16061026","GEN":"Ecklingerode","SN_L":"16"}},
{"type":"Feature","geometry":{"type":"Polygon","coordinates":[[[10.2931,51.464],[10.2867,51.4448],[10.3047,51.4424],[10.3217,51.4526],[10.3169,51.4591],[10.2931,51.464]]]},"properties":{"AGS":"16061031","GEN":"Ferna","SN_L":"16"}},
{"type":"Feature","geometry":{"type":"Polygon","coordinates":[[[10.3261,51.474],[10.3003,51.4767],[10.2931,51.464],[10.3169,51.4591],[10.3217,51.4526],[10.3181,51.4601],[10.3261,51.474]]]},"properties":{"AGS":"16061094","GEN":"Tastungen","SN_L":"16"}},
{"type":"Feature","geometry":{"type":"Polygon","coordinates":[[[10.3364,51.4915],[10.3079,51.4926],[10.3009,51.497],[10.2728,51.4882],[10.2808,51.4802],[10.3003,51.4767],[10.3261,51.474],[10.3529,51.4761],[10.3545,51.488],[10.3364,51.4915]]]},"properties":{"AGS":"16061103","GEN":"Wehnde","SN_L":"16"}},
{"type":"Feature","geometry":{"type":"MultiPolygon","coordinates":[[[[10.2623,51.4256],[10.2641,51.4283],[10.2484,51.427],[10.2623,51.4256]]],[[[10.3003,51.4767],[10.2808,51.4802],[10.2728,51.4882],[10.2447,51.4837],[10.2332,51.4708],[10.2057,51.4872],[10.1902,51.4807],[10.1791,51.4672],[10.1858,51.4651],[10.1743,51.4463],[10.1676,51.4444],[10.1735,51.4385],[10.1968,51.442],[10.2117,51.4371],[10.2127,51.4557],[10.2348,51.4685],[10.2574,51.4627],[10.2642,51.4417],[10.2867,51.4448],[10.2931,51.464],[10.3003,51.4767]]]]},"properties":{"AGS":"16061114","GEN":"Teistungen","SN_L":"16"}},
{"type":"Feature","geometry":{"type":"Polygon","coordinates":[[[10.4704,51.4292],[10.4488,51.4307],[10.4205,51.4461],[10.4042,51.4375],[10.4118,51.4186],[10.4187,51.401],[10.4425,51.3886],[10.4786,51.3878],[10.493,51.393],[10.495,51.4113],[10.4806,51.4141],[10.4784,51.4144],[10.4736,51.4176],[10.4704,51.4292]]]},"properties":{"AGS":"16061017","GEN":"Breitenworbis","SN_L":"16"}},
{"type":"Feature","geometry":{"type":"Polygon","coordinates":[[[10.5001,51.4552],[10.4897,51.4529],[10.4754,51.4489],[10.4704,51.4292],[10.4736,51.4176],[10.4784,51.4144],[10.4806,51.4141],[10.5,51.4302],[10.519,51.4366],[10.5085,51.4525],[10.5001,51.4552]]]},"properties":{"AGS":"16061019","GEN":"Buhla","SN_L":"16"}},
{"type":"Feature","geometry":{"type":"Polygon","coordinates":[[[10.4187,51.401],[10.3692,51.3953],[10.386,51.3854],[10.3967,51.3813],[10.4232,51.3803],[10.4425,51.3886],[10.4187,51.401]]]},"properties":{"AGS":"16061037","GEN":"Gernrode","SN_L":"16"}},
{"type":"Feature","geometry":{"type":"Polygon","coordinates":[[[10.4897,51.4529],[10.4716,51.4611],[10.4261,51.4622],[10.4327,51.479],[10.4264,51.486],[10.4079,51.4809],[10.4198,51.4768],[10.4127,51.4651],[10.4205,51.4461],[10.4488,51.4307],[10.4704,51.4292],[10.4754,51.4489],[10.4897,51.4529]]]},"properties":{"AGS":"16061044","GEN":"Haynrode","SN_L":"16"}},
{"type":"Feature","geometry":{"type":"Polygon","coordinates":[[[10.4118,51.4186],[10.3863,51.4182],[10.3692,51.3953],[10.4187,51.401],[10.4118,51.4186]]]},"properties":{"AGS":"16061058","GEN":"Kirchworbis","SN_L":"16"}},
{"type":"Feature","geometry":{"type":"Polygon","coordinates":[[[9.9825,51.38],[9.9596,51.3795],[9.9685,51.3561],[9.9745,51.3525],[9.9927,51.3481],[9.9872,51.3553],[9.99,51.3726],[9.9825,51.38]]]},"properties":{"AGS":"16061001","GEN":"Arenshausen","SN_L":"16"}},
{"type":"Feature","geometry":{"type":"Polygon","coordinates":[[[9.9685,51.3561],[9.9486,51.3517],[9.9259,51.3593],[9.9255,51.3538],[9.9299,51.34],[9.9476,51.3264],[9.9618,51.3237],[9.9562,51.3363],[9.9745,51.3525],[9.9685,51.3561]]]},"properties":{"AGS":"16061014","GEN":"Bornhagen","SN_L":"16"}},
{"type":"Feature","geometry":{"type":"Polygon","coordinates":[[[10.0751,51.389],[10.0687,51.3994],[10.0371,51.396],[10.0305,51.389],[10.0202,51.3777],[10.0346,51.3727],[10.0429,51.3822],[10.0626,51.391],[10.0751,51.389]]]},"properties":{"AGS":"16061021","GEN":"Burgwalde","SN_L":"16"}},
{"type":"Feature","geometry":{"type":"Polygon","coordinates":[[[10.0752,51.4195],[10.0644,51.4202],[10.0583,51.4353],[10.0418,51.4233],[10.041,51.408],[10.0713,51.4131],[10.0752,51.4195]]]},"properties":{"AGS":"16061032","GEN":"Freienhagen","SN_L":"16"}},
{"type":"Feature","geometry":{"type":"Polygon","coordinates":[[[10.0338,51.3253],[10.0116,51.3316],[10.0045,51.3318],[9.9787,51.3182],[10.0059,51.3089],[10.0207,51.3093],[10.0338,51.3253]]]},"properties":{"AGS":"16061033","GEN":"Fretterode","SN_L":"16"}},
{"type":"Feature","geometry":{"type":"Polygon","coordinates":[[[9.9927,51.3481],[9.9745,51.3525],[9.9562,51.3363],[9.9618,51.3237],[9.9685,51.3222],[9.9787,51.3182],[10.0045,51.3318],[10.0116,51.3316],[10.0065,51.3339],[10.0108,51.3368],[9.9927,51.3481]]]},"properties":{"AGS":"16061036","GEN":"Gerbershausen","SN_L":"16"}},
{"type":"Feature","geometry":{"type":"Polygon","coordinates":[[[9.9596,51.3795],[9.9476,51.3821],[9.9283,51.3753],[9.9259,51.3593],[9.9486,51.3517],[9.9685,51.3561],[9.9596,51.3795]]]},"properties":{"AGS":"16061048","GEN":"Hohengandern","SN_L":"16"}},
{"type":"Feature","geometry":{"type":"Polygon","coordinates":[[[9.9825,51.38],[9.9843,51.3861],[9.9874,51.3979],[9.9659,51.3955],[9.9476,51.3821],[9.9596,51.3795],[9.9825,51.38]]]},"properties":{"AGS":"16061057","GEN":"Kirchgandern","SN_L":"16"}},
{"type":"Feature","geometry":{"type":"Polygon","coordinates":[[[9.9618,51.3237],[9.9476,51.3264],[9.9469,51.3208],[9.9393,51.308],[9.9597,51.3049],[9.9745,51.3129],[9.9685,51.3222],[9.9618,51.3237]]]},"properties":{"AGS":"16061066","GEN":"Lindewerra","SN_L":"16"}},
{"type":"Feature","geometry":{"type":"Polygon","coordinates":[[[10.0305,51.389],[9.9843,51.3861],[9.9825,51.38],[9.99,51.3726],[10.003,51.3702],[10.021,51.3763],[10.0346,51.3727],[10.0202,51.3777],[10.0305,51.389]]]},"properties":{"AGS":"16061069","GEN":"Marth","SN_L":"16"}},
{"type":"Feature","geometry":{"type":"Polygon","coordinates":[[[10.041,51.408],[10.0418,51.4233],[10.009,51.4196],[10.0066,51.4093],[10.0285,51.4052],[10.041,51.408]]]},"properties":{"AGS":"16061078","GEN":"Rohrberg","SN_L":"16"}},
{"type":"Feature","geometry":{"type":"Polygon","coordinates":[[[10.0285,51.4052],[10.0066,51.4093],[9.9874,51.3979],[9.9843,51.3861],[10.0305,51.389],[10.0371,51.396],[10.0285,51.4052]]]},"properties":{"AGS":"16061082","GEN":"Rustenfelde","SN_L":"16"}},
{"type":"Feature","geometry":{"type":"Polygon","coordinates":[[[10.0713,51.4131],[10.041,51.408],[10.0285,51.4052],[10.0371,51.396],[10.0687,51.3994],[10.0713,51.4131]]]},"properties":{"AGS":"16061083","GEN":"Schachtebich","SN_L":"16"}},
{"type":"Feature","geometry":{"type":"Polygon","coordinates":[[[9.9787,51.3182],[9.9685,51.3222],[9.9745,51.3129],[9.9597,51.3049],[9.9806,51.2841],[9.987,51.2943],[10.0043,51.291],[9.9989,51.2984],[10.0207,51.3093],[10.0059,51.3089],[9.9787,51.3182]]]},"properties":{"AGS":"16061102","GEN":"Wahlhausen","SN_L":"16"}},
{"type":"Feature","geometry":{"type":"Polygon","coordinates":[[[10.1814,51.4115],[10.1631,51.4007],[10.1777,51.3791],[10.1915,51.3732],[10.2057,51.3786],[10.2284,51.3733],[10.2218,51.3792],[10.2238,51.393],[10.2394,51.4073],[10.2189,51.4073],[10.2017,51.406],[10.1814,51.4115]]]},"properties":{"AGS":"16061012","GEN":"Bodenrode-Westhausen","SN_L":"16"}},
{"type":"Feature","geometry":{"type":"Polygon","coordinates":[[[10.2308,51.3698],[10.2284,51.3733],[10.2057,51.3786],[10.1915,51.3732],[10.1732,51.3642],[10.1753,51.3249],[10.183,51.3257],[10.202,51.3396],[10.2345,51.3439],[10.2248,51.3618],[10.2308,51.3698]]]},"properties":{"AGS":"16061034","GEN":"Geisleden","SN_L":"16"}},
{"type":"Feature","geometry":{"type":"Polygon","coordinates":[[[10.2287,51.3117],[10.2483,51.3317],[10.2345,51.3439],[10.202,51.3396],[10.183,51.3257],[10.2155,51.3114],[10.2287,51.3117]]]},"properties":{"AGS":"16061047","GEN":"Heuthen","SN_L":"16"}},
{"type":"Feature","geometry":{"type":"Polygon","coordinates":[[[10.2117,51.4371],[10.1968,51.442],[10.1735,51.4385],[10.1814,51.4115],[10.2017,51.406],[10.2189,51.4073],[10.1997,51.4183],[10.2232,51.428],[10.2237,51.4359],[10.2117,51.4371]]]},"properties":{"AGS":"16061076","GEN":"Reinholterode","SN_L":"16"}},
{"type":"Feature","geometry":{"type":"Polygon","coordinates":[[[10.2623,51.4256],[10.2484,51.427],[10.2237,51.4359],[10.2232,51.428],[10.1997,51.4183],[10.2189,51.4073],[10.2394,51.4073],[10.2557,51.4092],[10.2623,51.4256]]]},"properties":{"AGS":"16061089","GEN":"Steinbach","SN_L":"16"}},
{"type":"Feature","geometry":{"type":"Polygon","coordinates":[[[10.2218,51.3792],[10.2503,51.3735],[10.2577,51.387],[10.2758,51.3873],[10.2794,51.3998],[10.2557,51.4092],[10.2394,51.4073],[10.2238,51.393],[10.2218,51.3792]]]},"properties":{"AGS":"16061107","GEN":"Wingerode","SN_L":"16"}},
{"type":"Feature","geometry":{"type":"Polygon","coordinates":[[[10.3037,51.2661],[10.2856,51.2645],[10.2705,51.2564],[10.267,51.2484],[10.2894,51.2382],[10.318,51.2513],[10.3199,51.2599],[10.3037,51.2661]]]},"properties":{"AGS":"16061018","GEN":"Büttstedt","SN_L":"16"}},
{"type":"Feature","geometry":{"type":"Polygon","coordinates":[[[10.2705,51.2564],[10.249,51.2606],[10.2357,51.2541],[10.2158,51.2305],[10.2352,51.2274],[10.2517,51.2306],[10.2677,51.227],[10.2894,51.2382],[10.267,51.2484],[10.2705,51.2564]]]},"properties":{"AGS":"16061027","GEN":"Effelder","SN_L":"16"}},
{"type":"Feature","geometry":{"type":"Polygon","coordinates":[[[10.2032,51.2836],[10.1919,51.2867],[10.178,51.2625],[10.1943,51.2505],[10.1977,51.2326],[10.1989,51.227],[10.2158,51.2305],[10.2357,51.2541],[10.2134,51.2689],[10.2032,51.2836]]]},"properties":{"AGS":"16061041","GEN":"Großbartloff","SN_L":"16"}},
{"type":"Feature","geometry":{"type":"Polygon","coordinates":[[[10.3037,51.2661],[10.311,51.2858],[10.3001,51.2934],[10.2736,51.2952],[10.247,51.2784],[10.2533,51.2706],[10.249,51.2606],[10.2705,51.2564],[10.2856,51.2645],[10.3037,51.2661]]]},"properties":{"AGS":"16061063","GEN":"Küllstedt","SN_L":"16"}},
{"type":"Feature","geometry":{"type":"Polygon","coordinates":[[[10.2287,51.3117],[10.2155,51.3114],[10.2175,51.3066],[10.2083,51.3026],[10.2001,51.2995],[10.2032,51.2836],[10.2134,51.2689],[10.2357,51.2541],[10.249,51.2606],[10.2533,51.2706],[10.247,51.2784],[10.2736,51.2952],[10.2556,51.3039],[10.2401,51.3045],[10.2287,51.3117]]]},"properties":{"AGS":"16061101","GEN":"Wachstedt","SN_L":"16"}},
{"type":"Feature","geometry":{"type":"Polygon","coordinates":[[[10.1079,51.3143],[10.0998,51.3135],[10.0862,51.2995],[10.1018,51.2922],[10.1123,51.2994],[10.1119,51.3031],[10.1079,51.3143]]]},"properties":{"AGS":"16061023","GEN":"Dieterode","SN_L":"16"}},
{"type":"Feature","geometry":{"type":"Polygon","coordinates":[[[10.135,51.2446],[10.1286,51.2409],[10.1028,51.235],[10.0984,51.2222],[10.1084,51.2221],[10.1092,51.2254],[10.1195,51.2287],[10.1119,51.2212],[10.1219,51.2169],[10.1419,51.2187],[10.1498,51.2062],[10.1641,51.212],[10.1775,51.2096],[10.2069,51.1906],[10.1968,51.2068],[10.1989,51.227],[10.1977,51.2326],[10.1524,51.2464],[10.135,51.2446]]]},"properties":{"AGS":"16061035","GEN":"Geismar","SN_L":"16"}},
{"type":"Feature","geometry":{"type":"Polygon","coordinates":[[[10.1028,51.235],[10.0952,51.2426],[10.079,51.2428],[10.0671,51.2278],[10.0913,51.2262],[10.0963,51.2206],[10.105,51.2219],[10.1111,51.2195],[10.1132,51.2152],[10.1219,51.2169],[10.1119,51.2212],[10.1195,51.2287],[10.1092,51.2254],[10.1084,51.2221],[10.0984,51.2222],[10.1028,51.235]]]},"properties":{"AGS":"16061056","GEN":"Kella","SN_L":"16"}},
{"type":"Feature","geometry":{"type":"Polygon","coordinates":[[[10.1494,51.2851],[10.1447,51.2986],[10.1119,51.3031],[10.1123,51.2994],[10.12,51.2899],[10.1381,51.28],[10.1494,51.2851]]]},"properties":{"AGS":"16061062","GEN":"Krombach","SN_L":"16"}},
{"type":"Feature","geometry":{"type":"Polygon","coordinates":[[[10.1034,51.2571],[10.0703,51.2439],[10.079,51.2428],[10.0952,51.2426],[10.1028,51.235],[10.1286,51.2409],[10.1085,51.2431],[10.1137,51.2551],[10.1034,51.2571]]]},"properties":{"AGS":"16061075","GEN":"Pfaffschwende","SN_L":"16"}},
{"type":"Feature","geometry":{"type":"Polygon","coordinates":[[[10.1018,51.2922],[10.0862,51.2995],[10.067,51.2878],[10.0696,51.2845],[10.1018,51.2821],[10.1018,51.2922]]]},"properties":{"AGS":"16061085","GEN":"Schwobfeld","SN_L":"16"}},
{"type":"Feature","geometry":{"type":"Polygon","coordinates":[[[10.1317,51.2458],[10.121,51.2566],[10.1175,51.2558],[10.1167,51.2557],[10.1137,51.2551],[10.1085,51.2431],[10.1286,51.2409],[10.135,51.2446],[10.1317,51.2458]]]},"properties":{"AGS":"16061086","GEN":"Sickerode","SN_L":"16"}},
{"type":"Feature","geometry":{"type":"Polygon","coordinates":[[[10.1175,51.2558],[10.0774,51.2691],[10.0588,51.2702],[10.0466,51.2645],[10.047,51.2534],[10.0633,51.2521],[10.0703,51.2439],[10.1034,51.2571],[10.1167,51.2557],[10.1175,51.2558]]]},"properties":{"AGS":"16061098","GEN":"Volkerode","SN_L":"16"}},
{"type":"Feature","geometry":{"type":"Polygon","coordinates":[[[10.0696,51.2845],[10.0573,51.2774],[10.0588,51.2702],[10.0774,51.2691],[10.1175,51.2558],[10.121,51.2566],[10.1206,51.2689],[10.1018,51.2821],[10.0696,51.2845]]]},"properties":{"AGS":"16061105","GEN":"Wiesenfeld","SN_L":"16"}},
{"type":"Feature","geometry":{"type":"MultiPolygon","coordinates":[[[[10.1167,51.2557],[10.1034,51.2571],[10.1137,51.2551],[10.1167,51.2557]]],[[[10.2032,51.2836],[10.2001,51.2995],[10.18,51.2959],[10.1677,51.3],[10.1494,51.2851],[10.1381,51.28],[10.12,51.2899],[10.1123,51.2994],[10.1018,51.2922],[10.1018,51.2821],[10.1206,51.2689],[10.121,51.2566],[10.1317,51.2458],[10.135,51.2446],[10.1524,51.2464],[10.1977,51.2326],[10.1943,51.2505],[10.178,51.2625],[10.1919,51.2867],[10.2032,51.2836]]]]},"properties":{"AGS":"16061113","GEN":"Schimberg","SN_L":"16"}},
{"type":"Feature","geometry":{"type":"Polygon","coordinates":[[[10.067,51.2878],[10.0475,51.3076],[10.0288,51.3012],[10.0251,51.2933],[10.0043,51.291],[9.987,51.2943],[9.9806,51.2841],[10.0043,51.287],[10.0573,51.2774],[10.0696,51.2845],[10.067,51.2878]]]},"properties":{"AGS":"16061002","GEN":"Asbach-Sickenberg","SN_L":"16"}},
{"type":"Feature","geometry":{"type":"Polygon","coordinates":[[[10.0207,51.3093],[9.9989,51.2984],[10.0043,51.291],[10.0251,51.2933],[10.0288,51.3012],[10.0475,51.3076],[10.045,51.3189],[10.0338,51.3253],[10.0207,51.3093]]]},"properties":{"AGS":"16061024","GEN":"Dietzenrode/Vatterode","SN_L":"16"}},
{"type":"Feature","geometry":{"type":"Polygon","coordinates":[[[10.0751,51.389],[10.0626,51.391],[10.0429,51.3822],[10.0346,51.3727],[10.021,51.3763],[10.003,51.3702],[9.99,51.3726],[9.9872,51.3553],[9.9927,51.3481],[10.0108,51.3368],[10.0065,51.3339],[10.0116,51.3316],[10.0338,51.3253],[10.045,51.3189],[10.0475,51.3076],[10.067,51.2878],[10.0862,51.2995],[10.0998,51.3135],[10.1079,51.3143],[10.1278,51.32],[10.1245,51.3314],[10.1074,51.3547],[10.0922,51.3658],[10.0769,51.3707],[10.0751,51.389]]]},"properties":{"AGS":"16061119","GEN":"Uder","SN_L":"16"}},
{"type":"Feature","geometry":{"type":"Polygon","coordinates":[[[10.7561,51.6417],[10.7371,51.6451],[10.7014,51.6422],[10.6773,51.6384],[10.6729,51.6295],[10.6392,51.6211],[10.6431,51.612],[10.6328,51.6022],[10.6387,51.5841],[10.6663,51.5781],[10.6544,51.5591],[10.6624,51.5426],[10.6704,51.5485],[10.6922,51.5503],[10.7062,51.5462],[10.734,51.543],[10.7389,51.5476],[10.7437,51.5574],[10.7366,51.5669],[10.7435,51.581],[10.7405,51.5955],[10.7276,51.5982],[10.7368,51.6136],[10.778,51.6079],[10.7695,51.6275],[10.7561,51.6417]]]},"properties":{"AGS":"16062005","GEN":"Ellrich","SN_L":"16"}},
{"type":"Feature","geometry":{"type":"Polygon","coordinates":[[[10.9397,51.5007],[10.9329,51.5215],[10.9399,51.5413],[10.9045,51.5496],[10.8967,51.554],[10.9042,51.5355],[10.8712,51.5352],[10.8661,51.5456],[10.8463,51.5438],[10.8274,51.5467],[10.8056,51.5439],[10.7711,51.5346],[10.7614,51.5451],[10.7389,51.5476],[10.734,51.543],[10.7062,51.5462],[10.6954,51.5376],[10.6786,51.5359],[10.693,51.5129],[10.7177,51.521],[10.7322,51.5104],[10.7265,51.4997],[10.7141,51.4959],[10.7154,51.4868],[10.7479,51.4913],[10.7785,51.4793],[10.7776,51.4574],[10.7702,51.4492],[10.7921,51.4432],[10.7977,51.4596],[10.8239,51.4566],[10.8313,51.4694],[10.8411,51.473],[10.8622,51.4677],[10.8718,51.4821],[10.8881,51.5022],[10.8782,51.5146],[10.8789,51.5268],[10.8923,51.5266],[10.9057,51.5118],[10.9212,51.5096],[10.927,51.4966],[10.9397,51.5007]]]},"properties":{"AGS":"16062041","GEN":"Nordhausen","SN_L":"16"}},
{"type":"Feature","geometry":{"type":"Polygon","coordinates":[[[10.5559,51.398],[10.561,51.412],[10.5555,51.4232],[10.519,51.4366],[10.5,51.4302],[10.4806,51.4141],[10.495,51.4113],[10.493,51.393],[10.504,51.3912],[10.5075,51.3798],[10.5232,51.3697],[10.5485,51.3777],[10.5559,51.398]]]},"properties":{"AGS":"16062049","GEN":"Sollstedt","SN_L":"16"}},
{"type":"Feature","geometry":{"type":"Polygon","coordinates":[[[10.6544,51.5591],[10.6365,51.5622],[10.628,51.5721],[10.612,51.5792],[10.5929,51.5734],[10.5844,51.5659],[10.5603,51.5571],[10.5341,51.5594],[10.519,51.5538],[10.5061,51.5635],[10.4886,51.5748],[10.4829,51.5461],[10.5148,51.5389],[10.5122,51.5254],[10.5291,51.5188],[10.5268,51.5064],[10.5155,51.494],[10.5198,51.493],[10.544,51.4875],[10.5639,51.4963],[10.5736,51.5099],[10.5979,51.5217],[10.6007,51.5346],[10.6496,51.5269],[10.6653,51.5343],[10.6624,51.5426],[10.6544,51.5591]]]},"properties":{"AGS":"16062062","GEN":"Hohenstein","SN_L":"16"}},
{"type":"Feature","geometry":{"type":"Polygon","coordinates":[[[10.7062,51.5462],[10.6922,51.5503],[10.6704,51.5485],[10.6624,51.5426],[10.6653,51.5343],[10.6496,51.5269],[10.6007,51.5346],[10.5979,51.5217],[10.6066,51.5151],[10.6335,51.5111],[10.6204,51.501],[10.6403,51.4924],[10.6409,51.481],[10.6411,51.4776],[10.665,51.479],[10.6708,51.4662],[10.7071,51.4655],[10.7258,51.4585],[10.7376,51.4491],[10.7562,51.4438],[10.7702,51.4492],[10.7776,51.4574],[10.7785,51.4793],[10.7479,51.4913],[10.7154,51.4868],[10.7141,51.4959],[10.7265,51.4997],[10.7322,51.5104],[10.7177,51.521],[10.693,51.5129],[10.6786,51.5359],[10.6954,51.5376],[10.7062,51.5462]]]},"properties":{"AGS":"16062063","GEN":"Werther","SN_L":"16"}},
{"type":"Feature","geometry":{"type":"Polygon","coordinates":[[[10.8959,51.6119],[10.8866,51.6121],[10.8591,51.6328],[10.8404,51.6316],[10.8212,51.6239],[10.8182,51.639],[10.7705,51.6449],[10.7561,51.6417],[10.7695,51.6275],[10.778,51.6079],[10.7368,51.6136],[10.7276,51.5982],[10.7405,51.5955],[10.7435,51.581],[10.7366,51.5669],[10.7437,51.5574],[10.7389,51.5476],[10.7614,51.5451],[10.7711,51.5346],[10.8056,51.5439],[10.8274,51.5467],[10.8463,51.5438],[10.8661,51.5456],[10.8712,51.5352],[10.9042,51.5355],[10.8967,51.554],[10.8939,51.5764],[10.8821,51.5805],[10.8939,51.5986],[10.9033,51.5938],[10.9305,51.5917],[10.9374,51.6016],[10.9141,51.6112],[10.9161,51.6164],[10.8959,51.6119]]]},"properties":{"AGS":"16062065","GEN":"Harztor","SN_L":"16"}},
{"type":"Feature","geometry":{"type":"Polygon","coordinates":[[[10.963,51.4604],[10.9075,51.4718],[10.8976,51.4589],[10.9199,51.4563],[10.9572,51.4422],[10.9687,51.4426],[10.9723,51.4514],[10.963,51.4604]]]},"properties":{"AGS":"16062008","GEN":"Görsbach","SN_L":"16"}},
{"type":"Feature","geometry":{"type":"Polygon","coordinates":[[[10.9397,51.5007],[10.927,51.4966],[10.9212,51.5096],[10.9057,51.5118],[10.8923,51.5266],[10.8789,51.5268],[10.8782,51.5146],[10.8881,51.5022],[10.8718,51.4821],[10.8979,51.475],[10.8881,51.4611],[10.8976,51.4589],[10.9075,51.4718],[10.963,51.4604],[10.9608,51.4712],[10.9729,51.482],[10.9522,51.497],[10.9466,51.499],[10.9397,51.5007]]]},"properties":{"AGS":"16062054","GEN":"Urbach","SN_L":"16"}},
{"type":"Feature","geometry":{"type":"Polygon","coordinates":[[[10.8976,51.4589],[10.8881,51.4611],[10.8979,51.475],[10.8718,51.4821],[10.8622,51.4677],[10.8411,51.473],[10.8313,51.4694],[10.8239,51.4566],[10.7977,51.4596],[10.7921,51.4432],[10.8133,51.4258],[10.8165,51.4182],[10.8368,51.4195],[10.8529,51.4101],[10.8815,51.4069],[10.8845,51.4022],[10.9301,51.4026],[10.9695,51.4186],[10.9781,51.4269],[10.9797,51.4319],[10.9687,51.4426],[10.9572,51.4422],[10.9199,51.4563],[10.8976,51.4589]]]},"properties":{"AGS":"16062064","GEN":"Heringen/Helme","SN_L":"16"}},
{"type":"Feature","geometry":{"type":"Polygon","coordinates":[[[10.6602,51.3933],[10.6619,51.4036],[10.6847,51.4121],[10.6737,51.4306],[10.6487,51.4326],[10.6339,51.4241],[10.6107,51.4089],[10.6169,51.4008],[10.5913,51.3916],[10.5929,51.3843],[10.6181,51.38],[10.6282,51.3824],[10.6256,51.3929],[10.6451,51.3905],[10.6602,51.3933]]]},"properties":{"AGS":"16062009","GEN":"Großlohra","SN_L":"16"}},
{"type":"Feature","geometry":{"type":"Polygon","coordinates":[[[10.6409,51.481],[10.626,51.479],[10.6229,51.4923],[10.5917,51.4866],[10.5698,51.4867],[10.5664,51.4795],[10.575,51.4698],[10.6176,51.4584],[10.6347,51.4683],[10.6411,51.4776],[10.6409,51.481]]]},"properties":{"AGS":"16062024","GEN":"Kehmstedt","SN_L":"16"}},
{"type":"Feature","geometry":{"type":"Polygon","coordinates":[[[10.7921,51.4432],[10.7702,51.4492],[10.7562,51.4438],[10.7442,51.4327],[10.7473,51.4212],[10.7413,51.406],[10.7705,51.3943],[10.7799,51.4069],[10.8165,51.4182],[10.8133,51.4258],[10.7921,51.4432]]]},"properties":{"AGS":"16062026","GEN":"Kleinfurra","SN_L":"16"}},
{"type":"Feature","geometry":{"type":"Polygon","coordinates":[[[10.5664,51.4795],[10.5509,51.4803],[10.544,51.4875],[10.5198,51.493],[10.5216,51.491],[10.5244,51.4801],[10.545,51.4797],[10.5358,51.4615],[10.5346,51.4472],[10.5669,51.4488],[10.575,51.4698],[10.5664,51.4795]]]},"properties":{"AGS":"16062033","GEN":"Lipprechterode","SN_L":"16"}},
{"type":"Feature","geometry":{"type":"Polygon","coordinates":[[[10.6339,51.4241],[10.6233,51.4357],[10.6022,51.4335],[10.5832,51.4258],[10.5959,51.4105],[10.5921,51.4014],[10.572,51.3938],[10.5913,51.3916],[10.6169,51.4008],[10.6107,51.4089],[10.6339,51.4241]]]},"properties":{"AGS":"16062037","GEN":"Niedergebra","SN_L":"16"}},
{"type":"Feature","geometry":{"type":"MultiPolygon","coordinates":[[[[10.6409,51.481],[10.6403,51.4924],[10.6204,51.501],[10.6335,51.5111],[10.6066,51.5151],[10.5979,51.5217],[10.5736,51.5099],[10.5639,51.4963],[10.544,51.4875],[10.5509,51.4803],[10.5664,51.4795],[10.5698,51.4867],[10.5917,51.4866],[10.6229,51.4923],[10.626,51.479],[10.6409,51.481]]],[[[10.575,51.4698],[10.5669,51.4488],[10.5346,51.4472],[10.5358,51.4615],[10.545,51.4797],[10.5244,51.4801],[10.5216,51.491],[10.5082,51.4792],[10.5063,51.4621],[10.5001,51.4552],[10.5085,51.4525],[10.519,51.4366],[10.5555,51.4232],[10.561,51.412],[10.5559,51.398],[10.572,51.3938],[10.5921,51.4014],[10.5959,51.4105],[10.5832,51.4258],[10.6022,51.4335],[10.6233,51.4357],[10.6339,51.4241],[10.6487,51.4326],[10.6737,51.4306],[10.6847,51.4121],[10.6619,51.4036],[10.6602,51.3933],[10.6885,51.3935],[10.7177,51.3998],[10.7294,51.3934],[10.7419,51.3965],[10.7582,51.3892],[10.7705,51.3943],[10.7413,51.406],[10.7473,51.4212],[10.7442,51.4327],[10.7562,51.4438],[10.7376,51.4491],[10.7258,51.4585],[10.7071,51.4655],[10.6708,51.4662],[10.665,51.479],[10.6411,51.4776],[10.6347,51.4683],[10.6176,51.4584],[10.575,51.4698]]]]},"properties":{"AGS":"16062066","GEN":"Bleicherode","SN_L":"16"}},
{"type":"Feature","geometry":{"type":"Polygon","coordinates":[[[10.3306,50.7873],[10.338,50.7953],[10.3236,50.818],[10.3083,50.817],[10.2845,50.8163],[10.2642,50.8068],[10.2608,50.7943],[10.2482,50.7867],[10.2485,50.7721],[10.2627,50.7638],[10.2825,50.7698],[10.287,50.7776],[10.3306,50.7873]]]},"properties":{"AGS":"16063004","GEN":"Barchfeld-Immelborn","SN_L":"16"}},
{"type":"Feature","geometry":{"type":"Polygon","coordinates":[[[10.21,51.1441],[10.2044,51.1367],[10.2062,51.1221],[10.2,51.113],[10.1792,51.1276],[10.1852,51.1325],[10.1681,51.153],[10.1466,51.1446],[10.1257,51.1463],[10.1183,51.1396],[10.134,51.133],[10.1538,51.1185],[10.1746,51.1169],[10.1755,51.1069],[10.1571,51.0963],[10.1481,51.0837],[10.1515,51.0694],[10.1465,51.0551],[10.1847,51.049],[10.1986,51.061],[10.2139,51.0653],[10.234,51.101],[10.2639,51.1062],[10.2764,51.1038],[10.2886,51.1108],[10.3128,51.1152],[10.3026,51.1197],[10.3039,51.1344],[10.3144,51.1379],[10.3044,51.1487],[10.2859,51.144],[10.2841,51.1352],[10.2579,51.1473],[10.21,51.1441]]]},"properties":{"AGS":"16063076","GEN":"Treffurt","SN_L":"16"}},
{"type":"Feature","geometry":{"type":"Polygon","coordinates":[[[9.9946,50.8258],[9.9702,50.8299],[9.9523,50.8214],[9.9567,50.8096],[9.9441,50.7942],[9.9541,50.7794],[9.968,50.7829],[9.9794,50.7719],[9.9958,50.7641],[10.0251,50.7624],[10.0197,50.7838],[10.0299,50.7923],[10.0188,50.8042],[10.0228,50.8137],[9.9974,50.8182],[9.9946,50.8258]]]},"properties":{"AGS":"16063078","GEN":"Unterbreizbach","SN_L":"16"}},
{"type":"Feature","geometry":{"type":"Polygon","coordinates":[[[10.056,50.8798],[10.0219,50.8645],[10.0187,50.8586],[10.0345,50.8427],[10.0231,50.8316],[10.0108,50.835],[9.9946,50.8258],[9.9974,50.8182],[10.0228,50.8137],[10.0188,50.8042],[10.0299,50.7923],[10.0197,50.7838],[10.0251,50.7624],[10.0336,50.7565],[10.0432,50.7555],[10.0605,50.7586],[10.0873,50.7832],[10.0785,50.791],[10.0806,50.8085],[10.0547,50.8254],[10.0511,50.8348],[10.0619,50.8401],[10.0607,50.8495],[10.0779,50.854],[10.0642,50.8603],[10.0691,50.8703],[10.0619,50.8764],[10.056,50.8798]]]},"properties":{"AGS":"16063082","GEN":"Vacha","SN_L":"16"}},
{"type":"Feature","geometry":{"type":"Polygon","coordinates":[[[10.443,50.9101],[10.4566,50.9207],[10.4431,50.948],[10.4484,50.9604],[10.4289,50.9647],[10.395,50.963],[10.3783,50.9658],[10.3785,50.9583],[10.3425,50.9558],[10.3333,50.9522],[10.3204,50.9307],[10.3297,50.9206],[10.3591,50.9185],[10.3765,50.9312],[10.4106,50.9203],[10.4363,50.9196],[10.443,50.9101]]]},"properties":{"AGS":"16063092","GEN":"Wutha-Farnroda","SN_L":"16"}},
{"type":"Feature","geometry":{"type":"Polygon","coordinates":[[[10.1823,50.9985],[10.1497,50.994],[10.132,50.9968],[10.1331,51.0048],[10.1208,51.0117],[10.1035,51.0045],[10.0844,51.0097],[10.0571,51.0128],[10.0324,51.011],[10.0216,50.9929],[10.0243,50.9762],[10.0409,50.9675],[10.0479,50.9461],[10.0639,50.9454],[10.0698,50.9561],[10.0982,50.9651],[10.1304,50.9626],[10.1406,50.9506],[10.1709,50.9414],[10.1836,50.9319],[10.1713,50.9204],[10.1629,50.9055],[10.1405,50.889],[10.1143,50.8848],[10.1231,50.8775],[10.1448,50.8814],[10.1731,50.8782],[10.1864,50.8654],[10.2116,50.867],[10.2199,50.8863],[10.2536,50.8865],[10.2585,50.8999],[10.3147,50.9032],[10.3377,50.9012],[10.3297,50.9206],[10.3204,50.9307],[10.2919,50.9401],[10.2883,50.947],[10.2532,50.9524],[10.2464,50.9664],[10.2297,50.9708],[10.1864,50.9703],[10.1908,50.9795],[10.1823,50.9985]]]},"properties":{"AGS":"16063097","GEN":"Gerstungen","SN_L":"16"}},
{"type":"Feature","geometry":{"type":"Polygon","coordinates":[[[10.5164,51.0755],[10.4872,51.0757],[10.4835,51.0842],[10.4634,51.0764],[10.4426,51.0774],[10.4516,51.0631],[10.4351,51.0495],[10.4296,51.0278],[10.3881,51.0307],[10.3786,51.0223],[10.3839,51.0132],[10.3757,51.0074],[10.3908,50.9998],[10.3891,50.9864],[10.376,50.9827],[10.3847,50.9719],[10.3783,50.9658],[10.395,50.963],[10.4289,50.9647],[10.4484,50.9604],[10.4431,50.948],[10.4566,50.9207],[10.443,50.9101],[10.4434,50.909],[10.4536,50.9099],[10.4816,50.9114],[10.4793,50.8978],[10.4979,50.9008],[10.486,50.9108],[10.4847,50.9202],[10.501,50.9383],[10.505,50.9551],[10.5208,50.9663],[10.4861,50.9698],[10.482,50.9873],[10.5066,50.9991],[10.5622,51.0145],[10.5648,51.0212],[10.5931,51.0239],[10.6147,51.0392],[10.6046,51.046],[10.6059,51.056],[10.5239,51.0625],[10.5164,51.0755]]]},"properties":{"AGS":"16063098","GEN":"Hörselberg-Hainich","SN_L":"16"}},
{"type":"Feature","geometry":{"type":"Polygon","coordinates":[[[10.4009,50.8643],[10.3705,50.8623],[10.3387,50.8703],[10.3242,50.8685],[10.332,50.8591],[10.3158,50.8566],[10.3177,50.8347],[10.3083,50.817],[10.3236,50.818],[10.338,50.7953],[10.3306,50.7873],[10.3429,50.7798],[10.373,50.7833],[10.3745,50.796],[10.3917,50.8107],[10.4049,50.8154],[10.4064,50.8361],[10.4121,50.85],[10.4009,50.8643]]]},"properties":{"AGS":"16063099","GEN":"Bad Liebenstein","SN_L":"16"}},
{"type":"Feature","geometry":{"type":"Polygon","coordinates":[[[10.1607,50.8027],[10.1363,50.8154],[10.1407,50.825],[10.1349,50.8419],[10.1494,50.8496],[10.1343,50.8621],[10.0943,50.8541],[10.0779,50.854],[10.0607,50.8495],[10.0619,50.8401],[10.0511,50.8348],[10.0547,50.8254],[10.0806,50.8085],[10.1024,50.8096],[10.1188,50.7978],[10.1375,50.8002],[10.1578,50.7966],[10.1607,50.8027]]]},"properties":{"AGS":"16063101","GEN":"Krayenberggemeinde","SN_L":"16"}},
{"type":"Feature","geometry":{"type":"Polygon","coordinates":[[[10.1143,50.8848],[10.1405,50.889],[10.1629,50.9055],[10.1713,50.9204],[10.1836,50.9319],[10.1709,50.9414],[10.1406,50.9506],[10.1304,50.9626],[10.0982,50.9651],[10.0698,50.9561],[10.0639,50.9454],[10.0536,50.9398],[10.0294,50.9381],[9.991,50.9436],[9.9501,50.9423],[9.9518,50.927],[9.9722,50.9318],[9.9858,50.9246],[9.9683,50.9115],[9.9782,50.9053],[10.0037,50.9216],[10.0342,50.9103],[10.0584,50.8902],[10.056,50.8798],[10.0619,50.8764],[10.0739,50.8802],[10.082,50.9034],[10.098,50.8892],[10.1143,50.8848]]]},"properties":{"AGS":"16063103","GEN":"Werra-Suhl-Tal","SN_L":"16"}},
{"type":"Feature","geometry":{"type":"Polygon","coordinates":[[[10.3563,51.0405],[10.348,51.0374],[10.3326,51.0498],[10.3202,51.0524],[10.3106,51.0451],[10.3132,51.0286],[10.2922,51.029],[10.2768,51.0174],[10.2814,51.004],[10.2746,50.9972],[10.2477,51.0061],[10.2022,51.012],[10.1908,50.9991],[10.1823,50.9985],[10.1908,50.9795],[10.1864,50.9703],[10.2297,50.9708],[10.2464,50.9664],[10.2532,50.9524],[10.2883,50.947],[10.2919,50.9401],[10.3204,50.9307],[10.3333,50.9522],[10.3425,50.9558],[10.3785,50.9583],[10.3783,50.9658],[10.3847,50.9719],[10.376,50.9827],[10.3891,50.9864],[10.3908,50.9998],[10.3757,51.0074],[10.3839,51.0132],[10.3786,51.0223],[10.3757,51.0378],[10.3563,51.0405]]]},"properties":{"AGS":"16063105","GEN":"Eisenach","SN_L":"16"}},
{"type":"Feature","geometry":{"type":"Polygon","coordinates":[[[10.4351,51.0495],[10.4123,51.0679],[10.4076,51.0572],[10.3917,51.0568],[10.3563,51.0405],[10.3757,51.0378],[10.3786,51.0223],[10.3881,51.0307],[10.4296,51.0278],[10.4351,51.0495]]]},"properties":{"AGS":"16063006","GEN":"Berka v.d.Hainich","SN_L":"16"}},
{"type":"Feature","geometry":{"type":"Polygon","coordinates":[[[10.4072,51.0709],[10.3866,51.0667],[10.3696,51.0714],[10.35,51.0625],[10.3326,51.0498],[10.348,51.0374],[10.3563,51.0405],[10.3917,51.0568],[10.4076,51.0572],[10.4123,51.0679],[10.4072,51.0709]]]},"properties":{"AGS":"16063008","GEN":"Bischofroda","SN_L":"16"}},
{"type":"Feature","geometry":{"type":"Polygon","coordinates":[[[10.3106,51.0451],[10.3039,51.0515],[10.2798,51.0398],[10.2756,51.0303],[10.2446,51.0293],[10.2338,51.0325],[10.2152,51.0264],[10.2022,51.012],[10.2477,51.0061],[10.2746,50.9972],[10.2814,51.004],[10.2768,51.0174],[10.2922,51.029],[10.3132,51.0286],[10.3106,51.0451]]]},"properties":{"AGS":"16063046","GEN":"Krauthausen","SN_L":"16"}},
{"type":"Feature","geometry":{"type":"Polygon","coordinates":[[[10.4072,51.0709],[10.3844,51.0832],[10.3708,51.0757],[10.3481,51.0763],[10.3412,51.0661],[10.3202,51.0524],[10.3326,51.0498],[10.35,51.0625],[10.3696,51.0714],[10.3866,51.0667],[10.4072,51.0709]]]},"properties":{"AGS":"16063049","GEN":"Lauterbach","SN_L":"16"}},
{"type":"Feature","geometry":{"type":"Polygon","coordinates":[[[10.3144,51.1379],[10.3039,51.1344],[10.3026,51.1197],[10.3128,51.1152],[10.3374,51.0939],[10.3522,51.0956],[10.3507,51.1082],[10.3684,51.1106],[10.3703,51.119],[10.3552,51.1241],[10.3386,51.1377],[10.3144,51.1379]]]},"properties":{"AGS":"16063058","GEN":"Nazza","SN_L":"16"}},
{"type":"Feature","geometry":{"type":"Polygon","coordinates":[[[10.3128,51.1152],[10.2886,51.1108],[10.2764,51.1038],[10.2639,51.1062],[10.234,51.101],[10.2139,51.0653],[10.1986,51.061],[10.1847,51.049],[10.2152,51.0264],[10.2338,51.0325],[10.2446,51.0293],[10.2756,51.0303],[10.2798,51.0398],[10.3039,51.0515],[10.3106,51.0451],[10.3202,51.0524],[10.3412,51.0661],[10.3481,51.0763],[10.3708,51.0757],[10.3844,51.0832],[10.3933,51.0956],[10.3742,51.099],[10.3684,51.1106],[10.3507,51.1082],[10.3522,51.0956],[10.3374,51.0939],[10.3128,51.1152]]]},"properties":{"AGS":"16063104","GEN":"Amt Creuzburg","SN_L":"16"}},
{"type":"Feature","geometry":{"type":"Polygon","coordinates":[[[10.3377,50.9012],[10.3147,50.9032],[10.2585,50.8999],[10.2536,50.8865],[10.2199,50.8863],[10.2116,50.867],[10.1864,50.8654],[10.1731,50.8782],[10.1448,50.8814],[10.1231,50.8775],[10.1143,50.8848],[10.098,50.8892],[10.082,50.9034],[10.0739,50.8802],[10.0619,50.8764],[10.0691,50.8703],[10.0642,50.8603],[10.0779,50.854],[10.0943,50.8541],[10.1343,50.8621],[10.1494,50.8496],[10.1349,50.8419],[10.1407,50.825],[10.1363,50.8154],[10.1607,50.8027],[10.1751,50.825],[10.201,50.823],[10.2092,50.8175],[10.2027,50.8021],[10.1607,50.7875],[10.1688,50.7795],[10.1711,50.7565],[10.1926,50.7551],[10.2127,50.7418],[10.2206,50.7478],[10.2049,50.7714],[10.2232,50.7751],[10.2366,50.7668],[10.2485,50.7721],[10.2482,50.7867],[10.2608,50.7943],[10.2642,50.8068],[10.2845,50.8163],[10.3083,50.817],[10.3177,50.8347],[10.3158,50.8566],[10.332,50.8591],[10.3242,50.8685],[10.3392,50.8836],[10.3377,50.9012]]]},"properties":{"AGS":"16063003","GEN":"Bad Salzungen","SN_L":"16"}},
{"type":"Feature","geometry":{"type":"Polygon","coordinates":[[[10.1607,50.7875],[10.2027,50.8021],[10.2092,50.8175],[10.201,50.823],[10.1751,50.825],[10.1607,50.8027],[10.1578,50.7966],[10.1607,50.7875]]]},"properties":{"AGS":"16063051","GEN":"Leimbach","SN_L":"16"}},
{"type":"Feature","geometry":{"type":"Polygon","coordinates":[[[10.0251,50.7624],[9.9958,50.7641],[9.9794,50.7719],[9.968,50.7829],[9.9541,50.7794],[9.9506,50.7721],[9.9284,50.7766],[9.9262,50.7674],[9.931,50.7569],[9.9396,50.7559],[9.9414,50.7418],[9.965,50.7485],[10.0075,50.7357],[10.0215,50.7502],[10.0336,50.7565],[10.0251,50.7624]]]},"properties":{"AGS":"16063011","GEN":"Buttlar","SN_L":"16"}},
{"type":"Feature","geometry":{"type":"Polygon","coordinates":[[[10.0432,50.7555],[10.0336,50.7565],[10.0215,50.7502],[10.0075,50.7357],[9.965,50.7485],[9.9414,50.7418],[9.9352,50.7241],[9.9118,50.7087],[9.9203,50.6978],[9.9062,50.6842],[9.8947,50.6837],[9.8816,50.6722],[9.8846,50.6551],[9.877,50.6417],[9.8861,50.6339],[9.9061,50.6404],[9.9269,50.6298],[9.9459,50.6268],[9.9607,50.6295],[9.9689,50.6413],[9.9497,50.6559],[9.9491,50.6641],[9.938,50.6643],[9.9484,50.6839],[9.9374,50.6947],[9.95,50.7067],[9.9618,50.704],[9.9857,50.7089],[10.0351,50.7014],[10.0598,50.7107],[10.0416,50.739],[10.0432,50.7555]]]},"properties":{"AGS":"16063032","GEN":"Geisa","SN_L":"16"}},
{"type":"Feature","geometry":{"type":"Polygon","coordinates":[[[10.0656,50.7066],[10.0598,50.7107],[10.0351,50.7014],[10.0416,50.686],[10.0603,50.6836],[10.0686,50.697],[10.0656,50.7066]]]},"properties":{"AGS":"16063033","GEN":"Gerstengrund","SN_L":"16"}},
{"type":"Feature","geometry":{"type":"Polygon","coordinates":[[[10.0351,50.7014],[9.9857,50.7089],[9.9618,50.704],[9.95,50.7067],[9.9374,50.6947],[9.9484,50.6839],[9.938,50.6643],[9.9491,50.6641],[9.9736,50.6659],[10.002,50.6766],[10.0199,50.6731],[10.0489,50.6739],[10.0563,50.6681],[10.0564,50.6712],[10.0598,50.6801],[10.0603,50.6836],[10.0416,50.686],[10.0351,50.7014]]]},"properties":{"AGS":"16063068","GEN":"Schleid","SN_L":"16"}},
{"type":"Feature","geometry":{"type":"Polygon","coordinates":[[[10.4106,50.9203],[10.3765,50.9312],[10.3591,50.9185],[10.3297,50.9206],[10.3377,50.9012],[10.3392,50.8836],[10.3242,50.8685],[10.3387,50.8703],[10.3705,50.8623],[10.4009,50.8643],[10.4199,50.8869],[10.4359,50.8924],[10.4348,50.9038],[10.4087,50.9082],[10.4106,50.9203]]]},"properties":{"AGS":"16063066","GEN":"Ruhla","SN_L":"16"}},
{"type":"Feature","geometry":{"type":"Polygon","coordinates":[[[10.443,50.9101],[10.4363,50.9196],[10.4106,50.9203],[10.4087,50.9082],[10.4348,50.9038],[10.4434,50.909],[10.443,50.9101]]]},"properties":{"AGS":"16063071","GEN":"Seebach","SN_L":"16"}},
{"type":"Feature","geometry":{"type":"MultiPolygon","coordinates":[[[[10.1578,50.7966],[10.1375,50.8002],[10.1188,50.7978],[10.1024,50.8096],[10.0806,50.8085],[10.0785,50.791],[10.0873,50.7832],[10.0605,50.7586],[10.0947,50.7451],[10.115,50.7598],[10.1448,50.7759],[10.1688,50.7795],[10.1607,50.7875],[10.1578,50.7966]]],[[[10.2127,50.7418],[10.1926,50.7551],[10.1711,50.7565],[10.1498,50.7461],[10.1439,50.7365],[10.1277,50.7452],[10.1103,50.7393],[10.0965,50.7404],[10.0782,50.718],[10.0723,50.7089],[10.0656,50.7066],[10.0686,50.697],[10.0603,50.6836],[10.0598,50.6801],[10.0617,50.6695],[10.0864,50.6663],[10.0976,50.6701],[10.1116,50.6659],[10.1006,50.6532],[10.1425,50.6636],[10.1636,50.6714],[10.1378,50.6903],[10.144,50.7031],[10.1536,50.7041],[10.1565,50.7211],[10.1838,50.7179],[10.2105,50.7243],[10.2224,50.7375],[10.2127,50.7418]]]]},"properties":{"AGS":"16063015","GEN":"Dermbach","SN_L":"16"}},
{"type":"Feature","geometry":{"type":"MultiPolygon","coordinates":[[[[10.0617,50.6695],[10.0598,50.6801],[10.0564,50.6712],[10.0617,50.6695]]],[[[10.1006,50.6532],[10.1116,50.6659],[10.0976,50.6701],[10.0864,50.6663],[10.0753,50.664],[10.0749,50.6515],[10.1006,50.6532]]]]},"properties":{"AGS":"16063023","GEN":"Empfertshausen","SN_L":"16"}},
{"type":"Feature","geometry":{"type":"Polygon","coordinates":[[[10.0605,50.7586],[10.0432,50.7555],[10.0416,50.739],[10.0598,50.7107],[10.0656,50.7066],[10.0723,50.7089],[10.0782,50.718],[10.0965,50.7404],[10.0947,50.7451],[10.0605,50.7586]]]},"properties":{"AGS":"16063062","GEN":"Oechsen","SN_L":"16"}},
{"type":"Feature","geometry":{"type":"Polygon","coordinates":[[[10.1711,50.7565],[10.1688,50.7795],[10.1448,50.7759],[10.115,50.7598],[10.0947,50.7451],[10.0965,50.7404],[10.1103,50.7393],[10.1277,50.7452],[10.1439,50.7365],[10.1498,50.7461],[10.1711,50.7565]]]},"properties":{"AGS":"16063084","GEN":"Weilar","SN_L":"16"}},
{"type":"Feature","geometry":{"type":"Polygon","coordinates":[[[10.1838,50.7179],[10.1565,50.7211],[10.1536,50.7041],[10.144,50.7031],[10.1378,50.6903],[10.1636,50.6714],[10.1788,50.6717],[10.1913,50.6977],[10.1821,50.7045],[10.1838,50.7179]]]},"properties":{"AGS":"16063086","GEN":"Wiesenthal","SN_L":"16"}},
{"type":"Feature","geometry":{"type":"Polygon","coordinates":[[[10.677,51.162],[10.6524,51.1597],[10.6517,51.1704],[10.6407,51.1768],[10.622,51.1756],[10.6202,51.1493],[10.6124,51.1384],[10.6134,51.1049],[10.5974,51.1002],[10.5894,51.1091],[10.5697,51.1031],[10.5633,51.0896],[10.5164,51.0755],[10.5239,51.0625],[10.6059,51.056],[10.6046,51.046],[10.6147,51.0392],[10.6266,51.032],[10.6521,51.0417],[10.6763,51.0384],[10.7112,51.0524],[10.6974,51.0793],[10.705,51.0869],[10.7073,51.1022],[10.7421,51.1117],[10.7406,51.1297],[10.7644,51.1374],[10.7495,51.1554],[10.7434,51.1551],[10.7369,51.1484],[10.7116,51.1431],[10.6891,51.1507],[10.6827,51.1622],[10.677,51.162]]]},"properties":{"AGS":"16064003","GEN":"Bad Langensalza","SN_L":"16"}},
{"type":"Feature","geometry":{"type":"Polygon","coordinates":[[[10.5525,51.2903],[10.5487,51.3004],[10.5175,51.3033],[10.5121,51.2981],[10.4916,51.3034],[10.4871,51.2752],[10.4951,51.2533],[10.4865,51.2432],[10.4681,51.245],[10.4573,51.2342],[10.4318,51.2358],[10.4126,51.2332],[10.4131,51.2431],[10.3951,51.2467],[10.3764,51.2384],[10.3828,51.2248],[10.362,51.2186],[10.3177,51.22],[10.3131,51.2032],[10.3029,51.201],[10.3028,51.1849],[10.339,51.1867],[10.3741,51.1745],[10.4416,51.1799],[10.4757,51.1785],[10.4866,51.1751],[10.4846,51.1581],[10.4759,51.1487],[10.5164,51.1496],[10.539,51.1592],[10.5301,51.1735],[10.5442,51.1763],[10.5514,51.185],[10.5668,51.1854],[10.5736,51.1943],[10.5664,51.2381],[10.5502,51.2445],[10.5431,51.2551],[10.555,51.2599],[10.5504,51.2691],[10.5454,51.2863],[10.5525,51.2903]]]},"properties":{"AGS":"16064046","GEN":"Mühlhausen/Thüringen","SN_L":"16"}},
{"type":"Feature","geometry":{"type":"Polygon","coordinates":[[[10.6414,51.2897],[10.6241,51.3068],[10.6042,51.3199],[10.5948,51.3186],[10.5616,51.3264],[10.5526,51.3142],[10.5244,51.3049],[10.4962,51.3113],[10.498,51.3366],[10.4836,51.3433],[10.462,51.3413],[10.4626,51.3306],[10.4763,51.3234],[10.474,51.315],[10.4385,51.3133],[10.3994,51.2954],[10.3955,51.2909],[10.3631,51.2809],[10.3565,51.2678],[10.3728,51.2627],[10.3743,51.248],[10.3555,51.2507],[10.3166,51.2311],[10.3177,51.22],[10.362,51.2186],[10.3828,51.2248],[10.3764,51.2384],[10.3951,51.2467],[10.4131,51.2431],[10.4126,51.2332],[10.4318,51.2358],[10.4573,51.2342],[10.4681,51.245],[10.4865,51.2432],[10.4951,51.2533],[10.4871,51.2752],[10.4916,51.3034],[10.5121,51.2981],[10.5175,51.3033],[10.5487,51.3004],[10.5525,51.2903],[10.5665,51.2911],[10.6168,51.284],[10.6414,51.2897]]]},"properties":{"AGS":"16064071","GEN":"Unstruttal","SN_L":"16"}},
{"type":"Feature","geometry":{"type":"Polygon","coordinates":[[[10.2517,51.2306],[10.2352,51.2274],[10.2158,51.2305],[10.1989,51.227],[10.1968,51.2068],[10.2069,51.1906],[10.236,51.1848],[10.227,51.1734],[10.2073,51.1649],[10.21,51.1441],[10.2579,51.1473],[10.2841,51.1352],[10.2859,51.144],[10.3044,51.1487],[10.3144,51.1379],[10.3386,51.1377],[10.3251,51.164],[10.3295,51.1716],[10.3026,51.1775],[10.3028,51.1849],[10.3029,51.201],[10.2906,51.205],[10.2685,51.2201],[10.2486,51.2229],[10.2517,51.2306]]]},"properties":{"AGS":"16064074","GEN":"Südeichsfeld","SN_L":"16"}},
{"type":"Feature","geometry":{"type":"Polygon","coordinates":[[[10.622,51.1756],[10.5989,51.1847],[10.5942,51.1915],[10.5736,51.1943],[10.5668,51.1854],[10.5514,51.185],[10.5442,51.1763],[10.5301,51.1735],[10.539,51.1592],[10.5164,51.1496],[10.4759,51.1487],[10.4728,51.1484],[10.464,51.1353],[10.4699,51.1311],[10.4518,51.1168],[10.3916,51.0996],[10.3933,51.0956],[10.3844,51.0832],[10.4072,51.0709],[10.4123,51.0679],[10.4351,51.0495],[10.4516,51.0631],[10.4426,51.0774],[10.4634,51.0764],[10.4835,51.0842],[10.4872,51.0757],[10.5164,51.0755],[10.5633,51.0896],[10.5697,51.1031],[10.5894,51.1091],[10.5974,51.1002],[10.6134,51.1049],[10.6124,51.1384],[10.6202,51.1493],[10.622,51.1756]]]},"properties":{"AGS":"16064076","GEN":"Unstrut-Hainich","SN_L":"16"}},
{"type":"Feature","geometry":{"type":"Polygon","coordinates":[[[10.869,51.1826],[10.8516,51.1802],[10.814,51.1821],[10.7923,51.1697],[10.7886,51.1559],[10.7915,51.1435],[10.7782,51.1387],[10.7804,51.1391],[10.8041,51.1413],[10.8136,51.129],[10.841,51.1289],[10.8613,51.1356],[10.8825,51.1358],[10.8719,51.1403],[10.8636,51.1534],[10.869,51.1826]]]},"properties":{"AGS":"16064004","GEN":"Bad Tennstedt","SN_L":"16"}},
{"type":"Feature","geometry":{"type":"Polygon","coordinates":[[[10.9052,51.1795],[10.869,51.1826],[10.8636,51.1534],[10.8719,51.1403],[10.8825,51.1358],[10.8999,51.1344],[10.9075,51.1405],[10.9101,51.1661],[10.9052,51.1795]]]},"properties":{"AGS":"16064005","GEN":"Ballhausen","SN_L":"16"}},
{"type":"Feature","geometry":{"type":"Polygon","coordinates":[[[10.7699,51.2069],[10.7558,51.2214],[10.7333,51.212],[10.7206,51.2136],[10.7197,51.2059],[10.7342,51.1929],[10.7578,51.1938],[10.7671,51.1977],[10.7699,51.2069]]]},"properties":{"AGS":"16064007","GEN":"Blankenburg","SN_L":"16"}},
{"type":"Feature","geometry":{"type":"Polygon","coordinates":[[[10.7671,51.1977],[10.7578,51.1938],[10.7494,51.1878],[10.7641,51.1849],[10.7721,51.1732],[10.7923,51.1697],[10.814,51.1821],[10.8008,51.1868],[10.7837,51.1897],[10.7671,51.1977]]]},"properties":{"AGS":"16064009","GEN":"Bruchstedt","SN_L":"16"}},
{"type":"Feature","geometry":{"type":"Polygon","coordinates":[[[10.8419,51.1991],[10.8005,51.1987],[10.8008,51.1868],[10.814,51.1821],[10.8516,51.1802],[10.8419,51.1991]]]},"properties":{"AGS":"16064021","GEN":"Haussömmern","SN_L":"16"}},
{"type":"Feature","geometry":{"type":"Polygon","coordinates":[[[10.8542,51.2157],[10.8356,51.2226],[10.8084,51.2214],[10.8195,51.2077],[10.8465,51.2064],[10.8542,51.2157]]]},"properties":{"AGS":"16064027","GEN":"Hornsömmern","SN_L":"16"}},
{"type":"Feature","geometry":{"type":"Polygon","coordinates":[[[10.7578,51.1938],[10.7342,51.1929],[10.7197,51.2059],[10.7206,51.2136],[10.7145,51.2152],[10.7064,51.202],[10.6945,51.1993],[10.6853,51.1851],[10.677,51.162],[10.6827,51.1622],[10.7346,51.1679],[10.7494,51.1878],[10.7578,51.1938]]]},"properties":{"AGS":"16064033","GEN":"Kirchheilingen","SN_L":"16"}},
{"type":"Feature","geometry":{"type":"Polygon","coordinates":[[[10.8703,51.2191],[10.8542,51.2157],[10.8465,51.2064],[10.8419,51.1991],[10.8516,51.1802],[10.869,51.1826],[10.9052,51.1795],[10.9149,51.1815],[10.9226,51.2052],[10.9196,51.2055],[10.8953,51.2059],[10.888,51.2175],[10.8703,51.2191]]]},"properties":{"AGS":"16064038","GEN":"Kutzleben","SN_L":"16"}},
{"type":"Feature","geometry":{"type":"Polygon","coordinates":[[[10.8465,51.2064],[10.8195,51.2077],[10.8084,51.2214],[10.7981,51.2206],[10.7847,51.2178],[10.7699,51.2069],[10.7671,51.1977],[10.7837,51.1897],[10.8008,51.1868],[10.8005,51.1987],[10.8419,51.1991],[10.8465,51.2064]]]},"properties":{"AGS":"16064045","GEN":"Mittelsömmern","SN_L":"16"}},
{"type":"Feature","geometry":{"type":"Polygon","coordinates":[[[10.7434,51.1551],[10.7346,51.1679],[10.6827,51.1622],[10.6891,51.1507],[10.7116,51.1431],[10.7369,51.1484],[10.7434,51.1551]]]},"properties":{"AGS":"16064061","GEN":"Sundhausen","SN_L":"16"}},
{"type":"Feature","geometry":{"type":"Polygon","coordinates":[[[10.7495,51.1554],[10.7721,51.1732],[10.7641,51.1849],[10.7494,51.1878],[10.7346,51.1679],[10.7434,51.1551],[10.7495,51.1554]]]},"properties":{"AGS":"16064062","GEN":"Tottleben","SN_L":"16"}},
{"type":"Feature","geometry":{"type":"Polygon","coordinates":[[[10.7782,51.1387],[10.7915,51.1435],[10.7886,51.1559],[10.7923,51.1697],[10.7721,51.1732],[10.7495,51.1554],[10.7644,51.1374],[10.7782,51.1387]]]},"properties":{"AGS":"16064064","GEN":"Urleben","SN_L":"16"}},
{"type":"Feature","geometry":{"type":"Polygon","coordinates":[[[10.7804,51.1391],[10.7782,51.1387],[10.7644,51.1374],[10.7406,51.1297],[10.7421,51.1117],[10.7634,51.1062],[10.7709,51.093],[10.7835,51.0943],[10.8104,51.098],[10.807,51.1092],[10.7804,51.1391]]]},"properties":{"AGS":"16064019","GEN":"Großvargula","SN_L":"16"}},
{"type":"Feature","geometry":{"type":"Polygon","coordinates":[[[10.8825,51.1358],[10.8613,51.1356],[10.841,51.1289],[10.8136,51.129],[10.8041,51.1413],[10.7804,51.1391],[10.807,51.1092],[10.8104,51.098],[10.8358,51.0948],[10.8803,51.0983],[10.884,51.1013],[10.8768,51.1261],[10.8999,51.1344],[10.8825,51.1358]]]},"properties":{"AGS":"16064022","GEN":"Herbsleben","SN_L":"16"}},
{"type":"Feature","geometry":{"type":"Polygon","coordinates":[[[10.464,51.1353],[10.4597,51.1382],[10.4222,51.13],[10.4196,51.1339],[10.4107,51.1318],[10.3802,51.1187],[10.3703,51.119],[10.3684,51.1106],[10.3742,51.099],[10.3933,51.0956],[10.3916,51.0996],[10.4518,51.1168],[10.4699,51.1311],[10.464,51.1353]]]},"properties":{"AGS":"16064032","GEN":"Kammerforst","SN_L":"16"}},
{"type":"Feature","geometry":{"type":"MultiPolygon","coordinates":[[[[10.4728,51.1484],[10.4529,51.1485],[10.4251,51.1435],[10.4196,51.1339],[10.4222,51.13],[10.4597,51.1382],[10.464,51.1353],[10.4728,51.1484]]],[[[10.4107,51.1318],[10.3893,51.1389],[10.3552,51.1241],[10.3703,51.119],[10.3802,51.1187],[10.4107,51.1318]]]]},"properties":{"AGS":"16064053","GEN":"Oppershausen","SN_L":"16"}},
{"type":"Feature","geometry":{"type":"Polygon","coordinates":[[[10.4759,51.1487],[10.4846,51.1581],[10.4866,51.1751],[10.4757,51.1785],[10.4416,51.1799],[10.3741,51.1745],[10.339,51.1867],[10.3028,51.1849],[10.3026,51.1775],[10.3295,51.1716],[10.3251,51.164],[10.3386,51.1377],[10.3552,51.1241],[10.3893,51.1389],[10.4107,51.1318],[10.4196,51.1339],[10.4251,51.1435],[10.4529,51.1485],[10.4728,51.1484],[10.4759,51.1487]]]},"properties":{"AGS":"16064075","GEN":"Vogtei","SN_L":"16"}},
{"type":"Feature","geometry":{"type":"Polygon","coordinates":[[[10.5942,51.1915],[10.6031,51.207],[10.6273,51.2151],[10.621,51.2307],[10.6325,51.2315],[10.625,51.2516],[10.5759,51.2678],[10.5504,51.2691],[10.555,51.2599],[10.5431,51.2551],[10.5502,51.2445],[10.5664,51.2381],[10.5736,51.1943],[10.5942,51.1915]]]},"properties":{"AGS":"16064037","GEN":"Körner","SN_L":"16"}},
{"type":"Feature","geometry":{"type":"Polygon","coordinates":[[[10.7099,51.2165],[10.6952,51.2412],[10.6802,51.2446],[10.6669,51.2285],[10.6754,51.2174],[10.7099,51.2165]]]},"properties":{"AGS":"16064043","GEN":"Marolterode","SN_L":"16"}},
{"type":"Feature","geometry":{"type":"Polygon","coordinates":[[[10.6414,51.2897],[10.6168,51.284],[10.5665,51.2911],[10.5525,51.2903],[10.5454,51.2863],[10.5504,51.2691],[10.5759,51.2678],[10.625,51.2516],[10.6325,51.2315],[10.621,51.2307],[10.6273,51.2151],[10.6031,51.207],[10.5942,51.1915],[10.5989,51.1847],[10.622,51.1756],[10.6407,51.1768],[10.6517,51.1704],[10.6524,51.1597],[10.677,51.162],[10.6853,51.1851],[10.6945,51.1993],[10.7064,51.202],[10.7145,51.2152],[10.7099,51.2165],[10.6754,51.2174],[10.6669,51.2285],[10.6802,51.2446],[10.6952,51.2412],[10.6771,51.2777],[10.6414,51.2897]]]},"properties":{"AGS":"16064077","GEN":"Nottertal-Heilinger Höhen","SN_L":"16"}},
{"type":"Feature","geometry":{"type":"Polygon","coordinates":[[[11.1719,51.4062],[11.1529,51.4016],[11.1224,51.4128],[11.0903,51.4028],[11.0851,51.3911],[11.0935,51.3814],[11.078,51.3764],[11.0546,51.344],[11.0819,51.319],[11.1032,51.313],[11.1147,51.3108],[11.1378,51.3216],[11.1493,51.3441],[11.1791,51.3433],[11.2192,51.3466],[11.2485,51.3517],[11.2462,51.3524],[11.249,51.3811],[11.2397,51.3885],[11.223,51.3902],[11.201,51.4062],[11.1924,51.4029],[11.1719,51.4062]]]},"properties":{"AGS":"16065003","GEN":"Bad Frankenhausen/Kyffhäuser","SN_L":"16"}},
{"type":"Feature","geometry":{"type":"Polygon","coordinates":[[[10.5913,51.3916],[10.572,51.3938],[10.5559,51.398],[10.5485,51.3777],[10.5232,51.3697],[10.5129,51.357],[10.4836,51.3433],[10.498,51.3366],[10.4962,51.3113],[10.5244,51.3049],[10.5526,51.3142],[10.5616,51.3264],[10.5948,51.3186],[10.6042,51.3199],[10.6241,51.3068],[10.6414,51.2897],[10.6636,51.2931],[10.6654,51.3013],[10.6934,51.3032],[10.7075,51.3192],[10.7059,51.3322],[10.679,51.3459],[10.6445,51.3585],[10.6282,51.3824],[10.6181,51.38],[10.5929,51.3843],[10.5913,51.3916]]]},"properties":{"AGS":"16065032","GEN":"Helbedündorf","SN_L":"16"}},
{"type":"Feature","geometry":{"type":"Polygon","coordinates":[[[10.9301,51.4026],[10.8845,51.4022],[10.8815,51.4069],[10.8529,51.4101],[10.8368,51.4195],[10.8165,51.4182],[10.7799,51.4069],[10.7705,51.3943],[10.7582,51.3892],[10.7419,51.3965],[10.7294,51.3934],[10.7177,51.3998],[10.6885,51.3935],[10.6602,51.3933],[10.6451,51.3905],[10.6256,51.3929],[10.6282,51.3824],[10.6445,51.3585],[10.679,51.3459],[10.7059,51.3322],[10.7159,51.3212],[10.741,51.3203],[10.752,51.3084],[10.7632,51.3115],[10.783,51.3037],[10.7796,51.2905],[10.7808,51.2838],[10.8116,51.2849],[10.8158,51.2842],[10.833,51.3001],[10.8661,51.2998],[10.8868,51.3096],[10.9115,51.3124],[10.9289,51.3085],[10.9192,51.3292],[10.9023,51.3294],[10.9038,51.3472],[10.9364,51.3325],[10.9488,51.3418],[10.947,51.3648],[10.9334,51.3846],[10.9168,51.3839],[10.9301,51.4026]]]},"properties":{"AGS":"16065067","GEN":"Sondershausen","SN_L":"16"}},
{"type":"Feature","geometry":{"type":"Polygon","coordinates":[[[11.1224,51.4128],[11.102,51.4169],[11.0715,51.4286],[11.0518,51.4295],[11.0457,51.4239],[11.0053,51.4168],[10.9982,51.4287],[10.9781,51.4269],[10.9695,51.4186],[10.9301,51.4026],[10.9168,51.3839],[10.9334,51.3846],[10.947,51.3648],[10.9488,51.3418],[10.9364,51.3325],[10.9038,51.3472],[10.9023,51.3294],[10.9192,51.3292],[10.9289,51.3085],[10.9551,51.3112],[10.9669,51.3035],[10.9856,51.3113],[10.9955,51.3266],[11.0179,51.3194],[11.0205,51.303],[11.0311,51.2901],[11.0531,51.2917],[11.0629,51.3096],[11.0819,51.319],[11.0546,51.344],[11.078,51.3764],[11.0935,51.3814],[11.0851,51.3911],[11.0903,51.4028],[11.1224,51.4128]]]},"properties":{"AGS":"16065085","GEN":"Kyffhäuserland","SN_L":"16"}},
{"type":"Feature","geometry":{"type":"Polygon","coordinates":[[[11.4058,51.3422],[11.3994,51.3448],[11.3927,51.3418],[11.3827,51.3337],[11.3456,51.3281],[11.3212,51.2963],[11.3031,51.2874],[11.307,51.2842],[11.3365,51.2721],[11.3524,51.2727],[11.3624,51.2573],[11.3849,51.2514],[11.3854,51.2459],[11.4016,51.2363],[11.4126,51.2411],[11.4258,51.2556],[11.4561,51.2772],[11.4599,51.2941],[11.473,51.2965],[11.4671,51.3046],[11.437,51.3189],[11.422,51.3311],[11.4289,51.3398],[11.412,51.3425],[11.4058,51.3422]]]},"properties":{"AGS":"16065087","GEN":"Roßleben-Wiehe","SN_L":"16"}},
{"type":"Feature","geometry":{"type":"MultiPolygon","coordinates":[[[[10.9939,51.2498],[10.9866,51.2422],[10.9694,51.2388],[10.9409,51.2462],[10.9367,51.2298],[10.9301,51.2262],[10.9196,51.2055],[10.9226,51.2052],[10.9617,51.2057],[10.9727,51.2],[10.9805,51.2219],[11.0013,51.221],[11.0082,51.244],[10.9939,51.2498]]],[[[10.9289,51.3085],[10.9115,51.3124],[10.8868,51.3096],[10.8661,51.2998],[10.833,51.3001],[10.8158,51.2842],[10.8389,51.2787],[10.8388,51.2707],[10.8012,51.2667],[10.7943,51.2626],[10.7856,51.2482],[10.7981,51.2206],[10.8084,51.2214],[10.8356,51.2226],[10.8542,51.2157],[10.8703,51.2191],[10.8712,51.2456],[10.8683,51.2631],[10.9192,51.2713],[10.9218,51.2623],[10.9231,51.261],[10.9261,51.261],[10.9266,51.2683],[10.9648,51.266],[10.9569,51.2784],[10.9669,51.292],[10.9669,51.3035],[10.9551,51.3112],[10.9289,51.3085]]]]},"properties":{"AGS":"16065089","GEN":"Greußen","SN_L":"16"}},
{"type":"Feature","geometry":{"type":"Polygon","coordinates":[[[10.9196,51.2055],[10.9301,51.2262],[10.9367,51.2298],[10.9409,51.2462],[10.9261,51.261],[10.9231,51.261],[10.9134,51.233],[10.8925,51.2313],[10.888,51.2175],[10.8953,51.2059],[10.9196,51.2055]]]},"properties":{"AGS":"16065012","GEN":"Clingen","SN_L":"16"}},
{"type":"Feature","geometry":{"type":"Polygon","coordinates":[[[11.0178,51.2718],[10.9882,51.2981],[10.9926,51.2803],[10.9846,51.2669],[10.9961,51.2603],[11.0178,51.2718]]]},"properties":{"AGS":"16065048","GEN":"Niederbösa","SN_L":"16"}},
{"type":"Feature","geometry":{"type":"Polygon","coordinates":[[[11.0311,51.2901],[11.0205,51.303],[11.0179,51.3194],[10.9955,51.3266],[10.9856,51.3113],[10.9882,51.2981],[11.0178,51.2718],[11.0341,51.2823],[11.0311,51.2901]]]},"properties":{"AGS":"16065051","GEN":"Oberbösa","SN_L":"16"}},
{"type":"Feature","geometry":{"type":"Polygon","coordinates":[[[10.9648,51.266],[10.9266,51.2683],[10.9261,51.261],[10.9409,51.2462],[10.9694,51.2388],[10.9866,51.2422],[10.9939,51.2498],[10.9961,51.2603],[10.9846,51.2669],[10.9648,51.266]]]},"properties":{"AGS":"16065074","GEN":"Topfstedt","SN_L":"16"}},
{"type":"Feature","geometry":{"type":"Polygon","coordinates":[[[10.9882,51.2981],[10.9856,51.3113],[10.9669,51.3035],[10.9669,51.292],[10.9569,51.2784],[10.9648,51.266],[10.9846,51.2669],[10.9926,51.2803],[10.9882,51.2981]]]},"properties":{"AGS":"16065075","GEN":"Trebra","SN_L":"16"}},
{"type":"Feature","geometry":{"type":"Polygon","coordinates":[[[10.9218,51.2623],[10.9192,51.2713],[10.8683,51.2631],[10.8712,51.2456],[10.8874,51.2412],[10.8993,51.244],[10.9218,51.2623]]]},"properties":{"AGS":"16065077","GEN":"Wasserthaleben","SN_L":"16"}},
{"type":"Feature","geometry":{"type":"Polygon","coordinates":[[[10.9218,51.2623],[10.8993,51.244],[10.8874,51.2412],[10.8712,51.2456],[10.8703,51.2191],[10.888,51.2175],[10.8925,51.2313],[10.9134,51.233],[10.9231,51.261],[10.9218,51.2623]]]},"properties":{"AGS":"16065079","GEN":"Westgreußen","SN_L":"16"}},
{"type":"Feature","geometry":{"type":"Polygon","coordinates":[[[10.7943,51.2626],[10.7727,51.2706],[10.7432,51.2772],[10.7403,51.2688],[10.7203,51.2703],[10.7245,51.252],[10.7418,51.2485],[10.7505,51.2369],[10.7856,51.2482],[10.7943,51.2626]]]},"properties":{"AGS":"16065001","GEN":"Abtsbessingen","SN_L":"16"}},
{"type":"Feature","geometry":{"type":"Polygon","coordinates":[[[10.8012,51.2667],[10.8116,51.2849],[10.7808,51.2838],[10.7727,51.2706],[10.7943,51.2626],[10.8012,51.2667]]]},"properties":{"AGS":"16065005","GEN":"Bellstedt","SN_L":"16"}},
{"type":"Feature","geometry":{"type":"MultiPolygon","coordinates":[[[[10.8012,51.2667],[10.8388,51.2707],[10.8389,51.2787],[10.8158,51.2842],[10.8116,51.2849],[10.8012,51.2667]]],[[[10.7796,51.2905],[10.783,51.3037],[10.7632,51.3115],[10.752,51.3084],[10.741,51.3203],[10.7159,51.3212],[10.7059,51.3322],[10.7075,51.3192],[10.6934,51.3032],[10.7136,51.299],[10.7068,51.2782],[10.6771,51.2777],[10.6952,51.2412],[10.7099,51.2165],[10.7145,51.2152],[10.7206,51.2136],[10.7333,51.212],[10.7558,51.2214],[10.7505,51.2369],[10.7418,51.2485],[10.7245,51.252],[10.7203,51.2703],[10.7403,51.2688],[10.7432,51.2772],[10.7621,51.2957],[10.7796,51.2905]]]]},"properties":{"AGS":"16065014","GEN":"Ebeleben","SN_L":"16"}},
{"type":"Feature","geometry":{"type":"Polygon","coordinates":[[[10.7981,51.2206],[10.7856,51.2482],[10.7505,51.2369],[10.7558,51.2214],[10.7699,51.2069],[10.7847,51.2178],[10.7981,51.2206]]]},"properties":{"AGS":"16065018","GEN":"Freienbessingen","SN_L":"16"}},
{"type":"Feature","geometry":{"type":"Polygon","coordinates":[[[10.6771,51.2777],[10.7068,51.2782],[10.7136,51.299],[10.6934,51.3032],[10.6654,51.3013],[10.6636,51.2931],[10.6414,51.2897],[10.6771,51.2777]]]},"properties":{"AGS":"16065038","GEN":"Holzsußra","SN_L":"16"}},
{"type":"Feature","geometry":{"type":"Polygon","coordinates":[[[10.7808,51.2838],[10.7796,51.2905],[10.7621,51.2957],[10.7432,51.2772],[10.7727,51.2706],[10.7808,51.2838]]]},"properties":{"AGS":"16065058","GEN":"Rockstedt","SN_L":"16"}},
{"type":"Feature","geometry":{"type":"Polygon","coordinates":[[[11.2441,51.397],[11.2239,51.4132],[11.201,51.4062],[11.223,51.3902],[11.2397,51.3885],[11.2441,51.397]]]},"properties":{"AGS":"16065008","GEN":"Borxleben","SN_L":"16"}},
{"type":"Feature","geometry":{"type":"Polygon","coordinates":[[[11.3456,51.3281],[11.3348,51.3286],[11.3,51.3387],[11.2835,51.315],[11.2866,51.3088],[11.2874,51.3],[11.3031,51.2874],[11.3212,51.2963],[11.3456,51.3281]]]},"properties":{"AGS":"16065019","GEN":"Gehofen","SN_L":"16"}},
{"type":"Feature","geometry":{"type":"Polygon","coordinates":[[[11.3927,51.3418],[11.3463,51.345],[11.338,51.356],[11.2983,51.354],[11.2934,51.3424],[11.3,51.3387],[11.3348,51.3286],[11.3456,51.3281],[11.3827,51.3337],[11.3927,51.3418]]]},"properties":{"AGS":"16065042","GEN":"Kalbsrieth","SN_L":"16"}},
{"type":"Feature","geometry":{"type":"Polygon","coordinates":[[[11.3904,51.3667],[11.3969,51.3813],[11.3783,51.3872],[11.3477,51.3846],[11.3326,51.378],[11.3369,51.3601],[11.3618,51.3674],[11.3904,51.3667]]]},"properties":{"AGS":"16065046","GEN":"Mönchpfiffel-Nikolausrieth","SN_L":"16"}},
{"type":"Feature","geometry":{"type":"Polygon","coordinates":[[[11.2934,51.3424],[11.2688,51.355],[11.2462,51.3524],[11.2485,51.3517],[11.2538,51.3421],[11.2471,51.3237],[11.2674,51.3126],[11.2866,51.3088],[11.2835,51.315],[11.3,51.3387],[11.2934,51.3424]]]},"properties":{"AGS":"16065056","GEN":"Reinsdorf","SN_L":"16"}},
{"type":"Feature","geometry":{"type":"Polygon","coordinates":[[[11.3477,51.3846],[11.3213,51.4104],[11.2853,51.4021],[11.2528,51.4007],[11.2441,51.397],[11.2397,51.3885],[11.249,51.3811],[11.2462,51.3524],[11.2688,51.355],[11.2934,51.3424],[11.2983,51.354],[11.338,51.356],[11.3463,51.345],[11.3927,51.3418],[11.3994,51.3448],[11.401,51.3494],[11.3931,51.3595],[11.3904,51.3667],[11.3618,51.3674],[11.3369,51.3601],[11.3326,51.378],[11.3477,51.3846]]]},"properties":{"AGS":"16065086","GEN":"Artern","SN_L":"16"}},
{"type":"Feature","geometry":{"type":"Polygon","coordinates":[[[11.1985,51.2442],[11.2083,51.256],[11.1942,51.2656],[11.1602,51.2687],[11.1602,51.2538],[11.1856,51.2454],[11.1985,51.2442]]]},"properties":{"AGS":"16065016","GEN":"Etzleben","SN_L":"16"}},
{"type":"Feature","geometry":{"type":"Polygon","coordinates":[[[11.307,51.2842],[11.2891,51.2828],[11.2837,51.2962],[11.2628,51.2925],[11.2465,51.2971],[11.2287,51.2809],[11.2151,51.2776],[11.2511,51.2572],[11.2556,51.2645],[11.2641,51.2775],[11.3136,51.2781],[11.307,51.2842]]]},"properties":{"AGS":"16065052","GEN":"Oberheldrungen","SN_L":"16"}},
{"type":"Feature","geometry":{"type":"MultiPolygon","coordinates":[[[[11.3136,51.2781],[11.2641,51.2775],[11.2556,51.2645],[11.2945,51.2444],[11.3142,51.2512],[11.3266,51.2635],[11.312,51.2693],[11.3136,51.2781]]],[[[11.2866,51.3088],[11.2674,51.3126],[11.2471,51.3237],[11.2538,51.3421],[11.2485,51.3517],[11.2192,51.3466],[11.1791,51.3433],[11.1493,51.3441],[11.1378,51.3216],[11.1147,51.3108],[11.1032,51.313],[11.1008,51.3008],[11.1133,51.3007],[11.1203,51.2877],[11.153,51.2859],[11.1602,51.2687],[11.1942,51.2656],[11.2083,51.256],[11.1985,51.2442],[11.2173,51.2346],[11.2511,51.2572],[11.2151,51.2776],[11.2287,51.2809],[11.2465,51.2971],[11.2628,51.2925],[11.2837,51.2962],[11.2891,51.2828],[11.307,51.2842],[11.3031,51.2874],[11.2874,51.3],[11.2866,51.3088]]]]},"properties":{"AGS":"16065088","GEN":"An der Schmücke","SN_L":"16"}},
{"type":"Feature","geometry":{"type":"Polygon","coordinates":[[[10.542,50.813],[10.5403,50.824],[10.5145,50.8368],[10.4958,50.8355],[10.487,50.8234],[10.467,50.8157],[10.4483,50.802],[10.4611,50.7867],[10.4497,50.7836],[10.4439,50.7689],[10.4444,50.7628],[10.4634,50.761],[10.4736,50.7469],[10.488,50.7482],[10.5053,50.7362],[10.5318,50.7312],[10.5481,50.7327],[10.5851,50.7362],[10.5755,50.7414],[10.563,50.7659],[10.5668,50.7721],[10.5582,50.7842],[10.5375,50.7868],[10.5456,50.8021],[10.542,50.813]]]},"properties":{"AGS":"16066023","GEN":"Floh-Seligenthal","SN_L":"16"}},
{"type":"Feature","geometry":{"type":"Polygon","coordinates":[[[10.7527,50.7185],[10.7274,50.7327],[10.7197,50.7382],[10.704,50.7164],[10.6866,50.7158],[10.6682,50.7235],[10.6556,50.7233],[10.6499,50.7155],[10.6699,50.7087],[10.6982,50.7053],[10.7076,50.7002],[10.6878,50.689],[10.7046,50.6812],[10.714,50.6841],[10.7338,50.679],[10.7342,50.6655],[10.7457,50.6682],[10.7526,50.687],[10.744,50.6905],[10.7527,50.7185]]]},"properties":{"AGS":"16066047","GEN":"Oberhof","SN_L":"16"}},
{"type":"Feature","geometry":{"type":"Polygon","coordinates":[[[10.5481,50.7327],[10.5318,50.7312],[10.5053,50.7362],[10.488,50.7482],[10.4736,50.7469],[10.4634,50.761],[10.4444,50.7628],[10.4275,50.7521],[10.4188,50.7368],[10.4011,50.732],[10.3754,50.7199],[10.3607,50.721],[10.3577,50.7323],[10.3446,50.7403],[10.3281,50.742],[10.3083,50.7357],[10.2848,50.7435],[10.2538,50.7395],[10.2513,50.7255],[10.2645,50.7184],[10.2821,50.7179],[10.3055,50.7149],[10.3223,50.7035],[10.3374,50.7106],[10.3706,50.6984],[10.3879,50.696],[10.408,50.6862],[10.4043,50.6816],[10.4234,50.6714],[10.4426,50.6817],[10.4655,50.6719],[10.5245,50.6726],[10.5457,50.6859],[10.5413,50.6969],[10.5235,50.7058],[10.5446,50.7159],[10.5272,50.7298],[10.5481,50.7327]]]},"properties":{"AGS":"16066063","GEN":"Schmalkalden","SN_L":"16"}},
{"type":"Feature","geometry":{"type":"Polygon","coordinates":[[[10.6444,50.7242],[10.613,50.7379],[10.5851,50.7362],[10.5481,50.7327],[10.5272,50.7298],[10.5446,50.7159],[10.5235,50.7058],[10.5413,50.6969],[10.5457,50.6859],[10.5245,50.6726],[10.5266,50.6586],[10.5166,50.6489],[10.5257,50.6407],[10.5437,50.6434],[10.5658,50.6391],[10.5771,50.6441],[10.5785,50.6555],[10.5881,50.6649],[10.6131,50.6654],[10.6456,50.6852],[10.6655,50.6899],[10.6878,50.689],[10.7076,50.7002],[10.6982,50.7053],[10.6699,50.7087],[10.6499,50.7155],[10.6444,50.7242]]]},"properties":{"AGS":"16066069","GEN":"Steinbach-Hallenberg","SN_L":"16"}},
{"type":"Feature","geometry":{"type":"Polygon","coordinates":[[[10.4958,50.8355],[10.4666,50.8513],[10.4549,50.8456],[10.4265,50.8428],[10.4121,50.85],[10.4064,50.8361],[10.4049,50.8154],[10.3917,50.8107],[10.3745,50.796],[10.373,50.7833],[10.3814,50.7741],[10.3702,50.7684],[10.3826,50.7565],[10.4086,50.7565],[10.4168,50.7673],[10.4439,50.7689],[10.4497,50.7836],[10.4611,50.7867],[10.4483,50.802],[10.467,50.8157],[10.487,50.8234],[10.4958,50.8355]]]},"properties":{"AGS":"16066074","GEN":"Brotterode-Trusetal","SN_L":"16"}},
{"type":"Feature","geometry":{"type":"Polygon","coordinates":[[[10.6878,50.689],[10.6655,50.6899],[10.6456,50.6852],[10.6131,50.6654],[10.5881,50.6649],[10.5785,50.6555],[10.5771,50.6441],[10.5658,50.6391],[10.548,50.622],[10.5522,50.6117],[10.5656,50.6156],[10.5899,50.6107],[10.5995,50.6233],[10.6277,50.6312],[10.6271,50.64],[10.6453,50.6471],[10.6856,50.6248],[10.6968,50.6397],[10.6942,50.652],[10.7,50.6614],[10.7129,50.6666],[10.7342,50.6655],[10.7338,50.679],[10.714,50.6841],[10.7046,50.6812],[10.6878,50.689]]]},"properties":{"AGS":"16066092","GEN":"Zella-Mehlis","SN_L":"16"}},
{"type":"Feature","geometry":{"type":"Polygon","coordinates":[[[10.2586,50.588],[10.2449,50.584],[10.2214,50.5921],[10.1864,50.5884],[10.1771,50.58],[10.1824,50.5747],[10.1725,50.5574],[10.1779,50.5517],[10.2039,50.5547],[10.2083,50.5406],[10.2248,50.5304],[10.2258,50.5187],[10.2357,50.5115],[10.2562,50.5128],[10.3019,50.4935],[10.3263,50.4946],[10.3374,50.5021],[10.3383,50.5142],[10.3308,50.53],[10.328,50.5486],[10.3149,50.5484],[10.307,50.5662],[10.3123,50.574],[10.304,50.5821],[10.2804,50.5772],[10.2672,50.5907],[10.2586,50.588]]]},"properties":{"AGS":"16066093","GEN":"Rhönblick","SN_L":"16"}},
{"type":"Feature","geometry":{"type":"Polygon","coordinates":[[[10.3865,50.508],[10.3749,50.5119],[10.3649,50.4997],[10.3814,50.488],[10.3975,50.4858],[10.3723,50.4684],[10.3482,50.4626],[10.3567,50.4552],[10.3707,50.4318],[10.3925,50.4303],[10.4009,50.419],[10.384,50.4057],[10.3877,50.3982],[10.4237,50.3925],[10.4379,50.3955],[10.4505,50.4019],[10.4596,50.4008],[10.4797,50.4161],[10.4881,50.4485],[10.5017,50.4491],[10.5331,50.4353],[10.5661,50.4398],[10.574,50.4354],[10.585,50.444],[10.5711,50.4572],[10.5727,50.473],[10.5672,50.4761],[10.5517,50.4969],[10.5391,50.5002],[10.5064,50.5092],[10.4965,50.5061],[10.4716,50.4865],[10.455,50.4862],[10.4386,50.4977],[10.4093,50.49],[10.4014,50.5044],[10.3865,50.508]]]},"properties":{"AGS":"16066094","GEN":"Grabfeld","SN_L":"16"}},
{"type":"Feature","geometry":{"type":"Polygon","coordinates":[[[10.065,50.5281],[10.0483,50.5406],[10.0425,50.534],[10.0413,50.5165],[10.065,50.5281]]]},"properties":{"AGS":"16066012","GEN":"Birx","SN_L":"16"}},
{"type":"Feature","geometry":{"type":"Polygon","coordinates":[[[10.1771,50.58],[10.1717,50.5867],[10.1537,50.5834],[10.1251,50.5928],[10.0911,50.5776],[10.0833,50.5731],[10.0996,50.5543],[10.1071,50.5637],[10.1194,50.5642],[10.1316,50.5649],[10.1503,50.5519],[10.1699,50.546],[10.1779,50.5517],[10.1725,50.5574],[10.1824,50.5747],[10.1771,50.58]]]},"properties":{"AGS":"16066019","GEN":"Erbenhausen","SN_L":"16"}},
{"type":"Feature","geometry":{"type":"Polygon","coordinates":[[[10.0996,50.5543],[10.0833,50.5731],[10.0802,50.5647],[10.0505,50.5632],[10.0618,50.5567],[10.0483,50.5406],[10.065,50.5281],[10.0763,50.5409],[10.0996,50.5543]]]},"properties":{"AGS":"16066024","GEN":"Frankenheim/Rhön","SN_L":"16"}},
{"type":"Feature","geometry":{"type":"Polygon","coordinates":[[[10.0911,50.5776],[10.0788,50.5951],[10.0488,50.5986],[10.0451,50.5752],[10.0505,50.5632],[10.0802,50.5647],[10.0833,50.5731],[10.0911,50.5776]]]},"properties":{"AGS":"16066052","GEN":"Oberweid","SN_L":"16"}},
{"type":"Feature","geometry":{"type":"MultiPolygon","coordinates":[[[[10.1503,50.5519],[10.1316,50.5649],[10.1194,50.5642],[10.1391,50.543],[10.1503,50.5519]]],[[[10.1788,50.6717],[10.1636,50.6714],[10.1425,50.6636],[10.1006,50.6532],[10.0749,50.6515],[10.0753,50.664],[10.0864,50.6663],[10.0617,50.6695],[10.0564,50.6712],[10.0563,50.6681],[10.0572,50.6662],[10.0674,50.6572],[10.083,50.6337],[10.081,50.62],[10.0575,50.6261],[10.0372,50.6129],[10.0474,50.6008],[10.0488,50.5986],[10.0788,50.5951],[10.0911,50.5776],[10.1251,50.5928],[10.1537,50.5834],[10.1717,50.5867],[10.1771,50.58],[10.1864,50.5884],[10.2214,50.5921],[10.2449,50.584],[10.2586,50.588],[10.2436,50.5989],[10.2449,50.6073],[10.2243,50.6179],[10.2137,50.6188],[10.2037,50.631],[10.2163,50.6413],[10.2081,50.6545],[10.1788,50.6717]]]]},"properties":{"AGS":"16066095","GEN":"Kaltennordheim","SN_L":"16"}},
{"type":"Feature","geometry":{"type":"Polygon","coordinates":[[[10.2636,50.6695],[10.2081,50.6545],[10.2163,50.6413],[10.2365,50.6495],[10.2643,50.6517],[10.2706,50.6559],[10.2636,50.6695]]]},"properties":{"AGS":"16066025","GEN":"Friedelshausen","SN_L":"16"}},
{"type":"Feature","geometry":{"type":"Polygon","coordinates":[[[10.3565,50.6395],[10.3245,50.6516],[10.3115,50.6393],[10.3174,50.6239],[10.3486,50.6285],[10.3565,50.6395]]]},"properties":{"AGS":"16066041","GEN":"Mehmels","SN_L":"16"}},
{"type":"Feature","geometry":{"type":"Polygon","coordinates":[[[10.4043,50.6816],[10.408,50.6862],[10.3879,50.696],[10.3706,50.6984],[10.3374,50.7106],[10.3223,50.7035],[10.3055,50.7149],[10.2821,50.7179],[10.2656,50.7028],[10.2512,50.7032],[10.2274,50.6866],[10.2458,50.6804],[10.2857,50.6797],[10.2746,50.6686],[10.2636,50.6695],[10.2706,50.6559],[10.2799,50.6521],[10.3064,50.6591],[10.3265,50.6691],[10.3027,50.6801],[10.317,50.6877],[10.3317,50.6764],[10.3524,50.6809],[10.3923,50.6777],[10.4043,50.6816]]]},"properties":{"AGS":"16066064","GEN":"Schwallungen","SN_L":"16"}},
{"type":"Feature","geometry":{"type":"MultiPolygon","coordinates":[[[[10.2636,50.6695],[10.2746,50.6686],[10.2857,50.6797],[10.2458,50.6804],[10.2274,50.6866],[10.2131,50.6852],[10.2028,50.6757],[10.1788,50.6717],[10.2081,50.6545],[10.2636,50.6695]]],[[[10.4043,50.6816],[10.3923,50.6777],[10.3524,50.6809],[10.3317,50.6764],[10.317,50.6877],[10.3027,50.6801],[10.3265,50.6691],[10.3064,50.6591],[10.2799,50.6521],[10.2706,50.6559],[10.2643,50.6517],[10.2365,50.6495],[10.2163,50.6413],[10.2037,50.631],[10.2137,50.6188],[10.2243,50.6179],[10.2449,50.6073],[10.2436,50.5989],[10.2586,50.588],[10.2672,50.5907],[10.2715,50.6006],[10.2657,50.6102],[10.2899,50.6236],[10.3061,50.6233],[10.3174,50.6239],[10.3115,50.6393],[10.3245,50.6516],[10.3565,50.6395],[10.3689,50.63],[10.3886,50.6311],[10.3962,50.6496],[10.4246,50.6282],[10.4511,50.6378],[10.4577,50.6411],[10.4592,50.6605],[10.4434,50.6679],[10.4426,50.6817],[10.4234,50.6714],[10.4043,50.6816]]]]},"properties":{"AGS":"16066086","GEN":"Wasungen","SN_L":"16"}},
{"type":"Feature","geometry":{"type":"Polygon","coordinates":[[[10.5014,50.5134],[10.5092,50.5282],[10.5029,50.5378],[10.52,50.5448],[10.5271,50.5576],[10.5184,50.5619],[10.5103,50.564],[10.489,50.5515],[10.4888,50.539],[10.4757,50.5164],[10.5014,50.5134]]]},"properties":{"AGS":"16066005","GEN":"Belrieth","SN_L":"16"}},
{"type":"Feature","geometry":{"type":"Polygon","coordinates":[[[10.5245,50.6726],[10.4655,50.6719],[10.4426,50.6817],[10.4434,50.6679],[10.4592,50.6605],[10.4577,50.6411],[10.4704,50.642],[10.5069,50.6513],[10.5142,50.6492],[10.5166,50.6489],[10.5266,50.6586],[10.5245,50.6726]]]},"properties":{"AGS":"16066015","GEN":"Christes","SN_L":"16"}},
{"type":"Feature","geometry":{"type":"Polygon","coordinates":[[[10.5528,50.6079],[10.5416,50.6089],[10.518,50.5848],[10.5279,50.5691],[10.5184,50.5619],[10.5271,50.5576],[10.5274,50.5539],[10.5659,50.5724],[10.5695,50.5666],[10.5825,50.5854],[10.5676,50.5904],[10.5528,50.6079]]]},"properties":{"AGS":"16066016","GEN":"Dillstädt","SN_L":"16"}},
{"type":"Feature","geometry":{"type":"Polygon","coordinates":[[[10.4757,50.5164],[10.4888,50.539],[10.489,50.5515],[10.486,50.5516],[10.4719,50.5404],[10.4492,50.5217],[10.4542,50.512],[10.4757,50.5164]]]},"properties":{"AGS":"16066017","GEN":"Einhausen","SN_L":"16"}},
{"type":"Feature","geometry":{"type":"Polygon","coordinates":[[[10.486,50.5516],[10.478,50.5631],[10.4642,50.5671],[10.4359,50.5569],[10.4406,50.5448],[10.4719,50.5404],[10.486,50.5516]]]},"properties":{"AGS":"16066018","GEN":"Ellingshausen","SN_L":"16"}},
{"type":"Feature","geometry":{"type":"Polygon","coordinates":[[[10.5142,50.6492],[10.5069,50.6513],[10.4704,50.642],[10.4577,50.6411],[10.4511,50.6378],[10.4595,50.6275],[10.4527,50.6177],[10.4569,50.6024],[10.4518,50.5982],[10.4686,50.5856],[10.4802,50.592],[10.4996,50.594],[10.5098,50.5868],[10.519,50.6073],[10.5058,50.6221],[10.5238,50.628],[10.5251,50.6403],[10.5142,50.6492]]]},"properties":{"AGS":"16066038","GEN":"Kühndorf","SN_L":"16"}},
{"type":"Feature","geometry":{"type":"Polygon","coordinates":[[[10.5637,50.4993],[10.5778,50.5135],[10.5799,50.5331],[10.5668,50.5337],[10.5559,50.5317],[10.5391,50.5002],[10.5517,50.4969],[10.5637,50.4993]]]},"properties":{"AGS":"16066039","GEN":"Leutersdorf","SN_L":"16"}},
{"type":"Feature","geometry":{"type":"Polygon","coordinates":[[[10.5014,50.5134],[10.4757,50.5164],[10.4542,50.512],[10.4386,50.4977],[10.455,50.4862],[10.4716,50.4865],[10.4965,50.5061],[10.5064,50.5092],[10.5014,50.5134]]]},"properties":{"AGS":"16066045","GEN":"Neubrunn","SN_L":"16"}},
{"type":"Feature","geometry":{"type":"Polygon","coordinates":[[[10.4719,50.5404],[10.4406,50.5448],[10.427,50.543],[10.4318,50.522],[10.4492,50.5217],[10.4719,50.5404]]]},"properties":{"AGS":"16066049","GEN":"Obermaßfeld-Grimmenthal","SN_L":"16"}},
{"type":"Feature","geometry":{"type":"Polygon","coordinates":[[[10.4492,50.5217],[10.4318,50.522],[10.4014,50.5044],[10.4093,50.49],[10.4386,50.4977],[10.4542,50.512],[10.4492,50.5217]]]},"properties":{"AGS":"16066057","GEN":"Ritschenhausen","SN_L":"16"}},
{"type":"Feature","geometry":{"type":"Polygon","coordinates":[[[10.5098,50.5868],[10.4996,50.594],[10.4802,50.592],[10.4686,50.5856],[10.4642,50.5671],[10.478,50.5631],[10.486,50.5516],[10.489,50.5515],[10.5103,50.564],[10.5184,50.5619],[10.5279,50.5691],[10.518,50.5848],[10.5098,50.5868]]]},"properties":{"AGS":"16066058","GEN":"Rohr","SN_L":"16"}},
{"type":"Feature","geometry":{"type":"Polygon","coordinates":[[[10.5166,50.6489],[10.5142,50.6492],[10.5251,50.6403],[10.5238,50.628],[10.5058,50.6221],[10.519,50.6073],[10.5098,50.5868],[10.518,50.5848],[10.5416,50.6089],[10.5528,50.6079],[10.5522,50.6117],[10.548,50.622],[10.5658,50.6391],[10.5437,50.6434],[10.5257,50.6407],[10.5166,50.6489]]]},"properties":{"AGS":"16066065","GEN":"Schwarza","SN_L":"16"}},
{"type":"Feature","geometry":{"type":"Polygon","coordinates":[[[10.4518,50.5982],[10.4569,50.6024],[10.4527,50.6177],[10.4595,50.6275],[10.4511,50.6378],[10.4246,50.6282],[10.418,50.6179],[10.4339,50.5959],[10.4518,50.5982]]]},"properties":{"AGS":"16066079","GEN":"Utendorf","SN_L":"16"}},
{"type":"Feature","geometry":{"type":"Polygon","coordinates":[[[10.5274,50.5539],[10.5271,50.5576],[10.52,50.5448],[10.5029,50.5378],[10.5092,50.5282],[10.5014,50.5134],[10.5064,50.5092],[10.5391,50.5002],[10.5559,50.5317],[10.5668,50.5337],[10.5579,50.5434],[10.5274,50.5539]]]},"properties":{"AGS":"16066081","GEN":"Vachdorf","SN_L":"16"}},
{"type":"Feature","geometry":{"type":"Polygon","coordinates":[[[10.4246,50.6282],[10.3962,50.6496],[10.3886,50.6311],[10.3689,50.63],[10.3565,50.6395],[10.3486,50.6285],[10.3479,50.6165],[10.3802,50.602],[10.3803,50.5934],[10.3643,50.5865],[10.3076,50.6157],[10.3061,50.6233],[10.2899,50.6236],[10.2657,50.6102],[10.2715,50.6006],[10.2672,50.5907],[10.2804,50.5772],[10.304,50.5821],[10.3123,50.574],[10.307,50.5662],[10.3149,50.5484],[10.328,50.5486],[10.3308,50.53],[10.3383,50.5142],[10.3374,50.5021],[10.3263,50.4946],[10.3414,50.483],[10.3362,50.4659],[10.3482,50.4626],[10.3723,50.4684],[10.3975,50.4858],[10.3814,50.488],[10.3649,50.4997],[10.3749,50.5119],[10.3865,50.508],[10.3795,50.5272],[10.3933,50.5385],[10.427,50.543],[10.4406,50.5448],[10.4359,50.5569],[10.4642,50.5671],[10.4686,50.5856],[10.4518,50.5982],[10.4339,50.5959],[10.418,50.6179],[10.4246,50.6282]]]},"properties":{"AGS":"16066042","GEN":"Meiningen","SN_L":"16"}},
{"type":"Feature","geometry":{"type":"Polygon","coordinates":[[[10.3061,50.6233],[10.3076,50.6157],[10.3643,50.5865],[10.3803,50.5934],[10.3802,50.602],[10.3479,50.6165],[10.3486,50.6285],[10.3174,50.6239],[10.3061,50.6233]]]},"properties":{"AGS":"16066056","GEN":"Rippershausen","SN_L":"16"}},
{"type":"Feature","geometry":{"type":"Polygon","coordinates":[[[10.4318,50.522],[10.427,50.543],[10.3933,50.5385],[10.3795,50.5272],[10.3865,50.508],[10.4014,50.5044],[10.4318,50.522]]]},"properties":{"AGS":"16066076","GEN":"Untermaßfeld","SN_L":"16"}},
{"type":"Feature","geometry":{"type":"Polygon","coordinates":[[[10.373,50.7833],[10.3429,50.7798],[10.3306,50.7873],[10.287,50.7776],[10.2825,50.7698],[10.2627,50.7638],[10.2485,50.7721],[10.2366,50.7668],[10.2232,50.7751],[10.2049,50.7714],[10.2206,50.7478],[10.2127,50.7418],[10.2224,50.7375],[10.2256,50.736],[10.2538,50.7395],[10.2848,50.7435],[10.3083,50.7357],[10.3281,50.742],[10.3446,50.7403],[10.3609,50.7453],[10.366,50.754],[10.3826,50.7565],[10.3702,50.7684],[10.3814,50.7741],[10.373,50.7833]]]},"properties":{"AGS":"16066013","GEN":"Breitungen/Werra","SN_L":"16"}},
{"type":"Feature","geometry":{"type":"Polygon","coordinates":[[[10.4439,50.7689],[10.4168,50.7673],[10.4086,50.7565],[10.3826,50.7565],[10.366,50.754],[10.3609,50.7453],[10.3446,50.7403],[10.3577,50.7323],[10.3607,50.721],[10.3754,50.7199],[10.4011,50.732],[10.4188,50.7368],[10.4275,50.7521],[10.4444,50.7628],[10.4439,50.7689]]]},"properties":{"AGS":"16066022","GEN":"Fambach","SN_L":"16"}},
{"type":"Feature","geometry":{"type":"Polygon","coordinates":[[[10.2821,50.7179],[10.2645,50.7184],[10.2513,50.7255],[10.2538,50.7395],[10.2256,50.736],[10.2287,50.7097],[10.2512,50.7032],[10.2656,50.7028],[10.2821,50.7179]]]},"properties":{"AGS":"16066059","GEN":"Rosa","SN_L":"16"}},
{"type":"Feature","geometry":{"type":"Polygon","coordinates":[[[10.2512,50.7032],[10.2287,50.7097],[10.2256,50.736],[10.2224,50.7375],[10.2105,50.7243],[10.1838,50.7179],[10.1821,50.7045],[10.1913,50.6977],[10.1788,50.6717],[10.2028,50.6757],[10.2131,50.6852],[10.2274,50.6866],[10.2512,50.7032]]]},"properties":{"AGS":"16066061","GEN":"Roßdorf","SN_L":"16"}},
{"type":"Feature","geometry":{"type":"Polygon","coordinates":[[[10.542,50.813],[10.5798,50.8226],[10.592,50.8229],[10.6,50.8331],[10.5968,50.8414],[10.5748,50.8427],[10.6452,50.8673],[10.6318,50.8851],[10.6108,50.8937],[10.6,50.893],[10.5968,50.8762],[10.5823,50.8659],[10.574,50.877],[10.5435,50.8683],[10.5318,50.8652],[10.5186,50.8522],[10.5232,50.8438],[10.5145,50.8368],[10.5403,50.824],[10.542,50.813]]]},"properties":{"AGS":"16067019","GEN":"Friedrichroda","SN_L":"16"}},
{"type":"Feature","geometry":{"type":"Polygon","coordinates":[[[10.7751,50.9605],[10.7575,50.9622],[10.7593,50.98],[10.7548,50.9912],[10.7353,50.9808],[10.7085,50.978],[10.6787,50.9673],[10.6444,50.9676],[10.651,50.9644],[10.6413,50.9381],[10.6225,50.9332],[10.6301,50.9248],[10.6376,50.916],[10.6611,50.9094],[10.6643,50.8924],[10.6844,50.9006],[10.725,50.9078],[10.7291,50.9084],[10.7371,50.9074],[10.7534,50.9253],[10.7797,50.929],[10.7806,50.9357],[10.7739,50.9379],[10.7751,50.9605]]]},"properties":{"AGS":"16067029","GEN":"Gotha","SN_L":"16"}},
{"type":"Feature","geometry":{"type":"Polygon","coordinates":[[[10.5435,50.8683],[10.5233,50.8901],[10.4987,50.8915],[10.4758,50.8747],[10.4666,50.8513],[10.4958,50.8355],[10.5145,50.8368],[10.5232,50.8438],[10.5186,50.8522],[10.5318,50.8652],[10.5435,50.8683]]]},"properties":{"AGS":"16067064","GEN":"Bad Tabarz","SN_L":"16"}},
{"type":"Feature","geometry":{"type":"Polygon","coordinates":[[[10.64,50.8],[10.6177,50.808],[10.6036,50.793],[10.5831,50.7995],[10.5537,50.7954],[10.5456,50.8021],[10.5375,50.7868],[10.5582,50.7842],[10.5668,50.7721],[10.563,50.7659],[10.5755,50.7414],[10.5851,50.7362],[10.613,50.7379],[10.6444,50.7242],[10.6507,50.729],[10.6424,50.7469],[10.6503,50.7497],[10.6441,50.7636],[10.6462,50.776],[10.6303,50.7921],[10.64,50.8]]]},"properties":{"AGS":"16067065","GEN":"Tambach-Dietharz/Thür.Wald","SN_L":"16"}},
{"type":"Feature","geometry":{"type":"Polygon","coordinates":[[[10.6152,50.9178],[10.5995,50.9104],[10.5769,50.9063],[10.5579,50.9181],[10.5267,50.9202],[10.5067,50.9099],[10.4979,50.9008],[10.4793,50.8978],[10.4816,50.9114],[10.4536,50.9099],[10.4434,50.909],[10.4348,50.9038],[10.4359,50.8924],[10.4199,50.8869],[10.4009,50.8643],[10.4121,50.85],[10.4265,50.8428],[10.4549,50.8456],[10.4666,50.8513],[10.4758,50.8747],[10.4987,50.8915],[10.5233,50.8901],[10.5435,50.8683],[10.574,50.877],[10.5823,50.8659],[10.5968,50.8762],[10.6,50.893],[10.6108,50.8937],[10.6195,50.9023],[10.6091,50.9106],[10.6152,50.9178]]]},"properties":{"AGS":"16067072","GEN":"Waltershausen","SN_L":"16"}},
{"type":"Feature","geometry":{"type":"Polygon","coordinates":[[[10.9362,50.8949],[10.9318,50.9096],[10.9632,50.9203],[10.9595,50.9342],[10.9385,50.9469],[10.9174,50.9407],[10.9005,50.9415],[10.8939,50.9605],[10.8654,50.9647],[10.85,50.9526],[10.8667,50.946],[10.8749,50.9225],[10.8598,50.9165],[10.8641,50.9042],[10.8614,50.8792],[10.8743,50.8776],[10.896,50.891],[10.9148,50.895],[10.9362,50.8949]]]},"properties":{"AGS":"16067087","GEN":"Nesse-Apfelstädt","SN_L":"16"}},
{"type":"Feature","geometry":{"type":"Polygon","coordinates":[[[10.5491,50.9801],[10.482,50.9873],[10.4861,50.9698],[10.5208,50.9663],[10.505,50.9551],[10.501,50.9383],[10.4847,50.9202],[10.486,50.9108],[10.4979,50.9008],[10.5067,50.9099],[10.5267,50.9202],[10.5579,50.9181],[10.5769,50.9063],[10.5995,50.9104],[10.6152,50.9178],[10.6301,50.9248],[10.6225,50.9332],[10.6413,50.9381],[10.651,50.9644],[10.6444,50.9676],[10.6316,50.973],[10.6164,50.9779],[10.6006,50.9708],[10.5701,50.97],[10.5491,50.9801]]]},"properties":{"AGS":"16067088","GEN":"Hörsel","SN_L":"16"}},
{"type":"Feature","geometry":{"type":"Polygon","coordinates":[[[10.8049,51.0366],[10.8057,51.0344],[10.8203,51.0257],[10.8211,51.0035],[10.8388,51.0013],[10.8608,51.0063],[10.8553,51.0258],[10.863,51.0265],[10.8624,51.0281],[10.8269,51.0288],[10.8049,51.0366]]]},"properties":{"AGS":"16067004","GEN":"Bienstädt","SN_L":"16"}},
{"type":"Feature","geometry":{"type":"Polygon","coordinates":[[[10.7556,51.0119],[10.7999,51.0367],[10.7837,51.0512],[10.7652,51.0556],[10.7585,51.049],[10.7485,51.0456],[10.7439,51.0292],[10.736,51.0238],[10.7401,51.0124],[10.7556,51.0119]]]},"properties":{"AGS":"16067016","GEN":"Eschenbergen","SN_L":"16"}},
{"type":"Feature","geometry":{"type":"Polygon","coordinates":[[[10.781,50.9854],[10.7661,50.9979],[10.7548,50.9912],[10.7593,50.98],[10.7575,50.9622],[10.7751,50.9605],[10.7985,50.9608],[10.7969,50.9795],[10.781,50.9854]]]},"properties":{"AGS":"16067022","GEN":"Friemar","SN_L":"16"}},
{"type":"Feature","geometry":{"type":"Polygon","coordinates":[[[10.7999,51.0367],[10.7556,51.0119],[10.7661,50.9979],[10.781,50.9854],[10.7995,50.9912],[10.8211,51.0035],[10.8203,51.0257],[10.8057,51.0344],[10.7999,51.0367]]]},"properties":{"AGS":"16067047","GEN":"Molschleben","SN_L":"16"}},
{"type":"Feature","geometry":{"type":"Polygon","coordinates":[[[10.8636,50.9774],[10.8372,50.9927],[10.8346,50.9903],[10.827,50.9558],[10.85,50.9526],[10.8654,50.9647],[10.8636,50.9774]]]},"properties":{"AGS":"16067052","GEN":"Nottleben","SN_L":"16"}},
{"type":"Feature","geometry":{"type":"Polygon","coordinates":[[[10.827,50.9558],[10.8346,50.9903],[10.8186,50.9819],[10.7969,50.9795],[10.7985,50.9608],[10.8178,50.952],[10.827,50.9558]]]},"properties":{"AGS":"16067055","GEN":"Pferdingsleben","SN_L":"16"}},
{"type":"Feature","geometry":{"type":"Polygon","coordinates":[[[10.8346,50.9903],[10.8372,50.9927],[10.8388,51.0013],[10.8211,51.0035],[10.7995,50.9912],[10.781,50.9854],[10.7969,50.9795],[10.8186,50.9819],[10.8346,50.9903]]]},"properties":{"AGS":"16067068","GEN":"Tröchtelborn","SN_L":"16"}},
{"type":"Feature","geometry":{"type":"Polygon","coordinates":[[[10.8178,50.952],[10.7985,50.9608],[10.7751,50.9605],[10.7739,50.9379],[10.7806,50.9357],[10.8116,50.9383],[10.8178,50.952]]]},"properties":{"AGS":"16067071","GEN":"Tüttleben","SN_L":"16"}},
{"type":"Feature","geometry":{"type":"Polygon","coordinates":[[[10.8636,50.9774],[10.892,50.9901],[10.8837,51.0007],[10.8608,51.0063],[10.8388,51.0013],[10.8372,50.9927],[10.8636,50.9774]]]},"properties":{"AGS":"16067082","GEN":"Zimmernsupra","SN_L":"16"}},
{"type":"Feature","geometry":{"type":"Polygon","coordinates":[[[10.8803,51.0983],[10.8358,51.0948],[10.8322,51.0734],[10.8615,51.0607],[10.8653,51.0611],[10.891,51.0716],[10.887,51.0848],[10.8803,51.0983]]]},"properties":{"AGS":"16067009","GEN":"Dachwig","SN_L":"16"}},
{"type":"Feature","geometry":{"type":"Polygon","coordinates":[[[10.8322,51.0734],[10.8358,51.0948],[10.8104,51.098],[10.7835,51.0943],[10.7767,51.0666],[10.7636,51.0563],[10.7559,51.054],[10.7545,51.0505],[10.7585,51.049],[10.7652,51.0556],[10.7837,51.0512],[10.7971,51.066],[10.8322,51.0734]]]},"properties":{"AGS":"16067011","GEN":"Döllstädt","SN_L":"16"}},
{"type":"Feature","geometry":{"type":"Polygon","coordinates":[[[10.8725,51.0571],[10.8653,51.0611],[10.8615,51.0607],[10.8245,51.0492],[10.8049,51.0366],[10.8269,51.0288],[10.8624,51.0281],[10.8701,51.0296],[10.8725,51.0571]]]},"properties":{"AGS":"16067026","GEN":"Gierstädt","SN_L":"16"}},
{"type":"Feature","geometry":{"type":"Polygon","coordinates":[[[10.8615,51.0607],[10.8322,51.0734],[10.7971,51.066],[10.7837,51.0512],[10.7999,51.0367],[10.8057,51.0344],[10.8049,51.0366],[10.8245,51.0492],[10.8615,51.0607]]]},"properties":{"AGS":"16067033","GEN":"Großfahner","SN_L":"16"}},
{"type":"Feature","geometry":{"type":"Polygon","coordinates":[[[10.7421,51.1117],[10.7073,51.1022],[10.705,51.0869],[10.6974,51.0793],[10.7112,51.0524],[10.7545,51.0505],[10.7559,51.054],[10.7636,51.0563],[10.7767,51.0666],[10.7835,51.0943],[10.7709,51.093],[10.7634,51.1062],[10.7421,51.1117]]]},"properties":{"AGS":"16067067","GEN":"Tonna","SN_L":"16"}},
{"type":"Feature","geometry":{"type":"Polygon","coordinates":[[[10.7274,50.7327],[10.7393,50.7416],[10.7379,50.7499],[10.7485,50.7663],[10.7338,50.7701],[10.7241,50.7807],[10.6974,50.7719],[10.6707,50.7683],[10.6679,50.7425],[10.6556,50.7233],[10.6682,50.7235],[10.6866,50.7158],[10.704,50.7164],[10.7197,50.7382],[10.7274,50.7327]]]},"properties":{"AGS":"16067044","GEN":"Luisenthal","SN_L":"16"}},
{"type":"Feature","geometry":{"type":"Polygon","coordinates":[[[10.8205,50.8413],[10.7864,50.843],[10.7693,50.8595],[10.7402,50.8656],[10.7275,50.858],[10.7251,50.8479],[10.7053,50.8427],[10.689,50.8324],[10.7016,50.8267],[10.6628,50.7989],[10.64,50.8],[10.6303,50.7921],[10.6462,50.776],[10.6441,50.7636],[10.6503,50.7497],[10.6424,50.7469],[10.6507,50.729],[10.6444,50.7242],[10.6499,50.7155],[10.6556,50.7233],[10.6679,50.7425],[10.6707,50.7683],[10.6974,50.7719],[10.7241,50.7807],[10.7338,50.7701],[10.7485,50.7663],[10.7379,50.7499],[10.7393,50.7416],[10.7274,50.7327],[10.7527,50.7185],[10.7593,50.7372],[10.7562,50.7439],[10.7682,50.766],[10.7768,50.7697],[10.8021,50.7664],[10.825,50.7804],[10.8267,50.7978],[10.8381,50.8104],[10.8211,50.8137],[10.819,50.8222],[10.8517,50.823],[10.8584,50.8382],[10.8205,50.8413]]]},"properties":{"AGS":"16067053","GEN":"Ohrdruf","SN_L":"16"}},
{"type":"Feature","geometry":{"type":"Polygon","coordinates":[[[10.738,50.866],[10.7488,50.893],[10.7452,50.9015],[10.7291,50.9084],[10.725,50.9078],[10.7073,50.8884],[10.7102,50.8802],[10.7106,50.8728],[10.7275,50.858],[10.738,50.866]]]},"properties":{"AGS":"16067059","GEN":"Schwabhausen","SN_L":"16"}},
{"type":"Feature","geometry":{"type":"Polygon","coordinates":[[[10.827,50.9558],[10.8178,50.952],[10.8116,50.9383],[10.7806,50.9357],[10.7797,50.929],[10.7534,50.9253],[10.7371,50.9074],[10.7291,50.9084],[10.7452,50.9015],[10.7488,50.893],[10.738,50.866],[10.7402,50.8656],[10.7693,50.8595],[10.7864,50.843],[10.8205,50.8413],[10.8377,50.8465],[10.8483,50.8592],[10.8643,50.8592],[10.8743,50.8776],[10.8614,50.8792],[10.8641,50.9042],[10.8598,50.9165],[10.8749,50.9225],[10.8667,50.946],[10.85,50.9526],[10.827,50.9558]]]},"properties":{"AGS":"16067089","GEN":"Drei Gleichen","SN_L":"16"}},
{"type":"Feature","geometry":{"type":"Polygon","coordinates":[[[10.6316,50.973],[10.6348,50.9943],[10.6176,51.0089],[10.5729,50.9934],[10.5536,50.9941],[10.5491,50.9801],[10.5701,50.97],[10.6006,50.9708],[10.6164,50.9779],[10.6316,50.973]]]},"properties":{"AGS":"16067063","GEN":"Sonneborn","SN_L":"16"}},
{"type":"Feature","geometry":{"type":"Polygon","coordinates":[[[10.7112,51.0524],[10.6763,51.0384],[10.6521,51.0417],[10.6266,51.032],[10.6147,51.0392],[10.5931,51.0239],[10.5648,51.0212],[10.5622,51.0145],[10.5066,50.9991],[10.482,50.9873],[10.5491,50.9801],[10.5536,50.9941],[10.5729,50.9934],[10.6176,51.0089],[10.6348,50.9943],[10.6316,50.973],[10.6444,50.9676],[10.6787,50.9673],[10.7085,50.978],[10.7353,50.9808],[10.7548,50.9912],[10.7661,50.9979],[10.7556,51.0119],[10.7401,51.0124],[10.736,51.0238],[10.7439,51.0292],[10.7485,51.0456],[10.7585,51.049],[10.7545,51.0505],[10.7112,51.0524]]]},"properties":{"AGS":"16067091","GEN":"Nessetal","SN_L":"16"}},
{"type":"Feature","geometry":{"type":"Polygon","coordinates":[[[10.725,50.9078],[10.6844,50.9006],[10.6643,50.8924],[10.6595,50.8816],[10.6764,50.8634],[10.692,50.8752],[10.7102,50.8802],[10.7073,50.8884],[10.725,50.9078]]]},"properties":{"AGS":"16067013","GEN":"Emleben","SN_L":"16"}},
{"type":"Feature","geometry":{"type":"MultiPolygon","coordinates":[[[[10.7275,50.858],[10.7402,50.8656],[10.738,50.866],[10.7275,50.858]]],[[[10.7275,50.858],[10.7106,50.8728],[10.7102,50.8802],[10.692,50.8752],[10.6764,50.8634],[10.6595,50.8816],[10.6643,50.8924],[10.6611,50.9094],[10.6376,50.916],[10.6301,50.9248],[10.6152,50.9178],[10.6091,50.9106],[10.6195,50.9023],[10.6108,50.8937],[10.6318,50.8851],[10.6452,50.8673],[10.5748,50.8427],[10.5968,50.8414],[10.6,50.8331],[10.592,50.8229],[10.5798,50.8226],[10.542,50.813],[10.5456,50.8021],[10.5537,50.7954],[10.5831,50.7995],[10.6036,50.793],[10.6177,50.808],[10.64,50.8],[10.6628,50.7989],[10.7016,50.8267],[10.689,50.8324],[10.7053,50.8427],[10.7251,50.8479],[10.7275,50.858]]]]},"properties":{"AGS":"16067092","GEN":"Georgenthal","SN_L":"16"}},
{"type":"Feature","geometry":{"type":"Polygon","coordinates":[[[11.3854,51.2459],[11.3849,51.2514],[11.3624,51.2573],[11.3524,51.2727],[11.3365,51.2721],[11.307,51.2842],[11.3136,51.2781],[11.312,51.2693],[11.3266,51.2635],[11.3142,51.2512],[11.2945,51.2444],[11.2556,51.2645],[11.2511,51.2572],[11.2173,51.2346],[11.2071,51.2178],[11.1888,51.2182],[11.1889,51.1949],[11.1996,51.1905],[11.2032,51.1655],[11.2262,51.1506],[11.2264,51.1638],[11.2589,51.1626],[11.2729,51.179],[11.3038,51.1805],[11.311,51.1754],[11.3029,51.1951],[11.3113,51.2103],[11.329,51.2125],[11.329,51.2374],[11.3461,51.2387],[11.369,51.2296],[11.3854,51.2459]]]},"properties":{"AGS":"16068034","GEN":"Kölleda","SN_L":"16"}},
{"type":"Feature","geometry":{"type":"Polygon","coordinates":[[[11.2173,51.2346],[11.1985,51.2442],[11.1856,51.2454],[11.1727,51.2259],[11.1666,51.2202],[11.1359,51.2174],[11.1424,51.2028],[11.1246,51.1933],[11.1296,51.1847],[11.0944,51.1814],[11.0867,51.1719],[11.0578,51.1703],[11.0435,51.1727],[11.0434,51.1646],[11.0613,51.1484],[11.0563,51.1419],[11.0642,51.1283],[11.0983,51.1251],[11.1471,51.1301],[11.1741,51.1262],[11.2096,51.133],[11.2379,51.1476],[11.2346,51.1485],[11.2262,51.1506],[11.2032,51.1655],[11.1996,51.1905],[11.1889,51.1949],[11.1888,51.2182],[11.2071,51.2178],[11.2173,51.2346]]]},"properties":{"AGS":"16068051","GEN":"Sömmerda","SN_L":"16"}},
{"type":"Feature","geometry":{"type":"Polygon","coordinates":[[[11.105,51.2205],[11.1036,51.2143],[11.0833,51.2106],[11.0637,51.2114],[11.0393,51.2438],[11.0082,51.244],[11.0013,51.221],[10.9805,51.2219],[10.9727,51.2],[10.9908,51.1962],[10.9984,51.1863],[11.0223,51.1771],[11.0435,51.1727],[11.0578,51.1703],[11.0867,51.1719],[11.0944,51.1814],[11.1296,51.1847],[11.1246,51.1933],[11.1424,51.2028],[11.1359,51.2174],[11.126,51.2277],[11.105,51.2205]]]},"properties":{"AGS":"16068058","GEN":"Weißensee","SN_L":"16"}},
{"type":"Feature","geometry":{"type":"Polygon","coordinates":[[[11.4701,51.1803],[11.4686,51.1927],[11.4524,51.1925],[11.4346,51.1663],[11.4108,51.1583],[11.3817,51.1585],[11.3403,51.1768],[11.325,51.1758],[11.3235,51.1673],[11.3009,51.1541],[11.2935,51.129],[11.2688,51.1329],[11.2532,51.1253],[11.2519,51.1065],[11.267,51.1009],[11.3127,51.0978],[11.372,51.1009],[11.3924,51.0959],[11.4164,51.1039],[11.4291,51.1032],[11.4342,51.0896],[11.4567,51.0969],[11.4801,51.0999],[11.4846,51.1054],[11.4634,51.1128],[11.4628,51.1293],[11.451,51.1467],[11.4719,51.1482],[11.4855,51.168],[11.4708,51.1698],[11.4701,51.1803]]]},"properties":{"AGS":"16068063","GEN":"Buttstädt","SN_L":"16"}},
{"type":"Feature","geometry":{"type":"Polygon","coordinates":[[[10.9491,51.0943],[10.9453,51.0987],[10.887,51.0848],[10.891,51.0716],[10.9319,51.0774],[10.9491,51.0943]]]},"properties":{"AGS":"16068002","GEN":"Andisleben","SN_L":"16"}},
{"type":"Feature","geometry":{"type":"Polygon","coordinates":[[[10.9569,51.1259],[10.9446,51.134],[10.9389,51.1409],[10.9075,51.1405],[10.8999,51.1344],[10.8768,51.1261],[10.884,51.1013],[10.8803,51.0983],[10.887,51.0848],[10.9453,51.0987],[10.9467,51.1121],[10.9569,51.1259]]]},"properties":{"AGS":"16068014","GEN":"Gebesee","SN_L":"16"}},
{"type":"Feature","geometry":{"type":"Polygon","coordinates":[[[10.9809,51.0977],[10.9635,51.1248],[10.9569,51.1259],[10.9467,51.1121],[10.9453,51.0987],[10.9491,51.0943],[10.9631,51.0864],[10.9809,51.0977]]]},"properties":{"AGS":"16068045","GEN":"Ringleben","SN_L":"16"}},
{"type":"Feature","geometry":{"type":"Polygon","coordinates":[[[10.9631,51.0864],[10.9491,51.0943],[10.9319,51.0774],[10.891,51.0716],[10.8653,51.0611],[10.8725,51.0571],[10.8964,51.06],[10.9099,51.0487],[10.9441,51.0558],[10.9483,51.0621],[10.976,51.0649],[10.9631,51.0864]]]},"properties":{"AGS":"16068057","GEN":"Walschleben","SN_L":"16"}},
{"type":"Feature","geometry":{"type":"Polygon","coordinates":[[[11.1727,51.2259],[11.1856,51.2454],[11.1602,51.2538],[11.1356,51.2408],[11.1727,51.2259]]]},"properties":{"AGS":"16068005","GEN":"Büchel","SN_L":"16"}},
{"type":"Feature","geometry":{"type":"Polygon","coordinates":[[[11.1359,51.2174],[11.1666,51.2202],[11.1727,51.2259],[11.1356,51.2408],[11.126,51.2277],[11.1359,51.2174]]]},"properties":{"AGS":"16068015","GEN":"Griefstedt","SN_L":"16"}},
{"type":"Feature","geometry":{"type":"Polygon","coordinates":[[[11.105,51.2205],[11.0945,51.245],[11.0393,51.2438],[11.0637,51.2114],[11.0833,51.2106],[11.1036,51.2143],[11.105,51.2205]]]},"properties":{"AGS":"16068022","GEN":"Günstedt","SN_L":"16"}},
{"type":"Feature","geometry":{"type":"Polygon","coordinates":[[[11.0819,51.319],[11.0629,51.3096],[11.0531,51.2917],[11.0311,51.2901],[11.0341,51.2823],[11.0178,51.2718],[10.9961,51.2603],[10.9939,51.2498],[11.0082,51.244],[11.0393,51.2438],[11.0945,51.245],[11.105,51.2205],[11.126,51.2277],[11.1356,51.2408],[11.1602,51.2538],[11.1602,51.2687],[11.153,51.2859],[11.1203,51.2877],[11.1133,51.3007],[11.1008,51.3008],[11.1032,51.313],[11.0819,51.319]]]},"properties":{"AGS":"16068064","GEN":"Kindelbrück","SN_L":"16"}},
{"type":"Feature","geometry":{"type":"Polygon","coordinates":[[[11.311,51.1754],[11.3038,51.1805],[11.2729,51.179],[11.2589,51.1626],[11.2264,51.1638],[11.2262,51.1506],[11.2346,51.1485],[11.2432,51.1565],[11.2765,51.1569],[11.3009,51.1541],[11.3235,51.1673],[11.325,51.1758],[11.311,51.1754]]]},"properties":{"AGS":"16068019","GEN":"Großneuhausen","SN_L":"16"}},
{"type":"Feature","geometry":{"type":"Polygon","coordinates":[[[11.3009,51.1541],[11.2765,51.1569],[11.2432,51.1565],[11.2346,51.1485],[11.2379,51.1476],[11.2579,51.1441],[11.2688,51.1329],[11.2935,51.129],[11.3009,51.1541]]]},"properties":{"AGS":"16068033","GEN":"Kleinneuhausen","SN_L":"16"}},
{"type":"Feature","geometry":{"type":"Polygon","coordinates":[[[11.369,51.2296],[11.3461,51.2387],[11.329,51.2374],[11.329,51.2125],[11.3113,51.2103],[11.3029,51.1951],[11.311,51.1754],[11.325,51.1758],[11.3403,51.1768],[11.355,51.2082],[11.3692,51.2091],[11.374,51.2196],[11.369,51.2296]]]},"properties":{"AGS":"16068041","GEN":"Ostramondra","SN_L":"16"}},
{"type":"Feature","geometry":{"type":"Polygon","coordinates":[[[11.4524,51.1925],[11.446,51.2081],[11.4309,51.2125],[11.4081,51.2037],[11.3914,51.2035],[11.391,51.2165],[11.374,51.2196],[11.3692,51.2091],[11.355,51.2082],[11.3403,51.1768],[11.3817,51.1585],[11.4108,51.1583],[11.4346,51.1663],[11.4524,51.1925]]]},"properties":{"AGS":"16068042","GEN":"Rastenberg","SN_L":"16"}},
{"type":"Feature","geometry":{"type":"Polygon","coordinates":[[[10.9727,51.2],[10.9617,51.2057],[10.9226,51.2052],[10.9149,51.1815],[10.921,51.1739],[10.9495,51.1764],[10.9978,51.1835],[10.9984,51.1863],[10.9908,51.1962],[10.9727,51.2]]]},"properties":{"AGS":"16068013","GEN":"Gangloffsömmern","SN_L":"16"}},
{"type":"Feature","geometry":{"type":"Polygon","coordinates":[[[11.0447,51.1182],[11.0151,51.1214],[10.9882,51.1372],[10.9717,51.1342],[10.9635,51.1248],[10.9809,51.0977],[11.0116,51.0993],[11.0285,51.1038],[11.0368,51.0986],[11.0419,51.1149],[11.0447,51.1182]]]},"properties":{"AGS":"16068025","GEN":"Haßleben","SN_L":"16"}},
{"type":"Feature","geometry":{"type":"Polygon","coordinates":[[[11.0368,51.0986],[11.0285,51.1038],[11.0116,51.0993],[10.9809,51.0977],[10.9631,51.0864],[10.976,51.0649],[10.9906,51.0684],[10.9999,51.0766],[11.0304,51.0846],[11.0368,51.0986]]]},"properties":{"AGS":"16068044","GEN":"Riethnordhausen","SN_L":"16"}},
{"type":"Feature","geometry":{"type":"Polygon","coordinates":[[[10.9149,51.1815],[10.9052,51.1795],[10.9101,51.1661],[10.9075,51.1405],[10.9389,51.1409],[10.9446,51.134],[10.9609,51.1457],[10.9495,51.1764],[10.921,51.1739],[10.9149,51.1815]]]},"properties":{"AGS":"16068049","GEN":"Schwerstedt","SN_L":"16"}},
{"type":"Feature","geometry":{"type":"Polygon","coordinates":[[[11.0223,51.1771],[10.9984,51.1863],[10.9978,51.1835],[10.9495,51.1764],[10.9609,51.1457],[10.9446,51.134],[10.9569,51.1259],[10.9635,51.1248],[10.9717,51.1342],[10.9882,51.1372],[11.0057,51.1496],[11.0218,51.1522],[11.0223,51.1771]]]},"properties":{"AGS":"16068053","GEN":"Straußfurt","SN_L":"16"}},
{"type":"Feature","geometry":{"type":"Polygon","coordinates":[[[11.0563,51.1419],[11.0313,51.1461],[11.0218,51.1522],[11.0057,51.1496],[10.9882,51.1372],[11.0151,51.1214],[11.0447,51.1182],[11.052,51.1274],[11.0642,51.1283],[11.0563,51.1419]]]},"properties":{"AGS":"16068059","GEN":"Werningshausen","SN_L":"16"}},
{"type":"Feature","geometry":{"type":"Polygon","coordinates":[[[11.0435,51.1727],[11.0223,51.1771],[11.0218,51.1522],[11.0313,51.1461],[11.0563,51.1419],[11.0613,51.1484],[11.0434,51.1646],[11.0435,51.1727]]]},"properties":{"AGS":"16068062","GEN":"Wundersleben","SN_L":"16"}},
{"type":"Feature","geometry":{"type":"Polygon","coordinates":[[[11.0664,51.0794],[11.0778,51.0896],[11.0604,51.1051],[11.0568,51.1156],[11.0419,51.1149],[11.0368,51.0986],[11.0304,51.0846],[11.042,51.08],[11.0664,51.0794]]]},"properties":{"AGS":"16068001","GEN":"Alperstedt","SN_L":"16"}},
{"type":"Feature","geometry":{"type":"Polygon","coordinates":[[[11.1533,51.0805],[11.1437,51.0923],[11.1283,51.0912],[11.1308,51.0764],[11.1456,51.0666],[11.1442,51.0604],[11.1655,51.0548],[11.1722,51.0578],[11.1756,51.0715],[11.1533,51.0805]]]},"properties":{"AGS":"16068007","GEN":"Eckstedt","SN_L":"16"}},
{"type":"Feature","geometry":{"type":"Polygon","coordinates":[[[11.1606,51.04],[11.1412,51.0378],[11.1361,51.0215],[11.146,51.0175],[11.1705,51.0185],[11.1746,51.0256],[11.1606,51.04]]]},"properties":{"AGS":"16068017","GEN":"Großmölsen","SN_L":"16"}},
{"type":"Feature","geometry":{"type":"Polygon","coordinates":[[[11.0642,51.1283],[11.052,51.1274],[11.0447,51.1182],[11.0419,51.1149],[11.0568,51.1156],[11.0604,51.1051],[11.0778,51.0896],[11.0664,51.0794],[11.0915,51.0653],[11.1208,51.0676],[11.1308,51.0764],[11.1283,51.0912],[11.1223,51.1032],[11.0991,51.1091],[11.0983,51.1251],[11.0642,51.1283]]]},"properties":{"AGS":"16068021","GEN":"Großrudestedt","SN_L":"16"}},
{"type":"Feature","geometry":{"type":"Polygon","coordinates":[[[11.146,51.0175],[11.1361,51.0215],[11.1412,51.0378],[11.1083,51.033],[11.1266,51.0144],[11.146,51.0175]]]},"properties":{"AGS":"16068032","GEN":"Kleinmölsen","SN_L":"16"}},
{"type":"Feature","geometry":{"type":"Polygon","coordinates":[[[11.2017,51.0654],[11.1928,51.0795],[11.1961,51.1001],[11.1768,51.0924],[11.1712,51.0842],[11.1533,51.0805],[11.1756,51.0715],[11.1722,51.0578],[11.1982,51.0541],[11.2017,51.0654]]]},"properties":{"AGS":"16068036","GEN":"Markvippach","SN_L":"16"}},
{"type":"Feature","geometry":{"type":"Polygon","coordinates":[[[11.042,51.08],[11.0304,51.0846],[10.9999,51.0766],[10.9906,51.0684],[10.9922,51.0589],[11.016,51.0594],[11.0263,51.0674],[11.0397,51.0652],[11.042,51.08]]]},"properties":{"AGS":"16068037","GEN":"Nöda","SN_L":"16"}},
{"type":"Feature","geometry":{"type":"Polygon","coordinates":[[[11.1982,51.0541],[11.1722,51.0578],[11.1655,51.0548],[11.1699,51.0433],[11.1606,51.04],[11.1746,51.0256],[11.1964,51.0244],[11.2173,51.0326],[11.2082,51.0437],[11.1982,51.0541]]]},"properties":{"AGS":"16068039","GEN":"Ollendorf","SN_L":"16"}},
{"type":"Feature","geometry":{"type":"Polygon","coordinates":[[[11.1741,51.1262],[11.1471,51.1301],[11.0983,51.1251],[11.0991,51.1091],[11.1223,51.1032],[11.1283,51.0912],[11.1437,51.0923],[11.1533,51.0805],[11.1712,51.0842],[11.1768,51.0924],[11.1961,51.1001],[11.1967,51.1013],[11.1744,51.1056],[11.1741,51.1262]]]},"properties":{"AGS":"16068048","GEN":"Schloßvippach","SN_L":"16"}},
{"type":"Feature","geometry":{"type":"Polygon","coordinates":[[[11.2096,51.133],[11.1741,51.1262],[11.1744,51.1056],[11.1967,51.1013],[11.2108,51.1045],[11.2151,51.1226],[11.2096,51.133]]]},"properties":{"AGS":"16068052","GEN":"Sprötau","SN_L":"16"}},
{"type":"Feature","geometry":{"type":"Polygon","coordinates":[[[11.1308,51.0764],[11.1208,51.0676],[11.0915,51.0653],[11.1013,51.0343],[11.1083,51.033],[11.1412,51.0378],[11.1606,51.04],[11.1699,51.0433],[11.1655,51.0548],[11.1442,51.0604],[11.1456,51.0666],[11.1308,51.0764]]]},"properties":{"AGS":"16068055","GEN":"Udestedt","SN_L":"16"}},
{"type":"Feature","geometry":{"type":"Polygon","coordinates":[[[11.2688,51.1329],[11.2579,51.1441],[11.2379,51.1476],[11.2096,51.133],[11.2151,51.1226],[11.2108,51.1045],[11.2306,51.1037],[11.2519,51.1065],[11.2532,51.1253],[11.2688,51.1329]]]},"properties":{"AGS":"16068056","GEN":"Vogelsberg","SN_L":"16"}},
{"type":"Feature","geometry":{"type":"Polygon","coordinates":[[[10.976,51.0649],[10.9483,51.0621],[10.9441,51.0558],[10.9099,51.0487],[10.9171,51.0351],[10.9364,51.0305],[10.9545,51.0373],[10.9867,51.0433],[10.976,51.0649]]]},"properties":{"AGS":"16068009","GEN":"Elxleben","SN_L":"16"}},
{"type":"Feature","geometry":{"type":"Polygon","coordinates":[[[10.9099,51.0487],[10.8964,51.06],[10.8725,51.0571],[10.8701,51.0296],[10.8624,51.0281],[10.863,51.0265],[10.9002,51.0246],[10.9133,51.015],[10.9251,51.0147],[10.9364,51.0305],[10.9171,51.0351],[10.9099,51.0487]]]},"properties":{"AGS":"16068061","GEN":"Witterda","SN_L":"16"}},
{"type":"Feature","geometry":{"type":"Polygon","coordinates":[[[11.0153,50.4801],[10.9881,50.4799],[10.9876,50.4928],[10.9719,50.4845],[10.9564,50.4829],[10.9209,50.4884],[10.9061,50.4851],[10.8949,50.4757],[10.9042,50.4678],[10.9094,50.4453],[10.8698,50.4334],[10.8666,50.4221],[10.8398,50.4199],[10.8398,50.4054],[10.8304,50.3926],[10.8572,50.3878],[10.8727,50.3968],[10.8915,50.3806],[10.9101,50.3867],[10.9328,50.3924],[10.9457,50.3865],[10.9594,50.4005],[10.9392,50.4146],[10.9616,50.4213],[10.988,50.4332],[11.0008,50.4429],[11.0279,50.4584],[11.0395,50.4687],[11.0153,50.4801]]]},"properties":{"AGS":"16069012","GEN":"Eisfeld","SN_L":"16"}},
{"type":"Feature","geometry":{"type":"Polygon","coordinates":[[[10.7698,50.4727],[10.7496,50.4799],[10.7217,50.4771],[10.6769,50.4608],[10.6615,50.4497],[10.6421,50.4282],[10.6619,50.4112],[10.6443,50.403],[10.6775,50.4005],[10.7157,50.3998],[10.7222,50.4084],[10.7436,50.3945],[10.7604,50.4018],[10.7534,50.4132],[10.7576,50.4234],[10.7695,50.4275],[10.7831,50.4233],[10.8036,50.4361],[10.8124,50.4297],[10.8293,50.4389],[10.8219,50.4517],[10.8115,50.4563],[10.7869,50.4544],[10.7698,50.4727]]]},"properties":{"AGS":"16069024","GEN":"Hildburghausen","SN_L":"16"}},
{"type":"Feature","geometry":{"type":"Polygon","coordinates":[[[10.9424,50.5482],[10.9071,50.5994],[10.8957,50.6098],[10.8784,50.5972],[10.8808,50.5877],[10.8613,50.5635],[10.8669,50.557],[10.8528,50.5428],[10.8419,50.5415],[10.8247,50.5269],[10.8388,50.5157],[10.8367,50.5041],[10.8736,50.4821],[10.8924,50.4841],[10.8828,50.486],[10.8821,50.505],[10.9254,50.5192],[10.9354,50.5271],[10.9424,50.5482]]]},"properties":{"AGS":"16069042","GEN":"Schleusegrund","SN_L":"16"}},
{"type":"Feature","geometry":{"type":"Polygon","coordinates":[[[10.8273,50.5805],[10.798,50.5802],[10.7705,50.596],[10.7646,50.6137],[10.7461,50.6131],[10.7159,50.5881],[10.7086,50.5761],[10.6888,50.575],[10.6715,50.5628],[10.6706,50.5578],[10.6838,50.56],[10.6981,50.5521],[10.6936,50.5366],[10.6963,50.5264],[10.6846,50.5189],[10.6847,50.5111],[10.7012,50.4962],[10.6931,50.487],[10.7226,50.4895],[10.7348,50.48],[10.7496,50.4799],[10.7698,50.4727],[10.7908,50.4812],[10.8116,50.4851],[10.8261,50.5012],[10.8367,50.5041],[10.8388,50.5157],[10.8247,50.5269],[10.8419,50.5415],[10.8528,50.5428],[10.8669,50.557],[10.8613,50.5635],[10.8559,50.5744],[10.8402,50.5744],[10.8273,50.5805]]]},"properties":{"AGS":"16069043","GEN":"Schleusingen","SN_L":"16"}},
{"type":"Feature","geometry":{"type":"Polygon","coordinates":[[[10.8675,50.4374],[10.8293,50.4389],[10.8124,50.4297],[10.8036,50.4361],[10.7831,50.4233],[10.7695,50.4275],[10.7576,50.4234],[10.7534,50.4132],[10.7604,50.4018],[10.7854,50.3852],[10.8043,50.3791],[10.8304,50.3926],[10.8398,50.4054],[10.8398,50.4199],[10.8666,50.4221],[10.8698,50.4334],[10.8675,50.4374]]]},"properties":{"AGS":"16069053","GEN":"Veilsdorf","SN_L":"16"}},
{"type":"Feature","geometry":{"type":"Polygon","coordinates":[[[10.9926,50.5286],[10.989,50.5357],[10.9678,50.5396],[10.9687,50.5528],[10.9424,50.5482],[10.9354,50.5271],[10.9254,50.5192],[10.8821,50.505],[10.8828,50.486],[10.8924,50.4841],[10.9061,50.4851],[10.9209,50.4884],[10.9564,50.4829],[10.9719,50.4845],[10.9876,50.4928],[10.9772,50.5029],[11.0007,50.5152],[10.9926,50.5286]]]},"properties":{"AGS":"16069061","GEN":"Masserberg","SN_L":"16"}},
{"type":"Feature","geometry":{"type":"Polygon","coordinates":[[[10.574,50.4354],[10.5661,50.4398],[10.5331,50.4353],[10.5017,50.4491],[10.4881,50.4485],[10.4797,50.4161],[10.4596,50.4008],[10.4505,50.4019],[10.4585,50.3832],[10.4735,50.3725],[10.4873,50.3753],[10.495,50.3652],[10.5125,50.3598],[10.5146,50.3499],[10.5342,50.366],[10.5549,50.3547],[10.5557,50.3414],[10.5782,50.3356],[10.6053,50.3594],[10.6223,50.3518],[10.6472,50.3503],[10.6813,50.3891],[10.6775,50.4005],[10.6443,50.403],[10.6619,50.4112],[10.6421,50.4282],[10.6264,50.4325],[10.6206,50.4191],[10.5921,50.4159],[10.59,50.4235],[10.574,50.4354]]]},"properties":{"AGS":"16069062","GEN":"Römhild","SN_L":"16"}},
{"type":"Feature","geometry":{"type":"Polygon","coordinates":[[[10.6936,50.5366],[10.6728,50.5298],[10.6769,50.5223],[10.6846,50.5189],[10.6963,50.5264],[10.6936,50.5366]]]},"properties":{"AGS":"16069001","GEN":"Ahlstädt","SN_L":"16"}},
{"type":"Feature","geometry":{"type":"Polygon","coordinates":[[[10.6188,50.4847],[10.5981,50.4836],[10.5894,50.4884],[10.5672,50.4761],[10.5727,50.473],[10.5809,50.4659],[10.617,50.4663],[10.6235,50.4693],[10.6188,50.4847]]]},"properties":{"AGS":"16069003","GEN":"Beinerstadt","SN_L":"16"}},
{"type":"Feature","geometry":{"type":"Polygon","coordinates":[[[10.6936,50.5366],[10.6981,50.5521],[10.6838,50.56],[10.6706,50.5578],[10.6695,50.5427],[10.6529,50.5382],[10.6728,50.5298],[10.6936,50.5366]]]},"properties":{"AGS":"16069004","GEN":"Bischofrod","SN_L":"16"}},
{"type":"Feature","geometry":{"type":"Polygon","coordinates":[[[10.6164,50.445],[10.585,50.444],[10.574,50.4354],[10.59,50.4235],[10.5921,50.4159],[10.6206,50.4191],[10.6264,50.4325],[10.6164,50.445]]]},"properties":{"AGS":"16069008","GEN":"Dingsleben","SN_L":"16"}},
{"type":"Feature","geometry":{"type":"Polygon","coordinates":[[[10.6692,50.4762],[10.6697,50.4878],[10.65,50.4902],[10.6543,50.4779],[10.6692,50.4762]]]},"properties":{"AGS":"16069009","GEN":"Ehrenberg","SN_L":"16"}},
{"type":"Feature","geometry":{"type":"Polygon","coordinates":[[[10.6529,50.5382],[10.6695,50.5427],[10.6706,50.5578],[10.6715,50.5628],[10.6586,50.5614],[10.6363,50.54],[10.6529,50.5382]]]},"properties":{"AGS":"16069011","GEN":"Eichenberg","SN_L":"16"}},
{"type":"Feature","geometry":{"type":"Polygon","coordinates":[[[10.65,50.4902],[10.6366,50.4906],[10.6188,50.4847],[10.6235,50.4693],[10.6543,50.4779],[10.65,50.4902]]]},"properties":{"AGS":"16069016","GEN":"Grimmelshausen","SN_L":"16"}},
{"type":"Feature","geometry":{"type":"Polygon","coordinates":[[[10.6363,50.54],[10.6586,50.5614],[10.6518,50.5635],[10.6364,50.5637],[10.6189,50.5519],[10.6193,50.5431],[10.6355,50.5395],[10.6363,50.54]]]},"properties":{"AGS":"16069017","GEN":"Grub","SN_L":"16"}},
{"type":"Feature","geometry":{"type":"Polygon","coordinates":[[[10.5954,50.5321],[10.59,50.5357],[10.5799,50.5331],[10.5778,50.5135],[10.5637,50.4993],[10.5954,50.4964],[10.6032,50.5031],[10.6081,50.5223],[10.5954,50.5321]]]},"properties":{"AGS":"16069021","GEN":"Henfstädt","SN_L":"16"}},
{"type":"Feature","geometry":{"type":"Polygon","coordinates":[[[10.6769,50.5223],[10.6687,50.5213],[10.6531,50.5078],[10.6355,50.4991],[10.6366,50.4906],[10.65,50.4902],[10.6697,50.4878],[10.6692,50.4762],[10.6769,50.4608],[10.7217,50.4771],[10.7496,50.4799],[10.7348,50.48],[10.7226,50.4895],[10.6931,50.487],[10.7012,50.4962],[10.6847,50.5111],[10.6846,50.5189],[10.6769,50.5223]]]},"properties":{"AGS":"16069025","GEN":"Kloster Veßra","SN_L":"16"}},
{"type":"Feature","geometry":{"type":"Polygon","coordinates":[[[10.6529,50.5382],[10.6363,50.54],[10.6355,50.5395],[10.6292,50.5299],[10.6409,50.5142],[10.6531,50.5078],[10.6687,50.5213],[10.6769,50.5223],[10.6728,50.5298],[10.6529,50.5382]]]},"properties":{"AGS":"16069026","GEN":"Lengfeld","SN_L":"16"}},
{"type":"Feature","geometry":{"type":"Polygon","coordinates":[[[10.5695,50.5666],[10.5659,50.5724],[10.5274,50.5539],[10.5579,50.5434],[10.5668,50.5337],[10.5799,50.5331],[10.59,50.5357],[10.586,50.5533],[10.589,50.5627],[10.6017,50.5705],[10.5884,50.5637],[10.5695,50.5666]]]},"properties":{"AGS":"16069028","GEN":"Marisfeld","SN_L":"16"}},
{"type":"Feature","geometry":{"type":"Polygon","coordinates":[[[10.6518,50.5635],[10.655,50.5705],[10.6301,50.5801],[10.6153,50.5806],[10.6017,50.5705],[10.589,50.5627],[10.586,50.5533],[10.59,50.5357],[10.5954,50.5321],[10.6097,50.5338],[10.6193,50.5431],[10.6189,50.5519],[10.6364,50.5637],[10.6518,50.5635]]]},"properties":{"AGS":"16069035","GEN":"Oberstadt","SN_L":"16"}},
{"type":"Feature","geometry":{"type":"Polygon","coordinates":[[[10.6692,50.4762],[10.6543,50.4779],[10.6235,50.4693],[10.617,50.4663],[10.6222,50.4604],[10.6122,50.4513],[10.6164,50.445],[10.6264,50.4325],[10.6421,50.4282],[10.6615,50.4497],[10.6769,50.4608],[10.6692,50.4762]]]},"properties":{"AGS":"16069037","GEN":"Reurieth","SN_L":"16"}},
{"type":"Feature","geometry":{"type":"Polygon","coordinates":[[[10.6153,50.5806],[10.6066,50.5874],[10.5825,50.5854],[10.5695,50.5666],[10.5884,50.5637],[10.6017,50.5705],[10.6153,50.5806]]]},"properties":{"AGS":"16069044","GEN":"Schmeheim","SN_L":"16"}},
{"type":"Feature","geometry":{"type":"Polygon","coordinates":[[[10.5727,50.473],[10.5711,50.4572],[10.585,50.444],[10.6164,50.445],[10.6122,50.4513],[10.6222,50.4604],[10.617,50.4663],[10.5809,50.4659],[10.5727,50.473]]]},"properties":{"AGS":"16069047","GEN":"St. Bernhard","SN_L":"16"}},
{"type":"Feature","geometry":{"type":"Polygon","coordinates":[[[10.6355,50.5395],[10.6193,50.5431],[10.6097,50.5338],[10.5954,50.5321],[10.6081,50.5223],[10.6032,50.5031],[10.5954,50.4964],[10.5637,50.4993],[10.5517,50.4969],[10.5672,50.4761],[10.5894,50.4884],[10.5981,50.4836],[10.6188,50.4847],[10.6366,50.4906],[10.6355,50.4991],[10.6531,50.5078],[10.6409,50.5142],[10.6292,50.5299],[10.6355,50.5395]]]},"properties":{"AGS":"16069051","GEN":"Themar","SN_L":"16"}},
{"type":"Feature","geometry":{"type":"Polygon","coordinates":[[[10.614,50.3359],[10.6006,50.3337],[10.5954,50.3196],[10.6058,50.3218],[10.6279,50.3177],[10.6389,50.3209],[10.6338,50.3315],[10.614,50.3359]]]},"properties":{"AGS":"16069041","GEN":"Schlechtsart","SN_L":"16"}},
{"type":"Feature","geometry":{"type":"Polygon","coordinates":[[[10.6623,50.2223],[10.6652,50.2328],[10.6448,50.2475],[10.6114,50.2512],[10.6004,50.2441],[10.6101,50.228],[10.612,50.2241],[10.6575,50.2237],[10.6623,50.2223]]]},"properties":{"AGS":"16069046","GEN":"Schweickershausen","SN_L":"16"}},
{"type":"Feature","geometry":{"type":"Polygon","coordinates":[[[10.7604,50.4018],[10.7436,50.3945],[10.7222,50.4084],[10.7157,50.3998],[10.6775,50.4005],[10.6813,50.3891],[10.6472,50.3503],[10.6223,50.3518],[10.6053,50.3594],[10.5782,50.3356],[10.6006,50.3337],[10.614,50.3359],[10.6402,50.3453],[10.6736,50.3337],[10.6914,50.3131],[10.7147,50.3265],[10.7281,50.3381],[10.7153,50.3636],[10.7387,50.3629],[10.7494,50.358],[10.7738,50.372],[10.7854,50.3852],[10.7604,50.4018]]]},"properties":{"AGS":"16069049","GEN":"Straufhain","SN_L":"16"}},
{"type":"Feature","geometry":{"type":"Polygon","coordinates":[[[10.8445,50.2759],[10.8175,50.2776],[10.8138,50.2692],[10.7829,50.2691],[10.7755,50.2639],[10.7818,50.2513],[10.8006,50.2514],[10.8073,50.2402],[10.8252,50.2376],[10.8477,50.245],[10.852,50.2516],[10.8464,50.2751],[10.8445,50.2759]]]},"properties":{"AGS":"16069052","GEN":"Ummerstadt","SN_L":"16"}},
{"type":"Feature","geometry":{"type":"Polygon","coordinates":[[[10.6914,50.3131],[10.6736,50.3337],[10.6402,50.3453],[10.614,50.3359],[10.6338,50.3315],[10.6389,50.3209],[10.6279,50.3177],[10.6541,50.3001],[10.6661,50.2979],[10.6947,50.3056],[10.6914,50.3131]]]},"properties":{"AGS":"16069056","GEN":"Westhausen","SN_L":"16"}},
{"type":"Feature","geometry":{"type":"Polygon","coordinates":[[[10.8175,50.2776],[10.8039,50.2798],[10.7942,50.2954],[10.7707,50.2927],[10.7418,50.3159],[10.7154,50.3212],[10.7147,50.3265],[10.6914,50.3131],[10.6947,50.3056],[10.6661,50.2979],[10.6541,50.3001],[10.6279,50.3177],[10.6058,50.3218],[10.5954,50.3196],[10.5923,50.3114],[10.6053,50.2935],[10.591,50.2718],[10.6114,50.2512],[10.6448,50.2475],[10.6652,50.2328],[10.6623,50.2223],[10.6857,50.2223],[10.6958,50.2118],[10.7244,50.2061],[10.7312,50.2127],[10.7294,50.2303],[10.7265,50.2476],[10.7696,50.2408],[10.7818,50.2513],[10.7755,50.2639],[10.7829,50.2691],[10.8138,50.2692],[10.8175,50.2776]]]},"properties":{"AGS":"16069063","GEN":"Heldburg","SN_L":"16"}},
{"type":"Feature","geometry":{"type":"Polygon","coordinates":[[[10.8675,50.4374],[10.8703,50.4555],[10.8514,50.4605],[10.8402,50.4515],[10.8219,50.4517],[10.8293,50.4389],[10.8675,50.4374]]]},"properties":{"AGS":"16069006","GEN":"Brünn/Thür.","SN_L":"16"}},
{"type":"Feature","geometry":{"type":"Polygon","coordinates":[[[10.8367,50.5041],[10.8261,50.5012],[10.8116,50.4851],[10.7908,50.4812],[10.7698,50.4727],[10.7869,50.4544],[10.8115,50.4563],[10.8219,50.4517],[10.8402,50.4515],[10.8514,50.4605],[10.8703,50.4555],[10.8675,50.4374],[10.8698,50.4334],[10.9094,50.4453],[10.9042,50.4678],[10.8949,50.4757],[10.9061,50.4851],[10.8924,50.4841],[10.8736,50.4821],[10.8367,50.5041]]]},"properties":{"AGS":"16069058","GEN":"Auengrund","SN_L":"16"}},
{"type":"Feature","geometry":{"type":"Polygon","coordinates":[[[11,50.8564],[11.0095,50.8724],[10.984,50.8758],[10.9753,50.8661],[10.9422,50.8633],[10.9213,50.8517],[10.907,50.8539],[10.8999,50.8434],[10.9058,50.8372],[10.8984,50.8197],[10.8717,50.8174],[10.8765,50.7946],[10.89,50.7931],[10.9218,50.781],[10.9363,50.766],[10.929,50.7493],[10.9599,50.741],[10.9641,50.7279],[10.9818,50.7321],[10.9891,50.7358],[10.9986,50.7561],[10.9884,50.7626],[10.9885,50.7729],[11.028,50.7853],[11.0465,50.7956],[11.0366,50.8105],[11.0519,50.8339],[11.0429,50.8406],[11.0175,50.8458],[11.0096,50.8259],[10.9833,50.8268],[10.9696,50.8343],[10.9776,50.848],[10.9976,50.8494],[11,50.8564]]]},"properties":{"AGS":"16070004","GEN":"Arnstadt","SN_L":"16"}},
{"type":"Feature","geometry":{"type":"Polygon","coordinates":[[[11.114,50.8973],[11.1103,50.9131],[11.0144,50.9047],[11.0021,50.9079],[10.9801,50.9042],[10.978,50.898],[10.9477,50.891],[10.9362,50.8949],[10.9148,50.895],[10.896,50.891],[10.8743,50.8776],[10.8643,50.8592],[10.8483,50.8592],[10.8377,50.8465],[10.8205,50.8413],[10.8584,50.8382],[10.8517,50.823],[10.8717,50.8174],[10.8984,50.8197],[10.9058,50.8372],[10.8999,50.8434],[10.907,50.8539],[10.9213,50.8517],[10.9422,50.8633],[10.9753,50.8661],[10.984,50.8758],[11.0095,50.8724],[11,50.8564],[11.0145,50.8572],[11.024,50.8597],[11.0371,50.8805],[11.0679,50.8844],[11.114,50.8973]]]},"properties":{"AGS":"16070028","GEN":"Amt Wachsenburg","SN_L":"16"}},
{"type":"Feature","geometry":{"type":"Polygon","coordinates":[[[10.9818,50.7321],[10.9641,50.7279],[10.9599,50.741],[10.929,50.7493],[10.8955,50.734],[10.9112,50.7119],[10.8837,50.702],[10.8708,50.7051],[10.8643,50.6894],[10.8481,50.6868],[10.8296,50.6745],[10.8196,50.6606],[10.8356,50.6391],[10.8251,50.6272],[10.8389,50.6155],[10.8436,50.6054],[10.8265,50.5909],[10.8273,50.5805],[10.8402,50.5744],[10.8559,50.5744],[10.8613,50.5635],[10.8808,50.5877],[10.8784,50.5972],[10.8957,50.6098],[10.9263,50.6295],[10.9289,50.6202],[10.9476,50.609],[10.9672,50.6023],[10.9747,50.5936],[10.9976,50.602],[11.0593,50.6454],[11.0664,50.6575],[11.0428,50.6795],[11.0291,50.671],[11.0186,50.6816],[11.0336,50.691],[11.0513,50.6864],[11.058,50.6953],[11.0529,50.7081],[11.032,50.7064],[11.0069,50.7309],[10.9883,50.7268],[10.9818,50.7321]]]},"properties":{"AGS":"16070029","GEN":"Ilmenau","SN_L":"16"}},
{"type":"Feature","geometry":{"type":"Polygon","coordinates":[[[11.1917,50.8186],[11.171,50.8215],[11.1539,50.8053],[11.1567,50.7978],[11.1299,50.7983],[11.1051,50.8028],[11.0984,50.798],[11.0465,50.7956],[11.028,50.7853],[10.9885,50.7729],[10.9884,50.7626],[10.9986,50.7561],[10.9891,50.7358],[10.9818,50.7321],[10.9883,50.7268],[11.0069,50.7309],[11.032,50.7064],[11.0529,50.7081],[11.0748,50.717],[11.072,50.6947],[11.0949,50.698],[11.0925,50.7136],[11.0985,50.7295],[11.116,50.7322],[11.1375,50.7254],[11.1504,50.7308],[11.1677,50.7287],[11.1898,50.7366],[11.1875,50.7562],[11.1746,50.7719],[11.198,50.7947],[11.2219,50.8039],[11.2006,50.8071],[11.1917,50.8186]]]},"properties":{"AGS":"16070048","GEN":"Stadtilm","SN_L":"16"}},
{"type":"Feature","geometry":{"type":"Polygon","coordinates":[[[10.8517,50.823],[10.819,50.8222],[10.8211,50.8137],[10.8381,50.8104],[10.8267,50.7978],[10.825,50.7804],[10.8021,50.7664],[10.7768,50.7697],[10.7682,50.766],[10.7562,50.7439],[10.7593,50.7372],[10.7527,50.7185],[10.744,50.6905],[10.7526,50.687],[10.778,50.6854],[10.8098,50.6757],[10.8288,50.6825],[10.816,50.6959],[10.8243,50.7053],[10.8388,50.7003],[10.8515,50.7132],[10.8641,50.7153],[10.8662,50.7293],[10.8481,50.7319],[10.84,50.7448],[10.8571,50.7525],[10.8596,50.7604],[10.8747,50.7693],[10.8637,50.7814],[10.8765,50.7946],[10.8717,50.8174],[10.8517,50.823]]]},"properties":{"AGS":"16070057","GEN":"Geratal","SN_L":"16"}},
{"type":"Feature","geometry":{"type":"Polygon","coordinates":[[[11.0867,50.6106],[11.0617,50.6253],[11.0593,50.6454],[10.9976,50.602],[10.9747,50.5936],[10.9672,50.6023],[10.9476,50.609],[10.9289,50.6202],[10.9263,50.6295],[10.8957,50.6098],[10.9071,50.5994],[10.9424,50.5482],[10.9687,50.5528],[10.9907,50.5479],[11.0129,50.5578],[11.0243,50.551],[11.0665,50.5636],[11.0765,50.5814],[11.073,50.5881],[11.0888,50.6042],[11.0867,50.6106]]]},"properties":{"AGS":"16070058","GEN":"Großbreitenbach","SN_L":"16"}},
{"type":"Feature","geometry":{"type":"Polygon","coordinates":[[[10.8708,50.7051],[10.8641,50.7153],[10.8515,50.7132],[10.8388,50.7003],[10.8243,50.7053],[10.816,50.6959],[10.8288,50.6825],[10.8098,50.6757],[10.8156,50.6693],[10.8169,50.6613],[10.8196,50.6606],[10.8296,50.6745],[10.8481,50.6868],[10.8643,50.6894],[10.8708,50.7051]]]},"properties":{"AGS":"16070011","GEN":"Elgersburg","SN_L":"16"}},
{"type":"Feature","geometry":{"type":"Polygon","coordinates":[[[10.8955,50.734],[10.8831,50.7348],[10.8803,50.7492],[10.8571,50.7525],[10.84,50.7448],[10.8481,50.7319],[10.8662,50.7293],[10.8641,50.7153],[10.8708,50.7051],[10.8837,50.702],[10.9112,50.7119],[10.8955,50.734]]]},"properties":{"AGS":"16070034","GEN":"Martinroda","SN_L":"16"}},
{"type":"Feature","geometry":{"type":"Polygon","coordinates":[[[10.8765,50.7946],[10.8637,50.7814],[10.8747,50.7693],[10.8596,50.7604],[10.8571,50.7525],[10.8803,50.7492],[10.8831,50.7348],[10.8955,50.734],[10.929,50.7493],[10.9363,50.766],[10.9218,50.781],[10.89,50.7931],[10.8765,50.7946]]]},"properties":{"AGS":"16070043","GEN":"Plaue","SN_L":"16"}},
{"type":"Feature","geometry":{"type":"Polygon","coordinates":[[[11.0716,50.8528],[11.024,50.8597],[11.0145,50.8572],[11.0175,50.8458],[11.0429,50.8406],[11.0519,50.8339],[11.0735,50.8398],[11.0725,50.8527],[11.0716,50.8528]]]},"properties":{"AGS":"16070001","GEN":"Alkersleben","SN_L":"16"}},
{"type":"Feature","geometry":{"type":"Polygon","coordinates":[[[11.0975,50.8358],[11.0735,50.8398],[11.0519,50.8339],[11.0366,50.8105],[11.0465,50.7956],[11.0984,50.798],[11.1051,50.8028],[11.0907,50.8042],[11.0868,50.8178],[11.0975,50.8358]]]},"properties":{"AGS":"16070006","GEN":"Bösleben-Wüllersleben","SN_L":"16"}},
{"type":"Feature","geometry":{"type":"Polygon","coordinates":[[[11,50.8564],[10.9976,50.8494],[10.9776,50.848],[10.9696,50.8343],[10.9833,50.8268],[11.0096,50.8259],[11.0175,50.8458],[11.0145,50.8572],[11,50.8564]]]},"properties":{"AGS":"16070008","GEN":"Dornheim","SN_L":"16"}},
{"type":"Feature","geometry":{"type":"Polygon","coordinates":[[[11.1646,50.8721],[11.1311,50.8756],[11.1246,50.8879],[11.134,50.8964],[11.114,50.8973],[11.0679,50.8844],[11.0757,50.8736],[11.0716,50.8528],[11.0725,50.8527],[11.0902,50.8527],[11.1024,50.8618],[11.131,50.8661],[11.1597,50.8639],[11.1646,50.8721]]]},"properties":{"AGS":"16070012","GEN":"Elleben","SN_L":"16"}},
{"type":"Feature","geometry":{"type":"Polygon","coordinates":[[[11.0679,50.8844],[11.0371,50.8805],[11.024,50.8597],[11.0716,50.8528],[11.0757,50.8736],[11.0679,50.8844]]]},"properties":{"AGS":"16070013","GEN":"Elxleben","SN_L":"16"}},
{"type":"Feature","geometry":{"type":"Polygon","coordinates":[[[11.1597,50.8639],[11.131,50.8661],[11.1024,50.8618],[11.0902,50.8527],[11.0725,50.8527],[11.0735,50.8398],[11.0975,50.8358],[11.1145,50.8428],[11.1406,50.8464],[11.1559,50.8448],[11.1719,50.8518],[11.1597,50.8639]]]},"properties":{"AGS":"16070041","GEN":"Osthausen-Wülfershausen","SN_L":"16"}},
{"type":"Feature","geometry":{"type":"Polygon","coordinates":[[[11.1559,50.8448],[11.1406,50.8464],[11.1145,50.8428],[11.0975,50.8358],[11.0868,50.8178],[11.0907,50.8042],[11.1051,50.8028],[11.1299,50.7983],[11.1567,50.7978],[11.1539,50.8053],[11.171,50.8215],[11.1559,50.8448]]]},"properties":{"AGS":"16070054","GEN":"Witzleben","SN_L":"16"}},
{"type":"Feature","geometry":{"type":"Polygon","coordinates":[[[11.527,51.05],[11.5135,51.0442],[11.5,51.0537],[11.4918,51.0712],[11.4627,51.0743],[11.4717,51.0484],[11.4907,51.0489],[11.5086,51.0403],[11.4856,51.0257],[11.4553,51.0253],[11.4596,51.0131],[11.4344,50.9975],[11.4548,50.9918],[11.4766,50.9849],[11.4974,50.9893],[11.5124,50.9971],[11.5446,51.0056],[11.5449,51.0158],[11.5764,51.0118],[11.5847,51.0215],[11.5622,51.0449],[11.527,51.05]]]},"properties":{"AGS":"16071001","GEN":"Apolda","SN_L":"16"}},
{"type":"Feature","geometry":{"type":"Polygon","coordinates":[[[11.2928,50.9179],[11.2615,50.9376],[11.2551,50.9156],[11.2337,50.9132],[11.2208,50.9303],[11.1743,50.9204],[11.1771,50.9132],[11.1932,50.9084],[11.2123,50.9096],[11.2279,50.8935],[11.2264,50.8854],[11.2118,50.8824],[11.2077,50.8643],[11.2273,50.8612],[11.228,50.8427],[11.2383,50.8294],[11.2493,50.8292],[11.2529,50.8431],[11.2643,50.8511],[11.2793,50.8506],[11.309,50.8875],[11.31,50.8958],[11.3315,50.898],[11.3199,50.908],[11.3025,50.9093],[11.2928,50.9179]]]},"properties":{"AGS":"16071003","GEN":"Bad Berka","SN_L":"16"}},
{"type":"Feature","geometry":{"type":"Polygon","coordinates":[[[11.4612,50.8779],[11.457,50.8887],[11.4399,50.895],[11.4175,50.8828],[11.4022,50.8976],[11.3948,50.8979],[11.374,50.8925],[11.3533,50.8946],[11.3315,50.898],[11.31,50.8958],[11.309,50.8875],[11.2793,50.8506],[11.2643,50.8511],[11.2529,50.8431],[11.2493,50.8292],[11.2519,50.8243],[11.263,50.8333],[11.3033,50.8043],[11.3188,50.8029],[11.3215,50.7941],[11.3392,50.7935],[11.3596,50.7984],[11.3618,50.8156],[11.3886,50.8184],[11.3999,50.8023],[11.4239,50.8086],[11.4348,50.8224],[11.4311,50.8295],[11.4586,50.8314],[11.4426,50.866],[11.4621,50.8659],[11.4612,50.8779]]]},"properties":{"AGS":"16071008","GEN":"Blankenhain","SN_L":"16"}},
{"type":"Feature","geometry":{"type":"MultiPolygon","coordinates":[[[[11.4918,51.0712],[11.5,51.0537],[11.5135,51.0442],[11.527,51.05],[11.5195,51.0753],[11.4918,51.0712]]],[[[11.4918,51.0712],[11.4822,51.086],[11.4801,51.0999],[11.4567,51.0969],[11.4342,51.0896],[11.4291,51.1032],[11.4164,51.1039],[11.3924,51.0959],[11.3936,51.0891],[11.3782,51.0743],[11.3484,51.0588],[11.347,51.047],[11.3743,51.0523],[11.3913,51.051],[11.3942,51.0272],[11.3733,51.0201],[11.3475,51.0081],[11.3565,50.9974],[11.3929,50.9896],[11.4101,50.9908],[11.4344,50.9975],[11.4596,51.0131],[11.4553,51.0253],[11.4856,51.0257],[11.5086,51.0403],[11.4907,51.0489],[11.4717,51.0484],[11.4627,51.0743],[11.4918,51.0712]]]]},"properties":{"AGS":"16071101","GEN":"Ilmtal-Weinstraße","SN_L":"16"}},
{"type":"Feature","geometry":{"type":"Polygon","coordinates":[[[11.2366,51.0217],[11.2173,51.0326],[11.1964,51.0244],[11.1746,51.0256],[11.1705,51.0185],[11.1665,51.0028],[11.1753,50.9888],[11.1679,50.982],[11.1361,50.9735],[11.1358,50.949],[11.1467,50.9397],[11.1536,50.9248],[11.1743,50.9204],[11.2208,50.9303],[11.2337,50.9132],[11.2551,50.9156],[11.2615,50.9376],[11.2838,50.9438],[11.2704,50.9638],[11.2621,50.991],[11.2675,51.0037],[11.2462,51.0076],[11.2366,51.0217]]]},"properties":{"AGS":"16071103","GEN":"Grammetal","SN_L":"16"}},
{"type":"Feature","geometry":{"type":"Polygon","coordinates":[[[11.1635,50.8925],[11.134,50.8964],[11.1246,50.8879],[11.1311,50.8756],[11.1646,50.8721],[11.1868,50.8748],[11.1859,50.8819],[11.1635,50.8925]]]},"properties":{"AGS":"16071032","GEN":"Hohenfelden","SN_L":"16"}},
{"type":"Feature","geometry":{"type":"Polygon","coordinates":[[[11.1536,50.9248],[11.1373,50.9298],[11.106,50.9267],[11.1103,50.9131],[11.114,50.8973],[11.134,50.8964],[11.1635,50.8925],[11.1735,50.9005],[11.1889,50.9037],[11.1771,50.9132],[11.1743,50.9204],[11.1536,50.9248]]]},"properties":{"AGS":"16071043","GEN":"Klettbach","SN_L":"16"}},
{"type":"Feature","geometry":{"type":"Polygon","coordinates":[[[11.1868,50.8748],[11.1646,50.8721],[11.1597,50.8639],[11.1719,50.8518],[11.1559,50.8448],[11.171,50.8215],[11.1917,50.8186],[11.2096,50.8282],[11.2383,50.8294],[11.228,50.8427],[11.2273,50.8612],[11.2077,50.8643],[11.1868,50.8748]]]},"properties":{"AGS":"16071046","GEN":"Kranichfeld","SN_L":"16"}},
{"type":"Feature","geometry":{"type":"Polygon","coordinates":[[[11.1859,50.8819],[11.1889,50.9037],[11.1735,50.9005],[11.1635,50.8925],[11.1859,50.8819]]]},"properties":{"AGS":"16071059","GEN":"Nauendorf","SN_L":"16"}},
{"type":"Feature","geometry":{"type":"Polygon","coordinates":[[[11.2383,50.8294],[11.2096,50.8282],[11.1917,50.8186],[11.2006,50.8071],[11.2219,50.8039],[11.2571,50.8152],[11.2519,50.8243],[11.2493,50.8292],[11.2383,50.8294]]]},"properties":{"AGS":"16071079","GEN":"Rittersdorf","SN_L":"16"}},
{"type":"Feature","geometry":{"type":"Polygon","coordinates":[[[11.2077,50.8643],[11.2118,50.8824],[11.2264,50.8854],[11.2279,50.8935],[11.2123,50.9096],[11.1932,50.9084],[11.1771,50.9132],[11.1889,50.9037],[11.1859,50.8819],[11.1868,50.8748],[11.2077,50.8643]]]},"properties":{"AGS":"16071087","GEN":"Tonndorf","SN_L":"16"}},
{"type":"Feature","geometry":{"type":"Polygon","coordinates":[[[11.3289,50.9303],[11.3154,50.9197],[11.3199,50.908],[11.3315,50.898],[11.3533,50.8946],[11.3568,50.9119],[11.3382,50.9248],[11.3464,50.9283],[11.3289,50.9303]]]},"properties":{"AGS":"16071009","GEN":"Buchfart","SN_L":"16"}},
{"type":"Feature","geometry":{"type":"Polygon","coordinates":[[[11.5053,50.9212],[11.4768,50.9325],[11.4542,50.9201],[11.4677,50.904],[11.4905,50.9016],[11.5048,50.9062],[11.5053,50.9212]]]},"properties":{"AGS":"16071013","GEN":"Döbritschen","SN_L":"16"}},
{"type":"Feature","geometry":{"type":"Polygon","coordinates":[[[11.4609,50.963],[11.4498,50.9757],[11.4374,50.9754],[11.4355,50.9756],[11.4283,50.9623],[11.4292,50.96],[11.4609,50.963]]]},"properties":{"AGS":"16071019","GEN":"Frankendorf","SN_L":"16"}},
{"type":"Feature","geometry":{"type":"Polygon","coordinates":[[[11.4848,50.966],[11.4654,50.9607],[11.4688,50.9437],[11.4768,50.9325],[11.5053,50.9212],[11.5034,50.9328],[11.5235,50.9402],[11.5199,50.9476],[11.502,50.9447],[11.5031,50.9652],[11.4848,50.966]]]},"properties":{"AGS":"16071025","GEN":"Großschwabhausen","SN_L":"16"}},
{"type":"Feature","geometry":{"type":"Polygon","coordinates":[[[11.4654,50.9607],[11.4609,50.963],[11.4292,50.96],[11.4329,50.9499],[11.4576,50.9441],[11.4688,50.9437],[11.4654,50.9607]]]},"properties":{"AGS":"16071027","GEN":"Hammerstedt","SN_L":"16"}},
{"type":"Feature","geometry":{"type":"Polygon","coordinates":[[[11.3154,50.9197],[11.2928,50.9179],[11.3025,50.9093],[11.3199,50.908],[11.3154,50.9197]]]},"properties":{"AGS":"16071031","GEN":"Hetschburg","SN_L":"16"}},
{"type":"Feature","geometry":{"type":"Polygon","coordinates":[[[11.4766,50.9849],[11.4548,50.9918],[11.4552,50.9856],[11.4374,50.9754],[11.4498,50.9757],[11.4609,50.963],[11.4654,50.9607],[11.4848,50.966],[11.4766,50.9849]]]},"properties":{"AGS":"16071037","GEN":"Kapellendorf","SN_L":"16"}},
{"type":"Feature","geometry":{"type":"Polygon","coordinates":[[[11.3763,50.9157],[11.3568,50.9119],[11.3533,50.8946],[11.374,50.8925],[11.3948,50.8979],[11.3735,50.9022],[11.3763,50.9157]]]},"properties":{"AGS":"16071038","GEN":"Kiliansroda","SN_L":"16"}},
{"type":"Feature","geometry":{"type":"Polygon","coordinates":[[[11.4768,50.9325],[11.4688,50.9437],[11.4576,50.9441],[11.4507,50.9428],[11.4445,50.9227],[11.4542,50.9201],[11.4768,50.9325]]]},"properties":{"AGS":"16071042","GEN":"Kleinschwabhausen","SN_L":"16"}},
{"type":"Feature","geometry":{"type":"Polygon","coordinates":[[[11.4283,50.9623],[11.4204,50.9628],[11.4175,50.9325],[11.4242,50.9285],[11.4445,50.9227],[11.4507,50.9428],[11.4576,50.9441],[11.4329,50.9499],[11.4292,50.96],[11.4283,50.9623]]]},"properties":{"AGS":"16071049","GEN":"Lehnstedt","SN_L":"16"}},
{"type":"Feature","geometry":{"type":"Polygon","coordinates":[[[11.4242,50.9285],[11.4156,50.9203],[11.4014,50.9185],[11.4022,50.8976],[11.4175,50.8828],[11.4399,50.895],[11.457,50.8887],[11.4612,50.8779],[11.4872,50.8806],[11.4933,50.8876],[11.4905,50.9016],[11.4677,50.904],[11.4542,50.9201],[11.4445,50.9227],[11.4242,50.9285]]]},"properties":{"AGS":"16071053","GEN":"Magdala","SN_L":"16"}},
{"type":"Feature","geometry":{"type":"Polygon","coordinates":[[[11.4014,50.9185],[11.39,50.9231],[11.3757,50.9191],[11.3763,50.9157],[11.3735,50.9022],[11.3948,50.8979],[11.4022,50.8976],[11.4014,50.9185]]]},"properties":{"AGS":"16071055","GEN":"Mechelroda","SN_L":"16"}},
{"type":"Feature","geometry":{"type":"Polygon","coordinates":[[[11.4204,50.9628],[11.402,50.9641],[11.3815,50.9462],[11.3536,50.9357],[11.3509,50.9322],[11.3757,50.9191],[11.39,50.9231],[11.4014,50.9185],[11.4156,50.9203],[11.4242,50.9285],[11.4175,50.9325],[11.4204,50.9628]]]},"properties":{"AGS":"16071056","GEN":"Mellingen","SN_L":"16"}},
{"type":"Feature","geometry":{"type":"Polygon","coordinates":[[[11.3757,50.9191],[11.3509,50.9322],[11.3464,50.9283],[11.3382,50.9248],[11.3568,50.9119],[11.3763,50.9157],[11.3757,50.9191]]]},"properties":{"AGS":"16071071","GEN":"Oettern","SN_L":"16"}},
{"type":"Feature","geometry":{"type":"Polygon","coordinates":[[[11.4355,50.9756],[11.4272,50.9842],[11.4101,50.9908],[11.3929,50.9896],[11.3962,50.9839],[11.3884,50.9671],[11.402,50.9641],[11.4204,50.9628],[11.4283,50.9623],[11.4355,50.9756]]]},"properties":{"AGS":"16071089","GEN":"Umpferstedt","SN_L":"16"}},
{"type":"Feature","geometry":{"type":"Polygon","coordinates":[[[11.3464,50.9283],[11.3509,50.9322],[11.3536,50.9357],[11.3399,50.9428],[11.3289,50.9303],[11.3464,50.9283]]]},"properties":{"AGS":"16071093","GEN":"Vollersroda","SN_L":"16"}},
{"type":"Feature","geometry":{"type":"Polygon","coordinates":[[[11.4548,50.9918],[11.4344,50.9975],[11.4101,50.9908],[11.4272,50.9842],[11.4355,50.9756],[11.4374,50.9754],[11.4552,50.9856],[11.4548,50.9918]]]},"properties":{"AGS":"16071095","GEN":"Wiegendorf","SN_L":"16"}},
{"type":"Feature","geometry":{"type":"Polygon","coordinates":[[[11.6471,51.1073],[11.6382,51.1111],[11.62,51.1047],[11.6017,51.1139],[11.5717,51.1194],[11.5623,51.1114],[11.5478,51.1117],[11.5456,51.1025],[11.4846,51.1054],[11.4801,51.0999],[11.4822,51.086],[11.4918,51.0712],[11.5195,51.0753],[11.527,51.05],[11.5622,51.0449],[11.5847,51.0215],[11.5764,51.0118],[11.5449,51.0158],[11.5446,51.0056],[11.5124,50.9971],[11.4974,50.9893],[11.4766,50.9849],[11.4848,50.966],[11.5031,50.9652],[11.5216,50.9703],[11.5287,50.9825],[11.5473,50.9891],[11.5766,51],[11.6051,51.0056],[11.6023,51.0135],[11.623,51.0206],[11.6261,51.0257],[11.6517,51.0238],[11.6749,51.0364],[11.6752,51.0371],[11.6697,51.0438],[11.6859,51.0508],[11.678,51.0605],[11.6641,51.0526],[11.629,51.057],[11.6166,51.052],[11.5951,51.0548],[11.5783,51.0469],[11.5683,51.0578],[11.5684,51.0688],[11.5595,51.083],[11.5987,51.0897],[11.6169,51.0833],[11.625,51.0663],[11.6573,51.0755],[11.6559,51.0895],[11.6471,51.1073]]]},"properties":{"AGS":"16071004","GEN":"Bad Sulza","SN_L":"16"}},
{"type":"Feature","geometry":{"type":"Polygon","coordinates":[[[11.5704,51.0691],[11.6027,51.0812],[11.5987,51.0897],[11.5595,51.083],[11.5684,51.0688],[11.5704,51.0691]]]},"properties":{"AGS":"16071015","GEN":"Eberstedt","SN_L":"16"}},
{"type":"Feature","geometry":{"type":"Polygon","coordinates":[[[11.6969,51.0875],[11.6892,51.0986],[11.6623,51.1111],[11.6516,51.1093],[11.6471,51.1073],[11.6559,51.0895],[11.6736,51.0889],[11.682,51.0823],[11.6969,51.0875]]]},"properties":{"AGS":"16071022","GEN":"Großheringen","SN_L":"16"}},
{"type":"Feature","geometry":{"type":"Polygon","coordinates":[[[11.625,51.0663],[11.6169,51.0833],[11.5987,51.0897],[11.6027,51.0812],[11.5704,51.0691],[11.5951,51.0548],[11.6166,51.052],[11.629,51.057],[11.625,51.0663]]]},"properties":{"AGS":"16071064","GEN":"Niedertrebra","SN_L":"16"}},
{"type":"Feature","geometry":{"type":"Polygon","coordinates":[[[11.5704,51.0691],[11.5684,51.0688],[11.5683,51.0578],[11.5783,51.0469],[11.5951,51.0548],[11.5704,51.0691]]]},"properties":{"AGS":"16071069","GEN":"Obertrebra","SN_L":"16"}},
{"type":"Feature","geometry":{"type":"Polygon","coordinates":[[[11.682,51.0823],[11.6736,51.0889],[11.6559,51.0895],[11.6573,51.0755],[11.625,51.0663],[11.629,51.057],[11.6641,51.0526],[11.678,51.0605],[11.6883,51.0619],[11.6893,51.077],[11.682,51.0823]]]},"properties":{"AGS":"16071083","GEN":"Schmiedehausen","SN_L":"16"}},
{"type":"Feature","geometry":{"type":"Polygon","coordinates":[[[11.2082,51.0437],[11.2256,51.0495],[11.2165,51.0647],[11.2017,51.0654],[11.1982,51.0541],[11.2082,51.0437]]]},"properties":{"AGS":"16071005","GEN":"Ballstedt","SN_L":"16"}},
{"type":"Feature","geometry":{"type":"Polygon","coordinates":[[[11.2945,51.0306],[11.2938,51.0415],[11.2733,51.041],[11.2569,51.0322],[11.2754,51.0258],[11.2945,51.0306]]]},"properties":{"AGS":"16071017","GEN":"Ettersburg","SN_L":"16"}},
{"type":"Feature","geometry":{"type":"Polygon","coordinates":[[[11.2519,51.1065],[11.2306,51.1037],[11.2261,51.0909],[11.2308,51.0767],[11.2599,51.0772],[11.2702,51.0812],[11.267,51.1009],[11.2519,51.1065]]]},"properties":{"AGS":"16071061","GEN":"Neumark","SN_L":"16"}},
{"type":"Feature","geometry":{"type":"Polygon","coordinates":[[[11.2306,51.1037],[11.2108,51.1045],[11.1967,51.1013],[11.1961,51.1001],[11.1928,51.0795],[11.2017,51.0654],[11.2165,51.0647],[11.2256,51.0495],[11.2082,51.0437],[11.2173,51.0326],[11.2366,51.0217],[11.2569,51.0322],[11.2733,51.041],[11.2938,51.0415],[11.2945,51.0306],[11.3,51.0218],[11.3151,51.0264],[11.3329,51.0196],[11.3733,51.0201],[11.3942,51.0272],[11.3913,51.051],[11.3743,51.0523],[11.347,51.047],[11.3484,51.0588],[11.3782,51.0743],[11.3936,51.0891],[11.3924,51.0959],[11.372,51.1009],[11.3127,51.0978],[11.267,51.1009],[11.2702,51.0812],[11.2599,51.0772],[11.2308,51.0767],[11.2261,51.0909],[11.2306,51.1037]]]},"properties":{"AGS":"16071102","GEN":"Am Ettersberg","SN_L":"16"}},
{"type":"Feature","geometry":{"type":"Polygon","coordinates":[[[11.2067,50.4912],[11.2012,50.4993],[11.178,50.5067],[11.1561,50.4925],[11.1444,50.4918],[11.1215,50.4782],[11.1149,50.4695],[11.1321,50.455],[11.1433,50.4513],[11.1604,50.4609],[11.1754,50.4751],[11.1759,50.4823],[11.2067,50.4912]]]},"properties":{"AGS":"16072011","GEN":"Lauscha","SN_L":"16"}},
{"type":"Feature","geometry":{"type":"Polygon","coordinates":[[[11.0496,50.4326],[11.0265,50.4277],[11.0045,50.435],[11.0008,50.4429],[10.988,50.4332],[10.9616,50.4213],[10.9392,50.4146],[10.9594,50.4005],[10.9457,50.3865],[10.9627,50.3719],[10.963,50.3659],[10.9858,50.3473],[10.993,50.349],[10.9935,50.3655],[11.0358,50.3602],[11.038,50.386],[11.0245,50.3884],[11.0286,50.4169],[11.0496,50.4326]]]},"properties":{"AGS":"16072015","GEN":"Schalkau","SN_L":"16"}},
{"type":"Feature","geometry":{"type":"Polygon","coordinates":[[[11.2657,50.4796],[11.2777,50.4843],[11.2721,50.5004],[11.2354,50.5074],[11.2067,50.4912],[11.1759,50.4823],[11.1754,50.4751],[11.1878,50.459],[11.1824,50.4508],[11.1871,50.4289],[11.2017,50.4081],[11.1801,50.4047],[11.1559,50.4049],[11.1412,50.3998],[11.1429,50.3906],[11.1319,50.3838],[11.1367,50.3704],[11.1153,50.367],[11.1319,50.3551],[11.1592,50.3304],[11.1585,50.3247],[11.1804,50.321],[11.1955,50.3296],[11.2082,50.3439],[11.2265,50.3469],[11.2299,50.3714],[11.2204,50.3818],[11.2018,50.386],[11.2082,50.4215],[11.2198,50.4284],[11.2171,50.4397],[11.2413,50.4572],[11.2549,50.4564],[11.2456,50.4696],[11.2477,50.4784],[11.2657,50.4796]]]},"properties":{"AGS":"16072018","GEN":"Sonneberg","SN_L":"16"}},
{"type":"Feature","geometry":{"type":"Polygon","coordinates":[[[11.1559,50.4049],[11.1801,50.4047],[11.2017,50.4081],[11.1871,50.4289],[11.1824,50.4508],[11.1878,50.459],[11.1754,50.4751],[11.1604,50.4609],[11.1433,50.4513],[11.1176,50.4385],[11.1102,50.4254],[11.1243,50.4192],[11.1542,50.4131],[11.1559,50.4049]]]},"properties":{"AGS":"16072019","GEN":"Steinach","SN_L":"16"}},
{"type":"Feature","geometry":{"type":"Polygon","coordinates":[[[11.1102,50.4254],[11.0912,50.4284],[11.0888,50.437],[11.0589,50.4416],[11.0504,50.4338],[11.0496,50.4326],[11.0286,50.4169],[11.0245,50.3884],[11.038,50.386],[11.0358,50.3602],[11.0456,50.346],[11.0806,50.3522],[11.0897,50.3659],[11.1153,50.367],[11.1367,50.3704],[11.1319,50.3838],[11.1429,50.3906],[11.1412,50.3998],[11.1559,50.4049],[11.1542,50.4131],[11.1243,50.4192],[11.1102,50.4254]]]},"properties":{"AGS":"16072023","GEN":"Frankenblick","SN_L":"16"}},
{"type":"Feature","geometry":{"type":"Polygon","coordinates":[[[11.2549,50.4564],[11.2413,50.4572],[11.2171,50.4397],[11.2198,50.4284],[11.2082,50.4215],[11.2018,50.386],[11.2204,50.3818],[11.2299,50.3714],[11.2265,50.3469],[11.2082,50.3439],[11.1955,50.3296],[11.1804,50.321],[11.1585,50.3247],[11.1348,50.3141],[11.1332,50.3002],[11.1655,50.2823],[11.1773,50.2811],[11.1755,50.2698],[11.1899,50.2712],[11.1978,50.2919],[11.2243,50.2773],[11.2473,50.2686],[11.2598,50.2749],[11.2556,50.2993],[11.2703,50.3073],[11.2565,50.3231],[11.2613,50.3379],[11.2771,50.336],[11.2662,50.352],[11.2843,50.3603],[11.2709,50.3942],[11.2581,50.4],[11.2688,50.4192],[11.2632,50.4429],[11.2471,50.4489],[11.2549,50.4564]]]},"properties":{"AGS":"16072024","GEN":"Föritztal","SN_L":"16"}},
{"type":"Feature","geometry":{"type":"Polygon","coordinates":[[[11.066,50.5147],[11.053,50.5209],[11.0222,50.5277],[11.0069,50.5248],[10.9926,50.5286],[11.0007,50.5152],[10.9772,50.5029],[10.9876,50.4928],[10.9881,50.4799],[11.0153,50.4801],[11.0182,50.4943],[11.0304,50.5007],[11.0442,50.4955],[11.0503,50.5056],[11.066,50.5147]]]},"properties":{"AGS":"16072006","GEN":"Goldisthal","SN_L":"16"}},
{"type":"Feature","geometry":{"type":"Polygon","coordinates":[[[11.1925,50.5622],[11.1685,50.5663],[11.1675,50.5645],[11.1614,50.5512],[11.1584,50.5456],[11.1322,50.5401],[11.1239,50.5314],[11.1093,50.5368],[11.0923,50.5309],[11.0838,50.5102],[11.066,50.5147],[11.0503,50.5056],[11.0442,50.4955],[11.0304,50.5007],[11.0182,50.4943],[11.0153,50.4801],[11.0395,50.4687],[11.0279,50.4584],[11.0008,50.4429],[11.0045,50.435],[11.0265,50.4277],[11.0496,50.4326],[11.0504,50.4338],[11.0589,50.4416],[11.0888,50.437],[11.0912,50.4284],[11.1102,50.4254],[11.1176,50.4385],[11.1433,50.4513],[11.1321,50.455],[11.1149,50.4695],[11.1215,50.4782],[11.1444,50.4918],[11.1561,50.4925],[11.178,50.5067],[11.2012,50.4993],[11.2067,50.4912],[11.2354,50.5074],[11.2251,50.5152],[11.225,50.5278],[11.2027,50.5323],[11.1981,50.5461],[11.2115,50.5501],[11.1925,50.5622]]]},"properties":{"AGS":"16072013","GEN":"Neuhaus am Rennweg","SN_L":"16"}},
{"type":"Feature","geometry":{"type":"Polygon","coordinates":[[[11.2948,50.6791],[11.3123,50.6989],[11.2966,50.7094],[11.2642,50.6988],[11.2137,50.7126],[11.2051,50.7052],[11.2246,50.694],[11.2131,50.6805],[11.1949,50.6856],[11.1831,50.6823],[11.1851,50.672],[11.1937,50.6682],[11.206,50.6616],[11.2348,50.6666],[11.2567,50.6613],[11.2593,50.6433],[11.279,50.6383],[11.2879,50.651],[11.282,50.6754],[11.2948,50.6791]]]},"properties":{"AGS":"16073005","GEN":"Bad Blankenburg","SN_L":"16"}},
{"type":"Feature","geometry":{"type":"Polygon","coordinates":[[[11.3392,50.7935],[11.3215,50.7941],[11.3188,50.8029],[11.3033,50.8043],[11.263,50.8333],[11.2519,50.8243],[11.2571,50.8152],[11.2219,50.8039],[11.198,50.7947],[11.1746,50.7719],[11.1875,50.7562],[11.1898,50.7366],[11.2236,50.7306],[11.2137,50.7126],[11.2642,50.6988],[11.2966,50.7094],[11.3123,50.6989],[11.2948,50.6791],[11.3156,50.6683],[11.3258,50.6774],[11.3541,50.6804],[11.3668,50.6882],[11.3778,50.7014],[11.3722,50.7299],[11.361,50.7386],[11.3261,50.7455],[11.3236,50.7662],[11.3169,50.7782],[11.3412,50.7827],[11.3392,50.7935]]]},"properties":{"AGS":"16073076","GEN":"Rudolstadt","SN_L":"16"}},
{"type":"Feature","geometry":{"type":"Polygon","coordinates":[[[11.4188,50.6424],[11.4143,50.6712],[11.3827,50.6754],[11.366,50.6716],[11.3541,50.6804],[11.3258,50.6774],[11.3156,50.6683],[11.2948,50.6791],[11.282,50.6754],[11.2879,50.651],[11.279,50.6383],[11.2593,50.6433],[11.2567,50.6613],[11.2248,50.6595],[11.212,50.6263],[11.2444,50.62],[11.2465,50.6106],[11.2295,50.6076],[11.2182,50.5935],[11.2344,50.5878],[11.2252,50.5695],[11.1925,50.5622],[11.2115,50.5501],[11.1981,50.5461],[11.2027,50.5323],[11.225,50.5278],[11.2293,50.5337],[11.2632,50.5431],[11.2703,50.5386],[11.291,50.5389],[11.3053,50.5457],[11.2941,50.5675],[11.318,50.5805],[11.3434,50.5758],[11.3577,50.5943],[11.3755,50.5992],[11.3916,50.6114],[11.3962,50.632],[11.4188,50.6424]]]},"properties":{"AGS":"16073077","GEN":"Saalfeld/Saale","SN_L":"16"}},
{"type":"Feature","geometry":{"type":"Polygon","coordinates":[[[11.4754,50.5999],[11.4631,50.6032],[11.4297,50.5846],[11.4151,50.5728],[11.4049,50.5769],[11.3845,50.5503],[11.3916,50.5453],[11.416,50.5497],[11.4288,50.5444],[11.4386,50.5534],[11.4529,50.5542],[11.4496,50.5401],[11.4621,50.5237],[11.4825,50.5241],[11.4926,50.5346],[11.4912,50.5446],[11.5152,50.5411],[11.523,50.5528],[11.5463,50.558],[11.5541,50.5726],[11.5501,50.5838],[11.5359,50.5815],[11.5127,50.5979],[11.4754,50.5999]]]},"properties":{"AGS":"16073106","GEN":"Leutenberg","SN_L":"16"}},
{"type":"Feature","geometry":{"type":"Polygon","coordinates":[[[11.4239,50.8086],[11.3999,50.8023],[11.3886,50.8184],[11.3618,50.8156],[11.3596,50.7984],[11.3392,50.7935],[11.3412,50.7827],[11.3169,50.7782],[11.3236,50.7662],[11.3261,50.7455],[11.361,50.7386],[11.3722,50.7299],[11.3778,50.7014],[11.3668,50.6882],[11.3767,50.6859],[11.3877,50.6961],[11.3854,50.7032],[11.4041,50.7107],[11.417,50.6983],[11.4438,50.704],[11.4608,50.6988],[11.4741,50.7164],[11.4889,50.7266],[11.5109,50.733],[11.523,50.7289],[11.534,50.7412],[11.5491,50.743],[11.5447,50.7508],[11.5295,50.7673],[11.5122,50.7628],[11.4956,50.7645],[11.4868,50.7771],[11.464,50.7839],[11.4559,50.7941],[11.4272,50.7977],[11.4239,50.8086]]]},"properties":{"AGS":"16073109","GEN":"Uhlstädt-Kirchhasel","SN_L":"16"}},
{"type":"Feature","geometry":{"type":"Polygon","coordinates":[[[11.4608,50.6988],[11.4438,50.704],[11.417,50.6983],[11.4041,50.7107],[11.3854,50.7032],[11.3877,50.6961],[11.3767,50.6859],[11.3668,50.6882],[11.3541,50.6804],[11.366,50.6716],[11.3827,50.6754],[11.4143,50.6712],[11.4188,50.6424],[11.4439,50.6377],[11.4396,50.6318],[11.4656,50.6172],[11.485,50.6151],[11.4982,50.6221],[11.5134,50.6121],[11.5211,50.6185],[11.5198,50.6191],[11.5126,50.6348],[11.5176,50.6441],[11.5009,50.6513],[11.4967,50.6626],[11.5075,50.6684],[11.4815,50.6972],[11.4608,50.6988]]]},"properties":{"AGS":"16073111","GEN":"Unterwellenborn","SN_L":"16"}},
{"type":"Feature","geometry":{"type":"Polygon","coordinates":[[[11.3458,50.5153],[11.3307,50.5306],[11.3148,50.5361],[11.3053,50.5457],[11.291,50.5389],[11.2703,50.5386],[11.2632,50.5431],[11.2293,50.5337],[11.225,50.5278],[11.2251,50.5152],[11.2354,50.5074],[11.2721,50.5004],[11.2777,50.4843],[11.2657,50.4796],[11.2855,50.4854],[11.2975,50.4813],[11.3052,50.4892],[11.3189,50.489],[11.3249,50.4984],[11.3214,50.5086],[11.3433,50.5102],[11.3458,50.5153]]]},"properties":{"AGS":"16073028","GEN":"Gräfenthal","SN_L":"16"}},
{"type":"Feature","geometry":{"type":"Polygon","coordinates":[[[11.4816,50.4316],[11.4811,50.4585],[11.492,50.4706],[11.4826,50.4769],[11.4988,50.4855],[11.4818,50.5137],[11.4663,50.5027],[11.441,50.5007],[11.4251,50.4838],[11.4155,50.4678],[11.4233,50.4609],[11.4206,50.4434],[11.4239,50.4418],[11.4405,50.4386],[11.4513,50.431],[11.4434,50.4208],[11.4632,50.4322],[11.4816,50.4316]]]},"properties":{"AGS":"16073046","GEN":"Lehesten","SN_L":"16"}},
{"type":"Feature","geometry":{"type":"Polygon","coordinates":[[[11.4297,50.5846],[11.429,50.6112],[11.4087,50.5976],[11.3755,50.5992],[11.3577,50.5943],[11.3434,50.5758],[11.318,50.5805],[11.2941,50.5675],[11.3053,50.5457],[11.3148,50.5361],[11.3307,50.5306],[11.3458,50.5153],[11.3698,50.5232],[11.389,50.5157],[11.4246,50.5159],[11.441,50.5007],[11.4663,50.5027],[11.4818,50.5137],[11.4825,50.5241],[11.4621,50.5237],[11.4496,50.5401],[11.4529,50.5542],[11.4386,50.5534],[11.4288,50.5444],[11.416,50.5497],[11.3916,50.5453],[11.3845,50.5503],[11.4049,50.5769],[11.4151,50.5728],[11.4297,50.5846]]]},"properties":{"AGS":"16073067","GEN":"Probstzella","SN_L":"16"}},
{"type":"Feature","geometry":{"type":"Polygon","coordinates":[[[11.1389,50.5687],[11.1311,50.5802],[11.1155,50.5769],[11.0915,50.5585],[11.1088,50.553],[11.0889,50.5368],[11.0923,50.5309],[11.1093,50.5368],[11.1239,50.5314],[11.1322,50.5401],[11.1584,50.5456],[11.1614,50.5512],[11.1471,50.5501],[11.134,50.5559],[11.1389,50.5687]]]},"properties":{"AGS":"16073013","GEN":"Cursdorf","SN_L":"16"}},
{"type":"Feature","geometry":{"type":"Polygon","coordinates":[[[11.1751,50.5788],[11.176,50.5832],[11.16,50.5819],[11.1389,50.5687],[11.134,50.5559],[11.1471,50.5501],[11.1614,50.5512],[11.1675,50.5645],[11.1698,50.5747],[11.1751,50.5788]]]},"properties":{"AGS":"16073014","GEN":"Deesbach","SN_L":"16"}},
{"type":"Feature","geometry":{"type":"Polygon","coordinates":[[[11.2295,50.6076],[11.2465,50.6106],[11.2444,50.62],[11.212,50.6263],[11.1948,50.6217],[11.1937,50.6193],[11.197,50.6075],[11.2092,50.6106],[11.2295,50.6076]]]},"properties":{"AGS":"16073017","GEN":"Döschnitz","SN_L":"16"}},
{"type":"Feature","geometry":{"type":"Polygon","coordinates":[[[11.0915,50.5585],[11.073,50.554],[11.0665,50.5636],[11.0243,50.551],[11.0129,50.5578],[10.9907,50.5479],[10.9687,50.5528],[10.9678,50.5396],[10.989,50.5357],[10.9926,50.5286],[11.0069,50.5248],[11.0222,50.5277],[11.053,50.5209],[11.066,50.5147],[11.0838,50.5102],[11.0923,50.5309],[11.0889,50.5368],[11.1088,50.553],[11.0915,50.5585]]]},"properties":{"AGS":"16073037","GEN":"Katzhütte","SN_L":"16"}},
{"type":"Feature","geometry":{"type":"Polygon","coordinates":[[[11.2182,50.5935],[11.1845,50.5977],[11.1751,50.5788],[11.1698,50.5747],[11.1685,50.5663],[11.1925,50.5622],[11.2252,50.5695],[11.2344,50.5878],[11.2182,50.5935]]]},"properties":{"AGS":"16073055","GEN":"Meura","SN_L":"16"}},
{"type":"Feature","geometry":{"type":"Polygon","coordinates":[[[11.2295,50.6076],[11.2092,50.6106],[11.197,50.6075],[11.1845,50.5977],[11.2182,50.5935],[11.2295,50.6076]]]},"properties":{"AGS":"16073074","GEN":"Rohrbach","SN_L":"16"}},
{"type":"Feature","geometry":{"type":"MultiPolygon","coordinates":[[[[11.1556,50.6391],[11.1511,50.6398],[11.1549,50.6379],[11.1556,50.6391]]],[[[11.2567,50.6613],[11.2348,50.6666],[11.206,50.6616],[11.1937,50.6682],[11.1726,50.6524],[11.1629,50.6381],[11.1725,50.6382],[11.1948,50.6217],[11.212,50.6263],[11.2248,50.6595],[11.2567,50.6613]]]]},"properties":{"AGS":"16073082","GEN":"Schwarzburg","SN_L":"16"}},
{"type":"Feature","geometry":{"type":"Polygon","coordinates":[[[11.1948,50.6217],[11.1725,50.6382],[11.1629,50.6381],[11.1556,50.6391],[11.1549,50.6379],[11.1512,50.6316],[11.1603,50.6252],[11.1776,50.6278],[11.1937,50.6193],[11.1948,50.6217]]]},"properties":{"AGS":"16073084","GEN":"Sitzendorf","SN_L":"16"}},
{"type":"Feature","geometry":{"type":"MultiPolygon","coordinates":[[[[11.1675,50.5645],[11.1685,50.5663],[11.1698,50.5747],[11.1675,50.5645]]],[[[11.1937,50.6193],[11.1776,50.6278],[11.1603,50.6252],[11.1512,50.6316],[11.1372,50.6032],[11.1387,50.5926],[11.1576,50.599],[11.1726,50.5949],[11.176,50.5832],[11.1751,50.5788],[11.1845,50.5977],[11.197,50.6075],[11.1937,50.6193]]]]},"properties":{"AGS":"16073094","GEN":"Unterweißbach","SN_L":"16"}},
{"type":"Feature","geometry":{"type":"Polygon","coordinates":[[[11.1372,50.6032],[11.0901,50.616],[11.0867,50.6106],[11.0888,50.6042],[11.073,50.5881],[11.0765,50.5814],[11.0665,50.5636],[11.073,50.554],[11.0915,50.5585],[11.1155,50.5769],[11.1311,50.5802],[11.1389,50.5687],[11.16,50.5819],[11.176,50.5832],[11.1726,50.5949],[11.1576,50.599],[11.1387,50.5926],[11.1372,50.6032]]]},"properties":{"AGS":"16073113","GEN":"Schwarzatal","SN_L":"16"}},
{"type":"Feature","geometry":{"type":"Polygon","coordinates":[[[11.6334,50.5922],[11.6265,50.6117],[11.6091,50.6055],[11.5793,50.5989],[11.5884,50.5807],[11.6148,50.5839],[11.6334,50.5922]]]},"properties":{"AGS":"16073002","GEN":"Altenbeuthen","SN_L":"16"}},
{"type":"Feature","geometry":{"type":"Polygon","coordinates":[[[11.5134,50.6121],[11.4982,50.6221],[11.485,50.6151],[11.4656,50.6172],[11.4754,50.5999],[11.5127,50.5979],[11.5134,50.6121]]]},"properties":{"AGS":"16073035","GEN":"Hohenwarte","SN_L":"16"}},
{"type":"Feature","geometry":{"type":"Polygon","coordinates":[[[11.4656,50.6172],[11.4396,50.6318],[11.4439,50.6377],[11.4188,50.6424],[11.3962,50.632],[11.3916,50.6114],[11.3755,50.5992],[11.4087,50.5976],[11.429,50.6112],[11.4297,50.5846],[11.4631,50.6032],[11.4754,50.5999],[11.4656,50.6172]]]},"properties":{"AGS":"16073038","GEN":"Kaulsdorf","SN_L":"16"}},
{"type":"Feature","geometry":{"type":"Polygon","coordinates":[[[11.5506,50.6074],[11.5326,50.6064],[11.5211,50.6185],[11.5134,50.6121],[11.5127,50.5979],[11.5359,50.5815],[11.5501,50.5838],[11.5541,50.5726],[11.5463,50.558],[11.5611,50.5484],[11.6052,50.5704],[11.6148,50.5839],[11.5884,50.5807],[11.5793,50.5989],[11.5659,50.6089],[11.5506,50.6074]]]},"properties":{"AGS":"16073107","GEN":"Drognitz","SN_L":"16"}},
{"type":"Feature","geometry":{"type":"Polygon","coordinates":[[[11.1726,50.6524],[11.1612,50.6702],[11.1652,50.6736],[11.146,50.6619],[11.1289,50.6643],[11.1208,50.6527],[11.1271,50.643],[11.1511,50.6398],[11.1556,50.6391],[11.1629,50.6381],[11.1726,50.6524]]]},"properties":{"AGS":"16073001","GEN":"Allendorf","SN_L":"16"}},
{"type":"Feature","geometry":{"type":"Polygon","coordinates":[[[11.1851,50.672],[11.1652,50.6736],[11.1612,50.6702],[11.1726,50.6524],[11.1937,50.6682],[11.1851,50.672]]]},"properties":{"AGS":"16073006","GEN":"Bechstedt","SN_L":"16"}},
{"type":"Feature","geometry":{"type":"Polygon","coordinates":[[[11.2137,50.7126],[11.2236,50.7306],[11.1898,50.7366],[11.1677,50.7287],[11.1504,50.7308],[11.1375,50.7254],[11.116,50.7322],[11.0985,50.7295],[11.0925,50.7136],[11.0949,50.698],[11.072,50.6947],[11.0748,50.717],[11.0529,50.7081],[11.058,50.6953],[11.0513,50.6864],[11.0336,50.691],[11.0186,50.6816],[11.0291,50.671],[11.0428,50.6795],[11.0664,50.6575],[11.0593,50.6454],[11.0617,50.6253],[11.0867,50.6106],[11.0901,50.616],[11.1372,50.6032],[11.1512,50.6316],[11.1549,50.6379],[11.1511,50.6398],[11.1271,50.643],[11.1208,50.6527],[11.1289,50.6643],[11.146,50.6619],[11.1652,50.6736],[11.1851,50.672],[11.1831,50.6823],[11.1949,50.6856],[11.2131,50.6805],[11.2246,50.694],[11.2051,50.7052],[11.2137,50.7126]]]},"properties":{"AGS":"16073112","GEN":"Königsee","SN_L":"16"}},
{"type":"Feature","geometry":{"type":"Polygon","coordinates":[[[11.599,50.8089],[11.5858,50.8129],[11.5905,50.8232],[11.5844,50.8257],[11.5665,50.8176],[11.5621,50.7975],[11.5692,50.7935],[11.5856,50.787],[11.6085,50.7947],[11.599,50.8089]]]},"properties":{"AGS":"16074044","GEN":"Kahla","SN_L":"16"}},
{"type":"Feature","geometry":{"type":"Polygon","coordinates":[[[12.021,50.9691],[12.0143,50.9839],[11.9978,50.9926],[11.9742,50.9903],[11.9544,50.981],[11.9651,50.9641],[11.9847,50.9631],[12.0172,50.9682],[12.021,50.9691]]]},"properties":{"AGS":"16074012","GEN":"Crossen an der Elster","SN_L":"16"}},
{"type":"Feature","geometry":{"type":"Polygon","coordinates":[[[11.9847,50.9631],[11.9651,50.9641],[11.9656,50.959],[11.965,50.9557],[11.9865,50.9565],[11.9847,50.9631]]]},"properties":{"AGS":"16074038","GEN":"Hartmannsdorf","SN_L":"16"}},
{"type":"Feature","geometry":{"type":"Polygon","coordinates":[[[11.9109,51.0296],[11.9018,51.0392],[11.8667,51.0237],[11.8459,51.0066],[11.8518,50.9973],[11.8495,50.9904],[11.8652,50.9852],[11.8643,50.995],[11.9003,50.9891],[11.9226,50.9887],[11.9225,50.9775],[11.9329,50.9642],[11.9656,50.959],[11.9651,50.9641],[11.9544,50.981],[11.9742,50.9903],[11.9768,51.0167],[11.9608,51.0175],[11.9284,51.0094],[11.9276,51.0276],[11.9109,51.0296]]]},"properties":{"AGS":"16074039","GEN":"Heideland","SN_L":"16"}},
{"type":"Feature","geometry":{"type":"Polygon","coordinates":[[[11.9656,50.959],[11.9329,50.9642],[11.9311,50.9436],[11.9347,50.9476],[11.965,50.9557],[11.9656,50.959]]]},"properties":{"AGS":"16074072","GEN":"Rauda","SN_L":"16"}},
{"type":"Feature","geometry":{"type":"MultiPolygon","coordinates":[[[[11.9865,50.9565],[12.0081,50.9479],[12.0212,50.948],[12.0172,50.9682],[11.9847,50.9631],[11.9865,50.9565]]],[[[11.9865,50.9565],[11.965,50.9557],[11.9347,50.9476],[11.9311,50.9436],[11.9247,50.9367],[11.941,50.9212],[11.9494,50.9241],[11.9629,50.9252],[11.9646,50.9376],[11.9577,50.9446],[11.9865,50.9565]]]]},"properties":{"AGS":"16074092","GEN":"Silbitz","SN_L":"16"}},
{"type":"Feature","geometry":{"type":"Polygon","coordinates":[[[11.9471,51.0291],[11.9276,51.0276],[11.9284,51.0094],[11.9608,51.0175],[11.9768,51.0167],[11.975,51.0173],[11.9471,51.0291]]]},"properties":{"AGS":"16074106","GEN":"Walpernhain","SN_L":"16"}},
{"type":"Feature","geometry":{"type":"Polygon","coordinates":[[[11.8766,51.0565],[11.85,51.0526],[11.8039,51.0472],[11.7746,51.0532],[11.7651,51.0437],[11.774,51.038],[11.7721,51.0235],[11.753,51.0132],[11.7561,51.0055],[11.7443,50.9976],[11.7416,50.9911],[11.7502,50.9727],[11.764,50.9685],[11.7724,50.9742],[11.7726,50.9783],[11.7704,50.9934],[11.7757,51.0011],[11.7932,51.0021],[11.8039,50.9937],[11.8066,50.9873],[11.8281,50.9976],[11.8518,50.9973],[11.8459,51.0066],[11.8667,51.0237],[11.9018,51.0392],[11.9109,51.0296],[11.9036,51.0442],[11.8851,51.0566],[11.8766,51.0565]]]},"properties":{"AGS":"16074116","GEN":"Schkölen","SN_L":"16"}},
{"type":"Feature","geometry":{"type":"Polygon","coordinates":[[[11.7831,50.801],[11.7746,50.8085],[11.7494,50.8057],[11.7426,50.7971],[11.7518,50.7826],[11.7621,50.7817],[11.7781,50.785],[11.7831,50.801]]]},"properties":{"AGS":"16074007","GEN":"Bremsnitz","SN_L":"16"}},
{"type":"Feature","geometry":{"type":"Polygon","coordinates":[[[11.8856,50.852],[11.8438,50.849],[11.8441,50.8439],[11.8471,50.8239],[11.859,50.8202],[11.8776,50.8214],[11.8856,50.852]]]},"properties":{"AGS":"16074017","GEN":"Eineborn","SN_L":"16"}},
{"type":"Feature","geometry":{"type":"Polygon","coordinates":[[[11.7306,50.8256],[11.7164,50.8418],[11.6972,50.8407],[11.7066,50.8127],[11.7079,50.8099],[11.7206,50.8101],[11.7143,50.8268],[11.7301,50.8242],[11.7306,50.8256]]]},"properties":{"AGS":"16074022","GEN":"Geisenhain","SN_L":"16"}},
{"type":"Feature","geometry":{"type":"Polygon","coordinates":[[[11.6972,50.8407],[11.6884,50.8413],[11.6721,50.8423],[11.6571,50.8364],[11.657,50.8328],[11.6728,50.8186],[11.6819,50.8121],[11.7066,50.8127],[11.6972,50.8407]]]},"properties":{"AGS":"16074024","GEN":"Gneus","SN_L":"16"}},
{"type":"Feature","geometry":{"type":"Polygon","coordinates":[[[11.6615,50.8563],[11.6417,50.8555],[11.6292,50.8542],[11.6338,50.8488],[11.6428,50.8491],[11.6571,50.8364],[11.6721,50.8423],[11.6884,50.8413],[11.6915,50.8439],[11.6653,50.855],[11.6615,50.8563]]]},"properties":{"AGS":"16074029","GEN":"Großbockedra","SN_L":"16"}},
{"type":"Feature","geometry":{"type":"Polygon","coordinates":[[[11.8224,50.7985],[11.8052,50.8068],[11.7831,50.801],[11.7781,50.785],[11.8099,50.7885],[11.8224,50.7985]]]},"properties":{"AGS":"16074045","GEN":"Karlsdorf","SN_L":"16"}},
{"type":"Feature","geometry":{"type":"Polygon","coordinates":[[[11.6571,50.8364],[11.6428,50.8491],[11.6338,50.8488],[11.6348,50.8313],[11.657,50.8328],[11.6571,50.8364]]]},"properties":{"AGS":"16074046","GEN":"Kleinbockedra","SN_L":"16"}},
{"type":"Feature","geometry":{"type":"Polygon","coordinates":[[[11.8471,50.8239],[11.8288,50.8229],[11.8222,50.81],[11.8226,50.8049],[11.856,50.8126],[11.859,50.8202],[11.8471,50.8239]]]},"properties":{"AGS":"16074047","GEN":"Kleinebersdorf","SN_L":"16"}},
{"type":"Feature","geometry":{"type":"Polygon","coordinates":[[[11.8217,50.8444],[11.8147,50.856],[11.7864,50.8415],[11.783,50.8413],[11.7659,50.8396],[11.76,50.8245],[11.7775,50.8221],[11.8149,50.8174],[11.8183,50.8378],[11.8217,50.8444]]]},"properties":{"AGS":"16074053","GEN":"Lippersdorf-Erdmannsdorf","SN_L":"16"}},
{"type":"Feature","geometry":{"type":"Polygon","coordinates":[[[11.7301,50.8242],[11.7143,50.8268],[11.7206,50.8101],[11.7079,50.8099],[11.705,50.8027],[11.7239,50.7972],[11.7426,50.7971],[11.7494,50.8057],[11.7477,50.8136],[11.7301,50.8242]]]},"properties":{"AGS":"16074056","GEN":"Meusebach","SN_L":"16"}},
{"type":"Feature","geometry":{"type":"Polygon","coordinates":[[[11.6819,50.8121],[11.6728,50.8186],[11.6412,50.8088],[11.6314,50.7953],[11.6422,50.7901],[11.6562,50.7884],[11.6819,50.8121]]]},"properties":{"AGS":"16074064","GEN":"Oberbodnitz","SN_L":"16"}},
{"type":"Feature","geometry":{"type":"Polygon","coordinates":[[[11.8441,50.8439],[11.8183,50.8378],[11.8149,50.8174],[11.8222,50.81],[11.8288,50.8229],[11.8471,50.8239],[11.8441,50.8439]]]},"properties":{"AGS":"16074066","GEN":"Ottendorf","SN_L":"16"}},
{"type":"Feature","geometry":{"type":"Polygon","coordinates":[[[11.76,50.8245],[11.7477,50.8136],[11.7494,50.8057],[11.7746,50.8085],[11.7775,50.8221],[11.76,50.8245]]]},"properties":{"AGS":"16074071","GEN":"Rattelsdorf","SN_L":"16"}},
{"type":"Feature","geometry":{"type":"Polygon","coordinates":[[[11.6915,50.8439],[11.6988,50.8564],[11.6816,50.8639],[11.6653,50.855],[11.6915,50.8439]]]},"properties":{"AGS":"16074074","GEN":"Rausdorf","SN_L":"16"}},
{"type":"Feature","geometry":{"type":"Polygon","coordinates":[[[11.9028,50.8108],[11.8776,50.8214],[11.859,50.8202],[11.856,50.8126],[11.8226,50.8049],[11.8244,50.7993],[11.8303,50.7854],[11.8533,50.7844],[11.8665,50.7881],[11.8581,50.8025],[11.8693,50.8051],[11.8924,50.8021],[11.9015,50.8081],[11.9028,50.8108]]]},"properties":{"AGS":"16074077","GEN":"Renthendorf","SN_L":"16"}},
{"type":"Feature","geometry":{"type":"Polygon","coordinates":[[[11.8936,50.8488],[11.8856,50.852],[11.8776,50.8214],[11.9028,50.8108],[11.9094,50.8263],[11.8912,50.835],[11.8936,50.8488]]]},"properties":{"AGS":"16074097","GEN":"Tautendorf","SN_L":"16"}},
{"type":"Feature","geometry":{"type":"Polygon","coordinates":[[[11.7637,50.8561],[11.7543,50.8465],[11.733,50.8455],[11.7437,50.838],[11.7659,50.8396],[11.783,50.8413],[11.7864,50.8415],[11.7637,50.8561]]]},"properties":{"AGS":"16074101","GEN":"Tissa","SN_L":"16"}},
{"type":"Feature","geometry":{"type":"Polygon","coordinates":[[[11.7066,50.8127],[11.6819,50.8121],[11.6562,50.7884],[11.6565,50.7813],[11.6813,50.7628],[11.6848,50.7621],[11.7084,50.7636],[11.7186,50.7699],[11.7228,50.7815],[11.7125,50.7909],[11.7239,50.7972],[11.705,50.8027],[11.7079,50.8099],[11.7066,50.8127]]]},"properties":{"AGS":"16074102","GEN":"Trockenborn-Wolfersdorf","SN_L":"16"}},
{"type":"Feature","geometry":{"type":"Polygon","coordinates":[[[11.733,50.8455],[11.7164,50.8418],[11.7306,50.8256],[11.7437,50.838],[11.733,50.8455]]]},"properties":{"AGS":"16074103","GEN":"Tröbnitz","SN_L":"16"}},
{"type":"Feature","geometry":{"type":"Polygon","coordinates":[[[11.76,50.8245],[11.7659,50.8396],[11.7437,50.838],[11.7306,50.8256],[11.7301,50.8242],[11.7477,50.8136],[11.76,50.8245]]]},"properties":{"AGS":"16074107","GEN":"Waltersdorf","SN_L":"16"}},
{"type":"Feature","geometry":{"type":"Polygon","coordinates":[[[11.8149,50.8174],[11.7775,50.8221],[11.7746,50.8085],[11.7831,50.801],[11.8052,50.8068],[11.8224,50.7985],[11.8244,50.7993],[11.8226,50.8049],[11.8222,50.81],[11.8149,50.8174]]]},"properties":{"AGS":"16074108","GEN":"Weißbach","SN_L":"16"}},
{"type":"Feature","geometry":{"type":"Polygon","coordinates":[[[11.5905,50.8359],[11.5596,50.857],[11.5405,50.852],[11.5239,50.8413],[11.5228,50.8336],[11.4834,50.8316],[11.4909,50.8217],[11.5279,50.8235],[11.5359,50.8194],[11.5665,50.8176],[11.5844,50.8257],[11.5905,50.8359]]]},"properties":{"AGS":"16074002","GEN":"Altenberga","SN_L":"16"}},
{"type":"Feature","geometry":{"type":"Polygon","coordinates":[[[11.5665,50.8176],[11.5359,50.8194],[11.5383,50.8041],[11.5455,50.7976],[11.5621,50.7975],[11.5665,50.8176]]]},"properties":{"AGS":"16074004","GEN":"Bibra","SN_L":"16"}},
{"type":"Feature","geometry":{"type":"Polygon","coordinates":[[[11.5266,50.8634],[11.5296,50.8697],[11.5492,50.8686],[11.5636,50.8767],[11.5585,50.8904],[11.5407,50.9013],[11.5048,50.9062],[11.4905,50.9016],[11.4933,50.8876],[11.4872,50.8806],[11.4612,50.8779],[11.4621,50.8659],[11.4895,50.8692],[11.5027,50.8634],[11.5266,50.8634]]]},"properties":{"AGS":"16074008","GEN":"Bucha","SN_L":"16"}},
{"type":"Feature","geometry":{"type":"Polygon","coordinates":[[[11.5455,50.7976],[11.5383,50.8041],[11.5122,50.8],[11.4915,50.7981],[11.472,50.8011],[11.4559,50.7941],[11.464,50.7839],[11.4868,50.7771],[11.5315,50.7863],[11.5355,50.7848],[11.5455,50.7976]]]},"properties":{"AGS":"16074016","GEN":"Eichenberg","SN_L":"16"}},
{"type":"Feature","geometry":{"type":"Polygon","coordinates":[[[11.5792,50.766],[11.5604,50.7772],[11.5567,50.7741],[11.5404,50.7741],[11.5295,50.7673],[11.5447,50.7508],[11.5816,50.7547],[11.5792,50.766]]]},"properties":{"AGS":"16074021","GEN":"Freienorla","SN_L":"16"}},
{"type":"Feature","geometry":{"type":"Polygon","coordinates":[[[11.5621,50.7975],[11.5455,50.7976],[11.5355,50.7848],[11.5567,50.7741],[11.5604,50.7772],[11.5692,50.7935],[11.5621,50.7975]]]},"properties":{"AGS":"16074031","GEN":"Großeutersdorf","SN_L":"16"}},
{"type":"Feature","geometry":{"type":"Polygon","coordinates":[[[11.625,50.8135],[11.604,50.828],[11.5905,50.8232],[11.5858,50.8129],[11.599,50.8089],[11.6113,50.8138],[11.6255,50.8115],[11.625,50.8135]]]},"properties":{"AGS":"16074033","GEN":"Großpürschütz","SN_L":"16"}},
{"type":"Feature","geometry":{"type":"Polygon","coordinates":[[[11.5359,50.8194],[11.5279,50.8235],[11.4909,50.8217],[11.5122,50.8],[11.5383,50.8041],[11.5359,50.8194]]]},"properties":{"AGS":"16074034","GEN":"Gumperda","SN_L":"16"}},
{"type":"Feature","geometry":{"type":"Polygon","coordinates":[[[11.6422,50.7901],[11.6336,50.7833],[11.6019,50.784],[11.5792,50.766],[11.5816,50.7547],[11.6033,50.7468],[11.6181,50.7582],[11.647,50.7536],[11.6613,50.7622],[11.6813,50.7628],[11.6565,50.7813],[11.6562,50.7884],[11.6422,50.7901]]]},"properties":{"AGS":"16074042","GEN":"Hummelshain","SN_L":"16"}},
{"type":"Feature","geometry":{"type":"Polygon","coordinates":[[[11.5856,50.787],[11.5692,50.7935],[11.5604,50.7772],[11.5792,50.766],[11.6019,50.784],[11.5856,50.787]]]},"properties":{"AGS":"16074048","GEN":"Kleineutersdorf","SN_L":"16"}},
{"type":"Feature","geometry":{"type":"Polygon","coordinates":[[[11.6826,50.8741],[11.6619,50.8843],[11.6552,50.8796],[11.6615,50.8563],[11.6653,50.855],[11.6816,50.8639],[11.6826,50.8741]]]},"properties":{"AGS":"16074049","GEN":"Laasdorf","SN_L":"16"}},
{"type":"Feature","geometry":{"type":"Polygon","coordinates":[[[11.6422,50.7901],[11.6314,50.7953],[11.6085,50.7947],[11.5856,50.787],[11.6019,50.784],[11.6336,50.7833],[11.6422,50.7901]]]},"properties":{"AGS":"16074052","GEN":"Lindig","SN_L":"16"}},
{"type":"Feature","geometry":{"type":"Polygon","coordinates":[[[11.5266,50.8634],[11.5027,50.8634],[11.4895,50.8692],[11.4621,50.8659],[11.4426,50.866],[11.4586,50.8314],[11.4647,50.8362],[11.4834,50.8316],[11.5228,50.8336],[11.5239,50.8413],[11.5405,50.852],[11.5596,50.857],[11.5266,50.8634]]]},"properties":{"AGS":"16074057","GEN":"Milda","SN_L":"16"}},
{"type":"Feature","geometry":{"type":"Polygon","coordinates":[[[11.5567,50.7741],[11.5355,50.7848],[11.5315,50.7863],[11.4868,50.7771],[11.4956,50.7645],[11.5122,50.7628],[11.5295,50.7673],[11.5404,50.7741],[11.5567,50.7741]]]},"properties":{"AGS":"16074065","GEN":"Orlamünde","SN_L":"16"}},
{"type":"Feature","geometry":{"type":"Polygon","coordinates":[[[11.4834,50.8316],[11.4647,50.8362],[11.4586,50.8314],[11.4311,50.8295],[11.4348,50.8224],[11.4239,50.8086],[11.4272,50.7977],[11.4559,50.7941],[11.472,50.8011],[11.4915,50.7981],[11.5122,50.8],[11.4909,50.8217],[11.4834,50.8316]]]},"properties":{"AGS":"16074076","GEN":"Reinstädt","SN_L":"16"}},
{"type":"Feature","geometry":{"type":"Polygon","coordinates":[[[11.6292,50.8542],[11.6131,50.8641],[11.6049,50.8613],[11.5596,50.857],[11.5905,50.8359],[11.5963,50.8407],[11.6252,50.8308],[11.6354,50.8305],[11.6348,50.8313],[11.6338,50.8488],[11.6292,50.8542]]]},"properties":{"AGS":"16074079","GEN":"Rothenstein","SN_L":"16"}},
{"type":"Feature","geometry":{"type":"Polygon","coordinates":[[[11.6354,50.8305],[11.6252,50.8308],[11.5963,50.8407],[11.5905,50.8359],[11.5844,50.8257],[11.5905,50.8232],[11.604,50.828],[11.625,50.8135],[11.6354,50.8305]]]},"properties":{"AGS":"16074087","GEN":"Schöps","SN_L":"16"}},
{"type":"Feature","geometry":{"type":"Polygon","coordinates":[[[11.6255,50.8115],[11.6113,50.8138],[11.599,50.8089],[11.6085,50.7947],[11.6314,50.7953],[11.6412,50.8088],[11.6255,50.8115]]]},"properties":{"AGS":"16074089","GEN":"Seitenroda","SN_L":"16"}},
{"type":"Feature","geometry":{"type":"Polygon","coordinates":[[[11.6282,50.8774],[11.6088,50.8755],[11.6131,50.8641],[11.6292,50.8542],[11.6417,50.8555],[11.6282,50.8774]]]},"properties":{"AGS":"16074095","GEN":"Sulza","SN_L":"16"}},
{"type":"Feature","geometry":{"type":"Polygon","coordinates":[[[11.657,50.8328],[11.6348,50.8313],[11.6354,50.8305],[11.625,50.8135],[11.6255,50.8115],[11.6412,50.8088],[11.6728,50.8186],[11.657,50.8328]]]},"properties":{"AGS":"16074104","GEN":"Unterbodnitz","SN_L":"16"}},
{"type":"Feature","geometry":{"type":"Polygon","coordinates":[[[11.6552,50.8796],[11.6282,50.8774],[11.6417,50.8555],[11.6615,50.8563],[11.6552,50.8796]]]},"properties":{"AGS":"16074114","GEN":"Zöllnitz","SN_L":"16"}},
{"type":"Feature","geometry":{"type":"Polygon","coordinates":[[[11.8845,50.8905],[11.864,50.9003],[11.8556,50.9097],[11.8341,50.8978],[11.8508,50.8834],[11.855,50.8711],[11.8743,50.8817],[11.8845,50.8905]]]},"properties":{"AGS":"16074041","GEN":"Hermsdorf","SN_L":"16"}},
{"type":"Feature","geometry":{"type":"Polygon","coordinates":[[[11.8406,50.8671],[11.8251,50.8698],[11.8162,50.8802],[11.7855,50.8661],[11.7903,50.8664],[11.7926,50.8661],[11.7948,50.8653],[11.8006,50.8633],[11.8147,50.856],[11.8217,50.8444],[11.8367,50.8509],[11.8406,50.8671]]]},"properties":{"AGS":"16074059","GEN":"Mörsdorf","SN_L":"16"}},
{"type":"Feature","geometry":{"type":"Polygon","coordinates":[[[11.8979,50.863],[11.8899,50.8744],[11.8743,50.8817],[11.855,50.8711],[11.857,50.8667],[11.8817,50.8599],[11.8979,50.863]]]},"properties":{"AGS":"16074075","GEN":"Reichenbach","SN_L":"16"}},
{"type":"Feature","geometry":{"type":"Polygon","coordinates":[[[11.8341,50.8978],[11.8239,50.897],[11.8142,50.8896],[11.8162,50.8802],[11.8251,50.8698],[11.8406,50.8671],[11.857,50.8667],[11.855,50.8711],[11.8508,50.8834],[11.8341,50.8978]]]},"properties":{"AGS":"16074084","GEN":"Schleifreisen","SN_L":"16"}},
{"type":"Feature","geometry":{"type":"Polygon","coordinates":[[[11.857,50.8667],[11.8406,50.8671],[11.8367,50.8509],[11.8217,50.8444],[11.8183,50.8378],[11.8441,50.8439],[11.8438,50.849],[11.8856,50.852],[11.8936,50.8488],[11.9138,50.8518],[11.9207,50.8591],[11.8979,50.863],[11.8817,50.8599],[11.857,50.8667]]]},"properties":{"AGS":"16074093","GEN":"St. Gangloff","SN_L":"16"}},
{"type":"Feature","geometry":{"type":"MultiPolygon","coordinates":[[[[11.7004,51.0792],[11.6969,51.0875],[11.682,51.0823],[11.6893,51.077],[11.6883,51.0619],[11.678,51.0605],[11.6859,51.0508],[11.6697,51.0438],[11.6752,51.0371],[11.6987,51.0437],[11.7131,51.0493],[11.7396,51.052],[11.7521,51.0486],[11.7533,51.057],[11.7212,51.071],[11.7008,51.0694],[11.7004,51.0792]]],[[[11.6993,51.0228],[11.6835,51.0152],[11.6749,51.0364],[11.6517,51.0238],[11.6261,51.0257],[11.623,51.0206],[11.6314,51.0178],[11.648,50.9976],[11.6584,50.993],[11.6702,50.9899],[11.679,50.9882],[11.6943,51.0012],[11.7152,50.9993],[11.7179,51.0058],[11.6993,51.0228]]]]},"properties":{"AGS":"16074011","GEN":"Dornburg-Camburg","SN_L":"16"}},
{"type":"Feature","geometry":{"type":"Polygon","coordinates":[[[11.7521,51.0486],[11.7396,51.052],[11.7131,51.0493],[11.6987,51.0437],[11.712,51.0331],[11.6993,51.0228],[11.7179,51.0058],[11.7152,50.9993],[11.7443,50.9976],[11.7561,51.0055],[11.753,51.0132],[11.7721,51.0235],[11.7586,51.0229],[11.7523,51.0361],[11.7597,51.0429],[11.7521,51.0486]]]},"properties":{"AGS":"16074019","GEN":"Frauenprießnitz","SN_L":"16"}},
{"type":"Feature","geometry":{"type":"Polygon","coordinates":[[[11.6934,50.9729],[11.679,50.9882],[11.6702,50.9899],[11.656,50.9709],[11.6471,50.9693],[11.6723,50.9489],[11.6822,50.9567],[11.6934,50.9729]]]},"properties":{"AGS":"16074026","GEN":"Golmsdorf","SN_L":"16"}},
{"type":"Feature","geometry":{"type":"Polygon","coordinates":[[[11.6926,50.9336],[11.6669,50.9382],[11.6674,50.916],[11.6727,50.91],[11.7066,50.9182],[11.7056,50.92],[11.6926,50.9336]]]},"properties":{"AGS":"16074032","GEN":"Großlöbichau","SN_L":"16"}},
{"type":"Feature","geometry":{"type":"Polygon","coordinates":[[[11.6449,50.989],[11.6178,51.0031],[11.6051,51.0056],[11.5766,51],[11.5948,50.9964],[11.6025,50.9895],[11.6352,50.9868],[11.6449,50.989]]]},"properties":{"AGS":"16074036","GEN":"Hainichen","SN_L":"16"}},
{"type":"Feature","geometry":{"type":"Polygon","coordinates":[[[11.7022,50.9554],[11.6822,50.9567],[11.6723,50.9489],[11.6669,50.9382],[11.6926,50.9336],[11.6917,50.9435],[11.7064,50.9536],[11.7022,50.9554]]]},"properties":{"AGS":"16074043","GEN":"Jenalöbnitz","SN_L":"16"}},
{"type":"Feature","geometry":{"type":"Polygon","coordinates":[[[11.5766,51],[11.5473,50.9891],[11.5664,50.9659],[11.5878,50.9726],[11.6059,50.9719],[11.6177,50.9766],[11.6218,50.9861],[11.6352,50.9868],[11.6025,50.9895],[11.5948,50.9964],[11.5766,51]]]},"properties":{"AGS":"16074051","GEN":"Lehesten","SN_L":"16"}},
{"type":"Feature","geometry":{"type":"Polygon","coordinates":[[[11.7243,50.9726],[11.6934,50.9729],[11.6822,50.9567],[11.7022,50.9554],[11.7243,50.9726]]]},"properties":{"AGS":"16074054","GEN":"Löberschütz","SN_L":"16"}},
{"type":"Feature","geometry":{"type":"Polygon","coordinates":[[[11.6471,50.9693],[11.656,50.9709],[11.6702,50.9899],[11.6584,50.993],[11.6449,50.989],[11.6352,50.9868],[11.6218,50.9861],[11.6177,50.9766],[11.6427,50.9648],[11.6471,50.9693]]]},"properties":{"AGS":"16074063","GEN":"Neuengönna","SN_L":"16"}},
{"type":"Feature","geometry":{"type":"Polygon","coordinates":[[[11.7152,50.9993],[11.6943,51.0012],[11.679,50.9882],[11.6934,50.9729],[11.7243,50.9726],[11.7402,50.9662],[11.7502,50.9727],[11.7416,50.9911],[11.7443,50.9976],[11.7152,50.9993]]]},"properties":{"AGS":"16074096","GEN":"Tautenburg","SN_L":"16"}},
{"type":"Feature","geometry":{"type":"Polygon","coordinates":[[[11.7721,51.0235],[11.774,51.038],[11.7651,51.0437],[11.7597,51.0429],[11.7523,51.0361],[11.7586,51.0229],[11.7721,51.0235]]]},"properties":{"AGS":"16074099","GEN":"Thierschneck","SN_L":"16"}},
{"type":"Feature","geometry":{"type":"Polygon","coordinates":[[[11.6993,51.0228],[11.712,51.0331],[11.6987,51.0437],[11.6752,51.0371],[11.6749,51.0364],[11.6835,51.0152],[11.6993,51.0228]]]},"properties":{"AGS":"16074112","GEN":"Wichmar","SN_L":"16"}},
{"type":"Feature","geometry":{"type":"Polygon","coordinates":[[[11.623,51.0206],[11.6023,51.0135],[11.6051,51.0056],[11.6178,51.0031],[11.6449,50.989],[11.6584,50.993],[11.648,50.9976],[11.6314,51.0178],[11.623,51.0206]]]},"properties":{"AGS":"16074113","GEN":"Zimmern","SN_L":"16"}},
{"type":"Feature","geometry":{"type":"Polygon","coordinates":[[[11.7926,50.8661],[11.7903,50.8664],[11.7855,50.8661],[11.7637,50.8561],[11.7864,50.8415],[11.8147,50.856],[11.8006,50.8633],[11.7948,50.8653],[11.7926,50.8661]]]},"properties":{"AGS":"16074058","GEN":"Möckern","SN_L":"16"}},
{"type":"Feature","geometry":{"type":"Polygon","coordinates":[[[11.7435,50.8972],[11.7161,50.8931],[11.7128,50.8825],[11.7328,50.8735],[11.7588,50.8715],[11.7713,50.8856],[11.7655,50.8936],[11.7574,50.8957],[11.7435,50.8972]]]},"properties":{"AGS":"16074081","GEN":"Ruttersdorf-Lotschen","SN_L":"16"}},
{"type":"Feature","geometry":{"type":"Polygon","coordinates":[[[11.8162,50.8802],[11.8142,50.8896],[11.8037,50.8858],[11.7713,50.8856],[11.7588,50.8715],[11.7328,50.8735],[11.7128,50.8825],[11.6826,50.8741],[11.6816,50.8639],[11.6988,50.8564],[11.6915,50.8439],[11.6884,50.8413],[11.6972,50.8407],[11.7164,50.8418],[11.733,50.8455],[11.7543,50.8465],[11.7637,50.8561],[11.7855,50.8661],[11.8162,50.8802]]]},"properties":{"AGS":"16074094","GEN":"Stadtroda","SN_L":"16"}},
{"type":"Feature","geometry":{"type":"Polygon","coordinates":[[[11.8018,50.9613],[11.782,50.9651],[11.7724,50.9742],[11.764,50.9685],[11.7585,50.9526],[11.7407,50.9462],[11.7248,50.9374],[11.7159,50.947],[11.7064,50.9536],[11.6917,50.9435],[11.6926,50.9336],[11.7056,50.92],[11.7212,50.9208],[11.7329,50.9286],[11.744,50.9227],[11.742,50.9117],[11.7557,50.9091],[11.7715,50.9092],[11.7622,50.9285],[11.784,50.9318],[11.806,50.9293],[11.8184,50.9347],[11.7958,50.9416],[11.8042,50.9565],[11.8018,50.9613]]]},"properties":{"AGS":"16074009","GEN":"Bürgel","SN_L":"16"}},
{"type":"Feature","geometry":{"type":"Polygon","coordinates":[[[11.7331,50.9496],[11.7402,50.9662],[11.7243,50.9726],[11.7022,50.9554],[11.7064,50.9536],[11.7159,50.947],[11.7331,50.9496]]]},"properties":{"AGS":"16074028","GEN":"Graitschen b.Bürgel","SN_L":"16"}},
{"type":"Feature","geometry":{"type":"Polygon","coordinates":[[[11.7407,50.9462],[11.7331,50.9496],[11.7159,50.947],[11.7248,50.9374],[11.7407,50.9462]]]},"properties":{"AGS":"16074061","GEN":"Nausnitz","SN_L":"16"}},
{"type":"Feature","geometry":{"type":"Polygon","coordinates":[[[11.7407,50.9462],[11.7585,50.9526],[11.764,50.9685],[11.7502,50.9727],[11.7402,50.9662],[11.7331,50.9496],[11.7407,50.9462]]]},"properties":{"AGS":"16074068","GEN":"Poxdorf","SN_L":"16"}},
{"type":"Feature","geometry":{"type":"Polygon","coordinates":[[[11.9329,50.9642],[11.9225,50.9775],[11.9226,50.9887],[11.9003,50.9891],[11.8964,50.9827],[11.8785,50.982],[11.8477,50.9744],[11.8579,50.9679],[11.8461,50.9607],[11.8538,50.9544],[11.8501,50.9364],[11.8925,50.9416],[11.8978,50.9496],[11.9118,50.9513],[11.9247,50.9367],[11.9311,50.9436],[11.9329,50.9642]]]},"properties":{"AGS":"16074018","GEN":"Eisenberg","SN_L":"16"}},
{"type":"Feature","geometry":{"type":"Polygon","coordinates":[[[11.9003,50.9891],[11.8643,50.995],[11.8652,50.9852],[11.8785,50.982],[11.8964,50.9827],[11.9003,50.9891]]]},"properties":{"AGS":"16074025","GEN":"Gösen","SN_L":"16"}},
{"type":"Feature","geometry":{"type":"MultiPolygon","coordinates":[[[[11.8105,50.9612],[11.8018,50.9613],[11.8042,50.9565],[11.8105,50.9612]]],[[[11.8501,50.9364],[11.8538,50.9544],[11.8461,50.9607],[11.8364,50.974],[11.8256,50.9591],[11.8477,50.937],[11.8501,50.9364]]]]},"properties":{"AGS":"16074037","GEN":"Hainspitz","SN_L":"16"}},
{"type":"Feature","geometry":{"type":"Polygon","coordinates":[[[11.8039,50.9937],[11.7932,51.0021],[11.7757,51.0011],[11.7704,50.9934],[11.7726,50.9783],[11.8039,50.9937]]]},"properties":{"AGS":"16074055","GEN":"Mertendorf","SN_L":"16"}},
{"type":"Feature","geometry":{"type":"Polygon","coordinates":[[[11.8652,50.9852],[11.8495,50.9904],[11.8518,50.9973],[11.8281,50.9976],[11.8066,50.9873],[11.8364,50.974],[11.8461,50.9607],[11.8579,50.9679],[11.8477,50.9744],[11.8785,50.982],[11.8652,50.9852]]]},"properties":{"AGS":"16074067","GEN":"Petersberg","SN_L":"16"}},
{"type":"Feature","geometry":{"type":"Polygon","coordinates":[[[11.8364,50.974],[11.8066,50.9873],[11.8039,50.9937],[11.7726,50.9783],[11.7724,50.9742],[11.782,50.9651],[11.8018,50.9613],[11.8105,50.9612],[11.8256,50.9591],[11.8364,50.974]]]},"properties":{"AGS":"16074073","GEN":"Rauschwitz","SN_L":"16"}},
{"type":"Feature","geometry":{"type":"Polygon","coordinates":[[[11.7844,50.9068],[11.7715,50.9092],[11.7557,50.9091],[11.7574,50.8957],[11.7655,50.8936],[11.7843,50.8953],[11.7844,50.9068]]]},"properties":{"AGS":"16074001","GEN":"Albersdorf","SN_L":"16"}},
{"type":"Feature","geometry":{"type":"Polygon","coordinates":[[[11.9114,50.9076],[11.8868,50.9112],[11.8723,50.9221],[11.8296,50.9294],[11.811,50.9133],[11.8115,50.9026],[11.8239,50.897],[11.8341,50.8978],[11.8556,50.9097],[11.864,50.9003],[11.8845,50.8905],[11.8908,50.8953],[11.9176,50.8935],[11.9144,50.9046],[11.9114,50.9076]]]},"properties":{"AGS":"16074003","GEN":"Bad Klosterlausnitz","SN_L":"16"}},
{"type":"Feature","geometry":{"type":"Polygon","coordinates":[[[11.8239,50.897],[11.8115,50.9026],[11.811,50.9133],[11.7844,50.9068],[11.7843,50.8953],[11.7655,50.8936],[11.7713,50.8856],[11.8037,50.8858],[11.8142,50.8896],[11.8239,50.897]]]},"properties":{"AGS":"16074005","GEN":"Bobeck","SN_L":"16"}},
{"type":"Feature","geometry":{"type":"Polygon","coordinates":[[[11.7557,50.9091],[11.742,50.9117],[11.7435,50.8972],[11.7574,50.8957],[11.7557,50.9091]]]},"properties":{"AGS":"16074082","GEN":"Scheiditz","SN_L":"16"}},
{"type":"Feature","geometry":{"type":"Polygon","coordinates":[[[11.7066,50.9182],[11.6727,50.91],[11.6674,50.916],[11.6461,50.8974],[11.6619,50.8843],[11.6826,50.8741],[11.7128,50.8825],[11.7161,50.8931],[11.7174,50.9012],[11.7066,50.9182]]]},"properties":{"AGS":"16074085","GEN":"Schlöben","SN_L":"16"}},
{"type":"Feature","geometry":{"type":"Polygon","coordinates":[[[11.742,50.9117],[11.744,50.9227],[11.7329,50.9286],[11.7212,50.9208],[11.7056,50.92],[11.7066,50.9182],[11.7174,50.9012],[11.7161,50.8931],[11.7435,50.8972],[11.742,50.9117]]]},"properties":{"AGS":"16074086","GEN":"Schöngleina","SN_L":"16"}},
{"type":"Feature","geometry":{"type":"Polygon","coordinates":[[[11.8256,50.9591],[11.8105,50.9612],[11.8042,50.9565],[11.7958,50.9416],[11.8184,50.9347],[11.8296,50.9294],[11.8477,50.937],[11.8256,50.9591]]]},"properties":{"AGS":"16074091","GEN":"Serba","SN_L":"16"}},
{"type":"Feature","geometry":{"type":"Polygon","coordinates":[[[11.9247,50.9367],[11.9118,50.9513],[11.8978,50.9496],[11.8925,50.9416],[11.9114,50.9076],[11.9144,50.9046],[11.9228,50.9143],[11.9502,50.9161],[11.9494,50.9241],[11.941,50.9212],[11.9247,50.9367]]]},"properties":{"AGS":"16074098","GEN":"Tautenhain","SN_L":"16"}},
{"type":"Feature","geometry":{"type":"Polygon","coordinates":[[[11.8296,50.9294],[11.8184,50.9347],[11.806,50.9293],[11.784,50.9318],[11.7622,50.9285],[11.7715,50.9092],[11.7844,50.9068],[11.811,50.9133],[11.8296,50.9294]]]},"properties":{"AGS":"16074105","GEN":"Waldeck","SN_L":"16"}},
{"type":"Feature","geometry":{"type":"Polygon","coordinates":[[[11.8925,50.9416],[11.8501,50.9364],[11.8477,50.937],[11.8296,50.9294],[11.8723,50.9221],[11.8868,50.9112],[11.9114,50.9076],[11.8925,50.9416]]]},"properties":{"AGS":"16074109","GEN":"Weißenborn","SN_L":"16"}},
{"type":"Feature","geometry":{"type":"Polygon","coordinates":[[[11.8625,50.4],[11.8711,50.4094],[11.8764,50.4275],[11.8477,50.416],[11.836,50.4239],[11.8363,50.4358],[11.8269,50.4457],[11.8083,50.439],[11.7891,50.4455],[11.7792,50.431],[11.7661,50.4305],[11.7522,50.4154],[11.7705,50.4117],[11.779,50.4185],[11.7953,50.4182],[11.8197,50.3958],[11.8349,50.3934],[11.8505,50.4012],[11.8625,50.4]]]},"properties":{"AGS":"16075046","GEN":"Hirschberg","SN_L":"16"}},
{"type":"Feature","geometry":{"type":"Polygon","coordinates":[[[11.7308,50.4652],[11.7092,50.4625],[11.7057,50.4691],[11.6773,50.4459],[11.6647,50.4482],[11.6396,50.4698],[11.6307,50.4852],[11.6076,50.4949],[11.5827,50.4876],[11.5753,50.4799],[11.5921,50.4687],[11.5689,50.4591],[11.5556,50.4446],[11.5666,50.4395],[11.6036,50.4501],[11.6153,50.4367],[11.5949,50.416],[11.6375,50.4066],[11.6675,50.4338],[11.678,50.4316],[11.6965,50.4434],[11.7316,50.4446],[11.7246,50.458],[11.734,50.4621],[11.7308,50.4652]]]},"properties":{"AGS":"16075062","GEN":"Bad Lobenstein","SN_L":"16"}},
{"type":"Feature","geometry":{"type":"Polygon","coordinates":[[[11.6328,50.7008],[11.618,50.7148],[11.625,50.7337],[11.5998,50.7225],[11.5758,50.7171],[11.566,50.7223],[11.5617,50.7137],[11.5379,50.7073],[11.553,50.6791],[11.585,50.6782],[11.6078,50.6839],[11.6168,50.6938],[11.6333,50.6999],[11.6328,50.7008]]]},"properties":{"AGS":"16075085","GEN":"Pößneck","SN_L":"16"}},
{"type":"Feature","geometry":{"type":"Polygon","coordinates":[[[11.8739,50.5418],[11.8859,50.5521],[11.9205,50.5556],[11.9337,50.5685],[11.9236,50.5857],[11.9441,50.5913],[11.9355,50.6039],[11.9194,50.6025],[11.9216,50.5929],[11.891,50.5973],[11.8798,50.5956],[11.8522,50.5879],[11.8439,50.5822],[11.8253,50.5828],[11.8128,50.5914],[11.8003,50.5867],[11.7978,50.5823],[11.7661,50.5709],[11.7624,50.5895],[11.7527,50.6002],[11.7324,50.6022],[11.7075,50.5964],[11.6864,50.5733],[11.6998,50.5615],[11.6828,50.5571],[11.676,50.5426],[11.6874,50.5273],[11.7168,50.5216],[11.7488,50.5234],[11.7624,50.5155],[11.7821,50.5335],[11.8053,50.5285],[11.8307,50.53],[11.8396,50.5264],[11.8739,50.5418]]]},"properties":{"AGS":"16075098","GEN":"Schleiz","SN_L":"16"}},
{"type":"Feature","geometry":{"type":"Polygon","coordinates":[[[11.895,50.4495],[11.8711,50.4618],[11.8527,50.4613],[11.8416,50.4684],[11.8184,50.4613],[11.7942,50.4633],[11.7668,50.474],[11.7604,50.4665],[11.734,50.4621],[11.7246,50.458],[11.7316,50.4446],[11.7557,50.4384],[11.7661,50.4305],[11.7792,50.431],[11.7891,50.4455],[11.8083,50.439],[11.8269,50.4457],[11.8363,50.4358],[11.836,50.4239],[11.8477,50.416],[11.8764,50.4275],[11.8711,50.4094],[11.8625,50.4],[11.8854,50.4159],[11.9018,50.4164],[11.9199,50.4244],[11.9217,50.4324],[11.8996,50.4352],[11.895,50.4495]]]},"properties":{"AGS":"16075131","GEN":"Gefell","SN_L":"16"}},
{"type":"Feature","geometry":{"type":"Polygon","coordinates":[[[11.8739,50.5418],[11.8396,50.5264],[11.8307,50.53],[11.8053,50.5285],[11.8078,50.5054],[11.797,50.4935],[11.7617,50.4881],[11.7308,50.4652],[11.734,50.4621],[11.7604,50.4665],[11.7668,50.474],[11.7942,50.4633],[11.8184,50.4613],[11.8416,50.4684],[11.8527,50.4613],[11.8711,50.4618],[11.895,50.4495],[11.9428,50.4601],[11.9465,50.4794],[11.9592,50.4787],[11.962,50.49],[11.9438,50.5056],[11.9185,50.517],[11.8882,50.5167],[11.8739,50.5418]]]},"properties":{"AGS":"16075132","GEN":"Tanna","SN_L":"16"}},
{"type":"Feature","geometry":{"type":"Polygon","coordinates":[[[11.5753,50.4799],[11.5414,50.4872],[11.5116,50.5186],[11.4825,50.5241],[11.4818,50.5137],[11.4988,50.4855],[11.4826,50.4769],[11.492,50.4706],[11.4811,50.4585],[11.4816,50.4316],[11.4876,50.4179],[11.4787,50.4012],[11.4899,50.3968],[11.503,50.3996],[11.5189,50.3957],[11.5199,50.3743],[11.5335,50.3795],[11.5601,50.3841],[11.5664,50.3907],[11.5509,50.4009],[11.5607,50.4068],[11.5486,50.4216],[11.5754,50.4346],[11.5666,50.4395],[11.5556,50.4446],[11.5689,50.4591],[11.5921,50.4687],[11.5753,50.4799]]]},"properties":{"AGS":"16075133","GEN":"Wurzbach","SN_L":"16"}},
{"type":"Feature","geometry":{"type":"Polygon","coordinates":[[[11.6679,50.5898],[11.6469,50.5982],[11.6334,50.5922],[11.6148,50.5839],[11.6052,50.5704],[11.5611,50.5484],[11.5463,50.558],[11.523,50.5528],[11.5152,50.5411],[11.4912,50.5446],[11.4926,50.5346],[11.4825,50.5241],[11.5116,50.5186],[11.5414,50.4872],[11.5753,50.4799],[11.5827,50.4876],[11.6076,50.4949],[11.6166,50.5093],[11.6574,50.5133],[11.664,50.5189],[11.6848,50.5199],[11.6874,50.5273],[11.676,50.5426],[11.6828,50.5571],[11.6998,50.5615],[11.6864,50.5733],[11.6635,50.5781],[11.6679,50.5898]]]},"properties":{"AGS":"16075134","GEN":"Remptendorf","SN_L":"16"}},
{"type":"Feature","geometry":{"type":"Polygon","coordinates":[[[11.8053,50.5285],[11.7821,50.5335],[11.7624,50.5155],[11.7488,50.5234],[11.7168,50.5216],[11.6874,50.5273],[11.6848,50.5199],[11.664,50.5189],[11.6574,50.5133],[11.6166,50.5093],[11.6076,50.4949],[11.6307,50.4852],[11.6396,50.4698],[11.6647,50.4482],[11.6773,50.4459],[11.7057,50.4691],[11.7092,50.4625],[11.7308,50.4652],[11.7617,50.4881],[11.797,50.4935],[11.8078,50.5054],[11.8053,50.5285]]]},"properties":{"AGS":"16075135","GEN":"Saalburg-Ebersdorf","SN_L":"16"}},
{"type":"Feature","geometry":{"type":"Polygon","coordinates":[[[11.7316,50.4446],[11.6965,50.4434],[11.678,50.4316],[11.6675,50.4338],[11.6375,50.4066],[11.5949,50.416],[11.6153,50.4367],[11.6036,50.4501],[11.5666,50.4395],[11.5754,50.4346],[11.5486,50.4216],[11.5607,50.4068],[11.5509,50.4009],[11.5664,50.3907],[11.5744,50.4],[11.5938,50.4027],[11.6033,50.3988],[11.6187,50.3884],[11.6379,50.3898],[11.6943,50.3958],[11.7083,50.4039],[11.7271,50.4004],[11.7358,50.4063],[11.7522,50.4154],[11.7661,50.4305],[11.7557,50.4384],[11.7316,50.4446]]]},"properties":{"AGS":"16075136","GEN":"Rosenthal am Rennsteig","SN_L":"16"}},
{"type":"Feature","geometry":{"type":"Polygon","coordinates":[[[11.8681,50.662],[11.8726,50.6785],[11.869,50.6867],[11.8582,50.6869],[11.8521,50.6737],[11.8336,50.6728],[11.8267,50.6628],[11.8115,50.6607],[11.7911,50.6644],[11.7959,50.6536],[11.7932,50.6407],[11.7931,50.6318],[11.8191,50.6323],[11.8348,50.6338],[11.831,50.6402],[11.8501,50.6448],[11.8428,50.6559],[11.8681,50.662]]]},"properties":{"AGS":"16075014","GEN":"Dittersdorf","SN_L":"16"}},
{"type":"Feature","geometry":{"type":"Polygon","coordinates":[[[11.8003,50.5867],[11.8015,50.5956],[11.7923,50.6037],[11.787,50.6043],[11.7819,50.5948],[11.7624,50.5895],[11.7661,50.5709],[11.7978,50.5823],[11.8003,50.5867]]]},"properties":{"AGS":"16075033","GEN":"Görkwitz","SN_L":"16"}},
{"type":"Feature","geometry":{"type":"Polygon","coordinates":[[[11.8501,50.6448],[11.831,50.6402],[11.8348,50.6338],[11.8508,50.6208],[11.8768,50.618],[11.882,50.6132],[11.8959,50.6169],[11.8849,50.6269],[11.8867,50.6367],[11.8661,50.6335],[11.8501,50.6448]]]},"properties":{"AGS":"16075034","GEN":"Göschitz","SN_L":"16"}},
{"type":"Feature","geometry":{"type":"Polygon","coordinates":[[[11.9194,50.6025],[11.9029,50.6075],[11.8959,50.6169],[11.882,50.6132],[11.872,50.6044],[11.8798,50.5956],[11.891,50.5973],[11.9216,50.5929],[11.9194,50.6025]]]},"properties":{"AGS":"16075048","GEN":"Kirschkau","SN_L":"16"}},
{"type":"Feature","geometry":{"type":"Polygon","coordinates":[[[11.8348,50.6338],[11.8191,50.6323],[11.8255,50.6273],[11.8318,50.6128],[11.8455,50.6036],[11.8522,50.5879],[11.8798,50.5956],[11.872,50.6044],[11.882,50.6132],[11.8768,50.618],[11.8508,50.6208],[11.8348,50.6338]]]},"properties":{"AGS":"16075063","GEN":"Löhma","SN_L":"16"}},
{"type":"Feature","geometry":{"type":"Polygon","coordinates":[[[11.8582,50.6869],[11.8466,50.6877],[11.8151,50.6852],[11.7908,50.6757],[11.7911,50.6644],[11.8115,50.6607],[11.8267,50.6628],[11.8336,50.6728],[11.8521,50.6737],[11.8582,50.6869]]]},"properties":{"AGS":"16075068","GEN":"Moßbach","SN_L":"16"}},
{"type":"Feature","geometry":{"type":"Polygon","coordinates":[[[11.787,50.6043],[11.7883,50.6268],[11.7591,50.6222],[11.7527,50.6002],[11.7624,50.5895],[11.7819,50.5948],[11.787,50.6043]]]},"properties":{"AGS":"16075072","GEN":"Neundorf (bei Schleiz)","SN_L":"16"}},
{"type":"Feature","geometry":{"type":"Polygon","coordinates":[[[11.8522,50.5879],[11.8455,50.6036],[11.8318,50.6128],[11.8255,50.6273],[11.829,50.6189],[11.806,50.6052],[11.7923,50.6037],[11.8015,50.5956],[11.8003,50.5867],[11.8128,50.5914],[11.8253,50.5828],[11.8439,50.5822],[11.8522,50.5879]]]},"properties":{"AGS":"16075076","GEN":"Oettersdorf","SN_L":"16"}},
{"type":"Feature","geometry":{"type":"Polygon","coordinates":[[[11.7932,50.6407],[11.7774,50.6513],[11.7632,50.6512],[11.7469,50.6432],[11.7385,50.6298],[11.7527,50.6353],[11.7591,50.6222],[11.7883,50.6268],[11.7931,50.6318],[11.7932,50.6407]]]},"properties":{"AGS":"16075083","GEN":"Plothen","SN_L":"16"}},
{"type":"Feature","geometry":{"type":"Polygon","coordinates":[[[11.8191,50.6323],[11.7931,50.6318],[11.7883,50.6268],[11.787,50.6043],[11.7923,50.6037],[11.806,50.6052],[11.829,50.6189],[11.8255,50.6273],[11.8191,50.6323]]]},"properties":{"AGS":"16075084","GEN":"Pörmitz","SN_L":"16"}},
{"type":"Feature","geometry":{"type":"Polygon","coordinates":[[[11.8876,50.6638],[11.8681,50.662],[11.8428,50.6559],[11.8501,50.6448],[11.8661,50.6335],[11.8867,50.6367],[11.8907,50.6491],[11.8876,50.6638]]]},"properties":{"AGS":"16075109","GEN":"Tegau","SN_L":"16"}},
{"type":"Feature","geometry":{"type":"Polygon","coordinates":[[[11.7591,50.6222],[11.7527,50.6353],[11.7385,50.6298],[11.7181,50.6183],[11.7069,50.6022],[11.7075,50.5964],[11.7324,50.6022],[11.7527,50.6002],[11.7591,50.6222]]]},"properties":{"AGS":"16075119","GEN":"Volkmannsdorf","SN_L":"16"}},
{"type":"Feature","geometry":{"type":"Polygon","coordinates":[[[11.6294,50.6666],[11.6327,50.6865],[11.6333,50.6999],[11.6168,50.6938],[11.6078,50.6839],[11.613,50.673],[11.6252,50.6658],[11.6294,50.6666]]]},"properties":{"AGS":"16075006","GEN":"Bodelwitz","SN_L":"16"}},
{"type":"Feature","geometry":{"type":"Polygon","coordinates":[[[11.659,50.6806],[11.6471,50.7036],[11.6328,50.7008],[11.6333,50.6999],[11.6327,50.6865],[11.6552,50.6802],[11.659,50.6806]]]},"properties":{"AGS":"16075016","GEN":"Döbritz","SN_L":"16"}},
{"type":"Feature","geometry":{"type":"Polygon","coordinates":[[[11.6552,50.6802],[11.6327,50.6865],[11.6294,50.6666],[11.6307,50.6623],[11.6649,50.6697],[11.6552,50.6802]]]},"properties":{"AGS":"16075031","GEN":"Gertewitz","SN_L":"16"}},
{"type":"Feature","geometry":{"type":"Polygon","coordinates":[[[11.6751,50.6768],[11.659,50.6806],[11.6552,50.6802],[11.6649,50.6697],[11.6838,50.6494],[11.701,50.6571],[11.7053,50.665],[11.6982,50.6742],[11.6845,50.6781],[11.6751,50.6768]]]},"properties":{"AGS":"16075039","GEN":"Grobengereuth","SN_L":"16"}},
{"type":"Feature","geometry":{"type":"Polygon","coordinates":[[[11.6848,50.7621],[11.6813,50.7628],[11.6613,50.7622],[11.647,50.7536],[11.6181,50.7582],[11.6033,50.7468],[11.5816,50.7547],[11.5447,50.7508],[11.5491,50.743],[11.5664,50.731],[11.566,50.7223],[11.5758,50.7171],[11.5998,50.7225],[11.625,50.7337],[11.6471,50.7416],[11.6637,50.7536],[11.6763,50.7468],[11.6912,50.7505],[11.6848,50.7621]]]},"properties":{"AGS":"16075054","GEN":"Langenorla","SN_L":"16"}},
{"type":"Feature","geometry":{"type":"Polygon","coordinates":[[[11.6912,50.7505],[11.6763,50.7468],[11.6637,50.7536],[11.6471,50.7416],[11.6643,50.7411],[11.6776,50.7334],[11.6906,50.718],[11.703,50.7177],[11.6981,50.7264],[11.7087,50.7419],[11.6912,50.7505]]]},"properties":{"AGS":"16075056","GEN":"Lausnitz b.Neustadt an der Orla","SN_L":"16"}},
{"type":"Feature","geometry":{"type":"Polygon","coordinates":[[[11.6621,50.7026],[11.6471,50.7036],[11.659,50.6806],[11.6751,50.6768],[11.6583,50.6955],[11.6621,50.7026]]]},"properties":{"AGS":"16075074","GEN":"Nimritz","SN_L":"16"}},
{"type":"Feature","geometry":{"type":"Polygon","coordinates":[[[11.7001,50.6907],[11.6801,50.7085],[11.6641,50.7037],[11.6845,50.6781],[11.6982,50.6742],[11.7053,50.665],[11.7106,50.6653],[11.6907,50.6874],[11.7001,50.6907]]]},"properties":{"AGS":"16075075","GEN":"Oberoppurg","SN_L":"16"}},
{"type":"Feature","geometry":{"type":"Polygon","coordinates":[[[11.6471,50.7416],[11.625,50.7337],[11.618,50.7148],[11.6328,50.7008],[11.6471,50.7036],[11.6621,50.7026],[11.6641,50.7037],[11.6801,50.7085],[11.6906,50.718],[11.6776,50.7334],[11.6643,50.7411],[11.6471,50.7416]]]},"properties":{"AGS":"16075077","GEN":"Oppurg","SN_L":"16"}},
{"type":"Feature","geometry":{"type":"Polygon","coordinates":[[[11.7179,50.6695],[11.7094,50.685],[11.7001,50.6907],[11.6907,50.6874],[11.7106,50.6653],[11.7179,50.6695]]]},"properties":{"AGS":"16075087","GEN":"Quaschwitz","SN_L":"16"}},
{"type":"Feature","geometry":{"type":"Polygon","coordinates":[[[11.6845,50.6781],[11.6641,50.7037],[11.6621,50.7026],[11.6583,50.6955],[11.6751,50.6768],[11.6845,50.6781]]]},"properties":{"AGS":"16075105","GEN":"Solkwitz","SN_L":"16"}},
{"type":"Feature","geometry":{"type":"Polygon","coordinates":[[[11.7158,50.7165],[11.703,50.7177],[11.6906,50.718],[11.6801,50.7085],[11.7001,50.6907],[11.7094,50.685],[11.7179,50.6695],[11.7284,50.6692],[11.7541,50.6839],[11.7449,50.6962],[11.7158,50.7165]]]},"properties":{"AGS":"16075121","GEN":"Weira","SN_L":"16"}},
{"type":"Feature","geometry":{"type":"Polygon","coordinates":[[[11.6078,50.6839],[11.585,50.6782],[11.6002,50.654],[11.6058,50.6425],[11.6183,50.6497],[11.6279,50.6576],[11.6252,50.6658],[11.613,50.673],[11.6078,50.6839]]]},"properties":{"AGS":"16075124","GEN":"Wernburg","SN_L":"16"}},
{"type":"Feature","geometry":{"type":"Polygon","coordinates":[[[11.8263,50.7615],[11.7997,50.7611],[11.7968,50.753],[11.7769,50.7572],[11.7804,50.7338],[11.8188,50.7368],[11.8144,50.7512],[11.8267,50.7559],[11.8263,50.7615]]]},"properties":{"AGS":"16075019","GEN":"Dreitzsch","SN_L":"16"}},
{"type":"Feature","geometry":{"type":"Polygon","coordinates":[[[11.9199,50.7722],[11.9063,50.7766],[11.8994,50.7886],[11.874,50.7798],[11.8879,50.7595],[11.8975,50.7589],[11.9204,50.7642],[11.9199,50.7722]]]},"properties":{"AGS":"16075029","GEN":"Geroda","SN_L":"16"}},
{"type":"Feature","geometry":{"type":"Polygon","coordinates":[[[11.8426,50.7315],[11.8243,50.7323],[11.8162,50.7065],[11.8237,50.7019],[11.8365,50.6955],[11.855,50.7101],[11.8499,50.7282],[11.8426,50.7315]]]},"properties":{"AGS":"16075057","GEN":"Lemnitz","SN_L":"16"}},
{"type":"Feature","geometry":{"type":"Polygon","coordinates":[[[11.8426,50.7315],[11.8458,50.7497],[11.8267,50.7559],[11.8144,50.7512],[11.8188,50.7368],[11.8243,50.7323],[11.8426,50.7315]]]},"properties":{"AGS":"16075065","GEN":"Miesitz","SN_L":"16"}},
{"type":"Feature","geometry":{"type":"Polygon","coordinates":[[[11.9206,50.7476],[11.9204,50.7562],[11.9409,50.7596],[11.9317,50.7738],[11.9199,50.7722],[11.9204,50.7642],[11.8975,50.7589],[11.902,50.7449],[11.9206,50.7476]]]},"properties":{"AGS":"16075066","GEN":"Mittelpöllnitz","SN_L":"16"}},
{"type":"Feature","geometry":{"type":"Polygon","coordinates":[[[11.8263,50.7615],[11.8242,50.7753],[11.8083,50.7793],[11.7933,50.7706],[11.7777,50.7687],[11.7769,50.7572],[11.7968,50.753],[11.7997,50.7611],[11.8263,50.7615]]]},"properties":{"AGS":"16075093","GEN":"Rosendorf","SN_L":"16"}},
{"type":"Feature","geometry":{"type":"Polygon","coordinates":[[[11.8243,50.7323],[11.8188,50.7368],[11.7804,50.7338],[11.7689,50.7335],[11.776,50.7167],[11.7835,50.7155],[11.7965,50.6978],[11.8237,50.7019],[11.8162,50.7065],[11.8243,50.7323]]]},"properties":{"AGS":"16075099","GEN":"Schmieritz","SN_L":"16"}},
{"type":"Feature","geometry":{"type":"Polygon","coordinates":[[[11.869,50.6867],[11.873,50.6959],[11.8676,50.7084],[11.878,50.72],[11.8627,50.7278],[11.8499,50.7282],[11.855,50.7101],[11.8365,50.6955],[11.8466,50.6877],[11.8582,50.6869],[11.869,50.6867]]]},"properties":{"AGS":"16075114","GEN":"Tömmelsdorf","SN_L":"16"}},
{"type":"Feature","geometry":{"type":"Polygon","coordinates":[[[11.8665,50.7881],[11.8533,50.7844],[11.8303,50.7854],[11.8244,50.7993],[11.8224,50.7985],[11.8099,50.7885],[11.7781,50.785],[11.7621,50.7817],[11.763,50.7687],[11.7777,50.7687],[11.7933,50.7706],[11.8083,50.7793],[11.8242,50.7753],[11.8263,50.7615],[11.8267,50.7559],[11.8458,50.7497],[11.8426,50.7315],[11.8499,50.7282],[11.8627,50.7278],[11.878,50.72],[11.8779,50.7254],[11.8987,50.7313],[11.902,50.7449],[11.8975,50.7589],[11.8879,50.7595],[11.874,50.7798],[11.8665,50.7881]]]},"properties":{"AGS":"16075116","GEN":"Triptis","SN_L":"16"}},
{"type":"Feature","geometry":{"type":"Polygon","coordinates":[[[11.7069,50.6022],[11.6832,50.6036],[11.6679,50.5898],[11.6635,50.5781],[11.6864,50.5733],[11.7075,50.5964],[11.7069,50.6022]]]},"properties":{"AGS":"16075023","GEN":"Eßbach","SN_L":"16"}},
{"type":"Feature","geometry":{"type":"Polygon","coordinates":[[[11.6193,50.6335],[11.6061,50.6385],[11.5721,50.629],[11.5647,50.6189],[11.5506,50.6074],[11.5659,50.6089],[11.5793,50.5989],[11.6091,50.6055],[11.6083,50.6156],[11.6228,50.6248],[11.6193,50.6335]]]},"properties":{"AGS":"16075035","GEN":"Gössitz","SN_L":"16"}},
{"type":"Feature","geometry":{"type":"Polygon","coordinates":[[[11.6769,50.6311],[11.6728,50.6463],[11.6612,50.6499],[11.6486,50.6421],[11.6443,50.6309],[11.6449,50.6302],[11.6688,50.627],[11.6769,50.6311]]]},"properties":{"AGS":"16075047","GEN":"Keila","SN_L":"16"}},
{"type":"Feature","geometry":{"type":"Polygon","coordinates":[[[11.6443,50.6309],[11.6486,50.6421],[11.6282,50.6537],[11.6183,50.6497],[11.6058,50.6425],[11.6061,50.6385],[11.6193,50.6335],[11.6443,50.6309]]]},"properties":{"AGS":"16075069","GEN":"Moxa","SN_L":"16"}},
{"type":"Feature","geometry":{"type":"Polygon","coordinates":[[[11.6443,50.6309],[11.6193,50.6335],[11.6228,50.6248],[11.6083,50.6156],[11.6091,50.6055],[11.6265,50.6117],[11.6334,50.5922],[11.6469,50.5982],[11.6401,50.6032],[11.6447,50.6153],[11.6331,50.6203],[11.6449,50.6302],[11.6443,50.6309]]]},"properties":{"AGS":"16075079","GEN":"Paska","SN_L":"16"}},
{"type":"Feature","geometry":{"type":"Polygon","coordinates":[[[11.6649,50.6697],[11.6307,50.6623],[11.6294,50.6666],[11.6252,50.6658],[11.6279,50.6576],[11.6183,50.6497],[11.6282,50.6537],[11.6486,50.6421],[11.6612,50.6499],[11.6728,50.6463],[11.6838,50.6494],[11.6649,50.6697]]]},"properties":{"AGS":"16075081","GEN":"Peuschen","SN_L":"16"}},
{"type":"Feature","geometry":{"type":"Polygon","coordinates":[[[11.6002,50.654],[11.585,50.6782],[11.553,50.6791],[11.5418,50.6697],[11.5477,50.6596],[11.5693,50.6424],[11.5769,50.6487],[11.6002,50.654]]]},"properties":{"AGS":"16075088","GEN":"Ranis","SN_L":"16"}},
{"type":"Feature","geometry":{"type":"Polygon","coordinates":[[[11.6058,50.6425],[11.6002,50.654],[11.5769,50.6487],[11.5693,50.6424],[11.5646,50.6324],[11.5647,50.6189],[11.5721,50.629],[11.6061,50.6385],[11.6058,50.6425]]]},"properties":{"AGS":"16075101","GEN":"Schmorda","SN_L":"16"}},
{"type":"Feature","geometry":{"type":"Polygon","coordinates":[[[11.7181,50.6183],[11.7023,50.6247],[11.6962,50.6361],[11.6769,50.6311],[11.6688,50.627],[11.6581,50.6126],[11.6817,50.6111],[11.6832,50.6036],[11.7069,50.6022],[11.7181,50.6183]]]},"properties":{"AGS":"16075102","GEN":"Schöndorf","SN_L":"16"}},
{"type":"Feature","geometry":{"type":"Polygon","coordinates":[[[11.5693,50.6424],[11.5477,50.6596],[11.5268,50.6531],[11.5259,50.6397],[11.5329,50.6441],[11.554,50.6434],[11.5646,50.6324],[11.5693,50.6424]]]},"properties":{"AGS":"16075103","GEN":"Seisla","SN_L":"16"}},
{"type":"Feature","geometry":{"type":"Polygon","coordinates":[[[11.5646,50.6324],[11.554,50.6434],[11.5329,50.6441],[11.5259,50.6397],[11.5198,50.6191],[11.5211,50.6185],[11.5326,50.6064],[11.5506,50.6074],[11.5647,50.6189],[11.5646,50.6324]]]},"properties":{"AGS":"16075125","GEN":"Wilhelmsdorf","SN_L":"16"}},
{"type":"Feature","geometry":{"type":"Polygon","coordinates":[[[11.6688,50.627],[11.6449,50.6302],[11.6331,50.6203],[11.6447,50.6153],[11.6401,50.6032],[11.6469,50.5982],[11.6679,50.5898],[11.6832,50.6036],[11.6817,50.6111],[11.6581,50.6126],[11.6688,50.627]]]},"properties":{"AGS":"16075127","GEN":"Ziegenrück","SN_L":"16"}},
{"type":"Feature","geometry":{"type":"Polygon","coordinates":[[[11.5491,50.743],[11.534,50.7412],[11.523,50.7289],[11.5109,50.733],[11.4889,50.7266],[11.4741,50.7164],[11.4608,50.6988],[11.4815,50.6972],[11.5075,50.6684],[11.4967,50.6626],[11.5009,50.6513],[11.5176,50.6441],[11.5126,50.6348],[11.5198,50.6191],[11.5259,50.6397],[11.5268,50.6531],[11.5477,50.6596],[11.5418,50.6697],[11.553,50.6791],[11.5379,50.7073],[11.5617,50.7137],[11.566,50.7223],[11.5664,50.731],[11.5491,50.743]]]},"properties":{"AGS":"16075129","GEN":"Krölpa","SN_L":"16"}},
{"type":"Feature","geometry":{"type":"Polygon","coordinates":[[[11.7449,50.6962],[11.7579,50.7093],[11.7532,50.7269],[11.7354,50.7264],[11.7158,50.7165],[11.7449,50.6962]]]},"properties":{"AGS":"16075051","GEN":"Kospoda","SN_L":"16"}},
{"type":"Feature","geometry":{"type":"Polygon","coordinates":[[[11.7777,50.7687],[11.763,50.7687],[11.7621,50.7817],[11.7518,50.7826],[11.7426,50.7971],[11.7239,50.7972],[11.7125,50.7909],[11.7228,50.7815],[11.7186,50.7699],[11.7084,50.7636],[11.6848,50.7621],[11.6912,50.7505],[11.7087,50.7419],[11.6981,50.7264],[11.703,50.7177],[11.7158,50.7165],[11.7354,50.7264],[11.7532,50.7269],[11.7579,50.7093],[11.7449,50.6962],[11.7541,50.6839],[11.7284,50.6692],[11.7179,50.6695],[11.7106,50.6653],[11.7053,50.665],[11.701,50.6571],[11.6838,50.6494],[11.6728,50.6463],[11.6769,50.6311],[11.6962,50.6361],[11.7023,50.6247],[11.7181,50.6183],[11.7385,50.6298],[11.7469,50.6432],[11.7632,50.6512],[11.7774,50.6513],[11.7932,50.6407],[11.7959,50.6536],[11.7911,50.6644],[11.7908,50.6757],[11.8151,50.6852],[11.8466,50.6877],[11.8365,50.6955],[11.8237,50.7019],[11.7965,50.6978],[11.7835,50.7155],[11.776,50.7167],[11.7689,50.7335],[11.7804,50.7338],[11.7769,50.7572],[11.7777,50.7687]]]},"properties":{"AGS":"16075073","GEN":"Neustadt an der Orla","SN_L":"16"}},
{"type":"Feature","geometry":{"type":"Polygon","coordinates":[[[12.28,50.6442],[12.2696,50.6585],[12.2477,50.6576],[12.2358,50.6746],[12.2202,50.6763],[12.2174,50.7073],[12.2041,50.7047],[12.1783,50.7113],[12.1547,50.7133],[12.1529,50.7102],[12.1667,50.6918],[12.1374,50.6776],[12.1437,50.6714],[12.1358,50.6512],[12.1248,50.639],[12.0907,50.624],[12.0868,50.6021],[12.1015,50.5789],[12.12,50.5672],[12.1362,50.5735],[12.156,50.5735],[12.1586,50.5831],[12.1375,50.5821],[12.1102,50.5887],[12.1149,50.597],[12.1414,50.6032],[12.1508,50.6156],[12.1499,50.6288],[12.1633,50.63],[12.1882,50.6231],[12.2076,50.6366],[12.223,50.6313],[12.2405,50.6294],[12.2655,50.6308],[12.2643,50.6434],[12.28,50.6442]]]},"properties":{"AGS":"16076022","GEN":"Greiz","SN_L":"16"}},
{"type":"Feature","geometry":{"type":"Polygon","coordinates":[[[12.2174,50.8742],[12.2078,50.8806],[12.2008,50.8794],[12.1687,50.874],[12.1555,50.8767],[12.1523,50.8688],[12.1351,50.8595],[12.1567,50.8573],[12.1627,50.837],[12.1706,50.8292],[12.1787,50.8295],[12.1987,50.8409],[12.2183,50.859],[12.2174,50.8742]]]},"properties":{"AGS":"16076061","GEN":"Ronneburg","SN_L":"16"}},
{"type":"Feature","geometry":{"type":"Polygon","coordinates":[[[11.9799,50.8024],[11.954,50.8117],[11.9395,50.8054],[11.9237,50.7912],[11.8993,50.7913],[11.8994,50.7886],[11.9063,50.7766],[11.9199,50.7722],[11.9317,50.7738],[11.9409,50.7596],[11.9204,50.7562],[11.9206,50.7476],[11.9481,50.732],[11.9665,50.7245],[11.9798,50.7324],[11.9906,50.7271],[12.0126,50.7447],[12.0062,50.754],[12.0166,50.773],[12.0403,50.7846],[12.054,50.7844],[12.0578,50.7934],[12.058,50.7958],[12.0322,50.7998],[12.0097,50.798],[12.0004,50.7918],[11.9799,50.8024]]]},"properties":{"AGS":"16076088","GEN":"Harth-Pöllnitz","SN_L":"16"}},
{"type":"Feature","geometry":{"type":"Polygon","coordinates":[[[12.0259,50.908],[11.9908,50.9014],[11.9807,50.9129],[11.9502,50.9161],[11.9228,50.9143],[11.9144,50.9046],[11.9176,50.8935],[11.8908,50.8953],[11.8845,50.8905],[11.8743,50.8817],[11.8899,50.8744],[11.8979,50.863],[11.9207,50.8591],[11.9415,50.8614],[11.9804,50.8663],[11.9986,50.8723],[12.0132,50.8947],[12.0274,50.9012],[12.0259,50.908]]]},"properties":{"AGS":"16076089","GEN":"Kraftsdorf","SN_L":"16"}},
{"type":"Feature","geometry":{"type":"Polygon","coordinates":[[[11.9906,50.7271],[11.9798,50.7324],[11.9665,50.7245],[11.9481,50.732],[11.9206,50.7476],[11.902,50.7449],[11.8987,50.7313],[11.8779,50.7254],[11.878,50.72],[11.8676,50.7084],[11.873,50.6959],[11.869,50.6867],[11.8726,50.6785],[11.8681,50.662],[11.8876,50.6638],[11.9185,50.6589],[11.9444,50.6779],[11.9398,50.6977],[11.9837,50.7087],[11.9878,50.6991],[12.0052,50.6993],[12.0329,50.713],[12.0355,50.72],[12.0109,50.727],[11.9906,50.7271]]]},"properties":{"AGS":"16076092","GEN":"Auma-Weidatal","SN_L":"16"}},
{"type":"Feature","geometry":{"type":"Polygon","coordinates":[[[12.2281,50.7476],[12.2158,50.757],[12.2035,50.7546],[12.1863,50.7481],[12.2092,50.7239],[12.1745,50.7268],[12.1601,50.7232],[12.1547,50.7133],[12.1783,50.7113],[12.2041,50.7047],[12.2174,50.7073],[12.2202,50.6763],[12.2358,50.6746],[12.2477,50.6576],[12.2696,50.6585],[12.28,50.6442],[12.2989,50.6517],[12.3035,50.6623],[12.3177,50.6634],[12.3189,50.6765],[12.3148,50.6852],[12.3085,50.6826],[12.2748,50.6861],[12.2628,50.6953],[12.2534,50.7157],[12.2734,50.7282],[12.2648,50.7375],[12.235,50.7333],[12.2281,50.7476]]]},"properties":{"AGS":"16076093","GEN":"Mohlsdorf-Teichwolframsdorf","SN_L":"16"}},
{"type":"Feature","geometry":{"type":"Polygon","coordinates":[[[12.1268,50.7991],[12.1123,50.8157],[12.0844,50.8255],[12.0694,50.8213],[12.0796,50.8079],[12.0609,50.8056],[12.058,50.7958],[12.0578,50.7934],[12.0737,50.7916],[12.0772,50.7773],[12.0865,50.7696],[12.1016,50.7655],[12.095,50.752],[12.1126,50.7432],[12.1182,50.732],[12.1346,50.737],[12.1521,50.7268],[12.1233,50.7158],[12.1529,50.7102],[12.1547,50.7133],[12.1601,50.7232],[12.1745,50.7268],[12.2092,50.7239],[12.1863,50.7481],[12.2035,50.7546],[12.2013,50.7671],[12.1907,50.7782],[12.1814,50.7974],[12.1747,50.7955],[12.1558,50.7863],[12.1295,50.7812],[12.1268,50.7991]]]},"properties":{"AGS":"16076094","GEN":"Berga-Wünschendorf","SN_L":"16"}},
{"type":"Feature","geometry":{"type":"Polygon","coordinates":[[[12.2428,50.8091],[12.2173,50.8052],[12.2058,50.7969],[12.2214,50.7852],[12.2364,50.7923],[12.2535,50.7933],[12.2428,50.8091]]]},"properties":{"AGS":"16076009","GEN":"Braunichswalde","SN_L":"16"}},
{"type":"Feature","geometry":{"type":"Polygon","coordinates":[[[12.1268,50.7991],[12.1295,50.7812],[12.1558,50.7863],[12.1747,50.7955],[12.1464,50.8048],[12.1268,50.7991]]]},"properties":{"AGS":"16076017","GEN":"Endschütz","SN_L":"16"}},
{"type":"Feature","geometry":{"type":"Polygon","coordinates":[[[12.2058,50.7969],[12.1814,50.7974],[12.1907,50.7782],[12.2065,50.785],[12.2214,50.7852],[12.2058,50.7969]]]},"properties":{"AGS":"16076019","GEN":"Gauern","SN_L":"16"}},
{"type":"Feature","geometry":{"type":"Polygon","coordinates":[[[12.1903,50.8196],[12.1787,50.8295],[12.1706,50.8292],[12.161,50.8239],[12.1349,50.8206],[12.1493,50.8126],[12.1754,50.8144],[12.1903,50.8196]]]},"properties":{"AGS":"16076027","GEN":"Hilbersdorf","SN_L":"16"}},
{"type":"Feature","geometry":{"type":"Polygon","coordinates":[[[12.1706,50.8292],[12.1627,50.837],[12.1567,50.8573],[12.1351,50.8595],[12.1257,50.849],[12.1372,50.8384],[12.1349,50.8206],[12.161,50.8239],[12.1706,50.8292]]]},"properties":{"AGS":"16076034","GEN":"Kauern","SN_L":"16"}},
{"type":"Feature","geometry":{"type":"Polygon","coordinates":[[[12.2173,50.8052],[12.1981,50.8207],[12.1903,50.8196],[12.1754,50.8144],[12.1493,50.8126],[12.1464,50.8048],[12.1747,50.7955],[12.1814,50.7974],[12.2058,50.7969],[12.2173,50.8052]]]},"properties":{"AGS":"16076043","GEN":"Linda b.Weida","SN_L":"16"}},
{"type":"Feature","geometry":{"type":"Polygon","coordinates":[[[12.2566,50.8508],[12.2342,50.8625],[12.2183,50.859],[12.1987,50.8409],[12.2151,50.8319],[12.2342,50.8373],[12.2487,50.8307],[12.2469,50.8445],[12.2566,50.8508]]]},"properties":{"AGS":"16076055","GEN":"Paitzdorf","SN_L":"16"}},
{"type":"Feature","geometry":{"type":"Polygon","coordinates":[[[12.1987,50.8409],[12.1787,50.8295],[12.1903,50.8196],[12.1981,50.8207],[12.2173,50.8052],[12.2428,50.8091],[12.2505,50.8185],[12.2522,50.8261],[12.2487,50.8307],[12.2342,50.8373],[12.2151,50.8319],[12.1987,50.8409]]]},"properties":{"AGS":"16076062","GEN":"Rückersdorf","SN_L":"16"}},
{"type":"Feature","geometry":{"type":"Polygon","coordinates":[[[12.2902,50.7834],[12.2535,50.7933],[12.2364,50.7923],[12.2214,50.7852],[12.2065,50.785],[12.1907,50.7782],[12.2013,50.7671],[12.2035,50.7546],[12.2158,50.757],[12.2281,50.7476],[12.228,50.7546],[12.2446,50.7648],[12.2639,50.7605],[12.284,50.7735],[12.2902,50.7834]]]},"properties":{"AGS":"16076069","GEN":"Seelingstädt","SN_L":"16"}},
{"type":"Feature","geometry":{"type":"Polygon","coordinates":[[[12.095,50.752],[12.1016,50.7655],[12.0865,50.7696],[12.0762,50.7643],[12.0742,50.748],[12.095,50.752]]]},"properties":{"AGS":"16076074","GEN":"Teichwitz","SN_L":"16"}},
{"type":"Feature","geometry":{"type":"Polygon","coordinates":[[[11.9977,50.8162],[11.9655,50.8318],[11.9523,50.8243],[11.954,50.8117],[11.9799,50.8024],[11.9977,50.8162]]]},"properties":{"AGS":"16076007","GEN":"Bocka","SN_L":"16"}},
{"type":"Feature","geometry":{"type":"Polygon","coordinates":[[[12.0193,50.8258],[12.0121,50.8417],[11.9985,50.8498],[11.9871,50.8445],[11.9655,50.8318],[11.9977,50.8162],[12.0193,50.8258]]]},"properties":{"AGS":"16076033","GEN":"Hundhaupten","SN_L":"16"}},
{"type":"Feature","geometry":{"type":"Polygon","coordinates":[[[11.9395,50.8054],[11.9015,50.8081],[11.8924,50.8021],[11.8993,50.7913],[11.9237,50.7912],[11.9395,50.8054]]]},"properties":{"AGS":"16076042","GEN":"Lederhose","SN_L":"16"}},
{"type":"Feature","geometry":{"type":"Polygon","coordinates":[[[11.9511,50.848],[11.9415,50.8614],[11.9207,50.8591],[11.9138,50.8518],[11.8936,50.8488],[11.8912,50.835],[11.9094,50.8263],[11.9328,50.8434],[11.9511,50.848]]]},"properties":{"AGS":"16076044","GEN":"Lindenkreuz","SN_L":"16"}},
{"type":"Feature","geometry":{"type":"Polygon","coordinates":[[[11.954,50.8117],[11.9523,50.8243],[11.9655,50.8318],[11.9871,50.8445],[11.9716,50.8526],[11.9511,50.848],[11.9328,50.8434],[11.9094,50.8263],[11.9028,50.8108],[11.9015,50.8081],[11.9395,50.8054],[11.954,50.8117]]]},"properties":{"AGS":"16076049","GEN":"Münchenbernsdorf","SN_L":"16"}},
{"type":"Feature","geometry":{"type":"Polygon","coordinates":[[[11.9985,50.8498],[12.0153,50.8622],[11.9986,50.8723],[11.9804,50.8663],[11.9415,50.8614],[11.9511,50.848],[11.9716,50.8526],[11.9871,50.8445],[11.9985,50.8498]]]},"properties":{"AGS":"16076064","GEN":"Saara","SN_L":"16"}},
{"type":"Feature","geometry":{"type":"Polygon","coordinates":[[[11.8924,50.8021],[11.8693,50.8051],[11.8581,50.8025],[11.8665,50.7881],[11.874,50.7798],[11.8994,50.7886],[11.8993,50.7913],[11.8924,50.8021]]]},"properties":{"AGS":"16076068","GEN":"Schwarzbach","SN_L":"16"}},
{"type":"Feature","geometry":{"type":"Polygon","coordinates":[[[12.0694,50.8213],[12.0445,50.8187],[12.0193,50.8258],[11.9977,50.8162],[11.9799,50.8024],[12.0004,50.7918],[12.0097,50.798],[12.0316,50.8028],[12.0609,50.8056],[12.0796,50.8079],[12.0694,50.8213]]]},"properties":{"AGS":"16076086","GEN":"Zedlitz","SN_L":"16"}},
{"type":"Feature","geometry":{"type":"Polygon","coordinates":[[[12.2013,50.9359],[12.1761,50.9351],[12.1854,50.9212],[12.2076,50.9256],[12.2069,50.9342],[12.2013,50.9359]]]},"properties":{"AGS":"16076006","GEN":"Bethenhausen","SN_L":"16"}},
{"type":"Feature","geometry":{"type":"Polygon","coordinates":[[[12.1695,50.9353],[12.1573,50.9319],[12.1325,50.9325],[12.136,50.9114],[12.1595,50.9095],[12.1637,50.9158],[12.1854,50.9212],[12.1761,50.9351],[12.1695,50.9353]]]},"properties":{"AGS":"16076008","GEN":"Brahmenau","SN_L":"16"}},
{"type":"Feature","geometry":{"type":"Polygon","coordinates":[[[12.2076,50.9256],[12.1854,50.9212],[12.1637,50.9158],[12.1595,50.9095],[12.1647,50.8994],[12.1844,50.8971],[12.2008,50.8794],[12.2078,50.8806],[12.227,50.8918],[12.2271,50.9093],[12.2283,50.9123],[12.2076,50.9256]]]},"properties":{"AGS":"16076023","GEN":"Großenstein","SN_L":"16"}},
{"type":"Feature","geometry":{"type":"Polygon","coordinates":[[[12.2013,50.9359],[12.202,50.9444],[12.1653,50.9526],[12.1695,50.9353],[12.1761,50.9351],[12.2013,50.9359]]]},"properties":{"AGS":"16076028","GEN":"Hirschfeld","SN_L":"16"}},
{"type":"Feature","geometry":{"type":"Polygon","coordinates":[[[12.2008,50.8794],[12.1844,50.8971],[12.1647,50.8994],[12.1499,50.8898],[12.1555,50.8767],[12.1687,50.874],[12.2008,50.8794]]]},"properties":{"AGS":"16076036","GEN":"Korbußen","SN_L":"16"}},
{"type":"Feature","geometry":{"type":"Polygon","coordinates":[[[12.2144,50.9381],[12.212,50.959],[12.198,50.9568],[12.1825,50.9759],[12.1704,50.9709],[12.1635,50.9586],[12.1653,50.9526],[12.202,50.9444],[12.2013,50.9359],[12.2069,50.9342],[12.2144,50.9381]]]},"properties":{"AGS":"16076058","GEN":"Pölzig","SN_L":"16"}},
{"type":"Feature","geometry":{"type":"Polygon","coordinates":[[[12.2283,50.9123],[12.2468,50.9204],[12.2242,50.9429],[12.2144,50.9381],[12.2069,50.9342],[12.2076,50.9256],[12.2283,50.9123]]]},"properties":{"AGS":"16076059","GEN":"Reichstädt","SN_L":"16"}},
{"type":"Feature","geometry":{"type":"Polygon","coordinates":[[[12.1595,50.9095],[12.136,50.9114],[12.1499,50.8898],[12.1647,50.8994],[12.1595,50.9095]]]},"properties":{"AGS":"16076067","GEN":"Schwaara","SN_L":"16"}},
{"type":"Feature","geometry":{"type":"Polygon","coordinates":[[[12.0212,50.948],[12.0081,50.9479],[12.0048,50.9415],[11.9845,50.9416],[11.9646,50.9376],[11.9629,50.9252],[11.9494,50.9241],[11.9502,50.9161],[11.9807,50.9129],[11.9908,50.9014],[12.0259,50.908],[12.018,50.9135],[12.0407,50.9302],[12.0405,50.9402],[12.0212,50.948]]]},"properties":{"AGS":"16076003","GEN":"Bad Köstritz","SN_L":"16"}},
{"type":"Feature","geometry":{"type":"Polygon","coordinates":[[[12.0081,50.9479],[11.9865,50.9565],[11.9577,50.9446],[11.9646,50.9376],[11.9845,50.9416],[12.0048,50.9415],[12.0081,50.9479]]]},"properties":{"AGS":"16076012","GEN":"Caaschwitz","SN_L":"16"}},
{"type":"Feature","geometry":{"type":"Polygon","coordinates":[[[12.058,50.7958],[12.0609,50.8056],[12.0316,50.8028],[12.0322,50.7998],[12.058,50.7958]]]},"properties":{"AGS":"16076014","GEN":"Crimla","SN_L":"16"}},
{"type":"Feature","geometry":{"type":"MultiPolygon","coordinates":[[[[12.0316,50.8028],[12.0097,50.798],[12.0322,50.7998],[12.0316,50.8028]]],[[[12.0865,50.7696],[12.0772,50.7773],[12.0737,50.7916],[12.0578,50.7934],[12.054,50.7844],[12.0403,50.7846],[12.0166,50.773],[12.0062,50.754],[12.0126,50.7447],[11.9906,50.7271],[12.0109,50.727],[12.0355,50.72],[12.0525,50.7294],[12.0692,50.7246],[12.1126,50.7432],[12.095,50.752],[12.0742,50.748],[12.0762,50.7643],[12.0865,50.7696]]]]},"properties":{"AGS":"16076079","GEN":"Weida","SN_L":"16"}},
{"type":"Feature","geometry":{"type":"Polygon","coordinates":[[[11.9694,50.6442],[11.9627,50.6486],[11.9438,50.6397],[11.9232,50.6394],[11.9187,50.6311],[11.94,50.621],[11.9714,50.6299],[11.9694,50.6442]]]},"properties":{"AGS":"16076041","GEN":"Langenwolschendorf","SN_L":"16"}},
{"type":"Feature","geometry":{"type":"Polygon","coordinates":[[[11.9937,50.682],[11.981,50.6777],[11.9859,50.665],[12.0135,50.6688],[12.0086,50.6773],[11.9937,50.682]]]},"properties":{"AGS":"16076081","GEN":"Weißendorf","SN_L":"16"}},
{"type":"Feature","geometry":{"type":"Polygon","coordinates":[[[12.0329,50.713],[12.0052,50.6993],[11.9878,50.6991],[11.9837,50.7087],[11.9398,50.6977],[11.9444,50.6779],[11.9185,50.6589],[11.8876,50.6638],[11.8907,50.6491],[11.8867,50.6367],[11.8849,50.6269],[11.8959,50.6169],[11.9029,50.6075],[11.9194,50.6025],[11.9355,50.6039],[11.9441,50.5913],[11.9888,50.6107],[11.9793,50.6214],[11.9987,50.6271],[12.0104,50.6355],[12.0214,50.6272],[12.0055,50.612],[12.021,50.5986],[12.0361,50.5939],[12.0356,50.5814],[12.0175,50.5678],[12.0322,50.555],[12.0603,50.5522],[12.0766,50.558],[12.0781,50.5766],[12.1015,50.5789],[12.0868,50.6021],[12.0907,50.624],[12.0921,50.6411],[12.0806,50.6534],[12.0551,50.645],[12.0372,50.6532],[12.0596,50.6657],[12.062,50.6773],[12.0761,50.6955],[12.0734,50.7009],[12.046,50.6914],[12.0329,50.713]],[[11.9937,50.682],[12.0086,50.6773],[12.0135,50.6688],[11.9859,50.665],[11.981,50.6777],[11.9937,50.682]],[[11.9694,50.6442],[11.9714,50.6299],[11.94,50.621],[11.9187,50.6311],[11.9232,50.6394],[11.9438,50.6397],[11.9627,50.6486],[11.9694,50.6442]]]},"properties":{"AGS":"16076087","GEN":"Zeulenroda-Triebes","SN_L":"16"}},
{"type":"Feature","geometry":{"type":"Polygon","coordinates":[[[12.0692,50.7246],[12.0525,50.7294],[12.0355,50.72],[12.0329,50.713],[12.046,50.6914],[12.0734,50.7009],[12.0761,50.6955],[12.0752,50.7139],[12.0692,50.7246]]]},"properties":{"AGS":"16076029","GEN":"Hohenleuben","SN_L":"16"}},
{"type":"Feature","geometry":{"type":"Polygon","coordinates":[[[12.1529,50.7102],[12.1233,50.7158],[12.1521,50.7268],[12.1346,50.737],[12.1182,50.732],[12.1126,50.7432],[12.0692,50.7246],[12.0752,50.7139],[12.0761,50.6955],[12.062,50.6773],[12.0596,50.6657],[12.0372,50.6532],[12.0551,50.645],[12.0806,50.6534],[12.0921,50.6411],[12.0907,50.624],[12.1248,50.639],[12.1358,50.6512],[12.1437,50.6714],[12.1374,50.6776],[12.1667,50.6918],[12.1529,50.7102]]]},"properties":{"AGS":"16076039","GEN":"Langenwetzendorf","SN_L":"16"}},
{"type":"Feature","geometry":{"type":"Polygon","coordinates":[[[12.4155,51.0334],[12.4061,51.0343],[12.3994,51.0317],[12.4173,51.0122],[12.4078,51.0029],[12.4097,50.992],[12.3854,50.9917],[12.3953,50.9784],[12.3752,50.9686],[12.3725,50.9586],[12.3838,50.9535],[12.3949,50.9597],[12.4148,50.9575],[12.4315,50.9663],[12.4421,50.959],[12.4471,50.9454],[12.4411,50.9356],[12.4681,50.9234],[12.4956,50.926],[12.4937,50.9393],[12.4728,50.9561],[12.4796,50.9604],[12.4602,50.9742],[12.464,50.9933],[12.466,51.0019],[12.457,51.012],[12.4589,51.0245],[12.4477,51.0282],[12.4211,51.0247],[12.4155,51.0334]]]},"properties":{"AGS":"16077001","GEN":"Altenburg","SN_L":"16"}},
{"type":"Feature","geometry":{"type":"Polygon","coordinates":[[[12.3521,51.0962],[12.3316,51.1038],[12.3185,51.0938],[12.3048,51.0975],[12.2835,51.0919],[12.2809,51.0833],[12.3109,51.0826],[12.3393,51.0613],[12.3504,51.062],[12.3559,51.0743],[12.368,51.0786],[12.3536,51.0846],[12.3521,51.0962]]]},"properties":{"AGS":"16077028","GEN":"Lucka","SN_L":"16"}},
{"type":"Feature","geometry":{"type":"Polygon","coordinates":[[[12.4104,51.0729],[12.3943,51.0838],[12.368,51.0786],[12.3559,51.0743],[12.3504,51.062],[12.3393,51.0613],[12.3109,51.0826],[12.2809,51.0833],[12.2585,51.0661],[12.2622,51.0496],[12.2505,51.0445],[12.251,51.0417],[12.2646,51.0375],[12.287,51.0376],[12.293,51.0216],[12.2883,51.0158],[12.3028,51.0153],[12.3012,51.0273],[12.3153,51.028],[12.3208,51.0368],[12.3455,51.0407],[12.3552,51.0362],[12.3797,51.0305],[12.3994,51.0317],[12.4061,51.0343],[12.4018,51.0451],[12.432,51.047],[12.4326,51.064],[12.4104,51.0729]]]},"properties":{"AGS":"16077032","GEN":"Meuselwitz","SN_L":"16"}},
{"type":"Feature","geometry":{"type":"Polygon","coordinates":[[[12.5015,51.0641],[12.4705,51.0643],[12.4586,51.0594],[12.457,51.0478],[12.4663,51.0411],[12.4932,51.0356],[12.5032,51.0484],[12.5015,51.0641]]]},"properties":{"AGS":"16077005","GEN":"Fockendorf","SN_L":"16"}},
{"type":"Feature","geometry":{"type":"Polygon","coordinates":[[[12.4544,51.0369],[12.4439,51.0422],[12.4155,51.0334],[12.4211,51.0247],[12.4477,51.0282],[12.4544,51.0369]]]},"properties":{"AGS":"16077007","GEN":"Gerstenberg","SN_L":"16"}},
{"type":"Feature","geometry":{"type":"Polygon","coordinates":[[[12.4496,51.0771],[12.421,51.0781],[12.4104,51.0729],[12.4326,51.064],[12.4417,51.0628],[12.4496,51.0771]]]},"properties":{"AGS":"16077015","GEN":"Haselbach","SN_L":"16"}},
{"type":"Feature","geometry":{"type":"Polygon","coordinates":[[[12.4705,51.0643],[12.4641,51.0668],[12.4584,51.0846],[12.4496,51.0771],[12.4417,51.0628],[12.4326,51.064],[12.432,51.047],[12.4018,51.0451],[12.4061,51.0343],[12.4155,51.0334],[12.4439,51.0422],[12.4544,51.0369],[12.4663,51.0411],[12.457,51.0478],[12.4586,51.0594],[12.4705,51.0643]]]},"properties":{"AGS":"16077048","GEN":"Treben","SN_L":"16"}},
{"type":"Feature","geometry":{"type":"Polygon","coordinates":[[[12.5275,50.9989],[12.5402,51.0057],[12.5389,51.0243],[12.512,51.027],[12.5029,51.0349],[12.5032,51.0484],[12.4932,51.0356],[12.4663,51.0411],[12.4544,51.0369],[12.4477,51.0282],[12.4589,51.0245],[12.457,51.012],[12.466,51.0019],[12.464,50.9933],[12.5056,50.9989],[12.5275,50.9989]]]},"properties":{"AGS":"16077052","GEN":"Windischleuba","SN_L":"16"}},
{"type":"Feature","geometry":{"type":"Polygon","coordinates":[[[12.3854,50.9917],[12.3707,50.9906],[12.3552,50.9811],[12.3398,50.9723],[12.345,50.9598],[12.3457,50.9541],[12.3725,50.9586],[12.3752,50.9686],[12.3953,50.9784],[12.3854,50.9917]]]},"properties":{"AGS":"16077008","GEN":"Göhren","SN_L":"16"}},
{"type":"Feature","geometry":{"type":"Polygon","coordinates":[[[12.3457,50.9541],[12.345,50.9598],[12.3248,50.9596],[12.3024,50.9552],[12.3024,50.9359],[12.3457,50.9541]]]},"properties":{"AGS":"16077009","GEN":"Göllnitz","SN_L":"16"}},
{"type":"Feature","geometry":{"type":"Polygon","coordinates":[[[12.3552,51.0362],[12.3455,51.0407],[12.3208,51.0368],[12.3153,51.028],[12.3012,51.0273],[12.3028,51.0153],[12.2883,51.0158],[12.2882,51.0146],[12.3178,51.0052],[12.3313,50.9934],[12.3497,50.9966],[12.3487,51.0095],[12.3552,51.0362]]]},"properties":{"AGS":"16077022","GEN":"Kriebitzsch","SN_L":"16"}},
{"type":"Feature","geometry":{"type":"Polygon","coordinates":[[[12.4078,51.0029],[12.3824,51.0027],[12.3584,51.0109],[12.3707,50.9906],[12.3854,50.9917],[12.4097,50.992],[12.4078,51.0029]]]},"properties":{"AGS":"16077027","GEN":"Lödla","SN_L":"16"}},
{"type":"Feature","geometry":{"type":"Polygon","coordinates":[[[12.3248,50.9596],[12.3206,50.9754],[12.2978,50.9736],[12.2879,50.9679],[12.3024,50.9552],[12.3248,50.9596]]]},"properties":{"AGS":"16077031","GEN":"Mehna","SN_L":"16"}},
{"type":"Feature","geometry":{"type":"Polygon","coordinates":[[[12.3707,50.9906],[12.3584,51.0109],[12.3487,51.0095],[12.3497,50.9966],[12.3313,50.9934],[12.3327,50.9859],[12.3552,50.9811],[12.3707,50.9906]]]},"properties":{"AGS":"16077034","GEN":"Monstab","SN_L":"16"}},
{"type":"Feature","geometry":{"type":"Polygon","coordinates":[[[12.3994,51.0317],[12.3797,51.0305],[12.3552,51.0362],[12.3487,51.0095],[12.3584,51.0109],[12.3824,51.0027],[12.4078,51.0029],[12.4173,51.0122],[12.3994,51.0317]]]},"properties":{"AGS":"16077042","GEN":"Rositz","SN_L":"16"}},
{"type":"Feature","geometry":{"type":"Polygon","coordinates":[[[12.3313,50.9934],[12.3178,51.0052],[12.2882,51.0146],[12.2779,51.0058],[12.2657,50.992],[12.2386,50.9731],[12.2417,50.9615],[12.2596,50.9578],[12.2879,50.9679],[12.2978,50.9736],[12.3206,50.9754],[12.3248,50.9596],[12.345,50.9598],[12.3398,50.9723],[12.3552,50.9811],[12.3327,50.9859],[12.3313,50.9934]]]},"properties":{"AGS":"16077044","GEN":"Starkenberg","SN_L":"16"}},
{"type":"Feature","geometry":{"type":"Polygon","coordinates":[[[12.2631,50.8523],[12.2566,50.8508],[12.2469,50.8445],[12.2487,50.8307],[12.2522,50.8261],[12.2787,50.8272],[12.2881,50.8444],[12.2631,50.8523]]]},"properties":{"AGS":"16077016","GEN":"Heukewalde","SN_L":"16"}},
{"type":"Feature","geometry":{"type":"Polygon","coordinates":[[[12.2881,50.8444],[12.2787,50.8272],[12.2522,50.8261],[12.2505,50.8185],[12.2598,50.8115],[12.2857,50.8203],[12.2993,50.8296],[12.2959,50.8413],[12.2881,50.8444]]]},"properties":{"AGS":"16077018","GEN":"Jonaswalde","SN_L":"16"}},
{"type":"Feature","geometry":{"type":"Polygon","coordinates":[[[12.2571,50.8745],[12.278,50.8838],[12.2823,50.9062],[12.2735,50.9119],[12.2271,50.9093],[12.227,50.8918],[12.2078,50.8806],[12.2174,50.8742],[12.2432,50.8692],[12.2571,50.8745]]]},"properties":{"AGS":"16077026","GEN":"Löbichau","SN_L":"16"}},
{"type":"Feature","geometry":{"type":"Polygon","coordinates":[[[12.2809,50.8628],[12.2571,50.8745],[12.2432,50.8692],[12.2174,50.8742],[12.2183,50.859],[12.2342,50.8625],[12.2566,50.8508],[12.2631,50.8523],[12.2809,50.8628]]]},"properties":{"AGS":"16077041","GEN":"Posterstein","SN_L":"16"}},
{"type":"Feature","geometry":{"type":"Polygon","coordinates":[[[12.348,50.8369],[12.3379,50.851],[12.3127,50.8516],[12.2959,50.8413],[12.2993,50.8296],[12.3069,50.8188],[12.3476,50.8236],[12.348,50.8369]]]},"properties":{"AGS":"16077047","GEN":"Thonhausen","SN_L":"16"}},
{"type":"Feature","geometry":{"type":"Polygon","coordinates":[[[12.3127,50.8516],[12.3056,50.8587],[12.2809,50.8628],[12.2631,50.8523],[12.2881,50.8444],[12.2959,50.8413],[12.3127,50.8516]]]},"properties":{"AGS":"16077049","GEN":"Vollmershain","SN_L":"16"}},
{"type":"Feature","geometry":{"type":"Polygon","coordinates":[[[12.4867,50.8939],[12.4824,50.8998],[12.4602,50.8965],[12.4329,50.9016],[12.3967,50.8842],[12.3965,50.8772],[12.4326,50.8721],[12.4442,50.8626],[12.464,50.8701],[12.4593,50.8804],[12.4867,50.8939]]]},"properties":{"AGS":"16077012","GEN":"Gößnitz","SN_L":"16"}},
{"type":"Feature","geometry":{"type":"Polygon","coordinates":[[[12.3676,50.8474],[12.3512,50.8628],[12.3379,50.851],[12.348,50.8369],[12.3676,50.8474]]]},"properties":{"AGS":"16077017","GEN":"Heyersdorf","SN_L":"16"}},
{"type":"Feature","geometry":{"type":"Polygon","coordinates":[[[12.4442,50.8626],[12.4326,50.8721],[12.3965,50.8772],[12.3872,50.869],[12.3548,50.8696],[12.3512,50.8628],[12.3676,50.8474],[12.3868,50.8506],[12.4124,50.8463],[12.4202,50.8396],[12.4375,50.8424],[12.4482,50.8562],[12.4442,50.8626]]]},"properties":{"AGS":"16077039","GEN":"Ponitz","SN_L":"16"}},
{"type":"Feature","geometry":{"type":"Polygon","coordinates":[[[12.6201,50.9094],[12.6213,50.9233],[12.6136,50.9299],[12.595,50.9213],[12.5847,50.904],[12.6201,50.9094]]]},"properties":{"AGS":"16077011","GEN":"Göpfersdorf","SN_L":"16"}},
{"type":"Feature","geometry":{"type":"Polygon","coordinates":[[[12.5275,50.9989],[12.5056,50.9989],[12.5283,50.984],[12.5066,50.9631],[12.5407,50.9452],[12.5797,50.9466],[12.5932,50.9522],[12.6043,50.9368],[12.6255,50.9422],[12.6301,50.9425],[12.6174,50.9808],[12.6012,50.9927],[12.5741,50.9893],[12.5509,50.9983],[12.5275,50.9989]]]},"properties":{"AGS":"16077023","GEN":"Langenleuba-Niederhain","SN_L":"16"}},
{"type":"Feature","geometry":{"type":"Polygon","coordinates":[[[12.5056,50.9989],[12.464,50.9933],[12.4602,50.9742],[12.4796,50.9604],[12.4728,50.9561],[12.4937,50.9393],[12.4956,50.926],[12.4681,50.9234],[12.4411,50.9356],[12.4471,50.9454],[12.4421,50.959],[12.4315,50.9663],[12.4148,50.9575],[12.3949,50.9597],[12.3838,50.9535],[12.3833,50.9412],[12.4056,50.9269],[12.4104,50.9045],[12.3898,50.9025],[12.3805,50.8942],[12.3967,50.8842],[12.4329,50.9016],[12.4602,50.8965],[12.4824,50.8998],[12.4867,50.8939],[12.5111,50.8941],[12.5079,50.9037],[12.5213,50.9076],[12.5382,50.9007],[12.5602,50.9061],[12.5734,50.9011],[12.5847,50.904],[12.595,50.9213],[12.6136,50.9299],[12.6213,50.9233],[12.6201,50.9094],[12.6401,50.9031],[12.6529,50.9237],[12.6255,50.9422],[12.6043,50.9368],[12.5932,50.9522],[12.5797,50.9466],[12.5407,50.9452],[12.5066,50.9631],[12.5283,50.984],[12.5056,50.9989]]]},"properties":{"AGS":"16077036","GEN":"Nobitz","SN_L":"16"}},
{"type":"Feature","geometry":{"type":"Polygon","coordinates":[[[12.2879,50.9679],[12.2596,50.9578],[12.2731,50.9484],[12.3024,50.9359],[12.3024,50.9552],[12.2879,50.9679]]]},"properties":{"AGS":"16077003","GEN":"Dobitschen","SN_L":"16"}},
{"type":"Feature","geometry":{"type":"Polygon","coordinates":[[[12.3838,50.9535],[12.3725,50.9586],[12.3457,50.9541],[12.3024,50.9359],[12.2731,50.9484],[12.2596,50.9578],[12.2417,50.9615],[12.2387,50.9515],[12.2242,50.9429],[12.2468,50.9204],[12.2283,50.9123],[12.2271,50.9093],[12.2735,50.9119],[12.2823,50.9062],[12.278,50.8838],[12.2571,50.8745],[12.2809,50.8628],[12.3056,50.8587],[12.3127,50.8516],[12.3379,50.851],[12.3512,50.8628],[12.3548,50.8696],[12.3872,50.869],[12.3965,50.8772],[12.3967,50.8842],[12.3805,50.8942],[12.3898,50.9025],[12.4104,50.9045],[12.4056,50.9269],[12.3833,50.9412],[12.3838,50.9535]]]},"properties":{"AGS":"16077043","GEN":"Schmölln","SN_L":"16"}}
]}